Date,Time,Open,High,Low,Close,Volume,HighVWAP,LowVWAP,LevelPrice
2025-11-25,00:00:00,25172.5,25177.25,25171,25176.75,225,25194.01,25172.40,0.00
2025-11-25,00:01:00,25177.25,25179.25,25173.75,25179,332,25193.96,25173.94,0.00
2025-11-25,00:02:00,25178.5,25185,25177.75,25183,490,25193.90,25176.45,0.00
2025-11-25,00:03:00,25183.25,25187,25182.75,25184.25,256,25193.88,25177.61,0.00
2025-11-25,00:04:00,25183.5,25186,25179.75,25181.25,177,25193.85,25178.03,0.00
2025-11-25,00:05:00,25182,25184.5,25177.75,25183.25,213,25193.83,25178.39,0.00
2025-11-25,00:06:00,25183.75,25183.75,25175.75,25178.25,375,25193.77,25178.52,0.00
2025-11-25,00:07:00,25178.75,25184,25177.75,25184,151,25193.76,25178.71,0.00
2025-11-25,00:08:00,25184.25,25187.75,25181.5,25185.25,187,25193.74,25179.10,0.00
2025-11-25,00:09:00,25186.75,25186.75,25183,25183,255,25193.72,25179.51,0.00
2025-11-25,00:10:00,25184.25,25186.5,25181.75,25185.75,200,25193.70,25179.82,0.00
2025-11-25,00:11:00,25186,25188.75,25184,25186.5,290,25193.68,25180.34,0.00
2025-11-25,00:12:00,25187.5,25191.75,25187.5,25188.25,320,25193.66,25181.05,0.00
2025-11-25,00:13:00,25187.75,25192.5,25187,25191.25,174,25193.66,25181.44,0.00
2025-11-25,00:14:00,25190.5,25191.25,25186.75,25188.5,133,25193.65,25181.67,0.00
2025-11-25,00:15:00,25188.5,25191,25187.75,25190.75,136,25193.65,25181.92,0.00
2025-11-25,00:16:00,25191,25198.75,25191,25198.5,462,25193.66,25183.26,0.00
2025-11-25,00:17:00,25198.75,25207.25,25198.5,25204.75,636,25193.72,25185.59,0.00
2025-11-25,00:18:00,25204.75,25206,25202.25,25202.25,236,25193.74,25186.32,0.00
2025-11-25,00:19:00,25203.25,25204,25198.5,25198.5,289,25193.76,25186.99,0.00
2025-11-25,00:20:00,25198.75,25201,25197.25,25198.5,136,25193.76,25187.25,0.00
2025-11-25,00:21:00,25198.5,25201.5,25195,25195.75,286,25193.77,25187.70,0.00
2025-11-25,00:22:00,25196.75,25198.5,25192.5,25192.5,164,25193.78,25187.87,0.00
2025-11-25,00:23:00,25192.75,25195,25187,25188,453,25193.76,25188.01,0.00
2025-11-25,00:24:00,25188.25,25194,25187.75,25193.5,276,25193.75,25188.15,0.00
2025-11-25,00:25:00,25193.25,25197,25192.75,25194,234,25193.76,25188.34,0.00
2025-11-25,00:26:00,25193.5,25195.25,25191.5,25194,149,25193.76,25188.45,0.00
2025-11-25,00:27:00,25194.75,25197.25,25194.5,25195.25,150,25193.76,25188.58,0.00
2025-11-25,00:28:00,25195,25195.5,25192.25,25193.25,124,25193.76,25188.66,0.00
2025-11-25,00:29:00,25193.5,25193.75,25189,25191.25,217,25193.75,25188.73,0.00
2025-11-25,00:30:00,25191.75,25191.75,25187.75,25188.5,167,25193.75,25188.74,0.00
2025-11-25,00:31:00,25188.25,25190.25,25184.75,25187.25,302,25193.73,25188.70,0.00
2025-11-25,00:32:00,25187.75,25188.25,25181.25,25184,368,25193.70,25188.53,0.00
2025-11-25,00:33:00,25183.25,25187.5,25182,25184.5,145,25193.68,25188.47,0.00
2025-11-25,00:34:00,25184.75,25189.5,25184.75,25189.5,164,25193.68,25188.46,0.00
2025-11-25,00:35:00,25188.75,25191.75,25188,25190,135,25193.67,25188.48,0.00
2025-11-25,00:36:00,25189.75,25192.75,25189,25189.25,176,25193.67,25188.51,0.00
2025-11-25,00:37:00,25189.25,25189.25,25184,25186,272,25193.65,25188.45,0.00
2025-11-25,00:38:00,25186,25188.75,25183,25183.5,160,25193.63,25188.40,0.00
2025-11-25,00:39:00,25183.75,25185.25,25182.25,25182.25,138,25193.62,25188.33,0.00
2025-11-25,00:40:00,25182.75,25184.5,25180.5,25182,172,25193.60,25188.23,0.00
2025-11-25,00:41:00,25182,25185.5,25182,25182.5,175,25193.59,25188.15,0.00
2025-11-25,00:42:00,25182.25,25186.5,25182.25,25186,145,25193.57,25188.11,0.00
2025-11-25,00:43:00,25185.5,25190,25184.5,25188.25,207,25193.56,25188.10,0.00
2025-11-25,00:44:00,25188.25,25188.5,25181.75,25183.75,221,25193.55,25188.03,0.00
2025-11-25,00:45:00,25183.75,25184.25,25180.75,25182,165,25193.53,25187.95,0.00
2025-11-25,00:46:00,25181.25,25184,25180.25,25183.75,188,25193.51,25187.86,0.00
2025-11-25,00:47:00,25184.5,25188,25183.75,25186.75,214,25193.50,25187.83,0.00
2025-11-25,00:48:00,25186.5,25188,25184.5,25185,151,25193.48,25187.81,0.00
2025-11-25,00:49:00,25185.25,25186.5,25183.5,25185.25,190,25193.47,25187.76,0.00
2025-11-25,00:50:00,25185.5,25187,25182.75,25184.5,174,25193.46,25187.72,0.00
2025-11-25,00:51:00,25184.75,25187.75,25184.5,25187.25,117,25193.45,25187.71,0.00
2025-11-25,00:52:00,25187.25,25188,25185.25,25187.5,144,25193.44,25187.70,0.00
2025-11-25,00:53:00,25187.25,25190.5,25186.5,25189,264,25193.43,25187.72,0.00
2025-11-25,00:54:00,25189.25,25189.5,25186,25187.25,135,25193.42,25187.72,0.00
2025-11-25,00:55:00,25187.25,25187.5,25183,25183,191,25193.41,25187.67,0.00
2025-11-25,00:56:00,25183.25,25187,25183,25186.25,111,25193.40,25187.65,0.00
2025-11-25,00:57:00,25186.5,25187.75,25185.75,25186.25,179,25193.39,25187.64,0.00
2025-11-25,00:58:00,25186.5,25189.75,25186.5,25188.25,121,25193.38,25187.64,0.00
2025-11-25,00:59:00,25188.25,25189.25,25184.75,25186.75,207,25193.37,25187.63,0.00
2025-11-25,01:00:00,25186.75,25188.25,25186,25187.5,148,25193.36,25187.63,0.00
2025-11-25,01:01:00,25187.75,25189.75,25186,25188.75,330,25193.35,25187.64,0.00
2025-11-25,01:02:00,25189,25193,25186.25,25191,300,25193.34,25187.69,0.00
2025-11-25,01:03:00,25191,25191.75,25187.25,25188.5,200,25193.33,25187.71,0.00
2025-11-25,01:04:00,25189,25192,25186.75,25188.75,136,25193.32,25187.72,0.00
2025-11-25,01:05:00,25188.75,25192,25188.25,25188.25,182,25193.32,25187.75,0.00
2025-11-25,01:06:00,25187.75,25188.25,25178.5,25181.75,767,25193.25,25187.51,0.00
2025-11-25,01:07:00,25182,25185.75,25181.75,25183,404,25193.21,25187.41,0.00
2025-11-25,01:08:00,25183.25,25189.75,25183,25189,292,25193.20,25187.40,0.00
2025-11-25,01:09:00,25189,25194.5,25188.25,25193.25,291,25193.19,25187.48,0.00
2025-11-25,01:10:00,25194,25194.25,25189.5,25192,264,25193.19,25187.55,0.00
2025-11-25,01:11:00,25192,25195.75,25191.25,25195.25,236,25193.19,25187.64,0.00
2025-11-25,01:12:00,25195.25,25199.25,25195,25197.25,386,25193.21,25187.85,0.00
2025-11-25,01:13:00,25197.25,25199.25,25195.5,25199.25,221,25193.22,25187.98,0.00
2025-11-25,01:14:00,25198.75,25203.25,25197.75,25200.75,340,25193.24,25188.21,0.00
2025-11-25,01:15:00,25200.75,25206,25200.5,25205.25,536,25193.29,25188.66,0.00
2025-11-25,01:16:00,25205.75,25208.75,25202,25202,690,25193.35,25189.21,0.00
2025-11-25,01:17:00,25202.25,25202.5,25194.25,25194.5,522,25193.37,25189.42,0.00
2025-11-25,01:18:00,25194.25,25196.75,25189.25,25190,394,25193.36,25189.47,0.00
2025-11-25,01:19:00,25189.75,25194.75,25187.5,25191.75,413,25193.36,25189.50,0.00
2025-11-25,01:20:00,25191.5,25195.75,25191.5,25194.25,286,25193.36,25189.56,0.00
2025-11-25,01:21:00,25194.25,25195.25,25190.5,25192,225,25193.36,25189.60,0.00
2025-11-25,01:22:00,25192.25,25193,25185.5,25185.5,358,25193.34,25189.57,0.00
2025-11-25,01:23:00,25185.5,25185.5,25180.25,25182,511,25193.29,25189.41,0.00
2025-11-25,01:24:00,25181.75,25182.5,25178.5,25181.5,363,25193.26,25189.27,0.00
2025-11-25,01:25:00,25181,25181,25176.5,25178.25,327,25193.22,25189.12,0.00
2025-11-25,01:26:00,25178,25178,25169.75,25170.25,519,25193.13,25188.75,0.00
2025-11-25,01:27:00,25170.5,25172.25,25166.5,25168,554,25193.02,25168.92,0.00
2025-11-25,01:28:00,25167.5,25173,25167.5,25171.75,374,25192.95,25169.66,0.00
2025-11-25,01:29:00,25171,25175,25169.75,25172,290,25192.90,25170.27,0.00
2025-11-25,01:30:00,25172.25,25174.25,25168.75,25171.25,270,25192.85,25170.48,0.00
2025-11-25,01:31:00,25171.75,25177,25169.75,25175,382,25192.79,25171.18,0.00
2025-11-25,01:32:00,25174.5,25178,25171.25,25177.25,338,25192.75,25171.84,0.00
2025-11-25,01:33:00,25177.75,25181.5,25176,25179.5,338,25192.71,25172.79,0.00
2025-11-25,01:34:00,25179.75,25183,25176.75,25180.75,219,25192.69,25173.38,0.00
2025-11-25,01:35:00,25180.75,25182.5,25178.75,25180,159,25192.67,25173.76,0.00
2025-11-25,01:36:00,25180.25,25183.75,25180.25,25182.5,158,25192.66,25174.19,0.00
2025-11-25,01:37:00,25181.75,25184.75,25180.5,25183.5,174,25192.64,25174.66,0.00
2025-11-25,01:38:00,25183.5,25185,25181,25185,105,25192.64,25174.94,0.00
2025-11-25,01:39:00,25184.5,25187,25183.75,25186.5,249,25192.62,25175.68,0.00
2025-11-25,01:40:00,25185.75,25188.5,25185.75,25186.75,171,25192.62,25176.20,0.00
2025-11-25,01:41:00,25186.75,25188.75,25186,25188.25,197,25192.61,25176.76,0.00
2025-11-25,01:42:00,25187.75,25188,25183,25184,238,25192.59,25177.23,0.00
2025-11-25,01:43:00,25184,25188,25183.5,25186,174,25192.58,25177.57,0.00
2025-11-25,01:44:00,25186.5,25188.75,25185.25,25187.75,148,25192.58,25177.89,0.00
2025-11-25,01:45:00,25187.75,25190.25,25185.25,25185.75,206,25192.57,25178.29,0.00
2025-11-25,01:46:00,25186.25,25186.75,25183,25185.25,136,25192.56,25178.47,0.00
2025-11-25,01:47:00,25186,25187.75,25180.5,25181.5,342,25192.53,25178.79,0.00
2025-11-25,01:48:00,25181.75,25182.75,25177.75,25179.25,279,25192.51,25178.84,0.00
2025-11-25,01:49:00,25179.25,25181.25,25177.5,25178.25,143,25192.49,25178.85,0.00
2025-11-25,01:50:00,25178.5,25181,25178,25178.25,154,25192.48,25178.85,0.00
2025-11-25,01:51:00,25178,25179,25173,25175.5,434,25192.42,25178.64,0.00
2025-11-25,01:52:00,25175.5,25177.5,25174,25174,215,25192.39,25178.53,0.00
2025-11-25,01:53:00,25174.25,25176.5,25173.5,25175,178,25192.37,25178.43,0.00
2025-11-25,01:54:00,25174.5,25176,25172.25,25176,224,25192.33,25178.31,0.00
2025-11-25,01:55:00,25176,25178.75,25174,25177.5,225,25192.31,25178.26,0.00
2025-11-25,01:56:00,25177.25,25179,25176,25179,168,25192.29,25178.26,0.00
2025-11-25,01:57:00,25178.75,25179.75,25175.5,25176,183,25192.27,25178.23,0.00
2025-11-25,01:58:00,25176,25177,25173.25,25176.25,189,25192.24,25178.16,0.00
2025-11-25,01:59:00,25176,25178,25174.25,25174.25,115,25192.23,25178.12,0.00
2025-11-25,02:00:00,25174,25176,25173.5,25174.25,114,25192.21,25178.07,0.00
2025-11-25,02:01:00,25174.25,25182.25,25173.75,25176.75,346,25192.17,25178.05,0.00
2025-11-25,02:02:00,25177,25177.5,25172.5,25177.5,234,25192.14,25177.99,0.00
2025-11-25,02:03:00,25178,25183.25,25178,25182.25,234,25192.12,25178.07,0.00
2025-11-25,02:04:00,25181.75,25184.25,25181,25182.75,235,25192.11,25178.19,0.00
2025-11-25,02:05:00,25182.25,25183,25178.5,25180.25,176,25192.09,25178.24,0.00
2025-11-25,02:06:00,25180.25,25182.75,25179,25182.75,114,25192.08,25178.28,0.00
2025-11-25,02:07:00,25182,25185.25,25180.25,25180.5,134,25192.07,25178.33,0.00
2025-11-25,02:08:00,25180.25,25180.25,25175.5,25177,242,25192.04,25178.32,0.00
2025-11-25,02:09:00,25176.75,25182.75,25176.5,25181.5,216,25192.02,25178.36,0.00
2025-11-25,02:10:00,25181.75,25187,25181.5,25185.25,333,25192.01,25178.56,0.00
2025-11-25,02:11:00,25185.25,25188,25182.25,25184.75,267,25191.99,25178.73,0.00
2025-11-25,02:12:00,25184.75,25191.75,25184.75,25189.5,414,25191.98,25179.11,0.00
2025-11-25,02:13:00,25189.5,25191,25185.75,25187.5,142,25191.98,25179.23,0.00
2025-11-25,02:14:00,25186.5,25188,25185,25185,100,25191.97,25179.29,0.00
2025-11-25,02:15:00,25184.75,25185.5,25180.25,25182.75,187,25191.96,25179.35,0.00
2025-11-25,02:16:00,25182.75,25182.75,25179.5,25179.5,202,25191.94,25179.37,0.00
2025-11-25,02:17:00,25180,25180,25172.25,25175,458,25191.89,25179.23,0.00
2025-11-25,02:18:00,25174.5,25175.25,25171.75,25174.25,221,25191.86,25179.13,0.00
2025-11-25,02:19:00,25173.75,25175.75,25171.75,25173,245,25191.82,25179.02,0.00
2025-11-25,02:20:00,25172.75,25175,25169,25172.5,398,25191.76,25178.80,0.00
2025-11-25,02:21:00,25172.75,25173.25,25166,25171.5,557,25191.67,25170.25,0.00
2025-11-25,02:22:00,25171.5,25172,25166.5,25167,330,25191.62,25169.60,0.00
2025-11-25,02:23:00,25167.25,25169.25,25164.25,25167.25,315,25191.56,25166.92,0.00
2025-11-25,02:24:00,25166.75,25166.75,25160.75,25162.5,488,25191.46,25163.33,0.00
2025-11-25,02:25:00,25161.5,25165,25159.25,25164.5,539,25191.34,25162.92,0.00
2025-11-25,02:26:00,25165,25165.75,25159.25,25162,319,25191.28,25162.70,0.00
2025-11-25,02:27:00,25162,25164.5,25158.75,25160.5,343,25191.20,25161.25,0.00
2025-11-25,02:28:00,25161.5,25166.25,25160,25163.5,253,25191.15,25162.10,0.00
2025-11-25,02:29:00,25163,25167.75,25162.25,25165,293,25191.09,25163.06,0.00
2025-11-25,02:30:00,25164.75,25167.5,25160.75,25164.75,222,25191.05,25163.31,0.00
2025-11-25,02:31:00,25164.75,25171,25162.75,25169.25,338,25190.99,25164.33,0.00
2025-11-25,02:32:00,25168.25,25169.25,25162.5,25162.5,210,25190.95,25164.38,0.00
2025-11-25,02:33:00,25162.75,25167.5,25159.25,25167,245,25190.91,25164.41,0.00
2025-11-25,02:34:00,25166.75,25173.75,25165.5,25172.25,287,25190.86,25165.20,0.00
2025-11-25,02:35:00,25172,25177,25170.75,25176.5,267,25190.83,25166.24,0.00
2025-11-25,02:36:00,25176.5,25179,25175,25176.5,270,25190.81,25167.29,0.00
2025-11-25,02:37:00,25177,25181.75,25175.25,25177.75,391,25190.77,25168.66,0.00
2025-11-25,02:38:00,25177.75,25180.75,25175,25176,207,25190.75,25169.20,0.00
2025-11-25,02:39:00,25176,25176.25,25169.5,25171,331,25190.71,25169.47,0.00
2025-11-25,02:40:00,25170.75,25172,25168,25168.75,124,25190.69,25169.48,0.00
2025-11-25,02:41:00,25168.75,25170.5,25164.25,25165,282,25190.64,25169.28,0.00
2025-11-25,02:42:00,25164.5,25169.25,25163.5,25163.75,178,25190.61,25169.12,0.00
2025-11-25,02:43:00,25164,25168.25,25162.75,25164,261,25190.56,25168.88,0.00
2025-11-25,02:44:00,25163.5,25166,25160,25162.5,334,25190.49,25168.46,0.00
2025-11-25,02:45:00,25162.25,25167.75,25160.25,25160.25,385,25190.42,25168.04,0.00
2025-11-25,02:46:00,25160.25,25162,25154.5,25156.75,629,25190.27,25157.75,0.00
2025-11-25,02:47:00,25157,25159.75,25154.5,25158.25,264,25190.21,25157.68,0.00
2025-11-25,02:48:00,25158,25160.5,25155.75,25157.5,297,25190.15,25157.74,0.00
2025-11-25,02:49:00,25157.5,25157.5,25153.5,25155,282,25190.08,25155.33,0.00
2025-11-25,02:50:00,25155.25,25156.25,25151.75,25152.25,541,25189.94,25153.42,0.00
2025-11-25,02:51:00,25152.25,25153,25147.25,25149,553,25189.78,25149.75,0.00
2025-11-25,02:52:00,25148.25,25154,25147.5,25153.25,319,25189.70,25150.42,0.00
2025-11-25,02:53:00,25152.75,25152.75,25147.75,25149.75,275,25189.62,25150.34,0.00
2025-11-25,02:54:00,25148.75,25151.5,25148.5,25149.75,202,25189.57,25150.28,0.00
2025-11-25,02:55:00,25150.5,25155.25,25149.75,25152,426,25189.46,25150.77,0.00
2025-11-25,02:56:00,25152,25163.25,25151.75,25160,622,25189.33,25152.73,0.00
2025-11-25,02:57:00,25159.75,25163,25158.75,25159,233,25189.28,25153.40,0.00
2025-11-25,02:58:00,25159,25162,25157.25,25159.75,280,25189.22,25154.00,0.00
2025-11-25,02:59:00,25160.5,25161.25,25157.75,25158.5,176,25189.19,25154.30,0.00
2025-11-25,03:00:00,25158.5,25159,25152.75,25155,303,25189.12,25154.41,0.00
2025-11-25,03:01:00,25155.25,25157,25149.25,25152.5,538,25188.99,25154.21,0.00
2025-11-25,03:02:00,25152.5,25155.25,25150.75,25151.75,359,25188.90,25154.07,0.00
2025-11-25,03:03:00,25151.25,25154.75,25148,25154.75,353,25188.81,25153.95,0.00
2025-11-25,03:04:00,25155,25156,25150,25150.75,273,25188.74,25153.86,0.00
2025-11-25,03:05:00,25150.25,25150.25,25143.25,25143.75,875,25188.49,25145.75,0.00
2025-11-25,03:06:00,25144,25149.5,25136.25,25139.25,1031,25188.17,25141.67,0.00
2025-11-25,03:07:00,25138.5,25142.5,25137.75,25141.75,505,25188.01,25141.34,0.00
2025-11-25,03:08:00,25141.5,25145.25,25141,25145.25,353,25187.91,25141.80,0.00
2025-11-25,03:09:00,25144.5,25150.25,25144.25,25147.25,546,25187.76,25143.03,0.00
2025-11-25,03:10:00,25147.5,25147.75,25140.5,25141.75,328,25187.67,25143.06,0.00
2025-11-25,03:11:00,25142,25143.25,25138,25138,327,25187.56,25142.71,0.00
2025-11-25,03:12:00,25138,25140.5,25136.75,25137.25,279,25187.47,25142.34,0.00
2025-11-25,03:13:00,25137,25138.25,25134,25136,481,25187.31,25136.08,0.00
2025-11-25,03:14:00,25136.25,25144,25136.25,25143.5,336,25187.21,25138.21,0.00
2025-11-25,03:15:00,25143,25145.5,25141.25,25144.75,255,25187.14,25139.55,0.00
2025-11-25,03:16:00,25144.75,25145.25,25141.25,25142.5,208,25187.08,25140.11,0.00
2025-11-25,03:17:00,25142,25149.5,25141.25,25147,384,25186.98,25141.45,0.00
2025-11-25,03:18:00,25147,25150,25145.25,25149.25,259,25186.91,25142.35,0.00
2025-11-25,03:19:00,25149.25,25149.25,25142,25142.5,278,25186.84,25142.63,0.00
2025-11-25,03:20:00,25142.5,25143,25138.5,25142.75,243,25186.76,25142.51,0.00
2025-11-25,03:21:00,25142.25,25146.25,25141.5,25143.25,173,25186.72,25142.59,0.00
2025-11-25,03:22:00,25143,25146.75,25141.5,25145.5,115,25186.69,25142.67,0.00
2025-11-25,03:23:00,25145.5,25149.75,25144.25,25146,331,25186.60,25143.11,0.00
2025-11-25,03:24:00,25146.5,25149.75,25146.25,25149.25,143,25186.57,25143.34,0.00
2025-11-25,03:25:00,25150,25152.75,25146.75,25150.5,394,25186.47,25144.07,0.00
2025-11-25,03:26:00,25150.75,25150.75,25145.25,25148.75,351,25186.39,25144.44,0.00
2025-11-25,03:27:00,25148.75,25150,25146,25146.75,172,25186.34,25144.57,0.00
2025-11-25,03:28:00,25146,25149.25,25144.5,25148.75,220,25186.29,25144.72,0.00
2025-11-25,03:29:00,25149,25150.75,25147.75,25149.25,201,25186.24,25144.92,0.00
2025-11-25,03:30:00,25149.25,25150.5,25147.25,25148.25,261,25186.18,25145.13,0.00
2025-11-25,03:31:00,25147.75,25149,25143.5,25147.75,394,25186.08,25145.25,0.00
2025-11-25,03:32:00,25148,25150.5,25144.5,25148,300,25186.01,25145.38,0.00
2025-11-25,03:33:00,25148.25,25156.5,25147,25154.75,420,25185.92,25145.90,0.00
2025-11-25,03:34:00,25154.25,25158.25,25154.25,25157,360,25185.85,25146.51,0.00
2025-11-25,03:35:00,25157.25,25160.25,25155.5,25157,307,25185.80,25147.03,0.00
2025-11-25,03:36:00,25157,25160.25,25154.75,25156,450,25185.72,25147.66,0.00
2025-11-25,03:37:00,25155.75,25155.75,25151.5,25152.25,293,25185.66,25147.88,0.00
2025-11-25,03:38:00,25151.25,25158.25,25149.75,25158,247,25185.61,25148.13,0.00
2025-11-25,03:39:00,25158.75,25166.25,25158.75,25165,695,25185.52,25149.41,0.00
2025-11-25,03:40:00,25165.25,25166.25,25158.5,25160,286,25185.47,25149.81,0.00
2025-11-25,03:41:00,25160.5,25164,25158.75,25163.25,336,25185.42,25150.27,0.00
2025-11-25,03:42:00,25163.75,25167.5,25159,25166,457,25185.36,25150.95,0.00
2025-11-25,03:43:00,25166.25,25167.75,25163.5,25165.5,251,25185.33,25151.33,0.00
2025-11-25,03:44:00,25165.75,25169.75,25165.75,25169.75,269,25185.31,25151.80,0.00
2025-11-25,03:45:00,25169,25179,25168.25,25179,650,25185.27,25153.26,0.00
2025-11-25,03:46:00,25179.25,25183,25174.5,25177.5,844,25185.23,25155.12,0.00
2025-11-25,03:47:00,25178,25189.25,25177,25187.5,859,25185.23,25157.19,0.00
2025-11-25,03:48:00,25186.5,25188.5,25181,25183.25,653,25185.22,25158.56,0.00
2025-11-25,03:49:00,25182.75,25184.5,25174,25175,616,25185.20,25159.44,0.00
2025-11-25,03:50:00,25174,25175.75,25162.25,25164.75,1088,25185.08,25160.05,0.00
2025-11-25,03:51:00,25164.5,25169.25,25158.25,25168.75,735,25185.00,25160.31,0.00
2025-11-25,03:52:00,25169.75,25174,25166.75,25168,640,25184.94,25160.68,0.00
2025-11-25,03:53:00,25168.75,25183.25,25168.5,25177.5,907,25184.89,25161.53,0.00
2025-11-25,03:54:00,25177.75,25178.5,25170.75,25175,266,25184.88,25161.73,0.00
2025-11-25,03:55:00,25175.5,25179.25,25171,25171.25,296,25184.86,25161.94,0.00
2025-11-25,03:56:00,25170.5,25171.25,25164.25,25166.5,451,25184.81,25162.07,0.00
2025-11-25,03:57:00,25166,25168.25,25156.25,25160.25,583,25184.73,25162.06,0.00
2025-11-25,03:58:00,25159.25,25163.75,25159,25163,196,25184.70,25162.06,0.00
2025-11-25,03:59:00,25162.75,25169.25,25162.75,25168.5,303,25184.67,25162.13,0.00
2025-11-25,04:00:00,25168.75,25171.75,25164,25168.25,330,25184.64,25162.23,0.00
2025-11-25,04:01:00,25167.25,25184.5,25165.25,25172.75,1076,25184.58,25162.86,0.00
2025-11-25,04:02:00,25172.75,25178,25165,25171.75,538,25184.54,25163.09,0.00
2025-11-25,04:03:00,25172,25176.25,25168.25,25175.75,367,25184.51,25163.27,0.00
2025-11-25,04:04:00,25175.5,25178.25,25164.75,25170,377,25184.48,25163.40,0.00
2025-11-25,04:05:00,25170.75,25176,25169.75,25173,249,25184.47,25163.51,0.00
2025-11-25,04:06:00,25172.75,25176,25167.25,25171.5,469,25184.43,25163.68,0.00
2025-11-25,04:07:00,25171.5,25176.75,25164,25171.75,611,25184.38,25163.87,0.00
2025-11-25,04:08:00,25171.5,25173.5,25163.75,25164,466,25184.34,25163.93,0.00
2025-11-25,04:09:00,25164.25,25164.25,25155.5,25159.5,732,25184.24,25163.81,0.00
2025-11-25,04:10:00,25158.75,25164,25154,25161.25,595,25184.15,25163.71,0.00
2025-11-25,04:11:00,25161.5,25164.25,25152,25153.75,459,25184.08,25163.58,0.00
2025-11-25,04:12:00,25154,25159.25,25147.25,25150,598,25183.98,25163.32,0.00
2025-11-25,04:13:00,25150,25155.75,25149.75,25155.75,383,25183.91,25163.18,0.00
2025-11-25,04:14:00,25155.5,25158,25149.5,25151,361,25183.85,25163.04,0.00
2025-11-25,04:15:00,25150.25,25150.5,25139,25140.5,883,25183.65,25162.40,0.00
2025-11-25,04:16:00,25140.75,25153,25140.75,25152.25,763,25183.50,25162.03,0.00
2025-11-25,04:17:00,25153.25,25165.75,25153.25,25164.25,976,25183.38,25162.00,0.00
2025-11-25,04:18:00,25163.75,25169.5,25160,25164.75,683,25183.31,25162.06,0.00
2025-11-25,04:19:00,25165.5,25169.25,25164.25,25165.75,261,25183.29,25162.10,0.00
2025-11-25,04:20:00,25166.5,25167.25,25159.75,25163,457,25183.24,25162.12,0.00
2025-11-25,04:21:00,25162.75,25166.25,25162.25,25163.25,314,25183.21,25162.14,0.00
2025-11-25,04:22:00,25164,25169.25,25162.25,25167,342,25183.17,25162.18,0.00
2025-11-25,04:23:00,25167.25,25175.75,25167.25,25175,491,25183.15,25162.34,0.00
2025-11-25,04:24:00,25175.25,25180.5,25173.75,25180,438,25183.13,25162.56,0.00
2025-11-25,04:25:00,25180.25,25180.5,25173.75,25176.5,462,25183.12,25162.76,0.00
2025-11-25,04:26:00,25177,25177.75,25166,25167.25,544,25183.08,25162.88,0.00
2025-11-25,04:27:00,25167,25170.5,25162.75,25163.5,459,25183.04,25162.92,0.00
2025-11-25,04:28:00,25163.75,25164,25157.75,25161,427,25182.99,25162.90,0.00
2025-11-25,04:29:00,25161.75,25171.5,25159.75,25170.25,416,25182.95,25162.95,0.00
2025-11-25,04:30:00,25170.75,25174.25,25166.75,25173.5,308,25182.93,25163.02,0.00
2025-11-25,04:31:00,25174.25,25175,25165.5,25170,391,25182.91,25163.10,0.00
2025-11-25,04:32:00,25169.5,25170,25161,25165,198,25182.89,25163.12,0.00
2025-11-25,04:33:00,25165,25167.5,25160.75,25163.25,290,25182.86,25163.12,0.00
2025-11-25,04:34:00,25162,25171.25,25159,25170,365,25182.83,25163.16,0.00
2025-11-25,04:35:00,25170.5,25173.5,25166.25,25170.75,331,25182.81,25163.22,0.00
2025-11-25,04:36:00,25170.75,25172.75,25164.5,25170,252,25182.79,25163.26,0.00
2025-11-25,04:37:00,25170.25,25173.5,25167.75,25169.25,233,25182.77,25163.31,0.00
2025-11-25,04:38:00,25169.75,25170.75,25165.25,25167.75,227,25182.75,25163.33,0.00
2025-11-25,04:39:00,25167,25167.75,25161.5,25167.5,486,25182.71,25163.36,0.00
2025-11-25,04:40:00,25168,25170.25,25162.5,25165.75,383,25182.68,25163.39,0.00
2025-11-25,04:41:00,25166.25,25168.75,25161.5,25166,188,25182.66,25163.40,0.00
2025-11-25,04:42:00,25166.25,25169.75,25161.25,25169.25,209,25182.64,25163.42,0.00
2025-11-25,04:43:00,25168.75,25172.5,25166,25168.5,317,25182.62,25163.47,0.00
2025-11-25,04:44:00,25167.75,25168.75,25160.5,25164.25,357,25182.59,25163.48,0.00
2025-11-25,04:45:00,25165,25166.25,25155,25156.75,469,25182.53,25163.43,0.00
2025-11-25,04:46:00,25157.25,25159.5,25153.25,25154,334,25182.48,25163.36,0.00
2025-11-25,04:47:00,25154,25154.25,25141.5,25149.25,942,25182.32,25163.01,0.00
2025-11-25,04:48:00,25148.5,25151.25,25146.75,25149.75,342,25182.26,25162.90,0.00
2025-11-25,04:49:00,25148.75,25149.5,25142.5,25144.25,375,25182.19,25162.74,0.00
2025-11-25,04:50:00,25144.5,25146.75,25139,25145.25,515,25182.09,25162.51,0.00
2025-11-25,04:51:00,25145.25,25145.25,25137,25139.75,484,25181.98,25162.26,0.00
2025-11-25,04:52:00,25139.75,25140.25,25131,25136.75,906,25181.77,25136.00,0.00
2025-11-25,04:53:00,25136.5,25137.25,25125,25126,972,25181.51,25129.42,0.00
2025-11-25,04:54:00,25126.25,25127,25118.25,25120.5,1089,25181.18,25121.92,0.00
2025-11-25,04:55:00,25120.75,25123,25112,25114.25,848,25180.91,25116.42,0.00
2025-11-25,04:56:00,25115.25,25121,25109.25,25119.75,978,25180.59,25116.67,0.00
2025-11-25,04:57:00,25119.25,25126.75,25112.25,25115.5,819,25180.34,25117.35,0.00
2025-11-25,04:58:00,25114.75,25119.5,25112,25118.75,381,25180.22,25117.25,0.00
2025-11-25,04:59:00,25119.25,25124.25,25118.75,25122.5,391,25180.10,25117.94,0.00
2025-11-25,05:00:00,25122.5,25125.75,25116,25119.75,580,25179.93,25118.41,0.00
2025-11-25,05:01:00,25120.25,25129,25116.25,25125.75,1059,25179.64,25119.74,0.00
2025-11-25,05:02:00,25125.5,25135,25118.5,25122,958,25179.38,25120.74,0.00
2025-11-25,05:03:00,25122.25,25128.25,25121.5,25126.75,373,25179.29,25121.06,0.00
2025-11-25,05:04:00,25126.25,25133.5,25123.5,25129.75,466,25179.17,25121.67,0.00
2025-11-25,05:05:00,25129,25137.25,25125.25,25136,431,25179.07,25122.42,0.00
2025-11-25,05:06:00,25135.5,25148.5,25135,25148.25,933,25178.92,25125.14,0.00
2025-11-25,05:07:00,25148.75,25152.25,25146.25,25147.25,711,25178.81,25127.20,0.00
2025-11-25,05:08:00,25146.75,25149.25,25141.75,25143,596,25178.71,25128.40,0.00
2025-11-25,05:09:00,25143,25143.25,25133.5,25139.5,620,25178.59,25129.09,0.00
2025-11-25,05:10:00,25139.25,25140,25129.5,25132.25,483,25178.49,25129.33,0.00
2025-11-25,05:11:00,25132.75,25138,25124.5,25125.25,789,25178.31,25129.33,0.00
2025-11-25,05:12:00,25124,25124.25,25114.25,25118.25,883,25178.06,25128.52,0.00
2025-11-25,05:13:00,25118.5,25135.5,25118.25,25134,782,25177.87,25128.57,0.00
2025-11-25,05:14:00,25134.5,25140.5,25131,25137.25,600,25177.76,25128.93,0.00
2025-11-25,05:15:00,25138,25138.5,25129.25,25135,282,25177.70,25129.04,0.00
2025-11-25,05:16:00,25135,25137.5,25127.25,25130.25,490,25177.59,25129.14,0.00
2025-11-25,05:17:00,25129.5,25131.5,25116.25,25117.25,628,25177.43,25128.81,0.00
2025-11-25,05:18:00,25116.75,25118.75,25109.5,25111.25,972,25177.14,25127.81,0.00
2025-11-25,05:19:00,25112.25,25117.25,25108.75,25113.75,667,25176.94,25113.25,0.00
2025-11-25,05:20:00,25114.25,25114.75,25106.5,25107.75,841,25176.68,25109.67,0.00
2025-11-25,05:21:00,25107.5,25109.75,25103,25105.5,1078,25176.32,25106.08,0.00
2025-11-25,05:22:00,25105.25,25105.5,25099.5,25101.25,685,25176.09,25102.08,0.00
2025-11-25,05:23:00,25101.25,25108.5,25100.75,25107.75,689,25175.87,25103.88,0.00
2025-11-25,05:24:00,25107.25,25111.5,25105.25,25111,551,25175.70,25105.42,0.00
2025-11-25,05:25:00,25111.5,25113.5,25100.5,25102.5,655,25175.49,25105.44,0.00
2025-11-25,05:26:00,25103.25,25104.25,25095.25,25096.25,870,25175.19,25098.58,0.00
2025-11-25,05:27:00,25096.25,25096.75,25093,25093,669,25174.94,25094.25,0.00
2025-11-25,05:28:00,25092.75,25093.75,25089.25,25090.25,875,25174.61,25091.08,0.00
2025-11-25,05:29:00,25090.75,25093.75,25086.75,25088.5,496,25174.42,25089.67,0.00
2025-11-25,05:30:00,25088.25,25089.75,25081.5,25081.75,812,25174.09,25084.33,0.00
2025-11-25,05:31:00,25082,25087.5,25079.75,25082.25,1049,25173.67,25083.17,0.00
2025-11-25,05:32:00,25083.25,25087.25,25081.25,25082,584,25173.43,25083.29,0.00
2025-11-25,05:33:00,25081.75,25087.5,25075,25081.25,842,25173.09,25081.25,0.00
2025-11-25,05:34:00,25081.5,25086,25077.75,25082.25,627,25172.84,25081.57,0.00
2025-11-25,05:35:00,25082.25,25088.75,25080.25,25086.25,832,25172.51,25082.84,0.00
2025-11-25,05:36:00,25085.75,25092,25082.25,25090.5,769,25172.23,25084.20,0.00
2025-11-25,05:37:00,25090.25,25106,25082,25095.5,2301,25171.45,25088.61,0.00
2025-11-25,05:38:00,25095.25,25095.25,25085,25087.25,438,25171.30,25088.65,0.00
2025-11-25,05:39:00,25087.5,25091.75,25084.25,25089,396,25171.15,25088.63,0.00
2025-11-25,05:40:00,25089,25094.5,25085.75,25086,432,25171.00,25088.64,0.00
2025-11-25,05:41:00,25087.25,25090.25,25079.75,25089.75,610,25170.78,25088.47,0.00
2025-11-25,05:42:00,25089.5,25110.75,25084.25,25104.5,1863,25170.21,25090.79,0.00
2025-11-25,05:43:00,25105.25,25116.75,25104.25,25116.5,1522,25169.84,25093.90,0.00
2025-11-25,05:44:00,25116,25117.5,25109,25115.25,564,25169.70,25094.91,0.00
2025-11-25,05:45:00,25115.5,25120.75,25114.5,25119.25,450,25169.61,25095.81,0.00
2025-11-25,05:46:00,25120,25122.5,25119,25120,523,25169.50,25096.87,0.00
2025-11-25,05:47:00,25119.5,25120,25106.75,25109.25,891,25169.28,25097.90,0.00
2025-11-25,05:48:00,25109.25,25110.25,25101.25,25101.75,609,25169.12,25098.19,0.00
2025-11-25,05:49:00,25101,25113,25099.5,25108.25,622,25168.95,25098.57,0.00
2025-11-25,05:50:00,25108.25,25117.25,25108.25,25117.25,408,25168.86,25099.00,0.00
2025-11-25,05:51:00,25116,25123.25,25114,25122.5,578,25168.74,25099.80,0.00
2025-11-25,05:52:00,25122.25,25126.75,25119.25,25125,487,25168.65,25100.53,0.00
2025-11-25,05:53:00,25125,25126.25,25116.75,25117.5,494,25168.55,25101.13,0.00
2025-11-25,05:54:00,25117.75,25118.75,25112.75,25117,431,25168.46,25101.52,0.00
2025-11-25,05:55:00,25116.25,25120,25111,25114.5,515,25168.35,25101.93,0.00
2025-11-25,05:56:00,25115,25118,25111.25,25112.25,347,25168.27,25102.16,0.00
2025-11-25,05:57:00,25112,25117,25111.75,25117,229,25168.22,25102.33,0.00
2025-11-25,05:58:00,25117,25119.75,25109,25110.5,438,25168.12,25102.59,0.00
2025-11-25,05:59:00,25110.75,25117.75,25107,25114,430,25168.02,25102.83,0.00
2025-11-25,06:00:00,25114.25,25115,25107.25,25110.75,358,25167.94,25102.98,0.00
2025-11-25,06:01:00,25110.5,25115.25,25108.25,25109.75,451,25167.83,25103.17,0.00
2025-11-25,06:02:00,25110,25110.5,25103.75,25107.5,528,25167.70,25103.28,0.00
2025-11-25,06:03:00,25106.5,25110.5,25103.5,25104.5,426,25167.59,25103.34,0.00
2025-11-25,06:04:00,25104.25,25108.25,25100.5,25102,339,25167.51,25103.34,0.00
2025-11-25,06:05:00,25101.25,25107.75,25100.75,25106,315,25167.42,25103.36,0.00
2025-11-25,06:06:00,25105.75,25109.75,25099,25103.25,532,25167.29,25103.38,0.00
2025-11-25,06:07:00,25102.75,25105,25098,25099.75,412,25167.18,25103.33,0.00
2025-11-25,06:08:00,25099.5,25101,25096.75,25097.25,415,25167.06,25103.24,0.00
2025-11-25,06:09:00,25097,25106.75,25096.25,25102.25,551,25166.92,25103.21,0.00
2025-11-25,06:10:00,25103,25113.75,25102,25112.5,489,25166.80,25103.33,0.00
2025-11-25,06:11:00,25112.5,25123.5,25110.75,25122.5,762,25166.66,25103.82,0.00
2025-11-25,06:12:00,25123.25,25129.5,25123.25,25126.75,1030,25166.49,25104.75,0.00
2025-11-25,06:13:00,25127,25128.5,25120.5,25125.25,498,25166.41,25105.14,0.00
2025-11-25,06:14:00,25124.75,25127.75,25120.5,25123.5,491,25166.32,25105.49,0.00
2025-11-25,06:15:00,25123.75,25124.25,25117.25,25120.75,315,25166.27,25105.67,0.00
2025-11-25,06:16:00,25121.25,25123.5,25113.25,25118,564,25166.16,25105.93,0.00
2025-11-25,06:17:00,25117.25,25126.5,25115.5,25125.75,441,25166.08,25106.20,0.00
2025-11-25,06:18:00,25126,25126.25,25111,25112.25,587,25165.97,25106.41,0.00
2025-11-25,06:19:00,25112.75,25114.75,25103.75,25105,674,25165.81,25106.44,0.00
2025-11-25,06:20:00,25106,25111.5,25105.25,25107.25,314,25165.74,25106.46,0.00
2025-11-25,06:21:00,25107.25,25115.25,25106.75,25114.25,405,25165.66,25106.54,0.00
2025-11-25,06:22:00,25114.5,25120.5,25113,25116,396,25165.58,25106.67,0.00
2025-11-25,06:23:00,25116.5,25123.25,25115,25122.25,287,25165.53,25106.80,0.00
2025-11-25,06:24:00,25121.75,25123.75,25118.75,25120,298,25165.48,25106.94,0.00
2025-11-25,06:25:00,25120.5,25120.5,25115.25,25116.5,264,25165.43,25107.03,0.00
2025-11-25,06:26:00,25117,25119.25,25112,25112.25,293,25165.37,25107.10,0.00
2025-11-25,06:27:00,25111.75,25114.5,25109.75,25112.5,247,25165.32,25107.14,0.00
2025-11-25,06:28:00,25112,25115,25109.75,25114.25,165,25165.28,25107.17,0.00
2025-11-25,06:29:00,25113.5,25117,25110.75,25116.25,173,25165.25,25107.21,0.00
2025-11-25,06:30:00,25116.75,25118.25,25113.75,25114.25,165,25165.22,25107.25,0.00
2025-11-25,06:31:00,25113.25,25113.75,25099.75,25106.75,657,25165.07,25107.24,0.00
2025-11-25,06:32:00,25107,25109.5,25103,25104,343,25164.99,25107.22,0.00
2025-11-25,06:33:00,25102.75,25113,25088.5,25111.5,1304,25164.68,25107.11,0.00
2025-11-25,06:34:00,25111.25,25112.75,25106.25,25112.25,415,25164.60,25107.15,0.00
2025-11-25,06:35:00,25112.75,25121.75,25110.5,25118.75,776,25164.45,25107.37,0.00
2025-11-25,06:36:00,25119,25120.5,25112.5,25113.25,419,25164.38,25107.46,0.00
2025-11-25,06:37:00,25113,25118.25,25108.25,25117.75,523,25164.28,25107.57,0.00
2025-11-25,06:38:00,25117,25126.25,25116.5,25123,519,25164.19,25107.77,0.00
2025-11-25,06:39:00,25123.5,25124.25,25120.5,25124,289,25164.15,25107.89,0.00
2025-11-25,06:40:00,25123.75,25127.75,25121.25,25125.75,356,25164.09,25108.05,0.00
2025-11-25,06:41:00,25125,25135,25125,25130.25,693,25164.00,25108.45,0.00
2025-11-25,06:42:00,25130.5,25137.75,25129.75,25137,573,25163.94,25108.84,0.00
2025-11-25,06:43:00,25136.25,25139,25132.25,25137.25,396,25163.90,25109.12,0.00
2025-11-25,06:44:00,25138,25138,25130,25131.25,431,25163.85,25109.38,0.00
2025-11-25,06:45:00,25130.75,25131.75,25120.75,25124,607,25163.76,25109.62,0.00
2025-11-25,06:46:00,25124.5,25127.5,25120.75,25122,395,25163.70,25109.76,0.00
2025-11-25,06:47:00,25122,25133.25,25122,25131.5,584,25163.62,25110.03,0.00
2025-11-25,06:48:00,25131.25,25134.75,25127.25,25128.5,310,25163.58,25110.18,0.00
2025-11-25,06:49:00,25129.25,25131.25,25122.5,25124.5,343,25163.54,25110.31,0.00
2025-11-25,06:50:00,25124.5,25129.25,25120.25,25128.75,475,25163.47,25110.49,0.00
2025-11-25,06:51:00,25128.25,25130.25,25126,25127.25,314,25163.43,25110.62,0.00
2025-11-25,06:52:00,25127.75,25129.5,25123.25,25127.25,248,25163.39,25110.71,0.00
2025-11-25,06:53:00,25127.25,25134,25127,25130,308,25163.36,25110.85,0.00
2025-11-25,06:54:00,25128.5,25133.75,25124.25,25133.75,301,25163.32,25110.99,0.00
2025-11-25,06:55:00,25133,25142,25132,25142,522,25163.27,25111.31,0.00
2025-11-25,06:56:00,25142,25147.25,25140.5,25143.25,812,25163.21,25111.90,0.00
2025-11-25,06:57:00,25143.25,25144,25139,25139,556,25163.16,25112.26,0.00
2025-11-25,06:58:00,25139,25143.25,25137,25139.5,541,25163.12,25112.58,0.00
2025-11-25,06:59:00,25139.75,25144.75,25138.25,25142.25,509,25163.08,25112.90,0.00
2025-11-25,07:00:00,25142.5,25142.5,25136.5,25139.75,324,25163.05,25113.09,0.00
2025-11-25,07:01:00,25140.25,25142.75,25135.25,25140.5,716,25162.99,25113.49,0.00
2025-11-25,07:02:00,25140.75,25141,25131.75,25137,416,25162.95,25113.69,0.00
2025-11-25,07:03:00,25137.25,25137.25,25130.5,25131.5,326,25162.91,25113.82,0.00
2025-11-25,07:04:00,25132.25,25132.75,25127.5,25131,271,25162.88,25113.91,0.00
2025-11-25,07:05:00,25130.25,25137.25,25129.5,25137.25,392,25162.84,25114.08,0.00
2025-11-25,07:06:00,25137.5,25138.5,25130.25,25135,289,25162.81,25114.20,0.00
2025-11-25,07:07:00,25135.5,25140.75,25135.5,25138.75,299,25162.78,25114.34,0.00
2025-11-25,07:08:00,25138.5,25142,25137,25141.25,233,25162.76,25114.47,0.00
2025-11-25,07:09:00,25141.25,25151,25139.75,25149.75,990,25162.71,25115.10,0.00
2025-11-25,07:10:00,25149.75,25150.25,25144,25148,500,25162.68,25115.42,0.00
2025-11-25,07:11:00,25147.5,25150.75,25135.5,25136.5,581,25162.63,25115.70,0.00
2025-11-25,07:12:00,25136.5,25146.5,25133.25,25146.5,521,25162.59,25115.97,0.00
2025-11-25,07:13:00,25146.25,25146.25,25138.25,25140,346,25162.57,25116.13,0.00
2025-11-25,07:14:00,25139.75,25144.25,25139.5,25142.5,268,25162.55,25116.26,0.00
2025-11-25,07:15:00,25143.75,25144.5,25140.5,25141.75,305,25162.53,25116.41,0.00
2025-11-25,07:16:00,25142.5,25145.75,25136.75,25140.5,422,25162.49,25116.61,0.00
2025-11-25,07:17:00,25140.5,25140.5,25133.25,25134.75,481,25162.45,25116.78,0.00
2025-11-25,07:18:00,25134.25,25134.75,25125,25125,850,25162.34,25116.96,0.00
2025-11-25,07:19:00,25125.25,25132,25123.5,25130,455,25162.29,25117.05,0.00
2025-11-25,07:20:00,25130,25130,25122.75,25126,359,25162.24,25117.11,0.00
2025-11-25,07:21:00,25125.5,25128.25,25124.25,25125.5,264,25162.21,25117.16,0.00
2025-11-25,07:22:00,25125.25,25127.75,25121.25,25125,377,25162.16,25117.21,0.00
2025-11-25,07:23:00,25125.25,25126.5,25120,25122,685,25162.06,25117.27,0.00
2025-11-25,07:24:00,25122.5,25133,25122.25,25129.5,439,25162.01,25117.36,0.00
2025-11-25,07:25:00,25128.75,25134,25125.5,25129.5,450,25161.96,25117.45,0.00
2025-11-25,07:26:00,25129.75,25132.5,25124.25,25125,283,25161.92,25117.50,0.00
2025-11-25,07:27:00,25126,25127.75,25117.5,25122.5,529,25161.85,25117.55,0.00
2025-11-25,07:28:00,25123,25124.5,25116.75,25122.5,500,25161.78,25117.58,0.00
2025-11-25,07:29:00,25123,25128,25117,25117.75,371,25161.73,25117.60,0.00
2025-11-25,07:30:00,25118,25121.25,25118,25119.25,469,25161.66,25117.61,0.00
2025-11-25,07:31:00,25119.25,25122.75,25114.25,25116.5,540,25161.57,25117.62,0.00
2025-11-25,07:32:00,25116.5,25116.75,25110.5,25115,720,25161.45,25117.57,0.00
2025-11-25,07:33:00,25114.5,25115.25,25106.5,25108.25,757,25161.32,25117.48,0.00
2025-11-25,07:34:00,25108,25110,25103.5,25105,535,25161.21,25117.38,0.00
2025-11-25,07:35:00,25105.75,25107,25102.75,25104.75,310,25161.15,25117.32,0.00
2025-11-25,07:36:00,25104.25,25107.25,25101.5,25107.25,409,25161.07,25117.25,0.00
2025-11-25,07:37:00,25106.5,25119,25105.5,25114.5,696,25160.96,25117.20,0.00
2025-11-25,07:38:00,25114.25,25115.25,25102.5,25103.5,680,25160.83,25117.09,0.00
2025-11-25,07:39:00,25103.25,25110.5,25099,25106.75,568,25160.72,25116.99,0.00
2025-11-25,07:40:00,25106.75,25112.75,25103.5,25112,495,25160.64,25116.93,0.00
2025-11-25,07:41:00,25111.75,25118.25,25111.25,25114.5,602,25160.54,25116.91,0.00
2025-11-25,07:42:00,25114,25115.75,25107.75,25113.5,429,25160.47,25116.88,0.00
2025-11-25,07:43:00,25113,25114.25,25107.25,25112.25,361,25160.41,25116.85,0.00
2025-11-25,07:44:00,25112.25,25115.5,25109,25114.5,272,25160.36,25116.84,0.00
2025-11-25,07:45:00,25113,25116.75,25109,25112.5,261,25160.32,25116.82,0.00
2025-11-25,07:46:00,25112.25,25112.25,25104.25,25109.25,334,25160.26,25116.78,0.00
2025-11-25,07:47:00,25108.5,25111.25,25105.75,25108.25,244,25160.22,25116.75,0.00
2025-11-25,07:48:00,25109,25118.5,25107,25109.25,533,25160.13,25116.71,0.00
2025-11-25,07:49:00,25109.5,25113,25107.5,25107.5,243,25160.09,25116.69,0.00
2025-11-25,07:50:00,25108,25111.5,25105,25105.5,302,25160.04,25116.65,0.00
2025-11-25,07:51:00,25105.75,25112.75,25105.5,25108.5,276,25159.99,25116.62,0.00
2025-11-25,07:52:00,25108.5,25112.5,25100.25,25101.75,496,25159.89,25116.53,0.00
2025-11-25,07:53:00,25101.5,25104.25,25097.5,25103.5,435,25159.81,25116.44,0.00
2025-11-25,07:54:00,25103.5,25114.25,25101.25,25112.75,569,25159.71,25116.38,0.00
2025-11-25,07:55:00,25113.25,25120,25111.75,25118.5,571,25159.63,25116.39,0.00
2025-11-25,07:56:00,25119.25,25120.5,25111.25,25115.25,508,25159.55,25116.38,0.00
2025-11-25,07:57:00,25116.25,25127.75,25116.25,25120.5,942,25159.43,25116.45,0.00
2025-11-25,07:58:00,25120.75,25127.5,25120,25120,364,25159.39,25116.48,0.00
2025-11-25,07:59:00,25121,25126.5,25119,25122.25,366,25159.34,25116.51,0.00
2025-11-25,08:00:00,25123,25128.5,25123,25128.25,385,25159.30,25116.56,0.00
2025-11-25,08:01:00,25127.75,25132.5,25120,25124.5,1084,25159.18,25116.69,0.00
2025-11-25,08:02:00,25125.25,25144.25,25119.5,25142.75,1577,25159.06,25117.08,0.00
2025-11-25,08:03:00,25142.25,25152,25141.75,25150.75,1090,25159.02,25117.51,0.00
2025-11-25,08:04:00,25151.25,25166.75,25151.25,25162.75,1953,25159.02,25118.56,0.00
2025-11-25,08:05:00,25162.5,25169.25,25157.25,25162.5,917,25159.04,25119.06,0.00
2025-11-25,08:06:00,25162.25,25170.25,25160.75,25163,1005,25159.05,25119.62,0.00
2025-11-25,08:07:00,25163.25,25166,25156.25,25164,960,25159.06,25120.11,0.00
2025-11-25,08:08:00,25164,25168,25159.75,25164.5,705,25159.08,25120.48,0.00
2025-11-25,08:09:00,25165.75,25166,25160.5,25164.25,378,25159.08,25120.68,0.00
2025-11-25,08:10:00,25164,25172.75,25163,25171.25,751,25159.11,25121.10,0.00
2025-11-25,08:11:00,25171,25175.25,25166.75,25169.25,943,25159.14,25121.65,0.00
2025-11-25,08:12:00,25169.5,25180.75,25163,25179.75,973,25159.19,25122.24,0.00
2025-11-25,08:13:00,25180,25187.25,25175.5,25184,1317,25159.28,25123.14,0.00
2025-11-25,08:14:00,25184,25188,25178.75,25182.5,1048,25159.36,25123.85,0.00
2025-11-25,08:15:00,25182.5,25183.5,25174.25,25179.75,865,25159.42,25124.38,0.00
2025-11-25,08:16:00,25179.5,25182.5,25172.25,25178.75,710,25159.46,25124.80,0.00
2025-11-25,08:17:00,25179,25185.5,25174.75,25182.5,749,25159.51,25125.26,0.00
2025-11-25,08:18:00,25182.25,25184,25172.25,25172.5,822,25159.55,25125.71,0.00
2025-11-25,08:19:00,25172.75,25177.75,25169.5,25170.5,566,25159.58,25126.00,0.00
2025-11-25,08:20:00,25170,25170.5,25160,25161.25,954,25159.59,25126.39,0.00
2025-11-25,08:21:00,25162,25169.75,25158.5,25169,845,25159.61,25126.74,0.00
2025-11-25,08:22:00,25169,25171.5,25161.25,25162.75,607,25159.62,25126.98,0.00
2025-11-25,08:23:00,25162.75,25166.75,25161.25,25162.5,346,25159.62,25127.12,0.00
2025-11-25,08:24:00,25163,25172.25,25162.5,25172,472,25159.64,25127.32,0.00
2025-11-25,08:25:00,25172,25176.25,25168.75,25172.5,544,25159.66,25127.58,0.00
2025-11-25,08:26:00,25172.5,25173.75,25167,25169.75,486,25159.67,25127.79,0.00
2025-11-25,08:27:00,25169.25,25178.75,25168.25,25177.5,449,25159.69,25128.01,0.00
2025-11-25,08:28:00,25177.5,25180,25173.25,25177,596,25159.73,25128.30,0.00
2025-11-25,08:29:00,25177,25184.5,25175.5,25183.25,735,25159.77,25128.70,0.00
2025-11-25,08:30:00,25183.25,25187.25,25180.75,25185,568,25159.82,25129.01,0.00
2025-11-25,08:31:00,25184.25,25184.25,25170.75,25173.25,980,25159.87,25129.47,0.00
2025-11-25,08:32:00,25172.5,25179,25165.5,25166.5,743,25159.89,25129.78,0.00
2025-11-25,08:33:00,25166.5,25168.25,25157.25,25161,894,25159.90,25130.06,0.00
2025-11-25,08:34:00,25160.75,25165,25157.25,25159.5,545,25159.90,25130.22,0.00
2025-11-25,08:35:00,25159,25159,25144.75,25146.25,1256,25159.86,25130.46,0.00
2025-11-25,08:36:00,25145.75,25150,25142.75,25149.75,834,25159.83,25130.60,0.00
2025-11-25,08:37:00,25148.75,25150.5,25143.5,25146.75,509,25159.81,25130.68,0.00
2025-11-25,08:38:00,25146.75,25146.75,25137,25137.25,884,25159.76,25130.76,0.00
2025-11-25,08:39:00,25137.5,25145.75,25133.75,25145.25,956,25159.70,25130.85,0.00
2025-11-25,08:40:00,25144.75,25151.5,25144.75,25149.5,930,25159.67,25131.01,0.00
2025-11-25,08:41:00,25149.25,25151,25140.5,25141,672,25159.64,25131.09,0.00
2025-11-25,08:42:00,25141.25,25141.75,25135.5,25138.25,731,25159.60,25131.14,0.00
2025-11-25,08:43:00,25137.75,25178.25,25137.25,25174.5,3213,25159.63,25132.06,0.00
2025-11-25,08:44:00,25175,25220.5,25170.25,25215.25,5560,25160.32,25135.35,0.00
2025-11-25,08:45:00,25215.25,25228.75,25184.75,25189.5,4802,25160.88,25137.92,0.00
2025-11-25,08:46:00,25188.25,25202.75,25173.5,25194.25,2901,25161.12,25139.13,0.00
2025-11-25,08:47:00,25194.75,25196.75,25175.5,25179,1920,25161.25,25139.80,0.00
2025-11-25,08:48:00,25178.75,25187.5,25164,25173,1669,25161.31,25140.25,0.00
2025-11-25,08:49:00,25172.5,25177,25156.5,25158.25,1758,25161.32,25140.57,0.00
2025-11-25,08:50:00,25157.75,25163.5,25150.5,25155.25,1681,25161.30,25140.77,0.00
2025-11-25,08:51:00,25154,25159.75,25148.75,25158.25,1262,25161.28,25140.91,0.00
2025-11-25,08:52:00,25158.5,25167.5,25154.5,25160,1140,25161.28,25141.08,0.00
2025-11-25,08:53:00,25161,25166,25154.5,25164.5,855,25161.28,25141.20,0.00
2025-11-25,08:54:00,25163.5,25167.25,25154.75,25158.5,800,25161.28,25141.32,0.00
2025-11-25,08:55:00,25159.75,25164.25,25157.5,25160.5,605,25161.28,25141.40,0.00
2025-11-25,08:56:00,25159.75,25169.25,25151.25,25168.25,1086,25161.28,25141.57,0.00
2025-11-25,08:57:00,25168.5,25169,25156.5,25158.25,714,25161.28,25141.67,0.00
2025-11-25,08:58:00,25158.75,25168.25,25158.75,25161.75,526,25161.28,25141.75,0.00
2025-11-25,08:59:00,25161.25,25170,25158.75,25166.25,552,25161.29,25141.84,0.00
2025-11-25,09:00:00,25165.5,25169.75,25161.25,25164,581,25161.30,25141.94,0.00
2025-11-25,09:01:00,25163.75,25171.75,25159,25169.5,1041,25161.31,25142.12,0.00
2025-11-25,09:02:00,25169.25,25171.25,25159,25165.25,1015,25161.32,25142.28,0.00
2025-11-25,09:03:00,25166.25,25180.75,25164,25179,1336,25161.37,25142.58,0.00
2025-11-25,09:04:00,25178.5,25190,25171.5,25186.25,1584,25161.46,25143.02,0.00
2025-11-25,09:05:00,25187,25189.75,25169.75,25172,1336,25161.52,25143.33,0.00
2025-11-25,09:06:00,25172.5,25172.5,25164.25,25168.25,780,25161.53,25143.46,0.00
2025-11-25,09:07:00,25167.5,25178,25167.25,25171,1170,25161.56,25143.68,0.00
2025-11-25,09:08:00,25170.75,25175,25164.75,25167.75,756,25161.58,25143.81,0.00
2025-11-25,09:09:00,25167.5,25175.5,25160.25,25164.5,911,25161.59,25143.95,0.00
2025-11-25,09:10:00,25164.25,25169.75,25160.75,25166.5,786,25161.60,25144.06,0.00
2025-11-25,09:11:00,25166.5,25174.25,25160.5,25164.5,1431,25161.62,25144.27,0.00
2025-11-25,09:12:00,25164,25167,25155.5,25159.5,1069,25161.62,25144.39,0.00
2025-11-25,09:13:00,25159.25,25166.5,25157,25161.75,564,25161.62,25144.45,0.00
2025-11-25,09:14:00,25162,25174,25159.75,25169.75,812,25161.63,25144.57,0.00
2025-11-25,09:15:00,25168.75,25173,25162.5,25164,611,25161.64,25144.66,0.00
2025-11-25,09:16:00,25164.25,25169.25,25159.5,25167.75,808,25161.65,25144.77,0.00
2025-11-25,09:17:00,25168.5,25171.25,25164.25,25168.25,629,25161.66,25144.86,0.00
2025-11-25,09:18:00,25168.25,25177.5,25167.5,25174.5,890,25161.68,25145.02,0.00
2025-11-25,09:19:00,25174.25,25186,25174,25184.5,1133,25161.74,25145.28,0.00
2025-11-25,09:20:00,25184.25,25191.75,25181.25,25181.75,1224,25161.81,25145.58,0.00
2025-11-25,09:21:00,25181.5,25186.75,25174.5,25177,842,25161.85,25145.75,0.00
2025-11-25,09:22:00,25177.25,25186,25175.5,25184.5,485,25161.88,25145.86,0.00
2025-11-25,09:23:00,25184.5,25189,25180.25,25188.5,524,25161.91,25145.99,0.00
2025-11-25,09:24:00,25188.75,25199.75,25183.5,25196,1513,25162.03,25146.43,0.00
2025-11-25,09:25:00,25196.25,25203.5,25191.25,25195.75,1353,25162.15,25146.84,0.00
2025-11-25,09:26:00,25196.25,25196.75,25183.25,25188.5,992,25162.22,25147.09,0.00
2025-11-25,09:27:00,25189,25192.25,25182.75,25185.5,604,25162.26,25147.24,0.00
2025-11-25,09:28:00,25185.75,25194.75,25184.25,25192.25,581,25162.30,25147.39,0.00
2025-11-25,09:29:00,25192.25,25193.75,25188,25188.5,387,25162.33,25147.48,0.00
2025-11-25,09:30:00,25189,25195.75,25184.5,25193.25,749,25162.38,25147.68,0.00
2025-11-25,09:31:00,25191.5,25211.25,25168.25,25199.75,2471,25162.58,25148.33,0.00
2025-11-25,09:32:00,25200,25200,25184.75,25189.5,1499,25162.68,25148.71,0.00
2025-11-25,09:33:00,25190,25197.25,25171.75,25173.75,1785,25162.77,25149.04,0.00
2025-11-25,09:34:00,25174.25,25182.25,25169,25171.25,1258,25162.80,25149.22,0.00
2025-11-25,09:35:00,25171.25,25173.75,25155.5,25158.75,2166,25162.80,25149.38,0.00
2025-11-25,09:36:00,25158.5,25161.75,25149.75,25160.5,2525,25162.77,25149.49,0.00
2025-11-25,09:37:00,25160,25160,25148.25,25149.5,1333,25162.73,25149.51,0.00
2025-11-25,09:38:00,25148.75,25156.75,25139.25,25152.75,1928,25162.67,25149.52,0.00
2025-11-25,09:39:00,25152.25,25155.5,25140.5,25149,1408,25162.62,25149.51,0.00
2025-11-25,09:40:00,25148,25157.25,25146.5,25152.75,984,25162.60,25149.52,0.00
2025-11-25,09:41:00,25152.5,25154.25,25143.5,25145.75,1135,25162.56,25149.51,0.00
2025-11-25,09:42:00,25145.25,25146.75,25138.75,25139.25,1248,25162.49,25149.46,0.00
2025-11-25,09:43:00,25139,25146.75,25136.75,25143.5,1313,25162.43,25149.41,0.00
2025-11-25,09:44:00,25143.25,25143.75,25135.5,25136,1004,25162.37,25149.35,0.00
2025-11-25,09:45:00,25136,25136.5,25127,25129.5,2130,25162.21,25149.15,0.00
2025-11-25,09:46:00,25129.75,25145.75,25126.75,25142.25,1989,25162.10,25149.04,0.00
2025-11-25,09:47:00,25142.25,25142.75,25134.5,25138.25,1243,25162.03,25148.97,0.00
2025-11-25,09:48:00,25138.5,25145.25,25138,25142.5,986,25161.98,25148.93,0.00
2025-11-25,09:49:00,25142,25149.25,25139.25,25144.5,1149,25161.93,25148.91,0.00
2025-11-25,09:50:00,25145.25,25161.25,25141.75,25157.75,2828,25161.88,25148.97,0.00
2025-11-25,09:51:00,25158,25170,25154.75,25158.5,2635,25161.87,25149.13,0.00
2025-11-25,09:52:00,25159.75,25160.25,25149.25,25152.25,1513,25161.84,25149.17,0.00
2025-11-25,09:53:00,25152.25,25153.25,25136.75,25137.25,1604,25161.77,25149.11,0.00
2025-11-25,09:54:00,25137.25,25147,25135.25,25142.75,1682,25161.69,25149.05,0.00
2025-11-25,09:55:00,25143.25,25147.5,25140.75,25144.5,1008,25161.65,25149.03,0.00
2025-11-25,09:56:00,25144.25,25144.5,25137,25140.25,1119,25161.60,25148.99,0.00
2025-11-25,09:57:00,25141.25,25144,25131,25134.75,1344,25161.52,25148.91,0.00
2025-11-25,09:58:00,25135,25140.75,25130.25,25136.75,1585,25161.43,25148.81,0.00
2025-11-25,09:59:00,25136.25,25137.5,25130,25133.25,1228,25161.35,25148.72,0.00
2025-11-25,10:00:00,25133.75,25139,25131.25,25137.25,1006,25161.29,25148.66,0.00
2025-11-25,10:01:00,25137.25,25146,25135.25,25138,1704,25161.21,25148.59,0.00
2025-11-25,10:02:00,25137.5,25140.25,25131.25,25135.75,1260,25161.14,25148.52,0.00
2025-11-25,10:03:00,25135,25136.75,25121.75,25129.25,1739,25161.01,25148.37,0.00
2025-11-25,10:04:00,25129.5,25130,25116.25,25117.5,1815,25160.85,25148.15,0.00
2025-11-25,10:05:00,25117.75,25120.25,25111.25,25114.75,1776,25160.67,25147.89,0.00
2025-11-25,10:06:00,25114.5,25121.5,25112,25121,1438,25160.54,25147.70,0.00
2025-11-25,10:07:00,25121,25123.5,25106,25106.5,1988,25160.32,25147.39,0.00
2025-11-25,10:08:00,25106.25,25112.25,25105.25,25108.75,1221,25160.18,25147.18,0.00
2025-11-25,10:09:00,25108.75,25110.25,25100.5,25103.5,1719,25159.98,25146.86,0.00
2025-11-25,10:10:00,25104.25,25106.75,25101,25103.75,1066,25159.84,25146.66,0.00
2025-11-25,10:11:00,25104.25,25115,25104,25112.75,1552,25159.68,25146.42,0.00
2025-11-25,10:12:00,25112.75,25115,25110.25,25110.75,841,25159.59,25146.30,0.00
2025-11-25,10:13:00,25110.75,25116.75,25105.5,25114.75,1415,25159.44,25146.10,0.00
2025-11-25,10:14:00,25114.75,25122.75,25114,25121,1508,25159.31,25145.93,0.00
2025-11-25,10:15:00,25121.75,25127.5,25119,25119.25,1983,25159.15,25145.73,0.00
2025-11-25,10:16:00,25118.75,25121.25,25111.5,25116,1414,25159.02,25145.55,0.00
2025-11-25,10:17:00,25116,25117,25107.75,25109.25,938,25158.93,25145.42,0.00
2025-11-25,10:18:00,25109.25,25109.75,25104.5,25109,986,25158.82,25145.27,0.00
2025-11-25,10:19:00,25109.5,25115.25,25107,25110.5,1041,25158.71,25145.12,0.00
2025-11-25,10:20:00,25109.5,25114.25,25106.5,25112,818,25158.63,25145.01,0.00
2025-11-25,10:21:00,25111.5,25117,25107.5,25114.5,945,25158.54,25144.88,0.00
2025-11-25,10:22:00,25114.5,25115.25,25105,25107,935,25158.44,25144.75,0.00
2025-11-25,10:23:00,25106.75,25110,25102.75,25106.5,1380,25158.29,25144.53,0.00
2025-11-25,10:24:00,25106.75,25121,25106,25118,1266,25158.17,25144.38,0.00
2025-11-25,10:25:00,25118,25120.25,25113.25,25114.5,975,25158.08,25144.27,0.00
2025-11-25,10:26:00,25114.75,25117.25,25105.25,25108.75,1538,25157.93,25144.06,0.00
2025-11-25,10:27:00,25108.25,25112,25104,25110.75,966,25157.83,25143.93,0.00
2025-11-25,10:28:00,25110.75,25115,25095.75,25102.25,2612,25157.54,25143.52,0.00
2025-11-25,10:29:00,25102.25,25113,25094.75,25111.5,2219,25157.30,25143.20,0.00
2025-11-25,10:30:00,25111.5,25114,25107.75,25110,1859,25157.12,25142.97,0.00
2025-11-25,10:31:00,25110,25135.25,25070.75,25082.25,14872,25155.30,25096.08,0.00
2025-11-25,10:32:00,25082.75,25110.25,25079.25,25089.25,8703,25154.23,25094.91,0.00
2025-11-25,10:33:00,25089.25,25109.25,25086,25097.25,6044,25153.56,25095.44,0.00
2025-11-25,10:34:00,25097.75,25104.75,25081.25,25095.5,5261,25152.96,25095.20,0.00
2025-11-25,10:35:00,25095.75,25119.75,25091.5,25106.75,6629,25152.36,25096.92,0.00
2025-11-25,10:36:00,25106.75,25122,25093.75,25120.5,6744,25151.85,25099.04,0.00
2025-11-25,10:37:00,25121,25132,25103,25117,8004,25151.34,25101.65,0.00
2025-11-25,10:38:00,25116.75,25123.25,25089,25096.5,6984,25150.72,25101.79,0.00
2025-11-25,10:39:00,25095.75,25112.25,25092,25101.25,5218,25150.26,25101.79,0.00
2025-11-25,10:40:00,25100.5,25111.75,25088.75,25090.25,5066,25149.77,25101.45,0.00
2025-11-25,10:41:00,25090,25090.75,25045.75,25048.5,16752,25147.20,25061.67,0.00
2025-11-25,10:42:00,25048.75,25061.75,25039,25049.25,9590,25145.60,25050.00,0.00
2025-11-25,10:43:00,25049.5,25058.25,25025,25026.75,9765,25143.81,25036.67,0.00
2025-11-25,10:44:00,25026.25,25026.5,24974.75,24977.25,16583,25139.70,24992.83,0.00
2025-11-25,10:45:00,24977,25005.5,24972.75,24982.25,10022,25137.23,24986.83,0.00
2025-11-25,10:46:00,24982.5,24982.5,24935.5,24941.75,15725,25132.68,24953.25,0.00
2025-11-25,10:47:00,24941.75,24943,24924.75,24938.75,11651,25129.13,24935.50,0.00
2025-11-25,10:48:00,24939.25,24959,24930.75,24932.25,11457,25125.85,24938.06,0.00
2025-11-25,10:49:00,24932.75,24937.5,24891.25,24902,14645,25121.16,24910.25,0.00
2025-11-25,10:50:00,24901.75,24917.75,24878.25,24884.75,14041,25116.51,24893.58,0.00
2025-11-25,10:51:00,24884.5,24909.75,24855.25,24905.75,17580,25110.86,24890.25,0.00
2025-11-25,10:52:00,24905,24951.5,24901.5,24944.5,14695,25107.22,24909.49,0.00
2025-11-25,10:53:00,24944.5,24982.75,24940.25,24972.5,13742,25104.56,24926.11,0.00
2025-11-25,10:54:00,24972.25,24974.25,24950.25,24972.5,8074,25103.04,24932.02,0.00
2025-11-25,10:55:00,24973,25004.5,24972.5,24999.75,11653,25101.33,24942.69,0.00
2025-11-25,10:56:00,24999.75,25029.75,24999.75,25018.5,12845,25099.90,24954.68,0.00
2025-11-25,10:57:00,25018.25,25025.25,24988.25,25010,10799,25098.62,24961.10,0.00
2025-11-25,10:58:00,25010.5,25047.75,25010.5,25035,10946,25097.68,24968.73,0.00
2025-11-25,10:59:00,25035,25057,25033.25,25051.25,7510,25097.20,24974.19,0.00
2025-11-25,11:00:00,25051.5,25079,25050.75,25068.75,9588,25096.83,24981.70,0.00
2025-11-25,11:01:00,25070.75,25074.75,25032,25045,10658,25096.23,24987.44,0.00
2025-11-25,11:02:00,25044.25,25046.25,25009,25032.75,10897,25095.34,24990.72,0.00
2025-11-25,11:03:00,25032.75,25037.5,24952.5,24959,15452,25093.28,24989.95,0.00
2025-11-25,11:04:00,24958.75,24967.25,24925.5,24933.5,12096,25091.14,24986.47,0.00
2025-11-25,11:05:00,24933,24947.25,24907.25,24941.25,11659,25088.99,24982.90,0.00
2025-11-25,11:06:00,24941.25,24997.75,24916.75,24984.25,15698,25086.81,24981.55,0.00
2025-11-25,11:07:00,24984.5,24994,24957.5,24990.25,10341,25085.57,24981.50,0.00
2025-11-25,11:08:00,24991,25019.25,24986,25007,11037,25084.58,24982.66,0.00
2025-11-25,11:09:00,25006.25,25046.5,25006.25,25026,9369,25083.98,24984.48,0.00
2025-11-25,11:10:00,25026,25030.75,25005.75,25024.5,6377,25083.54,24985.47,0.00
2025-11-25,11:11:00,25024.75,25047,25013,25018.25,10440,25082.89,24987.23,0.00
2025-11-25,11:12:00,25019.25,25029,24961.25,24980.75,13710,25081.54,24987.39,0.00
2025-11-25,11:13:00,24980.5,25009.75,24971,25007.5,7987,25080.83,24987.66,0.00
2025-11-25,11:14:00,25008.25,25033,24995.5,25006,8143,25080.24,24988.37,0.00
2025-11-25,11:15:00,25005.75,25018.25,24976.75,24996.75,7493,25079.59,24988.61,0.00
2025-11-25,11:16:00,24997,25003,24974,24983.5,7103,25078.92,24988.57,0.00
2025-11-25,11:17:00,24983.25,25022.5,24973.5,25002.5,9858,25078.12,24988.93,0.00
2025-11-25,11:18:00,25002.5,25029,24986.75,24990.25,7624,25077.53,24989.26,0.00
2025-11-25,11:19:00,24989.75,25021.25,24985.75,25020,5369,25077.16,24989.60,0.00
2025-11-25,11:20:00,25019.5,25034.75,25005.75,25019.5,6992,25076.77,24990.28,0.00
2025-11-25,11:21:00,25018.75,25035.5,24992.25,25002.25,8803,25076.18,24990.81,0.00
2025-11-25,11:22:00,25001.75,25013.25,24990,25000.5,5845,25075.75,24991.00,0.00
2025-11-25,11:23:00,25001.25,25026.25,24972.75,24974,8558,25075.05,24991.00,0.00
2025-11-25,11:24:00,24974.25,24997.75,24954.25,24976,11085,25073.99,24990.52,0.00
2025-11-25,11:25:00,24976,24978.25,24960.25,24966.75,6299,25073.35,24990.13,0.00
2025-11-25,11:26:00,24967,25003.25,24963.5,24983.25,8374,25072.63,24989.97,0.00
2025-11-25,11:27:00,24983,25012,24968,24992,7952,25072.02,24989.99,0.00
2025-11-25,11:28:00,24992,24997.75,24966.5,24986.25,6277,25071.50,24989.88,0.00
2025-11-25,11:29:00,24985.5,25014,24970.75,25010.75,5502,25071.12,24990.00,0.00
2025-11-25,11:30:00,25010.5,25039,25010.25,25034.75,7361,25070.83,24990.72,0.00
2025-11-25,11:31:00,25034.25,25077,25029.75,25072.75,11785,25070.71,24992.74,0.00
2025-11-25,11:32:00,25073,25075.5,25057.25,25069.75,7690,25070.69,24994.13,0.00
2025-11-25,11:33:00,25070,25082,25058.75,25059,7444,25070.66,24995.42,0.00
2025-11-25,11:34:00,25059.25,25072,25046.5,25066.25,6732,25070.61,24996.47,0.00
2025-11-25,11:35:00,25066.5,25072.75,25059.5,25061.75,4285,25070.58,24997.15,0.00
2025-11-25,11:36:00,25062,25063.5,25020,25025,9938,25070.28,24998.03,0.00
2025-11-25,11:37:00,25024.5,25054.25,25015.75,25044.5,7449,25070.07,24998.70,0.00
2025-11-25,11:38:00,25043.75,25060.5,25040,25056.25,5344,25069.98,24999.33,0.00
2025-11-25,11:39:00,25056.25,25062.75,25038,25047.75,5473,25069.89,24999.93,0.00
2025-11-25,11:40:00,25047.75,25062,25041,25049.25,4470,25069.81,25000.42,0.00
2025-11-25,11:41:00,25049,25058.25,25033.25,25058.25,5095,25069.72,25000.96,0.00
2025-11-25,11:42:00,25057.75,25067.75,25043.25,25050.75,4415,25069.66,25001.46,0.00
2025-11-25,11:43:00,25050.25,25065,25041.75,25045.5,4405,25069.59,25001.91,0.00
2025-11-25,11:44:00,25044.5,25065.5,25036,25064,4437,25069.54,25002.41,0.00
2025-11-25,11:45:00,25063.5,25099.25,25060.75,25098.5,10427,25069.69,25004.18,0.00
2025-11-25,11:46:00,25098.25,25122.75,25095.5,25121.25,9586,25070.04,25006.27,0.00
2025-11-25,11:47:00,25121.5,25126.75,25108,25124.25,7281,25070.34,25007.90,0.00
2025-11-25,11:48:00,25124.5,25125.25,25102.75,25113.75,5710,25070.55,25009.07,0.00
2025-11-25,11:49:00,25113.75,25118.5,25090,25095,5469,25070.68,25010.04,0.00
2025-11-25,11:50:00,25094.75,25095.75,25046.25,25062.25,11273,25070.66,25011.28,0.00
2025-11-25,11:51:00,25061.5,25064,25034,25041.5,8045,25070.50,25011.80,0.00
2025-11-25,11:52:00,25041.5,25042.25,25014.5,25032.75,8596,25070.22,25012.09,0.00
2025-11-25,11:53:00,25033,25059,25019.5,25053.25,6987,25070.07,25012.49,0.00
2025-11-25,11:54:00,25052.25,25058.5,25039.5,25044,4353,25069.99,25012.76,0.00
2025-11-25,11:55:00,25044.75,25058,25026.5,25047.25,4966,25069.89,25013.03,0.00
2025-11-25,11:56:00,25047.25,25050.25,25034.25,25044.5,3279,25069.82,25013.21,0.00
2025-11-25,11:57:00,25044,25049,25025.5,25039.5,4092,25069.71,25013.38,0.00
2025-11-25,11:58:00,25039,25074.5,25037,25070.5,5916,25069.67,25013.87,0.00
2025-11-25,11:59:00,25071.5,25093.25,25062.5,25090.75,6237,25069.73,25014.60,0.00
2025-11-25,12:00:00,25090.75,25092.5,25062.25,25071.25,4880,25069.75,25015.10,0.00
2025-11-25,12:01:00,25071.25,25073.5,25051.5,25066.25,4890,25069.73,25015.51,0.00
2025-11-25,12:02:00,25066.5,25069.75,25046,25057,4230,25069.69,25015.80,0.00
2025-11-25,12:03:00,25057.25,25063.25,25038.25,25049.5,4935,25069.62,25016.09,0.00
2025-11-25,12:04:00,25049.25,25056.5,25031.25,25048.5,5361,25069.52,25016.35,0.00
2025-11-25,12:05:00,25049,25075.5,25047,25065,5437,25069.49,25016.76,0.00
2025-11-25,12:06:00,25065.25,25072.25,25035.75,25036.75,5432,25069.40,25017.03,0.00
2025-11-25,12:07:00,25036.25,25057.5,25029,25056.75,5567,25069.31,25017.31,0.00
2025-11-25,12:08:00,25056.25,25074.5,25055,25067.75,4551,25069.29,25017.66,0.00
2025-11-25,12:09:00,25067.75,25073.5,25051.5,25055.75,3106,25069.27,25017.87,0.00
2025-11-25,12:10:00,25056.25,25061.75,25030,25036,5078,25069.17,25018.06,0.00
2025-11-25,12:11:00,25035.75,25050.25,25027,25039.5,4937,25069.06,25018.22,0.00
2025-11-25,12:12:00,25039.25,25047,25028,25041.25,3703,25068.97,25018.34,0.00
2025-11-25,12:13:00,25041,25061.5,25041,25052.75,3943,25068.92,25018.55,0.00
2025-11-25,12:14:00,25052.75,25062.5,25044.5,25057.25,2745,25068.89,25018.70,0.00
2025-11-25,12:15:00,25057.75,25057.75,25035.5,25036.25,3329,25068.83,25018.82,0.00
2025-11-25,12:16:00,25036.5,25042.75,25027.25,25039.25,4231,25068.73,25018.94,0.00
2025-11-25,12:17:00,25039,25059.75,25031,25055.5,3825,25068.67,25019.11,0.00
2025-11-25,12:18:00,25055.75,25064.75,25051.25,25060,3012,25068.65,25019.29,0.00
2025-11-25,12:19:00,25059.75,25076.25,25051.75,25076.25,3835,25068.65,25019.57,0.00
2025-11-25,12:20:00,25076,25094.75,25075.25,25083.5,5515,25068.71,25020.10,0.00
2025-11-25,12:21:00,25083.25,25106.75,25081,25106.75,4319,25068.81,25020.59,0.00
2025-11-25,12:22:00,25106.5,25125.75,25104.75,25114.25,5827,25069.00,25021.39,0.00
2025-11-25,12:23:00,25114.25,25136.25,25113.75,25118.25,5172,25069.20,25022.15,0.00
2025-11-25,12:24:00,25117.75,25128.5,25103.75,25121.5,4357,25069.36,25022.75,0.00
2025-11-25,12:25:00,25121.25,25124,25099.25,25104,5129,25069.50,25023.38,0.00
2025-11-25,12:26:00,25105,25114.75,25088.5,25089.75,4519,25069.59,25023.86,0.00
2025-11-25,12:27:00,25090,25101.25,25079.75,25098,4174,25069.66,25024.27,0.00
2025-11-25,12:28:00,25098.25,25114.5,25097.25,25107,3603,25069.76,25024.68,0.00
2025-11-25,12:29:00,25107.5,25110,25090,25097.75,3158,25069.83,25025.01,0.00
2025-11-25,12:30:00,25097.75,25114,25094.25,25107.5,2492,25069.89,25025.29,0.00
2025-11-25,12:31:00,25107.5,25121,25102.75,25109.5,4931,25070.03,25025.87,0.00
2025-11-25,12:32:00,25108,25114.5,25101.75,25104,2396,25070.09,25026.14,0.00
2025-11-25,12:33:00,25104,25119.5,25099.25,25119.25,2631,25070.17,25026.45,0.00
2025-11-25,12:34:00,25119.75,25126.25,25108.25,25109.25,3807,25070.29,25026.91,0.00
2025-11-25,12:35:00,25108.5,25117.75,25105.5,25114.25,2096,25070.36,25027.16,0.00
2025-11-25,12:36:00,25114.25,25122.75,25109.5,25113.5,3024,25070.45,25027.52,0.00
2025-11-25,12:37:00,25113,25115,25100.5,25103,2975,25070.52,25027.83,0.00
2025-11-25,12:38:00,25104.25,25119.25,25097.25,25118,3138,25070.61,25028.19,0.00
2025-11-25,12:39:00,25118.5,25122.25,25109,25115.25,2294,25070.69,25028.46,0.00
2025-11-25,12:40:00,25114.5,25125.25,25114.5,25124.5,2447,25070.77,25028.76,0.00
2025-11-25,12:41:00,25124.75,25134.5,25123.5,25130.5,3591,25070.92,25029.24,0.00
2025-11-25,12:42:00,25131,25136,25121.25,25132.25,2557,25071.02,25029.58,0.00
2025-11-25,12:43:00,25132.75,25139.25,25128.75,25138.25,3196,25071.17,25030.03,0.00
2025-11-25,12:44:00,25138.25,25142,25133,25136.25,2570,25071.28,25030.39,0.00
2025-11-25,12:45:00,25136,25138,25122,25124.5,3609,25071.43,25030.85,0.00
2025-11-25,12:46:00,25125,25127,25091.75,25102.75,5973,25071.57,25031.45,0.00
2025-11-25,12:47:00,25102.75,25116.25,25102.25,25109.25,3633,25071.67,25031.81,0.00
2025-11-25,12:48:00,25109.25,25117.25,25095.75,25104.5,3058,25071.74,25032.10,0.00
2025-11-25,12:49:00,25104.75,25109.25,25099,25102,1693,25071.77,25032.26,0.00
2025-11-25,12:50:00,25101.75,25107.75,25094.5,25103.5,2253,25071.82,25032.46,0.00
2025-11-25,12:51:00,25103.75,25132.75,25103.5,25130.5,4721,25071.98,25033.00,0.00
2025-11-25,12:52:00,25130,25135.25,25123.75,25135.25,2297,25072.07,25033.29,0.00
2025-11-25,12:53:00,25135.25,25148.25,25133.25,25146.5,5128,25072.32,25034.00,0.00
2025-11-25,12:54:00,25146,25158.75,25145.5,25154.25,3971,25072.53,25034.59,0.00
2025-11-25,12:55:00,25153.75,25156.25,25148.5,25150.75,1747,25072.63,25034.84,0.00
2025-11-25,12:56:00,25150.75,25160,25143,25156.75,3025,25072.79,25035.29,0.00
2025-11-25,12:57:00,25156.5,25165.75,25153,25164.5,3218,25072.98,25035.79,0.00
2025-11-25,12:58:00,25164.5,25166.25,25157,25160.5,2292,25073.12,25036.15,0.00
2025-11-25,12:59:00,25160.5,25166.75,25153.75,25162.25,2287,25073.25,25036.50,0.00
2025-11-25,13:00:00,25162.5,25164.5,25150.75,25152.75,2176,25073.37,25036.82,0.00
2025-11-25,13:01:00,25152.75,25177.25,25150.25,25161.75,8671,25073.89,25038.16,0.00
2025-11-25,13:02:00,25162.75,25164.25,25151.5,25153.25,2244,25074.01,25038.48,0.00
2025-11-25,13:03:00,25153.25,25164.5,25147,25161.75,2746,25074.16,25038.88,0.00
2025-11-25,13:04:00,25162,25171.25,25160.75,25168,2057,25074.29,25039.20,0.00
2025-11-25,13:05:00,25168,25180.75,25166.5,25178.25,3460,25074.52,25039.76,0.00
2025-11-25,13:06:00,25178.5,25194.75,25178,25191.25,4252,25074.84,25040.52,0.00
2025-11-25,13:07:00,25191.5,25193,25186.5,25188.25,2475,25075.02,25040.96,0.00
2025-11-25,13:08:00,25188.5,25188.75,25177.5,25183.5,3095,25075.24,25041.48,0.00
2025-11-25,13:09:00,25184.25,25190.25,25179.5,25183.5,2306,25075.41,25041.88,0.00
2025-11-25,13:10:00,25183.75,25196,25183.25,25193.5,2277,25075.58,25042.28,0.00
2025-11-25,13:11:00,25193.5,25194.5,25184.75,25189,2052,25075.73,25042.63,0.00
2025-11-25,13:12:00,25189.5,25198.25,25189.5,25196.25,2185,25075.90,25043.03,0.00
2025-11-25,13:13:00,25196.5,25200.75,25192.5,25195.5,2058,25076.06,25043.40,0.00
2025-11-25,13:14:00,25195.75,25202.5,25190.75,25200.75,2087,25076.23,25043.77,0.00
2025-11-25,13:15:00,25201,25205.5,25198.5,25203.25,2225,25076.41,25044.19,0.00
2025-11-25,13:16:00,25203,25208.75,25198.25,25201,3364,25076.68,25044.81,0.00
2025-11-25,13:17:00,25201.25,25201.5,25186.75,25191,3934,25076.98,25045.48,0.00
2025-11-25,13:18:00,25191,25200.5,25188,25196.5,2382,25077.16,25045.90,0.00
2025-11-25,13:19:00,25196.75,25205.25,25190.25,25204,2038,25077.32,25046.26,0.00
2025-11-25,13:20:00,25204,25221,25203.25,25219,5132,25077.77,25047.25,0.00
2025-11-25,13:21:00,25218.5,25229.25,25218,25226.5,3922,25078.14,25048.04,0.00
2025-11-25,13:22:00,25227,25237.5,25225,25236.25,3915,25078.53,25048.86,0.00
2025-11-25,13:23:00,25235.25,25240.75,25229.25,25239.75,2490,25236.58,25049.39,0.00
2025-11-25,13:24:00,25239.75,25254.75,25238,25251,7300,25247.92,25051.02,0.00
2025-11-25,13:25:00,25250.75,25266.5,25248,25264.5,4875,25259.67,25052.16,0.00
2025-11-25,13:26:00,25264.25,25270.5,25259.25,25260.5,4143,25263.42,25053.13,0.00
2025-11-25,13:27:00,25260.5,25267,25251.75,25259,3810,25261.42,25054.00,0.00
2025-11-25,13:28:00,25259,25263.25,25253.5,25259.25,2020,25260.86,25054.46,0.00
2025-11-25,13:29:00,25259,25260,25242,25244.25,3602,25257.65,25055.23,0.00
2025-11-25,13:30:00,25244,25247,25237.5,25244.5,3013,25254.99,25055.85,0.00
2025-11-25,13:31:00,25244.5,25255.25,25243,25250.5,2924,25254.18,25056.47,0.00
2025-11-25,13:32:00,25251,25265.25,25247.25,25262.5,2856,25254.71,25057.10,0.00
2025-11-25,13:33:00,25262.75,25274.5,25260,25269.25,3503,25267.92,25057.90,0.00
2025-11-25,13:34:00,25269,25286.25,25266.5,25284.25,4097,25279.00,25058.88,0.00
2025-11-25,13:35:00,25284.25,25296,25283,25293.25,4512,25290.75,25060.01,0.00
2025-11-25,13:36:00,25293.5,25295.5,25284.5,25290.5,3407,25290.50,25060.85,0.00
2025-11-25,13:37:00,25291.5,25301,25286.75,25297.25,3240,25295.00,25061.66,0.00
2025-11-25,13:38:00,25297.5,25314.5,25297.5,25310.75,5463,25307.58,25063.09,0.00
2025-11-25,13:39:00,25310.75,25311.25,25297.75,25301.75,3970,25305.90,25064.10,0.00
2025-11-25,13:40:00,25301.75,25305.25,25291.25,25294.25,3275,25303.58,25064.90,0.00
2025-11-25,13:41:00,25294.5,25303.25,25291.5,25298.25,2808,25302.51,25065.59,0.00
2025-11-25,13:42:00,25299.25,25301.5,25293.5,25299.5,1464,25302.14,25065.95,0.00
2025-11-25,13:43:00,25299.25,25299.25,25283.75,25288.5,3111,25300.34,25066.68,0.00
2025-11-25,13:44:00,25288.5,25289.75,25279.25,25286.25,2335,25298.75,25067.21,0.00
2025-11-25,13:45:00,25286.75,25288.75,25280,25285.75,2033,25297.59,25067.67,0.00
2025-11-25,13:46:00,25286.25,25299.25,25284.75,25298.25,3072,25297.20,25068.39,0.00
2025-11-25,13:47:00,25298.75,25298.75,25271.75,25273.25,3558,25295.37,25069.18,0.00
2025-11-25,13:48:00,25273.5,25276.75,25262,25268,3904,25292.42,25069.98,0.00
2025-11-25,13:49:00,25267.5,25274.75,25259.5,25273,3287,25290.42,25070.65,0.00
2025-11-25,13:50:00,25273,25280.75,25271.5,25277.75,2304,25289.64,25071.14,0.00
2025-11-25,13:51:00,25278.25,25280.5,25270.25,25278.75,1968,25289.03,25071.55,0.00
2025-11-25,13:52:00,25278.75,25287.25,25274.25,25278.5,2853,25288.46,25072.16,0.00
2025-11-25,13:53:00,25278,25284.5,25272.5,25273,1322,25288.13,25072.43,0.00
2025-11-25,13:54:00,25273.5,25278.75,25269.25,25272.25,1659,25287.63,25072.77,0.00
2025-11-25,13:55:00,25272.75,25274.75,25258.5,25270.25,2516,25286.65,25073.27,0.00
2025-11-25,13:56:00,25270.25,25277,25268.75,25272.5,1564,25286.23,25073.59,0.00
2025-11-25,13:57:00,25272,25274.5,25261.75,25267,1486,25285.72,25073.88,0.00
2025-11-25,13:58:00,25266.75,25269.5,25251,25255.5,3008,25284.29,25074.44,0.00
2025-11-25,13:59:00,25255.5,25257.25,25240.75,25242,4014,25281.82,25075.13,0.00
2025-11-25,14:00:00,25242.75,25244.25,25229.75,25239.25,4595,25278.73,25075.88,0.00
2025-11-25,14:01:00,25239.75,25250.5,25236.25,25245.5,4173,25276.66,25076.57,0.00
2025-11-25,14:02:00,25245.25,25257.5,25244.5,25253,2965,25275.64,25077.09,0.00
2025-11-25,14:03:00,25253,25257.25,25244.25,25252.5,2323,25274.88,25077.49,0.00
2025-11-25,14:04:00,25252.75,25264.25,25251,25259.75,2960,25274.26,25078.02,0.00
2025-11-25,14:05:00,25259.75,25266.75,25254.75,25257.25,1987,25273.89,25078.37,0.00
2025-11-25,14:06:00,25257.75,25261.75,25249,25252.25,2189,25273.37,25078.75,0.00
2025-11-25,14:07:00,25252.25,25256,25244,25249,2302,25272.72,25079.14,0.00
2025-11-25,14:08:00,25249,25251.25,25243.75,25249.25,1553,25272.28,25079.39,0.00
2025-11-25,14:09:00,25249.5,25258,25245.25,25254.75,1700,25271.90,25079.68,0.00
2025-11-25,14:10:00,25254.75,25263.5,25250.75,25263.25,2114,25271.60,25080.05,0.00
2025-11-25,14:11:00,25263.75,25270.25,25256,25259.75,3203,25271.27,25080.62,0.00
2025-11-25,14:12:00,25259.25,25259.75,25245.5,25255.5,2651,25270.78,25081.06,0.00
2025-11-25,14:13:00,25255.5,25261.75,25254,25258.75,1620,25270.57,25081.34,0.00
2025-11-25,14:14:00,25258.75,25265.75,25254.75,25261,1395,25270.43,25081.58,0.00
2025-11-25,14:15:00,25260.75,25261.25,25251.5,25253.5,1445,25270.21,25081.83,0.00
2025-11-25,14:16:00,25253.25,25262,25243.75,25252,4205,25269.50,25082.52,0.00
2025-11-25,14:17:00,25251.75,25255,25248,25249.25,1109,25269.30,25082.69,0.00
2025-11-25,14:18:00,25248.25,25252.5,25244,25245,1416,25269.01,25082.92,0.00
2025-11-25,14:19:00,25245.25,25251,25241,25247.25,1618,25268.67,25083.17,0.00
2025-11-25,14:20:00,25247.25,25256.25,25242,25255,1705,25268.40,25083.45,0.00
2025-11-25,14:21:00,25254.5,25256.75,25243.75,25248.75,1633,25268.13,25083.70,0.00
2025-11-25,14:22:00,25248.25,25258.75,25246,25247,2673,25267.72,25084.13,0.00
2025-11-25,14:23:00,25247,25258.25,25241,25257.25,3205,25267.30,25084.64,0.00
2025-11-25,14:24:00,25257.5,25265.75,25254,25264.5,1742,25267.21,25084.93,0.00
2025-11-25,14:25:00,25263.75,25272.5,25258.5,25270,2665,25267.21,25085.39,0.00
2025-11-25,14:26:00,25269.75,25271.25,25264.25,25265.5,1509,25267.20,25085.65,0.00
2025-11-25,14:27:00,25265.5,25271.25,25261.75,25269,1525,25267.20,25085.91,0.00
2025-11-25,14:28:00,25269.25,25273.25,25262,25264.75,2371,25267.19,25086.31,0.00
2025-11-25,14:29:00,25265.5,25272.75,25264,25272.5,1284,25267.22,25086.54,0.00
2025-11-25,14:30:00,25272.75,25276.25,25268.25,25276,1458,25267.29,25086.79,0.00
2025-11-25,14:31:00,25276.25,25281.75,25274,25279.25,2592,25267.51,25087.26,0.00
2025-11-25,14:32:00,25279,25280.25,25274.25,25275.5,1235,25267.59,25087.47,0.00
2025-11-25,14:33:00,25275,25277,25267.5,25275.5,1670,25267.66,25087.76,0.00
2025-11-25,14:34:00,25276.25,25280,25272.25,25275.25,1168,25267.73,25087.97,0.00
2025-11-25,14:35:00,25275.25,25276.75,25270.75,25275.5,1087,25267.78,25088.16,0.00
2025-11-25,14:36:00,25275.25,25277.25,25271.25,25274.5,959,25267.83,25088.32,0.00
2025-11-25,14:37:00,25275,25276,25264,25270,2176,25267.86,25088.69,0.00
2025-11-25,14:38:00,25269.75,25271.5,25256.75,25260.75,2538,25267.78,25089.10,0.00
2025-11-25,14:39:00,25260.75,25262.75,25255,25257,1655,25267.67,25089.36,0.00
2025-11-25,14:40:00,25257.75,25271.5,25257.75,25265,1807,25267.63,25089.65,0.00
2025-11-25,14:41:00,25264.5,25266.5,25253.5,25259,2120,25267.52,25089.98,0.00
2025-11-25,14:42:00,25259.75,25270,25259.25,25267,1720,25267.49,25090.26,0.00
2025-11-25,14:43:00,25266.25,25273.75,25264.25,25266.5,1522,25267.50,25090.51,0.00
2025-11-25,14:44:00,25266,25269,25260,25264,1164,25267.48,25090.70,0.00
2025-11-25,14:45:00,25264.25,25267.25,25260,25265,758,25267.46,25090.82,0.00
2025-11-25,14:46:00,25265.5,25276.5,25265.5,25273.25,1882,25267.51,25091.13,0.00
2025-11-25,14:47:00,25273,25278.25,25271,25277.75,1363,25267.58,25091.36,0.00
2025-11-25,14:48:00,25277.75,25293.5,25277.25,25291.5,3251,25267.98,25091.94,0.00
2025-11-25,14:49:00,25291.5,25302.75,25289.5,25299.25,2779,25268.48,25092.46,0.00
2025-11-25,14:50:00,25299.75,25299.75,25286.5,25290.5,2345,25268.81,25092.88,0.00
2025-11-25,14:51:00,25290.25,25296.5,25286.75,25296.5,1602,25269.05,25093.18,0.00
2025-11-25,14:52:00,25296.75,25298.25,25289,25291.25,1496,25269.26,25093.45,0.00
2025-11-25,14:53:00,25290.75,25296.75,25289.75,25293.75,1333,25269.45,25093.69,0.00
2025-11-25,14:54:00,25294,25297.25,25291.25,25293.25,685,25269.54,25093.81,0.00
2025-11-25,14:55:00,25293,25299,25292.25,25292.75,925,25269.68,25093.98,0.00
2025-11-25,14:56:00,25292.75,25293,25280,25280.75,2422,25269.89,25094.39,0.00
2025-11-25,14:57:00,25281.5,25285.75,25275,25278.5,2319,25270.02,25094.78,0.00
2025-11-25,14:58:00,25278.5,25287,25274.25,25283,1582,25270.12,25095.05,0.00
2025-11-25,14:59:00,25283,25283.75,25277,25281.75,867,25270.17,25095.19,0.00
2025-11-25,15:00:00,25281.75,25282.5,25275.5,25277,986,25270.21,25095.35,0.00
2025-11-25,15:01:00,25277.5,25286.5,25273.25,25282.25,2331,25270.35,25095.74,0.00
2025-11-25,15:02:00,25282,25284,25279.5,25279.75,1114,25270.41,25095.92,0.00
2025-11-25,15:03:00,25280.25,25283.25,25277.75,25281,879,25270.46,25096.07,0.00
2025-11-25,15:04:00,25281,25281.5,25268,25269,2804,25270.50,25096.51,0.00
2025-11-25,15:05:00,25268.75,25272.25,25259.5,25266.75,2836,25270.43,25096.94,0.00
2025-11-25,15:06:00,25267,25276,25260.75,25273.75,2048,25270.43,25097.25,0.00
2025-11-25,15:07:00,25274.5,25280.75,25272.5,25273.5,1696,25270.47,25097.52,0.00
2025-11-25,15:08:00,25273.75,25274.75,25265.5,25268.75,1376,25270.47,25097.73,0.00
2025-11-25,15:09:00,25268.75,25269.25,25255.75,25264.25,2158,25270.39,25098.04,0.00
2025-11-25,15:10:00,25263.5,25266.75,25258.75,25263,1473,25270.33,25098.26,0.00
2025-11-25,15:11:00,25263.25,25269.25,25255.5,25267.75,1655,25270.28,25098.50,0.00
2025-11-25,15:12:00,25267.25,25271.75,25264.25,25264.25,1286,25270.26,25098.69,0.00
2025-11-25,15:13:00,25264.25,25264.75,25256.75,25260,1354,25270.19,25098.88,0.00
2025-11-25,15:14:00,25260.25,25264.25,25256.5,25263.5,1280,25270.14,25099.06,0.00
2025-11-25,15:15:00,25263.5,25267.25,25261.25,25261.5,1138,25270.10,25099.23,0.00
2025-11-25,15:16:00,25262.5,25265.75,25254.5,25257.5,1203,25270.04,25099.40,0.00
2025-11-25,15:17:00,25257.75,25259.25,25241.25,25243.75,3201,25269.70,25099.81,0.00
2025-11-25,15:18:00,25243.25,25248,25238.25,25242,2610,25269.37,25100.14,0.00
2025-11-25,15:19:00,25242,25248,25224.5,25224.75,3820,25268.72,25100.57,0.00
2025-11-25,15:20:00,25225.25,25233.5,25207.75,25228,6535,25267.38,25101.27,0.00
2025-11-25,15:21:00,25227.75,25228,25215.75,25225.75,2952,25266.81,25101.58,0.00
2025-11-25,15:22:00,25225.5,25234.75,25217,25233.25,2749,25266.34,25101.87,0.00
2025-11-25,15:23:00,25233.25,25244.25,25227,25232,3925,25265.81,25102.32,0.00
2025-11-25,15:24:00,25232,25235,25224.75,25233.5,1975,25265.51,25102.54,0.00
2025-11-25,15:25:00,25233,25240,25232,25234.75,1566,25265.31,25102.71,0.00
2025-11-25,15:26:00,25235,25244,25232.25,25233.75,1881,25265.09,25102.93,0.00
2025-11-25,15:27:00,25233.75,25233.75,25224.5,25229.25,2122,25264.77,25103.16,0.00
2025-11-25,15:28:00,25228.75,25232,25225.25,25225.75,1334,25264.57,25103.30,0.00
2025-11-25,15:29:00,25226,25235.5,25223,25233.5,1299,25264.38,25103.44,0.00
2025-11-25,15:30:00,25233.75,25236.75,25231.25,25235.75,1338,25264.22,25103.59,0.00
2025-11-25,15:31:00,25235.25,25241.75,25233.75,25238.25,1843,25264.02,25103.80,0.00
2025-11-25,15:32:00,25238.25,25241,25226.25,25228.75,2008,25263.77,25104.01,0.00
2025-11-25,15:33:00,25229.25,25235.75,25223.5,25225,1412,25263.56,25104.16,0.00
2025-11-25,15:34:00,25225,25235,25221.5,25233.25,2393,25263.24,25104.42,0.00
2025-11-25,15:35:00,25232.5,25235.5,25225.75,25228,1376,25263.06,25104.56,0.00
2025-11-25,15:36:00,25227.5,25229.75,25219.75,25225.75,1592,25262.82,25104.72,0.00
2025-11-25,15:37:00,25225.25,25226.25,25213.5,25216.75,2562,25262.39,25104.97,0.00
2025-11-25,15:38:00,25218,25222,25209.75,25212.25,1907,25262.04,25105.14,0.00
2025-11-25,15:39:00,25212,25219.5,25205.25,25217.5,3077,25261.47,25105.42,0.00
2025-11-25,15:40:00,25217.5,25217.75,25210.75,25213,1412,25261.22,25105.55,0.00
2025-11-25,15:41:00,25212.5,25212.5,25191.5,25194.5,4581,25260.16,25105.91,0.00
2025-11-25,15:42:00,25194.25,25209.75,25191.25,25207.25,2800,25259.57,25106.13,0.00
2025-11-25,15:43:00,25207.25,25208,25200,25201.75,1809,25259.20,25106.28,0.00
2025-11-25,15:44:00,25202.5,25216.25,25201.5,25212.75,2674,25258.72,25106.51,0.00
2025-11-25,15:45:00,25212.75,25221.5,25212,25220,2152,25258.41,25106.70,0.00
2025-11-25,15:46:00,25219.75,25227.75,25214,25221.25,2326,25258.10,25106.92,0.00
2025-11-25,15:47:00,25221.75,25222,25213,25215,1471,25257.88,25107.06,0.00
2025-11-25,15:48:00,25214.5,25222.75,25213.75,25218.5,1169,25257.72,25107.16,0.00
2025-11-25,15:49:00,25218.25,25219.75,25206,25207.75,2148,25257.36,25107.34,0.00
2025-11-25,15:50:00,25207.25,25218.5,25206.75,25215.25,1559,25257.13,25107.48,0.00
2025-11-25,15:51:00,25215.25,25227,25213.5,25226.5,1941,25256.89,25107.66,0.00
2025-11-25,15:52:00,25226.5,25236.25,25225.75,25233.25,2700,25256.66,25107.94,0.00
2025-11-25,15:53:00,25233.25,25245.75,25232,25244.75,2579,25256.52,25108.21,0.00
2025-11-25,15:54:00,25245,25254.25,25244.75,25250.25,3635,25256.44,25108.63,0.00
2025-11-25,15:55:00,25250,25255,25249.75,25251.5,1894,25256.41,25108.85,0.00
2025-11-25,15:56:00,25251.5,25262.75,25244.75,25262,2920,25256.41,25109.20,0.00
2025-11-25,15:57:00,25261.75,25266.5,25260.25,25264.75,2133,25256.46,25109.47,0.00
2025-11-25,15:58:00,25264.75,25273.25,25264.75,25267.25,2249,25256.55,25109.75,0.00
2025-11-25,15:59:00,25267.25,25273,25266.5,25269.75,1098,25256.60,25109.89,0.00
2025-11-25,16:00:00,25270,25271.25,25265.25,25267,1148,25256.64,25110.04,0.00
2025-11-25,16:01:00,25267,25284.5,25266,25283.5,3136,25256.85,25110.46,0.00
2025-11-25,16:02:00,25283.5,25287,25278,25283.75,2763,25257.08,25110.84,0.00
2025-11-25,16:03:00,25283.75,25287.75,25279,25282.5,1430,25257.20,25111.04,0.00
2025-11-25,16:04:00,25282.75,25288.75,25279.5,25286.25,1572,25257.34,25111.26,0.00
2025-11-25,16:05:00,25286.25,25294.75,25285,25289.25,2653,25257.60,25111.64,0.00
2025-11-25,16:06:00,25289.25,25290.5,25284,25287.5,1374,25257.73,25111.83,0.00
2025-11-25,16:07:00,25288.5,25290.25,25284.25,25289.25,1264,25257.85,25112.00,0.00
2025-11-25,16:08:00,25289.25,25295.75,25284.5,25292.75,1596,25258.01,25112.23,0.00
2025-11-25,16:09:00,25292.5,25299,25290.5,25294.75,2019,25258.24,25112.52,0.00
2025-11-25,16:10:00,25294.5,25295.75,25286.25,25288.25,1715,25258.41,25112.76,0.00
2025-11-25,16:11:00,25287.5,25289.5,25281.75,25286.25,2332,25258.60,25113.08,0.00
2025-11-25,16:12:00,25286.75,25288.75,25276.75,25283.25,2165,25258.76,25113.37,0.00
2025-11-25,16:13:00,25283.25,25285,25277,25278,1110,25258.83,25113.52,0.00
2025-11-25,16:14:00,25278,25288.75,25276.75,25287.25,1348,25258.93,25113.70,0.00
2025-11-25,16:15:00,25286.75,25290.75,25282.75,25283.5,1235,25259.03,25113.87,0.00
2025-11-25,16:16:00,25283.25,25290.5,25278,25288,1534,25259.15,25114.07,0.00
2025-11-25,16:17:00,25287.75,25290,25280.25,25282.75,1051,25259.23,25114.21,0.00
2025-11-25,16:18:00,25283,25285.75,25280.5,25284,598,25259.27,25114.29,0.00
2025-11-25,16:19:00,25284.25,25289.75,25283.75,25288.5,752,25259.33,25114.39,0.00
2025-11-25,16:20:00,25288.75,25293.25,25287.25,25290,1441,25259.46,25114.59,0.00
2025-11-25,16:21:00,25289.5,25293.75,25288.5,25291.25,1020,25259.56,25114.73,0.00
2025-11-25,16:22:00,25291.5,25292.75,25286.5,25289.75,1133,25259.66,25114.89,0.00
2025-11-25,16:23:00,25290.75,25297.75,25289.75,25293.75,1501,25259.80,25115.10,0.00
2025-11-25,16:24:00,25293.75,25298,25290.75,25295.75,1005,25259.90,25115.24,0.00
2025-11-25,16:25:00,25296.25,25301,25295,25296.75,1559,25260.07,25115.46,0.00
2025-11-25,16:26:00,25296.75,25298,25290,25294,1292,25260.20,25115.64,0.00
2025-11-25,16:27:00,25294.25,25296.75,25287.5,25291.25,1511,25260.34,25115.85,0.00
2025-11-25,16:28:00,25291.25,25303.25,25289,25300.75,1814,25260.53,25116.10,0.00
2025-11-25,16:29:00,25300.75,25306,25299.5,25303.5,1674,25260.73,25116.35,0.00
2025-11-25,16:30:00,25304,25304,25299.5,25301,1123,25260.86,25116.51,0.00
2025-11-25,16:31:00,25301,25311.5,25299.75,25309.25,2699,25261.20,25116.90,0.00
2025-11-25,16:32:00,25309.25,25334.25,25308.75,25326.25,5559,25323.08,25117.79,0.00
2025-11-25,16:33:00,25326.75,25327.75,25319,25319.75,2416,25322.81,25118.16,0.00
2025-11-25,16:34:00,25319.5,25323,25316.25,25321.75,1408,25322.43,25118.38,0.00
2025-11-25,16:35:00,25322.25,25329,25319.25,25326.5,1561,25322.79,25118.63,0.00
2025-11-25,16:36:00,25326,25337.5,25326,25335.75,2691,25333.08,25119.07,0.00
2025-11-25,16:37:00,25335.5,25335.75,25325,25329.75,2130,25331.79,25119.41,0.00
2025-11-25,16:38:00,25330.5,25331,25324.5,25328.25,1397,25330.92,25119.64,0.00
2025-11-25,16:39:00,25328,25337.25,25327.5,25333.75,1662,25331.33,25119.91,0.00
2025-11-25,16:40:00,25333.25,25336,25325.75,25335,1749,25331.49,25120.19,0.00
2025-11-25,16:41:00,25335.5,25339.75,25332.75,25333.75,1708,25335.42,25120.47,0.00
2025-11-25,16:42:00,25333.5,25334.5,25323,25333,2736,25332.18,25120.90,0.00
2025-11-25,16:43:00,25333,25336.5,25329.25,25334.75,1421,25332.50,25121.13,0.00
2025-11-25,16:44:00,25334.5,25338.5,25331,25336,1115,25332.93,25121.31,0.00
2025-11-25,16:45:00,25336.5,25339.5,25330,25331.75,1269,25333.06,25121.52,0.00
2025-11-25,16:46:00,25332.25,25337,25323.25,25330.5,2641,25332.37,25121.93,0.00
2025-11-25,16:47:00,25331.25,25339.5,25328.75,25339.5,1567,25332.82,25122.19,0.00
2025-11-25,16:48:00,25339.5,25345.75,25335.5,25344.25,2034,25341.83,25122.52,0.00
2025-11-25,16:49:00,25344.5,25354.5,25340.5,25350.5,3266,25348.50,25123.08,0.00
2025-11-25,16:50:00,25350.25,25350.25,25344.25,25347.25,1713,25348.07,25123.36,0.00
2025-11-25,16:51:00,25347,25373,25346.25,25367.25,5833,25362.17,25124.40,0.00
2025-11-25,16:52:00,25367.75,25371.5,25363.25,25371.5,2018,25363.86,25124.77,0.00
2025-11-25,16:53:00,25371,25382.25,25370,25377.5,3656,25376.58,25125.46,0.00
2025-11-25,16:54:00,25377.75,25387.25,25376,25384.5,2865,25382.58,25126.00,0.00
2025-11-25,16:55:00,25384.25,25389,25360.75,25366.5,5484,25372.08,25127.00,0.00
2025-11-25,16:56:00,25366.75,25375.5,25361,25364.75,3220,25370.23,25127.57,0.00
2025-11-25,16:57:00,25365,25365.5,25355.75,25360.5,2515,25368.07,25128.00,0.00
2025-11-25,16:58:00,25359.75,25359.75,25345.25,25352.25,3124,25364.66,25128.51,0.00
2025-11-25,16:59:00,25351.75,25352.75,25343.75,25351.75,2440,25362.44,25128.91,0.00
2025-11-25,17:00:00,25351.25,25354.5,25332.5,25332.5,7584,25355.41,25130.07,0.00
2025-11-25,17:01:00,25332.5,25339.25,25326,25337.75,5074,25351.78,25130.83,0.00
2025-11-25,17:02:00,25338.5,25353,25338.5,25348.75,2537,25351.38,25131.22,0.00
2025-11-25,17:03:00,25349.75,25351.5,25339.5,25340.5,1425,25351.05,25131.44,0.00
2025-11-25,17:04:00,25339.5,25345.25,25337,25344.5,1034,25350.79,25131.60,0.00
2025-11-25,17:05:00,25344.5,25344.5,25338.75,25342,782,25350.59,25131.72,0.00
2025-11-25,17:06:00,25342.25,25342.5,25331.75,25333,1370,25350.03,25131.92,0.00
2025-11-25,17:07:00,25333.5,25336.25,25328.25,25333.25,916,25349.61,25132.05,0.00
2025-11-25,17:08:00,25333.25,25333.25,25325.25,25326.5,790,25349.17,25132.17,0.00
2025-11-25,17:09:00,25327.25,25328,25323.25,25327.5,710,25348.75,25132.26,0.00
2025-11-25,17:10:00,25327.75,25331.75,25324.25,25330,967,25348.27,25132.40,0.00
2025-11-25,17:11:00,25329.75,25334.25,25325.75,25332.25,571,25348.02,25132.48,0.00
2025-11-25,17:12:00,25332.5,25332.5,25329.5,25331.25,320,25347.89,25132.53,0.00
2025-11-25,17:13:00,25331,25332,25326.5,25329,388,25347.71,25132.58,0.00
2025-11-25,17:14:00,25329.5,25331.75,25327.5,25328.5,362,25347.55,25132.63,0.00
2025-11-25,17:15:00,25328,25335.75,25328,25330.75,540,25347.34,25132.71,0.00
2025-11-25,17:16:00,25330.75,25333.5,25330,25331.25,277,25347.24,25132.75,0.00
2025-11-25,17:17:00,25331.5,25334.75,25330.5,25333,188,25347.18,25132.78,0.00
2025-11-25,17:18:00,25332.75,25335.25,25330.5,25333.75,299,25347.08,25132.82,0.00
2025-11-25,17:19:00,25334,25334,25331,25334,163,25347.03,25132.85,0.00
2025-11-25,17:20:00,25334.25,25335,25331.75,25331.75,223,25346.95,25132.88,0.00
2025-11-25,17:21:00,25331.5,25331.75,25323.5,25325,593,25346.68,25132.96,0.00
2025-11-25,17:22:00,25324.75,25327,25323.25,25325.5,275,25346.55,25133.00,0.00
2025-11-25,17:23:00,25325.75,25328.75,25323.25,25328.5,297,25346.42,25133.04,0.00
2025-11-25,17:24:00,25328.25,25329.75,25325.75,25326.25,222,25346.32,25133.07,0.00
2025-11-25,17:25:00,25327,25329,25325,25327.25,212,25346.23,25133.10,0.00
2025-11-25,17:26:00,25326.5,25327.25,25325.5,25327,124,25346.18,25133.12,0.00
2025-11-25,17:27:00,25327,25328.5,25326,25326.5,186,25346.10,25133.14,0.00
2025-11-25,17:28:00,25326,25326,25322.5,25323,300,25345.95,25133.18,0.00
2025-11-25,17:29:00,25323.25,25323.25,25319,25321.5,406,25345.73,25133.24,0.00
2025-11-25,17:30:00,25322,25324.5,25320.25,25321.25,327,25345.56,25133.28,0.00
2025-11-25,17:31:00,25321,25324.75,25320.25,25324.25,245,25345.44,25133.32,0.00
2025-11-25,17:32:00,25324.5,25327,25322.75,25325.5,336,25345.30,25133.36,0.00
2025-11-25,17:33:00,25325.5,25327.25,25323.75,25326.5,306,25345.17,25133.40,0.00
2025-11-25,17:34:00,25326.75,25330.5,25326.5,25328,287,25345.07,25133.44,0.00
2025-11-25,17:35:00,25327.5,25328.5,25324,25324.5,189,25344.99,25133.47,0.00
2025-11-25,17:36:00,25324.75,25325.25,25322,25323.25,261,25344.88,25133.51,0.00
2025-11-25,17:37:00,25323.75,25323.75,25320.5,25321.5,200,25344.78,25133.53,0.00
2025-11-25,17:38:00,25321,25321,25317.75,25318.25,395,25344.57,25133.59,0.00
2025-11-25,17:39:00,25318.5,25320.5,25316.75,25319.25,356,25344.38,25133.63,0.00
2025-11-25,17:40:00,25319.25,25320,25318.5,25319.25,210,25344.28,25133.66,0.00
2025-11-25,17:41:00,25319.25,25319.25,25312.5,25316.25,595,25343.94,25133.74,0.00
2025-11-25,17:42:00,25316.25,25319.25,25315.75,25317.5,180,25343.84,25133.76,0.00
2025-11-25,17:43:00,25317.75,25321,25315.75,25321,243,25343.72,25133.79,0.00
2025-11-25,17:44:00,25321,25321.5,25318.75,25319.75,198,25343.63,25133.82,0.00
2025-11-25,17:45:00,25319.5,25320,25318,25319,238,25343.51,25133.85,0.00
2025-11-25,17:46:00,25319.25,25319.25,25316.25,25316.75,227,25343.39,25133.88,0.00
2025-11-25,17:47:00,25317,25320.75,25316,25319.25,138,25343.33,25133.90,0.00
2025-11-25,17:48:00,25319.75,25322.75,25317,25321.75,401,25343.15,25133.95,0.00
2025-11-25,17:49:00,25322,25323,25317.5,25319,182,25343.07,25133.98,0.00
2025-11-25,17:50:00,25319,25320,25317.25,25317.75,159,25342.99,25134.00,0.00
2025-11-25,17:51:00,25318.25,25318.25,25313.75,25316,294,25342.84,25134.04,0.00
2025-11-25,17:52:00,25315.5,25317.25,25314.5,25315.75,131,25342.77,25134.05,0.00
2025-11-25,17:53:00,25316,25318,25314.75,25318,214,25342.66,25134.08,0.00
2025-11-25,17:54:00,25317.75,25318.75,25316.75,25317.75,75,25342.63,25134.09,0.00
2025-11-25,17:55:00,25317.75,25319.5,25316.25,25317,127,25342.57,25134.11,0.00
2025-11-25,17:56:00,25317.25,25320.75,25316.5,25319,279,25342.44,25134.15,0.00
2025-11-25,17:57:00,25319.5,25320.75,25318.25,25320.75,85,25342.40,25134.16,0.00
2025-11-25,17:58:00,25320.25,25320.5,25318.75,25320.25,128,25342.35,25134.17,0.00
2025-11-25,17:59:00,25320.25,25320.5,25317.25,25317.75,160,25342.28,25134.19,0.00
2025-11-25,18:00:00,25318,25319.5,25317,25317.75,224,25342.18,25134.22,0.00
2025-11-25,19:01:00,25323.25,25335.25,25317.75,25323.75,1116,25325.58,25325.58,0.00
2025-11-25,19:02:00,25323.75,25334.25,25321.25,25323.75,555,25325.86,25325.86,0.00
2025-11-25,19:03:00,25323.75,25325.25,25320.75,25324.75,173,25325.65,25325.65,0.00
2025-11-25,19:04:00,25325,25329.5,25321.5,25328.25,336,25325.77,25325.77,0.00
2025-11-25,19:05:00,25328.75,25338,25327.75,25335.25,806,25333.67,25327.90,0.00
2025-11-25,19:06:00,25334.75,25337.75,25331.75,25336,448,25334.20,25328.85,0.00
2025-11-25,19:07:00,25335,25347.5,25333.25,25345.75,692,25342.17,25331.08,0.00
2025-11-25,19:08:00,25345.75,25346.5,25340,25342.25,375,25342.43,25332.07,0.00
2025-11-25,19:09:00,25340.75,25341,25336,25337.25,284,25341.52,25332.42,0.00
2025-11-25,19:10:00,25337.5,25341.5,25331,25340.5,310,25340.80,25332.74,0.00
2025-11-25,19:11:00,25341,25341.5,25336.5,25337.5,176,25340.58,25332.93,0.00
2025-11-25,19:12:00,25336.5,25344,25335.75,25341,273,25340.54,25333.30,0.00
2025-11-25,19:13:00,25341.75,25343.75,25338.75,25342.75,212,25340.65,25333.61,0.00
2025-11-25,19:14:00,25343,25345.25,25339.75,25340.75,217,25340.75,25333.91,0.00
2025-11-25,19:15:00,25341.75,25342.5,25338.5,25341.25,147,25340.75,25334.07,0.00
2025-11-25,19:16:00,25342.25,25342.25,25335.5,25337,266,25340.53,25334.25,0.00
2025-11-25,19:17:00,25336.25,25338.5,25331.25,25332.75,253,25340.03,25334.24,0.00
2025-11-25,19:18:00,25333.5,25335.5,25330.75,25331.5,207,25339.58,25334.19,0.00
2025-11-25,19:19:00,25332,25334.5,25328.25,25329.75,300,25338.87,25334.05,0.00
2025-11-25,19:20:00,25329.5,25332.75,25328.25,25331,262,25338.33,25333.93,0.00
2025-11-25,19:21:00,25331.5,25335.75,25329.75,25333.75,283,25337.98,25333.90,0.00
2025-11-25,19:22:00,25333.75,25335.25,25330.25,25331.25,143,25337.79,25333.87,0.00
2025-11-25,19:23:00,25330.75,25336.75,25330.25,25332.25,156,25337.63,25333.86,0.00
2025-11-25,19:24:00,25332.5,25334.25,25330.25,25331.75,154,25337.45,25333.82,0.00
2025-11-25,19:25:00,25331.25,25333,25329.5,25332.5,207,25337.21,25333.77,0.00
2025-11-25,19:26:00,25332.5,25334.25,25330.25,25332.75,184,25337.03,25333.74,0.00
2025-11-25,19:27:00,25332.5,25333.5,25330.5,25332.75,147,25336.90,25333.71,0.00
2025-11-25,19:28:00,25331.75,25333.25,25331.25,25331.75,65,25336.84,25333.70,0.00
2025-11-25,19:29:00,25332,25334,25329.75,25333.75,165,25336.71,25333.68,0.00
2025-11-25,19:30:00,25333.5,25337,25333.5,25335.5,245,25336.65,25333.72,0.00
2025-11-25,19:31:00,25336.25,25337,25334.5,25336.25,164,25336.63,25333.76,0.00
2025-11-25,19:32:00,25336.25,25339.5,25333.75,25336,276,25336.62,25333.84,0.00
2025-11-25,19:33:00,25336.5,25337.25,25331.25,25334.25,317,25336.51,25333.85,0.00
2025-11-25,19:34:00,25334.25,25335.5,25329.5,25330.25,181,25336.38,25333.81,0.00
2025-11-25,19:35:00,25330,25333.5,25329,25332,262,25336.19,25333.76,0.00
2025-11-25,19:36:00,25332.25,25335.25,25331.25,25333,160,25336.12,25333.75,0.00
2025-11-25,19:37:00,25332.25,25333.25,25327.25,25329.5,201,25335.95,25333.68,0.00
2025-11-25,19:38:00,25329.75,25333,25329.25,25331,138,25335.86,25333.64,0.00
2025-11-25,19:39:00,25330.25,25333.25,25328.75,25331.75,141,25335.78,25333.61,0.00
2025-11-25,19:40:00,25332.25,25334.25,25330,25333.75,98,25335.74,25333.60,0.00
2025-11-25,19:41:00,25334.5,25335.75,25332.25,25332.5,172,25335.69,25333.60,0.00
2025-11-25,19:42:00,25332.75,25333.5,25329,25330,105,25335.62,25333.58,0.00
2025-11-25,19:43:00,25331.25,25332.75,25330,25330.75,106,25335.57,25333.56,0.00
2025-11-25,19:44:00,25331.25,25334.25,25330.5,25333.25,161,25335.51,25333.54,0.00
2025-11-25,19:45:00,25333.5,25334,25331,25331.5,134,25335.46,25333.53,0.00
2025-11-25,19:46:00,25331.75,25334.5,25328.25,25330,177,25335.36,25333.49,0.00
2025-11-25,19:47:00,25329.5,25329.5,25325.5,25326,345,25335.04,25333.31,0.00
2025-11-25,19:48:00,25326.25,25331.25,25326.25,25330.5,161,25334.93,25333.26,0.00
2025-11-25,19:49:00,25330.25,25330.75,25328,25330.75,152,25334.85,25333.21,0.00
2025-11-25,19:50:00,25330.75,25331.25,25325,25325.75,264,25334.64,25333.09,0.00
2025-11-25,19:51:00,25325.75,25327,25323.25,25323.25,181,25334.45,25332.97,0.00
2025-11-25,19:52:00,25324,25326.25,25320,25322.25,353,25334.04,25332.71,0.00
2025-11-25,19:53:00,25322.25,25323.25,25317.25,25319.75,667,25333.16,25320.08,0.00
2025-11-25,19:54:00,25319.75,25323.75,25318.25,25323.25,238,25332.91,25320.52,0.00
2025-11-25,19:55:00,25323,25323,25318.75,25319.75,165,25332.73,25320.52,0.00
2025-11-25,19:56:00,25320,25323.25,25315,25319.75,414,25332.24,25319.33,0.00
2025-11-25,19:57:00,25320.25,25325,25320.25,25322.75,271,25332.02,25320.65,0.00
2025-11-25,19:58:00,25323,25333.25,25323,25332.25,455,25331.93,25324.18,0.00
2025-11-25,19:59:00,25333,25341.75,25332.25,25338.5,781,25332.26,25329.60,0.00
2025-11-25,20:00:00,25338.25,25343.25,25337,25339.5,424,25332.51,25331.46,0.00
2025-11-25,20:01:00,25339.75,25345.25,25338.25,25341,904,25333.07,25334.26,0.00
2025-11-25,20:02:00,25340.5,25341.75,25332,25335.75,463,25333.18,25334.54,0.00
2025-11-25,20:03:00,25335,25339.5,25331.75,25337,326,25333.24,25334.66,0.00
2025-11-25,20:04:00,25337.25,25339.25,25334.5,25336.75,212,25333.29,25334.77,0.00
2025-11-25,20:05:00,25336.75,25337,25329.75,25332.25,284,25333.29,25334.66,0.00
2025-11-25,20:06:00,25332.75,25334,25321.5,25324.25,580,25333.05,25333.74,0.00
2025-11-25,20:07:00,25324.75,25328.25,25320,25327.75,408,25332.86,25333.12,0.00
2025-11-25,20:08:00,25328.5,25330.75,25325.75,25327.5,260,25332.78,25332.89,0.00
2025-11-25,20:09:00,25328.25,25333.75,25326.75,25333,356,25332.75,25332.79,0.00
2025-11-25,20:10:00,25333.25,25342.25,25332.5,25341,568,25332.94,25333.28,0.00
2025-11-25,20:11:00,25341.75,25346.5,25339.5,25344.75,552,25333.26,25334.06,0.00
2025-11-25,20:12:00,25345,25346.5,25341,25341.5,289,25333.41,25334.41,0.00
2025-11-25,20:13:00,25342.5,25345.5,25340.25,25341.5,257,25333.53,25334.67,0.00
2025-11-25,20:14:00,25340.75,25343,25339.5,25340,158,25333.59,25334.79,0.00
2025-11-25,20:15:00,25339.25,25339.75,25334.25,25335,348,25333.64,25334.86,0.00
2025-11-25,20:16:00,25335.5,25345.75,25335,25344,597,25333.88,25335.31,0.00
2025-11-25,20:17:00,25343.75,25350,25343,25348,566,25347.00,25336.01,0.00
2025-11-25,20:18:00,25348,25357.25,25347.75,25352,896,25352.33,25337.42,0.00
2025-11-25,20:19:00,25351.75,25356.5,25351,25355.75,262,25352.80,25337.84,0.00
2025-11-25,20:20:00,25355.75,25360.75,25355.25,25357.75,484,25357.92,25338.71,0.00
2025-11-25,20:21:00,25358.5,25362.25,25357,25360.5,538,25359.92,25339.69,0.00
2025-11-25,20:22:00,25359.75,25364.25,25359.5,25362.5,400,25362.08,25340.43,0.00
2025-11-25,20:23:00,25362.25,25365.75,25361.5,25364,357,25363.75,25341.10,0.00
2025-11-25,20:24:00,25364.5,25365,25358.25,25363.25,480,25362.84,25341.89,0.00
2025-11-25,20:25:00,25363.75,25367.5,25363.5,25365.5,456,25365.50,25342.70,0.00
2025-11-25,20:26:00,25365.75,25366.5,25363,25363.5,220,25365.12,25343.05,0.00
2025-11-25,20:27:00,25363.25,25363.25,25353.75,25355.75,647,25361.43,25343.71,0.00
2025-11-25,20:28:00,25355.5,25358.25,25350.75,25356.5,594,25359.49,25344.17,0.00
2025-11-25,20:29:00,25356.5,25358.5,25353.75,25357,253,25359.13,25344.37,0.00
2025-11-25,20:30:00,25356.25,25363.5,25356,25361.25,331,25359.28,25344.71,0.00
2025-11-25,20:31:00,25361.5,25367.75,25360.75,25362,464,25363.50,25345.26,0.00
2025-11-25,20:32:00,25362.25,25362.5,25357,25362,238,25362.48,25345.49,0.00
2025-11-25,20:33:00,25362.25,25366,25361.25,25363.5,196,25362.72,25345.71,0.00
2025-11-25,20:34:00,25364.25,25365.25,25361.75,25362.25,210,25362.79,25345.93,0.00
2025-11-25,20:35:00,25362.25,25364.25,25360.25,25363.25,198,25362.76,25346.13,0.00
2025-11-25,20:36:00,25363.75,25364.5,25358,25359.75,235,25362.45,25346.33,0.00
2025-11-25,20:37:00,25360.25,25362.25,25359,25359,159,25362.23,25346.46,0.00
2025-11-25,20:38:00,25360,25360,25356,25357.25,202,25361.76,25346.59,0.00
2025-11-25,20:39:00,25357.75,25363,25357.75,25359,205,25361.58,25346.75,0.00
2025-11-25,20:40:00,25358.75,25359.5,25356.75,25357.5,203,25361.26,25346.87,0.00
2025-11-25,20:41:00,25356.75,25359.25,25352.75,25356,349,25360.57,25347.05,0.00
2025-11-25,20:42:00,25355,25361.5,25355,25359.5,254,25360.40,25347.21,0.00
2025-11-25,20:43:00,25360,25362.75,25358.25,25360,261,25360.39,25347.40,0.00
2025-11-25,20:44:00,25359.75,25363,25357.75,25359.25,171,25360.37,25347.51,0.00
2025-11-25,20:45:00,25359.25,25362,25358,25361.25,76,25360.38,25347.56,0.00
2025-11-25,20:46:00,25362,25362,25358.5,25359.75,124,25360.36,25347.64,0.00
2025-11-25,20:47:00,25360,25363.75,25359.25,25362.5,156,25360.43,25347.76,0.00
2025-11-25,20:48:00,25362.5,25362.75,25358.25,25359.5,160,25360.42,25347.86,0.00
2025-11-25,20:49:00,25359.5,25366.5,25359.25,25365.5,227,25360.60,25348.05,0.00
2025-11-25,20:50:00,25365.25,25368.75,25363.25,25368.25,516,25366.75,25348.53,0.00
2025-11-25,20:51:00,25368.75,25376.25,25368.25,25373,1074,25372.50,25349.75,0.00
2025-11-25,20:52:00,25374,25380.75,25373.75,25376.5,934,25377.00,25350.91,0.00
2025-11-25,20:53:00,25377.25,25380,25373,25373.5,491,25376.48,25351.45,0.00
2025-11-25,20:54:00,25373.5,25374.5,25363.75,25366.25,743,25373.63,25351.98,0.00
2025-11-25,20:55:00,25366.5,25372.75,25366.5,25367.75,440,25372.85,25352.30,0.00
2025-11-25,20:56:00,25367.25,25370.75,25364.75,25365.25,372,25372.11,25352.52,0.00
2025-11-25,20:57:00,25365.25,25370.25,25364,25368.25,275,25371.72,25352.69,0.00
2025-11-25,20:58:00,25368.25,25369,25365.25,25367.75,228,25371.43,25352.83,0.00
2025-11-25,20:59:00,25367.75,25372.25,25367.5,25369,292,25371.29,25353.03,0.00
2025-11-25,21:00:00,25369.25,25375,25369.25,25374.25,285,25371.40,25353.25,0.00
2025-11-25,21:01:00,25373.75,25375.5,25369.25,25374.5,477,25371.58,25353.62,0.00
2025-11-25,21:02:00,25373.5,25373.5,25368.75,25370,231,25371.54,25353.77,0.00
2025-11-25,21:03:00,25371.25,25376,25370.25,25374.25,258,25371.64,25353.97,0.00
2025-11-25,21:04:00,25373.25,25375,25368,25371,358,25371.62,25354.20,0.00
2025-11-25,21:05:00,25370.5,25370.75,25365.25,25367,330,25371.39,25354.37,0.00
2025-11-25,21:06:00,25366.25,25371.25,25365.5,25369.75,226,25371.29,25354.49,0.00
2025-11-25,21:07:00,25370.75,25377.75,25370.5,25376.5,382,25371.51,25354.77,0.00
2025-11-25,21:08:00,25376.75,25377,25373,25375.25,241,25371.64,25354.95,0.00
2025-11-25,21:09:00,25375.75,25378.25,25374.5,25375.75,204,25371.78,25355.11,0.00
2025-11-25,21:10:00,25376.25,25383,25375.75,25380.75,604,25379.83,25355.63,0.00
2025-11-25,21:11:00,25380.5,25382.75,25379,25382.5,269,25380.32,25355.87,0.00
2025-11-25,21:12:00,25382.75,25383,25379.75,25382.5,214,25380.60,25356.07,0.00
2025-11-25,21:13:00,25383,25395.25,25382.75,25389,1565,25389.00,25357.76,0.00
2025-11-25,21:14:00,25389,25394.75,25389,25394.25,428,25389.79,25358.24,0.00
2025-11-25,21:15:00,25394.25,25397.75,25393.25,25395.5,525,25395.50,25358.86,0.00
2025-11-25,21:16:00,25395.75,25398.25,25393.5,25396.25,431,25396.00,25359.36,0.00
2025-11-25,21:17:00,25396.75,25404.75,25396,25402.5,1197,25401.08,25360.87,0.00
2025-11-25,21:18:00,25402.5,25411,25402.25,25408.5,996,25407.25,25362.23,0.00
2025-11-25,21:19:00,25408.5,25410.75,25403.75,25404,758,25406.78,25363.19,0.00
2025-11-25,21:20:00,25404,25404,25393.25,25395.25,1114,25403.18,25364.25,0.00
2025-11-25,21:21:00,25394.5,25397.25,25389.25,25389.5,1001,25400.28,25365.00,0.00
2025-11-25,21:22:00,25389.5,25399.25,25389.25,25397.5,573,25399.65,25365.47,0.00
2025-11-25,21:23:00,25397.75,25400.5,25392.75,25395,434,25399.33,25365.82,0.00
2025-11-25,21:24:00,25395,25395.75,25391.25,25392.5,355,25398.91,25366.07,0.00
2025-11-25,21:25:00,25392.5,25396.25,25391.5,25391.5,211,25398.68,25366.22,0.00
2025-11-25,21:26:00,25391.25,25397.5,25389.5,25395.75,370,25398.40,25366.48,0.00
2025-11-25,21:27:00,25395.75,25400.25,25395.5,25398.5,335,25398.39,25366.75,0.00
2025-11-25,21:28:00,25398.75,25403.25,25398.75,25401.5,302,25398.52,25367.02,0.00
2025-11-25,21:29:00,25402.25,25406.75,25401.75,25402.5,497,25398.88,25367.47,0.00
2025-11-25,21:30:00,25403.25,25403.5,25400.25,25401.75,279,25399.00,25367.71,0.00
2025-11-25,21:31:00,25401.25,25407.75,25392.25,25407,984,25399.40,25368.54,0.00
2025-11-25,21:32:00,25406.5,25413,25405.5,25410.25,828,25409.58,25369.34,0.00
2025-11-25,21:33:00,25410.25,25417.25,25406.5,25409,859,25410.92,25370.17,0.00
2025-11-25,21:34:00,25409.75,25410.25,25400.25,25402.75,534,25408.42,25370.59,0.00
2025-11-25,21:35:00,25403.25,25408.5,25401.75,25406,443,25407.70,25370.95,0.00
2025-11-25,21:36:00,25405.75,25407.75,25401,25405,295,25407.27,25371.17,0.00
2025-11-25,21:37:00,25405.75,25408.75,25403.5,25405,229,25407.12,25371.35,0.00
2025-11-25,21:38:00,25405.5,25410.25,25405,25408.5,236,25407.19,25371.54,0.00
2025-11-25,21:39:00,25408.5,25413.5,25408.5,25410,373,25407.63,25371.86,0.00
2025-11-25,21:40:00,25411,25413,25408.5,25411.75,223,25407.87,25372.06,0.00
2025-11-25,21:41:00,25411.75,25412.25,25406.25,25411.5,385,25408.10,25372.38,0.00
2025-11-25,21:42:00,25410.75,25415.5,25407.75,25410.75,424,25408.44,25372.74,0.00
2025-11-25,21:43:00,25410.5,25415.25,25410.25,25414.5,279,25408.76,25372.98,0.00
2025-11-25,21:44:00,25414.5,25420.25,25411.25,25418,709,25416.50,25373.63,0.00
2025-11-25,21:45:00,25417.5,25419.25,25415.25,25419.25,430,25417.03,25374.04,0.00
2025-11-25,21:46:00,25418.25,25421.25,25416.25,25418.5,637,25418.67,25374.63,0.00
2025-11-25,21:47:00,25418,25418.75,25410.25,25412.5,531,25416.47,25375.05,0.00
2025-11-25,21:48:00,25412.5,25412.5,25409,25411.5,426,25415.01,25375.37,0.00
2025-11-25,21:49:00,25410.75,25414.5,25406.75,25412,572,25413.97,25375.78,0.00
2025-11-25,21:50:00,25411.75,25413,25409,25412,219,25413.73,25375.93,0.00
2025-11-25,21:51:00,25411.25,25415.5,25410.75,25411.5,222,25413.63,25376.09,0.00
2025-11-25,21:52:00,25411,25412.5,25406.5,25410.75,342,25413.20,25376.32,0.00
2025-11-25,21:53:00,25410.75,25412.25,25407.5,25409.25,214,25412.96,25376.46,0.00
2025-11-25,21:54:00,25409,25412,25408,25410.5,174,25412.82,25376.58,0.00
2025-11-25,21:55:00,25410,25410.5,25407.25,25408.25,113,25412.68,25376.65,0.00
2025-11-25,21:56:00,25407.25,25409.25,25405.25,25408.25,363,25412.19,25376.87,0.00
2025-11-25,21:57:00,25408.25,25415.75,25408,25412.25,462,25412.17,25377.18,0.00
2025-11-25,21:58:00,25412.25,25415.5,25411,25415,240,25412.26,25377.35,0.00
2025-11-25,21:59:00,25414.75,25422.75,25414.25,25422.75,647,25419.92,25377.87,0.00
2025-11-25,22:00:00,25422.5,25424.25,25419,25419,606,25420.75,25378.36,0.00
2025-11-25,22:01:00,25418.75,25420.75,25414,25419,531,25419.43,25378.75,0.00
2025-11-25,22:02:00,25418.5,25419.75,25414.75,25417,209,25419.08,25378.90,0.00
2025-11-25,22:03:00,25416.5,25421,25416.5,25419.5,233,25419.06,25379.07,0.00
2025-11-25,22:04:00,25419.25,25420.5,25416.5,25419.25,206,25419.03,25379.22,0.00
2025-11-25,22:05:00,25419,25419,25411.25,25413.75,321,25418.36,25379.43,0.00
2025-11-25,22:06:00,25413.5,25417.5,25412.25,25414,256,25417.95,25379.59,0.00
2025-11-25,22:07:00,25415,25415.25,25412.25,25414.75,86,25417.82,25379.65,0.00
2025-11-25,22:08:00,25415.25,25418.5,25414.75,25417,184,25417.74,25379.77,0.00
2025-11-25,22:09:00,25415.25,25417,25412.5,25412.5,162,25417.53,25379.87,0.00
2025-11-25,22:10:00,25413.25,25419.25,25413,25418,234,25417.47,25380.03,0.00
2025-11-25,22:11:00,25418,25422.75,25416.5,25418.75,369,25417.67,25380.29,0.00
2025-11-25,22:12:00,25418.5,25419.75,25414.75,25415.25,234,25417.60,25380.44,0.00
2025-11-25,22:13:00,25416.25,25418.75,25415,25416.75,131,25417.57,25380.52,0.00
2025-11-25,22:14:00,25416.25,25418,25414.25,25415.5,82,25417.54,25380.57,0.00
2025-11-25,22:15:00,25415.5,25418.5,25414.5,25417.25,143,25417.51,25380.66,0.00
2025-11-25,22:16:00,25418,25424,25416.75,25422.5,449,25417.87,25380.98,0.00
2025-11-25,22:17:00,25423.75,25427.75,25417.75,25420.75,855,25422.08,25381.59,0.00
2025-11-25,22:18:00,25420.5,25421.25,25417.5,25418.75,142,25421.67,25381.68,0.00
2025-11-25,22:19:00,25418.75,25424,25418.25,25422.75,217,25421.67,25381.83,0.00
2025-11-25,22:20:00,25423.75,25426.75,25421.25,25424,242,25422.06,25382.00,0.00
2025-11-25,22:21:00,25423.5,25423.5,25417.75,25418.5,267,25421.72,25382.17,0.00
2025-11-25,22:22:00,25418.5,25419.5,25416.25,25416.5,186,25421.30,25382.28,0.00
2025-11-25,22:23:00,25416.25,25417.25,25408.5,25413.75,787,25418.93,25382.69,0.00
2025-11-25,22:24:00,25414.25,25418.75,25412.5,25417.25,239,25418.70,25382.82,0.00
2025-11-25,22:25:00,25417.25,25418.75,25416.5,25417.75,145,25418.66,25382.91,0.00
2025-11-25,22:26:00,25417.75,25417.75,25415,25415.75,235,25418.48,25383.04,0.00
2025-11-25,22:27:00,25416,25418.25,25413.75,25415.25,179,25418.34,25383.13,0.00
2025-11-25,22:28:00,25415.5,25420.25,25415,25417.5,203,25418.30,25383.25,0.00
2025-11-25,22:29:00,25416.75,25420.25,25416.25,25416.5,131,25418.28,25383.32,0.00
2025-11-25,22:30:00,25416.25,25418.75,25416,25416.75,108,25418.25,25383.38,0.00
2025-11-25,22:31:00,25417,25422.25,25414.75,25421.25,276,25418.32,25383.54,0.00
2025-11-25,22:32:00,25421.5,25422.25,25418.25,25421.25,275,25418.46,25383.71,0.00
2025-11-25,22:33:00,25421.25,25423.5,25420,25420.5,292,25418.64,25383.89,0.00
2025-11-25,22:34:00,25420.5,25424.5,25419.5,25422.75,188,25418.77,25384.00,0.00
2025-11-25,22:35:00,25422.25,25423.25,25417.5,25419.75,252,25418.84,25384.15,0.00
2025-11-25,22:36:00,25419.75,25426,25419.75,25420.75,335,25419.04,25384.35,0.00
2025-11-25,22:37:00,25420.25,25422.75,25417.25,25421.75,261,25419.11,25384.50,0.00
2025-11-25,22:38:00,25421.75,25423.25,25418.5,25421.25,156,25419.16,25384.59,0.00
2025-11-25,22:39:00,25420.5,25423.25,25419.25,25422,128,25419.21,25384.67,0.00
2025-11-25,22:40:00,25422,25431.5,25422,25428.5,927,25427.33,25385.29,0.00
2025-11-25,22:41:00,25429,25433,25427,25427.5,487,25429.17,25385.62,0.00
2025-11-25,22:42:00,25427.5,25430.5,25425,25430.5,239,25429.00,25385.77,0.00
2025-11-25,22:43:00,25430.25,25432,25428.75,25430.25,257,25429.35,25385.95,0.00
2025-11-25,22:44:00,25430.5,25434.25,25430.5,25432,485,25432.25,25386.29,0.00
2025-11-25,22:45:00,25432,25432,25427.5,25429,197,25431.46,25386.42,0.00
2025-11-25,22:46:00,25429,25431.5,25426.5,25429.5,246,25430.85,25386.58,0.00
2025-11-25,22:47:00,25430.25,25430.75,25426,25429.5,278,25430.37,25386.76,0.00
2025-11-25,22:48:00,25429.5,25430.75,25428.25,25429,158,25430.25,25386.86,0.00
2025-11-25,22:49:00,25428.25,25428.75,25422.75,25423.75,426,25429.02,25387.10,0.00
2025-11-25,22:50:00,25423.25,25425.25,25419.75,25424.75,426,25427.91,25387.33,0.00
2025-11-25,22:51:00,25424.25,25429.5,25423.25,25426.5,286,25427.74,25387.50,0.00
2025-11-25,22:52:00,25427,25430.25,25426.75,25429.25,216,25427.82,25387.63,0.00
2025-11-25,22:53:00,25429,25433,25427.5,25432.75,191,25428.03,25387.75,0.00
2025-11-25,22:54:00,25432.25,25437.25,25431,25436,551,25434.75,25388.13,0.00
2025-11-25,22:55:00,25435.5,25436.5,25433.75,25435.5,311,25434.93,25388.34,0.00
2025-11-25,22:56:00,25435.75,25437,25433.75,25435,272,25435.01,25388.52,0.00
2025-11-25,22:57:00,25434.5,25435.25,25431.25,25431.25,180,25434.68,25388.64,0.00
2025-11-25,22:58:00,25431.25,25434.75,25429.5,25433.5,265,25434.32,25388.81,0.00
2025-11-25,22:59:00,25433.25,25434,25429.5,25431.25,132,25434.11,25388.89,0.00
2025-11-25,23:00:00,25431.5,25436.25,25431.5,25435,249,25434.13,25389.05,0.00
2025-11-25,23:01:00,25435,25436,25433.25,25433.5,208,25434.14,25389.18,0.00
2025-11-25,23:02:00,25433.5,25439.5,25433,25437.5,493,25436.67,25389.51,0.00
2025-11-25,23:03:00,25437.5,25446.75,25436.75,25444,830,25442.50,25390.13,0.00
2025-11-25,23:04:00,25445.5,25449.75,25442,25442.75,631,25444.83,25390.61,0.00
2025-11-25,23:05:00,25442.5,25442.5,25437.75,25438.25,723,25441.99,25391.09,0.00
2025-11-25,23:06:00,25438,25441.5,25435.25,25436.5,436,25440.95,25391.37,0.00
2025-11-25,23:07:00,25437,25438.5,25434.5,25435.5,269,25440.33,25391.53,0.00
2025-11-25,23:08:00,25435.75,25436.5,25433.75,25434.5,218,25439.81,25391.66,0.00
2025-11-25,23:09:00,25435.25,25436.25,25430,25431.75,547,25438.43,25391.96,0.00
2025-11-25,23:10:00,25431,25431.5,25427.75,25428.5,298,25437.55,25392.11,0.00
2025-11-25,23:11:00,25428.25,25428.75,25425,25427,459,25436.19,25392.32,0.00
2025-11-25,23:12:00,25427,25429.5,25426,25428.25,381,25435.39,25392.50,0.00
2025-11-25,23:13:00,25428.75,25432.5,25427,25428.75,460,25434.77,25392.73,0.00
2025-11-25,23:14:00,25428.25,25429.5,25424.75,25425.5,444,25434.02,25392.92,0.00
2025-11-25,23:15:00,25426.25,25428.25,25424,25427,250,25433.65,25393.03,0.00
2025-11-25,23:16:00,25427,25427.25,25421.25,25424,528,25432.76,25393.25,0.00
2025-11-25,23:17:00,25424,25427,25423.75,25427,118,25432.62,25393.30,0.00
2025-11-25,23:18:00,25427.25,25428,25425,25425,158,25432.45,25393.36,0.00
2025-11-25,23:19:00,25425.25,25429.5,25425,25426.75,182,25432.29,25393.44,0.00
2025-11-25,23:20:00,25427,25430.25,25427,25429.5,274,25432.14,25393.57,0.00
2025-11-25,23:21:00,25429,25433,25428.25,25431.5,342,25432.08,25393.73,0.00
2025-11-25,23:22:00,25431,25432,25427.75,25431,237,25432.02,25393.84,0.00
2025-11-25,23:23:00,25431,25433,25429.75,25430.75,131,25432.00,25393.90,0.00
2025-11-25,23:24:00,25431.5,25433,25430,25430,100,25431.99,25393.95,0.00
2025-11-25,23:25:00,25430.5,25431,25427.5,25427.75,159,25431.92,25394.02,0.00
2025-11-25,23:26:00,25428.25,25430.75,25426.5,25430,288,25431.81,25394.15,0.00
2025-11-25,23:27:00,25430,25431,25428,25429.75,63,25431.79,25394.17,0.00
2025-11-25,23:28:00,25430.25,25432.25,25429,25431,200,25431.77,25394.27,0.00
2025-11-25,23:29:00,25431,25433,25430,25432,135,25431.76,25394.33,0.00
2025-11-25,23:30:00,25431.75,25432.5,25428.25,25428.25,164,25431.72,25394.40,0.00
2025-11-25,23:31:00,25428.75,25431.5,25427,25430.75,219,25431.67,25394.50,0.00
2025-11-25,23:32:00,25431.75,25432,25428,25428.5,118,25431.64,25394.55,0.00
2025-11-25,23:33:00,25429.25,25432.75,25429.25,25430.25,124,25431.63,25394.61,0.00
2025-11-25,23:34:00,25430.25,25432.25,25426.75,25431,460,25431.55,25394.81,0.00
2025-11-25,23:35:00,25431.75,25432.75,25429.75,25431.5,94,25431.54,25394.85,0.00
2025-11-25,23:36:00,25431.75,25432.5,25430.75,25431.5,102,25431.54,25394.90,0.00
2025-11-25,23:37:00,25431.5,25433.25,25429.25,25432.5,104,25431.55,25394.95,0.00
2025-11-25,23:38:00,25432.5,25441.25,25432.25,25440,634,25431.94,25395.28,0.00
2025-11-25,23:39:00,25439.75,25441.25,25437.75,25440,165,25432.07,25395.37,0.00
2025-11-25,23:40:00,25440.5,25441.75,25439.25,25439.5,174,25432.20,25395.46,0.00
2025-11-25,23:41:00,25439.25,25442,25433.75,25436.25,491,25432.43,25395.71,0.00
2025-11-25,23:42:00,25436.5,25437.75,25434,25434,147,25432.47,25395.78,0.00
2025-11-25,23:43:00,25434,25434.75,25428.5,25432.75,381,25432.46,25395.95,0.00
2025-11-25,23:44:00,25431.5,25433.5,25428.75,25432.75,248,25432.44,25396.06,0.00
2025-11-25,23:45:00,25433.25,25433.25,25429,25430.25,184,25432.41,25396.13,0.00
2025-11-25,23:46:00,25430,25434.25,25430,25433,151,25432.41,25396.20,0.00
2025-11-25,23:47:00,25433.5,25436.75,25431,25436.75,338,25432.48,25396.35,0.00
2025-11-25,23:48:00,25436.5,25440.5,25435,25439.75,280,25432.61,25396.49,0.00
2025-11-25,23:49:00,25439.75,25440.75,25438,25439.5,281,25432.76,25396.64,0.00
2025-11-25,23:50:00,25439.75,25439.75,25436.25,25439.5,158,25432.83,25396.72,0.00
2025-11-25,23:51:00,25439,25440.25,25438,25438.75,119,25432.89,25396.77,0.00
2025-11-25,23:52:00,25438.75,25440,25438,25438.75,84,25432.92,25396.82,0.00
2025-11-25,23:53:00,25438,25438.75,25436.25,25438.5,170,25432.99,25396.90,0.00
2025-11-25,23:54:00,25438,25438.25,25432.25,25432.75,305,25433.02,25397.03,0.00
2025-11-25,23:55:00,25433,25435,25431,25434,201,25433.02,25397.12,0.00
2025-11-25,23:56:00,25434,25438,25434,25437,219,25433.07,25397.22,0.00
2025-11-25,23:57:00,25437,25438,25434.25,25437,126,25433.10,25397.28,0.00
2025-11-25,23:58:00,25437.25,25441,25436,25437.5,235,25433.19,25397.39,0.00
2025-11-25,23:59:00,25437.75,25438.25,25433,25434.75,184,25433.21,25397.47,0.00
2025-11-25,00:00:00,25172.5,25177.25,25171,25176.75,225,25194.01,25172.40,0.00
2025-11-25,00:01:00,25177.25,25179.25,25173.75,25179,332,25193.96,25173.94,0.00
2025-11-25,00:02:00,25178.5,25185,25177.75,25183,490,25193.90,25176.45,0.00
2025-11-25,00:03:00,25183.25,25187,25182.75,25184.25,256,25193.88,25177.61,0.00
2025-11-25,00:04:00,25183.5,25186,25179.75,25181.25,177,25193.85,25178.03,0.00
2025-11-25,00:05:00,25182,25184.5,25177.75,25183.25,213,25193.83,25178.39,0.00
2025-11-25,00:06:00,25183.75,25183.75,25175.75,25178.25,375,25193.77,25178.52,0.00
2025-11-25,00:07:00,25178.75,25184,25177.75,25184,151,25193.76,25178.71,0.00
2025-11-25,00:08:00,25184.25,25187.75,25181.5,25185.25,187,25193.74,25179.10,0.00
2025-11-25,00:09:00,25186.75,25186.75,25183,25183,255,25193.72,25179.51,0.00
2025-11-25,00:10:00,25184.25,25186.5,25181.75,25185.75,200,25193.70,25179.82,0.00
2025-11-25,00:11:00,25186,25188.75,25184,25186.5,290,25193.68,25180.34,0.00
2025-11-25,00:12:00,25187.5,25191.75,25187.5,25188.25,320,25193.66,25181.05,0.00
2025-11-25,00:13:00,25187.75,25192.5,25187,25191.25,174,25193.66,25181.44,0.00
2025-11-25,00:14:00,25190.5,25191.25,25186.75,25188.5,133,25193.65,25181.67,0.00
2025-11-25,00:15:00,25188.5,25191,25187.75,25190.75,136,25193.65,25181.92,0.00
2025-11-25,00:16:00,25191,25198.75,25191,25198.5,462,25193.66,25183.26,0.00
2025-11-25,00:17:00,25198.75,25207.25,25198.5,25204.75,636,25193.72,25185.59,0.00
2025-11-25,00:18:00,25204.75,25206,25202.25,25202.25,236,25193.74,25186.32,0.00
2025-11-25,00:19:00,25203.25,25204,25198.5,25198.5,289,25193.76,25186.99,0.00
2025-11-25,00:20:00,25198.75,25201,25197.25,25198.5,136,25193.76,25187.25,0.00
2025-11-25,00:21:00,25198.5,25201.5,25195,25195.75,286,25193.77,25187.70,0.00
2025-11-25,00:22:00,25196.75,25198.5,25192.5,25192.5,164,25193.78,25187.87,0.00
2025-11-25,00:23:00,25192.75,25195,25187,25188,453,25193.76,25188.01,0.00
2025-11-25,00:24:00,25188.25,25194,25187.75,25193.5,276,25193.75,25188.15,0.00
2025-11-25,00:25:00,25193.25,25197,25192.75,25194,234,25193.76,25188.34,0.00
2025-11-25,00:26:00,25193.5,25195.25,25191.5,25194,149,25193.76,25188.45,0.00
2025-11-25,00:27:00,25194.75,25197.25,25194.5,25195.25,150,25193.76,25188.58,0.00
2025-11-25,00:28:00,25195,25195.5,25192.25,25193.25,124,25193.76,25188.66,0.00
2025-11-25,00:29:00,25193.5,25193.75,25189,25191.25,217,25193.75,25188.73,0.00
2025-11-25,00:30:00,25191.75,25191.75,25187.75,25188.5,167,25193.75,25188.74,0.00
2025-11-25,00:31:00,25188.25,25190.25,25184.75,25187.25,302,25193.73,25188.70,0.00
2025-11-25,00:32:00,25187.75,25188.25,25181.25,25184,368,25193.70,25188.53,0.00
2025-11-25,00:33:00,25183.25,25187.5,25182,25184.5,145,25193.68,25188.47,0.00
2025-11-25,00:34:00,25184.75,25189.5,25184.75,25189.5,164,25193.68,25188.46,0.00
2025-11-25,00:35:00,25188.75,25191.75,25188,25190,135,25193.67,25188.48,0.00
2025-11-25,00:36:00,25189.75,25192.75,25189,25189.25,176,25193.67,25188.51,0.00
2025-11-25,00:37:00,25189.25,25189.25,25184,25186,272,25193.65,25188.45,0.00
2025-11-25,00:38:00,25186,25188.75,25183,25183.5,160,25193.63,25188.40,0.00
2025-11-25,00:39:00,25183.75,25185.25,25182.25,25182.25,138,25193.62,25188.33,0.00
2025-11-25,00:40:00,25182.75,25184.5,25180.5,25182,172,25193.60,25188.23,0.00
2025-11-25,00:41:00,25182,25185.5,25182,25182.5,175,25193.59,25188.15,0.00
2025-11-25,00:42:00,25182.25,25186.5,25182.25,25186,145,25193.57,25188.11,0.00
2025-11-25,00:43:00,25185.5,25190,25184.5,25188.25,207,25193.56,25188.10,0.00
2025-11-25,00:44:00,25188.25,25188.5,25181.75,25183.75,221,25193.55,25188.03,0.00
2025-11-25,00:45:00,25183.75,25184.25,25180.75,25182,165,25193.53,25187.95,0.00
2025-11-25,00:46:00,25181.25,25184,25180.25,25183.75,188,25193.51,25187.86,0.00
2025-11-25,00:47:00,25184.5,25188,25183.75,25186.75,214,25193.50,25187.83,0.00
2025-11-25,00:48:00,25186.5,25188,25184.5,25185,151,25193.48,25187.81,0.00
2025-11-25,00:49:00,25185.25,25186.5,25183.5,25185.25,190,25193.47,25187.76,0.00
2025-11-25,00:50:00,25185.5,25187,25182.75,25184.5,174,25193.46,25187.72,0.00
2025-11-25,00:51:00,25184.75,25187.75,25184.5,25187.25,117,25193.45,25187.71,0.00
2025-11-25,00:52:00,25187.25,25188,25185.25,25187.5,144,25193.44,25187.70,0.00
2025-11-25,00:53:00,25187.25,25190.5,25186.5,25189,264,25193.43,25187.72,0.00
2025-11-25,00:54:00,25189.25,25189.5,25186,25187.25,135,25193.42,25187.72,0.00
2025-11-25,00:55:00,25187.25,25187.5,25183,25183,191,25193.41,25187.67,0.00
2025-11-25,00:56:00,25183.25,25187,25183,25186.25,111,25193.40,25187.65,0.00
2025-11-25,00:57:00,25186.5,25187.75,25185.75,25186.25,179,25193.39,25187.64,0.00
2025-11-25,00:58:00,25186.5,25189.75,25186.5,25188.25,121,25193.38,25187.64,0.00
2025-11-25,00:59:00,25188.25,25189.25,25184.75,25186.75,207,25193.37,25187.63,0.00
2025-11-25,01:00:00,25186.75,25188.25,25186,25187.5,148,25193.36,25187.63,0.00
2025-11-25,01:01:00,25187.75,25189.75,25186,25188.75,330,25193.35,25187.64,0.00
2025-11-25,01:02:00,25189,25193,25186.25,25191,300,25193.34,25187.69,0.00
2025-11-25,01:03:00,25191,25191.75,25187.25,25188.5,200,25193.33,25187.71,0.00
2025-11-25,01:04:00,25189,25192,25186.75,25188.75,136,25193.32,25187.72,0.00
2025-11-25,01:05:00,25188.75,25192,25188.25,25188.25,182,25193.32,25187.75,0.00
2025-11-25,01:06:00,25187.75,25188.25,25178.5,25181.75,767,25193.25,25187.51,0.00
2025-11-25,01:07:00,25182,25185.75,25181.75,25183,404,25193.21,25187.41,0.00
2025-11-25,01:08:00,25183.25,25189.75,25183,25189,292,25193.20,25187.40,0.00
2025-11-25,01:09:00,25189,25194.5,25188.25,25193.25,291,25193.19,25187.48,0.00
2025-11-25,01:10:00,25194,25194.25,25189.5,25192,264,25193.19,25187.55,0.00
2025-11-25,01:11:00,25192,25195.75,25191.25,25195.25,236,25193.19,25187.64,0.00
2025-11-25,01:12:00,25195.25,25199.25,25195,25197.25,386,25193.21,25187.85,0.00
2025-11-25,01:13:00,25197.25,25199.25,25195.5,25199.25,221,25193.22,25187.98,0.00
2025-11-25,01:14:00,25198.75,25203.25,25197.75,25200.75,340,25193.24,25188.21,0.00
2025-11-25,01:15:00,25200.75,25206,25200.5,25205.25,536,25193.29,25188.66,0.00
2025-11-25,01:16:00,25205.75,25208.75,25202,25202,690,25193.35,25189.21,0.00
2025-11-25,01:17:00,25202.25,25202.5,25194.25,25194.5,522,25193.37,25189.42,0.00
2025-11-25,01:18:00,25194.25,25196.75,25189.25,25190,394,25193.36,25189.47,0.00
2025-11-25,01:19:00,25189.75,25194.75,25187.5,25191.75,413,25193.36,25189.50,0.00
2025-11-25,01:20:00,25191.5,25195.75,25191.5,25194.25,286,25193.36,25189.56,0.00
2025-11-25,01:21:00,25194.25,25195.25,25190.5,25192,225,25193.36,25189.60,0.00
2025-11-25,01:22:00,25192.25,25193,25185.5,25185.5,358,25193.34,25189.57,0.00
2025-11-25,01:23:00,25185.5,25185.5,25180.25,25182,511,25193.29,25189.41,0.00
2025-11-25,01:24:00,25181.75,25182.5,25178.5,25181.5,363,25193.26,25189.27,0.00
2025-11-25,01:25:00,25181,25181,25176.5,25178.25,327,25193.22,25189.12,0.00
2025-11-25,01:26:00,25178,25178,25169.75,25170.25,519,25193.13,25188.75,0.00
2025-11-25,01:27:00,25170.5,25172.25,25166.5,25168,554,25193.02,25168.92,0.00
2025-11-25,01:28:00,25167.5,25173,25167.5,25171.75,374,25192.95,25169.66,0.00
2025-11-25,01:29:00,25171,25175,25169.75,25172,290,25192.90,25170.27,0.00
2025-11-25,01:30:00,25172.25,25174.25,25168.75,25171.25,270,25192.85,25170.48,0.00
2025-11-25,01:31:00,25171.75,25177,25169.75,25175,382,25192.79,25171.18,0.00
2025-11-25,01:32:00,25174.5,25178,25171.25,25177.25,338,25192.75,25171.84,0.00
2025-11-25,01:33:00,25177.75,25181.5,25176,25179.5,338,25192.71,25172.79,0.00
2025-11-25,01:34:00,25179.75,25183,25176.75,25180.75,219,25192.69,25173.38,0.00
2025-11-25,01:35:00,25180.75,25182.5,25178.75,25180,159,25192.67,25173.76,0.00
2025-11-25,01:36:00,25180.25,25183.75,25180.25,25182.5,158,25192.66,25174.19,0.00
2025-11-25,01:37:00,25181.75,25184.75,25180.5,25183.5,174,25192.64,25174.66,0.00
2025-11-25,01:38:00,25183.5,25185,25181,25185,105,25192.64,25174.94,0.00
2025-11-25,01:39:00,25184.5,25187,25183.75,25186.5,249,25192.62,25175.68,0.00
2025-11-25,01:40:00,25185.75,25188.5,25185.75,25186.75,171,25192.62,25176.20,0.00
2025-11-25,01:41:00,25186.75,25188.75,25186,25188.25,197,25192.61,25176.76,0.00
2025-11-25,01:42:00,25187.75,25188,25183,25184,238,25192.59,25177.23,0.00
2025-11-25,01:43:00,25184,25188,25183.5,25186,174,25192.58,25177.57,0.00
2025-11-25,01:44:00,25186.5,25188.75,25185.25,25187.75,148,25192.58,25177.89,0.00
2025-11-25,01:45:00,25187.75,25190.25,25185.25,25185.75,206,25192.57,25178.29,0.00
2025-11-25,01:46:00,25186.25,25186.75,25183,25185.25,136,25192.56,25178.47,0.00
2025-11-25,01:47:00,25186,25187.75,25180.5,25181.5,342,25192.53,25178.79,0.00
2025-11-25,01:48:00,25181.75,25182.75,25177.75,25179.25,279,25192.51,25178.84,0.00
2025-11-25,01:49:00,25179.25,25181.25,25177.5,25178.25,143,25192.49,25178.85,0.00
2025-11-25,01:50:00,25178.5,25181,25178,25178.25,154,25192.48,25178.85,0.00
2025-11-25,01:51:00,25178,25179,25173,25175.5,434,25192.42,25178.64,0.00
2025-11-25,01:52:00,25175.5,25177.5,25174,25174,215,25192.39,25178.53,0.00
2025-11-25,01:53:00,25174.25,25176.5,25173.5,25175,178,25192.37,25178.43,0.00
2025-11-25,01:54:00,25174.5,25176,25172.25,25176,224,25192.33,25178.31,0.00
2025-11-25,01:55:00,25176,25178.75,25174,25177.5,225,25192.31,25178.26,0.00
2025-11-25,01:56:00,25177.25,25179,25176,25179,168,25192.29,25178.26,0.00
2025-11-25,01:57:00,25178.75,25179.75,25175.5,25176,183,25192.27,25178.23,0.00
2025-11-25,01:58:00,25176,25177,25173.25,25176.25,189,25192.24,25178.16,0.00
2025-11-25,01:59:00,25176,25178,25174.25,25174.25,115,25192.23,25178.12,0.00
2025-11-25,02:00:00,25174,25176,25173.5,25174.25,114,25192.21,25178.07,0.00
2025-11-25,02:01:00,25174.25,25182.25,25173.75,25176.75,346,25192.17,25178.05,0.00
2025-11-25,02:02:00,25177,25177.5,25172.5,25177.5,234,25192.14,25177.99,0.00
2025-11-25,02:03:00,25178,25183.25,25178,25182.25,234,25192.12,25178.07,0.00
2025-11-25,02:04:00,25181.75,25184.25,25181,25182.75,235,25192.11,25178.19,0.00
2025-11-25,02:05:00,25182.25,25183,25178.5,25180.25,176,25192.09,25178.24,0.00
2025-11-25,02:06:00,25180.25,25182.75,25179,25182.75,114,25192.08,25178.28,0.00
2025-11-25,02:07:00,25182,25185.25,25180.25,25180.5,134,25192.07,25178.33,0.00
2025-11-25,02:08:00,25180.25,25180.25,25175.5,25177,242,25192.04,25178.32,0.00
2025-11-25,02:09:00,25176.75,25182.75,25176.5,25181.5,216,25192.02,25178.36,0.00
2025-11-25,02:10:00,25181.75,25187,25181.5,25185.25,333,25192.01,25178.56,0.00
2025-11-25,02:11:00,25185.25,25188,25182.25,25184.75,267,25191.99,25178.73,0.00
2025-11-25,02:12:00,25184.75,25191.75,25184.75,25189.5,414,25191.98,25179.11,0.00
2025-11-25,02:13:00,25189.5,25191,25185.75,25187.5,142,25191.98,25179.23,0.00
2025-11-25,02:14:00,25186.5,25188,25185,25185,100,25191.97,25179.29,0.00
2025-11-25,02:15:00,25184.75,25185.5,25180.25,25182.75,187,25191.96,25179.35,0.00
2025-11-25,02:16:00,25182.75,25182.75,25179.5,25179.5,202,25191.94,25179.37,0.00
2025-11-25,02:17:00,25180,25180,25172.25,25175,458,25191.89,25179.23,0.00
2025-11-25,02:18:00,25174.5,25175.25,25171.75,25174.25,221,25191.86,25179.13,0.00
2025-11-25,02:19:00,25173.75,25175.75,25171.75,25173,245,25191.82,25179.02,0.00
2025-11-25,02:20:00,25172.75,25175,25169,25172.5,398,25191.76,25178.80,0.00
2025-11-25,02:21:00,25172.75,25173.25,25166,25171.5,557,25191.67,25170.25,0.00
2025-11-25,02:22:00,25171.5,25172,25166.5,25167,330,25191.62,25169.60,0.00
2025-11-25,02:23:00,25167.25,25169.25,25164.25,25167.25,315,25191.56,25166.92,0.00
2025-11-25,02:24:00,25166.75,25166.75,25160.75,25162.5,488,25191.46,25163.33,0.00
2025-11-25,02:25:00,25161.5,25165,25159.25,25164.5,539,25191.34,25162.92,0.00
2025-11-25,02:26:00,25165,25165.75,25159.25,25162,319,25191.28,25162.70,0.00
2025-11-25,02:27:00,25162,25164.5,25158.75,25160.5,343,25191.20,25161.25,0.00
2025-11-25,02:28:00,25161.5,25166.25,25160,25163.5,253,25191.15,25162.10,0.00
2025-11-25,02:29:00,25163,25167.75,25162.25,25165,293,25191.09,25163.06,0.00
2025-11-25,02:30:00,25164.75,25167.5,25160.75,25164.75,222,25191.05,25163.31,0.00
2025-11-25,02:31:00,25164.75,25171,25162.75,25169.25,338,25190.99,25164.33,0.00
2025-11-25,02:32:00,25168.25,25169.25,25162.5,25162.5,210,25190.95,25164.38,0.00
2025-11-25,02:33:00,25162.75,25167.5,25159.25,25167,245,25190.91,25164.41,0.00
2025-11-25,02:34:00,25166.75,25173.75,25165.5,25172.25,287,25190.86,25165.20,0.00
2025-11-25,02:35:00,25172,25177,25170.75,25176.5,267,25190.83,25166.24,0.00
2025-11-25,02:36:00,25176.5,25179,25175,25176.5,270,25190.81,25167.29,0.00
2025-11-25,02:37:00,25177,25181.75,25175.25,25177.75,391,25190.77,25168.66,0.00
2025-11-25,02:38:00,25177.75,25180.75,25175,25176,207,25190.75,25169.20,0.00
2025-11-25,02:39:00,25176,25176.25,25169.5,25171,331,25190.71,25169.47,0.00
2025-11-25,02:40:00,25170.75,25172,25168,25168.75,124,25190.69,25169.48,0.00
2025-11-25,02:41:00,25168.75,25170.5,25164.25,25165,282,25190.64,25169.28,0.00
2025-11-25,02:42:00,25164.5,25169.25,25163.5,25163.75,178,25190.61,25169.12,0.00
2025-11-25,02:43:00,25164,25168.25,25162.75,25164,261,25190.56,25168.88,0.00
2025-11-25,02:44:00,25163.5,25166,25160,25162.5,334,25190.49,25168.46,0.00
2025-11-25,02:45:00,25162.25,25167.75,25160.25,25160.25,385,25190.42,25168.04,0.00
2025-11-25,02:46:00,25160.25,25162,25154.5,25156.75,629,25190.27,25157.75,0.00
2025-11-25,02:47:00,25157,25159.75,25154.5,25158.25,264,25190.21,25157.68,0.00
2025-11-25,02:48:00,25158,25160.5,25155.75,25157.5,297,25190.15,25157.74,0.00
2025-11-25,02:49:00,25157.5,25157.5,25153.5,25155,282,25190.08,25155.33,0.00
2025-11-25,02:50:00,25155.25,25156.25,25151.75,25152.25,541,25189.94,25153.42,0.00
2025-11-25,02:51:00,25152.25,25153,25147.25,25149,553,25189.78,25149.75,0.00
2025-11-25,02:52:00,25148.25,25154,25147.5,25153.25,319,25189.70,25150.42,0.00
2025-11-25,02:53:00,25152.75,25152.75,25147.75,25149.75,275,25189.62,25150.34,0.00
2025-11-25,02:54:00,25148.75,25151.5,25148.5,25149.75,202,25189.57,25150.28,0.00
2025-11-25,02:55:00,25150.5,25155.25,25149.75,25152,426,25189.46,25150.77,0.00
2025-11-25,02:56:00,25152,25163.25,25151.75,25160,622,25189.33,25152.73,0.00
2025-11-25,02:57:00,25159.75,25163,25158.75,25159,233,25189.28,25153.40,0.00
2025-11-25,02:58:00,25159,25162,25157.25,25159.75,280,25189.22,25154.00,0.00
2025-11-25,02:59:00,25160.5,25161.25,25157.75,25158.5,176,25189.19,25154.30,0.00
2025-11-25,03:00:00,25158.5,25159,25152.75,25155,303,25189.12,25154.41,0.00
2025-11-25,03:01:00,25155.25,25157,25149.25,25152.5,538,25188.99,25154.21,0.00
2025-11-25,03:02:00,25152.5,25155.25,25150.75,25151.75,359,25188.90,25154.07,0.00
2025-11-25,03:03:00,25151.25,25154.75,25148,25154.75,353,25188.81,25153.95,0.00
2025-11-25,03:04:00,25155,25156,25150,25150.75,273,25188.74,25153.86,0.00
2025-11-25,03:05:00,25150.25,25150.25,25143.25,25143.75,875,25188.49,25145.75,0.00
2025-11-25,03:06:00,25144,25149.5,25136.25,25139.25,1031,25188.17,25141.67,0.00
2025-11-25,03:07:00,25138.5,25142.5,25137.75,25141.75,505,25188.01,25141.34,0.00
2025-11-25,03:08:00,25141.5,25145.25,25141,25145.25,353,25187.91,25141.80,0.00
2025-11-25,03:09:00,25144.5,25150.25,25144.25,25147.25,546,25187.76,25143.03,0.00
2025-11-25,03:10:00,25147.5,25147.75,25140.5,25141.75,328,25187.67,25143.06,0.00
2025-11-25,03:11:00,25142,25143.25,25138,25138,327,25187.56,25142.71,0.00
2025-11-25,03:12:00,25138,25140.5,25136.75,25137.25,279,25187.47,25142.34,0.00
2025-11-25,03:13:00,25137,25138.25,25134,25136,481,25187.31,25136.08,0.00
2025-11-25,03:14:00,25136.25,25144,25136.25,25143.5,336,25187.21,25138.21,0.00
2025-11-25,03:15:00,25143,25145.5,25141.25,25144.75,255,25187.14,25139.55,0.00
2025-11-25,03:16:00,25144.75,25145.25,25141.25,25142.5,208,25187.08,25140.11,0.00
2025-11-25,03:17:00,25142,25149.5,25141.25,25147,384,25186.98,25141.45,0.00
2025-11-25,03:18:00,25147,25150,25145.25,25149.25,259,25186.91,25142.35,0.00
2025-11-25,03:19:00,25149.25,25149.25,25142,25142.5,278,25186.84,25142.63,0.00
2025-11-25,03:20:00,25142.5,25143,25138.5,25142.75,243,25186.76,25142.51,0.00
2025-11-25,03:21:00,25142.25,25146.25,25141.5,25143.25,173,25186.72,25142.59,0.00
2025-11-25,03:22:00,25143,25146.75,25141.5,25145.5,115,25186.69,25142.67,0.00
2025-11-25,03:23:00,25145.5,25149.75,25144.25,25146,331,25186.60,25143.11,0.00
2025-11-25,03:24:00,25146.5,25149.75,25146.25,25149.25,143,25186.57,25143.34,0.00
2025-11-25,03:25:00,25150,25152.75,25146.75,25150.5,394,25186.47,25144.07,0.00
2025-11-25,03:26:00,25150.75,25150.75,25145.25,25148.75,351,25186.39,25144.44,0.00
2025-11-25,03:27:00,25148.75,25150,25146,25146.75,172,25186.34,25144.57,0.00
2025-11-25,03:28:00,25146,25149.25,25144.5,25148.75,220,25186.29,25144.72,0.00
2025-11-25,03:29:00,25149,25150.75,25147.75,25149.25,201,25186.24,25144.92,0.00
2025-11-25,03:30:00,25149.25,25150.5,25147.25,25148.25,261,25186.18,25145.13,0.00
2025-11-25,03:31:00,25147.75,25149,25143.5,25147.75,394,25186.08,25145.25,0.00
2025-11-25,03:32:00,25148,25150.5,25144.5,25148,300,25186.01,25145.38,0.00
2025-11-25,03:33:00,25148.25,25156.5,25147,25154.75,420,25185.92,25145.90,0.00
2025-11-25,03:34:00,25154.25,25158.25,25154.25,25157,360,25185.85,25146.51,0.00
2025-11-25,03:35:00,25157.25,25160.25,25155.5,25157,307,25185.80,25147.03,0.00
2025-11-25,03:36:00,25157,25160.25,25154.75,25156,450,25185.72,25147.66,0.00
2025-11-25,03:37:00,25155.75,25155.75,25151.5,25152.25,293,25185.66,25147.88,0.00
2025-11-25,03:38:00,25151.25,25158.25,25149.75,25158,247,25185.61,25148.13,0.00
2025-11-25,03:39:00,25158.75,25166.25,25158.75,25165,695,25185.52,25149.41,0.00
2025-11-25,03:40:00,25165.25,25166.25,25158.5,25160,286,25185.47,25149.81,0.00
2025-11-25,03:41:00,25160.5,25164,25158.75,25163.25,336,25185.42,25150.27,0.00
2025-11-25,03:42:00,25163.75,25167.5,25159,25166,457,25185.36,25150.95,0.00
2025-11-25,03:43:00,25166.25,25167.75,25163.5,25165.5,251,25185.33,25151.33,0.00
2025-11-25,03:44:00,25165.75,25169.75,25165.75,25169.75,269,25185.31,25151.80,0.00
2025-11-25,03:45:00,25169,25179,25168.25,25179,650,25185.27,25153.26,0.00
2025-11-25,03:46:00,25179.25,25183,25174.5,25177.5,844,25185.23,25155.12,0.00
2025-11-25,03:47:00,25178,25189.25,25177,25187.5,859,25185.23,25157.19,0.00
2025-11-25,03:48:00,25186.5,25188.5,25181,25183.25,653,25185.22,25158.56,0.00
2025-11-25,03:49:00,25182.75,25184.5,25174,25175,616,25185.20,25159.44,0.00
2025-11-25,03:50:00,25174,25175.75,25162.25,25164.75,1088,25185.08,25160.05,0.00
2025-11-25,03:51:00,25164.5,25169.25,25158.25,25168.75,735,25185.00,25160.31,0.00
2025-11-25,03:52:00,25169.75,25174,25166.75,25168,640,25184.94,25160.68,0.00
2025-11-25,03:53:00,25168.75,25183.25,25168.5,25177.5,907,25184.89,25161.53,0.00
2025-11-25,03:54:00,25177.75,25178.5,25170.75,25175,266,25184.88,25161.73,0.00
2025-11-25,03:55:00,25175.5,25179.25,25171,25171.25,296,25184.86,25161.94,0.00
2025-11-25,03:56:00,25170.5,25171.25,25164.25,25166.5,451,25184.81,25162.07,0.00
2025-11-25,03:57:00,25166,25168.25,25156.25,25160.25,583,25184.73,25162.06,0.00
2025-11-25,03:58:00,25159.25,25163.75,25159,25163,196,25184.70,25162.06,0.00
2025-11-25,03:59:00,25162.75,25169.25,25162.75,25168.5,303,25184.67,25162.13,0.00
2025-11-25,04:00:00,25168.75,25171.75,25164,25168.25,330,25184.64,25162.23,0.00
2025-11-25,04:01:00,25167.25,25184.5,25165.25,25172.75,1076,25184.58,25162.86,0.00
2025-11-25,04:02:00,25172.75,25178,25165,25171.75,538,25184.54,25163.09,0.00
2025-11-25,04:03:00,25172,25176.25,25168.25,25175.75,367,25184.51,25163.27,0.00
2025-11-25,04:04:00,25175.5,25178.25,25164.75,25170,377,25184.48,25163.40,0.00
2025-11-25,04:05:00,25170.75,25176,25169.75,25173,249,25184.47,25163.51,0.00
2025-11-25,04:06:00,25172.75,25176,25167.25,25171.5,469,25184.43,25163.68,0.00
2025-11-25,04:07:00,25171.5,25176.75,25164,25171.75,611,25184.38,25163.87,0.00
2025-11-25,04:08:00,25171.5,25173.5,25163.75,25164,466,25184.34,25163.93,0.00
2025-11-25,04:09:00,25164.25,25164.25,25155.5,25159.5,732,25184.24,25163.81,0.00
2025-11-25,04:10:00,25158.75,25164,25154,25161.25,595,25184.15,25163.71,0.00
2025-11-25,04:11:00,25161.5,25164.25,25152,25153.75,459,25184.08,25163.58,0.00
2025-11-25,04:12:00,25154,25159.25,25147.25,25150,598,25183.98,25163.32,0.00
2025-11-25,04:13:00,25150,25155.75,25149.75,25155.75,383,25183.91,25163.18,0.00
2025-11-25,04:14:00,25155.5,25158,25149.5,25151,361,25183.85,25163.04,0.00
2025-11-25,04:15:00,25150.25,25150.5,25139,25140.5,883,25183.65,25162.40,0.00
2025-11-25,04:16:00,25140.75,25153,25140.75,25152.25,763,25183.50,25162.03,0.00
2025-11-25,04:17:00,25153.25,25165.75,25153.25,25164.25,976,25183.38,25162.00,0.00
2025-11-25,04:18:00,25163.75,25169.5,25160,25164.75,683,25183.31,25162.06,0.00
2025-11-25,04:19:00,25165.5,25169.25,25164.25,25165.75,261,25183.29,25162.10,0.00
2025-11-25,04:20:00,25166.5,25167.25,25159.75,25163,457,25183.24,25162.12,0.00
2025-11-25,04:21:00,25162.75,25166.25,25162.25,25163.25,314,25183.21,25162.14,0.00
2025-11-25,04:22:00,25164,25169.25,25162.25,25167,342,25183.17,25162.18,0.00
2025-11-25,04:23:00,25167.25,25175.75,25167.25,25175,491,25183.15,25162.34,0.00
2025-11-25,04:24:00,25175.25,25180.5,25173.75,25180,438,25183.13,25162.56,0.00
2025-11-25,04:25:00,25180.25,25180.5,25173.75,25176.5,462,25183.12,25162.76,0.00
2025-11-25,04:26:00,25177,25177.75,25166,25167.25,544,25183.08,25162.88,0.00
2025-11-25,04:27:00,25167,25170.5,25162.75,25163.5,459,25183.04,25162.92,0.00
2025-11-25,04:28:00,25163.75,25164,25157.75,25161,427,25182.99,25162.90,0.00
2025-11-25,04:29:00,25161.75,25171.5,25159.75,25170.25,416,25182.95,25162.95,0.00
2025-11-25,04:30:00,25170.75,25174.25,25166.75,25173.5,308,25182.93,25163.02,0.00
2025-11-25,04:31:00,25174.25,25175,25165.5,25170,391,25182.91,25163.10,0.00
2025-11-25,04:32:00,25169.5,25170,25161,25165,198,25182.89,25163.12,0.00
2025-11-25,04:33:00,25165,25167.5,25160.75,25163.25,290,25182.86,25163.12,0.00
2025-11-25,04:34:00,25162,25171.25,25159,25170,365,25182.83,25163.16,0.00
2025-11-25,04:35:00,25170.5,25173.5,25166.25,25170.75,331,25182.81,25163.22,0.00
2025-11-25,04:36:00,25170.75,25172.75,25164.5,25170,252,25182.79,25163.26,0.00
2025-11-25,04:37:00,25170.25,25173.5,25167.75,25169.25,233,25182.77,25163.31,0.00
2025-11-25,04:38:00,25169.75,25170.75,25165.25,25167.75,227,25182.75,25163.33,0.00
2025-11-25,04:39:00,25167,25167.75,25161.5,25167.5,486,25182.71,25163.36,0.00
2025-11-25,04:40:00,25168,25170.25,25162.5,25165.75,383,25182.68,25163.39,0.00
2025-11-25,04:41:00,25166.25,25168.75,25161.5,25166,188,25182.66,25163.40,0.00
2025-11-25,04:42:00,25166.25,25169.75,25161.25,25169.25,209,25182.64,25163.42,0.00
2025-11-25,04:43:00,25168.75,25172.5,25166,25168.5,317,25182.62,25163.47,0.00
2025-11-25,04:44:00,25167.75,25168.75,25160.5,25164.25,357,25182.59,25163.48,0.00
2025-11-25,04:45:00,25165,25166.25,25155,25156.75,469,25182.53,25163.43,0.00
2025-11-25,04:46:00,25157.25,25159.5,25153.25,25154,334,25182.48,25163.36,0.00
2025-11-25,04:47:00,25154,25154.25,25141.5,25149.25,942,25182.32,25163.01,0.00
2025-11-25,04:48:00,25148.5,25151.25,25146.75,25149.75,342,25182.26,25162.90,0.00
2025-11-25,04:49:00,25148.75,25149.5,25142.5,25144.25,375,25182.19,25162.74,0.00
2025-11-25,04:50:00,25144.5,25146.75,25139,25145.25,515,25182.09,25162.51,0.00
2025-11-25,04:51:00,25145.25,25145.25,25137,25139.75,484,25181.98,25162.26,0.00
2025-11-25,04:52:00,25139.75,25140.25,25131,25136.75,906,25181.77,25136.00,0.00
2025-11-25,04:53:00,25136.5,25137.25,25125,25126,972,25181.51,25129.42,0.00
2025-11-25,04:54:00,25126.25,25127,25118.25,25120.5,1089,25181.18,25121.92,0.00
2025-11-25,04:55:00,25120.75,25123,25112,25114.25,848,25180.91,25116.42,0.00
2025-11-25,04:56:00,25115.25,25121,25109.25,25119.75,978,25180.59,25116.67,0.00
2025-11-25,04:57:00,25119.25,25126.75,25112.25,25115.5,819,25180.34,25117.35,0.00
2025-11-25,04:58:00,25114.75,25119.5,25112,25118.75,381,25180.22,25117.25,0.00
2025-11-25,04:59:00,25119.25,25124.25,25118.75,25122.5,391,25180.10,25117.94,0.00
2025-11-25,05:00:00,25122.5,25125.75,25116,25119.75,580,25179.93,25118.41,0.00
2025-11-25,05:01:00,25120.25,25129,25116.25,25125.75,1059,25179.64,25119.74,0.00
2025-11-25,05:02:00,25125.5,25135,25118.5,25122,958,25179.38,25120.74,0.00
2025-11-25,05:03:00,25122.25,25128.25,25121.5,25126.75,373,25179.29,25121.06,0.00
2025-11-25,05:04:00,25126.25,25133.5,25123.5,25129.75,466,25179.17,25121.67,0.00
2025-11-25,05:05:00,25129,25137.25,25125.25,25136,431,25179.07,25122.42,0.00
2025-11-25,05:06:00,25135.5,25148.5,25135,25148.25,933,25178.92,25125.14,0.00
2025-11-25,05:07:00,25148.75,25152.25,25146.25,25147.25,711,25178.81,25127.20,0.00
2025-11-25,05:08:00,25146.75,25149.25,25141.75,25143,596,25178.71,25128.40,0.00
2025-11-25,05:09:00,25143,25143.25,25133.5,25139.5,620,25178.59,25129.09,0.00
2025-11-25,05:10:00,25139.25,25140,25129.5,25132.25,483,25178.49,25129.33,0.00
2025-11-25,05:11:00,25132.75,25138,25124.5,25125.25,789,25178.31,25129.33,0.00
2025-11-25,05:12:00,25124,25124.25,25114.25,25118.25,883,25178.06,25128.52,0.00
2025-11-25,05:13:00,25118.5,25135.5,25118.25,25134,782,25177.87,25128.57,0.00
2025-11-25,05:14:00,25134.5,25140.5,25131,25137.25,600,25177.76,25128.93,0.00
2025-11-25,05:15:00,25138,25138.5,25129.25,25135,282,25177.70,25129.04,0.00
2025-11-25,05:16:00,25135,25137.5,25127.25,25130.25,490,25177.59,25129.14,0.00
2025-11-25,05:17:00,25129.5,25131.5,25116.25,25117.25,628,25177.43,25128.81,0.00
2025-11-25,05:18:00,25116.75,25118.75,25109.5,25111.25,972,25177.14,25127.81,0.00
2025-11-25,05:19:00,25112.25,25117.25,25108.75,25113.75,667,25176.94,25113.25,0.00
2025-11-25,05:20:00,25114.25,25114.75,25106.5,25107.75,841,25176.68,25109.67,0.00
2025-11-25,05:21:00,25107.5,25109.75,25103,25105.5,1078,25176.32,25106.08,0.00
2025-11-25,05:22:00,25105.25,25105.5,25099.5,25101.25,685,25176.09,25102.08,0.00
2025-11-25,05:23:00,25101.25,25108.5,25100.75,25107.75,689,25175.87,25103.88,0.00
2025-11-25,05:24:00,25107.25,25111.5,25105.25,25111,551,25175.70,25105.42,0.00
2025-11-25,05:25:00,25111.5,25113.5,25100.5,25102.5,655,25175.49,25105.44,0.00
2025-11-25,05:26:00,25103.25,25104.25,25095.25,25096.25,870,25175.19,25098.58,0.00
2025-11-25,05:27:00,25096.25,25096.75,25093,25093,669,25174.94,25094.25,0.00
2025-11-25,05:28:00,25092.75,25093.75,25089.25,25090.25,875,25174.61,25091.08,0.00
2025-11-25,05:29:00,25090.75,25093.75,25086.75,25088.5,496,25174.42,25089.67,0.00
2025-11-25,05:30:00,25088.25,25089.75,25081.5,25081.75,812,25174.09,25084.33,0.00
2025-11-25,05:31:00,25082,25087.5,25079.75,25082.25,1049,25173.67,25083.17,0.00
2025-11-25,05:32:00,25083.25,25087.25,25081.25,25082,584,25173.43,25083.29,0.00
2025-11-25,05:33:00,25081.75,25087.5,25075,25081.25,842,25173.09,25081.25,0.00
2025-11-25,05:34:00,25081.5,25086,25077.75,25082.25,627,25172.84,25081.57,0.00
2025-11-25,05:35:00,25082.25,25088.75,25080.25,25086.25,832,25172.51,25082.84,0.00
2025-11-25,05:36:00,25085.75,25092,25082.25,25090.5,769,25172.23,25084.20,0.00
2025-11-25,05:37:00,25090.25,25106,25082,25095.5,2301,25171.45,25088.61,0.00
2025-11-25,05:38:00,25095.25,25095.25,25085,25087.25,438,25171.30,25088.65,0.00
2025-11-25,05:39:00,25087.5,25091.75,25084.25,25089,396,25171.15,25088.63,0.00
2025-11-25,05:40:00,25089,25094.5,25085.75,25086,432,25171.00,25088.64,0.00
2025-11-25,05:41:00,25087.25,25090.25,25079.75,25089.75,610,25170.78,25088.47,0.00
2025-11-25,05:42:00,25089.5,25110.75,25084.25,25104.5,1863,25170.21,25090.79,0.00
2025-11-25,05:43:00,25105.25,25116.75,25104.25,25116.5,1522,25169.84,25093.90,0.00
2025-11-25,05:44:00,25116,25117.5,25109,25115.25,564,25169.70,25094.91,0.00
2025-11-25,05:45:00,25115.5,25120.75,25114.5,25119.25,450,25169.61,25095.81,0.00
2025-11-25,05:46:00,25120,25122.5,25119,25120,523,25169.50,25096.87,0.00
2025-11-25,05:47:00,25119.5,25120,25106.75,25109.25,891,25169.28,25097.90,0.00
2025-11-25,05:48:00,25109.25,25110.25,25101.25,25101.75,609,25169.12,25098.19,0.00
2025-11-25,05:49:00,25101,25113,25099.5,25108.25,622,25168.95,25098.57,0.00
2025-11-25,05:50:00,25108.25,25117.25,25108.25,25117.25,408,25168.86,25099.00,0.00
2025-11-25,05:51:00,25116,25123.25,25114,25122.5,578,25168.74,25099.80,0.00
2025-11-25,05:52:00,25122.25,25126.75,25119.25,25125,487,25168.65,25100.53,0.00
2025-11-25,05:53:00,25125,25126.25,25116.75,25117.5,494,25168.55,25101.13,0.00
2025-11-25,05:54:00,25117.75,25118.75,25112.75,25117,431,25168.46,25101.52,0.00
2025-11-25,05:55:00,25116.25,25120,25111,25114.5,515,25168.35,25101.93,0.00
2025-11-25,05:56:00,25115,25118,25111.25,25112.25,347,25168.27,25102.16,0.00
2025-11-25,05:57:00,25112,25117,25111.75,25117,229,25168.22,25102.33,0.00
2025-11-25,05:58:00,25117,25119.75,25109,25110.5,438,25168.12,25102.59,0.00
2025-11-25,05:59:00,25110.75,25117.75,25107,25114,430,25168.02,25102.83,0.00
2025-11-25,06:00:00,25114.25,25115,25107.25,25110.75,358,25167.94,25102.98,0.00
2025-11-25,06:01:00,25110.5,25115.25,25108.25,25109.75,451,25167.83,25103.17,0.00
2025-11-25,06:02:00,25110,25110.5,25103.75,25107.5,528,25167.70,25103.28,0.00
2025-11-25,06:03:00,25106.5,25110.5,25103.5,25104.5,426,25167.59,25103.34,0.00
2025-11-25,06:04:00,25104.25,25108.25,25100.5,25102,339,25167.51,25103.34,0.00
2025-11-25,06:05:00,25101.25,25107.75,25100.75,25106,315,25167.42,25103.36,0.00
2025-11-25,06:06:00,25105.75,25109.75,25099,25103.25,532,25167.29,25103.38,0.00
2025-11-25,06:07:00,25102.75,25105,25098,25099.75,412,25167.18,25103.33,0.00
2025-11-25,06:08:00,25099.5,25101,25096.75,25097.25,415,25167.06,25103.24,0.00
2025-11-25,06:09:00,25097,25106.75,25096.25,25102.25,551,25166.92,25103.21,0.00
2025-11-25,06:10:00,25103,25113.75,25102,25112.5,489,25166.80,25103.33,0.00
2025-11-25,06:11:00,25112.5,25123.5,25110.75,25122.5,762,25166.66,25103.82,0.00
2025-11-25,06:12:00,25123.25,25129.5,25123.25,25126.75,1030,25166.49,25104.75,0.00
2025-11-25,06:13:00,25127,25128.5,25120.5,25125.25,498,25166.41,25105.14,0.00
2025-11-25,06:14:00,25124.75,25127.75,25120.5,25123.5,491,25166.32,25105.49,0.00
2025-11-25,06:15:00,25123.75,25124.25,25117.25,25120.75,315,25166.27,25105.67,0.00
2025-11-25,06:16:00,25121.25,25123.5,25113.25,25118,564,25166.16,25105.93,0.00
2025-11-25,06:17:00,25117.25,25126.5,25115.5,25125.75,441,25166.08,25106.20,0.00
2025-11-25,06:18:00,25126,25126.25,25111,25112.25,587,25165.97,25106.41,0.00
2025-11-25,06:19:00,25112.75,25114.75,25103.75,25105,674,25165.81,25106.44,0.00
2025-11-25,06:20:00,25106,25111.5,25105.25,25107.25,314,25165.74,25106.46,0.00
2025-11-25,06:21:00,25107.25,25115.25,25106.75,25114.25,405,25165.66,25106.54,0.00
2025-11-25,06:22:00,25114.5,25120.5,25113,25116,396,25165.58,25106.67,0.00
2025-11-25,06:23:00,25116.5,25123.25,25115,25122.25,287,25165.53,25106.80,0.00
2025-11-25,06:24:00,25121.75,25123.75,25118.75,25120,298,25165.48,25106.94,0.00
2025-11-25,06:25:00,25120.5,25120.5,25115.25,25116.5,264,25165.43,25107.03,0.00
2025-11-25,06:26:00,25117,25119.25,25112,25112.25,293,25165.37,25107.10,0.00
2025-11-25,06:27:00,25111.75,25114.5,25109.75,25112.5,247,25165.32,25107.14,0.00
2025-11-25,06:28:00,25112,25115,25109.75,25114.25,165,25165.28,25107.17,0.00
2025-11-25,06:29:00,25113.5,25117,25110.75,25116.25,173,25165.25,25107.21,0.00
2025-11-25,06:30:00,25116.75,25118.25,25113.75,25114.25,165,25165.22,25107.25,0.00
2025-11-25,06:31:00,25113.25,25113.75,25099.75,25106.75,657,25165.07,25107.24,0.00
2025-11-25,06:32:00,25107,25109.5,25103,25104,343,25164.99,25107.22,0.00
2025-11-25,06:33:00,25102.75,25113,25088.5,25111.5,1304,25164.68,25107.11,0.00
2025-11-25,06:34:00,25111.25,25112.75,25106.25,25112.25,415,25164.60,25107.15,0.00
2025-11-25,06:35:00,25112.75,25121.75,25110.5,25118.75,776,25164.45,25107.37,0.00
2025-11-25,06:36:00,25119,25120.5,25112.5,25113.25,419,25164.38,25107.46,0.00
2025-11-25,06:37:00,25113,25118.25,25108.25,25117.75,523,25164.28,25107.57,0.00
2025-11-25,06:38:00,25117,25126.25,25116.5,25123,519,25164.19,25107.77,0.00
2025-11-25,06:39:00,25123.5,25124.25,25120.5,25124,289,25164.15,25107.89,0.00
2025-11-25,06:40:00,25123.75,25127.75,25121.25,25125.75,356,25164.09,25108.05,0.00
2025-11-25,06:41:00,25125,25135,25125,25130.25,693,25164.00,25108.45,0.00
2025-11-25,06:42:00,25130.5,25137.75,25129.75,25137,573,25163.94,25108.84,0.00
2025-11-25,06:43:00,25136.25,25139,25132.25,25137.25,396,25163.90,25109.12,0.00
2025-11-25,06:44:00,25138,25138,25130,25131.25,431,25163.85,25109.38,0.00
2025-11-25,06:45:00,25130.75,25131.75,25120.75,25124,607,25163.76,25109.62,0.00
2025-11-25,06:46:00,25124.5,25127.5,25120.75,25122,395,25163.70,25109.76,0.00
2025-11-25,06:47:00,25122,25133.25,25122,25131.5,584,25163.62,25110.03,0.00
2025-11-25,06:48:00,25131.25,25134.75,25127.25,25128.5,310,25163.58,25110.18,0.00
2025-11-25,06:49:00,25129.25,25131.25,25122.5,25124.5,343,25163.54,25110.31,0.00
2025-11-25,06:50:00,25124.5,25129.25,25120.25,25128.75,475,25163.47,25110.49,0.00
2025-11-25,06:51:00,25128.25,25130.25,25126,25127.25,314,25163.43,25110.62,0.00
2025-11-25,06:52:00,25127.75,25129.5,25123.25,25127.25,248,25163.39,25110.71,0.00
2025-11-25,06:53:00,25127.25,25134,25127,25130,308,25163.36,25110.85,0.00
2025-11-25,06:54:00,25128.5,25133.75,25124.25,25133.75,301,25163.32,25110.99,0.00
2025-11-25,06:55:00,25133,25142,25132,25142,522,25163.27,25111.31,0.00
2025-11-25,06:56:00,25142,25147.25,25140.5,25143.25,812,25163.21,25111.90,0.00
2025-11-25,06:57:00,25143.25,25144,25139,25139,556,25163.16,25112.26,0.00
2025-11-25,06:58:00,25139,25143.25,25137,25139.5,541,25163.12,25112.58,0.00
2025-11-25,06:59:00,25139.75,25144.75,25138.25,25142.25,509,25163.08,25112.90,0.00
2025-11-25,07:00:00,25142.5,25142.5,25136.5,25139.75,324,25163.05,25113.09,0.00
2025-11-25,07:01:00,25140.25,25142.75,25135.25,25140.5,716,25162.99,25113.49,0.00
2025-11-25,07:02:00,25140.75,25141,25131.75,25137,416,25162.95,25113.69,0.00
2025-11-25,07:03:00,25137.25,25137.25,25130.5,25131.5,326,25162.91,25113.82,0.00
2025-11-25,07:04:00,25132.25,25132.75,25127.5,25131,271,25162.88,25113.91,0.00
2025-11-25,07:05:00,25130.25,25137.25,25129.5,25137.25,392,25162.84,25114.08,0.00
2025-11-25,07:06:00,25137.5,25138.5,25130.25,25135,289,25162.81,25114.20,0.00
2025-11-25,07:07:00,25135.5,25140.75,25135.5,25138.75,299,25162.78,25114.34,0.00
2025-11-25,07:08:00,25138.5,25142,25137,25141.25,233,25162.76,25114.47,0.00
2025-11-25,07:09:00,25141.25,25151,25139.75,25149.75,990,25162.71,25115.10,0.00
2025-11-25,07:10:00,25149.75,25150.25,25144,25148,500,25162.68,25115.42,0.00
2025-11-25,07:11:00,25147.5,25150.75,25135.5,25136.5,581,25162.63,25115.70,0.00
2025-11-25,07:12:00,25136.5,25146.5,25133.25,25146.5,521,25162.59,25115.97,0.00
2025-11-25,07:13:00,25146.25,25146.25,25138.25,25140,346,25162.57,25116.13,0.00
2025-11-25,07:14:00,25139.75,25144.25,25139.5,25142.5,268,25162.55,25116.26,0.00
2025-11-25,07:15:00,25143.75,25144.5,25140.5,25141.75,305,25162.53,25116.41,0.00
2025-11-25,07:16:00,25142.5,25145.75,25136.75,25140.5,422,25162.49,25116.61,0.00
2025-11-25,07:17:00,25140.5,25140.5,25133.25,25134.75,481,25162.45,25116.78,0.00
2025-11-25,07:18:00,25134.25,25134.75,25125,25125,850,25162.34,25116.96,0.00
2025-11-25,07:19:00,25125.25,25132,25123.5,25130,455,25162.29,25117.05,0.00
2025-11-25,07:20:00,25130,25130,25122.75,25126,359,25162.24,25117.11,0.00
2025-11-25,07:21:00,25125.5,25128.25,25124.25,25125.5,264,25162.21,25117.16,0.00
2025-11-25,07:22:00,25125.25,25127.75,25121.25,25125,377,25162.16,25117.21,0.00
2025-11-25,07:23:00,25125.25,25126.5,25120,25122,685,25162.06,25117.27,0.00
2025-11-25,07:24:00,25122.5,25133,25122.25,25129.5,439,25162.01,25117.36,0.00
2025-11-25,07:25:00,25128.75,25134,25125.5,25129.5,450,25161.96,25117.45,0.00
2025-11-25,07:26:00,25129.75,25132.5,25124.25,25125,283,25161.92,25117.50,0.00
2025-11-25,07:27:00,25126,25127.75,25117.5,25122.5,529,25161.85,25117.55,0.00
2025-11-25,07:28:00,25123,25124.5,25116.75,25122.5,500,25161.78,25117.58,0.00
2025-11-25,07:29:00,25123,25128,25117,25117.75,371,25161.73,25117.60,0.00
2025-11-25,07:30:00,25118,25121.25,25118,25119.25,469,25161.66,25117.61,0.00
2025-11-25,07:31:00,25119.25,25122.75,25114.25,25116.5,540,25161.57,25117.62,0.00
2025-11-25,07:32:00,25116.5,25116.75,25110.5,25115,720,25161.45,25117.57,0.00
2025-11-25,07:33:00,25114.5,25115.25,25106.5,25108.25,757,25161.32,25117.48,0.00
2025-11-25,07:34:00,25108,25110,25103.5,25105,535,25161.21,25117.38,0.00
2025-11-25,07:35:00,25105.75,25107,25102.75,25104.75,310,25161.15,25117.32,0.00
2025-11-25,07:36:00,25104.25,25107.25,25101.5,25107.25,409,25161.07,25117.25,0.00
2025-11-25,07:37:00,25106.5,25119,25105.5,25114.5,696,25160.96,25117.20,0.00
2025-11-25,07:38:00,25114.25,25115.25,25102.5,25103.5,680,25160.83,25117.09,0.00
2025-11-25,07:39:00,25103.25,25110.5,25099,25106.75,568,25160.72,25116.99,0.00
2025-11-25,07:40:00,25106.75,25112.75,25103.5,25112,495,25160.64,25116.93,0.00
2025-11-25,07:41:00,25111.75,25118.25,25111.25,25114.5,602,25160.54,25116.91,0.00
2025-11-25,07:42:00,25114,25115.75,25107.75,25113.5,429,25160.47,25116.88,0.00
2025-11-25,07:43:00,25113,25114.25,25107.25,25112.25,361,25160.41,25116.85,0.00
2025-11-25,07:44:00,25112.25,25115.5,25109,25114.5,272,25160.36,25116.84,0.00
2025-11-25,07:45:00,25113,25116.75,25109,25112.5,261,25160.32,25116.82,0.00
2025-11-25,07:46:00,25112.25,25112.25,25104.25,25109.25,334,25160.26,25116.78,0.00
2025-11-25,07:47:00,25108.5,25111.25,25105.75,25108.25,244,25160.22,25116.75,0.00
2025-11-25,07:48:00,25109,25118.5,25107,25109.25,533,25160.13,25116.71,0.00
2025-11-25,07:49:00,25109.5,25113,25107.5,25107.5,243,25160.09,25116.69,0.00
2025-11-25,07:50:00,25108,25111.5,25105,25105.5,302,25160.04,25116.65,0.00
2025-11-25,07:51:00,25105.75,25112.75,25105.5,25108.5,276,25159.99,25116.62,0.00
2025-11-25,07:52:00,25108.5,25112.5,25100.25,25101.75,496,25159.89,25116.53,0.00
2025-11-25,07:53:00,25101.5,25104.25,25097.5,25103.5,435,25159.81,25116.44,0.00
2025-11-25,07:54:00,25103.5,25114.25,25101.25,25112.75,569,25159.71,25116.38,0.00
2025-11-25,07:55:00,25113.25,25120,25111.75,25118.5,571,25159.63,25116.39,0.00
2025-11-25,07:56:00,25119.25,25120.5,25111.25,25115.25,508,25159.55,25116.38,0.00
2025-11-25,07:57:00,25116.25,25127.75,25116.25,25120.5,942,25159.43,25116.45,0.00
2025-11-25,07:58:00,25120.75,25127.5,25120,25120,364,25159.39,25116.48,0.00
2025-11-25,07:59:00,25121,25126.5,25119,25122.25,366,25159.34,25116.51,0.00
2025-11-25,08:00:00,25123,25128.5,25123,25128.25,385,25159.30,25116.56,0.00
2025-11-25,08:01:00,25127.75,25132.5,25120,25124.5,1084,25159.18,25116.69,0.00
2025-11-25,08:02:00,25125.25,25144.25,25119.5,25142.75,1577,25159.06,25117.08,0.00
2025-11-25,08:03:00,25142.25,25152,25141.75,25150.75,1090,25159.02,25117.51,0.00
2025-11-25,08:04:00,25151.25,25166.75,25151.25,25162.75,1953,25159.02,25118.56,0.00
2025-11-25,08:05:00,25162.5,25169.25,25157.25,25162.5,917,25159.04,25119.06,0.00
2025-11-25,08:06:00,25162.25,25170.25,25160.75,25163,1005,25159.05,25119.62,0.00
2025-11-25,08:07:00,25163.25,25166,25156.25,25164,960,25159.06,25120.11,0.00
2025-11-25,08:08:00,25164,25168,25159.75,25164.5,705,25159.08,25120.48,0.00
2025-11-25,08:09:00,25165.75,25166,25160.5,25164.25,378,25159.08,25120.68,0.00
2025-11-25,08:10:00,25164,25172.75,25163,25171.25,751,25159.11,25121.10,0.00
2025-11-25,08:11:00,25171,25175.25,25166.75,25169.25,943,25159.14,25121.65,0.00
2025-11-25,08:12:00,25169.5,25180.75,25163,25179.75,973,25159.19,25122.24,0.00
2025-11-25,08:13:00,25180,25187.25,25175.5,25184,1317,25159.28,25123.14,0.00
2025-11-25,08:14:00,25184,25188,25178.75,25182.5,1048,25159.36,25123.85,0.00
2025-11-25,08:15:00,25182.5,25183.5,25174.25,25179.75,865,25159.42,25124.38,0.00
2025-11-25,08:16:00,25179.5,25182.5,25172.25,25178.75,710,25159.46,25124.80,0.00
2025-11-25,08:17:00,25179,25185.5,25174.75,25182.5,749,25159.51,25125.26,0.00
2025-11-25,08:18:00,25182.25,25184,25172.25,25172.5,822,25159.55,25125.71,0.00
2025-11-25,08:19:00,25172.75,25177.75,25169.5,25170.5,566,25159.58,25126.00,0.00
2025-11-25,08:20:00,25170,25170.5,25160,25161.25,954,25159.59,25126.39,0.00
2025-11-25,08:21:00,25162,25169.75,25158.5,25169,845,25159.61,25126.74,0.00
2025-11-25,08:22:00,25169,25171.5,25161.25,25162.75,607,25159.62,25126.98,0.00
2025-11-25,08:23:00,25162.75,25166.75,25161.25,25162.5,346,25159.62,25127.12,0.00
2025-11-25,08:24:00,25163,25172.25,25162.5,25172,472,25159.64,25127.32,0.00
2025-11-25,08:25:00,25172,25176.25,25168.75,25172.5,544,25159.66,25127.58,0.00
2025-11-25,08:26:00,25172.5,25173.75,25167,25169.75,486,25159.67,25127.79,0.00
2025-11-25,08:27:00,25169.25,25178.75,25168.25,25177.5,449,25159.69,25128.01,0.00
2025-11-25,08:28:00,25177.5,25180,25173.25,25177,596,25159.73,25128.30,0.00
2025-11-25,08:29:00,25177,25184.5,25175.5,25183.25,735,25159.77,25128.70,0.00
2025-11-25,08:30:00,25183.25,25187.25,25180.75,25185,568,25159.82,25129.01,0.00
2025-11-25,08:31:00,25184.25,25184.25,25170.75,25173.25,980,25159.87,25129.47,0.00
2025-11-25,08:32:00,25172.5,25179,25165.5,25166.5,743,25159.89,25129.78,0.00
2025-11-25,08:33:00,25166.5,25168.25,25157.25,25161,894,25159.90,25130.06,0.00
2025-11-25,08:34:00,25160.75,25165,25157.25,25159.5,545,25159.90,25130.22,0.00
2025-11-25,08:35:00,25159,25159,25144.75,25146.25,1256,25159.86,25130.46,0.00
2025-11-25,08:36:00,25145.75,25150,25142.75,25149.75,834,25159.83,25130.60,0.00
2025-11-25,08:37:00,25148.75,25150.5,25143.5,25146.75,509,25159.81,25130.68,0.00
2025-11-25,08:38:00,25146.75,25146.75,25137,25137.25,884,25159.76,25130.76,0.00
2025-11-25,08:39:00,25137.5,25145.75,25133.75,25145.25,956,25159.70,25130.85,0.00
2025-11-25,08:40:00,25144.75,25151.5,25144.75,25149.5,930,25159.67,25131.01,0.00
2025-11-25,08:41:00,25149.25,25151,25140.5,25141,672,25159.64,25131.09,0.00
2025-11-25,08:42:00,25141.25,25141.75,25135.5,25138.25,731,25159.60,25131.14,0.00
2025-11-25,08:43:00,25137.75,25178.25,25137.25,25174.5,3213,25159.63,25132.06,0.00
2025-11-25,08:44:00,25175,25220.5,25170.25,25215.25,5560,25160.32,25135.35,0.00
2025-11-25,08:45:00,25215.25,25228.75,25184.75,25189.5,4802,25160.88,25137.92,0.00
2025-11-25,08:46:00,25188.25,25202.75,25173.5,25194.25,2901,25161.12,25139.13,0.00
2025-11-25,08:47:00,25194.75,25196.75,25175.5,25179,1920,25161.25,25139.80,0.00
2025-11-25,08:48:00,25178.75,25187.5,25164,25173,1669,25161.31,25140.25,0.00
2025-11-25,08:49:00,25172.5,25177,25156.5,25158.25,1758,25161.32,25140.57,0.00
2025-11-25,08:50:00,25157.75,25163.5,25150.5,25155.25,1681,25161.30,25140.77,0.00
2025-11-25,08:51:00,25154,25159.75,25148.75,25158.25,1262,25161.28,25140.91,0.00
2025-11-25,08:52:00,25158.5,25167.5,25154.5,25160,1140,25161.28,25141.08,0.00
2025-11-25,08:53:00,25161,25166,25154.5,25164.5,855,25161.28,25141.20,0.00
2025-11-25,08:54:00,25163.5,25167.25,25154.75,25158.5,800,25161.28,25141.32,0.00
2025-11-25,08:55:00,25159.75,25164.25,25157.5,25160.5,605,25161.28,25141.40,0.00
2025-11-25,08:56:00,25159.75,25169.25,25151.25,25168.25,1086,25161.28,25141.57,0.00
2025-11-25,08:57:00,25168.5,25169,25156.5,25158.25,714,25161.28,25141.67,0.00
2025-11-25,08:58:00,25158.75,25168.25,25158.75,25161.75,526,25161.28,25141.75,0.00
2025-11-25,08:59:00,25161.25,25170,25158.75,25166.25,552,25161.29,25141.84,0.00
2025-11-25,09:00:00,25165.5,25169.75,25161.25,25164,581,25161.30,25141.94,0.00
2025-11-25,09:01:00,25163.75,25171.75,25159,25169.5,1041,25161.31,25142.12,0.00
2025-11-25,09:02:00,25169.25,25171.25,25159,25165.25,1015,25161.32,25142.28,0.00
2025-11-25,09:03:00,25166.25,25180.75,25164,25179,1336,25161.37,25142.58,0.00
2025-11-25,09:04:00,25178.5,25190,25171.5,25186.25,1584,25161.46,25143.02,0.00
2025-11-25,09:05:00,25187,25189.75,25169.75,25172,1336,25161.52,25143.33,0.00
2025-11-25,09:06:00,25172.5,25172.5,25164.25,25168.25,780,25161.53,25143.46,0.00
2025-11-25,09:07:00,25167.5,25178,25167.25,25171,1170,25161.56,25143.68,0.00
2025-11-25,09:08:00,25170.75,25175,25164.75,25167.75,756,25161.58,25143.81,0.00
2025-11-25,09:09:00,25167.5,25175.5,25160.25,25164.5,911,25161.59,25143.95,0.00
2025-11-25,09:10:00,25164.25,25169.75,25160.75,25166.5,786,25161.60,25144.06,0.00
2025-11-25,09:11:00,25166.5,25174.25,25160.5,25164.5,1431,25161.62,25144.27,0.00
2025-11-25,09:12:00,25164,25167,25155.5,25159.5,1069,25161.62,25144.39,0.00
2025-11-25,09:13:00,25159.25,25166.5,25157,25161.75,564,25161.62,25144.45,0.00
2025-11-25,09:14:00,25162,25174,25159.75,25169.75,812,25161.63,25144.57,0.00
2025-11-25,09:15:00,25168.75,25173,25162.5,25164,611,25161.64,25144.66,0.00
2025-11-25,09:16:00,25164.25,25169.25,25159.5,25167.75,808,25161.65,25144.77,0.00
2025-11-25,09:17:00,25168.5,25171.25,25164.25,25168.25,629,25161.66,25144.86,0.00
2025-11-25,09:18:00,25168.25,25177.5,25167.5,25174.5,890,25161.68,25145.02,0.00
2025-11-25,09:19:00,25174.25,25186,25174,25184.5,1133,25161.74,25145.28,0.00
2025-11-25,09:20:00,25184.25,25191.75,25181.25,25181.75,1224,25161.81,25145.58,0.00
2025-11-25,09:21:00,25181.5,25186.75,25174.5,25177,842,25161.85,25145.75,0.00
2025-11-25,09:22:00,25177.25,25186,25175.5,25184.5,485,25161.88,25145.86,0.00
2025-11-25,09:23:00,25184.5,25189,25180.25,25188.5,524,25161.91,25145.99,0.00
2025-11-25,09:24:00,25188.75,25199.75,25183.5,25196,1513,25162.03,25146.43,0.00
2025-11-25,09:25:00,25196.25,25203.5,25191.25,25195.75,1353,25162.15,25146.84,0.00
2025-11-25,09:26:00,25196.25,25196.75,25183.25,25188.5,992,25162.22,25147.09,0.00
2025-11-25,09:27:00,25189,25192.25,25182.75,25185.5,604,25162.26,25147.24,0.00
2025-11-25,09:28:00,25185.75,25194.75,25184.25,25192.25,581,25162.30,25147.39,0.00
2025-11-25,09:29:00,25192.25,25193.75,25188,25188.5,387,25162.33,25147.48,0.00
2025-11-25,09:30:00,25189,25195.75,25184.5,25193.25,749,25162.38,25147.68,0.00
2025-11-25,09:31:00,25191.5,25211.25,25168.25,25199.75,2471,25162.58,25148.33,0.00
2025-11-25,09:32:00,25200,25200,25184.75,25189.5,1499,25162.68,25148.71,0.00
2025-11-25,09:33:00,25190,25197.25,25171.75,25173.75,1785,25162.77,25149.04,0.00
2025-11-25,09:34:00,25174.25,25182.25,25169,25171.25,1258,25162.80,25149.22,0.00
2025-11-25,09:35:00,25171.25,25173.75,25155.5,25158.75,2166,25162.80,25149.38,0.00
2025-11-25,09:36:00,25158.5,25161.75,25149.75,25160.5,2525,25162.77,25149.49,0.00
2025-11-25,09:37:00,25160,25160,25148.25,25149.5,1333,25162.73,25149.51,0.00
2025-11-25,09:38:00,25148.75,25156.75,25139.25,25152.75,1928,25162.67,25149.52,0.00
2025-11-25,09:39:00,25152.25,25155.5,25140.5,25149,1408,25162.62,25149.51,0.00
2025-11-25,09:40:00,25148,25157.25,25146.5,25152.75,984,25162.60,25149.52,0.00
2025-11-25,09:41:00,25152.5,25154.25,25143.5,25145.75,1135,25162.56,25149.51,0.00
2025-11-25,09:42:00,25145.25,25146.75,25138.75,25139.25,1248,25162.49,25149.46,0.00
2025-11-25,09:43:00,25139,25146.75,25136.75,25143.5,1313,25162.43,25149.41,0.00
2025-11-25,09:44:00,25143.25,25143.75,25135.5,25136,1004,25162.37,25149.35,0.00
2025-11-25,09:45:00,25136,25136.5,25127,25129.5,2130,25162.21,25149.15,0.00
2025-11-25,09:46:00,25129.75,25145.75,25126.75,25142.25,1989,25162.10,25149.04,0.00
2025-11-25,09:47:00,25142.25,25142.75,25134.5,25138.25,1243,25162.03,25148.97,0.00
2025-11-25,09:48:00,25138.5,25145.25,25138,25142.5,986,25161.98,25148.93,0.00
2025-11-25,09:49:00,25142,25149.25,25139.25,25144.5,1149,25161.93,25148.91,0.00
2025-11-25,09:50:00,25145.25,25161.25,25141.75,25157.75,2828,25161.88,25148.97,0.00
2025-11-25,09:51:00,25158,25170,25154.75,25158.5,2635,25161.87,25149.13,0.00
2025-11-25,09:52:00,25159.75,25160.25,25149.25,25152.25,1513,25161.84,25149.17,0.00
2025-11-25,09:53:00,25152.25,25153.25,25136.75,25137.25,1604,25161.77,25149.11,0.00
2025-11-25,09:54:00,25137.25,25147,25135.25,25142.75,1682,25161.69,25149.05,0.00
2025-11-25,09:55:00,25143.25,25147.5,25140.75,25144.5,1008,25161.65,25149.03,0.00
2025-11-25,09:56:00,25144.25,25144.5,25137,25140.25,1119,25161.60,25148.99,0.00
2025-11-25,09:57:00,25141.25,25144,25131,25134.75,1344,25161.52,25148.91,0.00
2025-11-25,09:58:00,25135,25140.75,25130.25,25136.75,1585,25161.43,25148.81,0.00
2025-11-25,09:59:00,25136.25,25137.5,25130,25133.25,1228,25161.35,25148.72,0.00
2025-11-25,10:00:00,25133.75,25139,25131.25,25137.25,1006,25161.29,25148.66,0.00
2025-11-25,10:01:00,25137.25,25146,25135.25,25138,1704,25161.21,25148.59,0.00
2025-11-25,10:02:00,25137.5,25140.25,25131.25,25135.75,1260,25161.14,25148.52,0.00
2025-11-25,10:03:00,25135,25136.75,25121.75,25129.25,1739,25161.01,25148.37,0.00
2025-11-25,10:04:00,25129.5,25130,25116.25,25117.5,1815,25160.85,25148.15,0.00
2025-11-25,10:05:00,25117.75,25120.25,25111.25,25114.75,1776,25160.67,25147.89,0.00
2025-11-25,10:06:00,25114.5,25121.5,25112,25121,1438,25160.54,25147.70,0.00
2025-11-25,10:07:00,25121,25123.5,25106,25106.5,1988,25160.32,25147.39,0.00
2025-11-25,10:08:00,25106.25,25112.25,25105.25,25108.75,1221,25160.18,25147.18,0.00
2025-11-25,10:09:00,25108.75,25110.25,25100.5,25103.5,1719,25159.98,25146.86,0.00
2025-11-25,10:10:00,25104.25,25106.75,25101,25103.75,1066,25159.84,25146.66,0.00
2025-11-25,10:11:00,25104.25,25115,25104,25112.75,1552,25159.68,25146.42,0.00
2025-11-25,10:12:00,25112.75,25115,25110.25,25110.75,841,25159.59,25146.30,0.00
2025-11-25,10:13:00,25110.75,25116.75,25105.5,25114.75,1415,25159.44,25146.10,0.00
2025-11-25,10:14:00,25114.75,25122.75,25114,25121,1508,25159.31,25145.93,0.00
2025-11-25,10:15:00,25121.75,25127.5,25119,25119.25,1983,25159.15,25145.73,0.00
2025-11-25,10:16:00,25118.75,25121.25,25111.5,25116,1414,25159.02,25145.55,0.00
2025-11-25,10:17:00,25116,25117,25107.75,25109.25,938,25158.93,25145.42,0.00
2025-11-25,10:18:00,25109.25,25109.75,25104.5,25109,986,25158.82,25145.27,0.00
2025-11-25,10:19:00,25109.5,25115.25,25107,25110.5,1041,25158.71,25145.12,0.00
2025-11-25,10:20:00,25109.5,25114.25,25106.5,25112,818,25158.63,25145.01,0.00
2025-11-25,10:21:00,25111.5,25117,25107.5,25114.5,945,25158.54,25144.88,0.00
2025-11-25,10:22:00,25114.5,25115.25,25105,25107,935,25158.44,25144.75,0.00
2025-11-25,10:23:00,25106.75,25110,25102.75,25106.5,1380,25158.29,25144.53,0.00
2025-11-25,10:24:00,25106.75,25121,25106,25118,1266,25158.17,25144.38,0.00
2025-11-25,10:25:00,25118,25120.25,25113.25,25114.5,975,25158.08,25144.27,0.00
2025-11-25,10:26:00,25114.75,25117.25,25105.25,25108.75,1538,25157.93,25144.06,0.00
2025-11-25,10:27:00,25108.25,25112,25104,25110.75,966,25157.83,25143.93,0.00
2025-11-25,10:28:00,25110.75,25115,25095.75,25102.25,2612,25157.54,25143.52,0.00
2025-11-25,10:29:00,25102.25,25113,25094.75,25111.5,2219,25157.30,25143.20,0.00
2025-11-25,10:30:00,25111.5,25114,25107.75,25110,1859,25157.12,25142.97,0.00
2025-11-25,10:31:00,25110,25135.25,25070.75,25082.25,14872,25155.30,25096.08,0.00
2025-11-25,10:32:00,25082.75,25110.25,25079.25,25089.25,8703,25154.23,25094.91,0.00
2025-11-25,10:33:00,25089.25,25109.25,25086,25097.25,6044,25153.56,25095.44,0.00
2025-11-25,10:34:00,25097.75,25104.75,25081.25,25095.5,5261,25152.96,25095.20,0.00
2025-11-25,10:35:00,25095.75,25119.75,25091.5,25106.75,6629,25152.36,25096.92,0.00
2025-11-25,10:36:00,25106.75,25122,25093.75,25120.5,6744,25151.85,25099.04,0.00
2025-11-25,10:37:00,25121,25132,25103,25117,8004,25151.34,25101.65,0.00
2025-11-25,10:38:00,25116.75,25123.25,25089,25096.5,6984,25150.72,25101.79,0.00
2025-11-25,10:39:00,25095.75,25112.25,25092,25101.25,5218,25150.26,25101.79,0.00
2025-11-25,10:40:00,25100.5,25111.75,25088.75,25090.25,5066,25149.77,25101.45,0.00
2025-11-25,10:41:00,25090,25090.75,25045.75,25048.5,16752,25147.20,25061.67,0.00
2025-11-25,10:42:00,25048.75,25061.75,25039,25049.25,9590,25145.60,25050.00,0.00
2025-11-25,10:43:00,25049.5,25058.25,25025,25026.75,9765,25143.81,25036.67,0.00
2025-11-25,10:44:00,25026.25,25026.5,24974.75,24977.25,16583,25139.70,24992.83,0.00
2025-11-25,10:45:00,24977,25005.5,24972.75,24982.25,10022,25137.23,24986.83,0.00
2025-11-25,10:46:00,24982.5,24982.5,24935.5,24941.75,15725,25132.68,24953.25,0.00
2025-11-25,10:47:00,24941.75,24943,24924.75,24938.75,11651,25129.13,24935.50,0.00
2025-11-25,10:48:00,24939.25,24959,24930.75,24932.25,11457,25125.85,24938.06,0.00
2025-11-25,10:49:00,24932.75,24937.5,24891.25,24902,14645,25121.16,24910.25,0.00
2025-11-25,10:50:00,24901.75,24917.75,24878.25,24884.75,14041,25116.51,24893.58,0.00
2025-11-25,10:51:00,24884.5,24909.75,24855.25,24905.75,17580,25110.86,24890.25,0.00
2025-11-25,10:52:00,24905,24951.5,24901.5,24944.5,14695,25107.22,24909.49,0.00
2025-11-25,10:53:00,24944.5,24982.75,24940.25,24972.5,13742,25104.56,24926.11,0.00
2025-11-25,10:54:00,24972.25,24974.25,24950.25,24972.5,8074,25103.04,24932.02,0.00
2025-11-25,10:55:00,24973,25004.5,24972.5,24999.75,11653,25101.33,24942.69,0.00
2025-11-25,10:56:00,24999.75,25029.75,24999.75,25018.5,12845,25099.90,24954.68,0.00
2025-11-25,10:57:00,25018.25,25025.25,24988.25,25010,10799,25098.62,24961.10,0.00
2025-11-25,10:58:00,25010.5,25047.75,25010.5,25035,10946,25097.68,24968.73,0.00
2025-11-25,10:59:00,25035,25057,25033.25,25051.25,7510,25097.20,24974.19,0.00
2025-11-25,11:00:00,25051.5,25079,25050.75,25068.75,9588,25096.83,24981.70,0.00
2025-11-25,11:01:00,25070.75,25074.75,25032,25045,10658,25096.23,24987.44,0.00
2025-11-25,11:02:00,25044.25,25046.25,25009,25032.75,10897,25095.34,24990.72,0.00
2025-11-25,11:03:00,25032.75,25037.5,24952.5,24959,15452,25093.28,24989.95,0.00
2025-11-25,11:04:00,24958.75,24967.25,24925.5,24933.5,12096,25091.14,24986.47,0.00
2025-11-25,11:05:00,24933,24947.25,24907.25,24941.25,11659,25088.99,24982.90,0.00
2025-11-25,11:06:00,24941.25,24997.75,24916.75,24984.25,15698,25086.81,24981.55,0.00
2025-11-25,11:07:00,24984.5,24994,24957.5,24990.25,10341,25085.57,24981.50,0.00
2025-11-25,11:08:00,24991,25019.25,24986,25007,11037,25084.58,24982.66,0.00
2025-11-25,11:09:00,25006.25,25046.5,25006.25,25026,9369,25083.98,24984.48,0.00
2025-11-25,11:10:00,25026,25030.75,25005.75,25024.5,6377,25083.54,24985.47,0.00
2025-11-25,11:11:00,25024.75,25047,25013,25018.25,10440,25082.89,24987.23,0.00
2025-11-25,11:12:00,25019.25,25029,24961.25,24980.75,13710,25081.54,24987.39,0.00
2025-11-25,11:13:00,24980.5,25009.75,24971,25007.5,7987,25080.83,24987.66,0.00
2025-11-25,11:14:00,25008.25,25033,24995.5,25006,8143,25080.24,24988.37,0.00
2025-11-25,11:15:00,25005.75,25018.25,24976.75,24996.75,7493,25079.59,24988.61,0.00
2025-11-25,11:16:00,24997,25003,24974,24983.5,7103,25078.92,24988.57,0.00
2025-11-25,11:17:00,24983.25,25022.5,24973.5,25002.5,9858,25078.12,24988.93,0.00
2025-11-25,11:18:00,25002.5,25029,24986.75,24990.25,7624,25077.53,24989.26,0.00
2025-11-25,11:19:00,24989.75,25021.25,24985.75,25020,5369,25077.16,24989.60,0.00
2025-11-25,11:20:00,25019.5,25034.75,25005.75,25019.5,6992,25076.77,24990.28,0.00
2025-11-25,11:21:00,25018.75,25035.5,24992.25,25002.25,8803,25076.18,24990.81,0.00
2025-11-25,11:22:00,25001.75,25013.25,24990,25000.5,5845,25075.75,24991.00,0.00
2025-11-25,11:23:00,25001.25,25026.25,24972.75,24974,8558,25075.05,24991.00,0.00
2025-11-25,11:24:00,24974.25,24997.75,24954.25,24976,11085,25073.99,24990.52,0.00
2025-11-25,11:25:00,24976,24978.25,24960.25,24966.75,6299,25073.35,24990.13,0.00
2025-11-25,11:26:00,24967,25003.25,24963.5,24983.25,8374,25072.63,24989.97,0.00
2025-11-25,11:27:00,24983,25012,24968,24992,7952,25072.02,24989.99,0.00
2025-11-25,11:28:00,24992,24997.75,24966.5,24986.25,6277,25071.50,24989.88,0.00
2025-11-25,11:29:00,24985.5,25014,24970.75,25010.75,5502,25071.12,24990.00,0.00
2025-11-25,11:30:00,25010.5,25039,25010.25,25034.75,7361,25070.83,24990.72,0.00
2025-11-25,11:31:00,25034.25,25077,25029.75,25072.75,11785,25070.71,24992.74,0.00
2025-11-25,11:32:00,25073,25075.5,25057.25,25069.75,7690,25070.69,24994.13,0.00
2025-11-25,11:33:00,25070,25082,25058.75,25059,7444,25070.66,24995.42,0.00
2025-11-25,11:34:00,25059.25,25072,25046.5,25066.25,6732,25070.61,24996.47,0.00
2025-11-25,11:35:00,25066.5,25072.75,25059.5,25061.75,4285,25070.58,24997.15,0.00
2025-11-25,11:36:00,25062,25063.5,25020,25025,9938,25070.28,24998.03,0.00
2025-11-25,11:37:00,25024.5,25054.25,25015.75,25044.5,7449,25070.07,24998.70,0.00
2025-11-25,11:38:00,25043.75,25060.5,25040,25056.25,5344,25069.98,24999.33,0.00
2025-11-25,11:39:00,25056.25,25062.75,25038,25047.75,5473,25069.89,24999.93,0.00
2025-11-25,11:40:00,25047.75,25062,25041,25049.25,4470,25069.81,25000.42,0.00
2025-11-25,11:41:00,25049,25058.25,25033.25,25058.25,5095,25069.72,25000.96,0.00
2025-11-25,11:42:00,25057.75,25067.75,25043.25,25050.75,4415,25069.66,25001.46,0.00
2025-11-25,11:43:00,25050.25,25065,25041.75,25045.5,4405,25069.59,25001.91,0.00
2025-11-25,11:44:00,25044.5,25065.5,25036,25064,4437,25069.54,25002.41,0.00
2025-11-25,11:45:00,25063.5,25099.25,25060.75,25098.5,10427,25069.69,25004.18,0.00
2025-11-25,11:46:00,25098.25,25122.75,25095.5,25121.25,9586,25070.04,25006.27,0.00
2025-11-25,11:47:00,25121.5,25126.75,25108,25124.25,7281,25070.34,25007.90,0.00
2025-11-25,11:48:00,25124.5,25125.25,25102.75,25113.75,5710,25070.55,25009.07,0.00
2025-11-25,11:49:00,25113.75,25118.5,25090,25095,5469,25070.68,25010.04,0.00
2025-11-25,11:50:00,25094.75,25095.75,25046.25,25062.25,11273,25070.66,25011.28,0.00
2025-11-25,11:51:00,25061.5,25064,25034,25041.5,8045,25070.50,25011.80,0.00
2025-11-25,11:52:00,25041.5,25042.25,25014.5,25032.75,8596,25070.22,25012.09,0.00
2025-11-25,11:53:00,25033,25059,25019.5,25053.25,6987,25070.07,25012.49,0.00
2025-11-25,11:54:00,25052.25,25058.5,25039.5,25044,4353,25069.99,25012.76,0.00
2025-11-25,11:55:00,25044.75,25058,25026.5,25047.25,4966,25069.89,25013.03,0.00
2025-11-25,11:56:00,25047.25,25050.25,25034.25,25044.5,3279,25069.82,25013.21,0.00
2025-11-25,11:57:00,25044,25049,25025.5,25039.5,4092,25069.71,25013.38,0.00
2025-11-25,11:58:00,25039,25074.5,25037,25070.5,5916,25069.67,25013.87,0.00
2025-11-25,11:59:00,25071.5,25093.25,25062.5,25090.75,6237,25069.73,25014.60,0.00
2025-11-25,12:00:00,25090.75,25092.5,25062.25,25071.25,4880,25069.75,25015.10,0.00
2025-11-25,12:01:00,25071.25,25073.5,25051.5,25066.25,4890,25069.73,25015.51,0.00
2025-11-25,12:02:00,25066.5,25069.75,25046,25057,4230,25069.69,25015.80,0.00
2025-11-25,12:03:00,25057.25,25063.25,25038.25,25049.5,4935,25069.62,25016.09,0.00
2025-11-25,12:04:00,25049.25,25056.5,25031.25,25048.5,5361,25069.52,25016.35,0.00
2025-11-25,12:05:00,25049,25075.5,25047,25065,5437,25069.49,25016.76,0.00
2025-11-25,12:06:00,25065.25,25072.25,25035.75,25036.75,5432,25069.40,25017.03,0.00
2025-11-25,12:07:00,25036.25,25057.5,25029,25056.75,5567,25069.31,25017.31,0.00
2025-11-25,12:08:00,25056.25,25074.5,25055,25067.75,4551,25069.29,25017.66,0.00
2025-11-25,12:09:00,25067.75,25073.5,25051.5,25055.75,3106,25069.27,25017.87,0.00
2025-11-25,12:10:00,25056.25,25061.75,25030,25036,5078,25069.17,25018.06,0.00
2025-11-25,12:11:00,25035.75,25050.25,25027,25039.5,4937,25069.06,25018.22,0.00
2025-11-25,12:12:00,25039.25,25047,25028,25041.25,3703,25068.97,25018.34,0.00
2025-11-25,12:13:00,25041,25061.5,25041,25052.75,3943,25068.92,25018.55,0.00
2025-11-25,12:14:00,25052.75,25062.5,25044.5,25057.25,2745,25068.89,25018.70,0.00
2025-11-25,12:15:00,25057.75,25057.75,25035.5,25036.25,3329,25068.83,25018.82,0.00
2025-11-25,12:16:00,25036.5,25042.75,25027.25,25039.25,4231,25068.73,25018.94,0.00
2025-11-25,12:17:00,25039,25059.75,25031,25055.5,3825,25068.67,25019.11,0.00
2025-11-25,12:18:00,25055.75,25064.75,25051.25,25060,3012,25068.65,25019.29,0.00
2025-11-25,12:19:00,25059.75,25076.25,25051.75,25076.25,3835,25068.65,25019.57,0.00
2025-11-25,12:20:00,25076,25094.75,25075.25,25083.5,5515,25068.71,25020.10,0.00
2025-11-25,12:21:00,25083.25,25106.75,25081,25106.75,4319,25068.81,25020.59,0.00
2025-11-25,12:22:00,25106.5,25125.75,25104.75,25114.25,5827,25069.00,25021.39,0.00
2025-11-25,12:23:00,25114.25,25136.25,25113.75,25118.25,5172,25069.20,25022.15,0.00
2025-11-25,12:24:00,25117.75,25128.5,25103.75,25121.5,4357,25069.36,25022.75,0.00
2025-11-25,12:25:00,25121.25,25124,25099.25,25104,5129,25069.50,25023.38,0.00
2025-11-25,12:26:00,25105,25114.75,25088.5,25089.75,4519,25069.59,25023.86,0.00
2025-11-25,12:27:00,25090,25101.25,25079.75,25098,4174,25069.66,25024.27,0.00
2025-11-25,12:28:00,25098.25,25114.5,25097.25,25107,3603,25069.76,25024.68,0.00
2025-11-25,12:29:00,25107.5,25110,25090,25097.75,3158,25069.83,25025.01,0.00
2025-11-25,12:30:00,25097.75,25114,25094.25,25107.5,2492,25069.89,25025.29,0.00
2025-11-25,12:31:00,25107.5,25121,25102.75,25109.5,4931,25070.03,25025.87,0.00
2025-11-25,12:32:00,25108,25114.5,25101.75,25104,2396,25070.09,25026.14,0.00
2025-11-25,12:33:00,25104,25119.5,25099.25,25119.25,2631,25070.17,25026.45,0.00
2025-11-25,12:34:00,25119.75,25126.25,25108.25,25109.25,3807,25070.29,25026.91,0.00
2025-11-25,12:35:00,25108.5,25117.75,25105.5,25114.25,2096,25070.36,25027.16,0.00
2025-11-25,12:36:00,25114.25,25122.75,25109.5,25113.5,3024,25070.45,25027.52,0.00
2025-11-25,12:37:00,25113,25115,25100.5,25103,2975,25070.52,25027.83,0.00
2025-11-25,12:38:00,25104.25,25119.25,25097.25,25118,3138,25070.61,25028.19,0.00
2025-11-25,12:39:00,25118.5,25122.25,25109,25115.25,2294,25070.69,25028.46,0.00
2025-11-25,12:40:00,25114.5,25125.25,25114.5,25124.5,2447,25070.77,25028.76,0.00
2025-11-25,12:41:00,25124.75,25134.5,25123.5,25130.5,3591,25070.92,25029.24,0.00
2025-11-25,12:42:00,25131,25136,25121.25,25132.25,2557,25071.02,25029.58,0.00
2025-11-25,12:43:00,25132.75,25139.25,25128.75,25138.25,3196,25071.17,25030.03,0.00
2025-11-25,12:44:00,25138.25,25142,25133,25136.25,2570,25071.28,25030.39,0.00
2025-11-25,12:45:00,25136,25138,25122,25124.5,3609,25071.43,25030.85,0.00
2025-11-25,12:46:00,25125,25127,25091.75,25102.75,5973,25071.57,25031.45,0.00
2025-11-25,12:47:00,25102.75,25116.25,25102.25,25109.25,3633,25071.67,25031.81,0.00
2025-11-25,12:48:00,25109.25,25117.25,25095.75,25104.5,3058,25071.74,25032.10,0.00
2025-11-25,12:49:00,25104.75,25109.25,25099,25102,1693,25071.77,25032.26,0.00
2025-11-25,12:50:00,25101.75,25107.75,25094.5,25103.5,2253,25071.82,25032.46,0.00
2025-11-25,12:51:00,25103.75,25132.75,25103.5,25130.5,4721,25071.98,25033.00,0.00
2025-11-25,12:52:00,25130,25135.25,25123.75,25135.25,2297,25072.07,25033.29,0.00
2025-11-25,12:53:00,25135.25,25148.25,25133.25,25146.5,5128,25072.32,25034.00,0.00
2025-11-25,12:54:00,25146,25158.75,25145.5,25154.25,3971,25072.53,25034.59,0.00
2025-11-25,12:55:00,25153.75,25156.25,25148.5,25150.75,1747,25072.63,25034.84,0.00
2025-11-25,12:56:00,25150.75,25160,25143,25156.75,3025,25072.79,25035.29,0.00
2025-11-25,12:57:00,25156.5,25165.75,25153,25164.5,3218,25072.98,25035.79,0.00
2025-11-25,12:58:00,25164.5,25166.25,25157,25160.5,2292,25073.12,25036.15,0.00
2025-11-25,12:59:00,25160.5,25166.75,25153.75,25162.25,2287,25073.25,25036.50,0.00
2025-11-25,13:00:00,25162.5,25164.5,25150.75,25152.75,2176,25073.37,25036.82,0.00
2025-11-25,13:01:00,25152.75,25177.25,25150.25,25161.75,8671,25073.89,25038.16,0.00
2025-11-25,13:02:00,25162.75,25164.25,25151.5,25153.25,2244,25074.01,25038.48,0.00
2025-11-25,13:03:00,25153.25,25164.5,25147,25161.75,2746,25074.16,25038.88,0.00
2025-11-25,13:04:00,25162,25171.25,25160.75,25168,2057,25074.29,25039.20,0.00
2025-11-25,13:05:00,25168,25180.75,25166.5,25178.25,3460,25074.52,25039.76,0.00
2025-11-25,13:06:00,25178.5,25194.75,25178,25191.25,4252,25074.84,25040.52,0.00
2025-11-25,13:07:00,25191.5,25193,25186.5,25188.25,2475,25075.02,25040.96,0.00
2025-11-25,13:08:00,25188.5,25188.75,25177.5,25183.5,3095,25075.24,25041.48,0.00
2025-11-25,13:09:00,25184.25,25190.25,25179.5,25183.5,2306,25075.41,25041.88,0.00
2025-11-25,13:10:00,25183.75,25196,25183.25,25193.5,2277,25075.58,25042.28,0.00
2025-11-25,13:11:00,25193.5,25194.5,25184.75,25189,2052,25075.73,25042.63,0.00
2025-11-25,13:12:00,25189.5,25198.25,25189.5,25196.25,2185,25075.90,25043.03,0.00
2025-11-25,13:13:00,25196.5,25200.75,25192.5,25195.5,2058,25076.06,25043.40,0.00
2025-11-25,13:14:00,25195.75,25202.5,25190.75,25200.75,2087,25076.23,25043.77,0.00
2025-11-25,13:15:00,25201,25205.5,25198.5,25203.25,2225,25076.41,25044.19,0.00
2025-11-25,13:16:00,25203,25208.75,25198.25,25201,3364,25076.68,25044.81,0.00
2025-11-25,13:17:00,25201.25,25201.5,25186.75,25191,3934,25076.98,25045.48,0.00
2025-11-25,13:18:00,25191,25200.5,25188,25196.5,2382,25077.16,25045.90,0.00
2025-11-25,13:19:00,25196.75,25205.25,25190.25,25204,2038,25077.32,25046.26,0.00
2025-11-25,13:20:00,25204,25221,25203.25,25219,5132,25077.77,25047.25,0.00
2025-11-25,13:21:00,25218.5,25229.25,25218,25226.5,3922,25078.14,25048.04,0.00
2025-11-25,13:22:00,25227,25237.5,25225,25236.25,3915,25078.53,25048.86,0.00
2025-11-25,13:23:00,25235.25,25240.75,25229.25,25239.75,2490,25236.58,25049.39,0.00
2025-11-25,13:24:00,25239.75,25254.75,25238,25251,7300,25247.92,25051.02,0.00
2025-11-25,13:25:00,25250.75,25266.5,25248,25264.5,4875,25259.67,25052.16,0.00
2025-11-25,13:26:00,25264.25,25270.5,25259.25,25260.5,4143,25263.42,25053.13,0.00
2025-11-25,13:27:00,25260.5,25267,25251.75,25259,3810,25261.42,25054.00,0.00
2025-11-25,13:28:00,25259,25263.25,25253.5,25259.25,2020,25260.86,25054.46,0.00
2025-11-25,13:29:00,25259,25260,25242,25244.25,3602,25257.65,25055.23,0.00
2025-11-25,13:30:00,25244,25247,25237.5,25244.5,3013,25254.99,25055.85,0.00
2025-11-25,13:31:00,25244.5,25255.25,25243,25250.5,2924,25254.18,25056.47,0.00
2025-11-25,13:32:00,25251,25265.25,25247.25,25262.5,2856,25254.71,25057.10,0.00
2025-11-25,13:33:00,25262.75,25274.5,25260,25269.25,3503,25267.92,25057.90,0.00
2025-11-25,13:34:00,25269,25286.25,25266.5,25284.25,4097,25279.00,25058.88,0.00
2025-11-25,13:35:00,25284.25,25296,25283,25293.25,4512,25290.75,25060.01,0.00
2025-11-25,13:36:00,25293.5,25295.5,25284.5,25290.5,3407,25290.50,25060.85,0.00
2025-11-25,13:37:00,25291.5,25301,25286.75,25297.25,3240,25295.00,25061.66,0.00
2025-11-25,13:38:00,25297.5,25314.5,25297.5,25310.75,5463,25307.58,25063.09,0.00
2025-11-25,13:39:00,25310.75,25311.25,25297.75,25301.75,3970,25305.90,25064.10,0.00
2025-11-25,13:40:00,25301.75,25305.25,25291.25,25294.25,3275,25303.58,25064.90,0.00
2025-11-25,13:41:00,25294.5,25303.25,25291.5,25298.25,2808,25302.51,25065.59,0.00
2025-11-25,13:42:00,25299.25,25301.5,25293.5,25299.5,1464,25302.14,25065.95,0.00
2025-11-25,13:43:00,25299.25,25299.25,25283.75,25288.5,3111,25300.34,25066.68,0.00
2025-11-25,13:44:00,25288.5,25289.75,25279.25,25286.25,2335,25298.75,25067.21,0.00
2025-11-25,13:45:00,25286.75,25288.75,25280,25285.75,2033,25297.59,25067.67,0.00
2025-11-25,13:46:00,25286.25,25299.25,25284.75,25298.25,3072,25297.20,25068.39,0.00
2025-11-25,13:47:00,25298.75,25298.75,25271.75,25273.25,3558,25295.37,25069.18,0.00
2025-11-25,13:48:00,25273.5,25276.75,25262,25268,3904,25292.42,25069.98,0.00
2025-11-25,13:49:00,25267.5,25274.75,25259.5,25273,3287,25290.42,25070.65,0.00
2025-11-25,13:50:00,25273,25280.75,25271.5,25277.75,2304,25289.64,25071.14,0.00
2025-11-25,13:51:00,25278.25,25280.5,25270.25,25278.75,1968,25289.03,25071.55,0.00
2025-11-25,13:52:00,25278.75,25287.25,25274.25,25278.5,2853,25288.46,25072.16,0.00
2025-11-25,13:53:00,25278,25284.5,25272.5,25273,1322,25288.13,25072.43,0.00
2025-11-25,13:54:00,25273.5,25278.75,25269.25,25272.25,1659,25287.63,25072.77,0.00
2025-11-25,13:55:00,25272.75,25274.75,25258.5,25270.25,2516,25286.65,25073.27,0.00
2025-11-25,13:56:00,25270.25,25277,25268.75,25272.5,1564,25286.23,25073.59,0.00
2025-11-25,13:57:00,25272,25274.5,25261.75,25267,1486,25285.72,25073.88,0.00
2025-11-25,13:58:00,25266.75,25269.5,25251,25255.5,3008,25284.29,25074.44,0.00
2025-11-25,13:59:00,25255.5,25257.25,25240.75,25242,4014,25281.82,25075.13,0.00
2025-11-25,14:00:00,25242.75,25244.25,25229.75,25239.25,4595,25278.73,25075.88,0.00
2025-11-25,14:01:00,25239.75,25250.5,25236.25,25245.5,4173,25276.66,25076.57,0.00
2025-11-25,14:02:00,25245.25,25257.5,25244.5,25253,2965,25275.64,25077.09,0.00
2025-11-25,14:03:00,25253,25257.25,25244.25,25252.5,2323,25274.88,25077.49,0.00
2025-11-25,14:04:00,25252.75,25264.25,25251,25259.75,2960,25274.26,25078.02,0.00
2025-11-25,14:05:00,25259.75,25266.75,25254.75,25257.25,1987,25273.89,25078.37,0.00
2025-11-25,14:06:00,25257.75,25261.75,25249,25252.25,2189,25273.37,25078.75,0.00
2025-11-25,14:07:00,25252.25,25256,25244,25249,2302,25272.72,25079.14,0.00
2025-11-25,14:08:00,25249,25251.25,25243.75,25249.25,1553,25272.28,25079.39,0.00
2025-11-25,14:09:00,25249.5,25258,25245.25,25254.75,1700,25271.90,25079.68,0.00
2025-11-25,14:10:00,25254.75,25263.5,25250.75,25263.25,2114,25271.60,25080.05,0.00
2025-11-25,14:11:00,25263.75,25270.25,25256,25259.75,3203,25271.27,25080.62,0.00
2025-11-25,14:12:00,25259.25,25259.75,25245.5,25255.5,2651,25270.78,25081.06,0.00
2025-11-25,14:13:00,25255.5,25261.75,25254,25258.75,1620,25270.57,25081.34,0.00
2025-11-25,14:14:00,25258.75,25265.75,25254.75,25261,1395,25270.43,25081.58,0.00
2025-11-25,14:15:00,25260.75,25261.25,25251.5,25253.5,1445,25270.21,25081.83,0.00
2025-11-25,14:16:00,25253.25,25262,25243.75,25252,4205,25269.50,25082.52,0.00
2025-11-25,14:17:00,25251.75,25255,25248,25249.25,1109,25269.30,25082.69,0.00
2025-11-25,14:18:00,25248.25,25252.5,25244,25245,1416,25269.01,25082.92,0.00
2025-11-25,14:19:00,25245.25,25251,25241,25247.25,1618,25268.67,25083.17,0.00
2025-11-25,14:20:00,25247.25,25256.25,25242,25255,1705,25268.40,25083.45,0.00
2025-11-25,14:21:00,25254.5,25256.75,25243.75,25248.75,1633,25268.13,25083.70,0.00
2025-11-25,14:22:00,25248.25,25258.75,25246,25247,2673,25267.72,25084.13,0.00
2025-11-25,14:23:00,25247,25258.25,25241,25257.25,3205,25267.30,25084.64,0.00
2025-11-25,14:24:00,25257.5,25265.75,25254,25264.5,1742,25267.21,25084.93,0.00
2025-11-25,14:25:00,25263.75,25272.5,25258.5,25270,2665,25267.21,25085.39,0.00
2025-11-25,14:26:00,25269.75,25271.25,25264.25,25265.5,1509,25267.20,25085.65,0.00
2025-11-25,14:27:00,25265.5,25271.25,25261.75,25269,1525,25267.20,25085.91,0.00
2025-11-25,14:28:00,25269.25,25273.25,25262,25264.75,2371,25267.19,25086.31,0.00
2025-11-25,14:29:00,25265.5,25272.75,25264,25272.5,1284,25267.22,25086.54,0.00
2025-11-25,14:30:00,25272.75,25276.25,25268.25,25276,1458,25267.29,25086.79,0.00
2025-11-25,14:31:00,25276.25,25281.75,25274,25279.25,2592,25267.51,25087.26,0.00
2025-11-25,14:32:00,25279,25280.25,25274.25,25275.5,1235,25267.59,25087.47,0.00
2025-11-25,14:33:00,25275,25277,25267.5,25275.5,1670,25267.66,25087.76,0.00
2025-11-25,14:34:00,25276.25,25280,25272.25,25275.25,1168,25267.73,25087.97,0.00
2025-11-25,14:35:00,25275.25,25276.75,25270.75,25275.5,1087,25267.78,25088.16,0.00
2025-11-25,14:36:00,25275.25,25277.25,25271.25,25274.5,959,25267.83,25088.32,0.00
2025-11-25,14:37:00,25275,25276,25264,25270,2176,25267.86,25088.69,0.00
2025-11-25,14:38:00,25269.75,25271.5,25256.75,25260.75,2538,25267.78,25089.10,0.00
2025-11-25,14:39:00,25260.75,25262.75,25255,25257,1655,25267.67,25089.36,0.00
2025-11-25,14:40:00,25257.75,25271.5,25257.75,25265,1807,25267.63,25089.65,0.00
2025-11-25,14:41:00,25264.5,25266.5,25253.5,25259,2120,25267.52,25089.98,0.00
2025-11-25,14:42:00,25259.75,25270,25259.25,25267,1720,25267.49,25090.26,0.00
2025-11-25,14:43:00,25266.25,25273.75,25264.25,25266.5,1522,25267.50,25090.51,0.00
2025-11-25,14:44:00,25266,25269,25260,25264,1164,25267.48,25090.70,0.00
2025-11-25,14:45:00,25264.25,25267.25,25260,25265,758,25267.46,25090.82,0.00
2025-11-25,14:46:00,25265.5,25276.5,25265.5,25273.25,1882,25267.51,25091.13,0.00
2025-11-25,14:47:00,25273,25278.25,25271,25277.75,1363,25267.58,25091.36,0.00
2025-11-25,14:48:00,25277.75,25293.5,25277.25,25291.5,3251,25267.98,25091.94,0.00
2025-11-25,14:49:00,25291.5,25302.75,25289.5,25299.25,2779,25268.48,25092.46,0.00
2025-11-25,14:50:00,25299.75,25299.75,25286.5,25290.5,2345,25268.81,25092.88,0.00
2025-11-25,14:51:00,25290.25,25296.5,25286.75,25296.5,1602,25269.05,25093.18,0.00
2025-11-25,14:52:00,25296.75,25298.25,25289,25291.25,1496,25269.26,25093.45,0.00
2025-11-25,14:53:00,25290.75,25296.75,25289.75,25293.75,1333,25269.45,25093.69,0.00
2025-11-25,14:54:00,25294,25297.25,25291.25,25293.25,685,25269.54,25093.81,0.00
2025-11-25,14:55:00,25293,25299,25292.25,25292.75,925,25269.68,25093.98,0.00
2025-11-25,14:56:00,25292.75,25293,25280,25280.75,2422,25269.89,25094.39,0.00
2025-11-25,14:57:00,25281.5,25285.75,25275,25278.5,2319,25270.02,25094.78,0.00
2025-11-25,14:58:00,25278.5,25287,25274.25,25283,1582,25270.12,25095.05,0.00
2025-11-25,14:59:00,25283,25283.75,25277,25281.75,867,25270.17,25095.19,0.00
2025-11-25,15:00:00,25281.75,25282.5,25275.5,25277,986,25270.21,25095.35,0.00
2025-11-25,15:01:00,25277.5,25286.5,25273.25,25282.25,2331,25270.35,25095.74,0.00
2025-11-25,15:02:00,25282,25284,25279.5,25279.75,1114,25270.41,25095.92,0.00
2025-11-25,15:03:00,25280.25,25283.25,25277.75,25281,879,25270.46,25096.07,0.00
2025-11-25,15:04:00,25281,25281.5,25268,25269,2804,25270.50,25096.51,0.00
2025-11-25,15:05:00,25268.75,25272.25,25259.5,25266.75,2836,25270.43,25096.94,0.00
2025-11-25,15:06:00,25267,25276,25260.75,25273.75,2048,25270.43,25097.25,0.00
2025-11-25,15:07:00,25274.5,25280.75,25272.5,25273.5,1696,25270.47,25097.52,0.00
2025-11-25,15:08:00,25273.75,25274.75,25265.5,25268.75,1376,25270.47,25097.73,0.00
2025-11-25,15:09:00,25268.75,25269.25,25255.75,25264.25,2158,25270.39,25098.04,0.00
2025-11-25,15:10:00,25263.5,25266.75,25258.75,25263,1473,25270.33,25098.26,0.00
2025-11-25,15:11:00,25263.25,25269.25,25255.5,25267.75,1655,25270.28,25098.50,0.00
2025-11-25,15:12:00,25267.25,25271.75,25264.25,25264.25,1286,25270.26,25098.69,0.00
2025-11-25,15:13:00,25264.25,25264.75,25256.75,25260,1354,25270.19,25098.88,0.00
2025-11-25,15:14:00,25260.25,25264.25,25256.5,25263.5,1280,25270.14,25099.06,0.00
2025-11-25,15:15:00,25263.5,25267.25,25261.25,25261.5,1138,25270.10,25099.23,0.00
2025-11-25,15:16:00,25262.5,25265.75,25254.5,25257.5,1203,25270.04,25099.40,0.00
2025-11-25,15:17:00,25257.75,25259.25,25241.25,25243.75,3201,25269.70,25099.81,0.00
2025-11-25,15:18:00,25243.25,25248,25238.25,25242,2610,25269.37,25100.14,0.00
2025-11-25,15:19:00,25242,25248,25224.5,25224.75,3820,25268.72,25100.57,0.00
2025-11-25,15:20:00,25225.25,25233.5,25207.75,25228,6535,25267.38,25101.27,0.00
2025-11-25,15:21:00,25227.75,25228,25215.75,25225.75,2952,25266.81,25101.58,0.00
2025-11-25,15:22:00,25225.5,25234.75,25217,25233.25,2749,25266.34,25101.87,0.00
2025-11-25,15:23:00,25233.25,25244.25,25227,25232,3925,25265.81,25102.32,0.00
2025-11-25,15:24:00,25232,25235,25224.75,25233.5,1975,25265.51,25102.54,0.00
2025-11-25,15:25:00,25233,25240,25232,25234.75,1566,25265.31,25102.71,0.00
2025-11-25,15:26:00,25235,25244,25232.25,25233.75,1881,25265.09,25102.93,0.00
2025-11-25,15:27:00,25233.75,25233.75,25224.5,25229.25,2122,25264.77,25103.16,0.00
2025-11-25,15:28:00,25228.75,25232,25225.25,25225.75,1334,25264.57,25103.30,0.00
2025-11-25,15:29:00,25226,25235.5,25223,25233.5,1299,25264.38,25103.44,0.00
2025-11-25,15:30:00,25233.75,25236.75,25231.25,25235.75,1338,25264.22,25103.59,0.00
2025-11-25,15:31:00,25235.25,25241.75,25233.75,25238.25,1843,25264.02,25103.80,0.00
2025-11-25,15:32:00,25238.25,25241,25226.25,25228.75,2008,25263.77,25104.01,0.00
2025-11-25,15:33:00,25229.25,25235.75,25223.5,25225,1412,25263.56,25104.16,0.00
2025-11-25,15:34:00,25225,25235,25221.5,25233.25,2393,25263.24,25104.42,0.00
2025-11-25,15:35:00,25232.5,25235.5,25225.75,25228,1376,25263.06,25104.56,0.00
2025-11-25,15:36:00,25227.5,25229.75,25219.75,25225.75,1592,25262.82,25104.72,0.00
2025-11-25,15:37:00,25225.25,25226.25,25213.5,25216.75,2562,25262.39,25104.97,0.00
2025-11-25,15:38:00,25218,25222,25209.75,25212.25,1907,25262.04,25105.14,0.00
2025-11-25,15:39:00,25212,25219.5,25205.25,25217.5,3077,25261.47,25105.42,0.00
2025-11-25,15:40:00,25217.5,25217.75,25210.75,25213,1412,25261.22,25105.55,0.00
2025-11-25,15:41:00,25212.5,25212.5,25191.5,25194.5,4581,25260.16,25105.91,0.00
2025-11-25,15:42:00,25194.25,25209.75,25191.25,25207.25,2800,25259.57,25106.13,0.00
2025-11-25,15:43:00,25207.25,25208,25200,25201.75,1809,25259.20,25106.28,0.00
2025-11-25,15:44:00,25202.5,25216.25,25201.5,25212.75,2674,25258.72,25106.51,0.00
2025-11-25,15:45:00,25212.75,25221.5,25212,25220,2152,25258.41,25106.70,0.00
2025-11-25,15:46:00,25219.75,25227.75,25214,25221.25,2326,25258.10,25106.92,0.00
2025-11-25,15:47:00,25221.75,25222,25213,25215,1471,25257.88,25107.06,0.00
2025-11-25,15:48:00,25214.5,25222.75,25213.75,25218.5,1169,25257.72,25107.16,0.00
2025-11-25,15:49:00,25218.25,25219.75,25206,25207.75,2148,25257.36,25107.34,0.00
2025-11-25,15:50:00,25207.25,25218.5,25206.75,25215.25,1559,25257.13,25107.48,0.00
2025-11-25,15:51:00,25215.25,25227,25213.5,25226.5,1941,25256.89,25107.66,0.00
2025-11-25,15:52:00,25226.5,25236.25,25225.75,25233.25,2700,25256.66,25107.94,0.00
2025-11-25,15:53:00,25233.25,25245.75,25232,25244.75,2579,25256.52,25108.21,0.00
2025-11-25,15:54:00,25245,25254.25,25244.75,25250.25,3635,25256.44,25108.63,0.00
2025-11-25,15:55:00,25250,25255,25249.75,25251.5,1894,25256.41,25108.85,0.00
2025-11-25,15:56:00,25251.5,25262.75,25244.75,25262,2920,25256.41,25109.20,0.00
2025-11-25,15:57:00,25261.75,25266.5,25260.25,25264.75,2133,25256.46,25109.47,0.00
2025-11-25,15:58:00,25264.75,25273.25,25264.75,25267.25,2249,25256.55,25109.75,0.00
2025-11-25,15:59:00,25267.25,25273,25266.5,25269.75,1098,25256.60,25109.89,0.00
2025-11-25,16:00:00,25270,25271.25,25265.25,25267,1148,25256.64,25110.04,0.00
2025-11-25,16:01:00,25267,25284.5,25266,25283.5,3136,25256.85,25110.46,0.00
2025-11-25,16:02:00,25283.5,25287,25278,25283.75,2763,25257.08,25110.84,0.00
2025-11-25,16:03:00,25283.75,25287.75,25279,25282.5,1430,25257.20,25111.04,0.00
2025-11-25,16:04:00,25282.75,25288.75,25279.5,25286.25,1572,25257.34,25111.26,0.00
2025-11-25,16:05:00,25286.25,25294.75,25285,25289.25,2653,25257.60,25111.64,0.00
2025-11-25,16:06:00,25289.25,25290.5,25284,25287.5,1374,25257.73,25111.83,0.00
2025-11-25,16:07:00,25288.5,25290.25,25284.25,25289.25,1264,25257.85,25112.00,0.00
2025-11-25,16:08:00,25289.25,25295.75,25284.5,25292.75,1596,25258.01,25112.23,0.00
2025-11-25,16:09:00,25292.5,25299,25290.5,25294.75,2019,25258.24,25112.52,0.00
2025-11-25,16:10:00,25294.5,25295.75,25286.25,25288.25,1715,25258.41,25112.76,0.00
2025-11-25,16:11:00,25287.5,25289.5,25281.75,25286.25,2332,25258.60,25113.08,0.00
2025-11-25,16:12:00,25286.75,25288.75,25276.75,25283.25,2165,25258.76,25113.37,0.00
2025-11-25,16:13:00,25283.25,25285,25277,25278,1110,25258.83,25113.52,0.00
2025-11-25,16:14:00,25278,25288.75,25276.75,25287.25,1348,25258.93,25113.70,0.00
2025-11-25,16:15:00,25286.75,25290.75,25282.75,25283.5,1235,25259.03,25113.87,0.00
2025-11-25,16:16:00,25283.25,25290.5,25278,25288,1534,25259.15,25114.07,0.00
2025-11-25,16:17:00,25287.75,25290,25280.25,25282.75,1051,25259.23,25114.21,0.00
2025-11-25,16:18:00,25283,25285.75,25280.5,25284,598,25259.27,25114.29,0.00
2025-11-25,16:19:00,25284.25,25289.75,25283.75,25288.5,752,25259.33,25114.39,0.00
2025-11-25,16:20:00,25288.75,25293.25,25287.25,25290,1441,25259.46,25114.59,0.00
2025-11-25,16:21:00,25289.5,25293.75,25288.5,25291.25,1020,25259.56,25114.73,0.00
2025-11-25,16:22:00,25291.5,25292.75,25286.5,25289.75,1133,25259.66,25114.89,0.00
2025-11-25,16:23:00,25290.75,25297.75,25289.75,25293.75,1501,25259.80,25115.10,0.00
2025-11-25,16:24:00,25293.75,25298,25290.75,25295.75,1005,25259.90,25115.24,0.00
2025-11-25,16:25:00,25296.25,25301,25295,25296.75,1559,25260.07,25115.46,0.00
2025-11-25,16:26:00,25296.75,25298,25290,25294,1292,25260.20,25115.64,0.00
2025-11-25,16:27:00,25294.25,25296.75,25287.5,25291.25,1511,25260.34,25115.85,0.00
2025-11-25,16:28:00,25291.25,25303.25,25289,25300.75,1814,25260.53,25116.10,0.00
2025-11-25,16:29:00,25300.75,25306,25299.5,25303.5,1674,25260.73,25116.35,0.00
2025-11-25,16:30:00,25304,25304,25299.5,25301,1123,25260.86,25116.51,0.00
2025-11-25,16:31:00,25301,25311.5,25299.75,25309.25,2699,25261.20,25116.90,0.00
2025-11-25,16:32:00,25309.25,25334.25,25308.75,25326.25,5559,25323.08,25117.79,0.00
2025-11-25,16:33:00,25326.75,25327.75,25319,25319.75,2416,25322.81,25118.16,0.00
2025-11-25,16:34:00,25319.5,25323,25316.25,25321.75,1408,25322.43,25118.38,0.00
2025-11-25,16:35:00,25322.25,25329,25319.25,25326.5,1561,25322.79,25118.63,0.00
2025-11-25,16:36:00,25326,25337.5,25326,25335.75,2691,25333.08,25119.07,0.00
2025-11-25,16:37:00,25335.5,25335.75,25325,25329.75,2130,25331.79,25119.41,0.00
2025-11-25,16:38:00,25330.5,25331,25324.5,25328.25,1397,25330.92,25119.64,0.00
2025-11-25,16:39:00,25328,25337.25,25327.5,25333.75,1662,25331.33,25119.91,0.00
2025-11-25,16:40:00,25333.25,25336,25325.75,25335,1749,25331.49,25120.19,0.00
2025-11-25,16:41:00,25335.5,25339.75,25332.75,25333.75,1708,25335.42,25120.47,0.00
2025-11-25,16:42:00,25333.5,25334.5,25323,25333,2736,25332.18,25120.90,0.00
2025-11-25,16:43:00,25333,25336.5,25329.25,25334.75,1421,25332.50,25121.13,0.00
2025-11-25,16:44:00,25334.5,25338.5,25331,25336,1115,25332.93,25121.31,0.00
2025-11-25,16:45:00,25336.5,25339.5,25330,25331.75,1269,25333.06,25121.52,0.00
2025-11-25,16:46:00,25332.25,25337,25323.25,25330.5,2641,25332.37,25121.93,0.00
2025-11-25,16:47:00,25331.25,25339.5,25328.75,25339.5,1567,25332.82,25122.19,0.00
2025-11-25,16:48:00,25339.5,25345.75,25335.5,25344.25,2034,25341.83,25122.52,0.00
2025-11-25,16:49:00,25344.5,25354.5,25340.5,25350.5,3266,25348.50,25123.08,0.00
2025-11-25,16:50:00,25350.25,25350.25,25344.25,25347.25,1713,25348.07,25123.36,0.00
2025-11-25,16:51:00,25347,25373,25346.25,25367.25,5833,25362.17,25124.40,0.00
2025-11-25,16:52:00,25367.75,25371.5,25363.25,25371.5,2018,25363.86,25124.77,0.00
2025-11-25,16:53:00,25371,25382.25,25370,25377.5,3656,25376.58,25125.46,0.00
2025-11-25,16:54:00,25377.75,25387.25,25376,25384.5,2865,25382.58,25126.00,0.00
2025-11-25,16:55:00,25384.25,25389,25360.75,25366.5,5484,25372.08,25127.00,0.00
2025-11-25,16:56:00,25366.75,25375.5,25361,25364.75,3220,25370.23,25127.57,0.00
2025-11-25,16:57:00,25365,25365.5,25355.75,25360.5,2515,25368.07,25128.00,0.00
2025-11-25,16:58:00,25359.75,25359.75,25345.25,25352.25,3124,25364.66,25128.51,0.00
2025-11-25,16:59:00,25351.75,25352.75,25343.75,25351.75,2440,25362.44,25128.91,0.00
2025-11-25,17:00:00,25351.25,25354.5,25332.5,25332.5,7584,25355.41,25130.07,0.00
2025-11-25,17:01:00,25332.5,25339.25,25326,25337.75,5074,25351.78,25130.83,0.00
2025-11-25,17:02:00,25338.5,25353,25338.5,25348.75,2537,25351.38,25131.22,0.00
2025-11-25,17:03:00,25349.75,25351.5,25339.5,25340.5,1425,25351.05,25131.44,0.00
2025-11-25,17:04:00,25339.5,25345.25,25337,25344.5,1034,25350.79,25131.60,0.00
2025-11-25,17:05:00,25344.5,25344.5,25338.75,25342,782,25350.59,25131.72,0.00
2025-11-25,17:06:00,25342.25,25342.5,25331.75,25333,1370,25350.03,25131.92,0.00
2025-11-25,17:07:00,25333.5,25336.25,25328.25,25333.25,916,25349.61,25132.05,0.00
2025-11-25,17:08:00,25333.25,25333.25,25325.25,25326.5,790,25349.17,25132.17,0.00
2025-11-25,17:09:00,25327.25,25328,25323.25,25327.5,710,25348.75,25132.26,0.00
2025-11-25,17:10:00,25327.75,25331.75,25324.25,25330,967,25348.27,25132.40,0.00
2025-11-25,17:11:00,25329.75,25334.25,25325.75,25332.25,571,25348.02,25132.48,0.00
2025-11-25,17:12:00,25332.5,25332.5,25329.5,25331.25,320,25347.89,25132.53,0.00
2025-11-25,17:13:00,25331,25332,25326.5,25329,388,25347.71,25132.58,0.00
2025-11-25,17:14:00,25329.5,25331.75,25327.5,25328.5,362,25347.55,25132.63,0.00
2025-11-25,17:15:00,25328,25335.75,25328,25330.75,540,25347.34,25132.71,0.00
2025-11-25,17:16:00,25330.75,25333.5,25330,25331.25,277,25347.24,25132.75,0.00
2025-11-25,17:17:00,25331.5,25334.75,25330.5,25333,188,25347.18,25132.78,0.00
2025-11-25,17:18:00,25332.75,25335.25,25330.5,25333.75,299,25347.08,25132.82,0.00
2025-11-25,17:19:00,25334,25334,25331,25334,163,25347.03,25132.85,0.00
2025-11-25,17:20:00,25334.25,25335,25331.75,25331.75,223,25346.95,25132.88,0.00
2025-11-25,17:21:00,25331.5,25331.75,25323.5,25325,593,25346.68,25132.96,0.00
2025-11-25,17:22:00,25324.75,25327,25323.25,25325.5,275,25346.55,25133.00,0.00
2025-11-25,17:23:00,25325.75,25328.75,25323.25,25328.5,297,25346.42,25133.04,0.00
2025-11-25,17:24:00,25328.25,25329.75,25325.75,25326.25,222,25346.32,25133.07,0.00
2025-11-25,17:25:00,25327,25329,25325,25327.25,212,25346.23,25133.10,0.00
2025-11-25,17:26:00,25326.5,25327.25,25325.5,25327,124,25346.18,25133.12,0.00
2025-11-25,17:27:00,25327,25328.5,25326,25326.5,186,25346.10,25133.14,0.00
2025-11-25,17:28:00,25326,25326,25322.5,25323,300,25345.95,25133.18,0.00
2025-11-25,17:29:00,25323.25,25323.25,25319,25321.5,406,25345.73,25133.24,0.00
2025-11-25,17:30:00,25322,25324.5,25320.25,25321.25,327,25345.56,25133.28,0.00
2025-11-25,17:31:00,25321,25324.75,25320.25,25324.25,245,25345.44,25133.32,0.00
2025-11-25,17:32:00,25324.5,25327,25322.75,25325.5,336,25345.30,25133.36,0.00
2025-11-25,17:33:00,25325.5,25327.25,25323.75,25326.5,306,25345.17,25133.40,0.00
2025-11-25,17:34:00,25326.75,25330.5,25326.5,25328,287,25345.07,25133.44,0.00
2025-11-25,17:35:00,25327.5,25328.5,25324,25324.5,189,25344.99,25133.47,0.00
2025-11-25,17:36:00,25324.75,25325.25,25322,25323.25,261,25344.88,25133.51,0.00
2025-11-25,17:37:00,25323.75,25323.75,25320.5,25321.5,200,25344.78,25133.53,0.00
2025-11-25,17:38:00,25321,25321,25317.75,25318.25,395,25344.57,25133.59,0.00
2025-11-25,17:39:00,25318.5,25320.5,25316.75,25319.25,356,25344.38,25133.63,0.00
2025-11-25,17:40:00,25319.25,25320,25318.5,25319.25,210,25344.28,25133.66,0.00
2025-11-25,17:41:00,25319.25,25319.25,25312.5,25316.25,595,25343.94,25133.74,0.00
2025-11-25,17:42:00,25316.25,25319.25,25315.75,25317.5,180,25343.84,25133.76,0.00
2025-11-25,17:43:00,25317.75,25321,25315.75,25321,243,25343.72,25133.79,0.00
2025-11-25,17:44:00,25321,25321.5,25318.75,25319.75,198,25343.63,25133.82,0.00
2025-11-25,17:45:00,25319.5,25320,25318,25319,238,25343.51,25133.85,0.00
2025-11-25,17:46:00,25319.25,25319.25,25316.25,25316.75,227,25343.39,25133.88,0.00
2025-11-25,17:47:00,25317,25320.75,25316,25319.25,138,25343.33,25133.90,0.00
2025-11-25,17:48:00,25319.75,25322.75,25317,25321.75,401,25343.15,25133.95,0.00
2025-11-25,17:49:00,25322,25323,25317.5,25319,182,25343.07,25133.98,0.00
2025-11-25,17:50:00,25319,25320,25317.25,25317.75,159,25342.99,25134.00,0.00
2025-11-25,17:51:00,25318.25,25318.25,25313.75,25316,294,25342.84,25134.04,0.00
2025-11-25,17:52:00,25315.5,25317.25,25314.5,25315.75,131,25342.77,25134.05,0.00
2025-11-25,17:53:00,25316,25318,25314.75,25318,214,25342.66,25134.08,0.00
2025-11-25,17:54:00,25317.75,25318.75,25316.75,25317.75,75,25342.63,25134.09,0.00
2025-11-25,17:55:00,25317.75,25319.5,25316.25,25317,127,25342.57,25134.11,0.00
2025-11-25,17:56:00,25317.25,25320.75,25316.5,25319,279,25342.44,25134.15,0.00
2025-11-25,17:57:00,25319.5,25320.75,25318.25,25320.75,85,25342.40,25134.16,0.00
2025-11-25,17:58:00,25320.25,25320.5,25318.75,25320.25,128,25342.35,25134.17,0.00
2025-11-25,17:59:00,25320.25,25320.5,25317.25,25317.75,160,25342.28,25134.19,0.00
2025-11-25,18:00:00,25318,25319.5,25317,25317.75,224,25342.18,25134.22,0.00
2025-11-25,19:01:00,25323.25,25335.25,25317.75,25323.75,1116,25325.58,25325.58,0.00
2025-11-25,19:02:00,25323.75,25334.25,25321.25,25323.75,555,25325.86,25325.86,0.00
2025-11-25,19:03:00,25323.75,25325.25,25320.75,25324.75,173,25325.65,25325.65,0.00
2025-11-25,19:04:00,25325,25329.5,25321.5,25328.25,336,25325.77,25325.77,0.00
2025-11-25,19:05:00,25328.75,25338,25327.75,25335.25,806,25333.67,25327.90,0.00
2025-11-25,19:06:00,25334.75,25337.75,25331.75,25336,448,25334.20,25328.85,0.00
2025-11-25,19:07:00,25335,25347.5,25333.25,25345.75,692,25342.17,25331.08,0.00
2025-11-25,19:08:00,25345.75,25346.5,25340,25342.25,375,25342.43,25332.07,0.00
2025-11-25,19:09:00,25340.75,25341,25336,25337.25,284,25341.52,25332.42,0.00
2025-11-25,19:10:00,25337.5,25341.5,25331,25340.5,310,25340.80,25332.74,0.00
2025-11-25,19:11:00,25341,25341.5,25336.5,25337.5,176,25340.58,25332.93,0.00
2025-11-25,19:12:00,25336.5,25344,25335.75,25341,273,25340.54,25333.30,0.00
2025-11-25,19:13:00,25341.75,25343.75,25338.75,25342.75,212,25340.65,25333.61,0.00
2025-11-25,19:14:00,25343,25345.25,25339.75,25340.75,217,25340.75,25333.91,0.00
2025-11-25,19:15:00,25341.75,25342.5,25338.5,25341.25,147,25340.75,25334.07,0.00
2025-11-25,19:16:00,25342.25,25342.25,25335.5,25337,266,25340.53,25334.25,0.00
2025-11-25,19:17:00,25336.25,25338.5,25331.25,25332.75,253,25340.03,25334.24,0.00
2025-11-25,19:18:00,25333.5,25335.5,25330.75,25331.5,207,25339.58,25334.19,0.00
2025-11-25,19:19:00,25332,25334.5,25328.25,25329.75,300,25338.87,25334.05,0.00
2025-11-25,19:20:00,25329.5,25332.75,25328.25,25331,262,25338.33,25333.93,0.00
2025-11-25,19:21:00,25331.5,25335.75,25329.75,25333.75,283,25337.98,25333.90,0.00
2025-11-25,19:22:00,25333.75,25335.25,25330.25,25331.25,143,25337.79,25333.87,0.00
2025-11-25,19:23:00,25330.75,25336.75,25330.25,25332.25,156,25337.63,25333.86,0.00
2025-11-25,19:24:00,25332.5,25334.25,25330.25,25331.75,154,25337.45,25333.82,0.00
2025-11-25,19:25:00,25331.25,25333,25329.5,25332.5,207,25337.21,25333.77,0.00
2025-11-25,19:26:00,25332.5,25334.25,25330.25,25332.75,184,25337.03,25333.74,0.00
2025-11-25,19:27:00,25332.5,25333.5,25330.5,25332.75,147,25336.90,25333.71,0.00
2025-11-25,19:28:00,25331.75,25333.25,25331.25,25331.75,65,25336.84,25333.70,0.00
2025-11-25,19:29:00,25332,25334,25329.75,25333.75,165,25336.71,25333.68,0.00
2025-11-25,19:30:00,25333.5,25337,25333.5,25335.5,245,25336.65,25333.72,0.00
2025-11-25,19:31:00,25336.25,25337,25334.5,25336.25,164,25336.63,25333.76,0.00
2025-11-25,19:32:00,25336.25,25339.5,25333.75,25336,276,25336.62,25333.84,0.00
2025-11-25,19:33:00,25336.5,25337.25,25331.25,25334.25,317,25336.51,25333.85,0.00
2025-11-25,19:34:00,25334.25,25335.5,25329.5,25330.25,181,25336.38,25333.81,0.00
2025-11-25,19:35:00,25330,25333.5,25329,25332,262,25336.19,25333.76,0.00
2025-11-25,19:36:00,25332.25,25335.25,25331.25,25333,160,25336.12,25333.75,0.00
2025-11-25,19:37:00,25332.25,25333.25,25327.25,25329.5,201,25335.95,25333.68,0.00
2025-11-25,19:38:00,25329.75,25333,25329.25,25331,138,25335.86,25333.64,0.00
2025-11-25,19:39:00,25330.25,25333.25,25328.75,25331.75,141,25335.78,25333.61,0.00
2025-11-25,19:40:00,25332.25,25334.25,25330,25333.75,98,25335.74,25333.60,0.00
2025-11-25,19:41:00,25334.5,25335.75,25332.25,25332.5,172,25335.69,25333.60,0.00
2025-11-25,19:42:00,25332.75,25333.5,25329,25330,105,25335.62,25333.58,0.00
2025-11-25,19:43:00,25331.25,25332.75,25330,25330.75,106,25335.57,25333.56,0.00
2025-11-25,19:44:00,25331.25,25334.25,25330.5,25333.25,161,25335.51,25333.54,0.00
2025-11-25,19:45:00,25333.5,25334,25331,25331.5,134,25335.46,25333.53,0.00
2025-11-25,19:46:00,25331.75,25334.5,25328.25,25330,177,25335.36,25333.49,0.00
2025-11-25,19:47:00,25329.5,25329.5,25325.5,25326,345,25335.04,25333.31,0.00
2025-11-25,19:48:00,25326.25,25331.25,25326.25,25330.5,161,25334.93,25333.26,0.00
2025-11-25,19:49:00,25330.25,25330.75,25328,25330.75,152,25334.85,25333.21,0.00
2025-11-25,19:50:00,25330.75,25331.25,25325,25325.75,264,25334.64,25333.09,0.00
2025-11-25,19:51:00,25325.75,25327,25323.25,25323.25,181,25334.45,25332.97,0.00
2025-11-25,19:52:00,25324,25326.25,25320,25322.25,353,25334.04,25332.71,0.00
2025-11-25,19:53:00,25322.25,25323.25,25317.25,25319.75,667,25333.16,25320.08,0.00
2025-11-25,19:54:00,25319.75,25323.75,25318.25,25323.25,238,25332.91,25320.52,0.00
2025-11-25,19:55:00,25323,25323,25318.75,25319.75,165,25332.73,25320.52,0.00
2025-11-25,19:56:00,25320,25323.25,25315,25319.75,414,25332.24,25319.33,0.00
2025-11-25,19:57:00,25320.25,25325,25320.25,25322.75,271,25332.02,25320.65,0.00
2025-11-25,19:58:00,25323,25333.25,25323,25332.25,455,25331.93,25324.18,0.00
2025-11-25,19:59:00,25333,25341.75,25332.25,25338.5,781,25332.26,25329.60,0.00
2025-11-25,20:00:00,25338.25,25343.25,25337,25339.5,424,25332.51,25331.46,0.00
2025-11-25,20:01:00,25339.75,25345.25,25338.25,25341,904,25333.07,25334.26,0.00
2025-11-25,20:02:00,25340.5,25341.75,25332,25335.75,463,25333.18,25334.54,0.00
2025-11-25,20:03:00,25335,25339.5,25331.75,25337,326,25333.24,25334.66,0.00
2025-11-25,20:04:00,25337.25,25339.25,25334.5,25336.75,212,25333.29,25334.77,0.00
2025-11-25,20:05:00,25336.75,25337,25329.75,25332.25,284,25333.29,25334.66,0.00
2025-11-25,20:06:00,25332.75,25334,25321.5,25324.25,580,25333.05,25333.74,0.00
2025-11-25,20:07:00,25324.75,25328.25,25320,25327.75,408,25332.86,25333.12,0.00
2025-11-25,20:08:00,25328.5,25330.75,25325.75,25327.5,260,25332.78,25332.89,0.00
2025-11-25,20:09:00,25328.25,25333.75,25326.75,25333,356,25332.75,25332.79,0.00
2025-11-25,20:10:00,25333.25,25342.25,25332.5,25341,568,25332.94,25333.28,0.00
2025-11-25,20:11:00,25341.75,25346.5,25339.5,25344.75,552,25333.26,25334.06,0.00
2025-11-25,20:12:00,25345,25346.5,25341,25341.5,289,25333.41,25334.41,0.00
2025-11-25,20:13:00,25342.5,25345.5,25340.25,25341.5,257,25333.53,25334.67,0.00
2025-11-25,20:14:00,25340.75,25343,25339.5,25340,158,25333.59,25334.79,0.00
2025-11-25,20:15:00,25339.25,25339.75,25334.25,25335,348,25333.64,25334.86,0.00
2025-11-25,20:16:00,25335.5,25345.75,25335,25344,597,25333.88,25335.31,0.00
2025-11-25,20:17:00,25343.75,25350,25343,25348,566,25347.00,25336.01,0.00
2025-11-25,20:18:00,25348,25357.25,25347.75,25352,896,25352.33,25337.42,0.00
2025-11-25,20:19:00,25351.75,25356.5,25351,25355.75,262,25352.80,25337.84,0.00
2025-11-25,20:20:00,25355.75,25360.75,25355.25,25357.75,484,25357.92,25338.71,0.00
2025-11-25,20:21:00,25358.5,25362.25,25357,25360.5,538,25359.92,25339.69,0.00
2025-11-25,20:22:00,25359.75,25364.25,25359.5,25362.5,400,25362.08,25340.43,0.00
2025-11-25,20:23:00,25362.25,25365.75,25361.5,25364,357,25363.75,25341.10,0.00
2025-11-25,20:24:00,25364.5,25365,25358.25,25363.25,480,25362.84,25341.89,0.00
2025-11-25,20:25:00,25363.75,25367.5,25363.5,25365.5,456,25365.50,25342.70,0.00
2025-11-25,20:26:00,25365.75,25366.5,25363,25363.5,220,25365.12,25343.05,0.00
2025-11-25,20:27:00,25363.25,25363.25,25353.75,25355.75,647,25361.43,25343.71,0.00
2025-11-25,20:28:00,25355.5,25358.25,25350.75,25356.5,594,25359.49,25344.17,0.00
2025-11-25,20:29:00,25356.5,25358.5,25353.75,25357,253,25359.13,25344.37,0.00
2025-11-25,20:30:00,25356.25,25363.5,25356,25361.25,331,25359.28,25344.71,0.00
2025-11-25,20:31:00,25361.5,25367.75,25360.75,25362,464,25363.50,25345.26,0.00
2025-11-25,20:32:00,25362.25,25362.5,25357,25362,238,25362.48,25345.49,0.00
2025-11-25,20:33:00,25362.25,25366,25361.25,25363.5,196,25362.72,25345.71,0.00
2025-11-25,20:34:00,25364.25,25365.25,25361.75,25362.25,210,25362.79,25345.93,0.00
2025-11-25,20:35:00,25362.25,25364.25,25360.25,25363.25,198,25362.76,25346.13,0.00
2025-11-25,20:36:00,25363.75,25364.5,25358,25359.75,235,25362.45,25346.33,0.00
2025-11-25,20:37:00,25360.25,25362.25,25359,25359,159,25362.23,25346.46,0.00
2025-11-25,20:38:00,25360,25360,25356,25357.25,202,25361.76,25346.59,0.00
2025-11-25,20:39:00,25357.75,25363,25357.75,25359,205,25361.58,25346.75,0.00
2025-11-25,20:40:00,25358.75,25359.5,25356.75,25357.5,203,25361.26,25346.87,0.00
2025-11-25,20:41:00,25356.75,25359.25,25352.75,25356,349,25360.57,25347.05,0.00
2025-11-25,20:42:00,25355,25361.5,25355,25359.5,254,25360.40,25347.21,0.00
2025-11-25,20:43:00,25360,25362.75,25358.25,25360,261,25360.39,25347.40,0.00
2025-11-25,20:44:00,25359.75,25363,25357.75,25359.25,171,25360.37,25347.51,0.00
2025-11-25,20:45:00,25359.25,25362,25358,25361.25,76,25360.38,25347.56,0.00
2025-11-25,20:46:00,25362,25362,25358.5,25359.75,124,25360.36,25347.64,0.00
2025-11-25,20:47:00,25360,25363.75,25359.25,25362.5,156,25360.43,25347.76,0.00
2025-11-25,20:48:00,25362.5,25362.75,25358.25,25359.5,160,25360.42,25347.86,0.00
2025-11-25,20:49:00,25359.5,25366.5,25359.25,25365.5,227,25360.60,25348.05,0.00
2025-11-25,20:50:00,25365.25,25368.75,25363.25,25368.25,516,25366.75,25348.53,0.00
2025-11-25,20:51:00,25368.75,25376.25,25368.25,25373,1074,25372.50,25349.75,0.00
2025-11-25,20:52:00,25374,25380.75,25373.75,25376.5,934,25377.00,25350.91,0.00
2025-11-25,20:53:00,25377.25,25380,25373,25373.5,491,25376.48,25351.45,0.00
2025-11-25,20:54:00,25373.5,25374.5,25363.75,25366.25,743,25373.63,25351.98,0.00
2025-11-25,20:55:00,25366.5,25372.75,25366.5,25367.75,440,25372.85,25352.30,0.00
2025-11-25,20:56:00,25367.25,25370.75,25364.75,25365.25,372,25372.11,25352.52,0.00
2025-11-25,20:57:00,25365.25,25370.25,25364,25368.25,275,25371.72,25352.69,0.00
2025-11-25,20:58:00,25368.25,25369,25365.25,25367.75,228,25371.43,25352.83,0.00
2025-11-25,20:59:00,25367.75,25372.25,25367.5,25369,292,25371.29,25353.03,0.00
2025-11-25,21:00:00,25369.25,25375,25369.25,25374.25,285,25371.40,25353.25,0.00
2025-11-25,21:01:00,25373.75,25375.5,25369.25,25374.5,477,25371.58,25353.62,0.00
2025-11-25,21:02:00,25373.5,25373.5,25368.75,25370,231,25371.54,25353.77,0.00
2025-11-25,21:03:00,25371.25,25376,25370.25,25374.25,258,25371.64,25353.97,0.00
2025-11-25,21:04:00,25373.25,25375,25368,25371,358,25371.62,25354.20,0.00
2025-11-25,21:05:00,25370.5,25370.75,25365.25,25367,330,25371.39,25354.37,0.00
2025-11-25,21:06:00,25366.25,25371.25,25365.5,25369.75,226,25371.29,25354.49,0.00
2025-11-25,21:07:00,25370.75,25377.75,25370.5,25376.5,382,25371.51,25354.77,0.00
2025-11-25,21:08:00,25376.75,25377,25373,25375.25,241,25371.64,25354.95,0.00
2025-11-25,21:09:00,25375.75,25378.25,25374.5,25375.75,204,25371.78,25355.11,0.00
2025-11-25,21:10:00,25376.25,25383,25375.75,25380.75,604,25379.83,25355.63,0.00
2025-11-25,21:11:00,25380.5,25382.75,25379,25382.5,269,25380.32,25355.87,0.00
2025-11-25,21:12:00,25382.75,25383,25379.75,25382.5,214,25380.60,25356.07,0.00
2025-11-25,21:13:00,25383,25395.25,25382.75,25389,1565,25389.00,25357.76,0.00
2025-11-25,21:14:00,25389,25394.75,25389,25394.25,428,25389.79,25358.24,0.00
2025-11-25,21:15:00,25394.25,25397.75,25393.25,25395.5,525,25395.50,25358.86,0.00
2025-11-25,21:16:00,25395.75,25398.25,25393.5,25396.25,431,25396.00,25359.36,0.00
2025-11-25,21:17:00,25396.75,25404.75,25396,25402.5,1197,25401.08,25360.87,0.00
2025-11-25,21:18:00,25402.5,25411,25402.25,25408.5,996,25407.25,25362.23,0.00
2025-11-25,21:19:00,25408.5,25410.75,25403.75,25404,758,25406.78,25363.19,0.00
2025-11-25,21:20:00,25404,25404,25393.25,25395.25,1114,25403.18,25364.25,0.00
2025-11-25,21:21:00,25394.5,25397.25,25389.25,25389.5,1001,25400.28,25365.00,0.00
2025-11-25,21:22:00,25389.5,25399.25,25389.25,25397.5,573,25399.65,25365.47,0.00
2025-11-25,21:23:00,25397.75,25400.5,25392.75,25395,434,25399.33,25365.82,0.00
2025-11-25,21:24:00,25395,25395.75,25391.25,25392.5,355,25398.91,25366.07,0.00
2025-11-25,21:25:00,25392.5,25396.25,25391.5,25391.5,211,25398.68,25366.22,0.00
2025-11-25,21:26:00,25391.25,25397.5,25389.5,25395.75,370,25398.40,25366.48,0.00
2025-11-25,21:27:00,25395.75,25400.25,25395.5,25398.5,335,25398.39,25366.75,0.00
2025-11-25,21:28:00,25398.75,25403.25,25398.75,25401.5,302,25398.52,25367.02,0.00
2025-11-25,21:29:00,25402.25,25406.75,25401.75,25402.5,497,25398.88,25367.47,0.00
2025-11-25,21:30:00,25403.25,25403.5,25400.25,25401.75,279,25399.00,25367.71,0.00
2025-11-25,21:31:00,25401.25,25407.75,25392.25,25407,984,25399.40,25368.54,0.00
2025-11-25,21:32:00,25406.5,25413,25405.5,25410.25,828,25409.58,25369.34,0.00
2025-11-25,21:33:00,25410.25,25417.25,25406.5,25409,859,25410.92,25370.17,0.00
2025-11-25,21:34:00,25409.75,25410.25,25400.25,25402.75,534,25408.42,25370.59,0.00
2025-11-25,21:35:00,25403.25,25408.5,25401.75,25406,443,25407.70,25370.95,0.00
2025-11-25,21:36:00,25405.75,25407.75,25401,25405,295,25407.27,25371.17,0.00
2025-11-25,21:37:00,25405.75,25408.75,25403.5,25405,229,25407.12,25371.35,0.00
2025-11-25,21:38:00,25405.5,25410.25,25405,25408.5,236,25407.19,25371.54,0.00
2025-11-25,21:39:00,25408.5,25413.5,25408.5,25410,373,25407.63,25371.86,0.00
2025-11-25,21:40:00,25411,25413,25408.5,25411.75,223,25407.87,25372.06,0.00
2025-11-25,21:41:00,25411.75,25412.25,25406.25,25411.5,385,25408.10,25372.38,0.00
2025-11-25,21:42:00,25410.75,25415.5,25407.75,25410.75,424,25408.44,25372.74,0.00
2025-11-25,21:43:00,25410.5,25415.25,25410.25,25414.5,279,25408.76,25372.98,0.00
2025-11-25,21:44:00,25414.5,25420.25,25411.25,25418,709,25416.50,25373.63,0.00
2025-11-25,21:45:00,25417.5,25419.25,25415.25,25419.25,430,25417.03,25374.04,0.00
2025-11-25,21:46:00,25418.25,25421.25,25416.25,25418.5,637,25418.67,25374.63,0.00
2025-11-25,21:47:00,25418,25418.75,25410.25,25412.5,531,25416.47,25375.05,0.00
2025-11-25,21:48:00,25412.5,25412.5,25409,25411.5,426,25415.01,25375.37,0.00
2025-11-25,21:49:00,25410.75,25414.5,25406.75,25412,572,25413.97,25375.78,0.00
2025-11-25,21:50:00,25411.75,25413,25409,25412,219,25413.73,25375.93,0.00
2025-11-25,21:51:00,25411.25,25415.5,25410.75,25411.5,222,25413.63,25376.09,0.00
2025-11-25,21:52:00,25411,25412.5,25406.5,25410.75,342,25413.20,25376.32,0.00
2025-11-25,21:53:00,25410.75,25412.25,25407.5,25409.25,214,25412.96,25376.46,0.00
2025-11-25,21:54:00,25409,25412,25408,25410.5,174,25412.82,25376.58,0.00
2025-11-25,21:55:00,25410,25410.5,25407.25,25408.25,113,25412.68,25376.65,0.00
2025-11-25,21:56:00,25407.25,25409.25,25405.25,25408.25,363,25412.19,25376.87,0.00
2025-11-25,21:57:00,25408.25,25415.75,25408,25412.25,462,25412.17,25377.18,0.00
2025-11-25,21:58:00,25412.25,25415.5,25411,25415,240,25412.26,25377.35,0.00
2025-11-25,21:59:00,25414.75,25422.75,25414.25,25422.75,647,25419.92,25377.87,0.00
2025-11-25,22:00:00,25422.5,25424.25,25419,25419,606,25420.75,25378.36,0.00
2025-11-25,22:01:00,25418.75,25420.75,25414,25419,531,25419.43,25378.75,0.00
2025-11-25,22:02:00,25418.5,25419.75,25414.75,25417,209,25419.08,25378.90,0.00
2025-11-25,22:03:00,25416.5,25421,25416.5,25419.5,233,25419.06,25379.07,0.00
2025-11-25,22:04:00,25419.25,25420.5,25416.5,25419.25,206,25419.03,25379.22,0.00
2025-11-25,22:05:00,25419,25419,25411.25,25413.75,321,25418.36,25379.43,0.00
2025-11-25,22:06:00,25413.5,25417.5,25412.25,25414,256,25417.95,25379.59,0.00
2025-11-25,22:07:00,25415,25415.25,25412.25,25414.75,86,25417.82,25379.65,0.00
2025-11-25,22:08:00,25415.25,25418.5,25414.75,25417,184,25417.74,25379.77,0.00
2025-11-25,22:09:00,25415.25,25417,25412.5,25412.5,162,25417.53,25379.87,0.00
2025-11-25,22:10:00,25413.25,25419.25,25413,25418,234,25417.47,25380.03,0.00
2025-11-25,22:11:00,25418,25422.75,25416.5,25418.75,369,25417.67,25380.29,0.00
2025-11-25,22:12:00,25418.5,25419.75,25414.75,25415.25,234,25417.60,25380.44,0.00
2025-11-25,22:13:00,25416.25,25418.75,25415,25416.75,131,25417.57,25380.52,0.00
2025-11-25,22:14:00,25416.25,25418,25414.25,25415.5,82,25417.54,25380.57,0.00
2025-11-25,22:15:00,25415.5,25418.5,25414.5,25417.25,143,25417.51,25380.66,0.00
2025-11-25,22:16:00,25418,25424,25416.75,25422.5,449,25417.87,25380.98,0.00
2025-11-25,22:17:00,25423.75,25427.75,25417.75,25420.75,855,25422.08,25381.59,0.00
2025-11-25,22:18:00,25420.5,25421.25,25417.5,25418.75,142,25421.67,25381.68,0.00
2025-11-25,22:19:00,25418.75,25424,25418.25,25422.75,217,25421.67,25381.83,0.00
2025-11-25,22:20:00,25423.75,25426.75,25421.25,25424,242,25422.06,25382.00,0.00
2025-11-25,22:21:00,25423.5,25423.5,25417.75,25418.5,267,25421.72,25382.17,0.00
2025-11-25,22:22:00,25418.5,25419.5,25416.25,25416.5,186,25421.30,25382.28,0.00
2025-11-25,22:23:00,25416.25,25417.25,25408.5,25413.75,787,25418.93,25382.69,0.00
2025-11-25,22:24:00,25414.25,25418.75,25412.5,25417.25,239,25418.70,25382.82,0.00
2025-11-25,22:25:00,25417.25,25418.75,25416.5,25417.75,145,25418.66,25382.91,0.00
2025-11-25,22:26:00,25417.75,25417.75,25415,25415.75,235,25418.48,25383.04,0.00
2025-11-25,22:27:00,25416,25418.25,25413.75,25415.25,179,25418.34,25383.13,0.00
2025-11-25,22:28:00,25415.5,25420.25,25415,25417.5,203,25418.30,25383.25,0.00
2025-11-25,22:29:00,25416.75,25420.25,25416.25,25416.5,131,25418.28,25383.32,0.00
2025-11-25,22:30:00,25416.25,25418.75,25416,25416.75,108,25418.25,25383.38,0.00
2025-11-25,22:31:00,25417,25422.25,25414.75,25421.25,276,25418.32,25383.54,0.00
2025-11-25,22:32:00,25421.5,25422.25,25418.25,25421.25,275,25418.46,25383.71,0.00
2025-11-25,22:33:00,25421.25,25423.5,25420,25420.5,292,25418.64,25383.89,0.00
2025-11-25,22:34:00,25420.5,25424.5,25419.5,25422.75,188,25418.77,25384.00,0.00
2025-11-25,22:35:00,25422.25,25423.25,25417.5,25419.75,252,25418.84,25384.15,0.00
2025-11-25,22:36:00,25419.75,25426,25419.75,25420.75,335,25419.04,25384.35,0.00
2025-11-25,22:37:00,25420.25,25422.75,25417.25,25421.75,261,25419.11,25384.50,0.00
2025-11-25,22:38:00,25421.75,25423.25,25418.5,25421.25,156,25419.16,25384.59,0.00
2025-11-25,22:39:00,25420.5,25423.25,25419.25,25422,128,25419.21,25384.67,0.00
2025-11-25,22:40:00,25422,25431.5,25422,25428.5,927,25427.33,25385.29,0.00
2025-11-25,22:41:00,25429,25433,25427,25427.5,487,25429.17,25385.62,0.00
2025-11-25,22:42:00,25427.5,25430.5,25425,25430.5,239,25429.00,25385.77,0.00
2025-11-25,22:43:00,25430.25,25432,25428.75,25430.25,257,25429.35,25385.95,0.00
2025-11-25,22:44:00,25430.5,25434.25,25430.5,25432,485,25432.25,25386.29,0.00
2025-11-25,22:45:00,25432,25432,25427.5,25429,197,25431.46,25386.42,0.00
2025-11-25,22:46:00,25429,25431.5,25426.5,25429.5,246,25430.85,25386.58,0.00
2025-11-25,22:47:00,25430.25,25430.75,25426,25429.5,278,25430.37,25386.76,0.00
2025-11-25,22:48:00,25429.5,25430.75,25428.25,25429,158,25430.25,25386.86,0.00
2025-11-25,22:49:00,25428.25,25428.75,25422.75,25423.75,426,25429.02,25387.10,0.00
2025-11-25,22:50:00,25423.25,25425.25,25419.75,25424.75,426,25427.91,25387.33,0.00
2025-11-25,22:51:00,25424.25,25429.5,25423.25,25426.5,286,25427.74,25387.50,0.00
2025-11-25,22:52:00,25427,25430.25,25426.75,25429.25,216,25427.82,25387.63,0.00
2025-11-25,22:53:00,25429,25433,25427.5,25432.75,191,25428.03,25387.75,0.00
2025-11-25,22:54:00,25432.25,25437.25,25431,25436,551,25434.75,25388.13,0.00
2025-11-25,22:55:00,25435.5,25436.5,25433.75,25435.5,311,25434.93,25388.34,0.00
2025-11-25,22:56:00,25435.75,25437,25433.75,25435,272,25435.01,25388.52,0.00
2025-11-25,22:57:00,25434.5,25435.25,25431.25,25431.25,180,25434.68,25388.64,0.00
2025-11-25,22:58:00,25431.25,25434.75,25429.5,25433.5,265,25434.32,25388.81,0.00
2025-11-25,22:59:00,25433.25,25434,25429.5,25431.25,132,25434.11,25388.89,0.00
2025-11-25,23:00:00,25431.5,25436.25,25431.5,25435,249,25434.13,25389.05,0.00
2025-11-25,23:01:00,25435,25436,25433.25,25433.5,208,25434.14,25389.18,0.00
2025-11-25,23:02:00,25433.5,25439.5,25433,25437.5,493,25436.67,25389.51,0.00
2025-11-25,23:03:00,25437.5,25446.75,25436.75,25444,830,25442.50,25390.13,0.00
2025-11-25,23:04:00,25445.5,25449.75,25442,25442.75,631,25444.83,25390.61,0.00
2025-11-25,23:05:00,25442.5,25442.5,25437.75,25438.25,723,25441.99,25391.09,0.00
2025-11-25,23:06:00,25438,25441.5,25435.25,25436.5,436,25440.95,25391.37,0.00
2025-11-25,23:07:00,25437,25438.5,25434.5,25435.5,269,25440.33,25391.53,0.00
2025-11-25,23:08:00,25435.75,25436.5,25433.75,25434.5,218,25439.81,25391.66,0.00
2025-11-25,23:09:00,25435.25,25436.25,25430,25431.75,547,25438.43,25391.96,0.00
2025-11-25,23:10:00,25431,25431.5,25427.75,25428.5,298,25437.55,25392.11,0.00
2025-11-25,23:11:00,25428.25,25428.75,25425,25427,459,25436.19,25392.32,0.00
2025-11-25,23:12:00,25427,25429.5,25426,25428.25,381,25435.39,25392.50,0.00
2025-11-25,23:13:00,25428.75,25432.5,25427,25428.75,460,25434.77,25392.73,0.00
2025-11-25,23:14:00,25428.25,25429.5,25424.75,25425.5,444,25434.02,25392.92,0.00
2025-11-25,23:15:00,25426.25,25428.25,25424,25427,250,25433.65,25393.03,0.00
2025-11-25,23:16:00,25427,25427.25,25421.25,25424,528,25432.76,25393.25,0.00
2025-11-25,23:17:00,25424,25427,25423.75,25427,118,25432.62,25393.30,0.00
2025-11-25,23:18:00,25427.25,25428,25425,25425,158,25432.45,25393.36,0.00
2025-11-25,23:19:00,25425.25,25429.5,25425,25426.75,182,25432.29,25393.44,0.00
2025-11-25,23:20:00,25427,25430.25,25427,25429.5,274,25432.14,25393.57,0.00
2025-11-25,23:21:00,25429,25433,25428.25,25431.5,342,25432.08,25393.73,0.00
2025-11-25,23:22:00,25431,25432,25427.75,25431,237,25432.02,25393.84,0.00
2025-11-25,23:23:00,25431,25433,25429.75,25430.75,131,25432.00,25393.90,0.00
2025-11-25,23:24:00,25431.5,25433,25430,25430,100,25431.99,25393.95,0.00
2025-11-25,23:25:00,25430.5,25431,25427.5,25427.75,159,25431.92,25394.02,0.00
2025-11-25,23:26:00,25428.25,25430.75,25426.5,25430,288,25431.81,25394.15,0.00
2025-11-25,23:27:00,25430,25431,25428,25429.75,63,25431.79,25394.17,0.00
2025-11-25,23:28:00,25430.25,25432.25,25429,25431,200,25431.77,25394.27,0.00
2025-11-25,23:29:00,25431,25433,25430,25432,135,25431.76,25394.33,0.00
2025-11-25,23:30:00,25431.75,25432.5,25428.25,25428.25,164,25431.72,25394.40,0.00
2025-11-25,23:31:00,25428.75,25431.5,25427,25430.75,219,25431.67,25394.50,0.00
2025-11-25,23:32:00,25431.75,25432,25428,25428.5,118,25431.64,25394.55,0.00
2025-11-25,23:33:00,25429.25,25432.75,25429.25,25430.25,124,25431.63,25394.61,0.00
2025-11-25,23:34:00,25430.25,25432.25,25426.75,25431,460,25431.55,25394.81,0.00
2025-11-25,23:35:00,25431.75,25432.75,25429.75,25431.5,94,25431.54,25394.85,0.00
2025-11-25,23:36:00,25431.75,25432.5,25430.75,25431.5,102,25431.54,25394.90,0.00
2025-11-25,23:37:00,25431.5,25433.25,25429.25,25432.5,104,25431.55,25394.95,0.00
2025-11-25,23:38:00,25432.5,25441.25,25432.25,25440,634,25431.94,25395.28,0.00
2025-11-25,23:39:00,25439.75,25441.25,25437.75,25440,165,25432.07,25395.37,0.00
2025-11-25,23:40:00,25440.5,25441.75,25439.25,25439.5,174,25432.20,25395.46,0.00
2025-11-25,23:41:00,25439.25,25442,25433.75,25436.25,491,25432.43,25395.71,0.00
2025-11-25,23:42:00,25436.5,25437.75,25434,25434,147,25432.47,25395.78,0.00
2025-11-25,23:43:00,25434,25434.75,25428.5,25432.75,381,25432.46,25395.95,0.00
2025-11-25,23:44:00,25431.5,25433.5,25428.75,25432.75,248,25432.44,25396.06,0.00
2025-11-25,23:45:00,25433.25,25433.25,25429,25430.25,184,25432.41,25396.13,0.00
2025-11-25,23:46:00,25430,25434.25,25430,25433,151,25432.41,25396.20,0.00
2025-11-25,23:47:00,25433.5,25436.75,25431,25436.75,338,25432.48,25396.35,0.00
2025-11-25,23:48:00,25436.5,25440.5,25435,25439.75,280,25432.61,25396.49,0.00
2025-11-25,23:49:00,25439.75,25440.75,25438,25439.5,281,25432.76,25396.64,0.00
2025-11-25,23:50:00,25439.75,25439.75,25436.25,25439.5,158,25432.83,25396.72,0.00
2025-11-25,23:51:00,25439,25440.25,25438,25438.75,119,25432.89,25396.77,0.00
2025-11-25,23:52:00,25438.75,25440,25438,25438.75,84,25432.92,25396.82,0.00
2025-11-25,23:53:00,25438,25438.75,25436.25,25438.5,170,25432.99,25396.90,0.00
2025-11-25,23:54:00,25438,25438.25,25432.25,25432.75,305,25433.02,25397.03,0.00
2025-11-25,23:55:00,25433,25435,25431,25434,201,25433.02,25397.12,0.00
2025-11-25,23:56:00,25434,25438,25434,25437,219,25433.07,25397.22,0.00
2025-11-25,23:57:00,25437,25438,25434.25,25437,126,25433.10,25397.28,0.00
2025-11-25,23:58:00,25437.25,25441,25436,25437.5,235,25433.19,25397.39,0.00
2025-11-25,23:59:00,25437.75,25438.25,25433,25434.75,184,25433.21,25397.47,0.00
2025-11-25,00:00:00,25172.5,25177.25,25171,25176.75,225,25194.01,25172.40,0.00
2025-11-25,00:01:00,25177.25,25179.25,25173.75,25179,332,25193.96,25173.94,0.00
2025-11-25,00:02:00,25178.5,25185,25177.75,25183,490,25193.90,25176.45,0.00
2025-11-25,00:03:00,25183.25,25187,25182.75,25184.25,256,25193.88,25177.61,0.00
2025-11-25,00:04:00,25183.5,25186,25179.75,25181.25,177,25193.85,25178.03,0.00
2025-11-25,00:05:00,25182,25184.5,25177.75,25183.25,213,25193.83,25178.39,0.00
2025-11-25,00:06:00,25183.75,25183.75,25175.75,25178.25,375,25193.77,25178.52,0.00
2025-11-25,00:07:00,25178.75,25184,25177.75,25184,151,25193.76,25178.71,0.00
2025-11-25,00:08:00,25184.25,25187.75,25181.5,25185.25,187,25193.74,25179.10,0.00
2025-11-25,00:09:00,25186.75,25186.75,25183,25183,255,25193.72,25179.51,0.00
2025-11-25,00:10:00,25184.25,25186.5,25181.75,25185.75,200,25193.70,25179.82,0.00
2025-11-25,00:11:00,25186,25188.75,25184,25186.5,290,25193.68,25180.34,0.00
2025-11-25,00:12:00,25187.5,25191.75,25187.5,25188.25,320,25193.66,25181.05,0.00
2025-11-25,00:13:00,25187.75,25192.5,25187,25191.25,174,25193.66,25181.44,0.00
2025-11-25,00:14:00,25190.5,25191.25,25186.75,25188.5,133,25193.65,25181.67,0.00
2025-11-25,00:15:00,25188.5,25191,25187.75,25190.75,136,25193.65,25181.92,0.00
2025-11-25,00:16:00,25191,25198.75,25191,25198.5,462,25193.66,25183.26,0.00
2025-11-25,00:17:00,25198.75,25207.25,25198.5,25204.75,636,25193.72,25185.59,0.00
2025-11-25,00:18:00,25204.75,25206,25202.25,25202.25,236,25193.74,25186.32,0.00
2025-11-25,00:19:00,25203.25,25204,25198.5,25198.5,289,25193.76,25186.99,0.00
2025-11-25,00:20:00,25198.75,25201,25197.25,25198.5,136,25193.76,25187.25,0.00
2025-11-25,00:21:00,25198.5,25201.5,25195,25195.75,286,25193.77,25187.70,0.00
2025-11-25,00:22:00,25196.75,25198.5,25192.5,25192.5,164,25193.78,25187.87,0.00
2025-11-25,00:23:00,25192.75,25195,25187,25188,453,25193.76,25188.01,0.00
2025-11-25,00:24:00,25188.25,25194,25187.75,25193.5,276,25193.75,25188.15,0.00
2025-11-25,00:25:00,25193.25,25197,25192.75,25194,234,25193.76,25188.34,0.00
2025-11-25,00:26:00,25193.5,25195.25,25191.5,25194,149,25193.76,25188.45,0.00
2025-11-25,00:27:00,25194.75,25197.25,25194.5,25195.25,150,25193.76,25188.58,0.00
2025-11-25,00:28:00,25195,25195.5,25192.25,25193.25,124,25193.76,25188.66,0.00
2025-11-25,00:29:00,25193.5,25193.75,25189,25191.25,217,25193.75,25188.73,0.00
2025-11-25,00:30:00,25191.75,25191.75,25187.75,25188.5,167,25193.75,25188.74,0.00
2025-11-25,00:31:00,25188.25,25190.25,25184.75,25187.25,302,25193.73,25188.70,0.00
2025-11-25,00:32:00,25187.75,25188.25,25181.25,25184,368,25193.70,25188.53,0.00
2025-11-25,00:33:00,25183.25,25187.5,25182,25184.5,145,25193.68,25188.47,0.00
2025-11-25,00:34:00,25184.75,25189.5,25184.75,25189.5,164,25193.68,25188.46,0.00
2025-11-25,00:35:00,25188.75,25191.75,25188,25190,135,25193.67,25188.48,0.00
2025-11-25,00:36:00,25189.75,25192.75,25189,25189.25,176,25193.67,25188.51,0.00
2025-11-25,00:37:00,25189.25,25189.25,25184,25186,272,25193.65,25188.45,0.00
2025-11-25,00:38:00,25186,25188.75,25183,25183.5,160,25193.63,25188.40,0.00
2025-11-25,00:39:00,25183.75,25185.25,25182.25,25182.25,138,25193.62,25188.33,0.00
2025-11-25,00:40:00,25182.75,25184.5,25180.5,25182,172,25193.60,25188.23,0.00
2025-11-25,00:41:00,25182,25185.5,25182,25182.5,175,25193.59,25188.15,0.00
2025-11-25,00:42:00,25182.25,25186.5,25182.25,25186,145,25193.57,25188.11,0.00
2025-11-25,00:43:00,25185.5,25190,25184.5,25188.25,207,25193.56,25188.10,0.00
2025-11-25,00:44:00,25188.25,25188.5,25181.75,25183.75,221,25193.55,25188.03,0.00
2025-11-25,00:45:00,25183.75,25184.25,25180.75,25182,165,25193.53,25187.95,0.00
2025-11-25,00:46:00,25181.25,25184,25180.25,25183.75,188,25193.51,25187.86,0.00
2025-11-25,00:47:00,25184.5,25188,25183.75,25186.75,214,25193.50,25187.83,0.00
2025-11-25,00:48:00,25186.5,25188,25184.5,25185,151,25193.48,25187.81,0.00
2025-11-25,00:49:00,25185.25,25186.5,25183.5,25185.25,190,25193.47,25187.76,0.00
2025-11-25,00:50:00,25185.5,25187,25182.75,25184.5,174,25193.46,25187.72,0.00
2025-11-25,00:51:00,25184.75,25187.75,25184.5,25187.25,117,25193.45,25187.71,0.00
2025-11-25,00:52:00,25187.25,25188,25185.25,25187.5,144,25193.44,25187.70,0.00
2025-11-25,00:53:00,25187.25,25190.5,25186.5,25189,264,25193.43,25187.72,0.00
2025-11-25,00:54:00,25189.25,25189.5,25186,25187.25,135,25193.42,25187.72,0.00
2025-11-25,00:55:00,25187.25,25187.5,25183,25183,191,25193.41,25187.67,0.00
2025-11-25,00:56:00,25183.25,25187,25183,25186.25,111,25193.40,25187.65,0.00
2025-11-25,00:57:00,25186.5,25187.75,25185.75,25186.25,179,25193.39,25187.64,0.00
2025-11-25,00:58:00,25186.5,25189.75,25186.5,25188.25,121,25193.38,25187.64,0.00
2025-11-25,00:59:00,25188.25,25189.25,25184.75,25186.75,207,25193.37,25187.63,0.00
2025-11-25,01:00:00,25186.75,25188.25,25186,25187.5,148,25193.36,25187.63,0.00
2025-11-25,01:01:00,25187.75,25189.75,25186,25188.75,330,25193.35,25187.64,0.00
2025-11-25,01:02:00,25189,25193,25186.25,25191,300,25193.34,25187.69,0.00
2025-11-25,01:03:00,25191,25191.75,25187.25,25188.5,200,25193.33,25187.71,0.00
2025-11-25,01:04:00,25189,25192,25186.75,25188.75,136,25193.32,25187.72,0.00
2025-11-25,01:05:00,25188.75,25192,25188.25,25188.25,182,25193.32,25187.75,0.00
2025-11-25,01:06:00,25187.75,25188.25,25178.5,25181.75,767,25193.25,25187.51,0.00
2025-11-25,01:07:00,25182,25185.75,25181.75,25183,404,25193.21,25187.41,0.00
2025-11-25,01:08:00,25183.25,25189.75,25183,25189,292,25193.20,25187.40,0.00
2025-11-25,01:09:00,25189,25194.5,25188.25,25193.25,291,25193.19,25187.48,0.00
2025-11-25,01:10:00,25194,25194.25,25189.5,25192,264,25193.19,25187.55,0.00
2025-11-25,01:11:00,25192,25195.75,25191.25,25195.25,236,25193.19,25187.64,0.00
2025-11-25,01:12:00,25195.25,25199.25,25195,25197.25,386,25193.21,25187.85,0.00
2025-11-25,01:13:00,25197.25,25199.25,25195.5,25199.25,221,25193.22,25187.98,0.00
2025-11-25,01:14:00,25198.75,25203.25,25197.75,25200.75,340,25193.24,25188.21,0.00
2025-11-25,01:15:00,25200.75,25206,25200.5,25205.25,536,25193.29,25188.66,0.00
2025-11-25,01:16:00,25205.75,25208.75,25202,25202,690,25193.35,25189.21,0.00
2025-11-25,01:17:00,25202.25,25202.5,25194.25,25194.5,522,25193.37,25189.42,0.00
2025-11-25,01:18:00,25194.25,25196.75,25189.25,25190,394,25193.36,25189.47,0.00
2025-11-25,01:19:00,25189.75,25194.75,25187.5,25191.75,413,25193.36,25189.50,0.00
2025-11-25,01:20:00,25191.5,25195.75,25191.5,25194.25,286,25193.36,25189.56,0.00
2025-11-25,01:21:00,25194.25,25195.25,25190.5,25192,225,25193.36,25189.60,0.00
2025-11-25,01:22:00,25192.25,25193,25185.5,25185.5,358,25193.34,25189.57,0.00
2025-11-25,01:23:00,25185.5,25185.5,25180.25,25182,511,25193.29,25189.41,0.00
2025-11-25,01:24:00,25181.75,25182.5,25178.5,25181.5,363,25193.26,25189.27,0.00
2025-11-25,01:25:00,25181,25181,25176.5,25178.25,327,25193.22,25189.12,0.00
2025-11-25,01:26:00,25178,25178,25169.75,25170.25,519,25193.13,25188.75,0.00
2025-11-25,01:27:00,25170.5,25172.25,25166.5,25168,554,25193.02,25168.92,0.00
2025-11-25,01:28:00,25167.5,25173,25167.5,25171.75,374,25192.95,25169.66,0.00
2025-11-25,01:29:00,25171,25175,25169.75,25172,290,25192.90,25170.27,0.00
2025-11-25,01:30:00,25172.25,25174.25,25168.75,25171.25,270,25192.85,25170.48,0.00
2025-11-25,01:31:00,25171.75,25177,25169.75,25175,382,25192.79,25171.18,0.00
2025-11-25,01:32:00,25174.5,25178,25171.25,25177.25,338,25192.75,25171.84,0.00
2025-11-25,01:33:00,25177.75,25181.5,25176,25179.5,338,25192.71,25172.79,0.00
2025-11-25,01:34:00,25179.75,25183,25176.75,25180.75,219,25192.69,25173.38,0.00
2025-11-25,01:35:00,25180.75,25182.5,25178.75,25180,159,25192.67,25173.76,0.00
2025-11-25,01:36:00,25180.25,25183.75,25180.25,25182.5,158,25192.66,25174.19,0.00
2025-11-25,01:37:00,25181.75,25184.75,25180.5,25183.5,174,25192.64,25174.66,0.00
2025-11-25,01:38:00,25183.5,25185,25181,25185,105,25192.64,25174.94,0.00
2025-11-25,01:39:00,25184.5,25187,25183.75,25186.5,249,25192.62,25175.68,0.00
2025-11-25,01:40:00,25185.75,25188.5,25185.75,25186.75,171,25192.62,25176.20,0.00
2025-11-25,01:41:00,25186.75,25188.75,25186,25188.25,197,25192.61,25176.76,0.00
2025-11-25,01:42:00,25187.75,25188,25183,25184,238,25192.59,25177.23,0.00
2025-11-25,01:43:00,25184,25188,25183.5,25186,174,25192.58,25177.57,0.00
2025-11-25,01:44:00,25186.5,25188.75,25185.25,25187.75,148,25192.58,25177.89,0.00
2025-11-25,01:45:00,25187.75,25190.25,25185.25,25185.75,206,25192.57,25178.29,0.00
2025-11-25,01:46:00,25186.25,25186.75,25183,25185.25,136,25192.56,25178.47,0.00
2025-11-25,01:47:00,25186,25187.75,25180.5,25181.5,342,25192.53,25178.79,0.00
2025-11-25,01:48:00,25181.75,25182.75,25177.75,25179.25,279,25192.51,25178.84,0.00
2025-11-25,01:49:00,25179.25,25181.25,25177.5,25178.25,143,25192.49,25178.85,0.00
2025-11-25,01:50:00,25178.5,25181,25178,25178.25,154,25192.48,25178.85,0.00
2025-11-25,01:51:00,25178,25179,25173,25175.5,434,25192.42,25178.64,0.00
2025-11-25,01:52:00,25175.5,25177.5,25174,25174,215,25192.39,25178.53,0.00
2025-11-25,01:53:00,25174.25,25176.5,25173.5,25175,178,25192.37,25178.43,0.00
2025-11-25,01:54:00,25174.5,25176,25172.25,25176,224,25192.33,25178.31,0.00
2025-11-25,01:55:00,25176,25178.75,25174,25177.5,225,25192.31,25178.26,0.00
2025-11-25,01:56:00,25177.25,25179,25176,25179,168,25192.29,25178.26,0.00
2025-11-25,01:57:00,25178.75,25179.75,25175.5,25176,183,25192.27,25178.23,0.00
2025-11-25,01:58:00,25176,25177,25173.25,25176.25,189,25192.24,25178.16,0.00
2025-11-25,01:59:00,25176,25178,25174.25,25174.25,115,25192.23,25178.12,0.00
2025-11-25,02:00:00,25174,25176,25173.5,25174.25,114,25192.21,25178.07,0.00
2025-11-25,02:01:00,25174.25,25182.25,25173.75,25176.75,346,25192.17,25178.05,0.00
2025-11-25,02:02:00,25177,25177.5,25172.5,25177.5,234,25192.14,25177.99,0.00
2025-11-25,02:03:00,25178,25183.25,25178,25182.25,234,25192.12,25178.07,0.00
2025-11-25,02:04:00,25181.75,25184.25,25181,25182.75,235,25192.11,25178.19,0.00
2025-11-25,02:05:00,25182.25,25183,25178.5,25180.25,176,25192.09,25178.24,0.00
2025-11-25,02:06:00,25180.25,25182.75,25179,25182.75,114,25192.08,25178.28,0.00
2025-11-25,02:07:00,25182,25185.25,25180.25,25180.5,134,25192.07,25178.33,0.00
2025-11-25,02:08:00,25180.25,25180.25,25175.5,25177,242,25192.04,25178.32,0.00
2025-11-25,02:09:00,25176.75,25182.75,25176.5,25181.5,216,25192.02,25178.36,0.00
2025-11-25,02:10:00,25181.75,25187,25181.5,25185.25,333,25192.01,25178.56,0.00
2025-11-25,02:11:00,25185.25,25188,25182.25,25184.75,267,25191.99,25178.73,0.00
2025-11-25,02:12:00,25184.75,25191.75,25184.75,25189.5,414,25191.98,25179.11,0.00
2025-11-25,02:13:00,25189.5,25191,25185.75,25187.5,142,25191.98,25179.23,0.00
2025-11-25,02:14:00,25186.5,25188,25185,25185,100,25191.97,25179.29,0.00
2025-11-25,02:15:00,25184.75,25185.5,25180.25,25182.75,187,25191.96,25179.35,0.00
2025-11-25,02:16:00,25182.75,25182.75,25179.5,25179.5,202,25191.94,25179.37,0.00
2025-11-25,02:17:00,25180,25180,25172.25,25175,458,25191.89,25179.23,0.00
2025-11-25,02:18:00,25174.5,25175.25,25171.75,25174.25,221,25191.86,25179.13,0.00
2025-11-25,02:19:00,25173.75,25175.75,25171.75,25173,245,25191.82,25179.02,0.00
2025-11-25,02:20:00,25172.75,25175,25169,25172.5,398,25191.76,25178.80,0.00
2025-11-25,02:21:00,25172.75,25173.25,25166,25171.5,557,25191.67,25170.25,0.00
2025-11-25,02:22:00,25171.5,25172,25166.5,25167,330,25191.62,25169.60,0.00
2025-11-25,02:23:00,25167.25,25169.25,25164.25,25167.25,315,25191.56,25166.92,0.00
2025-11-25,02:24:00,25166.75,25166.75,25160.75,25162.5,488,25191.46,25163.33,0.00
2025-11-25,02:25:00,25161.5,25165,25159.25,25164.5,539,25191.34,25162.92,0.00
2025-11-25,02:26:00,25165,25165.75,25159.25,25162,319,25191.28,25162.70,0.00
2025-11-25,02:27:00,25162,25164.5,25158.75,25160.5,343,25191.20,25161.25,0.00
2025-11-25,02:28:00,25161.5,25166.25,25160,25163.5,253,25191.15,25162.10,0.00
2025-11-25,02:29:00,25163,25167.75,25162.25,25165,293,25191.09,25163.06,0.00
2025-11-25,02:30:00,25164.75,25167.5,25160.75,25164.75,222,25191.05,25163.31,0.00
2025-11-25,02:31:00,25164.75,25171,25162.75,25169.25,338,25190.99,25164.33,0.00
2025-11-25,02:32:00,25168.25,25169.25,25162.5,25162.5,210,25190.95,25164.38,0.00
2025-11-25,02:33:00,25162.75,25167.5,25159.25,25167,245,25190.91,25164.41,0.00
2025-11-25,02:34:00,25166.75,25173.75,25165.5,25172.25,287,25190.86,25165.20,0.00
2025-11-25,02:35:00,25172,25177,25170.75,25176.5,267,25190.83,25166.24,0.00
2025-11-25,02:36:00,25176.5,25179,25175,25176.5,270,25190.81,25167.29,0.00
2025-11-25,02:37:00,25177,25181.75,25175.25,25177.75,391,25190.77,25168.66,0.00
2025-11-25,02:38:00,25177.75,25180.75,25175,25176,207,25190.75,25169.20,0.00
2025-11-25,02:39:00,25176,25176.25,25169.5,25171,331,25190.71,25169.47,0.00
2025-11-25,02:40:00,25170.75,25172,25168,25168.75,124,25190.69,25169.48,0.00
2025-11-25,02:41:00,25168.75,25170.5,25164.25,25165,282,25190.64,25169.28,0.00
2025-11-25,02:42:00,25164.5,25169.25,25163.5,25163.75,178,25190.61,25169.12,0.00
2025-11-25,02:43:00,25164,25168.25,25162.75,25164,261,25190.56,25168.88,0.00
2025-11-25,02:44:00,25163.5,25166,25160,25162.5,334,25190.49,25168.46,0.00
2025-11-25,02:45:00,25162.25,25167.75,25160.25,25160.25,385,25190.42,25168.04,0.00
2025-11-25,02:46:00,25160.25,25162,25154.5,25156.75,629,25190.27,25157.75,0.00
2025-11-25,02:47:00,25157,25159.75,25154.5,25158.25,264,25190.21,25157.68,0.00
2025-11-25,02:48:00,25158,25160.5,25155.75,25157.5,297,25190.15,25157.74,0.00
2025-11-25,02:49:00,25157.5,25157.5,25153.5,25155,282,25190.08,25155.33,0.00
2025-11-25,02:50:00,25155.25,25156.25,25151.75,25152.25,541,25189.94,25153.42,0.00
2025-11-25,02:51:00,25152.25,25153,25147.25,25149,553,25189.78,25149.75,0.00
2025-11-25,02:52:00,25148.25,25154,25147.5,25153.25,319,25189.70,25150.42,0.00
2025-11-25,02:53:00,25152.75,25152.75,25147.75,25149.75,275,25189.62,25150.34,0.00
2025-11-25,02:54:00,25148.75,25151.5,25148.5,25149.75,202,25189.57,25150.28,0.00
2025-11-25,02:55:00,25150.5,25155.25,25149.75,25152,426,25189.46,25150.77,0.00
2025-11-25,02:56:00,25152,25163.25,25151.75,25160,622,25189.33,25152.73,0.00
2025-11-25,02:57:00,25159.75,25163,25158.75,25159,233,25189.28,25153.40,0.00
2025-11-25,02:58:00,25159,25162,25157.25,25159.75,280,25189.22,25154.00,0.00
2025-11-25,02:59:00,25160.5,25161.25,25157.75,25158.5,176,25189.19,25154.30,0.00
2025-11-25,03:00:00,25158.5,25159,25152.75,25155,303,25189.12,25154.41,0.00
2025-11-25,03:01:00,25155.25,25157,25149.25,25152.5,538,25188.99,25154.21,0.00
2025-11-25,03:02:00,25152.5,25155.25,25150.75,25151.75,359,25188.90,25154.07,0.00
2025-11-25,03:03:00,25151.25,25154.75,25148,25154.75,353,25188.81,25153.95,0.00
2025-11-25,03:04:00,25155,25156,25150,25150.75,273,25188.74,25153.86,0.00
2025-11-25,03:05:00,25150.25,25150.25,25143.25,25143.75,875,25188.49,25145.75,0.00
2025-11-25,03:06:00,25144,25149.5,25136.25,25139.25,1031,25188.17,25141.67,0.00
2025-11-25,03:07:00,25138.5,25142.5,25137.75,25141.75,505,25188.01,25141.34,0.00
2025-11-25,03:08:00,25141.5,25145.25,25141,25145.25,353,25187.91,25141.80,0.00
2025-11-25,03:09:00,25144.5,25150.25,25144.25,25147.25,546,25187.76,25143.03,0.00
2025-11-25,03:10:00,25147.5,25147.75,25140.5,25141.75,328,25187.67,25143.06,0.00
2025-11-25,03:11:00,25142,25143.25,25138,25138,327,25187.56,25142.71,0.00
2025-11-25,03:12:00,25138,25140.5,25136.75,25137.25,279,25187.47,25142.34,0.00
2025-11-25,03:13:00,25137,25138.25,25134,25136,481,25187.31,25136.08,0.00
2025-11-25,03:14:00,25136.25,25144,25136.25,25143.5,336,25187.21,25138.21,0.00
2025-11-25,03:15:00,25143,25145.5,25141.25,25144.75,255,25187.14,25139.55,0.00
2025-11-25,03:16:00,25144.75,25145.25,25141.25,25142.5,208,25187.08,25140.11,0.00
2025-11-25,03:17:00,25142,25149.5,25141.25,25147,384,25186.98,25141.45,0.00
2025-11-25,03:18:00,25147,25150,25145.25,25149.25,259,25186.91,25142.35,0.00
2025-11-25,03:19:00,25149.25,25149.25,25142,25142.5,278,25186.84,25142.63,0.00
2025-11-25,03:20:00,25142.5,25143,25138.5,25142.75,243,25186.76,25142.51,0.00
2025-11-25,03:21:00,25142.25,25146.25,25141.5,25143.25,173,25186.72,25142.59,0.00
2025-11-25,03:22:00,25143,25146.75,25141.5,25145.5,115,25186.69,25142.67,0.00
2025-11-25,03:23:00,25145.5,25149.75,25144.25,25146,331,25186.60,25143.11,0.00
2025-11-25,03:24:00,25146.5,25149.75,25146.25,25149.25,143,25186.57,25143.34,0.00
2025-11-25,03:25:00,25150,25152.75,25146.75,25150.5,394,25186.47,25144.07,0.00
2025-11-25,03:26:00,25150.75,25150.75,25145.25,25148.75,351,25186.39,25144.44,0.00
2025-11-25,03:27:00,25148.75,25150,25146,25146.75,172,25186.34,25144.57,0.00
2025-11-25,03:28:00,25146,25149.25,25144.5,25148.75,220,25186.29,25144.72,0.00
2025-11-25,03:29:00,25149,25150.75,25147.75,25149.25,201,25186.24,25144.92,0.00
2025-11-25,03:30:00,25149.25,25150.5,25147.25,25148.25,261,25186.18,25145.13,0.00
2025-11-25,03:31:00,25147.75,25149,25143.5,25147.75,394,25186.08,25145.25,0.00
2025-11-25,03:32:00,25148,25150.5,25144.5,25148,300,25186.01,25145.38,0.00
2025-11-25,03:33:00,25148.25,25156.5,25147,25154.75,420,25185.92,25145.90,0.00
2025-11-25,03:34:00,25154.25,25158.25,25154.25,25157,360,25185.85,25146.51,0.00
2025-11-25,03:35:00,25157.25,25160.25,25155.5,25157,307,25185.80,25147.03,0.00
2025-11-25,03:36:00,25157,25160.25,25154.75,25156,450,25185.72,25147.66,0.00
2025-11-25,03:37:00,25155.75,25155.75,25151.5,25152.25,293,25185.66,25147.88,0.00
2025-11-25,03:38:00,25151.25,25158.25,25149.75,25158,247,25185.61,25148.13,0.00
2025-11-25,03:39:00,25158.75,25166.25,25158.75,25165,695,25185.52,25149.41,0.00
2025-11-25,03:40:00,25165.25,25166.25,25158.5,25160,286,25185.47,25149.81,0.00
2025-11-25,03:41:00,25160.5,25164,25158.75,25163.25,336,25185.42,25150.27,0.00
2025-11-25,03:42:00,25163.75,25167.5,25159,25166,457,25185.36,25150.95,0.00
2025-11-25,03:43:00,25166.25,25167.75,25163.5,25165.5,251,25185.33,25151.33,0.00
2025-11-25,03:44:00,25165.75,25169.75,25165.75,25169.75,269,25185.31,25151.80,0.00
2025-11-25,03:45:00,25169,25179,25168.25,25179,650,25185.27,25153.26,0.00
2025-11-25,03:46:00,25179.25,25183,25174.5,25177.5,844,25185.23,25155.12,0.00
2025-11-25,03:47:00,25178,25189.25,25177,25187.5,859,25185.23,25157.19,0.00
2025-11-25,03:48:00,25186.5,25188.5,25181,25183.25,653,25185.22,25158.56,0.00
2025-11-25,03:49:00,25182.75,25184.5,25174,25175,616,25185.20,25159.44,0.00
2025-11-25,03:50:00,25174,25175.75,25162.25,25164.75,1088,25185.08,25160.05,0.00
2025-11-25,03:51:00,25164.5,25169.25,25158.25,25168.75,735,25185.00,25160.31,0.00
2025-11-25,03:52:00,25169.75,25174,25166.75,25168,640,25184.94,25160.68,0.00
2025-11-25,03:53:00,25168.75,25183.25,25168.5,25177.5,907,25184.89,25161.53,0.00
2025-11-25,03:54:00,25177.75,25178.5,25170.75,25175,266,25184.88,25161.73,0.00
2025-11-25,03:55:00,25175.5,25179.25,25171,25171.25,296,25184.86,25161.94,0.00
2025-11-25,03:56:00,25170.5,25171.25,25164.25,25166.5,451,25184.81,25162.07,0.00
2025-11-25,03:57:00,25166,25168.25,25156.25,25160.25,583,25184.73,25162.06,0.00
2025-11-25,03:58:00,25159.25,25163.75,25159,25163,196,25184.70,25162.06,0.00
2025-11-25,03:59:00,25162.75,25169.25,25162.75,25168.5,303,25184.67,25162.13,0.00
2025-11-25,04:00:00,25168.75,25171.75,25164,25168.25,330,25184.64,25162.23,0.00
2025-11-25,04:01:00,25167.25,25184.5,25165.25,25172.75,1076,25184.58,25162.86,0.00
2025-11-25,04:02:00,25172.75,25178,25165,25171.75,538,25184.54,25163.09,0.00
2025-11-25,04:03:00,25172,25176.25,25168.25,25175.75,367,25184.51,25163.27,0.00
2025-11-25,04:04:00,25175.5,25178.25,25164.75,25170,377,25184.48,25163.40,0.00
2025-11-25,04:05:00,25170.75,25176,25169.75,25173,249,25184.47,25163.51,0.00
2025-11-25,04:06:00,25172.75,25176,25167.25,25171.5,469,25184.43,25163.68,0.00
2025-11-25,04:07:00,25171.5,25176.75,25164,25171.75,611,25184.38,25163.87,0.00
2025-11-25,04:08:00,25171.5,25173.5,25163.75,25164,466,25184.34,25163.93,0.00
2025-11-25,04:09:00,25164.25,25164.25,25155.5,25159.5,732,25184.24,25163.81,0.00
2025-11-25,04:10:00,25158.75,25164,25154,25161.25,595,25184.15,25163.71,0.00
2025-11-25,04:11:00,25161.5,25164.25,25152,25153.75,459,25184.08,25163.58,0.00
2025-11-25,04:12:00,25154,25159.25,25147.25,25150,598,25183.98,25163.32,0.00
2025-11-25,04:13:00,25150,25155.75,25149.75,25155.75,383,25183.91,25163.18,0.00
2025-11-25,04:14:00,25155.5,25158,25149.5,25151,361,25183.85,25163.04,0.00
2025-11-25,04:15:00,25150.25,25150.5,25139,25140.5,883,25183.65,25162.40,0.00
2025-11-25,04:16:00,25140.75,25153,25140.75,25152.25,763,25183.50,25162.03,0.00
2025-11-25,04:17:00,25153.25,25165.75,25153.25,25164.25,976,25183.38,25162.00,0.00
2025-11-25,04:18:00,25163.75,25169.5,25160,25164.75,683,25183.31,25162.06,0.00
2025-11-25,04:19:00,25165.5,25169.25,25164.25,25165.75,261,25183.29,25162.10,0.00
2025-11-25,04:20:00,25166.5,25167.25,25159.75,25163,457,25183.24,25162.12,0.00
2025-11-25,04:21:00,25162.75,25166.25,25162.25,25163.25,314,25183.21,25162.14,0.00
2025-11-25,04:22:00,25164,25169.25,25162.25,25167,342,25183.17,25162.18,0.00
2025-11-25,04:23:00,25167.25,25175.75,25167.25,25175,491,25183.15,25162.34,0.00
2025-11-25,04:24:00,25175.25,25180.5,25173.75,25180,438,25183.13,25162.56,0.00
2025-11-25,04:25:00,25180.25,25180.5,25173.75,25176.5,462,25183.12,25162.76,0.00
2025-11-25,04:26:00,25177,25177.75,25166,25167.25,544,25183.08,25162.88,0.00
2025-11-25,04:27:00,25167,25170.5,25162.75,25163.5,459,25183.04,25162.92,0.00
2025-11-25,04:28:00,25163.75,25164,25157.75,25161,427,25182.99,25162.90,0.00
2025-11-25,04:29:00,25161.75,25171.5,25159.75,25170.25,416,25182.95,25162.95,0.00
2025-11-25,04:30:00,25170.75,25174.25,25166.75,25173.5,308,25182.93,25163.02,0.00
2025-11-25,04:31:00,25174.25,25175,25165.5,25170,391,25182.91,25163.10,0.00
2025-11-25,04:32:00,25169.5,25170,25161,25165,198,25182.89,25163.12,0.00
2025-11-25,04:33:00,25165,25167.5,25160.75,25163.25,290,25182.86,25163.12,0.00
2025-11-25,04:34:00,25162,25171.25,25159,25170,365,25182.83,25163.16,0.00
2025-11-25,04:35:00,25170.5,25173.5,25166.25,25170.75,331,25182.81,25163.22,0.00
2025-11-25,04:36:00,25170.75,25172.75,25164.5,25170,252,25182.79,25163.26,0.00
2025-11-25,04:37:00,25170.25,25173.5,25167.75,25169.25,233,25182.77,25163.31,0.00
2025-11-25,04:38:00,25169.75,25170.75,25165.25,25167.75,227,25182.75,25163.33,0.00
2025-11-25,04:39:00,25167,25167.75,25161.5,25167.5,486,25182.71,25163.36,0.00
2025-11-25,04:40:00,25168,25170.25,25162.5,25165.75,383,25182.68,25163.39,0.00
2025-11-25,04:41:00,25166.25,25168.75,25161.5,25166,188,25182.66,25163.40,0.00
2025-11-25,04:42:00,25166.25,25169.75,25161.25,25169.25,209,25182.64,25163.42,0.00
2025-11-25,04:43:00,25168.75,25172.5,25166,25168.5,317,25182.62,25163.47,0.00
2025-11-25,04:44:00,25167.75,25168.75,25160.5,25164.25,357,25182.59,25163.48,0.00
2025-11-25,04:45:00,25165,25166.25,25155,25156.75,469,25182.53,25163.43,0.00
2025-11-25,04:46:00,25157.25,25159.5,25153.25,25154,334,25182.48,25163.36,0.00
2025-11-25,04:47:00,25154,25154.25,25141.5,25149.25,942,25182.32,25163.01,0.00
2025-11-25,04:48:00,25148.5,25151.25,25146.75,25149.75,342,25182.26,25162.90,0.00
2025-11-25,04:49:00,25148.75,25149.5,25142.5,25144.25,375,25182.19,25162.74,0.00
2025-11-25,04:50:00,25144.5,25146.75,25139,25145.25,515,25182.09,25162.51,0.00
2025-11-25,04:51:00,25145.25,25145.25,25137,25139.75,484,25181.98,25162.26,0.00
2025-11-25,04:52:00,25139.75,25140.25,25131,25136.75,906,25181.77,25136.00,0.00
2025-11-25,04:53:00,25136.5,25137.25,25125,25126,972,25181.51,25129.42,0.00
2025-11-25,04:54:00,25126.25,25127,25118.25,25120.5,1089,25181.18,25121.92,0.00
2025-11-25,04:55:00,25120.75,25123,25112,25114.25,848,25180.91,25116.42,0.00
2025-11-25,04:56:00,25115.25,25121,25109.25,25119.75,978,25180.59,25116.67,0.00
2025-11-25,04:57:00,25119.25,25126.75,25112.25,25115.5,819,25180.34,25117.35,0.00
2025-11-25,04:58:00,25114.75,25119.5,25112,25118.75,381,25180.22,25117.25,0.00
2025-11-25,04:59:00,25119.25,25124.25,25118.75,25122.5,391,25180.10,25117.94,0.00
2025-11-25,05:00:00,25122.5,25125.75,25116,25119.75,580,25179.93,25118.41,0.00
2025-11-25,05:01:00,25120.25,25129,25116.25,25125.75,1059,25179.64,25119.74,0.00
2025-11-25,05:02:00,25125.5,25135,25118.5,25122,958,25179.38,25120.74,0.00
2025-11-25,05:03:00,25122.25,25128.25,25121.5,25126.75,373,25179.29,25121.06,0.00
2025-11-25,05:04:00,25126.25,25133.5,25123.5,25129.75,466,25179.17,25121.67,0.00
2025-11-25,05:05:00,25129,25137.25,25125.25,25136,431,25179.07,25122.42,0.00
2025-11-25,05:06:00,25135.5,25148.5,25135,25148.25,933,25178.92,25125.14,0.00
2025-11-25,05:07:00,25148.75,25152.25,25146.25,25147.25,711,25178.81,25127.20,0.00
2025-11-25,05:08:00,25146.75,25149.25,25141.75,25143,596,25178.71,25128.40,0.00
2025-11-25,05:09:00,25143,25143.25,25133.5,25139.5,620,25178.59,25129.09,0.00
2025-11-25,05:10:00,25139.25,25140,25129.5,25132.25,483,25178.49,25129.33,0.00
2025-11-25,05:11:00,25132.75,25138,25124.5,25125.25,789,25178.31,25129.33,0.00
2025-11-25,05:12:00,25124,25124.25,25114.25,25118.25,883,25178.06,25128.52,0.00
2025-11-25,05:13:00,25118.5,25135.5,25118.25,25134,782,25177.87,25128.57,0.00
2025-11-25,05:14:00,25134.5,25140.5,25131,25137.25,600,25177.76,25128.93,0.00
2025-11-25,05:15:00,25138,25138.5,25129.25,25135,282,25177.70,25129.04,0.00
2025-11-25,05:16:00,25135,25137.5,25127.25,25130.25,490,25177.59,25129.14,0.00
2025-11-25,05:17:00,25129.5,25131.5,25116.25,25117.25,628,25177.43,25128.81,0.00
2025-11-25,05:18:00,25116.75,25118.75,25109.5,25111.25,972,25177.14,25127.81,0.00
2025-11-25,05:19:00,25112.25,25117.25,25108.75,25113.75,667,25176.94,25113.25,0.00
2025-11-25,05:20:00,25114.25,25114.75,25106.5,25107.75,841,25176.68,25109.67,0.00
2025-11-25,05:21:00,25107.5,25109.75,25103,25105.5,1078,25176.32,25106.08,0.00
2025-11-25,05:22:00,25105.25,25105.5,25099.5,25101.25,685,25176.09,25102.08,0.00
2025-11-25,05:23:00,25101.25,25108.5,25100.75,25107.75,689,25175.87,25103.88,0.00
2025-11-25,05:24:00,25107.25,25111.5,25105.25,25111,551,25175.70,25105.42,0.00
2025-11-25,05:25:00,25111.5,25113.5,25100.5,25102.5,655,25175.49,25105.44,0.00
2025-11-25,05:26:00,25103.25,25104.25,25095.25,25096.25,870,25175.19,25098.58,0.00
2025-11-25,05:27:00,25096.25,25096.75,25093,25093,669,25174.94,25094.25,0.00
2025-11-25,05:28:00,25092.75,25093.75,25089.25,25090.25,875,25174.61,25091.08,0.00
2025-11-25,05:29:00,25090.75,25093.75,25086.75,25088.5,496,25174.42,25089.67,0.00
2025-11-25,05:30:00,25088.25,25089.75,25081.5,25081.75,812,25174.09,25084.33,0.00
2025-11-25,05:31:00,25082,25087.5,25079.75,25082.25,1049,25173.67,25083.17,0.00
2025-11-25,05:32:00,25083.25,25087.25,25081.25,25082,584,25173.43,25083.29,0.00
2025-11-25,05:33:00,25081.75,25087.5,25075,25081.25,842,25173.09,25081.25,0.00
2025-11-25,05:34:00,25081.5,25086,25077.75,25082.25,627,25172.84,25081.57,0.00
2025-11-25,05:35:00,25082.25,25088.75,25080.25,25086.25,832,25172.51,25082.84,0.00
2025-11-25,05:36:00,25085.75,25092,25082.25,25090.5,769,25172.23,25084.20,0.00
2025-11-25,05:37:00,25090.25,25106,25082,25095.5,2301,25171.45,25088.61,0.00
2025-11-25,05:38:00,25095.25,25095.25,25085,25087.25,438,25171.30,25088.65,0.00
2025-11-25,05:39:00,25087.5,25091.75,25084.25,25089,396,25171.15,25088.63,0.00
2025-11-25,05:40:00,25089,25094.5,25085.75,25086,432,25171.00,25088.64,0.00
2025-11-25,05:41:00,25087.25,25090.25,25079.75,25089.75,610,25170.78,25088.47,0.00
2025-11-25,05:42:00,25089.5,25110.75,25084.25,25104.5,1863,25170.21,25090.79,0.00
2025-11-25,05:43:00,25105.25,25116.75,25104.25,25116.5,1522,25169.84,25093.90,0.00
2025-11-25,05:44:00,25116,25117.5,25109,25115.25,564,25169.70,25094.91,0.00
2025-11-25,05:45:00,25115.5,25120.75,25114.5,25119.25,450,25169.61,25095.81,0.00
2025-11-25,05:46:00,25120,25122.5,25119,25120,523,25169.50,25096.87,0.00
2025-11-25,05:47:00,25119.5,25120,25106.75,25109.25,891,25169.28,25097.90,0.00
2025-11-25,05:48:00,25109.25,25110.25,25101.25,25101.75,609,25169.12,25098.19,0.00
2025-11-25,05:49:00,25101,25113,25099.5,25108.25,622,25168.95,25098.57,0.00
2025-11-25,05:50:00,25108.25,25117.25,25108.25,25117.25,408,25168.86,25099.00,0.00
2025-11-25,05:51:00,25116,25123.25,25114,25122.5,578,25168.74,25099.80,0.00
2025-11-25,05:52:00,25122.25,25126.75,25119.25,25125,487,25168.65,25100.53,0.00
2025-11-25,05:53:00,25125,25126.25,25116.75,25117.5,494,25168.55,25101.13,0.00
2025-11-25,05:54:00,25117.75,25118.75,25112.75,25117,431,25168.46,25101.52,0.00
2025-11-25,05:55:00,25116.25,25120,25111,25114.5,515,25168.35,25101.93,0.00
2025-11-25,05:56:00,25115,25118,25111.25,25112.25,347,25168.27,25102.16,0.00
2025-11-25,05:57:00,25112,25117,25111.75,25117,229,25168.22,25102.33,0.00
2025-11-25,05:58:00,25117,25119.75,25109,25110.5,438,25168.12,25102.59,0.00
2025-11-25,05:59:00,25110.75,25117.75,25107,25114,430,25168.02,25102.83,0.00
2025-11-25,06:00:00,25114.25,25115,25107.25,25110.75,358,25167.94,25102.98,0.00
2025-11-25,06:01:00,25110.5,25115.25,25108.25,25109.75,451,25167.83,25103.17,0.00
2025-11-25,06:02:00,25110,25110.5,25103.75,25107.5,528,25167.70,25103.28,0.00
2025-11-25,06:03:00,25106.5,25110.5,25103.5,25104.5,426,25167.59,25103.34,0.00
2025-11-25,06:04:00,25104.25,25108.25,25100.5,25102,339,25167.51,25103.34,0.00
2025-11-25,06:05:00,25101.25,25107.75,25100.75,25106,315,25167.42,25103.36,0.00
2025-11-25,06:06:00,25105.75,25109.75,25099,25103.25,532,25167.29,25103.38,0.00
2025-11-25,06:07:00,25102.75,25105,25098,25099.75,412,25167.18,25103.33,0.00
2025-11-25,06:08:00,25099.5,25101,25096.75,25097.25,415,25167.06,25103.24,0.00
2025-11-25,06:09:00,25097,25106.75,25096.25,25102.25,551,25166.92,25103.21,0.00
2025-11-25,06:10:00,25103,25113.75,25102,25112.5,489,25166.80,25103.33,0.00
2025-11-25,06:11:00,25112.5,25123.5,25110.75,25122.5,762,25166.66,25103.82,0.00
2025-11-25,06:12:00,25123.25,25129.5,25123.25,25126.75,1030,25166.49,25104.75,0.00
2025-11-25,06:13:00,25127,25128.5,25120.5,25125.25,498,25166.41,25105.14,0.00
2025-11-25,06:14:00,25124.75,25127.75,25120.5,25123.5,491,25166.32,25105.49,0.00
2025-11-25,06:15:00,25123.75,25124.25,25117.25,25120.75,315,25166.27,25105.67,0.00
2025-11-25,06:16:00,25121.25,25123.5,25113.25,25118,564,25166.16,25105.93,0.00
2025-11-25,06:17:00,25117.25,25126.5,25115.5,25125.75,441,25166.08,25106.20,0.00
2025-11-25,06:18:00,25126,25126.25,25111,25112.25,587,25165.97,25106.41,0.00
2025-11-25,06:19:00,25112.75,25114.75,25103.75,25105,674,25165.81,25106.44,0.00
2025-11-25,06:20:00,25106,25111.5,25105.25,25107.25,314,25165.74,25106.46,0.00
2025-11-25,06:21:00,25107.25,25115.25,25106.75,25114.25,405,25165.66,25106.54,0.00
2025-11-25,06:22:00,25114.5,25120.5,25113,25116,396,25165.58,25106.67,0.00
2025-11-25,06:23:00,25116.5,25123.25,25115,25122.25,287,25165.53,25106.80,0.00
2025-11-25,06:24:00,25121.75,25123.75,25118.75,25120,298,25165.48,25106.94,0.00
2025-11-25,06:25:00,25120.5,25120.5,25115.25,25116.5,264,25165.43,25107.03,0.00
2025-11-25,06:26:00,25117,25119.25,25112,25112.25,293,25165.37,25107.10,0.00
2025-11-25,06:27:00,25111.75,25114.5,25109.75,25112.5,247,25165.32,25107.14,0.00
2025-11-25,06:28:00,25112,25115,25109.75,25114.25,165,25165.28,25107.17,0.00
2025-11-25,06:29:00,25113.5,25117,25110.75,25116.25,173,25165.25,25107.21,0.00
2025-11-25,06:30:00,25116.75,25118.25,25113.75,25114.25,165,25165.22,25107.25,0.00
2025-11-25,06:31:00,25113.25,25113.75,25099.75,25106.75,657,25165.07,25107.24,0.00
2025-11-25,06:32:00,25107,25109.5,25103,25104,343,25164.99,25107.22,0.00
2025-11-25,06:33:00,25102.75,25113,25088.5,25111.5,1304,25164.68,25107.11,0.00
2025-11-25,06:34:00,25111.25,25112.75,25106.25,25112.25,415,25164.60,25107.15,0.00
2025-11-25,06:35:00,25112.75,25121.75,25110.5,25118.75,776,25164.45,25107.37,0.00
2025-11-25,06:36:00,25119,25120.5,25112.5,25113.25,419,25164.38,25107.46,0.00
2025-11-25,06:37:00,25113,25118.25,25108.25,25117.75,523,25164.28,25107.57,0.00
2025-11-25,06:38:00,25117,25126.25,25116.5,25123,519,25164.19,25107.77,0.00
2025-11-25,06:39:00,25123.5,25124.25,25120.5,25124,289,25164.15,25107.89,0.00
2025-11-25,06:40:00,25123.75,25127.75,25121.25,25125.75,356,25164.09,25108.05,0.00
2025-11-25,06:41:00,25125,25135,25125,25130.25,693,25164.00,25108.45,0.00
2025-11-25,06:42:00,25130.5,25137.75,25129.75,25137,573,25163.94,25108.84,0.00
2025-11-25,06:43:00,25136.25,25139,25132.25,25137.25,396,25163.90,25109.12,0.00
2025-11-25,06:44:00,25138,25138,25130,25131.25,431,25163.85,25109.38,0.00
2025-11-25,06:45:00,25130.75,25131.75,25120.75,25124,607,25163.76,25109.62,0.00
2025-11-25,06:46:00,25124.5,25127.5,25120.75,25122,395,25163.70,25109.76,0.00
2025-11-25,06:47:00,25122,25133.25,25122,25131.5,584,25163.62,25110.03,0.00
2025-11-25,06:48:00,25131.25,25134.75,25127.25,25128.5,310,25163.58,25110.18,0.00
2025-11-25,06:49:00,25129.25,25131.25,25122.5,25124.5,343,25163.54,25110.31,0.00
2025-11-25,06:50:00,25124.5,25129.25,25120.25,25128.75,475,25163.47,25110.49,0.00
2025-11-25,06:51:00,25128.25,25130.25,25126,25127.25,314,25163.43,25110.62,0.00
2025-11-25,06:52:00,25127.75,25129.5,25123.25,25127.25,248,25163.39,25110.71,0.00
2025-11-25,06:53:00,25127.25,25134,25127,25130,308,25163.36,25110.85,0.00
2025-11-25,06:54:00,25128.5,25133.75,25124.25,25133.75,301,25163.32,25110.99,0.00
2025-11-25,06:55:00,25133,25142,25132,25142,522,25163.27,25111.31,0.00
2025-11-25,06:56:00,25142,25147.25,25140.5,25143.25,812,25163.21,25111.90,0.00
2025-11-25,06:57:00,25143.25,25144,25139,25139,556,25163.16,25112.26,0.00
2025-11-25,06:58:00,25139,25143.25,25137,25139.5,541,25163.12,25112.58,0.00
2025-11-25,06:59:00,25139.75,25144.75,25138.25,25142.25,509,25163.08,25112.90,0.00
2025-11-25,07:00:00,25142.5,25142.5,25136.5,25139.75,324,25163.05,25113.09,0.00
2025-11-25,07:01:00,25140.25,25142.75,25135.25,25140.5,716,25162.99,25113.49,0.00
2025-11-25,07:02:00,25140.75,25141,25131.75,25137,416,25162.95,25113.69,0.00
2025-11-25,07:03:00,25137.25,25137.25,25130.5,25131.5,326,25162.91,25113.82,0.00
2025-11-25,07:04:00,25132.25,25132.75,25127.5,25131,271,25162.88,25113.91,0.00
2025-11-25,07:05:00,25130.25,25137.25,25129.5,25137.25,392,25162.84,25114.08,0.00
2025-11-25,07:06:00,25137.5,25138.5,25130.25,25135,289,25162.81,25114.20,0.00
2025-11-25,07:07:00,25135.5,25140.75,25135.5,25138.75,299,25162.78,25114.34,0.00
2025-11-25,07:08:00,25138.5,25142,25137,25141.25,233,25162.76,25114.47,0.00
2025-11-25,07:09:00,25141.25,25151,25139.75,25149.75,990,25162.71,25115.10,0.00
2025-11-25,07:10:00,25149.75,25150.25,25144,25148,500,25162.68,25115.42,0.00
2025-11-25,07:11:00,25147.5,25150.75,25135.5,25136.5,581,25162.63,25115.70,0.00
2025-11-25,07:12:00,25136.5,25146.5,25133.25,25146.5,521,25162.59,25115.97,0.00
2025-11-25,07:13:00,25146.25,25146.25,25138.25,25140,346,25162.57,25116.13,0.00
2025-11-25,07:14:00,25139.75,25144.25,25139.5,25142.5,268,25162.55,25116.26,0.00
2025-11-25,07:15:00,25143.75,25144.5,25140.5,25141.75,305,25162.53,25116.41,0.00
2025-11-25,07:16:00,25142.5,25145.75,25136.75,25140.5,422,25162.49,25116.61,0.00
2025-11-25,07:17:00,25140.5,25140.5,25133.25,25134.75,481,25162.45,25116.78,0.00
2025-11-25,07:18:00,25134.25,25134.75,25125,25125,850,25162.34,25116.96,0.00
2025-11-25,07:19:00,25125.25,25132,25123.5,25130,455,25162.29,25117.05,0.00
2025-11-25,07:20:00,25130,25130,25122.75,25126,359,25162.24,25117.11,0.00
2025-11-25,07:21:00,25125.5,25128.25,25124.25,25125.5,264,25162.21,25117.16,0.00
2025-11-25,07:22:00,25125.25,25127.75,25121.25,25125,377,25162.16,25117.21,0.00
2025-11-25,07:23:00,25125.25,25126.5,25120,25122,685,25162.06,25117.27,0.00
2025-11-25,07:24:00,25122.5,25133,25122.25,25129.5,439,25162.01,25117.36,0.00
2025-11-25,07:25:00,25128.75,25134,25125.5,25129.5,450,25161.96,25117.45,0.00
2025-11-25,07:26:00,25129.75,25132.5,25124.25,25125,283,25161.92,25117.50,0.00
2025-11-25,07:27:00,25126,25127.75,25117.5,25122.5,529,25161.85,25117.55,0.00
2025-11-25,07:28:00,25123,25124.5,25116.75,25122.5,500,25161.78,25117.58,0.00
2025-11-25,07:29:00,25123,25128,25117,25117.75,371,25161.73,25117.60,0.00
2025-11-25,07:30:00,25118,25121.25,25118,25119.25,469,25161.66,25117.61,0.00
2025-11-25,07:31:00,25119.25,25122.75,25114.25,25116.5,540,25161.57,25117.62,0.00
2025-11-25,07:32:00,25116.5,25116.75,25110.5,25115,720,25161.45,25117.57,0.00
2025-11-25,07:33:00,25114.5,25115.25,25106.5,25108.25,757,25161.32,25117.48,0.00
2025-11-25,07:34:00,25108,25110,25103.5,25105,535,25161.21,25117.38,0.00
2025-11-25,07:35:00,25105.75,25107,25102.75,25104.75,310,25161.15,25117.32,0.00
2025-11-25,07:36:00,25104.25,25107.25,25101.5,25107.25,409,25161.07,25117.25,0.00
2025-11-25,07:37:00,25106.5,25119,25105.5,25114.5,696,25160.96,25117.20,0.00
2025-11-25,07:38:00,25114.25,25115.25,25102.5,25103.5,680,25160.83,25117.09,0.00
2025-11-25,07:39:00,25103.25,25110.5,25099,25106.75,568,25160.72,25116.99,0.00
2025-11-25,07:40:00,25106.75,25112.75,25103.5,25112,495,25160.64,25116.93,0.00
2025-11-25,07:41:00,25111.75,25118.25,25111.25,25114.5,602,25160.54,25116.91,0.00
2025-11-25,07:42:00,25114,25115.75,25107.75,25113.5,429,25160.47,25116.88,0.00
2025-11-25,07:43:00,25113,25114.25,25107.25,25112.25,361,25160.41,25116.85,0.00
2025-11-25,07:44:00,25112.25,25115.5,25109,25114.5,272,25160.36,25116.84,0.00
2025-11-25,07:45:00,25113,25116.75,25109,25112.5,261,25160.32,25116.82,0.00
2025-11-25,07:46:00,25112.25,25112.25,25104.25,25109.25,334,25160.26,25116.78,0.00
2025-11-25,07:47:00,25108.5,25111.25,25105.75,25108.25,244,25160.22,25116.75,0.00
2025-11-25,07:48:00,25109,25118.5,25107,25109.25,533,25160.13,25116.71,0.00
2025-11-25,07:49:00,25109.5,25113,25107.5,25107.5,243,25160.09,25116.69,0.00
2025-11-25,07:50:00,25108,25111.5,25105,25105.5,302,25160.04,25116.65,0.00
2025-11-25,07:51:00,25105.75,25112.75,25105.5,25108.5,276,25159.99,25116.62,0.00
2025-11-25,07:52:00,25108.5,25112.5,25100.25,25101.75,496,25159.89,25116.53,0.00
2025-11-25,07:53:00,25101.5,25104.25,25097.5,25103.5,435,25159.81,25116.44,0.00
2025-11-25,07:54:00,25103.5,25114.25,25101.25,25112.75,569,25159.71,25116.38,0.00
2025-11-25,07:55:00,25113.25,25120,25111.75,25118.5,571,25159.63,25116.39,0.00
2025-11-25,07:56:00,25119.25,25120.5,25111.25,25115.25,508,25159.55,25116.38,0.00
2025-11-25,07:57:00,25116.25,25127.75,25116.25,25120.5,942,25159.43,25116.45,0.00
2025-11-25,07:58:00,25120.75,25127.5,25120,25120,364,25159.39,25116.48,0.00
2025-11-25,07:59:00,25121,25126.5,25119,25122.25,366,25159.34,25116.51,0.00
2025-11-25,08:00:00,25123,25128.5,25123,25128.25,385,25159.30,25116.56,0.00
2025-11-25,08:01:00,25127.75,25132.5,25120,25124.5,1084,25159.18,25116.69,0.00
2025-11-25,08:02:00,25125.25,25144.25,25119.5,25142.75,1577,25159.06,25117.08,0.00
2025-11-25,08:03:00,25142.25,25152,25141.75,25150.75,1090,25159.02,25117.51,0.00
2025-11-25,08:04:00,25151.25,25166.75,25151.25,25162.75,1953,25159.02,25118.56,0.00
2025-11-25,08:05:00,25162.5,25169.25,25157.25,25162.5,917,25159.04,25119.06,0.00
2025-11-25,08:06:00,25162.25,25170.25,25160.75,25163,1005,25159.05,25119.62,0.00
2025-11-25,08:07:00,25163.25,25166,25156.25,25164,960,25159.06,25120.11,0.00
2025-11-25,08:08:00,25164,25168,25159.75,25164.5,705,25159.08,25120.48,0.00
2025-11-25,08:09:00,25165.75,25166,25160.5,25164.25,378,25159.08,25120.68,0.00
2025-11-25,08:10:00,25164,25172.75,25163,25171.25,751,25159.11,25121.10,0.00
2025-11-25,08:11:00,25171,25175.25,25166.75,25169.25,943,25159.14,25121.65,0.00
2025-11-25,08:12:00,25169.5,25180.75,25163,25179.75,973,25159.19,25122.24,0.00
2025-11-25,08:13:00,25180,25187.25,25175.5,25184,1317,25159.28,25123.14,0.00
2025-11-25,08:14:00,25184,25188,25178.75,25182.5,1048,25159.36,25123.85,0.00
2025-11-25,08:15:00,25182.5,25183.5,25174.25,25179.75,865,25159.42,25124.38,0.00
2025-11-25,08:16:00,25179.5,25182.5,25172.25,25178.75,710,25159.46,25124.80,0.00
2025-11-25,08:17:00,25179,25185.5,25174.75,25182.5,749,25159.51,25125.26,0.00
2025-11-25,08:18:00,25182.25,25184,25172.25,25172.5,822,25159.55,25125.71,0.00
2025-11-25,08:19:00,25172.75,25177.75,25169.5,25170.5,566,25159.58,25126.00,0.00
2025-11-25,08:20:00,25170,25170.5,25160,25161.25,954,25159.59,25126.39,0.00
2025-11-25,08:21:00,25162,25169.75,25158.5,25169,845,25159.61,25126.74,0.00
2025-11-25,08:22:00,25169,25171.5,25161.25,25162.75,607,25159.62,25126.98,0.00
2025-11-25,08:23:00,25162.75,25166.75,25161.25,25162.5,346,25159.62,25127.12,0.00
2025-11-25,08:24:00,25163,25172.25,25162.5,25172,472,25159.64,25127.32,0.00
2025-11-25,08:25:00,25172,25176.25,25168.75,25172.5,544,25159.66,25127.58,0.00
2025-11-25,08:26:00,25172.5,25173.75,25167,25169.75,486,25159.67,25127.79,0.00
2025-11-25,08:27:00,25169.25,25178.75,25168.25,25177.5,449,25159.69,25128.01,0.00
2025-11-25,08:28:00,25177.5,25180,25173.25,25177,596,25159.73,25128.30,0.00
2025-11-25,08:29:00,25177,25184.5,25175.5,25183.25,735,25159.77,25128.70,0.00
2025-11-25,08:30:00,25183.25,25187.25,25180.75,25185,568,25159.82,25129.01,0.00
2025-11-25,08:31:00,25184.25,25184.25,25170.75,25173.25,980,25159.87,25129.47,0.00
2025-11-25,08:32:00,25172.5,25179,25165.5,25166.5,743,25159.89,25129.78,0.00
2025-11-25,08:33:00,25166.5,25168.25,25157.25,25161,894,25159.90,25130.06,0.00
2025-11-25,08:34:00,25160.75,25165,25157.25,25159.5,545,25159.90,25130.22,0.00
2025-11-25,08:35:00,25159,25159,25144.75,25146.25,1256,25159.86,25130.46,0.00
2025-11-25,08:36:00,25145.75,25150,25142.75,25149.75,834,25159.83,25130.60,0.00
2025-11-25,08:37:00,25148.75,25150.5,25143.5,25146.75,509,25159.81,25130.68,0.00
2025-11-25,08:38:00,25146.75,25146.75,25137,25137.25,884,25159.76,25130.76,0.00
2025-11-25,08:39:00,25137.5,25145.75,25133.75,25145.25,956,25159.70,25130.85,0.00
2025-11-25,08:40:00,25144.75,25151.5,25144.75,25149.5,930,25159.67,25131.01,0.00
2025-11-25,08:41:00,25149.25,25151,25140.5,25141,672,25159.64,25131.09,0.00
2025-11-25,08:42:00,25141.25,25141.75,25135.5,25138.25,731,25159.60,25131.14,0.00
2025-11-25,08:43:00,25137.75,25178.25,25137.25,25174.5,3213,25159.63,25132.06,0.00
2025-11-25,08:44:00,25175,25220.5,25170.25,25215.25,5560,25160.32,25135.35,0.00
2025-11-25,08:45:00,25215.25,25228.75,25184.75,25189.5,4802,25160.88,25137.92,0.00
2025-11-25,08:46:00,25188.25,25202.75,25173.5,25194.25,2901,25161.12,25139.13,0.00
2025-11-25,08:47:00,25194.75,25196.75,25175.5,25179,1920,25161.25,25139.80,0.00
2025-11-25,08:48:00,25178.75,25187.5,25164,25173,1669,25161.31,25140.25,0.00
2025-11-25,08:49:00,25172.5,25177,25156.5,25158.25,1758,25161.32,25140.57,0.00
2025-11-25,08:50:00,25157.75,25163.5,25150.5,25155.25,1681,25161.30,25140.77,0.00
2025-11-25,08:51:00,25154,25159.75,25148.75,25158.25,1262,25161.28,25140.91,0.00
2025-11-25,08:52:00,25158.5,25167.5,25154.5,25160,1140,25161.28,25141.08,0.00
2025-11-25,08:53:00,25161,25166,25154.5,25164.5,855,25161.28,25141.20,0.00
2025-11-25,08:54:00,25163.5,25167.25,25154.75,25158.5,800,25161.28,25141.32,0.00
2025-11-25,08:55:00,25159.75,25164.25,25157.5,25160.5,605,25161.28,25141.40,0.00
2025-11-25,08:56:00,25159.75,25169.25,25151.25,25168.25,1086,25161.28,25141.57,0.00
2025-11-25,08:57:00,25168.5,25169,25156.5,25158.25,714,25161.28,25141.67,0.00
2025-11-25,08:58:00,25158.75,25168.25,25158.75,25161.75,526,25161.28,25141.75,0.00
2025-11-25,08:59:00,25161.25,25170,25158.75,25166.25,552,25161.29,25141.84,0.00
2025-11-25,09:00:00,25165.5,25169.75,25161.25,25164,581,25161.30,25141.94,0.00
2025-11-25,09:01:00,25163.75,25171.75,25159,25169.5,1041,25161.31,25142.12,0.00
2025-11-25,09:02:00,25169.25,25171.25,25159,25165.25,1015,25161.32,25142.28,0.00
2025-11-25,09:03:00,25166.25,25180.75,25164,25179,1336,25161.37,25142.58,0.00
2025-11-25,09:04:00,25178.5,25190,25171.5,25186.25,1584,25161.46,25143.02,0.00
2025-11-25,09:05:00,25187,25189.75,25169.75,25172,1336,25161.52,25143.33,0.00
2025-11-25,09:06:00,25172.5,25172.5,25164.25,25168.25,780,25161.53,25143.46,0.00
2025-11-25,09:07:00,25167.5,25178,25167.25,25171,1170,25161.56,25143.68,0.00
2025-11-25,09:08:00,25170.75,25175,25164.75,25167.75,756,25161.58,25143.81,0.00
2025-11-25,09:09:00,25167.5,25175.5,25160.25,25164.5,911,25161.59,25143.95,0.00
2025-11-25,09:10:00,25164.25,25169.75,25160.75,25166.5,786,25161.60,25144.06,0.00
2025-11-25,09:11:00,25166.5,25174.25,25160.5,25164.5,1431,25161.62,25144.27,0.00
2025-11-25,09:12:00,25164,25167,25155.5,25159.5,1069,25161.62,25144.39,0.00
2025-11-25,09:13:00,25159.25,25166.5,25157,25161.75,564,25161.62,25144.45,0.00
2025-11-25,09:14:00,25162,25174,25159.75,25169.75,812,25161.63,25144.57,0.00
2025-11-25,09:15:00,25168.75,25173,25162.5,25164,611,25161.64,25144.66,0.00
2025-11-25,09:16:00,25164.25,25169.25,25159.5,25167.75,808,25161.65,25144.77,0.00
2025-11-25,09:17:00,25168.5,25171.25,25164.25,25168.25,629,25161.66,25144.86,0.00
2025-11-25,09:18:00,25168.25,25177.5,25167.5,25174.5,890,25161.68,25145.02,0.00
2025-11-25,09:19:00,25174.25,25186,25174,25184.5,1133,25161.74,25145.28,0.00
2025-11-25,09:20:00,25184.25,25191.75,25181.25,25181.75,1224,25161.81,25145.58,0.00
2025-11-25,09:21:00,25181.5,25186.75,25174.5,25177,842,25161.85,25145.75,0.00
2025-11-25,09:22:00,25177.25,25186,25175.5,25184.5,485,25161.88,25145.86,0.00
2025-11-25,09:23:00,25184.5,25189,25180.25,25188.5,524,25161.91,25145.99,0.00
2025-11-25,09:24:00,25188.75,25199.75,25183.5,25196,1513,25162.03,25146.43,0.00
2025-11-25,09:25:00,25196.25,25203.5,25191.25,25195.75,1353,25162.15,25146.84,0.00
2025-11-25,09:26:00,25196.25,25196.75,25183.25,25188.5,992,25162.22,25147.09,0.00
2025-11-25,09:27:00,25189,25192.25,25182.75,25185.5,604,25162.26,25147.24,0.00
2025-11-25,09:28:00,25185.75,25194.75,25184.25,25192.25,581,25162.30,25147.39,0.00
2025-11-25,09:29:00,25192.25,25193.75,25188,25188.5,387,25162.33,25147.48,0.00
2025-11-25,09:30:00,25189,25195.75,25184.5,25193.25,749,25162.38,25147.68,0.00
2025-11-25,09:31:00,25191.5,25211.25,25168.25,25199.75,2471,25162.58,25148.33,0.00
2025-11-25,09:32:00,25200,25200,25184.75,25189.5,1499,25162.68,25148.71,0.00
2025-11-25,09:33:00,25190,25197.25,25171.75,25173.75,1785,25162.77,25149.04,0.00
2025-11-25,09:34:00,25174.25,25182.25,25169,25171.25,1258,25162.80,25149.22,0.00
2025-11-25,09:35:00,25171.25,25173.75,25155.5,25158.75,2166,25162.80,25149.38,0.00
2025-11-25,09:36:00,25158.5,25161.75,25149.75,25160.5,2525,25162.77,25149.49,0.00
2025-11-25,09:37:00,25160,25160,25148.25,25149.5,1333,25162.73,25149.51,0.00
2025-11-25,09:38:00,25148.75,25156.75,25139.25,25152.75,1928,25162.67,25149.52,0.00
2025-11-25,09:39:00,25152.25,25155.5,25140.5,25149,1408,25162.62,25149.51,0.00
2025-11-25,09:40:00,25148,25157.25,25146.5,25152.75,984,25162.60,25149.52,0.00
2025-11-25,09:41:00,25152.5,25154.25,25143.5,25145.75,1135,25162.56,25149.51,0.00
2025-11-25,09:42:00,25145.25,25146.75,25138.75,25139.25,1248,25162.49,25149.46,0.00
2025-11-25,09:43:00,25139,25146.75,25136.75,25143.5,1313,25162.43,25149.41,0.00
2025-11-25,09:44:00,25143.25,25143.75,25135.5,25136,1004,25162.37,25149.35,0.00
2025-11-25,09:45:00,25136,25136.5,25127,25129.5,2130,25162.21,25149.15,0.00
2025-11-25,09:46:00,25129.75,25145.75,25126.75,25142.25,1989,25162.10,25149.04,0.00
2025-11-25,09:47:00,25142.25,25142.75,25134.5,25138.25,1243,25162.03,25148.97,0.00
2025-11-25,09:48:00,25138.5,25145.25,25138,25142.5,986,25161.98,25148.93,0.00
2025-11-25,09:49:00,25142,25149.25,25139.25,25144.5,1149,25161.93,25148.91,0.00
2025-11-25,09:50:00,25145.25,25161.25,25141.75,25157.75,2828,25161.88,25148.97,0.00
2025-11-25,09:51:00,25158,25170,25154.75,25158.5,2635,25161.87,25149.13,0.00
2025-11-25,09:52:00,25159.75,25160.25,25149.25,25152.25,1513,25161.84,25149.17,0.00
2025-11-25,09:53:00,25152.25,25153.25,25136.75,25137.25,1604,25161.77,25149.11,0.00
2025-11-25,09:54:00,25137.25,25147,25135.25,25142.75,1682,25161.69,25149.05,0.00
2025-11-25,09:55:00,25143.25,25147.5,25140.75,25144.5,1008,25161.65,25149.03,0.00
2025-11-25,09:56:00,25144.25,25144.5,25137,25140.25,1119,25161.60,25148.99,0.00
2025-11-25,09:57:00,25141.25,25144,25131,25134.75,1344,25161.52,25148.91,0.00
2025-11-25,09:58:00,25135,25140.75,25130.25,25136.75,1585,25161.43,25148.81,0.00
2025-11-25,09:59:00,25136.25,25137.5,25130,25133.25,1228,25161.35,25148.72,0.00
2025-11-25,10:00:00,25133.75,25139,25131.25,25137.25,1006,25161.29,25148.66,0.00
2025-11-25,10:01:00,25137.25,25146,25135.25,25138,1704,25161.21,25148.59,0.00
2025-11-25,10:02:00,25137.5,25140.25,25131.25,25135.75,1260,25161.14,25148.52,0.00
2025-11-25,10:03:00,25135,25136.75,25121.75,25129.25,1739,25161.01,25148.37,0.00
2025-11-25,10:04:00,25129.5,25130,25116.25,25117.5,1815,25160.85,25148.15,0.00
2025-11-25,10:05:00,25117.75,25120.25,25111.25,25114.75,1776,25160.67,25147.89,0.00
2025-11-25,10:06:00,25114.5,25121.5,25112,25121,1438,25160.54,25147.70,0.00
2025-11-25,10:07:00,25121,25123.5,25106,25106.5,1988,25160.32,25147.39,0.00
2025-11-25,10:08:00,25106.25,25112.25,25105.25,25108.75,1221,25160.18,25147.18,0.00
2025-11-25,10:09:00,25108.75,25110.25,25100.5,25103.5,1719,25159.98,25146.86,0.00
2025-11-25,10:10:00,25104.25,25106.75,25101,25103.75,1066,25159.84,25146.66,0.00
2025-11-25,10:11:00,25104.25,25115,25104,25112.75,1552,25159.68,25146.42,0.00
2025-11-25,10:12:00,25112.75,25115,25110.25,25110.75,841,25159.59,25146.30,0.00
2025-11-25,10:13:00,25110.75,25116.75,25105.5,25114.75,1415,25159.44,25146.10,0.00
2025-11-25,10:14:00,25114.75,25122.75,25114,25121,1508,25159.31,25145.93,0.00
2025-11-25,10:15:00,25121.75,25127.5,25119,25119.25,1983,25159.15,25145.73,0.00
2025-11-25,10:16:00,25118.75,25121.25,25111.5,25116,1414,25159.02,25145.55,0.00
2025-11-25,10:17:00,25116,25117,25107.75,25109.25,938,25158.93,25145.42,0.00
2025-11-25,10:18:00,25109.25,25109.75,25104.5,25109,986,25158.82,25145.27,0.00
2025-11-25,10:19:00,25109.5,25115.25,25107,25110.5,1041,25158.71,25145.12,0.00
2025-11-25,10:20:00,25109.5,25114.25,25106.5,25112,818,25158.63,25145.01,0.00
2025-11-25,10:21:00,25111.5,25117,25107.5,25114.5,945,25158.54,25144.88,0.00
2025-11-25,10:22:00,25114.5,25115.25,25105,25107,935,25158.44,25144.75,0.00
2025-11-25,10:23:00,25106.75,25110,25102.75,25106.5,1380,25158.29,25144.53,0.00
2025-11-25,10:24:00,25106.75,25121,25106,25118,1266,25158.17,25144.38,0.00
2025-11-25,10:25:00,25118,25120.25,25113.25,25114.5,975,25158.08,25144.27,0.00
2025-11-25,10:26:00,25114.75,25117.25,25105.25,25108.75,1538,25157.93,25144.06,0.00
2025-11-25,10:27:00,25108.25,25112,25104,25110.75,966,25157.83,25143.93,0.00
2025-11-25,10:28:00,25110.75,25115,25095.75,25102.25,2612,25157.54,25143.52,0.00
2025-11-25,10:29:00,25102.25,25113,25094.75,25111.5,2219,25157.30,25143.20,0.00
2025-11-25,10:30:00,25111.5,25114,25107.75,25110,1859,25157.12,25142.97,0.00
2025-11-25,10:31:00,25110,25135.25,25070.75,25082.25,14872,25155.30,25096.08,0.00
2025-11-25,10:32:00,25082.75,25110.25,25079.25,25089.25,8703,25154.23,25094.91,0.00
2025-11-25,10:33:00,25089.25,25109.25,25086,25097.25,6044,25153.56,25095.44,0.00
2025-11-25,10:34:00,25097.75,25104.75,25081.25,25095.5,5261,25152.96,25095.20,0.00
2025-11-25,10:35:00,25095.75,25119.75,25091.5,25106.75,6629,25152.36,25096.92,0.00
2025-11-25,10:36:00,25106.75,25122,25093.75,25120.5,6744,25151.85,25099.04,0.00
2025-11-25,10:37:00,25121,25132,25103,25117,8004,25151.34,25101.65,0.00
2025-11-25,10:38:00,25116.75,25123.25,25089,25096.5,6984,25150.72,25101.79,0.00
2025-11-25,10:39:00,25095.75,25112.25,25092,25101.25,5218,25150.26,25101.79,0.00
2025-11-25,10:40:00,25100.5,25111.75,25088.75,25090.25,5066,25149.77,25101.45,0.00
2025-11-25,10:41:00,25090,25090.75,25045.75,25048.5,16752,25147.20,25061.67,0.00
2025-11-25,10:42:00,25048.75,25061.75,25039,25049.25,9590,25145.60,25050.00,0.00
2025-11-25,10:43:00,25049.5,25058.25,25025,25026.75,9765,25143.81,25036.67,0.00
2025-11-25,10:44:00,25026.25,25026.5,24974.75,24977.25,16583,25139.70,24992.83,0.00
2025-11-25,10:45:00,24977,25005.5,24972.75,24982.25,10022,25137.23,24986.83,0.00
2025-11-25,10:46:00,24982.5,24982.5,24935.5,24941.75,15725,25132.68,24953.25,0.00
2025-11-25,10:47:00,24941.75,24943,24924.75,24938.75,11651,25129.13,24935.50,0.00
2025-11-25,10:48:00,24939.25,24959,24930.75,24932.25,11457,25125.85,24938.06,0.00
2025-11-25,10:49:00,24932.75,24937.5,24891.25,24902,14645,25121.16,24910.25,0.00
2025-11-25,10:50:00,24901.75,24917.75,24878.25,24884.75,14041,25116.51,24893.58,0.00
2025-11-25,10:51:00,24884.5,24909.75,24855.25,24905.75,17580,25110.86,24890.25,0.00
2025-11-25,10:52:00,24905,24951.5,24901.5,24944.5,14695,25107.22,24909.49,0.00
2025-11-25,10:53:00,24944.5,24982.75,24940.25,24972.5,13742,25104.56,24926.11,0.00
2025-11-25,10:54:00,24972.25,24974.25,24950.25,24972.5,8074,25103.04,24932.02,0.00
2025-11-25,10:55:00,24973,25004.5,24972.5,24999.75,11653,25101.33,24942.69,0.00
2025-11-25,10:56:00,24999.75,25029.75,24999.75,25018.5,12845,25099.90,24954.68,0.00
2025-11-25,10:57:00,25018.25,25025.25,24988.25,25010,10799,25098.62,24961.10,0.00
2025-11-25,10:58:00,25010.5,25047.75,25010.5,25035,10946,25097.68,24968.73,0.00
2025-11-25,10:59:00,25035,25057,25033.25,25051.25,7510,25097.20,24974.19,0.00
2025-11-25,11:00:00,25051.5,25079,25050.75,25068.75,9588,25096.83,24981.70,0.00
2025-11-25,11:01:00,25070.75,25074.75,25032,25045,10658,25096.23,24987.44,0.00
2025-11-25,11:02:00,25044.25,25046.25,25009,25032.75,10897,25095.34,24990.72,0.00
2025-11-25,11:03:00,25032.75,25037.5,24952.5,24959,15452,25093.28,24989.95,0.00
2025-11-25,11:04:00,24958.75,24967.25,24925.5,24933.5,12096,25091.14,24986.47,0.00
2025-11-25,11:05:00,24933,24947.25,24907.25,24941.25,11659,25088.99,24982.90,0.00
2025-11-25,11:06:00,24941.25,24997.75,24916.75,24984.25,15698,25086.81,24981.55,0.00
2025-11-25,11:07:00,24984.5,24994,24957.5,24990.25,10341,25085.57,24981.50,0.00
2025-11-25,11:08:00,24991,25019.25,24986,25007,11037,25084.58,24982.66,0.00
2025-11-25,11:09:00,25006.25,25046.5,25006.25,25026,9369,25083.98,24984.48,0.00
2025-11-25,11:10:00,25026,25030.75,25005.75,25024.5,6377,25083.54,24985.47,0.00
2025-11-25,11:11:00,25024.75,25047,25013,25018.25,10440,25082.89,24987.23,0.00
2025-11-25,11:12:00,25019.25,25029,24961.25,24980.75,13710,25081.54,24987.39,0.00
2025-11-25,11:13:00,24980.5,25009.75,24971,25007.5,7987,25080.83,24987.66,0.00
2025-11-25,11:14:00,25008.25,25033,24995.5,25006,8143,25080.24,24988.37,0.00
2025-11-25,11:15:00,25005.75,25018.25,24976.75,24996.75,7493,25079.59,24988.61,0.00
2025-11-25,11:16:00,24997,25003,24974,24983.5,7103,25078.92,24988.57,0.00
2025-11-25,11:17:00,24983.25,25022.5,24973.5,25002.5,9858,25078.12,24988.93,0.00
2025-11-25,11:18:00,25002.5,25029,24986.75,24990.25,7624,25077.53,24989.26,0.00
2025-11-25,11:19:00,24989.75,25021.25,24985.75,25020,5369,25077.16,24989.60,0.00
2025-11-25,11:20:00,25019.5,25034.75,25005.75,25019.5,6992,25076.77,24990.28,0.00
2025-11-25,11:21:00,25018.75,25035.5,24992.25,25002.25,8803,25076.18,24990.81,0.00
2025-11-25,11:22:00,25001.75,25013.25,24990,25000.5,5845,25075.75,24991.00,0.00
2025-11-25,11:23:00,25001.25,25026.25,24972.75,24974,8558,25075.05,24991.00,0.00
2025-11-25,11:24:00,24974.25,24997.75,24954.25,24976,11085,25073.99,24990.52,0.00
2025-11-25,11:25:00,24976,24978.25,24960.25,24966.75,6299,25073.35,24990.13,0.00
2025-11-25,11:26:00,24967,25003.25,24963.5,24983.25,8374,25072.63,24989.97,0.00
2025-11-25,11:27:00,24983,25012,24968,24992,7952,25072.02,24989.99,0.00
2025-11-25,11:28:00,24992,24997.75,24966.5,24986.25,6277,25071.50,24989.88,0.00
2025-11-25,11:29:00,24985.5,25014,24970.75,25010.75,5502,25071.12,24990.00,0.00
2025-11-25,11:30:00,25010.5,25039,25010.25,25034.75,7361,25070.83,24990.72,0.00
2025-11-25,11:31:00,25034.25,25077,25029.75,25072.75,11785,25070.71,24992.74,0.00
2025-11-25,11:32:00,25073,25075.5,25057.25,25069.75,7690,25070.69,24994.13,0.00
2025-11-25,11:33:00,25070,25082,25058.75,25059,7444,25070.66,24995.42,0.00
2025-11-25,11:34:00,25059.25,25072,25046.5,25066.25,6732,25070.61,24996.47,0.00
2025-11-25,11:35:00,25066.5,25072.75,25059.5,25061.75,4285,25070.58,24997.15,0.00
2025-11-25,11:36:00,25062,25063.5,25020,25025,9938,25070.28,24998.03,0.00
2025-11-25,11:37:00,25024.5,25054.25,25015.75,25044.5,7449,25070.07,24998.70,0.00
2025-11-25,11:38:00,25043.75,25060.5,25040,25056.25,5344,25069.98,24999.33,0.00
2025-11-25,11:39:00,25056.25,25062.75,25038,25047.75,5473,25069.89,24999.93,0.00
2025-11-25,11:40:00,25047.75,25062,25041,25049.25,4470,25069.81,25000.42,0.00
2025-11-25,11:41:00,25049,25058.25,25033.25,25058.25,5095,25069.72,25000.96,0.00
2025-11-25,11:42:00,25057.75,25067.75,25043.25,25050.75,4415,25069.66,25001.46,0.00
2025-11-25,11:43:00,25050.25,25065,25041.75,25045.5,4405,25069.59,25001.91,0.00
2025-11-25,11:44:00,25044.5,25065.5,25036,25064,4437,25069.54,25002.41,0.00
2025-11-25,11:45:00,25063.5,25099.25,25060.75,25098.5,10427,25069.69,25004.18,0.00
2025-11-25,11:46:00,25098.25,25122.75,25095.5,25121.25,9586,25070.04,25006.27,0.00
2025-11-25,11:47:00,25121.5,25126.75,25108,25124.25,7281,25070.34,25007.90,0.00
2025-11-25,11:48:00,25124.5,25125.25,25102.75,25113.75,5710,25070.55,25009.07,0.00
2025-11-25,11:49:00,25113.75,25118.5,25090,25095,5469,25070.68,25010.04,0.00
2025-11-25,11:50:00,25094.75,25095.75,25046.25,25062.25,11273,25070.66,25011.28,0.00
2025-11-25,11:51:00,25061.5,25064,25034,25041.5,8045,25070.50,25011.80,0.00
2025-11-25,11:52:00,25041.5,25042.25,25014.5,25032.75,8596,25070.22,25012.09,0.00
2025-11-25,11:53:00,25033,25059,25019.5,25053.25,6987,25070.07,25012.49,0.00
2025-11-25,11:54:00,25052.25,25058.5,25039.5,25044,4353,25069.99,25012.76,0.00
2025-11-25,11:55:00,25044.75,25058,25026.5,25047.25,4966,25069.89,25013.03,0.00
2025-11-25,11:56:00,25047.25,25050.25,25034.25,25044.5,3279,25069.82,25013.21,0.00
2025-11-25,11:57:00,25044,25049,25025.5,25039.5,4092,25069.71,25013.38,0.00
2025-11-25,11:58:00,25039,25074.5,25037,25070.5,5916,25069.67,25013.87,0.00
2025-11-25,11:59:00,25071.5,25093.25,25062.5,25090.75,6237,25069.73,25014.60,0.00
2025-11-25,12:00:00,25090.75,25092.5,25062.25,25071.25,4880,25069.75,25015.10,0.00
2025-11-25,12:01:00,25071.25,25073.5,25051.5,25066.25,4890,25069.73,25015.51,0.00
2025-11-25,12:02:00,25066.5,25069.75,25046,25057,4230,25069.69,25015.80,0.00
2025-11-25,12:03:00,25057.25,25063.25,25038.25,25049.5,4935,25069.62,25016.09,0.00
2025-11-25,12:04:00,25049.25,25056.5,25031.25,25048.5,5361,25069.52,25016.35,0.00
2025-11-25,12:05:00,25049,25075.5,25047,25065,5437,25069.49,25016.76,0.00
2025-11-25,12:06:00,25065.25,25072.25,25035.75,25036.75,5432,25069.40,25017.03,0.00
2025-11-25,12:07:00,25036.25,25057.5,25029,25056.75,5567,25069.31,25017.31,0.00
2025-11-25,12:08:00,25056.25,25074.5,25055,25067.75,4551,25069.29,25017.66,0.00
2025-11-25,12:09:00,25067.75,25073.5,25051.5,25055.75,3106,25069.27,25017.87,0.00
2025-11-25,12:10:00,25056.25,25061.75,25030,25036,5078,25069.17,25018.06,0.00
2025-11-25,12:11:00,25035.75,25050.25,25027,25039.5,4937,25069.06,25018.22,0.00
2025-11-25,12:12:00,25039.25,25047,25028,25041.25,3703,25068.97,25018.34,0.00
2025-11-25,12:13:00,25041,25061.5,25041,25052.75,3943,25068.92,25018.55,0.00
2025-11-25,12:14:00,25052.75,25062.5,25044.5,25057.25,2745,25068.89,25018.70,0.00
2025-11-25,12:15:00,25057.75,25057.75,25035.5,25036.25,3329,25068.83,25018.82,0.00
2025-11-25,12:16:00,25036.5,25042.75,25027.25,25039.25,4231,25068.73,25018.94,0.00
2025-11-25,12:17:00,25039,25059.75,25031,25055.5,3825,25068.67,25019.11,0.00
2025-11-25,12:18:00,25055.75,25064.75,25051.25,25060,3012,25068.65,25019.29,0.00
2025-11-25,12:19:00,25059.75,25076.25,25051.75,25076.25,3835,25068.65,25019.57,0.00
2025-11-25,12:20:00,25076,25094.75,25075.25,25083.5,5515,25068.71,25020.10,0.00
2025-11-25,12:21:00,25083.25,25106.75,25081,25106.75,4319,25068.81,25020.59,0.00
2025-11-25,12:22:00,25106.5,25125.75,25104.75,25114.25,5827,25069.00,25021.39,0.00
2025-11-25,12:23:00,25114.25,25136.25,25113.75,25118.25,5172,25069.20,25022.15,0.00
2025-11-25,12:24:00,25117.75,25128.5,25103.75,25121.5,4357,25069.36,25022.75,0.00
2025-11-25,12:25:00,25121.25,25124,25099.25,25104,5129,25069.50,25023.38,0.00
2025-11-25,12:26:00,25105,25114.75,25088.5,25089.75,4519,25069.59,25023.86,0.00
2025-11-25,12:27:00,25090,25101.25,25079.75,25098,4174,25069.66,25024.27,0.00
2025-11-25,12:28:00,25098.25,25114.5,25097.25,25107,3603,25069.76,25024.68,0.00
2025-11-25,12:29:00,25107.5,25110,25090,25097.75,3158,25069.83,25025.01,0.00
2025-11-25,12:30:00,25097.75,25114,25094.25,25107.5,2492,25069.89,25025.29,0.00
2025-11-25,12:31:00,25107.5,25121,25102.75,25109.5,4931,25070.03,25025.87,0.00
2025-11-25,12:32:00,25108,25114.5,25101.75,25104,2396,25070.09,25026.14,0.00
2025-11-25,12:33:00,25104,25119.5,25099.25,25119.25,2631,25070.17,25026.45,0.00
2025-11-25,12:34:00,25119.75,25126.25,25108.25,25109.25,3807,25070.29,25026.91,0.00
2025-11-25,12:35:00,25108.5,25117.75,25105.5,25114.25,2096,25070.36,25027.16,0.00
2025-11-25,12:36:00,25114.25,25122.75,25109.5,25113.5,3024,25070.45,25027.52,0.00
2025-11-25,12:37:00,25113,25115,25100.5,25103,2975,25070.52,25027.83,0.00
2025-11-25,12:38:00,25104.25,25119.25,25097.25,25118,3138,25070.61,25028.19,0.00
2025-11-25,12:39:00,25118.5,25122.25,25109,25115.25,2294,25070.69,25028.46,0.00
2025-11-25,12:40:00,25114.5,25125.25,25114.5,25124.5,2447,25070.77,25028.76,0.00
2025-11-25,12:41:00,25124.75,25134.5,25123.5,25130.5,3591,25070.92,25029.24,0.00
2025-11-25,12:42:00,25131,25136,25121.25,25132.25,2557,25071.02,25029.58,0.00
2025-11-25,12:43:00,25132.75,25139.25,25128.75,25138.25,3196,25071.17,25030.03,0.00
2025-11-25,12:44:00,25138.25,25142,25133,25136.25,2570,25071.28,25030.39,0.00
2025-11-25,12:45:00,25136,25138,25122,25124.5,3609,25071.43,25030.85,0.00
2025-11-25,12:46:00,25125,25127,25091.75,25102.75,5973,25071.57,25031.45,0.00
2025-11-25,12:47:00,25102.75,25116.25,25102.25,25109.25,3633,25071.67,25031.81,0.00
2025-11-25,12:48:00,25109.25,25117.25,25095.75,25104.5,3058,25071.74,25032.10,0.00
2025-11-25,12:49:00,25104.75,25109.25,25099,25102,1693,25071.77,25032.26,0.00
2025-11-25,12:50:00,25101.75,25107.75,25094.5,25103.5,2253,25071.82,25032.46,0.00
2025-11-25,12:51:00,25103.75,25132.75,25103.5,25130.5,4721,25071.98,25033.00,0.00
2025-11-25,12:52:00,25130,25135.25,25123.75,25135.25,2297,25072.07,25033.29,0.00
2025-11-25,12:53:00,25135.25,25148.25,25133.25,25146.5,5128,25072.32,25034.00,0.00
2025-11-25,12:54:00,25146,25158.75,25145.5,25154.25,3971,25072.53,25034.59,0.00
2025-11-25,12:55:00,25153.75,25156.25,25148.5,25150.75,1747,25072.63,25034.84,0.00
2025-11-25,12:56:00,25150.75,25160,25143,25156.75,3025,25072.79,25035.29,0.00
2025-11-25,12:57:00,25156.5,25165.75,25153,25164.5,3218,25072.98,25035.79,0.00
2025-11-25,12:58:00,25164.5,25166.25,25157,25160.5,2292,25073.12,25036.15,0.00
2025-11-25,12:59:00,25160.5,25166.75,25153.75,25162.25,2287,25073.25,25036.50,0.00
2025-11-25,13:00:00,25162.5,25164.5,25150.75,25152.75,2176,25073.37,25036.82,0.00
2025-11-25,13:01:00,25152.75,25177.25,25150.25,25161.75,8671,25073.89,25038.16,0.00
2025-11-25,13:02:00,25162.75,25164.25,25151.5,25153.25,2244,25074.01,25038.48,0.00
2025-11-25,13:03:00,25153.25,25164.5,25147,25161.75,2746,25074.16,25038.88,0.00
2025-11-25,13:04:00,25162,25171.25,25160.75,25168,2057,25074.29,25039.20,0.00
2025-11-25,13:05:00,25168,25180.75,25166.5,25178.25,3460,25074.52,25039.76,0.00
2025-11-25,13:06:00,25178.5,25194.75,25178,25191.25,4252,25074.84,25040.52,0.00
2025-11-25,13:07:00,25191.5,25193,25186.5,25188.25,2475,25075.02,25040.96,0.00
2025-11-25,13:08:00,25188.5,25188.75,25177.5,25183.5,3095,25075.24,25041.48,0.00
2025-11-25,13:09:00,25184.25,25190.25,25179.5,25183.5,2306,25075.41,25041.88,0.00
2025-11-25,13:10:00,25183.75,25196,25183.25,25193.5,2277,25075.58,25042.28,0.00
2025-11-25,13:11:00,25193.5,25194.5,25184.75,25189,2052,25075.73,25042.63,0.00
2025-11-25,13:12:00,25189.5,25198.25,25189.5,25196.25,2185,25075.90,25043.03,0.00
2025-11-25,13:13:00,25196.5,25200.75,25192.5,25195.5,2058,25076.06,25043.40,0.00
2025-11-25,13:14:00,25195.75,25202.5,25190.75,25200.75,2087,25076.23,25043.77,0.00
2025-11-25,13:15:00,25201,25205.5,25198.5,25203.25,2225,25076.41,25044.19,0.00
2025-11-25,13:16:00,25203,25208.75,25198.25,25201,3364,25076.68,25044.81,0.00
2025-11-25,13:17:00,25201.25,25201.5,25186.75,25191,3934,25076.98,25045.48,0.00
2025-11-25,13:18:00,25191,25200.5,25188,25196.5,2382,25077.16,25045.90,0.00
2025-11-25,13:19:00,25196.75,25205.25,25190.25,25204,2038,25077.32,25046.26,0.00
2025-11-25,13:20:00,25204,25221,25203.25,25219,5132,25077.77,25047.25,0.00
2025-11-25,13:21:00,25218.5,25229.25,25218,25226.5,3922,25078.14,25048.04,0.00
2025-11-25,13:22:00,25227,25237.5,25225,25236.25,3915,25078.53,25048.86,0.00
2025-11-25,13:23:00,25235.25,25240.75,25229.25,25239.75,2490,25236.58,25049.39,0.00
2025-11-25,13:24:00,25239.75,25254.75,25238,25251,7300,25247.92,25051.02,0.00
2025-11-25,13:25:00,25250.75,25266.5,25248,25264.5,4875,25259.67,25052.16,0.00
2025-11-25,13:26:00,25264.25,25270.5,25259.25,25260.5,4143,25263.42,25053.13,0.00
2025-11-25,13:27:00,25260.5,25267,25251.75,25259,3810,25261.42,25054.00,0.00
2025-11-25,13:28:00,25259,25263.25,25253.5,25259.25,2020,25260.86,25054.46,0.00
2025-11-25,13:29:00,25259,25260,25242,25244.25,3602,25257.65,25055.23,0.00
2025-11-25,13:30:00,25244,25247,25237.5,25244.5,3013,25254.99,25055.85,0.00
2025-11-25,13:31:00,25244.5,25255.25,25243,25250.5,2924,25254.18,25056.47,0.00
2025-11-25,13:32:00,25251,25265.25,25247.25,25262.5,2856,25254.71,25057.10,0.00
2025-11-25,13:33:00,25262.75,25274.5,25260,25269.25,3503,25267.92,25057.90,0.00
2025-11-25,13:34:00,25269,25286.25,25266.5,25284.25,4097,25279.00,25058.88,0.00
2025-11-25,13:35:00,25284.25,25296,25283,25293.25,4512,25290.75,25060.01,0.00
2025-11-25,13:36:00,25293.5,25295.5,25284.5,25290.5,3407,25290.50,25060.85,0.00
2025-11-25,13:37:00,25291.5,25301,25286.75,25297.25,3240,25295.00,25061.66,0.00
2025-11-25,13:38:00,25297.5,25314.5,25297.5,25310.75,5463,25307.58,25063.09,0.00
2025-11-25,13:39:00,25310.75,25311.25,25297.75,25301.75,3970,25305.90,25064.10,0.00
2025-11-25,13:40:00,25301.75,25305.25,25291.25,25294.25,3275,25303.58,25064.90,0.00
2025-11-25,13:41:00,25294.5,25303.25,25291.5,25298.25,2808,25302.51,25065.59,0.00
2025-11-25,13:42:00,25299.25,25301.5,25293.5,25299.5,1464,25302.14,25065.95,0.00
2025-11-25,13:43:00,25299.25,25299.25,25283.75,25288.5,3111,25300.34,25066.68,0.00
2025-11-25,13:44:00,25288.5,25289.75,25279.25,25286.25,2335,25298.75,25067.21,0.00
2025-11-25,13:45:00,25286.75,25288.75,25280,25285.75,2033,25297.59,25067.67,0.00
2025-11-25,13:46:00,25286.25,25299.25,25284.75,25298.25,3072,25297.20,25068.39,0.00
2025-11-25,13:47:00,25298.75,25298.75,25271.75,25273.25,3558,25295.37,25069.18,0.00
2025-11-25,13:48:00,25273.5,25276.75,25262,25268,3904,25292.42,25069.98,0.00
2025-11-25,13:49:00,25267.5,25274.75,25259.5,25273,3287,25290.42,25070.65,0.00
2025-11-25,13:50:00,25273,25280.75,25271.5,25277.75,2304,25289.64,25071.14,0.00
2025-11-25,13:51:00,25278.25,25280.5,25270.25,25278.75,1968,25289.03,25071.55,0.00
2025-11-25,13:52:00,25278.75,25287.25,25274.25,25278.5,2853,25288.46,25072.16,0.00
2025-11-25,13:53:00,25278,25284.5,25272.5,25273,1322,25288.13,25072.43,0.00
2025-11-25,13:54:00,25273.5,25278.75,25269.25,25272.25,1659,25287.63,25072.77,0.00
2025-11-25,13:55:00,25272.75,25274.75,25258.5,25270.25,2516,25286.65,25073.27,0.00
2025-11-25,13:56:00,25270.25,25277,25268.75,25272.5,1564,25286.23,25073.59,0.00
2025-11-25,13:57:00,25272,25274.5,25261.75,25267,1486,25285.72,25073.88,0.00
2025-11-25,13:58:00,25266.75,25269.5,25251,25255.5,3008,25284.29,25074.44,0.00
2025-11-25,13:59:00,25255.5,25257.25,25240.75,25242,4014,25281.82,25075.13,0.00
2025-11-25,14:00:00,25242.75,25244.25,25229.75,25239.25,4595,25278.73,25075.88,0.00
2025-11-25,14:01:00,25239.75,25250.5,25236.25,25245.5,4173,25276.66,25076.57,0.00
2025-11-25,14:02:00,25245.25,25257.5,25244.5,25253,2965,25275.64,25077.09,0.00
2025-11-25,14:03:00,25253,25257.25,25244.25,25252.5,2323,25274.88,25077.49,0.00
2025-11-25,14:04:00,25252.75,25264.25,25251,25259.75,2960,25274.26,25078.02,0.00
2025-11-25,14:05:00,25259.75,25266.75,25254.75,25257.25,1987,25273.89,25078.37,0.00
2025-11-25,14:06:00,25257.75,25261.75,25249,25252.25,2189,25273.37,25078.75,0.00
2025-11-25,14:07:00,25252.25,25256,25244,25249,2302,25272.72,25079.14,0.00
2025-11-25,14:08:00,25249,25251.25,25243.75,25249.25,1553,25272.28,25079.39,0.00
2025-11-25,14:09:00,25249.5,25258,25245.25,25254.75,1700,25271.90,25079.68,0.00
2025-11-25,14:10:00,25254.75,25263.5,25250.75,25263.25,2114,25271.60,25080.05,0.00
2025-11-25,14:11:00,25263.75,25270.25,25256,25259.75,3203,25271.27,25080.62,0.00
2025-11-25,14:12:00,25259.25,25259.75,25245.5,25255.5,2651,25270.78,25081.06,0.00
2025-11-25,14:13:00,25255.5,25261.75,25254,25258.75,1620,25270.57,25081.34,0.00
2025-11-25,14:14:00,25258.75,25265.75,25254.75,25261,1395,25270.43,25081.58,0.00
2025-11-25,14:15:00,25260.75,25261.25,25251.5,25253.5,1445,25270.21,25081.83,0.00
2025-11-25,14:16:00,25253.25,25262,25243.75,25252,4205,25269.50,25082.52,0.00
2025-11-25,14:17:00,25251.75,25255,25248,25249.25,1109,25269.30,25082.69,0.00
2025-11-25,14:18:00,25248.25,25252.5,25244,25245,1416,25269.01,25082.92,0.00
2025-11-25,14:19:00,25245.25,25251,25241,25247.25,1618,25268.67,25083.17,0.00
2025-11-25,14:20:00,25247.25,25256.25,25242,25255,1705,25268.40,25083.45,0.00
2025-11-25,14:21:00,25254.5,25256.75,25243.75,25248.75,1633,25268.13,25083.70,0.00
2025-11-25,14:22:00,25248.25,25258.75,25246,25247,2673,25267.72,25084.13,0.00
2025-11-25,14:23:00,25247,25258.25,25241,25257.25,3205,25267.30,25084.64,0.00
2025-11-25,14:24:00,25257.5,25265.75,25254,25264.5,1742,25267.21,25084.93,0.00
2025-11-25,14:25:00,25263.75,25272.5,25258.5,25270,2665,25267.21,25085.39,0.00
2025-11-25,14:26:00,25269.75,25271.25,25264.25,25265.5,1509,25267.20,25085.65,0.00
2025-11-25,14:27:00,25265.5,25271.25,25261.75,25269,1525,25267.20,25085.91,0.00
2025-11-25,14:28:00,25269.25,25273.25,25262,25264.75,2371,25267.19,25086.31,0.00
2025-11-25,14:29:00,25265.5,25272.75,25264,25272.5,1284,25267.22,25086.54,0.00
2025-11-25,14:30:00,25272.75,25276.25,25268.25,25276,1458,25267.29,25086.79,0.00
2025-11-25,14:31:00,25276.25,25281.75,25274,25279.25,2592,25267.51,25087.26,0.00
2025-11-25,14:32:00,25279,25280.25,25274.25,25275.5,1235,25267.59,25087.47,0.00
2025-11-25,14:33:00,25275,25277,25267.5,25275.5,1670,25267.66,25087.76,0.00
2025-11-25,14:34:00,25276.25,25280,25272.25,25275.25,1168,25267.73,25087.97,0.00
2025-11-25,14:35:00,25275.25,25276.75,25270.75,25275.5,1087,25267.78,25088.16,0.00
2025-11-25,14:36:00,25275.25,25277.25,25271.25,25274.5,959,25267.83,25088.32,0.00
2025-11-25,14:37:00,25275,25276,25264,25270,2176,25267.86,25088.69,0.00
2025-11-25,14:38:00,25269.75,25271.5,25256.75,25260.75,2538,25267.78,25089.10,0.00
2025-11-25,14:39:00,25260.75,25262.75,25255,25257,1655,25267.67,25089.36,0.00
2025-11-25,14:40:00,25257.75,25271.5,25257.75,25265,1807,25267.63,25089.65,0.00
2025-11-25,14:41:00,25264.5,25266.5,25253.5,25259,2120,25267.52,25089.98,0.00
2025-11-25,14:42:00,25259.75,25270,25259.25,25267,1720,25267.49,25090.26,0.00
2025-11-25,14:43:00,25266.25,25273.75,25264.25,25266.5,1522,25267.50,25090.51,0.00
2025-11-25,14:44:00,25266,25269,25260,25264,1164,25267.48,25090.70,0.00
2025-11-25,14:45:00,25264.25,25267.25,25260,25265,758,25267.46,25090.82,0.00
2025-11-25,14:46:00,25265.5,25276.5,25265.5,25273.25,1882,25267.51,25091.13,0.00
2025-11-25,14:47:00,25273,25278.25,25271,25277.75,1363,25267.58,25091.36,0.00
2025-11-25,14:48:00,25277.75,25293.5,25277.25,25291.5,3251,25267.98,25091.94,0.00
2025-11-25,14:49:00,25291.5,25302.75,25289.5,25299.25,2779,25268.48,25092.46,0.00
2025-11-25,14:50:00,25299.75,25299.75,25286.5,25290.5,2345,25268.81,25092.88,0.00
2025-11-25,14:51:00,25290.25,25296.5,25286.75,25296.5,1602,25269.05,25093.18,0.00
2025-11-25,14:52:00,25296.75,25298.25,25289,25291.25,1496,25269.26,25093.45,0.00
2025-11-25,14:53:00,25290.75,25296.75,25289.75,25293.75,1333,25269.45,25093.69,0.00
2025-11-25,14:54:00,25294,25297.25,25291.25,25293.25,685,25269.54,25093.81,0.00
2025-11-25,14:55:00,25293,25299,25292.25,25292.75,925,25269.68,25093.98,0.00
2025-11-25,14:56:00,25292.75,25293,25280,25280.75,2422,25269.89,25094.39,0.00
2025-11-25,14:57:00,25281.5,25285.75,25275,25278.5,2319,25270.02,25094.78,0.00
2025-11-25,14:58:00,25278.5,25287,25274.25,25283,1582,25270.12,25095.05,0.00
2025-11-25,14:59:00,25283,25283.75,25277,25281.75,867,25270.17,25095.19,0.00
2025-11-25,15:00:00,25281.75,25282.5,25275.5,25277,986,25270.21,25095.35,0.00
2025-11-25,15:01:00,25277.5,25286.5,25273.25,25282.25,2331,25270.35,25095.74,0.00
2025-11-25,15:02:00,25282,25284,25279.5,25279.75,1114,25270.41,25095.92,0.00
2025-11-25,15:03:00,25280.25,25283.25,25277.75,25281,879,25270.46,25096.07,0.00
2025-11-25,15:04:00,25281,25281.5,25268,25269,2804,25270.50,25096.51,0.00
2025-11-25,15:05:00,25268.75,25272.25,25259.5,25266.75,2836,25270.43,25096.94,0.00
2025-11-25,15:06:00,25267,25276,25260.75,25273.75,2048,25270.43,25097.25,0.00
2025-11-25,15:07:00,25274.5,25280.75,25272.5,25273.5,1696,25270.47,25097.52,0.00
2025-11-25,15:08:00,25273.75,25274.75,25265.5,25268.75,1376,25270.47,25097.73,0.00
2025-11-25,15:09:00,25268.75,25269.25,25255.75,25264.25,2158,25270.39,25098.04,0.00
2025-11-25,15:10:00,25263.5,25266.75,25258.75,25263,1473,25270.33,25098.26,0.00
2025-11-25,15:11:00,25263.25,25269.25,25255.5,25267.75,1655,25270.28,25098.50,0.00
2025-11-25,15:12:00,25267.25,25271.75,25264.25,25264.25,1286,25270.26,25098.69,0.00
2025-11-25,15:13:00,25264.25,25264.75,25256.75,25260,1354,25270.19,25098.88,0.00
2025-11-25,15:14:00,25260.25,25264.25,25256.5,25263.5,1280,25270.14,25099.06,0.00
2025-11-25,15:15:00,25263.5,25267.25,25261.25,25261.5,1138,25270.10,25099.23,0.00
2025-11-25,15:16:00,25262.5,25265.75,25254.5,25257.5,1203,25270.04,25099.40,0.00
2025-11-25,15:17:00,25257.75,25259.25,25241.25,25243.75,3201,25269.70,25099.81,0.00
2025-11-25,15:18:00,25243.25,25248,25238.25,25242,2610,25269.37,25100.14,0.00
2025-11-25,15:19:00,25242,25248,25224.5,25224.75,3820,25268.72,25100.57,0.00
2025-11-25,15:20:00,25225.25,25233.5,25207.75,25228,6535,25267.38,25101.27,0.00
2025-11-25,15:21:00,25227.75,25228,25215.75,25225.75,2952,25266.81,25101.58,0.00
2025-11-25,15:22:00,25225.5,25234.75,25217,25233.25,2749,25266.34,25101.87,0.00
2025-11-25,15:23:00,25233.25,25244.25,25227,25232,3925,25265.81,25102.32,0.00
2025-11-25,15:24:00,25232,25235,25224.75,25233.5,1975,25265.51,25102.54,0.00
2025-11-25,15:25:00,25233,25240,25232,25234.75,1566,25265.31,25102.71,0.00
2025-11-25,15:26:00,25235,25244,25232.25,25233.75,1881,25265.09,25102.93,0.00
2025-11-25,15:27:00,25233.75,25233.75,25224.5,25229.25,2122,25264.77,25103.16,0.00
2025-11-25,15:28:00,25228.75,25232,25225.25,25225.75,1334,25264.57,25103.30,0.00
2025-11-25,15:29:00,25226,25235.5,25223,25233.5,1299,25264.38,25103.44,0.00
2025-11-25,15:30:00,25233.75,25236.75,25231.25,25235.75,1338,25264.22,25103.59,0.00
2025-11-25,15:31:00,25235.25,25241.75,25233.75,25238.25,1843,25264.02,25103.80,0.00
2025-11-25,15:32:00,25238.25,25241,25226.25,25228.75,2008,25263.77,25104.01,0.00
2025-11-25,15:33:00,25229.25,25235.75,25223.5,25225,1412,25263.56,25104.16,0.00
2025-11-25,15:34:00,25225,25235,25221.5,25233.25,2393,25263.24,25104.42,0.00
2025-11-25,15:35:00,25232.5,25235.5,25225.75,25228,1376,25263.06,25104.56,0.00
2025-11-25,15:36:00,25227.5,25229.75,25219.75,25225.75,1592,25262.82,25104.72,0.00
2025-11-25,15:37:00,25225.25,25226.25,25213.5,25216.75,2562,25262.39,25104.97,0.00
2025-11-25,15:38:00,25218,25222,25209.75,25212.25,1907,25262.04,25105.14,0.00
2025-11-25,15:39:00,25212,25219.5,25205.25,25217.5,3077,25261.47,25105.42,0.00
2025-11-25,15:40:00,25217.5,25217.75,25210.75,25213,1412,25261.22,25105.55,0.00
2025-11-25,15:41:00,25212.5,25212.5,25191.5,25194.5,4581,25260.16,25105.91,0.00
2025-11-25,15:42:00,25194.25,25209.75,25191.25,25207.25,2800,25259.57,25106.13,0.00
2025-11-25,15:43:00,25207.25,25208,25200,25201.75,1809,25259.20,25106.28,0.00
2025-11-25,15:44:00,25202.5,25216.25,25201.5,25212.75,2674,25258.72,25106.51,0.00
2025-11-25,15:45:00,25212.75,25221.5,25212,25220,2152,25258.41,25106.70,0.00
2025-11-25,15:46:00,25219.75,25227.75,25214,25221.25,2326,25258.10,25106.92,0.00
2025-11-25,15:47:00,25221.75,25222,25213,25215,1471,25257.88,25107.06,0.00
2025-11-25,15:48:00,25214.5,25222.75,25213.75,25218.5,1169,25257.72,25107.16,0.00
2025-11-25,15:49:00,25218.25,25219.75,25206,25207.75,2148,25257.36,25107.34,0.00
2025-11-25,15:50:00,25207.25,25218.5,25206.75,25215.25,1559,25257.13,25107.48,0.00
2025-11-25,15:51:00,25215.25,25227,25213.5,25226.5,1941,25256.89,25107.66,0.00
2025-11-25,15:52:00,25226.5,25236.25,25225.75,25233.25,2700,25256.66,25107.94,0.00
2025-11-25,15:53:00,25233.25,25245.75,25232,25244.75,2579,25256.52,25108.21,0.00
2025-11-25,15:54:00,25245,25254.25,25244.75,25250.25,3635,25256.44,25108.63,0.00
2025-11-25,15:55:00,25250,25255,25249.75,25251.5,1894,25256.41,25108.85,0.00
2025-11-25,15:56:00,25251.5,25262.75,25244.75,25262,2920,25256.41,25109.20,0.00
2025-11-25,15:57:00,25261.75,25266.5,25260.25,25264.75,2133,25256.46,25109.47,0.00
2025-11-25,15:58:00,25264.75,25273.25,25264.75,25267.25,2249,25256.55,25109.75,0.00
2025-11-25,15:59:00,25267.25,25273,25266.5,25269.75,1098,25256.60,25109.89,0.00
2025-11-25,16:00:00,25270,25271.25,25265.25,25267,1148,25256.64,25110.04,0.00
2025-11-25,16:01:00,25267,25284.5,25266,25283.5,3136,25256.85,25110.46,0.00
2025-11-25,16:02:00,25283.5,25287,25278,25283.75,2763,25257.08,25110.84,0.00
2025-11-25,16:03:00,25283.75,25287.75,25279,25282.5,1430,25257.20,25111.04,0.00
2025-11-25,16:04:00,25282.75,25288.75,25279.5,25286.25,1572,25257.34,25111.26,0.00
2025-11-25,16:05:00,25286.25,25294.75,25285,25289.25,2653,25257.60,25111.64,0.00
2025-11-25,16:06:00,25289.25,25290.5,25284,25287.5,1374,25257.73,25111.83,0.00
2025-11-25,16:07:00,25288.5,25290.25,25284.25,25289.25,1264,25257.85,25112.00,0.00
2025-11-25,16:08:00,25289.25,25295.75,25284.5,25292.75,1596,25258.01,25112.23,0.00
2025-11-25,16:09:00,25292.5,25299,25290.5,25294.75,2019,25258.24,25112.52,0.00
2025-11-25,16:10:00,25294.5,25295.75,25286.25,25288.25,1715,25258.41,25112.76,0.00
2025-11-25,16:11:00,25287.5,25289.5,25281.75,25286.25,2332,25258.60,25113.08,0.00
2025-11-25,16:12:00,25286.75,25288.75,25276.75,25283.25,2165,25258.76,25113.37,0.00
2025-11-25,16:13:00,25283.25,25285,25277,25278,1110,25258.83,25113.52,0.00
2025-11-25,16:14:00,25278,25288.75,25276.75,25287.25,1348,25258.93,25113.70,0.00
2025-11-25,16:15:00,25286.75,25290.75,25282.75,25283.5,1235,25259.03,25113.87,0.00
2025-11-25,16:16:00,25283.25,25290.5,25278,25288,1534,25259.15,25114.07,0.00
2025-11-25,16:17:00,25287.75,25290,25280.25,25282.75,1051,25259.23,25114.21,0.00
2025-11-25,16:18:00,25283,25285.75,25280.5,25284,598,25259.27,25114.29,0.00
2025-11-25,16:19:00,25284.25,25289.75,25283.75,25288.5,752,25259.33,25114.39,0.00
2025-11-25,16:20:00,25288.75,25293.25,25287.25,25290,1441,25259.46,25114.59,0.00
2025-11-25,16:21:00,25289.5,25293.75,25288.5,25291.25,1020,25259.56,25114.73,0.00
2025-11-25,16:22:00,25291.5,25292.75,25286.5,25289.75,1133,25259.66,25114.89,0.00
2025-11-25,16:23:00,25290.75,25297.75,25289.75,25293.75,1501,25259.80,25115.10,0.00
2025-11-25,16:24:00,25293.75,25298,25290.75,25295.75,1005,25259.90,25115.24,0.00
2025-11-25,16:25:00,25296.25,25301,25295,25296.75,1559,25260.07,25115.46,0.00
2025-11-25,16:26:00,25296.75,25298,25290,25294,1292,25260.20,25115.64,0.00
2025-11-25,16:27:00,25294.25,25296.75,25287.5,25291.25,1511,25260.34,25115.85,0.00
2025-11-25,16:28:00,25291.25,25303.25,25289,25300.75,1814,25260.53,25116.10,0.00
2025-11-25,16:29:00,25300.75,25306,25299.5,25303.5,1674,25260.73,25116.35,0.00
2025-11-25,16:30:00,25304,25304,25299.5,25301,1123,25260.86,25116.51,0.00
2025-11-25,16:31:00,25301,25311.5,25299.75,25309.25,2699,25261.20,25116.90,0.00
2025-11-25,16:32:00,25309.25,25334.25,25308.75,25326.25,5559,25323.08,25117.79,0.00
2025-11-25,16:33:00,25326.75,25327.75,25319,25319.75,2416,25322.81,25118.16,0.00
2025-11-25,16:34:00,25319.5,25323,25316.25,25321.75,1408,25322.43,25118.38,0.00
2025-11-25,16:35:00,25322.25,25329,25319.25,25326.5,1561,25322.79,25118.63,0.00
2025-11-25,16:36:00,25326,25337.5,25326,25335.75,2691,25333.08,25119.07,0.00
2025-11-25,16:37:00,25335.5,25335.75,25325,25329.75,2130,25331.79,25119.41,0.00
2025-11-25,16:38:00,25330.5,25331,25324.5,25328.25,1397,25330.92,25119.64,0.00
2025-11-25,16:39:00,25328,25337.25,25327.5,25333.75,1662,25331.33,25119.91,0.00
2025-11-25,16:40:00,25333.25,25336,25325.75,25335,1749,25331.49,25120.19,0.00
2025-11-25,16:41:00,25335.5,25339.75,25332.75,25333.75,1708,25335.42,25120.47,0.00
2025-11-25,16:42:00,25333.5,25334.5,25323,25333,2736,25332.18,25120.90,0.00
2025-11-25,16:43:00,25333,25336.5,25329.25,25334.75,1421,25332.50,25121.13,0.00
2025-11-25,16:44:00,25334.5,25338.5,25331,25336,1115,25332.93,25121.31,0.00
2025-11-25,16:45:00,25336.5,25339.5,25330,25331.75,1269,25333.06,25121.52,0.00
2025-11-25,16:46:00,25332.25,25337,25323.25,25330.5,2641,25332.37,25121.93,0.00
2025-11-25,16:47:00,25331.25,25339.5,25328.75,25339.5,1567,25332.82,25122.19,0.00
2025-11-25,16:48:00,25339.5,25345.75,25335.5,25344.25,2034,25341.83,25122.52,0.00
2025-11-25,16:49:00,25344.5,25354.5,25340.5,25350.5,3266,25348.50,25123.08,0.00
2025-11-25,16:50:00,25350.25,25350.25,25344.25,25347.25,1713,25348.07,25123.36,0.00
2025-11-25,16:51:00,25347,25373,25346.25,25367.25,5833,25362.17,25124.40,0.00
2025-11-25,16:52:00,25367.75,25371.5,25363.25,25371.5,2018,25363.86,25124.77,0.00
2025-11-25,16:53:00,25371,25382.25,25370,25377.5,3656,25376.58,25125.46,0.00
2025-11-25,16:54:00,25377.75,25387.25,25376,25384.5,2865,25382.58,25126.00,0.00
2025-11-25,16:55:00,25384.25,25389,25360.75,25366.5,5484,25372.08,25127.00,0.00
2025-11-25,16:56:00,25366.75,25375.5,25361,25364.75,3220,25370.23,25127.57,0.00
2025-11-25,16:57:00,25365,25365.5,25355.75,25360.5,2515,25368.07,25128.00,0.00
2025-11-25,16:58:00,25359.75,25359.75,25345.25,25352.25,3124,25364.66,25128.51,0.00
2025-11-25,16:59:00,25351.75,25352.75,25343.75,25351.75,2440,25362.44,25128.91,0.00
2025-11-25,17:00:00,25351.25,25354.5,25332.5,25332.5,7584,25355.41,25130.07,0.00
2025-11-25,17:01:00,25332.5,25339.25,25326,25337.75,5074,25351.78,25130.83,0.00
2025-11-25,17:02:00,25338.5,25353,25338.5,25348.75,2537,25351.38,25131.22,0.00
2025-11-25,17:03:00,25349.75,25351.5,25339.5,25340.5,1425,25351.05,25131.44,0.00
2025-11-25,17:04:00,25339.5,25345.25,25337,25344.5,1034,25350.79,25131.60,0.00
2025-11-25,17:05:00,25344.5,25344.5,25338.75,25342,782,25350.59,25131.72,0.00
2025-11-25,17:06:00,25342.25,25342.5,25331.75,25333,1370,25350.03,25131.92,0.00
2025-11-25,17:07:00,25333.5,25336.25,25328.25,25333.25,916,25349.61,25132.05,0.00
2025-11-25,17:08:00,25333.25,25333.25,25325.25,25326.5,790,25349.17,25132.17,0.00
2025-11-25,17:09:00,25327.25,25328,25323.25,25327.5,710,25348.75,25132.26,0.00
2025-11-25,17:10:00,25327.75,25331.75,25324.25,25330,967,25348.27,25132.40,0.00
2025-11-25,17:11:00,25329.75,25334.25,25325.75,25332.25,571,25348.02,25132.48,0.00
2025-11-25,17:12:00,25332.5,25332.5,25329.5,25331.25,320,25347.89,25132.53,0.00
2025-11-25,17:13:00,25331,25332,25326.5,25329,388,25347.71,25132.58,0.00
2025-11-25,17:14:00,25329.5,25331.75,25327.5,25328.5,362,25347.55,25132.63,0.00
2025-11-25,17:15:00,25328,25335.75,25328,25330.75,540,25347.34,25132.71,0.00
2025-11-25,17:16:00,25330.75,25333.5,25330,25331.25,277,25347.24,25132.75,0.00
2025-11-25,17:17:00,25331.5,25334.75,25330.5,25333,188,25347.18,25132.78,0.00
2025-11-25,17:18:00,25332.75,25335.25,25330.5,25333.75,299,25347.08,25132.82,0.00
2025-11-25,17:19:00,25334,25334,25331,25334,163,25347.03,25132.85,0.00
2025-11-25,17:20:00,25334.25,25335,25331.75,25331.75,223,25346.95,25132.88,0.00
2025-11-25,17:21:00,25331.5,25331.75,25323.5,25325,593,25346.68,25132.96,0.00
2025-11-25,17:22:00,25324.75,25327,25323.25,25325.5,275,25346.55,25133.00,0.00
2025-11-25,17:23:00,25325.75,25328.75,25323.25,25328.5,297,25346.42,25133.04,0.00
2025-11-25,17:24:00,25328.25,25329.75,25325.75,25326.25,222,25346.32,25133.07,0.00
2025-11-25,17:25:00,25327,25329,25325,25327.25,212,25346.23,25133.10,0.00
2025-11-25,17:26:00,25326.5,25327.25,25325.5,25327,124,25346.18,25133.12,0.00
2025-11-25,17:27:00,25327,25328.5,25326,25326.5,186,25346.10,25133.14,0.00
2025-11-25,17:28:00,25326,25326,25322.5,25323,300,25345.95,25133.18,0.00
2025-11-25,17:29:00,25323.25,25323.25,25319,25321.5,406,25345.73,25133.24,0.00
2025-11-25,17:30:00,25322,25324.5,25320.25,25321.25,327,25345.56,25133.28,0.00
2025-11-25,17:31:00,25321,25324.75,25320.25,25324.25,245,25345.44,25133.32,0.00
2025-11-25,17:32:00,25324.5,25327,25322.75,25325.5,336,25345.30,25133.36,0.00
2025-11-25,17:33:00,25325.5,25327.25,25323.75,25326.5,306,25345.17,25133.40,0.00
2025-11-25,17:34:00,25326.75,25330.5,25326.5,25328,287,25345.07,25133.44,0.00
2025-11-25,17:35:00,25327.5,25328.5,25324,25324.5,189,25344.99,25133.47,0.00
2025-11-25,17:36:00,25324.75,25325.25,25322,25323.25,261,25344.88,25133.51,0.00
2025-11-25,17:37:00,25323.75,25323.75,25320.5,25321.5,200,25344.78,25133.53,0.00
2025-11-25,17:38:00,25321,25321,25317.75,25318.25,395,25344.57,25133.59,0.00
2025-11-25,17:39:00,25318.5,25320.5,25316.75,25319.25,356,25344.38,25133.63,0.00
2025-11-25,17:40:00,25319.25,25320,25318.5,25319.25,210,25344.28,25133.66,0.00
2025-11-25,17:41:00,25319.25,25319.25,25312.5,25316.25,595,25343.94,25133.74,0.00
2025-11-25,17:42:00,25316.25,25319.25,25315.75,25317.5,180,25343.84,25133.76,0.00
2025-11-25,17:43:00,25317.75,25321,25315.75,25321,243,25343.72,25133.79,0.00
2025-11-25,17:44:00,25321,25321.5,25318.75,25319.75,198,25343.63,25133.82,0.00
2025-11-25,17:45:00,25319.5,25320,25318,25319,238,25343.51,25133.85,0.00
2025-11-25,17:46:00,25319.25,25319.25,25316.25,25316.75,227,25343.39,25133.88,0.00
2025-11-25,17:47:00,25317,25320.75,25316,25319.25,138,25343.33,25133.90,0.00
2025-11-25,17:48:00,25319.75,25322.75,25317,25321.75,401,25343.15,25133.95,0.00
2025-11-25,17:49:00,25322,25323,25317.5,25319,182,25343.07,25133.98,0.00
2025-11-25,17:50:00,25319,25320,25317.25,25317.75,159,25342.99,25134.00,0.00
2025-11-25,17:51:00,25318.25,25318.25,25313.75,25316,294,25342.84,25134.04,0.00
2025-11-25,17:52:00,25315.5,25317.25,25314.5,25315.75,131,25342.77,25134.05,0.00
2025-11-25,17:53:00,25316,25318,25314.75,25318,214,25342.66,25134.08,0.00
2025-11-25,17:54:00,25317.75,25318.75,25316.75,25317.75,75,25342.63,25134.09,0.00
2025-11-25,17:55:00,25317.75,25319.5,25316.25,25317,127,25342.57,25134.11,0.00
2025-11-25,17:56:00,25317.25,25320.75,25316.5,25319,279,25342.44,25134.15,0.00
2025-11-25,17:57:00,25319.5,25320.75,25318.25,25320.75,85,25342.40,25134.16,0.00
2025-11-25,17:58:00,25320.25,25320.5,25318.75,25320.25,128,25342.35,25134.17,0.00
2025-11-25,17:59:00,25320.25,25320.5,25317.25,25317.75,160,25342.28,25134.19,0.00
2025-11-25,18:00:00,25318,25319.5,25317,25317.75,224,25342.18,25134.22,0.00
2025-11-25,19:01:00,25323.25,25335.25,25317.75,25323.75,1116,25325.58,25325.58,0.00
2025-11-25,19:02:00,25323.75,25334.25,25321.25,25323.75,555,25325.86,25325.86,0.00
2025-11-25,19:03:00,25323.75,25325.25,25320.75,25324.75,173,25325.65,25325.65,0.00
2025-11-25,19:04:00,25325,25329.5,25321.5,25328.25,336,25325.77,25325.77,0.00
2025-11-25,19:05:00,25328.75,25338,25327.75,25335.25,806,25333.67,25327.90,0.00
2025-11-25,19:06:00,25334.75,25337.75,25331.75,25336,448,25334.20,25328.85,0.00
2025-11-25,19:07:00,25335,25347.5,25333.25,25345.75,692,25342.17,25331.08,0.00
2025-11-25,19:08:00,25345.75,25346.5,25340,25342.25,375,25342.43,25332.07,0.00
2025-11-25,19:09:00,25340.75,25341,25336,25337.25,284,25341.52,25332.42,0.00
2025-11-25,19:10:00,25337.5,25341.5,25331,25340.5,310,25340.80,25332.74,0.00
2025-11-25,19:11:00,25341,25341.5,25336.5,25337.5,176,25340.58,25332.93,0.00
2025-11-25,19:12:00,25336.5,25344,25335.75,25341,273,25340.54,25333.30,0.00
2025-11-25,19:13:00,25341.75,25343.75,25338.75,25342.75,212,25340.65,25333.61,0.00
2025-11-25,19:14:00,25343,25345.25,25339.75,25340.75,217,25340.75,25333.91,0.00
2025-11-25,19:15:00,25341.75,25342.5,25338.5,25341.25,147,25340.75,25334.07,0.00
2025-11-25,19:16:00,25342.25,25342.25,25335.5,25337,266,25340.53,25334.25,0.00
2025-11-25,19:17:00,25336.25,25338.5,25331.25,25332.75,253,25340.03,25334.24,0.00
2025-11-25,19:18:00,25333.5,25335.5,25330.75,25331.5,207,25339.58,25334.19,0.00
2025-11-25,19:19:00,25332,25334.5,25328.25,25329.75,300,25338.87,25334.05,0.00
2025-11-25,19:20:00,25329.5,25332.75,25328.25,25331,262,25338.33,25333.93,0.00
2025-11-25,19:21:00,25331.5,25335.75,25329.75,25333.75,283,25337.98,25333.90,0.00
2025-11-25,19:22:00,25333.75,25335.25,25330.25,25331.25,143,25337.79,25333.87,0.00
2025-11-25,19:23:00,25330.75,25336.75,25330.25,25332.25,156,25337.63,25333.86,0.00
2025-11-25,19:24:00,25332.5,25334.25,25330.25,25331.75,154,25337.45,25333.82,0.00
2025-11-25,19:25:00,25331.25,25333,25329.5,25332.5,207,25337.21,25333.77,0.00
2025-11-25,19:26:00,25332.5,25334.25,25330.25,25332.75,184,25337.03,25333.74,0.00
2025-11-25,19:27:00,25332.5,25333.5,25330.5,25332.75,147,25336.90,25333.71,0.00
2025-11-25,19:28:00,25331.75,25333.25,25331.25,25331.75,65,25336.84,25333.70,0.00
2025-11-25,19:29:00,25332,25334,25329.75,25333.75,165,25336.71,25333.68,0.00
2025-11-25,19:30:00,25333.5,25337,25333.5,25335.5,245,25336.65,25333.72,0.00
2025-11-25,19:31:00,25336.25,25337,25334.5,25336.25,164,25336.63,25333.76,0.00
2025-11-25,19:32:00,25336.25,25339.5,25333.75,25336,276,25336.62,25333.84,0.00
2025-11-25,19:33:00,25336.5,25337.25,25331.25,25334.25,317,25336.51,25333.85,0.00
2025-11-25,19:34:00,25334.25,25335.5,25329.5,25330.25,181,25336.38,25333.81,0.00
2025-11-25,19:35:00,25330,25333.5,25329,25332,262,25336.19,25333.76,0.00
2025-11-25,19:36:00,25332.25,25335.25,25331.25,25333,160,25336.12,25333.75,0.00
2025-11-25,19:37:00,25332.25,25333.25,25327.25,25329.5,201,25335.95,25333.68,0.00
2025-11-25,19:38:00,25329.75,25333,25329.25,25331,138,25335.86,25333.64,0.00
2025-11-25,19:39:00,25330.25,25333.25,25328.75,25331.75,141,25335.78,25333.61,0.00
2025-11-25,19:40:00,25332.25,25334.25,25330,25333.75,98,25335.74,25333.60,0.00
2025-11-25,19:41:00,25334.5,25335.75,25332.25,25332.5,172,25335.69,25333.60,0.00
2025-11-25,19:42:00,25332.75,25333.5,25329,25330,105,25335.62,25333.58,0.00
2025-11-25,19:43:00,25331.25,25332.75,25330,25330.75,106,25335.57,25333.56,0.00
2025-11-25,19:44:00,25331.25,25334.25,25330.5,25333.25,161,25335.51,25333.54,0.00
2025-11-25,19:45:00,25333.5,25334,25331,25331.5,134,25335.46,25333.53,0.00
2025-11-25,19:46:00,25331.75,25334.5,25328.25,25330,177,25335.36,25333.49,0.00
2025-11-25,19:47:00,25329.5,25329.5,25325.5,25326,345,25335.04,25333.31,0.00
2025-11-25,19:48:00,25326.25,25331.25,25326.25,25330.5,161,25334.93,25333.26,0.00
2025-11-25,19:49:00,25330.25,25330.75,25328,25330.75,152,25334.85,25333.21,0.00
2025-11-25,19:50:00,25330.75,25331.25,25325,25325.75,264,25334.64,25333.09,0.00
2025-11-25,19:51:00,25325.75,25327,25323.25,25323.25,181,25334.45,25332.97,0.00
2025-11-25,19:52:00,25324,25326.25,25320,25322.25,353,25334.04,25332.71,0.00
2025-11-25,19:53:00,25322.25,25323.25,25317.25,25319.75,667,25333.16,25320.08,0.00
2025-11-25,19:54:00,25319.75,25323.75,25318.25,25323.25,238,25332.91,25320.52,0.00
2025-11-25,19:55:00,25323,25323,25318.75,25319.75,165,25332.73,25320.52,0.00
2025-11-25,19:56:00,25320,25323.25,25315,25319.75,414,25332.24,25319.33,0.00
2025-11-25,19:57:00,25320.25,25325,25320.25,25322.75,271,25332.02,25320.65,0.00
2025-11-25,19:58:00,25323,25333.25,25323,25332.25,455,25331.93,25324.18,0.00
2025-11-25,19:59:00,25333,25341.75,25332.25,25338.5,781,25332.26,25329.60,0.00
2025-11-25,20:00:00,25338.25,25343.25,25337,25339.5,424,25332.51,25331.46,0.00
2025-11-25,20:01:00,25339.75,25345.25,25338.25,25341,904,25333.07,25334.26,0.00
2025-11-25,20:02:00,25340.5,25341.75,25332,25335.75,463,25333.18,25334.54,0.00
2025-11-25,20:03:00,25335,25339.5,25331.75,25337,326,25333.24,25334.66,0.00
2025-11-25,20:04:00,25337.25,25339.25,25334.5,25336.75,212,25333.29,25334.77,0.00
2025-11-25,20:05:00,25336.75,25337,25329.75,25332.25,284,25333.29,25334.66,0.00
2025-11-25,20:06:00,25332.75,25334,25321.5,25324.25,580,25333.05,25333.74,0.00
2025-11-25,20:07:00,25324.75,25328.25,25320,25327.75,408,25332.86,25333.12,0.00
2025-11-25,20:08:00,25328.5,25330.75,25325.75,25327.5,260,25332.78,25332.89,0.00
2025-11-25,20:09:00,25328.25,25333.75,25326.75,25333,356,25332.75,25332.79,0.00
2025-11-25,20:10:00,25333.25,25342.25,25332.5,25341,568,25332.94,25333.28,0.00
2025-11-25,20:11:00,25341.75,25346.5,25339.5,25344.75,552,25333.26,25334.06,0.00
2025-11-25,20:12:00,25345,25346.5,25341,25341.5,289,25333.41,25334.41,0.00
2025-11-25,20:13:00,25342.5,25345.5,25340.25,25341.5,257,25333.53,25334.67,0.00
2025-11-25,20:14:00,25340.75,25343,25339.5,25340,158,25333.59,25334.79,0.00
2025-11-25,20:15:00,25339.25,25339.75,25334.25,25335,348,25333.64,25334.86,0.00
2025-11-25,20:16:00,25335.5,25345.75,25335,25344,597,25333.88,25335.31,0.00
2025-11-25,20:17:00,25343.75,25350,25343,25348,566,25347.00,25336.01,0.00
2025-11-25,20:18:00,25348,25357.25,25347.75,25352,896,25352.33,25337.42,0.00
2025-11-25,20:19:00,25351.75,25356.5,25351,25355.75,262,25352.80,25337.84,0.00
2025-11-25,20:20:00,25355.75,25360.75,25355.25,25357.75,484,25357.92,25338.71,0.00
2025-11-25,20:21:00,25358.5,25362.25,25357,25360.5,538,25359.92,25339.69,0.00
2025-11-25,20:22:00,25359.75,25364.25,25359.5,25362.5,400,25362.08,25340.43,0.00
2025-11-25,20:23:00,25362.25,25365.75,25361.5,25364,357,25363.75,25341.10,0.00
2025-11-25,20:24:00,25364.5,25365,25358.25,25363.25,480,25362.84,25341.89,0.00
2025-11-25,20:25:00,25363.75,25367.5,25363.5,25365.5,456,25365.50,25342.70,0.00
2025-11-25,20:26:00,25365.75,25366.5,25363,25363.5,220,25365.12,25343.05,0.00
2025-11-25,20:27:00,25363.25,25363.25,25353.75,25355.75,647,25361.43,25343.71,0.00
2025-11-25,20:28:00,25355.5,25358.25,25350.75,25356.5,594,25359.49,25344.17,0.00
2025-11-25,20:29:00,25356.5,25358.5,25353.75,25357,253,25359.13,25344.37,0.00
2025-11-25,20:30:00,25356.25,25363.5,25356,25361.25,331,25359.28,25344.71,0.00
2025-11-25,20:31:00,25361.5,25367.75,25360.75,25362,464,25363.50,25345.26,0.00
2025-11-25,20:32:00,25362.25,25362.5,25357,25362,238,25362.48,25345.49,0.00
2025-11-25,20:33:00,25362.25,25366,25361.25,25363.5,196,25362.72,25345.71,0.00
2025-11-25,20:34:00,25364.25,25365.25,25361.75,25362.25,210,25362.79,25345.93,0.00
2025-11-25,20:35:00,25362.25,25364.25,25360.25,25363.25,198,25362.76,25346.13,0.00
2025-11-25,20:36:00,25363.75,25364.5,25358,25359.75,235,25362.45,25346.33,0.00
2025-11-25,20:37:00,25360.25,25362.25,25359,25359,159,25362.23,25346.46,0.00
2025-11-25,20:38:00,25360,25360,25356,25357.25,202,25361.76,25346.59,0.00
2025-11-25,20:39:00,25357.75,25363,25357.75,25359,205,25361.58,25346.75,0.00
2025-11-25,20:40:00,25358.75,25359.5,25356.75,25357.5,203,25361.26,25346.87,0.00
2025-11-25,20:41:00,25356.75,25359.25,25352.75,25356,349,25360.57,25347.05,0.00
2025-11-25,20:42:00,25355,25361.5,25355,25359.5,254,25360.40,25347.21,0.00
2025-11-25,20:43:00,25360,25362.75,25358.25,25360,261,25360.39,25347.40,0.00
2025-11-25,20:44:00,25359.75,25363,25357.75,25359.25,171,25360.37,25347.51,0.00
2025-11-25,20:45:00,25359.25,25362,25358,25361.25,76,25360.38,25347.56,0.00
2025-11-25,20:46:00,25362,25362,25358.5,25359.75,124,25360.36,25347.64,0.00
2025-11-25,20:47:00,25360,25363.75,25359.25,25362.5,156,25360.43,25347.76,0.00
2025-11-25,20:48:00,25362.5,25362.75,25358.25,25359.5,160,25360.42,25347.86,0.00
2025-11-25,20:49:00,25359.5,25366.5,25359.25,25365.5,227,25360.60,25348.05,0.00
2025-11-25,20:50:00,25365.25,25368.75,25363.25,25368.25,516,25366.75,25348.53,0.00
2025-11-25,20:51:00,25368.75,25376.25,25368.25,25373,1074,25372.50,25349.75,0.00
2025-11-25,20:52:00,25374,25380.75,25373.75,25376.5,934,25377.00,25350.91,0.00
2025-11-25,20:53:00,25377.25,25380,25373,25373.5,491,25376.48,25351.45,0.00
2025-11-25,20:54:00,25373.5,25374.5,25363.75,25366.25,743,25373.63,25351.98,0.00
2025-11-25,20:55:00,25366.5,25372.75,25366.5,25367.75,440,25372.85,25352.30,0.00
2025-11-25,20:56:00,25367.25,25370.75,25364.75,25365.25,372,25372.11,25352.52,0.00
2025-11-25,20:57:00,25365.25,25370.25,25364,25368.25,275,25371.72,25352.69,0.00
2025-11-25,20:58:00,25368.25,25369,25365.25,25367.75,228,25371.43,25352.83,0.00
2025-11-25,20:59:00,25367.75,25372.25,25367.5,25369,292,25371.29,25353.03,0.00
2025-11-25,21:00:00,25369.25,25375,25369.25,25374.25,285,25371.40,25353.25,0.00
2025-11-25,21:01:00,25373.75,25375.5,25369.25,25374.5,477,25371.58,25353.62,0.00
2025-11-25,21:02:00,25373.5,25373.5,25368.75,25370,231,25371.54,25353.77,0.00
2025-11-25,21:03:00,25371.25,25376,25370.25,25374.25,258,25371.64,25353.97,0.00
2025-11-25,21:04:00,25373.25,25375,25368,25371,358,25371.62,25354.20,0.00
2025-11-25,21:05:00,25370.5,25370.75,25365.25,25367,330,25371.39,25354.37,0.00
2025-11-25,21:06:00,25366.25,25371.25,25365.5,25369.75,226,25371.29,25354.49,0.00
2025-11-25,21:07:00,25370.75,25377.75,25370.5,25376.5,382,25371.51,25354.77,0.00
2025-11-25,21:08:00,25376.75,25377,25373,25375.25,241,25371.64,25354.95,0.00
2025-11-25,21:09:00,25375.75,25378.25,25374.5,25375.75,204,25371.78,25355.11,0.00
2025-11-25,21:10:00,25376.25,25383,25375.75,25380.75,604,25379.83,25355.63,0.00
2025-11-25,21:11:00,25380.5,25382.75,25379,25382.5,269,25380.32,25355.87,0.00
2025-11-25,21:12:00,25382.75,25383,25379.75,25382.5,214,25380.60,25356.07,0.00
2025-11-25,21:13:00,25383,25395.25,25382.75,25389,1565,25389.00,25357.76,0.00
2025-11-25,21:14:00,25389,25394.75,25389,25394.25,428,25389.79,25358.24,0.00
2025-11-25,21:15:00,25394.25,25397.75,25393.25,25395.5,525,25395.50,25358.86,0.00
2025-11-25,21:16:00,25395.75,25398.25,25393.5,25396.25,431,25396.00,25359.36,0.00
2025-11-25,21:17:00,25396.75,25404.75,25396,25402.5,1197,25401.08,25360.87,0.00
2025-11-25,21:18:00,25402.5,25411,25402.25,25408.5,996,25407.25,25362.23,0.00
2025-11-25,21:19:00,25408.5,25410.75,25403.75,25404,758,25406.78,25363.19,0.00
2025-11-25,21:20:00,25404,25404,25393.25,25395.25,1114,25403.18,25364.25,0.00
2025-11-25,21:21:00,25394.5,25397.25,25389.25,25389.5,1001,25400.28,25365.00,0.00
2025-11-25,21:22:00,25389.5,25399.25,25389.25,25397.5,573,25399.65,25365.47,0.00
2025-11-25,21:23:00,25397.75,25400.5,25392.75,25395,434,25399.33,25365.82,0.00
2025-11-25,21:24:00,25395,25395.75,25391.25,25392.5,355,25398.91,25366.07,0.00
2025-11-25,21:25:00,25392.5,25396.25,25391.5,25391.5,211,25398.68,25366.22,0.00
2025-11-25,21:26:00,25391.25,25397.5,25389.5,25395.75,370,25398.40,25366.48,0.00
2025-11-25,21:27:00,25395.75,25400.25,25395.5,25398.5,335,25398.39,25366.75,0.00
2025-11-25,21:28:00,25398.75,25403.25,25398.75,25401.5,302,25398.52,25367.02,0.00
2025-11-25,21:29:00,25402.25,25406.75,25401.75,25402.5,497,25398.88,25367.47,0.00
2025-11-25,21:30:00,25403.25,25403.5,25400.25,25401.75,279,25399.00,25367.71,0.00
2025-11-25,21:31:00,25401.25,25407.75,25392.25,25407,984,25399.40,25368.54,0.00
2025-11-25,21:32:00,25406.5,25413,25405.5,25410.25,828,25409.58,25369.34,0.00
2025-11-25,21:33:00,25410.25,25417.25,25406.5,25409,859,25410.92,25370.17,0.00
2025-11-25,21:34:00,25409.75,25410.25,25400.25,25402.75,534,25408.42,25370.59,0.00
2025-11-25,21:35:00,25403.25,25408.5,25401.75,25406,443,25407.70,25370.95,0.00
2025-11-25,21:36:00,25405.75,25407.75,25401,25405,295,25407.27,25371.17,0.00
2025-11-25,21:37:00,25405.75,25408.75,25403.5,25405,229,25407.12,25371.35,0.00
2025-11-25,21:38:00,25405.5,25410.25,25405,25408.5,236,25407.19,25371.54,0.00
2025-11-25,21:39:00,25408.5,25413.5,25408.5,25410,373,25407.63,25371.86,0.00
2025-11-25,21:40:00,25411,25413,25408.5,25411.75,223,25407.87,25372.06,0.00
2025-11-25,21:41:00,25411.75,25412.25,25406.25,25411.5,385,25408.10,25372.38,0.00
2025-11-25,21:42:00,25410.75,25415.5,25407.75,25410.75,424,25408.44,25372.74,0.00
2025-11-25,21:43:00,25410.5,25415.25,25410.25,25414.5,279,25408.76,25372.98,0.00
2025-11-25,21:44:00,25414.5,25420.25,25411.25,25418,709,25416.50,25373.63,0.00
2025-11-25,21:45:00,25417.5,25419.25,25415.25,25419.25,430,25417.03,25374.04,0.00
2025-11-25,21:46:00,25418.25,25421.25,25416.25,25418.5,637,25418.67,25374.63,0.00
2025-11-25,21:47:00,25418,25418.75,25410.25,25412.5,531,25416.47,25375.05,0.00
2025-11-25,21:48:00,25412.5,25412.5,25409,25411.5,426,25415.01,25375.37,0.00
2025-11-25,21:49:00,25410.75,25414.5,25406.75,25412,572,25413.97,25375.78,0.00
2025-11-25,21:50:00,25411.75,25413,25409,25412,219,25413.73,25375.93,0.00
2025-11-25,21:51:00,25411.25,25415.5,25410.75,25411.5,222,25413.63,25376.09,0.00
2025-11-25,21:52:00,25411,25412.5,25406.5,25410.75,342,25413.20,25376.32,0.00
2025-11-25,21:53:00,25410.75,25412.25,25407.5,25409.25,214,25412.96,25376.46,0.00
2025-11-25,21:54:00,25409,25412,25408,25410.5,174,25412.82,25376.58,0.00
2025-11-25,21:55:00,25410,25410.5,25407.25,25408.25,113,25412.68,25376.65,0.00
2025-11-25,21:56:00,25407.25,25409.25,25405.25,25408.25,363,25412.19,25376.87,0.00
2025-11-25,21:57:00,25408.25,25415.75,25408,25412.25,462,25412.17,25377.18,0.00
2025-11-25,21:58:00,25412.25,25415.5,25411,25415,240,25412.26,25377.35,0.00
2025-11-25,21:59:00,25414.75,25422.75,25414.25,25422.75,647,25419.92,25377.87,0.00
2025-11-25,22:00:00,25422.5,25424.25,25419,25419,606,25420.75,25378.36,0.00
2025-11-25,22:01:00,25418.75,25420.75,25414,25419,531,25419.43,25378.75,0.00
2025-11-25,22:02:00,25418.5,25419.75,25414.75,25417,209,25419.08,25378.90,0.00
2025-11-25,22:03:00,25416.5,25421,25416.5,25419.5,233,25419.06,25379.07,0.00
2025-11-25,22:04:00,25419.25,25420.5,25416.5,25419.25,206,25419.03,25379.22,0.00
2025-11-25,22:05:00,25419,25419,25411.25,25413.75,321,25418.36,25379.43,0.00
2025-11-25,22:06:00,25413.5,25417.5,25412.25,25414,256,25417.95,25379.59,0.00
2025-11-25,22:07:00,25415,25415.25,25412.25,25414.75,86,25417.82,25379.65,0.00
2025-11-25,22:08:00,25415.25,25418.5,25414.75,25417,184,25417.74,25379.77,0.00
2025-11-25,22:09:00,25415.25,25417,25412.5,25412.5,162,25417.53,25379.87,0.00
2025-11-25,22:10:00,25413.25,25419.25,25413,25418,234,25417.47,25380.03,0.00
2025-11-25,22:11:00,25418,25422.75,25416.5,25418.75,369,25417.67,25380.29,0.00
2025-11-25,22:12:00,25418.5,25419.75,25414.75,25415.25,234,25417.60,25380.44,0.00
2025-11-25,22:13:00,25416.25,25418.75,25415,25416.75,131,25417.57,25380.52,0.00
2025-11-25,22:14:00,25416.25,25418,25414.25,25415.5,82,25417.54,25380.57,0.00
2025-11-25,22:15:00,25415.5,25418.5,25414.5,25417.25,143,25417.51,25380.66,0.00
2025-11-25,22:16:00,25418,25424,25416.75,25422.5,449,25417.87,25380.98,0.00
2025-11-25,22:17:00,25423.75,25427.75,25417.75,25420.75,855,25422.08,25381.59,0.00
2025-11-25,22:18:00,25420.5,25421.25,25417.5,25418.75,142,25421.67,25381.68,0.00
2025-11-25,22:19:00,25418.75,25424,25418.25,25422.75,217,25421.67,25381.83,0.00
2025-11-25,22:20:00,25423.75,25426.75,25421.25,25424,242,25422.06,25382.00,0.00
2025-11-25,22:21:00,25423.5,25423.5,25417.75,25418.5,267,25421.72,25382.17,0.00
2025-11-25,22:22:00,25418.5,25419.5,25416.25,25416.5,186,25421.30,25382.28,0.00
2025-11-25,22:23:00,25416.25,25417.25,25408.5,25413.75,787,25418.93,25382.69,0.00
2025-11-25,22:24:00,25414.25,25418.75,25412.5,25417.25,239,25418.70,25382.82,0.00
2025-11-25,22:25:00,25417.25,25418.75,25416.5,25417.75,145,25418.66,25382.91,0.00
2025-11-25,22:26:00,25417.75,25417.75,25415,25415.75,235,25418.48,25383.04,0.00
2025-11-25,22:27:00,25416,25418.25,25413.75,25415.25,179,25418.34,25383.13,0.00
2025-11-25,22:28:00,25415.5,25420.25,25415,25417.5,203,25418.30,25383.25,0.00
2025-11-25,22:29:00,25416.75,25420.25,25416.25,25416.5,131,25418.28,25383.32,0.00
2025-11-25,22:30:00,25416.25,25418.75,25416,25416.75,108,25418.25,25383.38,0.00
2025-11-25,22:31:00,25417,25422.25,25414.75,25421.25,276,25418.32,25383.54,0.00
2025-11-25,22:32:00,25421.5,25422.25,25418.25,25421.25,275,25418.46,25383.71,0.00
2025-11-25,22:33:00,25421.25,25423.5,25420,25420.5,292,25418.64,25383.89,0.00
2025-11-25,22:34:00,25420.5,25424.5,25419.5,25422.75,188,25418.77,25384.00,0.00
2025-11-25,22:35:00,25422.25,25423.25,25417.5,25419.75,252,25418.84,25384.15,0.00
2025-11-25,22:36:00,25419.75,25426,25419.75,25420.75,335,25419.04,25384.35,0.00
2025-11-25,22:37:00,25420.25,25422.75,25417.25,25421.75,261,25419.11,25384.50,0.00
2025-11-25,22:38:00,25421.75,25423.25,25418.5,25421.25,156,25419.16,25384.59,0.00
2025-11-25,22:39:00,25420.5,25423.25,25419.25,25422,128,25419.21,25384.67,0.00
2025-11-25,22:40:00,25422,25431.5,25422,25428.5,927,25427.33,25385.29,0.00
2025-11-25,22:41:00,25429,25433,25427,25427.5,487,25429.17,25385.62,0.00
2025-11-25,22:42:00,25427.5,25430.5,25425,25430.5,239,25429.00,25385.77,0.00
2025-11-25,22:43:00,25430.25,25432,25428.75,25430.25,257,25429.35,25385.95,0.00
2025-11-25,22:44:00,25430.5,25434.25,25430.5,25432,485,25432.25,25386.29,0.00
2025-11-25,22:45:00,25432,25432,25427.5,25429,197,25431.46,25386.42,0.00
2025-11-25,22:46:00,25429,25431.5,25426.5,25429.5,246,25430.85,25386.58,0.00
2025-11-25,22:47:00,25430.25,25430.75,25426,25429.5,278,25430.37,25386.76,0.00
2025-11-25,22:48:00,25429.5,25430.75,25428.25,25429,158,25430.25,25386.86,0.00
2025-11-25,22:49:00,25428.25,25428.75,25422.75,25423.75,426,25429.02,25387.10,0.00
2025-11-25,22:50:00,25423.25,25425.25,25419.75,25424.75,426,25427.91,25387.33,0.00
2025-11-25,22:51:00,25424.25,25429.5,25423.25,25426.5,286,25427.74,25387.50,0.00
2025-11-25,22:52:00,25427,25430.25,25426.75,25429.25,216,25427.82,25387.63,0.00
2025-11-25,22:53:00,25429,25433,25427.5,25432.75,191,25428.03,25387.75,0.00
2025-11-25,22:54:00,25432.25,25437.25,25431,25436,551,25434.75,25388.13,0.00
2025-11-25,22:55:00,25435.5,25436.5,25433.75,25435.5,311,25434.93,25388.34,0.00
2025-11-25,22:56:00,25435.75,25437,25433.75,25435,272,25435.01,25388.52,0.00
2025-11-25,22:57:00,25434.5,25435.25,25431.25,25431.25,180,25434.68,25388.64,0.00
2025-11-25,22:58:00,25431.25,25434.75,25429.5,25433.5,265,25434.32,25388.81,0.00
2025-11-25,22:59:00,25433.25,25434,25429.5,25431.25,132,25434.11,25388.89,0.00
2025-11-25,23:00:00,25431.5,25436.25,25431.5,25435,249,25434.13,25389.05,0.00
2025-11-25,23:01:00,25435,25436,25433.25,25433.5,208,25434.14,25389.18,0.00
2025-11-25,23:02:00,25433.5,25439.5,25433,25437.5,493,25436.67,25389.51,0.00
2025-11-25,23:03:00,25437.5,25446.75,25436.75,25444,830,25442.50,25390.13,0.00
2025-11-25,23:04:00,25445.5,25449.75,25442,25442.75,631,25444.83,25390.61,0.00
2025-11-25,23:05:00,25442.5,25442.5,25437.75,25438.25,723,25441.99,25391.09,0.00
2025-11-25,23:06:00,25438,25441.5,25435.25,25436.5,436,25440.95,25391.37,0.00
2025-11-25,23:07:00,25437,25438.5,25434.5,25435.5,269,25440.33,25391.53,0.00
2025-11-25,23:08:00,25435.75,25436.5,25433.75,25434.5,218,25439.81,25391.66,0.00
2025-11-25,23:09:00,25435.25,25436.25,25430,25431.75,547,25438.43,25391.96,0.00
2025-11-25,23:10:00,25431,25431.5,25427.75,25428.5,298,25437.55,25392.11,0.00
2025-11-25,23:11:00,25428.25,25428.75,25425,25427,459,25436.19,25392.32,0.00
2025-11-25,23:12:00,25427,25429.5,25426,25428.25,381,25435.39,25392.50,0.00
2025-11-25,23:13:00,25428.75,25432.5,25427,25428.75,460,25434.77,25392.73,0.00
2025-11-25,23:14:00,25428.25,25429.5,25424.75,25425.5,444,25434.02,25392.92,0.00
2025-11-25,23:15:00,25426.25,25428.25,25424,25427,250,25433.65,25393.03,0.00
2025-11-25,23:16:00,25427,25427.25,25421.25,25424,528,25432.76,25393.25,0.00
2025-11-25,23:17:00,25424,25427,25423.75,25427,118,25432.62,25393.30,0.00
2025-11-25,23:18:00,25427.25,25428,25425,25425,158,25432.45,25393.36,0.00
2025-11-25,23:19:00,25425.25,25429.5,25425,25426.75,182,25432.29,25393.44,0.00
2025-11-25,23:20:00,25427,25430.25,25427,25429.5,274,25432.14,25393.57,0.00
2025-11-25,23:21:00,25429,25433,25428.25,25431.5,342,25432.08,25393.73,0.00
2025-11-25,23:22:00,25431,25432,25427.75,25431,237,25432.02,25393.84,0.00
2025-11-25,23:23:00,25431,25433,25429.75,25430.75,131,25432.00,25393.90,0.00
2025-11-25,23:24:00,25431.5,25433,25430,25430,100,25431.99,25393.95,0.00
2025-11-25,23:25:00,25430.5,25431,25427.5,25427.75,159,25431.92,25394.02,0.00
2025-11-25,23:26:00,25428.25,25430.75,25426.5,25430,288,25431.81,25394.15,0.00
2025-11-25,23:27:00,25430,25431,25428,25429.75,63,25431.79,25394.17,0.00
2025-11-25,23:28:00,25430.25,25432.25,25429,25431,200,25431.77,25394.27,0.00
2025-11-25,23:29:00,25431,25433,25430,25432,135,25431.76,25394.33,0.00
2025-11-25,23:30:00,25431.75,25432.5,25428.25,25428.25,164,25431.72,25394.40,0.00
2025-11-25,23:31:00,25428.75,25431.5,25427,25430.75,219,25431.67,25394.50,0.00
2025-11-25,23:32:00,25431.75,25432,25428,25428.5,118,25431.64,25394.55,0.00
2025-11-25,23:33:00,25429.25,25432.75,25429.25,25430.25,124,25431.63,25394.61,0.00
2025-11-25,23:34:00,25430.25,25432.25,25426.75,25431,460,25431.55,25394.81,0.00
2025-11-25,23:35:00,25431.75,25432.75,25429.75,25431.5,94,25431.54,25394.85,0.00
2025-11-25,23:36:00,25431.75,25432.5,25430.75,25431.5,102,25431.54,25394.90,0.00
2025-11-25,23:37:00,25431.5,25433.25,25429.25,25432.5,104,25431.55,25394.95,0.00
2025-11-25,23:38:00,25432.5,25441.25,25432.25,25440,634,25431.94,25395.28,0.00
2025-11-25,23:39:00,25439.75,25441.25,25437.75,25440,165,25432.07,25395.37,0.00
2025-11-25,23:40:00,25440.5,25441.75,25439.25,25439.5,174,25432.20,25395.46,0.00
2025-11-25,23:41:00,25439.25,25442,25433.75,25436.25,491,25432.43,25395.71,0.00
2025-11-25,23:42:00,25436.5,25437.75,25434,25434,147,25432.47,25395.78,0.00
2025-11-25,23:43:00,25434,25434.75,25428.5,25432.75,381,25432.46,25395.95,0.00
2025-11-25,23:44:00,25431.5,25433.5,25428.75,25432.75,248,25432.44,25396.06,0.00
2025-11-25,23:45:00,25433.25,25433.25,25429,25430.25,184,25432.41,25396.13,0.00
2025-11-25,23:46:00,25430,25434.25,25430,25433,151,25432.41,25396.20,0.00
2025-11-25,23:47:00,25433.5,25436.75,25431,25436.75,338,25432.48,25396.35,0.00
2025-11-25,23:48:00,25436.5,25440.5,25435,25439.75,280,25432.61,25396.49,0.00
2025-11-25,23:49:00,25439.75,25440.75,25438,25439.5,281,25432.76,25396.64,0.00
2025-11-25,23:50:00,25439.75,25439.75,25436.25,25439.5,158,25432.83,25396.72,0.00
2025-11-25,23:51:00,25439,25440.25,25438,25438.75,119,25432.89,25396.77,0.00
2025-11-25,23:52:00,25438.75,25440,25438,25438.75,84,25432.92,25396.82,0.00
2025-11-25,23:53:00,25438,25438.75,25436.25,25438.5,170,25432.99,25396.90,0.00
2025-11-25,23:54:00,25438,25438.25,25432.25,25432.75,305,25433.02,25397.03,0.00
2025-11-25,23:55:00,25433,25435,25431,25434,201,25433.02,25397.12,0.00
2025-11-25,23:56:00,25434,25438,25434,25437,219,25433.07,25397.22,0.00
2025-11-25,23:57:00,25437,25438,25434.25,25437,126,25433.10,25397.28,0.00
2025-11-25,23:58:00,25437.25,25441,25436,25437.5,235,25433.19,25397.39,0.00
2025-11-25,23:59:00,25437.75,25438.25,25433,25434.75,184,25433.21,25397.47,0.00
2025-11-25,00:00:00,25172.5,25177.25,25171,25176.75,225,25194.01,25172.40,0.00
2025-11-25,00:01:00,25177.25,25179.25,25173.75,25179,332,25193.96,25173.94,0.00
2025-11-25,00:02:00,25178.5,25185,25177.75,25183,490,25193.90,25176.45,0.00
2025-11-25,00:03:00,25183.25,25187,25182.75,25184.25,256,25193.88,25177.61,0.00
2025-11-25,00:04:00,25183.5,25186,25179.75,25181.25,177,25193.85,25178.03,0.00
2025-11-25,00:05:00,25182,25184.5,25177.75,25183.25,213,25193.83,25178.39,0.00
2025-11-25,00:06:00,25183.75,25183.75,25175.75,25178.25,375,25193.77,25178.52,0.00
2025-11-25,00:07:00,25178.75,25184,25177.75,25184,151,25193.76,25178.71,0.00
2025-11-25,00:08:00,25184.25,25187.75,25181.5,25185.25,187,25193.74,25179.10,0.00
2025-11-25,00:09:00,25186.75,25186.75,25183,25183,255,25193.72,25179.51,0.00
2025-11-25,00:10:00,25184.25,25186.5,25181.75,25185.75,200,25193.70,25179.82,0.00
2025-11-25,00:11:00,25186,25188.75,25184,25186.5,290,25193.68,25180.34,0.00
2025-11-25,00:12:00,25187.5,25191.75,25187.5,25188.25,320,25193.66,25181.05,0.00
2025-11-25,00:13:00,25187.75,25192.5,25187,25191.25,174,25193.66,25181.44,0.00
2025-11-25,00:14:00,25190.5,25191.25,25186.75,25188.5,133,25193.65,25181.67,0.00
2025-11-25,00:15:00,25188.5,25191,25187.75,25190.75,136,25193.65,25181.92,0.00
2025-11-25,00:16:00,25191,25198.75,25191,25198.5,462,25193.66,25183.26,0.00
2025-11-25,00:17:00,25198.75,25207.25,25198.5,25204.75,636,25193.72,25185.59,0.00
2025-11-25,00:18:00,25204.75,25206,25202.25,25202.25,236,25193.74,25186.32,0.00
2025-11-25,00:19:00,25203.25,25204,25198.5,25198.5,289,25193.76,25186.99,0.00
2025-11-25,00:20:00,25198.75,25201,25197.25,25198.5,136,25193.76,25187.25,0.00
2025-11-25,00:21:00,25198.5,25201.5,25195,25195.75,286,25193.77,25187.70,0.00
2025-11-25,00:22:00,25196.75,25198.5,25192.5,25192.5,164,25193.78,25187.87,0.00
2025-11-25,00:23:00,25192.75,25195,25187,25188,453,25193.76,25188.01,0.00
2025-11-25,00:24:00,25188.25,25194,25187.75,25193.5,276,25193.75,25188.15,0.00
2025-11-25,00:25:00,25193.25,25197,25192.75,25194,234,25193.76,25188.34,0.00
2025-11-25,00:26:00,25193.5,25195.25,25191.5,25194,149,25193.76,25188.45,0.00
2025-11-25,00:27:00,25194.75,25197.25,25194.5,25195.25,150,25193.76,25188.58,0.00
2025-11-25,00:28:00,25195,25195.5,25192.25,25193.25,124,25193.76,25188.66,0.00
2025-11-25,00:29:00,25193.5,25193.75,25189,25191.25,217,25193.75,25188.73,0.00
2025-11-25,00:30:00,25191.75,25191.75,25187.75,25188.5,167,25193.75,25188.74,0.00
2025-11-25,00:31:00,25188.25,25190.25,25184.75,25187.25,302,25193.73,25188.70,0.00
2025-11-25,00:32:00,25187.75,25188.25,25181.25,25184,368,25193.70,25188.53,0.00
2025-11-25,00:33:00,25183.25,25187.5,25182,25184.5,145,25193.68,25188.47,0.00
2025-11-25,00:34:00,25184.75,25189.5,25184.75,25189.5,164,25193.68,25188.46,0.00
2025-11-25,00:35:00,25188.75,25191.75,25188,25190,135,25193.67,25188.48,0.00
2025-11-25,00:36:00,25189.75,25192.75,25189,25189.25,176,25193.67,25188.51,0.00
2025-11-25,00:37:00,25189.25,25189.25,25184,25186,272,25193.65,25188.45,0.00
2025-11-25,00:38:00,25186,25188.75,25183,25183.5,160,25193.63,25188.40,0.00
2025-11-25,00:39:00,25183.75,25185.25,25182.25,25182.25,138,25193.62,25188.33,0.00
2025-11-25,00:40:00,25182.75,25184.5,25180.5,25182,172,25193.60,25188.23,0.00
2025-11-25,00:41:00,25182,25185.5,25182,25182.5,175,25193.59,25188.15,0.00
2025-11-25,00:42:00,25182.25,25186.5,25182.25,25186,145,25193.57,25188.11,0.00
2025-11-25,00:43:00,25185.5,25190,25184.5,25188.25,207,25193.56,25188.10,0.00
2025-11-25,00:44:00,25188.25,25188.5,25181.75,25183.75,221,25193.55,25188.03,0.00
2025-11-25,00:45:00,25183.75,25184.25,25180.75,25182,165,25193.53,25187.95,0.00
2025-11-25,00:46:00,25181.25,25184,25180.25,25183.75,188,25193.51,25187.86,0.00
2025-11-25,00:47:00,25184.5,25188,25183.75,25186.75,214,25193.50,25187.83,0.00
2025-11-25,00:48:00,25186.5,25188,25184.5,25185,151,25193.48,25187.81,0.00
2025-11-25,00:49:00,25185.25,25186.5,25183.5,25185.25,190,25193.47,25187.76,0.00
2025-11-25,00:50:00,25185.5,25187,25182.75,25184.5,174,25193.46,25187.72,0.00
2025-11-25,00:51:00,25184.75,25187.75,25184.5,25187.25,117,25193.45,25187.71,0.00
2025-11-25,00:52:00,25187.25,25188,25185.25,25187.5,144,25193.44,25187.70,0.00
2025-11-25,00:53:00,25187.25,25190.5,25186.5,25189,264,25193.43,25187.72,0.00
2025-11-25,00:54:00,25189.25,25189.5,25186,25187.25,135,25193.42,25187.72,0.00
2025-11-25,00:55:00,25187.25,25187.5,25183,25183,191,25193.41,25187.67,0.00
2025-11-25,00:56:00,25183.25,25187,25183,25186.25,111,25193.40,25187.65,0.00
2025-11-25,00:57:00,25186.5,25187.75,25185.75,25186.25,179,25193.39,25187.64,0.00
2025-11-25,00:58:00,25186.5,25189.75,25186.5,25188.25,121,25193.38,25187.64,0.00
2025-11-25,00:59:00,25188.25,25189.25,25184.75,25186.75,207,25193.37,25187.63,0.00
2025-11-25,01:00:00,25186.75,25188.25,25186,25187.5,148,25193.36,25187.63,0.00
2025-11-25,01:01:00,25187.75,25189.75,25186,25188.75,330,25193.35,25187.64,0.00
2025-11-25,01:02:00,25189,25193,25186.25,25191,300,25193.34,25187.69,0.00
2025-11-25,01:03:00,25191,25191.75,25187.25,25188.5,200,25193.33,25187.71,0.00
2025-11-25,01:04:00,25189,25192,25186.75,25188.75,136,25193.32,25187.72,0.00
2025-11-25,01:05:00,25188.75,25192,25188.25,25188.25,182,25193.32,25187.75,0.00
2025-11-25,01:06:00,25187.75,25188.25,25178.5,25181.75,767,25193.25,25187.51,0.00
2025-11-25,01:07:00,25182,25185.75,25181.75,25183,404,25193.21,25187.41,0.00
2025-11-25,01:08:00,25183.25,25189.75,25183,25189,292,25193.20,25187.40,0.00
2025-11-25,01:09:00,25189,25194.5,25188.25,25193.25,291,25193.19,25187.48,0.00
2025-11-25,01:10:00,25194,25194.25,25189.5,25192,264,25193.19,25187.55,0.00
2025-11-25,01:11:00,25192,25195.75,25191.25,25195.25,236,25193.19,25187.64,0.00
2025-11-25,01:12:00,25195.25,25199.25,25195,25197.25,386,25193.21,25187.85,0.00
2025-11-25,01:13:00,25197.25,25199.25,25195.5,25199.25,221,25193.22,25187.98,0.00
2025-11-25,01:14:00,25198.75,25203.25,25197.75,25200.75,340,25193.24,25188.21,0.00
2025-11-25,01:15:00,25200.75,25206,25200.5,25205.25,536,25193.29,25188.66,0.00
2025-11-25,01:16:00,25205.75,25208.75,25202,25202,690,25193.35,25189.21,0.00
2025-11-25,01:17:00,25202.25,25202.5,25194.25,25194.5,522,25193.37,25189.42,0.00
2025-11-25,01:18:00,25194.25,25196.75,25189.25,25190,394,25193.36,25189.47,0.00
2025-11-25,01:19:00,25189.75,25194.75,25187.5,25191.75,413,25193.36,25189.50,0.00
2025-11-25,01:20:00,25191.5,25195.75,25191.5,25194.25,286,25193.36,25189.56,0.00
2025-11-25,01:21:00,25194.25,25195.25,25190.5,25192,225,25193.36,25189.60,0.00
2025-11-25,01:22:00,25192.25,25193,25185.5,25185.5,358,25193.34,25189.57,0.00
2025-11-25,01:23:00,25185.5,25185.5,25180.25,25182,511,25193.29,25189.41,0.00
2025-11-25,01:24:00,25181.75,25182.5,25178.5,25181.5,363,25193.26,25189.27,0.00
2025-11-25,01:25:00,25181,25181,25176.5,25178.25,327,25193.22,25189.12,0.00
2025-11-25,01:26:00,25178,25178,25169.75,25170.25,519,25193.13,25188.75,0.00
2025-11-25,01:27:00,25170.5,25172.25,25166.5,25168,554,25193.02,25168.92,0.00
2025-11-25,01:28:00,25167.5,25173,25167.5,25171.75,374,25192.95,25169.66,0.00
2025-11-25,01:29:00,25171,25175,25169.75,25172,290,25192.90,25170.27,0.00
2025-11-25,01:30:00,25172.25,25174.25,25168.75,25171.25,270,25192.85,25170.48,0.00
2025-11-25,01:31:00,25171.75,25177,25169.75,25175,382,25192.79,25171.18,0.00
2025-11-25,01:32:00,25174.5,25178,25171.25,25177.25,338,25192.75,25171.84,0.00
2025-11-25,01:33:00,25177.75,25181.5,25176,25179.5,338,25192.71,25172.79,0.00
2025-11-25,01:34:00,25179.75,25183,25176.75,25180.75,219,25192.69,25173.38,0.00
2025-11-25,01:35:00,25180.75,25182.5,25178.75,25180,159,25192.67,25173.76,0.00
2025-11-25,01:36:00,25180.25,25183.75,25180.25,25182.5,158,25192.66,25174.19,0.00
2025-11-25,01:37:00,25181.75,25184.75,25180.5,25183.5,174,25192.64,25174.66,0.00
2025-11-25,01:38:00,25183.5,25185,25181,25185,105,25192.64,25174.94,0.00
2025-11-25,01:39:00,25184.5,25187,25183.75,25186.5,249,25192.62,25175.68,0.00
2025-11-25,01:40:00,25185.75,25188.5,25185.75,25186.75,171,25192.62,25176.20,0.00
2025-11-25,01:41:00,25186.75,25188.75,25186,25188.25,197,25192.61,25176.76,0.00
2025-11-25,01:42:00,25187.75,25188,25183,25184,238,25192.59,25177.23,0.00
2025-11-25,01:43:00,25184,25188,25183.5,25186,174,25192.58,25177.57,0.00
2025-11-25,01:44:00,25186.5,25188.75,25185.25,25187.75,148,25192.58,25177.89,0.00
2025-11-25,01:45:00,25187.75,25190.25,25185.25,25185.75,206,25192.57,25178.29,0.00
2025-11-25,01:46:00,25186.25,25186.75,25183,25185.25,136,25192.56,25178.47,0.00
2025-11-25,01:47:00,25186,25187.75,25180.5,25181.5,342,25192.53,25178.79,0.00
2025-11-25,01:48:00,25181.75,25182.75,25177.75,25179.25,279,25192.51,25178.84,0.00
2025-11-25,01:49:00,25179.25,25181.25,25177.5,25178.25,143,25192.49,25178.85,0.00
2025-11-25,01:50:00,25178.5,25181,25178,25178.25,154,25192.48,25178.85,0.00
2025-11-25,01:51:00,25178,25179,25173,25175.5,434,25192.42,25178.64,0.00
2025-11-25,01:52:00,25175.5,25177.5,25174,25174,215,25192.39,25178.53,0.00
2025-11-25,01:53:00,25174.25,25176.5,25173.5,25175,178,25192.37,25178.43,0.00
2025-11-25,01:54:00,25174.5,25176,25172.25,25176,224,25192.33,25178.31,0.00
2025-11-25,01:55:00,25176,25178.75,25174,25177.5,225,25192.31,25178.26,0.00
2025-11-25,01:56:00,25177.25,25179,25176,25179,168,25192.29,25178.26,0.00
2025-11-25,01:57:00,25178.75,25179.75,25175.5,25176,183,25192.27,25178.23,0.00
2025-11-25,01:58:00,25176,25177,25173.25,25176.25,189,25192.24,25178.16,0.00
2025-11-25,01:59:00,25176,25178,25174.25,25174.25,115,25192.23,25178.12,0.00
2025-11-25,02:00:00,25174,25176,25173.5,25174.25,114,25192.21,25178.07,0.00
2025-11-25,02:01:00,25174.25,25182.25,25173.75,25176.75,346,25192.17,25178.05,0.00
2025-11-25,02:02:00,25177,25177.5,25172.5,25177.5,234,25192.14,25177.99,0.00
2025-11-25,02:03:00,25178,25183.25,25178,25182.25,234,25192.12,25178.07,0.00
2025-11-25,02:04:00,25181.75,25184.25,25181,25182.75,235,25192.11,25178.19,0.00
2025-11-25,02:05:00,25182.25,25183,25178.5,25180.25,176,25192.09,25178.24,0.00
2025-11-25,02:06:00,25180.25,25182.75,25179,25182.75,114,25192.08,25178.28,0.00
2025-11-25,02:07:00,25182,25185.25,25180.25,25180.5,134,25192.07,25178.33,0.00
2025-11-25,02:08:00,25180.25,25180.25,25175.5,25177,242,25192.04,25178.32,0.00
2025-11-25,02:09:00,25176.75,25182.75,25176.5,25181.5,216,25192.02,25178.36,0.00
2025-11-25,02:10:00,25181.75,25187,25181.5,25185.25,333,25192.01,25178.56,0.00
2025-11-25,02:11:00,25185.25,25188,25182.25,25184.75,267,25191.99,25178.73,0.00
2025-11-25,02:12:00,25184.75,25191.75,25184.75,25189.5,414,25191.98,25179.11,0.00
2025-11-25,02:13:00,25189.5,25191,25185.75,25187.5,142,25191.98,25179.23,0.00
2025-11-25,02:14:00,25186.5,25188,25185,25185,100,25191.97,25179.29,0.00
2025-11-25,02:15:00,25184.75,25185.5,25180.25,25182.75,187,25191.96,25179.35,0.00
2025-11-25,02:16:00,25182.75,25182.75,25179.5,25179.5,202,25191.94,25179.37,0.00
2025-11-25,02:17:00,25180,25180,25172.25,25175,458,25191.89,25179.23,0.00
2025-11-25,02:18:00,25174.5,25175.25,25171.75,25174.25,221,25191.86,25179.13,0.00
2025-11-25,02:19:00,25173.75,25175.75,25171.75,25173,245,25191.82,25179.02,0.00
2025-11-25,02:20:00,25172.75,25175,25169,25172.5,398,25191.76,25178.80,0.00
2025-11-25,02:21:00,25172.75,25173.25,25166,25171.5,557,25191.67,25170.25,0.00
2025-11-25,02:22:00,25171.5,25172,25166.5,25167,330,25191.62,25169.60,0.00
2025-11-25,02:23:00,25167.25,25169.25,25164.25,25167.25,315,25191.56,25166.92,0.00
2025-11-25,02:24:00,25166.75,25166.75,25160.75,25162.5,488,25191.46,25163.33,0.00
2025-11-25,02:25:00,25161.5,25165,25159.25,25164.5,539,25191.34,25162.92,0.00
2025-11-25,02:26:00,25165,25165.75,25159.25,25162,319,25191.28,25162.70,0.00
2025-11-25,02:27:00,25162,25164.5,25158.75,25160.5,343,25191.20,25161.25,0.00
2025-11-25,02:28:00,25161.5,25166.25,25160,25163.5,253,25191.15,25162.10,0.00
2025-11-25,02:29:00,25163,25167.75,25162.25,25165,293,25191.09,25163.06,0.00
2025-11-25,02:30:00,25164.75,25167.5,25160.75,25164.75,222,25191.05,25163.31,0.00
2025-11-25,02:31:00,25164.75,25171,25162.75,25169.25,338,25190.99,25164.33,0.00
2025-11-25,02:32:00,25168.25,25169.25,25162.5,25162.5,210,25190.95,25164.38,0.00
2025-11-25,02:33:00,25162.75,25167.5,25159.25,25167,245,25190.91,25164.41,0.00
2025-11-25,02:34:00,25166.75,25173.75,25165.5,25172.25,287,25190.86,25165.20,0.00
2025-11-25,02:35:00,25172,25177,25170.75,25176.5,267,25190.83,25166.24,0.00
2025-11-25,02:36:00,25176.5,25179,25175,25176.5,270,25190.81,25167.29,0.00
2025-11-25,02:37:00,25177,25181.75,25175.25,25177.75,391,25190.77,25168.66,0.00
2025-11-25,02:38:00,25177.75,25180.75,25175,25176,207,25190.75,25169.20,0.00
2025-11-25,02:39:00,25176,25176.25,25169.5,25171,331,25190.71,25169.47,0.00
2025-11-25,02:40:00,25170.75,25172,25168,25168.75,124,25190.69,25169.48,0.00
2025-11-25,02:41:00,25168.75,25170.5,25164.25,25165,282,25190.64,25169.28,0.00
2025-11-25,02:42:00,25164.5,25169.25,25163.5,25163.75,178,25190.61,25169.12,0.00
2025-11-25,02:43:00,25164,25168.25,25162.75,25164,261,25190.56,25168.88,0.00
2025-11-25,02:44:00,25163.5,25166,25160,25162.5,334,25190.49,25168.46,0.00
2025-11-25,02:45:00,25162.25,25167.75,25160.25,25160.25,385,25190.42,25168.04,0.00
2025-11-25,02:46:00,25160.25,25162,25154.5,25156.75,629,25190.27,25157.75,0.00
2025-11-25,02:47:00,25157,25159.75,25154.5,25158.25,264,25190.21,25157.68,0.00
2025-11-25,02:48:00,25158,25160.5,25155.75,25157.5,297,25190.15,25157.74,0.00
2025-11-25,02:49:00,25157.5,25157.5,25153.5,25155,282,25190.08,25155.33,0.00
2025-11-25,02:50:00,25155.25,25156.25,25151.75,25152.25,541,25189.94,25153.42,0.00
2025-11-25,02:51:00,25152.25,25153,25147.25,25149,553,25189.78,25149.75,0.00
2025-11-25,02:52:00,25148.25,25154,25147.5,25153.25,319,25189.70,25150.42,0.00
2025-11-25,02:53:00,25152.75,25152.75,25147.75,25149.75,275,25189.62,25150.34,0.00
2025-11-25,02:54:00,25148.75,25151.5,25148.5,25149.75,202,25189.57,25150.28,0.00
2025-11-25,02:55:00,25150.5,25155.25,25149.75,25152,426,25189.46,25150.77,0.00
2025-11-25,02:56:00,25152,25163.25,25151.75,25160,622,25189.33,25152.73,0.00
2025-11-25,02:57:00,25159.75,25163,25158.75,25159,233,25189.28,25153.40,0.00
2025-11-25,02:58:00,25159,25162,25157.25,25159.75,280,25189.22,25154.00,0.00
2025-11-25,02:59:00,25160.5,25161.25,25157.75,25158.5,176,25189.19,25154.30,0.00
2025-11-25,03:00:00,25158.5,25159,25152.75,25155,303,25189.12,25154.41,0.00
2025-11-25,03:01:00,25155.25,25157,25149.25,25152.5,538,25188.99,25154.21,0.00
2025-11-25,03:02:00,25152.5,25155.25,25150.75,25151.75,359,25188.90,25154.07,0.00
2025-11-25,03:03:00,25151.25,25154.75,25148,25154.75,353,25188.81,25153.95,0.00
2025-11-25,03:04:00,25155,25156,25150,25150.75,273,25188.74,25153.86,0.00
2025-11-25,03:05:00,25150.25,25150.25,25143.25,25143.75,875,25188.49,25145.75,0.00
2025-11-25,03:06:00,25144,25149.5,25136.25,25139.25,1031,25188.17,25141.67,0.00
2025-11-25,03:07:00,25138.5,25142.5,25137.75,25141.75,505,25188.01,25141.34,0.00
2025-11-25,03:08:00,25141.5,25145.25,25141,25145.25,353,25187.91,25141.80,0.00
2025-11-25,03:09:00,25144.5,25150.25,25144.25,25147.25,546,25187.76,25143.03,0.00
2025-11-25,03:10:00,25147.5,25147.75,25140.5,25141.75,328,25187.67,25143.06,0.00
2025-11-25,03:11:00,25142,25143.25,25138,25138,327,25187.56,25142.71,0.00
2025-11-25,03:12:00,25138,25140.5,25136.75,25137.25,279,25187.47,25142.34,0.00
2025-11-25,03:13:00,25137,25138.25,25134,25136,481,25187.31,25136.08,0.00
2025-11-25,03:14:00,25136.25,25144,25136.25,25143.5,336,25187.21,25138.21,0.00
2025-11-25,03:15:00,25143,25145.5,25141.25,25144.75,255,25187.14,25139.55,0.00
2025-11-25,03:16:00,25144.75,25145.25,25141.25,25142.5,208,25187.08,25140.11,0.00
2025-11-25,03:17:00,25142,25149.5,25141.25,25147,384,25186.98,25141.45,0.00
2025-11-25,03:18:00,25147,25150,25145.25,25149.25,259,25186.91,25142.35,0.00
2025-11-25,03:19:00,25149.25,25149.25,25142,25142.5,278,25186.84,25142.63,0.00
2025-11-25,03:20:00,25142.5,25143,25138.5,25142.75,243,25186.76,25142.51,0.00
2025-11-25,03:21:00,25142.25,25146.25,25141.5,25143.25,173,25186.72,25142.59,0.00
2025-11-25,03:22:00,25143,25146.75,25141.5,25145.5,115,25186.69,25142.67,0.00
2025-11-25,03:23:00,25145.5,25149.75,25144.25,25146,331,25186.60,25143.11,0.00
2025-11-25,03:24:00,25146.5,25149.75,25146.25,25149.25,143,25186.57,25143.34,0.00
2025-11-25,03:25:00,25150,25152.75,25146.75,25150.5,394,25186.47,25144.07,0.00
2025-11-25,03:26:00,25150.75,25150.75,25145.25,25148.75,351,25186.39,25144.44,0.00
2025-11-25,03:27:00,25148.75,25150,25146,25146.75,172,25186.34,25144.57,0.00
2025-11-25,03:28:00,25146,25149.25,25144.5,25148.75,220,25186.29,25144.72,0.00
2025-11-25,03:29:00,25149,25150.75,25147.75,25149.25,201,25186.24,25144.92,0.00
2025-11-25,03:30:00,25149.25,25150.5,25147.25,25148.25,261,25186.18,25145.13,0.00
2025-11-25,03:31:00,25147.75,25149,25143.5,25147.75,394,25186.08,25145.25,0.00
2025-11-25,03:32:00,25148,25150.5,25144.5,25148,300,25186.01,25145.38,0.00
2025-11-25,03:33:00,25148.25,25156.5,25147,25154.75,420,25185.92,25145.90,0.00
2025-11-25,03:34:00,25154.25,25158.25,25154.25,25157,360,25185.85,25146.51,0.00
2025-11-25,03:35:00,25157.25,25160.25,25155.5,25157,307,25185.80,25147.03,0.00
2025-11-25,03:36:00,25157,25160.25,25154.75,25156,450,25185.72,25147.66,0.00
2025-11-25,03:37:00,25155.75,25155.75,25151.5,25152.25,293,25185.66,25147.88,0.00
2025-11-25,03:38:00,25151.25,25158.25,25149.75,25158,247,25185.61,25148.13,0.00
2025-11-25,03:39:00,25158.75,25166.25,25158.75,25165,695,25185.52,25149.41,0.00
2025-11-25,03:40:00,25165.25,25166.25,25158.5,25160,286,25185.47,25149.81,0.00
2025-11-25,03:41:00,25160.5,25164,25158.75,25163.25,336,25185.42,25150.27,0.00
2025-11-25,03:42:00,25163.75,25167.5,25159,25166,457,25185.36,25150.95,0.00
2025-11-25,03:43:00,25166.25,25167.75,25163.5,25165.5,251,25185.33,25151.33,0.00
2025-11-25,03:44:00,25165.75,25169.75,25165.75,25169.75,269,25185.31,25151.80,0.00
2025-11-25,03:45:00,25169,25179,25168.25,25179,650,25185.27,25153.26,0.00
2025-11-25,03:46:00,25179.25,25183,25174.5,25177.5,844,25185.23,25155.12,0.00
2025-11-25,03:47:00,25178,25189.25,25177,25187.5,859,25185.23,25157.19,0.00
2025-11-25,03:48:00,25186.5,25188.5,25181,25183.25,653,25185.22,25158.56,0.00
2025-11-25,03:49:00,25182.75,25184.5,25174,25175,616,25185.20,25159.44,0.00
2025-11-25,03:50:00,25174,25175.75,25162.25,25164.75,1088,25185.08,25160.05,0.00
2025-11-25,03:51:00,25164.5,25169.25,25158.25,25168.75,735,25185.00,25160.31,0.00
2025-11-25,03:52:00,25169.75,25174,25166.75,25168,640,25184.94,25160.68,0.00
2025-11-25,03:53:00,25168.75,25183.25,25168.5,25177.5,907,25184.89,25161.53,0.00
2025-11-25,03:54:00,25177.75,25178.5,25170.75,25175,266,25184.88,25161.73,0.00
2025-11-25,03:55:00,25175.5,25179.25,25171,25171.25,296,25184.86,25161.94,0.00
2025-11-25,03:56:00,25170.5,25171.25,25164.25,25166.5,451,25184.81,25162.07,0.00
2025-11-25,03:57:00,25166,25168.25,25156.25,25160.25,583,25184.73,25162.06,0.00
2025-11-25,03:58:00,25159.25,25163.75,25159,25163,196,25184.70,25162.06,0.00
2025-11-25,03:59:00,25162.75,25169.25,25162.75,25168.5,303,25184.67,25162.13,0.00
2025-11-25,04:00:00,25168.75,25171.75,25164,25168.25,330,25184.64,25162.23,0.00
2025-11-25,04:01:00,25167.25,25184.5,25165.25,25172.75,1076,25184.58,25162.86,0.00
2025-11-25,04:02:00,25172.75,25178,25165,25171.75,538,25184.54,25163.09,0.00
2025-11-25,04:03:00,25172,25176.25,25168.25,25175.75,367,25184.51,25163.27,0.00
2025-11-25,04:04:00,25175.5,25178.25,25164.75,25170,377,25184.48,25163.40,0.00
2025-11-25,04:05:00,25170.75,25176,25169.75,25173,249,25184.47,25163.51,0.00
2025-11-25,04:06:00,25172.75,25176,25167.25,25171.5,469,25184.43,25163.68,0.00
2025-11-25,04:07:00,25171.5,25176.75,25164,25171.75,611,25184.38,25163.87,0.00
2025-11-25,04:08:00,25171.5,25173.5,25163.75,25164,466,25184.34,25163.93,0.00
2025-11-25,04:09:00,25164.25,25164.25,25155.5,25159.5,732,25184.24,25163.81,0.00
2025-11-25,04:10:00,25158.75,25164,25154,25161.25,595,25184.15,25163.71,0.00
2025-11-25,04:11:00,25161.5,25164.25,25152,25153.75,459,25184.08,25163.58,0.00
2025-11-25,04:12:00,25154,25159.25,25147.25,25150,598,25183.98,25163.32,0.00
2025-11-25,04:13:00,25150,25155.75,25149.75,25155.75,383,25183.91,25163.18,0.00
2025-11-25,04:14:00,25155.5,25158,25149.5,25151,361,25183.85,25163.04,0.00
2025-11-25,04:15:00,25150.25,25150.5,25139,25140.5,883,25183.65,25162.40,0.00
2025-11-25,04:16:00,25140.75,25153,25140.75,25152.25,763,25183.50,25162.03,0.00
2025-11-25,04:17:00,25153.25,25165.75,25153.25,25164.25,976,25183.38,25162.00,0.00
2025-11-25,04:18:00,25163.75,25169.5,25160,25164.75,683,25183.31,25162.06,0.00
2025-11-25,04:19:00,25165.5,25169.25,25164.25,25165.75,261,25183.29,25162.10,0.00
2025-11-25,04:20:00,25166.5,25167.25,25159.75,25163,457,25183.24,25162.12,0.00
2025-11-25,04:21:00,25162.75,25166.25,25162.25,25163.25,314,25183.21,25162.14,0.00
2025-11-25,04:22:00,25164,25169.25,25162.25,25167,342,25183.17,25162.18,0.00
2025-11-25,04:23:00,25167.25,25175.75,25167.25,25175,491,25183.15,25162.34,0.00
2025-11-25,04:24:00,25175.25,25180.5,25173.75,25180,438,25183.13,25162.56,0.00
2025-11-25,04:25:00,25180.25,25180.5,25173.75,25176.5,462,25183.12,25162.76,0.00
2025-11-25,04:26:00,25177,25177.75,25166,25167.25,544,25183.08,25162.88,0.00
2025-11-25,04:27:00,25167,25170.5,25162.75,25163.5,459,25183.04,25162.92,0.00
2025-11-25,04:28:00,25163.75,25164,25157.75,25161,427,25182.99,25162.90,0.00
2025-11-25,04:29:00,25161.75,25171.5,25159.75,25170.25,416,25182.95,25162.95,0.00
2025-11-25,04:30:00,25170.75,25174.25,25166.75,25173.5,308,25182.93,25163.02,0.00
2025-11-25,04:31:00,25174.25,25175,25165.5,25170,391,25182.91,25163.10,0.00
2025-11-25,04:32:00,25169.5,25170,25161,25165,198,25182.89,25163.12,0.00
2025-11-25,04:33:00,25165,25167.5,25160.75,25163.25,290,25182.86,25163.12,0.00
2025-11-25,04:34:00,25162,25171.25,25159,25170,365,25182.83,25163.16,0.00
2025-11-25,04:35:00,25170.5,25173.5,25166.25,25170.75,331,25182.81,25163.22,0.00
2025-11-25,04:36:00,25170.75,25172.75,25164.5,25170,252,25182.79,25163.26,0.00
2025-11-25,04:37:00,25170.25,25173.5,25167.75,25169.25,233,25182.77,25163.31,0.00
2025-11-25,04:38:00,25169.75,25170.75,25165.25,25167.75,227,25182.75,25163.33,0.00
2025-11-25,04:39:00,25167,25167.75,25161.5,25167.5,486,25182.71,25163.36,0.00
2025-11-25,04:40:00,25168,25170.25,25162.5,25165.75,383,25182.68,25163.39,0.00
2025-11-25,04:41:00,25166.25,25168.75,25161.5,25166,188,25182.66,25163.40,0.00
2025-11-25,04:42:00,25166.25,25169.75,25161.25,25169.25,209,25182.64,25163.42,0.00
2025-11-25,04:43:00,25168.75,25172.5,25166,25168.5,317,25182.62,25163.47,0.00
2025-11-25,04:44:00,25167.75,25168.75,25160.5,25164.25,357,25182.59,25163.48,0.00
2025-11-25,04:45:00,25165,25166.25,25155,25156.75,469,25182.53,25163.43,0.00
2025-11-25,04:46:00,25157.25,25159.5,25153.25,25154,334,25182.48,25163.36,0.00
2025-11-25,04:47:00,25154,25154.25,25141.5,25149.25,942,25182.32,25163.01,0.00
2025-11-25,04:48:00,25148.5,25151.25,25146.75,25149.75,342,25182.26,25162.90,0.00
2025-11-25,04:49:00,25148.75,25149.5,25142.5,25144.25,375,25182.19,25162.74,0.00
2025-11-25,04:50:00,25144.5,25146.75,25139,25145.25,515,25182.09,25162.51,0.00
2025-11-25,04:51:00,25145.25,25145.25,25137,25139.75,484,25181.98,25162.26,0.00
2025-11-25,04:52:00,25139.75,25140.25,25131,25136.75,906,25181.77,25136.00,0.00
2025-11-25,04:53:00,25136.5,25137.25,25125,25126,972,25181.51,25129.42,0.00
2025-11-25,04:54:00,25126.25,25127,25118.25,25120.5,1089,25181.18,25121.92,0.00
2025-11-25,04:55:00,25120.75,25123,25112,25114.25,848,25180.91,25116.42,0.00
2025-11-25,04:56:00,25115.25,25121,25109.25,25119.75,978,25180.59,25116.67,0.00
2025-11-25,04:57:00,25119.25,25126.75,25112.25,25115.5,819,25180.34,25117.35,0.00
2025-11-25,04:58:00,25114.75,25119.5,25112,25118.75,381,25180.22,25117.25,0.00
2025-11-25,04:59:00,25119.25,25124.25,25118.75,25122.5,391,25180.10,25117.94,0.00
2025-11-25,05:00:00,25122.5,25125.75,25116,25119.75,580,25179.93,25118.41,0.00
2025-11-25,05:01:00,25120.25,25129,25116.25,25125.75,1059,25179.64,25119.74,0.00
2025-11-25,05:02:00,25125.5,25135,25118.5,25122,958,25179.38,25120.74,0.00
2025-11-25,05:03:00,25122.25,25128.25,25121.5,25126.75,373,25179.29,25121.06,0.00
2025-11-25,05:04:00,25126.25,25133.5,25123.5,25129.75,466,25179.17,25121.67,0.00
2025-11-25,05:05:00,25129,25137.25,25125.25,25136,431,25179.07,25122.42,0.00
2025-11-25,05:06:00,25135.5,25148.5,25135,25148.25,933,25178.92,25125.14,0.00
2025-11-25,05:07:00,25148.75,25152.25,25146.25,25147.25,711,25178.81,25127.20,0.00
2025-11-25,05:08:00,25146.75,25149.25,25141.75,25143,596,25178.71,25128.40,0.00
2025-11-25,05:09:00,25143,25143.25,25133.5,25139.5,620,25178.59,25129.09,0.00
2025-11-25,05:10:00,25139.25,25140,25129.5,25132.25,483,25178.49,25129.33,0.00
2025-11-25,05:11:00,25132.75,25138,25124.5,25125.25,789,25178.31,25129.33,0.00
2025-11-25,05:12:00,25124,25124.25,25114.25,25118.25,883,25178.06,25128.52,0.00
2025-11-25,05:13:00,25118.5,25135.5,25118.25,25134,782,25177.87,25128.57,0.00
2025-11-25,05:14:00,25134.5,25140.5,25131,25137.25,600,25177.76,25128.93,0.00
2025-11-25,05:15:00,25138,25138.5,25129.25,25135,282,25177.70,25129.04,0.00
2025-11-25,05:16:00,25135,25137.5,25127.25,25130.25,490,25177.59,25129.14,0.00
2025-11-25,05:17:00,25129.5,25131.5,25116.25,25117.25,628,25177.43,25128.81,0.00
2025-11-25,05:18:00,25116.75,25118.75,25109.5,25111.25,972,25177.14,25127.81,0.00
2025-11-25,05:19:00,25112.25,25117.25,25108.75,25113.75,667,25176.94,25113.25,0.00
2025-11-25,05:20:00,25114.25,25114.75,25106.5,25107.75,841,25176.68,25109.67,0.00
2025-11-25,05:21:00,25107.5,25109.75,25103,25105.5,1078,25176.32,25106.08,0.00
2025-11-25,05:22:00,25105.25,25105.5,25099.5,25101.25,685,25176.09,25102.08,0.00
2025-11-25,05:23:00,25101.25,25108.5,25100.75,25107.75,689,25175.87,25103.88,0.00
2025-11-25,05:24:00,25107.25,25111.5,25105.25,25111,551,25175.70,25105.42,0.00
2025-11-25,05:25:00,25111.5,25113.5,25100.5,25102.5,655,25175.49,25105.44,0.00
2025-11-25,05:26:00,25103.25,25104.25,25095.25,25096.25,870,25175.19,25098.58,0.00
2025-11-25,05:27:00,25096.25,25096.75,25093,25093,669,25174.94,25094.25,0.00
2025-11-25,05:28:00,25092.75,25093.75,25089.25,25090.25,875,25174.61,25091.08,0.00
2025-11-25,05:29:00,25090.75,25093.75,25086.75,25088.5,496,25174.42,25089.67,0.00
2025-11-25,05:30:00,25088.25,25089.75,25081.5,25081.75,812,25174.09,25084.33,0.00
2025-11-25,05:31:00,25082,25087.5,25079.75,25082.25,1049,25173.67,25083.17,0.00
2025-11-25,05:32:00,25083.25,25087.25,25081.25,25082,584,25173.43,25083.29,0.00
2025-11-25,05:33:00,25081.75,25087.5,25075,25081.25,842,25173.09,25081.25,0.00
2025-11-25,05:34:00,25081.5,25086,25077.75,25082.25,627,25172.84,25081.57,0.00
2025-11-25,05:35:00,25082.25,25088.75,25080.25,25086.25,832,25172.51,25082.84,0.00
2025-11-25,05:36:00,25085.75,25092,25082.25,25090.5,769,25172.23,25084.20,0.00
2025-11-25,05:37:00,25090.25,25106,25082,25095.5,2301,25171.45,25088.61,0.00
2025-11-25,05:38:00,25095.25,25095.25,25085,25087.25,438,25171.30,25088.65,0.00
2025-11-25,05:39:00,25087.5,25091.75,25084.25,25089,396,25171.15,25088.63,0.00
2025-11-25,05:40:00,25089,25094.5,25085.75,25086,432,25171.00,25088.64,0.00
2025-11-25,05:41:00,25087.25,25090.25,25079.75,25089.75,610,25170.78,25088.47,0.00
2025-11-25,05:42:00,25089.5,25110.75,25084.25,25104.5,1863,25170.21,25090.79,0.00
2025-11-25,05:43:00,25105.25,25116.75,25104.25,25116.5,1522,25169.84,25093.90,0.00
2025-11-25,05:44:00,25116,25117.5,25109,25115.25,564,25169.70,25094.91,0.00
2025-11-25,05:45:00,25115.5,25120.75,25114.5,25119.25,450,25169.61,25095.81,0.00
2025-11-25,05:46:00,25120,25122.5,25119,25120,523,25169.50,25096.87,0.00
2025-11-25,05:47:00,25119.5,25120,25106.75,25109.25,891,25169.28,25097.90,0.00
2025-11-25,05:48:00,25109.25,25110.25,25101.25,25101.75,609,25169.12,25098.19,0.00
2025-11-25,05:49:00,25101,25113,25099.5,25108.25,622,25168.95,25098.57,0.00
2025-11-25,05:50:00,25108.25,25117.25,25108.25,25117.25,408,25168.86,25099.00,0.00
2025-11-25,05:51:00,25116,25123.25,25114,25122.5,578,25168.74,25099.80,0.00
2025-11-25,05:52:00,25122.25,25126.75,25119.25,25125,487,25168.65,25100.53,0.00
2025-11-25,05:53:00,25125,25126.25,25116.75,25117.5,494,25168.55,25101.13,0.00
2025-11-25,05:54:00,25117.75,25118.75,25112.75,25117,431,25168.46,25101.52,0.00
2025-11-25,05:55:00,25116.25,25120,25111,25114.5,515,25168.35,25101.93,0.00
2025-11-25,05:56:00,25115,25118,25111.25,25112.25,347,25168.27,25102.16,0.00
2025-11-25,05:57:00,25112,25117,25111.75,25117,229,25168.22,25102.33,0.00
2025-11-25,05:58:00,25117,25119.75,25109,25110.5,438,25168.12,25102.59,0.00
2025-11-25,05:59:00,25110.75,25117.75,25107,25114,430,25168.02,25102.83,0.00
2025-11-25,06:00:00,25114.25,25115,25107.25,25110.75,358,25167.94,25102.98,0.00
2025-11-25,06:01:00,25110.5,25115.25,25108.25,25109.75,451,25167.83,25103.17,0.00
2025-11-25,06:02:00,25110,25110.5,25103.75,25107.5,528,25167.70,25103.28,0.00
2025-11-25,06:03:00,25106.5,25110.5,25103.5,25104.5,426,25167.59,25103.34,0.00
2025-11-25,06:04:00,25104.25,25108.25,25100.5,25102,339,25167.51,25103.34,0.00
2025-11-25,06:05:00,25101.25,25107.75,25100.75,25106,315,25167.42,25103.36,0.00
2025-11-25,06:06:00,25105.75,25109.75,25099,25103.25,532,25167.29,25103.38,0.00
2025-11-25,06:07:00,25102.75,25105,25098,25099.75,412,25167.18,25103.33,0.00
2025-11-25,06:08:00,25099.5,25101,25096.75,25097.25,415,25167.06,25103.24,0.00
2025-11-25,06:09:00,25097,25106.75,25096.25,25102.25,551,25166.92,25103.21,0.00
2025-11-25,06:10:00,25103,25113.75,25102,25112.5,489,25166.80,25103.33,0.00
2025-11-25,06:11:00,25112.5,25123.5,25110.75,25122.5,762,25166.66,25103.82,0.00
2025-11-25,06:12:00,25123.25,25129.5,25123.25,25126.75,1030,25166.49,25104.75,0.00
2025-11-25,06:13:00,25127,25128.5,25120.5,25125.25,498,25166.41,25105.14,0.00
2025-11-25,06:14:00,25124.75,25127.75,25120.5,25123.5,491,25166.32,25105.49,0.00
2025-11-25,06:15:00,25123.75,25124.25,25117.25,25120.75,315,25166.27,25105.67,0.00
2025-11-25,06:16:00,25121.25,25123.5,25113.25,25118,564,25166.16,25105.93,0.00
2025-11-25,06:17:00,25117.25,25126.5,25115.5,25125.75,441,25166.08,25106.20,0.00
2025-11-25,06:18:00,25126,25126.25,25111,25112.25,587,25165.97,25106.41,0.00
2025-11-25,06:19:00,25112.75,25114.75,25103.75,25105,674,25165.81,25106.44,0.00
2025-11-25,06:20:00,25106,25111.5,25105.25,25107.25,314,25165.74,25106.46,0.00
2025-11-25,06:21:00,25107.25,25115.25,25106.75,25114.25,405,25165.66,25106.54,0.00
2025-11-25,06:22:00,25114.5,25120.5,25113,25116,396,25165.58,25106.67,0.00
2025-11-25,06:23:00,25116.5,25123.25,25115,25122.25,287,25165.53,25106.80,0.00
2025-11-25,06:24:00,25121.75,25123.75,25118.75,25120,298,25165.48,25106.94,0.00
2025-11-25,06:25:00,25120.5,25120.5,25115.25,25116.5,264,25165.43,25107.03,0.00
2025-11-25,06:26:00,25117,25119.25,25112,25112.25,293,25165.37,25107.10,0.00
2025-11-25,06:27:00,25111.75,25114.5,25109.75,25112.5,247,25165.32,25107.14,0.00
2025-11-25,06:28:00,25112,25115,25109.75,25114.25,165,25165.28,25107.17,0.00
2025-11-25,06:29:00,25113.5,25117,25110.75,25116.25,173,25165.25,25107.21,0.00
2025-11-25,06:30:00,25116.75,25118.25,25113.75,25114.25,165,25165.22,25107.25,0.00
2025-11-25,06:31:00,25113.25,25113.75,25099.75,25106.75,657,25165.07,25107.24,0.00
2025-11-25,06:32:00,25107,25109.5,25103,25104,343,25164.99,25107.22,0.00
2025-11-25,06:33:00,25102.75,25113,25088.5,25111.5,1304,25164.68,25107.11,0.00
2025-11-25,06:34:00,25111.25,25112.75,25106.25,25112.25,415,25164.60,25107.15,0.00
2025-11-25,06:35:00,25112.75,25121.75,25110.5,25118.75,776,25164.45,25107.37,0.00
2025-11-25,06:36:00,25119,25120.5,25112.5,25113.25,419,25164.38,25107.46,0.00
2025-11-25,06:37:00,25113,25118.25,25108.25,25117.75,523,25164.28,25107.57,0.00
2025-11-25,06:38:00,25117,25126.25,25116.5,25123,519,25164.19,25107.77,0.00
2025-11-25,06:39:00,25123.5,25124.25,25120.5,25124,289,25164.15,25107.89,0.00
2025-11-25,06:40:00,25123.75,25127.75,25121.25,25125.75,356,25164.09,25108.05,0.00
2025-11-25,06:41:00,25125,25135,25125,25130.25,693,25164.00,25108.45,0.00
2025-11-25,06:42:00,25130.5,25137.75,25129.75,25137,573,25163.94,25108.84,0.00
2025-11-25,06:43:00,25136.25,25139,25132.25,25137.25,396,25163.90,25109.12,0.00
2025-11-25,06:44:00,25138,25138,25130,25131.25,431,25163.85,25109.38,0.00
2025-11-25,06:45:00,25130.75,25131.75,25120.75,25124,607,25163.76,25109.62,0.00
2025-11-25,06:46:00,25124.5,25127.5,25120.75,25122,395,25163.70,25109.76,0.00
2025-11-25,06:47:00,25122,25133.25,25122,25131.5,584,25163.62,25110.03,0.00
2025-11-25,06:48:00,25131.25,25134.75,25127.25,25128.5,310,25163.58,25110.18,0.00
2025-11-25,06:49:00,25129.25,25131.25,25122.5,25124.5,343,25163.54,25110.31,0.00
2025-11-25,06:50:00,25124.5,25129.25,25120.25,25128.75,475,25163.47,25110.49,0.00
2025-11-25,06:51:00,25128.25,25130.25,25126,25127.25,314,25163.43,25110.62,0.00
2025-11-25,06:52:00,25127.75,25129.5,25123.25,25127.25,248,25163.39,25110.71,0.00
2025-11-25,06:53:00,25127.25,25134,25127,25130,308,25163.36,25110.85,0.00
2025-11-25,06:54:00,25128.5,25133.75,25124.25,25133.75,301,25163.32,25110.99,0.00
2025-11-25,06:55:00,25133,25142,25132,25142,522,25163.27,25111.31,0.00
2025-11-25,06:56:00,25142,25147.25,25140.5,25143.25,812,25163.21,25111.90,0.00
2025-11-25,06:57:00,25143.25,25144,25139,25139,556,25163.16,25112.26,0.00
2025-11-25,06:58:00,25139,25143.25,25137,25139.5,541,25163.12,25112.58,0.00
2025-11-25,06:59:00,25139.75,25144.75,25138.25,25142.25,509,25163.08,25112.90,0.00
2025-11-25,07:00:00,25142.5,25142.5,25136.5,25139.75,324,25163.05,25113.09,0.00
2025-11-25,07:01:00,25140.25,25142.75,25135.25,25140.5,716,25162.99,25113.49,0.00
2025-11-25,07:02:00,25140.75,25141,25131.75,25137,416,25162.95,25113.69,0.00
2025-11-25,07:03:00,25137.25,25137.25,25130.5,25131.5,326,25162.91,25113.82,0.00
2025-11-25,07:04:00,25132.25,25132.75,25127.5,25131,271,25162.88,25113.91,0.00
2025-11-25,07:05:00,25130.25,25137.25,25129.5,25137.25,392,25162.84,25114.08,0.00
2025-11-25,07:06:00,25137.5,25138.5,25130.25,25135,289,25162.81,25114.20,0.00
2025-11-25,07:07:00,25135.5,25140.75,25135.5,25138.75,299,25162.78,25114.34,0.00
2025-11-25,07:08:00,25138.5,25142,25137,25141.25,233,25162.76,25114.47,0.00
2025-11-25,07:09:00,25141.25,25151,25139.75,25149.75,990,25162.71,25115.10,0.00
2025-11-25,07:10:00,25149.75,25150.25,25144,25148,500,25162.68,25115.42,0.00
2025-11-25,07:11:00,25147.5,25150.75,25135.5,25136.5,581,25162.63,25115.70,0.00
2025-11-25,07:12:00,25136.5,25146.5,25133.25,25146.5,521,25162.59,25115.97,0.00
2025-11-25,07:13:00,25146.25,25146.25,25138.25,25140,346,25162.57,25116.13,0.00
2025-11-25,07:14:00,25139.75,25144.25,25139.5,25142.5,268,25162.55,25116.26,0.00
2025-11-25,07:15:00,25143.75,25144.5,25140.5,25141.75,305,25162.53,25116.41,0.00
2025-11-25,07:16:00,25142.5,25145.75,25136.75,25140.5,422,25162.49,25116.61,0.00
2025-11-25,07:17:00,25140.5,25140.5,25133.25,25134.75,481,25162.45,25116.78,0.00
2025-11-25,07:18:00,25134.25,25134.75,25125,25125,850,25162.34,25116.96,0.00
2025-11-25,07:19:00,25125.25,25132,25123.5,25130,455,25162.29,25117.05,0.00
2025-11-25,07:20:00,25130,25130,25122.75,25126,359,25162.24,25117.11,0.00
2025-11-25,07:21:00,25125.5,25128.25,25124.25,25125.5,264,25162.21,25117.16,0.00
2025-11-25,07:22:00,25125.25,25127.75,25121.25,25125,377,25162.16,25117.21,0.00
2025-11-25,07:23:00,25125.25,25126.5,25120,25122,685,25162.06,25117.27,0.00
2025-11-25,07:24:00,25122.5,25133,25122.25,25129.5,439,25162.01,25117.36,0.00
2025-11-25,07:25:00,25128.75,25134,25125.5,25129.5,450,25161.96,25117.45,0.00
2025-11-25,07:26:00,25129.75,25132.5,25124.25,25125,283,25161.92,25117.50,0.00
2025-11-25,07:27:00,25126,25127.75,25117.5,25122.5,529,25161.85,25117.55,0.00
2025-11-25,07:28:00,25123,25124.5,25116.75,25122.5,500,25161.78,25117.58,0.00
2025-11-25,07:29:00,25123,25128,25117,25117.75,371,25161.73,25117.60,0.00
2025-11-25,07:30:00,25118,25121.25,25118,25119.25,469,25161.66,25117.61,0.00
2025-11-25,07:31:00,25119.25,25122.75,25114.25,25116.5,540,25161.57,25117.62,0.00
2025-11-25,07:32:00,25116.5,25116.75,25110.5,25115,720,25161.45,25117.57,0.00
2025-11-25,07:33:00,25114.5,25115.25,25106.5,25108.25,757,25161.32,25117.48,0.00
2025-11-25,07:34:00,25108,25110,25103.5,25105,535,25161.21,25117.38,0.00
2025-11-25,07:35:00,25105.75,25107,25102.75,25104.75,310,25161.15,25117.32,0.00
2025-11-25,07:36:00,25104.25,25107.25,25101.5,25107.25,409,25161.07,25117.25,0.00
2025-11-25,07:37:00,25106.5,25119,25105.5,25114.5,696,25160.96,25117.20,0.00
2025-11-25,07:38:00,25114.25,25115.25,25102.5,25103.5,680,25160.83,25117.09,0.00
2025-11-25,07:39:00,25103.25,25110.5,25099,25106.75,568,25160.72,25116.99,0.00
2025-11-25,07:40:00,25106.75,25112.75,25103.5,25112,495,25160.64,25116.93,0.00
2025-11-25,07:41:00,25111.75,25118.25,25111.25,25114.5,602,25160.54,25116.91,0.00
2025-11-25,07:42:00,25114,25115.75,25107.75,25113.5,429,25160.47,25116.88,0.00
2025-11-25,07:43:00,25113,25114.25,25107.25,25112.25,361,25160.41,25116.85,0.00
2025-11-25,07:44:00,25112.25,25115.5,25109,25114.5,272,25160.36,25116.84,0.00
2025-11-25,07:45:00,25113,25116.75,25109,25112.5,261,25160.32,25116.82,0.00
2025-11-25,07:46:00,25112.25,25112.25,25104.25,25109.25,334,25160.26,25116.78,0.00
2025-11-25,07:47:00,25108.5,25111.25,25105.75,25108.25,244,25160.22,25116.75,0.00
2025-11-25,07:48:00,25109,25118.5,25107,25109.25,533,25160.13,25116.71,0.00
2025-11-25,07:49:00,25109.5,25113,25107.5,25107.5,243,25160.09,25116.69,0.00
2025-11-25,07:50:00,25108,25111.5,25105,25105.5,302,25160.04,25116.65,0.00
2025-11-25,07:51:00,25105.75,25112.75,25105.5,25108.5,276,25159.99,25116.62,0.00
2025-11-25,07:52:00,25108.5,25112.5,25100.25,25101.75,496,25159.89,25116.53,0.00
2025-11-25,07:53:00,25101.5,25104.25,25097.5,25103.5,435,25159.81,25116.44,0.00
2025-11-25,07:54:00,25103.5,25114.25,25101.25,25112.75,569,25159.71,25116.38,0.00
2025-11-25,07:55:00,25113.25,25120,25111.75,25118.5,571,25159.63,25116.39,0.00
2025-11-25,07:56:00,25119.25,25120.5,25111.25,25115.25,508,25159.55,25116.38,0.00
2025-11-25,07:57:00,25116.25,25127.75,25116.25,25120.5,942,25159.43,25116.45,0.00
2025-11-25,07:58:00,25120.75,25127.5,25120,25120,364,25159.39,25116.48,0.00
2025-11-25,07:59:00,25121,25126.5,25119,25122.25,366,25159.34,25116.51,0.00
2025-11-25,08:00:00,25123,25128.5,25123,25128.25,385,25159.30,25116.56,0.00
2025-11-25,08:01:00,25127.75,25132.5,25120,25124.5,1084,25159.18,25116.69,0.00
2025-11-25,08:02:00,25125.25,25144.25,25119.5,25142.75,1577,25159.06,25117.08,0.00
2025-11-25,08:03:00,25142.25,25152,25141.75,25150.75,1090,25159.02,25117.51,0.00
2025-11-25,08:04:00,25151.25,25166.75,25151.25,25162.75,1953,25159.02,25118.56,0.00
2025-11-25,08:05:00,25162.5,25169.25,25157.25,25162.5,917,25159.04,25119.06,0.00
2025-11-25,08:06:00,25162.25,25170.25,25160.75,25163,1005,25159.05,25119.62,0.00
2025-11-25,08:07:00,25163.25,25166,25156.25,25164,960,25159.06,25120.11,0.00
2025-11-25,08:08:00,25164,25168,25159.75,25164.5,705,25159.08,25120.48,0.00
2025-11-25,08:09:00,25165.75,25166,25160.5,25164.25,378,25159.08,25120.68,0.00
2025-11-25,08:10:00,25164,25172.75,25163,25171.25,751,25159.11,25121.10,0.00
2025-11-25,08:11:00,25171,25175.25,25166.75,25169.25,943,25159.14,25121.65,0.00
2025-11-25,08:12:00,25169.5,25180.75,25163,25179.75,973,25159.19,25122.24,0.00
2025-11-25,08:13:00,25180,25187.25,25175.5,25184,1317,25159.28,25123.14,0.00
2025-11-25,08:14:00,25184,25188,25178.75,25182.5,1048,25159.36,25123.85,0.00
2025-11-25,08:15:00,25182.5,25183.5,25174.25,25179.75,865,25159.42,25124.38,0.00
2025-11-25,08:16:00,25179.5,25182.5,25172.25,25178.75,710,25159.46,25124.80,0.00
2025-11-25,08:17:00,25179,25185.5,25174.75,25182.5,749,25159.51,25125.26,0.00
2025-11-25,08:18:00,25182.25,25184,25172.25,25172.5,822,25159.55,25125.71,0.00
2025-11-25,08:19:00,25172.75,25177.75,25169.5,25170.5,566,25159.58,25126.00,0.00
2025-11-25,08:20:00,25170,25170.5,25160,25161.25,954,25159.59,25126.39,0.00
2025-11-25,08:21:00,25162,25169.75,25158.5,25169,845,25159.61,25126.74,0.00
2025-11-25,08:22:00,25169,25171.5,25161.25,25162.75,607,25159.62,25126.98,0.00
2025-11-25,08:23:00,25162.75,25166.75,25161.25,25162.5,346,25159.62,25127.12,0.00
2025-11-25,08:24:00,25163,25172.25,25162.5,25172,472,25159.64,25127.32,0.00
2025-11-25,08:25:00,25172,25176.25,25168.75,25172.5,544,25159.66,25127.58,0.00
2025-11-25,08:26:00,25172.5,25173.75,25167,25169.75,486,25159.67,25127.79,0.00
2025-11-25,08:27:00,25169.25,25178.75,25168.25,25177.5,449,25159.69,25128.01,0.00
2025-11-25,08:28:00,25177.5,25180,25173.25,25177,596,25159.73,25128.30,0.00
2025-11-25,08:29:00,25177,25184.5,25175.5,25183.25,735,25159.77,25128.70,0.00
2025-11-25,08:30:00,25183.25,25187.25,25180.75,25185,568,25159.82,25129.01,0.00
2025-11-25,08:31:00,25184.25,25184.25,25170.75,25173.25,980,25159.87,25129.47,0.00
2025-11-25,08:32:00,25172.5,25179,25165.5,25166.5,743,25159.89,25129.78,0.00
2025-11-25,08:33:00,25166.5,25168.25,25157.25,25161,894,25159.90,25130.06,0.00
2025-11-25,08:34:00,25160.75,25165,25157.25,25159.5,545,25159.90,25130.22,0.00
2025-11-25,08:35:00,25159,25159,25144.75,25146.25,1256,25159.86,25130.46,0.00
2025-11-25,08:36:00,25145.75,25150,25142.75,25149.75,834,25159.83,25130.60,0.00
2025-11-25,08:37:00,25148.75,25150.5,25143.5,25146.75,509,25159.81,25130.68,0.00
2025-11-25,08:38:00,25146.75,25146.75,25137,25137.25,884,25159.76,25130.76,0.00
2025-11-25,08:39:00,25137.5,25145.75,25133.75,25145.25,956,25159.70,25130.85,0.00
2025-11-25,08:40:00,25144.75,25151.5,25144.75,25149.5,930,25159.67,25131.01,0.00
2025-11-25,08:41:00,25149.25,25151,25140.5,25141,672,25159.64,25131.09,0.00
2025-11-25,08:42:00,25141.25,25141.75,25135.5,25138.25,731,25159.60,25131.14,0.00
2025-11-25,08:43:00,25137.75,25178.25,25137.25,25174.5,3213,25159.63,25132.06,0.00
2025-11-25,08:44:00,25175,25220.5,25170.25,25215.25,5560,25160.32,25135.35,0.00
2025-11-25,08:45:00,25215.25,25228.75,25184.75,25189.5,4802,25160.88,25137.92,0.00
2025-11-25,08:46:00,25188.25,25202.75,25173.5,25194.25,2901,25161.12,25139.13,0.00
2025-11-25,08:47:00,25194.75,25196.75,25175.5,25179,1920,25161.25,25139.80,0.00
2025-11-25,08:48:00,25178.75,25187.5,25164,25173,1669,25161.31,25140.25,0.00
2025-11-25,08:49:00,25172.5,25177,25156.5,25158.25,1758,25161.32,25140.57,0.00
2025-11-25,08:50:00,25157.75,25163.5,25150.5,25155.25,1681,25161.30,25140.77,0.00
2025-11-25,08:51:00,25154,25159.75,25148.75,25158.25,1262,25161.28,25140.91,0.00
2025-11-25,08:52:00,25158.5,25167.5,25154.5,25160,1140,25161.28,25141.08,0.00
2025-11-25,08:53:00,25161,25166,25154.5,25164.5,855,25161.28,25141.20,0.00
2025-11-25,08:54:00,25163.5,25167.25,25154.75,25158.5,800,25161.28,25141.32,0.00
2025-11-25,08:55:00,25159.75,25164.25,25157.5,25160.5,605,25161.28,25141.40,0.00
2025-11-25,08:56:00,25159.75,25169.25,25151.25,25168.25,1086,25161.28,25141.57,0.00
2025-11-25,08:57:00,25168.5,25169,25156.5,25158.25,714,25161.28,25141.67,0.00
2025-11-25,08:58:00,25158.75,25168.25,25158.75,25161.75,526,25161.28,25141.75,0.00
2025-11-25,08:59:00,25161.25,25170,25158.75,25166.25,552,25161.29,25141.84,0.00
2025-11-25,09:00:00,25165.5,25169.75,25161.25,25164,581,25161.30,25141.94,0.00
2025-11-25,09:01:00,25163.75,25171.75,25159,25169.5,1041,25161.31,25142.12,0.00
2025-11-25,09:02:00,25169.25,25171.25,25159,25165.25,1015,25161.32,25142.28,0.00
2025-11-25,09:03:00,25166.25,25180.75,25164,25179,1336,25161.37,25142.58,0.00
2025-11-25,09:04:00,25178.5,25190,25171.5,25186.25,1584,25161.46,25143.02,0.00
2025-11-25,09:05:00,25187,25189.75,25169.75,25172,1336,25161.52,25143.33,0.00
2025-11-25,09:06:00,25172.5,25172.5,25164.25,25168.25,780,25161.53,25143.46,0.00
2025-11-25,09:07:00,25167.5,25178,25167.25,25171,1170,25161.56,25143.68,0.00
2025-11-25,09:08:00,25170.75,25175,25164.75,25167.75,756,25161.58,25143.81,0.00
2025-11-25,09:09:00,25167.5,25175.5,25160.25,25164.5,911,25161.59,25143.95,0.00
2025-11-25,09:10:00,25164.25,25169.75,25160.75,25166.5,786,25161.60,25144.06,0.00
2025-11-25,09:11:00,25166.5,25174.25,25160.5,25164.5,1431,25161.62,25144.27,0.00
2025-11-25,09:12:00,25164,25167,25155.5,25159.5,1069,25161.62,25144.39,0.00
2025-11-25,09:13:00,25159.25,25166.5,25157,25161.75,564,25161.62,25144.45,0.00
2025-11-25,09:14:00,25162,25174,25159.75,25169.75,812,25161.63,25144.57,0.00
2025-11-25,09:15:00,25168.75,25173,25162.5,25164,611,25161.64,25144.66,0.00
2025-11-25,09:16:00,25164.25,25169.25,25159.5,25167.75,808,25161.65,25144.77,0.00
2025-11-25,09:17:00,25168.5,25171.25,25164.25,25168.25,629,25161.66,25144.86,0.00
2025-11-25,09:18:00,25168.25,25177.5,25167.5,25174.5,890,25161.68,25145.02,0.00
2025-11-25,09:19:00,25174.25,25186,25174,25184.5,1133,25161.74,25145.28,0.00
2025-11-25,09:20:00,25184.25,25191.75,25181.25,25181.75,1224,25161.81,25145.58,0.00
2025-11-25,09:21:00,25181.5,25186.75,25174.5,25177,842,25161.85,25145.75,0.00
2025-11-25,09:22:00,25177.25,25186,25175.5,25184.5,485,25161.88,25145.86,0.00
2025-11-25,09:23:00,25184.5,25189,25180.25,25188.5,524,25161.91,25145.99,0.00
2025-11-25,09:24:00,25188.75,25199.75,25183.5,25196,1513,25162.03,25146.43,0.00
2025-11-25,09:25:00,25196.25,25203.5,25191.25,25195.75,1353,25162.15,25146.84,0.00
2025-11-25,09:26:00,25196.25,25196.75,25183.25,25188.5,992,25162.22,25147.09,0.00
2025-11-25,09:27:00,25189,25192.25,25182.75,25185.5,604,25162.26,25147.24,0.00
2025-11-25,09:28:00,25185.75,25194.75,25184.25,25192.25,581,25162.30,25147.39,0.00
2025-11-25,09:29:00,25192.25,25193.75,25188,25188.5,387,25162.33,25147.48,0.00
2025-11-25,09:30:00,25189,25195.75,25184.5,25193.25,749,25162.38,25147.68,0.00
2025-11-25,09:31:00,25191.5,25211.25,25168.25,25199.75,2471,25162.58,25148.33,0.00
2025-11-25,09:32:00,25200,25200,25184.75,25189.5,1499,25162.68,25148.71,0.00
2025-11-25,09:33:00,25190,25197.25,25171.75,25173.75,1785,25162.77,25149.04,0.00
2025-11-25,09:34:00,25174.25,25182.25,25169,25171.25,1258,25162.80,25149.22,0.00
2025-11-25,09:35:00,25171.25,25173.75,25155.5,25158.75,2166,25162.80,25149.38,0.00
2025-11-25,09:36:00,25158.5,25161.75,25149.75,25160.5,2525,25162.77,25149.49,0.00
2025-11-25,09:37:00,25160,25160,25148.25,25149.5,1333,25162.73,25149.51,0.00
2025-11-25,09:38:00,25148.75,25156.75,25139.25,25152.75,1928,25162.67,25149.52,0.00
2025-11-25,09:39:00,25152.25,25155.5,25140.5,25149,1408,25162.62,25149.51,0.00
2025-11-25,09:40:00,25148,25157.25,25146.5,25152.75,984,25162.60,25149.52,0.00
2025-11-25,09:41:00,25152.5,25154.25,25143.5,25145.75,1135,25162.56,25149.51,0.00
2025-11-25,09:42:00,25145.25,25146.75,25138.75,25139.25,1248,25162.49,25149.46,0.00
2025-11-25,09:43:00,25139,25146.75,25136.75,25143.5,1313,25162.43,25149.41,0.00
2025-11-25,09:44:00,25143.25,25143.75,25135.5,25136,1004,25162.37,25149.35,0.00
2025-11-25,09:45:00,25136,25136.5,25127,25129.5,2130,25162.21,25149.15,0.00
2025-11-25,09:46:00,25129.75,25145.75,25126.75,25142.25,1989,25162.10,25149.04,0.00
2025-11-25,09:47:00,25142.25,25142.75,25134.5,25138.25,1243,25162.03,25148.97,0.00
2025-11-25,09:48:00,25138.5,25145.25,25138,25142.5,986,25161.98,25148.93,0.00
2025-11-25,09:49:00,25142,25149.25,25139.25,25144.5,1149,25161.93,25148.91,0.00
2025-11-25,09:50:00,25145.25,25161.25,25141.75,25157.75,2828,25161.88,25148.97,0.00
2025-11-25,09:51:00,25158,25170,25154.75,25158.5,2635,25161.87,25149.13,0.00
2025-11-25,09:52:00,25159.75,25160.25,25149.25,25152.25,1513,25161.84,25149.17,0.00
2025-11-25,09:53:00,25152.25,25153.25,25136.75,25137.25,1604,25161.77,25149.11,0.00
2025-11-25,09:54:00,25137.25,25147,25135.25,25142.75,1682,25161.69,25149.05,0.00
2025-11-25,09:55:00,25143.25,25147.5,25140.75,25144.5,1008,25161.65,25149.03,0.00
2025-11-25,09:56:00,25144.25,25144.5,25137,25140.25,1119,25161.60,25148.99,0.00
2025-11-25,09:57:00,25141.25,25144,25131,25134.75,1344,25161.52,25148.91,0.00
2025-11-25,09:58:00,25135,25140.75,25130.25,25136.75,1585,25161.43,25148.81,0.00
2025-11-25,09:59:00,25136.25,25137.5,25130,25133.25,1228,25161.35,25148.72,0.00
2025-11-25,10:00:00,25133.75,25139,25131.25,25137.25,1006,25161.29,25148.66,0.00
2025-11-25,10:01:00,25137.25,25146,25135.25,25138,1704,25161.21,25148.59,0.00
2025-11-25,10:02:00,25137.5,25140.25,25131.25,25135.75,1260,25161.14,25148.52,0.00
2025-11-25,10:03:00,25135,25136.75,25121.75,25129.25,1739,25161.01,25148.37,0.00
2025-11-25,10:04:00,25129.5,25130,25116.25,25117.5,1815,25160.85,25148.15,0.00
2025-11-25,10:05:00,25117.75,25120.25,25111.25,25114.75,1776,25160.67,25147.89,0.00
2025-11-25,10:06:00,25114.5,25121.5,25112,25121,1438,25160.54,25147.70,0.00
2025-11-25,10:07:00,25121,25123.5,25106,25106.5,1988,25160.32,25147.39,0.00
2025-11-25,10:08:00,25106.25,25112.25,25105.25,25108.75,1221,25160.18,25147.18,0.00
2025-11-25,10:09:00,25108.75,25110.25,25100.5,25103.5,1719,25159.98,25146.86,0.00
2025-11-25,10:10:00,25104.25,25106.75,25101,25103.75,1066,25159.84,25146.66,0.00
2025-11-25,10:11:00,25104.25,25115,25104,25112.75,1552,25159.68,25146.42,0.00
2025-11-25,10:12:00,25112.75,25115,25110.25,25110.75,841,25159.59,25146.30,0.00
2025-11-25,10:13:00,25110.75,25116.75,25105.5,25114.75,1415,25159.44,25146.10,0.00
2025-11-25,10:14:00,25114.75,25122.75,25114,25121,1508,25159.31,25145.93,0.00
2025-11-25,10:15:00,25121.75,25127.5,25119,25119.25,1983,25159.15,25145.73,0.00
2025-11-25,10:16:00,25118.75,25121.25,25111.5,25116,1414,25159.02,25145.55,0.00
2025-11-25,10:17:00,25116,25117,25107.75,25109.25,938,25158.93,25145.42,0.00
2025-11-25,10:18:00,25109.25,25109.75,25104.5,25109,986,25158.82,25145.27,0.00
2025-11-25,10:19:00,25109.5,25115.25,25107,25110.5,1041,25158.71,25145.12,0.00
2025-11-25,10:20:00,25109.5,25114.25,25106.5,25112,818,25158.63,25145.01,0.00
2025-11-25,10:21:00,25111.5,25117,25107.5,25114.5,945,25158.54,25144.88,0.00
2025-11-25,10:22:00,25114.5,25115.25,25105,25107,935,25158.44,25144.75,0.00
2025-11-25,10:23:00,25106.75,25110,25102.75,25106.5,1380,25158.29,25144.53,0.00
2025-11-25,10:24:00,25106.75,25121,25106,25118,1266,25158.17,25144.38,0.00
2025-11-25,10:25:00,25118,25120.25,25113.25,25114.5,975,25158.08,25144.27,0.00
2025-11-25,10:26:00,25114.75,25117.25,25105.25,25108.75,1538,25157.93,25144.06,0.00
2025-11-25,10:27:00,25108.25,25112,25104,25110.75,966,25157.83,25143.93,0.00
2025-11-25,10:28:00,25110.75,25115,25095.75,25102.25,2612,25157.54,25143.52,0.00
2025-11-25,10:29:00,25102.25,25113,25094.75,25111.5,2219,25157.30,25143.20,0.00
2025-11-25,10:30:00,25111.5,25114,25107.75,25110,1859,25157.12,25142.97,0.00
2025-11-25,10:31:00,25110,25135.25,25070.75,25082.25,14872,25155.30,25096.08,0.00
2025-11-25,10:32:00,25082.75,25110.25,25079.25,25089.25,8703,25154.23,25094.91,0.00
2025-11-25,10:33:00,25089.25,25109.25,25086,25097.25,6044,25153.56,25095.44,0.00
2025-11-25,10:34:00,25097.75,25104.75,25081.25,25095.5,5261,25152.96,25095.20,0.00
2025-11-25,10:35:00,25095.75,25119.75,25091.5,25106.75,6629,25152.36,25096.92,0.00
2025-11-25,10:36:00,25106.75,25122,25093.75,25120.5,6744,25151.85,25099.04,0.00
2025-11-25,10:37:00,25121,25132,25103,25117,8004,25151.34,25101.65,0.00
2025-11-25,10:38:00,25116.75,25123.25,25089,25096.5,6984,25150.72,25101.79,0.00
2025-11-25,10:39:00,25095.75,25112.25,25092,25101.25,5218,25150.26,25101.79,0.00
2025-11-25,10:40:00,25100.5,25111.75,25088.75,25090.25,5066,25149.77,25101.45,0.00
2025-11-25,10:41:00,25090,25090.75,25045.75,25048.5,16752,25147.20,25061.67,0.00
2025-11-25,10:42:00,25048.75,25061.75,25039,25049.25,9590,25145.60,25050.00,0.00
2025-11-25,10:43:00,25049.5,25058.25,25025,25026.75,9765,25143.81,25036.67,0.00
2025-11-25,10:44:00,25026.25,25026.5,24974.75,24977.25,16583,25139.70,24992.83,0.00
2025-11-25,10:45:00,24977,25005.5,24972.75,24982.25,10022,25137.23,24986.83,0.00
2025-11-25,10:46:00,24982.5,24982.5,24935.5,24941.75,15725,25132.68,24953.25,0.00
2025-11-25,10:47:00,24941.75,24943,24924.75,24938.75,11651,25129.13,24935.50,0.00
2025-11-25,10:48:00,24939.25,24959,24930.75,24932.25,11457,25125.85,24938.06,0.00
2025-11-25,10:49:00,24932.75,24937.5,24891.25,24902,14645,25121.16,24910.25,0.00
2025-11-25,10:50:00,24901.75,24917.75,24878.25,24884.75,14041,25116.51,24893.58,0.00
2025-11-25,10:51:00,24884.5,24909.75,24855.25,24905.75,17580,25110.86,24890.25,0.00
2025-11-25,10:52:00,24905,24951.5,24901.5,24944.5,14695,25107.22,24909.49,0.00
2025-11-25,10:53:00,24944.5,24982.75,24940.25,24972.5,13742,25104.56,24926.11,0.00
2025-11-25,10:54:00,24972.25,24974.25,24950.25,24972.5,8074,25103.04,24932.02,0.00
2025-11-25,10:55:00,24973,25004.5,24972.5,24999.75,11653,25101.33,24942.69,0.00
2025-11-25,10:56:00,24999.75,25029.75,24999.75,25018.5,12845,25099.90,24954.68,0.00
2025-11-25,10:57:00,25018.25,25025.25,24988.25,25010,10799,25098.62,24961.10,0.00
2025-11-25,10:58:00,25010.5,25047.75,25010.5,25035,10946,25097.68,24968.73,0.00
2025-11-25,10:59:00,25035,25057,25033.25,25051.25,7510,25097.20,24974.19,0.00
2025-11-25,11:00:00,25051.5,25079,25050.75,25068.75,9588,25096.83,24981.70,0.00
2025-11-25,11:01:00,25070.75,25074.75,25032,25045,10658,25096.23,24987.44,0.00
2025-11-25,11:02:00,25044.25,25046.25,25009,25032.75,10897,25095.34,24990.72,0.00
2025-11-25,11:03:00,25032.75,25037.5,24952.5,24959,15452,25093.28,24989.95,0.00
2025-11-25,11:04:00,24958.75,24967.25,24925.5,24933.5,12096,25091.14,24986.47,0.00
2025-11-25,11:05:00,24933,24947.25,24907.25,24941.25,11659,25088.99,24982.90,0.00
2025-11-25,11:06:00,24941.25,24997.75,24916.75,24984.25,15698,25086.81,24981.55,0.00
2025-11-25,11:07:00,24984.5,24994,24957.5,24990.25,10341,25085.57,24981.50,0.00
2025-11-25,11:08:00,24991,25019.25,24986,25007,11037,25084.58,24982.66,0.00
2025-11-25,11:09:00,25006.25,25046.5,25006.25,25026,9369,25083.98,24984.48,0.00
2025-11-25,11:10:00,25026,25030.75,25005.75,25024.5,6377,25083.54,24985.47,0.00
2025-11-25,11:11:00,25024.75,25047,25013,25018.25,10440,25082.89,24987.23,0.00
2025-11-25,11:12:00,25019.25,25029,24961.25,24980.75,13710,25081.54,24987.39,0.00
2025-11-25,11:13:00,24980.5,25009.75,24971,25007.5,7987,25080.83,24987.66,0.00
2025-11-25,11:14:00,25008.25,25033,24995.5,25006,8143,25080.24,24988.37,0.00
2025-11-25,11:15:00,25005.75,25018.25,24976.75,24996.75,7493,25079.59,24988.61,0.00
2025-11-25,11:16:00,24997,25003,24974,24983.5,7103,25078.92,24988.57,0.00
2025-11-25,11:17:00,24983.25,25022.5,24973.5,25002.5,9858,25078.12,24988.93,0.00
2025-11-25,11:18:00,25002.5,25029,24986.75,24990.25,7624,25077.53,24989.26,0.00
2025-11-25,11:19:00,24989.75,25021.25,24985.75,25020,5369,25077.16,24989.60,0.00
2025-11-25,11:20:00,25019.5,25034.75,25005.75,25019.5,6992,25076.77,24990.28,0.00
2025-11-25,11:21:00,25018.75,25035.5,24992.25,25002.25,8803,25076.18,24990.81,0.00
2025-11-25,11:22:00,25001.75,25013.25,24990,25000.5,5845,25075.75,24991.00,0.00
2025-11-25,11:23:00,25001.25,25026.25,24972.75,24974,8558,25075.05,24991.00,0.00
2025-11-25,11:24:00,24974.25,24997.75,24954.25,24976,11085,25073.99,24990.52,0.00
2025-11-25,11:25:00,24976,24978.25,24960.25,24966.75,6299,25073.35,24990.13,0.00
2025-11-25,11:26:00,24967,25003.25,24963.5,24983.25,8374,25072.63,24989.97,0.00
2025-11-25,11:27:00,24983,25012,24968,24992,7952,25072.02,24989.99,0.00
2025-11-25,11:28:00,24992,24997.75,24966.5,24986.25,6277,25071.50,24989.88,0.00
2025-11-25,11:29:00,24985.5,25014,24970.75,25010.75,5502,25071.12,24990.00,0.00
2025-11-25,11:30:00,25010.5,25039,25010.25,25034.75,7361,25070.83,24990.72,0.00
2025-11-25,11:31:00,25034.25,25077,25029.75,25072.75,11785,25070.71,24992.74,0.00
2025-11-25,11:32:00,25073,25075.5,25057.25,25069.75,7690,25070.69,24994.13,0.00
2025-11-25,11:33:00,25070,25082,25058.75,25059,7444,25070.66,24995.42,0.00
2025-11-25,11:34:00,25059.25,25072,25046.5,25066.25,6732,25070.61,24996.47,0.00
2025-11-25,11:35:00,25066.5,25072.75,25059.5,25061.75,4285,25070.58,24997.15,0.00
2025-11-25,11:36:00,25062,25063.5,25020,25025,9938,25070.28,24998.03,0.00
2025-11-25,11:37:00,25024.5,25054.25,25015.75,25044.5,7449,25070.07,24998.70,0.00
2025-11-25,11:38:00,25043.75,25060.5,25040,25056.25,5344,25069.98,24999.33,0.00
2025-11-25,11:39:00,25056.25,25062.75,25038,25047.75,5473,25069.89,24999.93,0.00
2025-11-25,11:40:00,25047.75,25062,25041,25049.25,4470,25069.81,25000.42,0.00
2025-11-25,11:41:00,25049,25058.25,25033.25,25058.25,5095,25069.72,25000.96,0.00
2025-11-25,11:42:00,25057.75,25067.75,25043.25,25050.75,4415,25069.66,25001.46,0.00
2025-11-25,11:43:00,25050.25,25065,25041.75,25045.5,4405,25069.59,25001.91,0.00
2025-11-25,11:44:00,25044.5,25065.5,25036,25064,4437,25069.54,25002.41,0.00
2025-11-25,11:45:00,25063.5,25099.25,25060.75,25098.5,10427,25069.69,25004.18,0.00
2025-11-25,11:46:00,25098.25,25122.75,25095.5,25121.25,9586,25070.04,25006.27,0.00
2025-11-25,11:47:00,25121.5,25126.75,25108,25124.25,7281,25070.34,25007.90,0.00
2025-11-25,11:48:00,25124.5,25125.25,25102.75,25113.75,5710,25070.55,25009.07,0.00
2025-11-25,11:49:00,25113.75,25118.5,25090,25095,5469,25070.68,25010.04,0.00
2025-11-25,11:50:00,25094.75,25095.75,25046.25,25062.25,11273,25070.66,25011.28,0.00
2025-11-25,11:51:00,25061.5,25064,25034,25041.5,8045,25070.50,25011.80,0.00
2025-11-25,11:52:00,25041.5,25042.25,25014.5,25032.75,8596,25070.22,25012.09,0.00
2025-11-25,11:53:00,25033,25059,25019.5,25053.25,6987,25070.07,25012.49,0.00
2025-11-25,11:54:00,25052.25,25058.5,25039.5,25044,4353,25069.99,25012.76,0.00
2025-11-25,11:55:00,25044.75,25058,25026.5,25047.25,4966,25069.89,25013.03,0.00
2025-11-25,11:56:00,25047.25,25050.25,25034.25,25044.5,3279,25069.82,25013.21,0.00
2025-11-25,11:57:00,25044,25049,25025.5,25039.5,4092,25069.71,25013.38,0.00
2025-11-25,11:58:00,25039,25074.5,25037,25070.5,5916,25069.67,25013.87,0.00
2025-11-25,11:59:00,25071.5,25093.25,25062.5,25090.75,6237,25069.73,25014.60,0.00
2025-11-25,12:00:00,25090.75,25092.5,25062.25,25071.25,4880,25069.75,25015.10,0.00
2025-11-25,12:01:00,25071.25,25073.5,25051.5,25066.25,4890,25069.73,25015.51,0.00
2025-11-25,12:02:00,25066.5,25069.75,25046,25057,4230,25069.69,25015.80,0.00
2025-11-25,12:03:00,25057.25,25063.25,25038.25,25049.5,4935,25069.62,25016.09,0.00
2025-11-25,12:04:00,25049.25,25056.5,25031.25,25048.5,5361,25069.52,25016.35,0.00
2025-11-25,12:05:00,25049,25075.5,25047,25065,5437,25069.49,25016.76,0.00
2025-11-25,12:06:00,25065.25,25072.25,25035.75,25036.75,5432,25069.40,25017.03,0.00
2025-11-25,12:07:00,25036.25,25057.5,25029,25056.75,5567,25069.31,25017.31,0.00
2025-11-25,12:08:00,25056.25,25074.5,25055,25067.75,4551,25069.29,25017.66,0.00
2025-11-25,12:09:00,25067.75,25073.5,25051.5,25055.75,3106,25069.27,25017.87,0.00
2025-11-25,12:10:00,25056.25,25061.75,25030,25036,5078,25069.17,25018.06,0.00
2025-11-25,12:11:00,25035.75,25050.25,25027,25039.5,4937,25069.06,25018.22,0.00
2025-11-25,12:12:00,25039.25,25047,25028,25041.25,3703,25068.97,25018.34,0.00
2025-11-25,12:13:00,25041,25061.5,25041,25052.75,3943,25068.92,25018.55,0.00
2025-11-25,12:14:00,25052.75,25062.5,25044.5,25057.25,2745,25068.89,25018.70,0.00
2025-11-25,12:15:00,25057.75,25057.75,25035.5,25036.25,3329,25068.83,25018.82,0.00
2025-11-25,12:16:00,25036.5,25042.75,25027.25,25039.25,4231,25068.73,25018.94,0.00
2025-11-25,12:17:00,25039,25059.75,25031,25055.5,3825,25068.67,25019.11,0.00
2025-11-25,12:18:00,25055.75,25064.75,25051.25,25060,3012,25068.65,25019.29,0.00
2025-11-25,12:19:00,25059.75,25076.25,25051.75,25076.25,3835,25068.65,25019.57,0.00
2025-11-25,12:20:00,25076,25094.75,25075.25,25083.5,5515,25068.71,25020.10,0.00
2025-11-25,12:21:00,25083.25,25106.75,25081,25106.75,4319,25068.81,25020.59,0.00
2025-11-25,12:22:00,25106.5,25125.75,25104.75,25114.25,5827,25069.00,25021.39,0.00
2025-11-25,12:23:00,25114.25,25136.25,25113.75,25118.25,5172,25069.20,25022.15,0.00
2025-11-25,12:24:00,25117.75,25128.5,25103.75,25121.5,4357,25069.36,25022.75,0.00
2025-11-25,12:25:00,25121.25,25124,25099.25,25104,5129,25069.50,25023.38,0.00
2025-11-25,12:26:00,25105,25114.75,25088.5,25089.75,4519,25069.59,25023.86,0.00
2025-11-25,12:27:00,25090,25101.25,25079.75,25098,4174,25069.66,25024.27,0.00
2025-11-25,12:28:00,25098.25,25114.5,25097.25,25107,3603,25069.76,25024.68,0.00
2025-11-25,12:29:00,25107.5,25110,25090,25097.75,3158,25069.83,25025.01,0.00
2025-11-25,12:30:00,25097.75,25114,25094.25,25107.5,2492,25069.89,25025.29,0.00
2025-11-25,12:31:00,25107.5,25121,25102.75,25109.5,4931,25070.03,25025.87,0.00
2025-11-25,12:32:00,25108,25114.5,25101.75,25104,2396,25070.09,25026.14,0.00
2025-11-25,12:33:00,25104,25119.5,25099.25,25119.25,2631,25070.17,25026.45,0.00
2025-11-25,12:34:00,25119.75,25126.25,25108.25,25109.25,3807,25070.29,25026.91,0.00
2025-11-25,12:35:00,25108.5,25117.75,25105.5,25114.25,2096,25070.36,25027.16,0.00
2025-11-25,12:36:00,25114.25,25122.75,25109.5,25113.5,3024,25070.45,25027.52,0.00
2025-11-25,12:37:00,25113,25115,25100.5,25103,2975,25070.52,25027.83,0.00
2025-11-25,12:38:00,25104.25,25119.25,25097.25,25118,3138,25070.61,25028.19,0.00
2025-11-25,12:39:00,25118.5,25122.25,25109,25115.25,2294,25070.69,25028.46,0.00
2025-11-25,12:40:00,25114.5,25125.25,25114.5,25124.5,2447,25070.77,25028.76,0.00
2025-11-25,12:41:00,25124.75,25134.5,25123.5,25130.5,3591,25070.92,25029.24,0.00
2025-11-25,12:42:00,25131,25136,25121.25,25132.25,2557,25071.02,25029.58,0.00
2025-11-25,12:43:00,25132.75,25139.25,25128.75,25138.25,3196,25071.17,25030.03,0.00
2025-11-25,12:44:00,25138.25,25142,25133,25136.25,2570,25071.28,25030.39,0.00
2025-11-25,12:45:00,25136,25138,25122,25124.5,3609,25071.43,25030.85,0.00
2025-11-25,12:46:00,25125,25127,25091.75,25102.75,5973,25071.57,25031.45,0.00
2025-11-25,12:47:00,25102.75,25116.25,25102.25,25109.25,3633,25071.67,25031.81,0.00
2025-11-25,12:48:00,25109.25,25117.25,25095.75,25104.5,3058,25071.74,25032.10,0.00
2025-11-25,12:49:00,25104.75,25109.25,25099,25102,1693,25071.77,25032.26,0.00
2025-11-25,12:50:00,25101.75,25107.75,25094.5,25103.5,2253,25071.82,25032.46,0.00
2025-11-25,12:51:00,25103.75,25132.75,25103.5,25130.5,4721,25071.98,25033.00,0.00
2025-11-25,12:52:00,25130,25135.25,25123.75,25135.25,2297,25072.07,25033.29,0.00
2025-11-25,12:53:00,25135.25,25148.25,25133.25,25146.5,5128,25072.32,25034.00,0.00
2025-11-25,12:54:00,25146,25158.75,25145.5,25154.25,3971,25072.53,25034.59,0.00
2025-11-25,12:55:00,25153.75,25156.25,25148.5,25150.75,1747,25072.63,25034.84,0.00
2025-11-25,12:56:00,25150.75,25160,25143,25156.75,3025,25072.79,25035.29,0.00
2025-11-25,12:57:00,25156.5,25165.75,25153,25164.5,3218,25072.98,25035.79,0.00
2025-11-25,12:58:00,25164.5,25166.25,25157,25160.5,2292,25073.12,25036.15,0.00
2025-11-25,12:59:00,25160.5,25166.75,25153.75,25162.25,2287,25073.25,25036.50,0.00
2025-11-25,13:00:00,25162.5,25164.5,25150.75,25152.75,2176,25073.37,25036.82,0.00
2025-11-25,13:01:00,25152.75,25177.25,25150.25,25161.75,8671,25073.89,25038.16,0.00
2025-11-25,13:02:00,25162.75,25164.25,25151.5,25153.25,2244,25074.01,25038.48,0.00
2025-11-25,13:03:00,25153.25,25164.5,25147,25161.75,2746,25074.16,25038.88,0.00
2025-11-25,13:04:00,25162,25171.25,25160.75,25168,2057,25074.29,25039.20,0.00
2025-11-25,13:05:00,25168,25180.75,25166.5,25178.25,3460,25074.52,25039.76,0.00
2025-11-25,13:06:00,25178.5,25194.75,25178,25191.25,4252,25074.84,25040.52,0.00
2025-11-25,13:07:00,25191.5,25193,25186.5,25188.25,2475,25075.02,25040.96,0.00
2025-11-25,13:08:00,25188.5,25188.75,25177.5,25183.5,3095,25075.24,25041.48,0.00
2025-11-25,13:09:00,25184.25,25190.25,25179.5,25183.5,2306,25075.41,25041.88,0.00
2025-11-25,13:10:00,25183.75,25196,25183.25,25193.5,2277,25075.58,25042.28,0.00
2025-11-25,13:11:00,25193.5,25194.5,25184.75,25189,2052,25075.73,25042.63,0.00
2025-11-25,13:12:00,25189.5,25198.25,25189.5,25196.25,2185,25075.90,25043.03,0.00
2025-11-25,13:13:00,25196.5,25200.75,25192.5,25195.5,2058,25076.06,25043.40,0.00
2025-11-25,13:14:00,25195.75,25202.5,25190.75,25200.75,2087,25076.23,25043.77,0.00
2025-11-25,13:15:00,25201,25205.5,25198.5,25203.25,2225,25076.41,25044.19,0.00
2025-11-25,13:16:00,25203,25208.75,25198.25,25201,3364,25076.68,25044.81,0.00
2025-11-25,13:17:00,25201.25,25201.5,25186.75,25191,3934,25076.98,25045.48,0.00
2025-11-25,13:18:00,25191,25200.5,25188,25196.5,2382,25077.16,25045.90,0.00
2025-11-25,13:19:00,25196.75,25205.25,25190.25,25204,2038,25077.32,25046.26,0.00
2025-11-25,13:20:00,25204,25221,25203.25,25219,5132,25077.77,25047.25,0.00
2025-11-25,13:21:00,25218.5,25229.25,25218,25226.5,3922,25078.14,25048.04,0.00
2025-11-25,13:22:00,25227,25237.5,25225,25236.25,3915,25078.53,25048.86,0.00
2025-11-25,13:23:00,25235.25,25240.75,25229.25,25239.75,2490,25236.58,25049.39,0.00
2025-11-25,13:24:00,25239.75,25254.75,25238,25251,7300,25247.92,25051.02,0.00
2025-11-25,13:25:00,25250.75,25266.5,25248,25264.5,4875,25259.67,25052.16,0.00
2025-11-25,13:26:00,25264.25,25270.5,25259.25,25260.5,4143,25263.42,25053.13,0.00
2025-11-25,13:27:00,25260.5,25267,25251.75,25259,3810,25261.42,25054.00,0.00
2025-11-25,13:28:00,25259,25263.25,25253.5,25259.25,2020,25260.86,25054.46,0.00
2025-11-25,13:29:00,25259,25260,25242,25244.25,3602,25257.65,25055.23,0.00
2025-11-25,13:30:00,25244,25247,25237.5,25244.5,3013,25254.99,25055.85,0.00
2025-11-25,13:31:00,25244.5,25255.25,25243,25250.5,2924,25254.18,25056.47,0.00
2025-11-25,13:32:00,25251,25265.25,25247.25,25262.5,2856,25254.71,25057.10,0.00
2025-11-25,13:33:00,25262.75,25274.5,25260,25269.25,3503,25267.92,25057.90,0.00
2025-11-25,13:34:00,25269,25286.25,25266.5,25284.25,4097,25279.00,25058.88,0.00
2025-11-25,13:35:00,25284.25,25296,25283,25293.25,4512,25290.75,25060.01,0.00
2025-11-25,13:36:00,25293.5,25295.5,25284.5,25290.5,3407,25290.50,25060.85,0.00
2025-11-25,13:37:00,25291.5,25301,25286.75,25297.25,3240,25295.00,25061.66,0.00
2025-11-25,13:38:00,25297.5,25314.5,25297.5,25310.75,5463,25307.58,25063.09,0.00
2025-11-25,13:39:00,25310.75,25311.25,25297.75,25301.75,3970,25305.90,25064.10,0.00
2025-11-25,13:40:00,25301.75,25305.25,25291.25,25294.25,3275,25303.58,25064.90,0.00
2025-11-25,13:41:00,25294.5,25303.25,25291.5,25298.25,2808,25302.51,25065.59,0.00
2025-11-25,13:42:00,25299.25,25301.5,25293.5,25299.5,1464,25302.14,25065.95,0.00
2025-11-25,13:43:00,25299.25,25299.25,25283.75,25288.5,3111,25300.34,25066.68,0.00
2025-11-25,13:44:00,25288.5,25289.75,25279.25,25286.25,2335,25298.75,25067.21,0.00
2025-11-25,13:45:00,25286.75,25288.75,25280,25285.75,2033,25297.59,25067.67,0.00
2025-11-25,13:46:00,25286.25,25299.25,25284.75,25298.25,3072,25297.20,25068.39,0.00
2025-11-25,13:47:00,25298.75,25298.75,25271.75,25273.25,3558,25295.37,25069.18,0.00
2025-11-25,13:48:00,25273.5,25276.75,25262,25268,3904,25292.42,25069.98,0.00
2025-11-25,13:49:00,25267.5,25274.75,25259.5,25273,3287,25290.42,25070.65,0.00
2025-11-25,13:50:00,25273,25280.75,25271.5,25277.75,2304,25289.64,25071.14,0.00
2025-11-25,13:51:00,25278.25,25280.5,25270.25,25278.75,1968,25289.03,25071.55,0.00
2025-11-25,13:52:00,25278.75,25287.25,25274.25,25278.5,2853,25288.46,25072.16,0.00
2025-11-25,13:53:00,25278,25284.5,25272.5,25273,1322,25288.13,25072.43,0.00
2025-11-25,13:54:00,25273.5,25278.75,25269.25,25272.25,1659,25287.63,25072.77,0.00
2025-11-25,13:55:00,25272.75,25274.75,25258.5,25270.25,2516,25286.65,25073.27,0.00
2025-11-25,13:56:00,25270.25,25277,25268.75,25272.5,1564,25286.23,25073.59,0.00
2025-11-25,13:57:00,25272,25274.5,25261.75,25267,1486,25285.72,25073.88,0.00
2025-11-25,13:58:00,25266.75,25269.5,25251,25255.5,3008,25284.29,25074.44,0.00
2025-11-25,13:59:00,25255.5,25257.25,25240.75,25242,4014,25281.82,25075.13,0.00
2025-11-25,14:00:00,25242.75,25244.25,25229.75,25239.25,4595,25278.73,25075.88,0.00
2025-11-25,14:01:00,25239.75,25250.5,25236.25,25245.5,4173,25276.66,25076.57,0.00
2025-11-25,14:02:00,25245.25,25257.5,25244.5,25253,2965,25275.64,25077.09,0.00
2025-11-25,14:03:00,25253,25257.25,25244.25,25252.5,2323,25274.88,25077.49,0.00
2025-11-25,14:04:00,25252.75,25264.25,25251,25259.75,2960,25274.26,25078.02,0.00
2025-11-25,14:05:00,25259.75,25266.75,25254.75,25257.25,1987,25273.89,25078.37,0.00
2025-11-25,14:06:00,25257.75,25261.75,25249,25252.25,2189,25273.37,25078.75,0.00
2025-11-25,14:07:00,25252.25,25256,25244,25249,2302,25272.72,25079.14,0.00
2025-11-25,14:08:00,25249,25251.25,25243.75,25249.25,1553,25272.28,25079.39,0.00
2025-11-25,14:09:00,25249.5,25258,25245.25,25254.75,1700,25271.90,25079.68,0.00
2025-11-25,14:10:00,25254.75,25263.5,25250.75,25263.25,2114,25271.60,25080.05,0.00
2025-11-25,14:11:00,25263.75,25270.25,25256,25259.75,3203,25271.27,25080.62,0.00
2025-11-25,14:12:00,25259.25,25259.75,25245.5,25255.5,2651,25270.78,25081.06,0.00
2025-11-25,14:13:00,25255.5,25261.75,25254,25258.75,1620,25270.57,25081.34,0.00
2025-11-25,14:14:00,25258.75,25265.75,25254.75,25261,1395,25270.43,25081.58,0.00
2025-11-25,14:15:00,25260.75,25261.25,25251.5,25253.5,1445,25270.21,25081.83,0.00
2025-11-25,14:16:00,25253.25,25262,25243.75,25252,4205,25269.50,25082.52,0.00
2025-11-25,14:17:00,25251.75,25255,25248,25249.25,1109,25269.30,25082.69,0.00
2025-11-25,14:18:00,25248.25,25252.5,25244,25245,1416,25269.01,25082.92,0.00
2025-11-25,14:19:00,25245.25,25251,25241,25247.25,1618,25268.67,25083.17,0.00
2025-11-25,14:20:00,25247.25,25256.25,25242,25255,1705,25268.40,25083.45,0.00
2025-11-25,14:21:00,25254.5,25256.75,25243.75,25248.75,1633,25268.13,25083.70,0.00
2025-11-25,14:22:00,25248.25,25258.75,25246,25247,2673,25267.72,25084.13,0.00
2025-11-25,14:23:00,25247,25258.25,25241,25257.25,3205,25267.30,25084.64,0.00
2025-11-25,14:24:00,25257.5,25265.75,25254,25264.5,1742,25267.21,25084.93,0.00
2025-11-25,14:25:00,25263.75,25272.5,25258.5,25270,2665,25267.21,25085.39,0.00
2025-11-25,14:26:00,25269.75,25271.25,25264.25,25265.5,1509,25267.20,25085.65,0.00
2025-11-25,14:27:00,25265.5,25271.25,25261.75,25269,1525,25267.20,25085.91,0.00
2025-11-25,14:28:00,25269.25,25273.25,25262,25264.75,2371,25267.19,25086.31,0.00
2025-11-25,14:29:00,25265.5,25272.75,25264,25272.5,1284,25267.22,25086.54,0.00
2025-11-25,14:30:00,25272.75,25276.25,25268.25,25276,1458,25267.29,25086.79,0.00
2025-11-25,14:31:00,25276.25,25281.75,25274,25279.25,2592,25267.51,25087.26,0.00
2025-11-25,14:32:00,25279,25280.25,25274.25,25275.5,1235,25267.59,25087.47,0.00
2025-11-25,14:33:00,25275,25277,25267.5,25275.5,1670,25267.66,25087.76,0.00
2025-11-25,14:34:00,25276.25,25280,25272.25,25275.25,1168,25267.73,25087.97,0.00
2025-11-25,14:35:00,25275.25,25276.75,25270.75,25275.5,1087,25267.78,25088.16,0.00
2025-11-25,14:36:00,25275.25,25277.25,25271.25,25274.5,959,25267.83,25088.32,0.00
2025-11-25,14:37:00,25275,25276,25264,25270,2176,25267.86,25088.69,0.00
2025-11-25,14:38:00,25269.75,25271.5,25256.75,25260.75,2538,25267.78,25089.10,0.00
2025-11-25,14:39:00,25260.75,25262.75,25255,25257,1655,25267.67,25089.36,0.00
2025-11-25,14:40:00,25257.75,25271.5,25257.75,25265,1807,25267.63,25089.65,0.00
2025-11-25,14:41:00,25264.5,25266.5,25253.5,25259,2120,25267.52,25089.98,0.00
2025-11-25,14:42:00,25259.75,25270,25259.25,25267,1720,25267.49,25090.26,0.00
2025-11-25,14:43:00,25266.25,25273.75,25264.25,25266.5,1522,25267.50,25090.51,0.00
2025-11-25,14:44:00,25266,25269,25260,25264,1164,25267.48,25090.70,0.00
2025-11-25,14:45:00,25264.25,25267.25,25260,25265,758,25267.46,25090.82,0.00
2025-11-25,14:46:00,25265.5,25276.5,25265.5,25273.25,1882,25267.51,25091.13,0.00
2025-11-25,14:47:00,25273,25278.25,25271,25277.75,1363,25267.58,25091.36,0.00
2025-11-25,14:48:00,25277.75,25293.5,25277.25,25291.5,3251,25267.98,25091.94,0.00
2025-11-25,14:49:00,25291.5,25302.75,25289.5,25299.25,2779,25268.48,25092.46,0.00
2025-11-25,14:50:00,25299.75,25299.75,25286.5,25290.5,2345,25268.81,25092.88,0.00
2025-11-25,14:51:00,25290.25,25296.5,25286.75,25296.5,1602,25269.05,25093.18,0.00
2025-11-25,14:52:00,25296.75,25298.25,25289,25291.25,1496,25269.26,25093.45,0.00
2025-11-25,14:53:00,25290.75,25296.75,25289.75,25293.75,1333,25269.45,25093.69,0.00
2025-11-25,14:54:00,25294,25297.25,25291.25,25293.25,685,25269.54,25093.81,0.00
2025-11-25,14:55:00,25293,25299,25292.25,25292.75,925,25269.68,25093.98,0.00
2025-11-25,14:56:00,25292.75,25293,25280,25280.75,2422,25269.89,25094.39,0.00
2025-11-25,14:57:00,25281.5,25285.75,25275,25278.5,2319,25270.02,25094.78,0.00
2025-11-25,14:58:00,25278.5,25287,25274.25,25283,1582,25270.12,25095.05,0.00
2025-11-25,14:59:00,25283,25283.75,25277,25281.75,867,25270.17,25095.19,0.00
2025-11-25,15:00:00,25281.75,25282.5,25275.5,25277,986,25270.21,25095.35,0.00
2025-11-25,15:01:00,25277.5,25286.5,25273.25,25282.25,2331,25270.35,25095.74,0.00
2025-11-25,15:02:00,25282,25284,25279.5,25279.75,1114,25270.41,25095.92,0.00
2025-11-25,15:03:00,25280.25,25283.25,25277.75,25281,879,25270.46,25096.07,0.00
2025-11-25,15:04:00,25281,25281.5,25268,25269,2804,25270.50,25096.51,0.00
2025-11-25,15:05:00,25268.75,25272.25,25259.5,25266.75,2836,25270.43,25096.94,0.00
2025-11-25,15:06:00,25267,25276,25260.75,25273.75,2048,25270.43,25097.25,0.00
2025-11-25,15:07:00,25274.5,25280.75,25272.5,25273.5,1696,25270.47,25097.52,0.00
2025-11-25,15:08:00,25273.75,25274.75,25265.5,25268.75,1376,25270.47,25097.73,0.00
2025-11-25,15:09:00,25268.75,25269.25,25255.75,25264.25,2158,25270.39,25098.04,0.00
2025-11-25,15:10:00,25263.5,25266.75,25258.75,25263,1473,25270.33,25098.26,0.00
2025-11-25,15:11:00,25263.25,25269.25,25255.5,25267.75,1655,25270.28,25098.50,0.00
2025-11-25,15:12:00,25267.25,25271.75,25264.25,25264.25,1286,25270.26,25098.69,0.00
2025-11-25,15:13:00,25264.25,25264.75,25256.75,25260,1354,25270.19,25098.88,0.00
2025-11-25,15:14:00,25260.25,25264.25,25256.5,25263.5,1280,25270.14,25099.06,0.00
2025-11-25,15:15:00,25263.5,25267.25,25261.25,25261.5,1138,25270.10,25099.23,0.00
2025-11-25,15:16:00,25262.5,25265.75,25254.5,25257.5,1203,25270.04,25099.40,0.00
2025-11-25,15:17:00,25257.75,25259.25,25241.25,25243.75,3201,25269.70,25099.81,0.00
2025-11-25,15:18:00,25243.25,25248,25238.25,25242,2610,25269.37,25100.14,0.00
2025-11-25,15:19:00,25242,25248,25224.5,25224.75,3820,25268.72,25100.57,0.00
2025-11-25,15:20:00,25225.25,25233.5,25207.75,25228,6535,25267.38,25101.27,0.00
2025-11-25,15:21:00,25227.75,25228,25215.75,25225.75,2952,25266.81,25101.58,0.00
2025-11-25,15:22:00,25225.5,25234.75,25217,25233.25,2749,25266.34,25101.87,0.00
2025-11-25,15:23:00,25233.25,25244.25,25227,25232,3925,25265.81,25102.32,0.00
2025-11-25,15:24:00,25232,25235,25224.75,25233.5,1975,25265.51,25102.54,0.00
2025-11-25,15:25:00,25233,25240,25232,25234.75,1566,25265.31,25102.71,0.00
2025-11-25,15:26:00,25235,25244,25232.25,25233.75,1881,25265.09,25102.93,0.00
2025-11-25,15:27:00,25233.75,25233.75,25224.5,25229.25,2122,25264.77,25103.16,0.00
2025-11-25,15:28:00,25228.75,25232,25225.25,25225.75,1334,25264.57,25103.30,0.00
2025-11-25,15:29:00,25226,25235.5,25223,25233.5,1299,25264.38,25103.44,0.00
2025-11-25,15:30:00,25233.75,25236.75,25231.25,25235.75,1338,25264.22,25103.59,0.00
2025-11-25,15:31:00,25235.25,25241.75,25233.75,25238.25,1843,25264.02,25103.80,0.00
2025-11-25,15:32:00,25238.25,25241,25226.25,25228.75,2008,25263.77,25104.01,0.00
2025-11-25,15:33:00,25229.25,25235.75,25223.5,25225,1412,25263.56,25104.16,0.00
2025-11-25,15:34:00,25225,25235,25221.5,25233.25,2393,25263.24,25104.42,0.00
2025-11-25,15:35:00,25232.5,25235.5,25225.75,25228,1376,25263.06,25104.56,0.00
2025-11-25,15:36:00,25227.5,25229.75,25219.75,25225.75,1592,25262.82,25104.72,0.00
2025-11-25,15:37:00,25225.25,25226.25,25213.5,25216.75,2562,25262.39,25104.97,0.00
2025-11-25,15:38:00,25218,25222,25209.75,25212.25,1907,25262.04,25105.14,0.00
2025-11-25,15:39:00,25212,25219.5,25205.25,25217.5,3077,25261.47,25105.42,0.00
2025-11-25,15:40:00,25217.5,25217.75,25210.75,25213,1412,25261.22,25105.55,0.00
2025-11-25,15:41:00,25212.5,25212.5,25191.5,25194.5,4581,25260.16,25105.91,0.00
2025-11-25,15:42:00,25194.25,25209.75,25191.25,25207.25,2800,25259.57,25106.13,0.00
2025-11-25,15:43:00,25207.25,25208,25200,25201.75,1809,25259.20,25106.28,0.00
2025-11-25,15:44:00,25202.5,25216.25,25201.5,25212.75,2674,25258.72,25106.51,0.00
2025-11-25,15:45:00,25212.75,25221.5,25212,25220,2152,25258.41,25106.70,0.00
2025-11-25,15:46:00,25219.75,25227.75,25214,25221.25,2326,25258.10,25106.92,0.00
2025-11-25,15:47:00,25221.75,25222,25213,25215,1471,25257.88,25107.06,0.00
2025-11-25,15:48:00,25214.5,25222.75,25213.75,25218.5,1169,25257.72,25107.16,0.00
2025-11-25,15:49:00,25218.25,25219.75,25206,25207.75,2148,25257.36,25107.34,0.00
2025-11-25,15:50:00,25207.25,25218.5,25206.75,25215.25,1559,25257.13,25107.48,0.00
2025-11-25,15:51:00,25215.25,25227,25213.5,25226.5,1941,25256.89,25107.66,0.00
2025-11-25,15:52:00,25226.5,25236.25,25225.75,25233.25,2700,25256.66,25107.94,0.00
2025-11-25,15:53:00,25233.25,25245.75,25232,25244.75,2579,25256.52,25108.21,0.00
2025-11-25,15:54:00,25245,25254.25,25244.75,25250.25,3635,25256.44,25108.63,0.00
2025-11-25,15:55:00,25250,25255,25249.75,25251.5,1894,25256.41,25108.85,0.00
2025-11-25,15:56:00,25251.5,25262.75,25244.75,25262,2920,25256.41,25109.20,0.00
2025-11-25,15:57:00,25261.75,25266.5,25260.25,25264.75,2133,25256.46,25109.47,0.00
2025-11-25,15:58:00,25264.75,25273.25,25264.75,25267.25,2249,25256.55,25109.75,0.00
2025-11-25,15:59:00,25267.25,25273,25266.5,25269.75,1098,25256.60,25109.89,0.00
2025-11-25,16:00:00,25270,25271.25,25265.25,25267,1148,25256.64,25110.04,0.00
2025-11-25,16:01:00,25267,25284.5,25266,25283.5,3136,25256.85,25110.46,0.00
2025-11-25,16:02:00,25283.5,25287,25278,25283.75,2763,25257.08,25110.84,0.00
2025-11-25,16:03:00,25283.75,25287.75,25279,25282.5,1430,25257.20,25111.04,0.00
2025-11-25,16:04:00,25282.75,25288.75,25279.5,25286.25,1572,25257.34,25111.26,0.00
2025-11-25,16:05:00,25286.25,25294.75,25285,25289.25,2653,25257.60,25111.64,0.00
2025-11-25,16:06:00,25289.25,25290.5,25284,25287.5,1374,25257.73,25111.83,0.00
2025-11-25,16:07:00,25288.5,25290.25,25284.25,25289.25,1264,25257.85,25112.00,0.00
2025-11-25,16:08:00,25289.25,25295.75,25284.5,25292.75,1596,25258.01,25112.23,0.00
2025-11-25,16:09:00,25292.5,25299,25290.5,25294.75,2019,25258.24,25112.52,0.00
2025-11-25,16:10:00,25294.5,25295.75,25286.25,25288.25,1715,25258.41,25112.76,0.00
2025-11-25,16:11:00,25287.5,25289.5,25281.75,25286.25,2332,25258.60,25113.08,0.00
2025-11-25,16:12:00,25286.75,25288.75,25276.75,25283.25,2165,25258.76,25113.37,0.00
2025-11-25,16:13:00,25283.25,25285,25277,25278,1110,25258.83,25113.52,0.00
2025-11-25,16:14:00,25278,25288.75,25276.75,25287.25,1348,25258.93,25113.70,0.00
2025-11-25,16:15:00,25286.75,25290.75,25282.75,25283.5,1235,25259.03,25113.87,0.00
2025-11-25,16:16:00,25283.25,25290.5,25278,25288,1534,25259.15,25114.07,0.00
2025-11-25,16:17:00,25287.75,25290,25280.25,25282.75,1051,25259.23,25114.21,0.00
2025-11-25,16:18:00,25283,25285.75,25280.5,25284,598,25259.27,25114.29,0.00
2025-11-25,16:19:00,25284.25,25289.75,25283.75,25288.5,752,25259.33,25114.39,0.00
2025-11-25,16:20:00,25288.75,25293.25,25287.25,25290,1441,25259.46,25114.59,0.00
2025-11-25,16:21:00,25289.5,25293.75,25288.5,25291.25,1020,25259.56,25114.73,0.00
2025-11-25,16:22:00,25291.5,25292.75,25286.5,25289.75,1133,25259.66,25114.89,0.00
2025-11-25,16:23:00,25290.75,25297.75,25289.75,25293.75,1501,25259.80,25115.10,0.00
2025-11-25,16:24:00,25293.75,25298,25290.75,25295.75,1005,25259.90,25115.24,0.00
2025-11-25,16:25:00,25296.25,25301,25295,25296.75,1559,25260.07,25115.46,0.00
2025-11-25,16:26:00,25296.75,25298,25290,25294,1292,25260.20,25115.64,0.00
2025-11-25,16:27:00,25294.25,25296.75,25287.5,25291.25,1511,25260.34,25115.85,0.00
2025-11-25,16:28:00,25291.25,25303.25,25289,25300.75,1814,25260.53,25116.10,0.00
2025-11-25,16:29:00,25300.75,25306,25299.5,25303.5,1674,25260.73,25116.35,0.00
2025-11-25,16:30:00,25304,25304,25299.5,25301,1123,25260.86,25116.51,0.00
2025-11-25,16:31:00,25301,25311.5,25299.75,25309.25,2699,25261.20,25116.90,0.00
2025-11-25,16:32:00,25309.25,25334.25,25308.75,25326.25,5559,25323.08,25117.79,0.00
2025-11-25,16:33:00,25326.75,25327.75,25319,25319.75,2416,25322.81,25118.16,0.00
2025-11-25,16:34:00,25319.5,25323,25316.25,25321.75,1408,25322.43,25118.38,0.00
2025-11-25,16:35:00,25322.25,25329,25319.25,25326.5,1561,25322.79,25118.63,0.00
2025-11-25,16:36:00,25326,25337.5,25326,25335.75,2691,25333.08,25119.07,0.00
2025-11-25,16:37:00,25335.5,25335.75,25325,25329.75,2130,25331.79,25119.41,0.00
2025-11-25,16:38:00,25330.5,25331,25324.5,25328.25,1397,25330.92,25119.64,0.00
2025-11-25,16:39:00,25328,25337.25,25327.5,25333.75,1662,25331.33,25119.91,0.00
2025-11-25,16:40:00,25333.25,25336,25325.75,25335,1749,25331.49,25120.19,0.00
2025-11-25,16:41:00,25335.5,25339.75,25332.75,25333.75,1708,25335.42,25120.47,0.00
2025-11-25,16:42:00,25333.5,25334.5,25323,25333,2736,25332.18,25120.90,0.00
2025-11-25,16:43:00,25333,25336.5,25329.25,25334.75,1421,25332.50,25121.13,0.00
2025-11-25,16:44:00,25334.5,25338.5,25331,25336,1115,25332.93,25121.31,0.00
2025-11-25,16:45:00,25336.5,25339.5,25330,25331.75,1269,25333.06,25121.52,0.00
2025-11-25,16:46:00,25332.25,25337,25323.25,25330.5,2641,25332.37,25121.93,0.00
2025-11-25,16:47:00,25331.25,25339.5,25328.75,25339.5,1567,25332.82,25122.19,0.00
2025-11-25,16:48:00,25339.5,25345.75,25335.5,25344.25,2034,25341.83,25122.52,0.00
2025-11-25,16:49:00,25344.5,25354.5,25340.5,25350.5,3266,25348.50,25123.08,0.00
2025-11-25,16:50:00,25350.25,25350.25,25344.25,25347.25,1713,25348.07,25123.36,0.00
2025-11-25,16:51:00,25347,25373,25346.25,25367.25,5833,25362.17,25124.40,0.00
2025-11-25,16:52:00,25367.75,25371.5,25363.25,25371.5,2018,25363.86,25124.77,0.00
2025-11-25,16:53:00,25371,25382.25,25370,25377.5,3656,25376.58,25125.46,0.00
2025-11-25,16:54:00,25377.75,25387.25,25376,25384.5,2865,25382.58,25126.00,0.00
2025-11-25,16:55:00,25384.25,25389,25360.75,25366.5,5484,25372.08,25127.00,0.00
2025-11-25,16:56:00,25366.75,25375.5,25361,25364.75,3220,25370.23,25127.57,0.00
2025-11-25,16:57:00,25365,25365.5,25355.75,25360.5,2515,25368.07,25128.00,0.00
2025-11-25,16:58:00,25359.75,25359.75,25345.25,25352.25,3124,25364.66,25128.51,0.00
2025-11-25,16:59:00,25351.75,25352.75,25343.75,25351.75,2440,25362.44,25128.91,0.00
2025-11-25,17:00:00,25351.25,25354.5,25332.5,25332.5,7584,25355.41,25130.07,0.00
2025-11-25,17:01:00,25332.5,25339.25,25326,25337.75,5074,25351.78,25130.83,0.00
2025-11-25,17:02:00,25338.5,25353,25338.5,25348.75,2537,25351.38,25131.22,0.00
2025-11-25,17:03:00,25349.75,25351.5,25339.5,25340.5,1425,25351.05,25131.44,0.00
2025-11-25,17:04:00,25339.5,25345.25,25337,25344.5,1034,25350.79,25131.60,0.00
2025-11-25,17:05:00,25344.5,25344.5,25338.75,25342,782,25350.59,25131.72,0.00
2025-11-25,17:06:00,25342.25,25342.5,25331.75,25333,1370,25350.03,25131.92,0.00
2025-11-25,17:07:00,25333.5,25336.25,25328.25,25333.25,916,25349.61,25132.05,0.00
2025-11-25,17:08:00,25333.25,25333.25,25325.25,25326.5,790,25349.17,25132.17,0.00
2025-11-25,17:09:00,25327.25,25328,25323.25,25327.5,710,25348.75,25132.26,0.00
2025-11-25,17:10:00,25327.75,25331.75,25324.25,25330,967,25348.27,25132.40,0.00
2025-11-25,17:11:00,25329.75,25334.25,25325.75,25332.25,571,25348.02,25132.48,0.00
2025-11-25,17:12:00,25332.5,25332.5,25329.5,25331.25,320,25347.89,25132.53,0.00
2025-11-25,17:13:00,25331,25332,25326.5,25329,388,25347.71,25132.58,0.00
2025-11-25,17:14:00,25329.5,25331.75,25327.5,25328.5,362,25347.55,25132.63,0.00
2025-11-25,17:15:00,25328,25335.75,25328,25330.75,540,25347.34,25132.71,0.00
2025-11-25,17:16:00,25330.75,25333.5,25330,25331.25,277,25347.24,25132.75,0.00
2025-11-25,17:17:00,25331.5,25334.75,25330.5,25333,188,25347.18,25132.78,0.00
2025-11-25,17:18:00,25332.75,25335.25,25330.5,25333.75,299,25347.08,25132.82,0.00
2025-11-25,17:19:00,25334,25334,25331,25334,163,25347.03,25132.85,0.00
2025-11-25,17:20:00,25334.25,25335,25331.75,25331.75,223,25346.95,25132.88,0.00
2025-11-25,17:21:00,25331.5,25331.75,25323.5,25325,593,25346.68,25132.96,0.00
2025-11-25,17:22:00,25324.75,25327,25323.25,25325.5,275,25346.55,25133.00,0.00
2025-11-25,17:23:00,25325.75,25328.75,25323.25,25328.5,297,25346.42,25133.04,0.00
2025-11-25,17:24:00,25328.25,25329.75,25325.75,25326.25,222,25346.32,25133.07,0.00
2025-11-25,17:25:00,25327,25329,25325,25327.25,212,25346.23,25133.10,0.00
2025-11-25,17:26:00,25326.5,25327.25,25325.5,25327,124,25346.18,25133.12,0.00
2025-11-25,17:27:00,25327,25328.5,25326,25326.5,186,25346.10,25133.14,0.00
2025-11-25,17:28:00,25326,25326,25322.5,25323,300,25345.95,25133.18,0.00
2025-11-25,17:29:00,25323.25,25323.25,25319,25321.5,406,25345.73,25133.24,0.00
2025-11-25,17:30:00,25322,25324.5,25320.25,25321.25,327,25345.56,25133.28,0.00
2025-11-25,17:31:00,25321,25324.75,25320.25,25324.25,245,25345.44,25133.32,0.00
2025-11-25,17:32:00,25324.5,25327,25322.75,25325.5,336,25345.30,25133.36,0.00
2025-11-25,17:33:00,25325.5,25327.25,25323.75,25326.5,306,25345.17,25133.40,0.00
2025-11-25,17:34:00,25326.75,25330.5,25326.5,25328,287,25345.07,25133.44,0.00
2025-11-25,17:35:00,25327.5,25328.5,25324,25324.5,189,25344.99,25133.47,0.00
2025-11-25,17:36:00,25324.75,25325.25,25322,25323.25,261,25344.88,25133.51,0.00
2025-11-25,17:37:00,25323.75,25323.75,25320.5,25321.5,200,25344.78,25133.53,0.00
2025-11-25,17:38:00,25321,25321,25317.75,25318.25,395,25344.57,25133.59,0.00
2025-11-25,17:39:00,25318.5,25320.5,25316.75,25319.25,356,25344.38,25133.63,0.00
2025-11-25,17:40:00,25319.25,25320,25318.5,25319.25,210,25344.28,25133.66,0.00
2025-11-25,17:41:00,25319.25,25319.25,25312.5,25316.25,595,25343.94,25133.74,0.00
2025-11-25,17:42:00,25316.25,25319.25,25315.75,25317.5,180,25343.84,25133.76,0.00
2025-11-25,17:43:00,25317.75,25321,25315.75,25321,243,25343.72,25133.79,0.00
2025-11-25,17:44:00,25321,25321.5,25318.75,25319.75,198,25343.63,25133.82,0.00
2025-11-25,17:45:00,25319.5,25320,25318,25319,238,25343.51,25133.85,0.00
2025-11-25,17:46:00,25319.25,25319.25,25316.25,25316.75,227,25343.39,25133.88,0.00
2025-11-25,17:47:00,25317,25320.75,25316,25319.25,138,25343.33,25133.90,0.00
2025-11-25,17:48:00,25319.75,25322.75,25317,25321.75,401,25343.15,25133.95,0.00
2025-11-25,17:49:00,25322,25323,25317.5,25319,182,25343.07,25133.98,0.00
2025-11-25,17:50:00,25319,25320,25317.25,25317.75,159,25342.99,25134.00,0.00
2025-11-25,17:51:00,25318.25,25318.25,25313.75,25316,294,25342.84,25134.04,0.00
2025-11-25,17:52:00,25315.5,25317.25,25314.5,25315.75,131,25342.77,25134.05,0.00
2025-11-25,17:53:00,25316,25318,25314.75,25318,214,25342.66,25134.08,0.00
2025-11-25,17:54:00,25317.75,25318.75,25316.75,25317.75,75,25342.63,25134.09,0.00
2025-11-25,17:55:00,25317.75,25319.5,25316.25,25317,127,25342.57,25134.11,0.00
2025-11-25,17:56:00,25317.25,25320.75,25316.5,25319,279,25342.44,25134.15,0.00
2025-11-25,17:57:00,25319.5,25320.75,25318.25,25320.75,85,25342.40,25134.16,0.00
2025-11-25,17:58:00,25320.25,25320.5,25318.75,25320.25,128,25342.35,25134.17,0.00
2025-11-25,17:59:00,25320.25,25320.5,25317.25,25317.75,160,25342.28,25134.19,0.00
2025-11-25,18:00:00,25318,25319.5,25317,25317.75,224,25342.18,25134.22,0.00
2025-11-25,19:01:00,25323.25,25335.25,25317.75,25323.75,1116,25325.58,25325.58,0.00
2025-11-25,19:02:00,25323.75,25334.25,25321.25,25323.75,555,25325.86,25325.86,0.00
2025-11-25,19:03:00,25323.75,25325.25,25320.75,25324.75,173,25325.65,25325.65,0.00
2025-11-25,19:04:00,25325,25329.5,25321.5,25328.25,336,25325.77,25325.77,0.00
2025-11-25,19:05:00,25328.75,25338,25327.75,25335.25,806,25333.67,25327.90,0.00
2025-11-25,19:06:00,25334.75,25337.75,25331.75,25336,448,25334.20,25328.85,0.00
2025-11-25,19:07:00,25335,25347.5,25333.25,25345.75,692,25342.17,25331.08,0.00
2025-11-25,19:08:00,25345.75,25346.5,25340,25342.25,375,25342.43,25332.07,0.00
2025-11-25,19:09:00,25340.75,25341,25336,25337.25,284,25341.52,25332.42,0.00
2025-11-25,19:10:00,25337.5,25341.5,25331,25340.5,310,25340.80,25332.74,0.00
2025-11-25,19:11:00,25341,25341.5,25336.5,25337.5,176,25340.58,25332.93,0.00
2025-11-25,19:12:00,25336.5,25344,25335.75,25341,273,25340.54,25333.30,0.00
2025-11-25,19:13:00,25341.75,25343.75,25338.75,25342.75,212,25340.65,25333.61,0.00
2025-11-25,19:14:00,25343,25345.25,25339.75,25340.75,217,25340.75,25333.91,0.00
2025-11-25,19:15:00,25341.75,25342.5,25338.5,25341.25,147,25340.75,25334.07,0.00
2025-11-25,19:16:00,25342.25,25342.25,25335.5,25337,266,25340.53,25334.25,0.00
2025-11-25,19:17:00,25336.25,25338.5,25331.25,25332.75,253,25340.03,25334.24,0.00
2025-11-25,19:18:00,25333.5,25335.5,25330.75,25331.5,207,25339.58,25334.19,0.00
2025-11-25,19:19:00,25332,25334.5,25328.25,25329.75,300,25338.87,25334.05,0.00
2025-11-25,19:20:00,25329.5,25332.75,25328.25,25331,262,25338.33,25333.93,0.00
2025-11-25,19:21:00,25331.5,25335.75,25329.75,25333.75,283,25337.98,25333.90,0.00
2025-11-25,19:22:00,25333.75,25335.25,25330.25,25331.25,143,25337.79,25333.87,0.00
2025-11-25,19:23:00,25330.75,25336.75,25330.25,25332.25,156,25337.63,25333.86,0.00
2025-11-25,19:24:00,25332.5,25334.25,25330.25,25331.75,154,25337.45,25333.82,0.00
2025-11-25,19:25:00,25331.25,25333,25329.5,25332.5,207,25337.21,25333.77,0.00
2025-11-25,19:26:00,25332.5,25334.25,25330.25,25332.75,184,25337.03,25333.74,0.00
2025-11-25,19:27:00,25332.5,25333.5,25330.5,25332.75,147,25336.90,25333.71,0.00
2025-11-25,19:28:00,25331.75,25333.25,25331.25,25331.75,65,25336.84,25333.70,0.00
2025-11-25,19:29:00,25332,25334,25329.75,25333.75,165,25336.71,25333.68,0.00
2025-11-25,19:30:00,25333.5,25337,25333.5,25335.5,245,25336.65,25333.72,0.00
2025-11-25,19:31:00,25336.25,25337,25334.5,25336.25,164,25336.63,25333.76,0.00
2025-11-25,19:32:00,25336.25,25339.5,25333.75,25336,276,25336.62,25333.84,0.00
2025-11-25,19:33:00,25336.5,25337.25,25331.25,25334.25,317,25336.51,25333.85,0.00
2025-11-25,19:34:00,25334.25,25335.5,25329.5,25330.25,181,25336.38,25333.81,0.00
2025-11-25,19:35:00,25330,25333.5,25329,25332,262,25336.19,25333.76,0.00
2025-11-25,19:36:00,25332.25,25335.25,25331.25,25333,160,25336.12,25333.75,0.00
2025-11-25,19:37:00,25332.25,25333.25,25327.25,25329.5,201,25335.95,25333.68,0.00
2025-11-25,19:38:00,25329.75,25333,25329.25,25331,138,25335.86,25333.64,0.00
2025-11-25,19:39:00,25330.25,25333.25,25328.75,25331.75,141,25335.78,25333.61,0.00
2025-11-25,19:40:00,25332.25,25334.25,25330,25333.75,98,25335.74,25333.60,0.00
2025-11-25,19:41:00,25334.5,25335.75,25332.25,25332.5,172,25335.69,25333.60,0.00
2025-11-25,19:42:00,25332.75,25333.5,25329,25330,105,25335.62,25333.58,0.00
2025-11-25,19:43:00,25331.25,25332.75,25330,25330.75,106,25335.57,25333.56,0.00
2025-11-25,19:44:00,25331.25,25334.25,25330.5,25333.25,161,25335.51,25333.54,0.00
2025-11-25,19:45:00,25333.5,25334,25331,25331.5,134,25335.46,25333.53,0.00
2025-11-25,19:46:00,25331.75,25334.5,25328.25,25330,177,25335.36,25333.49,0.00
2025-11-25,19:47:00,25329.5,25329.5,25325.5,25326,345,25335.04,25333.31,0.00
2025-11-25,19:48:00,25326.25,25331.25,25326.25,25330.5,161,25334.93,25333.26,0.00
2025-11-25,19:49:00,25330.25,25330.75,25328,25330.75,152,25334.85,25333.21,0.00
2025-11-25,19:50:00,25330.75,25331.25,25325,25325.75,264,25334.64,25333.09,0.00
2025-11-25,19:51:00,25325.75,25327,25323.25,25323.25,181,25334.45,25332.97,0.00
2025-11-25,19:52:00,25324,25326.25,25320,25322.25,353,25334.04,25332.71,0.00
2025-11-25,19:53:00,25322.25,25323.25,25317.25,25319.75,667,25333.16,25320.08,0.00
2025-11-25,19:54:00,25319.75,25323.75,25318.25,25323.25,238,25332.91,25320.52,0.00
2025-11-25,19:55:00,25323,25323,25318.75,25319.75,165,25332.73,25320.52,0.00
2025-11-25,19:56:00,25320,25323.25,25315,25319.75,414,25332.24,25319.33,0.00
2025-11-25,19:57:00,25320.25,25325,25320.25,25322.75,271,25332.02,25320.65,0.00
2025-11-25,19:58:00,25323,25333.25,25323,25332.25,455,25331.93,25324.18,0.00
2025-11-25,19:59:00,25333,25341.75,25332.25,25338.5,781,25332.26,25329.60,0.00
2025-11-25,20:00:00,25338.25,25343.25,25337,25339.5,424,25332.51,25331.46,0.00
2025-11-25,20:01:00,25339.75,25345.25,25338.25,25341,904,25333.07,25334.26,0.00
2025-11-25,20:02:00,25340.5,25341.75,25332,25335.75,463,25333.18,25334.54,0.00
2025-11-25,20:03:00,25335,25339.5,25331.75,25337,326,25333.24,25334.66,0.00
2025-11-25,20:04:00,25337.25,25339.25,25334.5,25336.75,212,25333.29,25334.77,0.00
2025-11-25,20:05:00,25336.75,25337,25329.75,25332.25,284,25333.29,25334.66,0.00
2025-11-25,20:06:00,25332.75,25334,25321.5,25324.25,580,25333.05,25333.74,0.00
2025-11-25,20:07:00,25324.75,25328.25,25320,25327.75,408,25332.86,25333.12,0.00
2025-11-25,20:08:00,25328.5,25330.75,25325.75,25327.5,260,25332.78,25332.89,0.00
2025-11-25,20:09:00,25328.25,25333.75,25326.75,25333,356,25332.75,25332.79,0.00
2025-11-25,20:10:00,25333.25,25342.25,25332.5,25341,568,25332.94,25333.28,0.00
2025-11-25,20:11:00,25341.75,25346.5,25339.5,25344.75,552,25333.26,25334.06,0.00
2025-11-25,20:12:00,25345,25346.5,25341,25341.5,289,25333.41,25334.41,0.00
2025-11-25,20:13:00,25342.5,25345.5,25340.25,25341.5,257,25333.53,25334.67,0.00
2025-11-25,20:14:00,25340.75,25343,25339.5,25340,158,25333.59,25334.79,0.00
2025-11-25,20:15:00,25339.25,25339.75,25334.25,25335,348,25333.64,25334.86,0.00
2025-11-25,20:16:00,25335.5,25345.75,25335,25344,597,25333.88,25335.31,0.00
2025-11-25,20:17:00,25343.75,25350,25343,25348,566,25347.00,25336.01,0.00
2025-11-25,20:18:00,25348,25357.25,25347.75,25352,896,25352.33,25337.42,0.00
2025-11-25,20:19:00,25351.75,25356.5,25351,25355.75,262,25352.80,25337.84,0.00
2025-11-25,20:20:00,25355.75,25360.75,25355.25,25357.75,484,25357.92,25338.71,0.00
2025-11-25,20:21:00,25358.5,25362.25,25357,25360.5,538,25359.92,25339.69,0.00
2025-11-25,20:22:00,25359.75,25364.25,25359.5,25362.5,400,25362.08,25340.43,0.00
2025-11-25,20:23:00,25362.25,25365.75,25361.5,25364,357,25363.75,25341.10,0.00
2025-11-25,20:24:00,25364.5,25365,25358.25,25363.25,480,25362.84,25341.89,0.00
2025-11-25,20:25:00,25363.75,25367.5,25363.5,25365.5,456,25365.50,25342.70,0.00
2025-11-25,20:26:00,25365.75,25366.5,25363,25363.5,220,25365.12,25343.05,0.00
2025-11-25,20:27:00,25363.25,25363.25,25353.75,25355.75,647,25361.43,25343.71,0.00
2025-11-25,20:28:00,25355.5,25358.25,25350.75,25356.5,594,25359.49,25344.17,0.00
2025-11-25,20:29:00,25356.5,25358.5,25353.75,25357,253,25359.13,25344.37,0.00
2025-11-25,20:30:00,25356.25,25363.5,25356,25361.25,331,25359.28,25344.71,0.00
2025-11-25,20:31:00,25361.5,25367.75,25360.75,25362,464,25363.50,25345.26,0.00
2025-11-25,20:32:00,25362.25,25362.5,25357,25362,238,25362.48,25345.49,0.00
2025-11-25,20:33:00,25362.25,25366,25361.25,25363.5,196,25362.72,25345.71,0.00
2025-11-25,20:34:00,25364.25,25365.25,25361.75,25362.25,210,25362.79,25345.93,0.00
2025-11-25,20:35:00,25362.25,25364.25,25360.25,25363.25,198,25362.76,25346.13,0.00
2025-11-25,20:36:00,25363.75,25364.5,25358,25359.75,235,25362.45,25346.33,0.00
2025-11-25,20:37:00,25360.25,25362.25,25359,25359,159,25362.23,25346.46,0.00
2025-11-25,20:38:00,25360,25360,25356,25357.25,202,25361.76,25346.59,0.00
2025-11-25,20:39:00,25357.75,25363,25357.75,25359,205,25361.58,25346.75,0.00
2025-11-25,20:40:00,25358.75,25359.5,25356.75,25357.5,203,25361.26,25346.87,0.00
2025-11-25,20:41:00,25356.75,25359.25,25352.75,25356,349,25360.57,25347.05,0.00
2025-11-25,20:42:00,25355,25361.5,25355,25359.5,254,25360.40,25347.21,0.00
2025-11-25,20:43:00,25360,25362.75,25358.25,25360,261,25360.39,25347.40,0.00
2025-11-25,20:44:00,25359.75,25363,25357.75,25359.25,171,25360.37,25347.51,0.00
2025-11-25,20:45:00,25359.25,25362,25358,25361.25,76,25360.38,25347.56,0.00
2025-11-25,20:46:00,25362,25362,25358.5,25359.75,124,25360.36,25347.64,0.00
2025-11-25,20:47:00,25360,25363.75,25359.25,25362.5,156,25360.43,25347.76,0.00
2025-11-25,20:48:00,25362.5,25362.75,25358.25,25359.5,160,25360.42,25347.86,0.00
2025-11-25,20:49:00,25359.5,25366.5,25359.25,25365.5,227,25360.60,25348.05,0.00
2025-11-25,20:50:00,25365.25,25368.75,25363.25,25368.25,516,25366.75,25348.53,0.00
2025-11-25,20:51:00,25368.75,25376.25,25368.25,25373,1074,25372.50,25349.75,0.00
2025-11-25,20:52:00,25374,25380.75,25373.75,25376.5,934,25377.00,25350.91,0.00
2025-11-25,20:53:00,25377.25,25380,25373,25373.5,491,25376.48,25351.45,0.00
2025-11-25,20:54:00,25373.5,25374.5,25363.75,25366.25,743,25373.63,25351.98,0.00
2025-11-25,20:55:00,25366.5,25372.75,25366.5,25367.75,440,25372.85,25352.30,0.00
2025-11-25,20:56:00,25367.25,25370.75,25364.75,25365.25,372,25372.11,25352.52,0.00
2025-11-25,20:57:00,25365.25,25370.25,25364,25368.25,275,25371.72,25352.69,0.00
2025-11-25,20:58:00,25368.25,25369,25365.25,25367.75,228,25371.43,25352.83,0.00
2025-11-25,20:59:00,25367.75,25372.25,25367.5,25369,292,25371.29,25353.03,0.00
2025-11-25,21:00:00,25369.25,25375,25369.25,25374.25,285,25371.40,25353.25,0.00
2025-11-25,21:01:00,25373.75,25375.5,25369.25,25374.5,477,25371.58,25353.62,0.00
2025-11-25,21:02:00,25373.5,25373.5,25368.75,25370,231,25371.54,25353.77,0.00
2025-11-25,21:03:00,25371.25,25376,25370.25,25374.25,258,25371.64,25353.97,0.00
2025-11-25,21:04:00,25373.25,25375,25368,25371,358,25371.62,25354.20,0.00
2025-11-25,21:05:00,25370.5,25370.75,25365.25,25367,330,25371.39,25354.37,0.00
2025-11-25,21:06:00,25366.25,25371.25,25365.5,25369.75,226,25371.29,25354.49,0.00
2025-11-25,21:07:00,25370.75,25377.75,25370.5,25376.5,382,25371.51,25354.77,0.00
2025-11-25,21:08:00,25376.75,25377,25373,25375.25,241,25371.64,25354.95,0.00
2025-11-25,21:09:00,25375.75,25378.25,25374.5,25375.75,204,25371.78,25355.11,0.00
2025-11-25,21:10:00,25376.25,25383,25375.75,25380.75,604,25379.83,25355.63,0.00
2025-11-25,21:11:00,25380.5,25382.75,25379,25382.5,269,25380.32,25355.87,0.00
2025-11-25,21:12:00,25382.75,25383,25379.75,25382.5,214,25380.60,25356.07,0.00
2025-11-25,21:13:00,25383,25395.25,25382.75,25389,1565,25389.00,25357.76,0.00
2025-11-25,21:14:00,25389,25394.75,25389,25394.25,428,25389.79,25358.24,0.00
2025-11-25,21:15:00,25394.25,25397.75,25393.25,25395.5,525,25395.50,25358.86,0.00
2025-11-25,21:16:00,25395.75,25398.25,25393.5,25396.25,431,25396.00,25359.36,0.00
2025-11-25,21:17:00,25396.75,25404.75,25396,25402.5,1197,25401.08,25360.87,0.00
2025-11-25,21:18:00,25402.5,25411,25402.25,25408.5,996,25407.25,25362.23,0.00
2025-11-25,21:19:00,25408.5,25410.75,25403.75,25404,758,25406.78,25363.19,0.00
2025-11-25,21:20:00,25404,25404,25393.25,25395.25,1114,25403.18,25364.25,0.00
2025-11-25,21:21:00,25394.5,25397.25,25389.25,25389.5,1001,25400.28,25365.00,0.00
2025-11-25,21:22:00,25389.5,25399.25,25389.25,25397.5,573,25399.65,25365.47,0.00
2025-11-25,21:23:00,25397.75,25400.5,25392.75,25395,434,25399.33,25365.82,0.00
2025-11-25,21:24:00,25395,25395.75,25391.25,25392.5,355,25398.91,25366.07,0.00
2025-11-25,21:25:00,25392.5,25396.25,25391.5,25391.5,211,25398.68,25366.22,0.00
2025-11-25,21:26:00,25391.25,25397.5,25389.5,25395.75,370,25398.40,25366.48,0.00
2025-11-25,21:27:00,25395.75,25400.25,25395.5,25398.5,335,25398.39,25366.75,0.00
2025-11-25,21:28:00,25398.75,25403.25,25398.75,25401.5,302,25398.52,25367.02,0.00
2025-11-25,21:29:00,25402.25,25406.75,25401.75,25402.5,497,25398.88,25367.47,0.00
2025-11-25,21:30:00,25403.25,25403.5,25400.25,25401.75,279,25399.00,25367.71,0.00
2025-11-25,21:31:00,25401.25,25407.75,25392.25,25407,984,25399.40,25368.54,0.00
2025-11-25,21:32:00,25406.5,25413,25405.5,25410.25,828,25409.58,25369.34,0.00
2025-11-25,21:33:00,25410.25,25417.25,25406.5,25409,859,25410.92,25370.17,0.00
2025-11-25,21:34:00,25409.75,25410.25,25400.25,25402.75,534,25408.42,25370.59,0.00
2025-11-25,21:35:00,25403.25,25408.5,25401.75,25406,443,25407.70,25370.95,0.00
2025-11-25,21:36:00,25405.75,25407.75,25401,25405,295,25407.27,25371.17,0.00
2025-11-25,21:37:00,25405.75,25408.75,25403.5,25405,229,25407.12,25371.35,0.00
2025-11-25,21:38:00,25405.5,25410.25,25405,25408.5,236,25407.19,25371.54,0.00
2025-11-25,21:39:00,25408.5,25413.5,25408.5,25410,373,25407.63,25371.86,0.00
2025-11-25,21:40:00,25411,25413,25408.5,25411.75,223,25407.87,25372.06,0.00
2025-11-25,21:41:00,25411.75,25412.25,25406.25,25411.5,385,25408.10,25372.38,0.00
2025-11-25,21:42:00,25410.75,25415.5,25407.75,25410.75,424,25408.44,25372.74,0.00
2025-11-25,21:43:00,25410.5,25415.25,25410.25,25414.5,279,25408.76,25372.98,0.00
2025-11-25,21:44:00,25414.5,25420.25,25411.25,25418,709,25416.50,25373.63,0.00
2025-11-25,21:45:00,25417.5,25419.25,25415.25,25419.25,430,25417.03,25374.04,0.00
2025-11-25,21:46:00,25418.25,25421.25,25416.25,25418.5,637,25418.67,25374.63,0.00
2025-11-25,21:47:00,25418,25418.75,25410.25,25412.5,531,25416.47,25375.05,0.00
2025-11-25,21:48:00,25412.5,25412.5,25409,25411.5,426,25415.01,25375.37,0.00
2025-11-25,21:49:00,25410.75,25414.5,25406.75,25412,572,25413.97,25375.78,0.00
2025-11-25,21:50:00,25411.75,25413,25409,25412,219,25413.73,25375.93,0.00
2025-11-25,21:51:00,25411.25,25415.5,25410.75,25411.5,222,25413.63,25376.09,0.00
2025-11-25,21:52:00,25411,25412.5,25406.5,25410.75,342,25413.20,25376.32,0.00
2025-11-25,21:53:00,25410.75,25412.25,25407.5,25409.25,214,25412.96,25376.46,0.00
2025-11-25,21:54:00,25409,25412,25408,25410.5,174,25412.82,25376.58,0.00
2025-11-25,21:55:00,25410,25410.5,25407.25,25408.25,113,25412.68,25376.65,0.00
2025-11-25,21:56:00,25407.25,25409.25,25405.25,25408.25,363,25412.19,25376.87,0.00
2025-11-25,21:57:00,25408.25,25415.75,25408,25412.25,462,25412.17,25377.18,0.00
2025-11-25,21:58:00,25412.25,25415.5,25411,25415,240,25412.26,25377.35,0.00
2025-11-25,21:59:00,25414.75,25422.75,25414.25,25422.75,647,25419.92,25377.87,0.00
2025-11-25,22:00:00,25422.5,25424.25,25419,25419,606,25420.75,25378.36,0.00
2025-11-25,22:01:00,25418.75,25420.75,25414,25419,531,25419.43,25378.75,0.00
2025-11-25,22:02:00,25418.5,25419.75,25414.75,25417,209,25419.08,25378.90,0.00
2025-11-25,22:03:00,25416.5,25421,25416.5,25419.5,233,25419.06,25379.07,0.00
2025-11-25,22:04:00,25419.25,25420.5,25416.5,25419.25,206,25419.03,25379.22,0.00
2025-11-25,22:05:00,25419,25419,25411.25,25413.75,321,25418.36,25379.43,0.00
2025-11-25,22:06:00,25413.5,25417.5,25412.25,25414,256,25417.95,25379.59,0.00
2025-11-25,22:07:00,25415,25415.25,25412.25,25414.75,86,25417.82,25379.65,0.00
2025-11-25,22:08:00,25415.25,25418.5,25414.75,25417,184,25417.74,25379.77,0.00
2025-11-25,22:09:00,25415.25,25417,25412.5,25412.5,162,25417.53,25379.87,0.00
2025-11-25,22:10:00,25413.25,25419.25,25413,25418,234,25417.47,25380.03,0.00
2025-11-25,22:11:00,25418,25422.75,25416.5,25418.75,369,25417.67,25380.29,0.00
2025-11-25,22:12:00,25418.5,25419.75,25414.75,25415.25,234,25417.60,25380.44,0.00
2025-11-25,22:13:00,25416.25,25418.75,25415,25416.75,131,25417.57,25380.52,0.00
2025-11-25,22:14:00,25416.25,25418,25414.25,25415.5,82,25417.54,25380.57,0.00
2025-11-25,22:15:00,25415.5,25418.5,25414.5,25417.25,143,25417.51,25380.66,0.00
2025-11-25,22:16:00,25418,25424,25416.75,25422.5,449,25417.87,25380.98,0.00
2025-11-25,22:17:00,25423.75,25427.75,25417.75,25420.75,855,25422.08,25381.59,0.00
2025-11-25,22:18:00,25420.5,25421.25,25417.5,25418.75,142,25421.67,25381.68,0.00
2025-11-25,22:19:00,25418.75,25424,25418.25,25422.75,217,25421.67,25381.83,0.00
2025-11-25,22:20:00,25423.75,25426.75,25421.25,25424,242,25422.06,25382.00,0.00
2025-11-25,22:21:00,25423.5,25423.5,25417.75,25418.5,267,25421.72,25382.17,0.00
2025-11-25,22:22:00,25418.5,25419.5,25416.25,25416.5,186,25421.30,25382.28,0.00
2025-11-25,22:23:00,25416.25,25417.25,25408.5,25413.75,787,25418.93,25382.69,0.00
2025-11-25,22:24:00,25414.25,25418.75,25412.5,25417.25,239,25418.70,25382.82,0.00
2025-11-25,22:25:00,25417.25,25418.75,25416.5,25417.75,145,25418.66,25382.91,0.00
2025-11-25,22:26:00,25417.75,25417.75,25415,25415.75,235,25418.48,25383.04,0.00
2025-11-25,22:27:00,25416,25418.25,25413.75,25415.25,179,25418.34,25383.13,0.00
2025-11-25,22:28:00,25415.5,25420.25,25415,25417.5,203,25418.30,25383.25,0.00
2025-11-25,22:29:00,25416.75,25420.25,25416.25,25416.5,131,25418.28,25383.32,0.00
2025-11-25,22:30:00,25416.25,25418.75,25416,25416.75,108,25418.25,25383.38,0.00
2025-11-25,22:31:00,25417,25422.25,25414.75,25421.25,276,25418.32,25383.54,0.00
2025-11-25,22:32:00,25421.5,25422.25,25418.25,25421.25,275,25418.46,25383.71,0.00
2025-11-25,22:33:00,25421.25,25423.5,25420,25420.5,292,25418.64,25383.89,0.00
2025-11-25,22:34:00,25420.5,25424.5,25419.5,25422.75,188,25418.77,25384.00,0.00
2025-11-25,22:35:00,25422.25,25423.25,25417.5,25419.75,252,25418.84,25384.15,0.00
2025-11-25,22:36:00,25419.75,25426,25419.75,25420.75,335,25419.04,25384.35,0.00
2025-11-25,22:37:00,25420.25,25422.75,25417.25,25421.75,261,25419.11,25384.50,0.00
2025-11-25,22:38:00,25421.75,25423.25,25418.5,25421.25,156,25419.16,25384.59,0.00
2025-11-25,22:39:00,25420.5,25423.25,25419.25,25422,128,25419.21,25384.67,0.00
2025-11-25,22:40:00,25422,25431.5,25422,25428.5,927,25427.33,25385.29,0.00
2025-11-25,22:41:00,25429,25433,25427,25427.5,487,25429.17,25385.62,0.00
2025-11-25,22:42:00,25427.5,25430.5,25425,25430.5,239,25429.00,25385.77,0.00
2025-11-25,22:43:00,25430.25,25432,25428.75,25430.25,257,25429.35,25385.95,0.00
2025-11-25,22:44:00,25430.5,25434.25,25430.5,25432,485,25432.25,25386.29,0.00
2025-11-25,22:45:00,25432,25432,25427.5,25429,197,25431.46,25386.42,0.00
2025-11-25,22:46:00,25429,25431.5,25426.5,25429.5,246,25430.85,25386.58,0.00
2025-11-25,22:47:00,25430.25,25430.75,25426,25429.5,278,25430.37,25386.76,0.00
2025-11-25,22:48:00,25429.5,25430.75,25428.25,25429,158,25430.25,25386.86,0.00
2025-11-25,22:49:00,25428.25,25428.75,25422.75,25423.75,426,25429.02,25387.10,0.00
2025-11-25,22:50:00,25423.25,25425.25,25419.75,25424.75,426,25427.91,25387.33,0.00
2025-11-25,22:51:00,25424.25,25429.5,25423.25,25426.5,286,25427.74,25387.50,0.00
2025-11-25,22:52:00,25427,25430.25,25426.75,25429.25,216,25427.82,25387.63,0.00
2025-11-25,22:53:00,25429,25433,25427.5,25432.75,191,25428.03,25387.75,0.00
2025-11-25,22:54:00,25432.25,25437.25,25431,25436,551,25434.75,25388.13,0.00
2025-11-25,22:55:00,25435.5,25436.5,25433.75,25435.5,311,25434.93,25388.34,0.00
2025-11-25,22:56:00,25435.75,25437,25433.75,25435,272,25435.01,25388.52,0.00
2025-11-25,22:57:00,25434.5,25435.25,25431.25,25431.25,180,25434.68,25388.64,0.00
2025-11-25,22:58:00,25431.25,25434.75,25429.5,25433.5,265,25434.32,25388.81,0.00
2025-11-25,22:59:00,25433.25,25434,25429.5,25431.25,132,25434.11,25388.89,0.00
2025-11-25,23:00:00,25431.5,25436.25,25431.5,25435,249,25434.13,25389.05,0.00
2025-11-25,23:01:00,25435,25436,25433.25,25433.5,208,25434.14,25389.18,0.00
2025-11-25,23:02:00,25433.5,25439.5,25433,25437.5,493,25436.67,25389.51,0.00
2025-11-25,23:03:00,25437.5,25446.75,25436.75,25444,830,25442.50,25390.13,0.00
2025-11-25,23:04:00,25445.5,25449.75,25442,25442.75,631,25444.83,25390.61,0.00
2025-11-25,23:05:00,25442.5,25442.5,25437.75,25438.25,723,25441.99,25391.09,0.00
2025-11-25,23:06:00,25438,25441.5,25435.25,25436.5,436,25440.95,25391.37,0.00
2025-11-25,23:07:00,25437,25438.5,25434.5,25435.5,269,25440.33,25391.53,0.00
2025-11-25,23:08:00,25435.75,25436.5,25433.75,25434.5,218,25439.81,25391.66,0.00
2025-11-25,23:09:00,25435.25,25436.25,25430,25431.75,547,25438.43,25391.96,0.00
2025-11-25,23:10:00,25431,25431.5,25427.75,25428.5,298,25437.55,25392.11,0.00
2025-11-25,23:11:00,25428.25,25428.75,25425,25427,459,25436.19,25392.32,0.00
2025-11-25,23:12:00,25427,25429.5,25426,25428.25,381,25435.39,25392.50,0.00
2025-11-25,23:13:00,25428.75,25432.5,25427,25428.75,460,25434.77,25392.73,0.00
2025-11-25,23:14:00,25428.25,25429.5,25424.75,25425.5,444,25434.02,25392.92,0.00
2025-11-25,23:15:00,25426.25,25428.25,25424,25427,250,25433.65,25393.03,0.00
2025-11-25,23:16:00,25427,25427.25,25421.25,25424,528,25432.76,25393.25,0.00
2025-11-25,23:17:00,25424,25427,25423.75,25427,118,25432.62,25393.30,0.00
2025-11-25,23:18:00,25427.25,25428,25425,25425,158,25432.45,25393.36,0.00
2025-11-25,23:19:00,25425.25,25429.5,25425,25426.75,182,25432.29,25393.44,0.00
2025-11-25,23:20:00,25427,25430.25,25427,25429.5,274,25432.14,25393.57,0.00
2025-11-25,23:21:00,25429,25433,25428.25,25431.5,342,25432.08,25393.73,0.00
2025-11-25,23:22:00,25431,25432,25427.75,25431,237,25432.02,25393.84,0.00
2025-11-25,23:23:00,25431,25433,25429.75,25430.75,131,25432.00,25393.90,0.00
2025-11-25,23:24:00,25431.5,25433,25430,25430,100,25431.99,25393.95,0.00
2025-11-25,23:25:00,25430.5,25431,25427.5,25427.75,159,25431.92,25394.02,0.00
2025-11-25,23:26:00,25428.25,25430.75,25426.5,25430,288,25431.81,25394.15,0.00
2025-11-25,23:27:00,25430,25431,25428,25429.75,63,25431.79,25394.17,0.00
2025-11-25,23:28:00,25430.25,25432.25,25429,25431,200,25431.77,25394.27,0.00
2025-11-25,23:29:00,25431,25433,25430,25432,135,25431.76,25394.33,0.00
2025-11-25,23:30:00,25431.75,25432.5,25428.25,25428.25,164,25431.72,25394.40,0.00
2025-11-25,23:31:00,25428.75,25431.5,25427,25430.75,219,25431.67,25394.50,0.00
2025-11-25,23:32:00,25431.75,25432,25428,25428.5,118,25431.64,25394.55,0.00
2025-11-25,23:33:00,25429.25,25432.75,25429.25,25430.25,124,25431.63,25394.61,0.00
2025-11-25,23:34:00,25430.25,25432.25,25426.75,25431,460,25431.55,25394.81,0.00
2025-11-25,23:35:00,25431.75,25432.75,25429.75,25431.5,94,25431.54,25394.85,0.00
2025-11-25,23:36:00,25431.75,25432.5,25430.75,25431.5,102,25431.54,25394.90,0.00
2025-11-25,23:37:00,25431.5,25433.25,25429.25,25432.5,104,25431.55,25394.95,0.00
2025-11-25,23:38:00,25432.5,25441.25,25432.25,25440,634,25431.94,25395.28,0.00
2025-11-25,23:39:00,25439.75,25441.25,25437.75,25440,165,25432.07,25395.37,0.00
2025-11-25,23:40:00,25440.5,25441.75,25439.25,25439.5,174,25432.20,25395.46,0.00
2025-11-25,23:41:00,25439.25,25442,25433.75,25436.25,491,25432.43,25395.71,0.00
2025-11-25,23:42:00,25436.5,25437.75,25434,25434,147,25432.47,25395.78,0.00
2025-11-25,23:43:00,25434,25434.75,25428.5,25432.75,381,25432.46,25395.95,0.00
2025-11-25,23:44:00,25431.5,25433.5,25428.75,25432.75,248,25432.44,25396.06,0.00
2025-11-25,23:45:00,25433.25,25433.25,25429,25430.25,184,25432.41,25396.13,0.00
2025-11-25,23:46:00,25430,25434.25,25430,25433,151,25432.41,25396.20,0.00
2025-11-25,23:47:00,25433.5,25436.75,25431,25436.75,338,25432.48,25396.35,0.00
2025-11-25,23:48:00,25436.5,25440.5,25435,25439.75,280,25432.61,25396.49,0.00
2025-11-25,23:49:00,25439.75,25440.75,25438,25439.5,281,25432.76,25396.64,0.00
2025-11-25,23:50:00,25439.75,25439.75,25436.25,25439.5,158,25432.83,25396.72,0.00
2025-11-25,23:51:00,25439,25440.25,25438,25438.75,119,25432.89,25396.77,0.00
2025-11-25,23:52:00,25438.75,25440,25438,25438.75,84,25432.92,25396.82,0.00
2025-11-25,23:53:00,25438,25438.75,25436.25,25438.5,170,25432.99,25396.90,0.00
2025-11-25,23:54:00,25438,25438.25,25432.25,25432.75,305,25433.02,25397.03,0.00
2025-11-25,23:55:00,25433,25435,25431,25434,201,25433.02,25397.12,0.00
2025-11-25,23:56:00,25434,25438,25434,25437,219,25433.07,25397.22,0.00
2025-11-25,23:57:00,25437,25438,25434.25,25437,126,25433.10,25397.28,0.00
2025-11-25,23:58:00,25437.25,25441,25436,25437.5,235,25433.19,25397.39,0.00
2025-11-25,23:59:00,25437.75,25438.25,25433,25434.75,184,25433.21,25397.47,0.00
2025-11-25,00:00:00,25172.5,25177.25,25171,25176.75,225,25194.01,25172.40,0.00
2025-11-25,00:01:00,25177.25,25179.25,25173.75,25179,332,25193.96,25173.94,0.00
2025-11-25,00:02:00,25178.5,25185,25177.75,25183,490,25193.90,25176.45,0.00
2025-11-25,00:03:00,25183.25,25187,25182.75,25184.25,256,25193.88,25177.61,0.00
2025-11-25,00:04:00,25183.5,25186,25179.75,25181.25,177,25193.85,25178.03,0.00
2025-11-25,00:05:00,25182,25184.5,25177.75,25183.25,213,25193.83,25178.39,0.00
2025-11-25,00:06:00,25183.75,25183.75,25175.75,25178.25,375,25193.77,25178.52,0.00
2025-11-25,00:07:00,25178.75,25184,25177.75,25184,151,25193.76,25178.71,0.00
2025-11-25,00:08:00,25184.25,25187.75,25181.5,25185.25,187,25193.74,25179.10,0.00
2025-11-25,00:09:00,25186.75,25186.75,25183,25183,255,25193.72,25179.51,0.00
2025-11-25,00:10:00,25184.25,25186.5,25181.75,25185.75,200,25193.70,25179.82,0.00
2025-11-25,00:11:00,25186,25188.75,25184,25186.5,290,25193.68,25180.34,0.00
2025-11-25,00:12:00,25187.5,25191.75,25187.5,25188.25,320,25193.66,25181.05,0.00
2025-11-25,00:13:00,25187.75,25192.5,25187,25191.25,174,25193.66,25181.44,0.00
2025-11-25,00:14:00,25190.5,25191.25,25186.75,25188.5,133,25193.65,25181.67,0.00
2025-11-25,00:15:00,25188.5,25191,25187.75,25190.75,136,25193.65,25181.92,0.00
2025-11-25,00:16:00,25191,25198.75,25191,25198.5,462,25193.66,25183.26,0.00
2025-11-25,00:17:00,25198.75,25207.25,25198.5,25204.75,636,25193.72,25185.59,0.00
2025-11-25,00:18:00,25204.75,25206,25202.25,25202.25,236,25193.74,25186.32,0.00
2025-11-25,00:19:00,25203.25,25204,25198.5,25198.5,289,25193.76,25186.99,0.00
2025-11-25,00:20:00,25198.75,25201,25197.25,25198.5,136,25193.76,25187.25,0.00
2025-11-25,00:21:00,25198.5,25201.5,25195,25195.75,286,25193.77,25187.70,0.00
2025-11-25,00:22:00,25196.75,25198.5,25192.5,25192.5,164,25193.78,25187.87,0.00
2025-11-25,00:23:00,25192.75,25195,25187,25188,453,25193.76,25188.01,0.00
2025-11-25,00:24:00,25188.25,25194,25187.75,25193.5,276,25193.75,25188.15,0.00
2025-11-25,00:25:00,25193.25,25197,25192.75,25194,234,25193.76,25188.34,0.00
2025-11-25,00:26:00,25193.5,25195.25,25191.5,25194,149,25193.76,25188.45,0.00
2025-11-25,00:27:00,25194.75,25197.25,25194.5,25195.25,150,25193.76,25188.58,0.00
2025-11-25,00:28:00,25195,25195.5,25192.25,25193.25,124,25193.76,25188.66,0.00
2025-11-25,00:29:00,25193.5,25193.75,25189,25191.25,217,25193.75,25188.73,0.00
2025-11-25,00:30:00,25191.75,25191.75,25187.75,25188.5,167,25193.75,25188.74,0.00
2025-11-25,00:31:00,25188.25,25190.25,25184.75,25187.25,302,25193.73,25188.70,0.00
2025-11-25,00:32:00,25187.75,25188.25,25181.25,25184,368,25193.70,25188.53,0.00
2025-11-25,00:33:00,25183.25,25187.5,25182,25184.5,145,25193.68,25188.47,0.00
2025-11-25,00:34:00,25184.75,25189.5,25184.75,25189.5,164,25193.68,25188.46,0.00
2025-11-25,00:35:00,25188.75,25191.75,25188,25190,135,25193.67,25188.48,0.00
2025-11-25,00:36:00,25189.75,25192.75,25189,25189.25,176,25193.67,25188.51,0.00
2025-11-25,00:37:00,25189.25,25189.25,25184,25186,272,25193.65,25188.45,0.00
2025-11-25,00:38:00,25186,25188.75,25183,25183.5,160,25193.63,25188.40,0.00
2025-11-25,00:39:00,25183.75,25185.25,25182.25,25182.25,138,25193.62,25188.33,0.00
2025-11-25,00:40:00,25182.75,25184.5,25180.5,25182,172,25193.60,25188.23,0.00
2025-11-25,00:41:00,25182,25185.5,25182,25182.5,175,25193.59,25188.15,0.00
2025-11-25,00:42:00,25182.25,25186.5,25182.25,25186,145,25193.57,25188.11,0.00
2025-11-25,00:43:00,25185.5,25190,25184.5,25188.25,207,25193.56,25188.10,0.00
2025-11-25,00:44:00,25188.25,25188.5,25181.75,25183.75,221,25193.55,25188.03,0.00
2025-11-25,00:45:00,25183.75,25184.25,25180.75,25182,165,25193.53,25187.95,0.00
2025-11-25,00:46:00,25181.25,25184,25180.25,25183.75,188,25193.51,25187.86,0.00
2025-11-25,00:47:00,25184.5,25188,25183.75,25186.75,214,25193.50,25187.83,0.00
2025-11-25,00:48:00,25186.5,25188,25184.5,25185,151,25193.48,25187.81,0.00
2025-11-25,00:49:00,25185.25,25186.5,25183.5,25185.25,190,25193.47,25187.76,0.00
2025-11-25,00:50:00,25185.5,25187,25182.75,25184.5,174,25193.46,25187.72,0.00
2025-11-25,00:51:00,25184.75,25187.75,25184.5,25187.25,117,25193.45,25187.71,0.00
2025-11-25,00:52:00,25187.25,25188,25185.25,25187.5,144,25193.44,25187.70,0.00
2025-11-25,00:53:00,25187.25,25190.5,25186.5,25189,264,25193.43,25187.72,0.00
2025-11-25,00:54:00,25189.25,25189.5,25186,25187.25,135,25193.42,25187.72,0.00
2025-11-25,00:55:00,25187.25,25187.5,25183,25183,191,25193.41,25187.67,0.00
2025-11-25,00:56:00,25183.25,25187,25183,25186.25,111,25193.40,25187.65,0.00
2025-11-25,00:57:00,25186.5,25187.75,25185.75,25186.25,179,25193.39,25187.64,0.00
2025-11-25,00:58:00,25186.5,25189.75,25186.5,25188.25,121,25193.38,25187.64,0.00
2025-11-25,00:59:00,25188.25,25189.25,25184.75,25186.75,207,25193.37,25187.63,0.00
2025-11-25,01:00:00,25186.75,25188.25,25186,25187.5,148,25193.36,25187.63,0.00
2025-11-25,01:01:00,25187.75,25189.75,25186,25188.75,330,25193.35,25187.64,0.00
2025-11-25,01:02:00,25189,25193,25186.25,25191,300,25193.34,25187.69,0.00
2025-11-25,01:03:00,25191,25191.75,25187.25,25188.5,200,25193.33,25187.71,0.00
2025-11-25,01:04:00,25189,25192,25186.75,25188.75,136,25193.32,25187.72,0.00
2025-11-25,01:05:00,25188.75,25192,25188.25,25188.25,182,25193.32,25187.75,0.00
2025-11-25,01:06:00,25187.75,25188.25,25178.5,25181.75,767,25193.25,25187.51,0.00
2025-11-25,01:07:00,25182,25185.75,25181.75,25183,404,25193.21,25187.41,0.00
2025-11-25,01:08:00,25183.25,25189.75,25183,25189,292,25193.20,25187.40,0.00
2025-11-25,01:09:00,25189,25194.5,25188.25,25193.25,291,25193.19,25187.48,0.00
2025-11-25,01:10:00,25194,25194.25,25189.5,25192,264,25193.19,25187.55,0.00
2025-11-25,01:11:00,25192,25195.75,25191.25,25195.25,236,25193.19,25187.64,0.00
2025-11-25,01:12:00,25195.25,25199.25,25195,25197.25,386,25193.21,25187.85,0.00
2025-11-25,01:13:00,25197.25,25199.25,25195.5,25199.25,221,25193.22,25187.98,0.00
2025-11-25,01:14:00,25198.75,25203.25,25197.75,25200.75,340,25193.24,25188.21,0.00
2025-11-25,01:15:00,25200.75,25206,25200.5,25205.25,536,25193.29,25188.66,0.00
2025-11-25,01:16:00,25205.75,25208.75,25202,25202,690,25193.35,25189.21,0.00
2025-11-25,01:17:00,25202.25,25202.5,25194.25,25194.5,522,25193.37,25189.42,0.00
2025-11-25,01:18:00,25194.25,25196.75,25189.25,25190,394,25193.36,25189.47,0.00
2025-11-25,01:19:00,25189.75,25194.75,25187.5,25191.75,413,25193.36,25189.50,0.00
2025-11-25,01:20:00,25191.5,25195.75,25191.5,25194.25,286,25193.36,25189.56,0.00
2025-11-25,01:21:00,25194.25,25195.25,25190.5,25192,225,25193.36,25189.60,0.00
2025-11-25,01:22:00,25192.25,25193,25185.5,25185.5,358,25193.34,25189.57,0.00
2025-11-25,01:23:00,25185.5,25185.5,25180.25,25182,511,25193.29,25189.41,0.00
2025-11-25,01:24:00,25181.75,25182.5,25178.5,25181.5,363,25193.26,25189.27,0.00
2025-11-25,01:25:00,25181,25181,25176.5,25178.25,327,25193.22,25189.12,0.00
2025-11-25,01:26:00,25178,25178,25169.75,25170.25,519,25193.13,25188.75,0.00
2025-11-25,01:27:00,25170.5,25172.25,25166.5,25168,554,25193.02,25168.92,0.00
2025-11-25,01:28:00,25167.5,25173,25167.5,25171.75,374,25192.95,25169.66,0.00
2025-11-25,01:29:00,25171,25175,25169.75,25172,290,25192.90,25170.27,0.00
2025-11-25,01:30:00,25172.25,25174.25,25168.75,25171.25,270,25192.85,25170.48,0.00
2025-11-25,01:31:00,25171.75,25177,25169.75,25175,382,25192.79,25171.18,0.00
2025-11-25,01:32:00,25174.5,25178,25171.25,25177.25,338,25192.75,25171.84,0.00
2025-11-25,01:33:00,25177.75,25181.5,25176,25179.5,338,25192.71,25172.79,0.00
2025-11-25,01:34:00,25179.75,25183,25176.75,25180.75,219,25192.69,25173.38,0.00
2025-11-25,01:35:00,25180.75,25182.5,25178.75,25180,159,25192.67,25173.76,0.00
2025-11-25,01:36:00,25180.25,25183.75,25180.25,25182.5,158,25192.66,25174.19,0.00
2025-11-25,01:37:00,25181.75,25184.75,25180.5,25183.5,174,25192.64,25174.66,0.00
2025-11-25,01:38:00,25183.5,25185,25181,25185,105,25192.64,25174.94,0.00
2025-11-25,01:39:00,25184.5,25187,25183.75,25186.5,249,25192.62,25175.68,0.00
2025-11-25,01:40:00,25185.75,25188.5,25185.75,25186.75,171,25192.62,25176.20,0.00
2025-11-25,01:41:00,25186.75,25188.75,25186,25188.25,197,25192.61,25176.76,0.00
2025-11-25,01:42:00,25187.75,25188,25183,25184,238,25192.59,25177.23,0.00
2025-11-25,01:43:00,25184,25188,25183.5,25186,174,25192.58,25177.57,0.00
2025-11-25,01:44:00,25186.5,25188.75,25185.25,25187.75,148,25192.58,25177.89,0.00
2025-11-25,01:45:00,25187.75,25190.25,25185.25,25185.75,206,25192.57,25178.29,0.00
2025-11-25,01:46:00,25186.25,25186.75,25183,25185.25,136,25192.56,25178.47,0.00
2025-11-25,01:47:00,25186,25187.75,25180.5,25181.5,342,25192.53,25178.79,0.00
2025-11-25,01:48:00,25181.75,25182.75,25177.75,25179.25,279,25192.51,25178.84,0.00
2025-11-25,01:49:00,25179.25,25181.25,25177.5,25178.25,143,25192.49,25178.85,0.00
2025-11-25,01:50:00,25178.5,25181,25178,25178.25,154,25192.48,25178.85,0.00
2025-11-25,01:51:00,25178,25179,25173,25175.5,434,25192.42,25178.64,0.00
2025-11-25,01:52:00,25175.5,25177.5,25174,25174,215,25192.39,25178.53,0.00
2025-11-25,01:53:00,25174.25,25176.5,25173.5,25175,178,25192.37,25178.43,0.00
2025-11-25,01:54:00,25174.5,25176,25172.25,25176,224,25192.33,25178.31,0.00
2025-11-25,01:55:00,25176,25178.75,25174,25177.5,225,25192.31,25178.26,0.00
2025-11-25,01:56:00,25177.25,25179,25176,25179,168,25192.29,25178.26,0.00
2025-11-25,01:57:00,25178.75,25179.75,25175.5,25176,183,25192.27,25178.23,0.00
2025-11-25,01:58:00,25176,25177,25173.25,25176.25,189,25192.24,25178.16,0.00
2025-11-25,01:59:00,25176,25178,25174.25,25174.25,115,25192.23,25178.12,0.00
2025-11-25,02:00:00,25174,25176,25173.5,25174.25,114,25192.21,25178.07,0.00
2025-11-25,02:01:00,25174.25,25182.25,25173.75,25176.75,346,25192.17,25178.05,0.00
2025-11-25,02:02:00,25177,25177.5,25172.5,25177.5,234,25192.14,25177.99,0.00
2025-11-25,02:03:00,25178,25183.25,25178,25182.25,234,25192.12,25178.07,0.00
2025-11-25,02:04:00,25181.75,25184.25,25181,25182.75,235,25192.11,25178.19,0.00
2025-11-25,02:05:00,25182.25,25183,25178.5,25180.25,176,25192.09,25178.24,0.00
2025-11-25,02:06:00,25180.25,25182.75,25179,25182.75,114,25192.08,25178.28,0.00
2025-11-25,02:07:00,25182,25185.25,25180.25,25180.5,134,25192.07,25178.33,0.00
2025-11-25,02:08:00,25180.25,25180.25,25175.5,25177,242,25192.04,25178.32,0.00
2025-11-25,02:09:00,25176.75,25182.75,25176.5,25181.5,216,25192.02,25178.36,0.00
2025-11-25,02:10:00,25181.75,25187,25181.5,25185.25,333,25192.01,25178.56,0.00
2025-11-25,02:11:00,25185.25,25188,25182.25,25184.75,267,25191.99,25178.73,0.00
2025-11-25,02:12:00,25184.75,25191.75,25184.75,25189.5,414,25191.98,25179.11,0.00
2025-11-25,02:13:00,25189.5,25191,25185.75,25187.5,142,25191.98,25179.23,0.00
2025-11-25,02:14:00,25186.5,25188,25185,25185,100,25191.97,25179.29,0.00
2025-11-25,02:15:00,25184.75,25185.5,25180.25,25182.75,187,25191.96,25179.35,0.00
2025-11-25,02:16:00,25182.75,25182.75,25179.5,25179.5,202,25191.94,25179.37,0.00
2025-11-25,02:17:00,25180,25180,25172.25,25175,458,25191.89,25179.23,0.00
2025-11-25,02:18:00,25174.5,25175.25,25171.75,25174.25,221,25191.86,25179.13,0.00
2025-11-25,02:19:00,25173.75,25175.75,25171.75,25173,245,25191.82,25179.02,0.00
2025-11-25,02:20:00,25172.75,25175,25169,25172.5,398,25191.76,25178.80,0.00
2025-11-25,02:21:00,25172.75,25173.25,25166,25171.5,557,25191.67,25170.25,0.00
2025-11-25,02:22:00,25171.5,25172,25166.5,25167,330,25191.62,25169.60,0.00
2025-11-25,02:23:00,25167.25,25169.25,25164.25,25167.25,315,25191.56,25166.92,0.00
2025-11-25,02:24:00,25166.75,25166.75,25160.75,25162.5,488,25191.46,25163.33,0.00
2025-11-25,02:25:00,25161.5,25165,25159.25,25164.5,539,25191.34,25162.92,0.00
2025-11-25,02:26:00,25165,25165.75,25159.25,25162,319,25191.28,25162.70,0.00
2025-11-25,02:27:00,25162,25164.5,25158.75,25160.5,343,25191.20,25161.25,0.00
2025-11-25,02:28:00,25161.5,25166.25,25160,25163.5,253,25191.15,25162.10,0.00
2025-11-25,02:29:00,25163,25167.75,25162.25,25165,293,25191.09,25163.06,0.00
2025-11-25,02:30:00,25164.75,25167.5,25160.75,25164.75,222,25191.05,25163.31,0.00
2025-11-25,02:31:00,25164.75,25171,25162.75,25169.25,338,25190.99,25164.33,0.00
2025-11-25,02:32:00,25168.25,25169.25,25162.5,25162.5,210,25190.95,25164.38,0.00
2025-11-25,02:33:00,25162.75,25167.5,25159.25,25167,245,25190.91,25164.41,0.00
2025-11-25,02:34:00,25166.75,25173.75,25165.5,25172.25,287,25190.86,25165.20,0.00
2025-11-25,02:35:00,25172,25177,25170.75,25176.5,267,25190.83,25166.24,0.00
2025-11-25,02:36:00,25176.5,25179,25175,25176.5,270,25190.81,25167.29,0.00
2025-11-25,02:37:00,25177,25181.75,25175.25,25177.75,391,25190.77,25168.66,0.00
2025-11-25,02:38:00,25177.75,25180.75,25175,25176,207,25190.75,25169.20,0.00
2025-11-25,02:39:00,25176,25176.25,25169.5,25171,331,25190.71,25169.47,0.00
2025-11-25,02:40:00,25170.75,25172,25168,25168.75,124,25190.69,25169.48,0.00
2025-11-25,02:41:00,25168.75,25170.5,25164.25,25165,282,25190.64,25169.28,0.00
2025-11-25,02:42:00,25164.5,25169.25,25163.5,25163.75,178,25190.61,25169.12,0.00
2025-11-25,02:43:00,25164,25168.25,25162.75,25164,261,25190.56,25168.88,0.00
2025-11-25,02:44:00,25163.5,25166,25160,25162.5,334,25190.49,25168.46,0.00
2025-11-25,02:45:00,25162.25,25167.75,25160.25,25160.25,385,25190.42,25168.04,0.00
2025-11-25,02:46:00,25160.25,25162,25154.5,25156.75,629,25190.27,25157.75,0.00
2025-11-25,02:47:00,25157,25159.75,25154.5,25158.25,264,25190.21,25157.68,0.00
2025-11-25,02:48:00,25158,25160.5,25155.75,25157.5,297,25190.15,25157.74,0.00
2025-11-25,02:49:00,25157.5,25157.5,25153.5,25155,282,25190.08,25155.33,0.00
2025-11-25,02:50:00,25155.25,25156.25,25151.75,25152.25,541,25189.94,25153.42,0.00
2025-11-25,02:51:00,25152.25,25153,25147.25,25149,553,25189.78,25149.75,0.00
2025-11-25,02:52:00,25148.25,25154,25147.5,25153.25,319,25189.70,25150.42,0.00
2025-11-25,02:53:00,25152.75,25152.75,25147.75,25149.75,275,25189.62,25150.34,0.00
2025-11-25,02:54:00,25148.75,25151.5,25148.5,25149.75,202,25189.57,25150.28,0.00
2025-11-25,02:55:00,25150.5,25155.25,25149.75,25152,426,25189.46,25150.77,0.00
2025-11-25,02:56:00,25152,25163.25,25151.75,25160,622,25189.33,25152.73,0.00
2025-11-25,02:57:00,25159.75,25163,25158.75,25159,233,25189.28,25153.40,0.00
2025-11-25,02:58:00,25159,25162,25157.25,25159.75,280,25189.22,25154.00,0.00
2025-11-25,02:59:00,25160.5,25161.25,25157.75,25158.5,176,25189.19,25154.30,0.00
2025-11-25,03:00:00,25158.5,25159,25152.75,25155,303,25189.12,25154.41,0.00
2025-11-25,03:01:00,25155.25,25157,25149.25,25152.5,538,25188.99,25154.21,0.00
2025-11-25,03:02:00,25152.5,25155.25,25150.75,25151.75,359,25188.90,25154.07,0.00
2025-11-25,03:03:00,25151.25,25154.75,25148,25154.75,353,25188.81,25153.95,0.00
2025-11-25,03:04:00,25155,25156,25150,25150.75,273,25188.74,25153.86,0.00
2025-11-25,03:05:00,25150.25,25150.25,25143.25,25143.75,875,25188.49,25145.75,0.00
2025-11-25,03:06:00,25144,25149.5,25136.25,25139.25,1031,25188.17,25141.67,0.00
2025-11-25,03:07:00,25138.5,25142.5,25137.75,25141.75,505,25188.01,25141.34,0.00
2025-11-25,03:08:00,25141.5,25145.25,25141,25145.25,353,25187.91,25141.80,0.00
2025-11-25,03:09:00,25144.5,25150.25,25144.25,25147.25,546,25187.76,25143.03,0.00
2025-11-25,03:10:00,25147.5,25147.75,25140.5,25141.75,328,25187.67,25143.06,0.00
2025-11-25,03:11:00,25142,25143.25,25138,25138,327,25187.56,25142.71,0.00
2025-11-25,03:12:00,25138,25140.5,25136.75,25137.25,279,25187.47,25142.34,0.00
2025-11-25,03:13:00,25137,25138.25,25134,25136,481,25187.31,25136.08,0.00
2025-11-25,03:14:00,25136.25,25144,25136.25,25143.5,336,25187.21,25138.21,0.00
2025-11-25,03:15:00,25143,25145.5,25141.25,25144.75,255,25187.14,25139.55,0.00
2025-11-25,03:16:00,25144.75,25145.25,25141.25,25142.5,208,25187.08,25140.11,0.00
2025-11-25,03:17:00,25142,25149.5,25141.25,25147,384,25186.98,25141.45,0.00
2025-11-25,03:18:00,25147,25150,25145.25,25149.25,259,25186.91,25142.35,0.00
2025-11-25,03:19:00,25149.25,25149.25,25142,25142.5,278,25186.84,25142.63,0.00
2025-11-25,03:20:00,25142.5,25143,25138.5,25142.75,243,25186.76,25142.51,0.00
2025-11-25,03:21:00,25142.25,25146.25,25141.5,25143.25,173,25186.72,25142.59,0.00
2025-11-25,03:22:00,25143,25146.75,25141.5,25145.5,115,25186.69,25142.67,0.00
2025-11-25,03:23:00,25145.5,25149.75,25144.25,25146,331,25186.60,25143.11,0.00
2025-11-25,03:24:00,25146.5,25149.75,25146.25,25149.25,143,25186.57,25143.34,0.00
2025-11-25,03:25:00,25150,25152.75,25146.75,25150.5,394,25186.47,25144.07,0.00
2025-11-25,03:26:00,25150.75,25150.75,25145.25,25148.75,351,25186.39,25144.44,0.00
2025-11-25,03:27:00,25148.75,25150,25146,25146.75,172,25186.34,25144.57,0.00
2025-11-25,03:28:00,25146,25149.25,25144.5,25148.75,220,25186.29,25144.72,0.00
2025-11-25,03:29:00,25149,25150.75,25147.75,25149.25,201,25186.24,25144.92,0.00
2025-11-25,03:30:00,25149.25,25150.5,25147.25,25148.25,261,25186.18,25145.13,0.00
2025-11-25,03:31:00,25147.75,25149,25143.5,25147.75,394,25186.08,25145.25,0.00
2025-11-25,03:32:00,25148,25150.5,25144.5,25148,300,25186.01,25145.38,0.00
2025-11-25,03:33:00,25148.25,25156.5,25147,25154.75,420,25185.92,25145.90,0.00
2025-11-25,03:34:00,25154.25,25158.25,25154.25,25157,360,25185.85,25146.51,0.00
2025-11-25,03:35:00,25157.25,25160.25,25155.5,25157,307,25185.80,25147.03,0.00
2025-11-25,03:36:00,25157,25160.25,25154.75,25156,450,25185.72,25147.66,0.00
2025-11-25,03:37:00,25155.75,25155.75,25151.5,25152.25,293,25185.66,25147.88,0.00
2025-11-25,03:38:00,25151.25,25158.25,25149.75,25158,247,25185.61,25148.13,0.00
2025-11-25,03:39:00,25158.75,25166.25,25158.75,25165,695,25185.52,25149.41,0.00
2025-11-25,03:40:00,25165.25,25166.25,25158.5,25160,286,25185.47,25149.81,0.00
2025-11-25,03:41:00,25160.5,25164,25158.75,25163.25,336,25185.42,25150.27,0.00
2025-11-25,03:42:00,25163.75,25167.5,25159,25166,457,25185.36,25150.95,0.00
2025-11-25,03:43:00,25166.25,25167.75,25163.5,25165.5,251,25185.33,25151.33,0.00
2025-11-25,03:44:00,25165.75,25169.75,25165.75,25169.75,269,25185.31,25151.80,0.00
2025-11-25,03:45:00,25169,25179,25168.25,25179,650,25185.27,25153.26,0.00
2025-11-25,03:46:00,25179.25,25183,25174.5,25177.5,844,25185.23,25155.12,0.00
2025-11-25,03:47:00,25178,25189.25,25177,25187.5,859,25185.23,25157.19,0.00
2025-11-25,03:48:00,25186.5,25188.5,25181,25183.25,653,25185.22,25158.56,0.00
2025-11-25,03:49:00,25182.75,25184.5,25174,25175,616,25185.20,25159.44,0.00
2025-11-25,03:50:00,25174,25175.75,25162.25,25164.75,1088,25185.08,25160.05,0.00
2025-11-25,03:51:00,25164.5,25169.25,25158.25,25168.75,735,25185.00,25160.31,0.00
2025-11-25,03:52:00,25169.75,25174,25166.75,25168,640,25184.94,25160.68,0.00
2025-11-25,03:53:00,25168.75,25183.25,25168.5,25177.5,907,25184.89,25161.53,0.00
2025-11-25,03:54:00,25177.75,25178.5,25170.75,25175,266,25184.88,25161.73,0.00
2025-11-25,03:55:00,25175.5,25179.25,25171,25171.25,296,25184.86,25161.94,0.00
2025-11-25,03:56:00,25170.5,25171.25,25164.25,25166.5,451,25184.81,25162.07,0.00
2025-11-25,03:57:00,25166,25168.25,25156.25,25160.25,583,25184.73,25162.06,0.00
2025-11-25,03:58:00,25159.25,25163.75,25159,25163,196,25184.70,25162.06,0.00
2025-11-25,03:59:00,25162.75,25169.25,25162.75,25168.5,303,25184.67,25162.13,0.00
2025-11-25,04:00:00,25168.75,25171.75,25164,25168.25,330,25184.64,25162.23,0.00
2025-11-25,04:01:00,25167.25,25184.5,25165.25,25172.75,1076,25184.58,25162.86,0.00
2025-11-25,04:02:00,25172.75,25178,25165,25171.75,538,25184.54,25163.09,0.00
2025-11-25,04:03:00,25172,25176.25,25168.25,25175.75,367,25184.51,25163.27,0.00
2025-11-25,04:04:00,25175.5,25178.25,25164.75,25170,377,25184.48,25163.40,0.00
2025-11-25,04:05:00,25170.75,25176,25169.75,25173,249,25184.47,25163.51,0.00
2025-11-25,04:06:00,25172.75,25176,25167.25,25171.5,469,25184.43,25163.68,0.00
2025-11-25,04:07:00,25171.5,25176.75,25164,25171.75,611,25184.38,25163.87,0.00
2025-11-25,04:08:00,25171.5,25173.5,25163.75,25164,466,25184.34,25163.93,0.00
2025-11-25,04:09:00,25164.25,25164.25,25155.5,25159.5,732,25184.24,25163.81,0.00
2025-11-25,04:10:00,25158.75,25164,25154,25161.25,595,25184.15,25163.71,0.00
2025-11-25,04:11:00,25161.5,25164.25,25152,25153.75,459,25184.08,25163.58,0.00
2025-11-25,04:12:00,25154,25159.25,25147.25,25150,598,25183.98,25163.32,0.00
2025-11-25,04:13:00,25150,25155.75,25149.75,25155.75,383,25183.91,25163.18,0.00
2025-11-25,04:14:00,25155.5,25158,25149.5,25151,361,25183.85,25163.04,0.00
2025-11-25,04:15:00,25150.25,25150.5,25139,25140.5,883,25183.65,25162.40,0.00
2025-11-25,04:16:00,25140.75,25153,25140.75,25152.25,763,25183.50,25162.03,0.00
2025-11-25,04:17:00,25153.25,25165.75,25153.25,25164.25,976,25183.38,25162.00,0.00
2025-11-25,04:18:00,25163.75,25169.5,25160,25164.75,683,25183.31,25162.06,0.00
2025-11-25,04:19:00,25165.5,25169.25,25164.25,25165.75,261,25183.29,25162.10,0.00
2025-11-25,04:20:00,25166.5,25167.25,25159.75,25163,457,25183.24,25162.12,0.00
2025-11-25,04:21:00,25162.75,25166.25,25162.25,25163.25,314,25183.21,25162.14,0.00
2025-11-25,04:22:00,25164,25169.25,25162.25,25167,342,25183.17,25162.18,0.00
2025-11-25,04:23:00,25167.25,25175.75,25167.25,25175,491,25183.15,25162.34,0.00
2025-11-25,04:24:00,25175.25,25180.5,25173.75,25180,438,25183.13,25162.56,0.00
2025-11-25,04:25:00,25180.25,25180.5,25173.75,25176.5,462,25183.12,25162.76,0.00
2025-11-25,04:26:00,25177,25177.75,25166,25167.25,544,25183.08,25162.88,0.00
2025-11-25,04:27:00,25167,25170.5,25162.75,25163.5,459,25183.04,25162.92,0.00
2025-11-25,04:28:00,25163.75,25164,25157.75,25161,427,25182.99,25162.90,0.00
2025-11-25,04:29:00,25161.75,25171.5,25159.75,25170.25,416,25182.95,25162.95,0.00
2025-11-25,04:30:00,25170.75,25174.25,25166.75,25173.5,308,25182.93,25163.02,0.00
2025-11-25,04:31:00,25174.25,25175,25165.5,25170,391,25182.91,25163.10,0.00
2025-11-25,04:32:00,25169.5,25170,25161,25165,198,25182.89,25163.12,0.00
2025-11-25,04:33:00,25165,25167.5,25160.75,25163.25,290,25182.86,25163.12,0.00
2025-11-25,04:34:00,25162,25171.25,25159,25170,365,25182.83,25163.16,0.00
2025-11-25,04:35:00,25170.5,25173.5,25166.25,25170.75,331,25182.81,25163.22,0.00
2025-11-25,04:36:00,25170.75,25172.75,25164.5,25170,252,25182.79,25163.26,0.00
2025-11-25,04:37:00,25170.25,25173.5,25167.75,25169.25,233,25182.77,25163.31,0.00
2025-11-25,04:38:00,25169.75,25170.75,25165.25,25167.75,227,25182.75,25163.33,0.00
2025-11-25,04:39:00,25167,25167.75,25161.5,25167.5,486,25182.71,25163.36,0.00
2025-11-25,04:40:00,25168,25170.25,25162.5,25165.75,383,25182.68,25163.39,0.00
2025-11-25,04:41:00,25166.25,25168.75,25161.5,25166,188,25182.66,25163.40,0.00
2025-11-25,04:42:00,25166.25,25169.75,25161.25,25169.25,209,25182.64,25163.42,0.00
2025-11-25,04:43:00,25168.75,25172.5,25166,25168.5,317,25182.62,25163.47,0.00
2025-11-25,04:44:00,25167.75,25168.75,25160.5,25164.25,357,25182.59,25163.48,0.00
2025-11-25,04:45:00,25165,25166.25,25155,25156.75,469,25182.53,25163.43,0.00
2025-11-25,04:46:00,25157.25,25159.5,25153.25,25154,334,25182.48,25163.36,0.00
2025-11-25,04:47:00,25154,25154.25,25141.5,25149.25,942,25182.32,25163.01,0.00
2025-11-25,04:48:00,25148.5,25151.25,25146.75,25149.75,342,25182.26,25162.90,0.00
2025-11-25,04:49:00,25148.75,25149.5,25142.5,25144.25,375,25182.19,25162.74,0.00
2025-11-25,04:50:00,25144.5,25146.75,25139,25145.25,515,25182.09,25162.51,0.00
2025-11-25,04:51:00,25145.25,25145.25,25137,25139.75,484,25181.98,25162.26,0.00
2025-11-25,04:52:00,25139.75,25140.25,25131,25136.75,906,25181.77,25136.00,0.00
2025-11-25,04:53:00,25136.5,25137.25,25125,25126,972,25181.51,25129.42,0.00
2025-11-25,04:54:00,25126.25,25127,25118.25,25120.5,1089,25181.18,25121.92,0.00
2025-11-25,04:55:00,25120.75,25123,25112,25114.25,848,25180.91,25116.42,0.00
2025-11-25,04:56:00,25115.25,25121,25109.25,25119.75,978,25180.59,25116.67,0.00
2025-11-25,04:57:00,25119.25,25126.75,25112.25,25115.5,819,25180.34,25117.35,0.00
2025-11-25,04:58:00,25114.75,25119.5,25112,25118.75,381,25180.22,25117.25,0.00
2025-11-25,04:59:00,25119.25,25124.25,25118.75,25122.5,391,25180.10,25117.94,0.00
2025-11-25,05:00:00,25122.5,25125.75,25116,25119.75,580,25179.93,25118.41,0.00
2025-11-25,05:01:00,25120.25,25129,25116.25,25125.75,1059,25179.64,25119.74,0.00
2025-11-25,05:02:00,25125.5,25135,25118.5,25122,958,25179.38,25120.74,0.00
2025-11-25,05:03:00,25122.25,25128.25,25121.5,25126.75,373,25179.29,25121.06,0.00
2025-11-25,05:04:00,25126.25,25133.5,25123.5,25129.75,466,25179.17,25121.67,0.00
2025-11-25,05:05:00,25129,25137.25,25125.25,25136,431,25179.07,25122.42,0.00
2025-11-25,05:06:00,25135.5,25148.5,25135,25148.25,933,25178.92,25125.14,0.00
2025-11-25,05:07:00,25148.75,25152.25,25146.25,25147.25,711,25178.81,25127.20,0.00
2025-11-25,05:08:00,25146.75,25149.25,25141.75,25143,596,25178.71,25128.40,0.00
2025-11-25,05:09:00,25143,25143.25,25133.5,25139.5,620,25178.59,25129.09,0.00
2025-11-25,05:10:00,25139.25,25140,25129.5,25132.25,483,25178.49,25129.33,0.00
2025-11-25,05:11:00,25132.75,25138,25124.5,25125.25,789,25178.31,25129.33,0.00
2025-11-25,05:12:00,25124,25124.25,25114.25,25118.25,883,25178.06,25128.52,0.00
2025-11-25,05:13:00,25118.5,25135.5,25118.25,25134,782,25177.87,25128.57,0.00
2025-11-25,05:14:00,25134.5,25140.5,25131,25137.25,600,25177.76,25128.93,0.00
2025-11-25,05:15:00,25138,25138.5,25129.25,25135,282,25177.70,25129.04,0.00
2025-11-25,05:16:00,25135,25137.5,25127.25,25130.25,490,25177.59,25129.14,0.00
2025-11-25,05:17:00,25129.5,25131.5,25116.25,25117.25,628,25177.43,25128.81,0.00
2025-11-25,05:18:00,25116.75,25118.75,25109.5,25111.25,972,25177.14,25127.81,0.00
2025-11-25,05:19:00,25112.25,25117.25,25108.75,25113.75,667,25176.94,25113.25,0.00
2025-11-25,05:20:00,25114.25,25114.75,25106.5,25107.75,841,25176.68,25109.67,0.00
2025-11-25,05:21:00,25107.5,25109.75,25103,25105.5,1078,25176.32,25106.08,0.00
2025-11-25,05:22:00,25105.25,25105.5,25099.5,25101.25,685,25176.09,25102.08,0.00
2025-11-25,05:23:00,25101.25,25108.5,25100.75,25107.75,689,25175.87,25103.88,0.00
2025-11-25,05:24:00,25107.25,25111.5,25105.25,25111,551,25175.70,25105.42,0.00
2025-11-25,05:25:00,25111.5,25113.5,25100.5,25102.5,655,25175.49,25105.44,0.00
2025-11-25,05:26:00,25103.25,25104.25,25095.25,25096.25,870,25175.19,25098.58,0.00
2025-11-25,05:27:00,25096.25,25096.75,25093,25093,669,25174.94,25094.25,0.00
2025-11-25,05:28:00,25092.75,25093.75,25089.25,25090.25,875,25174.61,25091.08,0.00
2025-11-25,05:29:00,25090.75,25093.75,25086.75,25088.5,496,25174.42,25089.67,0.00
2025-11-25,05:30:00,25088.25,25089.75,25081.5,25081.75,812,25174.09,25084.33,0.00
2025-11-25,05:31:00,25082,25087.5,25079.75,25082.25,1049,25173.67,25083.17,0.00
2025-11-25,05:32:00,25083.25,25087.25,25081.25,25082,584,25173.43,25083.29,0.00
2025-11-25,05:33:00,25081.75,25087.5,25075,25081.25,842,25173.09,25081.25,0.00
2025-11-25,05:34:00,25081.5,25086,25077.75,25082.25,627,25172.84,25081.57,0.00
2025-11-25,05:35:00,25082.25,25088.75,25080.25,25086.25,832,25172.51,25082.84,0.00
2025-11-25,05:36:00,25085.75,25092,25082.25,25090.5,769,25172.23,25084.20,0.00
2025-11-25,05:37:00,25090.25,25106,25082,25095.5,2301,25171.45,25088.61,0.00
2025-11-25,05:38:00,25095.25,25095.25,25085,25087.25,438,25171.30,25088.65,0.00
2025-11-25,05:39:00,25087.5,25091.75,25084.25,25089,396,25171.15,25088.63,0.00
2025-11-25,05:40:00,25089,25094.5,25085.75,25086,432,25171.00,25088.64,0.00
2025-11-25,05:41:00,25087.25,25090.25,25079.75,25089.75,610,25170.78,25088.47,0.00
2025-11-25,05:42:00,25089.5,25110.75,25084.25,25104.5,1863,25170.21,25090.79,0.00
2025-11-25,05:43:00,25105.25,25116.75,25104.25,25116.5,1522,25169.84,25093.90,0.00
2025-11-25,05:44:00,25116,25117.5,25109,25115.25,564,25169.70,25094.91,0.00
2025-11-25,05:45:00,25115.5,25120.75,25114.5,25119.25,450,25169.61,25095.81,0.00
2025-11-25,05:46:00,25120,25122.5,25119,25120,523,25169.50,25096.87,0.00
2025-11-25,05:47:00,25119.5,25120,25106.75,25109.25,891,25169.28,25097.90,0.00
2025-11-25,05:48:00,25109.25,25110.25,25101.25,25101.75,609,25169.12,25098.19,0.00
2025-11-25,05:49:00,25101,25113,25099.5,25108.25,622,25168.95,25098.57,0.00
2025-11-25,05:50:00,25108.25,25117.25,25108.25,25117.25,408,25168.86,25099.00,0.00
2025-11-25,05:51:00,25116,25123.25,25114,25122.5,578,25168.74,25099.80,0.00
2025-11-25,05:52:00,25122.25,25126.75,25119.25,25125,487,25168.65,25100.53,0.00
2025-11-25,05:53:00,25125,25126.25,25116.75,25117.5,494,25168.55,25101.13,0.00
2025-11-25,05:54:00,25117.75,25118.75,25112.75,25117,431,25168.46,25101.52,0.00
2025-11-25,05:55:00,25116.25,25120,25111,25114.5,515,25168.35,25101.93,0.00
2025-11-25,05:56:00,25115,25118,25111.25,25112.25,347,25168.27,25102.16,0.00
2025-11-25,05:57:00,25112,25117,25111.75,25117,229,25168.22,25102.33,0.00
2025-11-25,05:58:00,25117,25119.75,25109,25110.5,438,25168.12,25102.59,0.00
2025-11-25,05:59:00,25110.75,25117.75,25107,25114,430,25168.02,25102.83,0.00
2025-11-25,06:00:00,25114.25,25115,25107.25,25110.75,358,25167.94,25102.98,0.00
2025-11-25,06:01:00,25110.5,25115.25,25108.25,25109.75,451,25167.83,25103.17,0.00
2025-11-25,06:02:00,25110,25110.5,25103.75,25107.5,528,25167.70,25103.28,0.00
2025-11-25,06:03:00,25106.5,25110.5,25103.5,25104.5,426,25167.59,25103.34,0.00
2025-11-25,06:04:00,25104.25,25108.25,25100.5,25102,339,25167.51,25103.34,0.00
2025-11-25,06:05:00,25101.25,25107.75,25100.75,25106,315,25167.42,25103.36,0.00
2025-11-25,06:06:00,25105.75,25109.75,25099,25103.25,532,25167.29,25103.38,0.00
2025-11-25,06:07:00,25102.75,25105,25098,25099.75,412,25167.18,25103.33,0.00
2025-11-25,06:08:00,25099.5,25101,25096.75,25097.25,415,25167.06,25103.24,0.00
2025-11-25,06:09:00,25097,25106.75,25096.25,25102.25,551,25166.92,25103.21,0.00
2025-11-25,06:10:00,25103,25113.75,25102,25112.5,489,25166.80,25103.33,0.00
2025-11-25,06:11:00,25112.5,25123.5,25110.75,25122.5,762,25166.66,25103.82,0.00
2025-11-25,06:12:00,25123.25,25129.5,25123.25,25126.75,1030,25166.49,25104.75,0.00
2025-11-25,06:13:00,25127,25128.5,25120.5,25125.25,498,25166.41,25105.14,0.00
2025-11-25,06:14:00,25124.75,25127.75,25120.5,25123.5,491,25166.32,25105.49,0.00
2025-11-25,06:15:00,25123.75,25124.25,25117.25,25120.75,315,25166.27,25105.67,0.00
2025-11-25,06:16:00,25121.25,25123.5,25113.25,25118,564,25166.16,25105.93,0.00
2025-11-25,06:17:00,25117.25,25126.5,25115.5,25125.75,441,25166.08,25106.20,0.00
2025-11-25,06:18:00,25126,25126.25,25111,25112.25,587,25165.97,25106.41,0.00
2025-11-25,06:19:00,25112.75,25114.75,25103.75,25105,674,25165.81,25106.44,0.00
2025-11-25,06:20:00,25106,25111.5,25105.25,25107.25,314,25165.74,25106.46,0.00
2025-11-25,06:21:00,25107.25,25115.25,25106.75,25114.25,405,25165.66,25106.54,0.00
2025-11-25,06:22:00,25114.5,25120.5,25113,25116,396,25165.58,25106.67,0.00
2025-11-25,06:23:00,25116.5,25123.25,25115,25122.25,287,25165.53,25106.80,0.00
2025-11-25,06:24:00,25121.75,25123.75,25118.75,25120,298,25165.48,25106.94,0.00
2025-11-25,06:25:00,25120.5,25120.5,25115.25,25116.5,264,25165.43,25107.03,0.00
2025-11-25,06:26:00,25117,25119.25,25112,25112.25,293,25165.37,25107.10,0.00
2025-11-25,06:27:00,25111.75,25114.5,25109.75,25112.5,247,25165.32,25107.14,0.00
2025-11-25,06:28:00,25112,25115,25109.75,25114.25,165,25165.28,25107.17,0.00
2025-11-25,06:29:00,25113.5,25117,25110.75,25116.25,173,25165.25,25107.21,0.00
2025-11-25,06:30:00,25116.75,25118.25,25113.75,25114.25,165,25165.22,25107.25,0.00
2025-11-25,06:31:00,25113.25,25113.75,25099.75,25106.75,657,25165.07,25107.24,0.00
2025-11-25,06:32:00,25107,25109.5,25103,25104,343,25164.99,25107.22,0.00
2025-11-25,06:33:00,25102.75,25113,25088.5,25111.5,1304,25164.68,25107.11,0.00
2025-11-25,06:34:00,25111.25,25112.75,25106.25,25112.25,415,25164.60,25107.15,0.00
2025-11-25,06:35:00,25112.75,25121.75,25110.5,25118.75,776,25164.45,25107.37,0.00
2025-11-25,06:36:00,25119,25120.5,25112.5,25113.25,419,25164.38,25107.46,0.00
2025-11-25,06:37:00,25113,25118.25,25108.25,25117.75,523,25164.28,25107.57,0.00
2025-11-25,06:38:00,25117,25126.25,25116.5,25123,519,25164.19,25107.77,0.00
2025-11-25,06:39:00,25123.5,25124.25,25120.5,25124,289,25164.15,25107.89,0.00
2025-11-25,06:40:00,25123.75,25127.75,25121.25,25125.75,356,25164.09,25108.05,0.00
2025-11-25,06:41:00,25125,25135,25125,25130.25,693,25164.00,25108.45,0.00
2025-11-25,06:42:00,25130.5,25137.75,25129.75,25137,573,25163.94,25108.84,0.00
2025-11-25,06:43:00,25136.25,25139,25132.25,25137.25,396,25163.90,25109.12,0.00
2025-11-25,06:44:00,25138,25138,25130,25131.25,431,25163.85,25109.38,0.00
2025-11-25,06:45:00,25130.75,25131.75,25120.75,25124,607,25163.76,25109.62,0.00
2025-11-25,06:46:00,25124.5,25127.5,25120.75,25122,395,25163.70,25109.76,0.00
2025-11-25,06:47:00,25122,25133.25,25122,25131.5,584,25163.62,25110.03,0.00
2025-11-25,06:48:00,25131.25,25134.75,25127.25,25128.5,310,25163.58,25110.18,0.00
2025-11-25,06:49:00,25129.25,25131.25,25122.5,25124.5,343,25163.54,25110.31,0.00
2025-11-25,06:50:00,25124.5,25129.25,25120.25,25128.75,475,25163.47,25110.49,0.00
2025-11-25,06:51:00,25128.25,25130.25,25126,25127.25,314,25163.43,25110.62,0.00
2025-11-25,06:52:00,25127.75,25129.5,25123.25,25127.25,248,25163.39,25110.71,0.00
2025-11-25,06:53:00,25127.25,25134,25127,25130,308,25163.36,25110.85,0.00
2025-11-25,06:54:00,25128.5,25133.75,25124.25,25133.75,301,25163.32,25110.99,0.00
2025-11-25,06:55:00,25133,25142,25132,25142,522,25163.27,25111.31,0.00
2025-11-25,06:56:00,25142,25147.25,25140.5,25143.25,812,25163.21,25111.90,0.00
2025-11-25,06:57:00,25143.25,25144,25139,25139,556,25163.16,25112.26,0.00
2025-11-25,06:58:00,25139,25143.25,25137,25139.5,541,25163.12,25112.58,0.00
2025-11-25,06:59:00,25139.75,25144.75,25138.25,25142.25,509,25163.08,25112.90,0.00
2025-11-25,07:00:00,25142.5,25142.5,25136.5,25139.75,324,25163.05,25113.09,0.00
2025-11-25,07:01:00,25140.25,25142.75,25135.25,25140.5,716,25162.99,25113.49,0.00
2025-11-25,07:02:00,25140.75,25141,25131.75,25137,416,25162.95,25113.69,0.00
2025-11-25,07:03:00,25137.25,25137.25,25130.5,25131.5,326,25162.91,25113.82,0.00
2025-11-25,07:04:00,25132.25,25132.75,25127.5,25131,271,25162.88,25113.91,0.00
2025-11-25,07:05:00,25130.25,25137.25,25129.5,25137.25,392,25162.84,25114.08,0.00
2025-11-25,07:06:00,25137.5,25138.5,25130.25,25135,289,25162.81,25114.20,0.00
2025-11-25,07:07:00,25135.5,25140.75,25135.5,25138.75,299,25162.78,25114.34,0.00
2025-11-25,07:08:00,25138.5,25142,25137,25141.25,233,25162.76,25114.47,0.00
2025-11-25,07:09:00,25141.25,25151,25139.75,25149.75,990,25162.71,25115.10,0.00
2025-11-25,07:10:00,25149.75,25150.25,25144,25148,500,25162.68,25115.42,0.00
2025-11-25,07:11:00,25147.5,25150.75,25135.5,25136.5,581,25162.63,25115.70,0.00
2025-11-25,07:12:00,25136.5,25146.5,25133.25,25146.5,521,25162.59,25115.97,0.00
2025-11-25,07:13:00,25146.25,25146.25,25138.25,25140,346,25162.57,25116.13,0.00
2025-11-25,07:14:00,25139.75,25144.25,25139.5,25142.5,268,25162.55,25116.26,0.00
2025-11-25,07:15:00,25143.75,25144.5,25140.5,25141.75,305,25162.53,25116.41,0.00
2025-11-25,07:16:00,25142.5,25145.75,25136.75,25140.5,422,25162.49,25116.61,0.00
2025-11-25,07:17:00,25140.5,25140.5,25133.25,25134.75,481,25162.45,25116.78,0.00
2025-11-25,07:18:00,25134.25,25134.75,25125,25125,850,25162.34,25116.96,0.00
2025-11-25,07:19:00,25125.25,25132,25123.5,25130,455,25162.29,25117.05,0.00
2025-11-25,07:20:00,25130,25130,25122.75,25126,359,25162.24,25117.11,0.00
2025-11-25,07:21:00,25125.5,25128.25,25124.25,25125.5,264,25162.21,25117.16,0.00
2025-11-25,07:22:00,25125.25,25127.75,25121.25,25125,377,25162.16,25117.21,0.00
2025-11-25,07:23:00,25125.25,25126.5,25120,25122,685,25162.06,25117.27,0.00
2025-11-25,07:24:00,25122.5,25133,25122.25,25129.5,439,25162.01,25117.36,0.00
2025-11-25,07:25:00,25128.75,25134,25125.5,25129.5,450,25161.96,25117.45,0.00
2025-11-25,07:26:00,25129.75,25132.5,25124.25,25125,283,25161.92,25117.50,0.00
2025-11-25,07:27:00,25126,25127.75,25117.5,25122.5,529,25161.85,25117.55,0.00
2025-11-25,07:28:00,25123,25124.5,25116.75,25122.5,500,25161.78,25117.58,0.00
2025-11-25,07:29:00,25123,25128,25117,25117.75,371,25161.73,25117.60,0.00
2025-11-25,07:30:00,25118,25121.25,25118,25119.25,469,25161.66,25117.61,0.00
2025-11-25,07:31:00,25119.25,25122.75,25114.25,25116.5,540,25161.57,25117.62,0.00
2025-11-25,07:32:00,25116.5,25116.75,25110.5,25115,720,25161.45,25117.57,0.00
2025-11-25,07:33:00,25114.5,25115.25,25106.5,25108.25,757,25161.32,25117.48,0.00
2025-11-25,07:34:00,25108,25110,25103.5,25105,535,25161.21,25117.38,0.00
2025-11-25,07:35:00,25105.75,25107,25102.75,25104.75,310,25161.15,25117.32,0.00
2025-11-25,07:36:00,25104.25,25107.25,25101.5,25107.25,409,25161.07,25117.25,0.00
2025-11-25,07:37:00,25106.5,25119,25105.5,25114.5,696,25160.96,25117.20,0.00
2025-11-25,07:38:00,25114.25,25115.25,25102.5,25103.5,680,25160.83,25117.09,0.00
2025-11-25,07:39:00,25103.25,25110.5,25099,25106.75,568,25160.72,25116.99,0.00
2025-11-25,07:40:00,25106.75,25112.75,25103.5,25112,495,25160.64,25116.93,0.00
2025-11-25,07:41:00,25111.75,25118.25,25111.25,25114.5,602,25160.54,25116.91,0.00
2025-11-25,07:42:00,25114,25115.75,25107.75,25113.5,429,25160.47,25116.88,0.00
2025-11-25,07:43:00,25113,25114.25,25107.25,25112.25,361,25160.41,25116.85,0.00
2025-11-25,07:44:00,25112.25,25115.5,25109,25114.5,272,25160.36,25116.84,0.00
2025-11-25,07:45:00,25113,25116.75,25109,25112.5,261,25160.32,25116.82,0.00
2025-11-25,07:46:00,25112.25,25112.25,25104.25,25109.25,334,25160.26,25116.78,0.00
2025-11-25,07:47:00,25108.5,25111.25,25105.75,25108.25,244,25160.22,25116.75,0.00
2025-11-25,07:48:00,25109,25118.5,25107,25109.25,533,25160.13,25116.71,0.00
2025-11-25,07:49:00,25109.5,25113,25107.5,25107.5,243,25160.09,25116.69,0.00
2025-11-25,07:50:00,25108,25111.5,25105,25105.5,302,25160.04,25116.65,0.00
2025-11-25,07:51:00,25105.75,25112.75,25105.5,25108.5,276,25159.99,25116.62,0.00
2025-11-25,07:52:00,25108.5,25112.5,25100.25,25101.75,496,25159.89,25116.53,0.00
2025-11-25,07:53:00,25101.5,25104.25,25097.5,25103.5,435,25159.81,25116.44,0.00
2025-11-25,07:54:00,25103.5,25114.25,25101.25,25112.75,569,25159.71,25116.38,0.00
2025-11-25,07:55:00,25113.25,25120,25111.75,25118.5,571,25159.63,25116.39,0.00
2025-11-25,07:56:00,25119.25,25120.5,25111.25,25115.25,508,25159.55,25116.38,0.00
2025-11-25,07:57:00,25116.25,25127.75,25116.25,25120.5,942,25159.43,25116.45,0.00
2025-11-25,07:58:00,25120.75,25127.5,25120,25120,364,25159.39,25116.48,0.00
2025-11-25,07:59:00,25121,25126.5,25119,25122.25,366,25159.34,25116.51,0.00
2025-11-25,08:00:00,25123,25128.5,25123,25128.25,385,25159.30,25116.56,0.00
2025-11-25,08:01:00,25127.75,25132.5,25120,25124.5,1084,25159.18,25116.69,0.00
2025-11-25,08:02:00,25125.25,25144.25,25119.5,25142.75,1577,25159.06,25117.08,0.00
2025-11-25,08:03:00,25142.25,25152,25141.75,25150.75,1090,25159.02,25117.51,0.00
2025-11-25,08:04:00,25151.25,25166.75,25151.25,25162.75,1953,25159.02,25118.56,0.00
2025-11-25,08:05:00,25162.5,25169.25,25157.25,25162.5,917,25159.04,25119.06,0.00
2025-11-25,08:06:00,25162.25,25170.25,25160.75,25163,1005,25159.05,25119.62,0.00
2025-11-25,08:07:00,25163.25,25166,25156.25,25164,960,25159.06,25120.11,0.00
2025-11-25,08:08:00,25164,25168,25159.75,25164.5,705,25159.08,25120.48,0.00
2025-11-25,08:09:00,25165.75,25166,25160.5,25164.25,378,25159.08,25120.68,0.00
2025-11-25,08:10:00,25164,25172.75,25163,25171.25,751,25159.11,25121.10,0.00
2025-11-25,08:11:00,25171,25175.25,25166.75,25169.25,943,25159.14,25121.65,0.00
2025-11-25,08:12:00,25169.5,25180.75,25163,25179.75,973,25159.19,25122.24,0.00
2025-11-25,08:13:00,25180,25187.25,25175.5,25184,1317,25159.28,25123.14,0.00
2025-11-25,08:14:00,25184,25188,25178.75,25182.5,1048,25159.36,25123.85,0.00
2025-11-25,08:15:00,25182.5,25183.5,25174.25,25179.75,865,25159.42,25124.38,0.00
2025-11-25,08:16:00,25179.5,25182.5,25172.25,25178.75,710,25159.46,25124.80,0.00
2025-11-25,08:17:00,25179,25185.5,25174.75,25182.5,749,25159.51,25125.26,0.00
2025-11-25,08:18:00,25182.25,25184,25172.25,25172.5,822,25159.55,25125.71,0.00
2025-11-25,08:19:00,25172.75,25177.75,25169.5,25170.5,566,25159.58,25126.00,0.00
2025-11-25,08:20:00,25170,25170.5,25160,25161.25,954,25159.59,25126.39,0.00
2025-11-25,08:21:00,25162,25169.75,25158.5,25169,845,25159.61,25126.74,0.00
2025-11-25,08:22:00,25169,25171.5,25161.25,25162.75,607,25159.62,25126.98,0.00
2025-11-25,08:23:00,25162.75,25166.75,25161.25,25162.5,346,25159.62,25127.12,0.00
2025-11-25,08:24:00,25163,25172.25,25162.5,25172,472,25159.64,25127.32,0.00
2025-11-25,08:25:00,25172,25176.25,25168.75,25172.5,544,25159.66,25127.58,0.00
2025-11-25,08:26:00,25172.5,25173.75,25167,25169.75,486,25159.67,25127.79,0.00
2025-11-25,08:27:00,25169.25,25178.75,25168.25,25177.5,449,25159.69,25128.01,0.00
2025-11-25,08:28:00,25177.5,25180,25173.25,25177,596,25159.73,25128.30,0.00
2025-11-25,08:29:00,25177,25184.5,25175.5,25183.25,735,25159.77,25128.70,0.00
2025-11-25,08:30:00,25183.25,25187.25,25180.75,25185,568,25159.82,25129.01,0.00
2025-11-25,08:31:00,25184.25,25184.25,25170.75,25173.25,980,25159.87,25129.47,0.00
2025-11-25,08:32:00,25172.5,25179,25165.5,25166.5,743,25159.89,25129.78,0.00
2025-11-25,08:33:00,25166.5,25168.25,25157.25,25161,894,25159.90,25130.06,0.00
2025-11-25,08:34:00,25160.75,25165,25157.25,25159.5,545,25159.90,25130.22,0.00
2025-11-25,08:35:00,25159,25159,25144.75,25146.25,1256,25159.86,25130.46,0.00
2025-11-25,08:36:00,25145.75,25150,25142.75,25149.75,834,25159.83,25130.60,0.00
2025-11-25,08:37:00,25148.75,25150.5,25143.5,25146.75,509,25159.81,25130.68,0.00
2025-11-25,08:38:00,25146.75,25146.75,25137,25137.25,884,25159.76,25130.76,0.00
2025-11-25,08:39:00,25137.5,25145.75,25133.75,25145.25,956,25159.70,25130.85,0.00
2025-11-25,08:40:00,25144.75,25151.5,25144.75,25149.5,930,25159.67,25131.01,0.00
2025-11-25,08:41:00,25149.25,25151,25140.5,25141,672,25159.64,25131.09,0.00
2025-11-25,08:42:00,25141.25,25141.75,25135.5,25138.25,731,25159.60,25131.14,0.00
2025-11-25,08:43:00,25137.75,25178.25,25137.25,25174.5,3213,25159.63,25132.06,0.00
2025-11-25,08:44:00,25175,25220.5,25170.25,25215.25,5560,25160.32,25135.35,0.00
2025-11-25,08:45:00,25215.25,25228.75,25184.75,25189.5,4802,25160.88,25137.92,0.00
2025-11-25,08:46:00,25188.25,25202.75,25173.5,25194.25,2901,25161.12,25139.13,0.00
2025-11-25,08:47:00,25194.75,25196.75,25175.5,25179,1920,25161.25,25139.80,0.00
2025-11-25,08:48:00,25178.75,25187.5,25164,25173,1669,25161.31,25140.25,0.00
2025-11-25,08:49:00,25172.5,25177,25156.5,25158.25,1758,25161.32,25140.57,0.00
2025-11-25,08:50:00,25157.75,25163.5,25150.5,25155.25,1681,25161.30,25140.77,0.00
2025-11-25,08:51:00,25154,25159.75,25148.75,25158.25,1262,25161.28,25140.91,0.00
2025-11-25,08:52:00,25158.5,25167.5,25154.5,25160,1140,25161.28,25141.08,0.00
2025-11-25,08:53:00,25161,25166,25154.5,25164.5,855,25161.28,25141.20,0.00
2025-11-25,08:54:00,25163.5,25167.25,25154.75,25158.5,800,25161.28,25141.32,0.00
2025-11-25,08:55:00,25159.75,25164.25,25157.5,25160.5,605,25161.28,25141.40,0.00
2025-11-25,08:56:00,25159.75,25169.25,25151.25,25168.25,1086,25161.28,25141.57,0.00
2025-11-25,08:57:00,25168.5,25169,25156.5,25158.25,714,25161.28,25141.67,0.00
2025-11-25,08:58:00,25158.75,25168.25,25158.75,25161.75,526,25161.28,25141.75,0.00
2025-11-25,08:59:00,25161.25,25170,25158.75,25166.25,552,25161.29,25141.84,0.00
2025-11-25,09:00:00,25165.5,25169.75,25161.25,25164,581,25161.30,25141.94,0.00
2025-11-25,09:01:00,25163.75,25171.75,25159,25169.5,1041,25161.31,25142.12,0.00
2025-11-25,09:02:00,25169.25,25171.25,25159,25165.25,1015,25161.32,25142.28,0.00
2025-11-25,09:03:00,25166.25,25180.75,25164,25179,1336,25161.37,25142.58,0.00
2025-11-25,09:04:00,25178.5,25190,25171.5,25186.25,1584,25161.46,25143.02,0.00
2025-11-25,09:05:00,25187,25189.75,25169.75,25172,1336,25161.52,25143.33,0.00
2025-11-25,09:06:00,25172.5,25172.5,25164.25,25168.25,780,25161.53,25143.46,0.00
2025-11-25,09:07:00,25167.5,25178,25167.25,25171,1170,25161.56,25143.68,0.00
2025-11-25,09:08:00,25170.75,25175,25164.75,25167.75,756,25161.58,25143.81,0.00
2025-11-25,09:09:00,25167.5,25175.5,25160.25,25164.5,911,25161.59,25143.95,0.00
2025-11-25,09:10:00,25164.25,25169.75,25160.75,25166.5,786,25161.60,25144.06,0.00
2025-11-25,09:11:00,25166.5,25174.25,25160.5,25164.5,1431,25161.62,25144.27,0.00
2025-11-25,09:12:00,25164,25167,25155.5,25159.5,1069,25161.62,25144.39,0.00
2025-11-25,09:13:00,25159.25,25166.5,25157,25161.75,564,25161.62,25144.45,0.00
2025-11-25,09:14:00,25162,25174,25159.75,25169.75,812,25161.63,25144.57,0.00
2025-11-25,09:15:00,25168.75,25173,25162.5,25164,611,25161.64,25144.66,0.00
2025-11-25,09:16:00,25164.25,25169.25,25159.5,25167.75,808,25161.65,25144.77,0.00
2025-11-25,09:17:00,25168.5,25171.25,25164.25,25168.25,629,25161.66,25144.86,0.00
2025-11-25,09:18:00,25168.25,25177.5,25167.5,25174.5,890,25161.68,25145.02,0.00
2025-11-25,09:19:00,25174.25,25186,25174,25184.5,1133,25161.74,25145.28,0.00
2025-11-25,09:20:00,25184.25,25191.75,25181.25,25181.75,1224,25161.81,25145.58,0.00
2025-11-25,09:21:00,25181.5,25186.75,25174.5,25177,842,25161.85,25145.75,0.00
2025-11-25,09:22:00,25177.25,25186,25175.5,25184.5,485,25161.88,25145.86,0.00
2025-11-25,09:23:00,25184.5,25189,25180.25,25188.5,524,25161.91,25145.99,0.00
2025-11-25,09:24:00,25188.75,25199.75,25183.5,25196,1513,25162.03,25146.43,0.00
2025-11-25,09:25:00,25196.25,25203.5,25191.25,25195.75,1353,25162.15,25146.84,0.00
2025-11-25,09:26:00,25196.25,25196.75,25183.25,25188.5,992,25162.22,25147.09,0.00
2025-11-25,09:27:00,25189,25192.25,25182.75,25185.5,604,25162.26,25147.24,0.00
2025-11-25,09:28:00,25185.75,25194.75,25184.25,25192.25,581,25162.30,25147.39,0.00
2025-11-25,09:29:00,25192.25,25193.75,25188,25188.5,387,25162.33,25147.48,0.00
2025-11-25,09:30:00,25189,25195.75,25184.5,25193.25,749,25162.38,25147.68,0.00
2025-11-25,09:31:00,25191.5,25211.25,25168.25,25199.75,2471,25162.58,25148.33,0.00
2025-11-25,09:32:00,25200,25200,25184.75,25189.5,1499,25162.68,25148.71,0.00
2025-11-25,09:33:00,25190,25197.25,25171.75,25173.75,1785,25162.77,25149.04,0.00
2025-11-25,09:34:00,25174.25,25182.25,25169,25171.25,1258,25162.80,25149.22,0.00
2025-11-25,09:35:00,25171.25,25173.75,25155.5,25158.75,2166,25162.80,25149.38,0.00
2025-11-25,09:36:00,25158.5,25161.75,25149.75,25160.5,2525,25162.77,25149.49,0.00
2025-11-25,09:37:00,25160,25160,25148.25,25149.5,1333,25162.73,25149.51,0.00
2025-11-25,09:38:00,25148.75,25156.75,25139.25,25152.75,1928,25162.67,25149.52,0.00
2025-11-25,09:39:00,25152.25,25155.5,25140.5,25149,1408,25162.62,25149.51,0.00
2025-11-25,09:40:00,25148,25157.25,25146.5,25152.75,984,25162.60,25149.52,0.00
2025-11-25,09:41:00,25152.5,25154.25,25143.5,25145.75,1135,25162.56,25149.51,0.00
2025-11-25,09:42:00,25145.25,25146.75,25138.75,25139.25,1248,25162.49,25149.46,0.00
2025-11-25,09:43:00,25139,25146.75,25136.75,25143.5,1313,25162.43,25149.41,0.00
2025-11-25,09:44:00,25143.25,25143.75,25135.5,25136,1004,25162.37,25149.35,0.00
2025-11-25,09:45:00,25136,25136.5,25127,25129.5,2130,25162.21,25149.15,0.00
2025-11-25,09:46:00,25129.75,25145.75,25126.75,25142.25,1989,25162.10,25149.04,0.00
2025-11-25,09:47:00,25142.25,25142.75,25134.5,25138.25,1243,25162.03,25148.97,0.00
2025-11-25,09:48:00,25138.5,25145.25,25138,25142.5,986,25161.98,25148.93,0.00
2025-11-25,09:49:00,25142,25149.25,25139.25,25144.5,1149,25161.93,25148.91,0.00
2025-11-25,09:50:00,25145.25,25161.25,25141.75,25157.75,2828,25161.88,25148.97,0.00
2025-11-25,09:51:00,25158,25170,25154.75,25158.5,2635,25161.87,25149.13,0.00
2025-11-25,09:52:00,25159.75,25160.25,25149.25,25152.25,1513,25161.84,25149.17,0.00
2025-11-25,09:53:00,25152.25,25153.25,25136.75,25137.25,1604,25161.77,25149.11,0.00
2025-11-25,09:54:00,25137.25,25147,25135.25,25142.75,1682,25161.69,25149.05,0.00
2025-11-25,09:55:00,25143.25,25147.5,25140.75,25144.5,1008,25161.65,25149.03,0.00
2025-11-25,09:56:00,25144.25,25144.5,25137,25140.25,1119,25161.60,25148.99,0.00
2025-11-25,09:57:00,25141.25,25144,25131,25134.75,1344,25161.52,25148.91,0.00
2025-11-25,09:58:00,25135,25140.75,25130.25,25136.75,1585,25161.43,25148.81,0.00
2025-11-25,09:59:00,25136.25,25137.5,25130,25133.25,1228,25161.35,25148.72,0.00
2025-11-25,10:00:00,25133.75,25139,25131.25,25137.25,1006,25161.29,25148.66,0.00
2025-11-25,10:01:00,25137.25,25146,25135.25,25138,1704,25161.21,25148.59,0.00
2025-11-25,10:02:00,25137.5,25140.25,25131.25,25135.75,1260,25161.14,25148.52,0.00
2025-11-25,10:03:00,25135,25136.75,25121.75,25129.25,1739,25161.01,25148.37,0.00
2025-11-25,10:04:00,25129.5,25130,25116.25,25117.5,1815,25160.85,25148.15,0.00
2025-11-25,10:05:00,25117.75,25120.25,25111.25,25114.75,1776,25160.67,25147.89,0.00
2025-11-25,10:06:00,25114.5,25121.5,25112,25121,1438,25160.54,25147.70,0.00
2025-11-25,10:07:00,25121,25123.5,25106,25106.5,1988,25160.32,25147.39,0.00
2025-11-25,10:08:00,25106.25,25112.25,25105.25,25108.75,1221,25160.18,25147.18,0.00
2025-11-25,10:09:00,25108.75,25110.25,25100.5,25103.5,1719,25159.98,25146.86,0.00
2025-11-25,10:10:00,25104.25,25106.75,25101,25103.75,1066,25159.84,25146.66,0.00
2025-11-25,10:11:00,25104.25,25115,25104,25112.75,1552,25159.68,25146.42,0.00
2025-11-25,10:12:00,25112.75,25115,25110.25,25110.75,841,25159.59,25146.30,0.00
2025-11-25,10:13:00,25110.75,25116.75,25105.5,25114.75,1415,25159.44,25146.10,0.00
2025-11-25,10:14:00,25114.75,25122.75,25114,25121,1508,25159.31,25145.93,0.00
2025-11-25,10:15:00,25121.75,25127.5,25119,25119.25,1983,25159.15,25145.73,0.00
2025-11-25,10:16:00,25118.75,25121.25,25111.5,25116,1414,25159.02,25145.55,0.00
2025-11-25,10:17:00,25116,25117,25107.75,25109.25,938,25158.93,25145.42,0.00
2025-11-25,10:18:00,25109.25,25109.75,25104.5,25109,986,25158.82,25145.27,0.00
2025-11-25,10:19:00,25109.5,25115.25,25107,25110.5,1041,25158.71,25145.12,0.00
2025-11-25,10:20:00,25109.5,25114.25,25106.5,25112,818,25158.63,25145.01,0.00
2025-11-25,10:21:00,25111.5,25117,25107.5,25114.5,945,25158.54,25144.88,0.00
2025-11-25,10:22:00,25114.5,25115.25,25105,25107,935,25158.44,25144.75,0.00
2025-11-25,10:23:00,25106.75,25110,25102.75,25106.5,1380,25158.29,25144.53,0.00
2025-11-25,10:24:00,25106.75,25121,25106,25118,1266,25158.17,25144.38,0.00
2025-11-25,10:25:00,25118,25120.25,25113.25,25114.5,975,25158.08,25144.27,0.00
2025-11-25,10:26:00,25114.75,25117.25,25105.25,25108.75,1538,25157.93,25144.06,0.00
2025-11-25,10:27:00,25108.25,25112,25104,25110.75,966,25157.83,25143.93,0.00
2025-11-25,10:28:00,25110.75,25115,25095.75,25102.25,2612,25157.54,25143.52,0.00
2025-11-25,10:29:00,25102.25,25113,25094.75,25111.5,2219,25157.30,25143.20,0.00
2025-11-25,10:30:00,25111.5,25114,25107.75,25110,1859,25157.12,25142.97,0.00
2025-11-25,10:31:00,25110,25135.25,25070.75,25082.25,14872,25155.30,25096.08,0.00
2025-11-25,10:32:00,25082.75,25110.25,25079.25,25089.25,8703,25154.23,25094.91,0.00
2025-11-25,10:33:00,25089.25,25109.25,25086,25097.25,6044,25153.56,25095.44,0.00
2025-11-25,10:34:00,25097.75,25104.75,25081.25,25095.5,5261,25152.96,25095.20,0.00
2025-11-25,10:35:00,25095.75,25119.75,25091.5,25106.75,6629,25152.36,25096.92,0.00
2025-11-25,10:36:00,25106.75,25122,25093.75,25120.5,6744,25151.85,25099.04,0.00
2025-11-25,10:37:00,25121,25132,25103,25117,8004,25151.34,25101.65,0.00
2025-11-25,10:38:00,25116.75,25123.25,25089,25096.5,6984,25150.72,25101.79,0.00
2025-11-25,10:39:00,25095.75,25112.25,25092,25101.25,5218,25150.26,25101.79,0.00
2025-11-25,10:40:00,25100.5,25111.75,25088.75,25090.25,5066,25149.77,25101.45,0.00
2025-11-25,10:41:00,25090,25090.75,25045.75,25048.5,16752,25147.20,25061.67,0.00
2025-11-25,10:42:00,25048.75,25061.75,25039,25049.25,9590,25145.60,25050.00,0.00
2025-11-25,10:43:00,25049.5,25058.25,25025,25026.75,9765,25143.81,25036.67,0.00
2025-11-25,10:44:00,25026.25,25026.5,24974.75,24977.25,16583,25139.70,24992.83,0.00
2025-11-25,10:45:00,24977,25005.5,24972.75,24982.25,10022,25137.23,24986.83,0.00
2025-11-25,10:46:00,24982.5,24982.5,24935.5,24941.75,15725,25132.68,24953.25,0.00
2025-11-25,10:47:00,24941.75,24943,24924.75,24938.75,11651,25129.13,24935.50,0.00
2025-11-25,10:48:00,24939.25,24959,24930.75,24932.25,11457,25125.85,24938.06,0.00
2025-11-25,10:49:00,24932.75,24937.5,24891.25,24902,14645,25121.16,24910.25,0.00
2025-11-25,10:50:00,24901.75,24917.75,24878.25,24884.75,14041,25116.51,24893.58,0.00
2025-11-25,10:51:00,24884.5,24909.75,24855.25,24905.75,17580,25110.86,24890.25,0.00
2025-11-25,10:52:00,24905,24951.5,24901.5,24944.5,14695,25107.22,24909.49,0.00
2025-11-25,10:53:00,24944.5,24982.75,24940.25,24972.5,13742,25104.56,24926.11,0.00
2025-11-25,10:54:00,24972.25,24974.25,24950.25,24972.5,8074,25103.04,24932.02,0.00
2025-11-25,10:55:00,24973,25004.5,24972.5,24999.75,11653,25101.33,24942.69,0.00
2025-11-25,10:56:00,24999.75,25029.75,24999.75,25018.5,12845,25099.90,24954.68,0.00
2025-11-25,10:57:00,25018.25,25025.25,24988.25,25010,10799,25098.62,24961.10,0.00
2025-11-25,10:58:00,25010.5,25047.75,25010.5,25035,10946,25097.68,24968.73,0.00
2025-11-25,10:59:00,25035,25057,25033.25,25051.25,7510,25097.20,24974.19,0.00
2025-11-25,11:00:00,25051.5,25079,25050.75,25068.75,9588,25096.83,24981.70,0.00
2025-11-25,11:01:00,25070.75,25074.75,25032,25045,10658,25096.23,24987.44,0.00
2025-11-25,11:02:00,25044.25,25046.25,25009,25032.75,10897,25095.34,24990.72,0.00
2025-11-25,11:03:00,25032.75,25037.5,24952.5,24959,15452,25093.28,24989.95,0.00
2025-11-25,11:04:00,24958.75,24967.25,24925.5,24933.5,12096,25091.14,24986.47,0.00
2025-11-25,11:05:00,24933,24947.25,24907.25,24941.25,11659,25088.99,24982.90,0.00
2025-11-25,11:06:00,24941.25,24997.75,24916.75,24984.25,15698,25086.81,24981.55,0.00
2025-11-25,11:07:00,24984.5,24994,24957.5,24990.25,10341,25085.57,24981.50,0.00
2025-11-25,11:08:00,24991,25019.25,24986,25007,11037,25084.58,24982.66,0.00
2025-11-25,11:09:00,25006.25,25046.5,25006.25,25026,9369,25083.98,24984.48,0.00
2025-11-25,11:10:00,25026,25030.75,25005.75,25024.5,6377,25083.54,24985.47,0.00
2025-11-25,11:11:00,25024.75,25047,25013,25018.25,10440,25082.89,24987.23,0.00
2025-11-25,11:12:00,25019.25,25029,24961.25,24980.75,13710,25081.54,24987.39,0.00
2025-11-25,11:13:00,24980.5,25009.75,24971,25007.5,7987,25080.83,24987.66,0.00
2025-11-25,11:14:00,25008.25,25033,24995.5,25006,8143,25080.24,24988.37,0.00
2025-11-25,11:15:00,25005.75,25018.25,24976.75,24996.75,7493,25079.59,24988.61,0.00
2025-11-25,11:16:00,24997,25003,24974,24983.5,7103,25078.92,24988.57,0.00
2025-11-25,11:17:00,24983.25,25022.5,24973.5,25002.5,9858,25078.12,24988.93,0.00
2025-11-25,11:18:00,25002.5,25029,24986.75,24990.25,7624,25077.53,24989.26,0.00
2025-11-25,11:19:00,24989.75,25021.25,24985.75,25020,5369,25077.16,24989.60,0.00
2025-11-25,11:20:00,25019.5,25034.75,25005.75,25019.5,6992,25076.77,24990.28,0.00
2025-11-25,11:21:00,25018.75,25035.5,24992.25,25002.25,8803,25076.18,24990.81,0.00
2025-11-25,11:22:00,25001.75,25013.25,24990,25000.5,5845,25075.75,24991.00,0.00
2025-11-25,11:23:00,25001.25,25026.25,24972.75,24974,8558,25075.05,24991.00,0.00
2025-11-25,11:24:00,24974.25,24997.75,24954.25,24976,11085,25073.99,24990.52,0.00
2025-11-25,11:25:00,24976,24978.25,24960.25,24966.75,6299,25073.35,24990.13,0.00
2025-11-25,11:26:00,24967,25003.25,24963.5,24983.25,8374,25072.63,24989.97,0.00
2025-11-25,11:27:00,24983,25012,24968,24992,7952,25072.02,24989.99,0.00
2025-11-25,11:28:00,24992,24997.75,24966.5,24986.25,6277,25071.50,24989.88,0.00
2025-11-25,11:29:00,24985.5,25014,24970.75,25010.75,5502,25071.12,24990.00,0.00
2025-11-25,11:30:00,25010.5,25039,25010.25,25034.75,7361,25070.83,24990.72,0.00
2025-11-25,11:31:00,25034.25,25077,25029.75,25072.75,11785,25070.71,24992.74,0.00
2025-11-25,11:32:00,25073,25075.5,25057.25,25069.75,7690,25070.69,24994.13,0.00
2025-11-25,11:33:00,25070,25082,25058.75,25059,7444,25070.66,24995.42,0.00
2025-11-25,11:34:00,25059.25,25072,25046.5,25066.25,6732,25070.61,24996.47,0.00
2025-11-25,11:35:00,25066.5,25072.75,25059.5,25061.75,4285,25070.58,24997.15,0.00
2025-11-25,11:36:00,25062,25063.5,25020,25025,9938,25070.28,24998.03,0.00
2025-11-25,11:37:00,25024.5,25054.25,25015.75,25044.5,7449,25070.07,24998.70,0.00
2025-11-25,11:38:00,25043.75,25060.5,25040,25056.25,5344,25069.98,24999.33,0.00
2025-11-25,11:39:00,25056.25,25062.75,25038,25047.75,5473,25069.89,24999.93,0.00
2025-11-25,11:40:00,25047.75,25062,25041,25049.25,4470,25069.81,25000.42,0.00
2025-11-25,11:41:00,25049,25058.25,25033.25,25058.25,5095,25069.72,25000.96,0.00
2025-11-25,11:42:00,25057.75,25067.75,25043.25,25050.75,4415,25069.66,25001.46,0.00
2025-11-25,11:43:00,25050.25,25065,25041.75,25045.5,4405,25069.59,25001.91,0.00
2025-11-25,11:44:00,25044.5,25065.5,25036,25064,4437,25069.54,25002.41,0.00
2025-11-25,11:45:00,25063.5,25099.25,25060.75,25098.5,10427,25069.69,25004.18,0.00
2025-11-25,11:46:00,25098.25,25122.75,25095.5,25121.25,9586,25070.04,25006.27,0.00
2025-11-25,11:47:00,25121.5,25126.75,25108,25124.25,7281,25070.34,25007.90,0.00
2025-11-25,11:48:00,25124.5,25125.25,25102.75,25113.75,5710,25070.55,25009.07,0.00
2025-11-25,11:49:00,25113.75,25118.5,25090,25095,5469,25070.68,25010.04,0.00
2025-11-25,11:50:00,25094.75,25095.75,25046.25,25062.25,11273,25070.66,25011.28,0.00
2025-11-25,11:51:00,25061.5,25064,25034,25041.5,8045,25070.50,25011.80,0.00
2025-11-25,11:52:00,25041.5,25042.25,25014.5,25032.75,8596,25070.22,25012.09,0.00
2025-11-25,11:53:00,25033,25059,25019.5,25053.25,6987,25070.07,25012.49,0.00
2025-11-25,11:54:00,25052.25,25058.5,25039.5,25044,4353,25069.99,25012.76,0.00
2025-11-25,11:55:00,25044.75,25058,25026.5,25047.25,4966,25069.89,25013.03,0.00
2025-11-25,11:56:00,25047.25,25050.25,25034.25,25044.5,3279,25069.82,25013.21,0.00
2025-11-25,11:57:00,25044,25049,25025.5,25039.5,4092,25069.71,25013.38,0.00
2025-11-25,11:58:00,25039,25074.5,25037,25070.5,5916,25069.67,25013.87,0.00
2025-11-25,11:59:00,25071.5,25093.25,25062.5,25090.75,6237,25069.73,25014.60,0.00
2025-11-25,12:00:00,25090.75,25092.5,25062.25,25071.25,4880,25069.75,25015.10,0.00
2025-11-25,12:01:00,25071.25,25073.5,25051.5,25066.25,4890,25069.73,25015.51,0.00
2025-11-25,12:02:00,25066.5,25069.75,25046,25057,4230,25069.69,25015.80,0.00
2025-11-25,12:03:00,25057.25,25063.25,25038.25,25049.5,4935,25069.62,25016.09,0.00
2025-11-25,12:04:00,25049.25,25056.5,25031.25,25048.5,5361,25069.52,25016.35,0.00
2025-11-25,12:05:00,25049,25075.5,25047,25065,5437,25069.49,25016.76,0.00
2025-11-25,12:06:00,25065.25,25072.25,25035.75,25036.75,5432,25069.40,25017.03,0.00
2025-11-25,12:07:00,25036.25,25057.5,25029,25056.75,5567,25069.31,25017.31,0.00
2025-11-25,12:08:00,25056.25,25074.5,25055,25067.75,4551,25069.29,25017.66,0.00
2025-11-25,12:09:00,25067.75,25073.5,25051.5,25055.75,3106,25069.27,25017.87,0.00
2025-11-25,12:10:00,25056.25,25061.75,25030,25036,5078,25069.17,25018.06,0.00
2025-11-25,12:11:00,25035.75,25050.25,25027,25039.5,4937,25069.06,25018.22,0.00
2025-11-25,12:12:00,25039.25,25047,25028,25041.25,3703,25068.97,25018.34,0.00
2025-11-25,12:13:00,25041,25061.5,25041,25052.75,3943,25068.92,25018.55,0.00
2025-11-25,12:14:00,25052.75,25062.5,25044.5,25057.25,2745,25068.89,25018.70,0.00
2025-11-25,12:15:00,25057.75,25057.75,25035.5,25036.25,3329,25068.83,25018.82,0.00
2025-11-25,12:16:00,25036.5,25042.75,25027.25,25039.25,4231,25068.73,25018.94,0.00
2025-11-25,12:17:00,25039,25059.75,25031,25055.5,3825,25068.67,25019.11,0.00
2025-11-25,12:18:00,25055.75,25064.75,25051.25,25060,3012,25068.65,25019.29,0.00
2025-11-25,12:19:00,25059.75,25076.25,25051.75,25076.25,3835,25068.65,25019.57,0.00
2025-11-25,12:20:00,25076,25094.75,25075.25,25083.5,5515,25068.71,25020.10,0.00
2025-11-25,12:21:00,25083.25,25106.75,25081,25106.75,4319,25068.81,25020.59,0.00
2025-11-25,12:22:00,25106.5,25125.75,25104.75,25114.25,5827,25069.00,25021.39,0.00
2025-11-25,12:23:00,25114.25,25136.25,25113.75,25118.25,5172,25069.20,25022.15,0.00
2025-11-25,12:24:00,25117.75,25128.5,25103.75,25121.5,4357,25069.36,25022.75,0.00
2025-11-25,12:25:00,25121.25,25124,25099.25,25104,5129,25069.50,25023.38,0.00
2025-11-25,12:26:00,25105,25114.75,25088.5,25089.75,4519,25069.59,25023.86,0.00
2025-11-25,12:27:00,25090,25101.25,25079.75,25098,4174,25069.66,25024.27,0.00
2025-11-25,12:28:00,25098.25,25114.5,25097.25,25107,3603,25069.76,25024.68,0.00
2025-11-25,12:29:00,25107.5,25110,25090,25097.75,3158,25069.83,25025.01,0.00
2025-11-25,12:30:00,25097.75,25114,25094.25,25107.5,2492,25069.89,25025.29,0.00
2025-11-25,12:31:00,25107.5,25121,25102.75,25109.5,4931,25070.03,25025.87,0.00
2025-11-25,12:32:00,25108,25114.5,25101.75,25104,2396,25070.09,25026.14,0.00
2025-11-25,12:33:00,25104,25119.5,25099.25,25119.25,2631,25070.17,25026.45,0.00
2025-11-25,12:34:00,25119.75,25126.25,25108.25,25109.25,3807,25070.29,25026.91,0.00
2025-11-25,12:35:00,25108.5,25117.75,25105.5,25114.25,2096,25070.36,25027.16,0.00
2025-11-25,12:36:00,25114.25,25122.75,25109.5,25113.5,3024,25070.45,25027.52,0.00
2025-11-25,12:37:00,25113,25115,25100.5,25103,2975,25070.52,25027.83,0.00
2025-11-25,12:38:00,25104.25,25119.25,25097.25,25118,3138,25070.61,25028.19,0.00
2025-11-25,12:39:00,25118.5,25122.25,25109,25115.25,2294,25070.69,25028.46,0.00
2025-11-25,12:40:00,25114.5,25125.25,25114.5,25124.5,2447,25070.77,25028.76,0.00
2025-11-25,12:41:00,25124.75,25134.5,25123.5,25130.5,3591,25070.92,25029.24,0.00
2025-11-25,12:42:00,25131,25136,25121.25,25132.25,2557,25071.02,25029.58,0.00
2025-11-25,12:43:00,25132.75,25139.25,25128.75,25138.25,3196,25071.17,25030.03,0.00
2025-11-25,12:44:00,25138.25,25142,25133,25136.25,2570,25071.28,25030.39,0.00
2025-11-25,12:45:00,25136,25138,25122,25124.5,3609,25071.43,25030.85,0.00
2025-11-25,12:46:00,25125,25127,25091.75,25102.75,5973,25071.57,25031.45,0.00
2025-11-25,12:47:00,25102.75,25116.25,25102.25,25109.25,3633,25071.67,25031.81,0.00
2025-11-25,12:48:00,25109.25,25117.25,25095.75,25104.5,3058,25071.74,25032.10,0.00
2025-11-25,12:49:00,25104.75,25109.25,25099,25102,1693,25071.77,25032.26,0.00
2025-11-25,12:50:00,25101.75,25107.75,25094.5,25103.5,2253,25071.82,25032.46,0.00
2025-11-25,12:51:00,25103.75,25132.75,25103.5,25130.5,4721,25071.98,25033.00,0.00
2025-11-25,12:52:00,25130,25135.25,25123.75,25135.25,2297,25072.07,25033.29,0.00
2025-11-25,12:53:00,25135.25,25148.25,25133.25,25146.5,5128,25072.32,25034.00,0.00
2025-11-25,12:54:00,25146,25158.75,25145.5,25154.25,3971,25072.53,25034.59,0.00
2025-11-25,12:55:00,25153.75,25156.25,25148.5,25150.75,1747,25072.63,25034.84,0.00
2025-11-25,12:56:00,25150.75,25160,25143,25156.75,3025,25072.79,25035.29,0.00
2025-11-25,12:57:00,25156.5,25165.75,25153,25164.5,3218,25072.98,25035.79,0.00
2025-11-25,12:58:00,25164.5,25166.25,25157,25160.5,2292,25073.12,25036.15,0.00
2025-11-25,12:59:00,25160.5,25166.75,25153.75,25162.25,2287,25073.25,25036.50,0.00
2025-11-25,13:00:00,25162.5,25164.5,25150.75,25152.75,2176,25073.37,25036.82,0.00
2025-11-25,13:01:00,25152.75,25177.25,25150.25,25161.75,8671,25073.89,25038.16,0.00
2025-11-25,13:02:00,25162.75,25164.25,25151.5,25153.25,2244,25074.01,25038.48,0.00
2025-11-25,13:03:00,25153.25,25164.5,25147,25161.75,2746,25074.16,25038.88,0.00
2025-11-25,13:04:00,25162,25171.25,25160.75,25168,2057,25074.29,25039.20,0.00
2025-11-25,13:05:00,25168,25180.75,25166.5,25178.25,3460,25074.52,25039.76,0.00
2025-11-25,13:06:00,25178.5,25194.75,25178,25191.25,4252,25074.84,25040.52,0.00
2025-11-25,13:07:00,25191.5,25193,25186.5,25188.25,2475,25075.02,25040.96,0.00
2025-11-25,13:08:00,25188.5,25188.75,25177.5,25183.5,3095,25075.24,25041.48,0.00
2025-11-25,13:09:00,25184.25,25190.25,25179.5,25183.5,2306,25075.41,25041.88,0.00
2025-11-25,13:10:00,25183.75,25196,25183.25,25193.5,2277,25075.58,25042.28,0.00
2025-11-25,13:11:00,25193.5,25194.5,25184.75,25189,2052,25075.73,25042.63,0.00
2025-11-25,13:12:00,25189.5,25198.25,25189.5,25196.25,2185,25075.90,25043.03,0.00
2025-11-25,13:13:00,25196.5,25200.75,25192.5,25195.5,2058,25076.06,25043.40,0.00
2025-11-25,13:14:00,25195.75,25202.5,25190.75,25200.75,2087,25076.23,25043.77,0.00
2025-11-25,13:15:00,25201,25205.5,25198.5,25203.25,2225,25076.41,25044.19,0.00
2025-11-25,13:16:00,25203,25208.75,25198.25,25201,3364,25076.68,25044.81,0.00
2025-11-25,13:17:00,25201.25,25201.5,25186.75,25191,3934,25076.98,25045.48,0.00
2025-11-25,13:18:00,25191,25200.5,25188,25196.5,2382,25077.16,25045.90,0.00
2025-11-25,13:19:00,25196.75,25205.25,25190.25,25204,2038,25077.32,25046.26,0.00
2025-11-25,13:20:00,25204,25221,25203.25,25219,5132,25077.77,25047.25,0.00
2025-11-25,13:21:00,25218.5,25229.25,25218,25226.5,3922,25078.14,25048.04,0.00
2025-11-25,13:22:00,25227,25237.5,25225,25236.25,3915,25078.53,25048.86,0.00
2025-11-25,13:23:00,25235.25,25240.75,25229.25,25239.75,2490,25236.58,25049.39,0.00
2025-11-25,13:24:00,25239.75,25254.75,25238,25251,7300,25247.92,25051.02,0.00
2025-11-25,13:25:00,25250.75,25266.5,25248,25264.5,4875,25259.67,25052.16,0.00
2025-11-25,13:26:00,25264.25,25270.5,25259.25,25260.5,4143,25263.42,25053.13,0.00
2025-11-25,13:27:00,25260.5,25267,25251.75,25259,3810,25261.42,25054.00,0.00
2025-11-25,13:28:00,25259,25263.25,25253.5,25259.25,2020,25260.86,25054.46,0.00
2025-11-25,13:29:00,25259,25260,25242,25244.25,3602,25257.65,25055.23,0.00
2025-11-25,13:30:00,25244,25247,25237.5,25244.5,3013,25254.99,25055.85,0.00
2025-11-25,13:31:00,25244.5,25255.25,25243,25250.5,2924,25254.18,25056.47,0.00
2025-11-25,13:32:00,25251,25265.25,25247.25,25262.5,2856,25254.71,25057.10,0.00
2025-11-25,13:33:00,25262.75,25274.5,25260,25269.25,3503,25267.92,25057.90,0.00
2025-11-25,13:34:00,25269,25286.25,25266.5,25284.25,4097,25279.00,25058.88,0.00
2025-11-25,13:35:00,25284.25,25296,25283,25293.25,4512,25290.75,25060.01,0.00
2025-11-25,13:36:00,25293.5,25295.5,25284.5,25290.5,3407,25290.50,25060.85,0.00
2025-11-25,13:37:00,25291.5,25301,25286.75,25297.25,3240,25295.00,25061.66,0.00
2025-11-25,13:38:00,25297.5,25314.5,25297.5,25310.75,5463,25307.58,25063.09,0.00
2025-11-25,13:39:00,25310.75,25311.25,25297.75,25301.75,3970,25305.90,25064.10,0.00
2025-11-25,13:40:00,25301.75,25305.25,25291.25,25294.25,3275,25303.58,25064.90,0.00
2025-11-25,13:41:00,25294.5,25303.25,25291.5,25298.25,2808,25302.51,25065.59,0.00
2025-11-25,13:42:00,25299.25,25301.5,25293.5,25299.5,1464,25302.14,25065.95,0.00
2025-11-25,13:43:00,25299.25,25299.25,25283.75,25288.5,3111,25300.34,25066.68,0.00
2025-11-25,13:44:00,25288.5,25289.75,25279.25,25286.25,2335,25298.75,25067.21,0.00
2025-11-25,13:45:00,25286.75,25288.75,25280,25285.75,2033,25297.59,25067.67,0.00
2025-11-25,13:46:00,25286.25,25299.25,25284.75,25298.25,3072,25297.20,25068.39,0.00
2025-11-25,13:47:00,25298.75,25298.75,25271.75,25273.25,3558,25295.37,25069.18,0.00
2025-11-25,13:48:00,25273.5,25276.75,25262,25268,3904,25292.42,25069.98,0.00
2025-11-25,13:49:00,25267.5,25274.75,25259.5,25273,3287,25290.42,25070.65,0.00
2025-11-25,13:50:00,25273,25280.75,25271.5,25277.75,2304,25289.64,25071.14,0.00
2025-11-25,13:51:00,25278.25,25280.5,25270.25,25278.75,1968,25289.03,25071.55,0.00
2025-11-25,13:52:00,25278.75,25287.25,25274.25,25278.5,2853,25288.46,25072.16,0.00
2025-11-25,13:53:00,25278,25284.5,25272.5,25273,1322,25288.13,25072.43,0.00
2025-11-25,13:54:00,25273.5,25278.75,25269.25,25272.25,1659,25287.63,25072.77,0.00
2025-11-25,13:55:00,25272.75,25274.75,25258.5,25270.25,2516,25286.65,25073.27,0.00
2025-11-25,13:56:00,25270.25,25277,25268.75,25272.5,1564,25286.23,25073.59,0.00
2025-11-25,13:57:00,25272,25274.5,25261.75,25267,1486,25285.72,25073.88,0.00
2025-11-25,13:58:00,25266.75,25269.5,25251,25255.5,3008,25284.29,25074.44,0.00
2025-11-25,13:59:00,25255.5,25257.25,25240.75,25242,4014,25281.82,25075.13,0.00
2025-11-25,14:00:00,25242.75,25244.25,25229.75,25239.25,4595,25278.73,25075.88,0.00
2025-11-25,14:01:00,25239.75,25250.5,25236.25,25245.5,4173,25276.66,25076.57,0.00
2025-11-25,14:02:00,25245.25,25257.5,25244.5,25253,2965,25275.64,25077.09,0.00
2025-11-25,14:03:00,25253,25257.25,25244.25,25252.5,2323,25274.88,25077.49,0.00
2025-11-25,14:04:00,25252.75,25264.25,25251,25259.75,2960,25274.26,25078.02,0.00
2025-11-25,14:05:00,25259.75,25266.75,25254.75,25257.25,1987,25273.89,25078.37,0.00
2025-11-25,14:06:00,25257.75,25261.75,25249,25252.25,2189,25273.37,25078.75,0.00
2025-11-25,14:07:00,25252.25,25256,25244,25249,2302,25272.72,25079.14,0.00
2025-11-25,14:08:00,25249,25251.25,25243.75,25249.25,1553,25272.28,25079.39,0.00
2025-11-25,14:09:00,25249.5,25258,25245.25,25254.75,1700,25271.90,25079.68,0.00
2025-11-25,14:10:00,25254.75,25263.5,25250.75,25263.25,2114,25271.60,25080.05,0.00
2025-11-25,14:11:00,25263.75,25270.25,25256,25259.75,3203,25271.27,25080.62,0.00
2025-11-25,14:12:00,25259.25,25259.75,25245.5,25255.5,2651,25270.78,25081.06,0.00
2025-11-25,14:13:00,25255.5,25261.75,25254,25258.75,1620,25270.57,25081.34,0.00
2025-11-25,14:14:00,25258.75,25265.75,25254.75,25261,1395,25270.43,25081.58,0.00
2025-11-25,14:15:00,25260.75,25261.25,25251.5,25253.5,1445,25270.21,25081.83,0.00
2025-11-25,14:16:00,25253.25,25262,25243.75,25252,4205,25269.50,25082.52,0.00
2025-11-25,14:17:00,25251.75,25255,25248,25249.25,1109,25269.30,25082.69,0.00
2025-11-25,14:18:00,25248.25,25252.5,25244,25245,1416,25269.01,25082.92,0.00
2025-11-25,14:19:00,25245.25,25251,25241,25247.25,1618,25268.67,25083.17,0.00
2025-11-25,14:20:00,25247.25,25256.25,25242,25255,1705,25268.40,25083.45,0.00
2025-11-25,14:21:00,25254.5,25256.75,25243.75,25248.75,1633,25268.13,25083.70,0.00
2025-11-25,14:22:00,25248.25,25258.75,25246,25247,2673,25267.72,25084.13,0.00
2025-11-25,14:23:00,25247,25258.25,25241,25257.25,3205,25267.30,25084.64,0.00
2025-11-25,14:24:00,25257.5,25265.75,25254,25264.5,1742,25267.21,25084.93,0.00
2025-11-25,14:25:00,25263.75,25272.5,25258.5,25270,2665,25267.21,25085.39,0.00
2025-11-25,14:26:00,25269.75,25271.25,25264.25,25265.5,1509,25267.20,25085.65,0.00
2025-11-25,14:27:00,25265.5,25271.25,25261.75,25269,1525,25267.20,25085.91,0.00
2025-11-25,14:28:00,25269.25,25273.25,25262,25264.75,2371,25267.19,25086.31,0.00
2025-11-25,14:29:00,25265.5,25272.75,25264,25272.5,1284,25267.22,25086.54,0.00
2025-11-25,14:30:00,25272.75,25276.25,25268.25,25276,1458,25267.29,25086.79,0.00
2025-11-25,14:31:00,25276.25,25281.75,25274,25279.25,2592,25267.51,25087.26,0.00
2025-11-25,14:32:00,25279,25280.25,25274.25,25275.5,1235,25267.59,25087.47,0.00
2025-11-25,14:33:00,25275,25277,25267.5,25275.5,1670,25267.66,25087.76,0.00
2025-11-25,14:34:00,25276.25,25280,25272.25,25275.25,1168,25267.73,25087.97,0.00
2025-11-25,14:35:00,25275.25,25276.75,25270.75,25275.5,1087,25267.78,25088.16,0.00
2025-11-25,14:36:00,25275.25,25277.25,25271.25,25274.5,959,25267.83,25088.32,0.00
2025-11-25,14:37:00,25275,25276,25264,25270,2176,25267.86,25088.69,0.00
2025-11-25,14:38:00,25269.75,25271.5,25256.75,25260.75,2538,25267.78,25089.10,0.00
2025-11-25,14:39:00,25260.75,25262.75,25255,25257,1655,25267.67,25089.36,0.00
2025-11-25,14:40:00,25257.75,25271.5,25257.75,25265,1807,25267.63,25089.65,0.00
2025-11-25,14:41:00,25264.5,25266.5,25253.5,25259,2120,25267.52,25089.98,0.00
2025-11-25,14:42:00,25259.75,25270,25259.25,25267,1720,25267.49,25090.26,0.00
2025-11-25,14:43:00,25266.25,25273.75,25264.25,25266.5,1522,25267.50,25090.51,0.00
2025-11-25,14:44:00,25266,25269,25260,25264,1164,25267.48,25090.70,0.00
2025-11-25,14:45:00,25264.25,25267.25,25260,25265,758,25267.46,25090.82,0.00
2025-11-25,14:46:00,25265.5,25276.5,25265.5,25273.25,1882,25267.51,25091.13,0.00
2025-11-25,14:47:00,25273,25278.25,25271,25277.75,1363,25267.58,25091.36,0.00
2025-11-25,14:48:00,25277.75,25293.5,25277.25,25291.5,3251,25267.98,25091.94,0.00
2025-11-25,14:49:00,25291.5,25302.75,25289.5,25299.25,2779,25268.48,25092.46,0.00
2025-11-25,14:50:00,25299.75,25299.75,25286.5,25290.5,2345,25268.81,25092.88,0.00
2025-11-25,14:51:00,25290.25,25296.5,25286.75,25296.5,1602,25269.05,25093.18,0.00
2025-11-25,14:52:00,25296.75,25298.25,25289,25291.25,1496,25269.26,25093.45,0.00
2025-11-25,14:53:00,25290.75,25296.75,25289.75,25293.75,1333,25269.45,25093.69,0.00
2025-11-25,14:54:00,25294,25297.25,25291.25,25293.25,685,25269.54,25093.81,0.00
2025-11-25,14:55:00,25293,25299,25292.25,25292.75,925,25269.68,25093.98,0.00
2025-11-25,14:56:00,25292.75,25293,25280,25280.75,2422,25269.89,25094.39,0.00
2025-11-25,14:57:00,25281.5,25285.75,25275,25278.5,2319,25270.02,25094.78,0.00
2025-11-25,14:58:00,25278.5,25287,25274.25,25283,1582,25270.12,25095.05,0.00
2025-11-25,14:59:00,25283,25283.75,25277,25281.75,867,25270.17,25095.19,0.00
2025-11-25,15:00:00,25281.75,25282.5,25275.5,25277,986,25270.21,25095.35,0.00
2025-11-25,15:01:00,25277.5,25286.5,25273.25,25282.25,2331,25270.35,25095.74,0.00
2025-11-25,15:02:00,25282,25284,25279.5,25279.75,1114,25270.41,25095.92,0.00
2025-11-25,15:03:00,25280.25,25283.25,25277.75,25281,879,25270.46,25096.07,0.00
2025-11-25,15:04:00,25281,25281.5,25268,25269,2804,25270.50,25096.51,0.00
2025-11-25,15:05:00,25268.75,25272.25,25259.5,25266.75,2836,25270.43,25096.94,0.00
2025-11-25,15:06:00,25267,25276,25260.75,25273.75,2048,25270.43,25097.25,0.00
2025-11-25,15:07:00,25274.5,25280.75,25272.5,25273.5,1696,25270.47,25097.52,0.00
2025-11-25,15:08:00,25273.75,25274.75,25265.5,25268.75,1376,25270.47,25097.73,0.00
2025-11-25,15:09:00,25268.75,25269.25,25255.75,25264.25,2158,25270.39,25098.04,0.00
2025-11-25,15:10:00,25263.5,25266.75,25258.75,25263,1473,25270.33,25098.26,0.00
2025-11-25,15:11:00,25263.25,25269.25,25255.5,25267.75,1655,25270.28,25098.50,0.00
2025-11-25,15:12:00,25267.25,25271.75,25264.25,25264.25,1286,25270.26,25098.69,0.00
2025-11-25,15:13:00,25264.25,25264.75,25256.75,25260,1354,25270.19,25098.88,0.00
2025-11-25,15:14:00,25260.25,25264.25,25256.5,25263.5,1280,25270.14,25099.06,0.00
2025-11-25,15:15:00,25263.5,25267.25,25261.25,25261.5,1138,25270.10,25099.23,0.00
2025-11-25,15:16:00,25262.5,25265.75,25254.5,25257.5,1203,25270.04,25099.40,0.00
2025-11-25,15:17:00,25257.75,25259.25,25241.25,25243.75,3201,25269.70,25099.81,0.00
2025-11-25,15:18:00,25243.25,25248,25238.25,25242,2610,25269.37,25100.14,0.00
2025-11-25,15:19:00,25242,25248,25224.5,25224.75,3820,25268.72,25100.57,0.00
2025-11-25,15:20:00,25225.25,25233.5,25207.75,25228,6535,25267.38,25101.27,0.00
2025-11-25,15:21:00,25227.75,25228,25215.75,25225.75,2952,25266.81,25101.58,0.00
2025-11-25,15:22:00,25225.5,25234.75,25217,25233.25,2749,25266.34,25101.87,0.00
2025-11-25,15:23:00,25233.25,25244.25,25227,25232,3925,25265.81,25102.32,0.00
2025-11-25,15:24:00,25232,25235,25224.75,25233.5,1975,25265.51,25102.54,0.00
2025-11-25,15:25:00,25233,25240,25232,25234.75,1566,25265.31,25102.71,0.00
2025-11-25,15:26:00,25235,25244,25232.25,25233.75,1881,25265.09,25102.93,0.00
2025-11-25,15:27:00,25233.75,25233.75,25224.5,25229.25,2122,25264.77,25103.16,0.00
2025-11-25,15:28:00,25228.75,25232,25225.25,25225.75,1334,25264.57,25103.30,0.00
2025-11-25,15:29:00,25226,25235.5,25223,25233.5,1299,25264.38,25103.44,0.00
2025-11-25,15:30:00,25233.75,25236.75,25231.25,25235.75,1338,25264.22,25103.59,0.00
2025-11-25,15:31:00,25235.25,25241.75,25233.75,25238.25,1843,25264.02,25103.80,0.00
2025-11-25,15:32:00,25238.25,25241,25226.25,25228.75,2008,25263.77,25104.01,0.00
2025-11-25,15:33:00,25229.25,25235.75,25223.5,25225,1412,25263.56,25104.16,0.00
2025-11-25,15:34:00,25225,25235,25221.5,25233.25,2393,25263.24,25104.42,0.00
2025-11-25,15:35:00,25232.5,25235.5,25225.75,25228,1376,25263.06,25104.56,0.00
2025-11-25,15:36:00,25227.5,25229.75,25219.75,25225.75,1592,25262.82,25104.72,0.00
2025-11-25,15:37:00,25225.25,25226.25,25213.5,25216.75,2562,25262.39,25104.97,0.00
2025-11-25,15:38:00,25218,25222,25209.75,25212.25,1907,25262.04,25105.14,0.00
2025-11-25,15:39:00,25212,25219.5,25205.25,25217.5,3077,25261.47,25105.42,0.00
2025-11-25,15:40:00,25217.5,25217.75,25210.75,25213,1412,25261.22,25105.55,0.00
2025-11-25,15:41:00,25212.5,25212.5,25191.5,25194.5,4581,25260.16,25105.91,0.00
2025-11-25,15:42:00,25194.25,25209.75,25191.25,25207.25,2800,25259.57,25106.13,0.00
2025-11-25,15:43:00,25207.25,25208,25200,25201.75,1809,25259.20,25106.28,0.00
2025-11-25,15:44:00,25202.5,25216.25,25201.5,25212.75,2674,25258.72,25106.51,0.00
2025-11-25,15:45:00,25212.75,25221.5,25212,25220,2152,25258.41,25106.70,0.00
2025-11-25,15:46:00,25219.75,25227.75,25214,25221.25,2326,25258.10,25106.92,0.00
2025-11-25,15:47:00,25221.75,25222,25213,25215,1471,25257.88,25107.06,0.00
2025-11-25,15:48:00,25214.5,25222.75,25213.75,25218.5,1169,25257.72,25107.16,0.00
2025-11-25,15:49:00,25218.25,25219.75,25206,25207.75,2148,25257.36,25107.34,0.00
2025-11-25,15:50:00,25207.25,25218.5,25206.75,25215.25,1559,25257.13,25107.48,0.00
2025-11-25,15:51:00,25215.25,25227,25213.5,25226.5,1941,25256.89,25107.66,0.00
2025-11-25,15:52:00,25226.5,25236.25,25225.75,25233.25,2700,25256.66,25107.94,0.00
2025-11-25,15:53:00,25233.25,25245.75,25232,25244.75,2579,25256.52,25108.21,0.00
2025-11-25,15:54:00,25245,25254.25,25244.75,25250.25,3635,25256.44,25108.63,0.00
2025-11-25,15:55:00,25250,25255,25249.75,25251.5,1894,25256.41,25108.85,0.00
2025-11-25,15:56:00,25251.5,25262.75,25244.75,25262,2920,25256.41,25109.20,0.00
2025-11-25,15:57:00,25261.75,25266.5,25260.25,25264.75,2133,25256.46,25109.47,0.00
2025-11-25,15:58:00,25264.75,25273.25,25264.75,25267.25,2249,25256.55,25109.75,0.00
2025-11-25,15:59:00,25267.25,25273,25266.5,25269.75,1098,25256.60,25109.89,0.00
2025-11-25,16:00:00,25270,25271.25,25265.25,25267,1148,25256.64,25110.04,0.00
2025-11-25,16:01:00,25267,25284.5,25266,25283.5,3136,25256.85,25110.46,0.00
2025-11-25,16:02:00,25283.5,25287,25278,25283.75,2763,25257.08,25110.84,0.00
2025-11-25,16:03:00,25283.75,25287.75,25279,25282.5,1430,25257.20,25111.04,0.00
2025-11-25,16:04:00,25282.75,25288.75,25279.5,25286.25,1572,25257.34,25111.26,0.00
2025-11-25,16:05:00,25286.25,25294.75,25285,25289.25,2653,25257.60,25111.64,0.00
2025-11-25,16:06:00,25289.25,25290.5,25284,25287.5,1374,25257.73,25111.83,0.00
2025-11-25,16:07:00,25288.5,25290.25,25284.25,25289.25,1264,25257.85,25112.00,0.00
2025-11-25,16:08:00,25289.25,25295.75,25284.5,25292.75,1596,25258.01,25112.23,0.00
2025-11-25,16:09:00,25292.5,25299,25290.5,25294.75,2019,25258.24,25112.52,0.00
2025-11-25,16:10:00,25294.5,25295.75,25286.25,25288.25,1715,25258.41,25112.76,0.00
2025-11-25,16:11:00,25287.5,25289.5,25281.75,25286.25,2332,25258.60,25113.08,0.00
2025-11-25,16:12:00,25286.75,25288.75,25276.75,25283.25,2165,25258.76,25113.37,0.00
2025-11-25,16:13:00,25283.25,25285,25277,25278,1110,25258.83,25113.52,0.00
2025-11-25,16:14:00,25278,25288.75,25276.75,25287.25,1348,25258.93,25113.70,0.00
2025-11-25,16:15:00,25286.75,25290.75,25282.75,25283.5,1235,25259.03,25113.87,0.00
2025-11-25,16:16:00,25283.25,25290.5,25278,25288,1534,25259.15,25114.07,0.00
2025-11-25,16:17:00,25287.75,25290,25280.25,25282.75,1051,25259.23,25114.21,0.00
2025-11-25,16:18:00,25283,25285.75,25280.5,25284,598,25259.27,25114.29,0.00
2025-11-25,16:19:00,25284.25,25289.75,25283.75,25288.5,752,25259.33,25114.39,0.00
2025-11-25,16:20:00,25288.75,25293.25,25287.25,25290,1441,25259.46,25114.59,0.00
2025-11-25,16:21:00,25289.5,25293.75,25288.5,25291.25,1020,25259.56,25114.73,0.00
2025-11-25,16:22:00,25291.5,25292.75,25286.5,25289.75,1133,25259.66,25114.89,0.00
2025-11-25,16:23:00,25290.75,25297.75,25289.75,25293.75,1501,25259.80,25115.10,0.00
2025-11-25,16:24:00,25293.75,25298,25290.75,25295.75,1005,25259.90,25115.24,0.00
2025-11-25,16:25:00,25296.25,25301,25295,25296.75,1559,25260.07,25115.46,0.00
2025-11-25,16:26:00,25296.75,25298,25290,25294,1292,25260.20,25115.64,0.00
2025-11-25,16:27:00,25294.25,25296.75,25287.5,25291.25,1511,25260.34,25115.85,0.00
2025-11-25,16:28:00,25291.25,25303.25,25289,25300.75,1814,25260.53,25116.10,0.00
2025-11-25,16:29:00,25300.75,25306,25299.5,25303.5,1674,25260.73,25116.35,0.00
2025-11-25,16:30:00,25304,25304,25299.5,25301,1123,25260.86,25116.51,0.00
2025-11-25,16:31:00,25301,25311.5,25299.75,25309.25,2699,25261.20,25116.90,0.00
2025-11-25,16:32:00,25309.25,25334.25,25308.75,25326.25,5559,25323.08,25117.79,0.00
2025-11-25,16:33:00,25326.75,25327.75,25319,25319.75,2416,25322.81,25118.16,0.00
2025-11-25,16:34:00,25319.5,25323,25316.25,25321.75,1408,25322.43,25118.38,0.00
2025-11-25,16:35:00,25322.25,25329,25319.25,25326.5,1561,25322.79,25118.63,0.00
2025-11-25,16:36:00,25326,25337.5,25326,25335.75,2691,25333.08,25119.07,0.00
2025-11-25,16:37:00,25335.5,25335.75,25325,25329.75,2130,25331.79,25119.41,0.00
2025-11-25,16:38:00,25330.5,25331,25324.5,25328.25,1397,25330.92,25119.64,0.00
2025-11-25,16:39:00,25328,25337.25,25327.5,25333.75,1662,25331.33,25119.91,0.00
2025-11-25,16:40:00,25333.25,25336,25325.75,25335,1749,25331.49,25120.19,0.00
2025-11-25,16:41:00,25335.5,25339.75,25332.75,25333.75,1708,25335.42,25120.47,0.00
2025-11-25,16:42:00,25333.5,25334.5,25323,25333,2736,25332.18,25120.90,0.00
2025-11-25,16:43:00,25333,25336.5,25329.25,25334.75,1421,25332.50,25121.13,0.00
2025-11-25,16:44:00,25334.5,25338.5,25331,25336,1115,25332.93,25121.31,0.00
2025-11-25,16:45:00,25336.5,25339.5,25330,25331.75,1269,25333.06,25121.52,0.00
2025-11-25,16:46:00,25332.25,25337,25323.25,25330.5,2641,25332.37,25121.93,0.00
2025-11-25,16:47:00,25331.25,25339.5,25328.75,25339.5,1567,25332.82,25122.19,0.00
2025-11-25,16:48:00,25339.5,25345.75,25335.5,25344.25,2034,25341.83,25122.52,0.00
2025-11-25,16:49:00,25344.5,25354.5,25340.5,25350.5,3266,25348.50,25123.08,0.00
2025-11-25,16:50:00,25350.25,25350.25,25344.25,25347.25,1713,25348.07,25123.36,0.00
2025-11-25,16:51:00,25347,25373,25346.25,25367.25,5833,25362.17,25124.40,0.00
2025-11-25,16:52:00,25367.75,25371.5,25363.25,25371.5,2018,25363.86,25124.77,0.00
2025-11-25,16:53:00,25371,25382.25,25370,25377.5,3656,25376.58,25125.46,0.00
2025-11-25,16:54:00,25377.75,25387.25,25376,25384.5,2865,25382.58,25126.00,0.00
2025-11-25,16:55:00,25384.25,25389,25360.75,25366.5,5484,25372.08,25127.00,0.00
2025-11-25,16:56:00,25366.75,25375.5,25361,25364.75,3220,25370.23,25127.57,0.00
2025-11-25,16:57:00,25365,25365.5,25355.75,25360.5,2515,25368.07,25128.00,0.00
2025-11-25,16:58:00,25359.75,25359.75,25345.25,25352.25,3124,25364.66,25128.51,0.00
2025-11-25,16:59:00,25351.75,25352.75,25343.75,25351.75,2440,25362.44,25128.91,0.00
2025-11-25,17:00:00,25351.25,25354.5,25332.5,25332.5,7584,25355.41,25130.07,0.00
2025-11-25,17:01:00,25332.5,25339.25,25326,25337.75,5074,25351.78,25130.83,0.00
2025-11-25,17:02:00,25338.5,25353,25338.5,25348.75,2537,25351.38,25131.22,0.00
2025-11-25,17:03:00,25349.75,25351.5,25339.5,25340.5,1425,25351.05,25131.44,0.00
2025-11-25,17:04:00,25339.5,25345.25,25337,25344.5,1034,25350.79,25131.60,0.00
2025-11-25,17:05:00,25344.5,25344.5,25338.75,25342,782,25350.59,25131.72,0.00
2025-11-25,17:06:00,25342.25,25342.5,25331.75,25333,1370,25350.03,25131.92,0.00
2025-11-25,17:07:00,25333.5,25336.25,25328.25,25333.25,916,25349.61,25132.05,0.00
2025-11-25,17:08:00,25333.25,25333.25,25325.25,25326.5,790,25349.17,25132.17,0.00
2025-11-25,17:09:00,25327.25,25328,25323.25,25327.5,710,25348.75,25132.26,0.00
2025-11-25,17:10:00,25327.75,25331.75,25324.25,25330,967,25348.27,25132.40,0.00
2025-11-25,17:11:00,25329.75,25334.25,25325.75,25332.25,571,25348.02,25132.48,0.00
2025-11-25,17:12:00,25332.5,25332.5,25329.5,25331.25,320,25347.89,25132.53,0.00
2025-11-25,17:13:00,25331,25332,25326.5,25329,388,25347.71,25132.58,0.00
2025-11-25,17:14:00,25329.5,25331.75,25327.5,25328.5,362,25347.55,25132.63,0.00
2025-11-25,17:15:00,25328,25335.75,25328,25330.75,540,25347.34,25132.71,0.00
2025-11-25,17:16:00,25330.75,25333.5,25330,25331.25,277,25347.24,25132.75,0.00
2025-11-25,17:17:00,25331.5,25334.75,25330.5,25333,188,25347.18,25132.78,0.00
2025-11-25,17:18:00,25332.75,25335.25,25330.5,25333.75,299,25347.08,25132.82,0.00
2025-11-25,17:19:00,25334,25334,25331,25334,163,25347.03,25132.85,0.00
2025-11-25,17:20:00,25334.25,25335,25331.75,25331.75,223,25346.95,25132.88,0.00
2025-11-25,17:21:00,25331.5,25331.75,25323.5,25325,593,25346.68,25132.96,0.00
2025-11-25,17:22:00,25324.75,25327,25323.25,25325.5,275,25346.55,25133.00,0.00
2025-11-25,17:23:00,25325.75,25328.75,25323.25,25328.5,297,25346.42,25133.04,0.00
2025-11-25,17:24:00,25328.25,25329.75,25325.75,25326.25,222,25346.32,25133.07,0.00
2025-11-25,17:25:00,25327,25329,25325,25327.25,212,25346.23,25133.10,0.00
2025-11-25,17:26:00,25326.5,25327.25,25325.5,25327,124,25346.18,25133.12,0.00
2025-11-25,17:27:00,25327,25328.5,25326,25326.5,186,25346.10,25133.14,0.00
2025-11-25,17:28:00,25326,25326,25322.5,25323,300,25345.95,25133.18,0.00
2025-11-25,17:29:00,25323.25,25323.25,25319,25321.5,406,25345.73,25133.24,0.00
2025-11-25,17:30:00,25322,25324.5,25320.25,25321.25,327,25345.56,25133.28,0.00
2025-11-25,17:31:00,25321,25324.75,25320.25,25324.25,245,25345.44,25133.32,0.00
2025-11-25,17:32:00,25324.5,25327,25322.75,25325.5,336,25345.30,25133.36,0.00
2025-11-25,17:33:00,25325.5,25327.25,25323.75,25326.5,306,25345.17,25133.40,0.00
2025-11-25,17:34:00,25326.75,25330.5,25326.5,25328,287,25345.07,25133.44,0.00
2025-11-25,17:35:00,25327.5,25328.5,25324,25324.5,189,25344.99,25133.47,0.00
2025-11-25,17:36:00,25324.75,25325.25,25322,25323.25,261,25344.88,25133.51,0.00
2025-11-25,17:37:00,25323.75,25323.75,25320.5,25321.5,200,25344.78,25133.53,0.00
2025-11-25,17:38:00,25321,25321,25317.75,25318.25,395,25344.57,25133.59,0.00
2025-11-25,17:39:00,25318.5,25320.5,25316.75,25319.25,356,25344.38,25133.63,0.00
2025-11-25,17:40:00,25319.25,25320,25318.5,25319.25,210,25344.28,25133.66,0.00
2025-11-25,17:41:00,25319.25,25319.25,25312.5,25316.25,595,25343.94,25133.74,0.00
2025-11-25,17:42:00,25316.25,25319.25,25315.75,25317.5,180,25343.84,25133.76,0.00
2025-11-25,17:43:00,25317.75,25321,25315.75,25321,243,25343.72,25133.79,0.00
2025-11-25,17:44:00,25321,25321.5,25318.75,25319.75,198,25343.63,25133.82,0.00
2025-11-25,17:45:00,25319.5,25320,25318,25319,238,25343.51,25133.85,0.00
2025-11-25,17:46:00,25319.25,25319.25,25316.25,25316.75,227,25343.39,25133.88,0.00
2025-11-25,17:47:00,25317,25320.75,25316,25319.25,138,25343.33,25133.90,0.00
2025-11-25,17:48:00,25319.75,25322.75,25317,25321.75,401,25343.15,25133.95,0.00
2025-11-25,17:49:00,25322,25323,25317.5,25319,182,25343.07,25133.98,0.00
2025-11-25,17:50:00,25319,25320,25317.25,25317.75,159,25342.99,25134.00,0.00
2025-11-25,17:51:00,25318.25,25318.25,25313.75,25316,294,25342.84,25134.04,0.00
2025-11-25,17:52:00,25315.5,25317.25,25314.5,25315.75,131,25342.77,25134.05,0.00
2025-11-25,17:53:00,25316,25318,25314.75,25318,214,25342.66,25134.08,0.00
2025-11-25,17:54:00,25317.75,25318.75,25316.75,25317.75,75,25342.63,25134.09,0.00
2025-11-25,17:55:00,25317.75,25319.5,25316.25,25317,127,25342.57,25134.11,0.00
2025-11-25,17:56:00,25317.25,25320.75,25316.5,25319,279,25342.44,25134.15,0.00
2025-11-25,17:57:00,25319.5,25320.75,25318.25,25320.75,85,25342.40,25134.16,0.00
2025-11-25,17:58:00,25320.25,25320.5,25318.75,25320.25,128,25342.35,25134.17,0.00
2025-11-25,17:59:00,25320.25,25320.5,25317.25,25317.75,160,25342.28,25134.19,0.00
2025-11-25,18:00:00,25318,25319.5,25317,25317.75,224,25342.18,25134.22,0.00
2025-11-25,19:01:00,25323.25,25335.25,25317.75,25323.75,1116,25325.58,25325.58,0.00
2025-11-25,19:02:00,25323.75,25334.25,25321.25,25323.75,555,25325.86,25325.86,0.00
2025-11-25,19:03:00,25323.75,25325.25,25320.75,25324.75,173,25325.65,25325.65,0.00
2025-11-25,19:04:00,25325,25329.5,25321.5,25328.25,336,25325.77,25325.77,0.00
2025-11-25,19:05:00,25328.75,25338,25327.75,25335.25,806,25333.67,25327.90,0.00
2025-11-25,19:06:00,25334.75,25337.75,25331.75,25336,448,25334.20,25328.85,0.00
2025-11-25,19:07:00,25335,25347.5,25333.25,25345.75,692,25342.17,25331.08,0.00
2025-11-25,19:08:00,25345.75,25346.5,25340,25342.25,375,25342.43,25332.07,0.00
2025-11-25,19:09:00,25340.75,25341,25336,25337.25,284,25341.52,25332.42,0.00
2025-11-25,19:10:00,25337.5,25341.5,25331,25340.5,310,25340.80,25332.74,0.00
2025-11-25,19:11:00,25341,25341.5,25336.5,25337.5,176,25340.58,25332.93,0.00
2025-11-25,19:12:00,25336.5,25344,25335.75,25341,273,25340.54,25333.30,0.00
2025-11-25,19:13:00,25341.75,25343.75,25338.75,25342.75,212,25340.65,25333.61,0.00
2025-11-25,19:14:00,25343,25345.25,25339.75,25340.75,217,25340.75,25333.91,0.00
2025-11-25,19:15:00,25341.75,25342.5,25338.5,25341.25,147,25340.75,25334.07,0.00
2025-11-25,19:16:00,25342.25,25342.25,25335.5,25337,266,25340.53,25334.25,0.00
2025-11-25,19:17:00,25336.25,25338.5,25331.25,25332.75,253,25340.03,25334.24,0.00
2025-11-25,19:18:00,25333.5,25335.5,25330.75,25331.5,207,25339.58,25334.19,0.00
2025-11-25,19:19:00,25332,25334.5,25328.25,25329.75,300,25338.87,25334.05,0.00
2025-11-25,19:20:00,25329.5,25332.75,25328.25,25331,262,25338.33,25333.93,0.00
2025-11-25,19:21:00,25331.5,25335.75,25329.75,25333.75,283,25337.98,25333.90,0.00
2025-11-25,19:22:00,25333.75,25335.25,25330.25,25331.25,143,25337.79,25333.87,0.00
2025-11-25,19:23:00,25330.75,25336.75,25330.25,25332.25,156,25337.63,25333.86,0.00
2025-11-25,19:24:00,25332.5,25334.25,25330.25,25331.75,154,25337.45,25333.82,0.00
2025-11-25,19:25:00,25331.25,25333,25329.5,25332.5,207,25337.21,25333.77,0.00
2025-11-25,19:26:00,25332.5,25334.25,25330.25,25332.75,184,25337.03,25333.74,0.00
2025-11-25,19:27:00,25332.5,25333.5,25330.5,25332.75,147,25336.90,25333.71,0.00
2025-11-25,19:28:00,25331.75,25333.25,25331.25,25331.75,65,25336.84,25333.70,0.00
2025-11-25,19:29:00,25332,25334,25329.75,25333.75,165,25336.71,25333.68,0.00
2025-11-25,19:30:00,25333.5,25337,25333.5,25335.5,245,25336.65,25333.72,0.00
2025-11-25,19:31:00,25336.25,25337,25334.5,25336.25,164,25336.63,25333.76,0.00
2025-11-25,19:32:00,25336.25,25339.5,25333.75,25336,276,25336.62,25333.84,0.00
2025-11-25,19:33:00,25336.5,25337.25,25331.25,25334.25,317,25336.51,25333.85,0.00
2025-11-25,19:34:00,25334.25,25335.5,25329.5,25330.25,181,25336.38,25333.81,0.00
2025-11-25,19:35:00,25330,25333.5,25329,25332,262,25336.19,25333.76,0.00
2025-11-25,19:36:00,25332.25,25335.25,25331.25,25333,160,25336.12,25333.75,0.00
2025-11-25,19:37:00,25332.25,25333.25,25327.25,25329.5,201,25335.95,25333.68,0.00
2025-11-25,19:38:00,25329.75,25333,25329.25,25331,138,25335.86,25333.64,0.00
2025-11-25,19:39:00,25330.25,25333.25,25328.75,25331.75,141,25335.78,25333.61,0.00
2025-11-25,19:40:00,25332.25,25334.25,25330,25333.75,98,25335.74,25333.60,0.00
2025-11-25,19:41:00,25334.5,25335.75,25332.25,25332.5,172,25335.69,25333.60,0.00
2025-11-25,19:42:00,25332.75,25333.5,25329,25330,105,25335.62,25333.58,0.00
2025-11-25,19:43:00,25331.25,25332.75,25330,25330.75,106,25335.57,25333.56,0.00
2025-11-25,19:44:00,25331.25,25334.25,25330.5,25333.25,161,25335.51,25333.54,0.00
2025-11-25,19:45:00,25333.5,25334,25331,25331.5,134,25335.46,25333.53,0.00
2025-11-25,19:46:00,25331.75,25334.5,25328.25,25330,177,25335.36,25333.49,0.00
2025-11-25,19:47:00,25329.5,25329.5,25325.5,25326,345,25335.04,25333.31,0.00
2025-11-25,19:48:00,25326.25,25331.25,25326.25,25330.5,161,25334.93,25333.26,0.00
2025-11-25,19:49:00,25330.25,25330.75,25328,25330.75,152,25334.85,25333.21,0.00
2025-11-25,19:50:00,25330.75,25331.25,25325,25325.75,264,25334.64,25333.09,0.00
2025-11-25,19:51:00,25325.75,25327,25323.25,25323.25,181,25334.45,25332.97,0.00
2025-11-25,19:52:00,25324,25326.25,25320,25322.25,353,25334.04,25332.71,0.00
2025-11-25,19:53:00,25322.25,25323.25,25317.25,25319.75,667,25333.16,25320.08,0.00
2025-11-25,19:54:00,25319.75,25323.75,25318.25,25323.25,238,25332.91,25320.52,0.00
2025-11-25,19:55:00,25323,25323,25318.75,25319.75,165,25332.73,25320.52,0.00
2025-11-25,19:56:00,25320,25323.25,25315,25319.75,414,25332.24,25319.33,0.00
2025-11-25,19:57:00,25320.25,25325,25320.25,25322.75,271,25332.02,25320.65,0.00
2025-11-25,19:58:00,25323,25333.25,25323,25332.25,455,25331.93,25324.18,0.00
2025-11-25,19:59:00,25333,25341.75,25332.25,25338.5,781,25332.26,25329.60,0.00
2025-11-25,20:00:00,25338.25,25343.25,25337,25339.5,424,25332.51,25331.46,0.00
2025-11-25,20:01:00,25339.75,25345.25,25338.25,25341,904,25333.07,25334.26,0.00
2025-11-25,20:02:00,25340.5,25341.75,25332,25335.75,463,25333.18,25334.54,0.00
2025-11-25,20:03:00,25335,25339.5,25331.75,25337,326,25333.24,25334.66,0.00
2025-11-25,20:04:00,25337.25,25339.25,25334.5,25336.75,212,25333.29,25334.77,0.00
2025-11-25,20:05:00,25336.75,25337,25329.75,25332.25,284,25333.29,25334.66,0.00
2025-11-25,20:06:00,25332.75,25334,25321.5,25324.25,580,25333.05,25333.74,0.00
2025-11-25,20:07:00,25324.75,25328.25,25320,25327.75,408,25332.86,25333.12,0.00
2025-11-25,20:08:00,25328.5,25330.75,25325.75,25327.5,260,25332.78,25332.89,0.00
2025-11-25,20:09:00,25328.25,25333.75,25326.75,25333,356,25332.75,25332.79,0.00
2025-11-25,20:10:00,25333.25,25342.25,25332.5,25341,568,25332.94,25333.28,0.00
2025-11-25,20:11:00,25341.75,25346.5,25339.5,25344.75,552,25333.26,25334.06,0.00
2025-11-25,20:12:00,25345,25346.5,25341,25341.5,289,25333.41,25334.41,0.00
2025-11-25,20:13:00,25342.5,25345.5,25340.25,25341.5,257,25333.53,25334.67,0.00
2025-11-25,20:14:00,25340.75,25343,25339.5,25340,158,25333.59,25334.79,0.00
2025-11-25,20:15:00,25339.25,25339.75,25334.25,25335,348,25333.64,25334.86,0.00
2025-11-25,20:16:00,25335.5,25345.75,25335,25344,597,25333.88,25335.31,0.00
2025-11-25,20:17:00,25343.75,25350,25343,25348,566,25347.00,25336.01,0.00
2025-11-25,20:18:00,25348,25357.25,25347.75,25352,896,25352.33,25337.42,0.00
2025-11-25,20:19:00,25351.75,25356.5,25351,25355.75,262,25352.80,25337.84,0.00
2025-11-25,20:20:00,25355.75,25360.75,25355.25,25357.75,484,25357.92,25338.71,0.00
2025-11-25,20:21:00,25358.5,25362.25,25357,25360.5,538,25359.92,25339.69,0.00
2025-11-25,20:22:00,25359.75,25364.25,25359.5,25362.5,400,25362.08,25340.43,0.00
2025-11-25,20:23:00,25362.25,25365.75,25361.5,25364,357,25363.75,25341.10,0.00
2025-11-25,20:24:00,25364.5,25365,25358.25,25363.25,480,25362.84,25341.89,0.00
2025-11-25,20:25:00,25363.75,25367.5,25363.5,25365.5,456,25365.50,25342.70,0.00
2025-11-25,20:26:00,25365.75,25366.5,25363,25363.5,220,25365.12,25343.05,0.00
2025-11-25,20:27:00,25363.25,25363.25,25353.75,25355.75,647,25361.43,25343.71,0.00
2025-11-25,20:28:00,25355.5,25358.25,25350.75,25356.5,594,25359.49,25344.17,0.00
2025-11-25,20:29:00,25356.5,25358.5,25353.75,25357,253,25359.13,25344.37,0.00
2025-11-25,20:30:00,25356.25,25363.5,25356,25361.25,331,25359.28,25344.71,0.00
2025-11-25,20:31:00,25361.5,25367.75,25360.75,25362,464,25363.50,25345.26,0.00
2025-11-25,20:32:00,25362.25,25362.5,25357,25362,238,25362.48,25345.49,0.00
2025-11-25,20:33:00,25362.25,25366,25361.25,25363.5,196,25362.72,25345.71,0.00
2025-11-25,20:34:00,25364.25,25365.25,25361.75,25362.25,210,25362.79,25345.93,0.00
2025-11-25,20:35:00,25362.25,25364.25,25360.25,25363.25,198,25362.76,25346.13,0.00
2025-11-25,20:36:00,25363.75,25364.5,25358,25359.75,235,25362.45,25346.33,0.00
2025-11-25,20:37:00,25360.25,25362.25,25359,25359,159,25362.23,25346.46,0.00
2025-11-25,20:38:00,25360,25360,25356,25357.25,202,25361.76,25346.59,0.00
2025-11-25,20:39:00,25357.75,25363,25357.75,25359,205,25361.58,25346.75,0.00
2025-11-25,20:40:00,25358.75,25359.5,25356.75,25357.5,203,25361.26,25346.87,0.00
2025-11-25,20:41:00,25356.75,25359.25,25352.75,25356,349,25360.57,25347.05,0.00
2025-11-25,20:42:00,25355,25361.5,25355,25359.5,254,25360.40,25347.21,0.00
2025-11-25,20:43:00,25360,25362.75,25358.25,25360,261,25360.39,25347.40,0.00
2025-11-25,20:44:00,25359.75,25363,25357.75,25359.25,171,25360.37,25347.51,0.00
2025-11-25,20:45:00,25359.25,25362,25358,25361.25,76,25360.38,25347.56,0.00
2025-11-25,20:46:00,25362,25362,25358.5,25359.75,124,25360.36,25347.64,0.00
2025-11-25,20:47:00,25360,25363.75,25359.25,25362.5,156,25360.43,25347.76,0.00
2025-11-25,20:48:00,25362.5,25362.75,25358.25,25359.5,160,25360.42,25347.86,0.00
2025-11-25,20:49:00,25359.5,25366.5,25359.25,25365.5,227,25360.60,25348.05,0.00
2025-11-25,20:50:00,25365.25,25368.75,25363.25,25368.25,516,25366.75,25348.53,0.00
2025-11-25,20:51:00,25368.75,25376.25,25368.25,25373,1074,25372.50,25349.75,0.00
2025-11-25,20:52:00,25374,25380.75,25373.75,25376.5,934,25377.00,25350.91,0.00
2025-11-25,20:53:00,25377.25,25380,25373,25373.5,491,25376.48,25351.45,0.00
2025-11-25,20:54:00,25373.5,25374.5,25363.75,25366.25,743,25373.63,25351.98,0.00
2025-11-25,20:55:00,25366.5,25372.75,25366.5,25367.75,440,25372.85,25352.30,0.00
2025-11-25,20:56:00,25367.25,25370.75,25364.75,25365.25,372,25372.11,25352.52,0.00
2025-11-25,20:57:00,25365.25,25370.25,25364,25368.25,275,25371.72,25352.69,0.00
2025-11-25,20:58:00,25368.25,25369,25365.25,25367.75,228,25371.43,25352.83,0.00
2025-11-25,20:59:00,25367.75,25372.25,25367.5,25369,292,25371.29,25353.03,0.00
2025-11-25,21:00:00,25369.25,25375,25369.25,25374.25,285,25371.40,25353.25,0.00
2025-11-25,21:01:00,25373.75,25375.5,25369.25,25374.5,477,25371.58,25353.62,0.00
2025-11-25,21:02:00,25373.5,25373.5,25368.75,25370,231,25371.54,25353.77,0.00
2025-11-25,21:03:00,25371.25,25376,25370.25,25374.25,258,25371.64,25353.97,0.00
2025-11-25,21:04:00,25373.25,25375,25368,25371,358,25371.62,25354.20,0.00
2025-11-25,21:05:00,25370.5,25370.75,25365.25,25367,330,25371.39,25354.37,0.00
2025-11-25,21:06:00,25366.25,25371.25,25365.5,25369.75,226,25371.29,25354.49,0.00
2025-11-25,21:07:00,25370.75,25377.75,25370.5,25376.5,382,25371.51,25354.77,0.00
2025-11-25,21:08:00,25376.75,25377,25373,25375.25,241,25371.64,25354.95,0.00
2025-11-25,21:09:00,25375.75,25378.25,25374.5,25375.75,204,25371.78,25355.11,0.00
2025-11-25,21:10:00,25376.25,25383,25375.75,25380.75,604,25379.83,25355.63,0.00
2025-11-25,21:11:00,25380.5,25382.75,25379,25382.5,269,25380.32,25355.87,0.00
2025-11-25,21:12:00,25382.75,25383,25379.75,25382.5,214,25380.60,25356.07,0.00
2025-11-25,21:13:00,25383,25395.25,25382.75,25389,1565,25389.00,25357.76,0.00
2025-11-25,21:14:00,25389,25394.75,25389,25394.25,428,25389.79,25358.24,0.00
2025-11-25,21:15:00,25394.25,25397.75,25393.25,25395.5,525,25395.50,25358.86,0.00
2025-11-25,21:16:00,25395.75,25398.25,25393.5,25396.25,431,25396.00,25359.36,0.00
2025-11-25,21:17:00,25396.75,25404.75,25396,25402.5,1197,25401.08,25360.87,0.00
2025-11-25,21:18:00,25402.5,25411,25402.25,25408.5,996,25407.25,25362.23,0.00
2025-11-25,21:19:00,25408.5,25410.75,25403.75,25404,758,25406.78,25363.19,0.00
2025-11-25,21:20:00,25404,25404,25393.25,25395.25,1114,25403.18,25364.25,0.00
2025-11-25,21:21:00,25394.5,25397.25,25389.25,25389.5,1001,25400.28,25365.00,0.00
2025-11-25,21:22:00,25389.5,25399.25,25389.25,25397.5,573,25399.65,25365.47,0.00
2025-11-25,21:23:00,25397.75,25400.5,25392.75,25395,434,25399.33,25365.82,0.00
2025-11-25,21:24:00,25395,25395.75,25391.25,25392.5,355,25398.91,25366.07,0.00
2025-11-25,21:25:00,25392.5,25396.25,25391.5,25391.5,211,25398.68,25366.22,0.00
2025-11-25,21:26:00,25391.25,25397.5,25389.5,25395.75,370,25398.40,25366.48,0.00
2025-11-25,21:27:00,25395.75,25400.25,25395.5,25398.5,335,25398.39,25366.75,0.00
2025-11-25,21:28:00,25398.75,25403.25,25398.75,25401.5,302,25398.52,25367.02,0.00
2025-11-25,21:29:00,25402.25,25406.75,25401.75,25402.5,497,25398.88,25367.47,0.00
2025-11-25,21:30:00,25403.25,25403.5,25400.25,25401.75,279,25399.00,25367.71,0.00
2025-11-25,21:31:00,25401.25,25407.75,25392.25,25407,984,25399.40,25368.54,0.00
2025-11-25,21:32:00,25406.5,25413,25405.5,25410.25,828,25409.58,25369.34,0.00
2025-11-25,21:33:00,25410.25,25417.25,25406.5,25409,859,25410.92,25370.17,0.00
2025-11-25,21:34:00,25409.75,25410.25,25400.25,25402.75,534,25408.42,25370.59,0.00
2025-11-25,21:35:00,25403.25,25408.5,25401.75,25406,443,25407.70,25370.95,0.00
2025-11-25,21:36:00,25405.75,25407.75,25401,25405,295,25407.27,25371.17,0.00
2025-11-25,21:37:00,25405.75,25408.75,25403.5,25405,229,25407.12,25371.35,0.00
2025-11-25,21:38:00,25405.5,25410.25,25405,25408.5,236,25407.19,25371.54,0.00
2025-11-25,21:39:00,25408.5,25413.5,25408.5,25410,373,25407.63,25371.86,0.00
2025-11-25,21:40:00,25411,25413,25408.5,25411.75,223,25407.87,25372.06,0.00
2025-11-25,21:41:00,25411.75,25412.25,25406.25,25411.5,385,25408.10,25372.38,0.00
2025-11-25,21:42:00,25410.75,25415.5,25407.75,25410.75,424,25408.44,25372.74,0.00
2025-11-25,21:43:00,25410.5,25415.25,25410.25,25414.5,279,25408.76,25372.98,0.00
2025-11-25,21:44:00,25414.5,25420.25,25411.25,25418,709,25416.50,25373.63,0.00
2025-11-25,21:45:00,25417.5,25419.25,25415.25,25419.25,430,25417.03,25374.04,0.00
2025-11-25,21:46:00,25418.25,25421.25,25416.25,25418.5,637,25418.67,25374.63,0.00
2025-11-25,21:47:00,25418,25418.75,25410.25,25412.5,531,25416.47,25375.05,0.00
2025-11-25,21:48:00,25412.5,25412.5,25409,25411.5,426,25415.01,25375.37,0.00
2025-11-25,21:49:00,25410.75,25414.5,25406.75,25412,572,25413.97,25375.78,0.00
2025-11-25,21:50:00,25411.75,25413,25409,25412,219,25413.73,25375.93,0.00
2025-11-25,21:51:00,25411.25,25415.5,25410.75,25411.5,222,25413.63,25376.09,0.00
2025-11-25,21:52:00,25411,25412.5,25406.5,25410.75,342,25413.20,25376.32,0.00
2025-11-25,21:53:00,25410.75,25412.25,25407.5,25409.25,214,25412.96,25376.46,0.00
2025-11-25,21:54:00,25409,25412,25408,25410.5,174,25412.82,25376.58,0.00
2025-11-25,21:55:00,25410,25410.5,25407.25,25408.25,113,25412.68,25376.65,0.00
2025-11-25,21:56:00,25407.25,25409.25,25405.25,25408.25,363,25412.19,25376.87,0.00
2025-11-25,21:57:00,25408.25,25415.75,25408,25412.25,462,25412.17,25377.18,0.00
2025-11-25,21:58:00,25412.25,25415.5,25411,25415,240,25412.26,25377.35,0.00
2025-11-25,21:59:00,25414.75,25422.75,25414.25,25422.75,647,25419.92,25377.87,0.00
2025-11-25,22:00:00,25422.5,25424.25,25419,25419,606,25420.75,25378.36,0.00
2025-11-25,22:01:00,25418.75,25420.75,25414,25419,531,25419.43,25378.75,0.00
2025-11-25,22:02:00,25418.5,25419.75,25414.75,25417,209,25419.08,25378.90,0.00
2025-11-25,22:03:00,25416.5,25421,25416.5,25419.5,233,25419.06,25379.07,0.00
2025-11-25,22:04:00,25419.25,25420.5,25416.5,25419.25,206,25419.03,25379.22,0.00
2025-11-25,22:05:00,25419,25419,25411.25,25413.75,321,25418.36,25379.43,0.00
2025-11-25,22:06:00,25413.5,25417.5,25412.25,25414,256,25417.95,25379.59,0.00
2025-11-25,22:07:00,25415,25415.25,25412.25,25414.75,86,25417.82,25379.65,0.00
2025-11-25,22:08:00,25415.25,25418.5,25414.75,25417,184,25417.74,25379.77,0.00
2025-11-25,22:09:00,25415.25,25417,25412.5,25412.5,162,25417.53,25379.87,0.00
2025-11-25,22:10:00,25413.25,25419.25,25413,25418,234,25417.47,25380.03,0.00
2025-11-25,22:11:00,25418,25422.75,25416.5,25418.75,369,25417.67,25380.29,0.00
2025-11-25,22:12:00,25418.5,25419.75,25414.75,25415.25,234,25417.60,25380.44,0.00
2025-11-25,22:13:00,25416.25,25418.75,25415,25416.75,131,25417.57,25380.52,0.00
2025-11-25,22:14:00,25416.25,25418,25414.25,25415.5,82,25417.54,25380.57,0.00
2025-11-25,22:15:00,25415.5,25418.5,25414.5,25417.25,143,25417.51,25380.66,0.00
2025-11-25,22:16:00,25418,25424,25416.75,25422.5,449,25417.87,25380.98,0.00
2025-11-25,22:17:00,25423.75,25427.75,25417.75,25420.75,855,25422.08,25381.59,0.00
2025-11-25,22:18:00,25420.5,25421.25,25417.5,25418.75,142,25421.67,25381.68,0.00
2025-11-25,22:19:00,25418.75,25424,25418.25,25422.75,217,25421.67,25381.83,0.00
2025-11-25,22:20:00,25423.75,25426.75,25421.25,25424,242,25422.06,25382.00,0.00
2025-11-25,22:21:00,25423.5,25423.5,25417.75,25418.5,267,25421.72,25382.17,0.00
2025-11-25,22:22:00,25418.5,25419.5,25416.25,25416.5,186,25421.30,25382.28,0.00
2025-11-25,22:23:00,25416.25,25417.25,25408.5,25413.75,787,25418.93,25382.69,0.00
2025-11-25,22:24:00,25414.25,25418.75,25412.5,25417.25,239,25418.70,25382.82,0.00
2025-11-25,22:25:00,25417.25,25418.75,25416.5,25417.75,145,25418.66,25382.91,0.00
2025-11-25,22:26:00,25417.75,25417.75,25415,25415.75,235,25418.48,25383.04,0.00
2025-11-25,22:27:00,25416,25418.25,25413.75,25415.25,179,25418.34,25383.13,0.00
2025-11-25,22:28:00,25415.5,25420.25,25415,25417.5,203,25418.30,25383.25,0.00
2025-11-25,22:29:00,25416.75,25420.25,25416.25,25416.5,131,25418.28,25383.32,0.00
2025-11-25,22:30:00,25416.25,25418.75,25416,25416.75,108,25418.25,25383.38,0.00
2025-11-25,22:31:00,25417,25422.25,25414.75,25421.25,276,25418.32,25383.54,0.00
2025-11-25,22:32:00,25421.5,25422.25,25418.25,25421.25,275,25418.46,25383.71,0.00
2025-11-25,22:33:00,25421.25,25423.5,25420,25420.5,292,25418.64,25383.89,0.00
2025-11-25,22:34:00,25420.5,25424.5,25419.5,25422.75,188,25418.77,25384.00,0.00
2025-11-25,22:35:00,25422.25,25423.25,25417.5,25419.75,252,25418.84,25384.15,0.00
2025-11-25,22:36:00,25419.75,25426,25419.75,25420.75,335,25419.04,25384.35,0.00
2025-11-25,22:37:00,25420.25,25422.75,25417.25,25421.75,261,25419.11,25384.50,0.00
2025-11-25,22:38:00,25421.75,25423.25,25418.5,25421.25,156,25419.16,25384.59,0.00
2025-11-25,22:39:00,25420.5,25423.25,25419.25,25422,128,25419.21,25384.67,0.00
2025-11-25,22:40:00,25422,25431.5,25422,25428.5,927,25427.33,25385.29,0.00
2025-11-25,22:41:00,25429,25433,25427,25427.5,487,25429.17,25385.62,0.00
2025-11-25,22:42:00,25427.5,25430.5,25425,25430.5,239,25429.00,25385.77,0.00
2025-11-25,22:43:00,25430.25,25432,25428.75,25430.25,257,25429.35,25385.95,0.00
2025-11-25,22:44:00,25430.5,25434.25,25430.5,25432,485,25432.25,25386.29,0.00
2025-11-25,22:45:00,25432,25432,25427.5,25429,197,25431.46,25386.42,0.00
2025-11-25,22:46:00,25429,25431.5,25426.5,25429.5,246,25430.85,25386.58,0.00
2025-11-25,22:47:00,25430.25,25430.75,25426,25429.5,278,25430.37,25386.76,0.00
2025-11-25,22:48:00,25429.5,25430.75,25428.25,25429,158,25430.25,25386.86,0.00
2025-11-25,22:49:00,25428.25,25428.75,25422.75,25423.75,426,25429.02,25387.10,0.00
2025-11-25,22:50:00,25423.25,25425.25,25419.75,25424.75,426,25427.91,25387.33,0.00
2025-11-25,22:51:00,25424.25,25429.5,25423.25,25426.5,286,25427.74,25387.50,0.00
2025-11-25,22:52:00,25427,25430.25,25426.75,25429.25,216,25427.82,25387.63,0.00
2025-11-25,22:53:00,25429,25433,25427.5,25432.75,191,25428.03,25387.75,0.00
2025-11-25,22:54:00,25432.25,25437.25,25431,25436,551,25434.75,25388.13,0.00
2025-11-25,22:55:00,25435.5,25436.5,25433.75,25435.5,311,25434.93,25388.34,0.00
2025-11-25,22:56:00,25435.75,25437,25433.75,25435,272,25435.01,25388.52,0.00
2025-11-25,22:57:00,25434.5,25435.25,25431.25,25431.25,180,25434.68,25388.64,0.00
2025-11-25,22:58:00,25431.25,25434.75,25429.5,25433.5,265,25434.32,25388.81,0.00
2025-11-25,22:59:00,25433.25,25434,25429.5,25431.25,132,25434.11,25388.89,0.00
2025-11-25,23:00:00,25431.5,25436.25,25431.5,25435,249,25434.13,25389.05,0.00
2025-11-25,23:01:00,25435,25436,25433.25,25433.5,208,25434.14,25389.18,0.00
2025-11-25,23:02:00,25433.5,25439.5,25433,25437.5,493,25436.67,25389.51,0.00
2025-11-25,23:03:00,25437.5,25446.75,25436.75,25444,830,25442.50,25390.13,0.00
2025-11-25,23:04:00,25445.5,25449.75,25442,25442.75,631,25444.83,25390.61,0.00
2025-11-25,23:05:00,25442.5,25442.5,25437.75,25438.25,723,25441.99,25391.09,0.00
2025-11-25,23:06:00,25438,25441.5,25435.25,25436.5,436,25440.95,25391.37,0.00
2025-11-25,23:07:00,25437,25438.5,25434.5,25435.5,269,25440.33,25391.53,0.00
2025-11-25,23:08:00,25435.75,25436.5,25433.75,25434.5,218,25439.81,25391.66,0.00
2025-11-25,23:09:00,25435.25,25436.25,25430,25431.75,547,25438.43,25391.96,0.00
2025-11-25,23:10:00,25431,25431.5,25427.75,25428.5,298,25437.55,25392.11,0.00
2025-11-25,23:11:00,25428.25,25428.75,25425,25427,459,25436.19,25392.32,0.00
2025-11-25,23:12:00,25427,25429.5,25426,25428.25,381,25435.39,25392.50,0.00
2025-11-25,23:13:00,25428.75,25432.5,25427,25428.75,460,25434.77,25392.73,0.00
2025-11-25,23:14:00,25428.25,25429.5,25424.75,25425.5,444,25434.02,25392.92,0.00
2025-11-25,23:15:00,25426.25,25428.25,25424,25427,250,25433.65,25393.03,0.00
2025-11-25,23:16:00,25427,25427.25,25421.25,25424,528,25432.76,25393.25,0.00
2025-11-25,23:17:00,25424,25427,25423.75,25427,118,25432.62,25393.30,0.00
2025-11-25,23:18:00,25427.25,25428,25425,25425,158,25432.45,25393.36,0.00
2025-11-25,23:19:00,25425.25,25429.5,25425,25426.75,182,25432.29,25393.44,0.00
2025-11-25,23:20:00,25427,25430.25,25427,25429.5,274,25432.14,25393.57,0.00
2025-11-25,23:21:00,25429,25433,25428.25,25431.5,342,25432.08,25393.73,0.00
2025-11-25,23:22:00,25431,25432,25427.75,25431,237,25432.02,25393.84,0.00
2025-11-25,23:23:00,25431,25433,25429.75,25430.75,131,25432.00,25393.90,0.00
2025-11-25,23:24:00,25431.5,25433,25430,25430,100,25431.99,25393.95,0.00
2025-11-25,23:25:00,25430.5,25431,25427.5,25427.75,159,25431.92,25394.02,0.00
2025-11-25,23:26:00,25428.25,25430.75,25426.5,25430,288,25431.81,25394.15,0.00
2025-11-25,23:27:00,25430,25431,25428,25429.75,63,25431.79,25394.17,0.00
2025-11-25,23:28:00,25430.25,25432.25,25429,25431,200,25431.77,25394.27,0.00
2025-11-25,23:29:00,25431,25433,25430,25432,135,25431.76,25394.33,0.00
2025-11-25,23:30:00,25431.75,25432.5,25428.25,25428.25,164,25431.72,25394.40,0.00
2025-11-25,23:31:00,25428.75,25431.5,25427,25430.75,219,25431.67,25394.50,0.00
2025-11-25,23:32:00,25431.75,25432,25428,25428.5,118,25431.64,25394.55,0.00
2025-11-25,23:33:00,25429.25,25432.75,25429.25,25430.25,124,25431.63,25394.61,0.00
2025-11-25,23:34:00,25430.25,25432.25,25426.75,25431,460,25431.55,25394.81,0.00
2025-11-25,23:35:00,25431.75,25432.75,25429.75,25431.5,94,25431.54,25394.85,0.00
2025-11-25,23:36:00,25431.75,25432.5,25430.75,25431.5,102,25431.54,25394.90,0.00
2025-11-25,23:37:00,25431.5,25433.25,25429.25,25432.5,104,25431.55,25394.95,0.00
2025-11-25,23:38:00,25432.5,25441.25,25432.25,25440,634,25431.94,25395.28,0.00
2025-11-25,23:39:00,25439.75,25441.25,25437.75,25440,165,25432.07,25395.37,0.00
2025-11-25,23:40:00,25440.5,25441.75,25439.25,25439.5,174,25432.20,25395.46,0.00
2025-11-25,23:41:00,25439.25,25442,25433.75,25436.25,491,25432.43,25395.71,0.00
2025-11-25,23:42:00,25436.5,25437.75,25434,25434,147,25432.47,25395.78,0.00
2025-11-25,23:43:00,25434,25434.75,25428.5,25432.75,381,25432.46,25395.95,0.00
2025-11-25,23:44:00,25431.5,25433.5,25428.75,25432.75,248,25432.44,25396.06,0.00
2025-11-25,23:45:00,25433.25,25433.25,25429,25430.25,184,25432.41,25396.13,0.00
2025-11-25,23:46:00,25430,25434.25,25430,25433,151,25432.41,25396.20,0.00
2025-11-25,23:47:00,25433.5,25436.75,25431,25436.75,338,25432.48,25396.35,0.00
2025-11-25,23:48:00,25436.5,25440.5,25435,25439.75,280,25432.61,25396.49,0.00
2025-11-25,23:49:00,25439.75,25440.75,25438,25439.5,281,25432.76,25396.64,0.00
2025-11-25,23:50:00,25439.75,25439.75,25436.25,25439.5,158,25432.83,25396.72,0.00
2025-11-25,23:51:00,25439,25440.25,25438,25438.75,119,25432.89,25396.77,0.00
2025-11-25,23:52:00,25438.75,25440,25438,25438.75,84,25432.92,25396.82,0.00
2025-11-25,23:53:00,25438,25438.75,25436.25,25438.5,170,25432.99,25396.90,0.00
2025-11-25,23:54:00,25438,25438.25,25432.25,25432.75,305,25433.02,25397.03,0.00
2025-11-25,23:55:00,25433,25435,25431,25434,201,25433.02,25397.12,0.00
2025-11-25,23:56:00,25434,25438,25434,25437,219,25433.07,25397.22,0.00
2025-11-25,23:57:00,25437,25438,25434.25,25437,126,25433.10,25397.28,0.00
2025-11-25,23:58:00,25437.25,25441,25436,25437.5,235,25433.19,25397.39,0.00
2025-11-25,23:59:00,25437.75,25438.25,25433,25434.75,184,25433.21,25397.47,0.00
