Date,Time,Open,High,Low,Close,Volume,HighVWAP,LowVWAP,LevelPrice
2025-11-26,00:00:00,25434.75,25438,25434,25434.5,112,25433.23,25397.52,0.00
2025-11-26,00:01:00,25434.25,25436.75,25431,25431.75,277,25433.23,25397.63,0.00
2025-11-26,00:02:00,25431.75,25435.25,25430.25,25435,245,25433.23,25397.73,0.00
2025-11-26,00:03:00,25434.75,25436,25431.75,25433,194,25433.24,25397.81,0.00
2025-11-26,00:04:00,25434.5,25436.75,25434,25436,153,25433.26,25397.88,0.00
2025-11-26,00:05:00,25436.5,25440.75,25436,25440.25,268,25433.36,25398.01,0.00
2025-11-26,00:06:00,25440.75,25442,25438,25441.5,293,25433.49,25398.15,0.00
2025-11-26,00:07:00,25441.25,25441.75,25438,25439,228,25433.57,25398.25,0.00
2025-11-26,00:08:00,25439.5,25441.25,25439.5,25440.5,76,25433.60,25398.29,0.00
2025-11-26,00:09:00,25440,25441,25437.75,25438.25,114,25433.64,25398.34,0.00
2025-11-26,00:10:00,25438.25,25438.75,25435.5,25437.25,152,25433.67,25398.41,0.00
2025-11-26,00:11:00,25437.5,25437.75,25433,25434,243,25433.69,25398.51,0.00
2025-11-26,00:12:00,25434.75,25436.25,25431,25431,219,25433.68,25398.60,0.00
2025-11-26,00:13:00,25431.75,25436,25430.25,25435.25,300,25433.68,25398.71,0.00
2025-11-26,00:14:00,25435.75,25439.25,25434.75,25436.5,314,25433.73,25398.85,0.00
2025-11-26,00:15:00,25436,25437,25432.75,25434.5,143,25433.74,25398.90,0.00
2025-11-26,00:16:00,25435.5,25438.75,25435,25436.25,139,25433.77,25398.96,0.00
2025-11-26,00:17:00,25436.5,25436.5,25432.25,25432.75,206,25433.77,25399.04,0.00
2025-11-26,00:18:00,25432.25,25433.25,25431,25432.75,208,25433.75,25399.12,0.00
2025-11-26,00:19:00,25432.75,25434.75,25431.5,25433,172,25433.74,25399.18,0.00
2025-11-26,00:20:00,25432.25,25433,25429.25,25433,482,25433.69,25399.36,0.00
2025-11-26,00:21:00,25432,25433,25428.25,25430.5,313,25433.64,25399.47,0.00
2025-11-26,00:22:00,25431,25437.5,25430.25,25435.25,448,25433.66,25399.64,0.00
2025-11-26,00:23:00,25435.5,25436.75,25434.25,25435.25,121,25433.67,25399.68,0.00
2025-11-26,00:24:00,25435.25,25435.75,25434,25434.5,72,25433.67,25399.71,0.00
2025-11-26,00:25:00,25434.5,25434.75,25429.5,25432,306,25433.65,25399.82,0.00
2025-11-26,00:26:00,25431.75,25432.5,25425.75,25427.75,445,25433.54,25399.96,0.00
2025-11-26,00:27:00,25427.75,25428,25423,25426.5,483,25433.37,25400.09,0.00
2025-11-26,00:28:00,25426.5,25429.5,25424.25,25425.25,305,25433.27,25400.18,0.00
2025-11-26,00:29:00,25425.5,25426.5,25422.5,25424,222,25433.18,25400.23,0.00
2025-11-26,00:30:00,25424,25425,25421.75,25422.25,228,25433.08,25400.29,0.00
2025-11-26,00:31:00,25423,25424.75,25419.75,25424.25,562,25432.83,25400.43,0.00
2025-11-26,00:32:00,25424.25,25426,25422.75,25424.25,180,25432.76,25400.47,0.00
2025-11-26,00:33:00,25424.5,25426.25,25420.5,25422.75,214,25432.67,25400.52,0.00
2025-11-26,00:34:00,25422.75,25423.5,25421.25,25422.25,157,25432.60,25400.56,0.00
2025-11-26,00:35:00,25422,25422.75,25415.25,25417.75,615,25432.24,25400.67,0.00
2025-11-26,00:36:00,25418.25,25420.5,25416.5,25419.25,374,25432.03,25400.74,0.00
2025-11-26,00:37:00,25419.75,25425.5,25419.5,25420.5,368,25431.88,25400.83,0.00
2025-11-26,00:38:00,25421,25421.25,25418.75,25420,141,25431.81,25400.85,0.00
2025-11-26,00:39:00,25420.75,25422.25,25420.25,25421,98,25431.77,25400.87,0.00
2025-11-26,00:40:00,25421.75,25423.5,25420.75,25420.75,124,25431.72,25400.90,0.00
2025-11-26,00:41:00,25421.5,25422.75,25418.75,25419.25,104,25431.67,25400.92,0.00
2025-11-26,00:42:00,25418.75,25419.25,25413.75,25416.25,356,25431.46,25400.98,0.00
2025-11-26,00:43:00,25416.5,25416.75,25414,25415.25,151,25431.36,25401.00,0.00
2025-11-26,00:44:00,25414.75,25417.75,25414.75,25415.75,128,25431.29,25401.02,0.00
2025-11-26,00:45:00,25416,25417.5,25415.5,25416.75,78,25431.24,25401.03,0.00
2025-11-26,00:46:00,25417,25422.75,25415.5,25421.5,294,25431.12,25401.09,0.00
2025-11-26,00:47:00,25421,25422.5,25419.75,25420,185,25431.04,25401.13,0.00
2025-11-26,00:48:00,25420.25,25423.25,25420.25,25420.5,107,25431.00,25401.15,0.00
2025-11-26,00:49:00,25420.5,25422.5,25419.75,25421.25,95,25430.97,25401.17,0.00
2025-11-26,00:50:00,25421.5,25421.5,25418.25,25419.75,94,25430.93,25401.19,0.00
2025-11-26,00:51:00,25419.75,25423.5,25419.25,25423.5,156,25430.88,25401.22,0.00
2025-11-26,00:52:00,25423.5,25425,25421.5,25423.5,218,25430.82,25401.27,0.00
2025-11-26,00:53:00,25423,25423.75,25419.75,25421.75,171,25430.76,25401.30,0.00
2025-11-26,00:54:00,25421.75,25422.5,25420.25,25420.25,48,25430.74,25401.31,0.00
2025-11-26,00:55:00,25420.75,25425.25,25420.75,25423.75,175,25430.69,25401.35,0.00
2025-11-26,00:56:00,25425,25426.5,25423.5,25424.75,184,25430.66,25401.40,0.00
2025-11-26,00:57:00,25425,25425,25421.75,25422.75,129,25430.62,25401.42,0.00
2025-11-26,00:58:00,25423.25,25424,25421.25,25422.75,56,25430.60,25401.44,0.00
2025-11-26,00:59:00,25423,25424,25421.75,25421.75,42,25430.59,25401.45,0.00
2025-11-26,01:00:00,25421.75,25422.5,25418.25,25422,308,25430.49,25401.51,0.00
2025-11-26,01:01:00,25421.25,25423.5,25420.25,25422.5,185,25430.43,25401.54,0.00
2025-11-26,01:02:00,25422.5,25425.75,25422.5,25425,113,25430.41,25401.57,0.00
2025-11-26,01:03:00,25425.75,25429.5,25424.75,25426,513,25430.34,25401.70,0.00
2025-11-26,01:04:00,25426.25,25427,25423.75,25426.5,158,25430.32,25401.74,0.00
2025-11-26,01:05:00,25425.25,25426.5,25419.75,25422.5,193,25430.27,25401.78,0.00
2025-11-26,01:06:00,25423,25424.75,25420.75,25424,199,25430.22,25401.82,0.00
2025-11-26,01:07:00,25424.25,25429,25423.75,25427.5,278,25430.19,25401.89,0.00
2025-11-26,01:08:00,25427.75,25433.25,25427.75,25431.5,451,25430.20,25402.02,0.00
2025-11-26,01:09:00,25431.25,25441,25431.25,25439.25,640,25430.34,25402.24,0.00
2025-11-26,01:10:00,25440,25443.75,25438,25441.5,578,25430.54,25402.45,0.00
2025-11-26,01:11:00,25441.75,25442.5,25437.25,25440.5,362,25430.65,25402.59,0.00
2025-11-26,01:12:00,25440.75,25444,25439,25440,324,25430.75,25402.71,0.00
2025-11-26,01:13:00,25439.25,25444.25,25438,25438.5,342,25430.85,25402.83,0.00
2025-11-26,01:14:00,25439.25,25441.25,25436.75,25437,263,25430.91,25402.92,0.00
2025-11-26,01:15:00,25437,25437.5,25434.75,25437,269,25430.96,25403.00,0.00
2025-11-26,01:16:00,25437.25,25440.75,25436.25,25440.25,198,25431.01,25403.07,0.00
2025-11-26,01:17:00,25440.75,25442.5,25436.5,25442.5,223,25431.07,25403.15,0.00
2025-11-26,01:18:00,25442.5,25442.75,25439.5,25441.5,103,25431.10,25403.19,0.00
2025-11-26,01:19:00,25441.75,25441.75,25438.25,25440.25,142,25431.14,25403.24,0.00
2025-11-26,01:20:00,25440.25,25442.5,25439.75,25441.5,148,25431.18,25403.29,0.00
2025-11-26,01:21:00,25440.75,25442.75,25440,25442.75,150,25431.23,25403.35,0.00
2025-11-26,01:22:00,25442.75,25453.25,25441.75,25452.5,1419,25449.17,25403.96,0.00
2025-11-26,01:23:00,25452.75,25454.5,25449,25450.25,535,25451.25,25404.19,0.00
2025-11-26,01:24:00,25450.5,25453.25,25449.25,25451,264,25451.22,25404.31,0.00
2025-11-26,01:25:00,25450.5,25452.75,25445.25,25446.25,263,25450.45,25404.41,0.00
2025-11-26,01:26:00,25445.75,25449.5,25444.5,25445.25,309,25449.54,25404.53,0.00
2025-11-26,01:27:00,25444.25,25446.5,25443.25,25444,262,25448.74,25404.63,0.00
2025-11-26,01:28:00,25443.75,25446,25442.5,25443.25,192,25448.23,25404.70,0.00
2025-11-26,01:29:00,25443.25,25443.5,25439.25,25441.5,368,25447.09,25404.82,0.00
2025-11-26,01:30:00,25441.75,25444.5,25441.75,25444,145,25446.86,25404.88,0.00
2025-11-26,01:31:00,25444,25451.25,25443.5,25449.5,403,25447.04,25405.03,0.00
2025-11-26,01:32:00,25450.25,25450.75,25445.5,25447.75,205,25447.11,25405.11,0.00
2025-11-26,01:33:00,25447.75,25453.25,25447.75,25452.5,243,25447.42,25405.22,0.00
2025-11-26,01:34:00,25451.5,25455.75,25450.25,25453.5,616,25453.17,25405.48,0.00
2025-11-26,01:35:00,25453.5,25454,25449.25,25452,280,25452.72,25405.60,0.00
2025-11-26,01:36:00,25453,25454.25,25451.75,25454,158,25452.82,25405.67,0.00
2025-11-26,01:37:00,25453.25,25454.5,25449.25,25450,238,25452.53,25405.76,0.00
2025-11-26,01:38:00,25449.25,25451.75,25446.75,25451,173,25452.21,25405.83,0.00
2025-11-26,01:39:00,25451.25,25456,25451.25,25452.5,301,25453.25,25405.96,0.00
2025-11-26,01:40:00,25453.5,25454,25450.5,25452.75,151,25452.97,25406.02,0.00
2025-11-26,01:41:00,25453,25454.25,25451.75,25452,149,25452.90,25406.09,0.00
2025-11-26,01:42:00,25452,25454.25,25450.75,25453.25,160,25452.87,25406.15,0.00
2025-11-26,01:43:00,25454.5,25455.5,25452.75,25454.25,219,25453.16,25406.25,0.00
2025-11-26,01:44:00,25454.5,25455.5,25452.75,25454.75,189,25453.35,25406.33,0.00
2025-11-26,01:45:00,25454.25,25454.5,25451.25,25451.25,117,25453.25,25406.37,0.00
2025-11-26,01:46:00,25451.25,25451.75,25448.75,25449.5,404,25452.48,25406.53,0.00
2025-11-26,01:47:00,25449.5,25451.25,25447.25,25449.25,278,25452.02,25406.63,0.00
2025-11-26,01:48:00,25448,25448.75,25444.75,25446.75,238,25451.45,25406.72,0.00
2025-11-26,01:49:00,25446.5,25451.5,25446.5,25450,179,25451.29,25406.79,0.00
2025-11-26,01:50:00,25450.25,25452.75,25450.25,25450.5,85,25451.29,25406.82,0.00
2025-11-26,01:51:00,25450.25,25450.5,25444.75,25446.75,193,25451.00,25406.89,0.00
2025-11-26,01:52:00,25446,25448.5,25445,25445.5,172,25450.72,25406.95,0.00
2025-11-26,01:53:00,25445.75,25448.5,25445.75,25447,130,25450.56,25406.99,0.00
2025-11-26,01:54:00,25447,25451.25,25446.5,25450,192,25450.48,25407.06,0.00
2025-11-26,01:55:00,25450.5,25451.25,25449,25450,53,25450.47,25407.08,0.00
2025-11-26,01:56:00,25450,25451.25,25448.5,25450,129,25450.45,25407.13,0.00
2025-11-26,01:57:00,25450,25452.25,25449.25,25452,105,25450.47,25407.17,0.00
2025-11-26,01:58:00,25451.75,25454,25450.5,25453.75,142,25450.56,25407.23,0.00
2025-11-26,01:59:00,25453,25453.5,25449.75,25451.75,109,25450.60,25407.27,0.00
2025-11-26,02:00:00,25451.5,25453.5,25451.5,25452.5,84,25450.64,25407.30,0.00
2025-11-26,02:01:00,25453,25454,25451,25452.5,125,25450.70,25407.35,0.00
2025-11-26,02:02:00,25452,25452.75,25446.25,25447,171,25450.61,25407.41,0.00
2025-11-26,02:03:00,25447.25,25452.5,25446.25,25446.5,308,25450.46,25407.52,0.00
2025-11-26,02:04:00,25446.25,25452,25445.75,25449.25,208,25450.39,25407.60,0.00
2025-11-26,02:05:00,25449,25453.25,25449,25451,175,25450.42,25407.66,0.00
2025-11-26,02:06:00,25451.5,25456,25449.75,25450,249,25450.49,25407.76,0.00
2025-11-26,02:07:00,25450.75,25453.25,25449.25,25452,132,25450.52,25407.80,0.00
2025-11-26,02:08:00,25452.25,25453,25450.75,25452.75,68,25450.54,25407.83,0.00
2025-11-26,02:09:00,25453,25453.5,25448.75,25450.25,104,25450.55,25407.87,0.00
2025-11-26,02:10:00,25451.25,25454.25,25450.5,25453.25,208,25450.63,25407.95,0.00
2025-11-26,02:11:00,25453,25453,25449.5,25451.75,188,25450.65,25408.02,0.00
2025-11-26,02:12:00,25453.25,25455,25450,25451.25,162,25450.69,25408.08,0.00
2025-11-26,02:13:00,25452.25,25453.25,25451,25451.75,63,25450.70,25408.10,0.00
2025-11-26,02:14:00,25451.75,25453.25,25450,25451.75,82,25450.72,25408.13,0.00
2025-11-26,02:15:00,25452.25,25452.75,25449,25449.75,260,25450.71,25408.23,0.00
2025-11-26,02:16:00,25449.5,25451.75,25447.75,25450,217,25450.68,25408.30,0.00
2025-11-26,02:17:00,25450,25451.75,25448.5,25448.5,110,25450.66,25408.34,0.00
2025-11-26,02:18:00,25448.25,25451.75,25445.75,25446.25,252,25450.56,25408.43,0.00
2025-11-26,02:19:00,25446.25,25446.25,25439.75,25443.75,708,25449.88,25408.63,0.00
2025-11-26,02:20:00,25443.75,25447,25443.25,25445.75,307,25449.70,25408.73,0.00
2025-11-26,02:21:00,25446.25,25447.25,25444.5,25445.25,139,25449.63,25408.77,0.00
2025-11-26,02:22:00,25445.75,25445.75,25440,25441.25,234,25449.42,25408.84,0.00
2025-11-26,02:23:00,25441.5,25442.5,25439.5,25440.5,144,25449.28,25408.87,0.00
2025-11-26,02:24:00,25440.5,25443.75,25440.25,25442.75,93,25449.20,25408.90,0.00
2025-11-26,02:25:00,25443.25,25447,25442.75,25444.5,186,25449.10,25408.96,0.00
2025-11-26,02:26:00,25444.75,25448.25,25444.75,25445.25,209,25449.03,25409.02,0.00
2025-11-26,02:27:00,25445.75,25446.5,25443.25,25444.25,139,25448.96,25409.06,0.00
2025-11-26,02:28:00,25444.75,25451.25,25444.75,25448.75,302,25448.94,25409.16,0.00
2025-11-26,02:29:00,25448.25,25448.5,25444.75,25447.5,198,25448.90,25409.22,0.00
2025-11-26,02:30:00,25447.5,25454.5,25447.25,25451.75,279,25448.96,25409.32,0.00
2025-11-26,02:31:00,25451.5,25463,25451.25,25458.5,1135,25457.58,25409.76,0.00
2025-11-26,02:32:00,25458.5,25462.75,25456.75,25461.75,327,25458.22,25409.90,0.00
2025-11-26,02:33:00,25463,25467.75,25460.25,25466,885,25464.67,25410.29,0.00
2025-11-26,02:34:00,25465.75,25466.5,25461.25,25463,339,25464.37,25410.44,0.00
2025-11-26,02:35:00,25463.5,25466.5,25461.75,25464.75,279,25464.36,25410.56,0.00
2025-11-26,02:36:00,25464.25,25466.25,25461.75,25463,188,25464.28,25410.64,0.00
2025-11-26,02:37:00,25462.25,25468,25460.25,25466.25,370,25464.83,25410.80,0.00
2025-11-26,02:38:00,25466.5,25467.75,25463.75,25464.25,258,25465.00,25410.91,0.00
2025-11-26,02:39:00,25464.25,25464.5,25457.5,25461,413,25463.42,25411.08,0.00
2025-11-26,02:40:00,25461.25,25464.25,25459,25463.25,208,25463.21,25411.16,0.00
2025-11-26,02:41:00,25462.75,25466.5,25462.25,25466,248,25463.49,25411.27,0.00
2025-11-26,02:42:00,25466.25,25469,25465.75,25465.75,298,25466.83,25411.40,0.00
2025-11-26,02:43:00,25465.5,25467.25,25465.25,25466.25,134,25466.65,25411.46,0.00
2025-11-26,02:44:00,25466.25,25467.25,25465.5,25466,105,25466.57,25411.50,0.00
2025-11-26,02:45:00,25465.75,25466.25,25460.5,25462.25,377,25465.10,25411.65,0.00
2025-11-26,02:46:00,25462,25466,25461.25,25464.5,238,25464.86,25411.75,0.00
2025-11-26,02:47:00,25464.25,25467.5,25464.25,25466.5,148,25465.00,25411.81,0.00
2025-11-26,02:48:00,25466.25,25468.5,25465,25467.25,161,25465.21,25411.88,0.00
2025-11-26,02:49:00,25467.75,25470.5,25466.5,25468.75,531,25468.58,25412.12,0.00
2025-11-26,02:50:00,25469.5,25471.75,25468,25471,298,25470.25,25412.25,0.00
2025-11-26,02:51:00,25471,25472,25467.75,25470.5,382,25470.08,25412.43,0.00
2025-11-26,02:52:00,25471.25,25472.25,25469.5,25469.75,148,25470.50,25412.49,0.00
2025-11-26,02:53:00,25469.75,25470.75,25468,25470.75,125,25470.19,25412.55,0.00
2025-11-26,02:54:00,25470,25473,25469,25472.5,218,25471.50,25412.65,0.00
2025-11-26,02:55:00,25472.25,25474.75,25471.25,25473.5,242,25473.17,25412.76,0.00
2025-11-26,02:56:00,25473.25,25473.75,25469.75,25472,219,25472.53,25412.86,0.00
2025-11-26,02:57:00,25471.5,25473,25470,25471.25,152,25472.26,25412.93,0.00
2025-11-26,02:58:00,25471.25,25471.75,25468.5,25469,161,25471.74,25413.00,0.00
2025-11-26,02:59:00,25468.5,25469.5,25465.5,25466,260,25470.54,25413.11,0.00
2025-11-26,03:00:00,25465.75,25466.25,25464,25464,217,25469.54,25413.19,0.00
2025-11-26,03:01:00,25464.25,25471,25464.25,25469.75,354,25469.27,25413.34,0.00
2025-11-26,03:02:00,25470,25473,25468.75,25471.25,271,25469.52,25413.46,0.00
2025-11-26,03:03:00,25471.25,25471.25,25467.25,25468.25,199,25469.46,25413.55,0.00
2025-11-26,03:04:00,25467.75,25470.25,25464.75,25465.25,183,25469.24,25413.62,0.00
2025-11-26,03:05:00,25465.5,25469.25,25465,25465.75,159,25469.08,25413.69,0.00
2025-11-26,03:06:00,25465.75,25467.75,25465.5,25466.5,149,25468.93,25413.75,0.00
2025-11-26,03:07:00,25466,25470.5,25465.25,25466,153,25468.84,25413.81,0.00
2025-11-26,03:08:00,25466,25468,25464,25465.75,115,25468.72,25413.85,0.00
2025-11-26,03:09:00,25465.5,25467.75,25464.25,25465.25,108,25468.61,25413.89,0.00
2025-11-26,03:10:00,25465,25468.75,25464,25467.5,156,25468.51,25413.96,0.00
2025-11-26,03:11:00,25468,25472.25,25467,25467.75,270,25468.55,25414.07,0.00
2025-11-26,03:12:00,25466.75,25468.25,25463.25,25465.5,166,25468.42,25414.13,0.00
2025-11-26,03:13:00,25465.75,25469,25464.5,25469,108,25468.39,25414.18,0.00
2025-11-26,03:14:00,25469.25,25470.5,25467.5,25469.5,143,25468.42,25414.24,0.00
2025-11-26,03:15:00,25469.25,25471.25,25465.25,25467.5,217,25468.40,25414.32,0.00
2025-11-26,03:16:00,25468.25,25468.5,25466,25467,107,25468.37,25414.37,0.00
2025-11-26,03:17:00,25467.5,25468,25464.25,25466.5,122,25468.30,25414.41,0.00
2025-11-26,03:18:00,25465.75,25467,25464.5,25465,77,25468.25,25414.44,0.00
2025-11-26,03:19:00,25465,25465.75,25462,25463,258,25467.99,25414.54,0.00
2025-11-26,03:20:00,25463,25465.5,25462,25463.75,134,25467.87,25414.59,0.00
2025-11-26,03:21:00,25464,25465.25,25461.75,25464.75,164,25467.74,25414.65,0.00
2025-11-26,03:22:00,25464.5,25467,25464.25,25466.25,134,25467.69,25414.70,0.00
2025-11-26,03:23:00,25466.25,25469.25,25464.25,25468.75,146,25467.68,25414.76,0.00
2025-11-26,03:24:00,25468.25,25472.25,25465.75,25471.75,287,25467.80,25414.87,0.00
2025-11-26,03:25:00,25471.75,25473.25,25468.75,25470.5,258,25467.93,25414.98,0.00
2025-11-26,03:26:00,25469.25,25469.5,25467.25,25468.75,138,25467.95,25415.04,0.00
2025-11-26,03:27:00,25468.25,25473.5,25468.25,25473.25,206,25468.07,25415.12,0.00
2025-11-26,03:28:00,25473.25,25478.25,25471.75,25474.75,823,25474.92,25415.48,0.00
2025-11-26,03:29:00,25475,25483,25474.25,25480.5,646,25479.25,25415.79,0.00
2025-11-26,03:30:00,25480.75,25482.75,25479.25,25482.5,348,25480.04,25415.95,0.00
2025-11-26,03:31:00,25482,25484,25478.75,25482,461,25481.58,25416.17,0.00
2025-11-26,03:32:00,25482,25482.5,25478.75,25482.25,342,25481.41,25416.33,0.00
2025-11-26,03:33:00,25481,25485.75,25480,25484.5,404,25483.42,25416.53,0.00
2025-11-26,03:34:00,25484.25,25485.25,25480.5,25481,269,25482.95,25416.66,0.00
2025-11-26,03:35:00,25480.75,25483.25,25478,25480.25,402,25482.03,25416.84,0.00
2025-11-26,03:36:00,25481,25487.5,25480.25,25485.5,491,25484.42,25417.08,0.00
2025-11-26,03:37:00,25485.75,25489.25,25484.25,25486.5,630,25486.67,25417.39,0.00
2025-11-26,03:38:00,25486,25486.25,25483.75,25484.25,164,25486.27,25417.47,0.00
2025-11-26,03:39:00,25484.5,25486,25481.75,25485,151,25485.95,25417.54,0.00
2025-11-26,03:40:00,25485.25,25486,25483.75,25484,92,25485.83,25417.59,0.00
2025-11-26,03:41:00,25484.5,25487.25,25483.75,25486.75,176,25485.84,25417.67,0.00
2025-11-26,03:42:00,25487.25,25488.75,25483.75,25486,304,25485.91,25417.82,0.00
2025-11-26,03:43:00,25485.75,25488.5,25485.25,25485.75,204,25485.98,25417.92,0.00
2025-11-26,03:44:00,25486.5,25486.5,25477,25478.25,559,25484.65,25418.17,0.00
2025-11-26,03:45:00,25478.25,25481.75,25476.75,25477.5,287,25483.98,25418.29,0.00
2025-11-26,03:46:00,25477.75,25479.75,25473.5,25475,365,25483.00,25418.44,0.00
2025-11-26,03:47:00,25475,25475.5,25472.25,25474,274,25482.22,25418.55,0.00
2025-11-26,03:48:00,25474.75,25477.75,25472.5,25476.25,308,25481.64,25418.67,0.00
2025-11-26,03:49:00,25475.75,25480.25,25475.25,25476.25,296,25481.29,25418.79,0.00
2025-11-26,03:50:00,25476.75,25480.25,25472.25,25473.75,387,25480.75,25418.94,0.00
2025-11-26,03:51:00,25473.5,25473.75,25468.25,25468.75,590,25479.46,25419.15,0.00
2025-11-26,03:52:00,25468.75,25472.5,25467.5,25469.25,288,25478.91,25419.25,0.00
2025-11-26,03:53:00,25469.25,25470,25465.25,25469.5,493,25477.96,25419.42,0.00
2025-11-26,03:54:00,25470,25474.25,25470,25470.75,303,25477.64,25419.53,0.00
2025-11-26,03:55:00,25471,25471,25467,25469.25,289,25477.24,25419.63,0.00
2025-11-26,03:56:00,25469.5,25471.25,25466.25,25468.25,282,25476.86,25419.72,0.00
2025-11-26,03:57:00,25467.75,25473.25,25467.75,25471.5,244,25476.64,25419.81,0.00
2025-11-26,03:58:00,25471.5,25473,25468.25,25472.25,224,25476.46,25419.89,0.00
2025-11-26,03:59:00,25472.75,25475.75,25469.5,25473.75,279,25476.33,25419.99,0.00
2025-11-26,04:00:00,25473.5,25475.5,25465.25,25465.25,322,25476.00,25420.09,0.00
2025-11-26,04:01:00,25465.25,25465.75,25450.25,25450.25,1846,25471.94,25420.53,0.00
2025-11-26,04:02:00,25450.75,25462,25449,25455.75,1082,25470.24,25420.79,0.00
2025-11-26,04:03:00,25456,25459,25453.25,25454.75,410,25469.69,25420.88,0.00
2025-11-26,04:04:00,25454.75,25457,25450,25457,430,25469.12,25420.98,0.00
2025-11-26,04:05:00,25456.25,25460,25455.25,25457.75,529,25468.61,25421.11,0.00
2025-11-26,04:06:00,25457.25,25457.25,25448,25449.5,642,25467.73,25421.23,0.00
2025-11-26,04:07:00,25449.5,25453.75,25449.25,25451,314,25467.32,25421.30,0.00
2025-11-26,04:08:00,25451,25454.75,25449,25453.25,333,25466.94,25421.36,0.00
2025-11-26,04:09:00,25453.75,25458.25,25450.75,25453,364,25466.59,25421.44,0.00
2025-11-26,04:10:00,25452,25455,25446.75,25449,427,25466.09,25421.52,0.00
2025-11-26,04:11:00,25448.75,25450.25,25440,25440,902,25464.71,25421.65,0.00
2025-11-26,04:12:00,25439.75,25456.75,25435,25456.75,1343,25463.44,25421.89,0.00
2025-11-26,04:13:00,25455.5,25460,25452.25,25458,735,25463.15,25422.06,0.00
2025-11-26,04:14:00,25458.25,25463.5,25456.75,25460,601,25463.05,25422.20,0.00
2025-11-26,04:15:00,25460.75,25464.25,25456,25460.5,418,25462.98,25422.30,0.00
2025-11-26,04:16:00,25459.75,25470.25,25459.5,25467.5,732,25463.09,25422.50,0.00
2025-11-26,04:17:00,25466.75,25468.75,25462.75,25466.5,519,25463.17,25422.65,0.00
2025-11-26,04:18:00,25466.5,25471,25465.5,25465.75,318,25463.24,25422.74,0.00
2025-11-26,04:19:00,25466.25,25468,25463.25,25465.75,257,25463.27,25422.80,0.00
2025-11-26,04:20:00,25464.75,25468.25,25463.75,25468,305,25463.32,25422.89,0.00
2025-11-26,04:21:00,25468,25472.75,25467.75,25471.25,460,25463.48,25423.03,0.00
2025-11-26,04:22:00,25471.5,25478,25470.5,25478,655,25463.86,25423.24,0.00
2025-11-26,04:23:00,25477.25,25478,25466.75,25471.5,483,25464.04,25423.39,0.00
2025-11-26,04:24:00,25472,25473.75,25468,25470.75,345,25464.15,25423.49,0.00
2025-11-26,04:25:00,25469.25,25471.75,25461.5,25463.25,671,25464.19,25423.66,0.00
2025-11-26,04:26:00,25463.75,25464.25,25457.25,25460.75,705,25464.08,25423.82,0.00
2025-11-26,04:27:00,25460.25,25460.25,25451.75,25452.25,495,25463.89,25423.92,0.00
2025-11-26,04:28:00,25452.75,25453,25446,25448.5,586,25463.54,25424.01,0.00
2025-11-26,04:29:00,25448.5,25460,25448.25,25456,709,25463.29,25424.14,0.00
2025-11-26,04:30:00,25456.5,25460.5,25453.25,25459.75,444,25463.19,25424.23,0.00
2025-11-26,04:31:00,25459.75,25463.75,25454.25,25456,665,25463.06,25424.37,0.00
2025-11-26,04:32:00,25456.25,25460.75,25452.25,25453.75,346,25462.96,25424.43,0.00
2025-11-26,04:33:00,25454.5,25461.25,25454,25457.25,414,25462.88,25424.51,0.00
2025-11-26,04:34:00,25458.75,25461.75,25452.25,25454.25,316,25462.80,25424.57,0.00
2025-11-26,04:35:00,25454.5,25457,25449,25456,367,25462.69,25424.64,0.00
2025-11-26,04:36:00,25455.5,25455.75,25448.25,25452.25,232,25462.60,25424.68,0.00
2025-11-26,04:37:00,25452.25,25453.25,25444.75,25447.25,435,25462.38,25424.74,0.00
2025-11-26,04:38:00,25448,25448.75,25441.5,25446,476,25462.10,25424.80,0.00
2025-11-26,04:39:00,25446.5,25449.25,25441.5,25442,433,25461.84,25424.85,0.00
2025-11-26,04:40:00,25442,25446.75,25442,25445,187,25461.73,25424.87,0.00
2025-11-26,04:41:00,25445.25,25448.5,25444.25,25447.5,243,25461.60,25424.90,0.00
2025-11-26,04:42:00,25447.75,25449.75,25445,25446,227,25461.49,25424.93,0.00
2025-11-26,04:43:00,25446.25,25451.75,25445.75,25445.75,273,25461.37,25424.97,0.00
2025-11-26,04:44:00,25445.5,25445.5,25439.5,25441,334,25461.16,25425.00,0.00
2025-11-26,04:45:00,25441.5,25442.25,25438,25439,396,25460.88,25425.03,0.00
2025-11-26,04:46:00,25439.5,25445,25438.5,25444.25,375,25460.66,25425.07,0.00
2025-11-26,04:47:00,25443.5,25451,25443.5,25449.5,437,25460.49,25425.13,0.00
2025-11-26,04:48:00,25449.75,25452,25446.5,25448.75,288,25460.38,25425.17,0.00
2025-11-26,04:49:00,25448.25,25448.75,25443,25446.5,208,25460.29,25425.20,0.00
2025-11-26,04:50:00,25446.75,25453,25446.5,25449.5,335,25460.18,25425.24,0.00
2025-11-26,04:51:00,25449.75,25453,25448.25,25451.5,166,25460.14,25425.27,0.00
2025-11-26,04:52:00,25451,25451.25,25444.25,25445.75,292,25460.02,25425.31,0.00
2025-11-26,04:53:00,25446.5,25450.5,25444.25,25446.25,226,25459.93,25425.33,0.00
2025-11-26,04:54:00,25446,25455,25442.25,25449,456,25459.78,25425.40,0.00
2025-11-26,04:55:00,25449.25,25450,25443.5,25448,269,25459.68,25425.43,0.00
2025-11-26,04:56:00,25447.25,25448,25441.75,25443.25,291,25459.55,25425.46,0.00
2025-11-26,04:57:00,25442.75,25446.5,25440,25441,303,25459.40,25425.49,0.00
2025-11-26,04:58:00,25442,25444.75,25435.75,25436,397,25459.17,25425.52,0.00
2025-11-26,04:59:00,25436.75,25439.25,25433.5,25434.25,524,25458.82,25425.55,0.00
2025-11-26,05:00:00,25434.5,25434.5,25424.75,25425.75,803,25458.15,25425.56,0.00
2025-11-26,05:01:00,25425.25,25428.5,25415,25416.5,2453,25455.73,25425.49,0.00
2025-11-26,05:02:00,25416.75,25422,25407.75,25419.25,1328,25454.42,25425.42,0.00
2025-11-26,05:03:00,25419.25,25428.5,25419.25,25421.25,970,25453.68,25425.41,0.00
2025-11-26,05:04:00,25421.75,25423.75,25415,25415,517,25453.24,25425.39,0.00
2025-11-26,05:05:00,25415.25,25421.25,25412.5,25417.75,539,25452.77,25425.36,0.00
2025-11-26,05:06:00,25417.5,25424,25415.5,25419.75,533,25452.36,25425.34,0.00
2025-11-26,05:07:00,25419.75,25424,25413.25,25413.75,443,25452.00,25425.32,0.00
2025-11-26,05:08:00,25414,25420.25,25413.5,25416.75,353,25451.71,25425.31,0.00
2025-11-26,05:09:00,25417,25418.5,25408.25,25410.5,639,25451.14,25425.26,0.00
2025-11-26,05:10:00,25410.5,25415,25406.75,25411.75,646,25450.56,25425.21,0.00
2025-11-26,05:11:00,25411.25,25422.5,25410.25,25421.75,609,25450.13,25425.19,0.00
2025-11-26,05:12:00,25421.25,25425,25417,25420.5,499,25449.81,25425.18,0.00
2025-11-26,05:13:00,25420.25,25423,25417.75,25422.25,268,25449.64,25425.17,0.00
2025-11-26,05:14:00,25420.75,25421,25413.25,25419.25,488,25449.31,25425.15,0.00
2025-11-26,05:15:00,25419,25421,25413.5,25415.75,342,25449.07,25425.14,0.00
2025-11-26,05:16:00,25416,25416.25,25408.75,25413.75,480,25448.71,25425.11,0.00
2025-11-26,05:17:00,25413.75,25420.25,25413.75,25419.5,442,25448.42,25425.09,0.00
2025-11-26,05:18:00,25420,25427,25419,25423.5,658,25448.08,25425.08,0.00
2025-11-26,05:19:00,25423.25,25424.75,25415.5,25418.25,368,25447.86,25425.07,0.00
2025-11-26,05:20:00,25418.25,25420.25,25411.75,25412.5,349,25447.63,25425.05,0.00
2025-11-26,05:21:00,25413.25,25415.25,25400.25,25402,1430,25446.45,25424.91,0.00
2025-11-26,05:22:00,25401.75,25402.25,25394.75,25397.5,1205,25445.33,25424.74,0.00
2025-11-26,05:23:00,25397.25,25401.75,25395.5,25401.5,620,25444.79,25424.66,0.00
2025-11-26,05:24:00,25401,25406.25,25399,25400.25,742,25444.19,25424.57,0.00
2025-11-26,05:25:00,25399.5,25399.75,25393.5,25395.25,786,25443.49,25424.45,0.00
2025-11-26,05:26:00,25394.5,25402.25,25391.75,25402.25,876,25442.77,25424.34,0.00
2025-11-26,05:27:00,25401,25408.5,25399.5,25406.5,628,25442.34,25424.28,0.00
2025-11-26,05:28:00,25405.75,25407.5,25390.75,25394.5,727,25441.76,25424.18,0.00
2025-11-26,05:29:00,25395.5,25400,25393.25,25395.5,454,25441.40,25424.11,0.00
2025-11-26,05:30:00,25395.25,25400.75,25394.5,25397.25,358,25441.12,25424.06,0.00
2025-11-26,05:31:00,25396.75,25405.75,25396.25,25402.75,500,25440.78,25424.01,0.00
2025-11-26,05:32:00,25403,25410.5,25403,25408.75,457,25440.52,25423.97,0.00
2025-11-26,05:33:00,25408.5,25413.75,25407.25,25412.25,490,25440.27,25423.94,0.00
2025-11-26,05:34:00,25412,25412.25,25404.5,25405.5,359,25440.07,25423.91,0.00
2025-11-26,05:35:00,25405.75,25408.25,25404,25405.25,227,25439.94,25423.89,0.00
2025-11-26,05:36:00,25405.75,25408.25,25400.25,25400.75,309,25439.75,25423.85,0.00
2025-11-26,05:37:00,25401.25,25408.75,25401.25,25406.75,252,25439.60,25423.83,0.00
2025-11-26,05:38:00,25407.75,25412,25406.25,25411.5,326,25439.44,25423.81,0.00
2025-11-26,05:39:00,25411.75,25414.25,25408.5,25411,321,25439.29,25423.79,0.00
2025-11-26,05:40:00,25411.75,25418.75,25411,25417.25,568,25439.07,25423.76,0.00
2025-11-26,05:41:00,25418,25418.25,25413,25416,326,25438.95,25423.75,0.00
2025-11-26,05:42:00,25416.25,25419,25415.25,25418.25,335,25438.83,25423.74,0.00
2025-11-26,05:43:00,25418.25,25421,25416.25,25420.75,352,25438.72,25423.73,0.00
2025-11-26,05:44:00,25420,25424.75,25417,25417.5,514,25438.56,25423.72,0.00
2025-11-26,05:45:00,25417.5,25417.5,25412.75,25415,435,25438.40,25423.70,0.00
2025-11-26,05:46:00,25414.75,25416,25411.75,25414.5,308,25438.28,25423.69,0.00
2025-11-26,05:47:00,25415.5,25419.75,25415.5,25417.25,345,25438.17,25423.68,0.00
2025-11-26,05:48:00,25418.25,25420.5,25417.5,25417.5,125,25438.13,25423.68,0.00
2025-11-26,05:49:00,25417.5,25417.75,25410.25,25411,397,25437.97,25423.66,0.00
2025-11-26,05:50:00,25411,25411.5,25405.25,25406.75,593,25437.70,25423.61,0.00
2025-11-26,05:51:00,25406,25409,25403.25,25407.5,470,25437.47,25423.57,0.00
2025-11-26,05:52:00,25407.75,25410.5,25394.5,25394.75,1060,25436.87,25423.45,0.00
2025-11-26,05:53:00,25395,25405.75,25392.75,25404.75,550,25436.57,25423.39,0.00
2025-11-26,05:54:00,25404.5,25408.5,25403.25,25404.25,334,25436.42,25423.36,0.00
2025-11-26,05:55:00,25404,25407.5,25402.25,25403.75,245,25436.30,25423.34,0.00
2025-11-26,05:56:00,25403.75,25408,25403.75,25404.75,186,25436.22,25423.32,0.00
2025-11-26,05:57:00,25405.5,25407.5,25403,25407,217,25436.12,25423.30,0.00
2025-11-26,05:58:00,25406.75,25406.75,25401.75,25403.75,261,25436.00,25423.28,0.00
2025-11-26,05:59:00,25402.75,25407,25401.75,25402.75,183,25435.91,25423.26,0.00
2025-11-26,06:00:00,25403,25404.75,25401.25,25402.5,86,25435.87,25423.25,0.00
2025-11-26,06:01:00,25403,25408.25,25401.75,25406.25,302,25435.73,25423.23,0.00
2025-11-26,06:02:00,25406.25,25411.75,25405.5,25410.25,431,25435.57,25423.20,0.00
2025-11-26,06:03:00,25410.5,25413,25407.25,25408.25,382,25435.42,25423.17,0.00
2025-11-26,06:04:00,25408.75,25412.25,25407.25,25410.5,180,25435.36,25423.16,0.00
2025-11-26,06:05:00,25410.75,25417.25,25410,25415,353,25435.25,25423.15,0.00
2025-11-26,06:06:00,25415.25,25415.25,25410.25,25414.25,180,25435.19,25423.14,0.00
2025-11-26,06:07:00,25414,25415.25,25411.5,25414.25,131,25435.15,25423.13,0.00
2025-11-26,06:08:00,25413.75,25418.5,25413.25,25417.5,296,25435.08,25423.12,0.00
2025-11-26,06:09:00,25417.5,25423.75,25417.5,25423.5,559,25434.97,25423.12,0.00
2025-11-26,06:10:00,25423,25432.5,25422.5,25431,1125,25434.87,25423.15,0.00
2025-11-26,06:11:00,25430.5,25440.75,25430.5,25440.25,906,25434.90,25423.21,0.00
2025-11-26,06:12:00,25440.25,25441.25,25426.5,25428,844,25434.87,25423.24,0.00
2025-11-26,06:13:00,25427.25,25431.75,25426,25428.25,364,25434.84,25423.25,0.00
2025-11-26,06:14:00,25428.25,25435.25,25424,25433,479,25434.81,25423.27,0.00
2025-11-26,06:15:00,25432.5,25437.25,25431.75,25435.75,329,25434.81,25423.29,0.00
2025-11-26,06:16:00,25435.75,25440.25,25434.75,25437.75,440,25434.83,25423.31,0.00
2025-11-26,06:17:00,25438,25439.25,25432.5,25434.5,370,25434.83,25423.34,0.00
2025-11-26,06:18:00,25434,25436.25,25434,25434.75,162,25434.83,25423.34,0.00
2025-11-26,06:19:00,25434.25,25441.75,25434,25438.25,393,25434.85,25423.37,0.00
2025-11-26,06:20:00,25438.5,25439.25,25433.5,25436,244,25434.85,25423.39,0.00
2025-11-26,06:21:00,25436.5,25440,25434,25435.5,257,25434.86,25423.40,0.00
2025-11-26,06:22:00,25435.25,25440,25434.5,25440,140,25434.86,25423.41,0.00
2025-11-26,06:23:00,25439,25440.25,25437,25437.25,194,25434.87,25423.42,0.00
2025-11-26,06:24:00,25437.75,25443,25433.5,25434.5,529,25434.88,25423.46,0.00
2025-11-26,06:25:00,25434.75,25439.5,25433.5,25436.75,288,25434.89,25423.47,0.00
2025-11-26,06:26:00,25437.5,25440.5,25437,25437.75,217,25434.90,25423.49,0.00
2025-11-26,06:27:00,25438,25441,25437,25438.5,209,25434.91,25423.50,0.00
2025-11-26,06:28:00,25438.5,25439.5,25433.75,25435.25,198,25434.91,25423.52,0.00
2025-11-26,06:29:00,25436,25436.25,25430.75,25432,347,25434.91,25423.53,0.00
2025-11-26,06:30:00,25431.5,25432.25,25426,25427,514,25434.86,25423.54,0.00
2025-11-26,06:31:00,25426.75,25427,25414.25,25416.75,921,25434.69,25423.52,0.00
2025-11-26,06:32:00,25416.75,25419.25,25412.5,25417.75,613,25434.55,25423.50,0.00
2025-11-26,06:33:00,25418,25423.75,25416.75,25423.25,475,25434.47,25423.50,0.00
2025-11-26,06:34:00,25424,25430.25,25423.25,25427,497,25434.42,25423.51,0.00
2025-11-26,06:35:00,25427.75,25431.25,25427.75,25429,231,25434.41,25423.51,0.00
2025-11-26,06:36:00,25429.75,25431,25427.25,25428,196,25434.40,25423.52,0.00
2025-11-26,06:37:00,25428.25,25431.25,25425.75,25431,210,25434.38,25423.52,0.00
2025-11-26,06:38:00,25430.5,25432.75,25428.5,25431.75,324,25434.37,25423.53,0.00
2025-11-26,06:39:00,25431.75,25433.75,25430.25,25430.5,224,25434.36,25423.54,0.00
2025-11-26,06:40:00,25432.25,25436.25,25432,25434.5,204,25434.36,25423.55,0.00
2025-11-26,06:41:00,25434.5,25442.75,25434.5,25442.75,413,25434.39,25423.58,0.00
2025-11-26,06:42:00,25442.5,25450.25,25442.5,25446,809,25434.50,25423.66,0.00
2025-11-26,06:43:00,25446.5,25450.5,25446.25,25449.75,321,25434.56,25423.70,0.00
2025-11-26,06:44:00,25449.5,25450,25437,25440,720,25434.62,25423.76,0.00
2025-11-26,06:45:00,25439.25,25440.25,25435,25436.25,410,25434.64,25423.78,0.00
2025-11-26,06:46:00,25437.25,25441,25433.5,25436.75,440,25434.65,25423.81,0.00
2025-11-26,06:47:00,25436.5,25440,25435.25,25437.25,149,25434.65,25423.82,0.00
2025-11-26,06:48:00,25437.5,25437.75,25434.25,25436.5,162,25434.66,25423.83,0.00
2025-11-26,06:49:00,25437,25442.75,25436,25439.5,227,25434.67,25423.84,0.00
2025-11-26,06:50:00,25440.5,25448.75,25440.5,25448.75,376,25434.72,25423.88,0.00
2025-11-26,06:51:00,25448.25,25449,25445,25448.25,249,25434.75,25423.91,0.00
2025-11-26,06:52:00,25448.25,25452.5,25447.5,25452.25,386,25434.82,25423.95,0.00
2025-11-26,06:53:00,25451.5,25454.25,25446.75,25454,491,25434.92,25424.01,0.00
2025-11-26,06:54:00,25453.25,25453.25,25451,25452.75,172,25434.95,25424.03,0.00
2025-11-26,06:55:00,25452.5,25456.5,25450.75,25454.5,413,25435.04,25424.09,0.00
2025-11-26,06:56:00,25455.5,25457,25452.75,25453,228,25435.09,25424.12,0.00
2025-11-26,06:57:00,25453,25454.75,25450.5,25454.75,252,25435.14,25424.15,0.00
2025-11-26,06:58:00,25455.5,25455.75,25451.25,25453,158,25435.17,25424.17,0.00
2025-11-26,06:59:00,25452.5,25452.5,25447.25,25449.25,239,25435.21,25424.20,0.00
2025-11-26,07:00:00,25449.25,25451.5,25446.25,25449.75,392,25435.27,25424.24,0.00
2025-11-26,07:01:00,25450,25452.75,25444,25446,710,25435.36,25424.31,0.00
2025-11-26,07:02:00,25446,25448.25,25443.75,25444.75,249,25435.39,25424.33,0.00
2025-11-26,07:03:00,25445.25,25447.25,25445,25446,185,25435.41,25424.35,0.00
2025-11-26,07:04:00,25446.75,25451,25444,25445.25,240,25435.44,25424.37,0.00
2025-11-26,07:05:00,25445,25449,25442.5,25448.25,247,25435.47,25424.40,0.00
2025-11-26,07:06:00,25448.25,25452.25,25445.75,25449.5,216,25435.51,25424.42,0.00
2025-11-26,07:07:00,25450,25451.75,25445.25,25451.25,432,25435.57,25424.47,0.00
2025-11-26,07:08:00,25451.25,25455.75,25445.5,25446.75,585,25435.66,25424.53,0.00
2025-11-26,07:09:00,25446,25450,25439.75,25442.5,843,25435.73,25424.60,0.00
2025-11-26,07:10:00,25442.25,25452.25,25441.75,25449.25,424,25435.79,25424.64,0.00
2025-11-26,07:11:00,25449,25452,25447.25,25450.75,202,25435.82,25424.66,0.00
2025-11-26,07:12:00,25450.75,25452,25447,25449,210,25435.85,25424.69,0.00
2025-11-26,07:13:00,25449.25,25455.5,25446,25454.25,283,25435.89,25424.72,0.00
2025-11-26,07:14:00,25453.75,25454.25,25448.25,25449.25,258,25435.93,25424.75,0.00
2025-11-26,07:15:00,25449.75,25452,25447,25450.75,294,25435.98,25424.78,0.00
2025-11-26,07:16:00,25451,25455.25,25450.75,25451,183,25436.01,25424.80,0.00
2025-11-26,07:17:00,25451.25,25452.25,25445,25447.75,300,25436.05,25424.83,0.00
2025-11-26,07:18:00,25447.75,25450.5,25445.5,25450.25,227,25436.08,25424.85,0.00
2025-11-26,07:19:00,25450,25454.25,25449,25451.25,229,25436.11,25424.88,0.00
2025-11-26,07:20:00,25452,25452.5,25447.25,25448.25,164,25436.14,25424.90,0.00
2025-11-26,07:21:00,25448,25449,25444.25,25448,276,25436.17,25424.92,0.00
2025-11-26,07:22:00,25448.25,25450.5,25447.75,25449,192,25436.19,25424.94,0.00
2025-11-26,07:23:00,25449.5,25453.25,25448.25,25452.25,261,25436.23,25424.97,0.00
2025-11-26,07:24:00,25452.5,25455.75,25452,25454.75,256,25436.28,25425.00,0.00
2025-11-26,07:25:00,25454.75,25466,25454.75,25465.25,1225,25436.60,25425.19,0.00
2025-11-26,07:26:00,25465.25,25468.5,25461,25461.75,623,25436.77,25425.29,0.00
2025-11-26,07:27:00,25461,25462.5,25455.5,25460.25,722,25436.93,25425.40,0.00
2025-11-26,07:28:00,25460,25465.5,25460,25462.75,242,25436.99,25425.43,0.00
2025-11-26,07:29:00,25463.75,25464,25458.75,25458.75,222,25437.04,25425.47,0.00
2025-11-26,07:30:00,25459,25459.5,25453.5,25458.5,382,25437.12,25425.52,0.00
2025-11-26,07:31:00,25458.5,25462.25,25457,25460.75,419,25437.21,25425.58,0.00
2025-11-26,07:32:00,25460,25460.25,25451.5,25454.25,414,25437.29,25425.63,0.00
2025-11-26,07:33:00,25453.75,25456.25,25441.25,25444.5,722,25437.36,25425.69,0.00
2025-11-26,07:34:00,25444.25,25446.25,25435.25,25445.75,1307,25437.42,25425.78,0.00
2025-11-26,07:35:00,25446,25453.5,25445.75,25450.25,548,25437.49,25425.84,0.00
2025-11-26,07:36:00,25450.75,25451.25,25441.75,25442,387,25437.51,25425.87,0.00
2025-11-26,07:37:00,25442.75,25446.5,25438,25443.75,488,25437.54,25425.90,0.00
2025-11-26,07:38:00,25444,25444.25,25437.25,25437.25,465,25437.55,25425.93,0.00
2025-11-26,07:39:00,25437.75,25438.5,25430.5,25435.75,800,25437.53,25425.95,0.00
2025-11-26,07:40:00,25435.75,25440.25,25435.25,25438,258,25437.53,25425.97,0.00
2025-11-26,07:41:00,25438.25,25446.25,25434,25445.25,559,25437.55,25426.00,0.00
2025-11-26,07:42:00,25445.25,25446.75,25436.75,25443.75,759,25437.58,25426.05,0.00
2025-11-26,07:43:00,25444.25,25445.5,25439.5,25443,437,25437.60,25426.08,0.00
2025-11-26,07:44:00,25442.75,25445.5,25441.25,25441.75,233,25437.62,25426.10,0.00
2025-11-26,07:45:00,25441.25,25449.5,25440.25,25448.25,367,25437.64,25426.13,0.00
2025-11-26,07:46:00,25447.75,25459.25,25447.75,25459,750,25437.76,25426.22,0.00
2025-11-26,07:47:00,25458.75,25461.75,25453.5,25461.5,584,25437.88,25426.29,0.00
2025-11-26,07:48:00,25461.25,25463,25452.25,25453.25,431,25437.95,25426.34,0.00
2025-11-26,07:49:00,25453.75,25454.75,25442.5,25443.75,599,25437.99,25426.39,0.00
2025-11-26,07:50:00,25444.25,25444.25,25435.25,25438.75,712,25438.00,25426.43,0.00
2025-11-26,07:51:00,25439.25,25440.25,25433.5,25435.5,669,25437.99,25426.46,0.00
2025-11-26,07:52:00,25435.75,25439.5,25430.5,25439.5,949,25437.98,25426.49,0.00
2025-11-26,07:53:00,25439.5,25441.5,25434.25,25435.75,495,25437.98,25426.51,0.00
2025-11-26,07:54:00,25435.25,25438,25433,25435.25,297,25437.97,25426.52,0.00
2025-11-26,07:55:00,25436.25,25437.75,25431,25432,410,25437.96,25426.54,0.00
2025-11-26,07:56:00,25432.75,25435.25,25429.25,25433,480,25437.93,25426.55,0.00
2025-11-26,07:57:00,25432.5,25435.5,25430.25,25433.5,295,25437.92,25426.55,0.00
2025-11-26,07:58:00,25432.75,25440.25,25432.5,25436.75,518,25437.91,25426.57,0.00
2025-11-26,07:59:00,25436.75,25439,25426.75,25432.5,838,25437.88,25426.59,0.00
2025-11-26,08:00:00,25432.5,25434,25428,25432.75,407,25437.86,25426.60,0.00
2025-11-26,08:01:00,25432.5,25438.25,25427.5,25429.75,924,25437.81,25426.62,0.00
2025-11-26,08:02:00,25430.25,25435.5,25425.75,25432.25,680,25437.77,25426.63,0.00
2025-11-26,08:03:00,25432,25432.75,25408.25,25414,1724,25437.50,25426.58,0.00
2025-11-26,08:04:00,25414.25,25415.75,25374,25409.25,6204,25435.65,25425.95,0.00
2025-11-26,08:05:00,25409.5,25411.5,25387.75,25405.25,1823,25435.17,25425.79,0.00
2025-11-26,08:06:00,25405.25,25405.25,25392.5,25396.5,1104,25434.86,25425.67,0.00
2025-11-26,08:07:00,25397,25412.75,25396,25409.75,1231,25434.59,25425.58,0.00
2025-11-26,08:08:00,25410.25,25417.5,25405.25,25406.25,1047,25434.39,25425.52,0.00
2025-11-26,08:09:00,25407,25407.25,25387.5,25390.75,1474,25433.96,25425.36,0.00
2025-11-26,08:10:00,25389.75,25398,25384,25386.5,1156,25433.58,25425.21,0.00
2025-11-26,08:11:00,25386.25,25393.25,25375.75,25391.5,1755,25432.98,25424.97,0.00
2025-11-26,08:12:00,25391.5,25400.5,25391.5,25398.75,974,25432.73,25424.87,0.00
2025-11-26,08:13:00,25399.25,25399.5,25388.75,25394,891,25432.48,25424.77,0.00
2025-11-26,08:14:00,25394,25396.25,25388.25,25394.25,489,25432.34,25424.71,0.00
2025-11-26,08:15:00,25393.75,25399.5,25384.75,25387,675,25432.14,25424.63,0.00
2025-11-26,08:16:00,25387.25,25391.5,25384,25385.25,781,25431.89,25424.52,0.00
2025-11-26,08:17:00,25385.5,25387.25,25372,25378.75,1541,25431.32,25424.28,0.00
2025-11-26,08:18:00,25379.25,25388.75,25378.5,25385,982,25431.00,25424.14,0.00
2025-11-26,08:19:00,25385,25390,25379.75,25381,694,25430.77,25424.04,0.00
2025-11-26,08:20:00,25380.25,25382.5,25376,25379,644,25430.54,25423.94,0.00
2025-11-26,08:21:00,25379,25390.5,25378,25386.75,902,25430.26,25423.81,0.00
2025-11-26,08:22:00,25386.75,25388,25379.75,25382.75,630,25430.06,25423.72,0.00
2025-11-26,08:23:00,25383.5,25385.75,25375.25,25378.25,523,25429.88,25423.64,0.00
2025-11-26,08:24:00,25378,25388,25378,25385,552,25429.70,25423.57,0.00
2025-11-26,08:25:00,25385.5,25394.75,25385.5,25391.75,877,25429.47,25423.47,0.00
2025-11-26,08:26:00,25391.25,25399.25,25391.25,25396,836,25429.28,25423.39,0.00
2025-11-26,08:27:00,25396,25397.5,25387.25,25387.5,668,25429.11,25423.31,0.00
2025-11-26,08:28:00,25387.25,25394.5,25386,25390.25,532,25428.97,25423.25,0.00
2025-11-26,08:29:00,25390.5,25397,25390.5,25396.25,367,25428.89,25423.21,0.00
2025-11-26,08:30:00,25396.5,25398.5,25391.25,25394.25,479,25428.78,25423.17,0.00
2025-11-26,08:31:00,25393.75,25394.5,25379.5,25380.5,714,25428.57,25423.07,0.00
2025-11-26,08:32:00,25381,25388,25375.75,25382.5,768,25428.34,25422.96,0.00
2025-11-26,08:33:00,25382.5,25385.25,25379,25383.75,442,25428.21,25422.90,0.00
2025-11-26,08:34:00,25383.75,25387.5,25380.5,25387.25,336,25428.11,25422.86,0.00
2025-11-26,08:35:00,25387.75,25388.25,25379.25,25380.25,480,25427.97,25422.79,0.00
2025-11-26,08:36:00,25380.25,25387.25,25380,25386,366,25427.87,25422.75,0.00
2025-11-26,08:37:00,25386,25394.5,25384.5,25391.75,571,25427.73,25422.68,0.00
2025-11-26,08:38:00,25391.75,25394.5,25387.25,25389.5,487,25427.61,25422.63,0.00
2025-11-26,08:39:00,25389,25389,25381,25383,544,25427.46,25422.56,0.00
2025-11-26,08:40:00,25382.5,25392.75,25378.25,25392.25,681,25427.29,25422.48,0.00
2025-11-26,08:41:00,25392,25397,25390.5,25396.5,856,25427.11,25422.40,0.00
2025-11-26,08:42:00,25396.25,25408.25,25395.25,25407.5,1435,25426.90,25422.31,0.00
2025-11-26,08:43:00,25407.75,25414,25401.25,25405,1228,25426.74,25422.24,0.00
2025-11-26,08:44:00,25405,25409.5,25401.5,25407,604,25426.66,25422.21,0.00
2025-11-26,08:45:00,25407,25414.25,25406.5,25407.25,626,25426.60,25422.19,0.00
2025-11-26,08:46:00,25406.5,25414.25,25406.5,25409.75,654,25426.53,25422.16,0.00
2025-11-26,08:47:00,25409.5,25420.5,25409,25420.25,814,25426.48,25422.14,0.00
2025-11-26,08:48:00,25419.75,25427.75,25414.75,25426.5,1483,25426.45,25422.15,0.00
2025-11-26,08:49:00,25427.25,25437.75,25420.75,25421.75,1948,25426.45,25422.18,0.00
2025-11-26,08:50:00,25421.5,25426.25,25421.5,25425.75,698,25426.45,25422.18,0.00
2025-11-26,08:51:00,25425.25,25431.75,25423.75,25424.5,678,25426.45,25422.19,0.00
2025-11-26,08:52:00,25425,25428,25420.75,25424.25,700,25426.44,25422.20,0.00
2025-11-26,08:53:00,25424.75,25430.25,25419,25419.75,625,25426.42,25422.20,0.00
2025-11-26,08:54:00,25419.25,25427.75,25419,25427,504,25426.42,25422.20,0.00
2025-11-26,08:55:00,25427.25,25431.5,25425.25,25426,626,25426.42,25422.21,0.00
2025-11-26,08:56:00,25425.75,25434.75,25425.25,25430,683,25426.44,25422.23,0.00
2025-11-26,08:57:00,25430.75,25432.5,25427.5,25430.75,354,25426.45,25422.24,0.00
2025-11-26,08:58:00,25431,25432.5,25426.25,25430.5,381,25426.45,25422.25,0.00
2025-11-26,08:59:00,25431.25,25433.25,25428.25,25429,439,25426.46,25422.26,0.00
2025-11-26,09:00:00,25429.25,25433.25,25426.5,25429,430,25426.47,25422.27,0.00
2025-11-26,09:01:00,25428.75,25428.75,25423.75,25426,597,25426.47,25422.28,0.00
2025-11-26,09:02:00,25425.75,25426.5,25421.5,25423,509,25426.46,25422.28,0.00
2025-11-26,09:03:00,25423,25429.25,25423,25428,443,25426.46,25422.29,0.00
2025-11-26,09:04:00,25427.75,25432.75,25424.5,25427.5,620,25426.47,25422.30,0.00
2025-11-26,09:05:00,25427.75,25428.75,25421.5,25428,486,25426.47,25422.30,0.00
2025-11-26,09:06:00,25427.5,25437.5,25424.5,25432.25,1441,25426.51,25422.35,0.00
2025-11-26,09:07:00,25432,25435,25425.5,25428,611,25426.52,25422.36,0.00
2025-11-26,09:08:00,25427.5,25444.5,25426.5,25438,1567,25426.60,25422.43,0.00
2025-11-26,09:09:00,25438,25441.5,25435.25,25435.5,792,25426.65,25422.47,0.00
2025-11-26,09:10:00,25435.25,25435.25,25428,25431.25,645,25426.67,25422.48,0.00
2025-11-26,09:11:00,25432,25436.75,25426.5,25436.75,594,25426.69,25422.50,0.00
2025-11-26,09:12:00,25436.75,25439,25432.5,25439,311,25426.71,25422.52,0.00
2025-11-26,09:13:00,25438.75,25443.25,25436.5,25440.25,545,25426.75,25422.55,0.00
2025-11-26,09:14:00,25441,25443.25,25438.25,25439.75,447,25426.78,25422.57,0.00
2025-11-26,09:15:00,25440.25,25445,25438.75,25440.75,698,25426.84,25422.61,0.00
2025-11-26,09:16:00,25440,25445,25439.75,25441.5,434,25426.87,25422.64,0.00
2025-11-26,09:17:00,25442,25447.25,25440.75,25445,753,25426.95,25422.69,0.00
2025-11-26,09:18:00,25445.25,25445.25,25439.75,25442.75,686,25427.00,25422.73,0.00
2025-11-26,09:19:00,25443.5,25448.5,25439.75,25446,563,25427.06,25422.77,0.00
2025-11-26,09:20:00,25446,25452.75,25445,25451,861,25427.16,25422.84,0.00
2025-11-26,09:21:00,25450.5,25458.25,25450.5,25456,1129,25427.33,25422.95,0.00
2025-11-26,09:22:00,25456.25,25456.5,25445,25446.75,892,25427.44,25423.03,0.00
2025-11-26,09:23:00,25447.25,25451.5,25438,25438,1189,25427.53,25423.10,0.00
2025-11-26,09:24:00,25438.25,25447.75,25435.75,25447.5,760,25427.59,25423.14,0.00
2025-11-26,09:25:00,25447.5,25451.5,25444.75,25451.5,574,25427.66,25423.19,0.00
2025-11-26,09:26:00,25451,25458.75,25447.5,25458.5,757,25427.77,25423.26,0.00
2025-11-26,09:27:00,25458.5,25462.25,25450.25,25451.75,888,25427.89,25423.35,0.00
2025-11-26,09:28:00,25452,25452.75,25446,25446.5,422,25427.94,25423.38,0.00
2025-11-26,09:29:00,25446.25,25448.75,25443.25,25448,523,25427.99,25423.41,0.00
2025-11-26,09:30:00,25448.25,25455.5,25448,25449,769,25428.08,25423.48,0.00
2025-11-26,09:31:00,25448.75,25456.75,25444,25452.5,810,25428.17,25423.54,0.00
2025-11-26,09:32:00,25453.5,25454.75,25439.5,25443.5,936,25428.26,25423.61,0.00
2025-11-26,09:33:00,25443.5,25446.75,25439,25442.25,683,25428.31,25423.65,0.00
2025-11-26,09:34:00,25442,25442,25432.25,25436.75,1279,25428.37,25423.70,0.00
2025-11-26,09:35:00,25437.75,25442.5,25426,25442,1601,25428.43,25423.76,0.00
2025-11-26,09:36:00,25442.25,25459.5,25442,25458.25,2079,25428.69,25423.94,0.00
2025-11-26,09:37:00,25458,25464.5,25450.75,25453,2126,25428.98,25424.14,0.00
2025-11-26,09:38:00,25452.75,25462,25450.5,25459.75,1025,25429.12,25424.24,0.00
2025-11-26,09:39:00,25459.25,25461.25,25451.75,25455,863,25429.23,25424.32,0.00
2025-11-26,09:40:00,25455,25455,25445.75,25447.5,1222,25429.35,25424.41,0.00
2025-11-26,09:41:00,25447.5,25457.75,25445.5,25454.5,1205,25429.49,25424.50,0.00
2025-11-26,09:42:00,25455.25,25455.5,25448.25,25450,632,25429.55,25424.55,0.00
2025-11-26,09:43:00,25449.75,25450.25,25430.25,25432.25,1901,25429.63,25424.62,0.00
2025-11-26,09:44:00,25431.5,25437.25,25426.25,25435.75,1943,25429.66,25424.67,0.00
2025-11-26,09:45:00,25435.5,25447,25426.75,25447,1617,25429.74,25424.74,0.00
2025-11-26,09:46:00,25446.75,25458,25446.75,25457.75,1838,25429.95,25424.89,0.00
2025-11-26,09:47:00,25457.5,25458.75,25450,25453.25,1289,25430.09,25425.00,0.00
2025-11-26,09:48:00,25453.75,25456,25446.5,25447,997,25430.18,25425.07,0.00
2025-11-26,09:49:00,25447.5,25449.75,25442,25446.75,1257,25430.27,25425.14,0.00
2025-11-26,09:50:00,25447.25,25451.5,25445.25,25451.5,822,25430.34,25425.20,0.00
2025-11-26,09:51:00,25451.25,25454,25446.5,25452,935,25430.43,25425.26,0.00
2025-11-26,09:52:00,25451.75,25454,25445.5,25447.5,738,25430.49,25425.31,0.00
2025-11-26,09:53:00,25447.25,25458.5,25446,25453.5,1167,25430.61,25425.40,0.00
2025-11-26,09:54:00,25453.75,25465,25452.5,25456.5,1614,25430.81,25425.55,0.00
2025-11-26,09:55:00,25456.75,25461,25453.75,25456.5,729,25430.89,25425.61,0.00
2025-11-26,09:56:00,25456.5,25464,25453.75,25456.75,1316,25431.05,25425.73,0.00
2025-11-26,09:57:00,25456.25,25464.5,25453.75,25463.25,850,25431.16,25425.81,0.00
2025-11-26,09:58:00,25463.5,25470.75,25461.75,25468.5,1717,25431.43,25426.00,0.00
2025-11-26,09:59:00,25468.25,25473.25,25467.25,25468.5,1346,25431.65,25426.16,0.00
2025-11-26,10:00:00,25469,25469,25463.75,25468.25,725,25431.76,25426.24,0.00
2025-11-26,10:01:00,25467.5,25468,25450.5,25456,2298,25432.02,25426.43,0.00
2025-11-26,10:02:00,25455.5,25464.75,25445,25447,1913,25432.19,25426.57,0.00
2025-11-26,10:03:00,25447,25447.25,25434.75,25438,2152,25432.26,25426.64,0.00
2025-11-26,10:04:00,25438,25446.25,25437,25441,1489,25432.31,25426.70,0.00
2025-11-26,10:05:00,25440.5,25447.25,25440.25,25440.75,863,25432.35,25426.74,0.00
2025-11-26,10:06:00,25440.25,25441.5,25432,25436.75,1526,25432.38,25426.78,0.00
2025-11-26,10:07:00,25437,25439.5,25433,25436.25,881,25432.39,25426.80,0.00
2025-11-26,10:08:00,25436.25,25443.75,25431.25,25443.25,1455,25432.44,25426.85,0.00
2025-11-26,10:09:00,25444,25445,25434,25436.25,1065,25432.46,25426.88,0.00
2025-11-26,10:10:00,25436.5,25437.25,25432,25436,875,25432.47,25426.90,0.00
2025-11-26,10:11:00,25436.25,25439.5,25430.25,25436.25,1134,25432.48,25426.92,0.00
2025-11-26,10:12:00,25436,25451.25,25434,25449.75,1473,25432.56,25426.99,0.00
2025-11-26,10:13:00,25449.75,25462,25448,25456.5,2202,25432.76,25427.15,0.00
2025-11-26,10:14:00,25456.75,25457.25,25444.25,25445.75,1862,25432.88,25427.26,0.00
2025-11-26,10:15:00,25445.75,25451.5,25441.5,25446.25,1110,25432.94,25427.31,0.00
2025-11-26,10:16:00,25446,25447,25441.25,25444.5,777,25432.98,25427.35,0.00
2025-11-26,10:17:00,25444.5,25447.75,25441.25,25446.75,699,25433.01,25427.38,0.00
2025-11-26,10:18:00,25447,25466.5,25446.75,25461.75,2902,25433.29,25427.60,0.00
2025-11-26,10:19:00,25462,25466,25459.75,25460.25,1183,25433.43,25427.71,0.00
2025-11-26,10:20:00,25460.5,25460.75,25453,25453.5,1250,25433.53,25427.79,0.00
2025-11-26,10:21:00,25453.25,25460.5,25452,25458.5,958,25433.62,25427.86,0.00
2025-11-26,10:22:00,25459,25464.5,25458.75,25461.25,723,25433.70,25427.92,0.00
2025-11-26,10:23:00,25461.25,25469.5,25459,25461.5,1412,25433.85,25428.05,0.00
2025-11-26,10:24:00,25461.25,25475.25,25460.75,25469.25,1366,25434.03,25428.18,0.00
2025-11-26,10:25:00,25469.25,25471,25459.75,25460.25,1392,25434.19,25428.31,0.00
2025-11-26,10:26:00,25461.25,25470.25,25461,25463.5,1459,25434.36,25428.44,0.00
2025-11-26,10:27:00,25463.75,25464.5,25457.5,25460,1062,25434.46,25428.52,0.00
2025-11-26,10:28:00,25460,25474.5,25448.25,25473.75,2429,25434.74,25428.74,0.00
2025-11-26,10:29:00,25474.25,25483.25,25472.5,25480.25,3124,25435.24,25429.12,0.00
2025-11-26,10:30:00,25480,25480,25470.5,25475.25,2053,25435.54,25429.35,0.00
2025-11-26,10:31:00,25475.25,25497.5,25461.25,25496.25,10990,25485.00,25430.78,0.00
2025-11-26,10:32:00,25495.75,25506,25478.75,25484.25,8849,25489.67,25431.98,0.00
2025-11-26,10:33:00,25484.5,25522.25,25480.75,25519,9692,25507.33,25433.62,0.00
2025-11-26,10:34:00,25519,25524.25,25498.75,25501.5,7241,25508.17,25434.81,0.00
2025-11-26,10:35:00,25501.25,25504.75,25480.25,25493.5,6076,25501.17,25435.58,0.00
2025-11-26,10:36:00,25493.75,25507.5,25489.25,25505.5,5628,25501.05,25436.37,0.00
2025-11-26,10:37:00,25505,25513.25,25492.75,25503.75,5502,25501.54,25437.16,0.00
2025-11-26,10:38:00,25503.25,25510.25,25471.75,25472.5,7319,25497.69,25437.89,0.00
2025-11-26,10:39:00,25472.5,25474.5,25442.5,25457.75,13395,25485.99,25438.44,0.00
2025-11-26,10:40:00,25458,25479.5,25449.75,25477.75,7067,25483.69,25438.88,0.00
2025-11-26,10:41:00,25477.75,25491.5,25460.75,25476.75,6897,25482.84,25439.39,0.00
2025-11-26,10:42:00,25476.75,25483.75,25462.5,25483,3606,25482.47,25439.65,0.00
2025-11-26,10:43:00,25482.25,25486.25,25446.25,25472,7186,25481.00,25440.05,0.00
2025-11-26,10:44:00,25472.25,25483.5,25462.5,25467.5,4195,25480.44,25440.30,0.00
2025-11-26,10:45:00,25467.25,25489,25461,25486.75,4219,25480.36,25440.62,0.00
2025-11-26,10:46:00,25486.5,25513.25,25486,25498.25,10437,25482.57,25441.76,0.00
2025-11-26,10:47:00,25498.5,25510,25488.5,25503,5566,25483.63,25442.37,0.00
2025-11-26,10:48:00,25503.5,25518.25,25499.75,25510.25,6452,25485.28,25443.16,0.00
2025-11-26,10:49:00,25510.5,25516.5,25498.75,25506,4364,25486.18,25443.67,0.00
2025-11-26,10:50:00,25506,25515.25,25501.5,25515.25,3835,25487.04,25444.13,0.00
2025-11-26,10:51:00,25515.25,25528.5,25506.75,25524.75,6222,25520.00,25444.97,0.00
2025-11-26,10:52:00,25525,25534.75,25504.25,25510.5,8852,25516.50,25446.09,0.00
2025-11-26,10:53:00,25510.75,25513.5,25475.5,25491.75,9597,25504.58,25446.87,0.00
2025-11-26,10:54:00,25490.75,25499.5,25481.75,25495.5,4775,25502.04,25447.24,0.00
2025-11-26,10:55:00,25495.5,25497.5,25478,25484.5,4157,25499.71,25447.52,0.00
2025-11-26,10:56:00,25484.75,25485.5,25464.75,25472.5,8172,25493.86,25447.89,0.00
2025-11-26,10:57:00,25472.5,25476,25447.25,25454,9665,25486.42,25448.07,0.00
2025-11-26,10:58:00,25453.75,25474.75,25445.5,25470.25,6801,25483.43,25448.24,0.00
2025-11-26,10:59:00,25470.75,25475.25,25434,25438.75,7287,25479.24,25448.25,0.00
2025-11-26,11:00:00,25439.5,25439.75,25409,25420.5,12288,25469.60,25447.76,0.00
2025-11-26,11:01:00,25420.75,25420.75,25388,25402,11826,25460.24,25446.95,0.00
2025-11-26,11:02:00,25402.5,25424.5,25397.75,25406,7886,25455.85,25446.50,0.00
2025-11-26,11:03:00,25406.75,25443.25,25400.5,25433.5,10727,25452.69,25446.16,0.00
2025-11-26,11:04:00,25433.75,25453.25,25431.75,25436.75,7833,25451.82,25446.10,0.00
2025-11-26,11:05:00,25437.75,25441,25418.75,25431.25,7359,25450.47,25445.92,0.00
2025-11-26,11:06:00,25431,25432.5,25406.25,25407.75,7187,25448.45,25445.61,0.00
2025-11-26,11:07:00,25407.75,25427,25403.25,25419.75,5379,25447.14,25445.38,0.00
2025-11-26,11:08:00,25420.25,25436.75,25417.5,25436.5,5521,25446.45,25445.26,0.00
2025-11-26,11:09:00,25436.75,25467.75,25436,25466.5,10062,25447.16,25445.42,0.00
2025-11-26,11:10:00,25466,25477,25457.75,25463.75,7181,25448.06,25445.63,0.00
2025-11-26,11:11:00,25463.75,25470,25444.5,25448.75,7955,25448.37,25445.73,0.00
2025-11-26,11:12:00,25449.25,25454.75,25430.75,25440.25,7923,25448.07,25445.69,0.00
2025-11-26,11:13:00,25441,25458.5,25429.25,25446.75,5154,25447.97,25445.68,0.00
2025-11-26,11:14:00,25447.5,25453.25,25427.25,25439.5,4228,25447.78,25445.65,0.00
2025-11-26,11:15:00,25439.75,25446.5,25420.25,25429.5,6135,25447.26,25445.54,0.00
2025-11-26,11:16:00,25428.75,25445,25420.5,25424.25,5538,25446.75,25445.42,0.00
2025-11-26,11:17:00,25423.5,25449.25,25413.25,25438.5,7518,25446.25,25445.31,0.00
2025-11-26,11:18:00,25437.75,25447.75,25424,25442.75,4546,25446.07,25445.26,0.00
2025-11-26,11:19:00,25443.25,25451.25,25418.25,25444.5,5959,25445.84,25445.21,0.00
2025-11-26,11:20:00,25444.25,25448.25,25429,25438.5,3327,25445.72,25445.18,0.00
2025-11-26,11:21:00,25439,25451.75,25425.25,25435.75,4460,25445.55,25445.13,0.00
2025-11-26,11:22:00,25435.5,25438,25415.25,25425,4737,25445.14,25445.02,0.00
2025-11-26,11:23:00,25425.75,25436,25410.5,25411.75,5554,25444.50,25444.84,0.00
2025-11-26,11:24:00,25411.25,25431.25,25404.75,25416.25,5521,25443.86,25444.65,0.00
2025-11-26,11:25:00,25415.75,25424,25400,25401.75,5245,25443.07,25444.41,0.00
2025-11-26,11:26:00,25401.75,25423.75,25395.5,25411,7011,25442.12,25444.11,0.00
2025-11-26,11:27:00,25411,25452.5,25404.75,25451.25,7912,25441.93,25444.03,0.00
2025-11-26,11:28:00,25451.5,25463.75,25443,25455.25,7469,25442.28,25444.12,0.00
2025-11-26,11:29:00,25455.75,25455.75,25439,25451.25,4714,25442.40,25444.15,0.00
2025-11-26,11:30:00,25450.75,25456.25,25437.25,25444.25,3849,25442.45,25444.16,0.00
2025-11-26,11:31:00,25444.25,25458,25444.25,25452,3763,25442.57,25444.19,0.00
2025-11-26,11:32:00,25452,25458,25447.25,25456.75,2465,25442.68,25444.22,0.00
2025-11-26,11:33:00,25456.25,25467.5,25454.25,25461.5,4830,25442.99,25444.32,0.00
2025-11-26,11:34:00,25461.75,25465.25,25450,25463.75,3075,25443.18,25444.37,0.00
2025-11-26,11:35:00,25463.75,25479.25,25463.5,25475,6166,25443.81,25444.58,0.00
2025-11-26,11:36:00,25475,25494.25,25473.75,25483.25,6858,25444.74,25444.89,0.00
2025-11-26,11:37:00,25483,25492.5,25482.25,25486.5,3657,25445.26,25445.07,0.00
2025-11-26,11:38:00,25486.5,25493.5,25470.75,25487,5294,25445.93,25445.31,0.00
2025-11-26,11:39:00,25487,25494,25484.25,25491.25,3239,25446.39,25445.48,0.00
2025-11-26,11:40:00,25492,25502,25491.25,25499,4488,25447.13,25445.74,0.00
2025-11-26,11:41:00,25498.75,25504.75,25491.75,25496.5,4449,25447.84,25446.01,0.00
2025-11-26,11:42:00,25496.25,25498.25,25477,25483.75,5802,25448.54,25446.27,0.00
2025-11-26,11:43:00,25483.5,25484,25463.75,25475.5,6322,25449.04,25446.47,0.00
2025-11-26,11:44:00,25475.75,25486.75,25465.75,25479,3173,25449.30,25446.58,0.00
2025-11-26,11:45:00,25479.5,25487.75,25474,25477.75,2570,25449.54,25446.68,0.00
2025-11-26,11:46:00,25478.5,25481.5,25461.75,25475,4704,25449.86,25446.81,0.00
2025-11-26,11:47:00,25475.75,25476,25462,25462.25,2997,25450.01,25446.88,0.00
2025-11-26,11:48:00,25462.25,25465.75,25446,25464.5,6586,25450.18,25446.97,0.00
2025-11-26,11:49:00,25464.5,25476.25,25459,25471.25,3991,25450.39,25447.06,0.00
2025-11-26,11:50:00,25471,25480.5,25469.25,25475.75,2708,25450.58,25447.14,0.00
2025-11-26,11:51:00,25476,25485.25,25463,25483.75,4098,25450.88,25447.28,0.00
2025-11-26,11:52:00,25483.75,25488.5,25479.5,25487.75,2564,25451.13,25447.39,0.00
2025-11-26,11:53:00,25487.75,25492.25,25479.25,25488.5,3270,25451.45,25447.52,0.00
2025-11-26,11:54:00,25488.75,25494.75,25477.5,25491.25,3015,25451.75,25447.66,0.00
2025-11-26,11:55:00,25491,25500,25487.25,25496.75,2640,25452.05,25447.79,0.00
2025-11-26,11:56:00,25497.25,25503.25,25494.5,25495.5,2726,25452.39,25447.93,0.00
2025-11-26,11:57:00,25496,25496.75,25479.25,25492.25,4740,25452.85,25448.14,0.00
2025-11-26,11:58:00,25491.75,25509.5,25491.5,25506,4694,25453.46,25448.41,0.00
2025-11-26,11:59:00,25506.25,25513.25,25504.25,25512.5,2384,25453.81,25448.57,0.00
2025-11-26,12:00:00,25512,25524.75,25511.75,25521.25,5390,25454.71,25448.97,0.00
2025-11-26,12:01:00,25521.25,25531.75,25521.25,25528.25,4947,25455.62,25449.38,0.00
2025-11-26,12:02:00,25528,25531.75,25519.5,25521.75,3297,25456.19,25449.63,0.00
2025-11-26,12:03:00,25521.25,25541.25,25516.75,25534.75,6347,25530.92,25450.17,0.00
2025-11-26,12:04:00,25535,25539,25528.75,25532.75,3384,25531.82,25450.46,0.00
2025-11-26,12:05:00,25533.25,25546.75,25531.25,25544.75,4590,25540.92,25450.89,0.00
2025-11-26,12:06:00,25545.25,25551.25,25542.75,25548.5,4273,25547.50,25451.31,0.00
2025-11-26,12:07:00,25548.75,25555,25548.5,25553.25,4711,25552.25,25451.79,0.00
2025-11-26,12:08:00,25553.5,25556.75,25546.5,25551.5,3296,25551.58,25452.13,0.00
2025-11-26,12:09:00,25552,25559.25,25551.25,25558.25,2642,25556.25,25452.41,0.00
2025-11-26,12:10:00,25557.75,25560,25548,25551,2870,25553.00,25452.70,0.00
2025-11-26,12:11:00,25551,25555.5,25547.5,25553.5,2451,25552.62,25452.94,0.00
2025-11-26,12:12:00,25553.5,25557.25,25549.75,25551.25,1506,25552.65,25453.09,0.00
2025-11-26,12:13:00,25551.5,25553,25540.25,25545.5,3460,25550.49,25453.42,0.00
2025-11-26,12:14:00,25545.75,25552.25,25542,25550.75,2511,25550.07,25453.65,0.00
2025-11-26,12:15:00,25550.75,25552.5,25542.5,25546,1947,25549.67,25453.84,0.00
2025-11-26,12:16:00,25546.25,25559,25546,25558,3381,25550.54,25454.17,0.00
2025-11-26,12:17:00,25558,25559,25549.75,25554.5,2133,25550.94,25454.39,0.00
2025-11-26,12:18:00,25554.75,25556.75,25542.75,25554.25,2870,25550.98,25454.66,0.00
2025-11-26,12:19:00,25554.75,25565.25,25554.75,25561,4165,25560.33,25455.09,0.00
2025-11-26,12:20:00,25561.5,25565,25558.5,25561.25,2287,25560.78,25455.33,0.00
2025-11-26,12:21:00,25561.5,25574.75,25560.75,25572,5105,25569.17,25455.90,0.00
2025-11-26,12:22:00,25572.5,25580.5,25571.5,25579.75,3564,25577.25,25456.32,0.00
2025-11-26,12:23:00,25580,25584.25,25575.25,25578,3940,25579.17,25456.79,0.00
2025-11-26,12:24:00,25577.75,25581.25,25573,25578,2746,25578.45,25457.11,0.00
2025-11-26,12:25:00,25578.25,25585.5,25577.75,25583.5,2527,25582.25,25457.42,0.00
2025-11-26,12:26:00,25583.5,25586,25576.5,25582,2633,25581.50,25457.74,0.00
2025-11-26,12:27:00,25582.5,25590,25579.75,25589.5,3320,25586.42,25458.15,0.00
2025-11-26,12:28:00,25589.5,25591.75,25585.25,25588.75,2417,25588.58,25458.45,0.00
2025-11-26,12:29:00,25589,25591,25584.25,25585.25,2248,25587.74,25458.72,0.00
2025-11-26,12:30:00,25585.25,25586.25,25573.25,25576.5,3692,25583.73,25459.15,0.00
2025-11-26,12:31:00,25576.5,25584,25559.5,25571,5476,25578.89,25459.73,0.00
2025-11-26,12:32:00,25571,25583.5,25570,25582,2534,25578.83,25460.01,0.00
2025-11-26,12:33:00,25582.25,25587,25578.75,25586.5,1986,25579.40,25460.25,0.00
2025-11-26,12:34:00,25586.75,25589,25582.25,25583.75,1809,25579.90,25460.46,0.00
2025-11-26,12:35:00,25583.75,25589.25,25582.25,25588.5,1043,25580.23,25460.58,0.00
2025-11-26,12:36:00,25588,25596.25,25587.75,25595.5,4178,25593.17,25461.10,0.00
2025-11-26,12:37:00,25595.75,25604.25,25595,25601.25,4734,25600.17,25461.72,0.00
2025-11-26,12:38:00,25601.5,25601.75,25596,25599,1857,25599.81,25461.95,0.00
2025-11-26,12:39:00,25599,25604,25593.75,25603.5,2980,25600.00,25462.34,0.00
2025-11-26,12:40:00,25603.5,25607,25600.75,25605,2307,25604.25,25462.64,0.00
2025-11-26,12:41:00,25605.5,25614.5,25604,25610.5,4633,25609.67,25463.27,0.00
2025-11-26,12:42:00,25611,25621.5,25609,25618.25,3713,25616.25,25463.79,0.00
2025-11-26,12:43:00,25618,25625.25,25616.25,25623,3874,25621.50,25464.35,0.00
2025-11-26,12:44:00,25622.75,25628.75,25622.5,25624.75,2601,25625.33,25464.74,0.00
2025-11-26,12:45:00,25624.5,25624.75,25616,25617.25,3317,25621.97,25465.20,0.00
2025-11-26,12:46:00,25617.5,25620.75,25613.75,25616.5,2254,25620.60,25465.52,0.00
2025-11-26,12:47:00,25617,25617.5,25604,25609,4001,25617.17,25466.04,0.00
2025-11-26,12:48:00,25609.5,25610,25599.5,25602.5,3003,25614.56,25466.42,0.00
2025-11-26,12:49:00,25604,25606,25598,25599.75,1964,25613.04,25466.65,0.00
2025-11-26,12:50:00,25599.75,25604,25594.25,25600,2411,25611.36,25466.94,0.00
2025-11-26,12:51:00,25600.25,25601.75,25587.5,25595.75,4352,25608.38,25467.44,0.00
2025-11-26,12:52:00,25595.25,25600.25,25592.25,25598.5,1851,25607.56,25467.66,0.00
2025-11-26,12:53:00,25598,25610.75,25597.5,25607,3778,25607.25,25468.12,0.00
2025-11-26,12:54:00,25607.25,25608.5,25601,25604.5,1625,25607.11,25468.32,0.00
2025-11-26,12:55:00,25604.75,25607.25,25600.75,25603.75,1257,25606.99,25468.47,0.00
2025-11-26,12:56:00,25603.75,25613.25,25601,25613,2304,25607.13,25468.76,0.00
2025-11-26,12:57:00,25613,25617.25,25609,25612.5,2820,25607.56,25469.12,0.00
2025-11-26,12:58:00,25612.5,25616.75,25607.5,25609.25,1755,25607.72,25469.34,0.00
2025-11-26,12:59:00,25609.5,25611.75,25606,25607,1488,25607.74,25469.52,0.00
2025-11-26,13:00:00,25607,25610.25,25601.75,25608,1794,25607.70,25469.74,0.00
2025-11-26,13:01:00,25608.25,25614.75,25607,25610.75,1962,25607.83,25469.98,0.00
2025-11-26,13:02:00,25610.25,25613.75,25608.5,25609.5,910,25607.89,25470.10,0.00
2025-11-26,13:03:00,25609.25,25609.5,25603.25,25607,1303,25607.85,25470.25,0.00
2025-11-26,13:04:00,25607.25,25610.25,25603.75,25604.5,1202,25607.81,25470.40,0.00
2025-11-26,13:05:00,25604.5,25606,25580,25590.75,5419,25606.23,25470.97,0.00
2025-11-26,13:06:00,25590.75,25600.25,25587.75,25599.25,2573,25605.75,25471.25,0.00
2025-11-26,13:07:00,25599.5,25605.25,25593,25593.75,2470,25605.39,25471.52,0.00
2025-11-26,13:08:00,25594.5,25597.5,25587.75,25589.5,2032,25604.93,25471.74,0.00
2025-11-26,13:09:00,25590,25591.5,25567.25,25574.75,6080,25602.45,25472.29,0.00
2025-11-26,13:10:00,25575,25588.25,25569,25578.5,4007,25601.10,25472.66,0.00
2025-11-26,13:11:00,25579,25594,25578.5,25594,2452,25600.68,25472.91,0.00
2025-11-26,13:12:00,25594.25,25595,25581.5,25584.75,1978,25600.33,25473.10,0.00
2025-11-26,13:13:00,25585,25591.75,25581,25583.5,1434,25600.05,25473.24,0.00
2025-11-26,13:14:00,25583.5,25584.25,25575.5,25577.75,2006,25599.51,25473.42,0.00
2025-11-26,13:15:00,25577.5,25580.75,25574.75,25579.5,1388,25599.14,25473.54,0.00
2025-11-26,13:16:00,25579.5,25580.25,25566.75,25575.25,3049,25598.22,25473.80,0.00
2025-11-26,13:17:00,25575.75,25588.75,25575.75,25585.5,2857,25597.72,25474.07,0.00
2025-11-26,13:18:00,25585.5,25589.5,25577,25577.75,1754,25597.40,25474.23,0.00
2025-11-26,13:19:00,25578,25582.5,25568.75,25574.25,2214,25596.85,25474.42,0.00
2025-11-26,13:20:00,25574.5,25575.25,25567.25,25571.25,1542,25596.42,25474.55,0.00
2025-11-26,13:21:00,25571,25581.75,25566.25,25576.75,2327,25595.88,25474.74,0.00
2025-11-26,13:22:00,25576.5,25589.25,25575.75,25587.75,2279,25595.60,25474.95,0.00
2025-11-26,13:23:00,25587.5,25589,25575.75,25578.25,1791,25595.34,25475.11,0.00
2025-11-26,13:24:00,25578.25,25590.25,25578,25587.5,1932,25595.14,25475.29,0.00
2025-11-26,13:25:00,25587,25600,25584.5,25595.75,3540,25595.08,25475.64,0.00
2025-11-26,13:26:00,25595.5,25596.25,25586.25,25592.25,2219,25595.01,25475.86,0.00
2025-11-26,13:27:00,25592.75,25594.25,25586.75,25590,1431,25594.94,25475.99,0.00
2025-11-26,13:28:00,25590.25,25592.25,25583.25,25583.5,1539,25594.82,25476.14,0.00
2025-11-26,13:29:00,25584.25,25592.75,25582.5,25590.5,1436,25594.74,25476.27,0.00
2025-11-26,13:30:00,25590.5,25593,25584.75,25591.5,1047,25594.69,25476.37,0.00
2025-11-26,13:31:00,25592.25,25604,25591,25601,3044,25594.80,25476.68,0.00
2025-11-26,13:32:00,25600.75,25604,25597,25597.5,1622,25594.87,25476.84,0.00
2025-11-26,13:33:00,25597.75,25599.5,25591,25598.75,1714,25594.89,25477.01,0.00
2025-11-26,13:34:00,25598.5,25604,25598.25,25602,1411,25594.97,25477.16,0.00
2025-11-26,13:35:00,25602,25603,25599,25601.25,735,25595.00,25477.23,0.00
2025-11-26,13:36:00,25601.5,25605.75,25600.25,25602,1502,25595.10,25477.39,0.00
2025-11-26,13:37:00,25601.5,25603,25594.25,25600.5,1665,25595.16,25477.56,0.00
2025-11-26,13:38:00,25600.75,25602.25,25595,25595.5,1059,25595.18,25477.66,0.00
2025-11-26,13:39:00,25595.25,25597.75,25586.75,25591.25,2682,25595.11,25477.91,0.00
2025-11-26,13:40:00,25591,25598.75,25590.5,25596.25,1565,25595.11,25478.06,0.00
2025-11-26,13:41:00,25596.75,25605,25595,25599.25,2260,25595.19,25478.29,0.00
2025-11-26,13:42:00,25599.25,25605,25593.25,25603.5,1872,25595.27,25478.48,0.00
2025-11-26,13:43:00,25603.75,25607.5,25601.75,25603,1565,25595.37,25478.64,0.00
2025-11-26,13:44:00,25602.75,25610.25,25602.25,25609.25,1545,25595.50,25478.80,0.00
2025-11-26,13:45:00,25609.25,25622.5,25609.25,25620,3045,25595.98,25479.14,0.00
2025-11-26,13:46:00,25619.75,25620.5,25615.75,25616.75,1529,25596.22,25479.31,0.00
2025-11-26,13:47:00,25617,25621.5,25615.25,25621,1170,25596.41,25479.45,0.00
2025-11-26,13:48:00,25620.75,25623,25614.75,25615.5,1267,25596.60,25479.59,0.00
2025-11-26,13:49:00,25616,25619,25608.5,25609.75,2431,25596.87,25479.85,0.00
2025-11-26,13:50:00,25609.5,25609.5,25599,25600.25,2506,25596.97,25480.10,0.00
2025-11-26,13:51:00,25600,25600.5,25589.75,25597.75,3128,25596.95,25480.39,0.00
2025-11-26,13:52:00,25597.5,25605.25,25594,25602.5,1741,25596.99,25480.56,0.00
2025-11-26,13:53:00,25602.75,25605,25595.5,25598.25,1364,25597.02,25480.69,0.00
2025-11-26,13:54:00,25597.5,25599.5,25593.5,25595.75,1241,25597.01,25480.81,0.00
2025-11-26,13:55:00,25596,25598.25,25592.75,25593.5,1140,25597.00,25480.91,0.00
2025-11-26,13:56:00,25594.25,25596.25,25585.5,25593.5,2550,25596.91,25481.14,0.00
2025-11-26,13:57:00,25594.25,25604.25,25593.25,25601,1873,25596.94,25481.32,0.00
2025-11-26,13:58:00,25601.5,25605.25,25597.5,25599.5,1240,25596.97,25481.43,0.00
2025-11-26,13:59:00,25599.75,25600.5,25593.5,25594.5,1315,25596.96,25481.55,0.00
2025-11-26,14:00:00,25594.75,25595,25587,25591.75,1971,25596.90,25481.73,0.00
2025-11-26,14:01:00,25592,25597.5,25590.25,25595.25,1344,25596.87,25481.85,0.00
2025-11-26,14:02:00,25596,25605.75,25591.75,25603.25,1933,25596.91,25482.03,0.00
2025-11-26,14:03:00,25603.25,25610.25,25602,25608,1695,25597.01,25482.20,0.00
2025-11-26,14:04:00,25607.25,25609.5,25603.5,25603.75,1119,25597.07,25482.31,0.00
2025-11-26,14:05:00,25604.25,25607,25601.5,25603,917,25597.10,25482.39,0.00
2025-11-26,14:06:00,25603,25605,25598.5,25599.25,1164,25597.13,25482.50,0.00
2025-11-26,14:07:00,25600,25600.75,25595.5,25597.5,1091,25597.13,25482.60,0.00
2025-11-26,14:08:00,25597.5,25599.5,25594,25598.25,1027,25597.14,25482.70,0.00
2025-11-26,14:09:00,25598.25,25607.25,25598.25,25604.5,1361,25597.18,25482.83,0.00
2025-11-26,14:10:00,25604.25,25606.5,25534.5,25563.25,16133,25594.74,25483.90,0.00
2025-11-26,14:11:00,25564.5,25581.75,25558.5,25571.5,4898,25594.14,25484.23,0.00
2025-11-26,14:12:00,25572,25576.75,25550.5,25570.25,5237,25593.41,25484.56,0.00
2025-11-26,14:13:00,25570,25581,25562.25,25574.75,3632,25593.04,25484.80,0.00
2025-11-26,14:14:00,25575.25,25578.25,25562.75,25575.75,2435,25592.80,25484.97,0.00
2025-11-26,14:15:00,25576,25590.75,25572,25583.75,4142,25592.59,25485.28,0.00
2025-11-26,14:16:00,25583.75,25593,25582,25582.75,2651,25592.51,25485.48,0.00
2025-11-26,14:17:00,25582.75,25583.25,25570.25,25576.25,3154,25592.28,25485.70,0.00
2025-11-26,14:18:00,25576,25578.25,25570,25571.5,2020,25592.11,25485.84,0.00
2025-11-26,14:19:00,25571.5,25576,25567,25568.75,2076,25591.91,25485.97,0.00
2025-11-26,14:20:00,25569.5,25573.25,25564.25,25571.5,1965,25591.71,25486.10,0.00
2025-11-26,14:21:00,25571.75,25573.5,25556.75,25558.25,2888,25591.34,25486.26,0.00
2025-11-26,14:22:00,25558.25,25585.5,25558.25,25584,3634,25591.10,25486.51,0.00
2025-11-26,14:23:00,25584.25,25597.75,25581.25,25597,3991,25591.12,25486.83,0.00
2025-11-26,14:24:00,25597,25606.75,25594.5,25598.25,3741,25591.25,25487.15,0.00
2025-11-26,14:25:00,25598,25598.5,25585.75,25593.75,3128,25591.27,25487.39,0.00
2025-11-26,14:26:00,25593.75,25604.5,25588.5,25601,1822,25591.32,25487.54,0.00
2025-11-26,14:27:00,25600.5,25610,25600.5,25609,2091,25591.45,25487.73,0.00
2025-11-26,14:28:00,25609.5,25614.25,25606.75,25608,2361,25591.62,25487.95,0.00
2025-11-26,14:29:00,25607.5,25610.75,25602.5,25604.5,1571,25591.71,25488.08,0.00
2025-11-26,14:30:00,25604.5,25606.25,25598.5,25600.75,1529,25591.78,25488.21,0.00
2025-11-26,14:31:00,25601,25602.25,25589.5,25594.25,2593,25591.81,25488.42,0.00
2025-11-26,14:32:00,25594,25594,25582,25582.75,2510,25591.76,25488.60,0.00
2025-11-26,14:33:00,25583,25584.75,25570.5,25571.75,3445,25591.54,25488.82,0.00
2025-11-26,14:34:00,25571.75,25573.25,25561.75,25569,2750,25591.30,25488.99,0.00
2025-11-26,14:35:00,25569,25570.5,25561.25,25561.75,2004,25591.10,25489.10,0.00
2025-11-26,14:36:00,25561.75,25569.25,25557.5,25561,2790,25590.80,25489.25,0.00
2025-11-26,14:37:00,25561,25568.5,25558,25561.5,1811,25590.61,25489.35,0.00
2025-11-26,14:38:00,25561.5,25561.75,25550.75,25555.5,3282,25590.19,25489.51,0.00
2025-11-26,14:39:00,25555.5,25569.25,25550.25,25567.75,2974,25589.89,25489.67,0.00
2025-11-26,14:40:00,25567.75,25575.75,25562.75,25568.5,2748,25589.69,25489.82,0.00
2025-11-26,14:41:00,25568.5,25569.75,25556.75,25560.25,1971,25589.49,25489.93,0.00
2025-11-26,14:42:00,25560.5,25570,25556.75,25569,1562,25589.36,25490.01,0.00
2025-11-26,14:43:00,25569.5,25572.5,25563.5,25563.5,1369,25589.25,25490.09,0.00
2025-11-26,14:44:00,25563.75,25566.5,25557.25,25558.25,1481,25589.10,25490.17,0.00
2025-11-26,14:45:00,25558,25559.25,25545,25546,3202,25588.66,25490.31,0.00
2025-11-26,14:46:00,25545.5,25551,25539.5,25543.25,3100,25588.19,25490.43,0.00
2025-11-26,14:47:00,25542.75,25559.5,25542.5,25554,2869,25587.84,25490.56,0.00
2025-11-26,14:48:00,25554,25561,25551.75,25560.5,1825,25587.66,25490.64,0.00
2025-11-26,14:49:00,25560,25572.5,25558,25571,2833,25587.46,25490.80,0.00
2025-11-26,14:50:00,25571.25,25577.25,25566.75,25575.25,2368,25587.35,25490.94,0.00
2025-11-26,14:51:00,25575,25584,25572.5,25576,3285,25587.24,25491.14,0.00
2025-11-26,14:52:00,25576.25,25578.75,25570,25571,1593,25587.17,25491.24,0.00
2025-11-26,14:53:00,25571,25571,25561.5,25562.5,2553,25586.98,25491.37,0.00
2025-11-26,14:54:00,25561.75,25568.75,25555.75,25563.25,2450,25586.79,25491.50,0.00
2025-11-26,14:55:00,25563,25571.5,25562,25562.25,1302,25586.70,25491.57,0.00
2025-11-26,14:56:00,25562.25,25562.5,25550.25,25552.75,2883,25586.41,25491.70,0.00
2025-11-26,14:57:00,25553,25556.75,25548.5,25555.25,1798,25586.23,25491.77,0.00
2025-11-26,14:58:00,25556,25568,25555.5,25567.25,2398,25586.06,25491.90,0.00
2025-11-26,14:59:00,25567.25,25575.25,25563.75,25567.25,2065,25585.94,25492.01,0.00
2025-11-26,15:00:00,25567.5,25571,25566,25570.25,812,25585.90,25492.05,0.00
2025-11-26,15:01:00,25569.75,25579.25,25564.25,25578.75,2185,25585.82,25492.18,0.00
2025-11-26,15:02:00,25579.25,25591.5,25579,25588,3270,25585.83,25492.40,0.00
2025-11-26,15:03:00,25587.75,25592.5,25578.75,25583,2629,25585.82,25492.57,0.00
2025-11-26,15:04:00,25583.25,25591.5,25580.5,25582.75,2189,25585.81,25492.71,0.00
2025-11-26,15:05:00,25582.5,25583.5,25560.25,25560.25,3421,25585.63,25492.89,0.00
2025-11-26,15:06:00,25560.25,25567,25557.75,25563.25,2069,25585.49,25492.99,0.00
2025-11-26,15:07:00,25563,25566.5,25554.5,25556,2279,25585.31,25493.10,0.00
2025-11-26,15:08:00,25555.5,25571.25,25553.25,25569,2323,25585.17,25493.21,0.00
2025-11-26,15:09:00,25569.25,25570.25,25555.75,25558,1543,25585.06,25493.29,0.00
2025-11-26,15:10:00,25558,25565.25,25553.75,25563.75,1238,25584.98,25493.34,0.00
2025-11-26,15:11:00,25564.25,25566.5,25555,25559.75,1072,25584.90,25493.39,0.00
2025-11-26,15:12:00,25560,25563.25,25550.5,25562,1819,25584.76,25493.48,0.00
2025-11-26,15:13:00,25562.5,25578.75,25562.5,25575.75,2727,25584.67,25493.63,0.00
2025-11-26,15:14:00,25576,25580.75,25572,25578.25,1335,25584.64,25493.70,0.00
2025-11-26,15:15:00,25578.75,25586.5,25578.5,25582.75,1795,25584.63,25493.81,0.00
2025-11-26,15:16:00,25581.25,25585.75,25578.5,25584,1428,25584.62,25493.90,0.00
2025-11-26,15:17:00,25584,25584.25,25575.75,25581.75,1060,25584.61,25493.96,0.00
2025-11-26,15:18:00,25581.75,25589,25579.75,25587.25,1540,25584.61,25494.06,0.00
2025-11-26,15:19:00,25588,25590.75,25581,25587.25,1348,25584.62,25494.15,0.00
2025-11-26,15:20:00,25587.5,25593,25586.25,25587.25,1558,25584.64,25494.25,0.00
2025-11-26,15:21:00,25587,25595.5,25581,25582,2011,25584.64,25494.38,0.00
2025-11-26,15:22:00,25581.75,25590.25,25577.5,25586.5,1796,25584.64,25494.49,0.00
2025-11-26,15:23:00,25586.5,25590,25584.5,25587.5,781,25584.65,25494.54,0.00
2025-11-26,15:24:00,25587.5,25598.25,25586.75,25593.25,2035,25584.69,25494.68,0.00
2025-11-26,15:25:00,25593.25,25595.75,25588.25,25593.25,1161,25584.72,25494.75,0.00
2025-11-26,15:26:00,25593,25597,25591.5,25592.25,985,25584.74,25494.82,0.00
2025-11-26,15:27:00,25592.5,25599.75,25589.75,25596,1394,25584.78,25494.92,0.00
2025-11-26,15:28:00,25595.5,25600,25593.5,25597.25,1087,25584.82,25494.99,0.00
2025-11-26,15:29:00,25597.5,25599.25,25594.25,25598,724,25584.84,25495.04,0.00
2025-11-26,15:30:00,25597.5,25600.75,25596.5,25597.75,923,25584.87,25495.11,0.00
2025-11-26,15:31:00,25598.75,25605,25597,25602.5,1687,25584.95,25495.23,0.00
2025-11-26,15:32:00,25602.25,25608.5,25601.5,25606.5,1707,25585.04,25495.36,0.00
2025-11-26,15:33:00,25606.75,25608,25601,25604,1247,25585.11,25495.45,0.00
2025-11-26,15:34:00,25604.5,25607,25600.5,25600.75,1228,25585.16,25495.54,0.00
2025-11-26,15:35:00,25600.5,25601.25,25592.75,25592.75,2170,25585.22,25495.69,0.00
2025-11-26,15:36:00,25593,25593,25567.25,25577,4996,25585.14,25495.97,0.00
2025-11-26,15:37:00,25576.75,25591.25,25575,25587,2428,25585.14,25496.11,0.00
2025-11-26,15:38:00,25587,25588,25580.5,25582.75,1242,25585.13,25496.19,0.00
2025-11-26,15:39:00,25582.5,25588.75,25580.75,25581,1272,25585.13,25496.26,0.00
2025-11-26,15:40:00,25580.75,25583.75,25575.25,25576.5,1347,25585.11,25496.34,0.00
2025-11-26,15:41:00,25576.25,25576.5,25569,25570.5,1909,25585.04,25496.43,0.00
2025-11-26,15:42:00,25571,25585.25,25565,25576.5,3813,25584.95,25496.64,0.00
2025-11-26,15:43:00,25577.25,25588.25,25575.75,25582.5,1887,25584.94,25496.75,0.00
2025-11-26,15:44:00,25581.75,25584,25571.75,25571.75,1255,25584.91,25496.81,0.00
2025-11-26,15:45:00,25571.5,25576.75,25570.25,25573.5,1382,25584.87,25496.88,0.00
2025-11-26,15:46:00,25574,25585.5,25572.5,25584.5,1419,25584.86,25496.96,0.00
2025-11-26,15:47:00,25584.75,25588.25,25581.75,25582.25,1292,25584.85,25497.04,0.00
2025-11-26,15:48:00,25582.25,25583.25,25576.5,25577,777,25584.84,25497.08,0.00
2025-11-26,15:49:00,25576.5,25577.5,25570.25,25571,1326,25584.80,25497.15,0.00
2025-11-26,15:50:00,25570.25,25571.5,25566.25,25566.25,1423,25584.75,25497.21,0.00
2025-11-26,15:51:00,25566.25,25580.25,25561,25573.25,2471,25584.67,25497.34,0.00
2025-11-26,15:52:00,25573.5,25574.25,25566,25570.5,1407,25584.62,25497.41,0.00
2025-11-26,15:53:00,25570.5,25577.75,25569.75,25575.5,916,25584.60,25497.45,0.00
2025-11-26,15:54:00,25575.5,25579.5,25573.25,25578,984,25584.58,25497.50,0.00
2025-11-26,15:55:00,25577.75,25586,25577.75,25580.5,1920,25584.56,25497.61,0.00
2025-11-26,15:56:00,25580.25,25580.5,25571.25,25579.5,1616,25584.53,25497.70,0.00
2025-11-26,15:57:00,25579.5,25579.5,25572,25578,861,25584.52,25497.74,0.00
2025-11-26,15:58:00,25578.5,25583.25,25578,25579.5,975,25584.51,25497.79,0.00
2025-11-26,15:59:00,25579.25,25588.25,25578.75,25586,1346,25584.51,25497.87,0.00
2025-11-26,16:00:00,25586.25,25587.25,25580.5,25585.5,886,25584.51,25497.92,0.00
2025-11-26,16:01:00,25585.5,25587,25579.5,25586.75,1261,25584.51,25497.99,0.00
2025-11-26,16:02:00,25587,25595.75,25584.5,25595.5,2019,25584.54,25498.12,0.00
2025-11-26,16:03:00,25594.75,25596,25588.5,25592.5,1856,25584.58,25498.23,0.00
2025-11-26,16:04:00,25592.75,25595.25,25590.25,25593.75,752,25584.59,25498.28,0.00
2025-11-26,16:05:00,25593.75,25593.75,25588,25591.25,703,25584.60,25498.32,0.00
2025-11-26,16:06:00,25591.5,25591.75,25585.25,25588.75,1160,25584.61,25498.39,0.00
2025-11-26,16:07:00,25589,25591,25578.5,25581.75,2003,25584.61,25498.50,0.00
2025-11-26,16:08:00,25582,25582.5,25571.75,25576.25,2095,25584.57,25498.61,0.00
2025-11-26,16:09:00,25576.75,25583.75,25575,25582.5,1245,25584.56,25498.68,0.00
2025-11-26,16:10:00,25582.75,25588.5,25579.75,25588.25,1101,25584.56,25498.74,0.00
2025-11-26,16:11:00,25588,25598.75,25585,25596.5,2559,25584.61,25498.90,0.00
2025-11-26,16:12:00,25596.25,25598.75,25592.5,25597.75,1062,25584.64,25498.97,0.00
2025-11-26,16:13:00,25598,25605.25,25598,25603.25,1887,25584.71,25499.09,0.00
2025-11-26,16:14:00,25603.25,25606.25,25602,25604.25,1270,25584.77,25499.18,0.00
2025-11-26,16:15:00,25604,25609.25,25601,25608.25,1672,25584.85,25499.30,0.00
2025-11-26,16:16:00,25608.5,25612,25604,25605.5,1686,25584.93,25499.42,0.00
2025-11-26,16:17:00,25605.5,25613.5,25604,25607.75,1630,25585.02,25499.53,0.00
2025-11-26,16:18:00,25607.5,25613.25,25605.75,25609.75,1082,25585.08,25499.61,0.00
2025-11-26,16:19:00,25609.5,25611.75,25605.25,25606,1644,25585.16,25499.72,0.00
2025-11-26,16:20:00,25605.75,25605.75,25597.5,25598.75,2136,25585.23,25499.86,0.00
2025-11-26,16:21:00,25598.5,25606.5,25598,25601.5,1240,25585.28,25499.95,0.00
2025-11-26,16:22:00,25601.75,25611,25600.75,25607.5,1379,25585.34,25500.04,0.00
2025-11-26,16:23:00,25608,25608.75,25604.75,25606.5,653,25585.37,25500.09,0.00
2025-11-26,16:24:00,25606.25,25608.5,25599,25602,1040,25585.42,25500.16,0.00
2025-11-26,16:25:00,25602,25606.75,25601.5,25603.75,768,25585.45,25500.21,0.00
2025-11-26,16:26:00,25604.5,25605.75,25599,25605.75,1238,25585.49,25500.29,0.00
2025-11-26,16:27:00,25605.5,25608.75,25604,25608.5,889,25585.54,25500.35,0.00
2025-11-26,16:28:00,25608.5,25609.25,25603,25603.25,655,25585.56,25500.39,0.00
2025-11-26,16:29:00,25603,25606.5,25602,25602.75,623,25585.59,25500.44,0.00
2025-11-26,16:30:00,25602.75,25604.75,25598.5,25599,954,25585.62,25500.50,0.00
2025-11-26,16:31:00,25599.25,25604,25596,25600.25,2058,25585.68,25500.63,0.00
2025-11-26,16:32:00,25599.5,25602.5,25596.5,25598.5,832,25585.71,25500.68,0.00
2025-11-26,16:33:00,25598,25602.5,25595.25,25598.75,1284,25585.74,25500.76,0.00
2025-11-26,16:34:00,25598.5,25600.25,25586.75,25591.25,2254,25585.78,25500.90,0.00
2025-11-26,16:35:00,25591,25595,25587.25,25593.25,1516,25585.80,25500.98,0.00
2025-11-26,16:36:00,25593.25,25596.5,25589.5,25592.25,1181,25585.81,25501.05,0.00
2025-11-26,16:37:00,25592.75,25592.75,25586,25589,1486,25585.83,25501.14,0.00
2025-11-26,16:38:00,25589,25592.5,25586.25,25587,866,25585.83,25501.19,0.00
2025-11-26,16:39:00,25586.75,25587.75,25584,25585.25,1112,25585.83,25501.25,0.00
2025-11-26,16:40:00,25585.5,25591.75,25584.5,25587.5,1185,25585.84,25501.31,0.00
2025-11-26,16:41:00,25587.5,25590.25,25580.75,25582.25,1307,25585.83,25501.38,0.00
2025-11-26,16:42:00,25582,25586.5,25581,25585.75,1101,25585.83,25501.44,0.00
2025-11-26,16:43:00,25585.5,25594.5,25583.75,25592.5,1864,25585.85,25501.54,0.00
2025-11-26,16:44:00,25592.5,25598,25592,25593.75,1463,25585.87,25501.63,0.00
2025-11-26,16:45:00,25593.5,25595,25587.5,25589.75,1280,25585.88,25501.70,0.00
2025-11-26,16:46:00,25590,25596,25588.75,25594.25,1404,25585.91,25501.78,0.00
2025-11-26,16:47:00,25594,25597,25592.5,25595.25,947,25585.92,25501.84,0.00
2025-11-26,16:48:00,25595.25,25595.75,25579.25,25581,2389,25585.92,25501.97,0.00
2025-11-26,16:49:00,25580.5,25585.25,25576.25,25577.75,1898,25585.90,25502.06,0.00
2025-11-26,16:50:00,25577.5,25580.25,25574.5,25575,1751,25585.86,25502.14,0.00
2025-11-26,16:51:00,25575,25585.75,25558,25575.25,5367,25585.72,25502.38,0.00
2025-11-26,16:52:00,25575.25,25576.75,25556,25558.5,3532,25585.57,25502.52,0.00
2025-11-26,16:53:00,25558.25,25571,25558.25,25560.75,3292,25585.42,25502.64,0.00
2025-11-26,16:54:00,25560,25576.5,25558.25,25572.25,2832,25585.33,25502.76,0.00
2025-11-26,16:55:00,25572,25577.25,25554.75,25559.75,5182,25585.12,25502.96,0.00
2025-11-26,16:56:00,25559.75,25570.5,25554.25,25563,4427,25584.92,25503.12,0.00
2025-11-26,16:57:00,25562.5,25570.25,25559.75,25565.25,2261,25584.84,25503.21,0.00
2025-11-26,16:58:00,25565.25,25567.25,25560.5,25566.5,1384,25584.78,25503.26,0.00
2025-11-26,16:59:00,25566.5,25571,25562,25565,1750,25584.72,25503.33,0.00
2025-11-26,17:00:00,25565,25572,25548.25,25549.5,8396,25584.28,25503.61,0.00
2025-11-26,17:01:00,25550,25570,25546.75,25557.75,4514,25584.05,25503.76,0.00
2025-11-26,17:02:00,25557.5,25564,25555.25,25556,1702,25583.97,25503.82,0.00
2025-11-26,17:03:00,25555.75,25559,25553.25,25557,920,25583.93,25503.85,0.00
2025-11-26,17:04:00,25557,25563.5,25556.25,25559.25,821,25583.89,25503.87,0.00
2025-11-26,17:05:00,25559.25,25567.75,25556.5,25566,974,25583.85,25503.91,0.00
2025-11-26,17:06:00,25565.75,25566.25,25561.75,25563.75,516,25583.83,25503.93,0.00
2025-11-26,17:07:00,25563.75,25567.5,25561.75,25565,570,25583.81,25503.95,0.00
2025-11-26,17:08:00,25565.25,25575.25,25564.25,25573,1458,25583.78,25504.01,0.00
2025-11-26,17:09:00,25573.75,25582.25,25571,25582.25,1049,25583.77,25504.06,0.00
2025-11-26,17:10:00,25581.75,25585,25576.75,25579.5,1163,25583.76,25504.11,0.00
2025-11-26,17:11:00,25579.5,25580.25,25569,25571.5,902,25583.74,25504.15,0.00
2025-11-26,17:12:00,25571,25572.25,25568.5,25570.75,410,25583.73,25504.17,0.00
2025-11-26,17:13:00,25571,25571,25565,25567.75,642,25583.72,25504.19,0.00
2025-11-26,17:14:00,25567.25,25577.5,25566.75,25567.5,1066,25583.69,25504.23,0.00
2025-11-26,17:15:00,25567.5,25568,25564.25,25566.5,350,25583.68,25504.25,0.00
2025-11-26,17:16:00,25567,25567.75,25563.25,25566.5,510,25583.66,25504.27,0.00
2025-11-26,17:17:00,25566,25567.25,25554.5,25554.5,664,25583.63,25504.29,0.00
2025-11-26,17:18:00,25554.5,25560.75,25554.5,25559.75,412,25583.61,25504.30,0.00
2025-11-26,17:19:00,25559.75,25562.75,25559.5,25562,282,25583.60,25504.31,0.00
2025-11-26,17:20:00,25561.5,25566,25560,25563.25,391,25583.59,25504.33,0.00
2025-11-26,17:21:00,25563.25,25564.75,25561.5,25563.25,261,25583.58,25504.34,0.00
2025-11-26,17:22:00,25563.25,25563.25,25561.25,25562.75,172,25583.57,25504.34,0.00
2025-11-26,17:23:00,25562.25,25569.75,25559,25569.75,578,25583.55,25504.36,0.00
2025-11-26,17:24:00,25569.75,25580.5,25568,25571.75,958,25583.54,25504.40,0.00
2025-11-26,17:25:00,25572.25,25572.75,25568.5,25569,252,25583.53,25504.41,0.00
2025-11-26,17:26:00,25569,25570.5,25567.75,25570.25,302,25583.52,25504.43,0.00
2025-11-26,17:27:00,25570.25,25574.5,25569.25,25571,378,25583.51,25504.44,0.00
2025-11-26,17:28:00,25571.25,25572.25,25568.5,25570,283,25583.51,25504.45,0.00
2025-11-26,17:29:00,25570.5,25571,25568.25,25570.25,204,25583.50,25504.46,0.00
2025-11-26,17:30:00,25570.25,25570.25,25568,25569.5,204,25583.50,25504.47,0.00
2025-11-26,17:31:00,25569.5,25570.25,25566.75,25570,268,25583.49,25504.48,0.00
2025-11-26,17:32:00,25570,25570.25,25567.25,25569.5,334,25583.48,25504.49,0.00
2025-11-26,17:33:00,25569.75,25571.75,25569,25571.25,199,25583.48,25504.50,0.00
2025-11-26,17:34:00,25571.5,25571.5,25567.5,25567.75,232,25583.47,25504.51,0.00
2025-11-26,17:35:00,25567.75,25568,25564.25,25566.5,291,25583.46,25504.52,0.00
2025-11-26,17:36:00,25566.75,25567,25564.75,25565.25,260,25583.45,25504.53,0.00
2025-11-26,17:37:00,25565.75,25567.25,25563.5,25563.75,260,25583.44,25504.54,0.00
2025-11-26,17:38:00,25563.75,25566.5,25562.5,25566,328,25583.43,25504.55,0.00
2025-11-26,17:39:00,25566,25566,25563.25,25564.75,158,25583.43,25504.56,0.00
2025-11-26,17:40:00,25564,25566.25,25563.5,25566.25,133,25583.42,25504.56,0.00
2025-11-26,17:41:00,25566,25566.75,25562.25,25562.5,194,25583.42,25504.57,0.00
2025-11-26,17:42:00,25562.75,25563.5,25559.5,25560.75,228,25583.41,25504.58,0.00
2025-11-26,17:43:00,25560.5,25562,25557.25,25560,367,25583.39,25504.59,0.00
2025-11-26,17:44:00,25560,25561.25,25557.75,25560.5,250,25583.38,25504.60,0.00
2025-11-26,17:45:00,25560.5,25564.5,25560.25,25563.25,342,25583.37,25504.61,0.00
2025-11-26,17:46:00,25563,25564.75,25560.5,25561.75,274,25583.36,25504.62,0.00
2025-11-26,17:47:00,25562,25567.5,25561.75,25566.25,372,25583.35,25504.63,0.00
2025-11-26,17:48:00,25565.75,25567.25,25563,25564.5,261,25583.34,25504.64,0.00
2025-11-26,17:49:00,25564.5,25565.75,25561.5,25564.25,245,25583.33,25504.65,0.00
2025-11-26,17:50:00,25563.75,25565.5,25563,25564.75,135,25583.32,25504.66,0.00
2025-11-26,17:51:00,25564.5,25565.75,25561,25564,528,25583.31,25504.68,0.00
2025-11-26,17:52:00,25563.75,25564.25,25562.25,25564,210,25583.30,25504.68,0.00
2025-11-26,17:53:00,25563,25564.5,25561.5,25563.5,151,25583.29,25504.69,0.00
2025-11-26,17:54:00,25562.75,25566.75,25562.75,25565.75,171,25583.29,25504.69,0.00
2025-11-26,17:55:00,25566.5,25569.5,25565.5,25569.5,261,25583.28,25504.70,0.00
2025-11-26,17:56:00,25569,25569,25566.25,25567.25,265,25583.27,25504.71,0.00
2025-11-26,17:57:00,25566.75,25568.5,25566.75,25566.75,85,25583.27,25504.72,0.00
2025-11-26,17:58:00,25567.25,25571,25565.75,25567.25,378,25583.26,25504.73,0.00
2025-11-26,17:59:00,25567,25568.75,25565.75,25568.75,184,25583.25,25504.74,0.00
2025-11-26,18:00:00,25568.75,25570,25562.5,25567.75,504,25583.24,25504.76,0.00
2025-11-26,19:01:00,25570,25589.25,25567.25,25585.5,923,25580.67,25580.67,0.00
2025-11-26,19:02:00,25585,25585.25,25574.75,25578,445,25580.23,25580.23,0.00
2025-11-26,19:03:00,25578,25581,25576.25,25579,95,25580.14,25580.14,0.00
2025-11-26,19:04:00,25580,25580.75,25575.5,25577.25,136,25579.94,25579.94,0.00
2025-11-26,19:05:00,25577.75,25578.25,25574,25576,77,25579.76,25579.76,0.00
2025-11-26,19:06:00,25577,25577.75,25571,25573,134,25579.33,25579.33,0.00
2025-11-26,19:07:00,25574.25,25575,25571.25,25572.5,145,25578.85,25578.85,0.00
2025-11-26,19:08:00,25574,25588.25,25574,25585.75,327,25579.40,25579.40,0.00
2025-11-26,19:09:00,25585.5,25588,25582.75,25584.75,181,25579.82,25579.82,0.00
2025-11-26,19:10:00,25584.75,25585,25579.75,25583.75,130,25579.98,25579.98,0.00
2025-11-26,19:11:00,25583.25,25591.25,25583,25588.75,236,25587.67,25580.62,0.00
2025-11-26,19:12:00,25590,25590.75,25582.25,25584,270,25586.60,25581.06,0.00
2025-11-26,19:13:00,25583,25583,25577.25,25581.75,291,25584.43,25581.02,0.00
2025-11-26,19:14:00,25581,25581.25,25575.25,25576.25,122,25583.52,25580.90,0.00
2025-11-26,19:15:00,25576.25,25576.25,25565.25,25571.75,586,25578.68,25571.08,0.00
2025-11-26,19:16:00,25570.5,25570.5,25566.25,25568.25,419,25576.43,25569.94,0.00
2025-11-26,19:17:00,25567.25,25571.75,25566.25,25568.5,127,25575.96,25569.81,0.00
2025-11-26,19:18:00,25568.75,25569.25,25565.75,25567.75,163,25575.34,25569.53,0.00
2025-11-26,19:19:00,25568.5,25570,25567.5,25568.75,182,25574.84,25569.44,0.00
2025-11-26,19:20:00,25568.75,25573.75,25568.75,25573.75,161,25574.67,25569.70,0.00
2025-11-26,19:21:00,25573.75,25581,25570.5,25578.5,549,25575.02,25571.45,0.00
2025-11-26,19:22:00,25578.5,25578.75,25570,25572.75,176,25574.96,25571.62,0.00
2025-11-26,19:23:00,25571.75,25572.75,25568.75,25570,130,25574.79,25571.57,0.00
2025-11-26,19:24:00,25569.75,25572.75,25568.25,25572,173,25574.60,25571.53,0.00
2025-11-26,19:25:00,25572,25573.5,25569.25,25569.25,147,25574.45,25571.48,0.00
2025-11-26,19:26:00,25569,25577.25,25569,25572.75,261,25574.35,25571.61,0.00
2025-11-26,19:27:00,25572.75,25572.75,25569,25570.75,105,25574.26,25571.59,0.00
2025-11-26,19:28:00,25571,25571.75,25567.5,25570.5,118,25574.14,25571.53,0.00
2025-11-26,19:29:00,25569.75,25572,25568.5,25569.75,137,25574.01,25571.47,0.00
2025-11-26,19:30:00,25569.5,25572,25564.75,25571.25,297,25573.72,25569.33,0.00
2025-11-26,19:31:00,25571.25,25576.5,25570.5,25574.25,279,25573.72,25571.47,0.00
2025-11-26,19:32:00,25574,25579.5,25572.75,25579,330,25573.93,25573.52,0.00
2025-11-26,19:33:00,25579,25580.25,25574.75,25576.25,171,25574.03,25574.08,0.00
2025-11-26,19:34:00,25576.5,25577.75,25574.75,25576.25,92,25574.06,25574.25,0.00
2025-11-26,19:35:00,25575.75,25578.25,25575.5,25575.75,137,25574.12,25574.49,0.00
2025-11-26,19:36:00,25575.75,25579,25575.5,25579,133,25574.21,25574.80,0.00
2025-11-26,19:37:00,25579,25582.25,25577.5,25581.5,271,25574.49,25575.69,0.00
2025-11-26,19:38:00,25582.25,25583.75,25578.75,25580.5,267,25574.76,25576.41,0.00
2025-11-26,19:39:00,25581,25581,25576,25577.75,143,25574.84,25576.53,0.00
2025-11-26,19:40:00,25577.75,25577.75,25574.25,25575.75,140,25574.86,25576.49,0.00
2025-11-26,19:41:00,25577.25,25582,25577.25,25580.25,82,25574.92,25576.61,0.00
2025-11-26,19:42:00,25580,25580.5,25578.75,25580,73,25574.97,25576.70,0.00
2025-11-26,19:43:00,25579.5,25582.5,25579.5,25580,118,25575.07,25576.89,0.00
2025-11-26,19:44:00,25578.75,25580,25577.5,25578,94,25575.12,25576.95,0.00
2025-11-26,19:45:00,25578,25579.25,25575.5,25578.25,192,25575.19,25577.00,0.00
2025-11-26,19:46:00,25577.25,25578.5,25572,25574.25,226,25575.18,25576.84,0.00
2025-11-26,19:47:00,25574,25577,25571.25,25574.25,246,25575.15,25576.64,0.00
2025-11-26,19:48:00,25573.75,25574.75,25571.5,25572.75,100,25575.12,25576.53,0.00
2025-11-26,19:49:00,25573,25579,25571.5,25579,179,25575.15,25576.53,0.00
2025-11-26,19:50:00,25578.25,25583.25,25577.5,25581.75,248,25575.32,25576.81,0.00
2025-11-26,19:51:00,25581.75,25583.25,25580.75,25581.25,220,25575.49,25577.08,0.00
2025-11-26,19:52:00,25580.5,25586.25,25580.5,25584.25,272,25575.75,25577.50,0.00
2025-11-26,19:53:00,25584.5,25587.25,25583,25585.5,144,25575.90,25577.75,0.00
2025-11-26,19:54:00,25585.75,25587.75,25583.5,25586,129,25576.04,25577.97,0.00
2025-11-26,19:55:00,25586,25586.25,25581,25582,145,25576.16,25578.13,0.00
2025-11-26,19:56:00,25581,25582.5,25579.25,25579.25,185,25576.24,25578.21,0.00
2025-11-26,19:57:00,25579.5,25582,25577.5,25582,210,25576.33,25578.31,0.00
2025-11-26,19:58:00,25581.25,25581.25,25577.25,25580.5,116,25576.37,25578.34,0.00
2025-11-26,19:59:00,25580,25581.25,25577.75,25578.25,88,25576.40,25578.35,0.00
2025-11-26,20:00:00,25578,25581.25,25575.75,25576.75,157,25576.42,25578.34,0.00
2025-11-26,20:01:00,25576,25582,25570,25581.5,552,25576.50,25578.29,0.00
2025-11-26,20:02:00,25581.5,25583.75,25580,25583,377,25576.70,25578.52,0.00
2025-11-26,20:03:00,25582.5,25586,25581.25,25583.75,280,25576.88,25578.74,0.00
2025-11-26,20:04:00,25584.5,25585.5,25582.75,25584.75,127,25576.96,25578.84,0.00
2025-11-26,20:05:00,25584.25,25586.5,25581,25582,215,25577.08,25578.97,0.00
2025-11-26,20:06:00,25582.5,25584.25,25578.25,25580.75,219,25577.15,25579.04,0.00
2025-11-26,20:07:00,25581.25,25582,25577.25,25580,136,25577.18,25579.05,0.00
2025-11-26,20:08:00,25580,25580.5,25571.25,25573.75,368,25577.12,25578.87,0.00
2025-11-26,20:09:00,25574,25576.25,25567.75,25575.5,742,25576.89,25578.37,0.00
2025-11-26,20:10:00,25576.25,25577.25,25574.5,25575.25,141,25576.88,25578.33,0.00
2025-11-26,20:11:00,25575.25,25580.5,25575,25579.5,208,25576.90,25578.33,0.00
2025-11-26,20:12:00,25579,25581.25,25576.5,25580,204,25576.94,25578.35,0.00
2025-11-26,20:13:00,25580.75,25581.25,25577.75,25581,121,25576.97,25578.37,0.00
2025-11-26,20:14:00,25580.5,25581.25,25576.25,25580.75,201,25577.00,25578.39,0.00
2025-11-26,20:15:00,25580.25,25582.5,25579,25581,158,25577.05,25578.43,0.00
2025-11-26,20:16:00,25581.25,25581.75,25577.5,25581,107,25577.07,25578.45,0.00
2025-11-26,20:17:00,25581.75,25582,25578.25,25580,104,25577.09,25578.47,0.00
2025-11-26,20:18:00,25580.5,25581.75,25577.25,25579.5,171,25577.12,25578.48,0.00
2025-11-26,20:19:00,25580,25581.5,25577.5,25579.25,101,25577.14,25578.49,0.00
2025-11-26,20:20:00,25578.25,25580,25574.75,25580,165,25577.15,25578.49,0.00
2025-11-26,20:21:00,25579.75,25581,25577.25,25578,121,25577.16,25578.49,0.00
2025-11-26,20:22:00,25577.5,25578.5,25576,25577.75,69,25577.16,25578.49,0.00
2025-11-26,20:23:00,25577.75,25578,25574,25576.5,170,25577.15,25578.45,0.00
2025-11-26,20:24:00,25576.25,25577.5,25573,25573,89,25577.14,25578.42,0.00
2025-11-26,20:25:00,25573,25573.75,25570.75,25571.5,187,25577.07,25578.30,0.00
2025-11-26,20:26:00,25572,25574,25570.25,25573.75,137,25577.03,25578.23,0.00
2025-11-26,20:27:00,25573.75,25576,25573.75,25575.25,71,25577.02,25578.21,0.00
2025-11-26,20:28:00,25575.25,25578.5,25574.75,25576.25,159,25577.02,25578.19,0.00
2025-11-26,20:29:00,25576.25,25577,25573.75,25576.25,91,25577.01,25578.17,0.00
2025-11-26,20:30:00,25576.25,25579.75,25576.25,25579.75,198,25577.03,25578.18,0.00
2025-11-26,20:31:00,25578.75,25582.25,25578.5,25579,215,25577.07,25578.21,0.00
2025-11-26,20:32:00,25579.25,25580.75,25576.5,25579.75,117,25577.08,25578.22,0.00
2025-11-26,20:33:00,25580.25,25581.25,25578.5,25581,73,25577.10,25578.23,0.00
2025-11-26,20:34:00,25580.75,25581.75,25579.25,25580.5,98,25577.12,25578.25,0.00
2025-11-26,20:35:00,25580.25,25582.25,25577.75,25578.5,138,25577.14,25578.26,0.00
2025-11-26,20:36:00,25578.25,25578.5,25574.75,25576.25,213,25577.13,25578.23,0.00
2025-11-26,20:37:00,25576.5,25576.75,25573.25,25576.5,186,25577.11,25578.19,0.00
2025-11-26,20:38:00,25575.5,25575.5,25573.25,25574.5,101,25577.10,25578.16,0.00
2025-11-26,20:39:00,25574.5,25574.75,25572.25,25572.75,94,25577.07,25578.12,0.00
2025-11-26,20:40:00,25573,25574.5,25572.25,25574,94,25577.06,25578.09,0.00
2025-11-26,20:41:00,25573.5,25573.75,25571.5,25573.5,116,25577.03,25578.04,0.00
2025-11-26,20:42:00,25573.75,25575,25572.5,25574.75,103,25577.01,25578.01,0.00
2025-11-26,20:43:00,25574.25,25574.5,25571,25572.75,116,25576.98,25577.97,0.00
2025-11-26,20:44:00,25572.5,25573.75,25571.75,25573.75,46,25576.97,25577.95,0.00
2025-11-26,20:45:00,25574,25575.25,25573.5,25574.25,75,25576.96,25577.93,0.00
2025-11-26,20:46:00,25573.75,25574.5,25572.75,25573.5,60,25576.95,25577.91,0.00
2025-11-26,20:47:00,25574,25574.25,25570.75,25574.25,82,25576.93,25577.88,0.00
2025-11-26,20:48:00,25573.75,25573.75,25569.5,25571,162,25576.88,25577.80,0.00
2025-11-26,20:49:00,25570.75,25571.75,25568.75,25571,260,25576.79,25577.66,0.00
2025-11-26,20:50:00,25570.75,25572.5,25569.75,25571.5,148,25576.75,25577.60,0.00
2025-11-26,20:51:00,25571.25,25574.25,25571,25574,189,25576.71,25577.54,0.00
2025-11-26,20:52:00,25573.75,25576.75,25573,25574.75,175,25576.69,25577.50,0.00
2025-11-26,20:53:00,25574.75,25576.75,25573.25,25575.75,122,25576.68,25577.48,0.00
2025-11-26,20:54:00,25576.25,25578,25576,25576.25,140,25576.68,25577.48,0.00
2025-11-26,20:55:00,25576.25,25577,25573.75,25574.25,83,25576.67,25577.46,0.00
2025-11-26,20:56:00,25574,25575.75,25573,25575.75,121,25576.66,25577.44,0.00
2025-11-26,20:57:00,25576.5,25578.25,25575.75,25577.25,130,25576.67,25577.44,0.00
2025-11-26,20:58:00,25577.25,25578.25,25576.25,25578,99,25576.67,25577.44,0.00
2025-11-26,20:59:00,25577.75,25582,25577.25,25581.5,204,25576.71,25577.48,0.00
2025-11-26,21:00:00,25581.75,25585.25,25581.75,25583.5,389,25576.84,25577.63,0.00
2025-11-26,21:01:00,25583.5,25586.25,25582.75,25585.5,329,25576.97,25577.78,0.00
2025-11-26,21:02:00,25586,25591,25585.5,25590.25,507,25577.26,25578.12,0.00
2025-11-26,21:03:00,25590.75,25592.5,25587,25591.5,372,25590.33,25578.39,0.00
2025-11-26,21:04:00,25591,25592,25589,25592,158,25590.53,25578.51,0.00
2025-11-26,21:05:00,25591.25,25592.25,25587,25590.25,168,25590.36,25578.62,0.00
2025-11-26,21:06:00,25590.5,25592.25,25587.25,25588.75,131,25590.21,25578.70,0.00
2025-11-26,21:07:00,25588.25,25589.5,25586.75,25587.5,124,25589.92,25578.76,0.00
2025-11-26,21:08:00,25587.5,25587.5,25580.75,25583.25,398,25588.12,25578.88,0.00
2025-11-26,21:09:00,25582.75,25583,25575.75,25575.75,371,25585.98,25578.86,0.00
2025-11-26,21:10:00,25575.5,25576.25,25569.5,25571.75,544,25582.74,25578.68,0.00
2025-11-26,21:11:00,25571,25571.25,25564.75,25566.75,544,25579.81,25578.36,0.00
2025-11-26,21:12:00,25567.75,25576.25,25567,25576.25,407,25578.97,25578.26,0.00
2025-11-26,21:13:00,25575.25,25576,25569.5,25572,211,25578.57,25578.20,0.00
2025-11-26,21:14:00,25572.5,25572.75,25568.25,25570.25,155,25578.22,25578.14,0.00
2025-11-26,21:15:00,25570.25,25573.25,25568.75,25570,126,25577.96,25578.09,0.00
2025-11-26,21:16:00,25569.75,25570.5,25557.5,25558.75,804,25575.16,25562.25,0.00
2025-11-26,21:17:00,25559.25,25561.75,25557.75,25559.5,362,25574.01,25561.45,0.00
2025-11-26,21:18:00,25559,25561.5,25556.5,25560,301,25573.16,25559.33,0.00
2025-11-26,21:19:00,25559.5,25567.25,25558.5,25562,445,25572.32,25561.27,0.00
2025-11-26,21:20:00,25562.25,25562.75,25558.25,25561.5,208,25571.91,25561.18,0.00
2025-11-26,21:21:00,25562.25,25566.75,25560.25,25565.5,251,25571.59,25561.80,0.00
2025-11-26,21:22:00,25565.25,25567.25,25563,25566.5,200,25571.40,25562.34,0.00
2025-11-26,21:23:00,25565.75,25568.25,25564.75,25565.25,216,25571.22,25562.84,0.00
2025-11-26,21:24:00,25564.5,25567.5,25562,25566.75,171,25571.07,25563.08,0.00
2025-11-26,21:25:00,25566.75,25571.25,25566.25,25568.5,323,25570.96,25563.94,0.00
2025-11-26,21:26:00,25568.5,25571.5,25568.25,25568.25,202,25570.92,25564.41,0.00
2025-11-26,21:27:00,25567.75,25570.75,25566.75,25569.75,155,25570.88,25564.70,0.00
2025-11-26,21:28:00,25570.25,25572.75,25568.75,25569.5,241,25570.86,25565.20,0.00
2025-11-26,21:29:00,25570,25571.75,25568.25,25570.25,137,25570.85,25565.43,0.00
2025-11-26,21:30:00,25570.75,25571.25,25568.75,25569.25,116,25570.83,25565.60,0.00
2025-11-26,21:31:00,25569.25,25570,25564,25565.25,313,25570.66,25565.68,0.00
2025-11-26,21:32:00,25564.75,25565.25,25558.75,25563,392,25570.28,25565.32,0.00
2025-11-26,21:33:00,25564,25567,25561.5,25564,300,25570.07,25565.24,0.00
2025-11-26,21:34:00,25564.25,25565.75,25562,25562.5,178,25569.94,25565.16,0.00
2025-11-26,21:35:00,25563,25563.5,25560.75,25562.25,144,25569.82,25565.06,0.00
2025-11-26,21:36:00,25563.75,25565.75,25562,25562.5,138,25569.72,25565.01,0.00
2025-11-26,21:37:00,25562.5,25563.25,25560.75,25562.75,146,25569.61,25564.92,0.00
2025-11-26,21:38:00,25562.75,25563.5,25560.25,25561.25,81,25569.54,25564.86,0.00
2025-11-26,21:39:00,25561.5,25563,25558.75,25561.75,137,25569.42,25564.76,0.00
2025-11-26,21:40:00,25562,25564,25560.25,25562,123,25569.33,25564.69,0.00
2025-11-26,21:41:00,25562.5,25563.5,25561.25,25562.25,112,25569.25,25564.64,0.00
2025-11-26,21:42:00,25562.75,25563.25,25560.75,25561,88,25569.18,25564.59,0.00
2025-11-26,21:43:00,25561,25564,25560.5,25563.25,101,25569.12,25564.55,0.00
2025-11-26,21:44:00,25563.25,25564.5,25561.25,25562.5,110,25569.05,25564.51,0.00
2025-11-26,21:45:00,25563,25570.25,25563,25569.75,408,25569.00,25564.73,0.00
2025-11-26,21:46:00,25570.25,25572.25,25568.25,25570.75,321,25569.04,25565.04,0.00
2025-11-26,21:47:00,25570.5,25571.25,25568,25569.5,167,25569.05,25565.16,0.00
2025-11-26,21:48:00,25569.25,25569.75,25565.75,25568.25,156,25569.03,25565.23,0.00
2025-11-26,21:49:00,25568.5,25572,25568.25,25572,113,25569.05,25565.32,0.00
2025-11-26,21:50:00,25572.25,25574,25570.75,25572.5,339,25569.15,25565.67,0.00
2025-11-26,21:51:00,25573.25,25573.75,25571.25,25573,115,25569.18,25565.79,0.00
2025-11-26,21:52:00,25572.5,25574.75,25571,25571.5,175,25569.23,25565.95,0.00
2025-11-26,21:53:00,25572,25573.5,25568.25,25573,203,25569.27,25566.11,0.00
2025-11-26,21:54:00,25573,25578,25573,25578,401,25569.49,25566.64,0.00
2025-11-26,21:55:00,25577.5,25582.75,25577,25582.25,374,25569.81,25567.29,0.00
2025-11-26,21:56:00,25582.25,25583,25581.25,25582.5,195,25570.00,25567.64,0.00
2025-11-26,21:57:00,25582.25,25583.75,25580.5,25582,287,25570.25,25568.12,0.00
2025-11-26,21:58:00,25582.25,25584.25,25581,25583.25,255,25570.49,25568.55,0.00
2025-11-26,21:59:00,25583.75,25587,25583.75,25586,329,25570.84,25569.16,0.00
2025-11-26,22:00:00,25586,25588,25585,25587.25,217,25571.08,25569.56,0.00
2025-11-26,22:01:00,25587.5,25592.75,25584.25,25585.25,715,25587.42,25570.83,0.00
2025-11-26,22:02:00,25585,25588.25,25583.75,25588,308,25587.19,25571.30,0.00
2025-11-26,22:03:00,25588.5,25590.5,25584.75,25585.25,310,25587.11,25571.75,0.00
2025-11-26,22:04:00,25585,25588.25,25584.25,25585.75,214,25586.97,25572.03,0.00
2025-11-26,22:05:00,25586,25587.75,25584.25,25584.25,172,25586.81,25572.23,0.00
2025-11-26,22:06:00,25584.75,25585.25,25582.5,25583.75,282,25586.39,25572.52,0.00
2025-11-26,22:07:00,25584.25,25585.5,25581,25584.75,267,25586.08,25572.78,0.00
2025-11-26,22:08:00,25584.75,25585.5,25581.25,25581.5,114,25585.92,25572.88,0.00
2025-11-26,22:09:00,25582.5,25584,25581.25,25583.25,142,25585.75,25572.99,0.00
2025-11-26,22:10:00,25582.75,25583,25580.5,25582.25,135,25585.55,25573.09,0.00
2025-11-26,22:11:00,25582.25,25582.25,25579,25580.75,219,25585.18,25573.23,0.00
2025-11-26,22:12:00,25581,25583.5,25580.5,25581.25,99,25585.07,25573.30,0.00
2025-11-26,22:13:00,25581.25,25583,25578.5,25579.75,166,25584.82,25573.39,0.00
2025-11-26,22:14:00,25580.25,25583.25,25578.75,25581.5,155,25584.65,25573.49,0.00
2025-11-26,22:15:00,25582.5,25587.25,25581.75,25586,315,25584.68,25573.77,0.00
2025-11-26,22:16:00,25586,25589.5,25584.5,25589,246,25584.87,25574.02,0.00
2025-11-26,22:17:00,25589.25,25589.75,25587.25,25587.75,137,25584.99,25574.17,0.00
2025-11-26,22:18:00,25588.5,25589.25,25582,25582.75,170,25584.97,25574.30,0.00
2025-11-26,22:19:00,25583,25585,25580.75,25583.5,127,25584.92,25574.38,0.00
2025-11-26,22:20:00,25583.25,25584.25,25581.5,25583,144,25584.85,25574.47,0.00
2025-11-26,22:21:00,25583,25584.5,25581.5,25582,86,25584.81,25574.52,0.00
2025-11-26,22:22:00,25582.5,25584.75,25580.5,25582.75,203,25584.72,25574.64,0.00
2025-11-26,22:23:00,25583,25583.5,25579.75,25580.75,103,25584.65,25574.69,0.00
2025-11-26,22:24:00,25580.25,25581.25,25578.25,25580.75,103,25584.55,25574.73,0.00
2025-11-26,22:25:00,25581,25582.75,25579.25,25581.25,101,25584.48,25574.77,0.00
2025-11-26,22:26:00,25582,25582,25578.25,25579,114,25584.38,25574.81,0.00
2025-11-26,22:27:00,25579,25581.25,25578.5,25580.5,113,25584.28,25574.85,0.00
2025-11-26,22:28:00,25580.75,25582.75,25579.75,25581.75,112,25584.22,25574.90,0.00
2025-11-26,22:29:00,25581.25,25583,25580.75,25583,74,25584.20,25574.94,0.00
2025-11-26,22:30:00,25582.75,25584.75,25581.75,25584.25,108,25584.19,25575.00,0.00
2025-11-26,22:31:00,25584.75,25585,25583.5,25584,54,25584.19,25575.03,0.00
2025-11-26,22:32:00,25584.25,25586.25,25584,25584.25,85,25584.20,25575.09,0.00
2025-11-26,22:33:00,25585,25585.25,25581.75,25582.75,90,25584.18,25575.14,0.00
2025-11-26,22:34:00,25582.75,25582.75,25579.25,25579.75,103,25584.12,25575.17,0.00
2025-11-26,22:35:00,25580.25,25581,25578.25,25578.5,173,25583.98,25575.22,0.00
2025-11-26,22:36:00,25578.5,25580.5,25577.25,25579.5,133,25583.87,25575.25,0.00
2025-11-26,22:37:00,25579.5,25581.25,25578,25579.75,103,25583.80,25575.28,0.00
2025-11-26,22:38:00,25579.25,25581.5,25578.75,25580.5,64,25583.77,25575.30,0.00
2025-11-26,22:39:00,25580,25581,25578,25578,110,25583.69,25575.33,0.00
2025-11-26,22:40:00,25578.25,25579.75,25576.75,25578.5,133,25583.58,25575.35,0.00
2025-11-26,22:41:00,25578.75,25579.75,25576,25578,244,25583.38,25575.39,0.00
2025-11-26,22:42:00,25578.25,25579.75,25576.75,25576.75,110,25583.29,25575.41,0.00
2025-11-26,22:43:00,25576.5,25578.25,25572.75,25573.75,188,25583.07,25575.40,0.00
2025-11-26,22:44:00,25573.75,25578,25572.25,25577.75,237,25582.84,25575.41,0.00
2025-11-26,22:45:00,25578,25582,25577.5,25581.5,217,25582.77,25575.47,0.00
2025-11-26,22:46:00,25582,25582.5,25578.75,25580.75,86,25582.75,25575.50,0.00
2025-11-26,22:47:00,25580.75,25580.75,25575,25575.25,92,25582.68,25575.51,0.00
2025-11-26,22:48:00,25575.25,25575.75,25573,25574.75,168,25582.51,25575.50,0.00
2025-11-26,22:49:00,25575.25,25576.5,25573.75,25573.75,44,25582.46,25575.50,0.00
2025-11-26,22:50:00,25575.25,25577,25574.75,25577,36,25582.43,25575.50,0.00
2025-11-26,22:51:00,25577.25,25577.75,25576.25,25576.25,94,25582.37,25575.50,0.00
2025-11-26,22:52:00,25577,25577,25572,25572.75,158,25582.21,25575.49,0.00
2025-11-26,22:53:00,25573,25573.5,25568.5,25572.75,278,25581.86,25575.43,0.00
2025-11-26,22:54:00,25572.5,25574.5,25570.75,25571.25,114,25581.73,25575.41,0.00
2025-11-26,22:55:00,25570.75,25570.75,25568,25570,138,25581.54,25575.36,0.00
2025-11-26,22:56:00,25570.25,25571,25568.25,25569.75,121,25581.38,25575.33,0.00
2025-11-26,22:57:00,25570,25571,25568.5,25569.75,131,25581.22,25575.29,0.00
2025-11-26,22:58:00,25570,25572,25567.75,25570,150,25581.03,25575.24,0.00
2025-11-26,22:59:00,25570.25,25573,25569.75,25570.75,133,25580.89,25575.21,0.00
2025-11-26,23:00:00,25570.5,25572.5,25568.75,25569.25,93,25580.78,25575.19,0.00
2025-11-26,23:01:00,25570.25,25572.5,25567,25571.5,221,25580.55,25575.13,0.00
2025-11-26,23:02:00,25570,25571,25568.75,25570,54,25580.49,25575.12,0.00
2025-11-26,23:03:00,25569.5,25569.5,25565.25,25565.5,185,25580.23,25575.04,0.00
2025-11-26,23:04:00,25566,25568.25,25565,25568,152,25580.03,25574.98,0.00
2025-11-26,23:05:00,25567.75,25569.75,25567.25,25568.5,44,25579.98,25574.96,0.00
2025-11-26,23:06:00,25569,25569.75,25566.75,25568.75,123,25579.84,25574.92,0.00
2025-11-26,23:07:00,25568.75,25570.75,25567.25,25568.25,97,25579.74,25574.89,0.00
2025-11-26,23:08:00,25567.25,25567.5,25563.5,25564,204,25579.45,25574.79,0.00
2025-11-26,23:09:00,25563.75,25565.25,25561.5,25564,252,25579.08,25574.65,0.00
2025-11-26,23:10:00,25564.5,25565,25561.75,25562.25,111,25578.92,25574.58,0.00
2025-11-26,23:11:00,25562.75,25562.75,25559.5,25561.5,175,25578.64,25574.47,0.00
2025-11-26,23:12:00,25561,25563,25558.25,25562.5,259,25578.24,25574.30,0.00
2025-11-26,23:13:00,25562.5,25563,25561.25,25562,109,25578.08,25574.24,0.00
2025-11-26,23:14:00,25562,25562,25558,25559.75,230,25577.72,25574.08,0.00
2025-11-26,23:15:00,25559.25,25562,25559.25,25562,78,25577.61,25574.04,0.00
2025-11-26,23:16:00,25562.5,25564,25561.5,25562.25,125,25577.46,25573.97,0.00
2025-11-26,23:17:00,25562,25566.5,25561.75,25566.5,170,25577.28,25573.90,0.00
2025-11-26,23:18:00,25566.75,25571,25566.5,25570.5,280,25577.10,25573.84,0.00
2025-11-26,23:19:00,25570,25575.75,25570,25573.5,428,25576.96,25573.82,0.00
2025-11-26,23:20:00,25573,25573.5,25569.75,25570,190,25576.88,25573.80,0.00
2025-11-26,23:21:00,25570.75,25571,25567.5,25568,194,25576.76,25573.76,0.00
2025-11-26,23:22:00,25568,25570.25,25567,25567.25,141,25576.67,25573.72,0.00
2025-11-26,23:23:00,25568,25570.75,25568,25569.5,54,25576.64,25573.71,0.00
2025-11-26,23:24:00,25569.75,25571.5,25569.25,25570.75,81,25576.60,25573.70,0.00
2025-11-26,23:25:00,25570.25,25573.5,25570,25571,105,25576.56,25573.69,0.00
2025-11-26,23:26:00,25571.5,25572.25,25569.5,25570,53,25576.54,25573.68,0.00
2025-11-26,23:27:00,25570.5,25571,25568.5,25568.5,85,25576.49,25573.67,0.00
2025-11-26,23:28:00,25568.75,25569.25,25566.5,25568,110,25576.42,25573.64,0.00
2025-11-26,23:29:00,25566.75,25567.25,25564.5,25565.5,142,25576.31,25573.59,0.00
2025-11-26,23:30:00,25564.5,25564.5,25561.75,25562.5,176,25576.15,25573.51,0.00
2025-11-26,23:31:00,25562.25,25563.5,25560.5,25561,157,25575.99,25573.43,0.00
2025-11-26,23:32:00,25561,25566,25559.75,25565.5,196,25575.82,25573.35,0.00
2025-11-26,23:33:00,25565.75,25566.25,25562.75,25564.5,132,25575.72,25573.30,0.00
2025-11-26,23:34:00,25564.75,25565.5,25563,25565.5,68,25575.67,25573.28,0.00
2025-11-26,23:35:00,25565,25566,25564.75,25565.75,77,25575.61,25573.25,0.00
2025-11-26,23:36:00,25566,25566.5,25563.75,25565,75,25575.56,25573.23,0.00
2025-11-26,23:37:00,25565.5,25565.75,25562.75,25563.25,73,25575.50,25573.20,0.00
2025-11-26,23:38:00,25563.75,25564.5,25562,25562,57,25575.45,25573.18,0.00
2025-11-26,23:39:00,25562,25564.5,25561.5,25564.5,37,25575.42,25573.16,0.00
2025-11-26,23:40:00,25564.5,25568.25,25564.5,25568.25,144,25575.34,25573.13,0.00
2025-11-26,23:41:00,25568,25569.25,25566.25,25566.5,136,25575.27,25573.09,0.00
2025-11-26,23:42:00,25567.5,25567.5,25563.25,25564.25,123,25575.19,25573.05,0.00
2025-11-26,23:43:00,25565,25566,25564,25565.5,54,25575.15,25573.04,0.00
2025-11-26,23:44:00,25564.75,25565.5,25563.25,25565,42,25575.12,25573.02,0.00
2025-11-26,23:45:00,25565.25,25567.5,25565.25,25566.75,103,25575.07,25573.00,0.00
2025-11-26,23:46:00,25567.5,25568.25,25563,25563.75,115,25574.99,25572.96,0.00
2025-11-26,23:47:00,25563.75,25565.75,25563.75,25565.25,43,25574.97,25572.94,0.00
2025-11-26,23:48:00,25564.25,25566,25563.25,25564,79,25574.91,25572.92,0.00
2025-11-26,23:49:00,25564,25566.75,25564,25566.75,37,25574.89,25572.91,0.00
2025-11-26,23:50:00,25566.25,25567,25565.5,25566.25,37,25574.87,25572.90,0.00
2025-11-26,23:51:00,25566.25,25569.75,25566,25568.75,132,25574.82,25572.87,0.00
2025-11-26,23:52:00,25569,25569.5,25565.75,25567,96,25574.77,25572.85,0.00
2025-11-26,23:53:00,25568,25568.75,25567.5,25568.5,36,25574.76,25572.85,0.00
2025-11-26,23:54:00,25567.75,25568.25,25566.25,25567.5,66,25574.73,25572.83,0.00
2025-11-26,23:55:00,25568,25569.25,25566.25,25566.75,68,25574.70,25572.82,0.00
2025-11-26,23:56:00,25566.25,25567.5,25565.5,25565.75,57,25574.67,25572.80,0.00
2025-11-26,23:57:00,25566,25567.75,25565.75,25566,62,25574.64,25572.79,0.00
2025-11-26,23:58:00,25566,25567,25565.25,25565.5,40,25574.62,25572.78,0.00
2025-11-26,23:59:00,25566,25567.25,25565.75,25567,43,25574.59,25572.77,0.00
2025-11-26,00:00:00,25434.75,25438,25434,25434.5,112,25433.23,25397.52,0.00
2025-11-26,00:01:00,25434.25,25436.75,25431,25431.75,277,25433.23,25397.63,0.00
2025-11-26,00:02:00,25431.75,25435.25,25430.25,25435,245,25433.23,25397.73,0.00
2025-11-26,00:03:00,25434.75,25436,25431.75,25433,194,25433.24,25397.81,0.00
2025-11-26,00:04:00,25434.5,25436.75,25434,25436,153,25433.26,25397.88,0.00
2025-11-26,00:05:00,25436.5,25440.75,25436,25440.25,268,25433.36,25398.01,0.00
2025-11-26,00:06:00,25440.75,25442,25438,25441.5,293,25433.49,25398.15,0.00
2025-11-26,00:07:00,25441.25,25441.75,25438,25439,228,25433.57,25398.25,0.00
2025-11-26,00:08:00,25439.5,25441.25,25439.5,25440.5,76,25433.60,25398.29,0.00
2025-11-26,00:09:00,25440,25441,25437.75,25438.25,114,25433.64,25398.34,0.00
2025-11-26,00:10:00,25438.25,25438.75,25435.5,25437.25,152,25433.67,25398.41,0.00
2025-11-26,00:11:00,25437.5,25437.75,25433,25434,243,25433.69,25398.51,0.00
2025-11-26,00:12:00,25434.75,25436.25,25431,25431,219,25433.68,25398.60,0.00
2025-11-26,00:13:00,25431.75,25436,25430.25,25435.25,300,25433.68,25398.71,0.00
2025-11-26,00:14:00,25435.75,25439.25,25434.75,25436.5,314,25433.73,25398.85,0.00
2025-11-26,00:15:00,25436,25437,25432.75,25434.5,143,25433.74,25398.90,0.00
2025-11-26,00:16:00,25435.5,25438.75,25435,25436.25,139,25433.77,25398.96,0.00
2025-11-26,00:17:00,25436.5,25436.5,25432.25,25432.75,206,25433.77,25399.04,0.00
2025-11-26,00:18:00,25432.25,25433.25,25431,25432.75,208,25433.75,25399.12,0.00
2025-11-26,00:19:00,25432.75,25434.75,25431.5,25433,172,25433.74,25399.18,0.00
2025-11-26,00:20:00,25432.25,25433,25429.25,25433,482,25433.69,25399.36,0.00
2025-11-26,00:21:00,25432,25433,25428.25,25430.5,313,25433.64,25399.47,0.00
2025-11-26,00:22:00,25431,25437.5,25430.25,25435.25,448,25433.66,25399.64,0.00
2025-11-26,00:23:00,25435.5,25436.75,25434.25,25435.25,121,25433.67,25399.68,0.00
2025-11-26,00:24:00,25435.25,25435.75,25434,25434.5,72,25433.67,25399.71,0.00
2025-11-26,00:25:00,25434.5,25434.75,25429.5,25432,306,25433.65,25399.82,0.00
2025-11-26,00:26:00,25431.75,25432.5,25425.75,25427.75,445,25433.54,25399.96,0.00
2025-11-26,00:27:00,25427.75,25428,25423,25426.5,483,25433.37,25400.09,0.00
2025-11-26,00:28:00,25426.5,25429.5,25424.25,25425.25,305,25433.27,25400.18,0.00
2025-11-26,00:29:00,25425.5,25426.5,25422.5,25424,222,25433.18,25400.23,0.00
2025-11-26,00:30:00,25424,25425,25421.75,25422.25,228,25433.08,25400.29,0.00
2025-11-26,00:31:00,25423,25424.75,25419.75,25424.25,562,25432.83,25400.43,0.00
2025-11-26,00:32:00,25424.25,25426,25422.75,25424.25,180,25432.76,25400.47,0.00
2025-11-26,00:33:00,25424.5,25426.25,25420.5,25422.75,214,25432.67,25400.52,0.00
2025-11-26,00:34:00,25422.75,25423.5,25421.25,25422.25,157,25432.60,25400.56,0.00
2025-11-26,00:35:00,25422,25422.75,25415.25,25417.75,615,25432.24,25400.67,0.00
2025-11-26,00:36:00,25418.25,25420.5,25416.5,25419.25,374,25432.03,25400.74,0.00
2025-11-26,00:37:00,25419.75,25425.5,25419.5,25420.5,368,25431.88,25400.83,0.00
2025-11-26,00:38:00,25421,25421.25,25418.75,25420,141,25431.81,25400.85,0.00
2025-11-26,00:39:00,25420.75,25422.25,25420.25,25421,98,25431.77,25400.87,0.00
2025-11-26,00:40:00,25421.75,25423.5,25420.75,25420.75,124,25431.72,25400.90,0.00
2025-11-26,00:41:00,25421.5,25422.75,25418.75,25419.25,104,25431.67,25400.92,0.00
2025-11-26,00:42:00,25418.75,25419.25,25413.75,25416.25,356,25431.46,25400.98,0.00
2025-11-26,00:43:00,25416.5,25416.75,25414,25415.25,151,25431.36,25401.00,0.00
2025-11-26,00:44:00,25414.75,25417.75,25414.75,25415.75,128,25431.29,25401.02,0.00
2025-11-26,00:45:00,25416,25417.5,25415.5,25416.75,78,25431.24,25401.03,0.00
2025-11-26,00:46:00,25417,25422.75,25415.5,25421.5,294,25431.12,25401.09,0.00
2025-11-26,00:47:00,25421,25422.5,25419.75,25420,185,25431.04,25401.13,0.00
2025-11-26,00:48:00,25420.25,25423.25,25420.25,25420.5,107,25431.00,25401.15,0.00
2025-11-26,00:49:00,25420.5,25422.5,25419.75,25421.25,95,25430.97,25401.17,0.00
2025-11-26,00:50:00,25421.5,25421.5,25418.25,25419.75,94,25430.93,25401.19,0.00
2025-11-26,00:51:00,25419.75,25423.5,25419.25,25423.5,156,25430.88,25401.22,0.00
2025-11-26,00:52:00,25423.5,25425,25421.5,25423.5,218,25430.82,25401.27,0.00
2025-11-26,00:53:00,25423,25423.75,25419.75,25421.75,171,25430.76,25401.30,0.00
2025-11-26,00:54:00,25421.75,25422.5,25420.25,25420.25,48,25430.74,25401.31,0.00
2025-11-26,00:55:00,25420.75,25425.25,25420.75,25423.75,175,25430.69,25401.35,0.00
2025-11-26,00:56:00,25425,25426.5,25423.5,25424.75,184,25430.66,25401.40,0.00
2025-11-26,00:57:00,25425,25425,25421.75,25422.75,129,25430.62,25401.42,0.00
2025-11-26,00:58:00,25423.25,25424,25421.25,25422.75,56,25430.60,25401.44,0.00
2025-11-26,00:59:00,25423,25424,25421.75,25421.75,42,25430.59,25401.45,0.00
2025-11-26,01:00:00,25421.75,25422.5,25418.25,25422,308,25430.49,25401.51,0.00
2025-11-26,01:01:00,25421.25,25423.5,25420.25,25422.5,185,25430.43,25401.54,0.00
2025-11-26,01:02:00,25422.5,25425.75,25422.5,25425,113,25430.41,25401.57,0.00
2025-11-26,01:03:00,25425.75,25429.5,25424.75,25426,513,25430.34,25401.70,0.00
2025-11-26,01:04:00,25426.25,25427,25423.75,25426.5,158,25430.32,25401.74,0.00
2025-11-26,01:05:00,25425.25,25426.5,25419.75,25422.5,193,25430.27,25401.78,0.00
2025-11-26,01:06:00,25423,25424.75,25420.75,25424,199,25430.22,25401.82,0.00
2025-11-26,01:07:00,25424.25,25429,25423.75,25427.5,278,25430.19,25401.89,0.00
2025-11-26,01:08:00,25427.75,25433.25,25427.75,25431.5,451,25430.20,25402.02,0.00
2025-11-26,01:09:00,25431.25,25441,25431.25,25439.25,640,25430.34,25402.24,0.00
2025-11-26,01:10:00,25440,25443.75,25438,25441.5,578,25430.54,25402.45,0.00
2025-11-26,01:11:00,25441.75,25442.5,25437.25,25440.5,362,25430.65,25402.59,0.00
2025-11-26,01:12:00,25440.75,25444,25439,25440,324,25430.75,25402.71,0.00
2025-11-26,01:13:00,25439.25,25444.25,25438,25438.5,342,25430.85,25402.83,0.00
2025-11-26,01:14:00,25439.25,25441.25,25436.75,25437,263,25430.91,25402.92,0.00
2025-11-26,01:15:00,25437,25437.5,25434.75,25437,269,25430.96,25403.00,0.00
2025-11-26,01:16:00,25437.25,25440.75,25436.25,25440.25,198,25431.01,25403.07,0.00
2025-11-26,01:17:00,25440.75,25442.5,25436.5,25442.5,223,25431.07,25403.15,0.00
2025-11-26,01:18:00,25442.5,25442.75,25439.5,25441.5,103,25431.10,25403.19,0.00
2025-11-26,01:19:00,25441.75,25441.75,25438.25,25440.25,142,25431.14,25403.24,0.00
2025-11-26,01:20:00,25440.25,25442.5,25439.75,25441.5,148,25431.18,25403.29,0.00
2025-11-26,01:21:00,25440.75,25442.75,25440,25442.75,150,25431.23,25403.35,0.00
2025-11-26,01:22:00,25442.75,25453.25,25441.75,25452.5,1419,25449.17,25403.96,0.00
2025-11-26,01:23:00,25452.75,25454.5,25449,25450.25,535,25451.25,25404.19,0.00
2025-11-26,01:24:00,25450.5,25453.25,25449.25,25451,264,25451.22,25404.31,0.00
2025-11-26,01:25:00,25450.5,25452.75,25445.25,25446.25,263,25450.45,25404.41,0.00
2025-11-26,01:26:00,25445.75,25449.5,25444.5,25445.25,309,25449.54,25404.53,0.00
2025-11-26,01:27:00,25444.25,25446.5,25443.25,25444,262,25448.74,25404.63,0.00
2025-11-26,01:28:00,25443.75,25446,25442.5,25443.25,192,25448.23,25404.70,0.00
2025-11-26,01:29:00,25443.25,25443.5,25439.25,25441.5,368,25447.09,25404.82,0.00
2025-11-26,01:30:00,25441.75,25444.5,25441.75,25444,145,25446.86,25404.88,0.00
2025-11-26,01:31:00,25444,25451.25,25443.5,25449.5,403,25447.04,25405.03,0.00
2025-11-26,01:32:00,25450.25,25450.75,25445.5,25447.75,205,25447.11,25405.11,0.00
2025-11-26,01:33:00,25447.75,25453.25,25447.75,25452.5,243,25447.42,25405.22,0.00
2025-11-26,01:34:00,25451.5,25455.75,25450.25,25453.5,616,25453.17,25405.48,0.00
2025-11-26,01:35:00,25453.5,25454,25449.25,25452,280,25452.72,25405.60,0.00
2025-11-26,01:36:00,25453,25454.25,25451.75,25454,158,25452.82,25405.67,0.00
2025-11-26,01:37:00,25453.25,25454.5,25449.25,25450,238,25452.53,25405.76,0.00
2025-11-26,01:38:00,25449.25,25451.75,25446.75,25451,173,25452.21,25405.83,0.00
2025-11-26,01:39:00,25451.25,25456,25451.25,25452.5,301,25453.25,25405.96,0.00
2025-11-26,01:40:00,25453.5,25454,25450.5,25452.75,151,25452.97,25406.02,0.00
2025-11-26,01:41:00,25453,25454.25,25451.75,25452,149,25452.90,25406.09,0.00
2025-11-26,01:42:00,25452,25454.25,25450.75,25453.25,160,25452.87,25406.15,0.00
2025-11-26,01:43:00,25454.5,25455.5,25452.75,25454.25,219,25453.16,25406.25,0.00
2025-11-26,01:44:00,25454.5,25455.5,25452.75,25454.75,189,25453.35,25406.33,0.00
2025-11-26,01:45:00,25454.25,25454.5,25451.25,25451.25,117,25453.25,25406.37,0.00
2025-11-26,01:46:00,25451.25,25451.75,25448.75,25449.5,404,25452.48,25406.53,0.00
2025-11-26,01:47:00,25449.5,25451.25,25447.25,25449.25,278,25452.02,25406.63,0.00
2025-11-26,01:48:00,25448,25448.75,25444.75,25446.75,238,25451.45,25406.72,0.00
2025-11-26,01:49:00,25446.5,25451.5,25446.5,25450,179,25451.29,25406.79,0.00
2025-11-26,01:50:00,25450.25,25452.75,25450.25,25450.5,85,25451.29,25406.82,0.00
2025-11-26,01:51:00,25450.25,25450.5,25444.75,25446.75,193,25451.00,25406.89,0.00
2025-11-26,01:52:00,25446,25448.5,25445,25445.5,172,25450.72,25406.95,0.00
2025-11-26,01:53:00,25445.75,25448.5,25445.75,25447,130,25450.56,25406.99,0.00
2025-11-26,01:54:00,25447,25451.25,25446.5,25450,192,25450.48,25407.06,0.00
2025-11-26,01:55:00,25450.5,25451.25,25449,25450,53,25450.47,25407.08,0.00
2025-11-26,01:56:00,25450,25451.25,25448.5,25450,129,25450.45,25407.13,0.00
2025-11-26,01:57:00,25450,25452.25,25449.25,25452,105,25450.47,25407.17,0.00
2025-11-26,01:58:00,25451.75,25454,25450.5,25453.75,142,25450.56,25407.23,0.00
2025-11-26,01:59:00,25453,25453.5,25449.75,25451.75,109,25450.60,25407.27,0.00
2025-11-26,02:00:00,25451.5,25453.5,25451.5,25452.5,84,25450.64,25407.30,0.00
2025-11-26,02:01:00,25453,25454,25451,25452.5,125,25450.70,25407.35,0.00
2025-11-26,02:02:00,25452,25452.75,25446.25,25447,171,25450.61,25407.41,0.00
2025-11-26,02:03:00,25447.25,25452.5,25446.25,25446.5,308,25450.46,25407.52,0.00
2025-11-26,02:04:00,25446.25,25452,25445.75,25449.25,208,25450.39,25407.60,0.00
2025-11-26,02:05:00,25449,25453.25,25449,25451,175,25450.42,25407.66,0.00
2025-11-26,02:06:00,25451.5,25456,25449.75,25450,249,25450.49,25407.76,0.00
2025-11-26,02:07:00,25450.75,25453.25,25449.25,25452,132,25450.52,25407.80,0.00
2025-11-26,02:08:00,25452.25,25453,25450.75,25452.75,68,25450.54,25407.83,0.00
2025-11-26,02:09:00,25453,25453.5,25448.75,25450.25,104,25450.55,25407.87,0.00
2025-11-26,02:10:00,25451.25,25454.25,25450.5,25453.25,208,25450.63,25407.95,0.00
2025-11-26,02:11:00,25453,25453,25449.5,25451.75,188,25450.65,25408.02,0.00
2025-11-26,02:12:00,25453.25,25455,25450,25451.25,162,25450.69,25408.08,0.00
2025-11-26,02:13:00,25452.25,25453.25,25451,25451.75,63,25450.70,25408.10,0.00
2025-11-26,02:14:00,25451.75,25453.25,25450,25451.75,82,25450.72,25408.13,0.00
2025-11-26,02:15:00,25452.25,25452.75,25449,25449.75,260,25450.71,25408.23,0.00
2025-11-26,02:16:00,25449.5,25451.75,25447.75,25450,217,25450.68,25408.30,0.00
2025-11-26,02:17:00,25450,25451.75,25448.5,25448.5,110,25450.66,25408.34,0.00
2025-11-26,02:18:00,25448.25,25451.75,25445.75,25446.25,252,25450.56,25408.43,0.00
2025-11-26,02:19:00,25446.25,25446.25,25439.75,25443.75,708,25449.88,25408.63,0.00
2025-11-26,02:20:00,25443.75,25447,25443.25,25445.75,307,25449.70,25408.73,0.00
2025-11-26,02:21:00,25446.25,25447.25,25444.5,25445.25,139,25449.63,25408.77,0.00
2025-11-26,02:22:00,25445.75,25445.75,25440,25441.25,234,25449.42,25408.84,0.00
2025-11-26,02:23:00,25441.5,25442.5,25439.5,25440.5,144,25449.28,25408.87,0.00
2025-11-26,02:24:00,25440.5,25443.75,25440.25,25442.75,93,25449.20,25408.90,0.00
2025-11-26,02:25:00,25443.25,25447,25442.75,25444.5,186,25449.10,25408.96,0.00
2025-11-26,02:26:00,25444.75,25448.25,25444.75,25445.25,209,25449.03,25409.02,0.00
2025-11-26,02:27:00,25445.75,25446.5,25443.25,25444.25,139,25448.96,25409.06,0.00
2025-11-26,02:28:00,25444.75,25451.25,25444.75,25448.75,302,25448.94,25409.16,0.00
2025-11-26,02:29:00,25448.25,25448.5,25444.75,25447.5,198,25448.90,25409.22,0.00
2025-11-26,02:30:00,25447.5,25454.5,25447.25,25451.75,279,25448.96,25409.32,0.00
2025-11-26,02:31:00,25451.5,25463,25451.25,25458.5,1135,25457.58,25409.76,0.00
2025-11-26,02:32:00,25458.5,25462.75,25456.75,25461.75,327,25458.22,25409.90,0.00
2025-11-26,02:33:00,25463,25467.75,25460.25,25466,885,25464.67,25410.29,0.00
2025-11-26,02:34:00,25465.75,25466.5,25461.25,25463,339,25464.37,25410.44,0.00
2025-11-26,02:35:00,25463.5,25466.5,25461.75,25464.75,279,25464.36,25410.56,0.00
2025-11-26,02:36:00,25464.25,25466.25,25461.75,25463,188,25464.28,25410.64,0.00
2025-11-26,02:37:00,25462.25,25468,25460.25,25466.25,370,25464.83,25410.80,0.00
2025-11-26,02:38:00,25466.5,25467.75,25463.75,25464.25,258,25465.00,25410.91,0.00
2025-11-26,02:39:00,25464.25,25464.5,25457.5,25461,413,25463.42,25411.08,0.00
2025-11-26,02:40:00,25461.25,25464.25,25459,25463.25,208,25463.21,25411.16,0.00
2025-11-26,02:41:00,25462.75,25466.5,25462.25,25466,248,25463.49,25411.27,0.00
2025-11-26,02:42:00,25466.25,25469,25465.75,25465.75,298,25466.83,25411.40,0.00
2025-11-26,02:43:00,25465.5,25467.25,25465.25,25466.25,134,25466.65,25411.46,0.00
2025-11-26,02:44:00,25466.25,25467.25,25465.5,25466,105,25466.57,25411.50,0.00
2025-11-26,02:45:00,25465.75,25466.25,25460.5,25462.25,377,25465.10,25411.65,0.00
2025-11-26,02:46:00,25462,25466,25461.25,25464.5,238,25464.86,25411.75,0.00
2025-11-26,02:47:00,25464.25,25467.5,25464.25,25466.5,148,25465.00,25411.81,0.00
2025-11-26,02:48:00,25466.25,25468.5,25465,25467.25,161,25465.21,25411.88,0.00
2025-11-26,02:49:00,25467.75,25470.5,25466.5,25468.75,531,25468.58,25412.12,0.00
2025-11-26,02:50:00,25469.5,25471.75,25468,25471,298,25470.25,25412.25,0.00
2025-11-26,02:51:00,25471,25472,25467.75,25470.5,382,25470.08,25412.43,0.00
2025-11-26,02:52:00,25471.25,25472.25,25469.5,25469.75,148,25470.50,25412.49,0.00
2025-11-26,02:53:00,25469.75,25470.75,25468,25470.75,125,25470.19,25412.55,0.00
2025-11-26,02:54:00,25470,25473,25469,25472.5,218,25471.50,25412.65,0.00
2025-11-26,02:55:00,25472.25,25474.75,25471.25,25473.5,242,25473.17,25412.76,0.00
2025-11-26,02:56:00,25473.25,25473.75,25469.75,25472,219,25472.53,25412.86,0.00
2025-11-26,02:57:00,25471.5,25473,25470,25471.25,152,25472.26,25412.93,0.00
2025-11-26,02:58:00,25471.25,25471.75,25468.5,25469,161,25471.74,25413.00,0.00
2025-11-26,02:59:00,25468.5,25469.5,25465.5,25466,260,25470.54,25413.11,0.00
2025-11-26,03:00:00,25465.75,25466.25,25464,25464,217,25469.54,25413.19,0.00
2025-11-26,03:01:00,25464.25,25471,25464.25,25469.75,354,25469.27,25413.34,0.00
2025-11-26,03:02:00,25470,25473,25468.75,25471.25,271,25469.52,25413.46,0.00
2025-11-26,03:03:00,25471.25,25471.25,25467.25,25468.25,199,25469.46,25413.55,0.00
2025-11-26,03:04:00,25467.75,25470.25,25464.75,25465.25,183,25469.24,25413.62,0.00
2025-11-26,03:05:00,25465.5,25469.25,25465,25465.75,159,25469.08,25413.69,0.00
2025-11-26,03:06:00,25465.75,25467.75,25465.5,25466.5,149,25468.93,25413.75,0.00
2025-11-26,03:07:00,25466,25470.5,25465.25,25466,153,25468.84,25413.81,0.00
2025-11-26,03:08:00,25466,25468,25464,25465.75,115,25468.72,25413.85,0.00
2025-11-26,03:09:00,25465.5,25467.75,25464.25,25465.25,108,25468.61,25413.89,0.00
2025-11-26,03:10:00,25465,25468.75,25464,25467.5,156,25468.51,25413.96,0.00
2025-11-26,03:11:00,25468,25472.25,25467,25467.75,270,25468.55,25414.07,0.00
2025-11-26,03:12:00,25466.75,25468.25,25463.25,25465.5,166,25468.42,25414.13,0.00
2025-11-26,03:13:00,25465.75,25469,25464.5,25469,108,25468.39,25414.18,0.00
2025-11-26,03:14:00,25469.25,25470.5,25467.5,25469.5,143,25468.42,25414.24,0.00
2025-11-26,03:15:00,25469.25,25471.25,25465.25,25467.5,217,25468.40,25414.32,0.00
2025-11-26,03:16:00,25468.25,25468.5,25466,25467,107,25468.37,25414.37,0.00
2025-11-26,03:17:00,25467.5,25468,25464.25,25466.5,122,25468.30,25414.41,0.00
2025-11-26,03:18:00,25465.75,25467,25464.5,25465,77,25468.25,25414.44,0.00
2025-11-26,03:19:00,25465,25465.75,25462,25463,258,25467.99,25414.54,0.00
2025-11-26,03:20:00,25463,25465.5,25462,25463.75,134,25467.87,25414.59,0.00
2025-11-26,03:21:00,25464,25465.25,25461.75,25464.75,164,25467.74,25414.65,0.00
2025-11-26,03:22:00,25464.5,25467,25464.25,25466.25,134,25467.69,25414.70,0.00
2025-11-26,03:23:00,25466.25,25469.25,25464.25,25468.75,146,25467.68,25414.76,0.00
2025-11-26,03:24:00,25468.25,25472.25,25465.75,25471.75,287,25467.80,25414.87,0.00
2025-11-26,03:25:00,25471.75,25473.25,25468.75,25470.5,258,25467.93,25414.98,0.00
2025-11-26,03:26:00,25469.25,25469.5,25467.25,25468.75,138,25467.95,25415.04,0.00
2025-11-26,03:27:00,25468.25,25473.5,25468.25,25473.25,206,25468.07,25415.12,0.00
2025-11-26,03:28:00,25473.25,25478.25,25471.75,25474.75,823,25474.92,25415.48,0.00
2025-11-26,03:29:00,25475,25483,25474.25,25480.5,646,25479.25,25415.79,0.00
2025-11-26,03:30:00,25480.75,25482.75,25479.25,25482.5,348,25480.04,25415.95,0.00
2025-11-26,03:31:00,25482,25484,25478.75,25482,461,25481.58,25416.17,0.00
2025-11-26,03:32:00,25482,25482.5,25478.75,25482.25,342,25481.41,25416.33,0.00
2025-11-26,03:33:00,25481,25485.75,25480,25484.5,404,25483.42,25416.53,0.00
2025-11-26,03:34:00,25484.25,25485.25,25480.5,25481,269,25482.95,25416.66,0.00
2025-11-26,03:35:00,25480.75,25483.25,25478,25480.25,402,25482.03,25416.84,0.00
2025-11-26,03:36:00,25481,25487.5,25480.25,25485.5,491,25484.42,25417.08,0.00
2025-11-26,03:37:00,25485.75,25489.25,25484.25,25486.5,630,25486.67,25417.39,0.00
2025-11-26,03:38:00,25486,25486.25,25483.75,25484.25,164,25486.27,25417.47,0.00
2025-11-26,03:39:00,25484.5,25486,25481.75,25485,151,25485.95,25417.54,0.00
2025-11-26,03:40:00,25485.25,25486,25483.75,25484,92,25485.83,25417.59,0.00
2025-11-26,03:41:00,25484.5,25487.25,25483.75,25486.75,176,25485.84,25417.67,0.00
2025-11-26,03:42:00,25487.25,25488.75,25483.75,25486,304,25485.91,25417.82,0.00
2025-11-26,03:43:00,25485.75,25488.5,25485.25,25485.75,204,25485.98,25417.92,0.00
2025-11-26,03:44:00,25486.5,25486.5,25477,25478.25,559,25484.65,25418.17,0.00
2025-11-26,03:45:00,25478.25,25481.75,25476.75,25477.5,287,25483.98,25418.29,0.00
2025-11-26,03:46:00,25477.75,25479.75,25473.5,25475,365,25483.00,25418.44,0.00
2025-11-26,03:47:00,25475,25475.5,25472.25,25474,274,25482.22,25418.55,0.00
2025-11-26,03:48:00,25474.75,25477.75,25472.5,25476.25,308,25481.64,25418.67,0.00
2025-11-26,03:49:00,25475.75,25480.25,25475.25,25476.25,296,25481.29,25418.79,0.00
2025-11-26,03:50:00,25476.75,25480.25,25472.25,25473.75,387,25480.75,25418.94,0.00
2025-11-26,03:51:00,25473.5,25473.75,25468.25,25468.75,590,25479.46,25419.15,0.00
2025-11-26,03:52:00,25468.75,25472.5,25467.5,25469.25,288,25478.91,25419.25,0.00
2025-11-26,03:53:00,25469.25,25470,25465.25,25469.5,493,25477.96,25419.42,0.00
2025-11-26,03:54:00,25470,25474.25,25470,25470.75,303,25477.64,25419.53,0.00
2025-11-26,03:55:00,25471,25471,25467,25469.25,289,25477.24,25419.63,0.00
2025-11-26,03:56:00,25469.5,25471.25,25466.25,25468.25,282,25476.86,25419.72,0.00
2025-11-26,03:57:00,25467.75,25473.25,25467.75,25471.5,244,25476.64,25419.81,0.00
2025-11-26,03:58:00,25471.5,25473,25468.25,25472.25,224,25476.46,25419.89,0.00
2025-11-26,03:59:00,25472.75,25475.75,25469.5,25473.75,279,25476.33,25419.99,0.00
2025-11-26,04:00:00,25473.5,25475.5,25465.25,25465.25,322,25476.00,25420.09,0.00
2025-11-26,04:01:00,25465.25,25465.75,25450.25,25450.25,1846,25471.94,25420.53,0.00
2025-11-26,04:02:00,25450.75,25462,25449,25455.75,1082,25470.24,25420.79,0.00
2025-11-26,04:03:00,25456,25459,25453.25,25454.75,410,25469.69,25420.88,0.00
2025-11-26,04:04:00,25454.75,25457,25450,25457,430,25469.12,25420.98,0.00
2025-11-26,04:05:00,25456.25,25460,25455.25,25457.75,529,25468.61,25421.11,0.00
2025-11-26,04:06:00,25457.25,25457.25,25448,25449.5,642,25467.73,25421.23,0.00
2025-11-26,04:07:00,25449.5,25453.75,25449.25,25451,314,25467.32,25421.30,0.00
2025-11-26,04:08:00,25451,25454.75,25449,25453.25,333,25466.94,25421.36,0.00
2025-11-26,04:09:00,25453.75,25458.25,25450.75,25453,364,25466.59,25421.44,0.00
2025-11-26,04:10:00,25452,25455,25446.75,25449,427,25466.09,25421.52,0.00
2025-11-26,04:11:00,25448.75,25450.25,25440,25440,902,25464.71,25421.65,0.00
2025-11-26,04:12:00,25439.75,25456.75,25435,25456.75,1343,25463.44,25421.89,0.00
2025-11-26,04:13:00,25455.5,25460,25452.25,25458,735,25463.15,25422.06,0.00
2025-11-26,04:14:00,25458.25,25463.5,25456.75,25460,601,25463.05,25422.20,0.00
2025-11-26,04:15:00,25460.75,25464.25,25456,25460.5,418,25462.98,25422.30,0.00
2025-11-26,04:16:00,25459.75,25470.25,25459.5,25467.5,732,25463.09,25422.50,0.00
2025-11-26,04:17:00,25466.75,25468.75,25462.75,25466.5,519,25463.17,25422.65,0.00
2025-11-26,04:18:00,25466.5,25471,25465.5,25465.75,318,25463.24,25422.74,0.00
2025-11-26,04:19:00,25466.25,25468,25463.25,25465.75,257,25463.27,25422.80,0.00
2025-11-26,04:20:00,25464.75,25468.25,25463.75,25468,305,25463.32,25422.89,0.00
2025-11-26,04:21:00,25468,25472.75,25467.75,25471.25,460,25463.48,25423.03,0.00
2025-11-26,04:22:00,25471.5,25478,25470.5,25478,655,25463.86,25423.24,0.00
2025-11-26,04:23:00,25477.25,25478,25466.75,25471.5,483,25464.04,25423.39,0.00
2025-11-26,04:24:00,25472,25473.75,25468,25470.75,345,25464.15,25423.49,0.00
2025-11-26,04:25:00,25469.25,25471.75,25461.5,25463.25,671,25464.19,25423.66,0.00
2025-11-26,04:26:00,25463.75,25464.25,25457.25,25460.75,705,25464.08,25423.82,0.00
2025-11-26,04:27:00,25460.25,25460.25,25451.75,25452.25,495,25463.89,25423.92,0.00
2025-11-26,04:28:00,25452.75,25453,25446,25448.5,586,25463.54,25424.01,0.00
2025-11-26,04:29:00,25448.5,25460,25448.25,25456,709,25463.29,25424.14,0.00
2025-11-26,04:30:00,25456.5,25460.5,25453.25,25459.75,444,25463.19,25424.23,0.00
2025-11-26,04:31:00,25459.75,25463.75,25454.25,25456,665,25463.06,25424.37,0.00
2025-11-26,04:32:00,25456.25,25460.75,25452.25,25453.75,346,25462.96,25424.43,0.00
2025-11-26,04:33:00,25454.5,25461.25,25454,25457.25,414,25462.88,25424.51,0.00
2025-11-26,04:34:00,25458.75,25461.75,25452.25,25454.25,316,25462.80,25424.57,0.00
2025-11-26,04:35:00,25454.5,25457,25449,25456,367,25462.69,25424.64,0.00
2025-11-26,04:36:00,25455.5,25455.75,25448.25,25452.25,232,25462.60,25424.68,0.00
2025-11-26,04:37:00,25452.25,25453.25,25444.75,25447.25,435,25462.38,25424.74,0.00
2025-11-26,04:38:00,25448,25448.75,25441.5,25446,476,25462.10,25424.80,0.00
2025-11-26,04:39:00,25446.5,25449.25,25441.5,25442,433,25461.84,25424.85,0.00
2025-11-26,04:40:00,25442,25446.75,25442,25445,187,25461.73,25424.87,0.00
2025-11-26,04:41:00,25445.25,25448.5,25444.25,25447.5,243,25461.60,25424.90,0.00
2025-11-26,04:42:00,25447.75,25449.75,25445,25446,227,25461.49,25424.93,0.00
2025-11-26,04:43:00,25446.25,25451.75,25445.75,25445.75,273,25461.37,25424.97,0.00
2025-11-26,04:44:00,25445.5,25445.5,25439.5,25441,334,25461.16,25425.00,0.00
2025-11-26,04:45:00,25441.5,25442.25,25438,25439,396,25460.88,25425.03,0.00
2025-11-26,04:46:00,25439.5,25445,25438.5,25444.25,375,25460.66,25425.07,0.00
2025-11-26,04:47:00,25443.5,25451,25443.5,25449.5,437,25460.49,25425.13,0.00
2025-11-26,04:48:00,25449.75,25452,25446.5,25448.75,288,25460.38,25425.17,0.00
2025-11-26,04:49:00,25448.25,25448.75,25443,25446.5,208,25460.29,25425.20,0.00
2025-11-26,04:50:00,25446.75,25453,25446.5,25449.5,335,25460.18,25425.24,0.00
2025-11-26,04:51:00,25449.75,25453,25448.25,25451.5,166,25460.14,25425.27,0.00
2025-11-26,04:52:00,25451,25451.25,25444.25,25445.75,292,25460.02,25425.31,0.00
2025-11-26,04:53:00,25446.5,25450.5,25444.25,25446.25,226,25459.93,25425.33,0.00
2025-11-26,04:54:00,25446,25455,25442.25,25449,456,25459.78,25425.40,0.00
2025-11-26,04:55:00,25449.25,25450,25443.5,25448,269,25459.68,25425.43,0.00
2025-11-26,04:56:00,25447.25,25448,25441.75,25443.25,291,25459.55,25425.46,0.00
2025-11-26,04:57:00,25442.75,25446.5,25440,25441,303,25459.40,25425.49,0.00
2025-11-26,04:58:00,25442,25444.75,25435.75,25436,397,25459.17,25425.52,0.00
2025-11-26,04:59:00,25436.75,25439.25,25433.5,25434.25,524,25458.82,25425.55,0.00
2025-11-26,05:00:00,25434.5,25434.5,25424.75,25425.75,803,25458.15,25425.56,0.00
2025-11-26,05:01:00,25425.25,25428.5,25415,25416.5,2453,25455.73,25425.49,0.00
2025-11-26,05:02:00,25416.75,25422,25407.75,25419.25,1328,25454.42,25425.42,0.00
2025-11-26,05:03:00,25419.25,25428.5,25419.25,25421.25,970,25453.68,25425.41,0.00
2025-11-26,05:04:00,25421.75,25423.75,25415,25415,517,25453.24,25425.39,0.00
2025-11-26,05:05:00,25415.25,25421.25,25412.5,25417.75,539,25452.77,25425.36,0.00
2025-11-26,05:06:00,25417.5,25424,25415.5,25419.75,533,25452.36,25425.34,0.00
2025-11-26,05:07:00,25419.75,25424,25413.25,25413.75,443,25452.00,25425.32,0.00
2025-11-26,05:08:00,25414,25420.25,25413.5,25416.75,353,25451.71,25425.31,0.00
2025-11-26,05:09:00,25417,25418.5,25408.25,25410.5,639,25451.14,25425.26,0.00
2025-11-26,05:10:00,25410.5,25415,25406.75,25411.75,646,25450.56,25425.21,0.00
2025-11-26,05:11:00,25411.25,25422.5,25410.25,25421.75,609,25450.13,25425.19,0.00
2025-11-26,05:12:00,25421.25,25425,25417,25420.5,499,25449.81,25425.18,0.00
2025-11-26,05:13:00,25420.25,25423,25417.75,25422.25,268,25449.64,25425.17,0.00
2025-11-26,05:14:00,25420.75,25421,25413.25,25419.25,488,25449.31,25425.15,0.00
2025-11-26,05:15:00,25419,25421,25413.5,25415.75,342,25449.07,25425.14,0.00
2025-11-26,05:16:00,25416,25416.25,25408.75,25413.75,480,25448.71,25425.11,0.00
2025-11-26,05:17:00,25413.75,25420.25,25413.75,25419.5,442,25448.42,25425.09,0.00
2025-11-26,05:18:00,25420,25427,25419,25423.5,658,25448.08,25425.08,0.00
2025-11-26,05:19:00,25423.25,25424.75,25415.5,25418.25,368,25447.86,25425.07,0.00
2025-11-26,05:20:00,25418.25,25420.25,25411.75,25412.5,349,25447.63,25425.05,0.00
2025-11-26,05:21:00,25413.25,25415.25,25400.25,25402,1430,25446.45,25424.91,0.00
2025-11-26,05:22:00,25401.75,25402.25,25394.75,25397.5,1205,25445.33,25424.74,0.00
2025-11-26,05:23:00,25397.25,25401.75,25395.5,25401.5,620,25444.79,25424.66,0.00
2025-11-26,05:24:00,25401,25406.25,25399,25400.25,742,25444.19,25424.57,0.00
2025-11-26,05:25:00,25399.5,25399.75,25393.5,25395.25,786,25443.49,25424.45,0.00
2025-11-26,05:26:00,25394.5,25402.25,25391.75,25402.25,876,25442.77,25424.34,0.00
2025-11-26,05:27:00,25401,25408.5,25399.5,25406.5,628,25442.34,25424.28,0.00
2025-11-26,05:28:00,25405.75,25407.5,25390.75,25394.5,727,25441.76,25424.18,0.00
2025-11-26,05:29:00,25395.5,25400,25393.25,25395.5,454,25441.40,25424.11,0.00
2025-11-26,05:30:00,25395.25,25400.75,25394.5,25397.25,358,25441.12,25424.06,0.00
2025-11-26,05:31:00,25396.75,25405.75,25396.25,25402.75,500,25440.78,25424.01,0.00
2025-11-26,05:32:00,25403,25410.5,25403,25408.75,457,25440.52,25423.97,0.00
2025-11-26,05:33:00,25408.5,25413.75,25407.25,25412.25,490,25440.27,25423.94,0.00
2025-11-26,05:34:00,25412,25412.25,25404.5,25405.5,359,25440.07,25423.91,0.00
2025-11-26,05:35:00,25405.75,25408.25,25404,25405.25,227,25439.94,25423.89,0.00
2025-11-26,05:36:00,25405.75,25408.25,25400.25,25400.75,309,25439.75,25423.85,0.00
2025-11-26,05:37:00,25401.25,25408.75,25401.25,25406.75,252,25439.60,25423.83,0.00
2025-11-26,05:38:00,25407.75,25412,25406.25,25411.5,326,25439.44,25423.81,0.00
2025-11-26,05:39:00,25411.75,25414.25,25408.5,25411,321,25439.29,25423.79,0.00
2025-11-26,05:40:00,25411.75,25418.75,25411,25417.25,568,25439.07,25423.76,0.00
2025-11-26,05:41:00,25418,25418.25,25413,25416,326,25438.95,25423.75,0.00
2025-11-26,05:42:00,25416.25,25419,25415.25,25418.25,335,25438.83,25423.74,0.00
2025-11-26,05:43:00,25418.25,25421,25416.25,25420.75,352,25438.72,25423.73,0.00
2025-11-26,05:44:00,25420,25424.75,25417,25417.5,514,25438.56,25423.72,0.00
2025-11-26,05:45:00,25417.5,25417.5,25412.75,25415,435,25438.40,25423.70,0.00
2025-11-26,05:46:00,25414.75,25416,25411.75,25414.5,308,25438.28,25423.69,0.00
2025-11-26,05:47:00,25415.5,25419.75,25415.5,25417.25,345,25438.17,25423.68,0.00
2025-11-26,05:48:00,25418.25,25420.5,25417.5,25417.5,125,25438.13,25423.68,0.00
2025-11-26,05:49:00,25417.5,25417.75,25410.25,25411,397,25437.97,25423.66,0.00
2025-11-26,05:50:00,25411,25411.5,25405.25,25406.75,593,25437.70,25423.61,0.00
2025-11-26,05:51:00,25406,25409,25403.25,25407.5,470,25437.47,25423.57,0.00
2025-11-26,05:52:00,25407.75,25410.5,25394.5,25394.75,1060,25436.87,25423.45,0.00
2025-11-26,05:53:00,25395,25405.75,25392.75,25404.75,550,25436.57,25423.39,0.00
2025-11-26,05:54:00,25404.5,25408.5,25403.25,25404.25,334,25436.42,25423.36,0.00
2025-11-26,05:55:00,25404,25407.5,25402.25,25403.75,245,25436.30,25423.34,0.00
2025-11-26,05:56:00,25403.75,25408,25403.75,25404.75,186,25436.22,25423.32,0.00
2025-11-26,05:57:00,25405.5,25407.5,25403,25407,217,25436.12,25423.30,0.00
2025-11-26,05:58:00,25406.75,25406.75,25401.75,25403.75,261,25436.00,25423.28,0.00
2025-11-26,05:59:00,25402.75,25407,25401.75,25402.75,183,25435.91,25423.26,0.00
2025-11-26,06:00:00,25403,25404.75,25401.25,25402.5,86,25435.87,25423.25,0.00
2025-11-26,06:01:00,25403,25408.25,25401.75,25406.25,302,25435.73,25423.23,0.00
2025-11-26,06:02:00,25406.25,25411.75,25405.5,25410.25,431,25435.57,25423.20,0.00
2025-11-26,06:03:00,25410.5,25413,25407.25,25408.25,382,25435.42,25423.17,0.00
2025-11-26,06:04:00,25408.75,25412.25,25407.25,25410.5,180,25435.36,25423.16,0.00
2025-11-26,06:05:00,25410.75,25417.25,25410,25415,353,25435.25,25423.15,0.00
2025-11-26,06:06:00,25415.25,25415.25,25410.25,25414.25,180,25435.19,25423.14,0.00
2025-11-26,06:07:00,25414,25415.25,25411.5,25414.25,131,25435.15,25423.13,0.00
2025-11-26,06:08:00,25413.75,25418.5,25413.25,25417.5,296,25435.08,25423.12,0.00
2025-11-26,06:09:00,25417.5,25423.75,25417.5,25423.5,559,25434.97,25423.12,0.00
2025-11-26,06:10:00,25423,25432.5,25422.5,25431,1125,25434.87,25423.15,0.00
2025-11-26,06:11:00,25430.5,25440.75,25430.5,25440.25,906,25434.90,25423.21,0.00
2025-11-26,06:12:00,25440.25,25441.25,25426.5,25428,844,25434.87,25423.24,0.00
2025-11-26,06:13:00,25427.25,25431.75,25426,25428.25,364,25434.84,25423.25,0.00
2025-11-26,06:14:00,25428.25,25435.25,25424,25433,479,25434.81,25423.27,0.00
2025-11-26,06:15:00,25432.5,25437.25,25431.75,25435.75,329,25434.81,25423.29,0.00
2025-11-26,06:16:00,25435.75,25440.25,25434.75,25437.75,440,25434.83,25423.31,0.00
2025-11-26,06:17:00,25438,25439.25,25432.5,25434.5,370,25434.83,25423.34,0.00
2025-11-26,06:18:00,25434,25436.25,25434,25434.75,162,25434.83,25423.34,0.00
2025-11-26,06:19:00,25434.25,25441.75,25434,25438.25,393,25434.85,25423.37,0.00
2025-11-26,06:20:00,25438.5,25439.25,25433.5,25436,244,25434.85,25423.39,0.00
2025-11-26,06:21:00,25436.5,25440,25434,25435.5,257,25434.86,25423.40,0.00
2025-11-26,06:22:00,25435.25,25440,25434.5,25440,140,25434.86,25423.41,0.00
2025-11-26,06:23:00,25439,25440.25,25437,25437.25,194,25434.87,25423.42,0.00
2025-11-26,06:24:00,25437.75,25443,25433.5,25434.5,529,25434.88,25423.46,0.00
2025-11-26,06:25:00,25434.75,25439.5,25433.5,25436.75,288,25434.89,25423.47,0.00
2025-11-26,06:26:00,25437.5,25440.5,25437,25437.75,217,25434.90,25423.49,0.00
2025-11-26,06:27:00,25438,25441,25437,25438.5,209,25434.91,25423.50,0.00
2025-11-26,06:28:00,25438.5,25439.5,25433.75,25435.25,198,25434.91,25423.52,0.00
2025-11-26,06:29:00,25436,25436.25,25430.75,25432,347,25434.91,25423.53,0.00
2025-11-26,06:30:00,25431.5,25432.25,25426,25427,514,25434.86,25423.54,0.00
2025-11-26,06:31:00,25426.75,25427,25414.25,25416.75,921,25434.69,25423.52,0.00
2025-11-26,06:32:00,25416.75,25419.25,25412.5,25417.75,613,25434.55,25423.50,0.00
2025-11-26,06:33:00,25418,25423.75,25416.75,25423.25,475,25434.47,25423.50,0.00
2025-11-26,06:34:00,25424,25430.25,25423.25,25427,497,25434.42,25423.51,0.00
2025-11-26,06:35:00,25427.75,25431.25,25427.75,25429,231,25434.41,25423.51,0.00
2025-11-26,06:36:00,25429.75,25431,25427.25,25428,196,25434.40,25423.52,0.00
2025-11-26,06:37:00,25428.25,25431.25,25425.75,25431,210,25434.38,25423.52,0.00
2025-11-26,06:38:00,25430.5,25432.75,25428.5,25431.75,324,25434.37,25423.53,0.00
2025-11-26,06:39:00,25431.75,25433.75,25430.25,25430.5,224,25434.36,25423.54,0.00
2025-11-26,06:40:00,25432.25,25436.25,25432,25434.5,204,25434.36,25423.55,0.00
2025-11-26,06:41:00,25434.5,25442.75,25434.5,25442.75,413,25434.39,25423.58,0.00
2025-11-26,06:42:00,25442.5,25450.25,25442.5,25446,809,25434.50,25423.66,0.00
2025-11-26,06:43:00,25446.5,25450.5,25446.25,25449.75,321,25434.56,25423.70,0.00
2025-11-26,06:44:00,25449.5,25450,25437,25440,720,25434.62,25423.76,0.00
2025-11-26,06:45:00,25439.25,25440.25,25435,25436.25,410,25434.64,25423.78,0.00
2025-11-26,06:46:00,25437.25,25441,25433.5,25436.75,440,25434.65,25423.81,0.00
2025-11-26,06:47:00,25436.5,25440,25435.25,25437.25,149,25434.65,25423.82,0.00
2025-11-26,06:48:00,25437.5,25437.75,25434.25,25436.5,162,25434.66,25423.83,0.00
2025-11-26,06:49:00,25437,25442.75,25436,25439.5,227,25434.67,25423.84,0.00
2025-11-26,06:50:00,25440.5,25448.75,25440.5,25448.75,376,25434.72,25423.88,0.00
2025-11-26,06:51:00,25448.25,25449,25445,25448.25,249,25434.75,25423.91,0.00
2025-11-26,06:52:00,25448.25,25452.5,25447.5,25452.25,386,25434.82,25423.95,0.00
2025-11-26,06:53:00,25451.5,25454.25,25446.75,25454,491,25434.92,25424.01,0.00
2025-11-26,06:54:00,25453.25,25453.25,25451,25452.75,172,25434.95,25424.03,0.00
2025-11-26,06:55:00,25452.5,25456.5,25450.75,25454.5,413,25435.04,25424.09,0.00
2025-11-26,06:56:00,25455.5,25457,25452.75,25453,228,25435.09,25424.12,0.00
2025-11-26,06:57:00,25453,25454.75,25450.5,25454.75,252,25435.14,25424.15,0.00
2025-11-26,06:58:00,25455.5,25455.75,25451.25,25453,158,25435.17,25424.17,0.00
2025-11-26,06:59:00,25452.5,25452.5,25447.25,25449.25,239,25435.21,25424.20,0.00
2025-11-26,07:00:00,25449.25,25451.5,25446.25,25449.75,392,25435.27,25424.24,0.00
2025-11-26,07:01:00,25450,25452.75,25444,25446,710,25435.36,25424.31,0.00
2025-11-26,07:02:00,25446,25448.25,25443.75,25444.75,249,25435.39,25424.33,0.00
2025-11-26,07:03:00,25445.25,25447.25,25445,25446,185,25435.41,25424.35,0.00
2025-11-26,07:04:00,25446.75,25451,25444,25445.25,240,25435.44,25424.37,0.00
2025-11-26,07:05:00,25445,25449,25442.5,25448.25,247,25435.47,25424.40,0.00
2025-11-26,07:06:00,25448.25,25452.25,25445.75,25449.5,216,25435.51,25424.42,0.00
2025-11-26,07:07:00,25450,25451.75,25445.25,25451.25,432,25435.57,25424.47,0.00
2025-11-26,07:08:00,25451.25,25455.75,25445.5,25446.75,585,25435.66,25424.53,0.00
2025-11-26,07:09:00,25446,25450,25439.75,25442.5,843,25435.73,25424.60,0.00
2025-11-26,07:10:00,25442.25,25452.25,25441.75,25449.25,424,25435.79,25424.64,0.00
2025-11-26,07:11:00,25449,25452,25447.25,25450.75,202,25435.82,25424.66,0.00
2025-11-26,07:12:00,25450.75,25452,25447,25449,210,25435.85,25424.69,0.00
2025-11-26,07:13:00,25449.25,25455.5,25446,25454.25,283,25435.89,25424.72,0.00
2025-11-26,07:14:00,25453.75,25454.25,25448.25,25449.25,258,25435.93,25424.75,0.00
2025-11-26,07:15:00,25449.75,25452,25447,25450.75,294,25435.98,25424.78,0.00
2025-11-26,07:16:00,25451,25455.25,25450.75,25451,183,25436.01,25424.80,0.00
2025-11-26,07:17:00,25451.25,25452.25,25445,25447.75,300,25436.05,25424.83,0.00
2025-11-26,07:18:00,25447.75,25450.5,25445.5,25450.25,227,25436.08,25424.85,0.00
2025-11-26,07:19:00,25450,25454.25,25449,25451.25,229,25436.11,25424.88,0.00
2025-11-26,07:20:00,25452,25452.5,25447.25,25448.25,164,25436.14,25424.90,0.00
2025-11-26,07:21:00,25448,25449,25444.25,25448,276,25436.17,25424.92,0.00
2025-11-26,07:22:00,25448.25,25450.5,25447.75,25449,192,25436.19,25424.94,0.00
2025-11-26,07:23:00,25449.5,25453.25,25448.25,25452.25,261,25436.23,25424.97,0.00
2025-11-26,07:24:00,25452.5,25455.75,25452,25454.75,256,25436.28,25425.00,0.00
2025-11-26,07:25:00,25454.75,25466,25454.75,25465.25,1225,25436.60,25425.19,0.00
2025-11-26,07:26:00,25465.25,25468.5,25461,25461.75,623,25436.77,25425.29,0.00
2025-11-26,07:27:00,25461,25462.5,25455.5,25460.25,722,25436.93,25425.40,0.00
2025-11-26,07:28:00,25460,25465.5,25460,25462.75,242,25436.99,25425.43,0.00
2025-11-26,07:29:00,25463.75,25464,25458.75,25458.75,222,25437.04,25425.47,0.00
2025-11-26,07:30:00,25459,25459.5,25453.5,25458.5,382,25437.12,25425.52,0.00
2025-11-26,07:31:00,25458.5,25462.25,25457,25460.75,419,25437.21,25425.58,0.00
2025-11-26,07:32:00,25460,25460.25,25451.5,25454.25,414,25437.29,25425.63,0.00
2025-11-26,07:33:00,25453.75,25456.25,25441.25,25444.5,722,25437.36,25425.69,0.00
2025-11-26,07:34:00,25444.25,25446.25,25435.25,25445.75,1307,25437.42,25425.78,0.00
2025-11-26,07:35:00,25446,25453.5,25445.75,25450.25,548,25437.49,25425.84,0.00
2025-11-26,07:36:00,25450.75,25451.25,25441.75,25442,387,25437.51,25425.87,0.00
2025-11-26,07:37:00,25442.75,25446.5,25438,25443.75,488,25437.54,25425.90,0.00
2025-11-26,07:38:00,25444,25444.25,25437.25,25437.25,465,25437.55,25425.93,0.00
2025-11-26,07:39:00,25437.75,25438.5,25430.5,25435.75,800,25437.53,25425.95,0.00
2025-11-26,07:40:00,25435.75,25440.25,25435.25,25438,258,25437.53,25425.97,0.00
2025-11-26,07:41:00,25438.25,25446.25,25434,25445.25,559,25437.55,25426.00,0.00
2025-11-26,07:42:00,25445.25,25446.75,25436.75,25443.75,759,25437.58,25426.05,0.00
2025-11-26,07:43:00,25444.25,25445.5,25439.5,25443,437,25437.60,25426.08,0.00
2025-11-26,07:44:00,25442.75,25445.5,25441.25,25441.75,233,25437.62,25426.10,0.00
2025-11-26,07:45:00,25441.25,25449.5,25440.25,25448.25,367,25437.64,25426.13,0.00
2025-11-26,07:46:00,25447.75,25459.25,25447.75,25459,750,25437.76,25426.22,0.00
2025-11-26,07:47:00,25458.75,25461.75,25453.5,25461.5,584,25437.88,25426.29,0.00
2025-11-26,07:48:00,25461.25,25463,25452.25,25453.25,431,25437.95,25426.34,0.00
2025-11-26,07:49:00,25453.75,25454.75,25442.5,25443.75,599,25437.99,25426.39,0.00
2025-11-26,07:50:00,25444.25,25444.25,25435.25,25438.75,712,25438.00,25426.43,0.00
2025-11-26,07:51:00,25439.25,25440.25,25433.5,25435.5,669,25437.99,25426.46,0.00
2025-11-26,07:52:00,25435.75,25439.5,25430.5,25439.5,949,25437.98,25426.49,0.00
2025-11-26,07:53:00,25439.5,25441.5,25434.25,25435.75,495,25437.98,25426.51,0.00
2025-11-26,07:54:00,25435.25,25438,25433,25435.25,297,25437.97,25426.52,0.00
2025-11-26,07:55:00,25436.25,25437.75,25431,25432,410,25437.96,25426.54,0.00
2025-11-26,07:56:00,25432.75,25435.25,25429.25,25433,480,25437.93,25426.55,0.00
2025-11-26,07:57:00,25432.5,25435.5,25430.25,25433.5,295,25437.92,25426.55,0.00
2025-11-26,07:58:00,25432.75,25440.25,25432.5,25436.75,518,25437.91,25426.57,0.00
2025-11-26,07:59:00,25436.75,25439,25426.75,25432.5,838,25437.88,25426.59,0.00
2025-11-26,08:00:00,25432.5,25434,25428,25432.75,407,25437.86,25426.60,0.00
2025-11-26,08:01:00,25432.5,25438.25,25427.5,25429.75,924,25437.81,25426.62,0.00
2025-11-26,08:02:00,25430.25,25435.5,25425.75,25432.25,680,25437.77,25426.63,0.00
2025-11-26,08:03:00,25432,25432.75,25408.25,25414,1724,25437.50,25426.58,0.00
2025-11-26,08:04:00,25414.25,25415.75,25374,25409.25,6204,25435.65,25425.95,0.00
2025-11-26,08:05:00,25409.5,25411.5,25387.75,25405.25,1823,25435.17,25425.79,0.00
2025-11-26,08:06:00,25405.25,25405.25,25392.5,25396.5,1104,25434.86,25425.67,0.00
2025-11-26,08:07:00,25397,25412.75,25396,25409.75,1231,25434.59,25425.58,0.00
2025-11-26,08:08:00,25410.25,25417.5,25405.25,25406.25,1047,25434.39,25425.52,0.00
2025-11-26,08:09:00,25407,25407.25,25387.5,25390.75,1474,25433.96,25425.36,0.00
2025-11-26,08:10:00,25389.75,25398,25384,25386.5,1156,25433.58,25425.21,0.00
2025-11-26,08:11:00,25386.25,25393.25,25375.75,25391.5,1755,25432.98,25424.97,0.00
2025-11-26,08:12:00,25391.5,25400.5,25391.5,25398.75,974,25432.73,25424.87,0.00
2025-11-26,08:13:00,25399.25,25399.5,25388.75,25394,891,25432.48,25424.77,0.00
2025-11-26,08:14:00,25394,25396.25,25388.25,25394.25,489,25432.34,25424.71,0.00
2025-11-26,08:15:00,25393.75,25399.5,25384.75,25387,675,25432.14,25424.63,0.00
2025-11-26,08:16:00,25387.25,25391.5,25384,25385.25,781,25431.89,25424.52,0.00
2025-11-26,08:17:00,25385.5,25387.25,25372,25378.75,1541,25431.32,25424.28,0.00
2025-11-26,08:18:00,25379.25,25388.75,25378.5,25385,982,25431.00,25424.14,0.00
2025-11-26,08:19:00,25385,25390,25379.75,25381,694,25430.77,25424.04,0.00
2025-11-26,08:20:00,25380.25,25382.5,25376,25379,644,25430.54,25423.94,0.00
2025-11-26,08:21:00,25379,25390.5,25378,25386.75,902,25430.26,25423.81,0.00
2025-11-26,08:22:00,25386.75,25388,25379.75,25382.75,630,25430.06,25423.72,0.00
2025-11-26,08:23:00,25383.5,25385.75,25375.25,25378.25,523,25429.88,25423.64,0.00
2025-11-26,08:24:00,25378,25388,25378,25385,552,25429.70,25423.57,0.00
2025-11-26,08:25:00,25385.5,25394.75,25385.5,25391.75,877,25429.47,25423.47,0.00
2025-11-26,08:26:00,25391.25,25399.25,25391.25,25396,836,25429.28,25423.39,0.00
2025-11-26,08:27:00,25396,25397.5,25387.25,25387.5,668,25429.11,25423.31,0.00
2025-11-26,08:28:00,25387.25,25394.5,25386,25390.25,532,25428.97,25423.25,0.00
2025-11-26,08:29:00,25390.5,25397,25390.5,25396.25,367,25428.89,25423.21,0.00
2025-11-26,08:30:00,25396.5,25398.5,25391.25,25394.25,479,25428.78,25423.17,0.00
2025-11-26,08:31:00,25393.75,25394.5,25379.5,25380.5,714,25428.57,25423.07,0.00
2025-11-26,08:32:00,25381,25388,25375.75,25382.5,768,25428.34,25422.96,0.00
2025-11-26,08:33:00,25382.5,25385.25,25379,25383.75,442,25428.21,25422.90,0.00
2025-11-26,08:34:00,25383.75,25387.5,25380.5,25387.25,336,25428.11,25422.86,0.00
2025-11-26,08:35:00,25387.75,25388.25,25379.25,25380.25,480,25427.97,25422.79,0.00
2025-11-26,08:36:00,25380.25,25387.25,25380,25386,366,25427.87,25422.75,0.00
2025-11-26,08:37:00,25386,25394.5,25384.5,25391.75,571,25427.73,25422.68,0.00
2025-11-26,08:38:00,25391.75,25394.5,25387.25,25389.5,487,25427.61,25422.63,0.00
2025-11-26,08:39:00,25389,25389,25381,25383,544,25427.46,25422.56,0.00
2025-11-26,08:40:00,25382.5,25392.75,25378.25,25392.25,681,25427.29,25422.48,0.00
2025-11-26,08:41:00,25392,25397,25390.5,25396.5,856,25427.11,25422.40,0.00
2025-11-26,08:42:00,25396.25,25408.25,25395.25,25407.5,1435,25426.90,25422.31,0.00
2025-11-26,08:43:00,25407.75,25414,25401.25,25405,1228,25426.74,25422.24,0.00
2025-11-26,08:44:00,25405,25409.5,25401.5,25407,604,25426.66,25422.21,0.00
2025-11-26,08:45:00,25407,25414.25,25406.5,25407.25,626,25426.60,25422.19,0.00
2025-11-26,08:46:00,25406.5,25414.25,25406.5,25409.75,654,25426.53,25422.16,0.00
2025-11-26,08:47:00,25409.5,25420.5,25409,25420.25,814,25426.48,25422.14,0.00
2025-11-26,08:48:00,25419.75,25427.75,25414.75,25426.5,1483,25426.45,25422.15,0.00
2025-11-26,08:49:00,25427.25,25437.75,25420.75,25421.75,1948,25426.45,25422.18,0.00
2025-11-26,08:50:00,25421.5,25426.25,25421.5,25425.75,698,25426.45,25422.18,0.00
2025-11-26,08:51:00,25425.25,25431.75,25423.75,25424.5,678,25426.45,25422.19,0.00
2025-11-26,08:52:00,25425,25428,25420.75,25424.25,700,25426.44,25422.20,0.00
2025-11-26,08:53:00,25424.75,25430.25,25419,25419.75,625,25426.42,25422.20,0.00
2025-11-26,08:54:00,25419.25,25427.75,25419,25427,504,25426.42,25422.20,0.00
2025-11-26,08:55:00,25427.25,25431.5,25425.25,25426,626,25426.42,25422.21,0.00
2025-11-26,08:56:00,25425.75,25434.75,25425.25,25430,683,25426.44,25422.23,0.00
2025-11-26,08:57:00,25430.75,25432.5,25427.5,25430.75,354,25426.45,25422.24,0.00
2025-11-26,08:58:00,25431,25432.5,25426.25,25430.5,381,25426.45,25422.25,0.00
2025-11-26,08:59:00,25431.25,25433.25,25428.25,25429,439,25426.46,25422.26,0.00
2025-11-26,09:00:00,25429.25,25433.25,25426.5,25429,430,25426.47,25422.27,0.00
2025-11-26,09:01:00,25428.75,25428.75,25423.75,25426,597,25426.47,25422.28,0.00
2025-11-26,09:02:00,25425.75,25426.5,25421.5,25423,509,25426.46,25422.28,0.00
2025-11-26,09:03:00,25423,25429.25,25423,25428,443,25426.46,25422.29,0.00
2025-11-26,09:04:00,25427.75,25432.75,25424.5,25427.5,620,25426.47,25422.30,0.00
2025-11-26,09:05:00,25427.75,25428.75,25421.5,25428,486,25426.47,25422.30,0.00
2025-11-26,09:06:00,25427.5,25437.5,25424.5,25432.25,1441,25426.51,25422.35,0.00
2025-11-26,09:07:00,25432,25435,25425.5,25428,611,25426.52,25422.36,0.00
2025-11-26,09:08:00,25427.5,25444.5,25426.5,25438,1567,25426.60,25422.43,0.00
2025-11-26,09:09:00,25438,25441.5,25435.25,25435.5,792,25426.65,25422.47,0.00
2025-11-26,09:10:00,25435.25,25435.25,25428,25431.25,645,25426.67,25422.48,0.00
2025-11-26,09:11:00,25432,25436.75,25426.5,25436.75,594,25426.69,25422.50,0.00
2025-11-26,09:12:00,25436.75,25439,25432.5,25439,311,25426.71,25422.52,0.00
2025-11-26,09:13:00,25438.75,25443.25,25436.5,25440.25,545,25426.75,25422.55,0.00
2025-11-26,09:14:00,25441,25443.25,25438.25,25439.75,447,25426.78,25422.57,0.00
2025-11-26,09:15:00,25440.25,25445,25438.75,25440.75,698,25426.84,25422.61,0.00
2025-11-26,09:16:00,25440,25445,25439.75,25441.5,434,25426.87,25422.64,0.00
2025-11-26,09:17:00,25442,25447.25,25440.75,25445,753,25426.95,25422.69,0.00
2025-11-26,09:18:00,25445.25,25445.25,25439.75,25442.75,686,25427.00,25422.73,0.00
2025-11-26,09:19:00,25443.5,25448.5,25439.75,25446,563,25427.06,25422.77,0.00
2025-11-26,09:20:00,25446,25452.75,25445,25451,861,25427.16,25422.84,0.00
2025-11-26,09:21:00,25450.5,25458.25,25450.5,25456,1129,25427.33,25422.95,0.00
2025-11-26,09:22:00,25456.25,25456.5,25445,25446.75,892,25427.44,25423.03,0.00
2025-11-26,09:23:00,25447.25,25451.5,25438,25438,1189,25427.53,25423.10,0.00
2025-11-26,09:24:00,25438.25,25447.75,25435.75,25447.5,760,25427.59,25423.14,0.00
2025-11-26,09:25:00,25447.5,25451.5,25444.75,25451.5,574,25427.66,25423.19,0.00
2025-11-26,09:26:00,25451,25458.75,25447.5,25458.5,757,25427.77,25423.26,0.00
2025-11-26,09:27:00,25458.5,25462.25,25450.25,25451.75,888,25427.89,25423.35,0.00
2025-11-26,09:28:00,25452,25452.75,25446,25446.5,422,25427.94,25423.38,0.00
2025-11-26,09:29:00,25446.25,25448.75,25443.25,25448,523,25427.99,25423.41,0.00
2025-11-26,09:30:00,25448.25,25455.5,25448,25449,769,25428.08,25423.48,0.00
2025-11-26,09:31:00,25448.75,25456.75,25444,25452.5,810,25428.17,25423.54,0.00
2025-11-26,09:32:00,25453.5,25454.75,25439.5,25443.5,936,25428.26,25423.61,0.00
2025-11-26,09:33:00,25443.5,25446.75,25439,25442.25,683,25428.31,25423.65,0.00
2025-11-26,09:34:00,25442,25442,25432.25,25436.75,1279,25428.37,25423.70,0.00
2025-11-26,09:35:00,25437.75,25442.5,25426,25442,1601,25428.43,25423.76,0.00
2025-11-26,09:36:00,25442.25,25459.5,25442,25458.25,2079,25428.69,25423.94,0.00
2025-11-26,09:37:00,25458,25464.5,25450.75,25453,2126,25428.98,25424.14,0.00
2025-11-26,09:38:00,25452.75,25462,25450.5,25459.75,1025,25429.12,25424.24,0.00
2025-11-26,09:39:00,25459.25,25461.25,25451.75,25455,863,25429.23,25424.32,0.00
2025-11-26,09:40:00,25455,25455,25445.75,25447.5,1222,25429.35,25424.41,0.00
2025-11-26,09:41:00,25447.5,25457.75,25445.5,25454.5,1205,25429.49,25424.50,0.00
2025-11-26,09:42:00,25455.25,25455.5,25448.25,25450,632,25429.55,25424.55,0.00
2025-11-26,09:43:00,25449.75,25450.25,25430.25,25432.25,1901,25429.63,25424.62,0.00
2025-11-26,09:44:00,25431.5,25437.25,25426.25,25435.75,1943,25429.66,25424.67,0.00
2025-11-26,09:45:00,25435.5,25447,25426.75,25447,1617,25429.74,25424.74,0.00
2025-11-26,09:46:00,25446.75,25458,25446.75,25457.75,1838,25429.95,25424.89,0.00
2025-11-26,09:47:00,25457.5,25458.75,25450,25453.25,1289,25430.09,25425.00,0.00
2025-11-26,09:48:00,25453.75,25456,25446.5,25447,997,25430.18,25425.07,0.00
2025-11-26,09:49:00,25447.5,25449.75,25442,25446.75,1257,25430.27,25425.14,0.00
2025-11-26,09:50:00,25447.25,25451.5,25445.25,25451.5,822,25430.34,25425.20,0.00
2025-11-26,09:51:00,25451.25,25454,25446.5,25452,935,25430.43,25425.26,0.00
2025-11-26,09:52:00,25451.75,25454,25445.5,25447.5,738,25430.49,25425.31,0.00
2025-11-26,09:53:00,25447.25,25458.5,25446,25453.5,1167,25430.61,25425.40,0.00
2025-11-26,09:54:00,25453.75,25465,25452.5,25456.5,1614,25430.81,25425.55,0.00
2025-11-26,09:55:00,25456.75,25461,25453.75,25456.5,729,25430.89,25425.61,0.00
2025-11-26,09:56:00,25456.5,25464,25453.75,25456.75,1316,25431.05,25425.73,0.00
2025-11-26,09:57:00,25456.25,25464.5,25453.75,25463.25,850,25431.16,25425.81,0.00
2025-11-26,09:58:00,25463.5,25470.75,25461.75,25468.5,1717,25431.43,25426.00,0.00
2025-11-26,09:59:00,25468.25,25473.25,25467.25,25468.5,1346,25431.65,25426.16,0.00
2025-11-26,10:00:00,25469,25469,25463.75,25468.25,725,25431.76,25426.24,0.00
2025-11-26,10:01:00,25467.5,25468,25450.5,25456,2298,25432.02,25426.43,0.00
2025-11-26,10:02:00,25455.5,25464.75,25445,25447,1913,25432.19,25426.57,0.00
2025-11-26,10:03:00,25447,25447.25,25434.75,25438,2152,25432.26,25426.64,0.00
2025-11-26,10:04:00,25438,25446.25,25437,25441,1489,25432.31,25426.70,0.00
2025-11-26,10:05:00,25440.5,25447.25,25440.25,25440.75,863,25432.35,25426.74,0.00
2025-11-26,10:06:00,25440.25,25441.5,25432,25436.75,1526,25432.38,25426.78,0.00
2025-11-26,10:07:00,25437,25439.5,25433,25436.25,881,25432.39,25426.80,0.00
2025-11-26,10:08:00,25436.25,25443.75,25431.25,25443.25,1455,25432.44,25426.85,0.00
2025-11-26,10:09:00,25444,25445,25434,25436.25,1065,25432.46,25426.88,0.00
2025-11-26,10:10:00,25436.5,25437.25,25432,25436,875,25432.47,25426.90,0.00
2025-11-26,10:11:00,25436.25,25439.5,25430.25,25436.25,1134,25432.48,25426.92,0.00
2025-11-26,10:12:00,25436,25451.25,25434,25449.75,1473,25432.56,25426.99,0.00
2025-11-26,10:13:00,25449.75,25462,25448,25456.5,2202,25432.76,25427.15,0.00
2025-11-26,10:14:00,25456.75,25457.25,25444.25,25445.75,1862,25432.88,25427.26,0.00
2025-11-26,10:15:00,25445.75,25451.5,25441.5,25446.25,1110,25432.94,25427.31,0.00
2025-11-26,10:16:00,25446,25447,25441.25,25444.5,777,25432.98,25427.35,0.00
2025-11-26,10:17:00,25444.5,25447.75,25441.25,25446.75,699,25433.01,25427.38,0.00
2025-11-26,10:18:00,25447,25466.5,25446.75,25461.75,2902,25433.29,25427.60,0.00
2025-11-26,10:19:00,25462,25466,25459.75,25460.25,1183,25433.43,25427.71,0.00
2025-11-26,10:20:00,25460.5,25460.75,25453,25453.5,1250,25433.53,25427.79,0.00
2025-11-26,10:21:00,25453.25,25460.5,25452,25458.5,958,25433.62,25427.86,0.00
2025-11-26,10:22:00,25459,25464.5,25458.75,25461.25,723,25433.70,25427.92,0.00
2025-11-26,10:23:00,25461.25,25469.5,25459,25461.5,1412,25433.85,25428.05,0.00
2025-11-26,10:24:00,25461.25,25475.25,25460.75,25469.25,1366,25434.03,25428.18,0.00
2025-11-26,10:25:00,25469.25,25471,25459.75,25460.25,1392,25434.19,25428.31,0.00
2025-11-26,10:26:00,25461.25,25470.25,25461,25463.5,1459,25434.36,25428.44,0.00
2025-11-26,10:27:00,25463.75,25464.5,25457.5,25460,1062,25434.46,25428.52,0.00
2025-11-26,10:28:00,25460,25474.5,25448.25,25473.75,2429,25434.74,25428.74,0.00
2025-11-26,10:29:00,25474.25,25483.25,25472.5,25480.25,3124,25435.24,25429.12,0.00
2025-11-26,10:30:00,25480,25480,25470.5,25475.25,2053,25435.54,25429.35,0.00
2025-11-26,10:31:00,25475.25,25497.5,25461.25,25496.25,10990,25485.00,25430.78,0.00
2025-11-26,10:32:00,25495.75,25506,25478.75,25484.25,8849,25489.67,25431.98,0.00
2025-11-26,10:33:00,25484.5,25522.25,25480.75,25519,9692,25507.33,25433.62,0.00
2025-11-26,10:34:00,25519,25524.25,25498.75,25501.5,7241,25508.17,25434.81,0.00
2025-11-26,10:35:00,25501.25,25504.75,25480.25,25493.5,6076,25501.17,25435.58,0.00
2025-11-26,10:36:00,25493.75,25507.5,25489.25,25505.5,5628,25501.05,25436.37,0.00
2025-11-26,10:37:00,25505,25513.25,25492.75,25503.75,5502,25501.54,25437.16,0.00
2025-11-26,10:38:00,25503.25,25510.25,25471.75,25472.5,7319,25497.69,25437.89,0.00
2025-11-26,10:39:00,25472.5,25474.5,25442.5,25457.75,13395,25485.99,25438.44,0.00
2025-11-26,10:40:00,25458,25479.5,25449.75,25477.75,7067,25483.69,25438.88,0.00
2025-11-26,10:41:00,25477.75,25491.5,25460.75,25476.75,6897,25482.84,25439.39,0.00
2025-11-26,10:42:00,25476.75,25483.75,25462.5,25483,3606,25482.47,25439.65,0.00
2025-11-26,10:43:00,25482.25,25486.25,25446.25,25472,7186,25481.00,25440.05,0.00
2025-11-26,10:44:00,25472.25,25483.5,25462.5,25467.5,4195,25480.44,25440.30,0.00
2025-11-26,10:45:00,25467.25,25489,25461,25486.75,4219,25480.36,25440.62,0.00
2025-11-26,10:46:00,25486.5,25513.25,25486,25498.25,10437,25482.57,25441.76,0.00
2025-11-26,10:47:00,25498.5,25510,25488.5,25503,5566,25483.63,25442.37,0.00
2025-11-26,10:48:00,25503.5,25518.25,25499.75,25510.25,6452,25485.28,25443.16,0.00
2025-11-26,10:49:00,25510.5,25516.5,25498.75,25506,4364,25486.18,25443.67,0.00
2025-11-26,10:50:00,25506,25515.25,25501.5,25515.25,3835,25487.04,25444.13,0.00
2025-11-26,10:51:00,25515.25,25528.5,25506.75,25524.75,6222,25520.00,25444.97,0.00
2025-11-26,10:52:00,25525,25534.75,25504.25,25510.5,8852,25516.50,25446.09,0.00
2025-11-26,10:53:00,25510.75,25513.5,25475.5,25491.75,9597,25504.58,25446.87,0.00
2025-11-26,10:54:00,25490.75,25499.5,25481.75,25495.5,4775,25502.04,25447.24,0.00
2025-11-26,10:55:00,25495.5,25497.5,25478,25484.5,4157,25499.71,25447.52,0.00
2025-11-26,10:56:00,25484.75,25485.5,25464.75,25472.5,8172,25493.86,25447.89,0.00
2025-11-26,10:57:00,25472.5,25476,25447.25,25454,9665,25486.42,25448.07,0.00
2025-11-26,10:58:00,25453.75,25474.75,25445.5,25470.25,6801,25483.43,25448.24,0.00
2025-11-26,10:59:00,25470.75,25475.25,25434,25438.75,7287,25479.24,25448.25,0.00
2025-11-26,11:00:00,25439.5,25439.75,25409,25420.5,12288,25469.60,25447.76,0.00
2025-11-26,11:01:00,25420.75,25420.75,25388,25402,11826,25460.24,25446.95,0.00
2025-11-26,11:02:00,25402.5,25424.5,25397.75,25406,7886,25455.85,25446.50,0.00
2025-11-26,11:03:00,25406.75,25443.25,25400.5,25433.5,10727,25452.69,25446.16,0.00
2025-11-26,11:04:00,25433.75,25453.25,25431.75,25436.75,7833,25451.82,25446.10,0.00
2025-11-26,11:05:00,25437.75,25441,25418.75,25431.25,7359,25450.47,25445.92,0.00
2025-11-26,11:06:00,25431,25432.5,25406.25,25407.75,7187,25448.45,25445.61,0.00
2025-11-26,11:07:00,25407.75,25427,25403.25,25419.75,5379,25447.14,25445.38,0.00
2025-11-26,11:08:00,25420.25,25436.75,25417.5,25436.5,5521,25446.45,25445.26,0.00
2025-11-26,11:09:00,25436.75,25467.75,25436,25466.5,10062,25447.16,25445.42,0.00
2025-11-26,11:10:00,25466,25477,25457.75,25463.75,7181,25448.06,25445.63,0.00
2025-11-26,11:11:00,25463.75,25470,25444.5,25448.75,7955,25448.37,25445.73,0.00
2025-11-26,11:12:00,25449.25,25454.75,25430.75,25440.25,7923,25448.07,25445.69,0.00
2025-11-26,11:13:00,25441,25458.5,25429.25,25446.75,5154,25447.97,25445.68,0.00
2025-11-26,11:14:00,25447.5,25453.25,25427.25,25439.5,4228,25447.78,25445.65,0.00
2025-11-26,11:15:00,25439.75,25446.5,25420.25,25429.5,6135,25447.26,25445.54,0.00
2025-11-26,11:16:00,25428.75,25445,25420.5,25424.25,5538,25446.75,25445.42,0.00
2025-11-26,11:17:00,25423.5,25449.25,25413.25,25438.5,7518,25446.25,25445.31,0.00
2025-11-26,11:18:00,25437.75,25447.75,25424,25442.75,4546,25446.07,25445.26,0.00
2025-11-26,11:19:00,25443.25,25451.25,25418.25,25444.5,5959,25445.84,25445.21,0.00
2025-11-26,11:20:00,25444.25,25448.25,25429,25438.5,3327,25445.72,25445.18,0.00
2025-11-26,11:21:00,25439,25451.75,25425.25,25435.75,4460,25445.55,25445.13,0.00
2025-11-26,11:22:00,25435.5,25438,25415.25,25425,4737,25445.14,25445.02,0.00
2025-11-26,11:23:00,25425.75,25436,25410.5,25411.75,5554,25444.50,25444.84,0.00
2025-11-26,11:24:00,25411.25,25431.25,25404.75,25416.25,5521,25443.86,25444.65,0.00
2025-11-26,11:25:00,25415.75,25424,25400,25401.75,5245,25443.07,25444.41,0.00
2025-11-26,11:26:00,25401.75,25423.75,25395.5,25411,7011,25442.12,25444.11,0.00
2025-11-26,11:27:00,25411,25452.5,25404.75,25451.25,7912,25441.93,25444.03,0.00
2025-11-26,11:28:00,25451.5,25463.75,25443,25455.25,7469,25442.28,25444.12,0.00
2025-11-26,11:29:00,25455.75,25455.75,25439,25451.25,4714,25442.40,25444.15,0.00
2025-11-26,11:30:00,25450.75,25456.25,25437.25,25444.25,3849,25442.45,25444.16,0.00
2025-11-26,11:31:00,25444.25,25458,25444.25,25452,3763,25442.57,25444.19,0.00
2025-11-26,11:32:00,25452,25458,25447.25,25456.75,2465,25442.68,25444.22,0.00
2025-11-26,11:33:00,25456.25,25467.5,25454.25,25461.5,4830,25442.99,25444.32,0.00
2025-11-26,11:34:00,25461.75,25465.25,25450,25463.75,3075,25443.18,25444.37,0.00
2025-11-26,11:35:00,25463.75,25479.25,25463.5,25475,6166,25443.81,25444.58,0.00
2025-11-26,11:36:00,25475,25494.25,25473.75,25483.25,6858,25444.74,25444.89,0.00
2025-11-26,11:37:00,25483,25492.5,25482.25,25486.5,3657,25445.26,25445.07,0.00
2025-11-26,11:38:00,25486.5,25493.5,25470.75,25487,5294,25445.93,25445.31,0.00
2025-11-26,11:39:00,25487,25494,25484.25,25491.25,3239,25446.39,25445.48,0.00
2025-11-26,11:40:00,25492,25502,25491.25,25499,4488,25447.13,25445.74,0.00
2025-11-26,11:41:00,25498.75,25504.75,25491.75,25496.5,4449,25447.84,25446.01,0.00
2025-11-26,11:42:00,25496.25,25498.25,25477,25483.75,5802,25448.54,25446.27,0.00
2025-11-26,11:43:00,25483.5,25484,25463.75,25475.5,6322,25449.04,25446.47,0.00
2025-11-26,11:44:00,25475.75,25486.75,25465.75,25479,3173,25449.30,25446.58,0.00
2025-11-26,11:45:00,25479.5,25487.75,25474,25477.75,2570,25449.54,25446.68,0.00
2025-11-26,11:46:00,25478.5,25481.5,25461.75,25475,4704,25449.86,25446.81,0.00
2025-11-26,11:47:00,25475.75,25476,25462,25462.25,2997,25450.01,25446.88,0.00
2025-11-26,11:48:00,25462.25,25465.75,25446,25464.5,6586,25450.18,25446.97,0.00
2025-11-26,11:49:00,25464.5,25476.25,25459,25471.25,3991,25450.39,25447.06,0.00
2025-11-26,11:50:00,25471,25480.5,25469.25,25475.75,2708,25450.58,25447.14,0.00
2025-11-26,11:51:00,25476,25485.25,25463,25483.75,4098,25450.88,25447.28,0.00
2025-11-26,11:52:00,25483.75,25488.5,25479.5,25487.75,2564,25451.13,25447.39,0.00
2025-11-26,11:53:00,25487.75,25492.25,25479.25,25488.5,3270,25451.45,25447.52,0.00
2025-11-26,11:54:00,25488.75,25494.75,25477.5,25491.25,3015,25451.75,25447.66,0.00
2025-11-26,11:55:00,25491,25500,25487.25,25496.75,2640,25452.05,25447.79,0.00
2025-11-26,11:56:00,25497.25,25503.25,25494.5,25495.5,2726,25452.39,25447.93,0.00
2025-11-26,11:57:00,25496,25496.75,25479.25,25492.25,4740,25452.85,25448.14,0.00
2025-11-26,11:58:00,25491.75,25509.5,25491.5,25506,4694,25453.46,25448.41,0.00
2025-11-26,11:59:00,25506.25,25513.25,25504.25,25512.5,2384,25453.81,25448.57,0.00
2025-11-26,12:00:00,25512,25524.75,25511.75,25521.25,5390,25454.71,25448.97,0.00
2025-11-26,12:01:00,25521.25,25531.75,25521.25,25528.25,4947,25455.62,25449.38,0.00
2025-11-26,12:02:00,25528,25531.75,25519.5,25521.75,3297,25456.19,25449.63,0.00
2025-11-26,12:03:00,25521.25,25541.25,25516.75,25534.75,6347,25530.92,25450.17,0.00
2025-11-26,12:04:00,25535,25539,25528.75,25532.75,3384,25531.82,25450.46,0.00
2025-11-26,12:05:00,25533.25,25546.75,25531.25,25544.75,4590,25540.92,25450.89,0.00
2025-11-26,12:06:00,25545.25,25551.25,25542.75,25548.5,4273,25547.50,25451.31,0.00
2025-11-26,12:07:00,25548.75,25555,25548.5,25553.25,4711,25552.25,25451.79,0.00
2025-11-26,12:08:00,25553.5,25556.75,25546.5,25551.5,3296,25551.58,25452.13,0.00
2025-11-26,12:09:00,25552,25559.25,25551.25,25558.25,2642,25556.25,25452.41,0.00
2025-11-26,12:10:00,25557.75,25560,25548,25551,2870,25553.00,25452.70,0.00
2025-11-26,12:11:00,25551,25555.5,25547.5,25553.5,2451,25552.62,25452.94,0.00
2025-11-26,12:12:00,25553.5,25557.25,25549.75,25551.25,1506,25552.65,25453.09,0.00
2025-11-26,12:13:00,25551.5,25553,25540.25,25545.5,3460,25550.49,25453.42,0.00
2025-11-26,12:14:00,25545.75,25552.25,25542,25550.75,2511,25550.07,25453.65,0.00
2025-11-26,12:15:00,25550.75,25552.5,25542.5,25546,1947,25549.67,25453.84,0.00
2025-11-26,12:16:00,25546.25,25559,25546,25558,3381,25550.54,25454.17,0.00
2025-11-26,12:17:00,25558,25559,25549.75,25554.5,2133,25550.94,25454.39,0.00
2025-11-26,12:18:00,25554.75,25556.75,25542.75,25554.25,2870,25550.98,25454.66,0.00
2025-11-26,12:19:00,25554.75,25565.25,25554.75,25561,4165,25560.33,25455.09,0.00
2025-11-26,12:20:00,25561.5,25565,25558.5,25561.25,2287,25560.78,25455.33,0.00
2025-11-26,12:21:00,25561.5,25574.75,25560.75,25572,5105,25569.17,25455.90,0.00
2025-11-26,12:22:00,25572.5,25580.5,25571.5,25579.75,3564,25577.25,25456.32,0.00
2025-11-26,12:23:00,25580,25584.25,25575.25,25578,3940,25579.17,25456.79,0.00
2025-11-26,12:24:00,25577.75,25581.25,25573,25578,2746,25578.45,25457.11,0.00
2025-11-26,12:25:00,25578.25,25585.5,25577.75,25583.5,2527,25582.25,25457.42,0.00
2025-11-26,12:26:00,25583.5,25586,25576.5,25582,2633,25581.50,25457.74,0.00
2025-11-26,12:27:00,25582.5,25590,25579.75,25589.5,3320,25586.42,25458.15,0.00
2025-11-26,12:28:00,25589.5,25591.75,25585.25,25588.75,2417,25588.58,25458.45,0.00
2025-11-26,12:29:00,25589,25591,25584.25,25585.25,2248,25587.74,25458.72,0.00
2025-11-26,12:30:00,25585.25,25586.25,25573.25,25576.5,3692,25583.73,25459.15,0.00
2025-11-26,12:31:00,25576.5,25584,25559.5,25571,5476,25578.89,25459.73,0.00
2025-11-26,12:32:00,25571,25583.5,25570,25582,2534,25578.83,25460.01,0.00
2025-11-26,12:33:00,25582.25,25587,25578.75,25586.5,1986,25579.40,25460.25,0.00
2025-11-26,12:34:00,25586.75,25589,25582.25,25583.75,1809,25579.90,25460.46,0.00
2025-11-26,12:35:00,25583.75,25589.25,25582.25,25588.5,1043,25580.23,25460.58,0.00
2025-11-26,12:36:00,25588,25596.25,25587.75,25595.5,4178,25593.17,25461.10,0.00
2025-11-26,12:37:00,25595.75,25604.25,25595,25601.25,4734,25600.17,25461.72,0.00
2025-11-26,12:38:00,25601.5,25601.75,25596,25599,1857,25599.81,25461.95,0.00
2025-11-26,12:39:00,25599,25604,25593.75,25603.5,2980,25600.00,25462.34,0.00
2025-11-26,12:40:00,25603.5,25607,25600.75,25605,2307,25604.25,25462.64,0.00
2025-11-26,12:41:00,25605.5,25614.5,25604,25610.5,4633,25609.67,25463.27,0.00
2025-11-26,12:42:00,25611,25621.5,25609,25618.25,3713,25616.25,25463.79,0.00
2025-11-26,12:43:00,25618,25625.25,25616.25,25623,3874,25621.50,25464.35,0.00
2025-11-26,12:44:00,25622.75,25628.75,25622.5,25624.75,2601,25625.33,25464.74,0.00
2025-11-26,12:45:00,25624.5,25624.75,25616,25617.25,3317,25621.97,25465.20,0.00
2025-11-26,12:46:00,25617.5,25620.75,25613.75,25616.5,2254,25620.60,25465.52,0.00
2025-11-26,12:47:00,25617,25617.5,25604,25609,4001,25617.17,25466.04,0.00
2025-11-26,12:48:00,25609.5,25610,25599.5,25602.5,3003,25614.56,25466.42,0.00
2025-11-26,12:49:00,25604,25606,25598,25599.75,1964,25613.04,25466.65,0.00
2025-11-26,12:50:00,25599.75,25604,25594.25,25600,2411,25611.36,25466.94,0.00
2025-11-26,12:51:00,25600.25,25601.75,25587.5,25595.75,4352,25608.38,25467.44,0.00
2025-11-26,12:52:00,25595.25,25600.25,25592.25,25598.5,1851,25607.56,25467.66,0.00
2025-11-26,12:53:00,25598,25610.75,25597.5,25607,3778,25607.25,25468.12,0.00
2025-11-26,12:54:00,25607.25,25608.5,25601,25604.5,1625,25607.11,25468.32,0.00
2025-11-26,12:55:00,25604.75,25607.25,25600.75,25603.75,1257,25606.99,25468.47,0.00
2025-11-26,12:56:00,25603.75,25613.25,25601,25613,2304,25607.13,25468.76,0.00
2025-11-26,12:57:00,25613,25617.25,25609,25612.5,2820,25607.56,25469.12,0.00
2025-11-26,12:58:00,25612.5,25616.75,25607.5,25609.25,1755,25607.72,25469.34,0.00
2025-11-26,12:59:00,25609.5,25611.75,25606,25607,1488,25607.74,25469.52,0.00
2025-11-26,13:00:00,25607,25610.25,25601.75,25608,1794,25607.70,25469.74,0.00
2025-11-26,13:01:00,25608.25,25614.75,25607,25610.75,1962,25607.83,25469.98,0.00
2025-11-26,13:02:00,25610.25,25613.75,25608.5,25609.5,910,25607.89,25470.10,0.00
2025-11-26,13:03:00,25609.25,25609.5,25603.25,25607,1303,25607.85,25470.25,0.00
2025-11-26,13:04:00,25607.25,25610.25,25603.75,25604.5,1202,25607.81,25470.40,0.00
2025-11-26,13:05:00,25604.5,25606,25580,25590.75,5419,25606.23,25470.97,0.00
2025-11-26,13:06:00,25590.75,25600.25,25587.75,25599.25,2573,25605.75,25471.25,0.00
2025-11-26,13:07:00,25599.5,25605.25,25593,25593.75,2470,25605.39,25471.52,0.00
2025-11-26,13:08:00,25594.5,25597.5,25587.75,25589.5,2032,25604.93,25471.74,0.00
2025-11-26,13:09:00,25590,25591.5,25567.25,25574.75,6080,25602.45,25472.29,0.00
2025-11-26,13:10:00,25575,25588.25,25569,25578.5,4007,25601.10,25472.66,0.00
2025-11-26,13:11:00,25579,25594,25578.5,25594,2452,25600.68,25472.91,0.00
2025-11-26,13:12:00,25594.25,25595,25581.5,25584.75,1978,25600.33,25473.10,0.00
2025-11-26,13:13:00,25585,25591.75,25581,25583.5,1434,25600.05,25473.24,0.00
2025-11-26,13:14:00,25583.5,25584.25,25575.5,25577.75,2006,25599.51,25473.42,0.00
2025-11-26,13:15:00,25577.5,25580.75,25574.75,25579.5,1388,25599.14,25473.54,0.00
2025-11-26,13:16:00,25579.5,25580.25,25566.75,25575.25,3049,25598.22,25473.80,0.00
2025-11-26,13:17:00,25575.75,25588.75,25575.75,25585.5,2857,25597.72,25474.07,0.00
2025-11-26,13:18:00,25585.5,25589.5,25577,25577.75,1754,25597.40,25474.23,0.00
2025-11-26,13:19:00,25578,25582.5,25568.75,25574.25,2214,25596.85,25474.42,0.00
2025-11-26,13:20:00,25574.5,25575.25,25567.25,25571.25,1542,25596.42,25474.55,0.00
2025-11-26,13:21:00,25571,25581.75,25566.25,25576.75,2327,25595.88,25474.74,0.00
2025-11-26,13:22:00,25576.5,25589.25,25575.75,25587.75,2279,25595.60,25474.95,0.00
2025-11-26,13:23:00,25587.5,25589,25575.75,25578.25,1791,25595.34,25475.11,0.00
2025-11-26,13:24:00,25578.25,25590.25,25578,25587.5,1932,25595.14,25475.29,0.00
2025-11-26,13:25:00,25587,25600,25584.5,25595.75,3540,25595.08,25475.64,0.00
2025-11-26,13:26:00,25595.5,25596.25,25586.25,25592.25,2219,25595.01,25475.86,0.00
2025-11-26,13:27:00,25592.75,25594.25,25586.75,25590,1431,25594.94,25475.99,0.00
2025-11-26,13:28:00,25590.25,25592.25,25583.25,25583.5,1539,25594.82,25476.14,0.00
2025-11-26,13:29:00,25584.25,25592.75,25582.5,25590.5,1436,25594.74,25476.27,0.00
2025-11-26,13:30:00,25590.5,25593,25584.75,25591.5,1047,25594.69,25476.37,0.00
2025-11-26,13:31:00,25592.25,25604,25591,25601,3044,25594.80,25476.68,0.00
2025-11-26,13:32:00,25600.75,25604,25597,25597.5,1622,25594.87,25476.84,0.00
2025-11-26,13:33:00,25597.75,25599.5,25591,25598.75,1714,25594.89,25477.01,0.00
2025-11-26,13:34:00,25598.5,25604,25598.25,25602,1411,25594.97,25477.16,0.00
2025-11-26,13:35:00,25602,25603,25599,25601.25,735,25595.00,25477.23,0.00
2025-11-26,13:36:00,25601.5,25605.75,25600.25,25602,1502,25595.10,25477.39,0.00
2025-11-26,13:37:00,25601.5,25603,25594.25,25600.5,1665,25595.16,25477.56,0.00
2025-11-26,13:38:00,25600.75,25602.25,25595,25595.5,1059,25595.18,25477.66,0.00
2025-11-26,13:39:00,25595.25,25597.75,25586.75,25591.25,2682,25595.11,25477.91,0.00
2025-11-26,13:40:00,25591,25598.75,25590.5,25596.25,1565,25595.11,25478.06,0.00
2025-11-26,13:41:00,25596.75,25605,25595,25599.25,2260,25595.19,25478.29,0.00
2025-11-26,13:42:00,25599.25,25605,25593.25,25603.5,1872,25595.27,25478.48,0.00
2025-11-26,13:43:00,25603.75,25607.5,25601.75,25603,1565,25595.37,25478.64,0.00
2025-11-26,13:44:00,25602.75,25610.25,25602.25,25609.25,1545,25595.50,25478.80,0.00
2025-11-26,13:45:00,25609.25,25622.5,25609.25,25620,3045,25595.98,25479.14,0.00
2025-11-26,13:46:00,25619.75,25620.5,25615.75,25616.75,1529,25596.22,25479.31,0.00
2025-11-26,13:47:00,25617,25621.5,25615.25,25621,1170,25596.41,25479.45,0.00
2025-11-26,13:48:00,25620.75,25623,25614.75,25615.5,1267,25596.60,25479.59,0.00
2025-11-26,13:49:00,25616,25619,25608.5,25609.75,2431,25596.87,25479.85,0.00
2025-11-26,13:50:00,25609.5,25609.5,25599,25600.25,2506,25596.97,25480.10,0.00
2025-11-26,13:51:00,25600,25600.5,25589.75,25597.75,3128,25596.95,25480.39,0.00
2025-11-26,13:52:00,25597.5,25605.25,25594,25602.5,1741,25596.99,25480.56,0.00
2025-11-26,13:53:00,25602.75,25605,25595.5,25598.25,1364,25597.02,25480.69,0.00
2025-11-26,13:54:00,25597.5,25599.5,25593.5,25595.75,1241,25597.01,25480.81,0.00
2025-11-26,13:55:00,25596,25598.25,25592.75,25593.5,1140,25597.00,25480.91,0.00
2025-11-26,13:56:00,25594.25,25596.25,25585.5,25593.5,2550,25596.91,25481.14,0.00
2025-11-26,13:57:00,25594.25,25604.25,25593.25,25601,1873,25596.94,25481.32,0.00
2025-11-26,13:58:00,25601.5,25605.25,25597.5,25599.5,1240,25596.97,25481.43,0.00
2025-11-26,13:59:00,25599.75,25600.5,25593.5,25594.5,1315,25596.96,25481.55,0.00
2025-11-26,14:00:00,25594.75,25595,25587,25591.75,1971,25596.90,25481.73,0.00
2025-11-26,14:01:00,25592,25597.5,25590.25,25595.25,1344,25596.87,25481.85,0.00
2025-11-26,14:02:00,25596,25605.75,25591.75,25603.25,1933,25596.91,25482.03,0.00
2025-11-26,14:03:00,25603.25,25610.25,25602,25608,1695,25597.01,25482.20,0.00
2025-11-26,14:04:00,25607.25,25609.5,25603.5,25603.75,1119,25597.07,25482.31,0.00
2025-11-26,14:05:00,25604.25,25607,25601.5,25603,917,25597.10,25482.39,0.00
2025-11-26,14:06:00,25603,25605,25598.5,25599.25,1164,25597.13,25482.50,0.00
2025-11-26,14:07:00,25600,25600.75,25595.5,25597.5,1091,25597.13,25482.60,0.00
2025-11-26,14:08:00,25597.5,25599.5,25594,25598.25,1027,25597.14,25482.70,0.00
2025-11-26,14:09:00,25598.25,25607.25,25598.25,25604.5,1361,25597.18,25482.83,0.00
2025-11-26,14:10:00,25604.25,25606.5,25534.5,25563.25,16133,25594.74,25483.90,0.00
2025-11-26,14:11:00,25564.5,25581.75,25558.5,25571.5,4898,25594.14,25484.23,0.00
2025-11-26,14:12:00,25572,25576.75,25550.5,25570.25,5237,25593.41,25484.56,0.00
2025-11-26,14:13:00,25570,25581,25562.25,25574.75,3632,25593.04,25484.80,0.00
2025-11-26,14:14:00,25575.25,25578.25,25562.75,25575.75,2435,25592.80,25484.97,0.00
2025-11-26,14:15:00,25576,25590.75,25572,25583.75,4142,25592.59,25485.28,0.00
2025-11-26,14:16:00,25583.75,25593,25582,25582.75,2651,25592.51,25485.48,0.00
2025-11-26,14:17:00,25582.75,25583.25,25570.25,25576.25,3154,25592.28,25485.70,0.00
2025-11-26,14:18:00,25576,25578.25,25570,25571.5,2020,25592.11,25485.84,0.00
2025-11-26,14:19:00,25571.5,25576,25567,25568.75,2076,25591.91,25485.97,0.00
2025-11-26,14:20:00,25569.5,25573.25,25564.25,25571.5,1965,25591.71,25486.10,0.00
2025-11-26,14:21:00,25571.75,25573.5,25556.75,25558.25,2888,25591.34,25486.26,0.00
2025-11-26,14:22:00,25558.25,25585.5,25558.25,25584,3634,25591.10,25486.51,0.00
2025-11-26,14:23:00,25584.25,25597.75,25581.25,25597,3991,25591.12,25486.83,0.00
2025-11-26,14:24:00,25597,25606.75,25594.5,25598.25,3741,25591.25,25487.15,0.00
2025-11-26,14:25:00,25598,25598.5,25585.75,25593.75,3128,25591.27,25487.39,0.00
2025-11-26,14:26:00,25593.75,25604.5,25588.5,25601,1822,25591.32,25487.54,0.00
2025-11-26,14:27:00,25600.5,25610,25600.5,25609,2091,25591.45,25487.73,0.00
2025-11-26,14:28:00,25609.5,25614.25,25606.75,25608,2361,25591.62,25487.95,0.00
2025-11-26,14:29:00,25607.5,25610.75,25602.5,25604.5,1571,25591.71,25488.08,0.00
2025-11-26,14:30:00,25604.5,25606.25,25598.5,25600.75,1529,25591.78,25488.21,0.00
2025-11-26,14:31:00,25601,25602.25,25589.5,25594.25,2593,25591.81,25488.42,0.00
2025-11-26,14:32:00,25594,25594,25582,25582.75,2510,25591.76,25488.60,0.00
2025-11-26,14:33:00,25583,25584.75,25570.5,25571.75,3445,25591.54,25488.82,0.00
2025-11-26,14:34:00,25571.75,25573.25,25561.75,25569,2750,25591.30,25488.99,0.00
2025-11-26,14:35:00,25569,25570.5,25561.25,25561.75,2004,25591.10,25489.10,0.00
2025-11-26,14:36:00,25561.75,25569.25,25557.5,25561,2790,25590.80,25489.25,0.00
2025-11-26,14:37:00,25561,25568.5,25558,25561.5,1811,25590.61,25489.35,0.00
2025-11-26,14:38:00,25561.5,25561.75,25550.75,25555.5,3282,25590.19,25489.51,0.00
2025-11-26,14:39:00,25555.5,25569.25,25550.25,25567.75,2974,25589.89,25489.67,0.00
2025-11-26,14:40:00,25567.75,25575.75,25562.75,25568.5,2748,25589.69,25489.82,0.00
2025-11-26,14:41:00,25568.5,25569.75,25556.75,25560.25,1971,25589.49,25489.93,0.00
2025-11-26,14:42:00,25560.5,25570,25556.75,25569,1562,25589.36,25490.01,0.00
2025-11-26,14:43:00,25569.5,25572.5,25563.5,25563.5,1369,25589.25,25490.09,0.00
2025-11-26,14:44:00,25563.75,25566.5,25557.25,25558.25,1481,25589.10,25490.17,0.00
2025-11-26,14:45:00,25558,25559.25,25545,25546,3202,25588.66,25490.31,0.00
2025-11-26,14:46:00,25545.5,25551,25539.5,25543.25,3100,25588.19,25490.43,0.00
2025-11-26,14:47:00,25542.75,25559.5,25542.5,25554,2869,25587.84,25490.56,0.00
2025-11-26,14:48:00,25554,25561,25551.75,25560.5,1825,25587.66,25490.64,0.00
2025-11-26,14:49:00,25560,25572.5,25558,25571,2833,25587.46,25490.80,0.00
2025-11-26,14:50:00,25571.25,25577.25,25566.75,25575.25,2368,25587.35,25490.94,0.00
2025-11-26,14:51:00,25575,25584,25572.5,25576,3285,25587.24,25491.14,0.00
2025-11-26,14:52:00,25576.25,25578.75,25570,25571,1593,25587.17,25491.24,0.00
2025-11-26,14:53:00,25571,25571,25561.5,25562.5,2553,25586.98,25491.37,0.00
2025-11-26,14:54:00,25561.75,25568.75,25555.75,25563.25,2450,25586.79,25491.50,0.00
2025-11-26,14:55:00,25563,25571.5,25562,25562.25,1302,25586.70,25491.57,0.00
2025-11-26,14:56:00,25562.25,25562.5,25550.25,25552.75,2883,25586.41,25491.70,0.00
2025-11-26,14:57:00,25553,25556.75,25548.5,25555.25,1798,25586.23,25491.77,0.00
2025-11-26,14:58:00,25556,25568,25555.5,25567.25,2398,25586.06,25491.90,0.00
2025-11-26,14:59:00,25567.25,25575.25,25563.75,25567.25,2065,25585.94,25492.01,0.00
2025-11-26,15:00:00,25567.5,25571,25566,25570.25,812,25585.90,25492.05,0.00
2025-11-26,15:01:00,25569.75,25579.25,25564.25,25578.75,2185,25585.82,25492.18,0.00
2025-11-26,15:02:00,25579.25,25591.5,25579,25588,3270,25585.83,25492.40,0.00
2025-11-26,15:03:00,25587.75,25592.5,25578.75,25583,2629,25585.82,25492.57,0.00
2025-11-26,15:04:00,25583.25,25591.5,25580.5,25582.75,2189,25585.81,25492.71,0.00
2025-11-26,15:05:00,25582.5,25583.5,25560.25,25560.25,3421,25585.63,25492.89,0.00
2025-11-26,15:06:00,25560.25,25567,25557.75,25563.25,2069,25585.49,25492.99,0.00
2025-11-26,15:07:00,25563,25566.5,25554.5,25556,2279,25585.31,25493.10,0.00
2025-11-26,15:08:00,25555.5,25571.25,25553.25,25569,2323,25585.17,25493.21,0.00
2025-11-26,15:09:00,25569.25,25570.25,25555.75,25558,1543,25585.06,25493.29,0.00
2025-11-26,15:10:00,25558,25565.25,25553.75,25563.75,1238,25584.98,25493.34,0.00
2025-11-26,15:11:00,25564.25,25566.5,25555,25559.75,1072,25584.90,25493.39,0.00
2025-11-26,15:12:00,25560,25563.25,25550.5,25562,1819,25584.76,25493.48,0.00
2025-11-26,15:13:00,25562.5,25578.75,25562.5,25575.75,2727,25584.67,25493.63,0.00
2025-11-26,15:14:00,25576,25580.75,25572,25578.25,1335,25584.64,25493.70,0.00
2025-11-26,15:15:00,25578.75,25586.5,25578.5,25582.75,1795,25584.63,25493.81,0.00
2025-11-26,15:16:00,25581.25,25585.75,25578.5,25584,1428,25584.62,25493.90,0.00
2025-11-26,15:17:00,25584,25584.25,25575.75,25581.75,1060,25584.61,25493.96,0.00
2025-11-26,15:18:00,25581.75,25589,25579.75,25587.25,1540,25584.61,25494.06,0.00
2025-11-26,15:19:00,25588,25590.75,25581,25587.25,1348,25584.62,25494.15,0.00
2025-11-26,15:20:00,25587.5,25593,25586.25,25587.25,1558,25584.64,25494.25,0.00
2025-11-26,15:21:00,25587,25595.5,25581,25582,2011,25584.64,25494.38,0.00
2025-11-26,15:22:00,25581.75,25590.25,25577.5,25586.5,1796,25584.64,25494.49,0.00
2025-11-26,15:23:00,25586.5,25590,25584.5,25587.5,781,25584.65,25494.54,0.00
2025-11-26,15:24:00,25587.5,25598.25,25586.75,25593.25,2035,25584.69,25494.68,0.00
2025-11-26,15:25:00,25593.25,25595.75,25588.25,25593.25,1161,25584.72,25494.75,0.00
2025-11-26,15:26:00,25593,25597,25591.5,25592.25,985,25584.74,25494.82,0.00
2025-11-26,15:27:00,25592.5,25599.75,25589.75,25596,1394,25584.78,25494.92,0.00
2025-11-26,15:28:00,25595.5,25600,25593.5,25597.25,1087,25584.82,25494.99,0.00
2025-11-26,15:29:00,25597.5,25599.25,25594.25,25598,724,25584.84,25495.04,0.00
2025-11-26,15:30:00,25597.5,25600.75,25596.5,25597.75,923,25584.87,25495.11,0.00
2025-11-26,15:31:00,25598.75,25605,25597,25602.5,1687,25584.95,25495.23,0.00
2025-11-26,15:32:00,25602.25,25608.5,25601.5,25606.5,1707,25585.04,25495.36,0.00
2025-11-26,15:33:00,25606.75,25608,25601,25604,1247,25585.11,25495.45,0.00
2025-11-26,15:34:00,25604.5,25607,25600.5,25600.75,1228,25585.16,25495.54,0.00
2025-11-26,15:35:00,25600.5,25601.25,25592.75,25592.75,2170,25585.22,25495.69,0.00
2025-11-26,15:36:00,25593,25593,25567.25,25577,4996,25585.14,25495.97,0.00
2025-11-26,15:37:00,25576.75,25591.25,25575,25587,2428,25585.14,25496.11,0.00
2025-11-26,15:38:00,25587,25588,25580.5,25582.75,1242,25585.13,25496.19,0.00
2025-11-26,15:39:00,25582.5,25588.75,25580.75,25581,1272,25585.13,25496.26,0.00
2025-11-26,15:40:00,25580.75,25583.75,25575.25,25576.5,1347,25585.11,25496.34,0.00
2025-11-26,15:41:00,25576.25,25576.5,25569,25570.5,1909,25585.04,25496.43,0.00
2025-11-26,15:42:00,25571,25585.25,25565,25576.5,3813,25584.95,25496.64,0.00
2025-11-26,15:43:00,25577.25,25588.25,25575.75,25582.5,1887,25584.94,25496.75,0.00
2025-11-26,15:44:00,25581.75,25584,25571.75,25571.75,1255,25584.91,25496.81,0.00
2025-11-26,15:45:00,25571.5,25576.75,25570.25,25573.5,1382,25584.87,25496.88,0.00
2025-11-26,15:46:00,25574,25585.5,25572.5,25584.5,1419,25584.86,25496.96,0.00
2025-11-26,15:47:00,25584.75,25588.25,25581.75,25582.25,1292,25584.85,25497.04,0.00
2025-11-26,15:48:00,25582.25,25583.25,25576.5,25577,777,25584.84,25497.08,0.00
2025-11-26,15:49:00,25576.5,25577.5,25570.25,25571,1326,25584.80,25497.15,0.00
2025-11-26,15:50:00,25570.25,25571.5,25566.25,25566.25,1423,25584.75,25497.21,0.00
2025-11-26,15:51:00,25566.25,25580.25,25561,25573.25,2471,25584.67,25497.34,0.00
2025-11-26,15:52:00,25573.5,25574.25,25566,25570.5,1407,25584.62,25497.41,0.00
2025-11-26,15:53:00,25570.5,25577.75,25569.75,25575.5,916,25584.60,25497.45,0.00
2025-11-26,15:54:00,25575.5,25579.5,25573.25,25578,984,25584.58,25497.50,0.00
2025-11-26,15:55:00,25577.75,25586,25577.75,25580.5,1920,25584.56,25497.61,0.00
2025-11-26,15:56:00,25580.25,25580.5,25571.25,25579.5,1616,25584.53,25497.70,0.00
2025-11-26,15:57:00,25579.5,25579.5,25572,25578,861,25584.52,25497.74,0.00
2025-11-26,15:58:00,25578.5,25583.25,25578,25579.5,975,25584.51,25497.79,0.00
2025-11-26,15:59:00,25579.25,25588.25,25578.75,25586,1346,25584.51,25497.87,0.00
2025-11-26,16:00:00,25586.25,25587.25,25580.5,25585.5,886,25584.51,25497.92,0.00
2025-11-26,16:01:00,25585.5,25587,25579.5,25586.75,1261,25584.51,25497.99,0.00
2025-11-26,16:02:00,25587,25595.75,25584.5,25595.5,2019,25584.54,25498.12,0.00
2025-11-26,16:03:00,25594.75,25596,25588.5,25592.5,1856,25584.58,25498.23,0.00
2025-11-26,16:04:00,25592.75,25595.25,25590.25,25593.75,752,25584.59,25498.28,0.00
2025-11-26,16:05:00,25593.75,25593.75,25588,25591.25,703,25584.60,25498.32,0.00
2025-11-26,16:06:00,25591.5,25591.75,25585.25,25588.75,1160,25584.61,25498.39,0.00
2025-11-26,16:07:00,25589,25591,25578.5,25581.75,2003,25584.61,25498.50,0.00
2025-11-26,16:08:00,25582,25582.5,25571.75,25576.25,2095,25584.57,25498.61,0.00
2025-11-26,16:09:00,25576.75,25583.75,25575,25582.5,1245,25584.56,25498.68,0.00
2025-11-26,16:10:00,25582.75,25588.5,25579.75,25588.25,1101,25584.56,25498.74,0.00
2025-11-26,16:11:00,25588,25598.75,25585,25596.5,2559,25584.61,25498.90,0.00
2025-11-26,16:12:00,25596.25,25598.75,25592.5,25597.75,1062,25584.64,25498.97,0.00
2025-11-26,16:13:00,25598,25605.25,25598,25603.25,1887,25584.71,25499.09,0.00
2025-11-26,16:14:00,25603.25,25606.25,25602,25604.25,1270,25584.77,25499.18,0.00
2025-11-26,16:15:00,25604,25609.25,25601,25608.25,1672,25584.85,25499.30,0.00
2025-11-26,16:16:00,25608.5,25612,25604,25605.5,1686,25584.93,25499.42,0.00
2025-11-26,16:17:00,25605.5,25613.5,25604,25607.75,1630,25585.02,25499.53,0.00
2025-11-26,16:18:00,25607.5,25613.25,25605.75,25609.75,1082,25585.08,25499.61,0.00
2025-11-26,16:19:00,25609.5,25611.75,25605.25,25606,1644,25585.16,25499.72,0.00
2025-11-26,16:20:00,25605.75,25605.75,25597.5,25598.75,2136,25585.23,25499.86,0.00
2025-11-26,16:21:00,25598.5,25606.5,25598,25601.5,1240,25585.28,25499.95,0.00
2025-11-26,16:22:00,25601.75,25611,25600.75,25607.5,1379,25585.34,25500.04,0.00
2025-11-26,16:23:00,25608,25608.75,25604.75,25606.5,653,25585.37,25500.09,0.00
2025-11-26,16:24:00,25606.25,25608.5,25599,25602,1040,25585.42,25500.16,0.00
2025-11-26,16:25:00,25602,25606.75,25601.5,25603.75,768,25585.45,25500.21,0.00
2025-11-26,16:26:00,25604.5,25605.75,25599,25605.75,1238,25585.49,25500.29,0.00
2025-11-26,16:27:00,25605.5,25608.75,25604,25608.5,889,25585.54,25500.35,0.00
2025-11-26,16:28:00,25608.5,25609.25,25603,25603.25,655,25585.56,25500.39,0.00
2025-11-26,16:29:00,25603,25606.5,25602,25602.75,623,25585.59,25500.44,0.00
2025-11-26,16:30:00,25602.75,25604.75,25598.5,25599,954,25585.62,25500.50,0.00
2025-11-26,16:31:00,25599.25,25604,25596,25600.25,2058,25585.68,25500.63,0.00
2025-11-26,16:32:00,25599.5,25602.5,25596.5,25598.5,832,25585.71,25500.68,0.00
2025-11-26,16:33:00,25598,25602.5,25595.25,25598.75,1284,25585.74,25500.76,0.00
2025-11-26,16:34:00,25598.5,25600.25,25586.75,25591.25,2254,25585.78,25500.90,0.00
2025-11-26,16:35:00,25591,25595,25587.25,25593.25,1516,25585.80,25500.98,0.00
2025-11-26,16:36:00,25593.25,25596.5,25589.5,25592.25,1181,25585.81,25501.05,0.00
2025-11-26,16:37:00,25592.75,25592.75,25586,25589,1486,25585.83,25501.14,0.00
2025-11-26,16:38:00,25589,25592.5,25586.25,25587,866,25585.83,25501.19,0.00
2025-11-26,16:39:00,25586.75,25587.75,25584,25585.25,1112,25585.83,25501.25,0.00
2025-11-26,16:40:00,25585.5,25591.75,25584.5,25587.5,1185,25585.84,25501.31,0.00
2025-11-26,16:41:00,25587.5,25590.25,25580.75,25582.25,1307,25585.83,25501.38,0.00
2025-11-26,16:42:00,25582,25586.5,25581,25585.75,1101,25585.83,25501.44,0.00
2025-11-26,16:43:00,25585.5,25594.5,25583.75,25592.5,1864,25585.85,25501.54,0.00
2025-11-26,16:44:00,25592.5,25598,25592,25593.75,1463,25585.87,25501.63,0.00
2025-11-26,16:45:00,25593.5,25595,25587.5,25589.75,1280,25585.88,25501.70,0.00
2025-11-26,16:46:00,25590,25596,25588.75,25594.25,1404,25585.91,25501.78,0.00
2025-11-26,16:47:00,25594,25597,25592.5,25595.25,947,25585.92,25501.84,0.00
2025-11-26,16:48:00,25595.25,25595.75,25579.25,25581,2389,25585.92,25501.97,0.00
2025-11-26,16:49:00,25580.5,25585.25,25576.25,25577.75,1898,25585.90,25502.06,0.00
2025-11-26,16:50:00,25577.5,25580.25,25574.5,25575,1751,25585.86,25502.14,0.00
2025-11-26,16:51:00,25575,25585.75,25558,25575.25,5367,25585.72,25502.38,0.00
2025-11-26,16:52:00,25575.25,25576.75,25556,25558.5,3532,25585.57,25502.52,0.00
2025-11-26,16:53:00,25558.25,25571,25558.25,25560.75,3292,25585.42,25502.64,0.00
2025-11-26,16:54:00,25560,25576.5,25558.25,25572.25,2832,25585.33,25502.76,0.00
2025-11-26,16:55:00,25572,25577.25,25554.75,25559.75,5182,25585.12,25502.96,0.00
2025-11-26,16:56:00,25559.75,25570.5,25554.25,25563,4427,25584.92,25503.12,0.00
2025-11-26,16:57:00,25562.5,25570.25,25559.75,25565.25,2261,25584.84,25503.21,0.00
2025-11-26,16:58:00,25565.25,25567.25,25560.5,25566.5,1384,25584.78,25503.26,0.00
2025-11-26,16:59:00,25566.5,25571,25562,25565,1750,25584.72,25503.33,0.00
2025-11-26,17:00:00,25565,25572,25548.25,25549.5,8396,25584.28,25503.61,0.00
2025-11-26,17:01:00,25550,25570,25546.75,25557.75,4514,25584.05,25503.76,0.00
2025-11-26,17:02:00,25557.5,25564,25555.25,25556,1702,25583.97,25503.82,0.00
2025-11-26,17:03:00,25555.75,25559,25553.25,25557,920,25583.93,25503.85,0.00
2025-11-26,17:04:00,25557,25563.5,25556.25,25559.25,821,25583.89,25503.87,0.00
2025-11-26,17:05:00,25559.25,25567.75,25556.5,25566,974,25583.85,25503.91,0.00
2025-11-26,17:06:00,25565.75,25566.25,25561.75,25563.75,516,25583.83,25503.93,0.00
2025-11-26,17:07:00,25563.75,25567.5,25561.75,25565,570,25583.81,25503.95,0.00
2025-11-26,17:08:00,25565.25,25575.25,25564.25,25573,1458,25583.78,25504.01,0.00
2025-11-26,17:09:00,25573.75,25582.25,25571,25582.25,1049,25583.77,25504.06,0.00
2025-11-26,17:10:00,25581.75,25585,25576.75,25579.5,1163,25583.76,25504.11,0.00
2025-11-26,17:11:00,25579.5,25580.25,25569,25571.5,902,25583.74,25504.15,0.00
2025-11-26,17:12:00,25571,25572.25,25568.5,25570.75,410,25583.73,25504.17,0.00
2025-11-26,17:13:00,25571,25571,25565,25567.75,642,25583.72,25504.19,0.00
2025-11-26,17:14:00,25567.25,25577.5,25566.75,25567.5,1066,25583.69,25504.23,0.00
2025-11-26,17:15:00,25567.5,25568,25564.25,25566.5,350,25583.68,25504.25,0.00
2025-11-26,17:16:00,25567,25567.75,25563.25,25566.5,510,25583.66,25504.27,0.00
2025-11-26,17:17:00,25566,25567.25,25554.5,25554.5,664,25583.63,25504.29,0.00
2025-11-26,17:18:00,25554.5,25560.75,25554.5,25559.75,412,25583.61,25504.30,0.00
2025-11-26,17:19:00,25559.75,25562.75,25559.5,25562,282,25583.60,25504.31,0.00
2025-11-26,17:20:00,25561.5,25566,25560,25563.25,391,25583.59,25504.33,0.00
2025-11-26,17:21:00,25563.25,25564.75,25561.5,25563.25,261,25583.58,25504.34,0.00
2025-11-26,17:22:00,25563.25,25563.25,25561.25,25562.75,172,25583.57,25504.34,0.00
2025-11-26,17:23:00,25562.25,25569.75,25559,25569.75,578,25583.55,25504.36,0.00
2025-11-26,17:24:00,25569.75,25580.5,25568,25571.75,958,25583.54,25504.40,0.00
2025-11-26,17:25:00,25572.25,25572.75,25568.5,25569,252,25583.53,25504.41,0.00
2025-11-26,17:26:00,25569,25570.5,25567.75,25570.25,302,25583.52,25504.43,0.00
2025-11-26,17:27:00,25570.25,25574.5,25569.25,25571,378,25583.51,25504.44,0.00
2025-11-26,17:28:00,25571.25,25572.25,25568.5,25570,283,25583.51,25504.45,0.00
2025-11-26,17:29:00,25570.5,25571,25568.25,25570.25,204,25583.50,25504.46,0.00
2025-11-26,17:30:00,25570.25,25570.25,25568,25569.5,204,25583.50,25504.47,0.00
2025-11-26,17:31:00,25569.5,25570.25,25566.75,25570,268,25583.49,25504.48,0.00
2025-11-26,17:32:00,25570,25570.25,25567.25,25569.5,334,25583.48,25504.49,0.00
2025-11-26,17:33:00,25569.75,25571.75,25569,25571.25,199,25583.48,25504.50,0.00
2025-11-26,17:34:00,25571.5,25571.5,25567.5,25567.75,232,25583.47,25504.51,0.00
2025-11-26,17:35:00,25567.75,25568,25564.25,25566.5,291,25583.46,25504.52,0.00
2025-11-26,17:36:00,25566.75,25567,25564.75,25565.25,260,25583.45,25504.53,0.00
2025-11-26,17:37:00,25565.75,25567.25,25563.5,25563.75,260,25583.44,25504.54,0.00
2025-11-26,17:38:00,25563.75,25566.5,25562.5,25566,328,25583.43,25504.55,0.00
2025-11-26,17:39:00,25566,25566,25563.25,25564.75,158,25583.43,25504.56,0.00
2025-11-26,17:40:00,25564,25566.25,25563.5,25566.25,133,25583.42,25504.56,0.00
2025-11-26,17:41:00,25566,25566.75,25562.25,25562.5,194,25583.42,25504.57,0.00
2025-11-26,17:42:00,25562.75,25563.5,25559.5,25560.75,228,25583.41,25504.58,0.00
2025-11-26,17:43:00,25560.5,25562,25557.25,25560,367,25583.39,25504.59,0.00
2025-11-26,17:44:00,25560,25561.25,25557.75,25560.5,250,25583.38,25504.60,0.00
2025-11-26,17:45:00,25560.5,25564.5,25560.25,25563.25,342,25583.37,25504.61,0.00
2025-11-26,17:46:00,25563,25564.75,25560.5,25561.75,274,25583.36,25504.62,0.00
2025-11-26,17:47:00,25562,25567.5,25561.75,25566.25,372,25583.35,25504.63,0.00
2025-11-26,17:48:00,25565.75,25567.25,25563,25564.5,261,25583.34,25504.64,0.00
2025-11-26,17:49:00,25564.5,25565.75,25561.5,25564.25,245,25583.33,25504.65,0.00
2025-11-26,17:50:00,25563.75,25565.5,25563,25564.75,135,25583.32,25504.66,0.00
2025-11-26,17:51:00,25564.5,25565.75,25561,25564,528,25583.31,25504.68,0.00
2025-11-26,17:52:00,25563.75,25564.25,25562.25,25564,210,25583.30,25504.68,0.00
2025-11-26,17:53:00,25563,25564.5,25561.5,25563.5,151,25583.29,25504.69,0.00
2025-11-26,17:54:00,25562.75,25566.75,25562.75,25565.75,171,25583.29,25504.69,0.00
2025-11-26,17:55:00,25566.5,25569.5,25565.5,25569.5,261,25583.28,25504.70,0.00
2025-11-26,17:56:00,25569,25569,25566.25,25567.25,265,25583.27,25504.71,0.00
2025-11-26,17:57:00,25566.75,25568.5,25566.75,25566.75,85,25583.27,25504.72,0.00
2025-11-26,17:58:00,25567.25,25571,25565.75,25567.25,378,25583.26,25504.73,0.00
2025-11-26,17:59:00,25567,25568.75,25565.75,25568.75,184,25583.25,25504.74,0.00
2025-11-26,18:00:00,25568.75,25570,25562.5,25567.75,504,25583.24,25504.76,0.00
2025-11-26,19:01:00,25570,25589.25,25567.25,25585.5,923,25580.67,25580.67,0.00
2025-11-26,19:02:00,25585,25585.25,25574.75,25578,445,25580.23,25580.23,0.00
2025-11-26,19:03:00,25578,25581,25576.25,25579,95,25580.14,25580.14,0.00
2025-11-26,19:04:00,25580,25580.75,25575.5,25577.25,136,25579.94,25579.94,0.00
2025-11-26,19:05:00,25577.75,25578.25,25574,25576,77,25579.76,25579.76,0.00
2025-11-26,19:06:00,25577,25577.75,25571,25573,134,25579.33,25579.33,0.00
2025-11-26,19:07:00,25574.25,25575,25571.25,25572.5,145,25578.85,25578.85,0.00
2025-11-26,19:08:00,25574,25588.25,25574,25585.75,327,25579.40,25579.40,0.00
2025-11-26,19:09:00,25585.5,25588,25582.75,25584.75,181,25579.82,25579.82,0.00
2025-11-26,19:10:00,25584.75,25585,25579.75,25583.75,130,25579.98,25579.98,0.00
2025-11-26,19:11:00,25583.25,25591.25,25583,25588.75,236,25587.67,25580.62,0.00
2025-11-26,19:12:00,25590,25590.75,25582.25,25584,270,25586.60,25581.06,0.00
2025-11-26,19:13:00,25583,25583,25577.25,25581.75,291,25584.43,25581.02,0.00
2025-11-26,19:14:00,25581,25581.25,25575.25,25576.25,122,25583.52,25580.90,0.00
2025-11-26,19:15:00,25576.25,25576.25,25565.25,25571.75,586,25578.68,25571.08,0.00
2025-11-26,19:16:00,25570.5,25570.5,25566.25,25568.25,419,25576.43,25569.94,0.00
2025-11-26,19:17:00,25567.25,25571.75,25566.25,25568.5,127,25575.96,25569.81,0.00
2025-11-26,19:18:00,25568.75,25569.25,25565.75,25567.75,163,25575.34,25569.53,0.00
2025-11-26,19:19:00,25568.5,25570,25567.5,25568.75,182,25574.84,25569.44,0.00
2025-11-26,19:20:00,25568.75,25573.75,25568.75,25573.75,161,25574.67,25569.70,0.00
2025-11-26,19:21:00,25573.75,25581,25570.5,25578.5,549,25575.02,25571.45,0.00
2025-11-26,19:22:00,25578.5,25578.75,25570,25572.75,176,25574.96,25571.62,0.00
2025-11-26,19:23:00,25571.75,25572.75,25568.75,25570,130,25574.79,25571.57,0.00
2025-11-26,19:24:00,25569.75,25572.75,25568.25,25572,173,25574.60,25571.53,0.00
2025-11-26,19:25:00,25572,25573.5,25569.25,25569.25,147,25574.45,25571.48,0.00
2025-11-26,19:26:00,25569,25577.25,25569,25572.75,261,25574.35,25571.61,0.00
2025-11-26,19:27:00,25572.75,25572.75,25569,25570.75,105,25574.26,25571.59,0.00
2025-11-26,19:28:00,25571,25571.75,25567.5,25570.5,118,25574.14,25571.53,0.00
2025-11-26,19:29:00,25569.75,25572,25568.5,25569.75,137,25574.01,25571.47,0.00
2025-11-26,19:30:00,25569.5,25572,25564.75,25571.25,297,25573.72,25569.33,0.00
2025-11-26,19:31:00,25571.25,25576.5,25570.5,25574.25,279,25573.72,25571.47,0.00
2025-11-26,19:32:00,25574,25579.5,25572.75,25579,330,25573.93,25573.52,0.00
2025-11-26,19:33:00,25579,25580.25,25574.75,25576.25,171,25574.03,25574.08,0.00
2025-11-26,19:34:00,25576.5,25577.75,25574.75,25576.25,92,25574.06,25574.25,0.00
2025-11-26,19:35:00,25575.75,25578.25,25575.5,25575.75,137,25574.12,25574.49,0.00
2025-11-26,19:36:00,25575.75,25579,25575.5,25579,133,25574.21,25574.80,0.00
2025-11-26,19:37:00,25579,25582.25,25577.5,25581.5,271,25574.49,25575.69,0.00
2025-11-26,19:38:00,25582.25,25583.75,25578.75,25580.5,267,25574.76,25576.41,0.00
2025-11-26,19:39:00,25581,25581,25576,25577.75,143,25574.84,25576.53,0.00
2025-11-26,19:40:00,25577.75,25577.75,25574.25,25575.75,140,25574.86,25576.49,0.00
2025-11-26,19:41:00,25577.25,25582,25577.25,25580.25,82,25574.92,25576.61,0.00
2025-11-26,19:42:00,25580,25580.5,25578.75,25580,73,25574.97,25576.70,0.00
2025-11-26,19:43:00,25579.5,25582.5,25579.5,25580,118,25575.07,25576.89,0.00
2025-11-26,19:44:00,25578.75,25580,25577.5,25578,94,25575.12,25576.95,0.00
2025-11-26,19:45:00,25578,25579.25,25575.5,25578.25,192,25575.19,25577.00,0.00
2025-11-26,19:46:00,25577.25,25578.5,25572,25574.25,226,25575.18,25576.84,0.00
2025-11-26,19:47:00,25574,25577,25571.25,25574.25,246,25575.15,25576.64,0.00
2025-11-26,19:48:00,25573.75,25574.75,25571.5,25572.75,100,25575.12,25576.53,0.00
2025-11-26,19:49:00,25573,25579,25571.5,25579,179,25575.15,25576.53,0.00
2025-11-26,19:50:00,25578.25,25583.25,25577.5,25581.75,248,25575.32,25576.81,0.00
2025-11-26,19:51:00,25581.75,25583.25,25580.75,25581.25,220,25575.49,25577.08,0.00
2025-11-26,19:52:00,25580.5,25586.25,25580.5,25584.25,272,25575.75,25577.50,0.00
2025-11-26,19:53:00,25584.5,25587.25,25583,25585.5,144,25575.90,25577.75,0.00
2025-11-26,19:54:00,25585.75,25587.75,25583.5,25586,129,25576.04,25577.97,0.00
2025-11-26,19:55:00,25586,25586.25,25581,25582,145,25576.16,25578.13,0.00
2025-11-26,19:56:00,25581,25582.5,25579.25,25579.25,185,25576.24,25578.21,0.00
2025-11-26,19:57:00,25579.5,25582,25577.5,25582,210,25576.33,25578.31,0.00
2025-11-26,19:58:00,25581.25,25581.25,25577.25,25580.5,116,25576.37,25578.34,0.00
2025-11-26,19:59:00,25580,25581.25,25577.75,25578.25,88,25576.40,25578.35,0.00
2025-11-26,20:00:00,25578,25581.25,25575.75,25576.75,157,25576.42,25578.34,0.00
2025-11-26,20:01:00,25576,25582,25570,25581.5,552,25576.50,25578.29,0.00
2025-11-26,20:02:00,25581.5,25583.75,25580,25583,377,25576.70,25578.52,0.00
2025-11-26,20:03:00,25582.5,25586,25581.25,25583.75,280,25576.88,25578.74,0.00
2025-11-26,20:04:00,25584.5,25585.5,25582.75,25584.75,127,25576.96,25578.84,0.00
2025-11-26,20:05:00,25584.25,25586.5,25581,25582,215,25577.08,25578.97,0.00
2025-11-26,20:06:00,25582.5,25584.25,25578.25,25580.75,219,25577.15,25579.04,0.00
2025-11-26,20:07:00,25581.25,25582,25577.25,25580,136,25577.18,25579.05,0.00
2025-11-26,20:08:00,25580,25580.5,25571.25,25573.75,368,25577.12,25578.87,0.00
2025-11-26,20:09:00,25574,25576.25,25567.75,25575.5,742,25576.89,25578.37,0.00
2025-11-26,20:10:00,25576.25,25577.25,25574.5,25575.25,141,25576.88,25578.33,0.00
2025-11-26,20:11:00,25575.25,25580.5,25575,25579.5,208,25576.90,25578.33,0.00
2025-11-26,20:12:00,25579,25581.25,25576.5,25580,204,25576.94,25578.35,0.00
2025-11-26,20:13:00,25580.75,25581.25,25577.75,25581,121,25576.97,25578.37,0.00
2025-11-26,20:14:00,25580.5,25581.25,25576.25,25580.75,201,25577.00,25578.39,0.00
2025-11-26,20:15:00,25580.25,25582.5,25579,25581,158,25577.05,25578.43,0.00
2025-11-26,20:16:00,25581.25,25581.75,25577.5,25581,107,25577.07,25578.45,0.00
2025-11-26,20:17:00,25581.75,25582,25578.25,25580,104,25577.09,25578.47,0.00
2025-11-26,20:18:00,25580.5,25581.75,25577.25,25579.5,171,25577.12,25578.48,0.00
2025-11-26,20:19:00,25580,25581.5,25577.5,25579.25,101,25577.14,25578.49,0.00
2025-11-26,20:20:00,25578.25,25580,25574.75,25580,165,25577.15,25578.49,0.00
2025-11-26,20:21:00,25579.75,25581,25577.25,25578,121,25577.16,25578.49,0.00
2025-11-26,20:22:00,25577.5,25578.5,25576,25577.75,69,25577.16,25578.49,0.00
2025-11-26,20:23:00,25577.75,25578,25574,25576.5,170,25577.15,25578.45,0.00
2025-11-26,20:24:00,25576.25,25577.5,25573,25573,89,25577.14,25578.42,0.00
2025-11-26,20:25:00,25573,25573.75,25570.75,25571.5,187,25577.07,25578.30,0.00
2025-11-26,20:26:00,25572,25574,25570.25,25573.75,137,25577.03,25578.23,0.00
2025-11-26,20:27:00,25573.75,25576,25573.75,25575.25,71,25577.02,25578.21,0.00
2025-11-26,20:28:00,25575.25,25578.5,25574.75,25576.25,159,25577.02,25578.19,0.00
2025-11-26,20:29:00,25576.25,25577,25573.75,25576.25,91,25577.01,25578.17,0.00
2025-11-26,20:30:00,25576.25,25579.75,25576.25,25579.75,198,25577.03,25578.18,0.00
2025-11-26,20:31:00,25578.75,25582.25,25578.5,25579,215,25577.07,25578.21,0.00
2025-11-26,20:32:00,25579.25,25580.75,25576.5,25579.75,117,25577.08,25578.22,0.00
2025-11-26,20:33:00,25580.25,25581.25,25578.5,25581,73,25577.10,25578.23,0.00
2025-11-26,20:34:00,25580.75,25581.75,25579.25,25580.5,98,25577.12,25578.25,0.00
2025-11-26,20:35:00,25580.25,25582.25,25577.75,25578.5,138,25577.14,25578.26,0.00
2025-11-26,20:36:00,25578.25,25578.5,25574.75,25576.25,213,25577.13,25578.23,0.00
2025-11-26,20:37:00,25576.5,25576.75,25573.25,25576.5,186,25577.11,25578.19,0.00
2025-11-26,20:38:00,25575.5,25575.5,25573.25,25574.5,101,25577.10,25578.16,0.00
2025-11-26,20:39:00,25574.5,25574.75,25572.25,25572.75,94,25577.07,25578.12,0.00
2025-11-26,20:40:00,25573,25574.5,25572.25,25574,94,25577.06,25578.09,0.00
2025-11-26,20:41:00,25573.5,25573.75,25571.5,25573.5,116,25577.03,25578.04,0.00
2025-11-26,20:42:00,25573.75,25575,25572.5,25574.75,103,25577.01,25578.01,0.00
2025-11-26,20:43:00,25574.25,25574.5,25571,25572.75,116,25576.98,25577.97,0.00
2025-11-26,20:44:00,25572.5,25573.75,25571.75,25573.75,46,25576.97,25577.95,0.00
2025-11-26,20:45:00,25574,25575.25,25573.5,25574.25,75,25576.96,25577.93,0.00
2025-11-26,20:46:00,25573.75,25574.5,25572.75,25573.5,60,25576.95,25577.91,0.00
2025-11-26,20:47:00,25574,25574.25,25570.75,25574.25,82,25576.93,25577.88,0.00
2025-11-26,20:48:00,25573.75,25573.75,25569.5,25571,162,25576.88,25577.80,0.00
2025-11-26,20:49:00,25570.75,25571.75,25568.75,25571,260,25576.79,25577.66,0.00
2025-11-26,20:50:00,25570.75,25572.5,25569.75,25571.5,148,25576.75,25577.60,0.00
2025-11-26,20:51:00,25571.25,25574.25,25571,25574,189,25576.71,25577.54,0.00
2025-11-26,20:52:00,25573.75,25576.75,25573,25574.75,175,25576.69,25577.50,0.00
2025-11-26,20:53:00,25574.75,25576.75,25573.25,25575.75,122,25576.68,25577.48,0.00
2025-11-26,20:54:00,25576.25,25578,25576,25576.25,140,25576.68,25577.48,0.00
2025-11-26,20:55:00,25576.25,25577,25573.75,25574.25,83,25576.67,25577.46,0.00
2025-11-26,20:56:00,25574,25575.75,25573,25575.75,121,25576.66,25577.44,0.00
2025-11-26,20:57:00,25576.5,25578.25,25575.75,25577.25,130,25576.67,25577.44,0.00
2025-11-26,20:58:00,25577.25,25578.25,25576.25,25578,99,25576.67,25577.44,0.00
2025-11-26,20:59:00,25577.75,25582,25577.25,25581.5,204,25576.71,25577.48,0.00
2025-11-26,21:00:00,25581.75,25585.25,25581.75,25583.5,389,25576.84,25577.63,0.00
2025-11-26,21:01:00,25583.5,25586.25,25582.75,25585.5,329,25576.97,25577.78,0.00
2025-11-26,21:02:00,25586,25591,25585.5,25590.25,507,25577.26,25578.12,0.00
2025-11-26,21:03:00,25590.75,25592.5,25587,25591.5,372,25590.33,25578.39,0.00
2025-11-26,21:04:00,25591,25592,25589,25592,158,25590.53,25578.51,0.00
2025-11-26,21:05:00,25591.25,25592.25,25587,25590.25,168,25590.36,25578.62,0.00
2025-11-26,21:06:00,25590.5,25592.25,25587.25,25588.75,131,25590.21,25578.70,0.00
2025-11-26,21:07:00,25588.25,25589.5,25586.75,25587.5,124,25589.92,25578.76,0.00
2025-11-26,21:08:00,25587.5,25587.5,25580.75,25583.25,398,25588.12,25578.88,0.00
2025-11-26,21:09:00,25582.75,25583,25575.75,25575.75,371,25585.98,25578.86,0.00
2025-11-26,21:10:00,25575.5,25576.25,25569.5,25571.75,544,25582.74,25578.68,0.00
2025-11-26,21:11:00,25571,25571.25,25564.75,25566.75,544,25579.81,25578.36,0.00
2025-11-26,21:12:00,25567.75,25576.25,25567,25576.25,407,25578.97,25578.26,0.00
2025-11-26,21:13:00,25575.25,25576,25569.5,25572,211,25578.57,25578.20,0.00
2025-11-26,21:14:00,25572.5,25572.75,25568.25,25570.25,155,25578.22,25578.14,0.00
2025-11-26,21:15:00,25570.25,25573.25,25568.75,25570,126,25577.96,25578.09,0.00
2025-11-26,21:16:00,25569.75,25570.5,25557.5,25558.75,804,25575.16,25562.25,0.00
2025-11-26,21:17:00,25559.25,25561.75,25557.75,25559.5,362,25574.01,25561.45,0.00
2025-11-26,21:18:00,25559,25561.5,25556.5,25560,301,25573.16,25559.33,0.00
2025-11-26,21:19:00,25559.5,25567.25,25558.5,25562,445,25572.32,25561.27,0.00
2025-11-26,21:20:00,25562.25,25562.75,25558.25,25561.5,208,25571.91,25561.18,0.00
2025-11-26,21:21:00,25562.25,25566.75,25560.25,25565.5,251,25571.59,25561.80,0.00
2025-11-26,21:22:00,25565.25,25567.25,25563,25566.5,200,25571.40,25562.34,0.00
2025-11-26,21:23:00,25565.75,25568.25,25564.75,25565.25,216,25571.22,25562.84,0.00
2025-11-26,21:24:00,25564.5,25567.5,25562,25566.75,171,25571.07,25563.08,0.00
2025-11-26,21:25:00,25566.75,25571.25,25566.25,25568.5,323,25570.96,25563.94,0.00
2025-11-26,21:26:00,25568.5,25571.5,25568.25,25568.25,202,25570.92,25564.41,0.00
2025-11-26,21:27:00,25567.75,25570.75,25566.75,25569.75,155,25570.88,25564.70,0.00
2025-11-26,21:28:00,25570.25,25572.75,25568.75,25569.5,241,25570.86,25565.20,0.00
2025-11-26,21:29:00,25570,25571.75,25568.25,25570.25,137,25570.85,25565.43,0.00
2025-11-26,21:30:00,25570.75,25571.25,25568.75,25569.25,116,25570.83,25565.60,0.00
2025-11-26,21:31:00,25569.25,25570,25564,25565.25,313,25570.66,25565.68,0.00
2025-11-26,21:32:00,25564.75,25565.25,25558.75,25563,392,25570.28,25565.32,0.00
2025-11-26,21:33:00,25564,25567,25561.5,25564,300,25570.07,25565.24,0.00
2025-11-26,21:34:00,25564.25,25565.75,25562,25562.5,178,25569.94,25565.16,0.00
2025-11-26,21:35:00,25563,25563.5,25560.75,25562.25,144,25569.82,25565.06,0.00
2025-11-26,21:36:00,25563.75,25565.75,25562,25562.5,138,25569.72,25565.01,0.00
2025-11-26,21:37:00,25562.5,25563.25,25560.75,25562.75,146,25569.61,25564.92,0.00
2025-11-26,21:38:00,25562.75,25563.5,25560.25,25561.25,81,25569.54,25564.86,0.00
2025-11-26,21:39:00,25561.5,25563,25558.75,25561.75,137,25569.42,25564.76,0.00
2025-11-26,21:40:00,25562,25564,25560.25,25562,123,25569.33,25564.69,0.00
2025-11-26,21:41:00,25562.5,25563.5,25561.25,25562.25,112,25569.25,25564.64,0.00
2025-11-26,21:42:00,25562.75,25563.25,25560.75,25561,88,25569.18,25564.59,0.00
2025-11-26,21:43:00,25561,25564,25560.5,25563.25,101,25569.12,25564.55,0.00
2025-11-26,21:44:00,25563.25,25564.5,25561.25,25562.5,110,25569.05,25564.51,0.00
2025-11-26,21:45:00,25563,25570.25,25563,25569.75,408,25569.00,25564.73,0.00
2025-11-26,21:46:00,25570.25,25572.25,25568.25,25570.75,321,25569.04,25565.04,0.00
2025-11-26,21:47:00,25570.5,25571.25,25568,25569.5,167,25569.05,25565.16,0.00
2025-11-26,21:48:00,25569.25,25569.75,25565.75,25568.25,156,25569.03,25565.23,0.00
2025-11-26,21:49:00,25568.5,25572,25568.25,25572,113,25569.05,25565.32,0.00
2025-11-26,21:50:00,25572.25,25574,25570.75,25572.5,339,25569.15,25565.67,0.00
2025-11-26,21:51:00,25573.25,25573.75,25571.25,25573,115,25569.18,25565.79,0.00
2025-11-26,21:52:00,25572.5,25574.75,25571,25571.5,175,25569.23,25565.95,0.00
2025-11-26,21:53:00,25572,25573.5,25568.25,25573,203,25569.27,25566.11,0.00
2025-11-26,21:54:00,25573,25578,25573,25578,401,25569.49,25566.64,0.00
2025-11-26,21:55:00,25577.5,25582.75,25577,25582.25,374,25569.81,25567.29,0.00
2025-11-26,21:56:00,25582.25,25583,25581.25,25582.5,195,25570.00,25567.64,0.00
2025-11-26,21:57:00,25582.25,25583.75,25580.5,25582,287,25570.25,25568.12,0.00
2025-11-26,21:58:00,25582.25,25584.25,25581,25583.25,255,25570.49,25568.55,0.00
2025-11-26,21:59:00,25583.75,25587,25583.75,25586,329,25570.84,25569.16,0.00
2025-11-26,22:00:00,25586,25588,25585,25587.25,217,25571.08,25569.56,0.00
2025-11-26,22:01:00,25587.5,25592.75,25584.25,25585.25,715,25587.42,25570.83,0.00
2025-11-26,22:02:00,25585,25588.25,25583.75,25588,308,25587.19,25571.30,0.00
2025-11-26,22:03:00,25588.5,25590.5,25584.75,25585.25,310,25587.11,25571.75,0.00
2025-11-26,22:04:00,25585,25588.25,25584.25,25585.75,214,25586.97,25572.03,0.00
2025-11-26,22:05:00,25586,25587.75,25584.25,25584.25,172,25586.81,25572.23,0.00
2025-11-26,22:06:00,25584.75,25585.25,25582.5,25583.75,282,25586.39,25572.52,0.00
2025-11-26,22:07:00,25584.25,25585.5,25581,25584.75,267,25586.08,25572.78,0.00
2025-11-26,22:08:00,25584.75,25585.5,25581.25,25581.5,114,25585.92,25572.88,0.00
2025-11-26,22:09:00,25582.5,25584,25581.25,25583.25,142,25585.75,25572.99,0.00
2025-11-26,22:10:00,25582.75,25583,25580.5,25582.25,135,25585.55,25573.09,0.00
2025-11-26,22:11:00,25582.25,25582.25,25579,25580.75,219,25585.18,25573.23,0.00
2025-11-26,22:12:00,25581,25583.5,25580.5,25581.25,99,25585.07,25573.30,0.00
2025-11-26,22:13:00,25581.25,25583,25578.5,25579.75,166,25584.82,25573.39,0.00
2025-11-26,22:14:00,25580.25,25583.25,25578.75,25581.5,155,25584.65,25573.49,0.00
2025-11-26,22:15:00,25582.5,25587.25,25581.75,25586,315,25584.68,25573.77,0.00
2025-11-26,22:16:00,25586,25589.5,25584.5,25589,246,25584.87,25574.02,0.00
2025-11-26,22:17:00,25589.25,25589.75,25587.25,25587.75,137,25584.99,25574.17,0.00
2025-11-26,22:18:00,25588.5,25589.25,25582,25582.75,170,25584.97,25574.30,0.00
2025-11-26,22:19:00,25583,25585,25580.75,25583.5,127,25584.92,25574.38,0.00
2025-11-26,22:20:00,25583.25,25584.25,25581.5,25583,144,25584.85,25574.47,0.00
2025-11-26,22:21:00,25583,25584.5,25581.5,25582,86,25584.81,25574.52,0.00
2025-11-26,22:22:00,25582.5,25584.75,25580.5,25582.75,203,25584.72,25574.64,0.00
2025-11-26,22:23:00,25583,25583.5,25579.75,25580.75,103,25584.65,25574.69,0.00
2025-11-26,22:24:00,25580.25,25581.25,25578.25,25580.75,103,25584.55,25574.73,0.00
2025-11-26,22:25:00,25581,25582.75,25579.25,25581.25,101,25584.48,25574.77,0.00
2025-11-26,22:26:00,25582,25582,25578.25,25579,114,25584.38,25574.81,0.00
2025-11-26,22:27:00,25579,25581.25,25578.5,25580.5,113,25584.28,25574.85,0.00
2025-11-26,22:28:00,25580.75,25582.75,25579.75,25581.75,112,25584.22,25574.90,0.00
2025-11-26,22:29:00,25581.25,25583,25580.75,25583,74,25584.20,25574.94,0.00
2025-11-26,22:30:00,25582.75,25584.75,25581.75,25584.25,108,25584.19,25575.00,0.00
2025-11-26,22:31:00,25584.75,25585,25583.5,25584,54,25584.19,25575.03,0.00
2025-11-26,22:32:00,25584.25,25586.25,25584,25584.25,85,25584.20,25575.09,0.00
2025-11-26,22:33:00,25585,25585.25,25581.75,25582.75,90,25584.18,25575.14,0.00
2025-11-26,22:34:00,25582.75,25582.75,25579.25,25579.75,103,25584.12,25575.17,0.00
2025-11-26,22:35:00,25580.25,25581,25578.25,25578.5,173,25583.98,25575.22,0.00
2025-11-26,22:36:00,25578.5,25580.5,25577.25,25579.5,133,25583.87,25575.25,0.00
2025-11-26,22:37:00,25579.5,25581.25,25578,25579.75,103,25583.80,25575.28,0.00
2025-11-26,22:38:00,25579.25,25581.5,25578.75,25580.5,64,25583.77,25575.30,0.00
2025-11-26,22:39:00,25580,25581,25578,25578,110,25583.69,25575.33,0.00
2025-11-26,22:40:00,25578.25,25579.75,25576.75,25578.5,133,25583.58,25575.35,0.00
2025-11-26,22:41:00,25578.75,25579.75,25576,25578,244,25583.38,25575.39,0.00
2025-11-26,22:42:00,25578.25,25579.75,25576.75,25576.75,110,25583.29,25575.41,0.00
2025-11-26,22:43:00,25576.5,25578.25,25572.75,25573.75,188,25583.07,25575.40,0.00
2025-11-26,22:44:00,25573.75,25578,25572.25,25577.75,237,25582.84,25575.41,0.00
2025-11-26,22:45:00,25578,25582,25577.5,25581.5,217,25582.77,25575.47,0.00
2025-11-26,22:46:00,25582,25582.5,25578.75,25580.75,86,25582.75,25575.50,0.00
2025-11-26,22:47:00,25580.75,25580.75,25575,25575.25,92,25582.68,25575.51,0.00
2025-11-26,22:48:00,25575.25,25575.75,25573,25574.75,168,25582.51,25575.50,0.00
2025-11-26,22:49:00,25575.25,25576.5,25573.75,25573.75,44,25582.46,25575.50,0.00
2025-11-26,22:50:00,25575.25,25577,25574.75,25577,36,25582.43,25575.50,0.00
2025-11-26,22:51:00,25577.25,25577.75,25576.25,25576.25,94,25582.37,25575.50,0.00
2025-11-26,22:52:00,25577,25577,25572,25572.75,158,25582.21,25575.49,0.00
2025-11-26,22:53:00,25573,25573.5,25568.5,25572.75,278,25581.86,25575.43,0.00
2025-11-26,22:54:00,25572.5,25574.5,25570.75,25571.25,114,25581.73,25575.41,0.00
2025-11-26,22:55:00,25570.75,25570.75,25568,25570,138,25581.54,25575.36,0.00
2025-11-26,22:56:00,25570.25,25571,25568.25,25569.75,121,25581.38,25575.33,0.00
2025-11-26,22:57:00,25570,25571,25568.5,25569.75,131,25581.22,25575.29,0.00
2025-11-26,22:58:00,25570,25572,25567.75,25570,150,25581.03,25575.24,0.00
2025-11-26,22:59:00,25570.25,25573,25569.75,25570.75,133,25580.89,25575.21,0.00
2025-11-26,23:00:00,25570.5,25572.5,25568.75,25569.25,93,25580.78,25575.19,0.00
2025-11-26,23:01:00,25570.25,25572.5,25567,25571.5,221,25580.55,25575.13,0.00
2025-11-26,23:02:00,25570,25571,25568.75,25570,54,25580.49,25575.12,0.00
2025-11-26,23:03:00,25569.5,25569.5,25565.25,25565.5,185,25580.23,25575.04,0.00
2025-11-26,23:04:00,25566,25568.25,25565,25568,152,25580.03,25574.98,0.00
2025-11-26,23:05:00,25567.75,25569.75,25567.25,25568.5,44,25579.98,25574.96,0.00
2025-11-26,23:06:00,25569,25569.75,25566.75,25568.75,123,25579.84,25574.92,0.00
2025-11-26,23:07:00,25568.75,25570.75,25567.25,25568.25,97,25579.74,25574.89,0.00
2025-11-26,23:08:00,25567.25,25567.5,25563.5,25564,204,25579.45,25574.79,0.00
2025-11-26,23:09:00,25563.75,25565.25,25561.5,25564,252,25579.08,25574.65,0.00
2025-11-26,23:10:00,25564.5,25565,25561.75,25562.25,111,25578.92,25574.58,0.00
2025-11-26,23:11:00,25562.75,25562.75,25559.5,25561.5,175,25578.64,25574.47,0.00
2025-11-26,23:12:00,25561,25563,25558.25,25562.5,259,25578.24,25574.30,0.00
2025-11-26,23:13:00,25562.5,25563,25561.25,25562,109,25578.08,25574.24,0.00
2025-11-26,23:14:00,25562,25562,25558,25559.75,230,25577.72,25574.08,0.00
2025-11-26,23:15:00,25559.25,25562,25559.25,25562,78,25577.61,25574.04,0.00
2025-11-26,23:16:00,25562.5,25564,25561.5,25562.25,125,25577.46,25573.97,0.00
2025-11-26,23:17:00,25562,25566.5,25561.75,25566.5,170,25577.28,25573.90,0.00
2025-11-26,23:18:00,25566.75,25571,25566.5,25570.5,280,25577.10,25573.84,0.00
2025-11-26,23:19:00,25570,25575.75,25570,25573.5,428,25576.96,25573.82,0.00
2025-11-26,23:20:00,25573,25573.5,25569.75,25570,190,25576.88,25573.80,0.00
2025-11-26,23:21:00,25570.75,25571,25567.5,25568,194,25576.76,25573.76,0.00
2025-11-26,23:22:00,25568,25570.25,25567,25567.25,141,25576.67,25573.72,0.00
2025-11-26,23:23:00,25568,25570.75,25568,25569.5,54,25576.64,25573.71,0.00
2025-11-26,23:24:00,25569.75,25571.5,25569.25,25570.75,81,25576.60,25573.70,0.00
2025-11-26,23:25:00,25570.25,25573.5,25570,25571,105,25576.56,25573.69,0.00
2025-11-26,23:26:00,25571.5,25572.25,25569.5,25570,53,25576.54,25573.68,0.00
2025-11-26,23:27:00,25570.5,25571,25568.5,25568.5,85,25576.49,25573.67,0.00
2025-11-26,23:28:00,25568.75,25569.25,25566.5,25568,110,25576.42,25573.64,0.00
2025-11-26,23:29:00,25566.75,25567.25,25564.5,25565.5,142,25576.31,25573.59,0.00
2025-11-26,23:30:00,25564.5,25564.5,25561.75,25562.5,176,25576.15,25573.51,0.00
2025-11-26,23:31:00,25562.25,25563.5,25560.5,25561,157,25575.99,25573.43,0.00
2025-11-26,23:32:00,25561,25566,25559.75,25565.5,196,25575.82,25573.35,0.00
2025-11-26,23:33:00,25565.75,25566.25,25562.75,25564.5,132,25575.72,25573.30,0.00
2025-11-26,23:34:00,25564.75,25565.5,25563,25565.5,68,25575.67,25573.28,0.00
2025-11-26,23:35:00,25565,25566,25564.75,25565.75,77,25575.61,25573.25,0.00
2025-11-26,23:36:00,25566,25566.5,25563.75,25565,75,25575.56,25573.23,0.00
2025-11-26,23:37:00,25565.5,25565.75,25562.75,25563.25,73,25575.50,25573.20,0.00
2025-11-26,23:38:00,25563.75,25564.5,25562,25562,57,25575.45,25573.18,0.00
2025-11-26,23:39:00,25562,25564.5,25561.5,25564.5,37,25575.42,25573.16,0.00
2025-11-26,23:40:00,25564.5,25568.25,25564.5,25568.25,144,25575.34,25573.13,0.00
2025-11-26,23:41:00,25568,25569.25,25566.25,25566.5,136,25575.27,25573.09,0.00
2025-11-26,23:42:00,25567.5,25567.5,25563.25,25564.25,123,25575.19,25573.05,0.00
2025-11-26,23:43:00,25565,25566,25564,25565.5,54,25575.15,25573.04,0.00
2025-11-26,23:44:00,25564.75,25565.5,25563.25,25565,42,25575.12,25573.02,0.00
2025-11-26,23:45:00,25565.25,25567.5,25565.25,25566.75,103,25575.07,25573.00,0.00
2025-11-26,23:46:00,25567.5,25568.25,25563,25563.75,115,25574.99,25572.96,0.00
2025-11-26,23:47:00,25563.75,25565.75,25563.75,25565.25,43,25574.97,25572.94,0.00
2025-11-26,23:48:00,25564.25,25566,25563.25,25564,79,25574.91,25572.92,0.00
2025-11-26,23:49:00,25564,25566.75,25564,25566.75,37,25574.89,25572.91,0.00
2025-11-26,23:50:00,25566.25,25567,25565.5,25566.25,37,25574.87,25572.90,0.00
2025-11-26,23:51:00,25566.25,25569.75,25566,25568.75,132,25574.82,25572.87,0.00
2025-11-26,23:52:00,25569,25569.5,25565.75,25567,96,25574.77,25572.85,0.00
2025-11-26,23:53:00,25568,25568.75,25567.5,25568.5,36,25574.76,25572.85,0.00
2025-11-26,23:54:00,25567.75,25568.25,25566.25,25567.5,66,25574.73,25572.83,0.00
2025-11-26,23:55:00,25568,25569.25,25566.25,25566.75,68,25574.70,25572.82,0.00
2025-11-26,23:56:00,25566.25,25567.5,25565.5,25565.75,57,25574.67,25572.80,0.00
2025-11-26,23:57:00,25566,25567.75,25565.75,25566,62,25574.64,25572.79,0.00
2025-11-26,23:58:00,25566,25567,25565.25,25565.5,40,25574.62,25572.78,0.00
2025-11-26,23:59:00,25566,25567.25,25565.75,25567,43,25574.59,25572.77,0.00
2025-11-26,00:00:00,25434.75,25438,25434,25434.5,112,25433.23,25397.52,0.00
2025-11-26,00:01:00,25434.25,25436.75,25431,25431.75,277,25433.23,25397.63,0.00
2025-11-26,00:02:00,25431.75,25435.25,25430.25,25435,245,25433.23,25397.73,0.00
2025-11-26,00:03:00,25434.75,25436,25431.75,25433,194,25433.24,25397.81,0.00
2025-11-26,00:04:00,25434.5,25436.75,25434,25436,153,25433.26,25397.88,0.00
2025-11-26,00:05:00,25436.5,25440.75,25436,25440.25,268,25433.36,25398.01,0.00
2025-11-26,00:06:00,25440.75,25442,25438,25441.5,293,25433.49,25398.15,0.00
2025-11-26,00:07:00,25441.25,25441.75,25438,25439,228,25433.57,25398.25,0.00
2025-11-26,00:08:00,25439.5,25441.25,25439.5,25440.5,76,25433.60,25398.29,0.00
2025-11-26,00:09:00,25440,25441,25437.75,25438.25,114,25433.64,25398.34,0.00
2025-11-26,00:10:00,25438.25,25438.75,25435.5,25437.25,152,25433.67,25398.41,0.00
2025-11-26,00:11:00,25437.5,25437.75,25433,25434,243,25433.69,25398.51,0.00
2025-11-26,00:12:00,25434.75,25436.25,25431,25431,219,25433.68,25398.60,0.00
2025-11-26,00:13:00,25431.75,25436,25430.25,25435.25,300,25433.68,25398.71,0.00
2025-11-26,00:14:00,25435.75,25439.25,25434.75,25436.5,314,25433.73,25398.85,0.00
2025-11-26,00:15:00,25436,25437,25432.75,25434.5,143,25433.74,25398.90,0.00
2025-11-26,00:16:00,25435.5,25438.75,25435,25436.25,139,25433.77,25398.96,0.00
2025-11-26,00:17:00,25436.5,25436.5,25432.25,25432.75,206,25433.77,25399.04,0.00
2025-11-26,00:18:00,25432.25,25433.25,25431,25432.75,208,25433.75,25399.12,0.00
2025-11-26,00:19:00,25432.75,25434.75,25431.5,25433,172,25433.74,25399.18,0.00
2025-11-26,00:20:00,25432.25,25433,25429.25,25433,482,25433.69,25399.36,0.00
2025-11-26,00:21:00,25432,25433,25428.25,25430.5,313,25433.64,25399.47,0.00
2025-11-26,00:22:00,25431,25437.5,25430.25,25435.25,448,25433.66,25399.64,0.00
2025-11-26,00:23:00,25435.5,25436.75,25434.25,25435.25,121,25433.67,25399.68,0.00
2025-11-26,00:24:00,25435.25,25435.75,25434,25434.5,72,25433.67,25399.71,0.00
2025-11-26,00:25:00,25434.5,25434.75,25429.5,25432,306,25433.65,25399.82,0.00
2025-11-26,00:26:00,25431.75,25432.5,25425.75,25427.75,445,25433.54,25399.96,0.00
2025-11-26,00:27:00,25427.75,25428,25423,25426.5,483,25433.37,25400.09,0.00
2025-11-26,00:28:00,25426.5,25429.5,25424.25,25425.25,305,25433.27,25400.18,0.00
2025-11-26,00:29:00,25425.5,25426.5,25422.5,25424,222,25433.18,25400.23,0.00
2025-11-26,00:30:00,25424,25425,25421.75,25422.25,228,25433.08,25400.29,0.00
2025-11-26,00:31:00,25423,25424.75,25419.75,25424.25,562,25432.83,25400.43,0.00
2025-11-26,00:32:00,25424.25,25426,25422.75,25424.25,180,25432.76,25400.47,0.00
2025-11-26,00:33:00,25424.5,25426.25,25420.5,25422.75,214,25432.67,25400.52,0.00
2025-11-26,00:34:00,25422.75,25423.5,25421.25,25422.25,157,25432.60,25400.56,0.00
2025-11-26,00:35:00,25422,25422.75,25415.25,25417.75,615,25432.24,25400.67,0.00
2025-11-26,00:36:00,25418.25,25420.5,25416.5,25419.25,374,25432.03,25400.74,0.00
2025-11-26,00:37:00,25419.75,25425.5,25419.5,25420.5,368,25431.88,25400.83,0.00
2025-11-26,00:38:00,25421,25421.25,25418.75,25420,141,25431.81,25400.85,0.00
2025-11-26,00:39:00,25420.75,25422.25,25420.25,25421,98,25431.77,25400.87,0.00
2025-11-26,00:40:00,25421.75,25423.5,25420.75,25420.75,124,25431.72,25400.90,0.00
2025-11-26,00:41:00,25421.5,25422.75,25418.75,25419.25,104,25431.67,25400.92,0.00
2025-11-26,00:42:00,25418.75,25419.25,25413.75,25416.25,356,25431.46,25400.98,0.00
2025-11-26,00:43:00,25416.5,25416.75,25414,25415.25,151,25431.36,25401.00,0.00
2025-11-26,00:44:00,25414.75,25417.75,25414.75,25415.75,128,25431.29,25401.02,0.00
2025-11-26,00:45:00,25416,25417.5,25415.5,25416.75,78,25431.24,25401.03,0.00
2025-11-26,00:46:00,25417,25422.75,25415.5,25421.5,294,25431.12,25401.09,0.00
2025-11-26,00:47:00,25421,25422.5,25419.75,25420,185,25431.04,25401.13,0.00
2025-11-26,00:48:00,25420.25,25423.25,25420.25,25420.5,107,25431.00,25401.15,0.00
2025-11-26,00:49:00,25420.5,25422.5,25419.75,25421.25,95,25430.97,25401.17,0.00
2025-11-26,00:50:00,25421.5,25421.5,25418.25,25419.75,94,25430.93,25401.19,0.00
2025-11-26,00:51:00,25419.75,25423.5,25419.25,25423.5,156,25430.88,25401.22,0.00
2025-11-26,00:52:00,25423.5,25425,25421.5,25423.5,218,25430.82,25401.27,0.00
2025-11-26,00:53:00,25423,25423.75,25419.75,25421.75,171,25430.76,25401.30,0.00
2025-11-26,00:54:00,25421.75,25422.5,25420.25,25420.25,48,25430.74,25401.31,0.00
2025-11-26,00:55:00,25420.75,25425.25,25420.75,25423.75,175,25430.69,25401.35,0.00
2025-11-26,00:56:00,25425,25426.5,25423.5,25424.75,184,25430.66,25401.40,0.00
2025-11-26,00:57:00,25425,25425,25421.75,25422.75,129,25430.62,25401.42,0.00
2025-11-26,00:58:00,25423.25,25424,25421.25,25422.75,56,25430.60,25401.44,0.00
2025-11-26,00:59:00,25423,25424,25421.75,25421.75,42,25430.59,25401.45,0.00
2025-11-26,01:00:00,25421.75,25422.5,25418.25,25422,308,25430.49,25401.51,0.00
2025-11-26,01:01:00,25421.25,25423.5,25420.25,25422.5,185,25430.43,25401.54,0.00
2025-11-26,01:02:00,25422.5,25425.75,25422.5,25425,113,25430.41,25401.57,0.00
2025-11-26,01:03:00,25425.75,25429.5,25424.75,25426,513,25430.34,25401.70,0.00
2025-11-26,01:04:00,25426.25,25427,25423.75,25426.5,158,25430.32,25401.74,0.00
2025-11-26,01:05:00,25425.25,25426.5,25419.75,25422.5,193,25430.27,25401.78,0.00
2025-11-26,01:06:00,25423,25424.75,25420.75,25424,199,25430.22,25401.82,0.00
2025-11-26,01:07:00,25424.25,25429,25423.75,25427.5,278,25430.19,25401.89,0.00
2025-11-26,01:08:00,25427.75,25433.25,25427.75,25431.5,451,25430.20,25402.02,0.00
2025-11-26,01:09:00,25431.25,25441,25431.25,25439.25,640,25430.34,25402.24,0.00
2025-11-26,01:10:00,25440,25443.75,25438,25441.5,578,25430.54,25402.45,0.00
2025-11-26,01:11:00,25441.75,25442.5,25437.25,25440.5,362,25430.65,25402.59,0.00
2025-11-26,01:12:00,25440.75,25444,25439,25440,324,25430.75,25402.71,0.00
2025-11-26,01:13:00,25439.25,25444.25,25438,25438.5,342,25430.85,25402.83,0.00
2025-11-26,01:14:00,25439.25,25441.25,25436.75,25437,263,25430.91,25402.92,0.00
2025-11-26,01:15:00,25437,25437.5,25434.75,25437,269,25430.96,25403.00,0.00
2025-11-26,01:16:00,25437.25,25440.75,25436.25,25440.25,198,25431.01,25403.07,0.00
2025-11-26,01:17:00,25440.75,25442.5,25436.5,25442.5,223,25431.07,25403.15,0.00
2025-11-26,01:18:00,25442.5,25442.75,25439.5,25441.5,103,25431.10,25403.19,0.00
2025-11-26,01:19:00,25441.75,25441.75,25438.25,25440.25,142,25431.14,25403.24,0.00
2025-11-26,01:20:00,25440.25,25442.5,25439.75,25441.5,148,25431.18,25403.29,0.00
2025-11-26,01:21:00,25440.75,25442.75,25440,25442.75,150,25431.23,25403.35,0.00
2025-11-26,01:22:00,25442.75,25453.25,25441.75,25452.5,1419,25449.17,25403.96,0.00
2025-11-26,01:23:00,25452.75,25454.5,25449,25450.25,535,25451.25,25404.19,0.00
2025-11-26,01:24:00,25450.5,25453.25,25449.25,25451,264,25451.22,25404.31,0.00
2025-11-26,01:25:00,25450.5,25452.75,25445.25,25446.25,263,25450.45,25404.41,0.00
2025-11-26,01:26:00,25445.75,25449.5,25444.5,25445.25,309,25449.54,25404.53,0.00
2025-11-26,01:27:00,25444.25,25446.5,25443.25,25444,262,25448.74,25404.63,0.00
2025-11-26,01:28:00,25443.75,25446,25442.5,25443.25,192,25448.23,25404.70,0.00
2025-11-26,01:29:00,25443.25,25443.5,25439.25,25441.5,368,25447.09,25404.82,0.00
2025-11-26,01:30:00,25441.75,25444.5,25441.75,25444,145,25446.86,25404.88,0.00
2025-11-26,01:31:00,25444,25451.25,25443.5,25449.5,403,25447.04,25405.03,0.00
2025-11-26,01:32:00,25450.25,25450.75,25445.5,25447.75,205,25447.11,25405.11,0.00
2025-11-26,01:33:00,25447.75,25453.25,25447.75,25452.5,243,25447.42,25405.22,0.00
2025-11-26,01:34:00,25451.5,25455.75,25450.25,25453.5,616,25453.17,25405.48,0.00
2025-11-26,01:35:00,25453.5,25454,25449.25,25452,280,25452.72,25405.60,0.00
2025-11-26,01:36:00,25453,25454.25,25451.75,25454,158,25452.82,25405.67,0.00
2025-11-26,01:37:00,25453.25,25454.5,25449.25,25450,238,25452.53,25405.76,0.00
2025-11-26,01:38:00,25449.25,25451.75,25446.75,25451,173,25452.21,25405.83,0.00
2025-11-26,01:39:00,25451.25,25456,25451.25,25452.5,301,25453.25,25405.96,0.00
2025-11-26,01:40:00,25453.5,25454,25450.5,25452.75,151,25452.97,25406.02,0.00
2025-11-26,01:41:00,25453,25454.25,25451.75,25452,149,25452.90,25406.09,0.00
2025-11-26,01:42:00,25452,25454.25,25450.75,25453.25,160,25452.87,25406.15,0.00
2025-11-26,01:43:00,25454.5,25455.5,25452.75,25454.25,219,25453.16,25406.25,0.00
2025-11-26,01:44:00,25454.5,25455.5,25452.75,25454.75,189,25453.35,25406.33,0.00
2025-11-26,01:45:00,25454.25,25454.5,25451.25,25451.25,117,25453.25,25406.37,0.00
2025-11-26,01:46:00,25451.25,25451.75,25448.75,25449.5,404,25452.48,25406.53,0.00
2025-11-26,01:47:00,25449.5,25451.25,25447.25,25449.25,278,25452.02,25406.63,0.00
2025-11-26,01:48:00,25448,25448.75,25444.75,25446.75,238,25451.45,25406.72,0.00
2025-11-26,01:49:00,25446.5,25451.5,25446.5,25450,179,25451.29,25406.79,0.00
2025-11-26,01:50:00,25450.25,25452.75,25450.25,25450.5,85,25451.29,25406.82,0.00
2025-11-26,01:51:00,25450.25,25450.5,25444.75,25446.75,193,25451.00,25406.89,0.00
2025-11-26,01:52:00,25446,25448.5,25445,25445.5,172,25450.72,25406.95,0.00
2025-11-26,01:53:00,25445.75,25448.5,25445.75,25447,130,25450.56,25406.99,0.00
2025-11-26,01:54:00,25447,25451.25,25446.5,25450,192,25450.48,25407.06,0.00
2025-11-26,01:55:00,25450.5,25451.25,25449,25450,53,25450.47,25407.08,0.00
2025-11-26,01:56:00,25450,25451.25,25448.5,25450,129,25450.45,25407.13,0.00
2025-11-26,01:57:00,25450,25452.25,25449.25,25452,105,25450.47,25407.17,0.00
2025-11-26,01:58:00,25451.75,25454,25450.5,25453.75,142,25450.56,25407.23,0.00
2025-11-26,01:59:00,25453,25453.5,25449.75,25451.75,109,25450.60,25407.27,0.00
2025-11-26,02:00:00,25451.5,25453.5,25451.5,25452.5,84,25450.64,25407.30,0.00
2025-11-26,02:01:00,25453,25454,25451,25452.5,125,25450.70,25407.35,0.00
2025-11-26,02:02:00,25452,25452.75,25446.25,25447,171,25450.61,25407.41,0.00
2025-11-26,02:03:00,25447.25,25452.5,25446.25,25446.5,308,25450.46,25407.52,0.00
2025-11-26,02:04:00,25446.25,25452,25445.75,25449.25,208,25450.39,25407.60,0.00
2025-11-26,02:05:00,25449,25453.25,25449,25451,175,25450.42,25407.66,0.00
2025-11-26,02:06:00,25451.5,25456,25449.75,25450,249,25450.49,25407.76,0.00
2025-11-26,02:07:00,25450.75,25453.25,25449.25,25452,132,25450.52,25407.80,0.00
2025-11-26,02:08:00,25452.25,25453,25450.75,25452.75,68,25450.54,25407.83,0.00
2025-11-26,02:09:00,25453,25453.5,25448.75,25450.25,104,25450.55,25407.87,0.00
2025-11-26,02:10:00,25451.25,25454.25,25450.5,25453.25,208,25450.63,25407.95,0.00
2025-11-26,02:11:00,25453,25453,25449.5,25451.75,188,25450.65,25408.02,0.00
2025-11-26,02:12:00,25453.25,25455,25450,25451.25,162,25450.69,25408.08,0.00
2025-11-26,02:13:00,25452.25,25453.25,25451,25451.75,63,25450.70,25408.10,0.00
2025-11-26,02:14:00,25451.75,25453.25,25450,25451.75,82,25450.72,25408.13,0.00
2025-11-26,02:15:00,25452.25,25452.75,25449,25449.75,260,25450.71,25408.23,0.00
2025-11-26,02:16:00,25449.5,25451.75,25447.75,25450,217,25450.68,25408.30,0.00
2025-11-26,02:17:00,25450,25451.75,25448.5,25448.5,110,25450.66,25408.34,0.00
2025-11-26,02:18:00,25448.25,25451.75,25445.75,25446.25,252,25450.56,25408.43,0.00
2025-11-26,02:19:00,25446.25,25446.25,25439.75,25443.75,708,25449.88,25408.63,0.00
2025-11-26,02:20:00,25443.75,25447,25443.25,25445.75,307,25449.70,25408.73,0.00
2025-11-26,02:21:00,25446.25,25447.25,25444.5,25445.25,139,25449.63,25408.77,0.00
2025-11-26,02:22:00,25445.75,25445.75,25440,25441.25,234,25449.42,25408.84,0.00
2025-11-26,02:23:00,25441.5,25442.5,25439.5,25440.5,144,25449.28,25408.87,0.00
2025-11-26,02:24:00,25440.5,25443.75,25440.25,25442.75,93,25449.20,25408.90,0.00
2025-11-26,02:25:00,25443.25,25447,25442.75,25444.5,186,25449.10,25408.96,0.00
2025-11-26,02:26:00,25444.75,25448.25,25444.75,25445.25,209,25449.03,25409.02,0.00
2025-11-26,02:27:00,25445.75,25446.5,25443.25,25444.25,139,25448.96,25409.06,0.00
2025-11-26,02:28:00,25444.75,25451.25,25444.75,25448.75,302,25448.94,25409.16,0.00
2025-11-26,02:29:00,25448.25,25448.5,25444.75,25447.5,198,25448.90,25409.22,0.00
2025-11-26,02:30:00,25447.5,25454.5,25447.25,25451.75,279,25448.96,25409.32,0.00
2025-11-26,02:31:00,25451.5,25463,25451.25,25458.5,1135,25457.58,25409.76,0.00
2025-11-26,02:32:00,25458.5,25462.75,25456.75,25461.75,327,25458.22,25409.90,0.00
2025-11-26,02:33:00,25463,25467.75,25460.25,25466,885,25464.67,25410.29,0.00
2025-11-26,02:34:00,25465.75,25466.5,25461.25,25463,339,25464.37,25410.44,0.00
2025-11-26,02:35:00,25463.5,25466.5,25461.75,25464.75,279,25464.36,25410.56,0.00
2025-11-26,02:36:00,25464.25,25466.25,25461.75,25463,188,25464.28,25410.64,0.00
2025-11-26,02:37:00,25462.25,25468,25460.25,25466.25,370,25464.83,25410.80,0.00
2025-11-26,02:38:00,25466.5,25467.75,25463.75,25464.25,258,25465.00,25410.91,0.00
2025-11-26,02:39:00,25464.25,25464.5,25457.5,25461,413,25463.42,25411.08,0.00
2025-11-26,02:40:00,25461.25,25464.25,25459,25463.25,208,25463.21,25411.16,0.00
2025-11-26,02:41:00,25462.75,25466.5,25462.25,25466,248,25463.49,25411.27,0.00
2025-11-26,02:42:00,25466.25,25469,25465.75,25465.75,298,25466.83,25411.40,0.00
2025-11-26,02:43:00,25465.5,25467.25,25465.25,25466.25,134,25466.65,25411.46,0.00
2025-11-26,02:44:00,25466.25,25467.25,25465.5,25466,105,25466.57,25411.50,0.00
2025-11-26,02:45:00,25465.75,25466.25,25460.5,25462.25,377,25465.10,25411.65,0.00
2025-11-26,02:46:00,25462,25466,25461.25,25464.5,238,25464.86,25411.75,0.00
2025-11-26,02:47:00,25464.25,25467.5,25464.25,25466.5,148,25465.00,25411.81,0.00
2025-11-26,02:48:00,25466.25,25468.5,25465,25467.25,161,25465.21,25411.88,0.00
2025-11-26,02:49:00,25467.75,25470.5,25466.5,25468.75,531,25468.58,25412.12,0.00
2025-11-26,02:50:00,25469.5,25471.75,25468,25471,298,25470.25,25412.25,0.00
2025-11-26,02:51:00,25471,25472,25467.75,25470.5,382,25470.08,25412.43,0.00
2025-11-26,02:52:00,25471.25,25472.25,25469.5,25469.75,148,25470.50,25412.49,0.00
2025-11-26,02:53:00,25469.75,25470.75,25468,25470.75,125,25470.19,25412.55,0.00
2025-11-26,02:54:00,25470,25473,25469,25472.5,218,25471.50,25412.65,0.00
2025-11-26,02:55:00,25472.25,25474.75,25471.25,25473.5,242,25473.17,25412.76,0.00
2025-11-26,02:56:00,25473.25,25473.75,25469.75,25472,219,25472.53,25412.86,0.00
2025-11-26,02:57:00,25471.5,25473,25470,25471.25,152,25472.26,25412.93,0.00
2025-11-26,02:58:00,25471.25,25471.75,25468.5,25469,161,25471.74,25413.00,0.00
2025-11-26,02:59:00,25468.5,25469.5,25465.5,25466,260,25470.54,25413.11,0.00
2025-11-26,03:00:00,25465.75,25466.25,25464,25464,217,25469.54,25413.19,0.00
2025-11-26,03:01:00,25464.25,25471,25464.25,25469.75,354,25469.27,25413.34,0.00
2025-11-26,03:02:00,25470,25473,25468.75,25471.25,271,25469.52,25413.46,0.00
2025-11-26,03:03:00,25471.25,25471.25,25467.25,25468.25,199,25469.46,25413.55,0.00
2025-11-26,03:04:00,25467.75,25470.25,25464.75,25465.25,183,25469.24,25413.62,0.00
2025-11-26,03:05:00,25465.5,25469.25,25465,25465.75,159,25469.08,25413.69,0.00
2025-11-26,03:06:00,25465.75,25467.75,25465.5,25466.5,149,25468.93,25413.75,0.00
2025-11-26,03:07:00,25466,25470.5,25465.25,25466,153,25468.84,25413.81,0.00
2025-11-26,03:08:00,25466,25468,25464,25465.75,115,25468.72,25413.85,0.00
2025-11-26,03:09:00,25465.5,25467.75,25464.25,25465.25,108,25468.61,25413.89,0.00
2025-11-26,03:10:00,25465,25468.75,25464,25467.5,156,25468.51,25413.96,0.00
2025-11-26,03:11:00,25468,25472.25,25467,25467.75,270,25468.55,25414.07,0.00
2025-11-26,03:12:00,25466.75,25468.25,25463.25,25465.5,166,25468.42,25414.13,0.00
2025-11-26,03:13:00,25465.75,25469,25464.5,25469,108,25468.39,25414.18,0.00
2025-11-26,03:14:00,25469.25,25470.5,25467.5,25469.5,143,25468.42,25414.24,0.00
2025-11-26,03:15:00,25469.25,25471.25,25465.25,25467.5,217,25468.40,25414.32,0.00
2025-11-26,03:16:00,25468.25,25468.5,25466,25467,107,25468.37,25414.37,0.00
2025-11-26,03:17:00,25467.5,25468,25464.25,25466.5,122,25468.30,25414.41,0.00
2025-11-26,03:18:00,25465.75,25467,25464.5,25465,77,25468.25,25414.44,0.00
2025-11-26,03:19:00,25465,25465.75,25462,25463,258,25467.99,25414.54,0.00
2025-11-26,03:20:00,25463,25465.5,25462,25463.75,134,25467.87,25414.59,0.00
2025-11-26,03:21:00,25464,25465.25,25461.75,25464.75,164,25467.74,25414.65,0.00
2025-11-26,03:22:00,25464.5,25467,25464.25,25466.25,134,25467.69,25414.70,0.00
2025-11-26,03:23:00,25466.25,25469.25,25464.25,25468.75,146,25467.68,25414.76,0.00
2025-11-26,03:24:00,25468.25,25472.25,25465.75,25471.75,287,25467.80,25414.87,0.00
2025-11-26,03:25:00,25471.75,25473.25,25468.75,25470.5,258,25467.93,25414.98,0.00
2025-11-26,03:26:00,25469.25,25469.5,25467.25,25468.75,138,25467.95,25415.04,0.00
2025-11-26,03:27:00,25468.25,25473.5,25468.25,25473.25,206,25468.07,25415.12,0.00
2025-11-26,03:28:00,25473.25,25478.25,25471.75,25474.75,823,25474.92,25415.48,0.00
2025-11-26,03:29:00,25475,25483,25474.25,25480.5,646,25479.25,25415.79,0.00
2025-11-26,03:30:00,25480.75,25482.75,25479.25,25482.5,348,25480.04,25415.95,0.00
2025-11-26,03:31:00,25482,25484,25478.75,25482,461,25481.58,25416.17,0.00
2025-11-26,03:32:00,25482,25482.5,25478.75,25482.25,342,25481.41,25416.33,0.00
2025-11-26,03:33:00,25481,25485.75,25480,25484.5,404,25483.42,25416.53,0.00
2025-11-26,03:34:00,25484.25,25485.25,25480.5,25481,269,25482.95,25416.66,0.00
2025-11-26,03:35:00,25480.75,25483.25,25478,25480.25,402,25482.03,25416.84,0.00
2025-11-26,03:36:00,25481,25487.5,25480.25,25485.5,491,25484.42,25417.08,0.00
2025-11-26,03:37:00,25485.75,25489.25,25484.25,25486.5,630,25486.67,25417.39,0.00
2025-11-26,03:38:00,25486,25486.25,25483.75,25484.25,164,25486.27,25417.47,0.00
2025-11-26,03:39:00,25484.5,25486,25481.75,25485,151,25485.95,25417.54,0.00
2025-11-26,03:40:00,25485.25,25486,25483.75,25484,92,25485.83,25417.59,0.00
2025-11-26,03:41:00,25484.5,25487.25,25483.75,25486.75,176,25485.84,25417.67,0.00
2025-11-26,03:42:00,25487.25,25488.75,25483.75,25486,304,25485.91,25417.82,0.00
2025-11-26,03:43:00,25485.75,25488.5,25485.25,25485.75,204,25485.98,25417.92,0.00
2025-11-26,03:44:00,25486.5,25486.5,25477,25478.25,559,25484.65,25418.17,0.00
2025-11-26,03:45:00,25478.25,25481.75,25476.75,25477.5,287,25483.98,25418.29,0.00
2025-11-26,03:46:00,25477.75,25479.75,25473.5,25475,365,25483.00,25418.44,0.00
2025-11-26,03:47:00,25475,25475.5,25472.25,25474,274,25482.22,25418.55,0.00
2025-11-26,03:48:00,25474.75,25477.75,25472.5,25476.25,308,25481.64,25418.67,0.00
2025-11-26,03:49:00,25475.75,25480.25,25475.25,25476.25,296,25481.29,25418.79,0.00
2025-11-26,03:50:00,25476.75,25480.25,25472.25,25473.75,387,25480.75,25418.94,0.00
2025-11-26,03:51:00,25473.5,25473.75,25468.25,25468.75,590,25479.46,25419.15,0.00
2025-11-26,03:52:00,25468.75,25472.5,25467.5,25469.25,288,25478.91,25419.25,0.00
2025-11-26,03:53:00,25469.25,25470,25465.25,25469.5,493,25477.96,25419.42,0.00
2025-11-26,03:54:00,25470,25474.25,25470,25470.75,303,25477.64,25419.53,0.00
2025-11-26,03:55:00,25471,25471,25467,25469.25,289,25477.24,25419.63,0.00
2025-11-26,03:56:00,25469.5,25471.25,25466.25,25468.25,282,25476.86,25419.72,0.00
2025-11-26,03:57:00,25467.75,25473.25,25467.75,25471.5,244,25476.64,25419.81,0.00
2025-11-26,03:58:00,25471.5,25473,25468.25,25472.25,224,25476.46,25419.89,0.00
2025-11-26,03:59:00,25472.75,25475.75,25469.5,25473.75,279,25476.33,25419.99,0.00
2025-11-26,04:00:00,25473.5,25475.5,25465.25,25465.25,322,25476.00,25420.09,0.00
2025-11-26,04:01:00,25465.25,25465.75,25450.25,25450.25,1846,25471.94,25420.53,0.00
2025-11-26,04:02:00,25450.75,25462,25449,25455.75,1082,25470.24,25420.79,0.00
2025-11-26,04:03:00,25456,25459,25453.25,25454.75,410,25469.69,25420.88,0.00
2025-11-26,04:04:00,25454.75,25457,25450,25457,430,25469.12,25420.98,0.00
2025-11-26,04:05:00,25456.25,25460,25455.25,25457.75,529,25468.61,25421.11,0.00
2025-11-26,04:06:00,25457.25,25457.25,25448,25449.5,642,25467.73,25421.23,0.00
2025-11-26,04:07:00,25449.5,25453.75,25449.25,25451,314,25467.32,25421.30,0.00
2025-11-26,04:08:00,25451,25454.75,25449,25453.25,333,25466.94,25421.36,0.00
2025-11-26,04:09:00,25453.75,25458.25,25450.75,25453,364,25466.59,25421.44,0.00
2025-11-26,04:10:00,25452,25455,25446.75,25449,427,25466.09,25421.52,0.00
2025-11-26,04:11:00,25448.75,25450.25,25440,25440,902,25464.71,25421.65,0.00
2025-11-26,04:12:00,25439.75,25456.75,25435,25456.75,1343,25463.44,25421.89,0.00
2025-11-26,04:13:00,25455.5,25460,25452.25,25458,735,25463.15,25422.06,0.00
2025-11-26,04:14:00,25458.25,25463.5,25456.75,25460,601,25463.05,25422.20,0.00
2025-11-26,04:15:00,25460.75,25464.25,25456,25460.5,418,25462.98,25422.30,0.00
2025-11-26,04:16:00,25459.75,25470.25,25459.5,25467.5,732,25463.09,25422.50,0.00
2025-11-26,04:17:00,25466.75,25468.75,25462.75,25466.5,519,25463.17,25422.65,0.00
2025-11-26,04:18:00,25466.5,25471,25465.5,25465.75,318,25463.24,25422.74,0.00
2025-11-26,04:19:00,25466.25,25468,25463.25,25465.75,257,25463.27,25422.80,0.00
2025-11-26,04:20:00,25464.75,25468.25,25463.75,25468,305,25463.32,25422.89,0.00
2025-11-26,04:21:00,25468,25472.75,25467.75,25471.25,460,25463.48,25423.03,0.00
2025-11-26,04:22:00,25471.5,25478,25470.5,25478,655,25463.86,25423.24,0.00
2025-11-26,04:23:00,25477.25,25478,25466.75,25471.5,483,25464.04,25423.39,0.00
2025-11-26,04:24:00,25472,25473.75,25468,25470.75,345,25464.15,25423.49,0.00
2025-11-26,04:25:00,25469.25,25471.75,25461.5,25463.25,671,25464.19,25423.66,0.00
2025-11-26,04:26:00,25463.75,25464.25,25457.25,25460.75,705,25464.08,25423.82,0.00
2025-11-26,04:27:00,25460.25,25460.25,25451.75,25452.25,495,25463.89,25423.92,0.00
2025-11-26,04:28:00,25452.75,25453,25446,25448.5,586,25463.54,25424.01,0.00
2025-11-26,04:29:00,25448.5,25460,25448.25,25456,709,25463.29,25424.14,0.00
2025-11-26,04:30:00,25456.5,25460.5,25453.25,25459.75,444,25463.19,25424.23,0.00
2025-11-26,04:31:00,25459.75,25463.75,25454.25,25456,665,25463.06,25424.37,0.00
2025-11-26,04:32:00,25456.25,25460.75,25452.25,25453.75,346,25462.96,25424.43,0.00
2025-11-26,04:33:00,25454.5,25461.25,25454,25457.25,414,25462.88,25424.51,0.00
2025-11-26,04:34:00,25458.75,25461.75,25452.25,25454.25,316,25462.80,25424.57,0.00
2025-11-26,04:35:00,25454.5,25457,25449,25456,367,25462.69,25424.64,0.00
2025-11-26,04:36:00,25455.5,25455.75,25448.25,25452.25,232,25462.60,25424.68,0.00
2025-11-26,04:37:00,25452.25,25453.25,25444.75,25447.25,435,25462.38,25424.74,0.00
2025-11-26,04:38:00,25448,25448.75,25441.5,25446,476,25462.10,25424.80,0.00
2025-11-26,04:39:00,25446.5,25449.25,25441.5,25442,433,25461.84,25424.85,0.00
2025-11-26,04:40:00,25442,25446.75,25442,25445,187,25461.73,25424.87,0.00
2025-11-26,04:41:00,25445.25,25448.5,25444.25,25447.5,243,25461.60,25424.90,0.00
2025-11-26,04:42:00,25447.75,25449.75,25445,25446,227,25461.49,25424.93,0.00
2025-11-26,04:43:00,25446.25,25451.75,25445.75,25445.75,273,25461.37,25424.97,0.00
2025-11-26,04:44:00,25445.5,25445.5,25439.5,25441,334,25461.16,25425.00,0.00
2025-11-26,04:45:00,25441.5,25442.25,25438,25439,396,25460.88,25425.03,0.00
2025-11-26,04:46:00,25439.5,25445,25438.5,25444.25,375,25460.66,25425.07,0.00
2025-11-26,04:47:00,25443.5,25451,25443.5,25449.5,437,25460.49,25425.13,0.00
2025-11-26,04:48:00,25449.75,25452,25446.5,25448.75,288,25460.38,25425.17,0.00
2025-11-26,04:49:00,25448.25,25448.75,25443,25446.5,208,25460.29,25425.20,0.00
2025-11-26,04:50:00,25446.75,25453,25446.5,25449.5,335,25460.18,25425.24,0.00
2025-11-26,04:51:00,25449.75,25453,25448.25,25451.5,166,25460.14,25425.27,0.00
2025-11-26,04:52:00,25451,25451.25,25444.25,25445.75,292,25460.02,25425.31,0.00
2025-11-26,04:53:00,25446.5,25450.5,25444.25,25446.25,226,25459.93,25425.33,0.00
2025-11-26,04:54:00,25446,25455,25442.25,25449,456,25459.78,25425.40,0.00
2025-11-26,04:55:00,25449.25,25450,25443.5,25448,269,25459.68,25425.43,0.00
2025-11-26,04:56:00,25447.25,25448,25441.75,25443.25,291,25459.55,25425.46,0.00
2025-11-26,04:57:00,25442.75,25446.5,25440,25441,303,25459.40,25425.49,0.00
2025-11-26,04:58:00,25442,25444.75,25435.75,25436,397,25459.17,25425.52,0.00
2025-11-26,04:59:00,25436.75,25439.25,25433.5,25434.25,524,25458.82,25425.55,0.00
2025-11-26,05:00:00,25434.5,25434.5,25424.75,25425.75,803,25458.15,25425.56,0.00
2025-11-26,05:01:00,25425.25,25428.5,25415,25416.5,2453,25455.73,25425.49,0.00
2025-11-26,05:02:00,25416.75,25422,25407.75,25419.25,1328,25454.42,25425.42,0.00
2025-11-26,05:03:00,25419.25,25428.5,25419.25,25421.25,970,25453.68,25425.41,0.00
2025-11-26,05:04:00,25421.75,25423.75,25415,25415,517,25453.24,25425.39,0.00
2025-11-26,05:05:00,25415.25,25421.25,25412.5,25417.75,539,25452.77,25425.36,0.00
2025-11-26,05:06:00,25417.5,25424,25415.5,25419.75,533,25452.36,25425.34,0.00
2025-11-26,05:07:00,25419.75,25424,25413.25,25413.75,443,25452.00,25425.32,0.00
2025-11-26,05:08:00,25414,25420.25,25413.5,25416.75,353,25451.71,25425.31,0.00
2025-11-26,05:09:00,25417,25418.5,25408.25,25410.5,639,25451.14,25425.26,0.00
2025-11-26,05:10:00,25410.5,25415,25406.75,25411.75,646,25450.56,25425.21,0.00
2025-11-26,05:11:00,25411.25,25422.5,25410.25,25421.75,609,25450.13,25425.19,0.00
2025-11-26,05:12:00,25421.25,25425,25417,25420.5,499,25449.81,25425.18,0.00
2025-11-26,05:13:00,25420.25,25423,25417.75,25422.25,268,25449.64,25425.17,0.00
2025-11-26,05:14:00,25420.75,25421,25413.25,25419.25,488,25449.31,25425.15,0.00
2025-11-26,05:15:00,25419,25421,25413.5,25415.75,342,25449.07,25425.14,0.00
2025-11-26,05:16:00,25416,25416.25,25408.75,25413.75,480,25448.71,25425.11,0.00
2025-11-26,05:17:00,25413.75,25420.25,25413.75,25419.5,442,25448.42,25425.09,0.00
2025-11-26,05:18:00,25420,25427,25419,25423.5,658,25448.08,25425.08,0.00
2025-11-26,05:19:00,25423.25,25424.75,25415.5,25418.25,368,25447.86,25425.07,0.00
2025-11-26,05:20:00,25418.25,25420.25,25411.75,25412.5,349,25447.63,25425.05,0.00
2025-11-26,05:21:00,25413.25,25415.25,25400.25,25402,1430,25446.45,25424.91,0.00
2025-11-26,05:22:00,25401.75,25402.25,25394.75,25397.5,1205,25445.33,25424.74,0.00
2025-11-26,05:23:00,25397.25,25401.75,25395.5,25401.5,620,25444.79,25424.66,0.00
2025-11-26,05:24:00,25401,25406.25,25399,25400.25,742,25444.19,25424.57,0.00
2025-11-26,05:25:00,25399.5,25399.75,25393.5,25395.25,786,25443.49,25424.45,0.00
2025-11-26,05:26:00,25394.5,25402.25,25391.75,25402.25,876,25442.77,25424.34,0.00
2025-11-26,05:27:00,25401,25408.5,25399.5,25406.5,628,25442.34,25424.28,0.00
2025-11-26,05:28:00,25405.75,25407.5,25390.75,25394.5,727,25441.76,25424.18,0.00
2025-11-26,05:29:00,25395.5,25400,25393.25,25395.5,454,25441.40,25424.11,0.00
2025-11-26,05:30:00,25395.25,25400.75,25394.5,25397.25,358,25441.12,25424.06,0.00
2025-11-26,05:31:00,25396.75,25405.75,25396.25,25402.75,500,25440.78,25424.01,0.00
2025-11-26,05:32:00,25403,25410.5,25403,25408.75,457,25440.52,25423.97,0.00
2025-11-26,05:33:00,25408.5,25413.75,25407.25,25412.25,490,25440.27,25423.94,0.00
2025-11-26,05:34:00,25412,25412.25,25404.5,25405.5,359,25440.07,25423.91,0.00
2025-11-26,05:35:00,25405.75,25408.25,25404,25405.25,227,25439.94,25423.89,0.00
2025-11-26,05:36:00,25405.75,25408.25,25400.25,25400.75,309,25439.75,25423.85,0.00
2025-11-26,05:37:00,25401.25,25408.75,25401.25,25406.75,252,25439.60,25423.83,0.00
2025-11-26,05:38:00,25407.75,25412,25406.25,25411.5,326,25439.44,25423.81,0.00
2025-11-26,05:39:00,25411.75,25414.25,25408.5,25411,321,25439.29,25423.79,0.00
2025-11-26,05:40:00,25411.75,25418.75,25411,25417.25,568,25439.07,25423.76,0.00
2025-11-26,05:41:00,25418,25418.25,25413,25416,326,25438.95,25423.75,0.00
2025-11-26,05:42:00,25416.25,25419,25415.25,25418.25,335,25438.83,25423.74,0.00
2025-11-26,05:43:00,25418.25,25421,25416.25,25420.75,352,25438.72,25423.73,0.00
2025-11-26,05:44:00,25420,25424.75,25417,25417.5,514,25438.56,25423.72,0.00
2025-11-26,05:45:00,25417.5,25417.5,25412.75,25415,435,25438.40,25423.70,0.00
2025-11-26,05:46:00,25414.75,25416,25411.75,25414.5,308,25438.28,25423.69,0.00
2025-11-26,05:47:00,25415.5,25419.75,25415.5,25417.25,345,25438.17,25423.68,0.00
2025-11-26,05:48:00,25418.25,25420.5,25417.5,25417.5,125,25438.13,25423.68,0.00
2025-11-26,05:49:00,25417.5,25417.75,25410.25,25411,397,25437.97,25423.66,0.00
2025-11-26,05:50:00,25411,25411.5,25405.25,25406.75,593,25437.70,25423.61,0.00
2025-11-26,05:51:00,25406,25409,25403.25,25407.5,470,25437.47,25423.57,0.00
2025-11-26,05:52:00,25407.75,25410.5,25394.5,25394.75,1060,25436.87,25423.45,0.00
2025-11-26,05:53:00,25395,25405.75,25392.75,25404.75,550,25436.57,25423.39,0.00
2025-11-26,05:54:00,25404.5,25408.5,25403.25,25404.25,334,25436.42,25423.36,0.00
2025-11-26,05:55:00,25404,25407.5,25402.25,25403.75,245,25436.30,25423.34,0.00
2025-11-26,05:56:00,25403.75,25408,25403.75,25404.75,186,25436.22,25423.32,0.00
2025-11-26,05:57:00,25405.5,25407.5,25403,25407,217,25436.12,25423.30,0.00
2025-11-26,05:58:00,25406.75,25406.75,25401.75,25403.75,261,25436.00,25423.28,0.00
2025-11-26,05:59:00,25402.75,25407,25401.75,25402.75,183,25435.91,25423.26,0.00
2025-11-26,06:00:00,25403,25404.75,25401.25,25402.5,86,25435.87,25423.25,0.00
2025-11-26,06:01:00,25403,25408.25,25401.75,25406.25,302,25435.73,25423.23,0.00
2025-11-26,06:02:00,25406.25,25411.75,25405.5,25410.25,431,25435.57,25423.20,0.00
2025-11-26,06:03:00,25410.5,25413,25407.25,25408.25,382,25435.42,25423.17,0.00
2025-11-26,06:04:00,25408.75,25412.25,25407.25,25410.5,180,25435.36,25423.16,0.00
2025-11-26,06:05:00,25410.75,25417.25,25410,25415,353,25435.25,25423.15,0.00
2025-11-26,06:06:00,25415.25,25415.25,25410.25,25414.25,180,25435.19,25423.14,0.00
2025-11-26,06:07:00,25414,25415.25,25411.5,25414.25,131,25435.15,25423.13,0.00
2025-11-26,06:08:00,25413.75,25418.5,25413.25,25417.5,296,25435.08,25423.12,0.00
2025-11-26,06:09:00,25417.5,25423.75,25417.5,25423.5,559,25434.97,25423.12,0.00
2025-11-26,06:10:00,25423,25432.5,25422.5,25431,1125,25434.87,25423.15,0.00
2025-11-26,06:11:00,25430.5,25440.75,25430.5,25440.25,906,25434.90,25423.21,0.00
2025-11-26,06:12:00,25440.25,25441.25,25426.5,25428,844,25434.87,25423.24,0.00
2025-11-26,06:13:00,25427.25,25431.75,25426,25428.25,364,25434.84,25423.25,0.00
2025-11-26,06:14:00,25428.25,25435.25,25424,25433,479,25434.81,25423.27,0.00
2025-11-26,06:15:00,25432.5,25437.25,25431.75,25435.75,329,25434.81,25423.29,0.00
2025-11-26,06:16:00,25435.75,25440.25,25434.75,25437.75,440,25434.83,25423.31,0.00
2025-11-26,06:17:00,25438,25439.25,25432.5,25434.5,370,25434.83,25423.34,0.00
2025-11-26,06:18:00,25434,25436.25,25434,25434.75,162,25434.83,25423.34,0.00
2025-11-26,06:19:00,25434.25,25441.75,25434,25438.25,393,25434.85,25423.37,0.00
2025-11-26,06:20:00,25438.5,25439.25,25433.5,25436,244,25434.85,25423.39,0.00
2025-11-26,06:21:00,25436.5,25440,25434,25435.5,257,25434.86,25423.40,0.00
2025-11-26,06:22:00,25435.25,25440,25434.5,25440,140,25434.86,25423.41,0.00
2025-11-26,06:23:00,25439,25440.25,25437,25437.25,194,25434.87,25423.42,0.00
2025-11-26,06:24:00,25437.75,25443,25433.5,25434.5,529,25434.88,25423.46,0.00
2025-11-26,06:25:00,25434.75,25439.5,25433.5,25436.75,288,25434.89,25423.47,0.00
2025-11-26,06:26:00,25437.5,25440.5,25437,25437.75,217,25434.90,25423.49,0.00
2025-11-26,06:27:00,25438,25441,25437,25438.5,209,25434.91,25423.50,0.00
2025-11-26,06:28:00,25438.5,25439.5,25433.75,25435.25,198,25434.91,25423.52,0.00
2025-11-26,06:29:00,25436,25436.25,25430.75,25432,347,25434.91,25423.53,0.00
2025-11-26,06:30:00,25431.5,25432.25,25426,25427,514,25434.86,25423.54,0.00
2025-11-26,06:31:00,25426.75,25427,25414.25,25416.75,921,25434.69,25423.52,0.00
2025-11-26,06:32:00,25416.75,25419.25,25412.5,25417.75,613,25434.55,25423.50,0.00
2025-11-26,06:33:00,25418,25423.75,25416.75,25423.25,475,25434.47,25423.50,0.00
2025-11-26,06:34:00,25424,25430.25,25423.25,25427,497,25434.42,25423.51,0.00
2025-11-26,06:35:00,25427.75,25431.25,25427.75,25429,231,25434.41,25423.51,0.00
2025-11-26,06:36:00,25429.75,25431,25427.25,25428,196,25434.40,25423.52,0.00
2025-11-26,06:37:00,25428.25,25431.25,25425.75,25431,210,25434.38,25423.52,0.00
2025-11-26,06:38:00,25430.5,25432.75,25428.5,25431.75,324,25434.37,25423.53,0.00
2025-11-26,06:39:00,25431.75,25433.75,25430.25,25430.5,224,25434.36,25423.54,0.00
2025-11-26,06:40:00,25432.25,25436.25,25432,25434.5,204,25434.36,25423.55,0.00
2025-11-26,06:41:00,25434.5,25442.75,25434.5,25442.75,413,25434.39,25423.58,0.00
2025-11-26,06:42:00,25442.5,25450.25,25442.5,25446,809,25434.50,25423.66,0.00
2025-11-26,06:43:00,25446.5,25450.5,25446.25,25449.75,321,25434.56,25423.70,0.00
2025-11-26,06:44:00,25449.5,25450,25437,25440,720,25434.62,25423.76,0.00
2025-11-26,06:45:00,25439.25,25440.25,25435,25436.25,410,25434.64,25423.78,0.00
2025-11-26,06:46:00,25437.25,25441,25433.5,25436.75,440,25434.65,25423.81,0.00
2025-11-26,06:47:00,25436.5,25440,25435.25,25437.25,149,25434.65,25423.82,0.00
2025-11-26,06:48:00,25437.5,25437.75,25434.25,25436.5,162,25434.66,25423.83,0.00
2025-11-26,06:49:00,25437,25442.75,25436,25439.5,227,25434.67,25423.84,0.00
2025-11-26,06:50:00,25440.5,25448.75,25440.5,25448.75,376,25434.72,25423.88,0.00
2025-11-26,06:51:00,25448.25,25449,25445,25448.25,249,25434.75,25423.91,0.00
2025-11-26,06:52:00,25448.25,25452.5,25447.5,25452.25,386,25434.82,25423.95,0.00
2025-11-26,06:53:00,25451.5,25454.25,25446.75,25454,491,25434.92,25424.01,0.00
2025-11-26,06:54:00,25453.25,25453.25,25451,25452.75,172,25434.95,25424.03,0.00
2025-11-26,06:55:00,25452.5,25456.5,25450.75,25454.5,413,25435.04,25424.09,0.00
2025-11-26,06:56:00,25455.5,25457,25452.75,25453,228,25435.09,25424.12,0.00
2025-11-26,06:57:00,25453,25454.75,25450.5,25454.75,252,25435.14,25424.15,0.00
2025-11-26,06:58:00,25455.5,25455.75,25451.25,25453,158,25435.17,25424.17,0.00
2025-11-26,06:59:00,25452.5,25452.5,25447.25,25449.25,239,25435.21,25424.20,0.00
2025-11-26,07:00:00,25449.25,25451.5,25446.25,25449.75,392,25435.27,25424.24,0.00
2025-11-26,07:01:00,25450,25452.75,25444,25446,710,25435.36,25424.31,0.00
2025-11-26,07:02:00,25446,25448.25,25443.75,25444.75,249,25435.39,25424.33,0.00
2025-11-26,07:03:00,25445.25,25447.25,25445,25446,185,25435.41,25424.35,0.00
2025-11-26,07:04:00,25446.75,25451,25444,25445.25,240,25435.44,25424.37,0.00
2025-11-26,07:05:00,25445,25449,25442.5,25448.25,247,25435.47,25424.40,0.00
2025-11-26,07:06:00,25448.25,25452.25,25445.75,25449.5,216,25435.51,25424.42,0.00
2025-11-26,07:07:00,25450,25451.75,25445.25,25451.25,432,25435.57,25424.47,0.00
2025-11-26,07:08:00,25451.25,25455.75,25445.5,25446.75,585,25435.66,25424.53,0.00
2025-11-26,07:09:00,25446,25450,25439.75,25442.5,843,25435.73,25424.60,0.00
2025-11-26,07:10:00,25442.25,25452.25,25441.75,25449.25,424,25435.79,25424.64,0.00
2025-11-26,07:11:00,25449,25452,25447.25,25450.75,202,25435.82,25424.66,0.00
2025-11-26,07:12:00,25450.75,25452,25447,25449,210,25435.85,25424.69,0.00
2025-11-26,07:13:00,25449.25,25455.5,25446,25454.25,283,25435.89,25424.72,0.00
2025-11-26,07:14:00,25453.75,25454.25,25448.25,25449.25,258,25435.93,25424.75,0.00
2025-11-26,07:15:00,25449.75,25452,25447,25450.75,294,25435.98,25424.78,0.00
2025-11-26,07:16:00,25451,25455.25,25450.75,25451,183,25436.01,25424.80,0.00
2025-11-26,07:17:00,25451.25,25452.25,25445,25447.75,300,25436.05,25424.83,0.00
2025-11-26,07:18:00,25447.75,25450.5,25445.5,25450.25,227,25436.08,25424.85,0.00
2025-11-26,07:19:00,25450,25454.25,25449,25451.25,229,25436.11,25424.88,0.00
2025-11-26,07:20:00,25452,25452.5,25447.25,25448.25,164,25436.14,25424.90,0.00
2025-11-26,07:21:00,25448,25449,25444.25,25448,276,25436.17,25424.92,0.00
2025-11-26,07:22:00,25448.25,25450.5,25447.75,25449,192,25436.19,25424.94,0.00
2025-11-26,07:23:00,25449.5,25453.25,25448.25,25452.25,261,25436.23,25424.97,0.00
2025-11-26,07:24:00,25452.5,25455.75,25452,25454.75,256,25436.28,25425.00,0.00
2025-11-26,07:25:00,25454.75,25466,25454.75,25465.25,1225,25436.60,25425.19,0.00
2025-11-26,07:26:00,25465.25,25468.5,25461,25461.75,623,25436.77,25425.29,0.00
2025-11-26,07:27:00,25461,25462.5,25455.5,25460.25,722,25436.93,25425.40,0.00
2025-11-26,07:28:00,25460,25465.5,25460,25462.75,242,25436.99,25425.43,0.00
2025-11-26,07:29:00,25463.75,25464,25458.75,25458.75,222,25437.04,25425.47,0.00
2025-11-26,07:30:00,25459,25459.5,25453.5,25458.5,382,25437.12,25425.52,0.00
2025-11-26,07:31:00,25458.5,25462.25,25457,25460.75,419,25437.21,25425.58,0.00
2025-11-26,07:32:00,25460,25460.25,25451.5,25454.25,414,25437.29,25425.63,0.00
2025-11-26,07:33:00,25453.75,25456.25,25441.25,25444.5,722,25437.36,25425.69,0.00
2025-11-26,07:34:00,25444.25,25446.25,25435.25,25445.75,1307,25437.42,25425.78,0.00
2025-11-26,07:35:00,25446,25453.5,25445.75,25450.25,548,25437.49,25425.84,0.00
2025-11-26,07:36:00,25450.75,25451.25,25441.75,25442,387,25437.51,25425.87,0.00
2025-11-26,07:37:00,25442.75,25446.5,25438,25443.75,488,25437.54,25425.90,0.00
2025-11-26,07:38:00,25444,25444.25,25437.25,25437.25,465,25437.55,25425.93,0.00
2025-11-26,07:39:00,25437.75,25438.5,25430.5,25435.75,800,25437.53,25425.95,0.00
2025-11-26,07:40:00,25435.75,25440.25,25435.25,25438,258,25437.53,25425.97,0.00
2025-11-26,07:41:00,25438.25,25446.25,25434,25445.25,559,25437.55,25426.00,0.00
2025-11-26,07:42:00,25445.25,25446.75,25436.75,25443.75,759,25437.58,25426.05,0.00
2025-11-26,07:43:00,25444.25,25445.5,25439.5,25443,437,25437.60,25426.08,0.00
2025-11-26,07:44:00,25442.75,25445.5,25441.25,25441.75,233,25437.62,25426.10,0.00
2025-11-26,07:45:00,25441.25,25449.5,25440.25,25448.25,367,25437.64,25426.13,0.00
2025-11-26,07:46:00,25447.75,25459.25,25447.75,25459,750,25437.76,25426.22,0.00
2025-11-26,07:47:00,25458.75,25461.75,25453.5,25461.5,584,25437.88,25426.29,0.00
2025-11-26,07:48:00,25461.25,25463,25452.25,25453.25,431,25437.95,25426.34,0.00
2025-11-26,07:49:00,25453.75,25454.75,25442.5,25443.75,599,25437.99,25426.39,0.00
2025-11-26,07:50:00,25444.25,25444.25,25435.25,25438.75,712,25438.00,25426.43,0.00
2025-11-26,07:51:00,25439.25,25440.25,25433.5,25435.5,669,25437.99,25426.46,0.00
2025-11-26,07:52:00,25435.75,25439.5,25430.5,25439.5,949,25437.98,25426.49,0.00
2025-11-26,07:53:00,25439.5,25441.5,25434.25,25435.75,495,25437.98,25426.51,0.00
2025-11-26,07:54:00,25435.25,25438,25433,25435.25,297,25437.97,25426.52,0.00
2025-11-26,07:55:00,25436.25,25437.75,25431,25432,410,25437.96,25426.54,0.00
2025-11-26,07:56:00,25432.75,25435.25,25429.25,25433,480,25437.93,25426.55,0.00
2025-11-26,07:57:00,25432.5,25435.5,25430.25,25433.5,295,25437.92,25426.55,0.00
2025-11-26,07:58:00,25432.75,25440.25,25432.5,25436.75,518,25437.91,25426.57,0.00
2025-11-26,07:59:00,25436.75,25439,25426.75,25432.5,838,25437.88,25426.59,0.00
2025-11-26,08:00:00,25432.5,25434,25428,25432.75,407,25437.86,25426.60,0.00
2025-11-26,08:01:00,25432.5,25438.25,25427.5,25429.75,924,25437.81,25426.62,0.00
2025-11-26,08:02:00,25430.25,25435.5,25425.75,25432.25,680,25437.77,25426.63,0.00
2025-11-26,08:03:00,25432,25432.75,25408.25,25414,1724,25437.50,25426.58,0.00
2025-11-26,08:04:00,25414.25,25415.75,25374,25409.25,6204,25435.65,25425.95,0.00
2025-11-26,08:05:00,25409.5,25411.5,25387.75,25405.25,1823,25435.17,25425.79,0.00
2025-11-26,08:06:00,25405.25,25405.25,25392.5,25396.5,1104,25434.86,25425.67,0.00
2025-11-26,08:07:00,25397,25412.75,25396,25409.75,1231,25434.59,25425.58,0.00
2025-11-26,08:08:00,25410.25,25417.5,25405.25,25406.25,1047,25434.39,25425.52,0.00
2025-11-26,08:09:00,25407,25407.25,25387.5,25390.75,1474,25433.96,25425.36,0.00
2025-11-26,08:10:00,25389.75,25398,25384,25386.5,1156,25433.58,25425.21,0.00
2025-11-26,08:11:00,25386.25,25393.25,25375.75,25391.5,1755,25432.98,25424.97,0.00
2025-11-26,08:12:00,25391.5,25400.5,25391.5,25398.75,974,25432.73,25424.87,0.00
2025-11-26,08:13:00,25399.25,25399.5,25388.75,25394,891,25432.48,25424.77,0.00
2025-11-26,08:14:00,25394,25396.25,25388.25,25394.25,489,25432.34,25424.71,0.00
2025-11-26,08:15:00,25393.75,25399.5,25384.75,25387,675,25432.14,25424.63,0.00
2025-11-26,08:16:00,25387.25,25391.5,25384,25385.25,781,25431.89,25424.52,0.00
2025-11-26,08:17:00,25385.5,25387.25,25372,25378.75,1541,25431.32,25424.28,0.00
2025-11-26,08:18:00,25379.25,25388.75,25378.5,25385,982,25431.00,25424.14,0.00
2025-11-26,08:19:00,25385,25390,25379.75,25381,694,25430.77,25424.04,0.00
2025-11-26,08:20:00,25380.25,25382.5,25376,25379,644,25430.54,25423.94,0.00
2025-11-26,08:21:00,25379,25390.5,25378,25386.75,902,25430.26,25423.81,0.00
2025-11-26,08:22:00,25386.75,25388,25379.75,25382.75,630,25430.06,25423.72,0.00
2025-11-26,08:23:00,25383.5,25385.75,25375.25,25378.25,523,25429.88,25423.64,0.00
2025-11-26,08:24:00,25378,25388,25378,25385,552,25429.70,25423.57,0.00
2025-11-26,08:25:00,25385.5,25394.75,25385.5,25391.75,877,25429.47,25423.47,0.00
2025-11-26,08:26:00,25391.25,25399.25,25391.25,25396,836,25429.28,25423.39,0.00
2025-11-26,08:27:00,25396,25397.5,25387.25,25387.5,668,25429.11,25423.31,0.00
2025-11-26,08:28:00,25387.25,25394.5,25386,25390.25,532,25428.97,25423.25,0.00
2025-11-26,08:29:00,25390.5,25397,25390.5,25396.25,367,25428.89,25423.21,0.00
2025-11-26,08:30:00,25396.5,25398.5,25391.25,25394.25,479,25428.78,25423.17,0.00
2025-11-26,08:31:00,25393.75,25394.5,25379.5,25380.5,714,25428.57,25423.07,0.00
2025-11-26,08:32:00,25381,25388,25375.75,25382.5,768,25428.34,25422.96,0.00
2025-11-26,08:33:00,25382.5,25385.25,25379,25383.75,442,25428.21,25422.90,0.00
2025-11-26,08:34:00,25383.75,25387.5,25380.5,25387.25,336,25428.11,25422.86,0.00
2025-11-26,08:35:00,25387.75,25388.25,25379.25,25380.25,480,25427.97,25422.79,0.00
2025-11-26,08:36:00,25380.25,25387.25,25380,25386,366,25427.87,25422.75,0.00
2025-11-26,08:37:00,25386,25394.5,25384.5,25391.75,571,25427.73,25422.68,0.00
2025-11-26,08:38:00,25391.75,25394.5,25387.25,25389.5,487,25427.61,25422.63,0.00
2025-11-26,08:39:00,25389,25389,25381,25383,544,25427.46,25422.56,0.00
2025-11-26,08:40:00,25382.5,25392.75,25378.25,25392.25,681,25427.29,25422.48,0.00
2025-11-26,08:41:00,25392,25397,25390.5,25396.5,856,25427.11,25422.40,0.00
2025-11-26,08:42:00,25396.25,25408.25,25395.25,25407.5,1435,25426.90,25422.31,0.00
2025-11-26,08:43:00,25407.75,25414,25401.25,25405,1228,25426.74,25422.24,0.00
2025-11-26,08:44:00,25405,25409.5,25401.5,25407,604,25426.66,25422.21,0.00
2025-11-26,08:45:00,25407,25414.25,25406.5,25407.25,626,25426.60,25422.19,0.00
2025-11-26,08:46:00,25406.5,25414.25,25406.5,25409.75,654,25426.53,25422.16,0.00
2025-11-26,08:47:00,25409.5,25420.5,25409,25420.25,814,25426.48,25422.14,0.00
2025-11-26,08:48:00,25419.75,25427.75,25414.75,25426.5,1483,25426.45,25422.15,0.00
2025-11-26,08:49:00,25427.25,25437.75,25420.75,25421.75,1948,25426.45,25422.18,0.00
2025-11-26,08:50:00,25421.5,25426.25,25421.5,25425.75,698,25426.45,25422.18,0.00
2025-11-26,08:51:00,25425.25,25431.75,25423.75,25424.5,678,25426.45,25422.19,0.00
2025-11-26,08:52:00,25425,25428,25420.75,25424.25,700,25426.44,25422.20,0.00
2025-11-26,08:53:00,25424.75,25430.25,25419,25419.75,625,25426.42,25422.20,0.00
2025-11-26,08:54:00,25419.25,25427.75,25419,25427,504,25426.42,25422.20,0.00
2025-11-26,08:55:00,25427.25,25431.5,25425.25,25426,626,25426.42,25422.21,0.00
2025-11-26,08:56:00,25425.75,25434.75,25425.25,25430,683,25426.44,25422.23,0.00
2025-11-26,08:57:00,25430.75,25432.5,25427.5,25430.75,354,25426.45,25422.24,0.00
2025-11-26,08:58:00,25431,25432.5,25426.25,25430.5,381,25426.45,25422.25,0.00
2025-11-26,08:59:00,25431.25,25433.25,25428.25,25429,439,25426.46,25422.26,0.00
2025-11-26,09:00:00,25429.25,25433.25,25426.5,25429,430,25426.47,25422.27,0.00
2025-11-26,09:01:00,25428.75,25428.75,25423.75,25426,597,25426.47,25422.28,0.00
2025-11-26,09:02:00,25425.75,25426.5,25421.5,25423,509,25426.46,25422.28,0.00
2025-11-26,09:03:00,25423,25429.25,25423,25428,443,25426.46,25422.29,0.00
2025-11-26,09:04:00,25427.75,25432.75,25424.5,25427.5,620,25426.47,25422.30,0.00
2025-11-26,09:05:00,25427.75,25428.75,25421.5,25428,486,25426.47,25422.30,0.00
2025-11-26,09:06:00,25427.5,25437.5,25424.5,25432.25,1441,25426.51,25422.35,0.00
2025-11-26,09:07:00,25432,25435,25425.5,25428,611,25426.52,25422.36,0.00
2025-11-26,09:08:00,25427.5,25444.5,25426.5,25438,1567,25426.60,25422.43,0.00
2025-11-26,09:09:00,25438,25441.5,25435.25,25435.5,792,25426.65,25422.47,0.00
2025-11-26,09:10:00,25435.25,25435.25,25428,25431.25,645,25426.67,25422.48,0.00
2025-11-26,09:11:00,25432,25436.75,25426.5,25436.75,594,25426.69,25422.50,0.00
2025-11-26,09:12:00,25436.75,25439,25432.5,25439,311,25426.71,25422.52,0.00
2025-11-26,09:13:00,25438.75,25443.25,25436.5,25440.25,545,25426.75,25422.55,0.00
2025-11-26,09:14:00,25441,25443.25,25438.25,25439.75,447,25426.78,25422.57,0.00
2025-11-26,09:15:00,25440.25,25445,25438.75,25440.75,698,25426.84,25422.61,0.00
2025-11-26,09:16:00,25440,25445,25439.75,25441.5,434,25426.87,25422.64,0.00
2025-11-26,09:17:00,25442,25447.25,25440.75,25445,753,25426.95,25422.69,0.00
2025-11-26,09:18:00,25445.25,25445.25,25439.75,25442.75,686,25427.00,25422.73,0.00
2025-11-26,09:19:00,25443.5,25448.5,25439.75,25446,563,25427.06,25422.77,0.00
2025-11-26,09:20:00,25446,25452.75,25445,25451,861,25427.16,25422.84,0.00
2025-11-26,09:21:00,25450.5,25458.25,25450.5,25456,1129,25427.33,25422.95,0.00
2025-11-26,09:22:00,25456.25,25456.5,25445,25446.75,892,25427.44,25423.03,0.00
2025-11-26,09:23:00,25447.25,25451.5,25438,25438,1189,25427.53,25423.10,0.00
2025-11-26,09:24:00,25438.25,25447.75,25435.75,25447.5,760,25427.59,25423.14,0.00
2025-11-26,09:25:00,25447.5,25451.5,25444.75,25451.5,574,25427.66,25423.19,0.00
2025-11-26,09:26:00,25451,25458.75,25447.5,25458.5,757,25427.77,25423.26,0.00
2025-11-26,09:27:00,25458.5,25462.25,25450.25,25451.75,888,25427.89,25423.35,0.00
2025-11-26,09:28:00,25452,25452.75,25446,25446.5,422,25427.94,25423.38,0.00
2025-11-26,09:29:00,25446.25,25448.75,25443.25,25448,523,25427.99,25423.41,0.00
2025-11-26,09:30:00,25448.25,25455.5,25448,25449,769,25428.08,25423.48,0.00
2025-11-26,09:31:00,25448.75,25456.75,25444,25452.5,810,25428.17,25423.54,0.00
2025-11-26,09:32:00,25453.5,25454.75,25439.5,25443.5,936,25428.26,25423.61,0.00
2025-11-26,09:33:00,25443.5,25446.75,25439,25442.25,683,25428.31,25423.65,0.00
2025-11-26,09:34:00,25442,25442,25432.25,25436.75,1279,25428.37,25423.70,0.00
2025-11-26,09:35:00,25437.75,25442.5,25426,25442,1601,25428.43,25423.76,0.00
2025-11-26,09:36:00,25442.25,25459.5,25442,25458.25,2079,25428.69,25423.94,0.00
2025-11-26,09:37:00,25458,25464.5,25450.75,25453,2126,25428.98,25424.14,0.00
2025-11-26,09:38:00,25452.75,25462,25450.5,25459.75,1025,25429.12,25424.24,0.00
2025-11-26,09:39:00,25459.25,25461.25,25451.75,25455,863,25429.23,25424.32,0.00
2025-11-26,09:40:00,25455,25455,25445.75,25447.5,1222,25429.35,25424.41,0.00
2025-11-26,09:41:00,25447.5,25457.75,25445.5,25454.5,1205,25429.49,25424.50,0.00
2025-11-26,09:42:00,25455.25,25455.5,25448.25,25450,632,25429.55,25424.55,0.00
2025-11-26,09:43:00,25449.75,25450.25,25430.25,25432.25,1901,25429.63,25424.62,0.00
2025-11-26,09:44:00,25431.5,25437.25,25426.25,25435.75,1943,25429.66,25424.67,0.00
2025-11-26,09:45:00,25435.5,25447,25426.75,25447,1617,25429.74,25424.74,0.00
2025-11-26,09:46:00,25446.75,25458,25446.75,25457.75,1838,25429.95,25424.89,0.00
2025-11-26,09:47:00,25457.5,25458.75,25450,25453.25,1289,25430.09,25425.00,0.00
2025-11-26,09:48:00,25453.75,25456,25446.5,25447,997,25430.18,25425.07,0.00
2025-11-26,09:49:00,25447.5,25449.75,25442,25446.75,1257,25430.27,25425.14,0.00
2025-11-26,09:50:00,25447.25,25451.5,25445.25,25451.5,822,25430.34,25425.20,0.00
2025-11-26,09:51:00,25451.25,25454,25446.5,25452,935,25430.43,25425.26,0.00
2025-11-26,09:52:00,25451.75,25454,25445.5,25447.5,738,25430.49,25425.31,0.00
2025-11-26,09:53:00,25447.25,25458.5,25446,25453.5,1167,25430.61,25425.40,0.00
2025-11-26,09:54:00,25453.75,25465,25452.5,25456.5,1614,25430.81,25425.55,0.00
2025-11-26,09:55:00,25456.75,25461,25453.75,25456.5,729,25430.89,25425.61,0.00
2025-11-26,09:56:00,25456.5,25464,25453.75,25456.75,1316,25431.05,25425.73,0.00
2025-11-26,09:57:00,25456.25,25464.5,25453.75,25463.25,850,25431.16,25425.81,0.00
2025-11-26,09:58:00,25463.5,25470.75,25461.75,25468.5,1717,25431.43,25426.00,0.00
2025-11-26,09:59:00,25468.25,25473.25,25467.25,25468.5,1346,25431.65,25426.16,0.00
2025-11-26,10:00:00,25469,25469,25463.75,25468.25,725,25431.76,25426.24,0.00
2025-11-26,10:01:00,25467.5,25468,25450.5,25456,2298,25432.02,25426.43,0.00
2025-11-26,10:02:00,25455.5,25464.75,25445,25447,1913,25432.19,25426.57,0.00
2025-11-26,10:03:00,25447,25447.25,25434.75,25438,2152,25432.26,25426.64,0.00
2025-11-26,10:04:00,25438,25446.25,25437,25441,1489,25432.31,25426.70,0.00
2025-11-26,10:05:00,25440.5,25447.25,25440.25,25440.75,863,25432.35,25426.74,0.00
2025-11-26,10:06:00,25440.25,25441.5,25432,25436.75,1526,25432.38,25426.78,0.00
2025-11-26,10:07:00,25437,25439.5,25433,25436.25,881,25432.39,25426.80,0.00
2025-11-26,10:08:00,25436.25,25443.75,25431.25,25443.25,1455,25432.44,25426.85,0.00
2025-11-26,10:09:00,25444,25445,25434,25436.25,1065,25432.46,25426.88,0.00
2025-11-26,10:10:00,25436.5,25437.25,25432,25436,875,25432.47,25426.90,0.00
2025-11-26,10:11:00,25436.25,25439.5,25430.25,25436.25,1134,25432.48,25426.92,0.00
2025-11-26,10:12:00,25436,25451.25,25434,25449.75,1473,25432.56,25426.99,0.00
2025-11-26,10:13:00,25449.75,25462,25448,25456.5,2202,25432.76,25427.15,0.00
2025-11-26,10:14:00,25456.75,25457.25,25444.25,25445.75,1862,25432.88,25427.26,0.00
2025-11-26,10:15:00,25445.75,25451.5,25441.5,25446.25,1110,25432.94,25427.31,0.00
2025-11-26,10:16:00,25446,25447,25441.25,25444.5,777,25432.98,25427.35,0.00
2025-11-26,10:17:00,25444.5,25447.75,25441.25,25446.75,699,25433.01,25427.38,0.00
2025-11-26,10:18:00,25447,25466.5,25446.75,25461.75,2902,25433.29,25427.60,0.00
2025-11-26,10:19:00,25462,25466,25459.75,25460.25,1183,25433.43,25427.71,0.00
2025-11-26,10:20:00,25460.5,25460.75,25453,25453.5,1250,25433.53,25427.79,0.00
2025-11-26,10:21:00,25453.25,25460.5,25452,25458.5,958,25433.62,25427.86,0.00
2025-11-26,10:22:00,25459,25464.5,25458.75,25461.25,723,25433.70,25427.92,0.00
2025-11-26,10:23:00,25461.25,25469.5,25459,25461.5,1412,25433.85,25428.05,0.00
2025-11-26,10:24:00,25461.25,25475.25,25460.75,25469.25,1366,25434.03,25428.18,0.00
2025-11-26,10:25:00,25469.25,25471,25459.75,25460.25,1392,25434.19,25428.31,0.00
2025-11-26,10:26:00,25461.25,25470.25,25461,25463.5,1459,25434.36,25428.44,0.00
2025-11-26,10:27:00,25463.75,25464.5,25457.5,25460,1062,25434.46,25428.52,0.00
2025-11-26,10:28:00,25460,25474.5,25448.25,25473.75,2429,25434.74,25428.74,0.00
2025-11-26,10:29:00,25474.25,25483.25,25472.5,25480.25,3124,25435.24,25429.12,0.00
2025-11-26,10:30:00,25480,25480,25470.5,25475.25,2053,25435.54,25429.35,0.00
2025-11-26,10:31:00,25475.25,25497.5,25461.25,25496.25,10990,25485.00,25430.78,0.00
2025-11-26,10:32:00,25495.75,25506,25478.75,25484.25,8849,25489.67,25431.98,0.00
2025-11-26,10:33:00,25484.5,25522.25,25480.75,25519,9692,25507.33,25433.62,0.00
2025-11-26,10:34:00,25519,25524.25,25498.75,25501.5,7241,25508.17,25434.81,0.00
2025-11-26,10:35:00,25501.25,25504.75,25480.25,25493.5,6076,25501.17,25435.58,0.00
2025-11-26,10:36:00,25493.75,25507.5,25489.25,25505.5,5628,25501.05,25436.37,0.00
2025-11-26,10:37:00,25505,25513.25,25492.75,25503.75,5502,25501.54,25437.16,0.00
2025-11-26,10:38:00,25503.25,25510.25,25471.75,25472.5,7319,25497.69,25437.89,0.00
2025-11-26,10:39:00,25472.5,25474.5,25442.5,25457.75,13395,25485.99,25438.44,0.00
2025-11-26,10:40:00,25458,25479.5,25449.75,25477.75,7067,25483.69,25438.88,0.00
2025-11-26,10:41:00,25477.75,25491.5,25460.75,25476.75,6897,25482.84,25439.39,0.00
2025-11-26,10:42:00,25476.75,25483.75,25462.5,25483,3606,25482.47,25439.65,0.00
2025-11-26,10:43:00,25482.25,25486.25,25446.25,25472,7186,25481.00,25440.05,0.00
2025-11-26,10:44:00,25472.25,25483.5,25462.5,25467.5,4195,25480.44,25440.30,0.00
2025-11-26,10:45:00,25467.25,25489,25461,25486.75,4219,25480.36,25440.62,0.00
2025-11-26,10:46:00,25486.5,25513.25,25486,25498.25,10437,25482.57,25441.76,0.00
2025-11-26,10:47:00,25498.5,25510,25488.5,25503,5566,25483.63,25442.37,0.00
2025-11-26,10:48:00,25503.5,25518.25,25499.75,25510.25,6452,25485.28,25443.16,0.00
2025-11-26,10:49:00,25510.5,25516.5,25498.75,25506,4364,25486.18,25443.67,0.00
2025-11-26,10:50:00,25506,25515.25,25501.5,25515.25,3835,25487.04,25444.13,0.00
2025-11-26,10:51:00,25515.25,25528.5,25506.75,25524.75,6222,25520.00,25444.97,0.00
2025-11-26,10:52:00,25525,25534.75,25504.25,25510.5,8852,25516.50,25446.09,0.00
2025-11-26,10:53:00,25510.75,25513.5,25475.5,25491.75,9597,25504.58,25446.87,0.00
2025-11-26,10:54:00,25490.75,25499.5,25481.75,25495.5,4775,25502.04,25447.24,0.00
2025-11-26,10:55:00,25495.5,25497.5,25478,25484.5,4157,25499.71,25447.52,0.00
2025-11-26,10:56:00,25484.75,25485.5,25464.75,25472.5,8172,25493.86,25447.89,0.00
2025-11-26,10:57:00,25472.5,25476,25447.25,25454,9665,25486.42,25448.07,0.00
2025-11-26,10:58:00,25453.75,25474.75,25445.5,25470.25,6801,25483.43,25448.24,0.00
2025-11-26,10:59:00,25470.75,25475.25,25434,25438.75,7287,25479.24,25448.25,0.00
2025-11-26,11:00:00,25439.5,25439.75,25409,25420.5,12288,25469.60,25447.76,0.00
2025-11-26,11:01:00,25420.75,25420.75,25388,25402,11826,25460.24,25446.95,0.00
2025-11-26,11:02:00,25402.5,25424.5,25397.75,25406,7886,25455.85,25446.50,0.00
2025-11-26,11:03:00,25406.75,25443.25,25400.5,25433.5,10727,25452.69,25446.16,0.00
2025-11-26,11:04:00,25433.75,25453.25,25431.75,25436.75,7833,25451.82,25446.10,0.00
2025-11-26,11:05:00,25437.75,25441,25418.75,25431.25,7359,25450.47,25445.92,0.00
2025-11-26,11:06:00,25431,25432.5,25406.25,25407.75,7187,25448.45,25445.61,0.00
2025-11-26,11:07:00,25407.75,25427,25403.25,25419.75,5379,25447.14,25445.38,0.00
2025-11-26,11:08:00,25420.25,25436.75,25417.5,25436.5,5521,25446.45,25445.26,0.00
2025-11-26,11:09:00,25436.75,25467.75,25436,25466.5,10062,25447.16,25445.42,0.00
2025-11-26,11:10:00,25466,25477,25457.75,25463.75,7181,25448.06,25445.63,0.00
2025-11-26,11:11:00,25463.75,25470,25444.5,25448.75,7955,25448.37,25445.73,0.00
2025-11-26,11:12:00,25449.25,25454.75,25430.75,25440.25,7923,25448.07,25445.69,0.00
2025-11-26,11:13:00,25441,25458.5,25429.25,25446.75,5154,25447.97,25445.68,0.00
2025-11-26,11:14:00,25447.5,25453.25,25427.25,25439.5,4228,25447.78,25445.65,0.00
2025-11-26,11:15:00,25439.75,25446.5,25420.25,25429.5,6135,25447.26,25445.54,0.00
2025-11-26,11:16:00,25428.75,25445,25420.5,25424.25,5538,25446.75,25445.42,0.00
2025-11-26,11:17:00,25423.5,25449.25,25413.25,25438.5,7518,25446.25,25445.31,0.00
2025-11-26,11:18:00,25437.75,25447.75,25424,25442.75,4546,25446.07,25445.26,0.00
2025-11-26,11:19:00,25443.25,25451.25,25418.25,25444.5,5959,25445.84,25445.21,0.00
2025-11-26,11:20:00,25444.25,25448.25,25429,25438.5,3327,25445.72,25445.18,0.00
2025-11-26,11:21:00,25439,25451.75,25425.25,25435.75,4460,25445.55,25445.13,0.00
2025-11-26,11:22:00,25435.5,25438,25415.25,25425,4737,25445.14,25445.02,0.00
2025-11-26,11:23:00,25425.75,25436,25410.5,25411.75,5554,25444.50,25444.84,0.00
2025-11-26,11:24:00,25411.25,25431.25,25404.75,25416.25,5521,25443.86,25444.65,0.00
2025-11-26,11:25:00,25415.75,25424,25400,25401.75,5245,25443.07,25444.41,0.00
2025-11-26,11:26:00,25401.75,25423.75,25395.5,25411,7011,25442.12,25444.11,0.00
2025-11-26,11:27:00,25411,25452.5,25404.75,25451.25,7912,25441.93,25444.03,0.00
2025-11-26,11:28:00,25451.5,25463.75,25443,25455.25,7469,25442.28,25444.12,0.00
2025-11-26,11:29:00,25455.75,25455.75,25439,25451.25,4714,25442.40,25444.15,0.00
2025-11-26,11:30:00,25450.75,25456.25,25437.25,25444.25,3849,25442.45,25444.16,0.00
2025-11-26,11:31:00,25444.25,25458,25444.25,25452,3763,25442.57,25444.19,0.00
2025-11-26,11:32:00,25452,25458,25447.25,25456.75,2465,25442.68,25444.22,0.00
2025-11-26,11:33:00,25456.25,25467.5,25454.25,25461.5,4830,25442.99,25444.32,0.00
2025-11-26,11:34:00,25461.75,25465.25,25450,25463.75,3075,25443.18,25444.37,0.00
2025-11-26,11:35:00,25463.75,25479.25,25463.5,25475,6166,25443.81,25444.58,0.00
2025-11-26,11:36:00,25475,25494.25,25473.75,25483.25,6858,25444.74,25444.89,0.00
2025-11-26,11:37:00,25483,25492.5,25482.25,25486.5,3657,25445.26,25445.07,0.00
2025-11-26,11:38:00,25486.5,25493.5,25470.75,25487,5294,25445.93,25445.31,0.00
2025-11-26,11:39:00,25487,25494,25484.25,25491.25,3239,25446.39,25445.48,0.00
2025-11-26,11:40:00,25492,25502,25491.25,25499,4488,25447.13,25445.74,0.00
2025-11-26,11:41:00,25498.75,25504.75,25491.75,25496.5,4449,25447.84,25446.01,0.00
2025-11-26,11:42:00,25496.25,25498.25,25477,25483.75,5802,25448.54,25446.27,0.00
2025-11-26,11:43:00,25483.5,25484,25463.75,25475.5,6322,25449.04,25446.47,0.00
2025-11-26,11:44:00,25475.75,25486.75,25465.75,25479,3173,25449.30,25446.58,0.00
2025-11-26,11:45:00,25479.5,25487.75,25474,25477.75,2570,25449.54,25446.68,0.00
2025-11-26,11:46:00,25478.5,25481.5,25461.75,25475,4704,25449.86,25446.81,0.00
2025-11-26,11:47:00,25475.75,25476,25462,25462.25,2997,25450.01,25446.88,0.00
2025-11-26,11:48:00,25462.25,25465.75,25446,25464.5,6586,25450.18,25446.97,0.00
2025-11-26,11:49:00,25464.5,25476.25,25459,25471.25,3991,25450.39,25447.06,0.00
2025-11-26,11:50:00,25471,25480.5,25469.25,25475.75,2708,25450.58,25447.14,0.00
2025-11-26,11:51:00,25476,25485.25,25463,25483.75,4098,25450.88,25447.28,0.00
2025-11-26,11:52:00,25483.75,25488.5,25479.5,25487.75,2564,25451.13,25447.39,0.00
2025-11-26,11:53:00,25487.75,25492.25,25479.25,25488.5,3270,25451.45,25447.52,0.00
2025-11-26,11:54:00,25488.75,25494.75,25477.5,25491.25,3015,25451.75,25447.66,0.00
2025-11-26,11:55:00,25491,25500,25487.25,25496.75,2640,25452.05,25447.79,0.00
2025-11-26,11:56:00,25497.25,25503.25,25494.5,25495.5,2726,25452.39,25447.93,0.00
2025-11-26,11:57:00,25496,25496.75,25479.25,25492.25,4740,25452.85,25448.14,0.00
2025-11-26,11:58:00,25491.75,25509.5,25491.5,25506,4694,25453.46,25448.41,0.00
2025-11-26,11:59:00,25506.25,25513.25,25504.25,25512.5,2384,25453.81,25448.57,0.00
2025-11-26,12:00:00,25512,25524.75,25511.75,25521.25,5390,25454.71,25448.97,0.00
2025-11-26,12:01:00,25521.25,25531.75,25521.25,25528.25,4947,25455.62,25449.38,0.00
2025-11-26,12:02:00,25528,25531.75,25519.5,25521.75,3297,25456.19,25449.63,0.00
2025-11-26,12:03:00,25521.25,25541.25,25516.75,25534.75,6347,25530.92,25450.17,0.00
2025-11-26,12:04:00,25535,25539,25528.75,25532.75,3384,25531.82,25450.46,0.00
2025-11-26,12:05:00,25533.25,25546.75,25531.25,25544.75,4590,25540.92,25450.89,0.00
2025-11-26,12:06:00,25545.25,25551.25,25542.75,25548.5,4273,25547.50,25451.31,0.00
2025-11-26,12:07:00,25548.75,25555,25548.5,25553.25,4711,25552.25,25451.79,0.00
2025-11-26,12:08:00,25553.5,25556.75,25546.5,25551.5,3296,25551.58,25452.13,0.00
2025-11-26,12:09:00,25552,25559.25,25551.25,25558.25,2642,25556.25,25452.41,0.00
2025-11-26,12:10:00,25557.75,25560,25548,25551,2870,25553.00,25452.70,0.00
2025-11-26,12:11:00,25551,25555.5,25547.5,25553.5,2451,25552.62,25452.94,0.00
2025-11-26,12:12:00,25553.5,25557.25,25549.75,25551.25,1506,25552.65,25453.09,0.00
2025-11-26,12:13:00,25551.5,25553,25540.25,25545.5,3460,25550.49,25453.42,0.00
2025-11-26,12:14:00,25545.75,25552.25,25542,25550.75,2511,25550.07,25453.65,0.00
2025-11-26,12:15:00,25550.75,25552.5,25542.5,25546,1947,25549.67,25453.84,0.00
2025-11-26,12:16:00,25546.25,25559,25546,25558,3381,25550.54,25454.17,0.00
2025-11-26,12:17:00,25558,25559,25549.75,25554.5,2133,25550.94,25454.39,0.00
2025-11-26,12:18:00,25554.75,25556.75,25542.75,25554.25,2870,25550.98,25454.66,0.00
2025-11-26,12:19:00,25554.75,25565.25,25554.75,25561,4165,25560.33,25455.09,0.00
2025-11-26,12:20:00,25561.5,25565,25558.5,25561.25,2287,25560.78,25455.33,0.00
2025-11-26,12:21:00,25561.5,25574.75,25560.75,25572,5105,25569.17,25455.90,0.00
2025-11-26,12:22:00,25572.5,25580.5,25571.5,25579.75,3564,25577.25,25456.32,0.00
2025-11-26,12:23:00,25580,25584.25,25575.25,25578,3940,25579.17,25456.79,0.00
2025-11-26,12:24:00,25577.75,25581.25,25573,25578,2746,25578.45,25457.11,0.00
2025-11-26,12:25:00,25578.25,25585.5,25577.75,25583.5,2527,25582.25,25457.42,0.00
2025-11-26,12:26:00,25583.5,25586,25576.5,25582,2633,25581.50,25457.74,0.00
2025-11-26,12:27:00,25582.5,25590,25579.75,25589.5,3320,25586.42,25458.15,0.00
2025-11-26,12:28:00,25589.5,25591.75,25585.25,25588.75,2417,25588.58,25458.45,0.00
2025-11-26,12:29:00,25589,25591,25584.25,25585.25,2248,25587.74,25458.72,0.00
2025-11-26,12:30:00,25585.25,25586.25,25573.25,25576.5,3692,25583.73,25459.15,0.00
2025-11-26,12:31:00,25576.5,25584,25559.5,25571,5476,25578.89,25459.73,0.00
2025-11-26,12:32:00,25571,25583.5,25570,25582,2534,25578.83,25460.01,0.00
2025-11-26,12:33:00,25582.25,25587,25578.75,25586.5,1986,25579.40,25460.25,0.00
2025-11-26,12:34:00,25586.75,25589,25582.25,25583.75,1809,25579.90,25460.46,0.00
2025-11-26,12:35:00,25583.75,25589.25,25582.25,25588.5,1043,25580.23,25460.58,0.00
2025-11-26,12:36:00,25588,25596.25,25587.75,25595.5,4178,25593.17,25461.10,0.00
2025-11-26,12:37:00,25595.75,25604.25,25595,25601.25,4734,25600.17,25461.72,0.00
2025-11-26,12:38:00,25601.5,25601.75,25596,25599,1857,25599.81,25461.95,0.00
2025-11-26,12:39:00,25599,25604,25593.75,25603.5,2980,25600.00,25462.34,0.00
2025-11-26,12:40:00,25603.5,25607,25600.75,25605,2307,25604.25,25462.64,0.00
2025-11-26,12:41:00,25605.5,25614.5,25604,25610.5,4633,25609.67,25463.27,0.00
2025-11-26,12:42:00,25611,25621.5,25609,25618.25,3713,25616.25,25463.79,0.00
2025-11-26,12:43:00,25618,25625.25,25616.25,25623,3874,25621.50,25464.35,0.00
2025-11-26,12:44:00,25622.75,25628.75,25622.5,25624.75,2601,25625.33,25464.74,0.00
2025-11-26,12:45:00,25624.5,25624.75,25616,25617.25,3317,25621.97,25465.20,0.00
2025-11-26,12:46:00,25617.5,25620.75,25613.75,25616.5,2254,25620.60,25465.52,0.00
2025-11-26,12:47:00,25617,25617.5,25604,25609,4001,25617.17,25466.04,0.00
2025-11-26,12:48:00,25609.5,25610,25599.5,25602.5,3003,25614.56,25466.42,0.00
2025-11-26,12:49:00,25604,25606,25598,25599.75,1964,25613.04,25466.65,0.00
2025-11-26,12:50:00,25599.75,25604,25594.25,25600,2411,25611.36,25466.94,0.00
2025-11-26,12:51:00,25600.25,25601.75,25587.5,25595.75,4352,25608.38,25467.44,0.00
2025-11-26,12:52:00,25595.25,25600.25,25592.25,25598.5,1851,25607.56,25467.66,0.00
2025-11-26,12:53:00,25598,25610.75,25597.5,25607,3778,25607.25,25468.12,0.00
2025-11-26,12:54:00,25607.25,25608.5,25601,25604.5,1625,25607.11,25468.32,0.00
2025-11-26,12:55:00,25604.75,25607.25,25600.75,25603.75,1257,25606.99,25468.47,0.00
2025-11-26,12:56:00,25603.75,25613.25,25601,25613,2304,25607.13,25468.76,0.00
2025-11-26,12:57:00,25613,25617.25,25609,25612.5,2820,25607.56,25469.12,0.00
2025-11-26,12:58:00,25612.5,25616.75,25607.5,25609.25,1755,25607.72,25469.34,0.00
2025-11-26,12:59:00,25609.5,25611.75,25606,25607,1488,25607.74,25469.52,0.00
2025-11-26,13:00:00,25607,25610.25,25601.75,25608,1794,25607.70,25469.74,0.00
2025-11-26,13:01:00,25608.25,25614.75,25607,25610.75,1962,25607.83,25469.98,0.00
2025-11-26,13:02:00,25610.25,25613.75,25608.5,25609.5,910,25607.89,25470.10,0.00
2025-11-26,13:03:00,25609.25,25609.5,25603.25,25607,1303,25607.85,25470.25,0.00
2025-11-26,13:04:00,25607.25,25610.25,25603.75,25604.5,1202,25607.81,25470.40,0.00
2025-11-26,13:05:00,25604.5,25606,25580,25590.75,5419,25606.23,25470.97,0.00
2025-11-26,13:06:00,25590.75,25600.25,25587.75,25599.25,2573,25605.75,25471.25,0.00
2025-11-26,13:07:00,25599.5,25605.25,25593,25593.75,2470,25605.39,25471.52,0.00
2025-11-26,13:08:00,25594.5,25597.5,25587.75,25589.5,2032,25604.93,25471.74,0.00
2025-11-26,13:09:00,25590,25591.5,25567.25,25574.75,6080,25602.45,25472.29,0.00
2025-11-26,13:10:00,25575,25588.25,25569,25578.5,4007,25601.10,25472.66,0.00
2025-11-26,13:11:00,25579,25594,25578.5,25594,2452,25600.68,25472.91,0.00
2025-11-26,13:12:00,25594.25,25595,25581.5,25584.75,1978,25600.33,25473.10,0.00
2025-11-26,13:13:00,25585,25591.75,25581,25583.5,1434,25600.05,25473.24,0.00
2025-11-26,13:14:00,25583.5,25584.25,25575.5,25577.75,2006,25599.51,25473.42,0.00
2025-11-26,13:15:00,25577.5,25580.75,25574.75,25579.5,1388,25599.14,25473.54,0.00
2025-11-26,13:16:00,25579.5,25580.25,25566.75,25575.25,3049,25598.22,25473.80,0.00
2025-11-26,13:17:00,25575.75,25588.75,25575.75,25585.5,2857,25597.72,25474.07,0.00
2025-11-26,13:18:00,25585.5,25589.5,25577,25577.75,1754,25597.40,25474.23,0.00
2025-11-26,13:19:00,25578,25582.5,25568.75,25574.25,2214,25596.85,25474.42,0.00
2025-11-26,13:20:00,25574.5,25575.25,25567.25,25571.25,1542,25596.42,25474.55,0.00
2025-11-26,13:21:00,25571,25581.75,25566.25,25576.75,2327,25595.88,25474.74,0.00
2025-11-26,13:22:00,25576.5,25589.25,25575.75,25587.75,2279,25595.60,25474.95,0.00
2025-11-26,13:23:00,25587.5,25589,25575.75,25578.25,1791,25595.34,25475.11,0.00
2025-11-26,13:24:00,25578.25,25590.25,25578,25587.5,1932,25595.14,25475.29,0.00
2025-11-26,13:25:00,25587,25600,25584.5,25595.75,3540,25595.08,25475.64,0.00
2025-11-26,13:26:00,25595.5,25596.25,25586.25,25592.25,2219,25595.01,25475.86,0.00
2025-11-26,13:27:00,25592.75,25594.25,25586.75,25590,1431,25594.94,25475.99,0.00
2025-11-26,13:28:00,25590.25,25592.25,25583.25,25583.5,1539,25594.82,25476.14,0.00
2025-11-26,13:29:00,25584.25,25592.75,25582.5,25590.5,1436,25594.74,25476.27,0.00
2025-11-26,13:30:00,25590.5,25593,25584.75,25591.5,1047,25594.69,25476.37,0.00
2025-11-26,13:31:00,25592.25,25604,25591,25601,3044,25594.80,25476.68,0.00
2025-11-26,13:32:00,25600.75,25604,25597,25597.5,1622,25594.87,25476.84,0.00
2025-11-26,13:33:00,25597.75,25599.5,25591,25598.75,1714,25594.89,25477.01,0.00
2025-11-26,13:34:00,25598.5,25604,25598.25,25602,1411,25594.97,25477.16,0.00
2025-11-26,13:35:00,25602,25603,25599,25601.25,735,25595.00,25477.23,0.00
2025-11-26,13:36:00,25601.5,25605.75,25600.25,25602,1502,25595.10,25477.39,0.00
2025-11-26,13:37:00,25601.5,25603,25594.25,25600.5,1665,25595.16,25477.56,0.00
2025-11-26,13:38:00,25600.75,25602.25,25595,25595.5,1059,25595.18,25477.66,0.00
2025-11-26,13:39:00,25595.25,25597.75,25586.75,25591.25,2682,25595.11,25477.91,0.00
2025-11-26,13:40:00,25591,25598.75,25590.5,25596.25,1565,25595.11,25478.06,0.00
2025-11-26,13:41:00,25596.75,25605,25595,25599.25,2260,25595.19,25478.29,0.00
2025-11-26,13:42:00,25599.25,25605,25593.25,25603.5,1872,25595.27,25478.48,0.00
2025-11-26,13:43:00,25603.75,25607.5,25601.75,25603,1565,25595.37,25478.64,0.00
2025-11-26,13:44:00,25602.75,25610.25,25602.25,25609.25,1545,25595.50,25478.80,0.00
2025-11-26,13:45:00,25609.25,25622.5,25609.25,25620,3045,25595.98,25479.14,0.00
2025-11-26,13:46:00,25619.75,25620.5,25615.75,25616.75,1529,25596.22,25479.31,0.00
2025-11-26,13:47:00,25617,25621.5,25615.25,25621,1170,25596.41,25479.45,0.00
2025-11-26,13:48:00,25620.75,25623,25614.75,25615.5,1267,25596.60,25479.59,0.00
2025-11-26,13:49:00,25616,25619,25608.5,25609.75,2431,25596.87,25479.85,0.00
2025-11-26,13:50:00,25609.5,25609.5,25599,25600.25,2506,25596.97,25480.10,0.00
2025-11-26,13:51:00,25600,25600.5,25589.75,25597.75,3128,25596.95,25480.39,0.00
2025-11-26,13:52:00,25597.5,25605.25,25594,25602.5,1741,25596.99,25480.56,0.00
2025-11-26,13:53:00,25602.75,25605,25595.5,25598.25,1364,25597.02,25480.69,0.00
2025-11-26,13:54:00,25597.5,25599.5,25593.5,25595.75,1241,25597.01,25480.81,0.00
2025-11-26,13:55:00,25596,25598.25,25592.75,25593.5,1140,25597.00,25480.91,0.00
2025-11-26,13:56:00,25594.25,25596.25,25585.5,25593.5,2550,25596.91,25481.14,0.00
2025-11-26,13:57:00,25594.25,25604.25,25593.25,25601,1873,25596.94,25481.32,0.00
2025-11-26,13:58:00,25601.5,25605.25,25597.5,25599.5,1240,25596.97,25481.43,0.00
2025-11-26,13:59:00,25599.75,25600.5,25593.5,25594.5,1315,25596.96,25481.55,0.00
2025-11-26,14:00:00,25594.75,25595,25587,25591.75,1971,25596.90,25481.73,0.00
2025-11-26,14:01:00,25592,25597.5,25590.25,25595.25,1344,25596.87,25481.85,0.00
2025-11-26,14:02:00,25596,25605.75,25591.75,25603.25,1933,25596.91,25482.03,0.00
2025-11-26,14:03:00,25603.25,25610.25,25602,25608,1695,25597.01,25482.20,0.00
2025-11-26,14:04:00,25607.25,25609.5,25603.5,25603.75,1119,25597.07,25482.31,0.00
2025-11-26,14:05:00,25604.25,25607,25601.5,25603,917,25597.10,25482.39,0.00
2025-11-26,14:06:00,25603,25605,25598.5,25599.25,1164,25597.13,25482.50,0.00
2025-11-26,14:07:00,25600,25600.75,25595.5,25597.5,1091,25597.13,25482.60,0.00
2025-11-26,14:08:00,25597.5,25599.5,25594,25598.25,1027,25597.14,25482.70,0.00
2025-11-26,14:09:00,25598.25,25607.25,25598.25,25604.5,1361,25597.18,25482.83,0.00
2025-11-26,14:10:00,25604.25,25606.5,25534.5,25563.25,16133,25594.74,25483.90,0.00
2025-11-26,14:11:00,25564.5,25581.75,25558.5,25571.5,4898,25594.14,25484.23,0.00
2025-11-26,14:12:00,25572,25576.75,25550.5,25570.25,5237,25593.41,25484.56,0.00
2025-11-26,14:13:00,25570,25581,25562.25,25574.75,3632,25593.04,25484.80,0.00
2025-11-26,14:14:00,25575.25,25578.25,25562.75,25575.75,2435,25592.80,25484.97,0.00
2025-11-26,14:15:00,25576,25590.75,25572,25583.75,4142,25592.59,25485.28,0.00
2025-11-26,14:16:00,25583.75,25593,25582,25582.75,2651,25592.51,25485.48,0.00
2025-11-26,14:17:00,25582.75,25583.25,25570.25,25576.25,3154,25592.28,25485.70,0.00
2025-11-26,14:18:00,25576,25578.25,25570,25571.5,2020,25592.11,25485.84,0.00
2025-11-26,14:19:00,25571.5,25576,25567,25568.75,2076,25591.91,25485.97,0.00
2025-11-26,14:20:00,25569.5,25573.25,25564.25,25571.5,1965,25591.71,25486.10,0.00
2025-11-26,14:21:00,25571.75,25573.5,25556.75,25558.25,2888,25591.34,25486.26,0.00
2025-11-26,14:22:00,25558.25,25585.5,25558.25,25584,3634,25591.10,25486.51,0.00
2025-11-26,14:23:00,25584.25,25597.75,25581.25,25597,3991,25591.12,25486.83,0.00
2025-11-26,14:24:00,25597,25606.75,25594.5,25598.25,3741,25591.25,25487.15,0.00
2025-11-26,14:25:00,25598,25598.5,25585.75,25593.75,3128,25591.27,25487.39,0.00
2025-11-26,14:26:00,25593.75,25604.5,25588.5,25601,1822,25591.32,25487.54,0.00
2025-11-26,14:27:00,25600.5,25610,25600.5,25609,2091,25591.45,25487.73,0.00
2025-11-26,14:28:00,25609.5,25614.25,25606.75,25608,2361,25591.62,25487.95,0.00
2025-11-26,14:29:00,25607.5,25610.75,25602.5,25604.5,1571,25591.71,25488.08,0.00
2025-11-26,14:30:00,25604.5,25606.25,25598.5,25600.75,1529,25591.78,25488.21,0.00
2025-11-26,14:31:00,25601,25602.25,25589.5,25594.25,2593,25591.81,25488.42,0.00
2025-11-26,14:32:00,25594,25594,25582,25582.75,2510,25591.76,25488.60,0.00
2025-11-26,14:33:00,25583,25584.75,25570.5,25571.75,3445,25591.54,25488.82,0.00
2025-11-26,14:34:00,25571.75,25573.25,25561.75,25569,2750,25591.30,25488.99,0.00
2025-11-26,14:35:00,25569,25570.5,25561.25,25561.75,2004,25591.10,25489.10,0.00
2025-11-26,14:36:00,25561.75,25569.25,25557.5,25561,2790,25590.80,25489.25,0.00
2025-11-26,14:37:00,25561,25568.5,25558,25561.5,1811,25590.61,25489.35,0.00
2025-11-26,14:38:00,25561.5,25561.75,25550.75,25555.5,3282,25590.19,25489.51,0.00
2025-11-26,14:39:00,25555.5,25569.25,25550.25,25567.75,2974,25589.89,25489.67,0.00
2025-11-26,14:40:00,25567.75,25575.75,25562.75,25568.5,2748,25589.69,25489.82,0.00
2025-11-26,14:41:00,25568.5,25569.75,25556.75,25560.25,1971,25589.49,25489.93,0.00
2025-11-26,14:42:00,25560.5,25570,25556.75,25569,1562,25589.36,25490.01,0.00
2025-11-26,14:43:00,25569.5,25572.5,25563.5,25563.5,1369,25589.25,25490.09,0.00
2025-11-26,14:44:00,25563.75,25566.5,25557.25,25558.25,1481,25589.10,25490.17,0.00
2025-11-26,14:45:00,25558,25559.25,25545,25546,3202,25588.66,25490.31,0.00
2025-11-26,14:46:00,25545.5,25551,25539.5,25543.25,3100,25588.19,25490.43,0.00
2025-11-26,14:47:00,25542.75,25559.5,25542.5,25554,2869,25587.84,25490.56,0.00
2025-11-26,14:48:00,25554,25561,25551.75,25560.5,1825,25587.66,25490.64,0.00
2025-11-26,14:49:00,25560,25572.5,25558,25571,2833,25587.46,25490.80,0.00
2025-11-26,14:50:00,25571.25,25577.25,25566.75,25575.25,2368,25587.35,25490.94,0.00
2025-11-26,14:51:00,25575,25584,25572.5,25576,3285,25587.24,25491.14,0.00
2025-11-26,14:52:00,25576.25,25578.75,25570,25571,1593,25587.17,25491.24,0.00
2025-11-26,14:53:00,25571,25571,25561.5,25562.5,2553,25586.98,25491.37,0.00
2025-11-26,14:54:00,25561.75,25568.75,25555.75,25563.25,2450,25586.79,25491.50,0.00
2025-11-26,14:55:00,25563,25571.5,25562,25562.25,1302,25586.70,25491.57,0.00
2025-11-26,14:56:00,25562.25,25562.5,25550.25,25552.75,2883,25586.41,25491.70,0.00
2025-11-26,14:57:00,25553,25556.75,25548.5,25555.25,1798,25586.23,25491.77,0.00
2025-11-26,14:58:00,25556,25568,25555.5,25567.25,2398,25586.06,25491.90,0.00
2025-11-26,14:59:00,25567.25,25575.25,25563.75,25567.25,2065,25585.94,25492.01,0.00
2025-11-26,15:00:00,25567.5,25571,25566,25570.25,812,25585.90,25492.05,0.00
2025-11-26,15:01:00,25569.75,25579.25,25564.25,25578.75,2185,25585.82,25492.18,0.00
2025-11-26,15:02:00,25579.25,25591.5,25579,25588,3270,25585.83,25492.40,0.00
2025-11-26,15:03:00,25587.75,25592.5,25578.75,25583,2629,25585.82,25492.57,0.00
2025-11-26,15:04:00,25583.25,25591.5,25580.5,25582.75,2189,25585.81,25492.71,0.00
2025-11-26,15:05:00,25582.5,25583.5,25560.25,25560.25,3421,25585.63,25492.89,0.00
2025-11-26,15:06:00,25560.25,25567,25557.75,25563.25,2069,25585.49,25492.99,0.00
2025-11-26,15:07:00,25563,25566.5,25554.5,25556,2279,25585.31,25493.10,0.00
2025-11-26,15:08:00,25555.5,25571.25,25553.25,25569,2323,25585.17,25493.21,0.00
2025-11-26,15:09:00,25569.25,25570.25,25555.75,25558,1543,25585.06,25493.29,0.00
2025-11-26,15:10:00,25558,25565.25,25553.75,25563.75,1238,25584.98,25493.34,0.00
2025-11-26,15:11:00,25564.25,25566.5,25555,25559.75,1072,25584.90,25493.39,0.00
2025-11-26,15:12:00,25560,25563.25,25550.5,25562,1819,25584.76,25493.48,0.00
2025-11-26,15:13:00,25562.5,25578.75,25562.5,25575.75,2727,25584.67,25493.63,0.00
2025-11-26,15:14:00,25576,25580.75,25572,25578.25,1335,25584.64,25493.70,0.00
2025-11-26,15:15:00,25578.75,25586.5,25578.5,25582.75,1795,25584.63,25493.81,0.00
2025-11-26,15:16:00,25581.25,25585.75,25578.5,25584,1428,25584.62,25493.90,0.00
2025-11-26,15:17:00,25584,25584.25,25575.75,25581.75,1060,25584.61,25493.96,0.00
2025-11-26,15:18:00,25581.75,25589,25579.75,25587.25,1540,25584.61,25494.06,0.00
2025-11-26,15:19:00,25588,25590.75,25581,25587.25,1348,25584.62,25494.15,0.00
2025-11-26,15:20:00,25587.5,25593,25586.25,25587.25,1558,25584.64,25494.25,0.00
2025-11-26,15:21:00,25587,25595.5,25581,25582,2011,25584.64,25494.38,0.00
2025-11-26,15:22:00,25581.75,25590.25,25577.5,25586.5,1796,25584.64,25494.49,0.00
2025-11-26,15:23:00,25586.5,25590,25584.5,25587.5,781,25584.65,25494.54,0.00
2025-11-26,15:24:00,25587.5,25598.25,25586.75,25593.25,2035,25584.69,25494.68,0.00
2025-11-26,15:25:00,25593.25,25595.75,25588.25,25593.25,1161,25584.72,25494.75,0.00
2025-11-26,15:26:00,25593,25597,25591.5,25592.25,985,25584.74,25494.82,0.00
2025-11-26,15:27:00,25592.5,25599.75,25589.75,25596,1394,25584.78,25494.92,0.00
2025-11-26,15:28:00,25595.5,25600,25593.5,25597.25,1087,25584.82,25494.99,0.00
2025-11-26,15:29:00,25597.5,25599.25,25594.25,25598,724,25584.84,25495.04,0.00
2025-11-26,15:30:00,25597.5,25600.75,25596.5,25597.75,923,25584.87,25495.11,0.00
2025-11-26,15:31:00,25598.75,25605,25597,25602.5,1687,25584.95,25495.23,0.00
2025-11-26,15:32:00,25602.25,25608.5,25601.5,25606.5,1707,25585.04,25495.36,0.00
2025-11-26,15:33:00,25606.75,25608,25601,25604,1247,25585.11,25495.45,0.00
2025-11-26,15:34:00,25604.5,25607,25600.5,25600.75,1228,25585.16,25495.54,0.00
2025-11-26,15:35:00,25600.5,25601.25,25592.75,25592.75,2170,25585.22,25495.69,0.00
2025-11-26,15:36:00,25593,25593,25567.25,25577,4996,25585.14,25495.97,0.00
2025-11-26,15:37:00,25576.75,25591.25,25575,25587,2428,25585.14,25496.11,0.00
2025-11-26,15:38:00,25587,25588,25580.5,25582.75,1242,25585.13,25496.19,0.00
2025-11-26,15:39:00,25582.5,25588.75,25580.75,25581,1272,25585.13,25496.26,0.00
2025-11-26,15:40:00,25580.75,25583.75,25575.25,25576.5,1347,25585.11,25496.34,0.00
2025-11-26,15:41:00,25576.25,25576.5,25569,25570.5,1909,25585.04,25496.43,0.00
2025-11-26,15:42:00,25571,25585.25,25565,25576.5,3813,25584.95,25496.64,0.00
2025-11-26,15:43:00,25577.25,25588.25,25575.75,25582.5,1887,25584.94,25496.75,0.00
2025-11-26,15:44:00,25581.75,25584,25571.75,25571.75,1255,25584.91,25496.81,0.00
2025-11-26,15:45:00,25571.5,25576.75,25570.25,25573.5,1382,25584.87,25496.88,0.00
2025-11-26,15:46:00,25574,25585.5,25572.5,25584.5,1419,25584.86,25496.96,0.00
2025-11-26,15:47:00,25584.75,25588.25,25581.75,25582.25,1292,25584.85,25497.04,0.00
2025-11-26,15:48:00,25582.25,25583.25,25576.5,25577,777,25584.84,25497.08,0.00
2025-11-26,15:49:00,25576.5,25577.5,25570.25,25571,1326,25584.80,25497.15,0.00
2025-11-26,15:50:00,25570.25,25571.5,25566.25,25566.25,1423,25584.75,25497.21,0.00
2025-11-26,15:51:00,25566.25,25580.25,25561,25573.25,2471,25584.67,25497.34,0.00
2025-11-26,15:52:00,25573.5,25574.25,25566,25570.5,1407,25584.62,25497.41,0.00
2025-11-26,15:53:00,25570.5,25577.75,25569.75,25575.5,916,25584.60,25497.45,0.00
2025-11-26,15:54:00,25575.5,25579.5,25573.25,25578,984,25584.58,25497.50,0.00
2025-11-26,15:55:00,25577.75,25586,25577.75,25580.5,1920,25584.56,25497.61,0.00
2025-11-26,15:56:00,25580.25,25580.5,25571.25,25579.5,1616,25584.53,25497.70,0.00
2025-11-26,15:57:00,25579.5,25579.5,25572,25578,861,25584.52,25497.74,0.00
2025-11-26,15:58:00,25578.5,25583.25,25578,25579.5,975,25584.51,25497.79,0.00
2025-11-26,15:59:00,25579.25,25588.25,25578.75,25586,1346,25584.51,25497.87,0.00
2025-11-26,16:00:00,25586.25,25587.25,25580.5,25585.5,886,25584.51,25497.92,0.00
2025-11-26,16:01:00,25585.5,25587,25579.5,25586.75,1261,25584.51,25497.99,0.00
2025-11-26,16:02:00,25587,25595.75,25584.5,25595.5,2019,25584.54,25498.12,0.00
2025-11-26,16:03:00,25594.75,25596,25588.5,25592.5,1856,25584.58,25498.23,0.00
2025-11-26,16:04:00,25592.75,25595.25,25590.25,25593.75,752,25584.59,25498.28,0.00
2025-11-26,16:05:00,25593.75,25593.75,25588,25591.25,703,25584.60,25498.32,0.00
2025-11-26,16:06:00,25591.5,25591.75,25585.25,25588.75,1160,25584.61,25498.39,0.00
2025-11-26,16:07:00,25589,25591,25578.5,25581.75,2003,25584.61,25498.50,0.00
2025-11-26,16:08:00,25582,25582.5,25571.75,25576.25,2095,25584.57,25498.61,0.00
2025-11-26,16:09:00,25576.75,25583.75,25575,25582.5,1245,25584.56,25498.68,0.00
2025-11-26,16:10:00,25582.75,25588.5,25579.75,25588.25,1101,25584.56,25498.74,0.00
2025-11-26,16:11:00,25588,25598.75,25585,25596.5,2559,25584.61,25498.90,0.00
2025-11-26,16:12:00,25596.25,25598.75,25592.5,25597.75,1062,25584.64,25498.97,0.00
2025-11-26,16:13:00,25598,25605.25,25598,25603.25,1887,25584.71,25499.09,0.00
2025-11-26,16:14:00,25603.25,25606.25,25602,25604.25,1270,25584.77,25499.18,0.00
2025-11-26,16:15:00,25604,25609.25,25601,25608.25,1672,25584.85,25499.30,0.00
2025-11-26,16:16:00,25608.5,25612,25604,25605.5,1686,25584.93,25499.42,0.00
2025-11-26,16:17:00,25605.5,25613.5,25604,25607.75,1630,25585.02,25499.53,0.00
2025-11-26,16:18:00,25607.5,25613.25,25605.75,25609.75,1082,25585.08,25499.61,0.00
2025-11-26,16:19:00,25609.5,25611.75,25605.25,25606,1644,25585.16,25499.72,0.00
2025-11-26,16:20:00,25605.75,25605.75,25597.5,25598.75,2136,25585.23,25499.86,0.00
2025-11-26,16:21:00,25598.5,25606.5,25598,25601.5,1240,25585.28,25499.95,0.00
2025-11-26,16:22:00,25601.75,25611,25600.75,25607.5,1379,25585.34,25500.04,0.00
2025-11-26,16:23:00,25608,25608.75,25604.75,25606.5,653,25585.37,25500.09,0.00
2025-11-26,16:24:00,25606.25,25608.5,25599,25602,1040,25585.42,25500.16,0.00
2025-11-26,16:25:00,25602,25606.75,25601.5,25603.75,768,25585.45,25500.21,0.00
2025-11-26,16:26:00,25604.5,25605.75,25599,25605.75,1238,25585.49,25500.29,0.00
2025-11-26,16:27:00,25605.5,25608.75,25604,25608.5,889,25585.54,25500.35,0.00
2025-11-26,16:28:00,25608.5,25609.25,25603,25603.25,655,25585.56,25500.39,0.00
2025-11-26,16:29:00,25603,25606.5,25602,25602.75,623,25585.59,25500.44,0.00
2025-11-26,16:30:00,25602.75,25604.75,25598.5,25599,954,25585.62,25500.50,0.00
2025-11-26,16:31:00,25599.25,25604,25596,25600.25,2058,25585.68,25500.63,0.00
2025-11-26,16:32:00,25599.5,25602.5,25596.5,25598.5,832,25585.71,25500.68,0.00
2025-11-26,16:33:00,25598,25602.5,25595.25,25598.75,1284,25585.74,25500.76,0.00
2025-11-26,16:34:00,25598.5,25600.25,25586.75,25591.25,2254,25585.78,25500.90,0.00
2025-11-26,16:35:00,25591,25595,25587.25,25593.25,1516,25585.80,25500.98,0.00
2025-11-26,16:36:00,25593.25,25596.5,25589.5,25592.25,1181,25585.81,25501.05,0.00
2025-11-26,16:37:00,25592.75,25592.75,25586,25589,1486,25585.83,25501.14,0.00
2025-11-26,16:38:00,25589,25592.5,25586.25,25587,866,25585.83,25501.19,0.00
2025-11-26,16:39:00,25586.75,25587.75,25584,25585.25,1112,25585.83,25501.25,0.00
2025-11-26,16:40:00,25585.5,25591.75,25584.5,25587.5,1185,25585.84,25501.31,0.00
2025-11-26,16:41:00,25587.5,25590.25,25580.75,25582.25,1307,25585.83,25501.38,0.00
2025-11-26,16:42:00,25582,25586.5,25581,25585.75,1101,25585.83,25501.44,0.00
2025-11-26,16:43:00,25585.5,25594.5,25583.75,25592.5,1864,25585.85,25501.54,0.00
2025-11-26,16:44:00,25592.5,25598,25592,25593.75,1463,25585.87,25501.63,0.00
2025-11-26,16:45:00,25593.5,25595,25587.5,25589.75,1280,25585.88,25501.70,0.00
2025-11-26,16:46:00,25590,25596,25588.75,25594.25,1404,25585.91,25501.78,0.00
2025-11-26,16:47:00,25594,25597,25592.5,25595.25,947,25585.92,25501.84,0.00
2025-11-26,16:48:00,25595.25,25595.75,25579.25,25581,2389,25585.92,25501.97,0.00
2025-11-26,16:49:00,25580.5,25585.25,25576.25,25577.75,1898,25585.90,25502.06,0.00
2025-11-26,16:50:00,25577.5,25580.25,25574.5,25575,1751,25585.86,25502.14,0.00
2025-11-26,16:51:00,25575,25585.75,25558,25575.25,5367,25585.72,25502.38,0.00
2025-11-26,16:52:00,25575.25,25576.75,25556,25558.5,3532,25585.57,25502.52,0.00
2025-11-26,16:53:00,25558.25,25571,25558.25,25560.75,3292,25585.42,25502.64,0.00
2025-11-26,16:54:00,25560,25576.5,25558.25,25572.25,2832,25585.33,25502.76,0.00
2025-11-26,16:55:00,25572,25577.25,25554.75,25559.75,5182,25585.12,25502.96,0.00
2025-11-26,16:56:00,25559.75,25570.5,25554.25,25563,4427,25584.92,25503.12,0.00
2025-11-26,16:57:00,25562.5,25570.25,25559.75,25565.25,2261,25584.84,25503.21,0.00
2025-11-26,16:58:00,25565.25,25567.25,25560.5,25566.5,1384,25584.78,25503.26,0.00
2025-11-26,16:59:00,25566.5,25571,25562,25565,1750,25584.72,25503.33,0.00
2025-11-26,17:00:00,25565,25572,25548.25,25549.5,8396,25584.28,25503.61,0.00
2025-11-26,17:01:00,25550,25570,25546.75,25557.75,4514,25584.05,25503.76,0.00
2025-11-26,17:02:00,25557.5,25564,25555.25,25556,1702,25583.97,25503.82,0.00
2025-11-26,17:03:00,25555.75,25559,25553.25,25557,920,25583.93,25503.85,0.00
2025-11-26,17:04:00,25557,25563.5,25556.25,25559.25,821,25583.89,25503.87,0.00
2025-11-26,17:05:00,25559.25,25567.75,25556.5,25566,974,25583.85,25503.91,0.00
2025-11-26,17:06:00,25565.75,25566.25,25561.75,25563.75,516,25583.83,25503.93,0.00
2025-11-26,17:07:00,25563.75,25567.5,25561.75,25565,570,25583.81,25503.95,0.00
2025-11-26,17:08:00,25565.25,25575.25,25564.25,25573,1458,25583.78,25504.01,0.00
2025-11-26,17:09:00,25573.75,25582.25,25571,25582.25,1049,25583.77,25504.06,0.00
2025-11-26,17:10:00,25581.75,25585,25576.75,25579.5,1163,25583.76,25504.11,0.00
2025-11-26,17:11:00,25579.5,25580.25,25569,25571.5,902,25583.74,25504.15,0.00
2025-11-26,17:12:00,25571,25572.25,25568.5,25570.75,410,25583.73,25504.17,0.00
2025-11-26,17:13:00,25571,25571,25565,25567.75,642,25583.72,25504.19,0.00
2025-11-26,17:14:00,25567.25,25577.5,25566.75,25567.5,1066,25583.69,25504.23,0.00
2025-11-26,17:15:00,25567.5,25568,25564.25,25566.5,350,25583.68,25504.25,0.00
2025-11-26,17:16:00,25567,25567.75,25563.25,25566.5,510,25583.66,25504.27,0.00
2025-11-26,17:17:00,25566,25567.25,25554.5,25554.5,664,25583.63,25504.29,0.00
2025-11-26,17:18:00,25554.5,25560.75,25554.5,25559.75,412,25583.61,25504.30,0.00
2025-11-26,17:19:00,25559.75,25562.75,25559.5,25562,282,25583.60,25504.31,0.00
2025-11-26,17:20:00,25561.5,25566,25560,25563.25,391,25583.59,25504.33,0.00
2025-11-26,17:21:00,25563.25,25564.75,25561.5,25563.25,261,25583.58,25504.34,0.00
2025-11-26,17:22:00,25563.25,25563.25,25561.25,25562.75,172,25583.57,25504.34,0.00
2025-11-26,17:23:00,25562.25,25569.75,25559,25569.75,578,25583.55,25504.36,0.00
2025-11-26,17:24:00,25569.75,25580.5,25568,25571.75,958,25583.54,25504.40,0.00
2025-11-26,17:25:00,25572.25,25572.75,25568.5,25569,252,25583.53,25504.41,0.00
2025-11-26,17:26:00,25569,25570.5,25567.75,25570.25,302,25583.52,25504.43,0.00
2025-11-26,17:27:00,25570.25,25574.5,25569.25,25571,378,25583.51,25504.44,0.00
2025-11-26,17:28:00,25571.25,25572.25,25568.5,25570,283,25583.51,25504.45,0.00
2025-11-26,17:29:00,25570.5,25571,25568.25,25570.25,204,25583.50,25504.46,0.00
2025-11-26,17:30:00,25570.25,25570.25,25568,25569.5,204,25583.50,25504.47,0.00
2025-11-26,17:31:00,25569.5,25570.25,25566.75,25570,268,25583.49,25504.48,0.00
2025-11-26,17:32:00,25570,25570.25,25567.25,25569.5,334,25583.48,25504.49,0.00
2025-11-26,17:33:00,25569.75,25571.75,25569,25571.25,199,25583.48,25504.50,0.00
2025-11-26,17:34:00,25571.5,25571.5,25567.5,25567.75,232,25583.47,25504.51,0.00
2025-11-26,17:35:00,25567.75,25568,25564.25,25566.5,291,25583.46,25504.52,0.00
2025-11-26,17:36:00,25566.75,25567,25564.75,25565.25,260,25583.45,25504.53,0.00
2025-11-26,17:37:00,25565.75,25567.25,25563.5,25563.75,260,25583.44,25504.54,0.00
2025-11-26,17:38:00,25563.75,25566.5,25562.5,25566,328,25583.43,25504.55,0.00
2025-11-26,17:39:00,25566,25566,25563.25,25564.75,158,25583.43,25504.56,0.00
2025-11-26,17:40:00,25564,25566.25,25563.5,25566.25,133,25583.42,25504.56,0.00
2025-11-26,17:41:00,25566,25566.75,25562.25,25562.5,194,25583.42,25504.57,0.00
2025-11-26,17:42:00,25562.75,25563.5,25559.5,25560.75,228,25583.41,25504.58,0.00
2025-11-26,17:43:00,25560.5,25562,25557.25,25560,367,25583.39,25504.59,0.00
2025-11-26,17:44:00,25560,25561.25,25557.75,25560.5,250,25583.38,25504.60,0.00
2025-11-26,17:45:00,25560.5,25564.5,25560.25,25563.25,342,25583.37,25504.61,0.00
2025-11-26,17:46:00,25563,25564.75,25560.5,25561.75,274,25583.36,25504.62,0.00
2025-11-26,17:47:00,25562,25567.5,25561.75,25566.25,372,25583.35,25504.63,0.00
2025-11-26,17:48:00,25565.75,25567.25,25563,25564.5,261,25583.34,25504.64,0.00
2025-11-26,17:49:00,25564.5,25565.75,25561.5,25564.25,245,25583.33,25504.65,0.00
2025-11-26,17:50:00,25563.75,25565.5,25563,25564.75,135,25583.32,25504.66,0.00
2025-11-26,17:51:00,25564.5,25565.75,25561,25564,528,25583.31,25504.68,0.00
2025-11-26,17:52:00,25563.75,25564.25,25562.25,25564,210,25583.30,25504.68,0.00
2025-11-26,17:53:00,25563,25564.5,25561.5,25563.5,151,25583.29,25504.69,0.00
2025-11-26,17:54:00,25562.75,25566.75,25562.75,25565.75,171,25583.29,25504.69,0.00
2025-11-26,17:55:00,25566.5,25569.5,25565.5,25569.5,261,25583.28,25504.70,0.00
2025-11-26,17:56:00,25569,25569,25566.25,25567.25,265,25583.27,25504.71,0.00
2025-11-26,17:57:00,25566.75,25568.5,25566.75,25566.75,85,25583.27,25504.72,0.00
2025-11-26,17:58:00,25567.25,25571,25565.75,25567.25,378,25583.26,25504.73,0.00
2025-11-26,17:59:00,25567,25568.75,25565.75,25568.75,184,25583.25,25504.74,0.00
2025-11-26,18:00:00,25568.75,25570,25562.5,25567.75,504,25583.24,25504.76,0.00
2025-11-26,19:01:00,25570,25589.25,25567.25,25585.5,923,25580.67,25580.67,0.00
2025-11-26,19:02:00,25585,25585.25,25574.75,25578,445,25580.23,25580.23,0.00
2025-11-26,19:03:00,25578,25581,25576.25,25579,95,25580.14,25580.14,0.00
2025-11-26,19:04:00,25580,25580.75,25575.5,25577.25,136,25579.94,25579.94,0.00
2025-11-26,19:05:00,25577.75,25578.25,25574,25576,77,25579.76,25579.76,0.00
2025-11-26,19:06:00,25577,25577.75,25571,25573,134,25579.33,25579.33,0.00
2025-11-26,19:07:00,25574.25,25575,25571.25,25572.5,145,25578.85,25578.85,0.00
2025-11-26,19:08:00,25574,25588.25,25574,25585.75,327,25579.40,25579.40,0.00
2025-11-26,19:09:00,25585.5,25588,25582.75,25584.75,181,25579.82,25579.82,0.00
2025-11-26,19:10:00,25584.75,25585,25579.75,25583.75,130,25579.98,25579.98,0.00
2025-11-26,19:11:00,25583.25,25591.25,25583,25588.75,236,25587.67,25580.62,0.00
2025-11-26,19:12:00,25590,25590.75,25582.25,25584,270,25586.60,25581.06,0.00
2025-11-26,19:13:00,25583,25583,25577.25,25581.75,291,25584.43,25581.02,0.00
2025-11-26,19:14:00,25581,25581.25,25575.25,25576.25,122,25583.52,25580.90,0.00
2025-11-26,19:15:00,25576.25,25576.25,25565.25,25571.75,586,25578.68,25571.08,0.00
2025-11-26,19:16:00,25570.5,25570.5,25566.25,25568.25,419,25576.43,25569.94,0.00
2025-11-26,19:17:00,25567.25,25571.75,25566.25,25568.5,127,25575.96,25569.81,0.00
2025-11-26,19:18:00,25568.75,25569.25,25565.75,25567.75,163,25575.34,25569.53,0.00
2025-11-26,19:19:00,25568.5,25570,25567.5,25568.75,182,25574.84,25569.44,0.00
2025-11-26,19:20:00,25568.75,25573.75,25568.75,25573.75,161,25574.67,25569.70,0.00
2025-11-26,19:21:00,25573.75,25581,25570.5,25578.5,549,25575.02,25571.45,0.00
2025-11-26,19:22:00,25578.5,25578.75,25570,25572.75,176,25574.96,25571.62,0.00
2025-11-26,19:23:00,25571.75,25572.75,25568.75,25570,130,25574.79,25571.57,0.00
2025-11-26,19:24:00,25569.75,25572.75,25568.25,25572,173,25574.60,25571.53,0.00
2025-11-26,19:25:00,25572,25573.5,25569.25,25569.25,147,25574.45,25571.48,0.00
2025-11-26,19:26:00,25569,25577.25,25569,25572.75,261,25574.35,25571.61,0.00
2025-11-26,19:27:00,25572.75,25572.75,25569,25570.75,105,25574.26,25571.59,0.00
2025-11-26,19:28:00,25571,25571.75,25567.5,25570.5,118,25574.14,25571.53,0.00
2025-11-26,19:29:00,25569.75,25572,25568.5,25569.75,137,25574.01,25571.47,0.00
2025-11-26,19:30:00,25569.5,25572,25564.75,25571.25,297,25573.72,25569.33,0.00
2025-11-26,19:31:00,25571.25,25576.5,25570.5,25574.25,279,25573.72,25571.47,0.00
2025-11-26,19:32:00,25574,25579.5,25572.75,25579,330,25573.93,25573.52,0.00
2025-11-26,19:33:00,25579,25580.25,25574.75,25576.25,171,25574.03,25574.08,0.00
2025-11-26,19:34:00,25576.5,25577.75,25574.75,25576.25,92,25574.06,25574.25,0.00
2025-11-26,19:35:00,25575.75,25578.25,25575.5,25575.75,137,25574.12,25574.49,0.00
2025-11-26,19:36:00,25575.75,25579,25575.5,25579,133,25574.21,25574.80,0.00
2025-11-26,19:37:00,25579,25582.25,25577.5,25581.5,271,25574.49,25575.69,0.00
2025-11-26,19:38:00,25582.25,25583.75,25578.75,25580.5,267,25574.76,25576.41,0.00
2025-11-26,19:39:00,25581,25581,25576,25577.75,143,25574.84,25576.53,0.00
2025-11-26,19:40:00,25577.75,25577.75,25574.25,25575.75,140,25574.86,25576.49,0.00
2025-11-26,19:41:00,25577.25,25582,25577.25,25580.25,82,25574.92,25576.61,0.00
2025-11-26,19:42:00,25580,25580.5,25578.75,25580,73,25574.97,25576.70,0.00
2025-11-26,19:43:00,25579.5,25582.5,25579.5,25580,118,25575.07,25576.89,0.00
2025-11-26,19:44:00,25578.75,25580,25577.5,25578,94,25575.12,25576.95,0.00
2025-11-26,19:45:00,25578,25579.25,25575.5,25578.25,192,25575.19,25577.00,0.00
2025-11-26,19:46:00,25577.25,25578.5,25572,25574.25,226,25575.18,25576.84,0.00
2025-11-26,19:47:00,25574,25577,25571.25,25574.25,246,25575.15,25576.64,0.00
2025-11-26,19:48:00,25573.75,25574.75,25571.5,25572.75,100,25575.12,25576.53,0.00
2025-11-26,19:49:00,25573,25579,25571.5,25579,179,25575.15,25576.53,0.00
2025-11-26,19:50:00,25578.25,25583.25,25577.5,25581.75,248,25575.32,25576.81,0.00
2025-11-26,19:51:00,25581.75,25583.25,25580.75,25581.25,220,25575.49,25577.08,0.00
2025-11-26,19:52:00,25580.5,25586.25,25580.5,25584.25,272,25575.75,25577.50,0.00
2025-11-26,19:53:00,25584.5,25587.25,25583,25585.5,144,25575.90,25577.75,0.00
2025-11-26,19:54:00,25585.75,25587.75,25583.5,25586,129,25576.04,25577.97,0.00
2025-11-26,19:55:00,25586,25586.25,25581,25582,145,25576.16,25578.13,0.00
2025-11-26,19:56:00,25581,25582.5,25579.25,25579.25,185,25576.24,25578.21,0.00
2025-11-26,19:57:00,25579.5,25582,25577.5,25582,210,25576.33,25578.31,0.00
2025-11-26,19:58:00,25581.25,25581.25,25577.25,25580.5,116,25576.37,25578.34,0.00
2025-11-26,19:59:00,25580,25581.25,25577.75,25578.25,88,25576.40,25578.35,0.00
2025-11-26,20:00:00,25578,25581.25,25575.75,25576.75,157,25576.42,25578.34,0.00
2025-11-26,20:01:00,25576,25582,25570,25581.5,552,25576.50,25578.29,0.00
2025-11-26,20:02:00,25581.5,25583.75,25580,25583,377,25576.70,25578.52,0.00
2025-11-26,20:03:00,25582.5,25586,25581.25,25583.75,280,25576.88,25578.74,0.00
2025-11-26,20:04:00,25584.5,25585.5,25582.75,25584.75,127,25576.96,25578.84,0.00
2025-11-26,20:05:00,25584.25,25586.5,25581,25582,215,25577.08,25578.97,0.00
2025-11-26,20:06:00,25582.5,25584.25,25578.25,25580.75,219,25577.15,25579.04,0.00
2025-11-26,20:07:00,25581.25,25582,25577.25,25580,136,25577.18,25579.05,0.00
2025-11-26,20:08:00,25580,25580.5,25571.25,25573.75,368,25577.12,25578.87,0.00
2025-11-26,20:09:00,25574,25576.25,25567.75,25575.5,742,25576.89,25578.37,0.00
2025-11-26,20:10:00,25576.25,25577.25,25574.5,25575.25,141,25576.88,25578.33,0.00
2025-11-26,20:11:00,25575.25,25580.5,25575,25579.5,208,25576.90,25578.33,0.00
2025-11-26,20:12:00,25579,25581.25,25576.5,25580,204,25576.94,25578.35,0.00
2025-11-26,20:13:00,25580.75,25581.25,25577.75,25581,121,25576.97,25578.37,0.00
2025-11-26,20:14:00,25580.5,25581.25,25576.25,25580.75,201,25577.00,25578.39,0.00
2025-11-26,20:15:00,25580.25,25582.5,25579,25581,158,25577.05,25578.43,0.00
2025-11-26,20:16:00,25581.25,25581.75,25577.5,25581,107,25577.07,25578.45,0.00
2025-11-26,20:17:00,25581.75,25582,25578.25,25580,104,25577.09,25578.47,0.00
2025-11-26,20:18:00,25580.5,25581.75,25577.25,25579.5,171,25577.12,25578.48,0.00
2025-11-26,20:19:00,25580,25581.5,25577.5,25579.25,101,25577.14,25578.49,0.00
2025-11-26,20:20:00,25578.25,25580,25574.75,25580,165,25577.15,25578.49,0.00
2025-11-26,20:21:00,25579.75,25581,25577.25,25578,121,25577.16,25578.49,0.00
2025-11-26,20:22:00,25577.5,25578.5,25576,25577.75,69,25577.16,25578.49,0.00
2025-11-26,20:23:00,25577.75,25578,25574,25576.5,170,25577.15,25578.45,0.00
2025-11-26,20:24:00,25576.25,25577.5,25573,25573,89,25577.14,25578.42,0.00
2025-11-26,20:25:00,25573,25573.75,25570.75,25571.5,187,25577.07,25578.30,0.00
2025-11-26,20:26:00,25572,25574,25570.25,25573.75,137,25577.03,25578.23,0.00
2025-11-26,20:27:00,25573.75,25576,25573.75,25575.25,71,25577.02,25578.21,0.00
2025-11-26,20:28:00,25575.25,25578.5,25574.75,25576.25,159,25577.02,25578.19,0.00
2025-11-26,20:29:00,25576.25,25577,25573.75,25576.25,91,25577.01,25578.17,0.00
2025-11-26,20:30:00,25576.25,25579.75,25576.25,25579.75,198,25577.03,25578.18,0.00
2025-11-26,20:31:00,25578.75,25582.25,25578.5,25579,215,25577.07,25578.21,0.00
2025-11-26,20:32:00,25579.25,25580.75,25576.5,25579.75,117,25577.08,25578.22,0.00
2025-11-26,20:33:00,25580.25,25581.25,25578.5,25581,73,25577.10,25578.23,0.00
2025-11-26,20:34:00,25580.75,25581.75,25579.25,25580.5,98,25577.12,25578.25,0.00
2025-11-26,20:35:00,25580.25,25582.25,25577.75,25578.5,138,25577.14,25578.26,0.00
2025-11-26,20:36:00,25578.25,25578.5,25574.75,25576.25,213,25577.13,25578.23,0.00
2025-11-26,20:37:00,25576.5,25576.75,25573.25,25576.5,186,25577.11,25578.19,0.00
2025-11-26,20:38:00,25575.5,25575.5,25573.25,25574.5,101,25577.10,25578.16,0.00
2025-11-26,20:39:00,25574.5,25574.75,25572.25,25572.75,94,25577.07,25578.12,0.00
2025-11-26,20:40:00,25573,25574.5,25572.25,25574,94,25577.06,25578.09,0.00
2025-11-26,20:41:00,25573.5,25573.75,25571.5,25573.5,116,25577.03,25578.04,0.00
2025-11-26,20:42:00,25573.75,25575,25572.5,25574.75,103,25577.01,25578.01,0.00
2025-11-26,20:43:00,25574.25,25574.5,25571,25572.75,116,25576.98,25577.97,0.00
2025-11-26,20:44:00,25572.5,25573.75,25571.75,25573.75,46,25576.97,25577.95,0.00
2025-11-26,20:45:00,25574,25575.25,25573.5,25574.25,75,25576.96,25577.93,0.00
2025-11-26,20:46:00,25573.75,25574.5,25572.75,25573.5,60,25576.95,25577.91,0.00
2025-11-26,20:47:00,25574,25574.25,25570.75,25574.25,82,25576.93,25577.88,0.00
2025-11-26,20:48:00,25573.75,25573.75,25569.5,25571,162,25576.88,25577.80,0.00
2025-11-26,20:49:00,25570.75,25571.75,25568.75,25571,260,25576.79,25577.66,0.00
2025-11-26,20:50:00,25570.75,25572.5,25569.75,25571.5,148,25576.75,25577.60,0.00
2025-11-26,20:51:00,25571.25,25574.25,25571,25574,189,25576.71,25577.54,0.00
2025-11-26,20:52:00,25573.75,25576.75,25573,25574.75,175,25576.69,25577.50,0.00
2025-11-26,20:53:00,25574.75,25576.75,25573.25,25575.75,122,25576.68,25577.48,0.00
2025-11-26,20:54:00,25576.25,25578,25576,25576.25,140,25576.68,25577.48,0.00
2025-11-26,20:55:00,25576.25,25577,25573.75,25574.25,83,25576.67,25577.46,0.00
2025-11-26,20:56:00,25574,25575.75,25573,25575.75,121,25576.66,25577.44,0.00
2025-11-26,20:57:00,25576.5,25578.25,25575.75,25577.25,130,25576.67,25577.44,0.00
2025-11-26,20:58:00,25577.25,25578.25,25576.25,25578,99,25576.67,25577.44,0.00
2025-11-26,20:59:00,25577.75,25582,25577.25,25581.5,204,25576.71,25577.48,0.00
2025-11-26,21:00:00,25581.75,25585.25,25581.75,25583.5,389,25576.84,25577.63,0.00
2025-11-26,21:01:00,25583.5,25586.25,25582.75,25585.5,329,25576.97,25577.78,0.00
2025-11-26,21:02:00,25586,25591,25585.5,25590.25,507,25577.26,25578.12,0.00
2025-11-26,21:03:00,25590.75,25592.5,25587,25591.5,372,25590.33,25578.39,0.00
2025-11-26,21:04:00,25591,25592,25589,25592,158,25590.53,25578.51,0.00
2025-11-26,21:05:00,25591.25,25592.25,25587,25590.25,168,25590.36,25578.62,0.00
2025-11-26,21:06:00,25590.5,25592.25,25587.25,25588.75,131,25590.21,25578.70,0.00
2025-11-26,21:07:00,25588.25,25589.5,25586.75,25587.5,124,25589.92,25578.76,0.00
2025-11-26,21:08:00,25587.5,25587.5,25580.75,25583.25,398,25588.12,25578.88,0.00
2025-11-26,21:09:00,25582.75,25583,25575.75,25575.75,371,25585.98,25578.86,0.00
2025-11-26,21:10:00,25575.5,25576.25,25569.5,25571.75,544,25582.74,25578.68,0.00
2025-11-26,21:11:00,25571,25571.25,25564.75,25566.75,544,25579.81,25578.36,0.00
2025-11-26,21:12:00,25567.75,25576.25,25567,25576.25,407,25578.97,25578.26,0.00
2025-11-26,21:13:00,25575.25,25576,25569.5,25572,211,25578.57,25578.20,0.00
2025-11-26,21:14:00,25572.5,25572.75,25568.25,25570.25,155,25578.22,25578.14,0.00
2025-11-26,21:15:00,25570.25,25573.25,25568.75,25570,126,25577.96,25578.09,0.00
2025-11-26,21:16:00,25569.75,25570.5,25557.5,25558.75,804,25575.16,25562.25,0.00
2025-11-26,21:17:00,25559.25,25561.75,25557.75,25559.5,362,25574.01,25561.45,0.00
2025-11-26,21:18:00,25559,25561.5,25556.5,25560,301,25573.16,25559.33,0.00
2025-11-26,21:19:00,25559.5,25567.25,25558.5,25562,445,25572.32,25561.27,0.00
2025-11-26,21:20:00,25562.25,25562.75,25558.25,25561.5,208,25571.91,25561.18,0.00
2025-11-26,21:21:00,25562.25,25566.75,25560.25,25565.5,251,25571.59,25561.80,0.00
2025-11-26,21:22:00,25565.25,25567.25,25563,25566.5,200,25571.40,25562.34,0.00
2025-11-26,21:23:00,25565.75,25568.25,25564.75,25565.25,216,25571.22,25562.84,0.00
2025-11-26,21:24:00,25564.5,25567.5,25562,25566.75,171,25571.07,25563.08,0.00
2025-11-26,21:25:00,25566.75,25571.25,25566.25,25568.5,323,25570.96,25563.94,0.00
2025-11-26,21:26:00,25568.5,25571.5,25568.25,25568.25,202,25570.92,25564.41,0.00
2025-11-26,21:27:00,25567.75,25570.75,25566.75,25569.75,155,25570.88,25564.70,0.00
2025-11-26,21:28:00,25570.25,25572.75,25568.75,25569.5,241,25570.86,25565.20,0.00
2025-11-26,21:29:00,25570,25571.75,25568.25,25570.25,137,25570.85,25565.43,0.00
2025-11-26,21:30:00,25570.75,25571.25,25568.75,25569.25,116,25570.83,25565.60,0.00
2025-11-26,21:31:00,25569.25,25570,25564,25565.25,313,25570.66,25565.68,0.00
2025-11-26,21:32:00,25564.75,25565.25,25558.75,25563,392,25570.28,25565.32,0.00
2025-11-26,21:33:00,25564,25567,25561.5,25564,300,25570.07,25565.24,0.00
2025-11-26,21:34:00,25564.25,25565.75,25562,25562.5,178,25569.94,25565.16,0.00
2025-11-26,21:35:00,25563,25563.5,25560.75,25562.25,144,25569.82,25565.06,0.00
2025-11-26,21:36:00,25563.75,25565.75,25562,25562.5,138,25569.72,25565.01,0.00
2025-11-26,21:37:00,25562.5,25563.25,25560.75,25562.75,146,25569.61,25564.92,0.00
2025-11-26,21:38:00,25562.75,25563.5,25560.25,25561.25,81,25569.54,25564.86,0.00
2025-11-26,21:39:00,25561.5,25563,25558.75,25561.75,137,25569.42,25564.76,0.00
2025-11-26,21:40:00,25562,25564,25560.25,25562,123,25569.33,25564.69,0.00
2025-11-26,21:41:00,25562.5,25563.5,25561.25,25562.25,112,25569.25,25564.64,0.00
2025-11-26,21:42:00,25562.75,25563.25,25560.75,25561,88,25569.18,25564.59,0.00
2025-11-26,21:43:00,25561,25564,25560.5,25563.25,101,25569.12,25564.55,0.00
2025-11-26,21:44:00,25563.25,25564.5,25561.25,25562.5,110,25569.05,25564.51,0.00
2025-11-26,21:45:00,25563,25570.25,25563,25569.75,408,25569.00,25564.73,0.00
2025-11-26,21:46:00,25570.25,25572.25,25568.25,25570.75,321,25569.04,25565.04,0.00
2025-11-26,21:47:00,25570.5,25571.25,25568,25569.5,167,25569.05,25565.16,0.00
2025-11-26,21:48:00,25569.25,25569.75,25565.75,25568.25,156,25569.03,25565.23,0.00
2025-11-26,21:49:00,25568.5,25572,25568.25,25572,113,25569.05,25565.32,0.00
2025-11-26,21:50:00,25572.25,25574,25570.75,25572.5,339,25569.15,25565.67,0.00
2025-11-26,21:51:00,25573.25,25573.75,25571.25,25573,115,25569.18,25565.79,0.00
2025-11-26,21:52:00,25572.5,25574.75,25571,25571.5,175,25569.23,25565.95,0.00
2025-11-26,21:53:00,25572,25573.5,25568.25,25573,203,25569.27,25566.11,0.00
2025-11-26,21:54:00,25573,25578,25573,25578,401,25569.49,25566.64,0.00
2025-11-26,21:55:00,25577.5,25582.75,25577,25582.25,374,25569.81,25567.29,0.00
2025-11-26,21:56:00,25582.25,25583,25581.25,25582.5,195,25570.00,25567.64,0.00
2025-11-26,21:57:00,25582.25,25583.75,25580.5,25582,287,25570.25,25568.12,0.00
2025-11-26,21:58:00,25582.25,25584.25,25581,25583.25,255,25570.49,25568.55,0.00
2025-11-26,21:59:00,25583.75,25587,25583.75,25586,329,25570.84,25569.16,0.00
2025-11-26,22:00:00,25586,25588,25585,25587.25,217,25571.08,25569.56,0.00
2025-11-26,22:01:00,25587.5,25592.75,25584.25,25585.25,715,25587.42,25570.83,0.00
2025-11-26,22:02:00,25585,25588.25,25583.75,25588,308,25587.19,25571.30,0.00
2025-11-26,22:03:00,25588.5,25590.5,25584.75,25585.25,310,25587.11,25571.75,0.00
2025-11-26,22:04:00,25585,25588.25,25584.25,25585.75,214,25586.97,25572.03,0.00
2025-11-26,22:05:00,25586,25587.75,25584.25,25584.25,172,25586.81,25572.23,0.00
2025-11-26,22:06:00,25584.75,25585.25,25582.5,25583.75,282,25586.39,25572.52,0.00
2025-11-26,22:07:00,25584.25,25585.5,25581,25584.75,267,25586.08,25572.78,0.00
2025-11-26,22:08:00,25584.75,25585.5,25581.25,25581.5,114,25585.92,25572.88,0.00
2025-11-26,22:09:00,25582.5,25584,25581.25,25583.25,142,25585.75,25572.99,0.00
2025-11-26,22:10:00,25582.75,25583,25580.5,25582.25,135,25585.55,25573.09,0.00
2025-11-26,22:11:00,25582.25,25582.25,25579,25580.75,219,25585.18,25573.23,0.00
2025-11-26,22:12:00,25581,25583.5,25580.5,25581.25,99,25585.07,25573.30,0.00
2025-11-26,22:13:00,25581.25,25583,25578.5,25579.75,166,25584.82,25573.39,0.00
2025-11-26,22:14:00,25580.25,25583.25,25578.75,25581.5,155,25584.65,25573.49,0.00
2025-11-26,22:15:00,25582.5,25587.25,25581.75,25586,315,25584.68,25573.77,0.00
2025-11-26,22:16:00,25586,25589.5,25584.5,25589,246,25584.87,25574.02,0.00
2025-11-26,22:17:00,25589.25,25589.75,25587.25,25587.75,137,25584.99,25574.17,0.00
2025-11-26,22:18:00,25588.5,25589.25,25582,25582.75,170,25584.97,25574.30,0.00
2025-11-26,22:19:00,25583,25585,25580.75,25583.5,127,25584.92,25574.38,0.00
2025-11-26,22:20:00,25583.25,25584.25,25581.5,25583,144,25584.85,25574.47,0.00
2025-11-26,22:21:00,25583,25584.5,25581.5,25582,86,25584.81,25574.52,0.00
2025-11-26,22:22:00,25582.5,25584.75,25580.5,25582.75,203,25584.72,25574.64,0.00
2025-11-26,22:23:00,25583,25583.5,25579.75,25580.75,103,25584.65,25574.69,0.00
2025-11-26,22:24:00,25580.25,25581.25,25578.25,25580.75,103,25584.55,25574.73,0.00
2025-11-26,22:25:00,25581,25582.75,25579.25,25581.25,101,25584.48,25574.77,0.00
2025-11-26,22:26:00,25582,25582,25578.25,25579,114,25584.38,25574.81,0.00
2025-11-26,22:27:00,25579,25581.25,25578.5,25580.5,113,25584.28,25574.85,0.00
2025-11-26,22:28:00,25580.75,25582.75,25579.75,25581.75,112,25584.22,25574.90,0.00
2025-11-26,22:29:00,25581.25,25583,25580.75,25583,74,25584.20,25574.94,0.00
2025-11-26,22:30:00,25582.75,25584.75,25581.75,25584.25,108,25584.19,25575.00,0.00
2025-11-26,22:31:00,25584.75,25585,25583.5,25584,54,25584.19,25575.03,0.00
2025-11-26,22:32:00,25584.25,25586.25,25584,25584.25,85,25584.20,25575.09,0.00
2025-11-26,22:33:00,25585,25585.25,25581.75,25582.75,90,25584.18,25575.14,0.00
2025-11-26,22:34:00,25582.75,25582.75,25579.25,25579.75,103,25584.12,25575.17,0.00
2025-11-26,22:35:00,25580.25,25581,25578.25,25578.5,173,25583.98,25575.22,0.00
2025-11-26,22:36:00,25578.5,25580.5,25577.25,25579.5,133,25583.87,25575.25,0.00
2025-11-26,22:37:00,25579.5,25581.25,25578,25579.75,103,25583.80,25575.28,0.00
2025-11-26,22:38:00,25579.25,25581.5,25578.75,25580.5,64,25583.77,25575.30,0.00
2025-11-26,22:39:00,25580,25581,25578,25578,110,25583.69,25575.33,0.00
2025-11-26,22:40:00,25578.25,25579.75,25576.75,25578.5,133,25583.58,25575.35,0.00
2025-11-26,22:41:00,25578.75,25579.75,25576,25578,244,25583.38,25575.39,0.00
2025-11-26,22:42:00,25578.25,25579.75,25576.75,25576.75,110,25583.29,25575.41,0.00
2025-11-26,22:43:00,25576.5,25578.25,25572.75,25573.75,188,25583.07,25575.40,0.00
2025-11-26,22:44:00,25573.75,25578,25572.25,25577.75,237,25582.84,25575.41,0.00
2025-11-26,22:45:00,25578,25582,25577.5,25581.5,217,25582.77,25575.47,0.00
2025-11-26,22:46:00,25582,25582.5,25578.75,25580.75,86,25582.75,25575.50,0.00
2025-11-26,22:47:00,25580.75,25580.75,25575,25575.25,92,25582.68,25575.51,0.00
2025-11-26,22:48:00,25575.25,25575.75,25573,25574.75,168,25582.51,25575.50,0.00
2025-11-26,22:49:00,25575.25,25576.5,25573.75,25573.75,44,25582.46,25575.50,0.00
2025-11-26,22:50:00,25575.25,25577,25574.75,25577,36,25582.43,25575.50,0.00
2025-11-26,22:51:00,25577.25,25577.75,25576.25,25576.25,94,25582.37,25575.50,0.00
2025-11-26,22:52:00,25577,25577,25572,25572.75,158,25582.21,25575.49,0.00
2025-11-26,22:53:00,25573,25573.5,25568.5,25572.75,278,25581.86,25575.43,0.00
2025-11-26,22:54:00,25572.5,25574.5,25570.75,25571.25,114,25581.73,25575.41,0.00
2025-11-26,22:55:00,25570.75,25570.75,25568,25570,138,25581.54,25575.36,0.00
2025-11-26,22:56:00,25570.25,25571,25568.25,25569.75,121,25581.38,25575.33,0.00
2025-11-26,22:57:00,25570,25571,25568.5,25569.75,131,25581.22,25575.29,0.00
2025-11-26,22:58:00,25570,25572,25567.75,25570,150,25581.03,25575.24,0.00
2025-11-26,22:59:00,25570.25,25573,25569.75,25570.75,133,25580.89,25575.21,0.00
2025-11-26,23:00:00,25570.5,25572.5,25568.75,25569.25,93,25580.78,25575.19,0.00
2025-11-26,23:01:00,25570.25,25572.5,25567,25571.5,221,25580.55,25575.13,0.00
2025-11-26,23:02:00,25570,25571,25568.75,25570,54,25580.49,25575.12,0.00
2025-11-26,23:03:00,25569.5,25569.5,25565.25,25565.5,185,25580.23,25575.04,0.00
2025-11-26,23:04:00,25566,25568.25,25565,25568,152,25580.03,25574.98,0.00
2025-11-26,23:05:00,25567.75,25569.75,25567.25,25568.5,44,25579.98,25574.96,0.00
2025-11-26,23:06:00,25569,25569.75,25566.75,25568.75,123,25579.84,25574.92,0.00
2025-11-26,23:07:00,25568.75,25570.75,25567.25,25568.25,97,25579.74,25574.89,0.00
2025-11-26,23:08:00,25567.25,25567.5,25563.5,25564,204,25579.45,25574.79,0.00
2025-11-26,23:09:00,25563.75,25565.25,25561.5,25564,252,25579.08,25574.65,0.00
2025-11-26,23:10:00,25564.5,25565,25561.75,25562.25,111,25578.92,25574.58,0.00
2025-11-26,23:11:00,25562.75,25562.75,25559.5,25561.5,175,25578.64,25574.47,0.00
2025-11-26,23:12:00,25561,25563,25558.25,25562.5,259,25578.24,25574.30,0.00
2025-11-26,23:13:00,25562.5,25563,25561.25,25562,109,25578.08,25574.24,0.00
2025-11-26,23:14:00,25562,25562,25558,25559.75,230,25577.72,25574.08,0.00
2025-11-26,23:15:00,25559.25,25562,25559.25,25562,78,25577.61,25574.04,0.00
2025-11-26,23:16:00,25562.5,25564,25561.5,25562.25,125,25577.46,25573.97,0.00
2025-11-26,23:17:00,25562,25566.5,25561.75,25566.5,170,25577.28,25573.90,0.00
2025-11-26,23:18:00,25566.75,25571,25566.5,25570.5,280,25577.10,25573.84,0.00
2025-11-26,23:19:00,25570,25575.75,25570,25573.5,428,25576.96,25573.82,0.00
2025-11-26,23:20:00,25573,25573.5,25569.75,25570,190,25576.88,25573.80,0.00
2025-11-26,23:21:00,25570.75,25571,25567.5,25568,194,25576.76,25573.76,0.00
2025-11-26,23:22:00,25568,25570.25,25567,25567.25,141,25576.67,25573.72,0.00
2025-11-26,23:23:00,25568,25570.75,25568,25569.5,54,25576.64,25573.71,0.00
2025-11-26,23:24:00,25569.75,25571.5,25569.25,25570.75,81,25576.60,25573.70,0.00
2025-11-26,23:25:00,25570.25,25573.5,25570,25571,105,25576.56,25573.69,0.00
2025-11-26,23:26:00,25571.5,25572.25,25569.5,25570,53,25576.54,25573.68,0.00
2025-11-26,23:27:00,25570.5,25571,25568.5,25568.5,85,25576.49,25573.67,0.00
2025-11-26,23:28:00,25568.75,25569.25,25566.5,25568,110,25576.42,25573.64,0.00
2025-11-26,23:29:00,25566.75,25567.25,25564.5,25565.5,142,25576.31,25573.59,0.00
2025-11-26,23:30:00,25564.5,25564.5,25561.75,25562.5,176,25576.15,25573.51,0.00
2025-11-26,23:31:00,25562.25,25563.5,25560.5,25561,157,25575.99,25573.43,0.00
2025-11-26,23:32:00,25561,25566,25559.75,25565.5,196,25575.82,25573.35,0.00
2025-11-26,23:33:00,25565.75,25566.25,25562.75,25564.5,132,25575.72,25573.30,0.00
2025-11-26,23:34:00,25564.75,25565.5,25563,25565.5,68,25575.67,25573.28,0.00
2025-11-26,23:35:00,25565,25566,25564.75,25565.75,77,25575.61,25573.25,0.00
2025-11-26,23:36:00,25566,25566.5,25563.75,25565,75,25575.56,25573.23,0.00
2025-11-26,23:37:00,25565.5,25565.75,25562.75,25563.25,73,25575.50,25573.20,0.00
2025-11-26,23:38:00,25563.75,25564.5,25562,25562,57,25575.45,25573.18,0.00
2025-11-26,23:39:00,25562,25564.5,25561.5,25564.5,37,25575.42,25573.16,0.00
2025-11-26,23:40:00,25564.5,25568.25,25564.5,25568.25,144,25575.34,25573.13,0.00
2025-11-26,23:41:00,25568,25569.25,25566.25,25566.5,136,25575.27,25573.09,0.00
2025-11-26,23:42:00,25567.5,25567.5,25563.25,25564.25,123,25575.19,25573.05,0.00
2025-11-26,23:43:00,25565,25566,25564,25565.5,54,25575.15,25573.04,0.00
2025-11-26,23:44:00,25564.75,25565.5,25563.25,25565,42,25575.12,25573.02,0.00
2025-11-26,23:45:00,25565.25,25567.5,25565.25,25566.75,103,25575.07,25573.00,0.00
2025-11-26,23:46:00,25567.5,25568.25,25563,25563.75,115,25574.99,25572.96,0.00
2025-11-26,23:47:00,25563.75,25565.75,25563.75,25565.25,43,25574.97,25572.94,0.00
2025-11-26,23:48:00,25564.25,25566,25563.25,25564,79,25574.91,25572.92,0.00
2025-11-26,23:49:00,25564,25566.75,25564,25566.75,37,25574.89,25572.91,0.00
2025-11-26,23:50:00,25566.25,25567,25565.5,25566.25,37,25574.87,25572.90,0.00
2025-11-26,23:51:00,25566.25,25569.75,25566,25568.75,132,25574.82,25572.87,0.00
2025-11-26,23:52:00,25569,25569.5,25565.75,25567,96,25574.77,25572.85,0.00
2025-11-26,23:53:00,25568,25568.75,25567.5,25568.5,36,25574.76,25572.85,0.00
2025-11-26,23:54:00,25567.75,25568.25,25566.25,25567.5,66,25574.73,25572.83,0.00
2025-11-26,23:55:00,25568,25569.25,25566.25,25566.75,68,25574.70,25572.82,0.00
2025-11-26,23:56:00,25566.25,25567.5,25565.5,25565.75,57,25574.67,25572.80,0.00
2025-11-26,23:57:00,25566,25567.75,25565.75,25566,62,25574.64,25572.79,0.00
2025-11-26,23:58:00,25566,25567,25565.25,25565.5,40,25574.62,25572.78,0.00
2025-11-26,23:59:00,25566,25567.25,25565.75,25567,43,25574.59,25572.77,0.00
2025-11-26,00:00:00,25434.75,25438,25434,25434.5,112,25433.23,25397.52,0.00
2025-11-26,00:01:00,25434.25,25436.75,25431,25431.75,277,25433.23,25397.63,0.00
2025-11-26,00:02:00,25431.75,25435.25,25430.25,25435,245,25433.23,25397.73,0.00
2025-11-26,00:03:00,25434.75,25436,25431.75,25433,194,25433.24,25397.81,0.00
2025-11-26,00:04:00,25434.5,25436.75,25434,25436,153,25433.26,25397.88,0.00
2025-11-26,00:05:00,25436.5,25440.75,25436,25440.25,268,25433.36,25398.01,0.00
2025-11-26,00:06:00,25440.75,25442,25438,25441.5,293,25433.49,25398.15,0.00
2025-11-26,00:07:00,25441.25,25441.75,25438,25439,228,25433.57,25398.25,0.00
2025-11-26,00:08:00,25439.5,25441.25,25439.5,25440.5,76,25433.60,25398.29,0.00
2025-11-26,00:09:00,25440,25441,25437.75,25438.25,114,25433.64,25398.34,0.00
2025-11-26,00:10:00,25438.25,25438.75,25435.5,25437.25,152,25433.67,25398.41,0.00
2025-11-26,00:11:00,25437.5,25437.75,25433,25434,243,25433.69,25398.51,0.00
2025-11-26,00:12:00,25434.75,25436.25,25431,25431,219,25433.68,25398.60,0.00
2025-11-26,00:13:00,25431.75,25436,25430.25,25435.25,300,25433.68,25398.71,0.00
2025-11-26,00:14:00,25435.75,25439.25,25434.75,25436.5,314,25433.73,25398.85,0.00
2025-11-26,00:15:00,25436,25437,25432.75,25434.5,143,25433.74,25398.90,0.00
2025-11-26,00:16:00,25435.5,25438.75,25435,25436.25,139,25433.77,25398.96,0.00
2025-11-26,00:17:00,25436.5,25436.5,25432.25,25432.75,206,25433.77,25399.04,0.00
2025-11-26,00:18:00,25432.25,25433.25,25431,25432.75,208,25433.75,25399.12,0.00
2025-11-26,00:19:00,25432.75,25434.75,25431.5,25433,172,25433.74,25399.18,0.00
2025-11-26,00:20:00,25432.25,25433,25429.25,25433,482,25433.69,25399.36,0.00
2025-11-26,00:21:00,25432,25433,25428.25,25430.5,313,25433.64,25399.47,0.00
2025-11-26,00:22:00,25431,25437.5,25430.25,25435.25,448,25433.66,25399.64,0.00
2025-11-26,00:23:00,25435.5,25436.75,25434.25,25435.25,121,25433.67,25399.68,0.00
2025-11-26,00:24:00,25435.25,25435.75,25434,25434.5,72,25433.67,25399.71,0.00
2025-11-26,00:25:00,25434.5,25434.75,25429.5,25432,306,25433.65,25399.82,0.00
2025-11-26,00:26:00,25431.75,25432.5,25425.75,25427.75,445,25433.54,25399.96,0.00
2025-11-26,00:27:00,25427.75,25428,25423,25426.5,483,25433.37,25400.09,0.00
2025-11-26,00:28:00,25426.5,25429.5,25424.25,25425.25,305,25433.27,25400.18,0.00
2025-11-26,00:29:00,25425.5,25426.5,25422.5,25424,222,25433.18,25400.23,0.00
2025-11-26,00:30:00,25424,25425,25421.75,25422.25,228,25433.08,25400.29,0.00
2025-11-26,00:31:00,25423,25424.75,25419.75,25424.25,562,25432.83,25400.43,0.00
2025-11-26,00:32:00,25424.25,25426,25422.75,25424.25,180,25432.76,25400.47,0.00
2025-11-26,00:33:00,25424.5,25426.25,25420.5,25422.75,214,25432.67,25400.52,0.00
2025-11-26,00:34:00,25422.75,25423.5,25421.25,25422.25,157,25432.60,25400.56,0.00
2025-11-26,00:35:00,25422,25422.75,25415.25,25417.75,615,25432.24,25400.67,0.00
2025-11-26,00:36:00,25418.25,25420.5,25416.5,25419.25,374,25432.03,25400.74,0.00
2025-11-26,00:37:00,25419.75,25425.5,25419.5,25420.5,368,25431.88,25400.83,0.00
2025-11-26,00:38:00,25421,25421.25,25418.75,25420,141,25431.81,25400.85,0.00
2025-11-26,00:39:00,25420.75,25422.25,25420.25,25421,98,25431.77,25400.87,0.00
2025-11-26,00:40:00,25421.75,25423.5,25420.75,25420.75,124,25431.72,25400.90,0.00
2025-11-26,00:41:00,25421.5,25422.75,25418.75,25419.25,104,25431.67,25400.92,0.00
2025-11-26,00:42:00,25418.75,25419.25,25413.75,25416.25,356,25431.46,25400.98,0.00
2025-11-26,00:43:00,25416.5,25416.75,25414,25415.25,151,25431.36,25401.00,0.00
2025-11-26,00:44:00,25414.75,25417.75,25414.75,25415.75,128,25431.29,25401.02,0.00
2025-11-26,00:45:00,25416,25417.5,25415.5,25416.75,78,25431.24,25401.03,0.00
2025-11-26,00:46:00,25417,25422.75,25415.5,25421.5,294,25431.12,25401.09,0.00
2025-11-26,00:47:00,25421,25422.5,25419.75,25420,185,25431.04,25401.13,0.00
2025-11-26,00:48:00,25420.25,25423.25,25420.25,25420.5,107,25431.00,25401.15,0.00
2025-11-26,00:49:00,25420.5,25422.5,25419.75,25421.25,95,25430.97,25401.17,0.00
2025-11-26,00:50:00,25421.5,25421.5,25418.25,25419.75,94,25430.93,25401.19,0.00
2025-11-26,00:51:00,25419.75,25423.5,25419.25,25423.5,156,25430.88,25401.22,0.00
2025-11-26,00:52:00,25423.5,25425,25421.5,25423.5,218,25430.82,25401.27,0.00
2025-11-26,00:53:00,25423,25423.75,25419.75,25421.75,171,25430.76,25401.30,0.00
2025-11-26,00:54:00,25421.75,25422.5,25420.25,25420.25,48,25430.74,25401.31,0.00
2025-11-26,00:55:00,25420.75,25425.25,25420.75,25423.75,175,25430.69,25401.35,0.00
2025-11-26,00:56:00,25425,25426.5,25423.5,25424.75,184,25430.66,25401.40,0.00
2025-11-26,00:57:00,25425,25425,25421.75,25422.75,129,25430.62,25401.42,0.00
2025-11-26,00:58:00,25423.25,25424,25421.25,25422.75,56,25430.60,25401.44,0.00
2025-11-26,00:59:00,25423,25424,25421.75,25421.75,42,25430.59,25401.45,0.00
2025-11-26,01:00:00,25421.75,25422.5,25418.25,25422,308,25430.49,25401.51,0.00
2025-11-26,01:01:00,25421.25,25423.5,25420.25,25422.5,185,25430.43,25401.54,0.00
2025-11-26,01:02:00,25422.5,25425.75,25422.5,25425,113,25430.41,25401.57,0.00
2025-11-26,01:03:00,25425.75,25429.5,25424.75,25426,513,25430.34,25401.70,0.00
2025-11-26,01:04:00,25426.25,25427,25423.75,25426.5,158,25430.32,25401.74,0.00
2025-11-26,01:05:00,25425.25,25426.5,25419.75,25422.5,193,25430.27,25401.78,0.00
2025-11-26,01:06:00,25423,25424.75,25420.75,25424,199,25430.22,25401.82,0.00
2025-11-26,01:07:00,25424.25,25429,25423.75,25427.5,278,25430.19,25401.89,0.00
2025-11-26,01:08:00,25427.75,25433.25,25427.75,25431.5,451,25430.20,25402.02,0.00
2025-11-26,01:09:00,25431.25,25441,25431.25,25439.25,640,25430.34,25402.24,0.00
2025-11-26,01:10:00,25440,25443.75,25438,25441.5,578,25430.54,25402.45,0.00
2025-11-26,01:11:00,25441.75,25442.5,25437.25,25440.5,362,25430.65,25402.59,0.00
2025-11-26,01:12:00,25440.75,25444,25439,25440,324,25430.75,25402.71,0.00
2025-11-26,01:13:00,25439.25,25444.25,25438,25438.5,342,25430.85,25402.83,0.00
2025-11-26,01:14:00,25439.25,25441.25,25436.75,25437,263,25430.91,25402.92,0.00
2025-11-26,01:15:00,25437,25437.5,25434.75,25437,269,25430.96,25403.00,0.00
2025-11-26,01:16:00,25437.25,25440.75,25436.25,25440.25,198,25431.01,25403.07,0.00
2025-11-26,01:17:00,25440.75,25442.5,25436.5,25442.5,223,25431.07,25403.15,0.00
2025-11-26,01:18:00,25442.5,25442.75,25439.5,25441.5,103,25431.10,25403.19,0.00
2025-11-26,01:19:00,25441.75,25441.75,25438.25,25440.25,142,25431.14,25403.24,0.00
2025-11-26,01:20:00,25440.25,25442.5,25439.75,25441.5,148,25431.18,25403.29,0.00
2025-11-26,01:21:00,25440.75,25442.75,25440,25442.75,150,25431.23,25403.35,0.00
2025-11-26,01:22:00,25442.75,25453.25,25441.75,25452.5,1419,25449.17,25403.96,0.00
2025-11-26,01:23:00,25452.75,25454.5,25449,25450.25,535,25451.25,25404.19,0.00
2025-11-26,01:24:00,25450.5,25453.25,25449.25,25451,264,25451.22,25404.31,0.00
2025-11-26,01:25:00,25450.5,25452.75,25445.25,25446.25,263,25450.45,25404.41,0.00
2025-11-26,01:26:00,25445.75,25449.5,25444.5,25445.25,309,25449.54,25404.53,0.00
2025-11-26,01:27:00,25444.25,25446.5,25443.25,25444,262,25448.74,25404.63,0.00
2025-11-26,01:28:00,25443.75,25446,25442.5,25443.25,192,25448.23,25404.70,0.00
2025-11-26,01:29:00,25443.25,25443.5,25439.25,25441.5,368,25447.09,25404.82,0.00
2025-11-26,01:30:00,25441.75,25444.5,25441.75,25444,145,25446.86,25404.88,0.00
2025-11-26,01:31:00,25444,25451.25,25443.5,25449.5,403,25447.04,25405.03,0.00
2025-11-26,01:32:00,25450.25,25450.75,25445.5,25447.75,205,25447.11,25405.11,0.00
2025-11-26,01:33:00,25447.75,25453.25,25447.75,25452.5,243,25447.42,25405.22,0.00
2025-11-26,01:34:00,25451.5,25455.75,25450.25,25453.5,616,25453.17,25405.48,0.00
2025-11-26,01:35:00,25453.5,25454,25449.25,25452,280,25452.72,25405.60,0.00
2025-11-26,01:36:00,25453,25454.25,25451.75,25454,158,25452.82,25405.67,0.00
2025-11-26,01:37:00,25453.25,25454.5,25449.25,25450,238,25452.53,25405.76,0.00
2025-11-26,01:38:00,25449.25,25451.75,25446.75,25451,173,25452.21,25405.83,0.00
2025-11-26,01:39:00,25451.25,25456,25451.25,25452.5,301,25453.25,25405.96,0.00
2025-11-26,01:40:00,25453.5,25454,25450.5,25452.75,151,25452.97,25406.02,0.00
2025-11-26,01:41:00,25453,25454.25,25451.75,25452,149,25452.90,25406.09,0.00
2025-11-26,01:42:00,25452,25454.25,25450.75,25453.25,160,25452.87,25406.15,0.00
2025-11-26,01:43:00,25454.5,25455.5,25452.75,25454.25,219,25453.16,25406.25,0.00
2025-11-26,01:44:00,25454.5,25455.5,25452.75,25454.75,189,25453.35,25406.33,0.00
2025-11-26,01:45:00,25454.25,25454.5,25451.25,25451.25,117,25453.25,25406.37,0.00
2025-11-26,01:46:00,25451.25,25451.75,25448.75,25449.5,404,25452.48,25406.53,0.00
2025-11-26,01:47:00,25449.5,25451.25,25447.25,25449.25,278,25452.02,25406.63,0.00
2025-11-26,01:48:00,25448,25448.75,25444.75,25446.75,238,25451.45,25406.72,0.00
2025-11-26,01:49:00,25446.5,25451.5,25446.5,25450,179,25451.29,25406.79,0.00
2025-11-26,01:50:00,25450.25,25452.75,25450.25,25450.5,85,25451.29,25406.82,0.00
2025-11-26,01:51:00,25450.25,25450.5,25444.75,25446.75,193,25451.00,25406.89,0.00
2025-11-26,01:52:00,25446,25448.5,25445,25445.5,172,25450.72,25406.95,0.00
2025-11-26,01:53:00,25445.75,25448.5,25445.75,25447,130,25450.56,25406.99,0.00
2025-11-26,01:54:00,25447,25451.25,25446.5,25450,192,25450.48,25407.06,0.00
2025-11-26,01:55:00,25450.5,25451.25,25449,25450,53,25450.47,25407.08,0.00
2025-11-26,01:56:00,25450,25451.25,25448.5,25450,129,25450.45,25407.13,0.00
2025-11-26,01:57:00,25450,25452.25,25449.25,25452,105,25450.47,25407.17,0.00
2025-11-26,01:58:00,25451.75,25454,25450.5,25453.75,142,25450.56,25407.23,0.00
2025-11-26,01:59:00,25453,25453.5,25449.75,25451.75,109,25450.60,25407.27,0.00
2025-11-26,02:00:00,25451.5,25453.5,25451.5,25452.5,84,25450.64,25407.30,0.00
2025-11-26,02:01:00,25453,25454,25451,25452.5,125,25450.70,25407.35,0.00
2025-11-26,02:02:00,25452,25452.75,25446.25,25447,171,25450.61,25407.41,0.00
2025-11-26,02:03:00,25447.25,25452.5,25446.25,25446.5,308,25450.46,25407.52,0.00
2025-11-26,02:04:00,25446.25,25452,25445.75,25449.25,208,25450.39,25407.60,0.00
2025-11-26,02:05:00,25449,25453.25,25449,25451,175,25450.42,25407.66,0.00
2025-11-26,02:06:00,25451.5,25456,25449.75,25450,249,25450.49,25407.76,0.00
2025-11-26,02:07:00,25450.75,25453.25,25449.25,25452,132,25450.52,25407.80,0.00
2025-11-26,02:08:00,25452.25,25453,25450.75,25452.75,68,25450.54,25407.83,0.00
2025-11-26,02:09:00,25453,25453.5,25448.75,25450.25,104,25450.55,25407.87,0.00
2025-11-26,02:10:00,25451.25,25454.25,25450.5,25453.25,208,25450.63,25407.95,0.00
2025-11-26,02:11:00,25453,25453,25449.5,25451.75,188,25450.65,25408.02,0.00
2025-11-26,02:12:00,25453.25,25455,25450,25451.25,162,25450.69,25408.08,0.00
2025-11-26,02:13:00,25452.25,25453.25,25451,25451.75,63,25450.70,25408.10,0.00
2025-11-26,02:14:00,25451.75,25453.25,25450,25451.75,82,25450.72,25408.13,0.00
2025-11-26,02:15:00,25452.25,25452.75,25449,25449.75,260,25450.71,25408.23,0.00
2025-11-26,02:16:00,25449.5,25451.75,25447.75,25450,217,25450.68,25408.30,0.00
2025-11-26,02:17:00,25450,25451.75,25448.5,25448.5,110,25450.66,25408.34,0.00
2025-11-26,02:18:00,25448.25,25451.75,25445.75,25446.25,252,25450.56,25408.43,0.00
2025-11-26,02:19:00,25446.25,25446.25,25439.75,25443.75,708,25449.88,25408.63,0.00
2025-11-26,02:20:00,25443.75,25447,25443.25,25445.75,307,25449.70,25408.73,0.00
2025-11-26,02:21:00,25446.25,25447.25,25444.5,25445.25,139,25449.63,25408.77,0.00
2025-11-26,02:22:00,25445.75,25445.75,25440,25441.25,234,25449.42,25408.84,0.00
2025-11-26,02:23:00,25441.5,25442.5,25439.5,25440.5,144,25449.28,25408.87,0.00
2025-11-26,02:24:00,25440.5,25443.75,25440.25,25442.75,93,25449.20,25408.90,0.00
2025-11-26,02:25:00,25443.25,25447,25442.75,25444.5,186,25449.10,25408.96,0.00
2025-11-26,02:26:00,25444.75,25448.25,25444.75,25445.25,209,25449.03,25409.02,0.00
2025-11-26,02:27:00,25445.75,25446.5,25443.25,25444.25,139,25448.96,25409.06,0.00
2025-11-26,02:28:00,25444.75,25451.25,25444.75,25448.75,302,25448.94,25409.16,0.00
2025-11-26,02:29:00,25448.25,25448.5,25444.75,25447.5,198,25448.90,25409.22,0.00
2025-11-26,02:30:00,25447.5,25454.5,25447.25,25451.75,279,25448.96,25409.32,0.00
2025-11-26,02:31:00,25451.5,25463,25451.25,25458.5,1135,25457.58,25409.76,0.00
2025-11-26,02:32:00,25458.5,25462.75,25456.75,25461.75,327,25458.22,25409.90,0.00
2025-11-26,02:33:00,25463,25467.75,25460.25,25466,885,25464.67,25410.29,0.00
2025-11-26,02:34:00,25465.75,25466.5,25461.25,25463,339,25464.37,25410.44,0.00
2025-11-26,02:35:00,25463.5,25466.5,25461.75,25464.75,279,25464.36,25410.56,0.00
2025-11-26,02:36:00,25464.25,25466.25,25461.75,25463,188,25464.28,25410.64,0.00
2025-11-26,02:37:00,25462.25,25468,25460.25,25466.25,370,25464.83,25410.80,0.00
2025-11-26,02:38:00,25466.5,25467.75,25463.75,25464.25,258,25465.00,25410.91,0.00
2025-11-26,02:39:00,25464.25,25464.5,25457.5,25461,413,25463.42,25411.08,0.00
2025-11-26,02:40:00,25461.25,25464.25,25459,25463.25,208,25463.21,25411.16,0.00
2025-11-26,02:41:00,25462.75,25466.5,25462.25,25466,248,25463.49,25411.27,0.00
2025-11-26,02:42:00,25466.25,25469,25465.75,25465.75,298,25466.83,25411.40,0.00
2025-11-26,02:43:00,25465.5,25467.25,25465.25,25466.25,134,25466.65,25411.46,0.00
2025-11-26,02:44:00,25466.25,25467.25,25465.5,25466,105,25466.57,25411.50,0.00
2025-11-26,02:45:00,25465.75,25466.25,25460.5,25462.25,377,25465.10,25411.65,0.00
2025-11-26,02:46:00,25462,25466,25461.25,25464.5,238,25464.86,25411.75,0.00
2025-11-26,02:47:00,25464.25,25467.5,25464.25,25466.5,148,25465.00,25411.81,0.00
2025-11-26,02:48:00,25466.25,25468.5,25465,25467.25,161,25465.21,25411.88,0.00
2025-11-26,02:49:00,25467.75,25470.5,25466.5,25468.75,531,25468.58,25412.12,0.00
2025-11-26,02:50:00,25469.5,25471.75,25468,25471,298,25470.25,25412.25,0.00
2025-11-26,02:51:00,25471,25472,25467.75,25470.5,382,25470.08,25412.43,0.00
2025-11-26,02:52:00,25471.25,25472.25,25469.5,25469.75,148,25470.50,25412.49,0.00
2025-11-26,02:53:00,25469.75,25470.75,25468,25470.75,125,25470.19,25412.55,0.00
2025-11-26,02:54:00,25470,25473,25469,25472.5,218,25471.50,25412.65,0.00
2025-11-26,02:55:00,25472.25,25474.75,25471.25,25473.5,242,25473.17,25412.76,0.00
2025-11-26,02:56:00,25473.25,25473.75,25469.75,25472,219,25472.53,25412.86,0.00
2025-11-26,02:57:00,25471.5,25473,25470,25471.25,152,25472.26,25412.93,0.00
2025-11-26,02:58:00,25471.25,25471.75,25468.5,25469,161,25471.74,25413.00,0.00
2025-11-26,02:59:00,25468.5,25469.5,25465.5,25466,260,25470.54,25413.11,0.00
2025-11-26,03:00:00,25465.75,25466.25,25464,25464,217,25469.54,25413.19,0.00
2025-11-26,03:01:00,25464.25,25471,25464.25,25469.75,354,25469.27,25413.34,0.00
2025-11-26,03:02:00,25470,25473,25468.75,25471.25,271,25469.52,25413.46,0.00
2025-11-26,03:03:00,25471.25,25471.25,25467.25,25468.25,199,25469.46,25413.55,0.00
2025-11-26,03:04:00,25467.75,25470.25,25464.75,25465.25,183,25469.24,25413.62,0.00
2025-11-26,03:05:00,25465.5,25469.25,25465,25465.75,159,25469.08,25413.69,0.00
2025-11-26,03:06:00,25465.75,25467.75,25465.5,25466.5,149,25468.93,25413.75,0.00
2025-11-26,03:07:00,25466,25470.5,25465.25,25466,153,25468.84,25413.81,0.00
2025-11-26,03:08:00,25466,25468,25464,25465.75,115,25468.72,25413.85,0.00
2025-11-26,03:09:00,25465.5,25467.75,25464.25,25465.25,108,25468.61,25413.89,0.00
2025-11-26,03:10:00,25465,25468.75,25464,25467.5,156,25468.51,25413.96,0.00
2025-11-26,03:11:00,25468,25472.25,25467,25467.75,270,25468.55,25414.07,0.00
2025-11-26,03:12:00,25466.75,25468.25,25463.25,25465.5,166,25468.42,25414.13,0.00
2025-11-26,03:13:00,25465.75,25469,25464.5,25469,108,25468.39,25414.18,0.00
2025-11-26,03:14:00,25469.25,25470.5,25467.5,25469.5,143,25468.42,25414.24,0.00
2025-11-26,03:15:00,25469.25,25471.25,25465.25,25467.5,217,25468.40,25414.32,0.00
2025-11-26,03:16:00,25468.25,25468.5,25466,25467,107,25468.37,25414.37,0.00
2025-11-26,03:17:00,25467.5,25468,25464.25,25466.5,122,25468.30,25414.41,0.00
2025-11-26,03:18:00,25465.75,25467,25464.5,25465,77,25468.25,25414.44,0.00
2025-11-26,03:19:00,25465,25465.75,25462,25463,258,25467.99,25414.54,0.00
2025-11-26,03:20:00,25463,25465.5,25462,25463.75,134,25467.87,25414.59,0.00
2025-11-26,03:21:00,25464,25465.25,25461.75,25464.75,164,25467.74,25414.65,0.00
2025-11-26,03:22:00,25464.5,25467,25464.25,25466.25,134,25467.69,25414.70,0.00
2025-11-26,03:23:00,25466.25,25469.25,25464.25,25468.75,146,25467.68,25414.76,0.00
2025-11-26,03:24:00,25468.25,25472.25,25465.75,25471.75,287,25467.80,25414.87,0.00
2025-11-26,03:25:00,25471.75,25473.25,25468.75,25470.5,258,25467.93,25414.98,0.00
2025-11-26,03:26:00,25469.25,25469.5,25467.25,25468.75,138,25467.95,25415.04,0.00
2025-11-26,03:27:00,25468.25,25473.5,25468.25,25473.25,206,25468.07,25415.12,0.00
2025-11-26,03:28:00,25473.25,25478.25,25471.75,25474.75,823,25474.92,25415.48,0.00
2025-11-26,03:29:00,25475,25483,25474.25,25480.5,646,25479.25,25415.79,0.00
2025-11-26,03:30:00,25480.75,25482.75,25479.25,25482.5,348,25480.04,25415.95,0.00
2025-11-26,03:31:00,25482,25484,25478.75,25482,461,25481.58,25416.17,0.00
2025-11-26,03:32:00,25482,25482.5,25478.75,25482.25,342,25481.41,25416.33,0.00
2025-11-26,03:33:00,25481,25485.75,25480,25484.5,404,25483.42,25416.53,0.00
2025-11-26,03:34:00,25484.25,25485.25,25480.5,25481,269,25482.95,25416.66,0.00
2025-11-26,03:35:00,25480.75,25483.25,25478,25480.25,402,25482.03,25416.84,0.00
2025-11-26,03:36:00,25481,25487.5,25480.25,25485.5,491,25484.42,25417.08,0.00
2025-11-26,03:37:00,25485.75,25489.25,25484.25,25486.5,630,25486.67,25417.39,0.00
2025-11-26,03:38:00,25486,25486.25,25483.75,25484.25,164,25486.27,25417.47,0.00
2025-11-26,03:39:00,25484.5,25486,25481.75,25485,151,25485.95,25417.54,0.00
2025-11-26,03:40:00,25485.25,25486,25483.75,25484,92,25485.83,25417.59,0.00
2025-11-26,03:41:00,25484.5,25487.25,25483.75,25486.75,176,25485.84,25417.67,0.00
2025-11-26,03:42:00,25487.25,25488.75,25483.75,25486,304,25485.91,25417.82,0.00
2025-11-26,03:43:00,25485.75,25488.5,25485.25,25485.75,204,25485.98,25417.92,0.00
2025-11-26,03:44:00,25486.5,25486.5,25477,25478.25,559,25484.65,25418.17,0.00
2025-11-26,03:45:00,25478.25,25481.75,25476.75,25477.5,287,25483.98,25418.29,0.00
2025-11-26,03:46:00,25477.75,25479.75,25473.5,25475,365,25483.00,25418.44,0.00
2025-11-26,03:47:00,25475,25475.5,25472.25,25474,274,25482.22,25418.55,0.00
2025-11-26,03:48:00,25474.75,25477.75,25472.5,25476.25,308,25481.64,25418.67,0.00
2025-11-26,03:49:00,25475.75,25480.25,25475.25,25476.25,296,25481.29,25418.79,0.00
2025-11-26,03:50:00,25476.75,25480.25,25472.25,25473.75,387,25480.75,25418.94,0.00
2025-11-26,03:51:00,25473.5,25473.75,25468.25,25468.75,590,25479.46,25419.15,0.00
2025-11-26,03:52:00,25468.75,25472.5,25467.5,25469.25,288,25478.91,25419.25,0.00
2025-11-26,03:53:00,25469.25,25470,25465.25,25469.5,493,25477.96,25419.42,0.00
2025-11-26,03:54:00,25470,25474.25,25470,25470.75,303,25477.64,25419.53,0.00
2025-11-26,03:55:00,25471,25471,25467,25469.25,289,25477.24,25419.63,0.00
2025-11-26,03:56:00,25469.5,25471.25,25466.25,25468.25,282,25476.86,25419.72,0.00
2025-11-26,03:57:00,25467.75,25473.25,25467.75,25471.5,244,25476.64,25419.81,0.00
2025-11-26,03:58:00,25471.5,25473,25468.25,25472.25,224,25476.46,25419.89,0.00
2025-11-26,03:59:00,25472.75,25475.75,25469.5,25473.75,279,25476.33,25419.99,0.00
2025-11-26,04:00:00,25473.5,25475.5,25465.25,25465.25,322,25476.00,25420.09,0.00
2025-11-26,04:01:00,25465.25,25465.75,25450.25,25450.25,1846,25471.94,25420.53,0.00
2025-11-26,04:02:00,25450.75,25462,25449,25455.75,1082,25470.24,25420.79,0.00
2025-11-26,04:03:00,25456,25459,25453.25,25454.75,410,25469.69,25420.88,0.00
2025-11-26,04:04:00,25454.75,25457,25450,25457,430,25469.12,25420.98,0.00
2025-11-26,04:05:00,25456.25,25460,25455.25,25457.75,529,25468.61,25421.11,0.00
2025-11-26,04:06:00,25457.25,25457.25,25448,25449.5,642,25467.73,25421.23,0.00
2025-11-26,04:07:00,25449.5,25453.75,25449.25,25451,314,25467.32,25421.30,0.00
2025-11-26,04:08:00,25451,25454.75,25449,25453.25,333,25466.94,25421.36,0.00
2025-11-26,04:09:00,25453.75,25458.25,25450.75,25453,364,25466.59,25421.44,0.00
2025-11-26,04:10:00,25452,25455,25446.75,25449,427,25466.09,25421.52,0.00
2025-11-26,04:11:00,25448.75,25450.25,25440,25440,902,25464.71,25421.65,0.00
2025-11-26,04:12:00,25439.75,25456.75,25435,25456.75,1343,25463.44,25421.89,0.00
2025-11-26,04:13:00,25455.5,25460,25452.25,25458,735,25463.15,25422.06,0.00
2025-11-26,04:14:00,25458.25,25463.5,25456.75,25460,601,25463.05,25422.20,0.00
2025-11-26,04:15:00,25460.75,25464.25,25456,25460.5,418,25462.98,25422.30,0.00
2025-11-26,04:16:00,25459.75,25470.25,25459.5,25467.5,732,25463.09,25422.50,0.00
2025-11-26,04:17:00,25466.75,25468.75,25462.75,25466.5,519,25463.17,25422.65,0.00
2025-11-26,04:18:00,25466.5,25471,25465.5,25465.75,318,25463.24,25422.74,0.00
2025-11-26,04:19:00,25466.25,25468,25463.25,25465.75,257,25463.27,25422.80,0.00
2025-11-26,04:20:00,25464.75,25468.25,25463.75,25468,305,25463.32,25422.89,0.00
2025-11-26,04:21:00,25468,25472.75,25467.75,25471.25,460,25463.48,25423.03,0.00
2025-11-26,04:22:00,25471.5,25478,25470.5,25478,655,25463.86,25423.24,0.00
2025-11-26,04:23:00,25477.25,25478,25466.75,25471.5,483,25464.04,25423.39,0.00
2025-11-26,04:24:00,25472,25473.75,25468,25470.75,345,25464.15,25423.49,0.00
2025-11-26,04:25:00,25469.25,25471.75,25461.5,25463.25,671,25464.19,25423.66,0.00
2025-11-26,04:26:00,25463.75,25464.25,25457.25,25460.75,705,25464.08,25423.82,0.00
2025-11-26,04:27:00,25460.25,25460.25,25451.75,25452.25,495,25463.89,25423.92,0.00
2025-11-26,04:28:00,25452.75,25453,25446,25448.5,586,25463.54,25424.01,0.00
2025-11-26,04:29:00,25448.5,25460,25448.25,25456,709,25463.29,25424.14,0.00
2025-11-26,04:30:00,25456.5,25460.5,25453.25,25459.75,444,25463.19,25424.23,0.00
2025-11-26,04:31:00,25459.75,25463.75,25454.25,25456,665,25463.06,25424.37,0.00
2025-11-26,04:32:00,25456.25,25460.75,25452.25,25453.75,346,25462.96,25424.43,0.00
2025-11-26,04:33:00,25454.5,25461.25,25454,25457.25,414,25462.88,25424.51,0.00
2025-11-26,04:34:00,25458.75,25461.75,25452.25,25454.25,316,25462.80,25424.57,0.00
2025-11-26,04:35:00,25454.5,25457,25449,25456,367,25462.69,25424.64,0.00
2025-11-26,04:36:00,25455.5,25455.75,25448.25,25452.25,232,25462.60,25424.68,0.00
2025-11-26,04:37:00,25452.25,25453.25,25444.75,25447.25,435,25462.38,25424.74,0.00
2025-11-26,04:38:00,25448,25448.75,25441.5,25446,476,25462.10,25424.80,0.00
2025-11-26,04:39:00,25446.5,25449.25,25441.5,25442,433,25461.84,25424.85,0.00
2025-11-26,04:40:00,25442,25446.75,25442,25445,187,25461.73,25424.87,0.00
2025-11-26,04:41:00,25445.25,25448.5,25444.25,25447.5,243,25461.60,25424.90,0.00
2025-11-26,04:42:00,25447.75,25449.75,25445,25446,227,25461.49,25424.93,0.00
2025-11-26,04:43:00,25446.25,25451.75,25445.75,25445.75,273,25461.37,25424.97,0.00
2025-11-26,04:44:00,25445.5,25445.5,25439.5,25441,334,25461.16,25425.00,0.00
2025-11-26,04:45:00,25441.5,25442.25,25438,25439,396,25460.88,25425.03,0.00
2025-11-26,04:46:00,25439.5,25445,25438.5,25444.25,375,25460.66,25425.07,0.00
2025-11-26,04:47:00,25443.5,25451,25443.5,25449.5,437,25460.49,25425.13,0.00
2025-11-26,04:48:00,25449.75,25452,25446.5,25448.75,288,25460.38,25425.17,0.00
2025-11-26,04:49:00,25448.25,25448.75,25443,25446.5,208,25460.29,25425.20,0.00
2025-11-26,04:50:00,25446.75,25453,25446.5,25449.5,335,25460.18,25425.24,0.00
2025-11-26,04:51:00,25449.75,25453,25448.25,25451.5,166,25460.14,25425.27,0.00
2025-11-26,04:52:00,25451,25451.25,25444.25,25445.75,292,25460.02,25425.31,0.00
2025-11-26,04:53:00,25446.5,25450.5,25444.25,25446.25,226,25459.93,25425.33,0.00
2025-11-26,04:54:00,25446,25455,25442.25,25449,456,25459.78,25425.40,0.00
2025-11-26,04:55:00,25449.25,25450,25443.5,25448,269,25459.68,25425.43,0.00
2025-11-26,04:56:00,25447.25,25448,25441.75,25443.25,291,25459.55,25425.46,0.00
2025-11-26,04:57:00,25442.75,25446.5,25440,25441,303,25459.40,25425.49,0.00
2025-11-26,04:58:00,25442,25444.75,25435.75,25436,397,25459.17,25425.52,0.00
2025-11-26,04:59:00,25436.75,25439.25,25433.5,25434.25,524,25458.82,25425.55,0.00
2025-11-26,05:00:00,25434.5,25434.5,25424.75,25425.75,803,25458.15,25425.56,0.00
2025-11-26,05:01:00,25425.25,25428.5,25415,25416.5,2453,25455.73,25425.49,0.00
2025-11-26,05:02:00,25416.75,25422,25407.75,25419.25,1328,25454.42,25425.42,0.00
2025-11-26,05:03:00,25419.25,25428.5,25419.25,25421.25,970,25453.68,25425.41,0.00
2025-11-26,05:04:00,25421.75,25423.75,25415,25415,517,25453.24,25425.39,0.00
2025-11-26,05:05:00,25415.25,25421.25,25412.5,25417.75,539,25452.77,25425.36,0.00
2025-11-26,05:06:00,25417.5,25424,25415.5,25419.75,533,25452.36,25425.34,0.00
2025-11-26,05:07:00,25419.75,25424,25413.25,25413.75,443,25452.00,25425.32,0.00
2025-11-26,05:08:00,25414,25420.25,25413.5,25416.75,353,25451.71,25425.31,0.00
2025-11-26,05:09:00,25417,25418.5,25408.25,25410.5,639,25451.14,25425.26,0.00
2025-11-26,05:10:00,25410.5,25415,25406.75,25411.75,646,25450.56,25425.21,0.00
2025-11-26,05:11:00,25411.25,25422.5,25410.25,25421.75,609,25450.13,25425.19,0.00
2025-11-26,05:12:00,25421.25,25425,25417,25420.5,499,25449.81,25425.18,0.00
2025-11-26,05:13:00,25420.25,25423,25417.75,25422.25,268,25449.64,25425.17,0.00
2025-11-26,05:14:00,25420.75,25421,25413.25,25419.25,488,25449.31,25425.15,0.00
2025-11-26,05:15:00,25419,25421,25413.5,25415.75,342,25449.07,25425.14,0.00
2025-11-26,05:16:00,25416,25416.25,25408.75,25413.75,480,25448.71,25425.11,0.00
2025-11-26,05:17:00,25413.75,25420.25,25413.75,25419.5,442,25448.42,25425.09,0.00
2025-11-26,05:18:00,25420,25427,25419,25423.5,658,25448.08,25425.08,0.00
2025-11-26,05:19:00,25423.25,25424.75,25415.5,25418.25,368,25447.86,25425.07,0.00
2025-11-26,05:20:00,25418.25,25420.25,25411.75,25412.5,349,25447.63,25425.05,0.00
2025-11-26,05:21:00,25413.25,25415.25,25400.25,25402,1430,25446.45,25424.91,0.00
2025-11-26,05:22:00,25401.75,25402.25,25394.75,25397.5,1205,25445.33,25424.74,0.00
2025-11-26,05:23:00,25397.25,25401.75,25395.5,25401.5,620,25444.79,25424.66,0.00
2025-11-26,05:24:00,25401,25406.25,25399,25400.25,742,25444.19,25424.57,0.00
2025-11-26,05:25:00,25399.5,25399.75,25393.5,25395.25,786,25443.49,25424.45,0.00
2025-11-26,05:26:00,25394.5,25402.25,25391.75,25402.25,876,25442.77,25424.34,0.00
2025-11-26,05:27:00,25401,25408.5,25399.5,25406.5,628,25442.34,25424.28,0.00
2025-11-26,05:28:00,25405.75,25407.5,25390.75,25394.5,727,25441.76,25424.18,0.00
2025-11-26,05:29:00,25395.5,25400,25393.25,25395.5,454,25441.40,25424.11,0.00
2025-11-26,05:30:00,25395.25,25400.75,25394.5,25397.25,358,25441.12,25424.06,0.00
2025-11-26,05:31:00,25396.75,25405.75,25396.25,25402.75,500,25440.78,25424.01,0.00
2025-11-26,05:32:00,25403,25410.5,25403,25408.75,457,25440.52,25423.97,0.00
2025-11-26,05:33:00,25408.5,25413.75,25407.25,25412.25,490,25440.27,25423.94,0.00
2025-11-26,05:34:00,25412,25412.25,25404.5,25405.5,359,25440.07,25423.91,0.00
2025-11-26,05:35:00,25405.75,25408.25,25404,25405.25,227,25439.94,25423.89,0.00
2025-11-26,05:36:00,25405.75,25408.25,25400.25,25400.75,309,25439.75,25423.85,0.00
2025-11-26,05:37:00,25401.25,25408.75,25401.25,25406.75,252,25439.60,25423.83,0.00
2025-11-26,05:38:00,25407.75,25412,25406.25,25411.5,326,25439.44,25423.81,0.00
2025-11-26,05:39:00,25411.75,25414.25,25408.5,25411,321,25439.29,25423.79,0.00
2025-11-26,05:40:00,25411.75,25418.75,25411,25417.25,568,25439.07,25423.76,0.00
2025-11-26,05:41:00,25418,25418.25,25413,25416,326,25438.95,25423.75,0.00
2025-11-26,05:42:00,25416.25,25419,25415.25,25418.25,335,25438.83,25423.74,0.00
2025-11-26,05:43:00,25418.25,25421,25416.25,25420.75,352,25438.72,25423.73,0.00
2025-11-26,05:44:00,25420,25424.75,25417,25417.5,514,25438.56,25423.72,0.00
2025-11-26,05:45:00,25417.5,25417.5,25412.75,25415,435,25438.40,25423.70,0.00
2025-11-26,05:46:00,25414.75,25416,25411.75,25414.5,308,25438.28,25423.69,0.00
2025-11-26,05:47:00,25415.5,25419.75,25415.5,25417.25,345,25438.17,25423.68,0.00
2025-11-26,05:48:00,25418.25,25420.5,25417.5,25417.5,125,25438.13,25423.68,0.00
2025-11-26,05:49:00,25417.5,25417.75,25410.25,25411,397,25437.97,25423.66,0.00
2025-11-26,05:50:00,25411,25411.5,25405.25,25406.75,593,25437.70,25423.61,0.00
2025-11-26,05:51:00,25406,25409,25403.25,25407.5,470,25437.47,25423.57,0.00
2025-11-26,05:52:00,25407.75,25410.5,25394.5,25394.75,1060,25436.87,25423.45,0.00
2025-11-26,05:53:00,25395,25405.75,25392.75,25404.75,550,25436.57,25423.39,0.00
2025-11-26,05:54:00,25404.5,25408.5,25403.25,25404.25,334,25436.42,25423.36,0.00
2025-11-26,05:55:00,25404,25407.5,25402.25,25403.75,245,25436.30,25423.34,0.00
2025-11-26,05:56:00,25403.75,25408,25403.75,25404.75,186,25436.22,25423.32,0.00
2025-11-26,05:57:00,25405.5,25407.5,25403,25407,217,25436.12,25423.30,0.00
2025-11-26,05:58:00,25406.75,25406.75,25401.75,25403.75,261,25436.00,25423.28,0.00
2025-11-26,05:59:00,25402.75,25407,25401.75,25402.75,183,25435.91,25423.26,0.00
2025-11-26,06:00:00,25403,25404.75,25401.25,25402.5,86,25435.87,25423.25,0.00
2025-11-26,06:01:00,25403,25408.25,25401.75,25406.25,302,25435.73,25423.23,0.00
2025-11-26,06:02:00,25406.25,25411.75,25405.5,25410.25,431,25435.57,25423.20,0.00
2025-11-26,06:03:00,25410.5,25413,25407.25,25408.25,382,25435.42,25423.17,0.00
2025-11-26,06:04:00,25408.75,25412.25,25407.25,25410.5,180,25435.36,25423.16,0.00
2025-11-26,06:05:00,25410.75,25417.25,25410,25415,353,25435.25,25423.15,0.00
2025-11-26,06:06:00,25415.25,25415.25,25410.25,25414.25,180,25435.19,25423.14,0.00
2025-11-26,06:07:00,25414,25415.25,25411.5,25414.25,131,25435.15,25423.13,0.00
2025-11-26,06:08:00,25413.75,25418.5,25413.25,25417.5,296,25435.08,25423.12,0.00
2025-11-26,06:09:00,25417.5,25423.75,25417.5,25423.5,559,25434.97,25423.12,0.00
2025-11-26,06:10:00,25423,25432.5,25422.5,25431,1125,25434.87,25423.15,0.00
2025-11-26,06:11:00,25430.5,25440.75,25430.5,25440.25,906,25434.90,25423.21,0.00
2025-11-26,06:12:00,25440.25,25441.25,25426.5,25428,844,25434.87,25423.24,0.00
2025-11-26,06:13:00,25427.25,25431.75,25426,25428.25,364,25434.84,25423.25,0.00
2025-11-26,06:14:00,25428.25,25435.25,25424,25433,479,25434.81,25423.27,0.00
2025-11-26,06:15:00,25432.5,25437.25,25431.75,25435.75,329,25434.81,25423.29,0.00
2025-11-26,06:16:00,25435.75,25440.25,25434.75,25437.75,440,25434.83,25423.31,0.00
2025-11-26,06:17:00,25438,25439.25,25432.5,25434.5,370,25434.83,25423.34,0.00
2025-11-26,06:18:00,25434,25436.25,25434,25434.75,162,25434.83,25423.34,0.00
2025-11-26,06:19:00,25434.25,25441.75,25434,25438.25,393,25434.85,25423.37,0.00
2025-11-26,06:20:00,25438.5,25439.25,25433.5,25436,244,25434.85,25423.39,0.00
2025-11-26,06:21:00,25436.5,25440,25434,25435.5,257,25434.86,25423.40,0.00
2025-11-26,06:22:00,25435.25,25440,25434.5,25440,140,25434.86,25423.41,0.00
2025-11-26,06:23:00,25439,25440.25,25437,25437.25,194,25434.87,25423.42,0.00
2025-11-26,06:24:00,25437.75,25443,25433.5,25434.5,529,25434.88,25423.46,0.00
2025-11-26,06:25:00,25434.75,25439.5,25433.5,25436.75,288,25434.89,25423.47,0.00
2025-11-26,06:26:00,25437.5,25440.5,25437,25437.75,217,25434.90,25423.49,0.00
2025-11-26,06:27:00,25438,25441,25437,25438.5,209,25434.91,25423.50,0.00
2025-11-26,06:28:00,25438.5,25439.5,25433.75,25435.25,198,25434.91,25423.52,0.00
2025-11-26,06:29:00,25436,25436.25,25430.75,25432,347,25434.91,25423.53,0.00
2025-11-26,06:30:00,25431.5,25432.25,25426,25427,514,25434.86,25423.54,0.00
2025-11-26,06:31:00,25426.75,25427,25414.25,25416.75,921,25434.69,25423.52,0.00
2025-11-26,06:32:00,25416.75,25419.25,25412.5,25417.75,613,25434.55,25423.50,0.00
2025-11-26,06:33:00,25418,25423.75,25416.75,25423.25,475,25434.47,25423.50,0.00
2025-11-26,06:34:00,25424,25430.25,25423.25,25427,497,25434.42,25423.51,0.00
2025-11-26,06:35:00,25427.75,25431.25,25427.75,25429,231,25434.41,25423.51,0.00
2025-11-26,06:36:00,25429.75,25431,25427.25,25428,196,25434.40,25423.52,0.00
2025-11-26,06:37:00,25428.25,25431.25,25425.75,25431,210,25434.38,25423.52,0.00
2025-11-26,06:38:00,25430.5,25432.75,25428.5,25431.75,324,25434.37,25423.53,0.00
2025-11-26,06:39:00,25431.75,25433.75,25430.25,25430.5,224,25434.36,25423.54,0.00
2025-11-26,06:40:00,25432.25,25436.25,25432,25434.5,204,25434.36,25423.55,0.00
2025-11-26,06:41:00,25434.5,25442.75,25434.5,25442.75,413,25434.39,25423.58,0.00
2025-11-26,06:42:00,25442.5,25450.25,25442.5,25446,809,25434.50,25423.66,0.00
2025-11-26,06:43:00,25446.5,25450.5,25446.25,25449.75,321,25434.56,25423.70,0.00
2025-11-26,06:44:00,25449.5,25450,25437,25440,720,25434.62,25423.76,0.00
2025-11-26,06:45:00,25439.25,25440.25,25435,25436.25,410,25434.64,25423.78,0.00
2025-11-26,06:46:00,25437.25,25441,25433.5,25436.75,440,25434.65,25423.81,0.00
2025-11-26,06:47:00,25436.5,25440,25435.25,25437.25,149,25434.65,25423.82,0.00
2025-11-26,06:48:00,25437.5,25437.75,25434.25,25436.5,162,25434.66,25423.83,0.00
2025-11-26,06:49:00,25437,25442.75,25436,25439.5,227,25434.67,25423.84,0.00
2025-11-26,06:50:00,25440.5,25448.75,25440.5,25448.75,376,25434.72,25423.88,0.00
2025-11-26,06:51:00,25448.25,25449,25445,25448.25,249,25434.75,25423.91,0.00
2025-11-26,06:52:00,25448.25,25452.5,25447.5,25452.25,386,25434.82,25423.95,0.00
2025-11-26,06:53:00,25451.5,25454.25,25446.75,25454,491,25434.92,25424.01,0.00
2025-11-26,06:54:00,25453.25,25453.25,25451,25452.75,172,25434.95,25424.03,0.00
2025-11-26,06:55:00,25452.5,25456.5,25450.75,25454.5,413,25435.04,25424.09,0.00
2025-11-26,06:56:00,25455.5,25457,25452.75,25453,228,25435.09,25424.12,0.00
2025-11-26,06:57:00,25453,25454.75,25450.5,25454.75,252,25435.14,25424.15,0.00
2025-11-26,06:58:00,25455.5,25455.75,25451.25,25453,158,25435.17,25424.17,0.00
2025-11-26,06:59:00,25452.5,25452.5,25447.25,25449.25,239,25435.21,25424.20,0.00
2025-11-26,07:00:00,25449.25,25451.5,25446.25,25449.75,392,25435.27,25424.24,0.00
2025-11-26,07:01:00,25450,25452.75,25444,25446,710,25435.36,25424.31,0.00
2025-11-26,07:02:00,25446,25448.25,25443.75,25444.75,249,25435.39,25424.33,0.00
2025-11-26,07:03:00,25445.25,25447.25,25445,25446,185,25435.41,25424.35,0.00
2025-11-26,07:04:00,25446.75,25451,25444,25445.25,240,25435.44,25424.37,0.00
2025-11-26,07:05:00,25445,25449,25442.5,25448.25,247,25435.47,25424.40,0.00
2025-11-26,07:06:00,25448.25,25452.25,25445.75,25449.5,216,25435.51,25424.42,0.00
2025-11-26,07:07:00,25450,25451.75,25445.25,25451.25,432,25435.57,25424.47,0.00
2025-11-26,07:08:00,25451.25,25455.75,25445.5,25446.75,585,25435.66,25424.53,0.00
2025-11-26,07:09:00,25446,25450,25439.75,25442.5,843,25435.73,25424.60,0.00
2025-11-26,07:10:00,25442.25,25452.25,25441.75,25449.25,424,25435.79,25424.64,0.00
2025-11-26,07:11:00,25449,25452,25447.25,25450.75,202,25435.82,25424.66,0.00
2025-11-26,07:12:00,25450.75,25452,25447,25449,210,25435.85,25424.69,0.00
2025-11-26,07:13:00,25449.25,25455.5,25446,25454.25,283,25435.89,25424.72,0.00
2025-11-26,07:14:00,25453.75,25454.25,25448.25,25449.25,258,25435.93,25424.75,0.00
2025-11-26,07:15:00,25449.75,25452,25447,25450.75,294,25435.98,25424.78,0.00
2025-11-26,07:16:00,25451,25455.25,25450.75,25451,183,25436.01,25424.80,0.00
2025-11-26,07:17:00,25451.25,25452.25,25445,25447.75,300,25436.05,25424.83,0.00
2025-11-26,07:18:00,25447.75,25450.5,25445.5,25450.25,227,25436.08,25424.85,0.00
2025-11-26,07:19:00,25450,25454.25,25449,25451.25,229,25436.11,25424.88,0.00
2025-11-26,07:20:00,25452,25452.5,25447.25,25448.25,164,25436.14,25424.90,0.00
2025-11-26,07:21:00,25448,25449,25444.25,25448,276,25436.17,25424.92,0.00
2025-11-26,07:22:00,25448.25,25450.5,25447.75,25449,192,25436.19,25424.94,0.00
2025-11-26,07:23:00,25449.5,25453.25,25448.25,25452.25,261,25436.23,25424.97,0.00
2025-11-26,07:24:00,25452.5,25455.75,25452,25454.75,256,25436.28,25425.00,0.00
2025-11-26,07:25:00,25454.75,25466,25454.75,25465.25,1225,25436.60,25425.19,0.00
2025-11-26,07:26:00,25465.25,25468.5,25461,25461.75,623,25436.77,25425.29,0.00
2025-11-26,07:27:00,25461,25462.5,25455.5,25460.25,722,25436.93,25425.40,0.00
2025-11-26,07:28:00,25460,25465.5,25460,25462.75,242,25436.99,25425.43,0.00
2025-11-26,07:29:00,25463.75,25464,25458.75,25458.75,222,25437.04,25425.47,0.00
2025-11-26,07:30:00,25459,25459.5,25453.5,25458.5,382,25437.12,25425.52,0.00
2025-11-26,07:31:00,25458.5,25462.25,25457,25460.75,419,25437.21,25425.58,0.00
2025-11-26,07:32:00,25460,25460.25,25451.5,25454.25,414,25437.29,25425.63,0.00
2025-11-26,07:33:00,25453.75,25456.25,25441.25,25444.5,722,25437.36,25425.69,0.00
2025-11-26,07:34:00,25444.25,25446.25,25435.25,25445.75,1307,25437.42,25425.78,0.00
2025-11-26,07:35:00,25446,25453.5,25445.75,25450.25,548,25437.49,25425.84,0.00
2025-11-26,07:36:00,25450.75,25451.25,25441.75,25442,387,25437.51,25425.87,0.00
2025-11-26,07:37:00,25442.75,25446.5,25438,25443.75,488,25437.54,25425.90,0.00
2025-11-26,07:38:00,25444,25444.25,25437.25,25437.25,465,25437.55,25425.93,0.00
2025-11-26,07:39:00,25437.75,25438.5,25430.5,25435.75,800,25437.53,25425.95,0.00
2025-11-26,07:40:00,25435.75,25440.25,25435.25,25438,258,25437.53,25425.97,0.00
2025-11-26,07:41:00,25438.25,25446.25,25434,25445.25,559,25437.55,25426.00,0.00
2025-11-26,07:42:00,25445.25,25446.75,25436.75,25443.75,759,25437.58,25426.05,0.00
2025-11-26,07:43:00,25444.25,25445.5,25439.5,25443,437,25437.60,25426.08,0.00
2025-11-26,07:44:00,25442.75,25445.5,25441.25,25441.75,233,25437.62,25426.10,0.00
2025-11-26,07:45:00,25441.25,25449.5,25440.25,25448.25,367,25437.64,25426.13,0.00
2025-11-26,07:46:00,25447.75,25459.25,25447.75,25459,750,25437.76,25426.22,0.00
2025-11-26,07:47:00,25458.75,25461.75,25453.5,25461.5,584,25437.88,25426.29,0.00
2025-11-26,07:48:00,25461.25,25463,25452.25,25453.25,431,25437.95,25426.34,0.00
2025-11-26,07:49:00,25453.75,25454.75,25442.5,25443.75,599,25437.99,25426.39,0.00
2025-11-26,07:50:00,25444.25,25444.25,25435.25,25438.75,712,25438.00,25426.43,0.00
2025-11-26,07:51:00,25439.25,25440.25,25433.5,25435.5,669,25437.99,25426.46,0.00
2025-11-26,07:52:00,25435.75,25439.5,25430.5,25439.5,949,25437.98,25426.49,0.00
2025-11-26,07:53:00,25439.5,25441.5,25434.25,25435.75,495,25437.98,25426.51,0.00
2025-11-26,07:54:00,25435.25,25438,25433,25435.25,297,25437.97,25426.52,0.00
2025-11-26,07:55:00,25436.25,25437.75,25431,25432,410,25437.96,25426.54,0.00
2025-11-26,07:56:00,25432.75,25435.25,25429.25,25433,480,25437.93,25426.55,0.00
2025-11-26,07:57:00,25432.5,25435.5,25430.25,25433.5,295,25437.92,25426.55,0.00
2025-11-26,07:58:00,25432.75,25440.25,25432.5,25436.75,518,25437.91,25426.57,0.00
2025-11-26,07:59:00,25436.75,25439,25426.75,25432.5,838,25437.88,25426.59,0.00
2025-11-26,08:00:00,25432.5,25434,25428,25432.75,407,25437.86,25426.60,0.00
2025-11-26,08:01:00,25432.5,25438.25,25427.5,25429.75,924,25437.81,25426.62,0.00
2025-11-26,08:02:00,25430.25,25435.5,25425.75,25432.25,680,25437.77,25426.63,0.00
2025-11-26,08:03:00,25432,25432.75,25408.25,25414,1724,25437.50,25426.58,0.00
2025-11-26,08:04:00,25414.25,25415.75,25374,25409.25,6204,25435.65,25425.95,0.00
2025-11-26,08:05:00,25409.5,25411.5,25387.75,25405.25,1823,25435.17,25425.79,0.00
2025-11-26,08:06:00,25405.25,25405.25,25392.5,25396.5,1104,25434.86,25425.67,0.00
2025-11-26,08:07:00,25397,25412.75,25396,25409.75,1231,25434.59,25425.58,0.00
2025-11-26,08:08:00,25410.25,25417.5,25405.25,25406.25,1047,25434.39,25425.52,0.00
2025-11-26,08:09:00,25407,25407.25,25387.5,25390.75,1474,25433.96,25425.36,0.00
2025-11-26,08:10:00,25389.75,25398,25384,25386.5,1156,25433.58,25425.21,0.00
2025-11-26,08:11:00,25386.25,25393.25,25375.75,25391.5,1755,25432.98,25424.97,0.00
2025-11-26,08:12:00,25391.5,25400.5,25391.5,25398.75,974,25432.73,25424.87,0.00
2025-11-26,08:13:00,25399.25,25399.5,25388.75,25394,891,25432.48,25424.77,0.00
2025-11-26,08:14:00,25394,25396.25,25388.25,25394.25,489,25432.34,25424.71,0.00
2025-11-26,08:15:00,25393.75,25399.5,25384.75,25387,675,25432.14,25424.63,0.00
2025-11-26,08:16:00,25387.25,25391.5,25384,25385.25,781,25431.89,25424.52,0.00
2025-11-26,08:17:00,25385.5,25387.25,25372,25378.75,1541,25431.32,25424.28,0.00
2025-11-26,08:18:00,25379.25,25388.75,25378.5,25385,982,25431.00,25424.14,0.00
2025-11-26,08:19:00,25385,25390,25379.75,25381,694,25430.77,25424.04,0.00
2025-11-26,08:20:00,25380.25,25382.5,25376,25379,644,25430.54,25423.94,0.00
2025-11-26,08:21:00,25379,25390.5,25378,25386.75,902,25430.26,25423.81,0.00
2025-11-26,08:22:00,25386.75,25388,25379.75,25382.75,630,25430.06,25423.72,0.00
2025-11-26,08:23:00,25383.5,25385.75,25375.25,25378.25,523,25429.88,25423.64,0.00
2025-11-26,08:24:00,25378,25388,25378,25385,552,25429.70,25423.57,0.00
2025-11-26,08:25:00,25385.5,25394.75,25385.5,25391.75,877,25429.47,25423.47,0.00
2025-11-26,08:26:00,25391.25,25399.25,25391.25,25396,836,25429.28,25423.39,0.00
2025-11-26,08:27:00,25396,25397.5,25387.25,25387.5,668,25429.11,25423.31,0.00
2025-11-26,08:28:00,25387.25,25394.5,25386,25390.25,532,25428.97,25423.25,0.00
2025-11-26,08:29:00,25390.5,25397,25390.5,25396.25,367,25428.89,25423.21,0.00
2025-11-26,08:30:00,25396.5,25398.5,25391.25,25394.25,479,25428.78,25423.17,0.00
2025-11-26,08:31:00,25393.75,25394.5,25379.5,25380.5,714,25428.57,25423.07,0.00
2025-11-26,08:32:00,25381,25388,25375.75,25382.5,768,25428.34,25422.96,0.00
2025-11-26,08:33:00,25382.5,25385.25,25379,25383.75,442,25428.21,25422.90,0.00
2025-11-26,08:34:00,25383.75,25387.5,25380.5,25387.25,336,25428.11,25422.86,0.00
2025-11-26,08:35:00,25387.75,25388.25,25379.25,25380.25,480,25427.97,25422.79,0.00
2025-11-26,08:36:00,25380.25,25387.25,25380,25386,366,25427.87,25422.75,0.00
2025-11-26,08:37:00,25386,25394.5,25384.5,25391.75,571,25427.73,25422.68,0.00
2025-11-26,08:38:00,25391.75,25394.5,25387.25,25389.5,487,25427.61,25422.63,0.00
2025-11-26,08:39:00,25389,25389,25381,25383,544,25427.46,25422.56,0.00
2025-11-26,08:40:00,25382.5,25392.75,25378.25,25392.25,681,25427.29,25422.48,0.00
2025-11-26,08:41:00,25392,25397,25390.5,25396.5,856,25427.11,25422.40,0.00
2025-11-26,08:42:00,25396.25,25408.25,25395.25,25407.5,1435,25426.90,25422.31,0.00
2025-11-26,08:43:00,25407.75,25414,25401.25,25405,1228,25426.74,25422.24,0.00
2025-11-26,08:44:00,25405,25409.5,25401.5,25407,604,25426.66,25422.21,0.00
2025-11-26,08:45:00,25407,25414.25,25406.5,25407.25,626,25426.60,25422.19,0.00
2025-11-26,08:46:00,25406.5,25414.25,25406.5,25409.75,654,25426.53,25422.16,0.00
2025-11-26,08:47:00,25409.5,25420.5,25409,25420.25,814,25426.48,25422.14,0.00
2025-11-26,08:48:00,25419.75,25427.75,25414.75,25426.5,1483,25426.45,25422.15,0.00
2025-11-26,08:49:00,25427.25,25437.75,25420.75,25421.75,1948,25426.45,25422.18,0.00
2025-11-26,08:50:00,25421.5,25426.25,25421.5,25425.75,698,25426.45,25422.18,0.00
2025-11-26,08:51:00,25425.25,25431.75,25423.75,25424.5,678,25426.45,25422.19,0.00
2025-11-26,08:52:00,25425,25428,25420.75,25424.25,700,25426.44,25422.20,0.00
2025-11-26,08:53:00,25424.75,25430.25,25419,25419.75,625,25426.42,25422.20,0.00
2025-11-26,08:54:00,25419.25,25427.75,25419,25427,504,25426.42,25422.20,0.00
2025-11-26,08:55:00,25427.25,25431.5,25425.25,25426,626,25426.42,25422.21,0.00
2025-11-26,08:56:00,25425.75,25434.75,25425.25,25430,683,25426.44,25422.23,0.00
2025-11-26,08:57:00,25430.75,25432.5,25427.5,25430.75,354,25426.45,25422.24,0.00
2025-11-26,08:58:00,25431,25432.5,25426.25,25430.5,381,25426.45,25422.25,0.00
2025-11-26,08:59:00,25431.25,25433.25,25428.25,25429,439,25426.46,25422.26,0.00
2025-11-26,09:00:00,25429.25,25433.25,25426.5,25429,430,25426.47,25422.27,0.00
2025-11-26,09:01:00,25428.75,25428.75,25423.75,25426,597,25426.47,25422.28,0.00
2025-11-26,09:02:00,25425.75,25426.5,25421.5,25423,509,25426.46,25422.28,0.00
2025-11-26,09:03:00,25423,25429.25,25423,25428,443,25426.46,25422.29,0.00
2025-11-26,09:04:00,25427.75,25432.75,25424.5,25427.5,620,25426.47,25422.30,0.00
2025-11-26,09:05:00,25427.75,25428.75,25421.5,25428,486,25426.47,25422.30,0.00
2025-11-26,09:06:00,25427.5,25437.5,25424.5,25432.25,1441,25426.51,25422.35,0.00
2025-11-26,09:07:00,25432,25435,25425.5,25428,611,25426.52,25422.36,0.00
2025-11-26,09:08:00,25427.5,25444.5,25426.5,25438,1567,25426.60,25422.43,0.00
2025-11-26,09:09:00,25438,25441.5,25435.25,25435.5,792,25426.65,25422.47,0.00
2025-11-26,09:10:00,25435.25,25435.25,25428,25431.25,645,25426.67,25422.48,0.00
2025-11-26,09:11:00,25432,25436.75,25426.5,25436.75,594,25426.69,25422.50,0.00
2025-11-26,09:12:00,25436.75,25439,25432.5,25439,311,25426.71,25422.52,0.00
2025-11-26,09:13:00,25438.75,25443.25,25436.5,25440.25,545,25426.75,25422.55,0.00
2025-11-26,09:14:00,25441,25443.25,25438.25,25439.75,447,25426.78,25422.57,0.00
2025-11-26,09:15:00,25440.25,25445,25438.75,25440.75,698,25426.84,25422.61,0.00
2025-11-26,09:16:00,25440,25445,25439.75,25441.5,434,25426.87,25422.64,0.00
2025-11-26,09:17:00,25442,25447.25,25440.75,25445,753,25426.95,25422.69,0.00
2025-11-26,09:18:00,25445.25,25445.25,25439.75,25442.75,686,25427.00,25422.73,0.00
2025-11-26,09:19:00,25443.5,25448.5,25439.75,25446,563,25427.06,25422.77,0.00
2025-11-26,09:20:00,25446,25452.75,25445,25451,861,25427.16,25422.84,0.00
2025-11-26,09:21:00,25450.5,25458.25,25450.5,25456,1129,25427.33,25422.95,0.00
2025-11-26,09:22:00,25456.25,25456.5,25445,25446.75,892,25427.44,25423.03,0.00
2025-11-26,09:23:00,25447.25,25451.5,25438,25438,1189,25427.53,25423.10,0.00
2025-11-26,09:24:00,25438.25,25447.75,25435.75,25447.5,760,25427.59,25423.14,0.00
2025-11-26,09:25:00,25447.5,25451.5,25444.75,25451.5,574,25427.66,25423.19,0.00
2025-11-26,09:26:00,25451,25458.75,25447.5,25458.5,757,25427.77,25423.26,0.00
2025-11-26,09:27:00,25458.5,25462.25,25450.25,25451.75,888,25427.89,25423.35,0.00
2025-11-26,09:28:00,25452,25452.75,25446,25446.5,422,25427.94,25423.38,0.00
2025-11-26,09:29:00,25446.25,25448.75,25443.25,25448,523,25427.99,25423.41,0.00
2025-11-26,09:30:00,25448.25,25455.5,25448,25449,769,25428.08,25423.48,0.00
2025-11-26,09:31:00,25448.75,25456.75,25444,25452.5,810,25428.17,25423.54,0.00
2025-11-26,09:32:00,25453.5,25454.75,25439.5,25443.5,936,25428.26,25423.61,0.00
2025-11-26,09:33:00,25443.5,25446.75,25439,25442.25,683,25428.31,25423.65,0.00
2025-11-26,09:34:00,25442,25442,25432.25,25436.75,1279,25428.37,25423.70,0.00
2025-11-26,09:35:00,25437.75,25442.5,25426,25442,1601,25428.43,25423.76,0.00
2025-11-26,09:36:00,25442.25,25459.5,25442,25458.25,2079,25428.69,25423.94,0.00
2025-11-26,09:37:00,25458,25464.5,25450.75,25453,2126,25428.98,25424.14,0.00
2025-11-26,09:38:00,25452.75,25462,25450.5,25459.75,1025,25429.12,25424.24,0.00
2025-11-26,09:39:00,25459.25,25461.25,25451.75,25455,863,25429.23,25424.32,0.00
2025-11-26,09:40:00,25455,25455,25445.75,25447.5,1222,25429.35,25424.41,0.00
2025-11-26,09:41:00,25447.5,25457.75,25445.5,25454.5,1205,25429.49,25424.50,0.00
2025-11-26,09:42:00,25455.25,25455.5,25448.25,25450,632,25429.55,25424.55,0.00
2025-11-26,09:43:00,25449.75,25450.25,25430.25,25432.25,1901,25429.63,25424.62,0.00
2025-11-26,09:44:00,25431.5,25437.25,25426.25,25435.75,1943,25429.66,25424.67,0.00
2025-11-26,09:45:00,25435.5,25447,25426.75,25447,1617,25429.74,25424.74,0.00
2025-11-26,09:46:00,25446.75,25458,25446.75,25457.75,1838,25429.95,25424.89,0.00
2025-11-26,09:47:00,25457.5,25458.75,25450,25453.25,1289,25430.09,25425.00,0.00
2025-11-26,09:48:00,25453.75,25456,25446.5,25447,997,25430.18,25425.07,0.00
2025-11-26,09:49:00,25447.5,25449.75,25442,25446.75,1257,25430.27,25425.14,0.00
2025-11-26,09:50:00,25447.25,25451.5,25445.25,25451.5,822,25430.34,25425.20,0.00
2025-11-26,09:51:00,25451.25,25454,25446.5,25452,935,25430.43,25425.26,0.00
2025-11-26,09:52:00,25451.75,25454,25445.5,25447.5,738,25430.49,25425.31,0.00
2025-11-26,09:53:00,25447.25,25458.5,25446,25453.5,1167,25430.61,25425.40,0.00
2025-11-26,09:54:00,25453.75,25465,25452.5,25456.5,1614,25430.81,25425.55,0.00
2025-11-26,09:55:00,25456.75,25461,25453.75,25456.5,729,25430.89,25425.61,0.00
2025-11-26,09:56:00,25456.5,25464,25453.75,25456.75,1316,25431.05,25425.73,0.00
2025-11-26,09:57:00,25456.25,25464.5,25453.75,25463.25,850,25431.16,25425.81,0.00
2025-11-26,09:58:00,25463.5,25470.75,25461.75,25468.5,1717,25431.43,25426.00,0.00
2025-11-26,09:59:00,25468.25,25473.25,25467.25,25468.5,1346,25431.65,25426.16,0.00
2025-11-26,10:00:00,25469,25469,25463.75,25468.25,725,25431.76,25426.24,0.00
2025-11-26,10:01:00,25467.5,25468,25450.5,25456,2298,25432.02,25426.43,0.00
2025-11-26,10:02:00,25455.5,25464.75,25445,25447,1913,25432.19,25426.57,0.00
2025-11-26,10:03:00,25447,25447.25,25434.75,25438,2152,25432.26,25426.64,0.00
2025-11-26,10:04:00,25438,25446.25,25437,25441,1489,25432.31,25426.70,0.00
2025-11-26,10:05:00,25440.5,25447.25,25440.25,25440.75,863,25432.35,25426.74,0.00
2025-11-26,10:06:00,25440.25,25441.5,25432,25436.75,1526,25432.38,25426.78,0.00
2025-11-26,10:07:00,25437,25439.5,25433,25436.25,881,25432.39,25426.80,0.00
2025-11-26,10:08:00,25436.25,25443.75,25431.25,25443.25,1455,25432.44,25426.85,0.00
2025-11-26,10:09:00,25444,25445,25434,25436.25,1065,25432.46,25426.88,0.00
2025-11-26,10:10:00,25436.5,25437.25,25432,25436,875,25432.47,25426.90,0.00
2025-11-26,10:11:00,25436.25,25439.5,25430.25,25436.25,1134,25432.48,25426.92,0.00
2025-11-26,10:12:00,25436,25451.25,25434,25449.75,1473,25432.56,25426.99,0.00
2025-11-26,10:13:00,25449.75,25462,25448,25456.5,2202,25432.76,25427.15,0.00
2025-11-26,10:14:00,25456.75,25457.25,25444.25,25445.75,1862,25432.88,25427.26,0.00
2025-11-26,10:15:00,25445.75,25451.5,25441.5,25446.25,1110,25432.94,25427.31,0.00
2025-11-26,10:16:00,25446,25447,25441.25,25444.5,777,25432.98,25427.35,0.00
2025-11-26,10:17:00,25444.5,25447.75,25441.25,25446.75,699,25433.01,25427.38,0.00
2025-11-26,10:18:00,25447,25466.5,25446.75,25461.75,2902,25433.29,25427.60,0.00
2025-11-26,10:19:00,25462,25466,25459.75,25460.25,1183,25433.43,25427.71,0.00
2025-11-26,10:20:00,25460.5,25460.75,25453,25453.5,1250,25433.53,25427.79,0.00
2025-11-26,10:21:00,25453.25,25460.5,25452,25458.5,958,25433.62,25427.86,0.00
2025-11-26,10:22:00,25459,25464.5,25458.75,25461.25,723,25433.70,25427.92,0.00
2025-11-26,10:23:00,25461.25,25469.5,25459,25461.5,1412,25433.85,25428.05,0.00
2025-11-26,10:24:00,25461.25,25475.25,25460.75,25469.25,1366,25434.03,25428.18,0.00
2025-11-26,10:25:00,25469.25,25471,25459.75,25460.25,1392,25434.19,25428.31,0.00
2025-11-26,10:26:00,25461.25,25470.25,25461,25463.5,1459,25434.36,25428.44,0.00
2025-11-26,10:27:00,25463.75,25464.5,25457.5,25460,1062,25434.46,25428.52,0.00
2025-11-26,10:28:00,25460,25474.5,25448.25,25473.75,2429,25434.74,25428.74,0.00
2025-11-26,10:29:00,25474.25,25483.25,25472.5,25480.25,3124,25435.24,25429.12,0.00
2025-11-26,10:30:00,25480,25480,25470.5,25475.25,2053,25435.54,25429.35,0.00
2025-11-26,10:31:00,25475.25,25497.5,25461.25,25496.25,10990,25485.00,25430.78,0.00
2025-11-26,10:32:00,25495.75,25506,25478.75,25484.25,8849,25489.67,25431.98,0.00
2025-11-26,10:33:00,25484.5,25522.25,25480.75,25519,9692,25507.33,25433.62,0.00
2025-11-26,10:34:00,25519,25524.25,25498.75,25501.5,7241,25508.17,25434.81,0.00
2025-11-26,10:35:00,25501.25,25504.75,25480.25,25493.5,6076,25501.17,25435.58,0.00
2025-11-26,10:36:00,25493.75,25507.5,25489.25,25505.5,5628,25501.05,25436.37,0.00
2025-11-26,10:37:00,25505,25513.25,25492.75,25503.75,5502,25501.54,25437.16,0.00
2025-11-26,10:38:00,25503.25,25510.25,25471.75,25472.5,7319,25497.69,25437.89,0.00
2025-11-26,10:39:00,25472.5,25474.5,25442.5,25457.75,13395,25485.99,25438.44,0.00
2025-11-26,10:40:00,25458,25479.5,25449.75,25477.75,7067,25483.69,25438.88,0.00
2025-11-26,10:41:00,25477.75,25491.5,25460.75,25476.75,6897,25482.84,25439.39,0.00
2025-11-26,10:42:00,25476.75,25483.75,25462.5,25483,3606,25482.47,25439.65,0.00
2025-11-26,10:43:00,25482.25,25486.25,25446.25,25472,7186,25481.00,25440.05,0.00
2025-11-26,10:44:00,25472.25,25483.5,25462.5,25467.5,4195,25480.44,25440.30,0.00
2025-11-26,10:45:00,25467.25,25489,25461,25486.75,4219,25480.36,25440.62,0.00
2025-11-26,10:46:00,25486.5,25513.25,25486,25498.25,10437,25482.57,25441.76,0.00
2025-11-26,10:47:00,25498.5,25510,25488.5,25503,5566,25483.63,25442.37,0.00
2025-11-26,10:48:00,25503.5,25518.25,25499.75,25510.25,6452,25485.28,25443.16,0.00
2025-11-26,10:49:00,25510.5,25516.5,25498.75,25506,4364,25486.18,25443.67,0.00
2025-11-26,10:50:00,25506,25515.25,25501.5,25515.25,3835,25487.04,25444.13,0.00
2025-11-26,10:51:00,25515.25,25528.5,25506.75,25524.75,6222,25520.00,25444.97,0.00
2025-11-26,10:52:00,25525,25534.75,25504.25,25510.5,8852,25516.50,25446.09,0.00
2025-11-26,10:53:00,25510.75,25513.5,25475.5,25491.75,9597,25504.58,25446.87,0.00
2025-11-26,10:54:00,25490.75,25499.5,25481.75,25495.5,4775,25502.04,25447.24,0.00
2025-11-26,10:55:00,25495.5,25497.5,25478,25484.5,4157,25499.71,25447.52,0.00
2025-11-26,10:56:00,25484.75,25485.5,25464.75,25472.5,8172,25493.86,25447.89,0.00
2025-11-26,10:57:00,25472.5,25476,25447.25,25454,9665,25486.42,25448.07,0.00
2025-11-26,10:58:00,25453.75,25474.75,25445.5,25470.25,6801,25483.43,25448.24,0.00
2025-11-26,10:59:00,25470.75,25475.25,25434,25438.75,7287,25479.24,25448.25,0.00
2025-11-26,11:00:00,25439.5,25439.75,25409,25420.5,12288,25469.60,25447.76,0.00
2025-11-26,11:01:00,25420.75,25420.75,25388,25402,11826,25460.24,25446.95,0.00
2025-11-26,11:02:00,25402.5,25424.5,25397.75,25406,7886,25455.85,25446.50,0.00
2025-11-26,11:03:00,25406.75,25443.25,25400.5,25433.5,10727,25452.69,25446.16,0.00
2025-11-26,11:04:00,25433.75,25453.25,25431.75,25436.75,7833,25451.82,25446.10,0.00
2025-11-26,11:05:00,25437.75,25441,25418.75,25431.25,7359,25450.47,25445.92,0.00
2025-11-26,11:06:00,25431,25432.5,25406.25,25407.75,7187,25448.45,25445.61,0.00
2025-11-26,11:07:00,25407.75,25427,25403.25,25419.75,5379,25447.14,25445.38,0.00
2025-11-26,11:08:00,25420.25,25436.75,25417.5,25436.5,5521,25446.45,25445.26,0.00
2025-11-26,11:09:00,25436.75,25467.75,25436,25466.5,10062,25447.16,25445.42,0.00
2025-11-26,11:10:00,25466,25477,25457.75,25463.75,7181,25448.06,25445.63,0.00
2025-11-26,11:11:00,25463.75,25470,25444.5,25448.75,7955,25448.37,25445.73,0.00
2025-11-26,11:12:00,25449.25,25454.75,25430.75,25440.25,7923,25448.07,25445.69,0.00
2025-11-26,11:13:00,25441,25458.5,25429.25,25446.75,5154,25447.97,25445.68,0.00
2025-11-26,11:14:00,25447.5,25453.25,25427.25,25439.5,4228,25447.78,25445.65,0.00
2025-11-26,11:15:00,25439.75,25446.5,25420.25,25429.5,6135,25447.26,25445.54,0.00
2025-11-26,11:16:00,25428.75,25445,25420.5,25424.25,5538,25446.75,25445.42,0.00
2025-11-26,11:17:00,25423.5,25449.25,25413.25,25438.5,7518,25446.25,25445.31,0.00
2025-11-26,11:18:00,25437.75,25447.75,25424,25442.75,4546,25446.07,25445.26,0.00
2025-11-26,11:19:00,25443.25,25451.25,25418.25,25444.5,5959,25445.84,25445.21,0.00
2025-11-26,11:20:00,25444.25,25448.25,25429,25438.5,3327,25445.72,25445.18,0.00
2025-11-26,11:21:00,25439,25451.75,25425.25,25435.75,4460,25445.55,25445.13,0.00
2025-11-26,11:22:00,25435.5,25438,25415.25,25425,4737,25445.14,25445.02,0.00
2025-11-26,11:23:00,25425.75,25436,25410.5,25411.75,5554,25444.50,25444.84,0.00
2025-11-26,11:24:00,25411.25,25431.25,25404.75,25416.25,5521,25443.86,25444.65,0.00
2025-11-26,11:25:00,25415.75,25424,25400,25401.75,5245,25443.07,25444.41,0.00
2025-11-26,11:26:00,25401.75,25423.75,25395.5,25411,7011,25442.12,25444.11,0.00
2025-11-26,11:27:00,25411,25452.5,25404.75,25451.25,7912,25441.93,25444.03,0.00
2025-11-26,11:28:00,25451.5,25463.75,25443,25455.25,7469,25442.28,25444.12,0.00
2025-11-26,11:29:00,25455.75,25455.75,25439,25451.25,4714,25442.40,25444.15,0.00
2025-11-26,11:30:00,25450.75,25456.25,25437.25,25444.25,3849,25442.45,25444.16,0.00
2025-11-26,11:31:00,25444.25,25458,25444.25,25452,3763,25442.57,25444.19,0.00
2025-11-26,11:32:00,25452,25458,25447.25,25456.75,2465,25442.68,25444.22,0.00
2025-11-26,11:33:00,25456.25,25467.5,25454.25,25461.5,4830,25442.99,25444.32,0.00
2025-11-26,11:34:00,25461.75,25465.25,25450,25463.75,3075,25443.18,25444.37,0.00
2025-11-26,11:35:00,25463.75,25479.25,25463.5,25475,6166,25443.81,25444.58,0.00
2025-11-26,11:36:00,25475,25494.25,25473.75,25483.25,6858,25444.74,25444.89,0.00
2025-11-26,11:37:00,25483,25492.5,25482.25,25486.5,3657,25445.26,25445.07,0.00
2025-11-26,11:38:00,25486.5,25493.5,25470.75,25487,5294,25445.93,25445.31,0.00
2025-11-26,11:39:00,25487,25494,25484.25,25491.25,3239,25446.39,25445.48,0.00
2025-11-26,11:40:00,25492,25502,25491.25,25499,4488,25447.13,25445.74,0.00
2025-11-26,11:41:00,25498.75,25504.75,25491.75,25496.5,4449,25447.84,25446.01,0.00
2025-11-26,11:42:00,25496.25,25498.25,25477,25483.75,5802,25448.54,25446.27,0.00
2025-11-26,11:43:00,25483.5,25484,25463.75,25475.5,6322,25449.04,25446.47,0.00
2025-11-26,11:44:00,25475.75,25486.75,25465.75,25479,3173,25449.30,25446.58,0.00
2025-11-26,11:45:00,25479.5,25487.75,25474,25477.75,2570,25449.54,25446.68,0.00
2025-11-26,11:46:00,25478.5,25481.5,25461.75,25475,4704,25449.86,25446.81,0.00
2025-11-26,11:47:00,25475.75,25476,25462,25462.25,2997,25450.01,25446.88,0.00
2025-11-26,11:48:00,25462.25,25465.75,25446,25464.5,6586,25450.18,25446.97,0.00
2025-11-26,11:49:00,25464.5,25476.25,25459,25471.25,3991,25450.39,25447.06,0.00
2025-11-26,11:50:00,25471,25480.5,25469.25,25475.75,2708,25450.58,25447.14,0.00
2025-11-26,11:51:00,25476,25485.25,25463,25483.75,4098,25450.88,25447.28,0.00
2025-11-26,11:52:00,25483.75,25488.5,25479.5,25487.75,2564,25451.13,25447.39,0.00
2025-11-26,11:53:00,25487.75,25492.25,25479.25,25488.5,3270,25451.45,25447.52,0.00
2025-11-26,11:54:00,25488.75,25494.75,25477.5,25491.25,3015,25451.75,25447.66,0.00
2025-11-26,11:55:00,25491,25500,25487.25,25496.75,2640,25452.05,25447.79,0.00
2025-11-26,11:56:00,25497.25,25503.25,25494.5,25495.5,2726,25452.39,25447.93,0.00
2025-11-26,11:57:00,25496,25496.75,25479.25,25492.25,4740,25452.85,25448.14,0.00
2025-11-26,11:58:00,25491.75,25509.5,25491.5,25506,4694,25453.46,25448.41,0.00
2025-11-26,11:59:00,25506.25,25513.25,25504.25,25512.5,2384,25453.81,25448.57,0.00
2025-11-26,12:00:00,25512,25524.75,25511.75,25521.25,5390,25454.71,25448.97,0.00
2025-11-26,12:01:00,25521.25,25531.75,25521.25,25528.25,4947,25455.62,25449.38,0.00
2025-11-26,12:02:00,25528,25531.75,25519.5,25521.75,3297,25456.19,25449.63,0.00
2025-11-26,12:03:00,25521.25,25541.25,25516.75,25534.75,6347,25530.92,25450.17,0.00
2025-11-26,12:04:00,25535,25539,25528.75,25532.75,3384,25531.82,25450.46,0.00
2025-11-26,12:05:00,25533.25,25546.75,25531.25,25544.75,4590,25540.92,25450.89,0.00
2025-11-26,12:06:00,25545.25,25551.25,25542.75,25548.5,4273,25547.50,25451.31,0.00
2025-11-26,12:07:00,25548.75,25555,25548.5,25553.25,4711,25552.25,25451.79,0.00
2025-11-26,12:08:00,25553.5,25556.75,25546.5,25551.5,3296,25551.58,25452.13,0.00
2025-11-26,12:09:00,25552,25559.25,25551.25,25558.25,2642,25556.25,25452.41,0.00
2025-11-26,12:10:00,25557.75,25560,25548,25551,2870,25553.00,25452.70,0.00
2025-11-26,12:11:00,25551,25555.5,25547.5,25553.5,2451,25552.62,25452.94,0.00
2025-11-26,12:12:00,25553.5,25557.25,25549.75,25551.25,1506,25552.65,25453.09,0.00
2025-11-26,12:13:00,25551.5,25553,25540.25,25545.5,3460,25550.49,25453.42,0.00
2025-11-26,12:14:00,25545.75,25552.25,25542,25550.75,2511,25550.07,25453.65,0.00
2025-11-26,12:15:00,25550.75,25552.5,25542.5,25546,1947,25549.67,25453.84,0.00
2025-11-26,12:16:00,25546.25,25559,25546,25558,3381,25550.54,25454.17,0.00
2025-11-26,12:17:00,25558,25559,25549.75,25554.5,2133,25550.94,25454.39,0.00
2025-11-26,12:18:00,25554.75,25556.75,25542.75,25554.25,2870,25550.98,25454.66,0.00
2025-11-26,12:19:00,25554.75,25565.25,25554.75,25561,4165,25560.33,25455.09,0.00
2025-11-26,12:20:00,25561.5,25565,25558.5,25561.25,2287,25560.78,25455.33,0.00
2025-11-26,12:21:00,25561.5,25574.75,25560.75,25572,5105,25569.17,25455.90,0.00
2025-11-26,12:22:00,25572.5,25580.5,25571.5,25579.75,3564,25577.25,25456.32,0.00
2025-11-26,12:23:00,25580,25584.25,25575.25,25578,3940,25579.17,25456.79,0.00
2025-11-26,12:24:00,25577.75,25581.25,25573,25578,2746,25578.45,25457.11,0.00
2025-11-26,12:25:00,25578.25,25585.5,25577.75,25583.5,2527,25582.25,25457.42,0.00
2025-11-26,12:26:00,25583.5,25586,25576.5,25582,2633,25581.50,25457.74,0.00
2025-11-26,12:27:00,25582.5,25590,25579.75,25589.5,3320,25586.42,25458.15,0.00
2025-11-26,12:28:00,25589.5,25591.75,25585.25,25588.75,2417,25588.58,25458.45,0.00
2025-11-26,12:29:00,25589,25591,25584.25,25585.25,2248,25587.74,25458.72,0.00
2025-11-26,12:30:00,25585.25,25586.25,25573.25,25576.5,3692,25583.73,25459.15,0.00
2025-11-26,12:31:00,25576.5,25584,25559.5,25571,5476,25578.89,25459.73,0.00
2025-11-26,12:32:00,25571,25583.5,25570,25582,2534,25578.83,25460.01,0.00
2025-11-26,12:33:00,25582.25,25587,25578.75,25586.5,1986,25579.40,25460.25,0.00
2025-11-26,12:34:00,25586.75,25589,25582.25,25583.75,1809,25579.90,25460.46,0.00
2025-11-26,12:35:00,25583.75,25589.25,25582.25,25588.5,1043,25580.23,25460.58,0.00
2025-11-26,12:36:00,25588,25596.25,25587.75,25595.5,4178,25593.17,25461.10,0.00
2025-11-26,12:37:00,25595.75,25604.25,25595,25601.25,4734,25600.17,25461.72,0.00
2025-11-26,12:38:00,25601.5,25601.75,25596,25599,1857,25599.81,25461.95,0.00
2025-11-26,12:39:00,25599,25604,25593.75,25603.5,2980,25600.00,25462.34,0.00
2025-11-26,12:40:00,25603.5,25607,25600.75,25605,2307,25604.25,25462.64,0.00
2025-11-26,12:41:00,25605.5,25614.5,25604,25610.5,4633,25609.67,25463.27,0.00
2025-11-26,12:42:00,25611,25621.5,25609,25618.25,3713,25616.25,25463.79,0.00
2025-11-26,12:43:00,25618,25625.25,25616.25,25623,3874,25621.50,25464.35,0.00
2025-11-26,12:44:00,25622.75,25628.75,25622.5,25624.75,2601,25625.33,25464.74,0.00
2025-11-26,12:45:00,25624.5,25624.75,25616,25617.25,3317,25621.97,25465.20,0.00
2025-11-26,12:46:00,25617.5,25620.75,25613.75,25616.5,2254,25620.60,25465.52,0.00
2025-11-26,12:47:00,25617,25617.5,25604,25609,4001,25617.17,25466.04,0.00
2025-11-26,12:48:00,25609.5,25610,25599.5,25602.5,3003,25614.56,25466.42,0.00
2025-11-26,12:49:00,25604,25606,25598,25599.75,1964,25613.04,25466.65,0.00
2025-11-26,12:50:00,25599.75,25604,25594.25,25600,2411,25611.36,25466.94,0.00
2025-11-26,12:51:00,25600.25,25601.75,25587.5,25595.75,4352,25608.38,25467.44,0.00
2025-11-26,12:52:00,25595.25,25600.25,25592.25,25598.5,1851,25607.56,25467.66,0.00
2025-11-26,12:53:00,25598,25610.75,25597.5,25607,3778,25607.25,25468.12,0.00
2025-11-26,12:54:00,25607.25,25608.5,25601,25604.5,1625,25607.11,25468.32,0.00
2025-11-26,12:55:00,25604.75,25607.25,25600.75,25603.75,1257,25606.99,25468.47,0.00
2025-11-26,12:56:00,25603.75,25613.25,25601,25613,2304,25607.13,25468.76,0.00
2025-11-26,12:57:00,25613,25617.25,25609,25612.5,2820,25607.56,25469.12,0.00
2025-11-26,12:58:00,25612.5,25616.75,25607.5,25609.25,1755,25607.72,25469.34,0.00
2025-11-26,12:59:00,25609.5,25611.75,25606,25607,1488,25607.74,25469.52,0.00
2025-11-26,13:00:00,25607,25610.25,25601.75,25608,1794,25607.70,25469.74,0.00
2025-11-26,13:01:00,25608.25,25614.75,25607,25610.75,1962,25607.83,25469.98,0.00
2025-11-26,13:02:00,25610.25,25613.75,25608.5,25609.5,910,25607.89,25470.10,0.00
2025-11-26,13:03:00,25609.25,25609.5,25603.25,25607,1303,25607.85,25470.25,0.00
2025-11-26,13:04:00,25607.25,25610.25,25603.75,25604.5,1202,25607.81,25470.40,0.00
2025-11-26,13:05:00,25604.5,25606,25580,25590.75,5419,25606.23,25470.97,0.00
2025-11-26,13:06:00,25590.75,25600.25,25587.75,25599.25,2573,25605.75,25471.25,0.00
2025-11-26,13:07:00,25599.5,25605.25,25593,25593.75,2470,25605.39,25471.52,0.00
2025-11-26,13:08:00,25594.5,25597.5,25587.75,25589.5,2032,25604.93,25471.74,0.00
2025-11-26,13:09:00,25590,25591.5,25567.25,25574.75,6080,25602.45,25472.29,0.00
2025-11-26,13:10:00,25575,25588.25,25569,25578.5,4007,25601.10,25472.66,0.00
2025-11-26,13:11:00,25579,25594,25578.5,25594,2452,25600.68,25472.91,0.00
2025-11-26,13:12:00,25594.25,25595,25581.5,25584.75,1978,25600.33,25473.10,0.00
2025-11-26,13:13:00,25585,25591.75,25581,25583.5,1434,25600.05,25473.24,0.00
2025-11-26,13:14:00,25583.5,25584.25,25575.5,25577.75,2006,25599.51,25473.42,0.00
2025-11-26,13:15:00,25577.5,25580.75,25574.75,25579.5,1388,25599.14,25473.54,0.00
2025-11-26,13:16:00,25579.5,25580.25,25566.75,25575.25,3049,25598.22,25473.80,0.00
2025-11-26,13:17:00,25575.75,25588.75,25575.75,25585.5,2857,25597.72,25474.07,0.00
2025-11-26,13:18:00,25585.5,25589.5,25577,25577.75,1754,25597.40,25474.23,0.00
2025-11-26,13:19:00,25578,25582.5,25568.75,25574.25,2214,25596.85,25474.42,0.00
2025-11-26,13:20:00,25574.5,25575.25,25567.25,25571.25,1542,25596.42,25474.55,0.00
2025-11-26,13:21:00,25571,25581.75,25566.25,25576.75,2327,25595.88,25474.74,0.00
2025-11-26,13:22:00,25576.5,25589.25,25575.75,25587.75,2279,25595.60,25474.95,0.00
2025-11-26,13:23:00,25587.5,25589,25575.75,25578.25,1791,25595.34,25475.11,0.00
2025-11-26,13:24:00,25578.25,25590.25,25578,25587.5,1932,25595.14,25475.29,0.00
2025-11-26,13:25:00,25587,25600,25584.5,25595.75,3540,25595.08,25475.64,0.00
2025-11-26,13:26:00,25595.5,25596.25,25586.25,25592.25,2219,25595.01,25475.86,0.00
2025-11-26,13:27:00,25592.75,25594.25,25586.75,25590,1431,25594.94,25475.99,0.00
2025-11-26,13:28:00,25590.25,25592.25,25583.25,25583.5,1539,25594.82,25476.14,0.00
2025-11-26,13:29:00,25584.25,25592.75,25582.5,25590.5,1436,25594.74,25476.27,0.00
2025-11-26,13:30:00,25590.5,25593,25584.75,25591.5,1047,25594.69,25476.37,0.00
2025-11-26,13:31:00,25592.25,25604,25591,25601,3044,25594.80,25476.68,0.00
2025-11-26,13:32:00,25600.75,25604,25597,25597.5,1622,25594.87,25476.84,0.00
2025-11-26,13:33:00,25597.75,25599.5,25591,25598.75,1714,25594.89,25477.01,0.00
2025-11-26,13:34:00,25598.5,25604,25598.25,25602,1411,25594.97,25477.16,0.00
2025-11-26,13:35:00,25602,25603,25599,25601.25,735,25595.00,25477.23,0.00
2025-11-26,13:36:00,25601.5,25605.75,25600.25,25602,1502,25595.10,25477.39,0.00
2025-11-26,13:37:00,25601.5,25603,25594.25,25600.5,1665,25595.16,25477.56,0.00
2025-11-26,13:38:00,25600.75,25602.25,25595,25595.5,1059,25595.18,25477.66,0.00
2025-11-26,13:39:00,25595.25,25597.75,25586.75,25591.25,2682,25595.11,25477.91,0.00
2025-11-26,13:40:00,25591,25598.75,25590.5,25596.25,1565,25595.11,25478.06,0.00
2025-11-26,13:41:00,25596.75,25605,25595,25599.25,2260,25595.19,25478.29,0.00
2025-11-26,13:42:00,25599.25,25605,25593.25,25603.5,1872,25595.27,25478.48,0.00
2025-11-26,13:43:00,25603.75,25607.5,25601.75,25603,1565,25595.37,25478.64,0.00
2025-11-26,13:44:00,25602.75,25610.25,25602.25,25609.25,1545,25595.50,25478.80,0.00
2025-11-26,13:45:00,25609.25,25622.5,25609.25,25620,3045,25595.98,25479.14,0.00
2025-11-26,13:46:00,25619.75,25620.5,25615.75,25616.75,1529,25596.22,25479.31,0.00
2025-11-26,13:47:00,25617,25621.5,25615.25,25621,1170,25596.41,25479.45,0.00
2025-11-26,13:48:00,25620.75,25623,25614.75,25615.5,1267,25596.60,25479.59,0.00
2025-11-26,13:49:00,25616,25619,25608.5,25609.75,2431,25596.87,25479.85,0.00
2025-11-26,13:50:00,25609.5,25609.5,25599,25600.25,2506,25596.97,25480.10,0.00
2025-11-26,13:51:00,25600,25600.5,25589.75,25597.75,3128,25596.95,25480.39,0.00
2025-11-26,13:52:00,25597.5,25605.25,25594,25602.5,1741,25596.99,25480.56,0.00
2025-11-26,13:53:00,25602.75,25605,25595.5,25598.25,1364,25597.02,25480.69,0.00
2025-11-26,13:54:00,25597.5,25599.5,25593.5,25595.75,1241,25597.01,25480.81,0.00
2025-11-26,13:55:00,25596,25598.25,25592.75,25593.5,1140,25597.00,25480.91,0.00
2025-11-26,13:56:00,25594.25,25596.25,25585.5,25593.5,2550,25596.91,25481.14,0.00
2025-11-26,13:57:00,25594.25,25604.25,25593.25,25601,1873,25596.94,25481.32,0.00
2025-11-26,13:58:00,25601.5,25605.25,25597.5,25599.5,1240,25596.97,25481.43,0.00
2025-11-26,13:59:00,25599.75,25600.5,25593.5,25594.5,1315,25596.96,25481.55,0.00
2025-11-26,14:00:00,25594.75,25595,25587,25591.75,1971,25596.90,25481.73,0.00
2025-11-26,14:01:00,25592,25597.5,25590.25,25595.25,1344,25596.87,25481.85,0.00
2025-11-26,14:02:00,25596,25605.75,25591.75,25603.25,1933,25596.91,25482.03,0.00
2025-11-26,14:03:00,25603.25,25610.25,25602,25608,1695,25597.01,25482.20,0.00
2025-11-26,14:04:00,25607.25,25609.5,25603.5,25603.75,1119,25597.07,25482.31,0.00
2025-11-26,14:05:00,25604.25,25607,25601.5,25603,917,25597.10,25482.39,0.00
2025-11-26,14:06:00,25603,25605,25598.5,25599.25,1164,25597.13,25482.50,0.00
2025-11-26,14:07:00,25600,25600.75,25595.5,25597.5,1091,25597.13,25482.60,0.00
2025-11-26,14:08:00,25597.5,25599.5,25594,25598.25,1027,25597.14,25482.70,0.00
2025-11-26,14:09:00,25598.25,25607.25,25598.25,25604.5,1361,25597.18,25482.83,0.00
2025-11-26,14:10:00,25604.25,25606.5,25534.5,25563.25,16133,25594.74,25483.90,0.00
2025-11-26,14:11:00,25564.5,25581.75,25558.5,25571.5,4898,25594.14,25484.23,0.00
2025-11-26,14:12:00,25572,25576.75,25550.5,25570.25,5237,25593.41,25484.56,0.00
2025-11-26,14:13:00,25570,25581,25562.25,25574.75,3632,25593.04,25484.80,0.00
2025-11-26,14:14:00,25575.25,25578.25,25562.75,25575.75,2435,25592.80,25484.97,0.00
2025-11-26,14:15:00,25576,25590.75,25572,25583.75,4142,25592.59,25485.28,0.00
2025-11-26,14:16:00,25583.75,25593,25582,25582.75,2651,25592.51,25485.48,0.00
2025-11-26,14:17:00,25582.75,25583.25,25570.25,25576.25,3154,25592.28,25485.70,0.00
2025-11-26,14:18:00,25576,25578.25,25570,25571.5,2020,25592.11,25485.84,0.00
2025-11-26,14:19:00,25571.5,25576,25567,25568.75,2076,25591.91,25485.97,0.00
2025-11-26,14:20:00,25569.5,25573.25,25564.25,25571.5,1965,25591.71,25486.10,0.00
2025-11-26,14:21:00,25571.75,25573.5,25556.75,25558.25,2888,25591.34,25486.26,0.00
2025-11-26,14:22:00,25558.25,25585.5,25558.25,25584,3634,25591.10,25486.51,0.00
2025-11-26,14:23:00,25584.25,25597.75,25581.25,25597,3991,25591.12,25486.83,0.00
2025-11-26,14:24:00,25597,25606.75,25594.5,25598.25,3741,25591.25,25487.15,0.00
2025-11-26,14:25:00,25598,25598.5,25585.75,25593.75,3128,25591.27,25487.39,0.00
2025-11-26,14:26:00,25593.75,25604.5,25588.5,25601,1822,25591.32,25487.54,0.00
2025-11-26,14:27:00,25600.5,25610,25600.5,25609,2091,25591.45,25487.73,0.00
2025-11-26,14:28:00,25609.5,25614.25,25606.75,25608,2361,25591.62,25487.95,0.00
2025-11-26,14:29:00,25607.5,25610.75,25602.5,25604.5,1571,25591.71,25488.08,0.00
2025-11-26,14:30:00,25604.5,25606.25,25598.5,25600.75,1529,25591.78,25488.21,0.00
2025-11-26,14:31:00,25601,25602.25,25589.5,25594.25,2593,25591.81,25488.42,0.00
2025-11-26,14:32:00,25594,25594,25582,25582.75,2510,25591.76,25488.60,0.00
2025-11-26,14:33:00,25583,25584.75,25570.5,25571.75,3445,25591.54,25488.82,0.00
2025-11-26,14:34:00,25571.75,25573.25,25561.75,25569,2750,25591.30,25488.99,0.00
2025-11-26,14:35:00,25569,25570.5,25561.25,25561.75,2004,25591.10,25489.10,0.00
2025-11-26,14:36:00,25561.75,25569.25,25557.5,25561,2790,25590.80,25489.25,0.00
2025-11-26,14:37:00,25561,25568.5,25558,25561.5,1811,25590.61,25489.35,0.00
2025-11-26,14:38:00,25561.5,25561.75,25550.75,25555.5,3282,25590.19,25489.51,0.00
2025-11-26,14:39:00,25555.5,25569.25,25550.25,25567.75,2974,25589.89,25489.67,0.00
2025-11-26,14:40:00,25567.75,25575.75,25562.75,25568.5,2748,25589.69,25489.82,0.00
2025-11-26,14:41:00,25568.5,25569.75,25556.75,25560.25,1971,25589.49,25489.93,0.00
2025-11-26,14:42:00,25560.5,25570,25556.75,25569,1562,25589.36,25490.01,0.00
2025-11-26,14:43:00,25569.5,25572.5,25563.5,25563.5,1369,25589.25,25490.09,0.00
2025-11-26,14:44:00,25563.75,25566.5,25557.25,25558.25,1481,25589.10,25490.17,0.00
2025-11-26,14:45:00,25558,25559.25,25545,25546,3202,25588.66,25490.31,0.00
2025-11-26,14:46:00,25545.5,25551,25539.5,25543.25,3100,25588.19,25490.43,0.00
2025-11-26,14:47:00,25542.75,25559.5,25542.5,25554,2869,25587.84,25490.56,0.00
2025-11-26,14:48:00,25554,25561,25551.75,25560.5,1825,25587.66,25490.64,0.00
2025-11-26,14:49:00,25560,25572.5,25558,25571,2833,25587.46,25490.80,0.00
2025-11-26,14:50:00,25571.25,25577.25,25566.75,25575.25,2368,25587.35,25490.94,0.00
2025-11-26,14:51:00,25575,25584,25572.5,25576,3285,25587.24,25491.14,0.00
2025-11-26,14:52:00,25576.25,25578.75,25570,25571,1593,25587.17,25491.24,0.00
2025-11-26,14:53:00,25571,25571,25561.5,25562.5,2553,25586.98,25491.37,0.00
2025-11-26,14:54:00,25561.75,25568.75,25555.75,25563.25,2450,25586.79,25491.50,0.00
2025-11-26,14:55:00,25563,25571.5,25562,25562.25,1302,25586.70,25491.57,0.00
2025-11-26,14:56:00,25562.25,25562.5,25550.25,25552.75,2883,25586.41,25491.70,0.00
2025-11-26,14:57:00,25553,25556.75,25548.5,25555.25,1798,25586.23,25491.77,0.00
2025-11-26,14:58:00,25556,25568,25555.5,25567.25,2398,25586.06,25491.90,0.00
2025-11-26,14:59:00,25567.25,25575.25,25563.75,25567.25,2065,25585.94,25492.01,0.00
2025-11-26,15:00:00,25567.5,25571,25566,25570.25,812,25585.90,25492.05,0.00
2025-11-26,15:01:00,25569.75,25579.25,25564.25,25578.75,2185,25585.82,25492.18,0.00
2025-11-26,15:02:00,25579.25,25591.5,25579,25588,3270,25585.83,25492.40,0.00
2025-11-26,15:03:00,25587.75,25592.5,25578.75,25583,2629,25585.82,25492.57,0.00
2025-11-26,15:04:00,25583.25,25591.5,25580.5,25582.75,2189,25585.81,25492.71,0.00
2025-11-26,15:05:00,25582.5,25583.5,25560.25,25560.25,3421,25585.63,25492.89,0.00
2025-11-26,15:06:00,25560.25,25567,25557.75,25563.25,2069,25585.49,25492.99,0.00
2025-11-26,15:07:00,25563,25566.5,25554.5,25556,2279,25585.31,25493.10,0.00
2025-11-26,15:08:00,25555.5,25571.25,25553.25,25569,2323,25585.17,25493.21,0.00
2025-11-26,15:09:00,25569.25,25570.25,25555.75,25558,1543,25585.06,25493.29,0.00
2025-11-26,15:10:00,25558,25565.25,25553.75,25563.75,1238,25584.98,25493.34,0.00
2025-11-26,15:11:00,25564.25,25566.5,25555,25559.75,1072,25584.90,25493.39,0.00
2025-11-26,15:12:00,25560,25563.25,25550.5,25562,1819,25584.76,25493.48,0.00
2025-11-26,15:13:00,25562.5,25578.75,25562.5,25575.75,2727,25584.67,25493.63,0.00
2025-11-26,15:14:00,25576,25580.75,25572,25578.25,1335,25584.64,25493.70,0.00
2025-11-26,15:15:00,25578.75,25586.5,25578.5,25582.75,1795,25584.63,25493.81,0.00
2025-11-26,15:16:00,25581.25,25585.75,25578.5,25584,1428,25584.62,25493.90,0.00
2025-11-26,15:17:00,25584,25584.25,25575.75,25581.75,1060,25584.61,25493.96,0.00
2025-11-26,15:18:00,25581.75,25589,25579.75,25587.25,1540,25584.61,25494.06,0.00
2025-11-26,15:19:00,25588,25590.75,25581,25587.25,1348,25584.62,25494.15,0.00
2025-11-26,15:20:00,25587.5,25593,25586.25,25587.25,1558,25584.64,25494.25,0.00
2025-11-26,15:21:00,25587,25595.5,25581,25582,2011,25584.64,25494.38,0.00
2025-11-26,15:22:00,25581.75,25590.25,25577.5,25586.5,1796,25584.64,25494.49,0.00
2025-11-26,15:23:00,25586.5,25590,25584.5,25587.5,781,25584.65,25494.54,0.00
2025-11-26,15:24:00,25587.5,25598.25,25586.75,25593.25,2035,25584.69,25494.68,0.00
2025-11-26,15:25:00,25593.25,25595.75,25588.25,25593.25,1161,25584.72,25494.75,0.00
2025-11-26,15:26:00,25593,25597,25591.5,25592.25,985,25584.74,25494.82,0.00
2025-11-26,15:27:00,25592.5,25599.75,25589.75,25596,1394,25584.78,25494.92,0.00
2025-11-26,15:28:00,25595.5,25600,25593.5,25597.25,1087,25584.82,25494.99,0.00
2025-11-26,15:29:00,25597.5,25599.25,25594.25,25598,724,25584.84,25495.04,0.00
2025-11-26,15:30:00,25597.5,25600.75,25596.5,25597.75,923,25584.87,25495.11,0.00
2025-11-26,15:31:00,25598.75,25605,25597,25602.5,1687,25584.95,25495.23,0.00
2025-11-26,15:32:00,25602.25,25608.5,25601.5,25606.5,1707,25585.04,25495.36,0.00
2025-11-26,15:33:00,25606.75,25608,25601,25604,1247,25585.11,25495.45,0.00
2025-11-26,15:34:00,25604.5,25607,25600.5,25600.75,1228,25585.16,25495.54,0.00
2025-11-26,15:35:00,25600.5,25601.25,25592.75,25592.75,2170,25585.22,25495.69,0.00
2025-11-26,15:36:00,25593,25593,25567.25,25577,4996,25585.14,25495.97,0.00
2025-11-26,15:37:00,25576.75,25591.25,25575,25587,2428,25585.14,25496.11,0.00
2025-11-26,15:38:00,25587,25588,25580.5,25582.75,1242,25585.13,25496.19,0.00
2025-11-26,15:39:00,25582.5,25588.75,25580.75,25581,1272,25585.13,25496.26,0.00
2025-11-26,15:40:00,25580.75,25583.75,25575.25,25576.5,1347,25585.11,25496.34,0.00
2025-11-26,15:41:00,25576.25,25576.5,25569,25570.5,1909,25585.04,25496.43,0.00
2025-11-26,15:42:00,25571,25585.25,25565,25576.5,3813,25584.95,25496.64,0.00
2025-11-26,15:43:00,25577.25,25588.25,25575.75,25582.5,1887,25584.94,25496.75,0.00
2025-11-26,15:44:00,25581.75,25584,25571.75,25571.75,1255,25584.91,25496.81,0.00
2025-11-26,15:45:00,25571.5,25576.75,25570.25,25573.5,1382,25584.87,25496.88,0.00
2025-11-26,15:46:00,25574,25585.5,25572.5,25584.5,1419,25584.86,25496.96,0.00
2025-11-26,15:47:00,25584.75,25588.25,25581.75,25582.25,1292,25584.85,25497.04,0.00
2025-11-26,15:48:00,25582.25,25583.25,25576.5,25577,777,25584.84,25497.08,0.00
2025-11-26,15:49:00,25576.5,25577.5,25570.25,25571,1326,25584.80,25497.15,0.00
2025-11-26,15:50:00,25570.25,25571.5,25566.25,25566.25,1423,25584.75,25497.21,0.00
2025-11-26,15:51:00,25566.25,25580.25,25561,25573.25,2471,25584.67,25497.34,0.00
2025-11-26,15:52:00,25573.5,25574.25,25566,25570.5,1407,25584.62,25497.41,0.00
2025-11-26,15:53:00,25570.5,25577.75,25569.75,25575.5,916,25584.60,25497.45,0.00
2025-11-26,15:54:00,25575.5,25579.5,25573.25,25578,984,25584.58,25497.50,0.00
2025-11-26,15:55:00,25577.75,25586,25577.75,25580.5,1920,25584.56,25497.61,0.00
2025-11-26,15:56:00,25580.25,25580.5,25571.25,25579.5,1616,25584.53,25497.70,0.00
2025-11-26,15:57:00,25579.5,25579.5,25572,25578,861,25584.52,25497.74,0.00
2025-11-26,15:58:00,25578.5,25583.25,25578,25579.5,975,25584.51,25497.79,0.00
2025-11-26,15:59:00,25579.25,25588.25,25578.75,25586,1346,25584.51,25497.87,0.00
2025-11-26,16:00:00,25586.25,25587.25,25580.5,25585.5,886,25584.51,25497.92,0.00
2025-11-26,16:01:00,25585.5,25587,25579.5,25586.75,1261,25584.51,25497.99,0.00
2025-11-26,16:02:00,25587,25595.75,25584.5,25595.5,2019,25584.54,25498.12,0.00
2025-11-26,16:03:00,25594.75,25596,25588.5,25592.5,1856,25584.58,25498.23,0.00
2025-11-26,16:04:00,25592.75,25595.25,25590.25,25593.75,752,25584.59,25498.28,0.00
2025-11-26,16:05:00,25593.75,25593.75,25588,25591.25,703,25584.60,25498.32,0.00
2025-11-26,16:06:00,25591.5,25591.75,25585.25,25588.75,1160,25584.61,25498.39,0.00
2025-11-26,16:07:00,25589,25591,25578.5,25581.75,2003,25584.61,25498.50,0.00
2025-11-26,16:08:00,25582,25582.5,25571.75,25576.25,2095,25584.57,25498.61,0.00
2025-11-26,16:09:00,25576.75,25583.75,25575,25582.5,1245,25584.56,25498.68,0.00
2025-11-26,16:10:00,25582.75,25588.5,25579.75,25588.25,1101,25584.56,25498.74,0.00
2025-11-26,16:11:00,25588,25598.75,25585,25596.5,2559,25584.61,25498.90,0.00
2025-11-26,16:12:00,25596.25,25598.75,25592.5,25597.75,1062,25584.64,25498.97,0.00
2025-11-26,16:13:00,25598,25605.25,25598,25603.25,1887,25584.71,25499.09,0.00
2025-11-26,16:14:00,25603.25,25606.25,25602,25604.25,1270,25584.77,25499.18,0.00
2025-11-26,16:15:00,25604,25609.25,25601,25608.25,1672,25584.85,25499.30,0.00
2025-11-26,16:16:00,25608.5,25612,25604,25605.5,1686,25584.93,25499.42,0.00
2025-11-26,16:17:00,25605.5,25613.5,25604,25607.75,1630,25585.02,25499.53,0.00
2025-11-26,16:18:00,25607.5,25613.25,25605.75,25609.75,1082,25585.08,25499.61,0.00
2025-11-26,16:19:00,25609.5,25611.75,25605.25,25606,1644,25585.16,25499.72,0.00
2025-11-26,16:20:00,25605.75,25605.75,25597.5,25598.75,2136,25585.23,25499.86,0.00
2025-11-26,16:21:00,25598.5,25606.5,25598,25601.5,1240,25585.28,25499.95,0.00
2025-11-26,16:22:00,25601.75,25611,25600.75,25607.5,1379,25585.34,25500.04,0.00
2025-11-26,16:23:00,25608,25608.75,25604.75,25606.5,653,25585.37,25500.09,0.00
2025-11-26,16:24:00,25606.25,25608.5,25599,25602,1040,25585.42,25500.16,0.00
2025-11-26,16:25:00,25602,25606.75,25601.5,25603.75,768,25585.45,25500.21,0.00
2025-11-26,16:26:00,25604.5,25605.75,25599,25605.75,1238,25585.49,25500.29,0.00
2025-11-26,16:27:00,25605.5,25608.75,25604,25608.5,889,25585.54,25500.35,0.00
2025-11-26,16:28:00,25608.5,25609.25,25603,25603.25,655,25585.56,25500.39,0.00
2025-11-26,16:29:00,25603,25606.5,25602,25602.75,623,25585.59,25500.44,0.00
2025-11-26,16:30:00,25602.75,25604.75,25598.5,25599,954,25585.62,25500.50,0.00
2025-11-26,16:31:00,25599.25,25604,25596,25600.25,2058,25585.68,25500.63,0.00
2025-11-26,16:32:00,25599.5,25602.5,25596.5,25598.5,832,25585.71,25500.68,0.00
2025-11-26,16:33:00,25598,25602.5,25595.25,25598.75,1284,25585.74,25500.76,0.00
2025-11-26,16:34:00,25598.5,25600.25,25586.75,25591.25,2254,25585.78,25500.90,0.00
2025-11-26,16:35:00,25591,25595,25587.25,25593.25,1516,25585.80,25500.98,0.00
2025-11-26,16:36:00,25593.25,25596.5,25589.5,25592.25,1181,25585.81,25501.05,0.00
2025-11-26,16:37:00,25592.75,25592.75,25586,25589,1486,25585.83,25501.14,0.00
2025-11-26,16:38:00,25589,25592.5,25586.25,25587,866,25585.83,25501.19,0.00
2025-11-26,16:39:00,25586.75,25587.75,25584,25585.25,1112,25585.83,25501.25,0.00
2025-11-26,16:40:00,25585.5,25591.75,25584.5,25587.5,1185,25585.84,25501.31,0.00
2025-11-26,16:41:00,25587.5,25590.25,25580.75,25582.25,1307,25585.83,25501.38,0.00
2025-11-26,16:42:00,25582,25586.5,25581,25585.75,1101,25585.83,25501.44,0.00
2025-11-26,16:43:00,25585.5,25594.5,25583.75,25592.5,1864,25585.85,25501.54,0.00
2025-11-26,16:44:00,25592.5,25598,25592,25593.75,1463,25585.87,25501.63,0.00
2025-11-26,16:45:00,25593.5,25595,25587.5,25589.75,1280,25585.88,25501.70,0.00
2025-11-26,16:46:00,25590,25596,25588.75,25594.25,1404,25585.91,25501.78,0.00
2025-11-26,16:47:00,25594,25597,25592.5,25595.25,947,25585.92,25501.84,0.00
2025-11-26,16:48:00,25595.25,25595.75,25579.25,25581,2389,25585.92,25501.97,0.00
2025-11-26,16:49:00,25580.5,25585.25,25576.25,25577.75,1898,25585.90,25502.06,0.00
2025-11-26,16:50:00,25577.5,25580.25,25574.5,25575,1751,25585.86,25502.14,0.00
2025-11-26,16:51:00,25575,25585.75,25558,25575.25,5367,25585.72,25502.38,0.00
2025-11-26,16:52:00,25575.25,25576.75,25556,25558.5,3532,25585.57,25502.52,0.00
2025-11-26,16:53:00,25558.25,25571,25558.25,25560.75,3292,25585.42,25502.64,0.00
2025-11-26,16:54:00,25560,25576.5,25558.25,25572.25,2832,25585.33,25502.76,0.00
2025-11-26,16:55:00,25572,25577.25,25554.75,25559.75,5182,25585.12,25502.96,0.00
2025-11-26,16:56:00,25559.75,25570.5,25554.25,25563,4427,25584.92,25503.12,0.00
2025-11-26,16:57:00,25562.5,25570.25,25559.75,25565.25,2261,25584.84,25503.21,0.00
2025-11-26,16:58:00,25565.25,25567.25,25560.5,25566.5,1384,25584.78,25503.26,0.00
2025-11-26,16:59:00,25566.5,25571,25562,25565,1750,25584.72,25503.33,0.00
2025-11-26,17:00:00,25565,25572,25548.25,25549.5,8396,25584.28,25503.61,0.00
2025-11-26,17:01:00,25550,25570,25546.75,25557.75,4514,25584.05,25503.76,0.00
2025-11-26,17:02:00,25557.5,25564,25555.25,25556,1702,25583.97,25503.82,0.00
2025-11-26,17:03:00,25555.75,25559,25553.25,25557,920,25583.93,25503.85,0.00
2025-11-26,17:04:00,25557,25563.5,25556.25,25559.25,821,25583.89,25503.87,0.00
2025-11-26,17:05:00,25559.25,25567.75,25556.5,25566,974,25583.85,25503.91,0.00
2025-11-26,17:06:00,25565.75,25566.25,25561.75,25563.75,516,25583.83,25503.93,0.00
2025-11-26,17:07:00,25563.75,25567.5,25561.75,25565,570,25583.81,25503.95,0.00
2025-11-26,17:08:00,25565.25,25575.25,25564.25,25573,1458,25583.78,25504.01,0.00
2025-11-26,17:09:00,25573.75,25582.25,25571,25582.25,1049,25583.77,25504.06,0.00
2025-11-26,17:10:00,25581.75,25585,25576.75,25579.5,1163,25583.76,25504.11,0.00
2025-11-26,17:11:00,25579.5,25580.25,25569,25571.5,902,25583.74,25504.15,0.00
2025-11-26,17:12:00,25571,25572.25,25568.5,25570.75,410,25583.73,25504.17,0.00
2025-11-26,17:13:00,25571,25571,25565,25567.75,642,25583.72,25504.19,0.00
2025-11-26,17:14:00,25567.25,25577.5,25566.75,25567.5,1066,25583.69,25504.23,0.00
2025-11-26,17:15:00,25567.5,25568,25564.25,25566.5,350,25583.68,25504.25,0.00
2025-11-26,17:16:00,25567,25567.75,25563.25,25566.5,510,25583.66,25504.27,0.00
2025-11-26,17:17:00,25566,25567.25,25554.5,25554.5,664,25583.63,25504.29,0.00
2025-11-26,17:18:00,25554.5,25560.75,25554.5,25559.75,412,25583.61,25504.30,0.00
2025-11-26,17:19:00,25559.75,25562.75,25559.5,25562,282,25583.60,25504.31,0.00
2025-11-26,17:20:00,25561.5,25566,25560,25563.25,391,25583.59,25504.33,0.00
2025-11-26,17:21:00,25563.25,25564.75,25561.5,25563.25,261,25583.58,25504.34,0.00
2025-11-26,17:22:00,25563.25,25563.25,25561.25,25562.75,172,25583.57,25504.34,0.00
2025-11-26,17:23:00,25562.25,25569.75,25559,25569.75,578,25583.55,25504.36,0.00
2025-11-26,17:24:00,25569.75,25580.5,25568,25571.75,958,25583.54,25504.40,0.00
2025-11-26,17:25:00,25572.25,25572.75,25568.5,25569,252,25583.53,25504.41,0.00
2025-11-26,17:26:00,25569,25570.5,25567.75,25570.25,302,25583.52,25504.43,0.00
2025-11-26,17:27:00,25570.25,25574.5,25569.25,25571,378,25583.51,25504.44,0.00
2025-11-26,17:28:00,25571.25,25572.25,25568.5,25570,283,25583.51,25504.45,0.00
2025-11-26,17:29:00,25570.5,25571,25568.25,25570.25,204,25583.50,25504.46,0.00
2025-11-26,17:30:00,25570.25,25570.25,25568,25569.5,204,25583.50,25504.47,0.00
2025-11-26,17:31:00,25569.5,25570.25,25566.75,25570,268,25583.49,25504.48,0.00
2025-11-26,17:32:00,25570,25570.25,25567.25,25569.5,334,25583.48,25504.49,0.00
2025-11-26,17:33:00,25569.75,25571.75,25569,25571.25,199,25583.48,25504.50,0.00
2025-11-26,17:34:00,25571.5,25571.5,25567.5,25567.75,232,25583.47,25504.51,0.00
2025-11-26,17:35:00,25567.75,25568,25564.25,25566.5,291,25583.46,25504.52,0.00
2025-11-26,17:36:00,25566.75,25567,25564.75,25565.25,260,25583.45,25504.53,0.00
2025-11-26,17:37:00,25565.75,25567.25,25563.5,25563.75,260,25583.44,25504.54,0.00
2025-11-26,17:38:00,25563.75,25566.5,25562.5,25566,328,25583.43,25504.55,0.00
2025-11-26,17:39:00,25566,25566,25563.25,25564.75,158,25583.43,25504.56,0.00
2025-11-26,17:40:00,25564,25566.25,25563.5,25566.25,133,25583.42,25504.56,0.00
2025-11-26,17:41:00,25566,25566.75,25562.25,25562.5,194,25583.42,25504.57,0.00
2025-11-26,17:42:00,25562.75,25563.5,25559.5,25560.75,228,25583.41,25504.58,0.00
2025-11-26,17:43:00,25560.5,25562,25557.25,25560,367,25583.39,25504.59,0.00
2025-11-26,17:44:00,25560,25561.25,25557.75,25560.5,250,25583.38,25504.60,0.00
2025-11-26,17:45:00,25560.5,25564.5,25560.25,25563.25,342,25583.37,25504.61,0.00
2025-11-26,17:46:00,25563,25564.75,25560.5,25561.75,274,25583.36,25504.62,0.00
2025-11-26,17:47:00,25562,25567.5,25561.75,25566.25,372,25583.35,25504.63,0.00
2025-11-26,17:48:00,25565.75,25567.25,25563,25564.5,261,25583.34,25504.64,0.00
2025-11-26,17:49:00,25564.5,25565.75,25561.5,25564.25,245,25583.33,25504.65,0.00
2025-11-26,17:50:00,25563.75,25565.5,25563,25564.75,135,25583.32,25504.66,0.00
2025-11-26,17:51:00,25564.5,25565.75,25561,25564,528,25583.31,25504.68,0.00
2025-11-26,17:52:00,25563.75,25564.25,25562.25,25564,210,25583.30,25504.68,0.00
2025-11-26,17:53:00,25563,25564.5,25561.5,25563.5,151,25583.29,25504.69,0.00
2025-11-26,17:54:00,25562.75,25566.75,25562.75,25565.75,171,25583.29,25504.69,0.00
2025-11-26,17:55:00,25566.5,25569.5,25565.5,25569.5,261,25583.28,25504.70,0.00
2025-11-26,17:56:00,25569,25569,25566.25,25567.25,265,25583.27,25504.71,0.00
2025-11-26,17:57:00,25566.75,25568.5,25566.75,25566.75,85,25583.27,25504.72,0.00
2025-11-26,17:58:00,25567.25,25571,25565.75,25567.25,378,25583.26,25504.73,0.00
2025-11-26,17:59:00,25567,25568.75,25565.75,25568.75,184,25583.25,25504.74,0.00
2025-11-26,18:00:00,25568.75,25570,25562.5,25567.75,504,25583.24,25504.76,0.00
2025-11-26,19:01:00,25570,25589.25,25567.25,25585.5,923,25580.67,25580.67,0.00
2025-11-26,19:02:00,25585,25585.25,25574.75,25578,445,25580.23,25580.23,0.00
2025-11-26,19:03:00,25578,25581,25576.25,25579,95,25580.14,25580.14,0.00
2025-11-26,19:04:00,25580,25580.75,25575.5,25577.25,136,25579.94,25579.94,0.00
2025-11-26,19:05:00,25577.75,25578.25,25574,25576,77,25579.76,25579.76,0.00
2025-11-26,19:06:00,25577,25577.75,25571,25573,134,25579.33,25579.33,0.00
2025-11-26,19:07:00,25574.25,25575,25571.25,25572.5,145,25578.85,25578.85,0.00
2025-11-26,19:08:00,25574,25588.25,25574,25585.75,327,25579.40,25579.40,0.00
2025-11-26,19:09:00,25585.5,25588,25582.75,25584.75,181,25579.82,25579.82,0.00
2025-11-26,19:10:00,25584.75,25585,25579.75,25583.75,130,25579.98,25579.98,0.00
2025-11-26,19:11:00,25583.25,25591.25,25583,25588.75,236,25587.67,25580.62,0.00
2025-11-26,19:12:00,25590,25590.75,25582.25,25584,270,25586.60,25581.06,0.00
2025-11-26,19:13:00,25583,25583,25577.25,25581.75,291,25584.43,25581.02,0.00
2025-11-26,19:14:00,25581,25581.25,25575.25,25576.25,122,25583.52,25580.90,0.00
2025-11-26,19:15:00,25576.25,25576.25,25565.25,25571.75,586,25578.68,25571.08,0.00
2025-11-26,19:16:00,25570.5,25570.5,25566.25,25568.25,419,25576.43,25569.94,0.00
2025-11-26,19:17:00,25567.25,25571.75,25566.25,25568.5,127,25575.96,25569.81,0.00
2025-11-26,19:18:00,25568.75,25569.25,25565.75,25567.75,163,25575.34,25569.53,0.00
2025-11-26,19:19:00,25568.5,25570,25567.5,25568.75,182,25574.84,25569.44,0.00
2025-11-26,19:20:00,25568.75,25573.75,25568.75,25573.75,161,25574.67,25569.70,0.00
2025-11-26,19:21:00,25573.75,25581,25570.5,25578.5,549,25575.02,25571.45,0.00
2025-11-26,19:22:00,25578.5,25578.75,25570,25572.75,176,25574.96,25571.62,0.00
2025-11-26,19:23:00,25571.75,25572.75,25568.75,25570,130,25574.79,25571.57,0.00
2025-11-26,19:24:00,25569.75,25572.75,25568.25,25572,173,25574.60,25571.53,0.00
2025-11-26,19:25:00,25572,25573.5,25569.25,25569.25,147,25574.45,25571.48,0.00
2025-11-26,19:26:00,25569,25577.25,25569,25572.75,261,25574.35,25571.61,0.00
2025-11-26,19:27:00,25572.75,25572.75,25569,25570.75,105,25574.26,25571.59,0.00
2025-11-26,19:28:00,25571,25571.75,25567.5,25570.5,118,25574.14,25571.53,0.00
2025-11-26,19:29:00,25569.75,25572,25568.5,25569.75,137,25574.01,25571.47,0.00
2025-11-26,19:30:00,25569.5,25572,25564.75,25571.25,297,25573.72,25569.33,0.00
2025-11-26,19:31:00,25571.25,25576.5,25570.5,25574.25,279,25573.72,25571.47,0.00
2025-11-26,19:32:00,25574,25579.5,25572.75,25579,330,25573.93,25573.52,0.00
2025-11-26,19:33:00,25579,25580.25,25574.75,25576.25,171,25574.03,25574.08,0.00
2025-11-26,19:34:00,25576.5,25577.75,25574.75,25576.25,92,25574.06,25574.25,0.00
2025-11-26,19:35:00,25575.75,25578.25,25575.5,25575.75,137,25574.12,25574.49,0.00
2025-11-26,19:36:00,25575.75,25579,25575.5,25579,133,25574.21,25574.80,0.00
2025-11-26,19:37:00,25579,25582.25,25577.5,25581.5,271,25574.49,25575.69,0.00
2025-11-26,19:38:00,25582.25,25583.75,25578.75,25580.5,267,25574.76,25576.41,0.00
2025-11-26,19:39:00,25581,25581,25576,25577.75,143,25574.84,25576.53,0.00
2025-11-26,19:40:00,25577.75,25577.75,25574.25,25575.75,140,25574.86,25576.49,0.00
2025-11-26,19:41:00,25577.25,25582,25577.25,25580.25,82,25574.92,25576.61,0.00
2025-11-26,19:42:00,25580,25580.5,25578.75,25580,73,25574.97,25576.70,0.00
2025-11-26,19:43:00,25579.5,25582.5,25579.5,25580,118,25575.07,25576.89,0.00
2025-11-26,19:44:00,25578.75,25580,25577.5,25578,94,25575.12,25576.95,0.00
2025-11-26,19:45:00,25578,25579.25,25575.5,25578.25,192,25575.19,25577.00,0.00
2025-11-26,19:46:00,25577.25,25578.5,25572,25574.25,226,25575.18,25576.84,0.00
2025-11-26,19:47:00,25574,25577,25571.25,25574.25,246,25575.15,25576.64,0.00
2025-11-26,19:48:00,25573.75,25574.75,25571.5,25572.75,100,25575.12,25576.53,0.00
2025-11-26,19:49:00,25573,25579,25571.5,25579,179,25575.15,25576.53,0.00
2025-11-26,19:50:00,25578.25,25583.25,25577.5,25581.75,248,25575.32,25576.81,0.00
2025-11-26,19:51:00,25581.75,25583.25,25580.75,25581.25,220,25575.49,25577.08,0.00
2025-11-26,19:52:00,25580.5,25586.25,25580.5,25584.25,272,25575.75,25577.50,0.00
2025-11-26,19:53:00,25584.5,25587.25,25583,25585.5,144,25575.90,25577.75,0.00
2025-11-26,19:54:00,25585.75,25587.75,25583.5,25586,129,25576.04,25577.97,0.00
2025-11-26,19:55:00,25586,25586.25,25581,25582,145,25576.16,25578.13,0.00
2025-11-26,19:56:00,25581,25582.5,25579.25,25579.25,185,25576.24,25578.21,0.00
2025-11-26,19:57:00,25579.5,25582,25577.5,25582,210,25576.33,25578.31,0.00
2025-11-26,19:58:00,25581.25,25581.25,25577.25,25580.5,116,25576.37,25578.34,0.00
2025-11-26,19:59:00,25580,25581.25,25577.75,25578.25,88,25576.40,25578.35,0.00
2025-11-26,20:00:00,25578,25581.25,25575.75,25576.75,157,25576.42,25578.34,0.00
2025-11-26,20:01:00,25576,25582,25570,25581.5,552,25576.50,25578.29,0.00
2025-11-26,20:02:00,25581.5,25583.75,25580,25583,377,25576.70,25578.52,0.00
2025-11-26,20:03:00,25582.5,25586,25581.25,25583.75,280,25576.88,25578.74,0.00
2025-11-26,20:04:00,25584.5,25585.5,25582.75,25584.75,127,25576.96,25578.84,0.00
2025-11-26,20:05:00,25584.25,25586.5,25581,25582,215,25577.08,25578.97,0.00
2025-11-26,20:06:00,25582.5,25584.25,25578.25,25580.75,219,25577.15,25579.04,0.00
2025-11-26,20:07:00,25581.25,25582,25577.25,25580,136,25577.18,25579.05,0.00
2025-11-26,20:08:00,25580,25580.5,25571.25,25573.75,368,25577.12,25578.87,0.00
2025-11-26,20:09:00,25574,25576.25,25567.75,25575.5,742,25576.89,25578.37,0.00
2025-11-26,20:10:00,25576.25,25577.25,25574.5,25575.25,141,25576.88,25578.33,0.00
2025-11-26,20:11:00,25575.25,25580.5,25575,25579.5,208,25576.90,25578.33,0.00
2025-11-26,20:12:00,25579,25581.25,25576.5,25580,204,25576.94,25578.35,0.00
2025-11-26,20:13:00,25580.75,25581.25,25577.75,25581,121,25576.97,25578.37,0.00
2025-11-26,20:14:00,25580.5,25581.25,25576.25,25580.75,201,25577.00,25578.39,0.00
2025-11-26,20:15:00,25580.25,25582.5,25579,25581,158,25577.05,25578.43,0.00
2025-11-26,20:16:00,25581.25,25581.75,25577.5,25581,107,25577.07,25578.45,0.00
2025-11-26,20:17:00,25581.75,25582,25578.25,25580,104,25577.09,25578.47,0.00
2025-11-26,20:18:00,25580.5,25581.75,25577.25,25579.5,171,25577.12,25578.48,0.00
2025-11-26,20:19:00,25580,25581.5,25577.5,25579.25,101,25577.14,25578.49,0.00
2025-11-26,20:20:00,25578.25,25580,25574.75,25580,165,25577.15,25578.49,0.00
2025-11-26,20:21:00,25579.75,25581,25577.25,25578,121,25577.16,25578.49,0.00
2025-11-26,20:22:00,25577.5,25578.5,25576,25577.75,69,25577.16,25578.49,0.00
2025-11-26,20:23:00,25577.75,25578,25574,25576.5,170,25577.15,25578.45,0.00
2025-11-26,20:24:00,25576.25,25577.5,25573,25573,89,25577.14,25578.42,0.00
2025-11-26,20:25:00,25573,25573.75,25570.75,25571.5,187,25577.07,25578.30,0.00
2025-11-26,20:26:00,25572,25574,25570.25,25573.75,137,25577.03,25578.23,0.00
2025-11-26,20:27:00,25573.75,25576,25573.75,25575.25,71,25577.02,25578.21,0.00
2025-11-26,20:28:00,25575.25,25578.5,25574.75,25576.25,159,25577.02,25578.19,0.00
2025-11-26,20:29:00,25576.25,25577,25573.75,25576.25,91,25577.01,25578.17,0.00
2025-11-26,20:30:00,25576.25,25579.75,25576.25,25579.75,198,25577.03,25578.18,0.00
2025-11-26,20:31:00,25578.75,25582.25,25578.5,25579,215,25577.07,25578.21,0.00
2025-11-26,20:32:00,25579.25,25580.75,25576.5,25579.75,117,25577.08,25578.22,0.00
2025-11-26,20:33:00,25580.25,25581.25,25578.5,25581,73,25577.10,25578.23,0.00
2025-11-26,20:34:00,25580.75,25581.75,25579.25,25580.5,98,25577.12,25578.25,0.00
2025-11-26,20:35:00,25580.25,25582.25,25577.75,25578.5,138,25577.14,25578.26,0.00
2025-11-26,20:36:00,25578.25,25578.5,25574.75,25576.25,213,25577.13,25578.23,0.00
2025-11-26,20:37:00,25576.5,25576.75,25573.25,25576.5,186,25577.11,25578.19,0.00
2025-11-26,20:38:00,25575.5,25575.5,25573.25,25574.5,101,25577.10,25578.16,0.00
2025-11-26,20:39:00,25574.5,25574.75,25572.25,25572.75,94,25577.07,25578.12,0.00
2025-11-26,20:40:00,25573,25574.5,25572.25,25574,94,25577.06,25578.09,0.00
2025-11-26,20:41:00,25573.5,25573.75,25571.5,25573.5,116,25577.03,25578.04,0.00
2025-11-26,20:42:00,25573.75,25575,25572.5,25574.75,103,25577.01,25578.01,0.00
2025-11-26,20:43:00,25574.25,25574.5,25571,25572.75,116,25576.98,25577.97,0.00
2025-11-26,20:44:00,25572.5,25573.75,25571.75,25573.75,46,25576.97,25577.95,0.00
2025-11-26,20:45:00,25574,25575.25,25573.5,25574.25,75,25576.96,25577.93,0.00
2025-11-26,20:46:00,25573.75,25574.5,25572.75,25573.5,60,25576.95,25577.91,0.00
2025-11-26,20:47:00,25574,25574.25,25570.75,25574.25,82,25576.93,25577.88,0.00
2025-11-26,20:48:00,25573.75,25573.75,25569.5,25571,162,25576.88,25577.80,0.00
2025-11-26,20:49:00,25570.75,25571.75,25568.75,25571,260,25576.79,25577.66,0.00
2025-11-26,20:50:00,25570.75,25572.5,25569.75,25571.5,148,25576.75,25577.60,0.00
2025-11-26,20:51:00,25571.25,25574.25,25571,25574,189,25576.71,25577.54,0.00
2025-11-26,20:52:00,25573.75,25576.75,25573,25574.75,175,25576.69,25577.50,0.00
2025-11-26,20:53:00,25574.75,25576.75,25573.25,25575.75,122,25576.68,25577.48,0.00
2025-11-26,20:54:00,25576.25,25578,25576,25576.25,140,25576.68,25577.48,0.00
2025-11-26,20:55:00,25576.25,25577,25573.75,25574.25,83,25576.67,25577.46,0.00
2025-11-26,20:56:00,25574,25575.75,25573,25575.75,121,25576.66,25577.44,0.00
2025-11-26,20:57:00,25576.5,25578.25,25575.75,25577.25,130,25576.67,25577.44,0.00
2025-11-26,20:58:00,25577.25,25578.25,25576.25,25578,99,25576.67,25577.44,0.00
2025-11-26,20:59:00,25577.75,25582,25577.25,25581.5,204,25576.71,25577.48,0.00
2025-11-26,21:00:00,25581.75,25585.25,25581.75,25583.5,389,25576.84,25577.63,0.00
2025-11-26,21:01:00,25583.5,25586.25,25582.75,25585.5,329,25576.97,25577.78,0.00
2025-11-26,21:02:00,25586,25591,25585.5,25590.25,507,25577.26,25578.12,0.00
2025-11-26,21:03:00,25590.75,25592.5,25587,25591.5,372,25590.33,25578.39,0.00
2025-11-26,21:04:00,25591,25592,25589,25592,158,25590.53,25578.51,0.00
2025-11-26,21:05:00,25591.25,25592.25,25587,25590.25,168,25590.36,25578.62,0.00
2025-11-26,21:06:00,25590.5,25592.25,25587.25,25588.75,131,25590.21,25578.70,0.00
2025-11-26,21:07:00,25588.25,25589.5,25586.75,25587.5,124,25589.92,25578.76,0.00
2025-11-26,21:08:00,25587.5,25587.5,25580.75,25583.25,398,25588.12,25578.88,0.00
2025-11-26,21:09:00,25582.75,25583,25575.75,25575.75,371,25585.98,25578.86,0.00
2025-11-26,21:10:00,25575.5,25576.25,25569.5,25571.75,544,25582.74,25578.68,0.00
2025-11-26,21:11:00,25571,25571.25,25564.75,25566.75,544,25579.81,25578.36,0.00
2025-11-26,21:12:00,25567.75,25576.25,25567,25576.25,407,25578.97,25578.26,0.00
2025-11-26,21:13:00,25575.25,25576,25569.5,25572,211,25578.57,25578.20,0.00
2025-11-26,21:14:00,25572.5,25572.75,25568.25,25570.25,155,25578.22,25578.14,0.00
2025-11-26,21:15:00,25570.25,25573.25,25568.75,25570,126,25577.96,25578.09,0.00
2025-11-26,21:16:00,25569.75,25570.5,25557.5,25558.75,804,25575.16,25562.25,0.00
2025-11-26,21:17:00,25559.25,25561.75,25557.75,25559.5,362,25574.01,25561.45,0.00
2025-11-26,21:18:00,25559,25561.5,25556.5,25560,301,25573.16,25559.33,0.00
2025-11-26,21:19:00,25559.5,25567.25,25558.5,25562,445,25572.32,25561.27,0.00
2025-11-26,21:20:00,25562.25,25562.75,25558.25,25561.5,208,25571.91,25561.18,0.00
2025-11-26,21:21:00,25562.25,25566.75,25560.25,25565.5,251,25571.59,25561.80,0.00
2025-11-26,21:22:00,25565.25,25567.25,25563,25566.5,200,25571.40,25562.34,0.00
2025-11-26,21:23:00,25565.75,25568.25,25564.75,25565.25,216,25571.22,25562.84,0.00
2025-11-26,21:24:00,25564.5,25567.5,25562,25566.75,171,25571.07,25563.08,0.00
2025-11-26,21:25:00,25566.75,25571.25,25566.25,25568.5,323,25570.96,25563.94,0.00
2025-11-26,21:26:00,25568.5,25571.5,25568.25,25568.25,202,25570.92,25564.41,0.00
2025-11-26,21:27:00,25567.75,25570.75,25566.75,25569.75,155,25570.88,25564.70,0.00
2025-11-26,21:28:00,25570.25,25572.75,25568.75,25569.5,241,25570.86,25565.20,0.00
2025-11-26,21:29:00,25570,25571.75,25568.25,25570.25,137,25570.85,25565.43,0.00
2025-11-26,21:30:00,25570.75,25571.25,25568.75,25569.25,116,25570.83,25565.60,0.00
2025-11-26,21:31:00,25569.25,25570,25564,25565.25,313,25570.66,25565.68,0.00
2025-11-26,21:32:00,25564.75,25565.25,25558.75,25563,392,25570.28,25565.32,0.00
2025-11-26,21:33:00,25564,25567,25561.5,25564,300,25570.07,25565.24,0.00
2025-11-26,21:34:00,25564.25,25565.75,25562,25562.5,178,25569.94,25565.16,0.00
2025-11-26,21:35:00,25563,25563.5,25560.75,25562.25,144,25569.82,25565.06,0.00
2025-11-26,21:36:00,25563.75,25565.75,25562,25562.5,138,25569.72,25565.01,0.00
2025-11-26,21:37:00,25562.5,25563.25,25560.75,25562.75,146,25569.61,25564.92,0.00
2025-11-26,21:38:00,25562.75,25563.5,25560.25,25561.25,81,25569.54,25564.86,0.00
2025-11-26,21:39:00,25561.5,25563,25558.75,25561.75,137,25569.42,25564.76,0.00
2025-11-26,21:40:00,25562,25564,25560.25,25562,123,25569.33,25564.69,0.00
2025-11-26,21:41:00,25562.5,25563.5,25561.25,25562.25,112,25569.25,25564.64,0.00
2025-11-26,21:42:00,25562.75,25563.25,25560.75,25561,88,25569.18,25564.59,0.00
2025-11-26,21:43:00,25561,25564,25560.5,25563.25,101,25569.12,25564.55,0.00
2025-11-26,21:44:00,25563.25,25564.5,25561.25,25562.5,110,25569.05,25564.51,0.00
2025-11-26,21:45:00,25563,25570.25,25563,25569.75,408,25569.00,25564.73,0.00
2025-11-26,21:46:00,25570.25,25572.25,25568.25,25570.75,321,25569.04,25565.04,0.00
2025-11-26,21:47:00,25570.5,25571.25,25568,25569.5,167,25569.05,25565.16,0.00
2025-11-26,21:48:00,25569.25,25569.75,25565.75,25568.25,156,25569.03,25565.23,0.00
2025-11-26,21:49:00,25568.5,25572,25568.25,25572,113,25569.05,25565.32,0.00
2025-11-26,21:50:00,25572.25,25574,25570.75,25572.5,339,25569.15,25565.67,0.00
2025-11-26,21:51:00,25573.25,25573.75,25571.25,25573,115,25569.18,25565.79,0.00
2025-11-26,21:52:00,25572.5,25574.75,25571,25571.5,175,25569.23,25565.95,0.00
2025-11-26,21:53:00,25572,25573.5,25568.25,25573,203,25569.27,25566.11,0.00
2025-11-26,21:54:00,25573,25578,25573,25578,401,25569.49,25566.64,0.00
2025-11-26,21:55:00,25577.5,25582.75,25577,25582.25,374,25569.81,25567.29,0.00
2025-11-26,21:56:00,25582.25,25583,25581.25,25582.5,195,25570.00,25567.64,0.00
2025-11-26,21:57:00,25582.25,25583.75,25580.5,25582,287,25570.25,25568.12,0.00
2025-11-26,21:58:00,25582.25,25584.25,25581,25583.25,255,25570.49,25568.55,0.00
2025-11-26,21:59:00,25583.75,25587,25583.75,25586,329,25570.84,25569.16,0.00
2025-11-26,22:00:00,25586,25588,25585,25587.25,217,25571.08,25569.56,0.00
2025-11-26,22:01:00,25587.5,25592.75,25584.25,25585.25,715,25587.42,25570.83,0.00
2025-11-26,22:02:00,25585,25588.25,25583.75,25588,308,25587.19,25571.30,0.00
2025-11-26,22:03:00,25588.5,25590.5,25584.75,25585.25,310,25587.11,25571.75,0.00
2025-11-26,22:04:00,25585,25588.25,25584.25,25585.75,214,25586.97,25572.03,0.00
2025-11-26,22:05:00,25586,25587.75,25584.25,25584.25,172,25586.81,25572.23,0.00
2025-11-26,22:06:00,25584.75,25585.25,25582.5,25583.75,282,25586.39,25572.52,0.00
2025-11-26,22:07:00,25584.25,25585.5,25581,25584.75,267,25586.08,25572.78,0.00
2025-11-26,22:08:00,25584.75,25585.5,25581.25,25581.5,114,25585.92,25572.88,0.00
2025-11-26,22:09:00,25582.5,25584,25581.25,25583.25,142,25585.75,25572.99,0.00
2025-11-26,22:10:00,25582.75,25583,25580.5,25582.25,135,25585.55,25573.09,0.00
2025-11-26,22:11:00,25582.25,25582.25,25579,25580.75,219,25585.18,25573.23,0.00
2025-11-26,22:12:00,25581,25583.5,25580.5,25581.25,99,25585.07,25573.30,0.00
2025-11-26,22:13:00,25581.25,25583,25578.5,25579.75,166,25584.82,25573.39,0.00
2025-11-26,22:14:00,25580.25,25583.25,25578.75,25581.5,155,25584.65,25573.49,0.00
2025-11-26,22:15:00,25582.5,25587.25,25581.75,25586,315,25584.68,25573.77,0.00
2025-11-26,22:16:00,25586,25589.5,25584.5,25589,246,25584.87,25574.02,0.00
2025-11-26,22:17:00,25589.25,25589.75,25587.25,25587.75,137,25584.99,25574.17,0.00
2025-11-26,22:18:00,25588.5,25589.25,25582,25582.75,170,25584.97,25574.30,0.00
2025-11-26,22:19:00,25583,25585,25580.75,25583.5,127,25584.92,25574.38,0.00
2025-11-26,22:20:00,25583.25,25584.25,25581.5,25583,144,25584.85,25574.47,0.00
2025-11-26,22:21:00,25583,25584.5,25581.5,25582,86,25584.81,25574.52,0.00
2025-11-26,22:22:00,25582.5,25584.75,25580.5,25582.75,203,25584.72,25574.64,0.00
2025-11-26,22:23:00,25583,25583.5,25579.75,25580.75,103,25584.65,25574.69,0.00
2025-11-26,22:24:00,25580.25,25581.25,25578.25,25580.75,103,25584.55,25574.73,0.00
2025-11-26,22:25:00,25581,25582.75,25579.25,25581.25,101,25584.48,25574.77,0.00
2025-11-26,22:26:00,25582,25582,25578.25,25579,114,25584.38,25574.81,0.00
2025-11-26,22:27:00,25579,25581.25,25578.5,25580.5,113,25584.28,25574.85,0.00
2025-11-26,22:28:00,25580.75,25582.75,25579.75,25581.75,112,25584.22,25574.90,0.00
2025-11-26,22:29:00,25581.25,25583,25580.75,25583,74,25584.20,25574.94,0.00
2025-11-26,22:30:00,25582.75,25584.75,25581.75,25584.25,108,25584.19,25575.00,0.00
2025-11-26,22:31:00,25584.75,25585,25583.5,25584,54,25584.19,25575.03,0.00
2025-11-26,22:32:00,25584.25,25586.25,25584,25584.25,85,25584.20,25575.09,0.00
2025-11-26,22:33:00,25585,25585.25,25581.75,25582.75,90,25584.18,25575.14,0.00
2025-11-26,22:34:00,25582.75,25582.75,25579.25,25579.75,103,25584.12,25575.17,0.00
2025-11-26,22:35:00,25580.25,25581,25578.25,25578.5,173,25583.98,25575.22,0.00
2025-11-26,22:36:00,25578.5,25580.5,25577.25,25579.5,133,25583.87,25575.25,0.00
2025-11-26,22:37:00,25579.5,25581.25,25578,25579.75,103,25583.80,25575.28,0.00
2025-11-26,22:38:00,25579.25,25581.5,25578.75,25580.5,64,25583.77,25575.30,0.00
2025-11-26,22:39:00,25580,25581,25578,25578,110,25583.69,25575.33,0.00
2025-11-26,22:40:00,25578.25,25579.75,25576.75,25578.5,133,25583.58,25575.35,0.00
2025-11-26,22:41:00,25578.75,25579.75,25576,25578,244,25583.38,25575.39,0.00
2025-11-26,22:42:00,25578.25,25579.75,25576.75,25576.75,110,25583.29,25575.41,0.00
2025-11-26,22:43:00,25576.5,25578.25,25572.75,25573.75,188,25583.07,25575.40,0.00
2025-11-26,22:44:00,25573.75,25578,25572.25,25577.75,237,25582.84,25575.41,0.00
2025-11-26,22:45:00,25578,25582,25577.5,25581.5,217,25582.77,25575.47,0.00
2025-11-26,22:46:00,25582,25582.5,25578.75,25580.75,86,25582.75,25575.50,0.00
2025-11-26,22:47:00,25580.75,25580.75,25575,25575.25,92,25582.68,25575.51,0.00
2025-11-26,22:48:00,25575.25,25575.75,25573,25574.75,168,25582.51,25575.50,0.00
2025-11-26,22:49:00,25575.25,25576.5,25573.75,25573.75,44,25582.46,25575.50,0.00
2025-11-26,22:50:00,25575.25,25577,25574.75,25577,36,25582.43,25575.50,0.00
2025-11-26,22:51:00,25577.25,25577.75,25576.25,25576.25,94,25582.37,25575.50,0.00
2025-11-26,22:52:00,25577,25577,25572,25572.75,158,25582.21,25575.49,0.00
2025-11-26,22:53:00,25573,25573.5,25568.5,25572.75,278,25581.86,25575.43,0.00
2025-11-26,22:54:00,25572.5,25574.5,25570.75,25571.25,114,25581.73,25575.41,0.00
2025-11-26,22:55:00,25570.75,25570.75,25568,25570,138,25581.54,25575.36,0.00
2025-11-26,22:56:00,25570.25,25571,25568.25,25569.75,121,25581.38,25575.33,0.00
2025-11-26,22:57:00,25570,25571,25568.5,25569.75,131,25581.22,25575.29,0.00
2025-11-26,22:58:00,25570,25572,25567.75,25570,150,25581.03,25575.24,0.00
2025-11-26,22:59:00,25570.25,25573,25569.75,25570.75,133,25580.89,25575.21,0.00
2025-11-26,23:00:00,25570.5,25572.5,25568.75,25569.25,93,25580.78,25575.19,0.00
2025-11-26,23:01:00,25570.25,25572.5,25567,25571.5,221,25580.55,25575.13,0.00
2025-11-26,23:02:00,25570,25571,25568.75,25570,54,25580.49,25575.12,0.00
2025-11-26,23:03:00,25569.5,25569.5,25565.25,25565.5,185,25580.23,25575.04,0.00
2025-11-26,23:04:00,25566,25568.25,25565,25568,152,25580.03,25574.98,0.00
2025-11-26,23:05:00,25567.75,25569.75,25567.25,25568.5,44,25579.98,25574.96,0.00
2025-11-26,23:06:00,25569,25569.75,25566.75,25568.75,123,25579.84,25574.92,0.00
2025-11-26,23:07:00,25568.75,25570.75,25567.25,25568.25,97,25579.74,25574.89,0.00
2025-11-26,23:08:00,25567.25,25567.5,25563.5,25564,204,25579.45,25574.79,0.00
2025-11-26,23:09:00,25563.75,25565.25,25561.5,25564,252,25579.08,25574.65,0.00
2025-11-26,23:10:00,25564.5,25565,25561.75,25562.25,111,25578.92,25574.58,0.00
2025-11-26,23:11:00,25562.75,25562.75,25559.5,25561.5,175,25578.64,25574.47,0.00
2025-11-26,23:12:00,25561,25563,25558.25,25562.5,259,25578.24,25574.30,0.00
2025-11-26,23:13:00,25562.5,25563,25561.25,25562,109,25578.08,25574.24,0.00
2025-11-26,23:14:00,25562,25562,25558,25559.75,230,25577.72,25574.08,0.00
2025-11-26,23:15:00,25559.25,25562,25559.25,25562,78,25577.61,25574.04,0.00
2025-11-26,23:16:00,25562.5,25564,25561.5,25562.25,125,25577.46,25573.97,0.00
2025-11-26,23:17:00,25562,25566.5,25561.75,25566.5,170,25577.28,25573.90,0.00
2025-11-26,23:18:00,25566.75,25571,25566.5,25570.5,280,25577.10,25573.84,0.00
2025-11-26,23:19:00,25570,25575.75,25570,25573.5,428,25576.96,25573.82,0.00
2025-11-26,23:20:00,25573,25573.5,25569.75,25570,190,25576.88,25573.80,0.00
2025-11-26,23:21:00,25570.75,25571,25567.5,25568,194,25576.76,25573.76,0.00
2025-11-26,23:22:00,25568,25570.25,25567,25567.25,141,25576.67,25573.72,0.00
2025-11-26,23:23:00,25568,25570.75,25568,25569.5,54,25576.64,25573.71,0.00
2025-11-26,23:24:00,25569.75,25571.5,25569.25,25570.75,81,25576.60,25573.70,0.00
2025-11-26,23:25:00,25570.25,25573.5,25570,25571,105,25576.56,25573.69,0.00
2025-11-26,23:26:00,25571.5,25572.25,25569.5,25570,53,25576.54,25573.68,0.00
2025-11-26,23:27:00,25570.5,25571,25568.5,25568.5,85,25576.49,25573.67,0.00
2025-11-26,23:28:00,25568.75,25569.25,25566.5,25568,110,25576.42,25573.64,0.00
2025-11-26,23:29:00,25566.75,25567.25,25564.5,25565.5,142,25576.31,25573.59,0.00
2025-11-26,23:30:00,25564.5,25564.5,25561.75,25562.5,176,25576.15,25573.51,0.00
2025-11-26,23:31:00,25562.25,25563.5,25560.5,25561,157,25575.99,25573.43,0.00
2025-11-26,23:32:00,25561,25566,25559.75,25565.5,196,25575.82,25573.35,0.00
2025-11-26,23:33:00,25565.75,25566.25,25562.75,25564.5,132,25575.72,25573.30,0.00
2025-11-26,23:34:00,25564.75,25565.5,25563,25565.5,68,25575.67,25573.28,0.00
2025-11-26,23:35:00,25565,25566,25564.75,25565.75,77,25575.61,25573.25,0.00
2025-11-26,23:36:00,25566,25566.5,25563.75,25565,75,25575.56,25573.23,0.00
2025-11-26,23:37:00,25565.5,25565.75,25562.75,25563.25,73,25575.50,25573.20,0.00
2025-11-26,23:38:00,25563.75,25564.5,25562,25562,57,25575.45,25573.18,0.00
2025-11-26,23:39:00,25562,25564.5,25561.5,25564.5,37,25575.42,25573.16,0.00
2025-11-26,23:40:00,25564.5,25568.25,25564.5,25568.25,144,25575.34,25573.13,0.00
2025-11-26,23:41:00,25568,25569.25,25566.25,25566.5,136,25575.27,25573.09,0.00
2025-11-26,23:42:00,25567.5,25567.5,25563.25,25564.25,123,25575.19,25573.05,0.00
2025-11-26,23:43:00,25565,25566,25564,25565.5,54,25575.15,25573.04,0.00
2025-11-26,23:44:00,25564.75,25565.5,25563.25,25565,42,25575.12,25573.02,0.00
2025-11-26,23:45:00,25565.25,25567.5,25565.25,25566.75,103,25575.07,25573.00,0.00
2025-11-26,23:46:00,25567.5,25568.25,25563,25563.75,115,25574.99,25572.96,0.00
2025-11-26,23:47:00,25563.75,25565.75,25563.75,25565.25,43,25574.97,25572.94,0.00
2025-11-26,23:48:00,25564.25,25566,25563.25,25564,79,25574.91,25572.92,0.00
2025-11-26,23:49:00,25564,25566.75,25564,25566.75,37,25574.89,25572.91,0.00
2025-11-26,23:50:00,25566.25,25567,25565.5,25566.25,37,25574.87,25572.90,0.00
2025-11-26,23:51:00,25566.25,25569.75,25566,25568.75,132,25574.82,25572.87,0.00
2025-11-26,23:52:00,25569,25569.5,25565.75,25567,96,25574.77,25572.85,0.00
2025-11-26,23:53:00,25568,25568.75,25567.5,25568.5,36,25574.76,25572.85,0.00
2025-11-26,23:54:00,25567.75,25568.25,25566.25,25567.5,66,25574.73,25572.83,0.00
2025-11-26,23:55:00,25568,25569.25,25566.25,25566.75,68,25574.70,25572.82,0.00
2025-11-26,23:56:00,25566.25,25567.5,25565.5,25565.75,57,25574.67,25572.80,0.00
2025-11-26,23:57:00,25566,25567.75,25565.75,25566,62,25574.64,25572.79,0.00
2025-11-26,23:58:00,25566,25567,25565.25,25565.5,40,25574.62,25572.78,0.00
2025-11-26,23:59:00,25566,25567.25,25565.75,25567,43,25574.59,25572.77,0.00
2025-11-26,00:00:00,25434.75,25438,25434,25434.5,112,25433.23,25397.52,0.00
2025-11-26,00:01:00,25434.25,25436.75,25431,25431.75,277,25433.23,25397.63,0.00
2025-11-26,00:02:00,25431.75,25435.25,25430.25,25435,245,25433.23,25397.73,0.00
2025-11-26,00:03:00,25434.75,25436,25431.75,25433,194,25433.24,25397.81,0.00
2025-11-26,00:04:00,25434.5,25436.75,25434,25436,153,25433.26,25397.88,0.00
2025-11-26,00:05:00,25436.5,25440.75,25436,25440.25,268,25433.36,25398.01,0.00
2025-11-26,00:06:00,25440.75,25442,25438,25441.5,293,25433.49,25398.15,0.00
2025-11-26,00:07:00,25441.25,25441.75,25438,25439,228,25433.57,25398.25,0.00
2025-11-26,00:08:00,25439.5,25441.25,25439.5,25440.5,76,25433.60,25398.29,0.00
2025-11-26,00:09:00,25440,25441,25437.75,25438.25,114,25433.64,25398.34,0.00
2025-11-26,00:10:00,25438.25,25438.75,25435.5,25437.25,152,25433.67,25398.41,0.00
2025-11-26,00:11:00,25437.5,25437.75,25433,25434,243,25433.69,25398.51,0.00
2025-11-26,00:12:00,25434.75,25436.25,25431,25431,219,25433.68,25398.60,0.00
2025-11-26,00:13:00,25431.75,25436,25430.25,25435.25,300,25433.68,25398.71,0.00
2025-11-26,00:14:00,25435.75,25439.25,25434.75,25436.5,314,25433.73,25398.85,0.00
2025-11-26,00:15:00,25436,25437,25432.75,25434.5,143,25433.74,25398.90,0.00
2025-11-26,00:16:00,25435.5,25438.75,25435,25436.25,139,25433.77,25398.96,0.00
2025-11-26,00:17:00,25436.5,25436.5,25432.25,25432.75,206,25433.77,25399.04,0.00
2025-11-26,00:18:00,25432.25,25433.25,25431,25432.75,208,25433.75,25399.12,0.00
2025-11-26,00:19:00,25432.75,25434.75,25431.5,25433,172,25433.74,25399.18,0.00
2025-11-26,00:20:00,25432.25,25433,25429.25,25433,482,25433.69,25399.36,0.00
2025-11-26,00:21:00,25432,25433,25428.25,25430.5,313,25433.64,25399.47,0.00
2025-11-26,00:22:00,25431,25437.5,25430.25,25435.25,448,25433.66,25399.64,0.00
2025-11-26,00:23:00,25435.5,25436.75,25434.25,25435.25,121,25433.67,25399.68,0.00
2025-11-26,00:24:00,25435.25,25435.75,25434,25434.5,72,25433.67,25399.71,0.00
2025-11-26,00:25:00,25434.5,25434.75,25429.5,25432,306,25433.65,25399.82,0.00
2025-11-26,00:26:00,25431.75,25432.5,25425.75,25427.75,445,25433.54,25399.96,0.00
2025-11-26,00:27:00,25427.75,25428,25423,25426.5,483,25433.37,25400.09,0.00
2025-11-26,00:28:00,25426.5,25429.5,25424.25,25425.25,305,25433.27,25400.18,0.00
2025-11-26,00:29:00,25425.5,25426.5,25422.5,25424,222,25433.18,25400.23,0.00
2025-11-26,00:30:00,25424,25425,25421.75,25422.25,228,25433.08,25400.29,0.00
2025-11-26,00:31:00,25423,25424.75,25419.75,25424.25,562,25432.83,25400.43,0.00
2025-11-26,00:32:00,25424.25,25426,25422.75,25424.25,180,25432.76,25400.47,0.00
2025-11-26,00:33:00,25424.5,25426.25,25420.5,25422.75,214,25432.67,25400.52,0.00
2025-11-26,00:34:00,25422.75,25423.5,25421.25,25422.25,157,25432.60,25400.56,0.00
2025-11-26,00:35:00,25422,25422.75,25415.25,25417.75,615,25432.24,25400.67,0.00
2025-11-26,00:36:00,25418.25,25420.5,25416.5,25419.25,374,25432.03,25400.74,0.00
2025-11-26,00:37:00,25419.75,25425.5,25419.5,25420.5,368,25431.88,25400.83,0.00
2025-11-26,00:38:00,25421,25421.25,25418.75,25420,141,25431.81,25400.85,0.00
2025-11-26,00:39:00,25420.75,25422.25,25420.25,25421,98,25431.77,25400.87,0.00
2025-11-26,00:40:00,25421.75,25423.5,25420.75,25420.75,124,25431.72,25400.90,0.00
2025-11-26,00:41:00,25421.5,25422.75,25418.75,25419.25,104,25431.67,25400.92,0.00
2025-11-26,00:42:00,25418.75,25419.25,25413.75,25416.25,356,25431.46,25400.98,0.00
2025-11-26,00:43:00,25416.5,25416.75,25414,25415.25,151,25431.36,25401.00,0.00
2025-11-26,00:44:00,25414.75,25417.75,25414.75,25415.75,128,25431.29,25401.02,0.00
2025-11-26,00:45:00,25416,25417.5,25415.5,25416.75,78,25431.24,25401.03,0.00
2025-11-26,00:46:00,25417,25422.75,25415.5,25421.5,294,25431.12,25401.09,0.00
2025-11-26,00:47:00,25421,25422.5,25419.75,25420,185,25431.04,25401.13,0.00
2025-11-26,00:48:00,25420.25,25423.25,25420.25,25420.5,107,25431.00,25401.15,0.00
2025-11-26,00:49:00,25420.5,25422.5,25419.75,25421.25,95,25430.97,25401.17,0.00
2025-11-26,00:50:00,25421.5,25421.5,25418.25,25419.75,94,25430.93,25401.19,0.00
2025-11-26,00:51:00,25419.75,25423.5,25419.25,25423.5,156,25430.88,25401.22,0.00
2025-11-26,00:52:00,25423.5,25425,25421.5,25423.5,218,25430.82,25401.27,0.00
2025-11-26,00:53:00,25423,25423.75,25419.75,25421.75,171,25430.76,25401.30,0.00
2025-11-26,00:54:00,25421.75,25422.5,25420.25,25420.25,48,25430.74,25401.31,0.00
2025-11-26,00:55:00,25420.75,25425.25,25420.75,25423.75,175,25430.69,25401.35,0.00
2025-11-26,00:56:00,25425,25426.5,25423.5,25424.75,184,25430.66,25401.40,0.00
2025-11-26,00:57:00,25425,25425,25421.75,25422.75,129,25430.62,25401.42,0.00
2025-11-26,00:58:00,25423.25,25424,25421.25,25422.75,56,25430.60,25401.44,0.00
2025-11-26,00:59:00,25423,25424,25421.75,25421.75,42,25430.59,25401.45,0.00
2025-11-26,01:00:00,25421.75,25422.5,25418.25,25422,308,25430.49,25401.51,0.00
2025-11-26,01:01:00,25421.25,25423.5,25420.25,25422.5,185,25430.43,25401.54,0.00
2025-11-26,01:02:00,25422.5,25425.75,25422.5,25425,113,25430.41,25401.57,0.00
2025-11-26,01:03:00,25425.75,25429.5,25424.75,25426,513,25430.34,25401.70,0.00
2025-11-26,01:04:00,25426.25,25427,25423.75,25426.5,158,25430.32,25401.74,0.00
2025-11-26,01:05:00,25425.25,25426.5,25419.75,25422.5,193,25430.27,25401.78,0.00
2025-11-26,01:06:00,25423,25424.75,25420.75,25424,199,25430.22,25401.82,0.00
2025-11-26,01:07:00,25424.25,25429,25423.75,25427.5,278,25430.19,25401.89,0.00
2025-11-26,01:08:00,25427.75,25433.25,25427.75,25431.5,451,25430.20,25402.02,0.00
2025-11-26,01:09:00,25431.25,25441,25431.25,25439.25,640,25430.34,25402.24,0.00
2025-11-26,01:10:00,25440,25443.75,25438,25441.5,578,25430.54,25402.45,0.00
2025-11-26,01:11:00,25441.75,25442.5,25437.25,25440.5,362,25430.65,25402.59,0.00
2025-11-26,01:12:00,25440.75,25444,25439,25440,324,25430.75,25402.71,0.00
2025-11-26,01:13:00,25439.25,25444.25,25438,25438.5,342,25430.85,25402.83,0.00
2025-11-26,01:14:00,25439.25,25441.25,25436.75,25437,263,25430.91,25402.92,0.00
2025-11-26,01:15:00,25437,25437.5,25434.75,25437,269,25430.96,25403.00,0.00
2025-11-26,01:16:00,25437.25,25440.75,25436.25,25440.25,198,25431.01,25403.07,0.00
2025-11-26,01:17:00,25440.75,25442.5,25436.5,25442.5,223,25431.07,25403.15,0.00
2025-11-26,01:18:00,25442.5,25442.75,25439.5,25441.5,103,25431.10,25403.19,0.00
2025-11-26,01:19:00,25441.75,25441.75,25438.25,25440.25,142,25431.14,25403.24,0.00
2025-11-26,01:20:00,25440.25,25442.5,25439.75,25441.5,148,25431.18,25403.29,0.00
2025-11-26,01:21:00,25440.75,25442.75,25440,25442.75,150,25431.23,25403.35,0.00
2025-11-26,01:22:00,25442.75,25453.25,25441.75,25452.5,1419,25449.17,25403.96,0.00
2025-11-26,01:23:00,25452.75,25454.5,25449,25450.25,535,25451.25,25404.19,0.00
2025-11-26,01:24:00,25450.5,25453.25,25449.25,25451,264,25451.22,25404.31,0.00
2025-11-26,01:25:00,25450.5,25452.75,25445.25,25446.25,263,25450.45,25404.41,0.00
2025-11-26,01:26:00,25445.75,25449.5,25444.5,25445.25,309,25449.54,25404.53,0.00
2025-11-26,01:27:00,25444.25,25446.5,25443.25,25444,262,25448.74,25404.63,0.00
2025-11-26,01:28:00,25443.75,25446,25442.5,25443.25,192,25448.23,25404.70,0.00
2025-11-26,01:29:00,25443.25,25443.5,25439.25,25441.5,368,25447.09,25404.82,0.00
2025-11-26,01:30:00,25441.75,25444.5,25441.75,25444,145,25446.86,25404.88,0.00
2025-11-26,01:31:00,25444,25451.25,25443.5,25449.5,403,25447.04,25405.03,0.00
2025-11-26,01:32:00,25450.25,25450.75,25445.5,25447.75,205,25447.11,25405.11,0.00
2025-11-26,01:33:00,25447.75,25453.25,25447.75,25452.5,243,25447.42,25405.22,0.00
2025-11-26,01:34:00,25451.5,25455.75,25450.25,25453.5,616,25453.17,25405.48,0.00
2025-11-26,01:35:00,25453.5,25454,25449.25,25452,280,25452.72,25405.60,0.00
2025-11-26,01:36:00,25453,25454.25,25451.75,25454,158,25452.82,25405.67,0.00
2025-11-26,01:37:00,25453.25,25454.5,25449.25,25450,238,25452.53,25405.76,0.00
2025-11-26,01:38:00,25449.25,25451.75,25446.75,25451,173,25452.21,25405.83,0.00
2025-11-26,01:39:00,25451.25,25456,25451.25,25452.5,301,25453.25,25405.96,0.00
2025-11-26,01:40:00,25453.5,25454,25450.5,25452.75,151,25452.97,25406.02,0.00
2025-11-26,01:41:00,25453,25454.25,25451.75,25452,149,25452.90,25406.09,0.00
2025-11-26,01:42:00,25452,25454.25,25450.75,25453.25,160,25452.87,25406.15,0.00
2025-11-26,01:43:00,25454.5,25455.5,25452.75,25454.25,219,25453.16,25406.25,0.00
2025-11-26,01:44:00,25454.5,25455.5,25452.75,25454.75,189,25453.35,25406.33,0.00
2025-11-26,01:45:00,25454.25,25454.5,25451.25,25451.25,117,25453.25,25406.37,0.00
2025-11-26,01:46:00,25451.25,25451.75,25448.75,25449.5,404,25452.48,25406.53,0.00
2025-11-26,01:47:00,25449.5,25451.25,25447.25,25449.25,278,25452.02,25406.63,0.00
2025-11-26,01:48:00,25448,25448.75,25444.75,25446.75,238,25451.45,25406.72,0.00
2025-11-26,01:49:00,25446.5,25451.5,25446.5,25450,179,25451.29,25406.79,0.00
2025-11-26,01:50:00,25450.25,25452.75,25450.25,25450.5,85,25451.29,25406.82,0.00
2025-11-26,01:51:00,25450.25,25450.5,25444.75,25446.75,193,25451.00,25406.89,0.00
2025-11-26,01:52:00,25446,25448.5,25445,25445.5,172,25450.72,25406.95,0.00
2025-11-26,01:53:00,25445.75,25448.5,25445.75,25447,130,25450.56,25406.99,0.00
2025-11-26,01:54:00,25447,25451.25,25446.5,25450,192,25450.48,25407.06,0.00
2025-11-26,01:55:00,25450.5,25451.25,25449,25450,53,25450.47,25407.08,0.00
2025-11-26,01:56:00,25450,25451.25,25448.5,25450,129,25450.45,25407.13,0.00
2025-11-26,01:57:00,25450,25452.25,25449.25,25452,105,25450.47,25407.17,0.00
2025-11-26,01:58:00,25451.75,25454,25450.5,25453.75,142,25450.56,25407.23,0.00
2025-11-26,01:59:00,25453,25453.5,25449.75,25451.75,109,25450.60,25407.27,0.00
2025-11-26,02:00:00,25451.5,25453.5,25451.5,25452.5,84,25450.64,25407.30,0.00
2025-11-26,02:01:00,25453,25454,25451,25452.5,125,25450.70,25407.35,0.00
2025-11-26,02:02:00,25452,25452.75,25446.25,25447,171,25450.61,25407.41,0.00
2025-11-26,02:03:00,25447.25,25452.5,25446.25,25446.5,308,25450.46,25407.52,0.00
2025-11-26,02:04:00,25446.25,25452,25445.75,25449.25,208,25450.39,25407.60,0.00
2025-11-26,02:05:00,25449,25453.25,25449,25451,175,25450.42,25407.66,0.00
2025-11-26,02:06:00,25451.5,25456,25449.75,25450,249,25450.49,25407.76,0.00
2025-11-26,02:07:00,25450.75,25453.25,25449.25,25452,132,25450.52,25407.80,0.00
2025-11-26,02:08:00,25452.25,25453,25450.75,25452.75,68,25450.54,25407.83,0.00
2025-11-26,02:09:00,25453,25453.5,25448.75,25450.25,104,25450.55,25407.87,0.00
2025-11-26,02:10:00,25451.25,25454.25,25450.5,25453.25,208,25450.63,25407.95,0.00
2025-11-26,02:11:00,25453,25453,25449.5,25451.75,188,25450.65,25408.02,0.00
2025-11-26,02:12:00,25453.25,25455,25450,25451.25,162,25450.69,25408.08,0.00
2025-11-26,02:13:00,25452.25,25453.25,25451,25451.75,63,25450.70,25408.10,0.00
2025-11-26,02:14:00,25451.75,25453.25,25450,25451.75,82,25450.72,25408.13,0.00
2025-11-26,02:15:00,25452.25,25452.75,25449,25449.75,260,25450.71,25408.23,0.00
2025-11-26,02:16:00,25449.5,25451.75,25447.75,25450,217,25450.68,25408.30,0.00
2025-11-26,02:17:00,25450,25451.75,25448.5,25448.5,110,25450.66,25408.34,0.00
2025-11-26,02:18:00,25448.25,25451.75,25445.75,25446.25,252,25450.56,25408.43,0.00
2025-11-26,02:19:00,25446.25,25446.25,25439.75,25443.75,708,25449.88,25408.63,0.00
2025-11-26,02:20:00,25443.75,25447,25443.25,25445.75,307,25449.70,25408.73,0.00
2025-11-26,02:21:00,25446.25,25447.25,25444.5,25445.25,139,25449.63,25408.77,0.00
2025-11-26,02:22:00,25445.75,25445.75,25440,25441.25,234,25449.42,25408.84,0.00
2025-11-26,02:23:00,25441.5,25442.5,25439.5,25440.5,144,25449.28,25408.87,0.00
2025-11-26,02:24:00,25440.5,25443.75,25440.25,25442.75,93,25449.20,25408.90,0.00
2025-11-26,02:25:00,25443.25,25447,25442.75,25444.5,186,25449.10,25408.96,0.00
2025-11-26,02:26:00,25444.75,25448.25,25444.75,25445.25,209,25449.03,25409.02,0.00
2025-11-26,02:27:00,25445.75,25446.5,25443.25,25444.25,139,25448.96,25409.06,0.00
2025-11-26,02:28:00,25444.75,25451.25,25444.75,25448.75,302,25448.94,25409.16,0.00
2025-11-26,02:29:00,25448.25,25448.5,25444.75,25447.5,198,25448.90,25409.22,0.00
2025-11-26,02:30:00,25447.5,25454.5,25447.25,25451.75,279,25448.96,25409.32,0.00
2025-11-26,02:31:00,25451.5,25463,25451.25,25458.5,1135,25457.58,25409.76,0.00
2025-11-26,02:32:00,25458.5,25462.75,25456.75,25461.75,327,25458.22,25409.90,0.00
2025-11-26,02:33:00,25463,25467.75,25460.25,25466,885,25464.67,25410.29,0.00
2025-11-26,02:34:00,25465.75,25466.5,25461.25,25463,339,25464.37,25410.44,0.00
2025-11-26,02:35:00,25463.5,25466.5,25461.75,25464.75,279,25464.36,25410.56,0.00
2025-11-26,02:36:00,25464.25,25466.25,25461.75,25463,188,25464.28,25410.64,0.00
2025-11-26,02:37:00,25462.25,25468,25460.25,25466.25,370,25464.83,25410.80,0.00
2025-11-26,02:38:00,25466.5,25467.75,25463.75,25464.25,258,25465.00,25410.91,0.00
2025-11-26,02:39:00,25464.25,25464.5,25457.5,25461,413,25463.42,25411.08,0.00
2025-11-26,02:40:00,25461.25,25464.25,25459,25463.25,208,25463.21,25411.16,0.00
2025-11-26,02:41:00,25462.75,25466.5,25462.25,25466,248,25463.49,25411.27,0.00
2025-11-26,02:42:00,25466.25,25469,25465.75,25465.75,298,25466.83,25411.40,0.00
2025-11-26,02:43:00,25465.5,25467.25,25465.25,25466.25,134,25466.65,25411.46,0.00
2025-11-26,02:44:00,25466.25,25467.25,25465.5,25466,105,25466.57,25411.50,0.00
2025-11-26,02:45:00,25465.75,25466.25,25460.5,25462.25,377,25465.10,25411.65,0.00
2025-11-26,02:46:00,25462,25466,25461.25,25464.5,238,25464.86,25411.75,0.00
2025-11-26,02:47:00,25464.25,25467.5,25464.25,25466.5,148,25465.00,25411.81,0.00
2025-11-26,02:48:00,25466.25,25468.5,25465,25467.25,161,25465.21,25411.88,0.00
2025-11-26,02:49:00,25467.75,25470.5,25466.5,25468.75,531,25468.58,25412.12,0.00
2025-11-26,02:50:00,25469.5,25471.75,25468,25471,298,25470.25,25412.25,0.00
2025-11-26,02:51:00,25471,25472,25467.75,25470.5,382,25470.08,25412.43,0.00
2025-11-26,02:52:00,25471.25,25472.25,25469.5,25469.75,148,25470.50,25412.49,0.00
2025-11-26,02:53:00,25469.75,25470.75,25468,25470.75,125,25470.19,25412.55,0.00
2025-11-26,02:54:00,25470,25473,25469,25472.5,218,25471.50,25412.65,0.00
2025-11-26,02:55:00,25472.25,25474.75,25471.25,25473.5,242,25473.17,25412.76,0.00
2025-11-26,02:56:00,25473.25,25473.75,25469.75,25472,219,25472.53,25412.86,0.00
2025-11-26,02:57:00,25471.5,25473,25470,25471.25,152,25472.26,25412.93,0.00
2025-11-26,02:58:00,25471.25,25471.75,25468.5,25469,161,25471.74,25413.00,0.00
2025-11-26,02:59:00,25468.5,25469.5,25465.5,25466,260,25470.54,25413.11,0.00
2025-11-26,03:00:00,25465.75,25466.25,25464,25464,217,25469.54,25413.19,0.00
2025-11-26,03:01:00,25464.25,25471,25464.25,25469.75,354,25469.27,25413.34,0.00
2025-11-26,03:02:00,25470,25473,25468.75,25471.25,271,25469.52,25413.46,0.00
2025-11-26,03:03:00,25471.25,25471.25,25467.25,25468.25,199,25469.46,25413.55,0.00
2025-11-26,03:04:00,25467.75,25470.25,25464.75,25465.25,183,25469.24,25413.62,0.00
2025-11-26,03:05:00,25465.5,25469.25,25465,25465.75,159,25469.08,25413.69,0.00
2025-11-26,03:06:00,25465.75,25467.75,25465.5,25466.5,149,25468.93,25413.75,0.00
2025-11-26,03:07:00,25466,25470.5,25465.25,25466,153,25468.84,25413.81,0.00
2025-11-26,03:08:00,25466,25468,25464,25465.75,115,25468.72,25413.85,0.00
2025-11-26,03:09:00,25465.5,25467.75,25464.25,25465.25,108,25468.61,25413.89,0.00
2025-11-26,03:10:00,25465,25468.75,25464,25467.5,156,25468.51,25413.96,0.00
2025-11-26,03:11:00,25468,25472.25,25467,25467.75,270,25468.55,25414.07,0.00
2025-11-26,03:12:00,25466.75,25468.25,25463.25,25465.5,166,25468.42,25414.13,0.00
2025-11-26,03:13:00,25465.75,25469,25464.5,25469,108,25468.39,25414.18,0.00
2025-11-26,03:14:00,25469.25,25470.5,25467.5,25469.5,143,25468.42,25414.24,0.00
2025-11-26,03:15:00,25469.25,25471.25,25465.25,25467.5,217,25468.40,25414.32,0.00
2025-11-26,03:16:00,25468.25,25468.5,25466,25467,107,25468.37,25414.37,0.00
2025-11-26,03:17:00,25467.5,25468,25464.25,25466.5,122,25468.30,25414.41,0.00
2025-11-26,03:18:00,25465.75,25467,25464.5,25465,77,25468.25,25414.44,0.00
2025-11-26,03:19:00,25465,25465.75,25462,25463,258,25467.99,25414.54,0.00
2025-11-26,03:20:00,25463,25465.5,25462,25463.75,134,25467.87,25414.59,0.00
2025-11-26,03:21:00,25464,25465.25,25461.75,25464.75,164,25467.74,25414.65,0.00
2025-11-26,03:22:00,25464.5,25467,25464.25,25466.25,134,25467.69,25414.70,0.00
2025-11-26,03:23:00,25466.25,25469.25,25464.25,25468.75,146,25467.68,25414.76,0.00
2025-11-26,03:24:00,25468.25,25472.25,25465.75,25471.75,287,25467.80,25414.87,0.00
2025-11-26,03:25:00,25471.75,25473.25,25468.75,25470.5,258,25467.93,25414.98,0.00
2025-11-26,03:26:00,25469.25,25469.5,25467.25,25468.75,138,25467.95,25415.04,0.00
2025-11-26,03:27:00,25468.25,25473.5,25468.25,25473.25,206,25468.07,25415.12,0.00
2025-11-26,03:28:00,25473.25,25478.25,25471.75,25474.75,823,25474.92,25415.48,0.00
2025-11-26,03:29:00,25475,25483,25474.25,25480.5,646,25479.25,25415.79,0.00
2025-11-26,03:30:00,25480.75,25482.75,25479.25,25482.5,348,25480.04,25415.95,0.00
2025-11-26,03:31:00,25482,25484,25478.75,25482,461,25481.58,25416.17,0.00
2025-11-26,03:32:00,25482,25482.5,25478.75,25482.25,342,25481.41,25416.33,0.00
2025-11-26,03:33:00,25481,25485.75,25480,25484.5,404,25483.42,25416.53,0.00
2025-11-26,03:34:00,25484.25,25485.25,25480.5,25481,269,25482.95,25416.66,0.00
2025-11-26,03:35:00,25480.75,25483.25,25478,25480.25,402,25482.03,25416.84,0.00
2025-11-26,03:36:00,25481,25487.5,25480.25,25485.5,491,25484.42,25417.08,0.00
2025-11-26,03:37:00,25485.75,25489.25,25484.25,25486.5,630,25486.67,25417.39,0.00
2025-11-26,03:38:00,25486,25486.25,25483.75,25484.25,164,25486.27,25417.47,0.00
2025-11-26,03:39:00,25484.5,25486,25481.75,25485,151,25485.95,25417.54,0.00
2025-11-26,03:40:00,25485.25,25486,25483.75,25484,92,25485.83,25417.59,0.00
2025-11-26,03:41:00,25484.5,25487.25,25483.75,25486.75,176,25485.84,25417.67,0.00
2025-11-26,03:42:00,25487.25,25488.75,25483.75,25486,304,25485.91,25417.82,0.00
2025-11-26,03:43:00,25485.75,25488.5,25485.25,25485.75,204,25485.98,25417.92,0.00
2025-11-26,03:44:00,25486.5,25486.5,25477,25478.25,559,25484.65,25418.17,0.00
2025-11-26,03:45:00,25478.25,25481.75,25476.75,25477.5,287,25483.98,25418.29,0.00
2025-11-26,03:46:00,25477.75,25479.75,25473.5,25475,365,25483.00,25418.44,0.00
2025-11-26,03:47:00,25475,25475.5,25472.25,25474,274,25482.22,25418.55,0.00
2025-11-26,03:48:00,25474.75,25477.75,25472.5,25476.25,308,25481.64,25418.67,0.00
2025-11-26,03:49:00,25475.75,25480.25,25475.25,25476.25,296,25481.29,25418.79,0.00
2025-11-26,03:50:00,25476.75,25480.25,25472.25,25473.75,387,25480.75,25418.94,0.00
2025-11-26,03:51:00,25473.5,25473.75,25468.25,25468.75,590,25479.46,25419.15,0.00
2025-11-26,03:52:00,25468.75,25472.5,25467.5,25469.25,288,25478.91,25419.25,0.00
2025-11-26,03:53:00,25469.25,25470,25465.25,25469.5,493,25477.96,25419.42,0.00
2025-11-26,03:54:00,25470,25474.25,25470,25470.75,303,25477.64,25419.53,0.00
2025-11-26,03:55:00,25471,25471,25467,25469.25,289,25477.24,25419.63,0.00
2025-11-26,03:56:00,25469.5,25471.25,25466.25,25468.25,282,25476.86,25419.72,0.00
2025-11-26,03:57:00,25467.75,25473.25,25467.75,25471.5,244,25476.64,25419.81,0.00
2025-11-26,03:58:00,25471.5,25473,25468.25,25472.25,224,25476.46,25419.89,0.00
2025-11-26,03:59:00,25472.75,25475.75,25469.5,25473.75,279,25476.33,25419.99,0.00
2025-11-26,04:00:00,25473.5,25475.5,25465.25,25465.25,322,25476.00,25420.09,0.00
2025-11-26,04:01:00,25465.25,25465.75,25450.25,25450.25,1846,25471.94,25420.53,0.00
2025-11-26,04:02:00,25450.75,25462,25449,25455.75,1082,25470.24,25420.79,0.00
2025-11-26,04:03:00,25456,25459,25453.25,25454.75,410,25469.69,25420.88,0.00
2025-11-26,04:04:00,25454.75,25457,25450,25457,430,25469.12,25420.98,0.00
2025-11-26,04:05:00,25456.25,25460,25455.25,25457.75,529,25468.61,25421.11,0.00
2025-11-26,04:06:00,25457.25,25457.25,25448,25449.5,642,25467.73,25421.23,0.00
2025-11-26,04:07:00,25449.5,25453.75,25449.25,25451,314,25467.32,25421.30,0.00
2025-11-26,04:08:00,25451,25454.75,25449,25453.25,333,25466.94,25421.36,0.00
2025-11-26,04:09:00,25453.75,25458.25,25450.75,25453,364,25466.59,25421.44,0.00
2025-11-26,04:10:00,25452,25455,25446.75,25449,427,25466.09,25421.52,0.00
2025-11-26,04:11:00,25448.75,25450.25,25440,25440,902,25464.71,25421.65,0.00
2025-11-26,04:12:00,25439.75,25456.75,25435,25456.75,1343,25463.44,25421.89,0.00
2025-11-26,04:13:00,25455.5,25460,25452.25,25458,735,25463.15,25422.06,0.00
2025-11-26,04:14:00,25458.25,25463.5,25456.75,25460,601,25463.05,25422.20,0.00
2025-11-26,04:15:00,25460.75,25464.25,25456,25460.5,418,25462.98,25422.30,0.00
2025-11-26,04:16:00,25459.75,25470.25,25459.5,25467.5,732,25463.09,25422.50,0.00
2025-11-26,04:17:00,25466.75,25468.75,25462.75,25466.5,519,25463.17,25422.65,0.00
2025-11-26,04:18:00,25466.5,25471,25465.5,25465.75,318,25463.24,25422.74,0.00
2025-11-26,04:19:00,25466.25,25468,25463.25,25465.75,257,25463.27,25422.80,0.00
2025-11-26,04:20:00,25464.75,25468.25,25463.75,25468,305,25463.32,25422.89,0.00
2025-11-26,04:21:00,25468,25472.75,25467.75,25471.25,460,25463.48,25423.03,0.00
2025-11-26,04:22:00,25471.5,25478,25470.5,25478,655,25463.86,25423.24,0.00
2025-11-26,04:23:00,25477.25,25478,25466.75,25471.5,483,25464.04,25423.39,0.00
2025-11-26,04:24:00,25472,25473.75,25468,25470.75,345,25464.15,25423.49,0.00
2025-11-26,04:25:00,25469.25,25471.75,25461.5,25463.25,671,25464.19,25423.66,0.00
2025-11-26,04:26:00,25463.75,25464.25,25457.25,25460.75,705,25464.08,25423.82,0.00
2025-11-26,04:27:00,25460.25,25460.25,25451.75,25452.25,495,25463.89,25423.92,0.00
2025-11-26,04:28:00,25452.75,25453,25446,25448.5,586,25463.54,25424.01,0.00
2025-11-26,04:29:00,25448.5,25460,25448.25,25456,709,25463.29,25424.14,0.00
2025-11-26,04:30:00,25456.5,25460.5,25453.25,25459.75,444,25463.19,25424.23,0.00
2025-11-26,04:31:00,25459.75,25463.75,25454.25,25456,665,25463.06,25424.37,0.00
2025-11-26,04:32:00,25456.25,25460.75,25452.25,25453.75,346,25462.96,25424.43,0.00
2025-11-26,04:33:00,25454.5,25461.25,25454,25457.25,414,25462.88,25424.51,0.00
2025-11-26,04:34:00,25458.75,25461.75,25452.25,25454.25,316,25462.80,25424.57,0.00
2025-11-26,04:35:00,25454.5,25457,25449,25456,367,25462.69,25424.64,0.00
2025-11-26,04:36:00,25455.5,25455.75,25448.25,25452.25,232,25462.60,25424.68,0.00
2025-11-26,04:37:00,25452.25,25453.25,25444.75,25447.25,435,25462.38,25424.74,0.00
2025-11-26,04:38:00,25448,25448.75,25441.5,25446,476,25462.10,25424.80,0.00
2025-11-26,04:39:00,25446.5,25449.25,25441.5,25442,433,25461.84,25424.85,0.00
2025-11-26,04:40:00,25442,25446.75,25442,25445,187,25461.73,25424.87,0.00
2025-11-26,04:41:00,25445.25,25448.5,25444.25,25447.5,243,25461.60,25424.90,0.00
2025-11-26,04:42:00,25447.75,25449.75,25445,25446,227,25461.49,25424.93,0.00
2025-11-26,04:43:00,25446.25,25451.75,25445.75,25445.75,273,25461.37,25424.97,0.00
2025-11-26,04:44:00,25445.5,25445.5,25439.5,25441,334,25461.16,25425.00,0.00
2025-11-26,04:45:00,25441.5,25442.25,25438,25439,396,25460.88,25425.03,0.00
2025-11-26,04:46:00,25439.5,25445,25438.5,25444.25,375,25460.66,25425.07,0.00
2025-11-26,04:47:00,25443.5,25451,25443.5,25449.5,437,25460.49,25425.13,0.00
2025-11-26,04:48:00,25449.75,25452,25446.5,25448.75,288,25460.38,25425.17,0.00
2025-11-26,04:49:00,25448.25,25448.75,25443,25446.5,208,25460.29,25425.20,0.00
2025-11-26,04:50:00,25446.75,25453,25446.5,25449.5,335,25460.18,25425.24,0.00
2025-11-26,04:51:00,25449.75,25453,25448.25,25451.5,166,25460.14,25425.27,0.00
2025-11-26,04:52:00,25451,25451.25,25444.25,25445.75,292,25460.02,25425.31,0.00
2025-11-26,04:53:00,25446.5,25450.5,25444.25,25446.25,226,25459.93,25425.33,0.00
2025-11-26,04:54:00,25446,25455,25442.25,25449,456,25459.78,25425.40,0.00
2025-11-26,04:55:00,25449.25,25450,25443.5,25448,269,25459.68,25425.43,0.00
2025-11-26,04:56:00,25447.25,25448,25441.75,25443.25,291,25459.55,25425.46,0.00
2025-11-26,04:57:00,25442.75,25446.5,25440,25441,303,25459.40,25425.49,0.00
2025-11-26,04:58:00,25442,25444.75,25435.75,25436,397,25459.17,25425.52,0.00
2025-11-26,04:59:00,25436.75,25439.25,25433.5,25434.25,524,25458.82,25425.55,0.00
2025-11-26,05:00:00,25434.5,25434.5,25424.75,25425.75,803,25458.15,25425.56,0.00
2025-11-26,05:01:00,25425.25,25428.5,25415,25416.5,2453,25455.73,25425.49,0.00
2025-11-26,05:02:00,25416.75,25422,25407.75,25419.25,1328,25454.42,25425.42,0.00
2025-11-26,05:03:00,25419.25,25428.5,25419.25,25421.25,970,25453.68,25425.41,0.00
2025-11-26,05:04:00,25421.75,25423.75,25415,25415,517,25453.24,25425.39,0.00
2025-11-26,05:05:00,25415.25,25421.25,25412.5,25417.75,539,25452.77,25425.36,0.00
2025-11-26,05:06:00,25417.5,25424,25415.5,25419.75,533,25452.36,25425.34,0.00
2025-11-26,05:07:00,25419.75,25424,25413.25,25413.75,443,25452.00,25425.32,0.00
2025-11-26,05:08:00,25414,25420.25,25413.5,25416.75,353,25451.71,25425.31,0.00
2025-11-26,05:09:00,25417,25418.5,25408.25,25410.5,639,25451.14,25425.26,0.00
2025-11-26,05:10:00,25410.5,25415,25406.75,25411.75,646,25450.56,25425.21,0.00
2025-11-26,05:11:00,25411.25,25422.5,25410.25,25421.75,609,25450.13,25425.19,0.00
2025-11-26,05:12:00,25421.25,25425,25417,25420.5,499,25449.81,25425.18,0.00
2025-11-26,05:13:00,25420.25,25423,25417.75,25422.25,268,25449.64,25425.17,0.00
2025-11-26,05:14:00,25420.75,25421,25413.25,25419.25,488,25449.31,25425.15,0.00
2025-11-26,05:15:00,25419,25421,25413.5,25415.75,342,25449.07,25425.14,0.00
2025-11-26,05:16:00,25416,25416.25,25408.75,25413.75,480,25448.71,25425.11,0.00
2025-11-26,05:17:00,25413.75,25420.25,25413.75,25419.5,442,25448.42,25425.09,0.00
2025-11-26,05:18:00,25420,25427,25419,25423.5,658,25448.08,25425.08,0.00
2025-11-26,05:19:00,25423.25,25424.75,25415.5,25418.25,368,25447.86,25425.07,0.00
2025-11-26,05:20:00,25418.25,25420.25,25411.75,25412.5,349,25447.63,25425.05,0.00
2025-11-26,05:21:00,25413.25,25415.25,25400.25,25402,1430,25446.45,25424.91,0.00
2025-11-26,05:22:00,25401.75,25402.25,25394.75,25397.5,1205,25445.33,25424.74,0.00
2025-11-26,05:23:00,25397.25,25401.75,25395.5,25401.5,620,25444.79,25424.66,0.00
2025-11-26,05:24:00,25401,25406.25,25399,25400.25,742,25444.19,25424.57,0.00
2025-11-26,05:25:00,25399.5,25399.75,25393.5,25395.25,786,25443.49,25424.45,0.00
2025-11-26,05:26:00,25394.5,25402.25,25391.75,25402.25,876,25442.77,25424.34,0.00
2025-11-26,05:27:00,25401,25408.5,25399.5,25406.5,628,25442.34,25424.28,0.00
2025-11-26,05:28:00,25405.75,25407.5,25390.75,25394.5,727,25441.76,25424.18,0.00
2025-11-26,05:29:00,25395.5,25400,25393.25,25395.5,454,25441.40,25424.11,0.00
2025-11-26,05:30:00,25395.25,25400.75,25394.5,25397.25,358,25441.12,25424.06,0.00
2025-11-26,05:31:00,25396.75,25405.75,25396.25,25402.75,500,25440.78,25424.01,0.00
2025-11-26,05:32:00,25403,25410.5,25403,25408.75,457,25440.52,25423.97,0.00
2025-11-26,05:33:00,25408.5,25413.75,25407.25,25412.25,490,25440.27,25423.94,0.00
2025-11-26,05:34:00,25412,25412.25,25404.5,25405.5,359,25440.07,25423.91,0.00
2025-11-26,05:35:00,25405.75,25408.25,25404,25405.25,227,25439.94,25423.89,0.00
2025-11-26,05:36:00,25405.75,25408.25,25400.25,25400.75,309,25439.75,25423.85,0.00
2025-11-26,05:37:00,25401.25,25408.75,25401.25,25406.75,252,25439.60,25423.83,0.00
2025-11-26,05:38:00,25407.75,25412,25406.25,25411.5,326,25439.44,25423.81,0.00
2025-11-26,05:39:00,25411.75,25414.25,25408.5,25411,321,25439.29,25423.79,0.00
2025-11-26,05:40:00,25411.75,25418.75,25411,25417.25,568,25439.07,25423.76,0.00
2025-11-26,05:41:00,25418,25418.25,25413,25416,326,25438.95,25423.75,0.00
2025-11-26,05:42:00,25416.25,25419,25415.25,25418.25,335,25438.83,25423.74,0.00
2025-11-26,05:43:00,25418.25,25421,25416.25,25420.75,352,25438.72,25423.73,0.00
2025-11-26,05:44:00,25420,25424.75,25417,25417.5,514,25438.56,25423.72,0.00
2025-11-26,05:45:00,25417.5,25417.5,25412.75,25415,435,25438.40,25423.70,0.00
2025-11-26,05:46:00,25414.75,25416,25411.75,25414.5,308,25438.28,25423.69,0.00
2025-11-26,05:47:00,25415.5,25419.75,25415.5,25417.25,345,25438.17,25423.68,0.00
2025-11-26,05:48:00,25418.25,25420.5,25417.5,25417.5,125,25438.13,25423.68,0.00
2025-11-26,05:49:00,25417.5,25417.75,25410.25,25411,397,25437.97,25423.66,0.00
2025-11-26,05:50:00,25411,25411.5,25405.25,25406.75,593,25437.70,25423.61,0.00
2025-11-26,05:51:00,25406,25409,25403.25,25407.5,470,25437.47,25423.57,0.00
2025-11-26,05:52:00,25407.75,25410.5,25394.5,25394.75,1060,25436.87,25423.45,0.00
2025-11-26,05:53:00,25395,25405.75,25392.75,25404.75,550,25436.57,25423.39,0.00
2025-11-26,05:54:00,25404.5,25408.5,25403.25,25404.25,334,25436.42,25423.36,0.00
2025-11-26,05:55:00,25404,25407.5,25402.25,25403.75,245,25436.30,25423.34,0.00
2025-11-26,05:56:00,25403.75,25408,25403.75,25404.75,186,25436.22,25423.32,0.00
2025-11-26,05:57:00,25405.5,25407.5,25403,25407,217,25436.12,25423.30,0.00
2025-11-26,05:58:00,25406.75,25406.75,25401.75,25403.75,261,25436.00,25423.28,0.00
2025-11-26,05:59:00,25402.75,25407,25401.75,25402.75,183,25435.91,25423.26,0.00
2025-11-26,06:00:00,25403,25404.75,25401.25,25402.5,86,25435.87,25423.25,0.00
2025-11-26,06:01:00,25403,25408.25,25401.75,25406.25,302,25435.73,25423.23,0.00
2025-11-26,06:02:00,25406.25,25411.75,25405.5,25410.25,431,25435.57,25423.20,0.00
2025-11-26,06:03:00,25410.5,25413,25407.25,25408.25,382,25435.42,25423.17,0.00
2025-11-26,06:04:00,25408.75,25412.25,25407.25,25410.5,180,25435.36,25423.16,0.00
2025-11-26,06:05:00,25410.75,25417.25,25410,25415,353,25435.25,25423.15,0.00
2025-11-26,06:06:00,25415.25,25415.25,25410.25,25414.25,180,25435.19,25423.14,0.00
2025-11-26,06:07:00,25414,25415.25,25411.5,25414.25,131,25435.15,25423.13,0.00
2025-11-26,06:08:00,25413.75,25418.5,25413.25,25417.5,296,25435.08,25423.12,0.00
2025-11-26,06:09:00,25417.5,25423.75,25417.5,25423.5,559,25434.97,25423.12,0.00
2025-11-26,06:10:00,25423,25432.5,25422.5,25431,1125,25434.87,25423.15,0.00
2025-11-26,06:11:00,25430.5,25440.75,25430.5,25440.25,906,25434.90,25423.21,0.00
2025-11-26,06:12:00,25440.25,25441.25,25426.5,25428,844,25434.87,25423.24,0.00
2025-11-26,06:13:00,25427.25,25431.75,25426,25428.25,364,25434.84,25423.25,0.00
2025-11-26,06:14:00,25428.25,25435.25,25424,25433,479,25434.81,25423.27,0.00
2025-11-26,06:15:00,25432.5,25437.25,25431.75,25435.75,329,25434.81,25423.29,0.00
2025-11-26,06:16:00,25435.75,25440.25,25434.75,25437.75,440,25434.83,25423.31,0.00
2025-11-26,06:17:00,25438,25439.25,25432.5,25434.5,370,25434.83,25423.34,0.00
2025-11-26,06:18:00,25434,25436.25,25434,25434.75,162,25434.83,25423.34,0.00
2025-11-26,06:19:00,25434.25,25441.75,25434,25438.25,393,25434.85,25423.37,0.00
2025-11-26,06:20:00,25438.5,25439.25,25433.5,25436,244,25434.85,25423.39,0.00
2025-11-26,06:21:00,25436.5,25440,25434,25435.5,257,25434.86,25423.40,0.00
2025-11-26,06:22:00,25435.25,25440,25434.5,25440,140,25434.86,25423.41,0.00
2025-11-26,06:23:00,25439,25440.25,25437,25437.25,194,25434.87,25423.42,0.00
2025-11-26,06:24:00,25437.75,25443,25433.5,25434.5,529,25434.88,25423.46,0.00
2025-11-26,06:25:00,25434.75,25439.5,25433.5,25436.75,288,25434.89,25423.47,0.00
2025-11-26,06:26:00,25437.5,25440.5,25437,25437.75,217,25434.90,25423.49,0.00
2025-11-26,06:27:00,25438,25441,25437,25438.5,209,25434.91,25423.50,0.00
2025-11-26,06:28:00,25438.5,25439.5,25433.75,25435.25,198,25434.91,25423.52,0.00
2025-11-26,06:29:00,25436,25436.25,25430.75,25432,347,25434.91,25423.53,0.00
2025-11-26,06:30:00,25431.5,25432.25,25426,25427,514,25434.86,25423.54,0.00
2025-11-26,06:31:00,25426.75,25427,25414.25,25416.75,921,25434.69,25423.52,0.00
2025-11-26,06:32:00,25416.75,25419.25,25412.5,25417.75,613,25434.55,25423.50,0.00
2025-11-26,06:33:00,25418,25423.75,25416.75,25423.25,475,25434.47,25423.50,0.00
2025-11-26,06:34:00,25424,25430.25,25423.25,25427,497,25434.42,25423.51,0.00
2025-11-26,06:35:00,25427.75,25431.25,25427.75,25429,231,25434.41,25423.51,0.00
2025-11-26,06:36:00,25429.75,25431,25427.25,25428,196,25434.40,25423.52,0.00
2025-11-26,06:37:00,25428.25,25431.25,25425.75,25431,210,25434.38,25423.52,0.00
2025-11-26,06:38:00,25430.5,25432.75,25428.5,25431.75,324,25434.37,25423.53,0.00
2025-11-26,06:39:00,25431.75,25433.75,25430.25,25430.5,224,25434.36,25423.54,0.00
2025-11-26,06:40:00,25432.25,25436.25,25432,25434.5,204,25434.36,25423.55,0.00
2025-11-26,06:41:00,25434.5,25442.75,25434.5,25442.75,413,25434.39,25423.58,0.00
2025-11-26,06:42:00,25442.5,25450.25,25442.5,25446,809,25434.50,25423.66,0.00
2025-11-26,06:43:00,25446.5,25450.5,25446.25,25449.75,321,25434.56,25423.70,0.00
2025-11-26,06:44:00,25449.5,25450,25437,25440,720,25434.62,25423.76,0.00
2025-11-26,06:45:00,25439.25,25440.25,25435,25436.25,410,25434.64,25423.78,0.00
2025-11-26,06:46:00,25437.25,25441,25433.5,25436.75,440,25434.65,25423.81,0.00
2025-11-26,06:47:00,25436.5,25440,25435.25,25437.25,149,25434.65,25423.82,0.00
2025-11-26,06:48:00,25437.5,25437.75,25434.25,25436.5,162,25434.66,25423.83,0.00
2025-11-26,06:49:00,25437,25442.75,25436,25439.5,227,25434.67,25423.84,0.00
2025-11-26,06:50:00,25440.5,25448.75,25440.5,25448.75,376,25434.72,25423.88,0.00
2025-11-26,06:51:00,25448.25,25449,25445,25448.25,249,25434.75,25423.91,0.00
2025-11-26,06:52:00,25448.25,25452.5,25447.5,25452.25,386,25434.82,25423.95,0.00
2025-11-26,06:53:00,25451.5,25454.25,25446.75,25454,491,25434.92,25424.01,0.00
2025-11-26,06:54:00,25453.25,25453.25,25451,25452.75,172,25434.95,25424.03,0.00
2025-11-26,06:55:00,25452.5,25456.5,25450.75,25454.5,413,25435.04,25424.09,0.00
2025-11-26,06:56:00,25455.5,25457,25452.75,25453,228,25435.09,25424.12,0.00
2025-11-26,06:57:00,25453,25454.75,25450.5,25454.75,252,25435.14,25424.15,0.00
2025-11-26,06:58:00,25455.5,25455.75,25451.25,25453,158,25435.17,25424.17,0.00
2025-11-26,06:59:00,25452.5,25452.5,25447.25,25449.25,239,25435.21,25424.20,0.00
2025-11-26,07:00:00,25449.25,25451.5,25446.25,25449.75,392,25435.27,25424.24,0.00
2025-11-26,07:01:00,25450,25452.75,25444,25446,710,25435.36,25424.31,0.00
2025-11-26,07:02:00,25446,25448.25,25443.75,25444.75,249,25435.39,25424.33,0.00
2025-11-26,07:03:00,25445.25,25447.25,25445,25446,185,25435.41,25424.35,0.00
2025-11-26,07:04:00,25446.75,25451,25444,25445.25,240,25435.44,25424.37,0.00
2025-11-26,07:05:00,25445,25449,25442.5,25448.25,247,25435.47,25424.40,0.00
2025-11-26,07:06:00,25448.25,25452.25,25445.75,25449.5,216,25435.51,25424.42,0.00
2025-11-26,07:07:00,25450,25451.75,25445.25,25451.25,432,25435.57,25424.47,0.00
2025-11-26,07:08:00,25451.25,25455.75,25445.5,25446.75,585,25435.66,25424.53,0.00
2025-11-26,07:09:00,25446,25450,25439.75,25442.5,843,25435.73,25424.60,0.00
2025-11-26,07:10:00,25442.25,25452.25,25441.75,25449.25,424,25435.79,25424.64,0.00
2025-11-26,07:11:00,25449,25452,25447.25,25450.75,202,25435.82,25424.66,0.00
2025-11-26,07:12:00,25450.75,25452,25447,25449,210,25435.85,25424.69,0.00
2025-11-26,07:13:00,25449.25,25455.5,25446,25454.25,283,25435.89,25424.72,0.00
2025-11-26,07:14:00,25453.75,25454.25,25448.25,25449.25,258,25435.93,25424.75,0.00
2025-11-26,07:15:00,25449.75,25452,25447,25450.75,294,25435.98,25424.78,0.00
2025-11-26,07:16:00,25451,25455.25,25450.75,25451,183,25436.01,25424.80,0.00
2025-11-26,07:17:00,25451.25,25452.25,25445,25447.75,300,25436.05,25424.83,0.00
2025-11-26,07:18:00,25447.75,25450.5,25445.5,25450.25,227,25436.08,25424.85,0.00
2025-11-26,07:19:00,25450,25454.25,25449,25451.25,229,25436.11,25424.88,0.00
2025-11-26,07:20:00,25452,25452.5,25447.25,25448.25,164,25436.14,25424.90,0.00
2025-11-26,07:21:00,25448,25449,25444.25,25448,276,25436.17,25424.92,0.00
2025-11-26,07:22:00,25448.25,25450.5,25447.75,25449,192,25436.19,25424.94,0.00
2025-11-26,07:23:00,25449.5,25453.25,25448.25,25452.25,261,25436.23,25424.97,0.00
2025-11-26,07:24:00,25452.5,25455.75,25452,25454.75,256,25436.28,25425.00,0.00
2025-11-26,07:25:00,25454.75,25466,25454.75,25465.25,1225,25436.60,25425.19,0.00
2025-11-26,07:26:00,25465.25,25468.5,25461,25461.75,623,25436.77,25425.29,0.00
2025-11-26,07:27:00,25461,25462.5,25455.5,25460.25,722,25436.93,25425.40,0.00
2025-11-26,07:28:00,25460,25465.5,25460,25462.75,242,25436.99,25425.43,0.00
2025-11-26,07:29:00,25463.75,25464,25458.75,25458.75,222,25437.04,25425.47,0.00
2025-11-26,07:30:00,25459,25459.5,25453.5,25458.5,382,25437.12,25425.52,0.00
2025-11-26,07:31:00,25458.5,25462.25,25457,25460.75,419,25437.21,25425.58,0.00
2025-11-26,07:32:00,25460,25460.25,25451.5,25454.25,414,25437.29,25425.63,0.00
2025-11-26,07:33:00,25453.75,25456.25,25441.25,25444.5,722,25437.36,25425.69,0.00
2025-11-26,07:34:00,25444.25,25446.25,25435.25,25445.75,1307,25437.42,25425.78,0.00
2025-11-26,07:35:00,25446,25453.5,25445.75,25450.25,548,25437.49,25425.84,0.00
2025-11-26,07:36:00,25450.75,25451.25,25441.75,25442,387,25437.51,25425.87,0.00
2025-11-26,07:37:00,25442.75,25446.5,25438,25443.75,488,25437.54,25425.90,0.00
2025-11-26,07:38:00,25444,25444.25,25437.25,25437.25,465,25437.55,25425.93,0.00
2025-11-26,07:39:00,25437.75,25438.5,25430.5,25435.75,800,25437.53,25425.95,0.00
2025-11-26,07:40:00,25435.75,25440.25,25435.25,25438,258,25437.53,25425.97,0.00
2025-11-26,07:41:00,25438.25,25446.25,25434,25445.25,559,25437.55,25426.00,0.00
2025-11-26,07:42:00,25445.25,25446.75,25436.75,25443.75,759,25437.58,25426.05,0.00
2025-11-26,07:43:00,25444.25,25445.5,25439.5,25443,437,25437.60,25426.08,0.00
2025-11-26,07:44:00,25442.75,25445.5,25441.25,25441.75,233,25437.62,25426.10,0.00
2025-11-26,07:45:00,25441.25,25449.5,25440.25,25448.25,367,25437.64,25426.13,0.00
2025-11-26,07:46:00,25447.75,25459.25,25447.75,25459,750,25437.76,25426.22,0.00
2025-11-26,07:47:00,25458.75,25461.75,25453.5,25461.5,584,25437.88,25426.29,0.00
2025-11-26,07:48:00,25461.25,25463,25452.25,25453.25,431,25437.95,25426.34,0.00
2025-11-26,07:49:00,25453.75,25454.75,25442.5,25443.75,599,25437.99,25426.39,0.00
2025-11-26,07:50:00,25444.25,25444.25,25435.25,25438.75,712,25438.00,25426.43,0.00
2025-11-26,07:51:00,25439.25,25440.25,25433.5,25435.5,669,25437.99,25426.46,0.00
2025-11-26,07:52:00,25435.75,25439.5,25430.5,25439.5,949,25437.98,25426.49,0.00
2025-11-26,07:53:00,25439.5,25441.5,25434.25,25435.75,495,25437.98,25426.51,0.00
2025-11-26,07:54:00,25435.25,25438,25433,25435.25,297,25437.97,25426.52,0.00
2025-11-26,07:55:00,25436.25,25437.75,25431,25432,410,25437.96,25426.54,0.00
2025-11-26,07:56:00,25432.75,25435.25,25429.25,25433,480,25437.93,25426.55,0.00
2025-11-26,07:57:00,25432.5,25435.5,25430.25,25433.5,295,25437.92,25426.55,0.00
2025-11-26,07:58:00,25432.75,25440.25,25432.5,25436.75,518,25437.91,25426.57,0.00
2025-11-26,07:59:00,25436.75,25439,25426.75,25432.5,838,25437.88,25426.59,0.00
2025-11-26,08:00:00,25432.5,25434,25428,25432.75,407,25437.86,25426.60,0.00
2025-11-26,08:01:00,25432.5,25438.25,25427.5,25429.75,924,25437.81,25426.62,0.00
2025-11-26,08:02:00,25430.25,25435.5,25425.75,25432.25,680,25437.77,25426.63,0.00
2025-11-26,08:03:00,25432,25432.75,25408.25,25414,1724,25437.50,25426.58,0.00
2025-11-26,08:04:00,25414.25,25415.75,25374,25409.25,6204,25435.65,25425.95,0.00
2025-11-26,08:05:00,25409.5,25411.5,25387.75,25405.25,1823,25435.17,25425.79,0.00
2025-11-26,08:06:00,25405.25,25405.25,25392.5,25396.5,1104,25434.86,25425.67,0.00
2025-11-26,08:07:00,25397,25412.75,25396,25409.75,1231,25434.59,25425.58,0.00
2025-11-26,08:08:00,25410.25,25417.5,25405.25,25406.25,1047,25434.39,25425.52,0.00
2025-11-26,08:09:00,25407,25407.25,25387.5,25390.75,1474,25433.96,25425.36,0.00
2025-11-26,08:10:00,25389.75,25398,25384,25386.5,1156,25433.58,25425.21,0.00
2025-11-26,08:11:00,25386.25,25393.25,25375.75,25391.5,1755,25432.98,25424.97,0.00
2025-11-26,08:12:00,25391.5,25400.5,25391.5,25398.75,974,25432.73,25424.87,0.00
2025-11-26,08:13:00,25399.25,25399.5,25388.75,25394,891,25432.48,25424.77,0.00
2025-11-26,08:14:00,25394,25396.25,25388.25,25394.25,489,25432.34,25424.71,0.00
2025-11-26,08:15:00,25393.75,25399.5,25384.75,25387,675,25432.14,25424.63,0.00
2025-11-26,08:16:00,25387.25,25391.5,25384,25385.25,781,25431.89,25424.52,0.00
2025-11-26,08:17:00,25385.5,25387.25,25372,25378.75,1541,25431.32,25424.28,0.00
2025-11-26,08:18:00,25379.25,25388.75,25378.5,25385,982,25431.00,25424.14,0.00
2025-11-26,08:19:00,25385,25390,25379.75,25381,694,25430.77,25424.04,0.00
2025-11-26,08:20:00,25380.25,25382.5,25376,25379,644,25430.54,25423.94,0.00
2025-11-26,08:21:00,25379,25390.5,25378,25386.75,902,25430.26,25423.81,0.00
2025-11-26,08:22:00,25386.75,25388,25379.75,25382.75,630,25430.06,25423.72,0.00
2025-11-26,08:23:00,25383.5,25385.75,25375.25,25378.25,523,25429.88,25423.64,0.00
2025-11-26,08:24:00,25378,25388,25378,25385,552,25429.70,25423.57,0.00
2025-11-26,08:25:00,25385.5,25394.75,25385.5,25391.75,877,25429.47,25423.47,0.00
2025-11-26,08:26:00,25391.25,25399.25,25391.25,25396,836,25429.28,25423.39,0.00
2025-11-26,08:27:00,25396,25397.5,25387.25,25387.5,668,25429.11,25423.31,0.00
2025-11-26,08:28:00,25387.25,25394.5,25386,25390.25,532,25428.97,25423.25,0.00
2025-11-26,08:29:00,25390.5,25397,25390.5,25396.25,367,25428.89,25423.21,0.00
2025-11-26,08:30:00,25396.5,25398.5,25391.25,25394.25,479,25428.78,25423.17,0.00
2025-11-26,08:31:00,25393.75,25394.5,25379.5,25380.5,714,25428.57,25423.07,0.00
2025-11-26,08:32:00,25381,25388,25375.75,25382.5,768,25428.34,25422.96,0.00
2025-11-26,08:33:00,25382.5,25385.25,25379,25383.75,442,25428.21,25422.90,0.00
2025-11-26,08:34:00,25383.75,25387.5,25380.5,25387.25,336,25428.11,25422.86,0.00
2025-11-26,08:35:00,25387.75,25388.25,25379.25,25380.25,480,25427.97,25422.79,0.00
2025-11-26,08:36:00,25380.25,25387.25,25380,25386,366,25427.87,25422.75,0.00
2025-11-26,08:37:00,25386,25394.5,25384.5,25391.75,571,25427.73,25422.68,0.00
2025-11-26,08:38:00,25391.75,25394.5,25387.25,25389.5,487,25427.61,25422.63,0.00
2025-11-26,08:39:00,25389,25389,25381,25383,544,25427.46,25422.56,0.00
2025-11-26,08:40:00,25382.5,25392.75,25378.25,25392.25,681,25427.29,25422.48,0.00
2025-11-26,08:41:00,25392,25397,25390.5,25396.5,856,25427.11,25422.40,0.00
2025-11-26,08:42:00,25396.25,25408.25,25395.25,25407.5,1435,25426.90,25422.31,0.00
2025-11-26,08:43:00,25407.75,25414,25401.25,25405,1228,25426.74,25422.24,0.00
2025-11-26,08:44:00,25405,25409.5,25401.5,25407,604,25426.66,25422.21,0.00
2025-11-26,08:45:00,25407,25414.25,25406.5,25407.25,626,25426.60,25422.19,0.00
2025-11-26,08:46:00,25406.5,25414.25,25406.5,25409.75,654,25426.53,25422.16,0.00
2025-11-26,08:47:00,25409.5,25420.5,25409,25420.25,814,25426.48,25422.14,0.00
2025-11-26,08:48:00,25419.75,25427.75,25414.75,25426.5,1483,25426.45,25422.15,0.00
2025-11-26,08:49:00,25427.25,25437.75,25420.75,25421.75,1948,25426.45,25422.18,0.00
2025-11-26,08:50:00,25421.5,25426.25,25421.5,25425.75,698,25426.45,25422.18,0.00
2025-11-26,08:51:00,25425.25,25431.75,25423.75,25424.5,678,25426.45,25422.19,0.00
2025-11-26,08:52:00,25425,25428,25420.75,25424.25,700,25426.44,25422.20,0.00
2025-11-26,08:53:00,25424.75,25430.25,25419,25419.75,625,25426.42,25422.20,0.00
2025-11-26,08:54:00,25419.25,25427.75,25419,25427,504,25426.42,25422.20,0.00
2025-11-26,08:55:00,25427.25,25431.5,25425.25,25426,626,25426.42,25422.21,0.00
2025-11-26,08:56:00,25425.75,25434.75,25425.25,25430,683,25426.44,25422.23,0.00
2025-11-26,08:57:00,25430.75,25432.5,25427.5,25430.75,354,25426.45,25422.24,0.00
2025-11-26,08:58:00,25431,25432.5,25426.25,25430.5,381,25426.45,25422.25,0.00
2025-11-26,08:59:00,25431.25,25433.25,25428.25,25429,439,25426.46,25422.26,0.00
2025-11-26,09:00:00,25429.25,25433.25,25426.5,25429,430,25426.47,25422.27,0.00
2025-11-26,09:01:00,25428.75,25428.75,25423.75,25426,597,25426.47,25422.28,0.00
2025-11-26,09:02:00,25425.75,25426.5,25421.5,25423,509,25426.46,25422.28,0.00
2025-11-26,09:03:00,25423,25429.25,25423,25428,443,25426.46,25422.29,0.00
2025-11-26,09:04:00,25427.75,25432.75,25424.5,25427.5,620,25426.47,25422.30,0.00
2025-11-26,09:05:00,25427.75,25428.75,25421.5,25428,486,25426.47,25422.30,0.00
2025-11-26,09:06:00,25427.5,25437.5,25424.5,25432.25,1441,25426.51,25422.35,0.00
2025-11-26,09:07:00,25432,25435,25425.5,25428,611,25426.52,25422.36,0.00
2025-11-26,09:08:00,25427.5,25444.5,25426.5,25438,1567,25426.60,25422.43,0.00
2025-11-26,09:09:00,25438,25441.5,25435.25,25435.5,792,25426.65,25422.47,0.00
2025-11-26,09:10:00,25435.25,25435.25,25428,25431.25,645,25426.67,25422.48,0.00
2025-11-26,09:11:00,25432,25436.75,25426.5,25436.75,594,25426.69,25422.50,0.00
2025-11-26,09:12:00,25436.75,25439,25432.5,25439,311,25426.71,25422.52,0.00
2025-11-26,09:13:00,25438.75,25443.25,25436.5,25440.25,545,25426.75,25422.55,0.00
2025-11-26,09:14:00,25441,25443.25,25438.25,25439.75,447,25426.78,25422.57,0.00
2025-11-26,09:15:00,25440.25,25445,25438.75,25440.75,698,25426.84,25422.61,0.00
2025-11-26,09:16:00,25440,25445,25439.75,25441.5,434,25426.87,25422.64,0.00
2025-11-26,09:17:00,25442,25447.25,25440.75,25445,753,25426.95,25422.69,0.00
2025-11-26,09:18:00,25445.25,25445.25,25439.75,25442.75,686,25427.00,25422.73,0.00
2025-11-26,09:19:00,25443.5,25448.5,25439.75,25446,563,25427.06,25422.77,0.00
2025-11-26,09:20:00,25446,25452.75,25445,25451,861,25427.16,25422.84,0.00
2025-11-26,09:21:00,25450.5,25458.25,25450.5,25456,1129,25427.33,25422.95,0.00
2025-11-26,09:22:00,25456.25,25456.5,25445,25446.75,892,25427.44,25423.03,0.00
2025-11-26,09:23:00,25447.25,25451.5,25438,25438,1189,25427.53,25423.10,0.00
2025-11-26,09:24:00,25438.25,25447.75,25435.75,25447.5,760,25427.59,25423.14,0.00
2025-11-26,09:25:00,25447.5,25451.5,25444.75,25451.5,574,25427.66,25423.19,0.00
2025-11-26,09:26:00,25451,25458.75,25447.5,25458.5,757,25427.77,25423.26,0.00
2025-11-26,09:27:00,25458.5,25462.25,25450.25,25451.75,888,25427.89,25423.35,0.00
2025-11-26,09:28:00,25452,25452.75,25446,25446.5,422,25427.94,25423.38,0.00
2025-11-26,09:29:00,25446.25,25448.75,25443.25,25448,523,25427.99,25423.41,0.00
2025-11-26,09:30:00,25448.25,25455.5,25448,25449,769,25428.08,25423.48,0.00
2025-11-26,09:31:00,25448.75,25456.75,25444,25452.5,810,25428.17,25423.54,0.00
2025-11-26,09:32:00,25453.5,25454.75,25439.5,25443.5,936,25428.26,25423.61,0.00
2025-11-26,09:33:00,25443.5,25446.75,25439,25442.25,683,25428.31,25423.65,0.00
2025-11-26,09:34:00,25442,25442,25432.25,25436.75,1279,25428.37,25423.70,0.00
2025-11-26,09:35:00,25437.75,25442.5,25426,25442,1601,25428.43,25423.76,0.00
2025-11-26,09:36:00,25442.25,25459.5,25442,25458.25,2079,25428.69,25423.94,0.00
2025-11-26,09:37:00,25458,25464.5,25450.75,25453,2126,25428.98,25424.14,0.00
2025-11-26,09:38:00,25452.75,25462,25450.5,25459.75,1025,25429.12,25424.24,0.00
2025-11-26,09:39:00,25459.25,25461.25,25451.75,25455,863,25429.23,25424.32,0.00
2025-11-26,09:40:00,25455,25455,25445.75,25447.5,1222,25429.35,25424.41,0.00
2025-11-26,09:41:00,25447.5,25457.75,25445.5,25454.5,1205,25429.49,25424.50,0.00
2025-11-26,09:42:00,25455.25,25455.5,25448.25,25450,632,25429.55,25424.55,0.00
2025-11-26,09:43:00,25449.75,25450.25,25430.25,25432.25,1901,25429.63,25424.62,0.00
2025-11-26,09:44:00,25431.5,25437.25,25426.25,25435.75,1943,25429.66,25424.67,0.00
2025-11-26,09:45:00,25435.5,25447,25426.75,25447,1617,25429.74,25424.74,0.00
2025-11-26,09:46:00,25446.75,25458,25446.75,25457.75,1838,25429.95,25424.89,0.00
2025-11-26,09:47:00,25457.5,25458.75,25450,25453.25,1289,25430.09,25425.00,0.00
2025-11-26,09:48:00,25453.75,25456,25446.5,25447,997,25430.18,25425.07,0.00
2025-11-26,09:49:00,25447.5,25449.75,25442,25446.75,1257,25430.27,25425.14,0.00
2025-11-26,09:50:00,25447.25,25451.5,25445.25,25451.5,822,25430.34,25425.20,0.00
2025-11-26,09:51:00,25451.25,25454,25446.5,25452,935,25430.43,25425.26,0.00
2025-11-26,09:52:00,25451.75,25454,25445.5,25447.5,738,25430.49,25425.31,0.00
2025-11-26,09:53:00,25447.25,25458.5,25446,25453.5,1167,25430.61,25425.40,0.00
2025-11-26,09:54:00,25453.75,25465,25452.5,25456.5,1614,25430.81,25425.55,0.00
2025-11-26,09:55:00,25456.75,25461,25453.75,25456.5,729,25430.89,25425.61,0.00
2025-11-26,09:56:00,25456.5,25464,25453.75,25456.75,1316,25431.05,25425.73,0.00
2025-11-26,09:57:00,25456.25,25464.5,25453.75,25463.25,850,25431.16,25425.81,0.00
2025-11-26,09:58:00,25463.5,25470.75,25461.75,25468.5,1717,25431.43,25426.00,0.00
2025-11-26,09:59:00,25468.25,25473.25,25467.25,25468.5,1346,25431.65,25426.16,0.00
2025-11-26,10:00:00,25469,25469,25463.75,25468.25,725,25431.76,25426.24,0.00
2025-11-26,10:01:00,25467.5,25468,25450.5,25456,2298,25432.02,25426.43,0.00
2025-11-26,10:02:00,25455.5,25464.75,25445,25447,1913,25432.19,25426.57,0.00
2025-11-26,10:03:00,25447,25447.25,25434.75,25438,2152,25432.26,25426.64,0.00
2025-11-26,10:04:00,25438,25446.25,25437,25441,1489,25432.31,25426.70,0.00
2025-11-26,10:05:00,25440.5,25447.25,25440.25,25440.75,863,25432.35,25426.74,0.00
2025-11-26,10:06:00,25440.25,25441.5,25432,25436.75,1526,25432.38,25426.78,0.00
2025-11-26,10:07:00,25437,25439.5,25433,25436.25,881,25432.39,25426.80,0.00
2025-11-26,10:08:00,25436.25,25443.75,25431.25,25443.25,1455,25432.44,25426.85,0.00
2025-11-26,10:09:00,25444,25445,25434,25436.25,1065,25432.46,25426.88,0.00
2025-11-26,10:10:00,25436.5,25437.25,25432,25436,875,25432.47,25426.90,0.00
2025-11-26,10:11:00,25436.25,25439.5,25430.25,25436.25,1134,25432.48,25426.92,0.00
2025-11-26,10:12:00,25436,25451.25,25434,25449.75,1473,25432.56,25426.99,0.00
2025-11-26,10:13:00,25449.75,25462,25448,25456.5,2202,25432.76,25427.15,0.00
2025-11-26,10:14:00,25456.75,25457.25,25444.25,25445.75,1862,25432.88,25427.26,0.00
2025-11-26,10:15:00,25445.75,25451.5,25441.5,25446.25,1110,25432.94,25427.31,0.00
2025-11-26,10:16:00,25446,25447,25441.25,25444.5,777,25432.98,25427.35,0.00
2025-11-26,10:17:00,25444.5,25447.75,25441.25,25446.75,699,25433.01,25427.38,0.00
2025-11-26,10:18:00,25447,25466.5,25446.75,25461.75,2902,25433.29,25427.60,0.00
2025-11-26,10:19:00,25462,25466,25459.75,25460.25,1183,25433.43,25427.71,0.00
2025-11-26,10:20:00,25460.5,25460.75,25453,25453.5,1250,25433.53,25427.79,0.00
2025-11-26,10:21:00,25453.25,25460.5,25452,25458.5,958,25433.62,25427.86,0.00
2025-11-26,10:22:00,25459,25464.5,25458.75,25461.25,723,25433.70,25427.92,0.00
2025-11-26,10:23:00,25461.25,25469.5,25459,25461.5,1412,25433.85,25428.05,0.00
2025-11-26,10:24:00,25461.25,25475.25,25460.75,25469.25,1366,25434.03,25428.18,0.00
2025-11-26,10:25:00,25469.25,25471,25459.75,25460.25,1392,25434.19,25428.31,0.00
2025-11-26,10:26:00,25461.25,25470.25,25461,25463.5,1459,25434.36,25428.44,0.00
2025-11-26,10:27:00,25463.75,25464.5,25457.5,25460,1062,25434.46,25428.52,0.00
2025-11-26,10:28:00,25460,25474.5,25448.25,25473.75,2429,25434.74,25428.74,0.00
2025-11-26,10:29:00,25474.25,25483.25,25472.5,25480.25,3124,25435.24,25429.12,0.00
2025-11-26,10:30:00,25480,25480,25470.5,25475.25,2053,25435.54,25429.35,0.00
2025-11-26,10:31:00,25475.25,25497.5,25461.25,25496.25,10990,25485.00,25430.78,0.00
2025-11-26,10:32:00,25495.75,25506,25478.75,25484.25,8849,25489.67,25431.98,0.00
2025-11-26,10:33:00,25484.5,25522.25,25480.75,25519,9692,25507.33,25433.62,0.00
2025-11-26,10:34:00,25519,25524.25,25498.75,25501.5,7241,25508.17,25434.81,0.00
2025-11-26,10:35:00,25501.25,25504.75,25480.25,25493.5,6076,25501.17,25435.58,0.00
2025-11-26,10:36:00,25493.75,25507.5,25489.25,25505.5,5628,25501.05,25436.37,0.00
2025-11-26,10:37:00,25505,25513.25,25492.75,25503.75,5502,25501.54,25437.16,0.00
2025-11-26,10:38:00,25503.25,25510.25,25471.75,25472.5,7319,25497.69,25437.89,0.00
2025-11-26,10:39:00,25472.5,25474.5,25442.5,25457.75,13395,25485.99,25438.44,0.00
2025-11-26,10:40:00,25458,25479.5,25449.75,25477.75,7067,25483.69,25438.88,0.00
2025-11-26,10:41:00,25477.75,25491.5,25460.75,25476.75,6897,25482.84,25439.39,0.00
2025-11-26,10:42:00,25476.75,25483.75,25462.5,25483,3606,25482.47,25439.65,0.00
2025-11-26,10:43:00,25482.25,25486.25,25446.25,25472,7186,25481.00,25440.05,0.00
2025-11-26,10:44:00,25472.25,25483.5,25462.5,25467.5,4195,25480.44,25440.30,0.00
2025-11-26,10:45:00,25467.25,25489,25461,25486.75,4219,25480.36,25440.62,0.00
2025-11-26,10:46:00,25486.5,25513.25,25486,25498.25,10437,25482.57,25441.76,0.00
2025-11-26,10:47:00,25498.5,25510,25488.5,25503,5566,25483.63,25442.37,0.00
2025-11-26,10:48:00,25503.5,25518.25,25499.75,25510.25,6452,25485.28,25443.16,0.00
2025-11-26,10:49:00,25510.5,25516.5,25498.75,25506,4364,25486.18,25443.67,0.00
2025-11-26,10:50:00,25506,25515.25,25501.5,25515.25,3835,25487.04,25444.13,0.00
2025-11-26,10:51:00,25515.25,25528.5,25506.75,25524.75,6222,25520.00,25444.97,0.00
2025-11-26,10:52:00,25525,25534.75,25504.25,25510.5,8852,25516.50,25446.09,0.00
2025-11-26,10:53:00,25510.75,25513.5,25475.5,25491.75,9597,25504.58,25446.87,0.00
2025-11-26,10:54:00,25490.75,25499.5,25481.75,25495.5,4775,25502.04,25447.24,0.00
2025-11-26,10:55:00,25495.5,25497.5,25478,25484.5,4157,25499.71,25447.52,0.00
2025-11-26,10:56:00,25484.75,25485.5,25464.75,25472.5,8172,25493.86,25447.89,0.00
2025-11-26,10:57:00,25472.5,25476,25447.25,25454,9665,25486.42,25448.07,0.00
2025-11-26,10:58:00,25453.75,25474.75,25445.5,25470.25,6801,25483.43,25448.24,0.00
2025-11-26,10:59:00,25470.75,25475.25,25434,25438.75,7287,25479.24,25448.25,0.00
2025-11-26,11:00:00,25439.5,25439.75,25409,25420.5,12288,25469.60,25447.76,0.00
2025-11-26,11:01:00,25420.75,25420.75,25388,25402,11826,25460.24,25446.95,0.00
2025-11-26,11:02:00,25402.5,25424.5,25397.75,25406,7886,25455.85,25446.50,0.00
2025-11-26,11:03:00,25406.75,25443.25,25400.5,25433.5,10727,25452.69,25446.16,0.00
2025-11-26,11:04:00,25433.75,25453.25,25431.75,25436.75,7833,25451.82,25446.10,0.00
2025-11-26,11:05:00,25437.75,25441,25418.75,25431.25,7359,25450.47,25445.92,0.00
2025-11-26,11:06:00,25431,25432.5,25406.25,25407.75,7187,25448.45,25445.61,0.00
2025-11-26,11:07:00,25407.75,25427,25403.25,25419.75,5379,25447.14,25445.38,0.00
2025-11-26,11:08:00,25420.25,25436.75,25417.5,25436.5,5521,25446.45,25445.26,0.00
2025-11-26,11:09:00,25436.75,25467.75,25436,25466.5,10062,25447.16,25445.42,0.00
2025-11-26,11:10:00,25466,25477,25457.75,25463.75,7181,25448.06,25445.63,0.00
2025-11-26,11:11:00,25463.75,25470,25444.5,25448.75,7955,25448.37,25445.73,0.00
2025-11-26,11:12:00,25449.25,25454.75,25430.75,25440.25,7923,25448.07,25445.69,0.00
2025-11-26,11:13:00,25441,25458.5,25429.25,25446.75,5154,25447.97,25445.68,0.00
2025-11-26,11:14:00,25447.5,25453.25,25427.25,25439.5,4228,25447.78,25445.65,0.00
2025-11-26,11:15:00,25439.75,25446.5,25420.25,25429.5,6135,25447.26,25445.54,0.00
2025-11-26,11:16:00,25428.75,25445,25420.5,25424.25,5538,25446.75,25445.42,0.00
2025-11-26,11:17:00,25423.5,25449.25,25413.25,25438.5,7518,25446.25,25445.31,0.00
2025-11-26,11:18:00,25437.75,25447.75,25424,25442.75,4546,25446.07,25445.26,0.00
2025-11-26,11:19:00,25443.25,25451.25,25418.25,25444.5,5959,25445.84,25445.21,0.00
2025-11-26,11:20:00,25444.25,25448.25,25429,25438.5,3327,25445.72,25445.18,0.00
2025-11-26,11:21:00,25439,25451.75,25425.25,25435.75,4460,25445.55,25445.13,0.00
2025-11-26,11:22:00,25435.5,25438,25415.25,25425,4737,25445.14,25445.02,0.00
2025-11-26,11:23:00,25425.75,25436,25410.5,25411.75,5554,25444.50,25444.84,0.00
2025-11-26,11:24:00,25411.25,25431.25,25404.75,25416.25,5521,25443.86,25444.65,0.00
2025-11-26,11:25:00,25415.75,25424,25400,25401.75,5245,25443.07,25444.41,0.00
2025-11-26,11:26:00,25401.75,25423.75,25395.5,25411,7011,25442.12,25444.11,0.00
2025-11-26,11:27:00,25411,25452.5,25404.75,25451.25,7912,25441.93,25444.03,0.00
2025-11-26,11:28:00,25451.5,25463.75,25443,25455.25,7469,25442.28,25444.12,0.00
2025-11-26,11:29:00,25455.75,25455.75,25439,25451.25,4714,25442.40,25444.15,0.00
2025-11-26,11:30:00,25450.75,25456.25,25437.25,25444.25,3849,25442.45,25444.16,0.00
2025-11-26,11:31:00,25444.25,25458,25444.25,25452,3763,25442.57,25444.19,0.00
2025-11-26,11:32:00,25452,25458,25447.25,25456.75,2465,25442.68,25444.22,0.00
2025-11-26,11:33:00,25456.25,25467.5,25454.25,25461.5,4830,25442.99,25444.32,0.00
2025-11-26,11:34:00,25461.75,25465.25,25450,25463.75,3075,25443.18,25444.37,0.00
2025-11-26,11:35:00,25463.75,25479.25,25463.5,25475,6166,25443.81,25444.58,0.00
2025-11-26,11:36:00,25475,25494.25,25473.75,25483.25,6858,25444.74,25444.89,0.00
2025-11-26,11:37:00,25483,25492.5,25482.25,25486.5,3657,25445.26,25445.07,0.00
2025-11-26,11:38:00,25486.5,25493.5,25470.75,25487,5294,25445.93,25445.31,0.00
2025-11-26,11:39:00,25487,25494,25484.25,25491.25,3239,25446.39,25445.48,0.00
2025-11-26,11:40:00,25492,25502,25491.25,25499,4488,25447.13,25445.74,0.00
2025-11-26,11:41:00,25498.75,25504.75,25491.75,25496.5,4449,25447.84,25446.01,0.00
2025-11-26,11:42:00,25496.25,25498.25,25477,25483.75,5802,25448.54,25446.27,0.00
2025-11-26,11:43:00,25483.5,25484,25463.75,25475.5,6322,25449.04,25446.47,0.00
2025-11-26,11:44:00,25475.75,25486.75,25465.75,25479,3173,25449.30,25446.58,0.00
2025-11-26,11:45:00,25479.5,25487.75,25474,25477.75,2570,25449.54,25446.68,0.00
2025-11-26,11:46:00,25478.5,25481.5,25461.75,25475,4704,25449.86,25446.81,0.00
2025-11-26,11:47:00,25475.75,25476,25462,25462.25,2997,25450.01,25446.88,0.00
2025-11-26,11:48:00,25462.25,25465.75,25446,25464.5,6586,25450.18,25446.97,0.00
2025-11-26,11:49:00,25464.5,25476.25,25459,25471.25,3991,25450.39,25447.06,0.00
2025-11-26,11:50:00,25471,25480.5,25469.25,25475.75,2708,25450.58,25447.14,0.00
2025-11-26,11:51:00,25476,25485.25,25463,25483.75,4098,25450.88,25447.28,0.00
2025-11-26,11:52:00,25483.75,25488.5,25479.5,25487.75,2564,25451.13,25447.39,0.00
2025-11-26,11:53:00,25487.75,25492.25,25479.25,25488.5,3270,25451.45,25447.52,0.00
2025-11-26,11:54:00,25488.75,25494.75,25477.5,25491.25,3015,25451.75,25447.66,0.00
2025-11-26,11:55:00,25491,25500,25487.25,25496.75,2640,25452.05,25447.79,0.00
2025-11-26,11:56:00,25497.25,25503.25,25494.5,25495.5,2726,25452.39,25447.93,0.00
2025-11-26,11:57:00,25496,25496.75,25479.25,25492.25,4740,25452.85,25448.14,0.00
2025-11-26,11:58:00,25491.75,25509.5,25491.5,25506,4694,25453.46,25448.41,0.00
2025-11-26,11:59:00,25506.25,25513.25,25504.25,25512.5,2384,25453.81,25448.57,0.00
2025-11-26,12:00:00,25512,25524.75,25511.75,25521.25,5390,25454.71,25448.97,0.00
2025-11-26,12:01:00,25521.25,25531.75,25521.25,25528.25,4947,25455.62,25449.38,0.00
2025-11-26,12:02:00,25528,25531.75,25519.5,25521.75,3297,25456.19,25449.63,0.00
2025-11-26,12:03:00,25521.25,25541.25,25516.75,25534.75,6347,25530.92,25450.17,0.00
2025-11-26,12:04:00,25535,25539,25528.75,25532.75,3384,25531.82,25450.46,0.00
2025-11-26,12:05:00,25533.25,25546.75,25531.25,25544.75,4590,25540.92,25450.89,0.00
2025-11-26,12:06:00,25545.25,25551.25,25542.75,25548.5,4273,25547.50,25451.31,0.00
2025-11-26,12:07:00,25548.75,25555,25548.5,25553.25,4711,25552.25,25451.79,0.00
2025-11-26,12:08:00,25553.5,25556.75,25546.5,25551.5,3296,25551.58,25452.13,0.00
2025-11-26,12:09:00,25552,25559.25,25551.25,25558.25,2642,25556.25,25452.41,0.00
2025-11-26,12:10:00,25557.75,25560,25548,25551,2870,25553.00,25452.70,0.00
2025-11-26,12:11:00,25551,25555.5,25547.5,25553.5,2451,25552.62,25452.94,0.00
2025-11-26,12:12:00,25553.5,25557.25,25549.75,25551.25,1506,25552.65,25453.09,0.00
2025-11-26,12:13:00,25551.5,25553,25540.25,25545.5,3460,25550.49,25453.42,0.00
2025-11-26,12:14:00,25545.75,25552.25,25542,25550.75,2511,25550.07,25453.65,0.00
2025-11-26,12:15:00,25550.75,25552.5,25542.5,25546,1947,25549.67,25453.84,0.00
2025-11-26,12:16:00,25546.25,25559,25546,25558,3381,25550.54,25454.17,0.00
2025-11-26,12:17:00,25558,25559,25549.75,25554.5,2133,25550.94,25454.39,0.00
2025-11-26,12:18:00,25554.75,25556.75,25542.75,25554.25,2870,25550.98,25454.66,0.00
2025-11-26,12:19:00,25554.75,25565.25,25554.75,25561,4165,25560.33,25455.09,0.00
2025-11-26,12:20:00,25561.5,25565,25558.5,25561.25,2287,25560.78,25455.33,0.00
2025-11-26,12:21:00,25561.5,25574.75,25560.75,25572,5105,25569.17,25455.90,0.00
2025-11-26,12:22:00,25572.5,25580.5,25571.5,25579.75,3564,25577.25,25456.32,0.00
2025-11-26,12:23:00,25580,25584.25,25575.25,25578,3940,25579.17,25456.79,0.00
2025-11-26,12:24:00,25577.75,25581.25,25573,25578,2746,25578.45,25457.11,0.00
2025-11-26,12:25:00,25578.25,25585.5,25577.75,25583.5,2527,25582.25,25457.42,0.00
2025-11-26,12:26:00,25583.5,25586,25576.5,25582,2633,25581.50,25457.74,0.00
2025-11-26,12:27:00,25582.5,25590,25579.75,25589.5,3320,25586.42,25458.15,0.00
2025-11-26,12:28:00,25589.5,25591.75,25585.25,25588.75,2417,25588.58,25458.45,0.00
2025-11-26,12:29:00,25589,25591,25584.25,25585.25,2248,25587.74,25458.72,0.00
2025-11-26,12:30:00,25585.25,25586.25,25573.25,25576.5,3692,25583.73,25459.15,0.00
2025-11-26,12:31:00,25576.5,25584,25559.5,25571,5476,25578.89,25459.73,0.00
2025-11-26,12:32:00,25571,25583.5,25570,25582,2534,25578.83,25460.01,0.00
2025-11-26,12:33:00,25582.25,25587,25578.75,25586.5,1986,25579.40,25460.25,0.00
2025-11-26,12:34:00,25586.75,25589,25582.25,25583.75,1809,25579.90,25460.46,0.00
2025-11-26,12:35:00,25583.75,25589.25,25582.25,25588.5,1043,25580.23,25460.58,0.00
2025-11-26,12:36:00,25588,25596.25,25587.75,25595.5,4178,25593.17,25461.10,0.00
2025-11-26,12:37:00,25595.75,25604.25,25595,25601.25,4734,25600.17,25461.72,0.00
2025-11-26,12:38:00,25601.5,25601.75,25596,25599,1857,25599.81,25461.95,0.00
2025-11-26,12:39:00,25599,25604,25593.75,25603.5,2980,25600.00,25462.34,0.00
2025-11-26,12:40:00,25603.5,25607,25600.75,25605,2307,25604.25,25462.64,0.00
2025-11-26,12:41:00,25605.5,25614.5,25604,25610.5,4633,25609.67,25463.27,0.00
2025-11-26,12:42:00,25611,25621.5,25609,25618.25,3713,25616.25,25463.79,0.00
2025-11-26,12:43:00,25618,25625.25,25616.25,25623,3874,25621.50,25464.35,0.00
2025-11-26,12:44:00,25622.75,25628.75,25622.5,25624.75,2601,25625.33,25464.74,0.00
2025-11-26,12:45:00,25624.5,25624.75,25616,25617.25,3317,25621.97,25465.20,0.00
2025-11-26,12:46:00,25617.5,25620.75,25613.75,25616.5,2254,25620.60,25465.52,0.00
2025-11-26,12:47:00,25617,25617.5,25604,25609,4001,25617.17,25466.04,0.00
2025-11-26,12:48:00,25609.5,25610,25599.5,25602.5,3003,25614.56,25466.42,0.00
2025-11-26,12:49:00,25604,25606,25598,25599.75,1964,25613.04,25466.65,0.00
2025-11-26,12:50:00,25599.75,25604,25594.25,25600,2411,25611.36,25466.94,0.00
2025-11-26,12:51:00,25600.25,25601.75,25587.5,25595.75,4352,25608.38,25467.44,0.00
2025-11-26,12:52:00,25595.25,25600.25,25592.25,25598.5,1851,25607.56,25467.66,0.00
2025-11-26,12:53:00,25598,25610.75,25597.5,25607,3778,25607.25,25468.12,0.00
2025-11-26,12:54:00,25607.25,25608.5,25601,25604.5,1625,25607.11,25468.32,0.00
2025-11-26,12:55:00,25604.75,25607.25,25600.75,25603.75,1257,25606.99,25468.47,0.00
2025-11-26,12:56:00,25603.75,25613.25,25601,25613,2304,25607.13,25468.76,0.00
2025-11-26,12:57:00,25613,25617.25,25609,25612.5,2820,25607.56,25469.12,0.00
2025-11-26,12:58:00,25612.5,25616.75,25607.5,25609.25,1755,25607.72,25469.34,0.00
2025-11-26,12:59:00,25609.5,25611.75,25606,25607,1488,25607.74,25469.52,0.00
2025-11-26,13:00:00,25607,25610.25,25601.75,25608,1794,25607.70,25469.74,0.00
2025-11-26,13:01:00,25608.25,25614.75,25607,25610.75,1962,25607.83,25469.98,0.00
2025-11-26,13:02:00,25610.25,25613.75,25608.5,25609.5,910,25607.89,25470.10,0.00
2025-11-26,13:03:00,25609.25,25609.5,25603.25,25607,1303,25607.85,25470.25,0.00
2025-11-26,13:04:00,25607.25,25610.25,25603.75,25604.5,1202,25607.81,25470.40,0.00
2025-11-26,13:05:00,25604.5,25606,25580,25590.75,5419,25606.23,25470.97,0.00
2025-11-26,13:06:00,25590.75,25600.25,25587.75,25599.25,2573,25605.75,25471.25,0.00
2025-11-26,13:07:00,25599.5,25605.25,25593,25593.75,2470,25605.39,25471.52,0.00
2025-11-26,13:08:00,25594.5,25597.5,25587.75,25589.5,2032,25604.93,25471.74,0.00
2025-11-26,13:09:00,25590,25591.5,25567.25,25574.75,6080,25602.45,25472.29,0.00
2025-11-26,13:10:00,25575,25588.25,25569,25578.5,4007,25601.10,25472.66,0.00
2025-11-26,13:11:00,25579,25594,25578.5,25594,2452,25600.68,25472.91,0.00
2025-11-26,13:12:00,25594.25,25595,25581.5,25584.75,1978,25600.33,25473.10,0.00
2025-11-26,13:13:00,25585,25591.75,25581,25583.5,1434,25600.05,25473.24,0.00
2025-11-26,13:14:00,25583.5,25584.25,25575.5,25577.75,2006,25599.51,25473.42,0.00
2025-11-26,13:15:00,25577.5,25580.75,25574.75,25579.5,1388,25599.14,25473.54,0.00
2025-11-26,13:16:00,25579.5,25580.25,25566.75,25575.25,3049,25598.22,25473.80,0.00
2025-11-26,13:17:00,25575.75,25588.75,25575.75,25585.5,2857,25597.72,25474.07,0.00
2025-11-26,13:18:00,25585.5,25589.5,25577,25577.75,1754,25597.40,25474.23,0.00
2025-11-26,13:19:00,25578,25582.5,25568.75,25574.25,2214,25596.85,25474.42,0.00
2025-11-26,13:20:00,25574.5,25575.25,25567.25,25571.25,1542,25596.42,25474.55,0.00
2025-11-26,13:21:00,25571,25581.75,25566.25,25576.75,2327,25595.88,25474.74,0.00
2025-11-26,13:22:00,25576.5,25589.25,25575.75,25587.75,2279,25595.60,25474.95,0.00
2025-11-26,13:23:00,25587.5,25589,25575.75,25578.25,1791,25595.34,25475.11,0.00
2025-11-26,13:24:00,25578.25,25590.25,25578,25587.5,1932,25595.14,25475.29,0.00
2025-11-26,13:25:00,25587,25600,25584.5,25595.75,3540,25595.08,25475.64,0.00
2025-11-26,13:26:00,25595.5,25596.25,25586.25,25592.25,2219,25595.01,25475.86,0.00
2025-11-26,13:27:00,25592.75,25594.25,25586.75,25590,1431,25594.94,25475.99,0.00
2025-11-26,13:28:00,25590.25,25592.25,25583.25,25583.5,1539,25594.82,25476.14,0.00
2025-11-26,13:29:00,25584.25,25592.75,25582.5,25590.5,1436,25594.74,25476.27,0.00
2025-11-26,13:30:00,25590.5,25593,25584.75,25591.5,1047,25594.69,25476.37,0.00
2025-11-26,13:31:00,25592.25,25604,25591,25601,3044,25594.80,25476.68,0.00
2025-11-26,13:32:00,25600.75,25604,25597,25597.5,1622,25594.87,25476.84,0.00
2025-11-26,13:33:00,25597.75,25599.5,25591,25598.75,1714,25594.89,25477.01,0.00
2025-11-26,13:34:00,25598.5,25604,25598.25,25602,1411,25594.97,25477.16,0.00
2025-11-26,13:35:00,25602,25603,25599,25601.25,735,25595.00,25477.23,0.00
2025-11-26,13:36:00,25601.5,25605.75,25600.25,25602,1502,25595.10,25477.39,0.00
2025-11-26,13:37:00,25601.5,25603,25594.25,25600.5,1665,25595.16,25477.56,0.00
2025-11-26,13:38:00,25600.75,25602.25,25595,25595.5,1059,25595.18,25477.66,0.00
2025-11-26,13:39:00,25595.25,25597.75,25586.75,25591.25,2682,25595.11,25477.91,0.00
2025-11-26,13:40:00,25591,25598.75,25590.5,25596.25,1565,25595.11,25478.06,0.00
2025-11-26,13:41:00,25596.75,25605,25595,25599.25,2260,25595.19,25478.29,0.00
2025-11-26,13:42:00,25599.25,25605,25593.25,25603.5,1872,25595.27,25478.48,0.00
2025-11-26,13:43:00,25603.75,25607.5,25601.75,25603,1565,25595.37,25478.64,0.00
2025-11-26,13:44:00,25602.75,25610.25,25602.25,25609.25,1545,25595.50,25478.80,0.00
2025-11-26,13:45:00,25609.25,25622.5,25609.25,25620,3045,25595.98,25479.14,0.00
2025-11-26,13:46:00,25619.75,25620.5,25615.75,25616.75,1529,25596.22,25479.31,0.00
2025-11-26,13:47:00,25617,25621.5,25615.25,25621,1170,25596.41,25479.45,0.00
2025-11-26,13:48:00,25620.75,25623,25614.75,25615.5,1267,25596.60,25479.59,0.00
2025-11-26,13:49:00,25616,25619,25608.5,25609.75,2431,25596.87,25479.85,0.00
2025-11-26,13:50:00,25609.5,25609.5,25599,25600.25,2506,25596.97,25480.10,0.00
2025-11-26,13:51:00,25600,25600.5,25589.75,25597.75,3128,25596.95,25480.39,0.00
2025-11-26,13:52:00,25597.5,25605.25,25594,25602.5,1741,25596.99,25480.56,0.00
2025-11-26,13:53:00,25602.75,25605,25595.5,25598.25,1364,25597.02,25480.69,0.00
2025-11-26,13:54:00,25597.5,25599.5,25593.5,25595.75,1241,25597.01,25480.81,0.00
2025-11-26,13:55:00,25596,25598.25,25592.75,25593.5,1140,25597.00,25480.91,0.00
2025-11-26,13:56:00,25594.25,25596.25,25585.5,25593.5,2550,25596.91,25481.14,0.00
2025-11-26,13:57:00,25594.25,25604.25,25593.25,25601,1873,25596.94,25481.32,0.00
2025-11-26,13:58:00,25601.5,25605.25,25597.5,25599.5,1240,25596.97,25481.43,0.00
2025-11-26,13:59:00,25599.75,25600.5,25593.5,25594.5,1315,25596.96,25481.55,0.00
2025-11-26,14:00:00,25594.75,25595,25587,25591.75,1971,25596.90,25481.73,0.00
2025-11-26,14:01:00,25592,25597.5,25590.25,25595.25,1344,25596.87,25481.85,0.00
2025-11-26,14:02:00,25596,25605.75,25591.75,25603.25,1933,25596.91,25482.03,0.00
2025-11-26,14:03:00,25603.25,25610.25,25602,25608,1695,25597.01,25482.20,0.00
2025-11-26,14:04:00,25607.25,25609.5,25603.5,25603.75,1119,25597.07,25482.31,0.00
2025-11-26,14:05:00,25604.25,25607,25601.5,25603,917,25597.10,25482.39,0.00
2025-11-26,14:06:00,25603,25605,25598.5,25599.25,1164,25597.13,25482.50,0.00
2025-11-26,14:07:00,25600,25600.75,25595.5,25597.5,1091,25597.13,25482.60,0.00
2025-11-26,14:08:00,25597.5,25599.5,25594,25598.25,1027,25597.14,25482.70,0.00
2025-11-26,14:09:00,25598.25,25607.25,25598.25,25604.5,1361,25597.18,25482.83,0.00
2025-11-26,14:10:00,25604.25,25606.5,25534.5,25563.25,16133,25594.74,25483.90,0.00
2025-11-26,14:11:00,25564.5,25581.75,25558.5,25571.5,4898,25594.14,25484.23,0.00
2025-11-26,14:12:00,25572,25576.75,25550.5,25570.25,5237,25593.41,25484.56,0.00
2025-11-26,14:13:00,25570,25581,25562.25,25574.75,3632,25593.04,25484.80,0.00
2025-11-26,14:14:00,25575.25,25578.25,25562.75,25575.75,2435,25592.80,25484.97,0.00
2025-11-26,14:15:00,25576,25590.75,25572,25583.75,4142,25592.59,25485.28,0.00
2025-11-26,14:16:00,25583.75,25593,25582,25582.75,2651,25592.51,25485.48,0.00
2025-11-26,14:17:00,25582.75,25583.25,25570.25,25576.25,3154,25592.28,25485.70,0.00
2025-11-26,14:18:00,25576,25578.25,25570,25571.5,2020,25592.11,25485.84,0.00
2025-11-26,14:19:00,25571.5,25576,25567,25568.75,2076,25591.91,25485.97,0.00
2025-11-26,14:20:00,25569.5,25573.25,25564.25,25571.5,1965,25591.71,25486.10,0.00
2025-11-26,14:21:00,25571.75,25573.5,25556.75,25558.25,2888,25591.34,25486.26,0.00
2025-11-26,14:22:00,25558.25,25585.5,25558.25,25584,3634,25591.10,25486.51,0.00
2025-11-26,14:23:00,25584.25,25597.75,25581.25,25597,3991,25591.12,25486.83,0.00
2025-11-26,14:24:00,25597,25606.75,25594.5,25598.25,3741,25591.25,25487.15,0.00
2025-11-26,14:25:00,25598,25598.5,25585.75,25593.75,3128,25591.27,25487.39,0.00
2025-11-26,14:26:00,25593.75,25604.5,25588.5,25601,1822,25591.32,25487.54,0.00
2025-11-26,14:27:00,25600.5,25610,25600.5,25609,2091,25591.45,25487.73,0.00
2025-11-26,14:28:00,25609.5,25614.25,25606.75,25608,2361,25591.62,25487.95,0.00
2025-11-26,14:29:00,25607.5,25610.75,25602.5,25604.5,1571,25591.71,25488.08,0.00
2025-11-26,14:30:00,25604.5,25606.25,25598.5,25600.75,1529,25591.78,25488.21,0.00
2025-11-26,14:31:00,25601,25602.25,25589.5,25594.25,2593,25591.81,25488.42,0.00
2025-11-26,14:32:00,25594,25594,25582,25582.75,2510,25591.76,25488.60,0.00
2025-11-26,14:33:00,25583,25584.75,25570.5,25571.75,3445,25591.54,25488.82,0.00
2025-11-26,14:34:00,25571.75,25573.25,25561.75,25569,2750,25591.30,25488.99,0.00
2025-11-26,14:35:00,25569,25570.5,25561.25,25561.75,2004,25591.10,25489.10,0.00
2025-11-26,14:36:00,25561.75,25569.25,25557.5,25561,2790,25590.80,25489.25,0.00
2025-11-26,14:37:00,25561,25568.5,25558,25561.5,1811,25590.61,25489.35,0.00
2025-11-26,14:38:00,25561.5,25561.75,25550.75,25555.5,3282,25590.19,25489.51,0.00
2025-11-26,14:39:00,25555.5,25569.25,25550.25,25567.75,2974,25589.89,25489.67,0.00
2025-11-26,14:40:00,25567.75,25575.75,25562.75,25568.5,2748,25589.69,25489.82,0.00
2025-11-26,14:41:00,25568.5,25569.75,25556.75,25560.25,1971,25589.49,25489.93,0.00
2025-11-26,14:42:00,25560.5,25570,25556.75,25569,1562,25589.36,25490.01,0.00
2025-11-26,14:43:00,25569.5,25572.5,25563.5,25563.5,1369,25589.25,25490.09,0.00
2025-11-26,14:44:00,25563.75,25566.5,25557.25,25558.25,1481,25589.10,25490.17,0.00
2025-11-26,14:45:00,25558,25559.25,25545,25546,3202,25588.66,25490.31,0.00
2025-11-26,14:46:00,25545.5,25551,25539.5,25543.25,3100,25588.19,25490.43,0.00
2025-11-26,14:47:00,25542.75,25559.5,25542.5,25554,2869,25587.84,25490.56,0.00
2025-11-26,14:48:00,25554,25561,25551.75,25560.5,1825,25587.66,25490.64,0.00
2025-11-26,14:49:00,25560,25572.5,25558,25571,2833,25587.46,25490.80,0.00
2025-11-26,14:50:00,25571.25,25577.25,25566.75,25575.25,2368,25587.35,25490.94,0.00
2025-11-26,14:51:00,25575,25584,25572.5,25576,3285,25587.24,25491.14,0.00
2025-11-26,14:52:00,25576.25,25578.75,25570,25571,1593,25587.17,25491.24,0.00
2025-11-26,14:53:00,25571,25571,25561.5,25562.5,2553,25586.98,25491.37,0.00
2025-11-26,14:54:00,25561.75,25568.75,25555.75,25563.25,2450,25586.79,25491.50,0.00
2025-11-26,14:55:00,25563,25571.5,25562,25562.25,1302,25586.70,25491.57,0.00
2025-11-26,14:56:00,25562.25,25562.5,25550.25,25552.75,2883,25586.41,25491.70,0.00
2025-11-26,14:57:00,25553,25556.75,25548.5,25555.25,1798,25586.23,25491.77,0.00
2025-11-26,14:58:00,25556,25568,25555.5,25567.25,2398,25586.06,25491.90,0.00
2025-11-26,14:59:00,25567.25,25575.25,25563.75,25567.25,2065,25585.94,25492.01,0.00
2025-11-26,15:00:00,25567.5,25571,25566,25570.25,812,25585.90,25492.05,0.00
2025-11-26,15:01:00,25569.75,25579.25,25564.25,25578.75,2185,25585.82,25492.18,0.00
2025-11-26,15:02:00,25579.25,25591.5,25579,25588,3270,25585.83,25492.40,0.00
2025-11-26,15:03:00,25587.75,25592.5,25578.75,25583,2629,25585.82,25492.57,0.00
2025-11-26,15:04:00,25583.25,25591.5,25580.5,25582.75,2189,25585.81,25492.71,0.00
2025-11-26,15:05:00,25582.5,25583.5,25560.25,25560.25,3421,25585.63,25492.89,0.00
2025-11-26,15:06:00,25560.25,25567,25557.75,25563.25,2069,25585.49,25492.99,0.00
2025-11-26,15:07:00,25563,25566.5,25554.5,25556,2279,25585.31,25493.10,0.00
2025-11-26,15:08:00,25555.5,25571.25,25553.25,25569,2323,25585.17,25493.21,0.00
2025-11-26,15:09:00,25569.25,25570.25,25555.75,25558,1543,25585.06,25493.29,0.00
2025-11-26,15:10:00,25558,25565.25,25553.75,25563.75,1238,25584.98,25493.34,0.00
2025-11-26,15:11:00,25564.25,25566.5,25555,25559.75,1072,25584.90,25493.39,0.00
2025-11-26,15:12:00,25560,25563.25,25550.5,25562,1819,25584.76,25493.48,0.00
2025-11-26,15:13:00,25562.5,25578.75,25562.5,25575.75,2727,25584.67,25493.63,0.00
2025-11-26,15:14:00,25576,25580.75,25572,25578.25,1335,25584.64,25493.70,0.00
2025-11-26,15:15:00,25578.75,25586.5,25578.5,25582.75,1795,25584.63,25493.81,0.00
2025-11-26,15:16:00,25581.25,25585.75,25578.5,25584,1428,25584.62,25493.90,0.00
2025-11-26,15:17:00,25584,25584.25,25575.75,25581.75,1060,25584.61,25493.96,0.00
2025-11-26,15:18:00,25581.75,25589,25579.75,25587.25,1540,25584.61,25494.06,0.00
2025-11-26,15:19:00,25588,25590.75,25581,25587.25,1348,25584.62,25494.15,0.00
2025-11-26,15:20:00,25587.5,25593,25586.25,25587.25,1558,25584.64,25494.25,0.00
2025-11-26,15:21:00,25587,25595.5,25581,25582,2011,25584.64,25494.38,0.00
2025-11-26,15:22:00,25581.75,25590.25,25577.5,25586.5,1796,25584.64,25494.49,0.00
2025-11-26,15:23:00,25586.5,25590,25584.5,25587.5,781,25584.65,25494.54,0.00
2025-11-26,15:24:00,25587.5,25598.25,25586.75,25593.25,2035,25584.69,25494.68,0.00
2025-11-26,15:25:00,25593.25,25595.75,25588.25,25593.25,1161,25584.72,25494.75,0.00
2025-11-26,15:26:00,25593,25597,25591.5,25592.25,985,25584.74,25494.82,0.00
2025-11-26,15:27:00,25592.5,25599.75,25589.75,25596,1394,25584.78,25494.92,0.00
2025-11-26,15:28:00,25595.5,25600,25593.5,25597.25,1087,25584.82,25494.99,0.00
2025-11-26,15:29:00,25597.5,25599.25,25594.25,25598,724,25584.84,25495.04,0.00
2025-11-26,15:30:00,25597.5,25600.75,25596.5,25597.75,923,25584.87,25495.11,0.00
2025-11-26,15:31:00,25598.75,25605,25597,25602.5,1687,25584.95,25495.23,0.00
2025-11-26,15:32:00,25602.25,25608.5,25601.5,25606.5,1707,25585.04,25495.36,0.00
2025-11-26,15:33:00,25606.75,25608,25601,25604,1247,25585.11,25495.45,0.00
2025-11-26,15:34:00,25604.5,25607,25600.5,25600.75,1228,25585.16,25495.54,0.00
2025-11-26,15:35:00,25600.5,25601.25,25592.75,25592.75,2170,25585.22,25495.69,0.00
2025-11-26,15:36:00,25593,25593,25567.25,25577,4996,25585.14,25495.97,0.00
2025-11-26,15:37:00,25576.75,25591.25,25575,25587,2428,25585.14,25496.11,0.00
2025-11-26,15:38:00,25587,25588,25580.5,25582.75,1242,25585.13,25496.19,0.00
2025-11-26,15:39:00,25582.5,25588.75,25580.75,25581,1272,25585.13,25496.26,0.00
2025-11-26,15:40:00,25580.75,25583.75,25575.25,25576.5,1347,25585.11,25496.34,0.00
2025-11-26,15:41:00,25576.25,25576.5,25569,25570.5,1909,25585.04,25496.43,0.00
2025-11-26,15:42:00,25571,25585.25,25565,25576.5,3813,25584.95,25496.64,0.00
2025-11-26,15:43:00,25577.25,25588.25,25575.75,25582.5,1887,25584.94,25496.75,0.00
2025-11-26,15:44:00,25581.75,25584,25571.75,25571.75,1255,25584.91,25496.81,0.00
2025-11-26,15:45:00,25571.5,25576.75,25570.25,25573.5,1382,25584.87,25496.88,0.00
2025-11-26,15:46:00,25574,25585.5,25572.5,25584.5,1419,25584.86,25496.96,0.00
2025-11-26,15:47:00,25584.75,25588.25,25581.75,25582.25,1292,25584.85,25497.04,0.00
2025-11-26,15:48:00,25582.25,25583.25,25576.5,25577,777,25584.84,25497.08,0.00
2025-11-26,15:49:00,25576.5,25577.5,25570.25,25571,1326,25584.80,25497.15,0.00
2025-11-26,15:50:00,25570.25,25571.5,25566.25,25566.25,1423,25584.75,25497.21,0.00
2025-11-26,15:51:00,25566.25,25580.25,25561,25573.25,2471,25584.67,25497.34,0.00
2025-11-26,15:52:00,25573.5,25574.25,25566,25570.5,1407,25584.62,25497.41,0.00
2025-11-26,15:53:00,25570.5,25577.75,25569.75,25575.5,916,25584.60,25497.45,0.00
2025-11-26,15:54:00,25575.5,25579.5,25573.25,25578,984,25584.58,25497.50,0.00
2025-11-26,15:55:00,25577.75,25586,25577.75,25580.5,1920,25584.56,25497.61,0.00
2025-11-26,15:56:00,25580.25,25580.5,25571.25,25579.5,1616,25584.53,25497.70,0.00
2025-11-26,15:57:00,25579.5,25579.5,25572,25578,861,25584.52,25497.74,0.00
2025-11-26,15:58:00,25578.5,25583.25,25578,25579.5,975,25584.51,25497.79,0.00
2025-11-26,15:59:00,25579.25,25588.25,25578.75,25586,1346,25584.51,25497.87,0.00
2025-11-26,16:00:00,25586.25,25587.25,25580.5,25585.5,886,25584.51,25497.92,0.00
2025-11-26,16:01:00,25585.5,25587,25579.5,25586.75,1261,25584.51,25497.99,0.00
2025-11-26,16:02:00,25587,25595.75,25584.5,25595.5,2019,25584.54,25498.12,0.00
2025-11-26,16:03:00,25594.75,25596,25588.5,25592.5,1856,25584.58,25498.23,0.00
2025-11-26,16:04:00,25592.75,25595.25,25590.25,25593.75,752,25584.59,25498.28,0.00
2025-11-26,16:05:00,25593.75,25593.75,25588,25591.25,703,25584.60,25498.32,0.00
2025-11-26,16:06:00,25591.5,25591.75,25585.25,25588.75,1160,25584.61,25498.39,0.00
2025-11-26,16:07:00,25589,25591,25578.5,25581.75,2003,25584.61,25498.50,0.00
2025-11-26,16:08:00,25582,25582.5,25571.75,25576.25,2095,25584.57,25498.61,0.00
2025-11-26,16:09:00,25576.75,25583.75,25575,25582.5,1245,25584.56,25498.68,0.00
2025-11-26,16:10:00,25582.75,25588.5,25579.75,25588.25,1101,25584.56,25498.74,0.00
2025-11-26,16:11:00,25588,25598.75,25585,25596.5,2559,25584.61,25498.90,0.00
2025-11-26,16:12:00,25596.25,25598.75,25592.5,25597.75,1062,25584.64,25498.97,0.00
2025-11-26,16:13:00,25598,25605.25,25598,25603.25,1887,25584.71,25499.09,0.00
2025-11-26,16:14:00,25603.25,25606.25,25602,25604.25,1270,25584.77,25499.18,0.00
2025-11-26,16:15:00,25604,25609.25,25601,25608.25,1672,25584.85,25499.30,0.00
2025-11-26,16:16:00,25608.5,25612,25604,25605.5,1686,25584.93,25499.42,0.00
2025-11-26,16:17:00,25605.5,25613.5,25604,25607.75,1630,25585.02,25499.53,0.00
2025-11-26,16:18:00,25607.5,25613.25,25605.75,25609.75,1082,25585.08,25499.61,0.00
2025-11-26,16:19:00,25609.5,25611.75,25605.25,25606,1644,25585.16,25499.72,0.00
2025-11-26,16:20:00,25605.75,25605.75,25597.5,25598.75,2136,25585.23,25499.86,0.00
2025-11-26,16:21:00,25598.5,25606.5,25598,25601.5,1240,25585.28,25499.95,0.00
2025-11-26,16:22:00,25601.75,25611,25600.75,25607.5,1379,25585.34,25500.04,0.00
2025-11-26,16:23:00,25608,25608.75,25604.75,25606.5,653,25585.37,25500.09,0.00
2025-11-26,16:24:00,25606.25,25608.5,25599,25602,1040,25585.42,25500.16,0.00
2025-11-26,16:25:00,25602,25606.75,25601.5,25603.75,768,25585.45,25500.21,0.00
2025-11-26,16:26:00,25604.5,25605.75,25599,25605.75,1238,25585.49,25500.29,0.00
2025-11-26,16:27:00,25605.5,25608.75,25604,25608.5,889,25585.54,25500.35,0.00
2025-11-26,16:28:00,25608.5,25609.25,25603,25603.25,655,25585.56,25500.39,0.00
2025-11-26,16:29:00,25603,25606.5,25602,25602.75,623,25585.59,25500.44,0.00
2025-11-26,16:30:00,25602.75,25604.75,25598.5,25599,954,25585.62,25500.50,0.00
2025-11-26,16:31:00,25599.25,25604,25596,25600.25,2058,25585.68,25500.63,0.00
2025-11-26,16:32:00,25599.5,25602.5,25596.5,25598.5,832,25585.71,25500.68,0.00
2025-11-26,16:33:00,25598,25602.5,25595.25,25598.75,1284,25585.74,25500.76,0.00
2025-11-26,16:34:00,25598.5,25600.25,25586.75,25591.25,2254,25585.78,25500.90,0.00
2025-11-26,16:35:00,25591,25595,25587.25,25593.25,1516,25585.80,25500.98,0.00
2025-11-26,16:36:00,25593.25,25596.5,25589.5,25592.25,1181,25585.81,25501.05,0.00
2025-11-26,16:37:00,25592.75,25592.75,25586,25589,1486,25585.83,25501.14,0.00
2025-11-26,16:38:00,25589,25592.5,25586.25,25587,866,25585.83,25501.19,0.00
2025-11-26,16:39:00,25586.75,25587.75,25584,25585.25,1112,25585.83,25501.25,0.00
2025-11-26,16:40:00,25585.5,25591.75,25584.5,25587.5,1185,25585.84,25501.31,0.00
2025-11-26,16:41:00,25587.5,25590.25,25580.75,25582.25,1307,25585.83,25501.38,0.00
2025-11-26,16:42:00,25582,25586.5,25581,25585.75,1101,25585.83,25501.44,0.00
2025-11-26,16:43:00,25585.5,25594.5,25583.75,25592.5,1864,25585.85,25501.54,0.00
2025-11-26,16:44:00,25592.5,25598,25592,25593.75,1463,25585.87,25501.63,0.00
2025-11-26,16:45:00,25593.5,25595,25587.5,25589.75,1280,25585.88,25501.70,0.00
2025-11-26,16:46:00,25590,25596,25588.75,25594.25,1404,25585.91,25501.78,0.00
2025-11-26,16:47:00,25594,25597,25592.5,25595.25,947,25585.92,25501.84,0.00
2025-11-26,16:48:00,25595.25,25595.75,25579.25,25581,2389,25585.92,25501.97,0.00
2025-11-26,16:49:00,25580.5,25585.25,25576.25,25577.75,1898,25585.90,25502.06,0.00
2025-11-26,16:50:00,25577.5,25580.25,25574.5,25575,1751,25585.86,25502.14,0.00
2025-11-26,16:51:00,25575,25585.75,25558,25575.25,5367,25585.72,25502.38,0.00
2025-11-26,16:52:00,25575.25,25576.75,25556,25558.5,3532,25585.57,25502.52,0.00
2025-11-26,16:53:00,25558.25,25571,25558.25,25560.75,3292,25585.42,25502.64,0.00
2025-11-26,16:54:00,25560,25576.5,25558.25,25572.25,2832,25585.33,25502.76,0.00
2025-11-26,16:55:00,25572,25577.25,25554.75,25559.75,5182,25585.12,25502.96,0.00
2025-11-26,16:56:00,25559.75,25570.5,25554.25,25563,4427,25584.92,25503.12,0.00
2025-11-26,16:57:00,25562.5,25570.25,25559.75,25565.25,2261,25584.84,25503.21,0.00
2025-11-26,16:58:00,25565.25,25567.25,25560.5,25566.5,1384,25584.78,25503.26,0.00
2025-11-26,16:59:00,25566.5,25571,25562,25565,1750,25584.72,25503.33,0.00
2025-11-26,17:00:00,25565,25572,25548.25,25549.5,8396,25584.28,25503.61,0.00
2025-11-26,17:01:00,25550,25570,25546.75,25557.75,4514,25584.05,25503.76,0.00
2025-11-26,17:02:00,25557.5,25564,25555.25,25556,1702,25583.97,25503.82,0.00
2025-11-26,17:03:00,25555.75,25559,25553.25,25557,920,25583.93,25503.85,0.00
2025-11-26,17:04:00,25557,25563.5,25556.25,25559.25,821,25583.89,25503.87,0.00
2025-11-26,17:05:00,25559.25,25567.75,25556.5,25566,974,25583.85,25503.91,0.00
2025-11-26,17:06:00,25565.75,25566.25,25561.75,25563.75,516,25583.83,25503.93,0.00
2025-11-26,17:07:00,25563.75,25567.5,25561.75,25565,570,25583.81,25503.95,0.00
2025-11-26,17:08:00,25565.25,25575.25,25564.25,25573,1458,25583.78,25504.01,0.00
2025-11-26,17:09:00,25573.75,25582.25,25571,25582.25,1049,25583.77,25504.06,0.00
2025-11-26,17:10:00,25581.75,25585,25576.75,25579.5,1163,25583.76,25504.11,0.00
2025-11-26,17:11:00,25579.5,25580.25,25569,25571.5,902,25583.74,25504.15,0.00
2025-11-26,17:12:00,25571,25572.25,25568.5,25570.75,410,25583.73,25504.17,0.00
2025-11-26,17:13:00,25571,25571,25565,25567.75,642,25583.72,25504.19,0.00
2025-11-26,17:14:00,25567.25,25577.5,25566.75,25567.5,1066,25583.69,25504.23,0.00
2025-11-26,17:15:00,25567.5,25568,25564.25,25566.5,350,25583.68,25504.25,0.00
2025-11-26,17:16:00,25567,25567.75,25563.25,25566.5,510,25583.66,25504.27,0.00
2025-11-26,17:17:00,25566,25567.25,25554.5,25554.5,664,25583.63,25504.29,0.00
2025-11-26,17:18:00,25554.5,25560.75,25554.5,25559.75,412,25583.61,25504.30,0.00
2025-11-26,17:19:00,25559.75,25562.75,25559.5,25562,282,25583.60,25504.31,0.00
2025-11-26,17:20:00,25561.5,25566,25560,25563.25,391,25583.59,25504.33,0.00
2025-11-26,17:21:00,25563.25,25564.75,25561.5,25563.25,261,25583.58,25504.34,0.00
2025-11-26,17:22:00,25563.25,25563.25,25561.25,25562.75,172,25583.57,25504.34,0.00
2025-11-26,17:23:00,25562.25,25569.75,25559,25569.75,578,25583.55,25504.36,0.00
2025-11-26,17:24:00,25569.75,25580.5,25568,25571.75,958,25583.54,25504.40,0.00
2025-11-26,17:25:00,25572.25,25572.75,25568.5,25569,252,25583.53,25504.41,0.00
2025-11-26,17:26:00,25569,25570.5,25567.75,25570.25,302,25583.52,25504.43,0.00
2025-11-26,17:27:00,25570.25,25574.5,25569.25,25571,378,25583.51,25504.44,0.00
2025-11-26,17:28:00,25571.25,25572.25,25568.5,25570,283,25583.51,25504.45,0.00
2025-11-26,17:29:00,25570.5,25571,25568.25,25570.25,204,25583.50,25504.46,0.00
2025-11-26,17:30:00,25570.25,25570.25,25568,25569.5,204,25583.50,25504.47,0.00
2025-11-26,17:31:00,25569.5,25570.25,25566.75,25570,268,25583.49,25504.48,0.00
2025-11-26,17:32:00,25570,25570.25,25567.25,25569.5,334,25583.48,25504.49,0.00
2025-11-26,17:33:00,25569.75,25571.75,25569,25571.25,199,25583.48,25504.50,0.00
2025-11-26,17:34:00,25571.5,25571.5,25567.5,25567.75,232,25583.47,25504.51,0.00
2025-11-26,17:35:00,25567.75,25568,25564.25,25566.5,291,25583.46,25504.52,0.00
2025-11-26,17:36:00,25566.75,25567,25564.75,25565.25,260,25583.45,25504.53,0.00
2025-11-26,17:37:00,25565.75,25567.25,25563.5,25563.75,260,25583.44,25504.54,0.00
2025-11-26,17:38:00,25563.75,25566.5,25562.5,25566,328,25583.43,25504.55,0.00
2025-11-26,17:39:00,25566,25566,25563.25,25564.75,158,25583.43,25504.56,0.00
2025-11-26,17:40:00,25564,25566.25,25563.5,25566.25,133,25583.42,25504.56,0.00
2025-11-26,17:41:00,25566,25566.75,25562.25,25562.5,194,25583.42,25504.57,0.00
2025-11-26,17:42:00,25562.75,25563.5,25559.5,25560.75,228,25583.41,25504.58,0.00
2025-11-26,17:43:00,25560.5,25562,25557.25,25560,367,25583.39,25504.59,0.00
2025-11-26,17:44:00,25560,25561.25,25557.75,25560.5,250,25583.38,25504.60,0.00
2025-11-26,17:45:00,25560.5,25564.5,25560.25,25563.25,342,25583.37,25504.61,0.00
2025-11-26,17:46:00,25563,25564.75,25560.5,25561.75,274,25583.36,25504.62,0.00
2025-11-26,17:47:00,25562,25567.5,25561.75,25566.25,372,25583.35,25504.63,0.00
2025-11-26,17:48:00,25565.75,25567.25,25563,25564.5,261,25583.34,25504.64,0.00
2025-11-26,17:49:00,25564.5,25565.75,25561.5,25564.25,245,25583.33,25504.65,0.00
2025-11-26,17:50:00,25563.75,25565.5,25563,25564.75,135,25583.32,25504.66,0.00
2025-11-26,17:51:00,25564.5,25565.75,25561,25564,528,25583.31,25504.68,0.00
2025-11-26,17:52:00,25563.75,25564.25,25562.25,25564,210,25583.30,25504.68,0.00
2025-11-26,17:53:00,25563,25564.5,25561.5,25563.5,151,25583.29,25504.69,0.00
2025-11-26,17:54:00,25562.75,25566.75,25562.75,25565.75,171,25583.29,25504.69,0.00
2025-11-26,17:55:00,25566.5,25569.5,25565.5,25569.5,261,25583.28,25504.70,0.00
2025-11-26,17:56:00,25569,25569,25566.25,25567.25,265,25583.27,25504.71,0.00
2025-11-26,17:57:00,25566.75,25568.5,25566.75,25566.75,85,25583.27,25504.72,0.00
2025-11-26,17:58:00,25567.25,25571,25565.75,25567.25,378,25583.26,25504.73,0.00
2025-11-26,17:59:00,25567,25568.75,25565.75,25568.75,184,25583.25,25504.74,0.00
2025-11-26,18:00:00,25568.75,25570,25562.5,25567.75,504,25583.24,25504.76,0.00
2025-11-26,19:01:00,25570,25589.25,25567.25,25585.5,923,25580.67,25580.67,0.00
2025-11-26,19:02:00,25585,25585.25,25574.75,25578,445,25580.23,25580.23,0.00
2025-11-26,19:03:00,25578,25581,25576.25,25579,95,25580.14,25580.14,0.00
2025-11-26,19:04:00,25580,25580.75,25575.5,25577.25,136,25579.94,25579.94,0.00
2025-11-26,19:05:00,25577.75,25578.25,25574,25576,77,25579.76,25579.76,0.00
2025-11-26,19:06:00,25577,25577.75,25571,25573,134,25579.33,25579.33,0.00
2025-11-26,19:07:00,25574.25,25575,25571.25,25572.5,145,25578.85,25578.85,0.00
2025-11-26,19:08:00,25574,25588.25,25574,25585.75,327,25579.40,25579.40,0.00
2025-11-26,19:09:00,25585.5,25588,25582.75,25584.75,181,25579.82,25579.82,0.00
2025-11-26,19:10:00,25584.75,25585,25579.75,25583.75,130,25579.98,25579.98,0.00
2025-11-26,19:11:00,25583.25,25591.25,25583,25588.75,236,25587.67,25580.62,0.00
2025-11-26,19:12:00,25590,25590.75,25582.25,25584,270,25586.60,25581.06,0.00
2025-11-26,19:13:00,25583,25583,25577.25,25581.75,291,25584.43,25581.02,0.00
2025-11-26,19:14:00,25581,25581.25,25575.25,25576.25,122,25583.52,25580.90,0.00
2025-11-26,19:15:00,25576.25,25576.25,25565.25,25571.75,586,25578.68,25571.08,0.00
2025-11-26,19:16:00,25570.5,25570.5,25566.25,25568.25,419,25576.43,25569.94,0.00
2025-11-26,19:17:00,25567.25,25571.75,25566.25,25568.5,127,25575.96,25569.81,0.00
2025-11-26,19:18:00,25568.75,25569.25,25565.75,25567.75,163,25575.34,25569.53,0.00
2025-11-26,19:19:00,25568.5,25570,25567.5,25568.75,182,25574.84,25569.44,0.00
2025-11-26,19:20:00,25568.75,25573.75,25568.75,25573.75,161,25574.67,25569.70,0.00
2025-11-26,19:21:00,25573.75,25581,25570.5,25578.5,549,25575.02,25571.45,0.00
2025-11-26,19:22:00,25578.5,25578.75,25570,25572.75,176,25574.96,25571.62,0.00
2025-11-26,19:23:00,25571.75,25572.75,25568.75,25570,130,25574.79,25571.57,0.00
2025-11-26,19:24:00,25569.75,25572.75,25568.25,25572,173,25574.60,25571.53,0.00
2025-11-26,19:25:00,25572,25573.5,25569.25,25569.25,147,25574.45,25571.48,0.00
2025-11-26,19:26:00,25569,25577.25,25569,25572.75,261,25574.35,25571.61,0.00
2025-11-26,19:27:00,25572.75,25572.75,25569,25570.75,105,25574.26,25571.59,0.00
2025-11-26,19:28:00,25571,25571.75,25567.5,25570.5,118,25574.14,25571.53,0.00
2025-11-26,19:29:00,25569.75,25572,25568.5,25569.75,137,25574.01,25571.47,0.00
2025-11-26,19:30:00,25569.5,25572,25564.75,25571.25,297,25573.72,25569.33,0.00
2025-11-26,19:31:00,25571.25,25576.5,25570.5,25574.25,279,25573.72,25571.47,0.00
2025-11-26,19:32:00,25574,25579.5,25572.75,25579,330,25573.93,25573.52,0.00
2025-11-26,19:33:00,25579,25580.25,25574.75,25576.25,171,25574.03,25574.08,0.00
2025-11-26,19:34:00,25576.5,25577.75,25574.75,25576.25,92,25574.06,25574.25,0.00
2025-11-26,19:35:00,25575.75,25578.25,25575.5,25575.75,137,25574.12,25574.49,0.00
2025-11-26,19:36:00,25575.75,25579,25575.5,25579,133,25574.21,25574.80,0.00
2025-11-26,19:37:00,25579,25582.25,25577.5,25581.5,271,25574.49,25575.69,0.00
2025-11-26,19:38:00,25582.25,25583.75,25578.75,25580.5,267,25574.76,25576.41,0.00
2025-11-26,19:39:00,25581,25581,25576,25577.75,143,25574.84,25576.53,0.00
2025-11-26,19:40:00,25577.75,25577.75,25574.25,25575.75,140,25574.86,25576.49,0.00
2025-11-26,19:41:00,25577.25,25582,25577.25,25580.25,82,25574.92,25576.61,0.00
2025-11-26,19:42:00,25580,25580.5,25578.75,25580,73,25574.97,25576.70,0.00
2025-11-26,19:43:00,25579.5,25582.5,25579.5,25580,118,25575.07,25576.89,0.00
2025-11-26,19:44:00,25578.75,25580,25577.5,25578,94,25575.12,25576.95,0.00
2025-11-26,19:45:00,25578,25579.25,25575.5,25578.25,192,25575.19,25577.00,0.00
2025-11-26,19:46:00,25577.25,25578.5,25572,25574.25,226,25575.18,25576.84,0.00
2025-11-26,19:47:00,25574,25577,25571.25,25574.25,246,25575.15,25576.64,0.00
2025-11-26,19:48:00,25573.75,25574.75,25571.5,25572.75,100,25575.12,25576.53,0.00
2025-11-26,19:49:00,25573,25579,25571.5,25579,179,25575.15,25576.53,0.00
2025-11-26,19:50:00,25578.25,25583.25,25577.5,25581.75,248,25575.32,25576.81,0.00
2025-11-26,19:51:00,25581.75,25583.25,25580.75,25581.25,220,25575.49,25577.08,0.00
2025-11-26,19:52:00,25580.5,25586.25,25580.5,25584.25,272,25575.75,25577.50,0.00
2025-11-26,19:53:00,25584.5,25587.25,25583,25585.5,144,25575.90,25577.75,0.00
2025-11-26,19:54:00,25585.75,25587.75,25583.5,25586,129,25576.04,25577.97,0.00
2025-11-26,19:55:00,25586,25586.25,25581,25582,145,25576.16,25578.13,0.00
2025-11-26,19:56:00,25581,25582.5,25579.25,25579.25,185,25576.24,25578.21,0.00
2025-11-26,19:57:00,25579.5,25582,25577.5,25582,210,25576.33,25578.31,0.00
2025-11-26,19:58:00,25581.25,25581.25,25577.25,25580.5,116,25576.37,25578.34,0.00
2025-11-26,19:59:00,25580,25581.25,25577.75,25578.25,88,25576.40,25578.35,0.00
2025-11-26,20:00:00,25578,25581.25,25575.75,25576.75,157,25576.42,25578.34,0.00
2025-11-26,20:01:00,25576,25582,25570,25581.5,552,25576.50,25578.29,0.00
2025-11-26,20:02:00,25581.5,25583.75,25580,25583,377,25576.70,25578.52,0.00
2025-11-26,20:03:00,25582.5,25586,25581.25,25583.75,280,25576.88,25578.74,0.00
2025-11-26,20:04:00,25584.5,25585.5,25582.75,25584.75,127,25576.96,25578.84,0.00
2025-11-26,20:05:00,25584.25,25586.5,25581,25582,215,25577.08,25578.97,0.00
2025-11-26,20:06:00,25582.5,25584.25,25578.25,25580.75,219,25577.15,25579.04,0.00
2025-11-26,20:07:00,25581.25,25582,25577.25,25580,136,25577.18,25579.05,0.00
2025-11-26,20:08:00,25580,25580.5,25571.25,25573.75,368,25577.12,25578.87,0.00
2025-11-26,20:09:00,25574,25576.25,25567.75,25575.5,742,25576.89,25578.37,0.00
2025-11-26,20:10:00,25576.25,25577.25,25574.5,25575.25,141,25576.88,25578.33,0.00
2025-11-26,20:11:00,25575.25,25580.5,25575,25579.5,208,25576.90,25578.33,0.00
2025-11-26,20:12:00,25579,25581.25,25576.5,25580,204,25576.94,25578.35,0.00
2025-11-26,20:13:00,25580.75,25581.25,25577.75,25581,121,25576.97,25578.37,0.00
2025-11-26,20:14:00,25580.5,25581.25,25576.25,25580.75,201,25577.00,25578.39,0.00
2025-11-26,20:15:00,25580.25,25582.5,25579,25581,158,25577.05,25578.43,0.00
2025-11-26,20:16:00,25581.25,25581.75,25577.5,25581,107,25577.07,25578.45,0.00
2025-11-26,20:17:00,25581.75,25582,25578.25,25580,104,25577.09,25578.47,0.00
2025-11-26,20:18:00,25580.5,25581.75,25577.25,25579.5,171,25577.12,25578.48,0.00
2025-11-26,20:19:00,25580,25581.5,25577.5,25579.25,101,25577.14,25578.49,0.00
2025-11-26,20:20:00,25578.25,25580,25574.75,25580,165,25577.15,25578.49,0.00
2025-11-26,20:21:00,25579.75,25581,25577.25,25578,121,25577.16,25578.49,0.00
2025-11-26,20:22:00,25577.5,25578.5,25576,25577.75,69,25577.16,25578.49,0.00
2025-11-26,20:23:00,25577.75,25578,25574,25576.5,170,25577.15,25578.45,0.00
2025-11-26,20:24:00,25576.25,25577.5,25573,25573,89,25577.14,25578.42,0.00
2025-11-26,20:25:00,25573,25573.75,25570.75,25571.5,187,25577.07,25578.30,0.00
2025-11-26,20:26:00,25572,25574,25570.25,25573.75,137,25577.03,25578.23,0.00
2025-11-26,20:27:00,25573.75,25576,25573.75,25575.25,71,25577.02,25578.21,0.00
2025-11-26,20:28:00,25575.25,25578.5,25574.75,25576.25,159,25577.02,25578.19,0.00
2025-11-26,20:29:00,25576.25,25577,25573.75,25576.25,91,25577.01,25578.17,0.00
2025-11-26,20:30:00,25576.25,25579.75,25576.25,25579.75,198,25577.03,25578.18,0.00
2025-11-26,20:31:00,25578.75,25582.25,25578.5,25579,215,25577.07,25578.21,0.00
2025-11-26,20:32:00,25579.25,25580.75,25576.5,25579.75,117,25577.08,25578.22,0.00
2025-11-26,20:33:00,25580.25,25581.25,25578.5,25581,73,25577.10,25578.23,0.00
2025-11-26,20:34:00,25580.75,25581.75,25579.25,25580.5,98,25577.12,25578.25,0.00
2025-11-26,20:35:00,25580.25,25582.25,25577.75,25578.5,138,25577.14,25578.26,0.00
2025-11-26,20:36:00,25578.25,25578.5,25574.75,25576.25,213,25577.13,25578.23,0.00
2025-11-26,20:37:00,25576.5,25576.75,25573.25,25576.5,186,25577.11,25578.19,0.00
2025-11-26,20:38:00,25575.5,25575.5,25573.25,25574.5,101,25577.10,25578.16,0.00
2025-11-26,20:39:00,25574.5,25574.75,25572.25,25572.75,94,25577.07,25578.12,0.00
2025-11-26,20:40:00,25573,25574.5,25572.25,25574,94,25577.06,25578.09,0.00
2025-11-26,20:41:00,25573.5,25573.75,25571.5,25573.5,116,25577.03,25578.04,0.00
2025-11-26,20:42:00,25573.75,25575,25572.5,25574.75,103,25577.01,25578.01,0.00
2025-11-26,20:43:00,25574.25,25574.5,25571,25572.75,116,25576.98,25577.97,0.00
2025-11-26,20:44:00,25572.5,25573.75,25571.75,25573.75,46,25576.97,25577.95,0.00
2025-11-26,20:45:00,25574,25575.25,25573.5,25574.25,75,25576.96,25577.93,0.00
2025-11-26,20:46:00,25573.75,25574.5,25572.75,25573.5,60,25576.95,25577.91,0.00
2025-11-26,20:47:00,25574,25574.25,25570.75,25574.25,82,25576.93,25577.88,0.00
2025-11-26,20:48:00,25573.75,25573.75,25569.5,25571,162,25576.88,25577.80,0.00
2025-11-26,20:49:00,25570.75,25571.75,25568.75,25571,260,25576.79,25577.66,0.00
2025-11-26,20:50:00,25570.75,25572.5,25569.75,25571.5,148,25576.75,25577.60,0.00
2025-11-26,20:51:00,25571.25,25574.25,25571,25574,189,25576.71,25577.54,0.00
2025-11-26,20:52:00,25573.75,25576.75,25573,25574.75,175,25576.69,25577.50,0.00
2025-11-26,20:53:00,25574.75,25576.75,25573.25,25575.75,122,25576.68,25577.48,0.00
2025-11-26,20:54:00,25576.25,25578,25576,25576.25,140,25576.68,25577.48,0.00
2025-11-26,20:55:00,25576.25,25577,25573.75,25574.25,83,25576.67,25577.46,0.00
2025-11-26,20:56:00,25574,25575.75,25573,25575.75,121,25576.66,25577.44,0.00
2025-11-26,20:57:00,25576.5,25578.25,25575.75,25577.25,130,25576.67,25577.44,0.00
2025-11-26,20:58:00,25577.25,25578.25,25576.25,25578,99,25576.67,25577.44,0.00
2025-11-26,20:59:00,25577.75,25582,25577.25,25581.5,204,25576.71,25577.48,0.00
2025-11-26,21:00:00,25581.75,25585.25,25581.75,25583.5,389,25576.84,25577.63,0.00
2025-11-26,21:01:00,25583.5,25586.25,25582.75,25585.5,329,25576.97,25577.78,0.00
2025-11-26,21:02:00,25586,25591,25585.5,25590.25,507,25577.26,25578.12,0.00
2025-11-26,21:03:00,25590.75,25592.5,25587,25591.5,372,25590.33,25578.39,0.00
2025-11-26,21:04:00,25591,25592,25589,25592,158,25590.53,25578.51,0.00
2025-11-26,21:05:00,25591.25,25592.25,25587,25590.25,168,25590.36,25578.62,0.00
2025-11-26,21:06:00,25590.5,25592.25,25587.25,25588.75,131,25590.21,25578.70,0.00
2025-11-26,21:07:00,25588.25,25589.5,25586.75,25587.5,124,25589.92,25578.76,0.00
2025-11-26,21:08:00,25587.5,25587.5,25580.75,25583.25,398,25588.12,25578.88,0.00
2025-11-26,21:09:00,25582.75,25583,25575.75,25575.75,371,25585.98,25578.86,0.00
2025-11-26,21:10:00,25575.5,25576.25,25569.5,25571.75,544,25582.74,25578.68,0.00
2025-11-26,21:11:00,25571,25571.25,25564.75,25566.75,544,25579.81,25578.36,0.00
2025-11-26,21:12:00,25567.75,25576.25,25567,25576.25,407,25578.97,25578.26,0.00
2025-11-26,21:13:00,25575.25,25576,25569.5,25572,211,25578.57,25578.20,0.00
2025-11-26,21:14:00,25572.5,25572.75,25568.25,25570.25,155,25578.22,25578.14,0.00
2025-11-26,21:15:00,25570.25,25573.25,25568.75,25570,126,25577.96,25578.09,0.00
2025-11-26,21:16:00,25569.75,25570.5,25557.5,25558.75,804,25575.16,25562.25,0.00
2025-11-26,21:17:00,25559.25,25561.75,25557.75,25559.5,362,25574.01,25561.45,0.00
2025-11-26,21:18:00,25559,25561.5,25556.5,25560,301,25573.16,25559.33,0.00
2025-11-26,21:19:00,25559.5,25567.25,25558.5,25562,445,25572.32,25561.27,0.00
2025-11-26,21:20:00,25562.25,25562.75,25558.25,25561.5,208,25571.91,25561.18,0.00
2025-11-26,21:21:00,25562.25,25566.75,25560.25,25565.5,251,25571.59,25561.80,0.00
2025-11-26,21:22:00,25565.25,25567.25,25563,25566.5,200,25571.40,25562.34,0.00
2025-11-26,21:23:00,25565.75,25568.25,25564.75,25565.25,216,25571.22,25562.84,0.00
2025-11-26,21:24:00,25564.5,25567.5,25562,25566.75,171,25571.07,25563.08,0.00
2025-11-26,21:25:00,25566.75,25571.25,25566.25,25568.5,323,25570.96,25563.94,0.00
2025-11-26,21:26:00,25568.5,25571.5,25568.25,25568.25,202,25570.92,25564.41,0.00
2025-11-26,21:27:00,25567.75,25570.75,25566.75,25569.75,155,25570.88,25564.70,0.00
2025-11-26,21:28:00,25570.25,25572.75,25568.75,25569.5,241,25570.86,25565.20,0.00
2025-11-26,21:29:00,25570,25571.75,25568.25,25570.25,137,25570.85,25565.43,0.00
2025-11-26,21:30:00,25570.75,25571.25,25568.75,25569.25,116,25570.83,25565.60,0.00
2025-11-26,21:31:00,25569.25,25570,25564,25565.25,313,25570.66,25565.68,0.00
2025-11-26,21:32:00,25564.75,25565.25,25558.75,25563,392,25570.28,25565.32,0.00
2025-11-26,21:33:00,25564,25567,25561.5,25564,300,25570.07,25565.24,0.00
2025-11-26,21:34:00,25564.25,25565.75,25562,25562.5,178,25569.94,25565.16,0.00
2025-11-26,21:35:00,25563,25563.5,25560.75,25562.25,144,25569.82,25565.06,0.00
2025-11-26,21:36:00,25563.75,25565.75,25562,25562.5,138,25569.72,25565.01,0.00
2025-11-26,21:37:00,25562.5,25563.25,25560.75,25562.75,146,25569.61,25564.92,0.00
2025-11-26,21:38:00,25562.75,25563.5,25560.25,25561.25,81,25569.54,25564.86,0.00
2025-11-26,21:39:00,25561.5,25563,25558.75,25561.75,137,25569.42,25564.76,0.00
2025-11-26,21:40:00,25562,25564,25560.25,25562,123,25569.33,25564.69,0.00
2025-11-26,21:41:00,25562.5,25563.5,25561.25,25562.25,112,25569.25,25564.64,0.00
2025-11-26,21:42:00,25562.75,25563.25,25560.75,25561,88,25569.18,25564.59,0.00
2025-11-26,21:43:00,25561,25564,25560.5,25563.25,101,25569.12,25564.55,0.00
2025-11-26,21:44:00,25563.25,25564.5,25561.25,25562.5,110,25569.05,25564.51,0.00
2025-11-26,21:45:00,25563,25570.25,25563,25569.75,408,25569.00,25564.73,0.00
2025-11-26,21:46:00,25570.25,25572.25,25568.25,25570.75,321,25569.04,25565.04,0.00
2025-11-26,21:47:00,25570.5,25571.25,25568,25569.5,167,25569.05,25565.16,0.00
2025-11-26,21:48:00,25569.25,25569.75,25565.75,25568.25,156,25569.03,25565.23,0.00
2025-11-26,21:49:00,25568.5,25572,25568.25,25572,113,25569.05,25565.32,0.00
2025-11-26,21:50:00,25572.25,25574,25570.75,25572.5,339,25569.15,25565.67,0.00
2025-11-26,21:51:00,25573.25,25573.75,25571.25,25573,115,25569.18,25565.79,0.00
2025-11-26,21:52:00,25572.5,25574.75,25571,25571.5,175,25569.23,25565.95,0.00
2025-11-26,21:53:00,25572,25573.5,25568.25,25573,203,25569.27,25566.11,0.00
2025-11-26,21:54:00,25573,25578,25573,25578,401,25569.49,25566.64,0.00
2025-11-26,21:55:00,25577.5,25582.75,25577,25582.25,374,25569.81,25567.29,0.00
2025-11-26,21:56:00,25582.25,25583,25581.25,25582.5,195,25570.00,25567.64,0.00
2025-11-26,21:57:00,25582.25,25583.75,25580.5,25582,287,25570.25,25568.12,0.00
2025-11-26,21:58:00,25582.25,25584.25,25581,25583.25,255,25570.49,25568.55,0.00
2025-11-26,21:59:00,25583.75,25587,25583.75,25586,329,25570.84,25569.16,0.00
2025-11-26,22:00:00,25586,25588,25585,25587.25,217,25571.08,25569.56,0.00
2025-11-26,22:01:00,25587.5,25592.75,25584.25,25585.25,715,25587.42,25570.83,0.00
2025-11-26,22:02:00,25585,25588.25,25583.75,25588,308,25587.19,25571.30,0.00
2025-11-26,22:03:00,25588.5,25590.5,25584.75,25585.25,310,25587.11,25571.75,0.00
2025-11-26,22:04:00,25585,25588.25,25584.25,25585.75,214,25586.97,25572.03,0.00
2025-11-26,22:05:00,25586,25587.75,25584.25,25584.25,172,25586.81,25572.23,0.00
2025-11-26,22:06:00,25584.75,25585.25,25582.5,25583.75,282,25586.39,25572.52,0.00
2025-11-26,22:07:00,25584.25,25585.5,25581,25584.75,267,25586.08,25572.78,0.00
2025-11-26,22:08:00,25584.75,25585.5,25581.25,25581.5,114,25585.92,25572.88,0.00
2025-11-26,22:09:00,25582.5,25584,25581.25,25583.25,142,25585.75,25572.99,0.00
2025-11-26,22:10:00,25582.75,25583,25580.5,25582.25,135,25585.55,25573.09,0.00
2025-11-26,22:11:00,25582.25,25582.25,25579,25580.75,219,25585.18,25573.23,0.00
2025-11-26,22:12:00,25581,25583.5,25580.5,25581.25,99,25585.07,25573.30,0.00
2025-11-26,22:13:00,25581.25,25583,25578.5,25579.75,166,25584.82,25573.39,0.00
2025-11-26,22:14:00,25580.25,25583.25,25578.75,25581.5,155,25584.65,25573.49,0.00
2025-11-26,22:15:00,25582.5,25587.25,25581.75,25586,315,25584.68,25573.77,0.00
2025-11-26,22:16:00,25586,25589.5,25584.5,25589,246,25584.87,25574.02,0.00
2025-11-26,22:17:00,25589.25,25589.75,25587.25,25587.75,137,25584.99,25574.17,0.00
2025-11-26,22:18:00,25588.5,25589.25,25582,25582.75,170,25584.97,25574.30,0.00
2025-11-26,22:19:00,25583,25585,25580.75,25583.5,127,25584.92,25574.38,0.00
2025-11-26,22:20:00,25583.25,25584.25,25581.5,25583,144,25584.85,25574.47,0.00
2025-11-26,22:21:00,25583,25584.5,25581.5,25582,86,25584.81,25574.52,0.00
2025-11-26,22:22:00,25582.5,25584.75,25580.5,25582.75,203,25584.72,25574.64,0.00
2025-11-26,22:23:00,25583,25583.5,25579.75,25580.75,103,25584.65,25574.69,0.00
2025-11-26,22:24:00,25580.25,25581.25,25578.25,25580.75,103,25584.55,25574.73,0.00
2025-11-26,22:25:00,25581,25582.75,25579.25,25581.25,101,25584.48,25574.77,0.00
2025-11-26,22:26:00,25582,25582,25578.25,25579,114,25584.38,25574.81,0.00
2025-11-26,22:27:00,25579,25581.25,25578.5,25580.5,113,25584.28,25574.85,0.00
2025-11-26,22:28:00,25580.75,25582.75,25579.75,25581.75,112,25584.22,25574.90,0.00
2025-11-26,22:29:00,25581.25,25583,25580.75,25583,74,25584.20,25574.94,0.00
2025-11-26,22:30:00,25582.75,25584.75,25581.75,25584.25,108,25584.19,25575.00,0.00
2025-11-26,22:31:00,25584.75,25585,25583.5,25584,54,25584.19,25575.03,0.00
2025-11-26,22:32:00,25584.25,25586.25,25584,25584.25,85,25584.20,25575.09,0.00
2025-11-26,22:33:00,25585,25585.25,25581.75,25582.75,90,25584.18,25575.14,0.00
2025-11-26,22:34:00,25582.75,25582.75,25579.25,25579.75,103,25584.12,25575.17,0.00
2025-11-26,22:35:00,25580.25,25581,25578.25,25578.5,173,25583.98,25575.22,0.00
2025-11-26,22:36:00,25578.5,25580.5,25577.25,25579.5,133,25583.87,25575.25,0.00
2025-11-26,22:37:00,25579.5,25581.25,25578,25579.75,103,25583.80,25575.28,0.00
2025-11-26,22:38:00,25579.25,25581.5,25578.75,25580.5,64,25583.77,25575.30,0.00
2025-11-26,22:39:00,25580,25581,25578,25578,110,25583.69,25575.33,0.00
2025-11-26,22:40:00,25578.25,25579.75,25576.75,25578.5,133,25583.58,25575.35,0.00
2025-11-26,22:41:00,25578.75,25579.75,25576,25578,244,25583.38,25575.39,0.00
2025-11-26,22:42:00,25578.25,25579.75,25576.75,25576.75,110,25583.29,25575.41,0.00
2025-11-26,22:43:00,25576.5,25578.25,25572.75,25573.75,188,25583.07,25575.40,0.00
2025-11-26,22:44:00,25573.75,25578,25572.25,25577.75,237,25582.84,25575.41,0.00
2025-11-26,22:45:00,25578,25582,25577.5,25581.5,217,25582.77,25575.47,0.00
2025-11-26,22:46:00,25582,25582.5,25578.75,25580.75,86,25582.75,25575.50,0.00
2025-11-26,22:47:00,25580.75,25580.75,25575,25575.25,92,25582.68,25575.51,0.00
2025-11-26,22:48:00,25575.25,25575.75,25573,25574.75,168,25582.51,25575.50,0.00
2025-11-26,22:49:00,25575.25,25576.5,25573.75,25573.75,44,25582.46,25575.50,0.00
2025-11-26,22:50:00,25575.25,25577,25574.75,25577,36,25582.43,25575.50,0.00
2025-11-26,22:51:00,25577.25,25577.75,25576.25,25576.25,94,25582.37,25575.50,0.00
2025-11-26,22:52:00,25577,25577,25572,25572.75,158,25582.21,25575.49,0.00
2025-11-26,22:53:00,25573,25573.5,25568.5,25572.75,278,25581.86,25575.43,0.00
2025-11-26,22:54:00,25572.5,25574.5,25570.75,25571.25,114,25581.73,25575.41,0.00
2025-11-26,22:55:00,25570.75,25570.75,25568,25570,138,25581.54,25575.36,0.00
2025-11-26,22:56:00,25570.25,25571,25568.25,25569.75,121,25581.38,25575.33,0.00
2025-11-26,22:57:00,25570,25571,25568.5,25569.75,131,25581.22,25575.29,0.00
2025-11-26,22:58:00,25570,25572,25567.75,25570,150,25581.03,25575.24,0.00
2025-11-26,22:59:00,25570.25,25573,25569.75,25570.75,133,25580.89,25575.21,0.00
2025-11-26,23:00:00,25570.5,25572.5,25568.75,25569.25,93,25580.78,25575.19,0.00
2025-11-26,23:01:00,25570.25,25572.5,25567,25571.5,221,25580.55,25575.13,0.00
2025-11-26,23:02:00,25570,25571,25568.75,25570,54,25580.49,25575.12,0.00
2025-11-26,23:03:00,25569.5,25569.5,25565.25,25565.5,185,25580.23,25575.04,0.00
2025-11-26,23:04:00,25566,25568.25,25565,25568,152,25580.03,25574.98,0.00
2025-11-26,23:05:00,25567.75,25569.75,25567.25,25568.5,44,25579.98,25574.96,0.00
2025-11-26,23:06:00,25569,25569.75,25566.75,25568.75,123,25579.84,25574.92,0.00
2025-11-26,23:07:00,25568.75,25570.75,25567.25,25568.25,97,25579.74,25574.89,0.00
2025-11-26,23:08:00,25567.25,25567.5,25563.5,25564,204,25579.45,25574.79,0.00
2025-11-26,23:09:00,25563.75,25565.25,25561.5,25564,252,25579.08,25574.65,0.00
2025-11-26,23:10:00,25564.5,25565,25561.75,25562.25,111,25578.92,25574.58,0.00
2025-11-26,23:11:00,25562.75,25562.75,25559.5,25561.5,175,25578.64,25574.47,0.00
2025-11-26,23:12:00,25561,25563,25558.25,25562.5,259,25578.24,25574.30,0.00
2025-11-26,23:13:00,25562.5,25563,25561.25,25562,109,25578.08,25574.24,0.00
2025-11-26,23:14:00,25562,25562,25558,25559.75,230,25577.72,25574.08,0.00
2025-11-26,23:15:00,25559.25,25562,25559.25,25562,78,25577.61,25574.04,0.00
2025-11-26,23:16:00,25562.5,25564,25561.5,25562.25,125,25577.46,25573.97,0.00
2025-11-26,23:17:00,25562,25566.5,25561.75,25566.5,170,25577.28,25573.90,0.00
2025-11-26,23:18:00,25566.75,25571,25566.5,25570.5,280,25577.10,25573.84,0.00
2025-11-26,23:19:00,25570,25575.75,25570,25573.5,428,25576.96,25573.82,0.00
2025-11-26,23:20:00,25573,25573.5,25569.75,25570,190,25576.88,25573.80,0.00
2025-11-26,23:21:00,25570.75,25571,25567.5,25568,194,25576.76,25573.76,0.00
2025-11-26,23:22:00,25568,25570.25,25567,25567.25,141,25576.67,25573.72,0.00
2025-11-26,23:23:00,25568,25570.75,25568,25569.5,54,25576.64,25573.71,0.00
2025-11-26,23:24:00,25569.75,25571.5,25569.25,25570.75,81,25576.60,25573.70,0.00
2025-11-26,23:25:00,25570.25,25573.5,25570,25571,105,25576.56,25573.69,0.00
2025-11-26,23:26:00,25571.5,25572.25,25569.5,25570,53,25576.54,25573.68,0.00
2025-11-26,23:27:00,25570.5,25571,25568.5,25568.5,85,25576.49,25573.67,0.00
2025-11-26,23:28:00,25568.75,25569.25,25566.5,25568,110,25576.42,25573.64,0.00
2025-11-26,23:29:00,25566.75,25567.25,25564.5,25565.5,142,25576.31,25573.59,0.00
2025-11-26,23:30:00,25564.5,25564.5,25561.75,25562.5,176,25576.15,25573.51,0.00
2025-11-26,23:31:00,25562.25,25563.5,25560.5,25561,157,25575.99,25573.43,0.00
2025-11-26,23:32:00,25561,25566,25559.75,25565.5,196,25575.82,25573.35,0.00
2025-11-26,23:33:00,25565.75,25566.25,25562.75,25564.5,132,25575.72,25573.30,0.00
2025-11-26,23:34:00,25564.75,25565.5,25563,25565.5,68,25575.67,25573.28,0.00
2025-11-26,23:35:00,25565,25566,25564.75,25565.75,77,25575.61,25573.25,0.00
2025-11-26,23:36:00,25566,25566.5,25563.75,25565,75,25575.56,25573.23,0.00
2025-11-26,23:37:00,25565.5,25565.75,25562.75,25563.25,73,25575.50,25573.20,0.00
2025-11-26,23:38:00,25563.75,25564.5,25562,25562,57,25575.45,25573.18,0.00
2025-11-26,23:39:00,25562,25564.5,25561.5,25564.5,37,25575.42,25573.16,0.00
2025-11-26,23:40:00,25564.5,25568.25,25564.5,25568.25,144,25575.34,25573.13,0.00
2025-11-26,23:41:00,25568,25569.25,25566.25,25566.5,136,25575.27,25573.09,0.00
2025-11-26,23:42:00,25567.5,25567.5,25563.25,25564.25,123,25575.19,25573.05,0.00
2025-11-26,23:43:00,25565,25566,25564,25565.5,54,25575.15,25573.04,0.00
2025-11-26,23:44:00,25564.75,25565.5,25563.25,25565,42,25575.12,25573.02,0.00
2025-11-26,23:45:00,25565.25,25567.5,25565.25,25566.75,103,25575.07,25573.00,0.00
2025-11-26,23:46:00,25567.5,25568.25,25563,25563.75,115,25574.99,25572.96,0.00
2025-11-26,23:47:00,25563.75,25565.75,25563.75,25565.25,43,25574.97,25572.94,0.00
2025-11-26,23:48:00,25564.25,25566,25563.25,25564,79,25574.91,25572.92,0.00
2025-11-26,23:49:00,25564,25566.75,25564,25566.75,37,25574.89,25572.91,0.00
2025-11-26,23:50:00,25566.25,25567,25565.5,25566.25,37,25574.87,25572.90,0.00
2025-11-26,23:51:00,25566.25,25569.75,25566,25568.75,132,25574.82,25572.87,0.00
2025-11-26,23:52:00,25569,25569.5,25565.75,25567,96,25574.77,25572.85,0.00
2025-11-26,23:53:00,25568,25568.75,25567.5,25568.5,36,25574.76,25572.85,0.00
2025-11-26,23:54:00,25567.75,25568.25,25566.25,25567.5,66,25574.73,25572.83,0.00
2025-11-26,23:55:00,25568,25569.25,25566.25,25566.75,68,25574.70,25572.82,0.00
2025-11-26,23:56:00,25566.25,25567.5,25565.5,25565.75,57,25574.67,25572.80,0.00
2025-11-26,23:57:00,25566,25567.75,25565.75,25566,62,25574.64,25572.79,0.00
2025-11-26,23:58:00,25566,25567,25565.25,25565.5,40,25574.62,25572.78,0.00
2025-11-26,23:59:00,25566,25567.25,25565.75,25567,43,25574.59,25572.77,0.00
