Date,Time,Open,High,Low,Close,Volume,HighVWAP,LowVWAP,LevelPrice
2025-12-01,00:00:00,25516.25,25516.5,25510.75,25513,306,25602.97,25510.33,0.00
2025-12-01,00:01:00,25512.25,25513.75,25509.25,25510,410,25602.83,25510.35,0.00
2025-12-01,00:02:00,25510,25514.75,25509.5,25514.25,268,25602.74,25510.40,0.00
2025-12-01,00:03:00,25514.25,25517,25512,25514.5,339,25602.62,25510.50,0.00
2025-12-01,00:04:00,25514.75,25517.75,25514,25514.25,267,25602.53,25510.60,0.00
2025-12-01,00:05:00,25515,25519.25,25510.75,25511.5,492,25602.36,25510.71,0.00
2025-12-01,00:06:00,25512.25,25516.75,25505.5,25508,621,25602.14,25510.69,0.00
2025-12-01,00:07:00,25507.75,25508.75,25503.25,25507,584,25601.93,25510.52,0.00
2025-12-01,00:08:00,25507.75,25516.75,25507,25515.5,498,25601.76,25510.60,0.00
2025-12-01,00:09:00,25516,25517.5,25509.75,25514.75,381,25601.64,25510.68,0.00
2025-12-01,00:10:00,25514.5,25516.25,25508.5,25508.5,248,25601.55,25510.69,0.00
2025-12-01,00:11:00,25508.25,25508.75,25505,25507.5,388,25601.41,25510.60,0.00
2025-12-01,00:12:00,25507.75,25509.75,25505.75,25506.25,321,25601.30,25510.54,0.00
2025-12-01,00:13:00,25506.5,25509,25503.25,25508,271,25601.20,25510.48,0.00
2025-12-01,00:14:00,25509,25512.75,25507,25507.5,517,25601.02,25510.44,0.00
2025-12-01,00:15:00,25507.25,25507.25,25500.75,25503,536,25600.82,25510.24,0.00
2025-12-01,00:16:00,25503,25504.25,25500.5,25501.75,268,25600.72,25510.13,0.00
2025-12-01,00:17:00,25502.5,25507.75,25502.25,25504,318,25600.61,25510.03,0.00
2025-12-01,00:18:00,25504.5,25510.75,25503.25,25508.75,286,25600.51,25510.00,0.00
2025-12-01,00:19:00,25509.25,25511.25,25506.25,25507.75,278,25600.41,25509.98,0.00
2025-12-01,00:20:00,25507.5,25511.75,25506.75,25506.75,218,25600.34,25509.96,0.00
2025-12-01,00:21:00,25506.25,25507.5,25502.5,25504.25,291,25600.23,25509.88,0.00
2025-12-01,00:22:00,25504.25,25506.5,25500.75,25502,230,25600.15,25509.81,0.00
2025-12-01,00:23:00,25502.25,25506.25,25501,25502.25,250,25600.06,25509.72,0.00
2025-12-01,00:24:00,25502.25,25504.75,25500.75,25502,238,25599.97,25509.64,0.00
2025-12-01,00:25:00,25501.5,25504.25,25498.5,25503.5,415,25599.82,25509.49,0.00
2025-12-01,00:26:00,25503.25,25508.25,25503.25,25506.25,536,25599.63,25509.41,0.00
2025-12-01,00:27:00,25505.75,25505.75,25496,25504.25,878,25599.31,25509.12,0.00
2025-12-01,00:28:00,25504.25,25505.5,25501.5,25505.5,253,25599.22,25509.06,0.00
2025-12-01,00:29:00,25505.75,25508.25,25504,25504,313,25599.12,25509.01,0.00
2025-12-01,00:30:00,25504.5,25506.25,25497.75,25501.5,361,25598.99,25508.90,0.00
2025-12-01,00:31:00,25501.5,25502.25,25495.25,25499.25,620,25598.76,25508.65,0.00
2025-12-01,00:32:00,25499.25,25502,25496.5,25501.25,300,25598.65,25508.54,0.00
2025-12-01,00:33:00,25500.5,25501.25,25497,25497.25,112,25598.61,25508.49,0.00
2025-12-01,00:34:00,25498,25504.25,25497.75,25501.25,289,25598.50,25508.41,0.00
2025-12-01,00:35:00,25501.75,25504.5,25500.5,25501.5,310,25598.39,25508.33,0.00
2025-12-01,00:36:00,25501.5,25501.75,25498.25,25500,178,25598.33,25508.27,0.00
2025-12-01,00:37:00,25499.75,25500,25495.5,25496.75,249,25598.24,25508.16,0.00
2025-12-01,00:38:00,25497.25,25504,25496.5,25503.5,429,25598.08,25508.05,0.00
2025-12-01,00:39:00,25503,25513,25502.5,25511.75,672,25597.86,25508.08,0.00
2025-12-01,00:40:00,25511.25,25513.5,25507.25,25509.5,530,25597.69,25508.12,0.00
2025-12-01,00:41:00,25510,25512,25506.25,25511.5,342,25597.59,25508.14,0.00
2025-12-01,00:42:00,25511.75,25515,25510.25,25512.25,372,25597.47,25508.20,0.00
2025-12-01,00:43:00,25512.5,25514,25509.25,25511.5,307,25597.37,25508.23,0.00
2025-12-01,00:44:00,25511.25,25512.75,25507.75,25508.25,203,25597.31,25508.24,0.00
2025-12-01,00:45:00,25508,25509.25,25504.5,25504.5,271,25597.22,25508.22,0.00
2025-12-01,00:46:00,25504.25,25505.25,25501.5,25503.25,447,25597.07,25508.15,0.00
2025-12-01,00:47:00,25503.25,25503.25,25497,25499.5,453,25596.91,25508.02,0.00
2025-12-01,00:48:00,25499,25502.25,25498.75,25499.25,251,25596.82,25507.96,0.00
2025-12-01,00:49:00,25499.25,25503.75,25498.75,25500.75,220,25596.74,25507.91,0.00
2025-12-01,00:50:00,25501,25506.5,25500,25504,325,25596.64,25507.86,0.00
2025-12-01,00:51:00,25503.5,25504.75,25499.5,25500.5,237,25596.55,25507.81,0.00
2025-12-01,00:52:00,25501,25502,25494.5,25495.25,454,25596.39,25507.66,0.00
2025-12-01,00:53:00,25495.25,25499,25492.75,25495,549,25596.19,25507.45,0.00
2025-12-01,00:54:00,25494.5,25494.75,25490.5,25491.5,489,25596.01,25507.21,0.00
2025-12-01,00:55:00,25491.5,25498,25488.75,25492.5,629,25595.78,25493.08,0.00
2025-12-01,00:56:00,25493.75,25494.5,25484.5,25485.5,904,25595.43,25488.17,0.00
2025-12-01,00:57:00,25485.75,25486.25,25480.5,25484.25,950,25595.05,25483.67,0.00
2025-12-01,00:58:00,25484.5,25487,25480.75,25486.75,778,25594.75,25484.19,0.00
2025-12-01,00:59:00,25487,25491.25,25485.25,25488.25,539,25594.55,25485.16,0.00
2025-12-01,01:00:00,25488.75,25489,25483.25,25483.5,527,25594.34,25485.17,0.00
2025-12-01,01:01:00,25484,25485.75,25474.5,25480,1568,25593.72,25480.08,0.00
2025-12-01,01:02:00,25480.25,25488.25,25480.25,25484,860,25593.39,25481.53,0.00
2025-12-01,01:03:00,25484,25484.5,25477,25477.5,429,25593.21,25481.25,0.00
2025-12-01,01:04:00,25478.75,25481.25,25476,25476,244,25593.12,25480.97,0.00
2025-12-01,01:05:00,25476,25476,25463.5,25469.75,2287,25592.14,25469.75,0.00
2025-12-01,01:06:00,25470,25472.5,25466,25470.75,654,25591.86,25469.75,0.00
2025-12-01,01:07:00,25470.75,25473.5,25463.25,25463.25,721,25591.55,25466.67,0.00
2025-12-01,01:08:00,25463.5,25470.75,25459.5,25470.5,1299,25590.99,25466.92,0.00
2025-12-01,01:09:00,25470,25475,25466.25,25469,677,25590.71,25468.00,0.00
2025-12-01,01:10:00,25469.25,25473,25465,25472.5,444,25590.53,25468.40,0.00
2025-12-01,01:11:00,25472.25,25480,25472.25,25478.75,1013,25590.14,25470.94,0.00
2025-12-01,01:12:00,25479.5,25480.75,25476.25,25477.5,486,25589.95,25471.83,0.00
2025-12-01,01:13:00,25477.75,25483.25,25475,25482,610,25589.73,25472.94,0.00
2025-12-01,01:14:00,25481,25483,25472,25472.5,562,25589.51,25473.26,0.00
2025-12-01,01:15:00,25473.25,25475.5,25469.5,25473,428,25589.34,25473.22,0.00
2025-12-01,01:16:00,25472.5,25477,25470.5,25472.5,433,25589.17,25473.23,0.00
2025-12-01,01:17:00,25472.5,25475,25469.5,25470.5,403,25589.01,25473.13,0.00
2025-12-01,01:18:00,25470.5,25472.25,25466.75,25468.75,351,25588.87,25472.92,0.00
2025-12-01,01:19:00,25469.5,25470.25,25462.25,25464.25,714,25588.57,25472.22,0.00
2025-12-01,01:20:00,25464.25,25465.75,25462,25464.5,340,25588.43,25471.86,0.00
2025-12-01,01:21:00,25464.25,25469.25,25461.25,25462.75,609,25588.18,25471.32,0.00
2025-12-01,01:22:00,25462.25,25468.25,25461,25466.5,394,25588.02,25471.05,0.00
2025-12-01,01:23:00,25466.25,25468.25,25461.5,25463,333,25587.88,25470.80,0.00
2025-12-01,01:24:00,25463,25465.5,25461.5,25463.75,264,25587.77,25470.59,0.00
2025-12-01,01:25:00,25464.25,25464.25,25457.25,25461,657,25587.49,25460.83,0.00
2025-12-01,01:26:00,25461,25465.5,25459.5,25461,534,25587.27,25461.36,0.00
2025-12-01,01:27:00,25460.25,25461.25,25457.25,25460.25,351,25587.12,25460.95,0.00
2025-12-01,01:28:00,25460.25,25461.75,25458.25,25460.25,226,25587.02,25460.84,0.00
2025-12-01,01:29:00,25460.75,25463.5,25457.5,25460.25,368,25586.87,25460.77,0.00
2025-12-01,01:30:00,25460.25,25464.5,25458.25,25459.25,266,25586.76,25460.76,0.00
2025-12-01,01:31:00,25458.75,25461.25,25455.75,25457,618,25586.49,25458.00,0.00
2025-12-01,01:32:00,25457.5,25466.5,25457,25464.5,538,25586.27,25460.17,0.00
2025-12-01,01:33:00,25465.25,25471,25464.25,25464.5,721,25585.99,25462.63,0.00
2025-12-01,01:34:00,25464,25464.25,25456.75,25461.5,471,25585.80,25462.27,0.00
2025-12-01,01:35:00,25462.25,25466.25,25460.75,25463.75,240,25585.70,25462.39,0.00
2025-12-01,01:36:00,25463.5,25464.5,25455.5,25458.25,598,25585.45,25459.42,0.00
2025-12-01,01:37:00,25458.25,25460.75,25448.25,25453.5,1323,25584.89,25454.17,0.00
2025-12-01,01:38:00,25453.5,25454.25,25447,25449,719,25584.57,25450.08,0.00
2025-12-01,01:39:00,25449.25,25453.75,25446.75,25451.25,572,25584.32,25450.58,0.00
2025-12-01,01:40:00,25452.25,25460.25,25449.75,25460.25,791,25583.99,25454.16,0.00
2025-12-01,01:41:00,25460,25464.75,25459.25,25462.5,648,25583.74,25456.74,0.00
2025-12-01,01:42:00,25462.25,25469.75,25462,25465.25,469,25583.56,25458.43,0.00
2025-12-01,01:43:00,25465.5,25470,25464,25469.5,359,25583.42,25459.62,0.00
2025-12-01,01:44:00,25469.75,25473.25,25468,25471,637,25583.19,25461.66,0.00
2025-12-01,01:45:00,25471.25,25472.5,25467.25,25470.5,396,25583.05,25462.52,0.00
2025-12-01,01:46:00,25471.25,25479,25470,25478.25,800,25582.77,25464.79,0.00
2025-12-01,01:47:00,25478.5,25479.25,25475.25,25475.75,452,25582.62,25465.84,0.00
2025-12-01,01:48:00,25476.25,25483,25475.75,25481.25,515,25582.45,25467.13,0.00
2025-12-01,01:49:00,25481.75,25485,25479.75,25482,614,25582.25,25468.62,0.00
2025-12-01,01:50:00,25481.5,25484.25,25479.5,25480.25,270,25582.17,25469.14,0.00
2025-12-01,01:51:00,25480.25,25485.75,25480.25,25484.75,427,25582.03,25470.03,0.00
2025-12-01,01:52:00,25485,25487.25,25482.25,25485.5,536,25581.87,25471.10,0.00
2025-12-01,01:53:00,25485.75,25487,25482.75,25484.5,283,25581.78,25471.60,0.00
2025-12-01,01:54:00,25485.5,25489,25482,25483.75,534,25581.62,25472.46,0.00
2025-12-01,01:55:00,25484,25492.25,25484,25492,553,25581.46,25473.52,0.00
2025-12-01,01:56:00,25492,25494.25,25487.75,25494.25,575,25581.29,25474.65,0.00
2025-12-01,01:57:00,25494.5,25498.5,25492.75,25498,910,25581.05,25476.56,0.00
2025-12-01,01:58:00,25497.75,25505.5,25497.25,25504,961,25580.81,25478.75,0.00
2025-12-01,01:59:00,25504,25510.75,25503.5,25507,982,25580.58,25481.01,0.00
2025-12-01,02:00:00,25506.5,25507.5,25502.25,25505,548,25580.46,25482.03,0.00
2025-12-01,02:01:00,25504.5,25512.5,25503.75,25508,837,25580.27,25483.63,0.00
2025-12-01,02:02:00,25507.25,25510.25,25505.25,25509.25,364,25580.18,25484.27,0.00
2025-12-01,02:03:00,25509.5,25511,25502.5,25502.75,466,25580.08,25484.95,0.00
2025-12-01,02:04:00,25503,25504.25,25495,25495.5,772,25579.88,25485.62,0.00
2025-12-01,02:05:00,25496.25,25498.75,25490,25491.75,535,25579.74,25485.89,0.00
2025-12-01,02:06:00,25492.25,25492.75,25485.75,25487.75,709,25579.54,25486.01,0.00
2025-12-01,02:07:00,25487.25,25492.75,25486.75,25490.5,376,25579.43,25486.10,0.00
2025-12-01,02:08:00,25490.5,25500.75,25488.5,25497.25,857,25579.21,25486.55,0.00
2025-12-01,02:09:00,25497.5,25503.75,25496,25500.5,487,25579.09,25486.91,0.00
2025-12-01,02:10:00,25501.25,25504.5,25498.5,25498.5,335,25579.01,25487.16,0.00
2025-12-01,02:11:00,25500.25,25503.5,25496,25496,422,25578.91,25487.41,0.00
2025-12-01,02:12:00,25496.5,25505.75,25495.5,25503,480,25578.79,25487.76,0.00
2025-12-01,02:13:00,25502.75,25506.25,25501.5,25505.25,234,25578.74,25487.95,0.00
2025-12-01,02:14:00,25506,25508.5,25502.5,25505.5,386,25578.65,25488.29,0.00
2025-12-01,02:15:00,25504.5,25506.75,25501.75,25503.75,449,25578.55,25488.64,0.00
2025-12-01,02:16:00,25504.25,25507.5,25504.25,25506.25,165,25578.52,25488.77,0.00
2025-12-01,02:17:00,25505.5,25509,25505.5,25506.75,226,25578.47,25488.97,0.00
2025-12-01,02:18:00,25507,25510,25505,25505.75,288,25578.40,25489.21,0.00
2025-12-01,02:19:00,25505.75,25507.25,25503,25505,212,25578.36,25489.37,0.00
2025-12-01,02:20:00,25504.5,25507.25,25499.5,25506.75,448,25578.26,25489.68,0.00
2025-12-01,02:21:00,25506.75,25510.5,25505.25,25506.25,432,25578.16,25490.02,0.00
2025-12-01,02:22:00,25507,25510.75,25505.25,25510.25,226,25578.12,25490.21,0.00
2025-12-01,02:23:00,25510.25,25515.25,25507,25509,838,25577.94,25490.94,0.00
2025-12-01,02:24:00,25508.5,25513,25507.25,25508.75,515,25577.84,25491.34,0.00
2025-12-01,02:25:00,25508,25512.5,25507,25512,285,25577.78,25491.57,0.00
2025-12-01,02:26:00,25512.25,25517,25510.75,25514.75,666,25577.65,25492.17,0.00
2025-12-01,02:27:00,25515.25,25521.25,25514.25,25515.5,741,25577.52,25492.89,0.00
2025-12-01,02:28:00,25515.25,25521.25,25512.5,25514.5,476,25577.43,25493.31,0.00
2025-12-01,02:29:00,25513.25,25517,25510.5,25517,470,25577.34,25493.70,0.00
2025-12-01,02:30:00,25516.75,25518.5,25514,25514.25,433,25577.26,25494.05,0.00
2025-12-01,02:31:00,25515.25,25517.75,25511.5,25514.75,405,25577.18,25494.35,0.00
2025-12-01,02:32:00,25513.5,25515,25503.75,25503.75,624,25577.05,25494.64,0.00
2025-12-01,02:33:00,25503.75,25512,25501,25511.25,777,25576.90,25495.01,0.00
2025-12-01,02:34:00,25511.25,25515.25,25508,25509.25,489,25576.80,25495.27,0.00
2025-12-01,02:35:00,25508.25,25508.5,25505,25508.25,343,25576.73,25495.41,0.00
2025-12-01,02:36:00,25508.25,25511.5,25505,25509.75,296,25576.67,25495.54,0.00
2025-12-01,02:37:00,25510.25,25512.75,25508,25511.75,271,25576.62,25495.68,0.00
2025-12-01,02:38:00,25511.75,25514.5,25509.25,25513.5,254,25576.57,25495.82,0.00
2025-12-01,02:39:00,25513,25517.5,25511.5,25513.75,297,25576.51,25496.00,0.00
2025-12-01,02:40:00,25514,25516.75,25511,25515.25,309,25576.46,25496.18,0.00
2025-12-01,02:41:00,25515.5,25518,25511.75,25518,373,25576.39,25496.42,0.00
2025-12-01,02:42:00,25517.25,25520.25,25514,25519.5,304,25576.34,25496.62,0.00
2025-12-01,02:43:00,25519.25,25521.25,25516.25,25518,302,25576.28,25496.83,0.00
2025-12-01,02:44:00,25517.5,25518.75,25515.5,25516.25,188,25576.25,25496.94,0.00
2025-12-01,02:45:00,25517,25523.25,25516.75,25522.25,405,25576.19,25497.24,0.00
2025-12-01,02:46:00,25522,25523.25,25519.25,25520.5,266,25576.14,25497.43,0.00
2025-12-01,02:47:00,25521,25524.5,25516.75,25516.75,700,25576.03,25497.89,0.00
2025-12-01,02:48:00,25516.75,25519.75,25514.75,25517,340,25575.97,25498.08,0.00
2025-12-01,02:49:00,25517,25518,25512,25515,384,25575.90,25498.27,0.00
2025-12-01,02:50:00,25515.5,25517.5,25511.25,25516.25,245,25575.85,25498.39,0.00
2025-12-01,02:51:00,25516.5,25517.75,25513.75,25514.75,213,25575.82,25498.50,0.00
2025-12-01,02:52:00,25514.75,25516.5,25513.75,25514.75,132,25575.79,25498.56,0.00
2025-12-01,02:53:00,25514.75,25515.75,25511.25,25512.75,189,25575.76,25498.64,0.00
2025-12-01,02:54:00,25513,25516.25,25513,25515.25,88,25575.74,25498.68,0.00
2025-12-01,02:55:00,25515.25,25517.75,25514.5,25515.75,136,25575.72,25498.74,0.00
2025-12-01,02:56:00,25516,25521,25516,25519.75,322,25575.67,25498.93,0.00
2025-12-01,02:57:00,25520.5,25521,25516.5,25516.5,226,25575.63,25499.05,0.00
2025-12-01,02:58:00,25517.5,25521.5,25517,25520.75,243,25575.59,25499.19,0.00
2025-12-01,02:59:00,25520.75,25525.25,25519.75,25523.75,343,25575.54,25499.41,0.00
2025-12-01,03:00:00,25523.75,25524.25,25519.5,25521.75,388,25575.48,25499.65,0.00
2025-12-01,03:01:00,25521.25,25526.75,25517.25,25519.25,961,25575.32,25500.19,0.00
2025-12-01,03:02:00,25519.75,25520.75,25512.5,25519,509,25575.24,25500.42,0.00
2025-12-01,03:03:00,25519.25,25529.75,25519.25,25519.75,865,25575.11,25500.92,0.00
2025-12-01,03:04:00,25520.25,25520.75,25508.25,25514,964,25574.94,25501.24,0.00
2025-12-01,03:05:00,25514.5,25516.25,25505.25,25507.25,786,25574.79,25501.40,0.00
2025-12-01,03:06:00,25507.5,25515,25503.25,25504,680,25574.66,25501.50,0.00
2025-12-01,03:07:00,25504.25,25508.5,25500.5,25505,614,25574.54,25501.54,0.00
2025-12-01,03:08:00,25506,25512.25,25505,25511.75,392,25574.46,25501.62,0.00
2025-12-01,03:09:00,25511.75,25515,25507.5,25511,449,25574.38,25501.72,0.00
2025-12-01,03:10:00,25511.25,25517.25,25510.75,25514.75,457,25574.30,25501.85,0.00
2025-12-01,03:11:00,25514.75,25523.75,25514.5,25522,493,25574.23,25502.06,0.00
2025-12-01,03:12:00,25521.25,25522.25,25507.5,25510,548,25574.13,25502.19,0.00
2025-12-01,03:13:00,25509.5,25511.75,25507.25,25509,285,25574.08,25502.24,0.00
2025-12-01,03:14:00,25508.75,25511.25,25502.5,25505.25,442,25574.00,25502.28,0.00
2025-12-01,03:15:00,25505.5,25506.75,25502.25,25504.75,292,25573.94,25502.29,0.00
2025-12-01,03:16:00,25504.75,25512,25504.5,25504.75,371,25573.87,25502.33,0.00
2025-12-01,03:17:00,25505.5,25507.25,25501.5,25505.5,403,25573.79,25502.35,0.00
2025-12-01,03:18:00,25505.75,25507.5,25502.25,25505,231,25573.74,25502.37,0.00
2025-12-01,03:19:00,25505.25,25509.25,25492,25496.75,976,25573.54,25502.30,0.00
2025-12-01,03:20:00,25496.75,25501.5,25492.5,25498.5,646,25573.40,25502.24,0.00
2025-12-01,03:21:00,25498.5,25501.75,25493.25,25498.5,566,25573.28,25502.19,0.00
2025-12-01,03:22:00,25498.25,25500.75,25493.75,25495.25,331,25573.21,25502.15,0.00
2025-12-01,03:23:00,25495.25,25498.5,25491,25492,453,25573.11,25502.07,0.00
2025-12-01,03:24:00,25492.5,25501,25491.75,25499.25,412,25573.02,25502.03,0.00
2025-12-01,03:25:00,25499.75,25507.5,25497.25,25506.5,573,25572.91,25502.05,0.00
2025-12-01,03:26:00,25506.25,25518.75,25505.25,25514.5,1042,25572.74,25502.27,0.00
2025-12-01,03:27:00,25515.5,25517.25,25510,25515.5,418,25572.67,25502.37,0.00
2025-12-01,03:28:00,25514.75,25525,25510.25,25522.25,899,25572.53,25502.65,0.00
2025-12-01,03:29:00,25522.75,25535.25,25520.5,25533.25,1007,25572.41,25503.16,0.00
2025-12-01,03:30:00,25533.75,25538,25528.25,25528.75,1291,25572.27,25503.83,0.00
2025-12-01,03:31:00,25529.5,25536,25528.75,25534.25,717,25572.19,25504.20,0.00
2025-12-01,03:32:00,25534.25,25534.75,25526.25,25528.5,418,25572.14,25504.39,0.00
2025-12-01,03:33:00,25527.75,25529.5,25515.5,25519.5,842,25572.03,25504.64,0.00
2025-12-01,03:34:00,25520.5,25526.5,25519.5,25525.25,427,25571.97,25504.78,0.00
2025-12-01,03:35:00,25525.25,25529.25,25522.75,25526.75,237,25571.94,25504.87,0.00
2025-12-01,03:36:00,25526.75,25528,25523.25,25526.25,210,25571.91,25504.95,0.00
2025-12-01,03:37:00,25525.75,25527.25,25521.25,25524.75,204,25571.89,25505.02,0.00
2025-12-01,03:38:00,25525.5,25530.5,25524.75,25528,243,25571.86,25505.11,0.00
2025-12-01,03:39:00,25528,25529.25,25524.5,25524.5,255,25571.82,25505.20,0.00
2025-12-01,03:40:00,25525.5,25526.25,25519.25,25523.5,347,25571.78,25505.31,0.00
2025-12-01,03:41:00,25524.5,25526.75,25523.25,25525.75,148,25571.76,25505.36,0.00
2025-12-01,03:42:00,25525.75,25529.75,25524,25528.75,333,25571.72,25505.48,0.00
2025-12-01,03:43:00,25528.5,25533.5,25526.5,25526.5,367,25571.68,25505.62,0.00
2025-12-01,03:44:00,25527.75,25531.75,25523.25,25524.5,371,25571.63,25505.75,0.00
2025-12-01,03:45:00,25524.75,25526.5,25520.5,25524,310,25571.59,25505.84,0.00
2025-12-01,03:46:00,25524.25,25527.75,25523.25,25524.75,114,25571.58,25505.88,0.00
2025-12-01,03:47:00,25524.75,25530.25,25522.5,25530.25,210,25571.55,25505.96,0.00
2025-12-01,03:48:00,25530.25,25534.75,25528,25531.25,306,25571.52,25506.08,0.00
2025-12-01,03:49:00,25531,25537,25531,25533,484,25571.47,25506.30,0.00
2025-12-01,03:50:00,25533,25534.5,25527.75,25534.5,287,25571.44,25506.42,0.00
2025-12-01,03:51:00,25534.5,25537.5,25523,25524,469,25571.38,25506.58,0.00
2025-12-01,03:52:00,25524,25529.25,25521.5,25528.5,284,25571.35,25506.67,0.00
2025-12-01,03:53:00,25528.5,25530.5,25524.25,25525,202,25571.32,25506.74,0.00
2025-12-01,03:54:00,25525.25,25529,25522,25529,231,25571.30,25506.81,0.00
2025-12-01,03:55:00,25529.25,25530.75,25528,25529,163,25571.28,25506.87,0.00
2025-12-01,03:56:00,25528.5,25530.25,25526.5,25530,116,25571.26,25506.91,0.00
2025-12-01,03:57:00,25530,25530.25,25522.75,25523.75,264,25571.23,25506.98,0.00
2025-12-01,03:58:00,25522.75,25523.75,25520.25,25522.5,214,25571.20,25507.03,0.00
2025-12-01,03:59:00,25522,25527.25,25522,25525,297,25571.17,25507.12,0.00
2025-12-01,04:00:00,25525.5,25535.5,25525,25532.25,647,25571.10,25507.35,0.00
2025-12-01,04:01:00,25532,25537.25,25523.75,25528,900,25571.00,25507.66,0.00
2025-12-01,04:02:00,25528.75,25540,25526,25537.5,835,25570.91,25508.00,0.00
2025-12-01,04:03:00,25537.75,25544.5,25536,25540.75,850,25570.84,25508.40,0.00
2025-12-01,04:04:00,25541,25541.25,25525,25527.5,581,25570.78,25508.60,0.00
2025-12-01,04:05:00,25528,25528.25,25522.5,25525.5,494,25570.72,25508.72,0.00
2025-12-01,04:06:00,25525.25,25545,25521.5,25543.75,968,25570.64,25509.11,0.00
2025-12-01,04:07:00,25543.75,25551,25542,25549.25,948,25570.58,25509.63,0.00
2025-12-01,04:08:00,25548.5,25567.25,25545.5,25565,1332,25570.54,25510.55,0.00
2025-12-01,04:09:00,25564.5,25565.5,25556,25557,814,25570.51,25511.10,0.00
2025-12-01,04:10:00,25557,25557.75,25550.75,25555,630,25570.49,25511.47,0.00
2025-12-01,04:11:00,25554.25,25560,25553.25,25556,659,25570.46,25511.87,0.00
2025-12-01,04:12:00,25555.75,25561.25,25551.25,25561,789,25570.44,25512.35,0.00
2025-12-01,04:13:00,25561.25,25563.25,25557.5,25558,439,25570.43,25512.63,0.00
2025-12-01,04:14:00,25558,25566.75,25558,25565.25,476,25570.42,25512.95,0.00
2025-12-01,04:15:00,25565.75,25566.5,25557.75,25564.75,420,25570.41,25513.23,0.00
2025-12-01,04:16:00,25565.25,25571.75,25565.25,25567,853,25570.40,25513.83,0.00
2025-12-01,04:17:00,25567.25,25578,25567.25,25576.25,987,25570.41,25514.59,0.00
2025-12-01,04:18:00,25575.5,25586.25,25574.25,25581.25,1198,25570.44,25515.59,0.00
2025-12-01,04:19:00,25580.75,25586.75,25576.25,25586.25,855,25570.47,25516.32,0.00
2025-12-01,04:20:00,25586.75,25593.75,25584,25588,1447,25570.54,25517.60,0.00
2025-12-01,04:21:00,25588,25592,25584.5,25586.75,671,25570.57,25518.18,0.00
2025-12-01,04:22:00,25585.75,25594.5,25581.75,25591.75,938,25570.61,25518.98,0.00
2025-12-01,04:23:00,25591.5,25593,25584.25,25590.75,517,25570.64,25519.42,0.00
2025-12-01,04:24:00,25590.75,25596.25,25585.25,25591.25,895,25570.68,25520.17,0.00
2025-12-01,04:25:00,25591.5,25593.25,25584.25,25589,525,25570.71,25520.60,0.00
2025-12-01,04:26:00,25588.25,25588.75,25580.5,25581.5,687,25570.73,25521.10,0.00
2025-12-01,04:27:00,25582,25584.5,25579,25583,527,25570.75,25521.48,0.00
2025-12-01,04:28:00,25583,25583.25,25576.25,25576.5,415,25570.76,25521.75,0.00
2025-12-01,04:29:00,25576.5,25581.5,25573.25,25581.5,690,25570.77,25522.20,0.00
2025-12-01,04:30:00,25581.5,25587.75,25581.5,25584.75,486,25570.79,25522.55,0.00
2025-12-01,04:31:00,25585.25,25588.25,25577,25577.5,620,25570.80,25522.96,0.00
2025-12-01,04:32:00,25578,25582,25573.75,25578,513,25570.81,25523.28,0.00
2025-12-01,04:33:00,25577.75,25580.25,25572.25,25574.25,451,25570.82,25523.54,0.00
2025-12-01,04:34:00,25574.25,25577,25569.75,25571.75,380,25570.82,25523.75,0.00
2025-12-01,04:35:00,25572.25,25575,25566.75,25569.25,347,25570.82,25523.93,0.00
2025-12-01,04:36:00,25568.5,25585,25568.25,25584.25,627,25570.83,25524.31,0.00
2025-12-01,04:37:00,25585,25586,25571,25571.75,538,25570.84,25524.62,0.00
2025-12-01,04:38:00,25571.5,25580.5,25569.75,25580,570,25570.85,25524.94,0.00
2025-12-01,04:39:00,25579.75,25584.25,25576.25,25578.5,520,25570.86,25525.25,0.00
2025-12-01,04:40:00,25578.75,25581,25573.5,25577.5,365,25570.86,25525.45,0.00
2025-12-01,04:41:00,25577.5,25578.5,25573.25,25574.5,280,25570.87,25525.61,0.00
2025-12-01,04:42:00,25574,25578.25,25572,25575.5,269,25570.87,25525.75,0.00
2025-12-01,04:43:00,25575,25578.25,25572,25574.75,269,25570.87,25525.89,0.00
2025-12-01,04:44:00,25574.75,25585.25,25573.75,25583.5,336,25570.88,25526.09,0.00
2025-12-01,04:45:00,25584,25586,25579.25,25582.75,256,25570.89,25526.24,0.00
2025-12-01,04:46:00,25583.5,25585.75,25577.25,25580.75,275,25570.90,25526.40,0.00
2025-12-01,04:47:00,25580.5,25581,25571,25571,318,25570.90,25526.56,0.00
2025-12-01,04:48:00,25571,25575.25,25566,25572.25,574,25570.90,25526.83,0.00
2025-12-01,04:49:00,25571.25,25576.5,25569.5,25572.25,237,25570.90,25526.95,0.00
2025-12-01,04:50:00,25572.25,25576.75,25570.75,25572,191,25570.90,25527.04,0.00
2025-12-01,04:51:00,25571.5,25574.75,25568.25,25572.75,213,25570.90,25527.14,0.00
2025-12-01,04:52:00,25572,25576.5,25570.75,25574.75,155,25570.90,25527.21,0.00
2025-12-01,04:53:00,25575.5,25577.5,25571.75,25573.75,206,25570.91,25527.31,0.00
2025-12-01,04:54:00,25572.25,25578.5,25569.5,25574.75,331,25570.91,25527.48,0.00
2025-12-01,04:55:00,25575,25578.5,25573.5,25576.5,189,25570.91,25527.57,0.00
2025-12-01,04:56:00,25576.75,25579.75,25574.5,25577.5,205,25570.91,25527.68,0.00
2025-12-01,04:57:00,25576.75,25577.75,25570.25,25572,284,25570.92,25527.81,0.00
2025-12-01,04:58:00,25571.5,25572,25564.75,25568.5,432,25570.91,25527.99,0.00
2025-12-01,04:59:00,25568.25,25569.5,25563.5,25566.5,442,25570.91,25528.16,0.00
2025-12-01,05:00:00,25566.25,25567,25559.75,25562,566,25570.90,25528.36,0.00
2025-12-01,05:01:00,25561.25,25568,25558.25,25565.75,770,25570.88,25528.64,0.00
2025-12-01,05:02:00,25565.25,25573.5,25564.25,25566.5,548,25570.88,25528.85,0.00
2025-12-01,05:03:00,25566.75,25567.25,25551.25,25555.5,1075,25570.85,25529.16,0.00
2025-12-01,05:04:00,25556.5,25569,25556.25,25565.5,820,25570.83,25529.44,0.00
2025-12-01,05:05:00,25566.5,25568,25560.5,25566,285,25570.83,25529.54,0.00
2025-12-01,05:06:00,25565.75,25585.5,25565,25581.75,1234,25570.85,25530.11,0.00
2025-12-01,05:07:00,25582.75,25588.5,25582,25587.75,567,25570.87,25530.42,0.00
2025-12-01,05:08:00,25587,25591.5,25585.5,25587.75,623,25570.89,25530.76,0.00
2025-12-01,05:09:00,25586.5,25592.75,25586,25588,640,25570.92,25531.11,0.00
2025-12-01,05:10:00,25588.75,25593.25,25586,25592.75,442,25570.94,25531.36,0.00
2025-12-01,05:11:00,25592.75,25594.5,25587.75,25589.75,496,25570.97,25531.64,0.00
2025-12-01,05:12:00,25590.5,25593,25586.5,25588.75,447,25570.99,25531.88,0.00
2025-12-01,05:13:00,25588.5,25592,25584.25,25584.25,279,25571.00,25532.03,0.00
2025-12-01,05:14:00,25584.5,25585,25574.5,25574.5,706,25571.01,25532.33,0.00
2025-12-01,05:15:00,25575,25579.25,25571.75,25575.75,510,25571.02,25532.53,0.00
2025-12-01,05:16:00,25575.75,25582.25,25573.5,25580.75,380,25571.02,25532.69,0.00
2025-12-01,05:17:00,25581,25586.5,25576.75,25585.5,495,25571.04,25532.92,0.00
2025-12-01,05:18:00,25585.75,25586.5,25573.25,25576.75,349,25571.04,25533.07,0.00
2025-12-01,05:19:00,25576.75,25578,25568.25,25569.5,387,25571.04,25533.21,0.00
2025-12-01,05:20:00,25568.5,25571,25563.5,25565,485,25571.04,25533.35,0.00
2025-12-01,05:21:00,25565.5,25565.5,25559.75,25563,417,25571.03,25533.46,0.00
2025-12-01,05:22:00,25563.25,25568.75,25560,25561,513,25571.02,25533.60,0.00
2025-12-01,05:23:00,25560.75,25567.75,25559.5,25562.75,346,25571.01,25533.69,0.00
2025-12-01,05:24:00,25562.75,25568.75,25555.25,25567,739,25571.00,25533.89,0.00
2025-12-01,05:25:00,25567.25,25570.5,25564.25,25568.5,424,25571.00,25534.02,0.00
2025-12-01,05:26:00,25569.25,25574.25,25566,25572,432,25571.00,25534.16,0.00
2025-12-01,05:27:00,25572,25574.25,25567.75,25571.75,439,25571.00,25534.30,0.00
2025-12-01,05:28:00,25571.5,25573.25,25569.75,25572.75,251,25571.00,25534.38,0.00
2025-12-01,05:29:00,25572.5,25577.75,25567.25,25574.5,438,25571.00,25534.53,0.00
2025-12-01,05:30:00,25573,25575.25,25568.25,25572,242,25571.00,25534.61,0.00
2025-12-01,05:31:00,25571.25,25572.5,25565.25,25565.5,425,25571.00,25534.73,0.00
2025-12-01,05:32:00,25566.25,25570.75,25563,25565.5,401,25570.99,25534.84,0.00
2025-12-01,05:33:00,25564.75,25571,25560.5,25563.25,390,25570.99,25534.95,0.00
2025-12-01,05:34:00,25563.25,25565.25,25560.5,25561.75,260,25570.98,25535.01,0.00
2025-12-01,05:35:00,25562,25567.5,25561,25563,231,25570.98,25535.06,0.00
2025-12-01,05:36:00,25563,25565.25,25553.25,25556,620,25570.96,25535.19,0.00
2025-12-01,05:37:00,25556.75,25564.5,25552.5,25562.5,571,25570.95,25535.31,0.00
2025-12-01,05:38:00,25563,25564.75,25554,25556.75,301,25570.94,25535.37,0.00
2025-12-01,05:39:00,25556.25,25559.25,25545.25,25548.5,1088,25570.89,25535.51,0.00
2025-12-01,05:40:00,25548.25,25548.25,25538.25,25546,1003,25570.82,25535.58,0.00
2025-12-01,05:41:00,25546.75,25547,25538,25542.25,542,25570.79,25535.61,0.00
2025-12-01,05:42:00,25541.25,25546.25,25539.5,25541.75,476,25570.76,25535.64,0.00
2025-12-01,05:43:00,25540.75,25545,25536.75,25542.75,509,25570.72,25535.66,0.00
2025-12-01,05:44:00,25541.25,25546.25,25540,25541.25,246,25570.70,25535.68,0.00
2025-12-01,05:45:00,25540.5,25548.25,25540.5,25546.25,431,25570.68,25535.71,0.00
2025-12-01,05:46:00,25546.25,25553.75,25545.5,25548.75,561,25570.65,25535.77,0.00
2025-12-01,05:47:00,25548.5,25551,25537.75,25539.25,671,25570.61,25535.81,0.00
2025-12-01,05:48:00,25539.75,25540.25,25534.75,25536,638,25570.56,25535.82,0.00
2025-12-01,05:49:00,25535.75,25539,25526.5,25538,1177,25570.46,25535.81,0.00
2025-12-01,05:50:00,25537.25,25542.75,25536.75,25541.75,486,25570.43,25535.82,0.00
2025-12-01,05:51:00,25542,25542.75,25529.5,25532.25,659,25570.37,25535.82,0.00
2025-12-01,05:52:00,25532.5,25538,25528.75,25532,604,25570.32,25535.80,0.00
2025-12-01,05:53:00,25532,25538.75,25528.25,25538.5,364,25570.29,25535.80,0.00
2025-12-01,05:54:00,25539,25544.25,25534,25538.25,724,25570.24,25535.82,0.00
2025-12-01,05:55:00,25539,25541.5,25534.5,25535.25,211,25570.22,25535.82,0.00
2025-12-01,05:56:00,25535.5,25535.75,25529.25,25533.75,399,25570.19,25535.81,0.00
2025-12-01,05:57:00,25534.25,25537.5,25528.5,25530.25,390,25570.15,25535.80,0.00
2025-12-01,05:58:00,25529.75,25538.5,25525.5,25536,621,25570.10,25535.79,0.00
2025-12-01,05:59:00,25536,25539.75,25531.25,25538,270,25570.08,25535.79,0.00
2025-12-01,06:00:00,25537.75,25540.25,25534.25,25534.25,190,25570.06,25535.79,0.00
2025-12-01,06:01:00,25534.25,25546,25534.25,25545.25,571,25570.03,25535.82,0.00
2025-12-01,06:02:00,25544.25,25545,25540,25540.75,305,25570.01,25535.83,0.00
2025-12-01,06:03:00,25540.75,25543.75,25536.75,25543.25,395,25569.98,25535.85,0.00
2025-12-01,06:04:00,25543.25,25550.5,25542,25548.25,490,25569.96,25535.89,0.00
2025-12-01,06:05:00,25548,25550.75,25542.5,25550.75,406,25569.94,25535.93,0.00
2025-12-01,06:06:00,25550.5,25556.25,25548.5,25555,498,25569.92,25535.99,0.00
2025-12-01,06:07:00,25554.5,25562.75,25553.5,25559,704,25569.90,25536.11,0.00
2025-12-01,06:08:00,25559.5,25563.75,25559,25563,353,25569.89,25536.18,0.00
2025-12-01,06:09:00,25562.75,25564.75,25560.25,25563.75,324,25569.89,25536.24,0.00
2025-12-01,06:10:00,25564,25564.5,25554.75,25560.5,551,25569.88,25536.34,0.00
2025-12-01,06:11:00,25560.5,25564.75,25558.25,25562.75,244,25569.87,25536.39,0.00
2025-12-01,06:12:00,25562.5,25564.25,25560.5,25561.25,146,25569.87,25536.41,0.00
2025-12-01,06:13:00,25560.5,25569.75,25559,25569.25,469,25569.86,25536.52,0.00
2025-12-01,06:14:00,25569.75,25572,25567.75,25569,465,25569.86,25536.63,0.00
2025-12-01,06:15:00,25568.5,25570,25562.25,25565.75,355,25569.86,25536.71,0.00
2025-12-01,06:16:00,25565.75,25570.75,25564.75,25566.25,347,25569.86,25536.78,0.00
2025-12-01,06:17:00,25566,25567.5,25559.75,25560,353,25569.85,25536.85,0.00
2025-12-01,06:18:00,25560.5,25564,25556.5,25558.25,325,25569.85,25536.90,0.00
2025-12-01,06:19:00,25558.75,25560.5,25556.75,25559.25,299,25569.84,25536.95,0.00
2025-12-01,06:20:00,25559.25,25562.75,25559,25562,269,25569.83,25537.00,0.00
2025-12-01,06:21:00,25562.5,25566.5,25561,25563.75,324,25569.83,25537.06,0.00
2025-12-01,06:22:00,25563.75,25567,25563.25,25563.75,245,25569.83,25537.11,0.00
2025-12-01,06:23:00,25564.5,25568,25560,25568,346,25569.82,25537.18,0.00
2025-12-01,06:24:00,25568.25,25569.25,25564,25568,323,25569.82,25537.25,0.00
2025-12-01,06:25:00,25567.25,25569.5,25565.25,25568.5,304,25569.82,25537.32,0.00
2025-12-01,06:26:00,25568.25,25575.25,25567.75,25573.75,522,25569.82,25537.45,0.00
2025-12-01,06:27:00,25574,25577.5,25571,25574.5,432,25569.83,25537.56,0.00
2025-12-01,06:28:00,25574.25,25575.25,25567,25568.25,414,25569.83,25537.66,0.00
2025-12-01,06:29:00,25567.5,25567.5,25563.25,25565,355,25569.82,25537.73,0.00
2025-12-01,06:30:00,25564.5,25568.25,25563.25,25566,229,25569.82,25537.77,0.00
2025-12-01,06:31:00,25565.75,25571.5,25564,25571,282,25569.82,25537.83,0.00
2025-12-01,06:32:00,25570.5,25572.5,25568.25,25571.25,436,25569.82,25537.93,0.00
2025-12-01,06:33:00,25571.5,25573,25568.25,25570.5,219,25569.82,25537.99,0.00
2025-12-01,06:34:00,25570.5,25571.25,25567,25568.5,254,25569.82,25538.04,0.00
2025-12-01,06:35:00,25569.25,25570.5,25565.5,25568.25,168,25569.82,25538.08,0.00
2025-12-01,06:36:00,25569.25,25571.75,25565.25,25570.5,220,25569.82,25538.12,0.00
2025-12-01,06:37:00,25571,25574.5,25567.75,25568.5,368,25569.82,25538.21,0.00
2025-12-01,06:38:00,25568,25574.25,25567.25,25574,237,25569.82,25538.26,0.00
2025-12-01,06:39:00,25574.25,25575,25570.25,25572.75,238,25569.82,25538.32,0.00
2025-12-01,06:40:00,25571.75,25571.75,25565.5,25567.25,274,25569.82,25538.38,0.00
2025-12-01,06:41:00,25567.5,25573,25564.5,25564.5,509,25569.82,25538.48,0.00
2025-12-01,06:42:00,25564.25,25567.25,25558,25565,683,25569.81,25538.59,0.00
2025-12-01,06:43:00,25565.75,25571,25563.5,25567,344,25569.81,25538.66,0.00
2025-12-01,06:44:00,25567,25571.75,25566.25,25568.75,216,25569.81,25538.71,0.00
2025-12-01,06:45:00,25568,25582.25,25568,25582,630,25569.82,25538.87,0.00
2025-12-01,06:46:00,25581.5,25587,25571.75,25573.75,1027,25569.83,25539.14,0.00
2025-12-01,06:47:00,25573.75,25577.75,25569.25,25576.5,491,25569.84,25539.26,0.00
2025-12-01,06:48:00,25577.25,25584,25577.25,25581.75,404,25569.85,25539.37,0.00
2025-12-01,06:49:00,25582,25584.25,25577.5,25579.25,347,25569.86,25539.47,0.00
2025-12-01,06:50:00,25578.75,25580,25575.5,25578.25,241,25569.86,25539.53,0.00
2025-12-01,06:51:00,25578.5,25579.75,25570.5,25575,344,25569.87,25539.61,0.00
2025-12-01,06:52:00,25573.75,25576.5,25569.25,25571.75,243,25569.87,25539.67,0.00
2025-12-01,06:53:00,25571,25572.5,25568.75,25570.25,220,25569.87,25539.71,0.00
2025-12-01,06:54:00,25569.5,25575.25,25568.25,25573.25,259,25569.87,25539.77,0.00
2025-12-01,06:55:00,25574.25,25576,25566.75,25568.25,365,25569.87,25539.84,0.00
2025-12-01,06:56:00,25568,25572.75,25565.5,25566,347,25569.87,25539.91,0.00
2025-12-01,06:57:00,25565.75,25569,25564,25566.25,247,25569.87,25539.95,0.00
2025-12-01,06:58:00,25565.5,25568.5,25564.25,25564.75,168,25569.86,25539.98,0.00
2025-12-01,06:59:00,25564.75,25565,25559.75,25562.25,376,25569.86,25540.04,0.00
2025-12-01,07:00:00,25563.25,25570.5,25560.25,25566,420,25569.85,25540.11,0.00
2025-12-01,07:01:00,25566.5,25567,25557,25565.25,805,25569.84,25540.23,0.00
2025-12-01,07:02:00,25564.75,25569.75,25564.5,25567,474,25569.84,25540.31,0.00
2025-12-01,07:03:00,25566.5,25569.25,25562,25562.25,366,25569.84,25540.37,0.00
2025-12-01,07:04:00,25562.5,25564.25,25558.25,25563.75,379,25569.83,25540.42,0.00
2025-12-01,07:05:00,25563.5,25567,25557.75,25558.5,312,25569.82,25540.46,0.00
2025-12-01,07:06:00,25558.25,25559,25548.5,25548.5,910,25569.79,25540.53,0.00
2025-12-01,07:07:00,25548.5,25551,25544.5,25546.5,533,25569.76,25540.55,0.00
2025-12-01,07:08:00,25545.75,25548.25,25541,25548,551,25569.73,25540.57,0.00
2025-12-01,07:09:00,25548.25,25552.25,25545.75,25548.5,467,25569.71,25540.60,0.00
2025-12-01,07:10:00,25548.5,25550,25543.75,25550,419,25569.69,25540.62,0.00
2025-12-01,07:11:00,25549,25550.25,25543.5,25547,318,25569.68,25540.63,0.00
2025-12-01,07:12:00,25546.5,25552,25545.25,25546,340,25569.66,25540.65,0.00
2025-12-01,07:13:00,25545.5,25560,25544.5,25558.25,620,25569.64,25540.70,0.00
2025-12-01,07:14:00,25559,25563,25558,25561.25,522,25569.63,25540.76,0.00
2025-12-01,07:15:00,25561.25,25569,25560.25,25567,490,25569.63,25540.84,0.00
2025-12-01,07:16:00,25566.75,25568,25559.75,25567,479,25569.62,25540.91,0.00
2025-12-01,07:17:00,25567.5,25573,25562,25563,663,25569.62,25541.02,0.00
2025-12-01,07:18:00,25562.5,25562.5,25552,25554,612,25569.60,25541.07,0.00
2025-12-01,07:19:00,25555.75,25558.5,25551.75,25554.75,374,25569.59,25541.11,0.00
2025-12-01,07:20:00,25554.25,25557,25548,25552.75,380,25569.57,25541.13,0.00
2025-12-01,07:21:00,25553.5,25557,25549.5,25550.5,514,25569.55,25541.17,0.00
2025-12-01,07:22:00,25549.75,25557,25549,25551.75,286,25569.54,25541.19,0.00
2025-12-01,07:23:00,25552.5,25552.75,25548.25,25550,268,25569.53,25541.20,0.00
2025-12-01,07:24:00,25549.5,25558,25548,25557,334,25569.52,25541.23,0.00
2025-12-01,07:25:00,25557,25561,25553,25554,377,25569.51,25541.26,0.00
2025-12-01,07:26:00,25554,25556.25,25551.25,25555,286,25569.50,25541.29,0.00
2025-12-01,07:27:00,25555,25558.25,25554,25554.75,189,25569.50,25541.30,0.00
2025-12-01,07:28:00,25555,25556,25551.25,25555,230,25569.49,25541.32,0.00
2025-12-01,07:29:00,25554.5,25557.25,25552.25,25552.25,229,25569.48,25541.34,0.00
2025-12-01,07:30:00,25552.75,25556.25,25552.25,25554.25,121,25569.48,25541.35,0.00
2025-12-01,07:31:00,25553.25,25556.25,25551.5,25554.75,281,25569.47,25541.37,0.00
2025-12-01,07:32:00,25555.5,25560,25555.5,25557.25,307,25569.46,25541.40,0.00
2025-12-01,07:33:00,25557.5,25558.5,25554,25555.5,197,25569.45,25541.42,0.00
2025-12-01,07:34:00,25553.5,25553.5,25545,25550.5,494,25569.43,25541.44,0.00
2025-12-01,07:35:00,25550.75,25552.5,25547.25,25547.5,277,25569.42,25541.45,0.00
2025-12-01,07:36:00,25547.25,25549.25,25544.75,25545.25,201,25569.41,25541.46,0.00
2025-12-01,07:37:00,25544.75,25554.25,25540.75,25552.75,721,25569.38,25541.49,0.00
2025-12-01,07:38:00,25553,25556.25,25544,25544.75,485,25569.36,25541.51,0.00
2025-12-01,07:39:00,25544.25,25546.75,25539.5,25544,485,25569.33,25541.52,0.00
2025-12-01,07:40:00,25544.5,25550,25544.5,25548,300,25569.32,25541.53,0.00
2025-12-01,07:41:00,25547.25,25548,25542.75,25543.5,200,25569.31,25541.53,0.00
2025-12-01,07:42:00,25543.25,25545.5,25541.75,25544.25,160,25569.30,25541.54,0.00
2025-12-01,07:43:00,25544.25,25546,25542,25543,168,25569.29,25541.54,0.00
2025-12-01,07:44:00,25542.5,25543.25,25532.5,25535.5,974,25569.23,25541.51,0.00
2025-12-01,07:45:00,25535,25540,25533.75,25535.5,460,25569.19,25541.50,0.00
2025-12-01,07:46:00,25535.5,25541.5,25535,25536.75,373,25569.17,25541.49,0.00
2025-12-01,07:47:00,25536.75,25542.5,25536.75,25540.5,326,25569.15,25541.49,0.00
2025-12-01,07:48:00,25540.5,25545.75,25538.25,25542.25,361,25569.13,25541.49,0.00
2025-12-01,07:49:00,25542.25,25545.5,25540.5,25544.25,262,25569.12,25541.49,0.00
2025-12-01,07:50:00,25544.5,25545,25539.75,25543.25,246,25569.10,25541.49,0.00
2025-12-01,07:51:00,25544.5,25551.25,25544,25550.25,554,25569.08,25541.52,0.00
2025-12-01,07:52:00,25550,25551.75,25538.25,25540.75,773,25569.04,25541.53,0.00
2025-12-01,07:53:00,25541.25,25548,25540.5,25546.5,271,25569.02,25541.53,0.00
2025-12-01,07:54:00,25545.75,25558.25,25545.75,25549.75,972,25568.99,25541.59,0.00
2025-12-01,07:55:00,25550.25,25554.5,25549.25,25552.25,264,25568.98,25541.60,0.00
2025-12-01,07:56:00,25551.5,25554.5,25544.25,25549.25,505,25568.96,25541.62,0.00
2025-12-01,07:57:00,25549.75,25552.5,25548,25549.75,245,25568.95,25541.63,0.00
2025-12-01,07:58:00,25550.5,25553.25,25548,25548.25,205,25568.94,25541.64,0.00
2025-12-01,07:59:00,25548.5,25554.75,25547.75,25552.25,258,25568.93,25541.66,0.00
2025-12-01,08:00:00,25551.75,25554,25548,25549.25,211,25568.92,25541.67,0.00
2025-12-01,08:01:00,25549.25,25560.75,25549,25556.5,819,25568.90,25541.73,0.00
2025-12-01,08:02:00,25556,25556.5,25550.5,25550.5,375,25568.89,25541.76,0.00
2025-12-01,08:03:00,25550.5,25551.75,25546.25,25549,320,25568.87,25541.77,0.00
2025-12-01,08:04:00,25550,25555.5,25548.75,25548.75,298,25568.86,25541.78,0.00
2025-12-01,08:05:00,25549.75,25550,25530.75,25532.5,738,25568.82,25541.77,0.00
2025-12-01,08:06:00,25532.25,25537.25,25530.25,25534.25,547,25568.78,25541.74,0.00
2025-12-01,08:07:00,25534,25541.25,25532.75,25537.75,431,25568.75,25541.73,0.00
2025-12-01,08:08:00,25537.75,25537.75,25527.5,25530.25,798,25568.69,25541.69,0.00
2025-12-01,08:09:00,25529.5,25535.75,25517.5,25532.5,2155,25568.51,25541.53,0.00
2025-12-01,08:10:00,25530.75,25535.5,25527.5,25528.75,381,25568.48,25541.51,0.00
2025-12-01,08:11:00,25529,25530,25520.25,25520.25,544,25568.43,25541.46,0.00
2025-12-01,08:12:00,25520,25520,25507,25511.5,1657,25568.25,25541.20,0.00
2025-12-01,08:13:00,25511.5,25511.5,25499.75,25509.75,1411,25568.07,25540.94,0.00
2025-12-01,08:14:00,25510.25,25522,25509.5,25516.5,1076,25567.96,25540.80,0.00
2025-12-01,08:15:00,25516.25,25520,25512.25,25518.75,561,25567.90,25540.73,0.00
2025-12-01,08:16:00,25518.5,25523.25,25511.5,25523,541,25567.85,25540.67,0.00
2025-12-01,08:17:00,25522.75,25525.5,25511,25514.75,839,25567.76,25540.56,0.00
2025-12-01,08:18:00,25514.5,25517.5,25507.5,25510,504,25567.70,25540.49,0.00
2025-12-01,08:19:00,25509.5,25509.5,25501.75,25508.75,682,25567.62,25540.37,0.00
2025-12-01,08:20:00,25508,25519.75,25508,25513.5,570,25567.56,25540.29,0.00
2025-12-01,08:21:00,25513.5,25516.5,25503.5,25507.75,1035,25567.44,25540.12,0.00
2025-12-01,08:22:00,25508.5,25514.25,25507.25,25511,379,25567.39,25540.06,0.00
2025-12-01,08:23:00,25511.5,25513.5,25505.75,25512.75,357,25567.35,25540.01,0.00
2025-12-01,08:24:00,25513,25517.25,25510,25513.25,641,25567.29,25539.92,0.00
2025-12-01,08:25:00,25513.5,25515,25507.25,25510.25,422,25567.24,25539.86,0.00
2025-12-01,08:26:00,25510,25517.25,25509.25,25510.75,509,25567.18,25539.79,0.00
2025-12-01,08:27:00,25511.25,25511.25,25505.25,25506.5,590,25567.11,25539.69,0.00
2025-12-01,08:28:00,25506,25507.25,25502.5,25505.75,482,25567.05,25539.60,0.00
2025-12-01,08:29:00,25504.5,25507.75,25496.75,25501.5,819,25566.95,25539.45,0.00
2025-12-01,08:30:00,25502,25509.5,25502,25508.75,560,25566.88,25539.36,0.00
2025-12-01,08:31:00,25508,25509,25497,25497.75,755,25566.78,25539.21,0.00
2025-12-01,08:32:00,25497.75,25499.25,25489.75,25495.75,1323,25566.59,25538.92,0.00
2025-12-01,08:33:00,25495.75,25499.25,25492,25497.5,627,25566.51,25538.78,0.00
2025-12-01,08:34:00,25497.25,25499,25483.75,25486.25,1474,25566.28,25538.42,0.00
2025-12-01,08:35:00,25486,25496.25,25484.75,25493.25,785,25566.17,25538.24,0.00
2025-12-01,08:36:00,25492.5,25495.25,25488.75,25491.5,656,25566.07,25538.09,0.00
2025-12-01,08:37:00,25492,25497.25,25487.5,25495.25,625,25565.98,25537.95,0.00
2025-12-01,08:38:00,25495,25500,25489,25498.5,561,25565.91,25537.84,0.00
2025-12-01,08:39:00,25498.75,25502.75,25494,25501.5,729,25565.81,25537.70,0.00
2025-12-01,08:40:00,25501.5,25502.5,25498.25,25498.25,306,25565.77,25537.64,0.00
2025-12-01,08:41:00,25498,25501.25,25493.5,25496.25,446,25565.71,25537.56,0.00
2025-12-01,08:42:00,25495.5,25504.5,25492.25,25496.75,1145,25565.56,25537.34,0.00
2025-12-01,08:43:00,25497.25,25502.75,25494,25496.5,463,25565.50,25537.25,0.00
2025-12-01,08:44:00,25496,25496.5,25488,25489.5,617,25565.41,25537.11,0.00
2025-12-01,08:45:00,25489,25494.5,25488,25490,396,25565.35,25537.02,0.00
2025-12-01,08:46:00,25490.5,25497,25487.25,25489.5,644,25565.26,25536.88,0.00
2025-12-01,08:47:00,25488.5,25493.75,25485,25490.75,610,25565.17,25536.74,0.00
2025-12-01,08:48:00,25489.75,25494.75,25478.25,25479.5,1088,25565.00,25536.47,0.00
2025-12-01,08:49:00,25479.5,25480.25,25469.75,25471.5,1540,25564.73,25536.02,0.00
2025-12-01,08:50:00,25471,25472.25,25464.5,25468.25,1304,25564.49,25535.60,0.00
2025-12-01,08:51:00,25468.75,25475.25,25464,25467.75,1068,25564.30,25535.27,0.00
2025-12-01,08:52:00,25467,25475.5,25465.25,25472.25,637,25564.18,25535.08,0.00
2025-12-01,08:53:00,25471.75,25481.5,25471.5,25481.25,811,25564.05,25534.87,0.00
2025-12-01,08:54:00,25481,25490,25481,25489.25,970,25563.90,25534.65,0.00
2025-12-01,08:55:00,25490,25493.5,25479.5,25481.25,826,25563.78,25534.46,0.00
2025-12-01,08:56:00,25480.5,25481.25,25470.5,25475.25,738,25563.66,25534.26,0.00
2025-12-01,08:57:00,25475.5,25477.5,25472,25472.5,497,25563.57,25534.13,0.00
2025-12-01,08:58:00,25473.5,25481.25,25471.25,25477.25,516,25563.49,25533.99,0.00
2025-12-01,08:59:00,25477.5,25478.25,25471.5,25474.5,368,25563.42,25533.89,0.00
2025-12-01,09:00:00,25474,25480.5,25471.75,25479,425,25563.35,25533.78,0.00
2025-12-01,09:01:00,25479.25,25490,25472.75,25474.25,1311,25563.15,25533.46,0.00
2025-12-01,09:02:00,25474.75,25489.75,25467.25,25489.25,1226,25562.96,25533.18,0.00
2025-12-01,09:03:00,25489.25,25493.5,25476,25480.75,1144,25562.79,25532.92,0.00
2025-12-01,09:04:00,25480.75,25490,25480.5,25489.25,759,25562.68,25532.77,0.00
2025-12-01,09:05:00,25489.75,25496.25,25482.5,25486,1071,25562.53,25532.55,0.00
2025-12-01,09:06:00,25484.75,25486.75,25477.5,25478.25,672,25562.43,25532.40,0.00
2025-12-01,09:07:00,25477.75,25489.25,25474.75,25487.25,707,25562.32,25532.25,0.00
2025-12-01,09:08:00,25486.5,25501,25486.25,25501,765,25562.23,25532.13,0.00
2025-12-01,09:09:00,25501,25505,25496.5,25498.75,1039,25562.11,25531.98,0.00
2025-12-01,09:10:00,25498.75,25504.5,25494.75,25504,679,25562.03,25531.89,0.00
2025-12-01,09:11:00,25504.75,25505.25,25494,25494.5,686,25561.95,25531.79,0.00
2025-12-01,09:12:00,25494.5,25502.75,25492.25,25499.5,518,25561.89,25531.71,0.00
2025-12-01,09:13:00,25499.5,25506.25,25498,25502.5,590,25561.82,25531.64,0.00
2025-12-01,09:14:00,25502.75,25509.25,25501.5,25504,957,25561.72,25531.53,0.00
2025-12-01,09:15:00,25503.75,25507.25,25500.75,25503.5,527,25561.66,25531.47,0.00
2025-12-01,09:16:00,25503.5,25505,25498.5,25500.5,706,25561.58,25531.38,0.00
2025-12-01,09:17:00,25500.25,25506.75,25497,25498.75,839,25561.49,25531.27,0.00
2025-12-01,09:18:00,25498.25,25500.5,25491.5,25496.75,959,25561.37,25531.12,0.00
2025-12-01,09:19:00,25496.5,25507,25496.5,25500,659,25561.30,25531.04,0.00
2025-12-01,09:20:00,25499.5,25507.5,25495.25,25507,579,25561.24,25530.97,0.00
2025-12-01,09:21:00,25507.25,25512.25,25506,25511.25,1319,25561.11,25530.86,0.00
2025-12-01,09:22:00,25511,25515,25496,25496,1357,25560.97,25530.69,0.00
2025-12-01,09:23:00,25497.5,25500,25491.25,25499.25,825,25560.87,25530.58,0.00
2025-12-01,09:24:00,25498.75,25511.75,25496,25509.25,801,25560.79,25530.49,0.00
2025-12-01,09:25:00,25509.75,25511.25,25504,25505,440,25560.75,25530.45,0.00
2025-12-01,09:26:00,25504.75,25514,25504,25512.75,454,25560.71,25530.41,0.00
2025-12-01,09:27:00,25513.5,25514.75,25508.75,25513,691,25560.65,25530.36,0.00
2025-12-01,09:28:00,25513.25,25513.25,25504.25,25508,548,25560.59,25530.31,0.00
2025-12-01,09:29:00,25508.75,25509.5,25504.5,25506,391,25560.55,25530.27,0.00
2025-12-01,09:30:00,25505.75,25507.25,25499.5,25499.75,552,25560.50,25530.21,0.00
2025-12-01,09:31:00,25499.5,25500.25,25492.75,25499.25,1087,25560.37,25530.06,0.00
2025-12-01,09:32:00,25499.25,25500.25,25489.25,25490.5,819,25560.27,25529.94,0.00
2025-12-01,09:33:00,25490.25,25497,25488,25493.5,831,25560.17,25529.82,0.00
2025-12-01,09:34:00,25493.5,25501.25,25488.75,25500,710,25560.09,25529.72,0.00
2025-12-01,09:35:00,25500.75,25504.75,25495.75,25499.5,581,25560.03,25529.65,0.00
2025-12-01,09:36:00,25499.5,25500.5,25494.75,25497.25,342,25559.99,25529.61,0.00
2025-12-01,09:37:00,25496,25505.25,25494.75,25505,606,25559.93,25529.54,0.00
2025-12-01,09:38:00,25504.25,25505.25,25491.25,25491.75,1233,25559.78,25529.38,0.00
2025-12-01,09:39:00,25492.25,25499.5,25490.5,25498.25,744,25559.70,25529.28,0.00
2025-12-01,09:40:00,25497.5,25500,25493.5,25498,771,25559.61,25529.18,0.00
2025-12-01,09:41:00,25497.75,25499.25,25491.5,25498.75,637,25559.54,25529.10,0.00
2025-12-01,09:42:00,25498.75,25507.75,25498.5,25507.75,1036,25559.44,25529.00,0.00
2025-12-01,09:43:00,25507.75,25513.75,25507.25,25511.75,894,25559.36,25528.93,0.00
2025-12-01,09:44:00,25513,25514.5,25506.75,25507.75,732,25559.30,25528.88,0.00
2025-12-01,09:45:00,25508.25,25516.75,25505.5,25508.5,892,25559.22,25528.81,0.00
2025-12-01,09:46:00,25508.75,25511.75,25502.25,25508,775,25559.15,25528.75,0.00
2025-12-01,09:47:00,25507.75,25513,25503.5,25511,682,25559.09,25528.70,0.00
2025-12-01,09:48:00,25510.75,25510.75,25506,25507.75,428,25559.05,25528.66,0.00
2025-12-01,09:49:00,25507.25,25509.75,25504.25,25509.5,446,25559.01,25528.63,0.00
2025-12-01,09:50:00,25509.5,25513.25,25507.75,25509.5,564,25558.96,25528.59,0.00
2025-12-01,09:51:00,25509.75,25512.75,25500.5,25501.25,1002,25558.86,25528.49,0.00
2025-12-01,09:52:00,25501,25501.5,25492.5,25494.5,1453,25558.70,25528.31,0.00
2025-12-01,09:53:00,25494.75,25507.25,25494.75,25498.5,923,25558.61,25528.21,0.00
2025-12-01,09:54:00,25499,25502.25,25496,25499.5,353,25558.57,25528.18,0.00
2025-12-01,09:55:00,25499.75,25501,25496.5,25501,268,25558.54,25528.15,0.00
2025-12-01,09:56:00,25500.25,25504.75,25496.75,25497.75,482,25558.49,25528.09,0.00
2025-12-01,09:57:00,25497.75,25505.25,25497.75,25501,407,25558.45,25528.05,0.00
2025-12-01,09:58:00,25501,25517,25501,25516.75,848,25558.38,25528.00,0.00
2025-12-01,09:59:00,25516.75,25524.25,25516.25,25520.25,1685,25558.27,25527.95,0.00
2025-12-01,10:00:00,25519.75,25523,25518.75,25519.25,660,25558.23,25527.93,0.00
2025-12-01,10:01:00,25519.25,25523.75,25514,25518.25,1475,25558.13,25527.88,0.00
2025-12-01,10:02:00,25517.5,25521,25512.25,25514.25,1098,25558.05,25527.83,0.00
2025-12-01,10:03:00,25514.5,25520.5,25511.75,25517.5,951,25557.98,25527.79,0.00
2025-12-01,10:04:00,25518,25521.75,25512,25513.75,747,25557.92,25527.76,0.00
2025-12-01,10:05:00,25513.25,25515.75,25510.75,25513.25,516,25557.88,25527.73,0.00
2025-12-01,10:06:00,25513.5,25517,25511.25,25515,538,25557.84,25527.71,0.00
2025-12-01,10:07:00,25514.75,25520.5,25514.25,25520.5,667,25557.80,25527.68,0.00
2025-12-01,10:08:00,25520.5,25520.75,25514.25,25515.5,463,25557.77,25527.67,0.00
2025-12-01,10:09:00,25515.25,25519.25,25515.25,25518.25,425,25557.74,25527.65,0.00
2025-12-01,10:10:00,25519,25525.25,25518.25,25523,722,25557.69,25527.64,0.00
2025-12-01,10:11:00,25523,25534.25,25522,25532.5,1896,25557.60,25527.65,0.00
2025-12-01,10:12:00,25532.75,25536.25,25527.75,25533.5,1103,25557.55,25527.67,0.00
2025-12-01,10:13:00,25533,25541.75,25533,25538.75,1378,25557.51,25527.72,0.00
2025-12-01,10:14:00,25539.5,25542.5,25536,25541.25,840,25557.48,25527.75,0.00
2025-12-01,10:15:00,25541.75,25552.75,25541.75,25550.25,2000,25557.45,25527.90,0.00
2025-12-01,10:16:00,25550.25,25553,25538.75,25540,1760,25557.41,25528.00,0.00
2025-12-01,10:17:00,25540,25544.75,25536,25537.75,1410,25557.37,25528.06,0.00
2025-12-01,10:18:00,25538,25539,25530.5,25531.25,1617,25557.30,25528.09,0.00
2025-12-01,10:19:00,25531,25531.75,25519.5,25522.5,1617,25557.21,25528.07,0.00
2025-12-01,10:20:00,25522,25526.5,25519.25,25524.75,911,25557.16,25528.05,0.00
2025-12-01,10:21:00,25525,25526.5,25517.25,25518,1085,25557.10,25528.03,0.00
2025-12-01,10:22:00,25518,25521.25,25514.75,25518.5,982,25557.03,25527.99,0.00
2025-12-01,10:23:00,25518.75,25522.5,25517.25,25518.25,502,25557.00,25527.98,0.00
2025-12-01,10:24:00,25518.75,25519.25,25509.75,25511.5,1278,25556.91,25527.91,0.00
2025-12-01,10:25:00,25511.25,25516.5,25508.5,25516,905,25556.84,25527.87,0.00
2025-12-01,10:26:00,25516,25517,25498,25510.25,2225,25556.66,25527.72,0.00
2025-12-01,10:27:00,25509.75,25513,25507.5,25511.25,1025,25556.59,25527.67,0.00
2025-12-01,10:28:00,25510.75,25515.5,25503.75,25515.25,1229,25556.49,25527.60,0.00
2025-12-01,10:29:00,25515.25,25517.75,25509.5,25511.75,1313,25556.40,25527.53,0.00
2025-12-01,10:30:00,25512,25513.75,25500.5,25508,2000,25556.24,25527.40,0.00
2025-12-01,10:31:00,25508,25542.5,25506.25,25534.5,8212,25555.86,25527.41,0.00
2025-12-01,10:32:00,25534,25541.5,25501,25504,6358,25555.45,25527.17,0.00
2025-12-01,10:33:00,25503.75,25527.25,25487.25,25517,8838,25554.82,25526.72,0.00
2025-12-01,10:34:00,25516.5,25547.25,25507.25,25537.25,6629,25554.57,25526.79,0.00
2025-12-01,10:35:00,25537.25,25553,25532.5,25553,5079,25554.50,25527.09,0.00
2025-12-01,10:36:00,25552.75,25559,25530,25546,6323,25554.41,25527.42,0.00
2025-12-01,10:37:00,25546,25557.5,25536.5,25547,4572,25554.36,25527.67,0.00
2025-12-01,10:38:00,25546.25,25570.5,25545.75,25568.5,7318,25554.44,25528.37,0.00
2025-12-01,10:39:00,25568.5,25573,25557.5,25560,5874,25554.52,25528.95,0.00
2025-12-01,10:40:00,25559.25,25559.75,25513.25,25513.25,10080,25554.13,25528.94,0.00
2025-12-01,10:41:00,25513,25537.5,25504.75,25512.5,9008,25553.66,25528.69,0.00
2025-12-01,10:42:00,25512.25,25519.25,25480.75,25514.5,10314,25552.94,25528.06,0.00
2025-12-01,10:43:00,25513.25,25513.75,25486.75,25502.5,5036,25552.57,25527.71,0.00
2025-12-01,10:44:00,25501.75,25502,25462.25,25470,8342,25551.69,25526.69,0.00
2025-12-01,10:45:00,25470,25503.25,25462.25,25500,6173,25551.15,25526.11,0.00
2025-12-01,10:46:00,25500.25,25531.75,25490.25,25531.75,8596,25550.76,25525.94,0.00
2025-12-01,10:47:00,25532,25544,25528.25,25543,7359,25550.63,25526.16,0.00
2025-12-01,10:48:00,25543,25569.25,25541.75,25569.25,7383,25550.73,25526.74,0.00
2025-12-01,10:49:00,25568.75,25583.25,25551.25,25555.25,9467,25550.88,25527.52,0.00
2025-12-01,10:50:00,25555,25560.5,25544,25550,5856,25550.89,25527.83,0.00
2025-12-01,10:51:00,25550,25577.25,25546.25,25575,5450,25551.00,25528.29,0.00
2025-12-01,10:52:00,25575,25584.5,25560.75,25575.25,5866,25551.17,25528.87,0.00
2025-12-01,10:53:00,25575.5,25582.25,25554.25,25577.75,5954,25551.33,25529.41,0.00
2025-12-01,10:54:00,25577.5,25590,25563.5,25582,5488,25551.52,25529.98,0.00
2025-12-01,10:55:00,25582,25600.75,25576.5,25599.5,5908,25551.82,25530.75,0.00
2025-12-01,10:56:00,25599.5,25617.25,25596.25,25615.5,7684,25552.39,25532.01,0.00
2025-12-01,10:57:00,25615,25633,25612.5,25613.25,7802,25553.04,25533.39,0.00
2025-12-01,10:58:00,25613,25624.25,25605.5,25615.75,3997,25553.35,25534.05,0.00
2025-12-01,10:59:00,25616.5,25620,25586.75,25597.5,5630,25553.69,25534.81,0.00
2025-12-01,11:00:00,25598.25,25617.25,25592,25613.75,3737,25553.93,25535.34,0.00
2025-12-01,11:01:00,25617.5,25638.25,25606.75,25624.25,7358,25554.55,25536.60,0.00
2025-12-01,11:02:00,25624.5,25631.75,25614.5,25618.75,4659,25554.93,25537.37,0.00
2025-12-01,11:03:00,25618.75,25624.25,25602,25613,5480,25555.32,25538.16,0.00
2025-12-01,11:04:00,25613,25613.5,25595.75,25596.25,5504,25555.62,25538.82,0.00
2025-12-01,11:05:00,25595.5,25612.75,25593.5,25602.5,4363,25555.87,25539.35,0.00
2025-12-01,11:06:00,25602.5,25611.75,25584.5,25603.25,7374,25556.25,25540.17,0.00
2025-12-01,11:07:00,25603.25,25618.75,25597.75,25611,4143,25556.51,25540.70,0.00
2025-12-01,11:08:00,25610.75,25627,25606.75,25617.75,4377,25556.82,25541.31,0.00
2025-12-01,11:09:00,25617,25631.75,25613.5,25622,4022,25557.13,25541.90,0.00
2025-12-01,11:10:00,25622,25631,25605.25,25616.75,4548,25557.44,25542.51,0.00
2025-12-01,11:11:00,25616.25,25628.75,25603.25,25628.25,4687,25557.78,25543.16,0.00
2025-12-01,11:12:00,25628,25630.25,25611.25,25622.25,3715,25558.05,25543.67,0.00
2025-12-01,11:13:00,25622.5,25627.75,25606.75,25627.25,2779,25558.25,25544.05,0.00
2025-12-01,11:14:00,25627.25,25643,25619.25,25633.5,5982,25558.75,25544.96,0.00
2025-12-01,11:15:00,25633.75,25633.75,25604,25608,5850,25559.12,25545.67,0.00
2025-12-01,11:16:00,25608,25611,25594.5,25594.75,5656,25559.38,25546.20,0.00
2025-12-01,11:17:00,25594.75,25616.75,25590,25614.25,4960,25559.64,25546.71,0.00
2025-12-01,11:18:00,25614.5,25622,25600.5,25610,4073,25559.88,25547.14,0.00
2025-12-01,11:19:00,25609.5,25621.75,25605.75,25618.25,2850,25560.05,25547.47,0.00
2025-12-01,11:20:00,25618,25627.5,25612,25617.25,3279,25560.26,25547.86,0.00
2025-12-01,11:21:00,25615.5,25620.5,25600,25608.25,3915,25560.47,25548.26,0.00
2025-12-01,11:22:00,25608,25608,25578.25,25596.25,6806,25560.72,25548.77,0.00
2025-12-01,11:23:00,25595,25603,25587.25,25593.5,3744,25560.86,25549.05,0.00
2025-12-01,11:24:00,25593.25,25602.75,25587.75,25591.5,3262,25560.98,25549.28,0.00
2025-12-01,11:25:00,25591.75,25599,25582,25586.75,3350,25561.08,25549.50,0.00
2025-12-01,11:26:00,25586.75,25591,25561.25,25579.25,8492,25561.22,25549.87,0.00
2025-12-01,11:27:00,25579,25596.5,25575,25591.75,5328,25561.37,25550.19,0.00
2025-12-01,11:28:00,25591.25,25599,25572,25585.75,4766,25561.50,25550.45,0.00
2025-12-01,11:29:00,25585.75,25595.5,25584,25588.25,3260,25561.59,25550.65,0.00
2025-12-01,11:30:00,25588,25591.25,25572.25,25577,3562,25561.66,25550.81,0.00
2025-12-01,11:31:00,25577.25,25582.25,25565.75,25566.75,5031,25561.71,25550.97,0.00
2025-12-01,11:32:00,25566.5,25584.5,25558,25578.5,6118,25561.79,25551.18,0.00
2025-12-01,11:33:00,25578.5,25581.75,25571.75,25574.5,3101,25561.83,25551.30,0.00
2025-12-01,11:34:00,25573.75,25581.25,25561.5,25561.75,3617,25561.86,25551.39,0.00
2025-12-01,11:35:00,25561.5,25562.5,25533.25,25541.25,9417,25561.70,25551.31,0.00
2025-12-01,11:36:00,25541.5,25552.5,25519.5,25547.75,8625,25561.51,25551.16,0.00
2025-12-01,11:37:00,25548,25586.5,25545.75,25573.25,9633,25561.58,25551.41,0.00
2025-12-01,11:38:00,25573.25,25582.75,25556,25559.25,6351,25561.61,25551.54,0.00
2025-12-01,11:39:00,25559.25,25580.75,25558.5,25579.5,4052,25561.65,25551.66,0.00
2025-12-01,11:40:00,25579.25,25599.75,25576,25597.5,7027,25561.86,25552.05,0.00
2025-12-01,11:41:00,25597,25613,25585.5,25586.25,7872,25562.11,25552.52,0.00
2025-12-01,11:42:00,25586,25596,25580,25587.25,4280,25562.22,25552.73,0.00
2025-12-01,11:43:00,25588.25,25598.75,25577.5,25593.75,3753,25562.32,25552.92,0.00
2025-12-01,11:44:00,25594,25594,25571.25,25579.25,4210,25562.40,25553.09,0.00
2025-12-01,11:45:00,25579,25590.25,25569.5,25587,3787,25562.47,25553.24,0.00
2025-12-01,11:46:00,25586.75,25599.25,25586.25,25591.5,3911,25562.58,25553.44,0.00
2025-12-01,11:47:00,25591,25601.5,25578.75,25579,4251,25562.68,25553.63,0.00
2025-12-01,11:48:00,25579,25584.75,25573.5,25579.5,3308,25562.73,25553.74,0.00
2025-12-01,11:49:00,25579.25,25598.5,25577.5,25592.75,2903,25562.80,25553.88,0.00
2025-12-01,11:50:00,25592.25,25601,25583,25594.75,2942,25562.88,25554.04,0.00
2025-12-01,11:51:00,25594.75,25609.75,25592.25,25606,4433,25563.05,25554.32,0.00
2025-12-01,11:52:00,25605.5,25631,25605.25,25628,5992,25563.38,25554.85,0.00
2025-12-01,11:53:00,25628,25659.75,25628,25659.25,8358,25564.04,25555.87,0.00
2025-12-01,11:54:00,25659.5,25662,25647.75,25655.25,5082,25564.47,25556.52,0.00
2025-12-01,11:55:00,25655.5,25669.25,25651.5,25662.25,4510,25564.87,25557.12,0.00
2025-12-01,11:56:00,25663,25664.25,25649,25661.75,4300,25565.24,25557.68,0.00
2025-12-01,11:57:00,25661.75,25666.75,25656.25,25664.25,2539,25565.46,25558.01,0.00
2025-12-01,11:58:00,25664.75,25671.75,25660.75,25666.25,2864,25565.73,25558.41,0.00
2025-12-01,11:59:00,25666.25,25673,25663.75,25669,2748,25565.98,25558.79,0.00
2025-12-01,12:00:00,25669.25,25672.25,25658.25,25666,2546,25566.21,25559.13,0.00
2025-12-01,12:01:00,25665.75,25672,25655.75,25661.25,3952,25566.56,25559.64,0.00
2025-12-01,12:02:00,25661,25668.75,25658.5,25667,1780,25566.72,25559.88,0.00
2025-12-01,12:03:00,25666.75,25672,25662.75,25663.5,2028,25566.90,25560.14,0.00
2025-12-01,12:04:00,25663.25,25669.25,25659.75,25663.75,2195,25567.09,25560.43,0.00
2025-12-01,12:05:00,25664.25,25669.75,25662.75,25663.5,1535,25567.22,25560.63,0.00
2025-12-01,12:06:00,25664.5,25668.5,25648.75,25651.25,3942,25567.54,25561.09,0.00
2025-12-01,12:07:00,25651.5,25652.5,25634.75,25635,5362,25567.89,25561.61,0.00
2025-12-01,12:08:00,25635.5,25635.75,25615,25621.25,6116,25568.19,25562.08,0.00
2025-12-01,12:09:00,25621.25,25630,25607.5,25615.25,4904,25568.40,25562.41,0.00
2025-12-01,12:10:00,25615.5,25624.5,25601.5,25623.5,4913,25568.61,25562.73,0.00
2025-12-01,12:11:00,25623.25,25633.5,25614.25,25619.75,5756,25568.88,25563.14,0.00
2025-12-01,12:12:00,25620.25,25622.5,25605.25,25606.75,3749,25569.02,25563.35,0.00
2025-12-01,12:13:00,25606.75,25616.5,25595.5,25614.75,4838,25569.19,25563.61,0.00
2025-12-01,12:14:00,25615.25,25623,25611.25,25618.25,2857,25569.31,25563.79,0.00
2025-12-01,12:15:00,25618.75,25621.5,25601.75,25602.25,2781,25569.40,25563.94,0.00
2025-12-01,12:16:00,25601.5,25604.25,25578.75,25591.25,7055,25569.54,25564.17,0.00
2025-12-01,12:17:00,25591.5,25597.5,25579.25,25586.5,3972,25569.60,25564.27,0.00
2025-12-01,12:18:00,25586.5,25597.25,25575.75,25594.5,4366,25569.67,25564.40,0.00
2025-12-01,12:19:00,25593.75,25617.25,25589.5,25614.75,5059,25569.83,25564.65,0.00
2025-12-01,12:20:00,25614,25617,25602.75,25604.5,2703,25569.92,25564.78,0.00
2025-12-01,12:21:00,25604,25630.25,25604,25625.25,4700,25570.12,25565.08,0.00
2025-12-01,12:22:00,25625.25,25632.5,25620,25628.75,3843,25570.30,25565.35,0.00
2025-12-01,12:23:00,25628.25,25633.75,25620,25627.25,2520,25570.42,25565.52,0.00
2025-12-01,12:24:00,25626,25630.5,25617.75,25620.75,2186,25570.52,25565.66,0.00
2025-12-01,12:25:00,25621.25,25627,25613,25622.5,2469,25570.62,25565.81,0.00
2025-12-01,12:26:00,25623,25636.75,25620.25,25631.5,3416,25570.79,25566.06,0.00
2025-12-01,12:27:00,25631.75,25638,25624.5,25637,2106,25570.90,25566.22,0.00
2025-12-01,12:28:00,25637.5,25642.5,25628.5,25629.75,3315,25571.07,25566.46,0.00
2025-12-01,12:29:00,25630,25630.5,25619.25,25625.5,2666,25571.19,25566.64,0.00
2025-12-01,12:30:00,25625.5,25636.5,25623,25634,2045,25571.29,25566.78,0.00
2025-12-01,12:31:00,25634,25650,25631.5,25645.75,4301,25571.54,25567.14,0.00
2025-12-01,12:32:00,25645.5,25656,25644.5,25650.75,3321,25571.76,25567.44,0.00
2025-12-01,12:33:00,25650.5,25654.25,25638.75,25643,2977,25571.93,25567.70,0.00
2025-12-01,12:34:00,25644,25648.25,25632,25643.25,3160,25572.11,25567.95,0.00
2025-12-01,12:35:00,25643.5,25651.5,25636.5,25649,2249,25572.25,25568.14,0.00
2025-12-01,12:36:00,25649.25,25656,25644.25,25653.75,2311,25572.40,25568.35,0.00
2025-12-01,12:37:00,25653.75,25657.25,25643.5,25649.75,2335,25572.54,25568.55,0.00
2025-12-01,12:38:00,25650.25,25659.5,25647.25,25658.25,2402,25572.70,25568.78,0.00
2025-12-01,12:39:00,25658.25,25663.25,25651.75,25662.25,1988,25572.84,25568.97,0.00
2025-12-01,12:40:00,25662,25663,25649.75,25651.5,1929,25572.97,25569.15,0.00
2025-12-01,12:41:00,25651.75,25655.5,25640.75,25655.5,3535,25573.19,25569.46,0.00
2025-12-01,12:42:00,25655.75,25660.25,25652.25,25658.5,1941,25573.32,25569.64,0.00
2025-12-01,12:43:00,25659,25679,25655.5,25674,6291,25573.81,25570.30,0.00
2025-12-01,12:44:00,25673.5,25684.75,25673.25,25684.5,5000,25574.23,25570.89,0.00
2025-12-01,12:45:00,25684.75,25688,25676,25676.25,3290,25574.51,25571.26,0.00
2025-12-01,12:46:00,25676.75,25682.75,25673,25682.5,2401,25574.71,25571.54,0.00
2025-12-01,12:47:00,25682,25694.25,25682,25692.75,3249,25575.00,25571.94,0.00
2025-12-01,12:48:00,25692.75,25699.25,25689,25698,2970,25575.29,25572.32,0.00
2025-12-01,12:49:00,25698,25700.5,25689.5,25695,2659,25575.54,25572.66,0.00
2025-12-01,12:50:00,25695.25,25697.25,25691.25,25695.5,1330,25575.66,25572.83,0.00
2025-12-01,12:51:00,25696,25700.75,25689.75,25692.75,2202,25575.87,25573.10,0.00
2025-12-01,12:52:00,25692.5,25702.25,25692.25,25701.5,1823,25576.04,25573.34,0.00
2025-12-01,12:53:00,25701.5,25704,25693.25,25696.25,2091,25576.24,25573.61,0.00
2025-12-01,12:54:00,25696.75,25699.25,25688,25694.5,2340,25576.46,25573.90,0.00
2025-12-01,12:55:00,25694,25695.5,25685.5,25687.5,2048,25576.64,25574.14,0.00
2025-12-01,12:56:00,25687.25,25694.5,25680,25692,2783,25576.88,25574.47,0.00
2025-12-01,12:57:00,25692.25,25698,25683.75,25689,1943,25577.05,25574.70,0.00
2025-12-01,12:58:00,25689,25689.75,25682.75,25687.25,1367,25577.17,25574.85,0.00
2025-12-01,12:59:00,25687.5,25690,25677.75,25681.75,2364,25577.36,25575.11,0.00
2025-12-01,13:00:00,25681.75,25688.5,25679.5,25688.25,1296,25577.47,25575.26,0.00
2025-12-01,13:01:00,25688,25700.25,25685.5,25697.5,3416,25577.78,25575.67,0.00
2025-12-01,13:02:00,25698,25709.25,25697,25700.25,4304,25578.19,25576.22,0.00
2025-12-01,13:03:00,25700.25,25701,25687.25,25690.75,2926,25578.45,25576.56,0.00
2025-12-01,13:04:00,25691,25696.75,25688.5,25695.5,1344,25578.57,25576.72,0.00
2025-12-01,13:05:00,25695.75,25708.75,25695.75,25708.5,1838,25578.74,25576.95,0.00
2025-12-01,13:06:00,25707.75,25713,25703.75,25705.25,2798,25579.02,25577.32,0.00
2025-12-01,13:07:00,25705.25,25714.75,25702,25709.75,2256,25579.24,25577.61,0.00
2025-12-01,13:08:00,25710,25720.5,25710,25712.5,2743,25579.53,25577.99,0.00
2025-12-01,13:09:00,25712.5,25713.5,25705.5,25708.25,2298,25579.75,25578.29,0.00
2025-12-01,13:10:00,25708.75,25711.25,25699.5,25703.25,2203,25579.96,25578.56,0.00
2025-12-01,13:11:00,25702.75,25707.5,25700.75,25701.5,1553,25580.11,25578.75,0.00
2025-12-01,13:12:00,25701.5,25712.5,25699.75,25709.75,1947,25580.29,25579.00,0.00
2025-12-01,13:13:00,25709.25,25715.75,25706.75,25709.5,1566,25580.45,25579.20,0.00
2025-12-01,13:14:00,25709.25,25710.5,25700.75,25704,1655,25580.60,25579.41,0.00
2025-12-01,13:15:00,25703.75,25709,25694.75,25697,2542,25580.83,25579.71,0.00
2025-12-01,13:16:00,25696.5,25697.5,25674.75,25681,6140,25581.31,25580.33,0.00
2025-12-01,13:17:00,25681,25691.75,25667.5,25691.75,5116,25581.70,25580.85,0.00
2025-12-01,13:18:00,25691.25,25699.25,25687.5,25693.25,3273,25581.97,25581.20,0.00
2025-12-01,13:19:00,25693.5,25696.5,25686.75,25692.25,1569,25582.10,25581.37,0.00
2025-12-01,13:20:00,25692.5,25692.5,25684.25,25688.25,1545,25582.22,25581.53,0.00
2025-12-01,13:21:00,25688.25,25693,25682,25686.75,1658,25582.35,25581.70,0.00
2025-12-01,13:22:00,25687.25,25698.25,25686.25,25697.75,2071,25582.52,25581.92,0.00
2025-12-01,13:23:00,25698.25,25700.75,25691.25,25699.75,1797,25582.68,25582.12,0.00
2025-12-01,13:24:00,25699.5,25703.25,25689.5,25689.75,1867,25582.83,25582.32,0.00
2025-12-01,13:25:00,25689.25,25698.5,25687,25698.25,1423,25582.95,25582.47,0.00
2025-12-01,13:26:00,25698.25,25700.5,25689.25,25693.5,1260,25583.05,25582.61,0.00
2025-12-01,13:27:00,25692.5,25705.75,25689.75,25705.25,1831,25583.21,25582.81,0.00
2025-12-01,13:28:00,25705,25713.75,25702.5,25706.5,2934,25583.48,25583.16,0.00
2025-12-01,13:29:00,25706.75,25709,25702.25,25707.25,1239,25583.59,25583.31,0.00
2025-12-01,13:30:00,25707.5,25709.75,25701.25,25705.75,1015,25583.68,25583.42,0.00
2025-12-01,13:31:00,25706.25,25712.5,25695.25,25696.5,2407,25583.89,25583.69,0.00
2025-12-01,13:32:00,25696.25,25707.25,25693.75,25703.75,1385,25584.01,25583.85,0.00
2025-12-01,13:33:00,25703.75,25708.75,25701.25,25703.5,998,25584.10,25583.96,0.00
2025-12-01,13:34:00,25703.75,25709.25,25700,25705.5,1110,25584.19,25584.09,0.00
2025-12-01,13:35:00,25706,25708.5,25700.25,25707,1251,25584.31,25584.23,0.00
2025-12-01,13:36:00,25707.25,25716.25,25705,25714.25,1928,25584.48,25584.46,0.00
2025-12-01,13:37:00,25714.25,25721.75,25709.75,25721.5,2399,25584.72,25584.76,0.00
2025-12-01,13:38:00,25721.25,25721.75,25716.25,25718.25,1473,25584.86,25584.94,0.00
2025-12-01,13:39:00,25718,25719.75,25709,25710,1739,25585.02,25585.15,0.00
2025-12-01,13:40:00,25709.5,25710.25,25702.25,25706.75,2231,25585.22,25585.41,0.00
2025-12-01,13:41:00,25706.5,25716.25,25705.25,25715.5,1521,25585.36,25585.59,0.00
2025-12-01,13:42:00,25715.25,25721.5,25713.75,25719.25,1657,25585.52,25585.79,0.00
2025-12-01,13:43:00,25719,25724.5,25717,25724,2180,25585.73,25586.07,0.00
2025-12-01,13:44:00,25724,25728,25720.5,25721.25,1826,25585.91,25586.30,0.00
2025-12-01,13:45:00,25721.25,25735,25720.75,25734.5,2779,25586.20,25586.67,0.00
2025-12-01,13:46:00,25734.5,25743.75,25733,25743.5,4057,25586.65,25587.24,0.00
2025-12-01,13:47:00,25743.75,25749,25738.75,25740,3493,25587.04,25587.74,0.00
2025-12-01,13:48:00,25740,25744.25,25734.5,25736.75,2102,25587.27,25588.03,0.00
2025-12-01,13:49:00,25736.75,25745.25,25736,25742.75,1692,25587.46,25588.27,0.00
2025-12-01,13:50:00,25743,25745.25,25737,25737.25,1400,25587.61,25588.46,0.00
2025-12-01,13:51:00,25737.25,25738,25716.75,25722.25,5050,25588.10,25589.09,0.00
2025-12-01,13:52:00,25722,25726,25717,25725.25,1892,25588.28,25589.32,0.00
2025-12-01,13:53:00,25724.75,25729.25,25719.25,25724.75,1534,25588.43,25589.51,0.00
2025-12-01,13:54:00,25724.5,25725.75,25717.5,25718.25,1272,25588.55,25589.66,0.00
2025-12-01,13:55:00,25718.25,25721,25714.5,25717.25,1508,25588.69,25589.83,0.00
2025-12-01,13:56:00,25717.75,25720.5,25710,25712,1852,25588.85,25590.04,0.00
2025-12-01,13:57:00,25712,25716.25,25702.5,25707.5,2195,25589.04,25590.28,0.00
2025-12-01,13:58:00,25707.75,25715,25706,25711.25,1384,25589.16,25590.43,0.00
2025-12-01,13:59:00,25711.5,25718,25711,25714,1631,25589.30,25590.61,0.00
2025-12-01,14:00:00,25715,25715.25,25702.75,25704,1890,25589.46,25590.81,0.00
2025-12-01,14:01:00,25704,25714.5,25699.25,25714.25,2843,25589.70,25591.11,0.00
2025-12-01,14:02:00,25714,25721,25711,25720,2508,25589.92,25591.39,0.00
2025-12-01,14:03:00,25720.25,25725.25,25716.25,25719.5,2067,25590.11,25591.63,0.00
2025-12-01,14:04:00,25719.25,25725.5,25716.25,25722.5,1224,25590.22,25591.77,0.00
2025-12-01,14:05:00,25723.25,25724.5,25716.5,25718.75,1061,25590.32,25591.89,0.00
2025-12-01,14:06:00,25718.25,25720,25711.75,25716.5,1253,25590.43,25592.03,0.00
2025-12-01,14:07:00,25716.25,25719.75,25711.5,25714.75,1354,25590.55,25592.18,0.00
2025-12-01,14:08:00,25714.75,25722.25,25712.5,25720.75,1054,25590.64,25592.29,0.00
2025-12-01,14:09:00,25720.75,25727.75,25718,25726,1737,25590.80,25592.50,0.00
2025-12-01,14:10:00,25726,25727.5,25721.25,25721.75,1238,25590.92,25592.64,0.00
2025-12-01,14:11:00,25721.5,25726,25719,25724.25,1260,25591.03,25592.78,0.00
2025-12-01,14:12:00,25724,25728.25,25724,25727.25,1001,25591.13,25592.90,0.00
2025-12-01,14:13:00,25727.5,25731.25,25724,25730.75,1406,25591.26,25593.07,0.00
2025-12-01,14:14:00,25730.5,25737,25729.5,25729.5,2296,25591.48,25593.35,0.00
2025-12-01,14:15:00,25730,25730.75,25725,25729.5,1337,25591.61,25593.51,0.00
2025-12-01,14:16:00,25728.75,25733.5,25724.75,25730.75,1110,25591.72,25593.64,0.00
2025-12-01,14:17:00,25730.5,25732.5,25723.75,25724.75,1294,25591.84,25593.79,0.00
2025-12-01,14:18:00,25724.75,25726.25,25719,25722.75,1438,25591.97,25593.96,0.00
2025-12-01,14:19:00,25723,25725,25715.5,25723,1568,25592.11,25594.13,0.00
2025-12-01,14:20:00,25722.75,25725,25719,25721.5,763,25592.18,25594.22,0.00
2025-12-01,14:21:00,25721.75,25722.5,25710,25710,1757,25592.32,25594.40,0.00
2025-12-01,14:22:00,25710,25715.5,25706.75,25710.25,1782,25592.47,25594.58,0.00
2025-12-01,14:23:00,25710.25,25716.75,25707.75,25713.5,918,25592.54,25594.68,0.00
2025-12-01,14:24:00,25713.75,25715.25,25710.25,25714.25,718,25592.60,25594.75,0.00
2025-12-01,14:25:00,25713.5,25719.75,25711.5,25719.25,1209,25592.71,25594.88,0.00
2025-12-01,14:26:00,25719,25723.5,25716.75,25721.75,1278,25592.82,25595.02,0.00
2025-12-01,14:27:00,25722,25726.5,25719.5,25722.5,1427,25592.95,25595.18,0.00
2025-12-01,14:28:00,25723,25725.75,25719.25,25719.5,532,25592.99,25595.23,0.00
2025-12-01,14:29:00,25719.5,25721.75,25716.5,25721.25,959,25593.08,25595.34,0.00
2025-12-01,14:30:00,25721.25,25723.75,25712.75,25716,1266,25593.18,25595.47,0.00
2025-12-01,14:31:00,25716.25,25724.25,25716.25,25723.75,1053,25593.28,25595.59,0.00
2025-12-01,14:32:00,25723.75,25725.75,25721.5,25722.5,1140,25593.38,25595.71,0.00
2025-12-01,14:33:00,25722.25,25726,25720.25,25722.25,820,25593.45,25595.80,0.00
2025-12-01,14:34:00,25723,25726,25721,25722,602,25593.50,25595.87,0.00
2025-12-01,14:35:00,25722.25,25726,25718.75,25724.5,784,25593.57,25595.95,0.00
2025-12-01,14:36:00,25724.5,25725.75,25721,25722.25,596,25593.62,25596.02,0.00
2025-12-01,14:37:00,25721.75,25729.5,25721.75,25729.25,1547,25593.76,25596.19,0.00
2025-12-01,14:38:00,25729,25730.5,25721.75,25724.5,1314,25593.88,25596.34,0.00
2025-12-01,14:39:00,25725,25727.75,25721.75,25726,648,25593.94,25596.41,0.00
2025-12-01,14:40:00,25726.5,25729.25,25723.25,25723.5,760,25594.01,25596.49,0.00
2025-12-01,14:41:00,25723.5,25724.5,25718.25,25720,1161,25594.11,25596.62,0.00
2025-12-01,14:42:00,25720.5,25722,25714.25,25721.75,1474,25594.23,25596.77,0.00
2025-12-01,14:43:00,25722.5,25724.25,25717.75,25719.25,740,25594.30,25596.85,0.00
2025-12-01,14:44:00,25719.5,25726,25719,25725.75,857,25594.37,25596.94,0.00
2025-12-01,14:45:00,25725.75,25727.75,25723,25723,1169,25594.47,25597.07,0.00
2025-12-01,14:46:00,25723.25,25727.25,25721.5,25724,1562,25594.61,25597.24,0.00
2025-12-01,14:47:00,25724.5,25732,25724.5,25727,1901,25594.78,25597.45,0.00
2025-12-01,14:48:00,25727.75,25731,25726.25,25727.75,743,25594.85,25597.53,0.00
2025-12-01,14:49:00,25727.5,25727.5,25721.75,25722.75,956,25594.93,25597.64,0.00
2025-12-01,14:50:00,25722.75,25722.75,25717,25720,1121,25595.03,25597.75,0.00
2025-12-01,14:51:00,25720.75,25733.25,25720.75,25731.5,1819,25595.19,25597.96,0.00
2025-12-01,14:52:00,25731.25,25735,25728.75,25732.5,1732,25595.35,25598.15,0.00
2025-12-01,14:53:00,25732.5,25738.5,25731.25,25735.25,2074,25595.54,25598.39,0.00
2025-12-01,14:54:00,25735.5,25737.5,25731.5,25735.75,1030,25595.64,25598.51,0.00
2025-12-01,14:55:00,25735.75,25738.75,25735.25,25736,942,25595.73,25598.62,0.00
2025-12-01,14:56:00,25736,25743,25733.5,25739.25,1809,25595.90,25598.83,0.00
2025-12-01,14:57:00,25739.5,25743,25737.5,25742.75,1265,25596.03,25598.99,0.00
2025-12-01,14:58:00,25743,25746.25,25741.5,25743.75,1358,25596.16,25599.15,0.00
2025-12-01,14:59:00,25743.5,25744.75,25740.5,25742.5,1048,25596.26,25599.28,0.00
2025-12-01,15:00:00,25742.5,25746,25739.5,25739.5,950,25596.35,25599.39,0.00
2025-12-01,15:01:00,25740,25741.5,25725,25725,3104,25596.63,25599.73,0.00
2025-12-01,15:02:00,25725.25,25729.75,25715.75,25717.5,2827,25596.87,25600.02,0.00
2025-12-01,15:03:00,25717,25723.75,25711,25722.75,2890,25597.10,25600.31,0.00
2025-12-01,15:04:00,25722.75,25726.25,25720.25,25725.75,1632,25597.24,25600.47,0.00
2025-12-01,15:05:00,25725.5,25726.5,25712.25,25712.5,2474,25597.43,25600.71,0.00
2025-12-01,15:06:00,25712.5,25712.5,25701.75,25702.25,2916,25597.64,25600.97,0.00
2025-12-01,15:07:00,25702.75,25707,25695,25705.75,3159,25597.86,25601.23,0.00
2025-12-01,15:08:00,25705.5,25710.75,25701,25702.25,1884,25597.99,25601.39,0.00
2025-12-01,15:09:00,25702,25706.75,25700,25702.5,1174,25598.07,25601.49,0.00
2025-12-01,15:10:00,25702.5,25703.75,25696.25,25700.25,1592,25598.18,25601.62,0.00
2025-12-01,15:11:00,25700.25,25701.75,25693,25697.75,2146,25598.32,25601.79,0.00
2025-12-01,15:12:00,25697.75,25704.75,25694.75,25697.5,1439,25598.42,25601.90,0.00
2025-12-01,15:13:00,25697.75,25697.75,25685.75,25694.25,3440,25598.63,25602.16,0.00
2025-12-01,15:14:00,25694.5,25701,25692.25,25699.75,1955,25598.75,25602.31,0.00
2025-12-01,15:15:00,25699.75,25704.75,25698,25701.5,2407,25598.91,25602.51,0.00
2025-12-01,15:16:00,25702.25,25702.5,25693.25,25693.75,1436,25599.01,25602.62,0.00
2025-12-01,15:17:00,25693.5,25695.25,25684,25689,2468,25599.15,25602.79,0.00
2025-12-01,15:18:00,25689,25690.75,25682.25,25685.5,1511,25599.24,25602.89,0.00
2025-12-01,15:19:00,25685.25,25690,25679.75,25682,2073,25599.35,25603.03,0.00
2025-12-01,15:20:00,25681.25,25683.25,25670.75,25681.75,3596,25599.54,25603.25,0.00
2025-12-01,15:21:00,25682.25,25689.75,25679.5,25681.75,2433,25599.67,25603.41,0.00
2025-12-01,15:22:00,25682,25682.25,25672.25,25678.5,2565,25599.80,25603.56,0.00
2025-12-01,15:23:00,25678.75,25680.5,25670,25671.25,1881,25599.89,25603.67,0.00
2025-12-01,15:24:00,25671,25671.25,25656.5,25657.5,4694,25600.07,25603.88,0.00
2025-12-01,15:25:00,25657.5,25663.25,25649.75,25659.75,4387,25600.23,25604.07,0.00
2025-12-01,15:26:00,25658.75,25659.5,25648.75,25653.5,3301,25600.35,25604.20,0.00
2025-12-01,15:27:00,25653.25,25657.75,25646.75,25648.5,2061,25600.41,25604.28,0.00
2025-12-01,15:28:00,25648.75,25667,25645.25,25666.5,3977,25600.56,25604.45,0.00
2025-12-01,15:29:00,25666.5,25669.25,25652.5,25653.5,2881,25600.67,25604.58,0.00
2025-12-01,15:30:00,25653.25,25654.5,25644,25649.25,2676,25600.75,25604.67,0.00
2025-12-01,15:31:00,25649.5,25650.75,25637.25,25644,3643,25600.85,25604.78,0.00
2025-12-01,15:32:00,25644.5,25647.5,25635.75,25638,2421,25600.91,25604.85,0.00
2025-12-01,15:33:00,25637.5,25638,25622,25626,5253,25601.01,25604.95,0.00
2025-12-01,15:34:00,25626,25634.5,25610,25632.25,6417,25601.10,25605.05,0.00
2025-12-01,15:35:00,25632,25641.25,25625,25639,3490,25601.18,25605.13,0.00
2025-12-01,15:36:00,25639,25652,25637.5,25643,3932,25601.28,25605.25,0.00
2025-12-01,15:37:00,25642.75,25660.5,25640,25657.25,3428,25601.39,25605.38,0.00
2025-12-01,15:38:00,25657.25,25668.25,25656.25,25659.75,3473,25601.52,25605.53,0.00
2025-12-01,15:39:00,25660.75,25663.25,25645.25,25645.5,2732,25601.61,25605.62,0.00
2025-12-01,15:40:00,25645.75,25665.25,25644.25,25665,2667,25601.70,25605.73,0.00
2025-12-01,15:41:00,25665.5,25667.25,25653.5,25653.75,2131,25601.78,25605.82,0.00
2025-12-01,15:42:00,25654,25658.25,25642.25,25644,2639,25601.85,25605.90,0.00
2025-12-01,15:43:00,25643.75,25653,25637.25,25640.75,3337,25601.94,25606.00,0.00
2025-12-01,15:44:00,25640.5,25648.25,25639,25645.5,1833,25601.99,25606.05,0.00
2025-12-01,15:45:00,25645.25,25648.25,25633.25,25635.25,2769,25602.05,25606.12,0.00
2025-12-01,15:46:00,25634.75,25641,25629,25631.75,2813,25602.10,25606.18,0.00
2025-12-01,15:47:00,25632,25639.5,25625.5,25634.5,2616,25602.15,25606.23,0.00
2025-12-01,15:48:00,25634.5,25645.5,25628,25641,2542,25602.21,25606.29,0.00
2025-12-01,15:49:00,25640.5,25643.75,25632.75,25633.75,1688,25602.25,25606.33,0.00
2025-12-01,15:50:00,25633.5,25634.25,25626,25631,2093,25602.28,25606.37,0.00
2025-12-01,15:51:00,25631,25638.5,25628.5,25633,1970,25602.32,25606.41,0.00
2025-12-01,15:52:00,25633.5,25634.75,25624.5,25624.5,1983,25602.35,25606.44,0.00
2025-12-01,15:53:00,25624.5,25642.5,25621,25633,2957,25602.40,25606.50,0.00
2025-12-01,15:54:00,25633,25645,25631.75,25644.25,1622,25602.44,25606.54,0.00
2025-12-01,15:55:00,25644.5,25648.75,25639,25639.5,2283,25602.50,25606.60,0.00
2025-12-01,15:56:00,25639.25,25643.5,25625.25,25627.5,2436,25602.54,25606.65,0.00
2025-12-01,15:57:00,25627.5,25636,25626,25630.75,1827,25602.57,25606.68,0.00
2025-12-01,15:58:00,25630.75,25639.75,25628.25,25633,1537,25602.60,25606.71,0.00
2025-12-01,15:59:00,25632.5,25638.5,25629.25,25633.5,1220,25602.62,25606.73,0.00
2025-12-01,16:00:00,25633.25,25636.5,25622.5,25627.5,1693,25602.65,25606.76,0.00
2025-12-01,16:01:00,25627,25635.25,25619,25634.25,3295,25602.70,25606.82,0.00
2025-12-01,16:02:00,25635,25636.25,25624.25,25634.5,1904,25602.74,25606.85,0.00
2025-12-01,16:03:00,25634,25637.75,25621.75,25627.75,1752,25602.76,25606.88,0.00
2025-12-01,16:04:00,25627.25,25637.5,25624.5,25636.5,1614,25602.79,25606.91,0.00
2025-12-01,16:05:00,25636.5,25643.25,25634,25636.25,2146,25602.84,25606.96,0.00
2025-12-01,16:06:00,25636,25647.5,25634.5,25637.5,2638,25602.90,25607.02,0.00
2025-12-01,16:07:00,25637.5,25644.75,25632.75,25635.5,1804,25602.93,25607.06,0.00
2025-12-01,16:08:00,25636,25643.75,25632,25642.5,1754,25602.97,25607.11,0.00
2025-12-01,16:09:00,25642.75,25648.5,25638.75,25644.5,1628,25603.01,25607.15,0.00
2025-12-01,16:10:00,25644,25648,25641.25,25645.25,1259,25603.04,25607.18,0.00
2025-12-01,16:11:00,25645.25,25663,25645.25,25661,3760,25603.16,25607.32,0.00
2025-12-01,16:12:00,25661,25666.25,25657,25660.75,2381,25603.25,25607.41,0.00
2025-12-01,16:13:00,25660.75,25667,25659.25,25664,1677,25603.31,25607.48,0.00
2025-12-01,16:14:00,25663.75,25664.25,25655.75,25655.75,1751,25603.36,25607.55,0.00
2025-12-01,16:15:00,25655.5,25665.5,25654.5,25663.25,1686,25603.42,25607.61,0.00
2025-12-01,16:16:00,25663.75,25665.25,25653.5,25665,1956,25603.49,25607.69,0.00
2025-12-01,16:17:00,25665,25665.75,25659.25,25660.5,1093,25603.53,25607.73,0.00
2025-12-01,16:18:00,25661.5,25661.5,25645.25,25646,2879,25603.61,25607.82,0.00
2025-12-01,16:19:00,25646,25653,25642.25,25643,2136,25603.66,25607.88,0.00
2025-12-01,16:20:00,25643.25,25650,25637.25,25647.25,2888,25603.73,25607.96,0.00
2025-12-01,16:21:00,25647,25656,25644.75,25654.75,1926,25603.78,25608.02,0.00
2025-12-01,16:22:00,25654.5,25655.75,25648.5,25651,1419,25603.82,25608.06,0.00
2025-12-01,16:23:00,25651.75,25654,25642.25,25643,1625,25603.86,25608.11,0.00
2025-12-01,16:24:00,25642.5,25651.5,25640.25,25649.75,1647,25603.91,25608.15,0.00
2025-12-01,16:25:00,25650,25654.75,25645.25,25646.75,1012,25603.93,25608.18,0.00
2025-12-01,16:26:00,25646.75,25652.5,25643,25647,1329,25603.97,25608.22,0.00
2025-12-01,16:27:00,25647.25,25657.75,25646.25,25650.75,1367,25604.00,25608.26,0.00
2025-12-01,16:28:00,25651.25,25651.75,25646,25647,958,25604.03,25608.29,0.00
2025-12-01,16:29:00,25646.5,25652,25642.75,25651.25,1307,25604.06,25608.33,0.00
2025-12-01,16:30:00,25652,25655.75,25648.75,25654.5,1172,25604.10,25608.36,0.00
2025-12-01,16:31:00,25654.75,25660.5,25650.75,25654,2265,25604.16,25608.44,0.00
2025-12-01,16:32:00,25653.5,25655.5,25644,25644.25,1851,25604.21,25608.49,0.00
2025-12-01,16:33:00,25644.25,25648.75,25641.75,25644.5,1303,25604.24,25608.52,0.00
2025-12-01,16:34:00,25645,25649.75,25642.25,25643.75,1148,25604.27,25608.55,0.00
2025-12-01,16:35:00,25643.5,25649.5,25639.5,25649.5,1708,25604.31,25608.60,0.00
2025-12-01,16:36:00,25649.25,25657.5,25649.25,25656.5,2018,25604.37,25608.66,0.00
2025-12-01,16:37:00,25655.5,25660.25,25652,25659.25,1843,25604.43,25608.73,0.00
2025-12-01,16:38:00,25659,25663,25654.25,25656,1262,25604.47,25608.77,0.00
2025-12-01,16:39:00,25656,25667.5,25655.5,25664.75,1691,25604.52,25608.83,0.00
2025-12-01,16:40:00,25664.75,25672,25662.75,25669.5,3028,25604.63,25608.96,0.00
2025-12-01,16:41:00,25670.25,25671.75,25657.75,25658.25,2090,25604.70,25609.04,0.00
2025-12-01,16:42:00,25658.75,25665.25,25653.25,25661.5,2387,25604.78,25609.12,0.00
2025-12-01,16:43:00,25661.5,25666.75,25659,25666.5,1231,25604.82,25609.17,0.00
2025-12-01,16:44:00,25666.5,25672,25666,25671.25,1745,25604.89,25609.25,0.00
2025-12-01,16:45:00,25671.25,25673.5,25668.5,25671,1822,25604.96,25609.32,0.00
2025-12-01,16:46:00,25671.5,25674.5,25662.75,25662.75,2657,25605.05,25609.43,0.00
2025-12-01,16:47:00,25663.5,25664.75,25649.5,25650.25,2661,25605.13,25609.51,0.00
2025-12-01,16:48:00,25650.25,25662.5,25647.75,25661.75,2318,25605.20,25609.59,0.00
2025-12-01,16:49:00,25661.75,25664.5,25658.25,25658.75,1308,25605.24,25609.64,0.00
2025-12-01,16:50:00,25658.5,25664,25655,25658.25,1556,25605.28,25609.69,0.00
2025-12-01,16:51:00,25658.25,25671.5,25658.25,25659.75,3536,25605.40,25609.82,0.00
2025-12-01,16:52:00,25659.75,25663,25646.5,25650.5,4135,25605.51,25609.95,0.00
2025-12-01,16:53:00,25651.25,25653.25,25638.75,25639.25,3214,25605.58,25610.02,0.00
2025-12-01,16:54:00,25639.25,25648.75,25636.5,25640.25,2954,25605.64,25610.08,0.00
2025-12-01,16:55:00,25640.5,25652.75,25637,25641.25,5172,25605.76,25610.20,0.00
2025-12-01,16:56:00,25641.5,25642.5,25619.75,25641.5,6652,25605.86,25610.31,0.00
2025-12-01,16:57:00,25642.25,25642.25,25620,25622.5,3283,25605.91,25610.35,0.00
2025-12-01,16:58:00,25622.75,25629.5,25618.5,25627.25,2838,25605.94,25610.38,0.00
2025-12-01,16:59:00,25627.5,25632.5,25622,25631.25,2809,25605.97,25610.42,0.00
2025-12-01,17:00:00,25630.75,25659.25,25624.75,25655.25,9626,25606.19,25610.65,0.00
2025-12-01,17:01:00,25655,25662,25644.5,25661,5061,25606.33,25610.80,0.00
2025-12-01,17:02:00,25661.5,25662.5,25653.5,25656.5,1865,25606.38,25610.86,0.00
2025-12-01,17:03:00,25656.75,25659,25652,25655,933,25606.41,25610.89,0.00
2025-12-01,17:04:00,25655,25662.75,25654.5,25658.25,907,25606.43,25610.92,0.00
2025-12-01,17:05:00,25658.5,25659.75,25656,25657,476,25606.45,25610.93,0.00
2025-12-01,17:06:00,25657,25665.25,25649.75,25650.5,1678,25606.49,25610.98,0.00
2025-12-01,17:07:00,25650.75,25656.75,25650.75,25652.5,848,25606.51,25611.01,0.00
2025-12-01,17:08:00,25652.5,25654.5,25647,25647.75,987,25606.54,25611.03,0.00
2025-12-01,17:09:00,25647.5,25650,25641.75,25642.75,997,25606.56,25611.05,0.00
2025-12-01,17:10:00,25642.75,25644.25,25638,25642.5,818,25606.57,25611.07,0.00
2025-12-01,17:11:00,25642.5,25647.25,25642.5,25646.5,782,25606.59,25611.09,0.00
2025-12-01,17:12:00,25647.25,25648.25,25638.75,25639,483,25606.60,25611.10,0.00
2025-12-01,17:13:00,25639.25,25643,25636.5,25642.25,555,25606.61,25611.11,0.00
2025-12-01,17:14:00,25643,25649.25,25642.75,25644.75,810,25606.63,25611.13,0.00
2025-12-01,17:15:00,25644.25,25645.75,25641.5,25642.5,581,25606.64,25611.14,0.00
2025-12-01,17:16:00,25642.5,25646,25641.25,25645.5,498,25606.65,25611.15,0.00
2025-12-01,17:17:00,25644.5,25648,25644,25647.25,294,25606.66,25611.16,0.00
2025-12-01,17:18:00,25646.5,25648.75,25646.25,25647,231,25606.66,25611.16,0.00
2025-12-01,17:19:00,25647,25648.5,25646.5,25648.25,204,25606.67,25611.17,0.00
2025-12-01,17:20:00,25648.25,25652.75,25647.75,25648.75,451,25606.68,25611.18,0.00
2025-12-01,17:21:00,25648.5,25651.25,25646.5,25650.75,301,25606.68,25611.19,0.00
2025-12-01,17:22:00,25650.25,25653.75,25647.75,25652.75,325,25606.69,25611.20,0.00
2025-12-01,17:23:00,25652.5,25655.75,25651,25655,450,25606.70,25611.21,0.00
2025-12-01,17:24:00,25655.5,25657.75,25653,25653.5,434,25606.72,25611.22,0.00
2025-12-01,17:25:00,25653.5,25655.5,25652.25,25654.5,291,25606.72,25611.23,0.00
2025-12-01,17:26:00,25654.75,25658,25652.25,25652.25,383,25606.73,25611.24,0.00
2025-12-01,17:27:00,25652,25654.25,25648.25,25650,506,25606.75,25611.25,0.00
2025-12-01,17:28:00,25650,25654,25649.5,25653.25,173,25606.75,25611.26,0.00
2025-12-01,17:29:00,25653.25,25654,25650.5,25651,188,25606.75,25611.26,0.00
2025-12-01,17:30:00,25651,25653.25,25650.75,25652,131,25606.76,25611.27,0.00
2025-12-01,17:31:00,25652.25,25653.5,25645.75,25647.25,412,25606.77,25611.28,0.00
2025-12-01,17:32:00,25647.25,25648.5,25645.25,25647.25,174,25606.77,25611.28,0.00
2025-12-01,17:33:00,25647.5,25649.5,25646.5,25648.75,150,25606.77,25611.29,0.00
2025-12-01,17:34:00,25649,25650.5,25648.5,25649,118,25606.78,25611.29,0.00
2025-12-01,17:35:00,25649.25,25651,25647,25650.75,248,25606.78,25611.29,0.00
2025-12-01,17:36:00,25650.25,25651.5,25649,25649,185,25606.79,25611.30,0.00
2025-12-01,17:37:00,25649.5,25652.5,25649.25,25651.75,322,25606.79,25611.31,0.00
2025-12-01,17:38:00,25651.25,25651.75,25648.5,25649.25,163,25606.80,25611.31,0.00
2025-12-01,17:39:00,25649.5,25652.75,25648.25,25649.5,276,25606.81,25611.32,0.00
2025-12-01,17:40:00,25649.5,25653.5,25647.75,25652,396,25606.82,25611.33,0.00
2025-12-01,17:41:00,25652,25654.5,25651.75,25653.25,188,25606.82,25611.33,0.00
2025-12-01,17:42:00,25653.25,25654.75,25652.25,25653.25,173,25606.82,25611.34,0.00
2025-12-01,17:43:00,25653.5,25655.5,25652.75,25653.25,215,25606.83,25611.35,0.00
2025-12-01,17:44:00,25653.25,25653.5,25651.75,25652.5,139,25606.83,25611.35,0.00
2025-12-01,17:45:00,25652,25654.5,25651,25653.5,325,25606.84,25611.36,0.00
2025-12-01,17:46:00,25653.25,25656.75,25652.5,25654,413,25606.85,25611.37,0.00
2025-12-01,17:47:00,25653.75,25655,25653.5,25653.75,123,25606.86,25611.37,0.00
2025-12-01,17:48:00,25653.75,25654.5,25652,25653,277,25606.86,25611.38,0.00
2025-12-01,17:49:00,25652.75,25655.25,25652.25,25654.5,198,25606.87,25611.39,0.00
2025-12-01,17:50:00,25654.75,25657.25,25654.75,25656,147,25606.87,25611.39,0.00
2025-12-01,17:51:00,25656.25,25659,25655.75,25658,281,25606.88,25611.40,0.00
2025-12-01,17:52:00,25658,25658,25655.5,25656.75,126,25606.88,25611.40,0.00
2025-12-01,17:53:00,25657,25658.25,25654,25654.75,140,25606.89,25611.41,0.00
2025-12-01,17:54:00,25655,25655.5,25653.5,25655.25,106,25606.89,25611.41,0.00
2025-12-01,17:55:00,25656,25658.75,25656,25658.5,86,25606.89,25611.41,0.00
2025-12-01,17:56:00,25659,25660.75,25657.75,25657.75,185,25606.90,25611.42,0.00
2025-12-01,17:57:00,25658,25658.75,25655.25,25655.25,103,25606.90,25611.42,0.00
2025-12-01,17:58:00,25655.75,25656,25654.25,25654.5,87,25606.90,25611.42,0.00
2025-12-01,17:59:00,25655,25655.25,25652.25,25653.25,90,25606.90,25611.43,0.00
2025-12-01,18:00:00,25653,25655.25,25652,25653.5,406,25606.91,25611.44,0.00
2025-12-01,19:01:00,25676,25676,25661.25,25671.5,1375,25669.58,25669.58,0.00
2025-12-01,19:02:00,25670.75,25672.75,25658.5,25664.75,1184,25667.62,25665.33,0.00
2025-12-01,19:03:00,25665,25675.5,25662.25,25673.5,760,25668.26,25667.32,0.00
2025-12-01,19:04:00,25674.75,25676.25,25670.25,25671.25,502,25672.58,25668.40,0.00
2025-12-01,19:05:00,25671.25,25673.75,25664.25,25664.25,627,25669.71,25668.20,0.00
2025-12-01,19:06:00,25664,25666.5,25656.25,25661.5,685,25666.58,25661.42,0.00
2025-12-01,19:07:00,25661.5,25664.25,25658.25,25660.75,559,25665.29,25661.27,0.00
2025-12-01,19:08:00,25661.25,25663.75,25653.75,25654,414,25664.08,25657.17,0.00
2025-12-01,19:09:00,25653.75,25654,25645.75,25647.25,597,25661.42,25649.00,0.00
2025-12-01,19:10:00,25647.25,25648.75,25633.25,25638,1265,25655.59,25640.00,0.00
2025-12-01,19:11:00,25638,25639,25632,25638.25,665,25653.19,25636.42,0.00
2025-12-01,19:12:00,25638.5,25640.5,25634.75,25636.75,483,25651.87,25636.80,0.00
2025-12-01,19:13:00,25636.25,25640,25635,25637,313,25651.13,25636.92,0.00
2025-12-01,19:14:00,25637,25637,25632.5,25635.25,301,25650.36,25636.57,0.00
2025-12-01,19:15:00,25635.25,25641.25,25633.25,25639.75,338,25649.75,25636.82,0.00
2025-12-01,19:16:00,25640,25645.75,25639,25644.75,465,25649.33,25637.97,0.00
2025-12-01,19:17:00,25644.75,25647.25,25642.5,25645,398,25649.09,25638.90,0.00
2025-12-01,19:18:00,25645.75,25648.75,25644.75,25646.25,317,25648.99,25639.64,0.00
2025-12-01,19:19:00,25645.25,25647.75,25643.75,25646.25,296,25648.88,25640.16,0.00
2025-12-01,19:20:00,25646.25,25650.75,25644.25,25650.25,430,25648.86,25641.05,0.00
2025-12-01,19:21:00,25650.25,25658,25649.75,25654.25,820,25649.31,25643.25,0.00
2025-12-01,19:22:00,25654,25659.75,25653.75,25657.25,547,25649.72,25644.64,0.00
2025-12-01,19:23:00,25657,25659.25,25653.25,25659,267,25649.91,25645.23,0.00
2025-12-01,19:24:00,25659,25670.5,25657.75,25668.25,992,25651.28,25648.27,0.00
2025-12-01,19:25:00,25668.5,25670,25666.5,25668.5,342,25651.79,25649.25,0.00
2025-12-01,19:26:00,25668.25,25673.25,25667.5,25672.5,536,25652.64,25650.81,0.00
2025-12-01,19:27:00,25672.75,25672.75,25665,25667.25,616,25653.39,25652.14,0.00
2025-12-01,19:28:00,25667.25,25670.25,25662.5,25665.5,493,25653.87,25652.93,0.00
2025-12-01,19:29:00,25666.25,25669.25,25664.75,25668.75,210,25654.08,25653.28,0.00
2025-12-01,19:30:00,25668.75,25672.5,25667.25,25667.75,266,25654.37,25653.75,0.00
2025-12-01,19:31:00,25668.5,25671.75,25666.75,25670.75,309,25654.71,25654.27,0.00
2025-12-01,19:32:00,25671,25671,25664.75,25668,350,25655.03,25654.76,0.00
2025-12-01,19:33:00,25667.5,25670.75,25667,25668.5,243,25655.26,25655.10,0.00
2025-12-01,19:34:00,25668.5,25674.25,25667.5,25671,412,25655.69,25655.73,0.00
2025-12-01,19:35:00,25670,25671.75,25666.5,25671,265,25655.93,25656.08,0.00
2025-12-01,19:36:00,25670.25,25675.25,25669.5,25674,391,25656.35,25656.67,0.00
2025-12-01,19:37:00,25674.25,25679.25,25671,25674.75,645,25675.00,25657.68,0.00
2025-12-01,19:38:00,25674.25,25674.25,25669.5,25672.25,266,25674.12,25658.00,0.00
2025-12-01,19:39:00,25672,25675.5,25669.75,25672.75,223,25673.84,25658.27,0.00
2025-12-01,19:40:00,25672.25,25674,25671.25,25672,187,25673.64,25658.48,0.00
2025-12-01,19:41:00,25672,25672.25,25665.75,25667.5,560,25672.11,25658.91,0.00
2025-12-01,19:42:00,25667.75,25671.75,25665.5,25667.25,268,25671.62,25659.10,0.00
2025-12-01,19:43:00,25667.25,25668.5,25661,25663.75,661,25669.92,25659.36,0.00
2025-12-01,19:44:00,25664,25667.5,25663.5,25666,251,25669.57,25659.47,0.00
2025-12-01,19:45:00,25666.75,25669,25661.75,25662.5,363,25669.03,25659.59,0.00
2025-12-01,19:46:00,25662.5,25663.5,25659.25,25661.25,327,25668.36,25659.63,0.00
2025-12-01,19:47:00,25661,25669,25660.75,25665.5,434,25668.02,25659.78,0.00
2025-12-01,19:48:00,25664.5,25668.5,25661.75,25666.25,155,25667.93,25659.84,0.00
2025-12-01,19:49:00,25666.75,25666.75,25659.25,25659.75,312,25667.52,25659.88,0.00
2025-12-01,19:50:00,25659.75,25661.5,25654.25,25659.5,581,25666.51,25659.83,0.00
2025-12-01,19:51:00,25658.75,25660.5,25657.25,25659.25,190,25666.25,25659.82,0.00
2025-12-01,19:52:00,25659,25663.25,25659,25662.25,227,25666.06,25659.84,0.00
2025-12-01,19:53:00,25662.25,25664.25,25659.75,25662.5,192,25665.93,25659.87,0.00
2025-12-01,19:54:00,25661.75,25663,25659.25,25661.25,162,25665.80,25659.88,0.00
2025-12-01,19:55:00,25660.75,25662.75,25658.75,25661.5,187,25665.66,25659.90,0.00
2025-12-01,19:56:00,25659.5,25660.25,25654.25,25655,268,25665.28,25659.84,0.00
2025-12-01,19:57:00,25654.5,25655.25,25650.5,25651.75,668,25664.08,25659.57,0.00
2025-12-01,19:58:00,25651.25,25656.5,25648.75,25655.25,360,25663.57,25659.46,0.00
2025-12-01,19:59:00,25654.5,25656.25,25651.75,25655.5,264,25663.26,25659.39,0.00
2025-12-01,20:00:00,25655.75,25655.75,25651.75,25652.25,187,25663.03,25659.33,0.00
2025-12-01,20:01:00,25651.75,25653,25643.5,25644,727,25661.67,25658.87,0.00
2025-12-01,20:02:00,25644.5,25652,25637.25,25649,1225,25659.74,25658.12,0.00
2025-12-01,20:03:00,25649,25650.25,25641.5,25645,515,25659.04,25657.82,0.00
2025-12-01,20:04:00,25645,25645.75,25641,25642,305,25658.58,25657.61,0.00
2025-12-01,20:05:00,25641.25,25644.25,25640.5,25643.5,270,25658.19,25657.43,0.00
2025-12-01,20:06:00,25643.75,25646.75,25642.75,25644.5,326,25657.80,25657.24,0.00
2025-12-01,20:07:00,25645,25654.25,25645,25650,676,25657.34,25657.02,0.00
2025-12-01,20:08:00,25650,25659,25649.75,25654.75,622,25657.20,25656.96,0.00
2025-12-01,20:09:00,25654.5,25654.75,25650,25654,363,25657.08,25656.89,0.00
2025-12-01,20:10:00,25654.5,25656.25,25651.25,25656.25,341,25657.02,25656.86,0.00
2025-12-01,20:11:00,25655,25661.5,25655,25659,482,25657.07,25656.89,0.00
2025-12-01,20:12:00,25658.5,25663.25,25657.25,25661,451,25657.18,25656.96,0.00
2025-12-01,20:13:00,25661.75,25662.25,25657,25657.75,303,25657.22,25656.98,0.00
2025-12-01,20:14:00,25658,25660,25653.75,25659,291,25657.23,25656.99,0.00
2025-12-01,20:15:00,25658.75,25662.75,25654.25,25656.75,276,25657.24,25657.00,0.00
2025-12-01,20:16:00,25656,25662.75,25655.75,25660.25,277,25657.28,25657.03,0.00
2025-12-01,20:17:00,25659.75,25661.75,25658.25,25659,147,25657.30,25657.04,0.00
2025-12-01,20:18:00,25659.25,25659.25,25653.5,25657.5,221,25657.29,25657.04,0.00
2025-12-01,20:19:00,25657.75,25660.75,25656.25,25657.75,203,25657.31,25657.05,0.00
2025-12-01,20:20:00,25657.25,25660,25657,25659.5,116,25657.32,25657.05,0.00
2025-12-01,20:21:00,25658.25,25659,25654,25656.75,214,25657.31,25657.05,0.00
2025-12-01,20:22:00,25655,25656.75,25654.25,25655.5,168,25657.29,25657.04,0.00
2025-12-01,20:23:00,25655,25657.25,25650.5,25656.5,313,25657.24,25657.02,0.00
2025-12-01,20:24:00,25655.75,25656.75,25650,25650,195,25657.19,25656.98,0.00
2025-12-01,20:25:00,25650.75,25651.75,25648.25,25650.25,331,25657.05,25656.90,0.00
2025-12-01,20:26:00,25650,25652.25,25647,25652.25,235,25656.96,25656.85,0.00
2025-12-01,20:27:00,25652.25,25653.25,25650,25652.5,177,25656.91,25656.82,0.00
2025-12-01,20:28:00,25652.5,25653.25,25650,25651,89,25656.88,25656.80,0.00
2025-12-01,20:29:00,25650.75,25655,25647.75,25651.5,326,25656.79,25656.74,0.00
2025-12-01,20:30:00,25651.5,25656,25650.75,25655.75,179,25656.76,25656.73,0.00
2025-12-01,20:31:00,25655.5,25660.5,25655.5,25657.75,467,25656.79,25656.75,0.00
2025-12-01,20:32:00,25657.5,25657.75,25654.25,25657,193,25656.78,25656.74,0.00
2025-12-01,20:33:00,25656.25,25661.25,25655.5,25660,178,25656.80,25656.76,0.00
2025-12-01,20:34:00,25660,25667.75,25659.25,25667.75,697,25657.09,25656.94,0.00
2025-12-01,20:35:00,25667.25,25669.25,25666,25667.25,391,25657.29,25657.07,0.00
2025-12-01,20:36:00,25667.25,25670.25,25666.75,25669,374,25657.50,25657.21,0.00
2025-12-01,20:37:00,25669.75,25671.5,25667.5,25670.5,270,25657.66,25657.32,0.00
2025-12-01,20:38:00,25670.75,25672,25666.25,25669,460,25657.90,25657.48,0.00
2025-12-01,20:39:00,25668.5,25668.75,25663.75,25666,379,25658.05,25657.58,0.00
2025-12-01,20:40:00,25666.5,25666.75,25664.25,25665.75,129,25658.09,25657.61,0.00
2025-12-01,20:41:00,25665.5,25666.25,25662.5,25663,380,25658.19,25657.69,0.00
2025-12-01,20:42:00,25663,25666.5,25660.25,25665.5,334,25658.28,25657.75,0.00
2025-12-01,20:43:00,25665.75,25666.5,25664.25,25665.25,166,25658.33,25657.79,0.00
2025-12-01,20:44:00,25664.25,25665.75,25664,25665,69,25658.35,25657.80,0.00
2025-12-01,20:45:00,25664.75,25665.25,25661,25664.25,286,25658.41,25657.85,0.00
2025-12-01,20:46:00,25664.25,25665,25662.25,25662.75,227,25658.46,25657.89,0.00
2025-12-01,20:47:00,25662.5,25665,25661,25663.75,243,25658.51,25657.92,0.00
2025-12-01,20:48:00,25662.75,25662.75,25658.5,25660,379,25658.54,25657.95,0.00
2025-12-01,20:49:00,25660.25,25664,25657.5,25663.5,424,25658.60,25657.99,0.00
2025-12-01,20:50:00,25663.25,25665,25661.75,25662,245,25658.64,25658.03,0.00
2025-12-01,20:51:00,25662.25,25663.75,25659.75,25660.25,205,25658.66,25658.05,0.00
2025-12-01,20:52:00,25660,25663.5,25660,25661.75,117,25658.67,25658.06,0.00
2025-12-01,20:53:00,25661.5,25663,25658.5,25659.75,278,25658.69,25658.08,0.00
2025-12-01,20:54:00,25659.25,25662,25659,25660.25,91,25658.70,25658.08,0.00
2025-12-01,20:55:00,25660.25,25661,25658.75,25659,84,25658.70,25658.09,0.00
2025-12-01,20:56:00,25659.25,25661.75,25658,25661.75,200,25658.72,25658.10,0.00
2025-12-01,20:57:00,25661.75,25663.75,25661,25662.75,160,25658.74,25658.12,0.00
2025-12-01,20:58:00,25662.5,25664.5,25661.5,25664.5,142,25658.77,25658.14,0.00
2025-12-01,20:59:00,25664.5,25664.75,25661,25661.75,168,25658.79,25658.16,0.00
2025-12-01,21:00:00,25661.75,25664,25659.25,25662,256,25658.82,25658.18,0.00
2025-12-01,21:01:00,25661.75,25661.75,25654.5,25657,599,25658.80,25658.18,0.00
2025-12-01,21:02:00,25656.5,25663,25656.25,25661.25,237,25658.81,25658.19,0.00
2025-12-01,21:03:00,25661.25,25661.5,25653,25656.5,427,25658.78,25658.18,0.00
2025-12-01,21:04:00,25657.5,25662.25,25657.5,25660.75,205,25658.79,25658.19,0.00
2025-12-01,21:05:00,25661.25,25666,25661,25663.75,421,25658.86,25658.24,0.00
2025-12-01,21:06:00,25664.25,25669.5,25661,25669.5,581,25659.02,25658.37,0.00
2025-12-01,21:07:00,25668.5,25697,25668.25,25695,2540,25686.75,25660.07,0.00
2025-12-01,21:08:00,25696,25696.75,25683.75,25685.25,1109,25687.31,25660.80,0.00
2025-12-01,21:09:00,25685.75,25685.75,25676.25,25681,798,25686.18,25661.16,0.00
2025-12-01,21:10:00,25680.75,25687.25,25677.25,25687,529,25685.93,25661.43,0.00
2025-12-01,21:11:00,25686.5,25691.25,25682.75,25688.25,921,25686.16,25661.95,0.00
2025-12-01,21:12:00,25688.25,25693.5,25686,25688.5,551,25686.43,25662.28,0.00
2025-12-01,21:13:00,25688.75,25693.25,25687,25688,420,25686.61,25662.52,0.00
2025-12-01,21:14:00,25688,25690,25682,25685.75,453,25686.57,25662.75,0.00
2025-12-01,21:15:00,25687,25690.25,25685,25688,333,25686.62,25662.92,0.00
2025-12-01,21:16:00,25688.5,25690.5,25684.75,25687.75,367,25686.67,25663.11,0.00
2025-12-01,21:17:00,25687.75,25695.25,25687.75,25695,594,25687.08,25663.47,0.00
2025-12-01,21:18:00,25695,25698,25691.5,25693.75,478,25694.42,25663.78,0.00
2025-12-01,21:19:00,25693.25,25694.75,25690.75,25691.75,250,25693.73,25663.92,0.00
2025-12-01,21:20:00,25691.5,25691.5,25685.5,25688.5,441,25691.76,25664.14,0.00
2025-12-01,21:21:00,25688.25,25694,25683.75,25692,426,25691.27,25664.36,0.00
2025-12-01,21:22:00,25691.5,25694.25,25688.5,25689.25,237,25691.19,25664.48,0.00
2025-12-01,21:23:00,25689,25693,25687.75,25691.25,129,25691.15,25664.55,0.00
2025-12-01,21:24:00,25691.75,25693.25,25690,25692,197,25691.21,25664.66,0.00
2025-12-01,21:25:00,25692.25,25697.25,25691.75,25694.25,336,25691.64,25664.85,0.00
2025-12-01,21:26:00,25694.25,25695.25,25692.75,25693.75,221,25691.83,25664.98,0.00
2025-12-01,21:27:00,25693.5,25697.25,25692,25696.5,229,25692.09,25665.11,0.00
2025-12-01,21:28:00,25696.5,25699,25691.5,25691.75,371,25694.08,25665.32,0.00
2025-12-01,21:29:00,25691.5,25694,25690.25,25691,265,25693.11,25665.46,0.00
2025-12-01,21:30:00,25691,25693.25,25688.75,25690.75,218,25692.55,25665.56,0.00
2025-12-01,21:31:00,25690.5,25690.5,25673.75,25674.5,1237,25684.88,25665.89,0.00
2025-12-01,21:32:00,25674,25680.5,25671.75,25675,820,25682.31,25666.03,0.00
2025-12-01,21:33:00,25675.25,25681,25669.5,25678,727,25681.08,25666.17,0.00
2025-12-01,21:34:00,25678.25,25684,25677.25,25680.25,409,25681.02,25666.27,0.00
2025-12-01,21:35:00,25680.5,25680.5,25674.75,25676.25,281,25680.77,25666.33,0.00
2025-12-01,21:36:00,25676,25680.75,25670.5,25672.5,375,25680.28,25666.38,0.00
2025-12-01,21:37:00,25673,25677.25,25669.75,25673.75,353,25679.81,25666.43,0.00
2025-12-01,21:38:00,25674.75,25678.5,25673,25676.25,278,25679.61,25666.48,0.00
2025-12-01,21:39:00,25676.75,25678.5,25673.5,25676.5,220,25679.47,25666.51,0.00
2025-12-01,21:40:00,25676.5,25677.5,25674.25,25676.25,145,25679.38,25666.54,0.00
2025-12-01,21:41:00,25676,25677.75,25673.75,25676,180,25679.27,25666.57,0.00
2025-12-01,21:42:00,25675.25,25679.5,25674,25678.5,209,25679.21,25666.61,0.00
2025-12-01,21:43:00,25677.75,25677.75,25671.5,25673.25,300,25678.97,25666.65,0.00
2025-12-01,21:44:00,25672.75,25675.25,25670.5,25672.5,252,25678.74,25666.67,0.00
2025-12-01,21:45:00,25672.25,25675,25668.25,25670.75,408,25678.31,25666.70,0.00
2025-12-01,21:46:00,25671.25,25674.25,25667.25,25672.25,455,25677.88,25666.74,0.00
2025-12-01,21:47:00,25672.25,25676.5,25672.25,25674.25,245,25677.77,25666.77,0.00
2025-12-01,21:48:00,25674.25,25675,25671,25673.25,178,25677.66,25666.79,0.00
2025-12-01,21:49:00,25672.75,25673.5,25670.5,25672.75,114,25677.58,25666.80,0.00
2025-12-01,21:50:00,25672.25,25673.5,25668.5,25670.75,220,25677.41,25666.82,0.00
2025-12-01,21:51:00,25670.75,25673,25669.75,25670.75,137,25677.31,25666.83,0.00
2025-12-01,21:52:00,25670.5,25674.5,25670.5,25671,196,25677.18,25666.84,0.00
2025-12-01,21:53:00,25671.5,25674,25671,25672.75,174,25677.09,25666.86,0.00
2025-12-01,21:54:00,25672.75,25673.5,25669.25,25672,164,25676.99,25666.87,0.00
2025-12-01,21:55:00,25673.25,25676.25,25672,25674.5,243,25676.92,25666.90,0.00
2025-12-01,21:56:00,25674.25,25674.25,25670.25,25671.25,180,25676.82,25666.92,0.00
2025-12-01,21:57:00,25671.25,25672,25669.75,25670.5,178,25676.71,25666.93,0.00
2025-12-01,21:58:00,25670.75,25673.75,25668.25,25670.75,289,25676.54,25666.95,0.00
2025-12-01,21:59:00,25671,25671,25666,25667,264,25676.32,25666.95,0.00
2025-12-01,22:00:00,25666.5,25670.25,25665.75,25666.25,325,25676.04,25666.95,0.00
2025-12-01,22:01:00,25666.75,25667,25642.25,25655.5,3378,25670.86,25666.33,0.00
2025-12-01,22:02:00,25655.75,25657.5,25649.25,25655,485,25670.29,25666.24,0.00
2025-12-01,22:03:00,25654.25,25660.25,25650.25,25659.75,604,25669.74,25666.15,0.00
2025-12-01,22:04:00,25659.75,25664.25,25657.5,25663,605,25669.42,25666.11,0.00
2025-12-01,22:05:00,25663.75,25666,25659,25662.25,357,25669.26,25666.09,0.00
2025-12-01,22:06:00,25661.25,25662,25657.75,25660.5,252,25669.12,25666.07,0.00
2025-12-01,22:07:00,25660,25661.25,25652.25,25656.75,435,25668.79,25666.01,0.00
2025-12-01,22:08:00,25656.5,25656.5,25649,25655.25,413,25668.42,25665.93,0.00
2025-12-01,22:09:00,25654.75,25656.5,25652,25652.75,182,25668.27,25665.90,0.00
2025-12-01,22:10:00,25651.75,25651.75,25647.5,25649.25,488,25667.75,25665.78,0.00
2025-12-01,22:11:00,25648.75,25650.25,25645.5,25646.25,407,25667.28,25665.68,0.00
2025-12-01,22:12:00,25646.75,25650.75,25645.75,25648.5,360,25666.91,25665.59,0.00
2025-12-01,22:13:00,25648.25,25649,25644.75,25645.25,230,25666.66,25665.52,0.00
2025-12-01,22:14:00,25645.25,25648,25639.25,25641.75,636,25665.88,25665.32,0.00
2025-12-01,22:15:00,25641.25,25651.25,25640.25,25651,448,25665.46,25665.21,0.00
2025-12-01,22:16:00,25650.5,25656,25649.25,25652.25,557,25665.10,25665.11,0.00
2025-12-01,22:17:00,25652.25,25660.25,25651.25,25658.25,566,25664.87,25665.04,0.00
2025-12-01,22:18:00,25657.5,25660,25655.75,25656.5,356,25664.74,25665.01,0.00
2025-12-01,22:19:00,25657,25658.75,25654,25654,182,25664.67,25664.98,0.00
2025-12-01,22:20:00,25654,25656.5,25653.25,25654.25,183,25664.58,25664.96,0.00
2025-12-01,22:21:00,25654.75,25655.5,25651.25,25654.5,197,25664.48,25664.93,0.00
2025-12-01,22:22:00,25654.75,25658,25653.75,25657.25,146,25664.43,25664.91,0.00
2025-12-01,22:23:00,25657.25,25657.5,25653.5,25655.25,95,25664.39,25664.90,0.00
2025-12-01,22:24:00,25654.5,25655.5,25651.25,25652.75,163,25664.31,25664.87,0.00
2025-12-01,22:25:00,25653.5,25656.25,25652.75,25655.25,142,25664.25,25664.85,0.00
2025-12-01,22:26:00,25654.25,25657,25654.25,25655.75,104,25664.21,25664.84,0.00
2025-12-01,22:27:00,25656.5,25658.5,25655.5,25656,167,25664.15,25664.82,0.00
2025-12-01,22:28:00,25656,25657.25,25654.25,25655.75,98,25664.11,25664.81,0.00
2025-12-01,22:29:00,25655.25,25657.25,25653.5,25656,120,25664.07,25664.79,0.00
2025-12-01,22:30:00,25656.5,25656.75,25654.25,25654.25,92,25664.03,25664.78,0.00
2025-12-01,22:31:00,25654.25,25657,25650,25654.25,432,25663.84,25664.72,0.00
2025-12-01,22:32:00,25653.5,25656.75,25650.25,25653.75,318,25663.70,25664.67,0.00
2025-12-01,22:33:00,25654.25,25654.25,25648.25,25650.5,343,25663.52,25664.61,0.00
2025-12-01,22:34:00,25650.5,25653.75,25648,25650,276,25663.38,25664.56,0.00
2025-12-01,22:35:00,25650,25651.25,25648.25,25650,120,25663.31,25664.53,0.00
2025-12-01,22:36:00,25650,25653,25649.75,25652.75,147,25663.24,25664.51,0.00
2025-12-01,22:37:00,25652.25,25658.25,25652.25,25655.75,380,25663.12,25664.46,0.00
2025-12-01,22:38:00,25655.5,25660,25654.75,25659.75,227,25663.08,25664.44,0.00
2025-12-01,22:39:00,25659,25663.25,25658,25661.5,525,25663.03,25664.42,0.00
2025-12-01,22:40:00,25662,25664.75,25661.25,25662.25,254,25663.03,25664.41,0.00
2025-12-01,22:41:00,25662.75,25666,25662,25665.75,222,25663.04,25664.42,0.00
2025-12-01,22:42:00,25665.75,25672.25,25664,25671.75,732,25663.21,25664.46,0.00
2025-12-01,22:43:00,25671.75,25673,25669.25,25670.75,363,25663.32,25664.49,0.00
2025-12-01,22:44:00,25671,25672,25669.25,25671.25,233,25663.38,25664.51,0.00
2025-12-01,22:45:00,25671.5,25673.25,25669,25672.75,297,25663.47,25664.54,0.00
2025-12-01,22:46:00,25672.5,25676.25,25672,25674.75,389,25663.62,25664.59,0.00
2025-12-01,22:47:00,25674.25,25675,25672.25,25674.5,293,25663.73,25664.62,0.00
2025-12-01,22:48:00,25674.25,25676.25,25671.25,25672.25,352,25663.84,25664.66,0.00
2025-12-01,22:49:00,25672,25673.75,25670.25,25671.75,233,25663.91,25664.68,0.00
2025-12-01,22:50:00,25672.25,25675,25670.5,25673.75,202,25663.97,25664.70,0.00
2025-12-01,22:51:00,25674.5,25674.5,25672,25674,135,25664.01,25664.71,0.00
2025-12-01,22:52:00,25674.25,25676.25,25672.75,25675.75,241,25664.10,25664.74,0.00
2025-12-01,22:53:00,25676,25682,25673.25,25678.5,641,25664.40,25664.85,0.00
2025-12-01,22:54:00,25678.5,25680.25,25677.5,25678,312,25664.54,25664.90,0.00
2025-12-01,22:55:00,25677.75,25680,25677,25679.25,137,25664.61,25664.92,0.00
2025-12-01,22:56:00,25679.75,25682.75,25679.5,25681,267,25664.75,25664.98,0.00
2025-12-01,22:57:00,25681.5,25685.75,25680.25,25681.25,407,25664.98,25665.06,0.00
2025-12-01,22:58:00,25681.5,25681.75,25678.5,25678.5,168,25665.05,25665.09,0.00
2025-12-01,22:59:00,25678.5,25681.5,25677,25677.25,255,25665.16,25665.13,0.00
2025-12-01,23:00:00,25677.25,25678.75,25676.5,25677.75,208,25665.24,25665.16,0.00
2025-12-01,23:01:00,25677,25679,25675.25,25678.75,257,25665.34,25665.20,0.00
2025-12-01,23:02:00,25678.75,25680,25677.5,25678.5,179,25665.42,25665.23,0.00
2025-12-01,23:03:00,25678.25,25678.25,25672.25,25674,356,25665.52,25665.27,0.00
2025-12-01,23:04:00,25674.25,25679,25673.25,25677,296,25665.62,25665.31,0.00
2025-12-01,23:05:00,25677.5,25677.5,25674,25675.25,154,25665.66,25665.33,0.00
2025-12-01,23:06:00,25674.5,25675.5,25672.25,25674.25,177,25665.71,25665.35,0.00
2025-12-01,23:07:00,25674.5,25677.25,25672.75,25675.5,170,25665.76,25665.37,0.00
2025-12-01,23:08:00,25675.5,25675.5,25671.5,25673,246,25665.81,25665.39,0.00
2025-12-01,23:09:00,25673.5,25674.5,25671,25671,221,25665.85,25665.41,0.00
2025-12-01,23:10:00,25671.75,25672.25,25669.75,25672,298,25665.90,25665.43,0.00
2025-12-01,23:11:00,25671.5,25672.75,25669.25,25670,289,25665.94,25665.45,0.00
2025-12-01,23:12:00,25670.75,25671,25667.5,25667.75,177,25665.95,25665.45,0.00
2025-12-01,23:13:00,25667.75,25669.25,25666.25,25668,214,25665.97,25665.46,0.00
2025-12-01,23:14:00,25668,25668.5,25663,25663.75,378,25665.96,25665.46,0.00
2025-12-01,23:15:00,25663.75,25663.75,25661.25,25661.25,289,25665.92,25665.45,0.00
2025-12-01,23:16:00,25661.5,25661.5,25655.25,25655.5,392,25665.83,25665.41,0.00
2025-12-01,23:17:00,25655.5,25655.5,25648,25649.25,855,25665.49,25665.27,0.00
2025-12-01,23:18:00,25649,25650,25644.75,25647.5,728,25665.14,25665.12,0.00
2025-12-01,23:19:00,25647.5,25651.75,25644.25,25651,453,25664.95,25665.04,0.00
2025-12-01,23:20:00,25651.25,25655.25,25650.75,25652.5,477,25664.80,25664.98,0.00
2025-12-01,23:21:00,25651.75,25655,25649.25,25654.5,258,25664.72,25664.94,0.00
2025-12-01,23:22:00,25653.25,25653.25,25646.25,25648.5,339,25664.58,25664.88,0.00
2025-12-01,23:23:00,25647.25,25647.25,25643.25,25643.75,573,25664.30,25664.76,0.00
2025-12-01,23:24:00,25643.5,25645.25,25641.5,25643,312,25664.13,25664.68,0.00
2025-12-01,23:25:00,25642.5,25644.5,25635.5,25636.75,758,25663.67,25664.47,0.00
2025-12-01,23:26:00,25638,25638,25623.75,25628.75,1886,25662.19,25630.17,0.00
2025-12-01,23:27:00,25628.25,25629.25,25625.25,25625.75,524,25661.76,25629.42,0.00
2025-12-01,23:28:00,25625.5,25625.75,25620.75,25622,858,25661.00,25622.83,0.00
2025-12-01,23:29:00,25621,25626,25619,25625.5,770,25660.35,25623.50,0.00
2025-12-01,23:30:00,25625.75,25628.5,25622.75,25626.25,434,25660.02,25624.34,0.00
2025-12-01,23:31:00,25625.75,25626.75,25613.25,25615.25,1175,25658.97,25618.42,0.00
2025-12-01,23:32:00,25615.25,25616.25,25601.5,25607.25,1893,25656.99,25608.33,0.00
2025-12-01,23:33:00,25606.75,25613,25605.75,25609.25,729,25656.28,25608.61,0.00
2025-12-01,23:34:00,25609,25614,25605.5,25613.75,514,25655.81,25609.02,0.00
2025-12-01,23:35:00,25613.75,25616.75,25608.25,25615.75,603,25655.31,25609.75,0.00
2025-12-01,23:36:00,25615,25619,25609.25,25611.5,679,25654.74,25610.29,0.00
2025-12-01,23:37:00,25611.5,25612.75,25606.5,25606.75,425,25654.36,25610.15,0.00
2025-12-01,23:38:00,25606.75,25610.5,25603,25609.5,675,25653.76,25609.84,0.00
2025-12-01,23:39:00,25609.25,25621,25609,25615.5,924,25653.08,25610.61,0.00
2025-12-01,23:40:00,25614.75,25617,25611,25613,343,25652.83,25610.76,0.00
2025-12-01,23:41:00,25613.25,25615.75,25611.5,25615.75,326,25652.59,25610.93,0.00
2025-12-01,23:42:00,25615.75,25621.5,25615.25,25620.25,612,25652.21,25611.57,0.00
2025-12-01,23:43:00,25621,25628,25621,25626.25,653,25651.89,25612.62,0.00
2025-12-01,23:44:00,25626.5,25633.75,25626,25632.5,899,25651.55,25614.38,0.00
2025-12-01,23:45:00,25632.25,25635.25,25631,25634.5,468,25651.40,25615.30,0.00
2025-12-01,23:46:00,25634.75,25635.25,25624,25625.25,741,25651.10,25616.21,0.00
2025-12-01,23:47:00,25626,25630.75,25624.25,25628.25,548,25650.88,25616.78,0.00
2025-12-01,23:48:00,25628.75,25635.5,25628.25,25634.75,472,25650.73,25617.44,0.00
2025-12-01,23:49:00,25635,25637,25632.75,25635,415,25650.62,25618.05,0.00
2025-12-01,23:50:00,25634.75,25635.25,25630.25,25632.75,333,25650.52,25618.45,0.00
2025-12-01,23:51:00,25633.25,25636,25632,25632.25,146,25650.47,25618.63,0.00
2025-12-01,23:52:00,25631.5,25635.25,25629.5,25634.75,336,25650.37,25619.01,0.00
2025-12-01,23:53:00,25634.25,25639.25,25634,25639.25,453,25650.28,25619.64,0.00
2025-12-01,23:54:00,25639.5,25643.25,25637.25,25643.25,630,25650.18,25620.63,0.00
2025-12-01,23:55:00,25643.25,25647.25,25640.25,25646,521,25650.13,25621.50,0.00
2025-12-01,23:56:00,25646,25652.75,25645.75,25652.25,766,25650.14,25622.95,0.00
2025-12-01,23:57:00,25653,25659.5,25653,25659,868,25650.23,25624.81,0.00
2025-12-01,23:58:00,25659.5,25660.5,25650.25,25651.75,643,25650.27,25625.95,0.00
2025-12-01,23:59:00,25651.75,25652.5,25642.75,25642.75,941,25650.21,25627.02,0.00
2025-12-01,00:00:00,25516.25,25516.5,25510.75,25513,306,25602.97,25510.33,0.00
2025-12-01,00:01:00,25512.25,25513.75,25509.25,25510,410,25602.83,25510.35,0.00
2025-12-01,00:02:00,25510,25514.75,25509.5,25514.25,268,25602.74,25510.40,0.00
2025-12-01,00:03:00,25514.25,25517,25512,25514.5,339,25602.62,25510.50,0.00
2025-12-01,00:04:00,25514.75,25517.75,25514,25514.25,267,25602.53,25510.60,0.00
2025-12-01,00:05:00,25515,25519.25,25510.75,25511.5,492,25602.36,25510.71,0.00
2025-12-01,00:06:00,25512.25,25516.75,25505.5,25508,621,25602.14,25510.69,0.00
2025-12-01,00:07:00,25507.75,25508.75,25503.25,25507,584,25601.93,25510.52,0.00
2025-12-01,00:08:00,25507.75,25516.75,25507,25515.5,498,25601.76,25510.60,0.00
2025-12-01,00:09:00,25516,25517.5,25509.75,25514.75,381,25601.64,25510.68,0.00
2025-12-01,00:10:00,25514.5,25516.25,25508.5,25508.5,248,25601.55,25510.69,0.00
2025-12-01,00:11:00,25508.25,25508.75,25505,25507.5,388,25601.41,25510.60,0.00
2025-12-01,00:12:00,25507.75,25509.75,25505.75,25506.25,321,25601.30,25510.54,0.00
2025-12-01,00:13:00,25506.5,25509,25503.25,25508,271,25601.20,25510.48,0.00
2025-12-01,00:14:00,25509,25512.75,25507,25507.5,517,25601.02,25510.44,0.00
2025-12-01,00:15:00,25507.25,25507.25,25500.75,25503,536,25600.82,25510.24,0.00
2025-12-01,00:16:00,25503,25504.25,25500.5,25501.75,268,25600.72,25510.13,0.00
2025-12-01,00:17:00,25502.5,25507.75,25502.25,25504,318,25600.61,25510.03,0.00
2025-12-01,00:18:00,25504.5,25510.75,25503.25,25508.75,286,25600.51,25510.00,0.00
2025-12-01,00:19:00,25509.25,25511.25,25506.25,25507.75,278,25600.41,25509.98,0.00
2025-12-01,00:20:00,25507.5,25511.75,25506.75,25506.75,218,25600.34,25509.96,0.00
2025-12-01,00:21:00,25506.25,25507.5,25502.5,25504.25,291,25600.23,25509.88,0.00
2025-12-01,00:22:00,25504.25,25506.5,25500.75,25502,230,25600.15,25509.81,0.00
2025-12-01,00:23:00,25502.25,25506.25,25501,25502.25,250,25600.06,25509.72,0.00
2025-12-01,00:24:00,25502.25,25504.75,25500.75,25502,238,25599.97,25509.64,0.00
2025-12-01,00:25:00,25501.5,25504.25,25498.5,25503.5,415,25599.82,25509.49,0.00
2025-12-01,00:26:00,25503.25,25508.25,25503.25,25506.25,536,25599.63,25509.41,0.00
2025-12-01,00:27:00,25505.75,25505.75,25496,25504.25,878,25599.31,25509.12,0.00
2025-12-01,00:28:00,25504.25,25505.5,25501.5,25505.5,253,25599.22,25509.06,0.00
2025-12-01,00:29:00,25505.75,25508.25,25504,25504,313,25599.12,25509.01,0.00
2025-12-01,00:30:00,25504.5,25506.25,25497.75,25501.5,361,25598.99,25508.90,0.00
2025-12-01,00:31:00,25501.5,25502.25,25495.25,25499.25,620,25598.76,25508.65,0.00
2025-12-01,00:32:00,25499.25,25502,25496.5,25501.25,300,25598.65,25508.54,0.00
2025-12-01,00:33:00,25500.5,25501.25,25497,25497.25,112,25598.61,25508.49,0.00
2025-12-01,00:34:00,25498,25504.25,25497.75,25501.25,289,25598.50,25508.41,0.00
2025-12-01,00:35:00,25501.75,25504.5,25500.5,25501.5,310,25598.39,25508.33,0.00
2025-12-01,00:36:00,25501.5,25501.75,25498.25,25500,178,25598.33,25508.27,0.00
2025-12-01,00:37:00,25499.75,25500,25495.5,25496.75,249,25598.24,25508.16,0.00
2025-12-01,00:38:00,25497.25,25504,25496.5,25503.5,429,25598.08,25508.05,0.00
2025-12-01,00:39:00,25503,25513,25502.5,25511.75,672,25597.86,25508.08,0.00
2025-12-01,00:40:00,25511.25,25513.5,25507.25,25509.5,530,25597.69,25508.12,0.00
2025-12-01,00:41:00,25510,25512,25506.25,25511.5,342,25597.59,25508.14,0.00
2025-12-01,00:42:00,25511.75,25515,25510.25,25512.25,372,25597.47,25508.20,0.00
2025-12-01,00:43:00,25512.5,25514,25509.25,25511.5,307,25597.37,25508.23,0.00
2025-12-01,00:44:00,25511.25,25512.75,25507.75,25508.25,203,25597.31,25508.24,0.00
2025-12-01,00:45:00,25508,25509.25,25504.5,25504.5,271,25597.22,25508.22,0.00
2025-12-01,00:46:00,25504.25,25505.25,25501.5,25503.25,447,25597.07,25508.15,0.00
2025-12-01,00:47:00,25503.25,25503.25,25497,25499.5,453,25596.91,25508.02,0.00
2025-12-01,00:48:00,25499,25502.25,25498.75,25499.25,251,25596.82,25507.96,0.00
2025-12-01,00:49:00,25499.25,25503.75,25498.75,25500.75,220,25596.74,25507.91,0.00
2025-12-01,00:50:00,25501,25506.5,25500,25504,325,25596.64,25507.86,0.00
2025-12-01,00:51:00,25503.5,25504.75,25499.5,25500.5,237,25596.55,25507.81,0.00
2025-12-01,00:52:00,25501,25502,25494.5,25495.25,454,25596.39,25507.66,0.00
2025-12-01,00:53:00,25495.25,25499,25492.75,25495,549,25596.19,25507.45,0.00
2025-12-01,00:54:00,25494.5,25494.75,25490.5,25491.5,489,25596.01,25507.21,0.00
2025-12-01,00:55:00,25491.5,25498,25488.75,25492.5,629,25595.78,25493.08,0.00
2025-12-01,00:56:00,25493.75,25494.5,25484.5,25485.5,904,25595.43,25488.17,0.00
2025-12-01,00:57:00,25485.75,25486.25,25480.5,25484.25,950,25595.05,25483.67,0.00
2025-12-01,00:58:00,25484.5,25487,25480.75,25486.75,778,25594.75,25484.19,0.00
2025-12-01,00:59:00,25487,25491.25,25485.25,25488.25,539,25594.55,25485.16,0.00
2025-12-01,01:00:00,25488.75,25489,25483.25,25483.5,527,25594.34,25485.17,0.00
2025-12-01,01:01:00,25484,25485.75,25474.5,25480,1568,25593.72,25480.08,0.00
2025-12-01,01:02:00,25480.25,25488.25,25480.25,25484,860,25593.39,25481.53,0.00
2025-12-01,01:03:00,25484,25484.5,25477,25477.5,429,25593.21,25481.25,0.00
2025-12-01,01:04:00,25478.75,25481.25,25476,25476,244,25593.12,25480.97,0.00
2025-12-01,01:05:00,25476,25476,25463.5,25469.75,2287,25592.14,25469.75,0.00
2025-12-01,01:06:00,25470,25472.5,25466,25470.75,654,25591.86,25469.75,0.00
2025-12-01,01:07:00,25470.75,25473.5,25463.25,25463.25,721,25591.55,25466.67,0.00
2025-12-01,01:08:00,25463.5,25470.75,25459.5,25470.5,1299,25590.99,25466.92,0.00
2025-12-01,01:09:00,25470,25475,25466.25,25469,677,25590.71,25468.00,0.00
2025-12-01,01:10:00,25469.25,25473,25465,25472.5,444,25590.53,25468.40,0.00
2025-12-01,01:11:00,25472.25,25480,25472.25,25478.75,1013,25590.14,25470.94,0.00
2025-12-01,01:12:00,25479.5,25480.75,25476.25,25477.5,486,25589.95,25471.83,0.00
2025-12-01,01:13:00,25477.75,25483.25,25475,25482,610,25589.73,25472.94,0.00
2025-12-01,01:14:00,25481,25483,25472,25472.5,562,25589.51,25473.26,0.00
2025-12-01,01:15:00,25473.25,25475.5,25469.5,25473,428,25589.34,25473.22,0.00
2025-12-01,01:16:00,25472.5,25477,25470.5,25472.5,433,25589.17,25473.23,0.00
2025-12-01,01:17:00,25472.5,25475,25469.5,25470.5,403,25589.01,25473.13,0.00
2025-12-01,01:18:00,25470.5,25472.25,25466.75,25468.75,351,25588.87,25472.92,0.00
2025-12-01,01:19:00,25469.5,25470.25,25462.25,25464.25,714,25588.57,25472.22,0.00
2025-12-01,01:20:00,25464.25,25465.75,25462,25464.5,340,25588.43,25471.86,0.00
2025-12-01,01:21:00,25464.25,25469.25,25461.25,25462.75,609,25588.18,25471.32,0.00
2025-12-01,01:22:00,25462.25,25468.25,25461,25466.5,394,25588.02,25471.05,0.00
2025-12-01,01:23:00,25466.25,25468.25,25461.5,25463,333,25587.88,25470.80,0.00
2025-12-01,01:24:00,25463,25465.5,25461.5,25463.75,264,25587.77,25470.59,0.00
2025-12-01,01:25:00,25464.25,25464.25,25457.25,25461,657,25587.49,25460.83,0.00
2025-12-01,01:26:00,25461,25465.5,25459.5,25461,534,25587.27,25461.36,0.00
2025-12-01,01:27:00,25460.25,25461.25,25457.25,25460.25,351,25587.12,25460.95,0.00
2025-12-01,01:28:00,25460.25,25461.75,25458.25,25460.25,226,25587.02,25460.84,0.00
2025-12-01,01:29:00,25460.75,25463.5,25457.5,25460.25,368,25586.87,25460.77,0.00
2025-12-01,01:30:00,25460.25,25464.5,25458.25,25459.25,266,25586.76,25460.76,0.00
2025-12-01,01:31:00,25458.75,25461.25,25455.75,25457,618,25586.49,25458.00,0.00
2025-12-01,01:32:00,25457.5,25466.5,25457,25464.5,538,25586.27,25460.17,0.00
2025-12-01,01:33:00,25465.25,25471,25464.25,25464.5,721,25585.99,25462.63,0.00
2025-12-01,01:34:00,25464,25464.25,25456.75,25461.5,471,25585.80,25462.27,0.00
2025-12-01,01:35:00,25462.25,25466.25,25460.75,25463.75,240,25585.70,25462.39,0.00
2025-12-01,01:36:00,25463.5,25464.5,25455.5,25458.25,598,25585.45,25459.42,0.00
2025-12-01,01:37:00,25458.25,25460.75,25448.25,25453.5,1323,25584.89,25454.17,0.00
2025-12-01,01:38:00,25453.5,25454.25,25447,25449,719,25584.57,25450.08,0.00
2025-12-01,01:39:00,25449.25,25453.75,25446.75,25451.25,572,25584.32,25450.58,0.00
2025-12-01,01:40:00,25452.25,25460.25,25449.75,25460.25,791,25583.99,25454.16,0.00
2025-12-01,01:41:00,25460,25464.75,25459.25,25462.5,648,25583.74,25456.74,0.00
2025-12-01,01:42:00,25462.25,25469.75,25462,25465.25,469,25583.56,25458.43,0.00
2025-12-01,01:43:00,25465.5,25470,25464,25469.5,359,25583.42,25459.62,0.00
2025-12-01,01:44:00,25469.75,25473.25,25468,25471,637,25583.19,25461.66,0.00
2025-12-01,01:45:00,25471.25,25472.5,25467.25,25470.5,396,25583.05,25462.52,0.00
2025-12-01,01:46:00,25471.25,25479,25470,25478.25,800,25582.77,25464.79,0.00
2025-12-01,01:47:00,25478.5,25479.25,25475.25,25475.75,452,25582.62,25465.84,0.00
2025-12-01,01:48:00,25476.25,25483,25475.75,25481.25,515,25582.45,25467.13,0.00
2025-12-01,01:49:00,25481.75,25485,25479.75,25482,614,25582.25,25468.62,0.00
2025-12-01,01:50:00,25481.5,25484.25,25479.5,25480.25,270,25582.17,25469.14,0.00
2025-12-01,01:51:00,25480.25,25485.75,25480.25,25484.75,427,25582.03,25470.03,0.00
2025-12-01,01:52:00,25485,25487.25,25482.25,25485.5,536,25581.87,25471.10,0.00
2025-12-01,01:53:00,25485.75,25487,25482.75,25484.5,283,25581.78,25471.60,0.00
2025-12-01,01:54:00,25485.5,25489,25482,25483.75,534,25581.62,25472.46,0.00
2025-12-01,01:55:00,25484,25492.25,25484,25492,553,25581.46,25473.52,0.00
2025-12-01,01:56:00,25492,25494.25,25487.75,25494.25,575,25581.29,25474.65,0.00
2025-12-01,01:57:00,25494.5,25498.5,25492.75,25498,910,25581.05,25476.56,0.00
2025-12-01,01:58:00,25497.75,25505.5,25497.25,25504,961,25580.81,25478.75,0.00
2025-12-01,01:59:00,25504,25510.75,25503.5,25507,982,25580.58,25481.01,0.00
2025-12-01,02:00:00,25506.5,25507.5,25502.25,25505,548,25580.46,25482.03,0.00
2025-12-01,02:01:00,25504.5,25512.5,25503.75,25508,837,25580.27,25483.63,0.00
2025-12-01,02:02:00,25507.25,25510.25,25505.25,25509.25,364,25580.18,25484.27,0.00
2025-12-01,02:03:00,25509.5,25511,25502.5,25502.75,466,25580.08,25484.95,0.00
2025-12-01,02:04:00,25503,25504.25,25495,25495.5,772,25579.88,25485.62,0.00
2025-12-01,02:05:00,25496.25,25498.75,25490,25491.75,535,25579.74,25485.89,0.00
2025-12-01,02:06:00,25492.25,25492.75,25485.75,25487.75,709,25579.54,25486.01,0.00
2025-12-01,02:07:00,25487.25,25492.75,25486.75,25490.5,376,25579.43,25486.10,0.00
2025-12-01,02:08:00,25490.5,25500.75,25488.5,25497.25,857,25579.21,25486.55,0.00
2025-12-01,02:09:00,25497.5,25503.75,25496,25500.5,487,25579.09,25486.91,0.00
2025-12-01,02:10:00,25501.25,25504.5,25498.5,25498.5,335,25579.01,25487.16,0.00
2025-12-01,02:11:00,25500.25,25503.5,25496,25496,422,25578.91,25487.41,0.00
2025-12-01,02:12:00,25496.5,25505.75,25495.5,25503,480,25578.79,25487.76,0.00
2025-12-01,02:13:00,25502.75,25506.25,25501.5,25505.25,234,25578.74,25487.95,0.00
2025-12-01,02:14:00,25506,25508.5,25502.5,25505.5,386,25578.65,25488.29,0.00
2025-12-01,02:15:00,25504.5,25506.75,25501.75,25503.75,449,25578.55,25488.64,0.00
2025-12-01,02:16:00,25504.25,25507.5,25504.25,25506.25,165,25578.52,25488.77,0.00
2025-12-01,02:17:00,25505.5,25509,25505.5,25506.75,226,25578.47,25488.97,0.00
2025-12-01,02:18:00,25507,25510,25505,25505.75,288,25578.40,25489.21,0.00
2025-12-01,02:19:00,25505.75,25507.25,25503,25505,212,25578.36,25489.37,0.00
2025-12-01,02:20:00,25504.5,25507.25,25499.5,25506.75,448,25578.26,25489.68,0.00
2025-12-01,02:21:00,25506.75,25510.5,25505.25,25506.25,432,25578.16,25490.02,0.00
2025-12-01,02:22:00,25507,25510.75,25505.25,25510.25,226,25578.12,25490.21,0.00
2025-12-01,02:23:00,25510.25,25515.25,25507,25509,838,25577.94,25490.94,0.00
2025-12-01,02:24:00,25508.5,25513,25507.25,25508.75,515,25577.84,25491.34,0.00
2025-12-01,02:25:00,25508,25512.5,25507,25512,285,25577.78,25491.57,0.00
2025-12-01,02:26:00,25512.25,25517,25510.75,25514.75,666,25577.65,25492.17,0.00
2025-12-01,02:27:00,25515.25,25521.25,25514.25,25515.5,741,25577.52,25492.89,0.00
2025-12-01,02:28:00,25515.25,25521.25,25512.5,25514.5,476,25577.43,25493.31,0.00
2025-12-01,02:29:00,25513.25,25517,25510.5,25517,470,25577.34,25493.70,0.00
2025-12-01,02:30:00,25516.75,25518.5,25514,25514.25,433,25577.26,25494.05,0.00
2025-12-01,02:31:00,25515.25,25517.75,25511.5,25514.75,405,25577.18,25494.35,0.00
2025-12-01,02:32:00,25513.5,25515,25503.75,25503.75,624,25577.05,25494.64,0.00
2025-12-01,02:33:00,25503.75,25512,25501,25511.25,777,25576.90,25495.01,0.00
2025-12-01,02:34:00,25511.25,25515.25,25508,25509.25,489,25576.80,25495.27,0.00
2025-12-01,02:35:00,25508.25,25508.5,25505,25508.25,343,25576.73,25495.41,0.00
2025-12-01,02:36:00,25508.25,25511.5,25505,25509.75,296,25576.67,25495.54,0.00
2025-12-01,02:37:00,25510.25,25512.75,25508,25511.75,271,25576.62,25495.68,0.00
2025-12-01,02:38:00,25511.75,25514.5,25509.25,25513.5,254,25576.57,25495.82,0.00
2025-12-01,02:39:00,25513,25517.5,25511.5,25513.75,297,25576.51,25496.00,0.00
2025-12-01,02:40:00,25514,25516.75,25511,25515.25,309,25576.46,25496.18,0.00
2025-12-01,02:41:00,25515.5,25518,25511.75,25518,373,25576.39,25496.42,0.00
2025-12-01,02:42:00,25517.25,25520.25,25514,25519.5,304,25576.34,25496.62,0.00
2025-12-01,02:43:00,25519.25,25521.25,25516.25,25518,302,25576.28,25496.83,0.00
2025-12-01,02:44:00,25517.5,25518.75,25515.5,25516.25,188,25576.25,25496.94,0.00
2025-12-01,02:45:00,25517,25523.25,25516.75,25522.25,405,25576.19,25497.24,0.00
2025-12-01,02:46:00,25522,25523.25,25519.25,25520.5,266,25576.14,25497.43,0.00
2025-12-01,02:47:00,25521,25524.5,25516.75,25516.75,700,25576.03,25497.89,0.00
2025-12-01,02:48:00,25516.75,25519.75,25514.75,25517,340,25575.97,25498.08,0.00
2025-12-01,02:49:00,25517,25518,25512,25515,384,25575.90,25498.27,0.00
2025-12-01,02:50:00,25515.5,25517.5,25511.25,25516.25,245,25575.85,25498.39,0.00
2025-12-01,02:51:00,25516.5,25517.75,25513.75,25514.75,213,25575.82,25498.50,0.00
2025-12-01,02:52:00,25514.75,25516.5,25513.75,25514.75,132,25575.79,25498.56,0.00
2025-12-01,02:53:00,25514.75,25515.75,25511.25,25512.75,189,25575.76,25498.64,0.00
2025-12-01,02:54:00,25513,25516.25,25513,25515.25,88,25575.74,25498.68,0.00
2025-12-01,02:55:00,25515.25,25517.75,25514.5,25515.75,136,25575.72,25498.74,0.00
2025-12-01,02:56:00,25516,25521,25516,25519.75,322,25575.67,25498.93,0.00
2025-12-01,02:57:00,25520.5,25521,25516.5,25516.5,226,25575.63,25499.05,0.00
2025-12-01,02:58:00,25517.5,25521.5,25517,25520.75,243,25575.59,25499.19,0.00
2025-12-01,02:59:00,25520.75,25525.25,25519.75,25523.75,343,25575.54,25499.41,0.00
2025-12-01,03:00:00,25523.75,25524.25,25519.5,25521.75,388,25575.48,25499.65,0.00
2025-12-01,03:01:00,25521.25,25526.75,25517.25,25519.25,961,25575.32,25500.19,0.00
2025-12-01,03:02:00,25519.75,25520.75,25512.5,25519,509,25575.24,25500.42,0.00
2025-12-01,03:03:00,25519.25,25529.75,25519.25,25519.75,865,25575.11,25500.92,0.00
2025-12-01,03:04:00,25520.25,25520.75,25508.25,25514,964,25574.94,25501.24,0.00
2025-12-01,03:05:00,25514.5,25516.25,25505.25,25507.25,786,25574.79,25501.40,0.00
2025-12-01,03:06:00,25507.5,25515,25503.25,25504,680,25574.66,25501.50,0.00
2025-12-01,03:07:00,25504.25,25508.5,25500.5,25505,614,25574.54,25501.54,0.00
2025-12-01,03:08:00,25506,25512.25,25505,25511.75,392,25574.46,25501.62,0.00
2025-12-01,03:09:00,25511.75,25515,25507.5,25511,449,25574.38,25501.72,0.00
2025-12-01,03:10:00,25511.25,25517.25,25510.75,25514.75,457,25574.30,25501.85,0.00
2025-12-01,03:11:00,25514.75,25523.75,25514.5,25522,493,25574.23,25502.06,0.00
2025-12-01,03:12:00,25521.25,25522.25,25507.5,25510,548,25574.13,25502.19,0.00
2025-12-01,03:13:00,25509.5,25511.75,25507.25,25509,285,25574.08,25502.24,0.00
2025-12-01,03:14:00,25508.75,25511.25,25502.5,25505.25,442,25574.00,25502.28,0.00
2025-12-01,03:15:00,25505.5,25506.75,25502.25,25504.75,292,25573.94,25502.29,0.00
2025-12-01,03:16:00,25504.75,25512,25504.5,25504.75,371,25573.87,25502.33,0.00
2025-12-01,03:17:00,25505.5,25507.25,25501.5,25505.5,403,25573.79,25502.35,0.00
2025-12-01,03:18:00,25505.75,25507.5,25502.25,25505,231,25573.74,25502.37,0.00
2025-12-01,03:19:00,25505.25,25509.25,25492,25496.75,976,25573.54,25502.30,0.00
2025-12-01,03:20:00,25496.75,25501.5,25492.5,25498.5,646,25573.40,25502.24,0.00
2025-12-01,03:21:00,25498.5,25501.75,25493.25,25498.5,566,25573.28,25502.19,0.00
2025-12-01,03:22:00,25498.25,25500.75,25493.75,25495.25,331,25573.21,25502.15,0.00
2025-12-01,03:23:00,25495.25,25498.5,25491,25492,453,25573.11,25502.07,0.00
2025-12-01,03:24:00,25492.5,25501,25491.75,25499.25,412,25573.02,25502.03,0.00
2025-12-01,03:25:00,25499.75,25507.5,25497.25,25506.5,573,25572.91,25502.05,0.00
2025-12-01,03:26:00,25506.25,25518.75,25505.25,25514.5,1042,25572.74,25502.27,0.00
2025-12-01,03:27:00,25515.5,25517.25,25510,25515.5,418,25572.67,25502.37,0.00
2025-12-01,03:28:00,25514.75,25525,25510.25,25522.25,899,25572.53,25502.65,0.00
2025-12-01,03:29:00,25522.75,25535.25,25520.5,25533.25,1007,25572.41,25503.16,0.00
2025-12-01,03:30:00,25533.75,25538,25528.25,25528.75,1291,25572.27,25503.83,0.00
2025-12-01,03:31:00,25529.5,25536,25528.75,25534.25,717,25572.19,25504.20,0.00
2025-12-01,03:32:00,25534.25,25534.75,25526.25,25528.5,418,25572.14,25504.39,0.00
2025-12-01,03:33:00,25527.75,25529.5,25515.5,25519.5,842,25572.03,25504.64,0.00
2025-12-01,03:34:00,25520.5,25526.5,25519.5,25525.25,427,25571.97,25504.78,0.00
2025-12-01,03:35:00,25525.25,25529.25,25522.75,25526.75,237,25571.94,25504.87,0.00
2025-12-01,03:36:00,25526.75,25528,25523.25,25526.25,210,25571.91,25504.95,0.00
2025-12-01,03:37:00,25525.75,25527.25,25521.25,25524.75,204,25571.89,25505.02,0.00
2025-12-01,03:38:00,25525.5,25530.5,25524.75,25528,243,25571.86,25505.11,0.00
2025-12-01,03:39:00,25528,25529.25,25524.5,25524.5,255,25571.82,25505.20,0.00
2025-12-01,03:40:00,25525.5,25526.25,25519.25,25523.5,347,25571.78,25505.31,0.00
2025-12-01,03:41:00,25524.5,25526.75,25523.25,25525.75,148,25571.76,25505.36,0.00
2025-12-01,03:42:00,25525.75,25529.75,25524,25528.75,333,25571.72,25505.48,0.00
2025-12-01,03:43:00,25528.5,25533.5,25526.5,25526.5,367,25571.68,25505.62,0.00
2025-12-01,03:44:00,25527.75,25531.75,25523.25,25524.5,371,25571.63,25505.75,0.00
2025-12-01,03:45:00,25524.75,25526.5,25520.5,25524,310,25571.59,25505.84,0.00
2025-12-01,03:46:00,25524.25,25527.75,25523.25,25524.75,114,25571.58,25505.88,0.00
2025-12-01,03:47:00,25524.75,25530.25,25522.5,25530.25,210,25571.55,25505.96,0.00
2025-12-01,03:48:00,25530.25,25534.75,25528,25531.25,306,25571.52,25506.08,0.00
2025-12-01,03:49:00,25531,25537,25531,25533,484,25571.47,25506.30,0.00
2025-12-01,03:50:00,25533,25534.5,25527.75,25534.5,287,25571.44,25506.42,0.00
2025-12-01,03:51:00,25534.5,25537.5,25523,25524,469,25571.38,25506.58,0.00
2025-12-01,03:52:00,25524,25529.25,25521.5,25528.5,284,25571.35,25506.67,0.00
2025-12-01,03:53:00,25528.5,25530.5,25524.25,25525,202,25571.32,25506.74,0.00
2025-12-01,03:54:00,25525.25,25529,25522,25529,231,25571.30,25506.81,0.00
2025-12-01,03:55:00,25529.25,25530.75,25528,25529,163,25571.28,25506.87,0.00
2025-12-01,03:56:00,25528.5,25530.25,25526.5,25530,116,25571.26,25506.91,0.00
2025-12-01,03:57:00,25530,25530.25,25522.75,25523.75,264,25571.23,25506.98,0.00
2025-12-01,03:58:00,25522.75,25523.75,25520.25,25522.5,214,25571.20,25507.03,0.00
2025-12-01,03:59:00,25522,25527.25,25522,25525,297,25571.17,25507.12,0.00
2025-12-01,04:00:00,25525.5,25535.5,25525,25532.25,647,25571.10,25507.35,0.00
2025-12-01,04:01:00,25532,25537.25,25523.75,25528,900,25571.00,25507.66,0.00
2025-12-01,04:02:00,25528.75,25540,25526,25537.5,835,25570.91,25508.00,0.00
2025-12-01,04:03:00,25537.75,25544.5,25536,25540.75,850,25570.84,25508.40,0.00
2025-12-01,04:04:00,25541,25541.25,25525,25527.5,581,25570.78,25508.60,0.00
2025-12-01,04:05:00,25528,25528.25,25522.5,25525.5,494,25570.72,25508.72,0.00
2025-12-01,04:06:00,25525.25,25545,25521.5,25543.75,968,25570.64,25509.11,0.00
2025-12-01,04:07:00,25543.75,25551,25542,25549.25,948,25570.58,25509.63,0.00
2025-12-01,04:08:00,25548.5,25567.25,25545.5,25565,1332,25570.54,25510.55,0.00
2025-12-01,04:09:00,25564.5,25565.5,25556,25557,814,25570.51,25511.10,0.00
2025-12-01,04:10:00,25557,25557.75,25550.75,25555,630,25570.49,25511.47,0.00
2025-12-01,04:11:00,25554.25,25560,25553.25,25556,659,25570.46,25511.87,0.00
2025-12-01,04:12:00,25555.75,25561.25,25551.25,25561,789,25570.44,25512.35,0.00
2025-12-01,04:13:00,25561.25,25563.25,25557.5,25558,439,25570.43,25512.63,0.00
2025-12-01,04:14:00,25558,25566.75,25558,25565.25,476,25570.42,25512.95,0.00
2025-12-01,04:15:00,25565.75,25566.5,25557.75,25564.75,420,25570.41,25513.23,0.00
2025-12-01,04:16:00,25565.25,25571.75,25565.25,25567,853,25570.40,25513.83,0.00
2025-12-01,04:17:00,25567.25,25578,25567.25,25576.25,987,25570.41,25514.59,0.00
2025-12-01,04:18:00,25575.5,25586.25,25574.25,25581.25,1198,25570.44,25515.59,0.00
2025-12-01,04:19:00,25580.75,25586.75,25576.25,25586.25,855,25570.47,25516.32,0.00
2025-12-01,04:20:00,25586.75,25593.75,25584,25588,1447,25570.54,25517.60,0.00
2025-12-01,04:21:00,25588,25592,25584.5,25586.75,671,25570.57,25518.18,0.00
2025-12-01,04:22:00,25585.75,25594.5,25581.75,25591.75,938,25570.61,25518.98,0.00
2025-12-01,04:23:00,25591.5,25593,25584.25,25590.75,517,25570.64,25519.42,0.00
2025-12-01,04:24:00,25590.75,25596.25,25585.25,25591.25,895,25570.68,25520.17,0.00
2025-12-01,04:25:00,25591.5,25593.25,25584.25,25589,525,25570.71,25520.60,0.00
2025-12-01,04:26:00,25588.25,25588.75,25580.5,25581.5,687,25570.73,25521.10,0.00
2025-12-01,04:27:00,25582,25584.5,25579,25583,527,25570.75,25521.48,0.00
2025-12-01,04:28:00,25583,25583.25,25576.25,25576.5,415,25570.76,25521.75,0.00
2025-12-01,04:29:00,25576.5,25581.5,25573.25,25581.5,690,25570.77,25522.20,0.00
2025-12-01,04:30:00,25581.5,25587.75,25581.5,25584.75,486,25570.79,25522.55,0.00
2025-12-01,04:31:00,25585.25,25588.25,25577,25577.5,620,25570.80,25522.96,0.00
2025-12-01,04:32:00,25578,25582,25573.75,25578,513,25570.81,25523.28,0.00
2025-12-01,04:33:00,25577.75,25580.25,25572.25,25574.25,451,25570.82,25523.54,0.00
2025-12-01,04:34:00,25574.25,25577,25569.75,25571.75,380,25570.82,25523.75,0.00
2025-12-01,04:35:00,25572.25,25575,25566.75,25569.25,347,25570.82,25523.93,0.00
2025-12-01,04:36:00,25568.5,25585,25568.25,25584.25,627,25570.83,25524.31,0.00
2025-12-01,04:37:00,25585,25586,25571,25571.75,538,25570.84,25524.62,0.00
2025-12-01,04:38:00,25571.5,25580.5,25569.75,25580,570,25570.85,25524.94,0.00
2025-12-01,04:39:00,25579.75,25584.25,25576.25,25578.5,520,25570.86,25525.25,0.00
2025-12-01,04:40:00,25578.75,25581,25573.5,25577.5,365,25570.86,25525.45,0.00
2025-12-01,04:41:00,25577.5,25578.5,25573.25,25574.5,280,25570.87,25525.61,0.00
2025-12-01,04:42:00,25574,25578.25,25572,25575.5,269,25570.87,25525.75,0.00
2025-12-01,04:43:00,25575,25578.25,25572,25574.75,269,25570.87,25525.89,0.00
2025-12-01,04:44:00,25574.75,25585.25,25573.75,25583.5,336,25570.88,25526.09,0.00
2025-12-01,04:45:00,25584,25586,25579.25,25582.75,256,25570.89,25526.24,0.00
2025-12-01,04:46:00,25583.5,25585.75,25577.25,25580.75,275,25570.90,25526.40,0.00
2025-12-01,04:47:00,25580.5,25581,25571,25571,318,25570.90,25526.56,0.00
2025-12-01,04:48:00,25571,25575.25,25566,25572.25,574,25570.90,25526.83,0.00
2025-12-01,04:49:00,25571.25,25576.5,25569.5,25572.25,237,25570.90,25526.95,0.00
2025-12-01,04:50:00,25572.25,25576.75,25570.75,25572,191,25570.90,25527.04,0.00
2025-12-01,04:51:00,25571.5,25574.75,25568.25,25572.75,213,25570.90,25527.14,0.00
2025-12-01,04:52:00,25572,25576.5,25570.75,25574.75,155,25570.90,25527.21,0.00
2025-12-01,04:53:00,25575.5,25577.5,25571.75,25573.75,206,25570.91,25527.31,0.00
2025-12-01,04:54:00,25572.25,25578.5,25569.5,25574.75,331,25570.91,25527.48,0.00
2025-12-01,04:55:00,25575,25578.5,25573.5,25576.5,189,25570.91,25527.57,0.00
2025-12-01,04:56:00,25576.75,25579.75,25574.5,25577.5,205,25570.91,25527.68,0.00
2025-12-01,04:57:00,25576.75,25577.75,25570.25,25572,284,25570.92,25527.81,0.00
2025-12-01,04:58:00,25571.5,25572,25564.75,25568.5,432,25570.91,25527.99,0.00
2025-12-01,04:59:00,25568.25,25569.5,25563.5,25566.5,442,25570.91,25528.16,0.00
2025-12-01,05:00:00,25566.25,25567,25559.75,25562,566,25570.90,25528.36,0.00
2025-12-01,05:01:00,25561.25,25568,25558.25,25565.75,770,25570.88,25528.64,0.00
2025-12-01,05:02:00,25565.25,25573.5,25564.25,25566.5,548,25570.88,25528.85,0.00
2025-12-01,05:03:00,25566.75,25567.25,25551.25,25555.5,1075,25570.85,25529.16,0.00
2025-12-01,05:04:00,25556.5,25569,25556.25,25565.5,820,25570.83,25529.44,0.00
2025-12-01,05:05:00,25566.5,25568,25560.5,25566,285,25570.83,25529.54,0.00
2025-12-01,05:06:00,25565.75,25585.5,25565,25581.75,1234,25570.85,25530.11,0.00
2025-12-01,05:07:00,25582.75,25588.5,25582,25587.75,567,25570.87,25530.42,0.00
2025-12-01,05:08:00,25587,25591.5,25585.5,25587.75,623,25570.89,25530.76,0.00
2025-12-01,05:09:00,25586.5,25592.75,25586,25588,640,25570.92,25531.11,0.00
2025-12-01,05:10:00,25588.75,25593.25,25586,25592.75,442,25570.94,25531.36,0.00
2025-12-01,05:11:00,25592.75,25594.5,25587.75,25589.75,496,25570.97,25531.64,0.00
2025-12-01,05:12:00,25590.5,25593,25586.5,25588.75,447,25570.99,25531.88,0.00
2025-12-01,05:13:00,25588.5,25592,25584.25,25584.25,279,25571.00,25532.03,0.00
2025-12-01,05:14:00,25584.5,25585,25574.5,25574.5,706,25571.01,25532.33,0.00
2025-12-01,05:15:00,25575,25579.25,25571.75,25575.75,510,25571.02,25532.53,0.00
2025-12-01,05:16:00,25575.75,25582.25,25573.5,25580.75,380,25571.02,25532.69,0.00
2025-12-01,05:17:00,25581,25586.5,25576.75,25585.5,495,25571.04,25532.92,0.00
2025-12-01,05:18:00,25585.75,25586.5,25573.25,25576.75,349,25571.04,25533.07,0.00
2025-12-01,05:19:00,25576.75,25578,25568.25,25569.5,387,25571.04,25533.21,0.00
2025-12-01,05:20:00,25568.5,25571,25563.5,25565,485,25571.04,25533.35,0.00
2025-12-01,05:21:00,25565.5,25565.5,25559.75,25563,417,25571.03,25533.46,0.00
2025-12-01,05:22:00,25563.25,25568.75,25560,25561,513,25571.02,25533.60,0.00
2025-12-01,05:23:00,25560.75,25567.75,25559.5,25562.75,346,25571.01,25533.69,0.00
2025-12-01,05:24:00,25562.75,25568.75,25555.25,25567,739,25571.00,25533.89,0.00
2025-12-01,05:25:00,25567.25,25570.5,25564.25,25568.5,424,25571.00,25534.02,0.00
2025-12-01,05:26:00,25569.25,25574.25,25566,25572,432,25571.00,25534.16,0.00
2025-12-01,05:27:00,25572,25574.25,25567.75,25571.75,439,25571.00,25534.30,0.00
2025-12-01,05:28:00,25571.5,25573.25,25569.75,25572.75,251,25571.00,25534.38,0.00
2025-12-01,05:29:00,25572.5,25577.75,25567.25,25574.5,438,25571.00,25534.53,0.00
2025-12-01,05:30:00,25573,25575.25,25568.25,25572,242,25571.00,25534.61,0.00
2025-12-01,05:31:00,25571.25,25572.5,25565.25,25565.5,425,25571.00,25534.73,0.00
2025-12-01,05:32:00,25566.25,25570.75,25563,25565.5,401,25570.99,25534.84,0.00
2025-12-01,05:33:00,25564.75,25571,25560.5,25563.25,390,25570.99,25534.95,0.00
2025-12-01,05:34:00,25563.25,25565.25,25560.5,25561.75,260,25570.98,25535.01,0.00
2025-12-01,05:35:00,25562,25567.5,25561,25563,231,25570.98,25535.06,0.00
2025-12-01,05:36:00,25563,25565.25,25553.25,25556,620,25570.96,25535.19,0.00
2025-12-01,05:37:00,25556.75,25564.5,25552.5,25562.5,571,25570.95,25535.31,0.00
2025-12-01,05:38:00,25563,25564.75,25554,25556.75,301,25570.94,25535.37,0.00
2025-12-01,05:39:00,25556.25,25559.25,25545.25,25548.5,1088,25570.89,25535.51,0.00
2025-12-01,05:40:00,25548.25,25548.25,25538.25,25546,1003,25570.82,25535.58,0.00
2025-12-01,05:41:00,25546.75,25547,25538,25542.25,542,25570.79,25535.61,0.00
2025-12-01,05:42:00,25541.25,25546.25,25539.5,25541.75,476,25570.76,25535.64,0.00
2025-12-01,05:43:00,25540.75,25545,25536.75,25542.75,509,25570.72,25535.66,0.00
2025-12-01,05:44:00,25541.25,25546.25,25540,25541.25,246,25570.70,25535.68,0.00
2025-12-01,05:45:00,25540.5,25548.25,25540.5,25546.25,431,25570.68,25535.71,0.00
2025-12-01,05:46:00,25546.25,25553.75,25545.5,25548.75,561,25570.65,25535.77,0.00
2025-12-01,05:47:00,25548.5,25551,25537.75,25539.25,671,25570.61,25535.81,0.00
2025-12-01,05:48:00,25539.75,25540.25,25534.75,25536,638,25570.56,25535.82,0.00
2025-12-01,05:49:00,25535.75,25539,25526.5,25538,1177,25570.46,25535.81,0.00
2025-12-01,05:50:00,25537.25,25542.75,25536.75,25541.75,486,25570.43,25535.82,0.00
2025-12-01,05:51:00,25542,25542.75,25529.5,25532.25,659,25570.37,25535.82,0.00
2025-12-01,05:52:00,25532.5,25538,25528.75,25532,604,25570.32,25535.80,0.00
2025-12-01,05:53:00,25532,25538.75,25528.25,25538.5,364,25570.29,25535.80,0.00
2025-12-01,05:54:00,25539,25544.25,25534,25538.25,724,25570.24,25535.82,0.00
2025-12-01,05:55:00,25539,25541.5,25534.5,25535.25,211,25570.22,25535.82,0.00
2025-12-01,05:56:00,25535.5,25535.75,25529.25,25533.75,399,25570.19,25535.81,0.00
2025-12-01,05:57:00,25534.25,25537.5,25528.5,25530.25,390,25570.15,25535.80,0.00
2025-12-01,05:58:00,25529.75,25538.5,25525.5,25536,621,25570.10,25535.79,0.00
2025-12-01,05:59:00,25536,25539.75,25531.25,25538,270,25570.08,25535.79,0.00
2025-12-01,06:00:00,25537.75,25540.25,25534.25,25534.25,190,25570.06,25535.79,0.00
2025-12-01,06:01:00,25534.25,25546,25534.25,25545.25,571,25570.03,25535.82,0.00
2025-12-01,06:02:00,25544.25,25545,25540,25540.75,305,25570.01,25535.83,0.00
2025-12-01,06:03:00,25540.75,25543.75,25536.75,25543.25,395,25569.98,25535.85,0.00
2025-12-01,06:04:00,25543.25,25550.5,25542,25548.25,490,25569.96,25535.89,0.00
2025-12-01,06:05:00,25548,25550.75,25542.5,25550.75,406,25569.94,25535.93,0.00
2025-12-01,06:06:00,25550.5,25556.25,25548.5,25555,498,25569.92,25535.99,0.00
2025-12-01,06:07:00,25554.5,25562.75,25553.5,25559,704,25569.90,25536.11,0.00
2025-12-01,06:08:00,25559.5,25563.75,25559,25563,353,25569.89,25536.18,0.00
2025-12-01,06:09:00,25562.75,25564.75,25560.25,25563.75,324,25569.89,25536.24,0.00
2025-12-01,06:10:00,25564,25564.5,25554.75,25560.5,551,25569.88,25536.34,0.00
2025-12-01,06:11:00,25560.5,25564.75,25558.25,25562.75,244,25569.87,25536.39,0.00
2025-12-01,06:12:00,25562.5,25564.25,25560.5,25561.25,146,25569.87,25536.41,0.00
2025-12-01,06:13:00,25560.5,25569.75,25559,25569.25,469,25569.86,25536.52,0.00
2025-12-01,06:14:00,25569.75,25572,25567.75,25569,465,25569.86,25536.63,0.00
2025-12-01,06:15:00,25568.5,25570,25562.25,25565.75,355,25569.86,25536.71,0.00
2025-12-01,06:16:00,25565.75,25570.75,25564.75,25566.25,347,25569.86,25536.78,0.00
2025-12-01,06:17:00,25566,25567.5,25559.75,25560,353,25569.85,25536.85,0.00
2025-12-01,06:18:00,25560.5,25564,25556.5,25558.25,325,25569.85,25536.90,0.00
2025-12-01,06:19:00,25558.75,25560.5,25556.75,25559.25,299,25569.84,25536.95,0.00
2025-12-01,06:20:00,25559.25,25562.75,25559,25562,269,25569.83,25537.00,0.00
2025-12-01,06:21:00,25562.5,25566.5,25561,25563.75,324,25569.83,25537.06,0.00
2025-12-01,06:22:00,25563.75,25567,25563.25,25563.75,245,25569.83,25537.11,0.00
2025-12-01,06:23:00,25564.5,25568,25560,25568,346,25569.82,25537.18,0.00
2025-12-01,06:24:00,25568.25,25569.25,25564,25568,323,25569.82,25537.25,0.00
2025-12-01,06:25:00,25567.25,25569.5,25565.25,25568.5,304,25569.82,25537.32,0.00
2025-12-01,06:26:00,25568.25,25575.25,25567.75,25573.75,522,25569.82,25537.45,0.00
2025-12-01,06:27:00,25574,25577.5,25571,25574.5,432,25569.83,25537.56,0.00
2025-12-01,06:28:00,25574.25,25575.25,25567,25568.25,414,25569.83,25537.66,0.00
2025-12-01,06:29:00,25567.5,25567.5,25563.25,25565,355,25569.82,25537.73,0.00
2025-12-01,06:30:00,25564.5,25568.25,25563.25,25566,229,25569.82,25537.77,0.00
2025-12-01,06:31:00,25565.75,25571.5,25564,25571,282,25569.82,25537.83,0.00
2025-12-01,06:32:00,25570.5,25572.5,25568.25,25571.25,436,25569.82,25537.93,0.00
2025-12-01,06:33:00,25571.5,25573,25568.25,25570.5,219,25569.82,25537.99,0.00
2025-12-01,06:34:00,25570.5,25571.25,25567,25568.5,254,25569.82,25538.04,0.00
2025-12-01,06:35:00,25569.25,25570.5,25565.5,25568.25,168,25569.82,25538.08,0.00
2025-12-01,06:36:00,25569.25,25571.75,25565.25,25570.5,220,25569.82,25538.12,0.00
2025-12-01,06:37:00,25571,25574.5,25567.75,25568.5,368,25569.82,25538.21,0.00
2025-12-01,06:38:00,25568,25574.25,25567.25,25574,237,25569.82,25538.26,0.00
2025-12-01,06:39:00,25574.25,25575,25570.25,25572.75,238,25569.82,25538.32,0.00
2025-12-01,06:40:00,25571.75,25571.75,25565.5,25567.25,274,25569.82,25538.38,0.00
2025-12-01,06:41:00,25567.5,25573,25564.5,25564.5,509,25569.82,25538.48,0.00
2025-12-01,06:42:00,25564.25,25567.25,25558,25565,683,25569.81,25538.59,0.00
2025-12-01,06:43:00,25565.75,25571,25563.5,25567,344,25569.81,25538.66,0.00
2025-12-01,06:44:00,25567,25571.75,25566.25,25568.75,216,25569.81,25538.71,0.00
2025-12-01,06:45:00,25568,25582.25,25568,25582,630,25569.82,25538.87,0.00
2025-12-01,06:46:00,25581.5,25587,25571.75,25573.75,1027,25569.83,25539.14,0.00
2025-12-01,06:47:00,25573.75,25577.75,25569.25,25576.5,491,25569.84,25539.26,0.00
2025-12-01,06:48:00,25577.25,25584,25577.25,25581.75,404,25569.85,25539.37,0.00
2025-12-01,06:49:00,25582,25584.25,25577.5,25579.25,347,25569.86,25539.47,0.00
2025-12-01,06:50:00,25578.75,25580,25575.5,25578.25,241,25569.86,25539.53,0.00
2025-12-01,06:51:00,25578.5,25579.75,25570.5,25575,344,25569.87,25539.61,0.00
2025-12-01,06:52:00,25573.75,25576.5,25569.25,25571.75,243,25569.87,25539.67,0.00
2025-12-01,06:53:00,25571,25572.5,25568.75,25570.25,220,25569.87,25539.71,0.00
2025-12-01,06:54:00,25569.5,25575.25,25568.25,25573.25,259,25569.87,25539.77,0.00
2025-12-01,06:55:00,25574.25,25576,25566.75,25568.25,365,25569.87,25539.84,0.00
2025-12-01,06:56:00,25568,25572.75,25565.5,25566,347,25569.87,25539.91,0.00
2025-12-01,06:57:00,25565.75,25569,25564,25566.25,247,25569.87,25539.95,0.00
2025-12-01,06:58:00,25565.5,25568.5,25564.25,25564.75,168,25569.86,25539.98,0.00
2025-12-01,06:59:00,25564.75,25565,25559.75,25562.25,376,25569.86,25540.04,0.00
2025-12-01,07:00:00,25563.25,25570.5,25560.25,25566,420,25569.85,25540.11,0.00
2025-12-01,07:01:00,25566.5,25567,25557,25565.25,805,25569.84,25540.23,0.00
2025-12-01,07:02:00,25564.75,25569.75,25564.5,25567,474,25569.84,25540.31,0.00
2025-12-01,07:03:00,25566.5,25569.25,25562,25562.25,366,25569.84,25540.37,0.00
2025-12-01,07:04:00,25562.5,25564.25,25558.25,25563.75,379,25569.83,25540.42,0.00
2025-12-01,07:05:00,25563.5,25567,25557.75,25558.5,312,25569.82,25540.46,0.00
2025-12-01,07:06:00,25558.25,25559,25548.5,25548.5,910,25569.79,25540.53,0.00
2025-12-01,07:07:00,25548.5,25551,25544.5,25546.5,533,25569.76,25540.55,0.00
2025-12-01,07:08:00,25545.75,25548.25,25541,25548,551,25569.73,25540.57,0.00
2025-12-01,07:09:00,25548.25,25552.25,25545.75,25548.5,467,25569.71,25540.60,0.00
2025-12-01,07:10:00,25548.5,25550,25543.75,25550,419,25569.69,25540.62,0.00
2025-12-01,07:11:00,25549,25550.25,25543.5,25547,318,25569.68,25540.63,0.00
2025-12-01,07:12:00,25546.5,25552,25545.25,25546,340,25569.66,25540.65,0.00
2025-12-01,07:13:00,25545.5,25560,25544.5,25558.25,620,25569.64,25540.70,0.00
2025-12-01,07:14:00,25559,25563,25558,25561.25,522,25569.63,25540.76,0.00
2025-12-01,07:15:00,25561.25,25569,25560.25,25567,490,25569.63,25540.84,0.00
2025-12-01,07:16:00,25566.75,25568,25559.75,25567,479,25569.62,25540.91,0.00
2025-12-01,07:17:00,25567.5,25573,25562,25563,663,25569.62,25541.02,0.00
2025-12-01,07:18:00,25562.5,25562.5,25552,25554,612,25569.60,25541.07,0.00
2025-12-01,07:19:00,25555.75,25558.5,25551.75,25554.75,374,25569.59,25541.11,0.00
2025-12-01,07:20:00,25554.25,25557,25548,25552.75,380,25569.57,25541.13,0.00
2025-12-01,07:21:00,25553.5,25557,25549.5,25550.5,514,25569.55,25541.17,0.00
2025-12-01,07:22:00,25549.75,25557,25549,25551.75,286,25569.54,25541.19,0.00
2025-12-01,07:23:00,25552.5,25552.75,25548.25,25550,268,25569.53,25541.20,0.00
2025-12-01,07:24:00,25549.5,25558,25548,25557,334,25569.52,25541.23,0.00
2025-12-01,07:25:00,25557,25561,25553,25554,377,25569.51,25541.26,0.00
2025-12-01,07:26:00,25554,25556.25,25551.25,25555,286,25569.50,25541.29,0.00
2025-12-01,07:27:00,25555,25558.25,25554,25554.75,189,25569.50,25541.30,0.00
2025-12-01,07:28:00,25555,25556,25551.25,25555,230,25569.49,25541.32,0.00
2025-12-01,07:29:00,25554.5,25557.25,25552.25,25552.25,229,25569.48,25541.34,0.00
2025-12-01,07:30:00,25552.75,25556.25,25552.25,25554.25,121,25569.48,25541.35,0.00
2025-12-01,07:31:00,25553.25,25556.25,25551.5,25554.75,281,25569.47,25541.37,0.00
2025-12-01,07:32:00,25555.5,25560,25555.5,25557.25,307,25569.46,25541.40,0.00
2025-12-01,07:33:00,25557.5,25558.5,25554,25555.5,197,25569.45,25541.42,0.00
2025-12-01,07:34:00,25553.5,25553.5,25545,25550.5,494,25569.43,25541.44,0.00
2025-12-01,07:35:00,25550.75,25552.5,25547.25,25547.5,277,25569.42,25541.45,0.00
2025-12-01,07:36:00,25547.25,25549.25,25544.75,25545.25,201,25569.41,25541.46,0.00
2025-12-01,07:37:00,25544.75,25554.25,25540.75,25552.75,721,25569.38,25541.49,0.00
2025-12-01,07:38:00,25553,25556.25,25544,25544.75,485,25569.36,25541.51,0.00
2025-12-01,07:39:00,25544.25,25546.75,25539.5,25544,485,25569.33,25541.52,0.00
2025-12-01,07:40:00,25544.5,25550,25544.5,25548,300,25569.32,25541.53,0.00
2025-12-01,07:41:00,25547.25,25548,25542.75,25543.5,200,25569.31,25541.53,0.00
2025-12-01,07:42:00,25543.25,25545.5,25541.75,25544.25,160,25569.30,25541.54,0.00
2025-12-01,07:43:00,25544.25,25546,25542,25543,168,25569.29,25541.54,0.00
2025-12-01,07:44:00,25542.5,25543.25,25532.5,25535.5,974,25569.23,25541.51,0.00
2025-12-01,07:45:00,25535,25540,25533.75,25535.5,460,25569.19,25541.50,0.00
2025-12-01,07:46:00,25535.5,25541.5,25535,25536.75,373,25569.17,25541.49,0.00
2025-12-01,07:47:00,25536.75,25542.5,25536.75,25540.5,326,25569.15,25541.49,0.00
2025-12-01,07:48:00,25540.5,25545.75,25538.25,25542.25,361,25569.13,25541.49,0.00
2025-12-01,07:49:00,25542.25,25545.5,25540.5,25544.25,262,25569.12,25541.49,0.00
2025-12-01,07:50:00,25544.5,25545,25539.75,25543.25,246,25569.10,25541.49,0.00
2025-12-01,07:51:00,25544.5,25551.25,25544,25550.25,554,25569.08,25541.52,0.00
2025-12-01,07:52:00,25550,25551.75,25538.25,25540.75,773,25569.04,25541.53,0.00
2025-12-01,07:53:00,25541.25,25548,25540.5,25546.5,271,25569.02,25541.53,0.00
2025-12-01,07:54:00,25545.75,25558.25,25545.75,25549.75,972,25568.99,25541.59,0.00
2025-12-01,07:55:00,25550.25,25554.5,25549.25,25552.25,264,25568.98,25541.60,0.00
2025-12-01,07:56:00,25551.5,25554.5,25544.25,25549.25,505,25568.96,25541.62,0.00
2025-12-01,07:57:00,25549.75,25552.5,25548,25549.75,245,25568.95,25541.63,0.00
2025-12-01,07:58:00,25550.5,25553.25,25548,25548.25,205,25568.94,25541.64,0.00
2025-12-01,07:59:00,25548.5,25554.75,25547.75,25552.25,258,25568.93,25541.66,0.00
2025-12-01,08:00:00,25551.75,25554,25548,25549.25,211,25568.92,25541.67,0.00
2025-12-01,08:01:00,25549.25,25560.75,25549,25556.5,819,25568.90,25541.73,0.00
2025-12-01,08:02:00,25556,25556.5,25550.5,25550.5,375,25568.89,25541.76,0.00
2025-12-01,08:03:00,25550.5,25551.75,25546.25,25549,320,25568.87,25541.77,0.00
2025-12-01,08:04:00,25550,25555.5,25548.75,25548.75,298,25568.86,25541.78,0.00
2025-12-01,08:05:00,25549.75,25550,25530.75,25532.5,738,25568.82,25541.77,0.00
2025-12-01,08:06:00,25532.25,25537.25,25530.25,25534.25,547,25568.78,25541.74,0.00
2025-12-01,08:07:00,25534,25541.25,25532.75,25537.75,431,25568.75,25541.73,0.00
2025-12-01,08:08:00,25537.75,25537.75,25527.5,25530.25,798,25568.69,25541.69,0.00
2025-12-01,08:09:00,25529.5,25535.75,25517.5,25532.5,2155,25568.51,25541.53,0.00
2025-12-01,08:10:00,25530.75,25535.5,25527.5,25528.75,381,25568.48,25541.51,0.00
2025-12-01,08:11:00,25529,25530,25520.25,25520.25,544,25568.43,25541.46,0.00
2025-12-01,08:12:00,25520,25520,25507,25511.5,1657,25568.25,25541.20,0.00
2025-12-01,08:13:00,25511.5,25511.5,25499.75,25509.75,1411,25568.07,25540.94,0.00
2025-12-01,08:14:00,25510.25,25522,25509.5,25516.5,1076,25567.96,25540.80,0.00
2025-12-01,08:15:00,25516.25,25520,25512.25,25518.75,561,25567.90,25540.73,0.00
2025-12-01,08:16:00,25518.5,25523.25,25511.5,25523,541,25567.85,25540.67,0.00
2025-12-01,08:17:00,25522.75,25525.5,25511,25514.75,839,25567.76,25540.56,0.00
2025-12-01,08:18:00,25514.5,25517.5,25507.5,25510,504,25567.70,25540.49,0.00
2025-12-01,08:19:00,25509.5,25509.5,25501.75,25508.75,682,25567.62,25540.37,0.00
2025-12-01,08:20:00,25508,25519.75,25508,25513.5,570,25567.56,25540.29,0.00
2025-12-01,08:21:00,25513.5,25516.5,25503.5,25507.75,1035,25567.44,25540.12,0.00
2025-12-01,08:22:00,25508.5,25514.25,25507.25,25511,379,25567.39,25540.06,0.00
2025-12-01,08:23:00,25511.5,25513.5,25505.75,25512.75,357,25567.35,25540.01,0.00
2025-12-01,08:24:00,25513,25517.25,25510,25513.25,641,25567.29,25539.92,0.00
2025-12-01,08:25:00,25513.5,25515,25507.25,25510.25,422,25567.24,25539.86,0.00
2025-12-01,08:26:00,25510,25517.25,25509.25,25510.75,509,25567.18,25539.79,0.00
2025-12-01,08:27:00,25511.25,25511.25,25505.25,25506.5,590,25567.11,25539.69,0.00
2025-12-01,08:28:00,25506,25507.25,25502.5,25505.75,482,25567.05,25539.60,0.00
2025-12-01,08:29:00,25504.5,25507.75,25496.75,25501.5,819,25566.95,25539.45,0.00
2025-12-01,08:30:00,25502,25509.5,25502,25508.75,560,25566.88,25539.36,0.00
2025-12-01,08:31:00,25508,25509,25497,25497.75,755,25566.78,25539.21,0.00
2025-12-01,08:32:00,25497.75,25499.25,25489.75,25495.75,1323,25566.59,25538.92,0.00
2025-12-01,08:33:00,25495.75,25499.25,25492,25497.5,627,25566.51,25538.78,0.00
2025-12-01,08:34:00,25497.25,25499,25483.75,25486.25,1474,25566.28,25538.42,0.00
2025-12-01,08:35:00,25486,25496.25,25484.75,25493.25,785,25566.17,25538.24,0.00
2025-12-01,08:36:00,25492.5,25495.25,25488.75,25491.5,656,25566.07,25538.09,0.00
2025-12-01,08:37:00,25492,25497.25,25487.5,25495.25,625,25565.98,25537.95,0.00
2025-12-01,08:38:00,25495,25500,25489,25498.5,561,25565.91,25537.84,0.00
2025-12-01,08:39:00,25498.75,25502.75,25494,25501.5,729,25565.81,25537.70,0.00
2025-12-01,08:40:00,25501.5,25502.5,25498.25,25498.25,306,25565.77,25537.64,0.00
2025-12-01,08:41:00,25498,25501.25,25493.5,25496.25,446,25565.71,25537.56,0.00
2025-12-01,08:42:00,25495.5,25504.5,25492.25,25496.75,1145,25565.56,25537.34,0.00
2025-12-01,08:43:00,25497.25,25502.75,25494,25496.5,463,25565.50,25537.25,0.00
2025-12-01,08:44:00,25496,25496.5,25488,25489.5,617,25565.41,25537.11,0.00
2025-12-01,08:45:00,25489,25494.5,25488,25490,396,25565.35,25537.02,0.00
2025-12-01,08:46:00,25490.5,25497,25487.25,25489.5,644,25565.26,25536.88,0.00
2025-12-01,08:47:00,25488.5,25493.75,25485,25490.75,610,25565.17,25536.74,0.00
2025-12-01,08:48:00,25489.75,25494.75,25478.25,25479.5,1088,25565.00,25536.47,0.00
2025-12-01,08:49:00,25479.5,25480.25,25469.75,25471.5,1540,25564.73,25536.02,0.00
2025-12-01,08:50:00,25471,25472.25,25464.5,25468.25,1304,25564.49,25535.60,0.00
2025-12-01,08:51:00,25468.75,25475.25,25464,25467.75,1068,25564.30,25535.27,0.00
2025-12-01,08:52:00,25467,25475.5,25465.25,25472.25,637,25564.18,25535.08,0.00
2025-12-01,08:53:00,25471.75,25481.5,25471.5,25481.25,811,25564.05,25534.87,0.00
2025-12-01,08:54:00,25481,25490,25481,25489.25,970,25563.90,25534.65,0.00
2025-12-01,08:55:00,25490,25493.5,25479.5,25481.25,826,25563.78,25534.46,0.00
2025-12-01,08:56:00,25480.5,25481.25,25470.5,25475.25,738,25563.66,25534.26,0.00
2025-12-01,08:57:00,25475.5,25477.5,25472,25472.5,497,25563.57,25534.13,0.00
2025-12-01,08:58:00,25473.5,25481.25,25471.25,25477.25,516,25563.49,25533.99,0.00
2025-12-01,08:59:00,25477.5,25478.25,25471.5,25474.5,368,25563.42,25533.89,0.00
2025-12-01,09:00:00,25474,25480.5,25471.75,25479,425,25563.35,25533.78,0.00
2025-12-01,09:01:00,25479.25,25490,25472.75,25474.25,1311,25563.15,25533.46,0.00
2025-12-01,09:02:00,25474.75,25489.75,25467.25,25489.25,1226,25562.96,25533.18,0.00
2025-12-01,09:03:00,25489.25,25493.5,25476,25480.75,1144,25562.79,25532.92,0.00
2025-12-01,09:04:00,25480.75,25490,25480.5,25489.25,759,25562.68,25532.77,0.00
2025-12-01,09:05:00,25489.75,25496.25,25482.5,25486,1071,25562.53,25532.55,0.00
2025-12-01,09:06:00,25484.75,25486.75,25477.5,25478.25,672,25562.43,25532.40,0.00
2025-12-01,09:07:00,25477.75,25489.25,25474.75,25487.25,707,25562.32,25532.25,0.00
2025-12-01,09:08:00,25486.5,25501,25486.25,25501,765,25562.23,25532.13,0.00
2025-12-01,09:09:00,25501,25505,25496.5,25498.75,1039,25562.11,25531.98,0.00
2025-12-01,09:10:00,25498.75,25504.5,25494.75,25504,679,25562.03,25531.89,0.00
2025-12-01,09:11:00,25504.75,25505.25,25494,25494.5,686,25561.95,25531.79,0.00
2025-12-01,09:12:00,25494.5,25502.75,25492.25,25499.5,518,25561.89,25531.71,0.00
2025-12-01,09:13:00,25499.5,25506.25,25498,25502.5,590,25561.82,25531.64,0.00
2025-12-01,09:14:00,25502.75,25509.25,25501.5,25504,957,25561.72,25531.53,0.00
2025-12-01,09:15:00,25503.75,25507.25,25500.75,25503.5,527,25561.66,25531.47,0.00
2025-12-01,09:16:00,25503.5,25505,25498.5,25500.5,706,25561.58,25531.38,0.00
2025-12-01,09:17:00,25500.25,25506.75,25497,25498.75,839,25561.49,25531.27,0.00
2025-12-01,09:18:00,25498.25,25500.5,25491.5,25496.75,959,25561.37,25531.12,0.00
2025-12-01,09:19:00,25496.5,25507,25496.5,25500,659,25561.30,25531.04,0.00
2025-12-01,09:20:00,25499.5,25507.5,25495.25,25507,579,25561.24,25530.97,0.00
2025-12-01,09:21:00,25507.25,25512.25,25506,25511.25,1319,25561.11,25530.86,0.00
2025-12-01,09:22:00,25511,25515,25496,25496,1357,25560.97,25530.69,0.00
2025-12-01,09:23:00,25497.5,25500,25491.25,25499.25,825,25560.87,25530.58,0.00
2025-12-01,09:24:00,25498.75,25511.75,25496,25509.25,801,25560.79,25530.49,0.00
2025-12-01,09:25:00,25509.75,25511.25,25504,25505,440,25560.75,25530.45,0.00
2025-12-01,09:26:00,25504.75,25514,25504,25512.75,454,25560.71,25530.41,0.00
2025-12-01,09:27:00,25513.5,25514.75,25508.75,25513,691,25560.65,25530.36,0.00
2025-12-01,09:28:00,25513.25,25513.25,25504.25,25508,548,25560.59,25530.31,0.00
2025-12-01,09:29:00,25508.75,25509.5,25504.5,25506,391,25560.55,25530.27,0.00
2025-12-01,09:30:00,25505.75,25507.25,25499.5,25499.75,552,25560.50,25530.21,0.00
2025-12-01,09:31:00,25499.5,25500.25,25492.75,25499.25,1087,25560.37,25530.06,0.00
2025-12-01,09:32:00,25499.25,25500.25,25489.25,25490.5,819,25560.27,25529.94,0.00
2025-12-01,09:33:00,25490.25,25497,25488,25493.5,831,25560.17,25529.82,0.00
2025-12-01,09:34:00,25493.5,25501.25,25488.75,25500,710,25560.09,25529.72,0.00
2025-12-01,09:35:00,25500.75,25504.75,25495.75,25499.5,581,25560.03,25529.65,0.00
2025-12-01,09:36:00,25499.5,25500.5,25494.75,25497.25,342,25559.99,25529.61,0.00
2025-12-01,09:37:00,25496,25505.25,25494.75,25505,606,25559.93,25529.54,0.00
2025-12-01,09:38:00,25504.25,25505.25,25491.25,25491.75,1233,25559.78,25529.38,0.00
2025-12-01,09:39:00,25492.25,25499.5,25490.5,25498.25,744,25559.70,25529.28,0.00
2025-12-01,09:40:00,25497.5,25500,25493.5,25498,771,25559.61,25529.18,0.00
2025-12-01,09:41:00,25497.75,25499.25,25491.5,25498.75,637,25559.54,25529.10,0.00
2025-12-01,09:42:00,25498.75,25507.75,25498.5,25507.75,1036,25559.44,25529.00,0.00
2025-12-01,09:43:00,25507.75,25513.75,25507.25,25511.75,894,25559.36,25528.93,0.00
2025-12-01,09:44:00,25513,25514.5,25506.75,25507.75,732,25559.30,25528.88,0.00
2025-12-01,09:45:00,25508.25,25516.75,25505.5,25508.5,892,25559.22,25528.81,0.00
2025-12-01,09:46:00,25508.75,25511.75,25502.25,25508,775,25559.15,25528.75,0.00
2025-12-01,09:47:00,25507.75,25513,25503.5,25511,682,25559.09,25528.70,0.00
2025-12-01,09:48:00,25510.75,25510.75,25506,25507.75,428,25559.05,25528.66,0.00
2025-12-01,09:49:00,25507.25,25509.75,25504.25,25509.5,446,25559.01,25528.63,0.00
2025-12-01,09:50:00,25509.5,25513.25,25507.75,25509.5,564,25558.96,25528.59,0.00
2025-12-01,09:51:00,25509.75,25512.75,25500.5,25501.25,1002,25558.86,25528.49,0.00
2025-12-01,09:52:00,25501,25501.5,25492.5,25494.5,1453,25558.70,25528.31,0.00
2025-12-01,09:53:00,25494.75,25507.25,25494.75,25498.5,923,25558.61,25528.21,0.00
2025-12-01,09:54:00,25499,25502.25,25496,25499.5,353,25558.57,25528.18,0.00
2025-12-01,09:55:00,25499.75,25501,25496.5,25501,268,25558.54,25528.15,0.00
2025-12-01,09:56:00,25500.25,25504.75,25496.75,25497.75,482,25558.49,25528.09,0.00
2025-12-01,09:57:00,25497.75,25505.25,25497.75,25501,407,25558.45,25528.05,0.00
2025-12-01,09:58:00,25501,25517,25501,25516.75,848,25558.38,25528.00,0.00
2025-12-01,09:59:00,25516.75,25524.25,25516.25,25520.25,1685,25558.27,25527.95,0.00
2025-12-01,10:00:00,25519.75,25523,25518.75,25519.25,660,25558.23,25527.93,0.00
2025-12-01,10:01:00,25519.25,25523.75,25514,25518.25,1475,25558.13,25527.88,0.00
2025-12-01,10:02:00,25517.5,25521,25512.25,25514.25,1098,25558.05,25527.83,0.00
2025-12-01,10:03:00,25514.5,25520.5,25511.75,25517.5,951,25557.98,25527.79,0.00
2025-12-01,10:04:00,25518,25521.75,25512,25513.75,747,25557.92,25527.76,0.00
2025-12-01,10:05:00,25513.25,25515.75,25510.75,25513.25,516,25557.88,25527.73,0.00
2025-12-01,10:06:00,25513.5,25517,25511.25,25515,538,25557.84,25527.71,0.00
2025-12-01,10:07:00,25514.75,25520.5,25514.25,25520.5,667,25557.80,25527.68,0.00
2025-12-01,10:08:00,25520.5,25520.75,25514.25,25515.5,463,25557.77,25527.67,0.00
2025-12-01,10:09:00,25515.25,25519.25,25515.25,25518.25,425,25557.74,25527.65,0.00
2025-12-01,10:10:00,25519,25525.25,25518.25,25523,722,25557.69,25527.64,0.00
2025-12-01,10:11:00,25523,25534.25,25522,25532.5,1896,25557.60,25527.65,0.00
2025-12-01,10:12:00,25532.75,25536.25,25527.75,25533.5,1103,25557.55,25527.67,0.00
2025-12-01,10:13:00,25533,25541.75,25533,25538.75,1378,25557.51,25527.72,0.00
2025-12-01,10:14:00,25539.5,25542.5,25536,25541.25,840,25557.48,25527.75,0.00
2025-12-01,10:15:00,25541.75,25552.75,25541.75,25550.25,2000,25557.45,25527.90,0.00
2025-12-01,10:16:00,25550.25,25553,25538.75,25540,1760,25557.41,25528.00,0.00
2025-12-01,10:17:00,25540,25544.75,25536,25537.75,1410,25557.37,25528.06,0.00
2025-12-01,10:18:00,25538,25539,25530.5,25531.25,1617,25557.30,25528.09,0.00
2025-12-01,10:19:00,25531,25531.75,25519.5,25522.5,1617,25557.21,25528.07,0.00
2025-12-01,10:20:00,25522,25526.5,25519.25,25524.75,911,25557.16,25528.05,0.00
2025-12-01,10:21:00,25525,25526.5,25517.25,25518,1085,25557.10,25528.03,0.00
2025-12-01,10:22:00,25518,25521.25,25514.75,25518.5,982,25557.03,25527.99,0.00
2025-12-01,10:23:00,25518.75,25522.5,25517.25,25518.25,502,25557.00,25527.98,0.00
2025-12-01,10:24:00,25518.75,25519.25,25509.75,25511.5,1278,25556.91,25527.91,0.00
2025-12-01,10:25:00,25511.25,25516.5,25508.5,25516,905,25556.84,25527.87,0.00
2025-12-01,10:26:00,25516,25517,25498,25510.25,2225,25556.66,25527.72,0.00
2025-12-01,10:27:00,25509.75,25513,25507.5,25511.25,1025,25556.59,25527.67,0.00
2025-12-01,10:28:00,25510.75,25515.5,25503.75,25515.25,1229,25556.49,25527.60,0.00
2025-12-01,10:29:00,25515.25,25517.75,25509.5,25511.75,1313,25556.40,25527.53,0.00
2025-12-01,10:30:00,25512,25513.75,25500.5,25508,2000,25556.24,25527.40,0.00
2025-12-01,10:31:00,25508,25542.5,25506.25,25534.5,8212,25555.86,25527.41,0.00
2025-12-01,10:32:00,25534,25541.5,25501,25504,6358,25555.45,25527.17,0.00
2025-12-01,10:33:00,25503.75,25527.25,25487.25,25517,8838,25554.82,25526.72,0.00
2025-12-01,10:34:00,25516.5,25547.25,25507.25,25537.25,6629,25554.57,25526.79,0.00
2025-12-01,10:35:00,25537.25,25553,25532.5,25553,5079,25554.50,25527.09,0.00
2025-12-01,10:36:00,25552.75,25559,25530,25546,6323,25554.41,25527.42,0.00
2025-12-01,10:37:00,25546,25557.5,25536.5,25547,4572,25554.36,25527.67,0.00
2025-12-01,10:38:00,25546.25,25570.5,25545.75,25568.5,7318,25554.44,25528.37,0.00
2025-12-01,10:39:00,25568.5,25573,25557.5,25560,5874,25554.52,25528.95,0.00
2025-12-01,10:40:00,25559.25,25559.75,25513.25,25513.25,10080,25554.13,25528.94,0.00
2025-12-01,10:41:00,25513,25537.5,25504.75,25512.5,9008,25553.66,25528.69,0.00
2025-12-01,10:42:00,25512.25,25519.25,25480.75,25514.5,10314,25552.94,25528.06,0.00
2025-12-01,10:43:00,25513.25,25513.75,25486.75,25502.5,5036,25552.57,25527.71,0.00
2025-12-01,10:44:00,25501.75,25502,25462.25,25470,8342,25551.69,25526.69,0.00
2025-12-01,10:45:00,25470,25503.25,25462.25,25500,6173,25551.15,25526.11,0.00
2025-12-01,10:46:00,25500.25,25531.75,25490.25,25531.75,8596,25550.76,25525.94,0.00
2025-12-01,10:47:00,25532,25544,25528.25,25543,7359,25550.63,25526.16,0.00
2025-12-01,10:48:00,25543,25569.25,25541.75,25569.25,7383,25550.73,25526.74,0.00
2025-12-01,10:49:00,25568.75,25583.25,25551.25,25555.25,9467,25550.88,25527.52,0.00
2025-12-01,10:50:00,25555,25560.5,25544,25550,5856,25550.89,25527.83,0.00
2025-12-01,10:51:00,25550,25577.25,25546.25,25575,5450,25551.00,25528.29,0.00
2025-12-01,10:52:00,25575,25584.5,25560.75,25575.25,5866,25551.17,25528.87,0.00
2025-12-01,10:53:00,25575.5,25582.25,25554.25,25577.75,5954,25551.33,25529.41,0.00
2025-12-01,10:54:00,25577.5,25590,25563.5,25582,5488,25551.52,25529.98,0.00
2025-12-01,10:55:00,25582,25600.75,25576.5,25599.5,5908,25551.82,25530.75,0.00
2025-12-01,10:56:00,25599.5,25617.25,25596.25,25615.5,7684,25552.39,25532.01,0.00
2025-12-01,10:57:00,25615,25633,25612.5,25613.25,7802,25553.04,25533.39,0.00
2025-12-01,10:58:00,25613,25624.25,25605.5,25615.75,3997,25553.35,25534.05,0.00
2025-12-01,10:59:00,25616.5,25620,25586.75,25597.5,5630,25553.69,25534.81,0.00
2025-12-01,11:00:00,25598.25,25617.25,25592,25613.75,3737,25553.93,25535.34,0.00
2025-12-01,11:01:00,25617.5,25638.25,25606.75,25624.25,7358,25554.55,25536.60,0.00
2025-12-01,11:02:00,25624.5,25631.75,25614.5,25618.75,4659,25554.93,25537.37,0.00
2025-12-01,11:03:00,25618.75,25624.25,25602,25613,5480,25555.32,25538.16,0.00
2025-12-01,11:04:00,25613,25613.5,25595.75,25596.25,5504,25555.62,25538.82,0.00
2025-12-01,11:05:00,25595.5,25612.75,25593.5,25602.5,4363,25555.87,25539.35,0.00
2025-12-01,11:06:00,25602.5,25611.75,25584.5,25603.25,7374,25556.25,25540.17,0.00
2025-12-01,11:07:00,25603.25,25618.75,25597.75,25611,4143,25556.51,25540.70,0.00
2025-12-01,11:08:00,25610.75,25627,25606.75,25617.75,4377,25556.82,25541.31,0.00
2025-12-01,11:09:00,25617,25631.75,25613.5,25622,4022,25557.13,25541.90,0.00
2025-12-01,11:10:00,25622,25631,25605.25,25616.75,4548,25557.44,25542.51,0.00
2025-12-01,11:11:00,25616.25,25628.75,25603.25,25628.25,4687,25557.78,25543.16,0.00
2025-12-01,11:12:00,25628,25630.25,25611.25,25622.25,3715,25558.05,25543.67,0.00
2025-12-01,11:13:00,25622.5,25627.75,25606.75,25627.25,2779,25558.25,25544.05,0.00
2025-12-01,11:14:00,25627.25,25643,25619.25,25633.5,5982,25558.75,25544.96,0.00
2025-12-01,11:15:00,25633.75,25633.75,25604,25608,5850,25559.12,25545.67,0.00
2025-12-01,11:16:00,25608,25611,25594.5,25594.75,5656,25559.38,25546.20,0.00
2025-12-01,11:17:00,25594.75,25616.75,25590,25614.25,4960,25559.64,25546.71,0.00
2025-12-01,11:18:00,25614.5,25622,25600.5,25610,4073,25559.88,25547.14,0.00
2025-12-01,11:19:00,25609.5,25621.75,25605.75,25618.25,2850,25560.05,25547.47,0.00
2025-12-01,11:20:00,25618,25627.5,25612,25617.25,3279,25560.26,25547.86,0.00
2025-12-01,11:21:00,25615.5,25620.5,25600,25608.25,3915,25560.47,25548.26,0.00
2025-12-01,11:22:00,25608,25608,25578.25,25596.25,6806,25560.72,25548.77,0.00
2025-12-01,11:23:00,25595,25603,25587.25,25593.5,3744,25560.86,25549.05,0.00
2025-12-01,11:24:00,25593.25,25602.75,25587.75,25591.5,3262,25560.98,25549.28,0.00
2025-12-01,11:25:00,25591.75,25599,25582,25586.75,3350,25561.08,25549.50,0.00
2025-12-01,11:26:00,25586.75,25591,25561.25,25579.25,8492,25561.22,25549.87,0.00
2025-12-01,11:27:00,25579,25596.5,25575,25591.75,5328,25561.37,25550.19,0.00
2025-12-01,11:28:00,25591.25,25599,25572,25585.75,4766,25561.50,25550.45,0.00
2025-12-01,11:29:00,25585.75,25595.5,25584,25588.25,3260,25561.59,25550.65,0.00
2025-12-01,11:30:00,25588,25591.25,25572.25,25577,3562,25561.66,25550.81,0.00
2025-12-01,11:31:00,25577.25,25582.25,25565.75,25566.75,5031,25561.71,25550.97,0.00
2025-12-01,11:32:00,25566.5,25584.5,25558,25578.5,6118,25561.79,25551.18,0.00
2025-12-01,11:33:00,25578.5,25581.75,25571.75,25574.5,3101,25561.83,25551.30,0.00
2025-12-01,11:34:00,25573.75,25581.25,25561.5,25561.75,3617,25561.86,25551.39,0.00
2025-12-01,11:35:00,25561.5,25562.5,25533.25,25541.25,9417,25561.70,25551.31,0.00
2025-12-01,11:36:00,25541.5,25552.5,25519.5,25547.75,8625,25561.51,25551.16,0.00
2025-12-01,11:37:00,25548,25586.5,25545.75,25573.25,9633,25561.58,25551.41,0.00
2025-12-01,11:38:00,25573.25,25582.75,25556,25559.25,6351,25561.61,25551.54,0.00
2025-12-01,11:39:00,25559.25,25580.75,25558.5,25579.5,4052,25561.65,25551.66,0.00
2025-12-01,11:40:00,25579.25,25599.75,25576,25597.5,7027,25561.86,25552.05,0.00
2025-12-01,11:41:00,25597,25613,25585.5,25586.25,7872,25562.11,25552.52,0.00
2025-12-01,11:42:00,25586,25596,25580,25587.25,4280,25562.22,25552.73,0.00
2025-12-01,11:43:00,25588.25,25598.75,25577.5,25593.75,3753,25562.32,25552.92,0.00
2025-12-01,11:44:00,25594,25594,25571.25,25579.25,4210,25562.40,25553.09,0.00
2025-12-01,11:45:00,25579,25590.25,25569.5,25587,3787,25562.47,25553.24,0.00
2025-12-01,11:46:00,25586.75,25599.25,25586.25,25591.5,3911,25562.58,25553.44,0.00
2025-12-01,11:47:00,25591,25601.5,25578.75,25579,4251,25562.68,25553.63,0.00
2025-12-01,11:48:00,25579,25584.75,25573.5,25579.5,3308,25562.73,25553.74,0.00
2025-12-01,11:49:00,25579.25,25598.5,25577.5,25592.75,2903,25562.80,25553.88,0.00
2025-12-01,11:50:00,25592.25,25601,25583,25594.75,2942,25562.88,25554.04,0.00
2025-12-01,11:51:00,25594.75,25609.75,25592.25,25606,4433,25563.05,25554.32,0.00
2025-12-01,11:52:00,25605.5,25631,25605.25,25628,5992,25563.38,25554.85,0.00
2025-12-01,11:53:00,25628,25659.75,25628,25659.25,8358,25564.04,25555.87,0.00
2025-12-01,11:54:00,25659.5,25662,25647.75,25655.25,5082,25564.47,25556.52,0.00
2025-12-01,11:55:00,25655.5,25669.25,25651.5,25662.25,4510,25564.87,25557.12,0.00
2025-12-01,11:56:00,25663,25664.25,25649,25661.75,4300,25565.24,25557.68,0.00
2025-12-01,11:57:00,25661.75,25666.75,25656.25,25664.25,2539,25565.46,25558.01,0.00
2025-12-01,11:58:00,25664.75,25671.75,25660.75,25666.25,2864,25565.73,25558.41,0.00
2025-12-01,11:59:00,25666.25,25673,25663.75,25669,2748,25565.98,25558.79,0.00
2025-12-01,12:00:00,25669.25,25672.25,25658.25,25666,2546,25566.21,25559.13,0.00
2025-12-01,12:01:00,25665.75,25672,25655.75,25661.25,3952,25566.56,25559.64,0.00
2025-12-01,12:02:00,25661,25668.75,25658.5,25667,1780,25566.72,25559.88,0.00
2025-12-01,12:03:00,25666.75,25672,25662.75,25663.5,2028,25566.90,25560.14,0.00
2025-12-01,12:04:00,25663.25,25669.25,25659.75,25663.75,2195,25567.09,25560.43,0.00
2025-12-01,12:05:00,25664.25,25669.75,25662.75,25663.5,1535,25567.22,25560.63,0.00
2025-12-01,12:06:00,25664.5,25668.5,25648.75,25651.25,3942,25567.54,25561.09,0.00
2025-12-01,12:07:00,25651.5,25652.5,25634.75,25635,5362,25567.89,25561.61,0.00
2025-12-01,12:08:00,25635.5,25635.75,25615,25621.25,6116,25568.19,25562.08,0.00
2025-12-01,12:09:00,25621.25,25630,25607.5,25615.25,4904,25568.40,25562.41,0.00
2025-12-01,12:10:00,25615.5,25624.5,25601.5,25623.5,4913,25568.61,25562.73,0.00
2025-12-01,12:11:00,25623.25,25633.5,25614.25,25619.75,5756,25568.88,25563.14,0.00
2025-12-01,12:12:00,25620.25,25622.5,25605.25,25606.75,3749,25569.02,25563.35,0.00
2025-12-01,12:13:00,25606.75,25616.5,25595.5,25614.75,4838,25569.19,25563.61,0.00
2025-12-01,12:14:00,25615.25,25623,25611.25,25618.25,2857,25569.31,25563.79,0.00
2025-12-01,12:15:00,25618.75,25621.5,25601.75,25602.25,2781,25569.40,25563.94,0.00
2025-12-01,12:16:00,25601.5,25604.25,25578.75,25591.25,7055,25569.54,25564.17,0.00
2025-12-01,12:17:00,25591.5,25597.5,25579.25,25586.5,3972,25569.60,25564.27,0.00
2025-12-01,12:18:00,25586.5,25597.25,25575.75,25594.5,4366,25569.67,25564.40,0.00
2025-12-01,12:19:00,25593.75,25617.25,25589.5,25614.75,5059,25569.83,25564.65,0.00
2025-12-01,12:20:00,25614,25617,25602.75,25604.5,2703,25569.92,25564.78,0.00
2025-12-01,12:21:00,25604,25630.25,25604,25625.25,4700,25570.12,25565.08,0.00
2025-12-01,12:22:00,25625.25,25632.5,25620,25628.75,3843,25570.30,25565.35,0.00
2025-12-01,12:23:00,25628.25,25633.75,25620,25627.25,2520,25570.42,25565.52,0.00
2025-12-01,12:24:00,25626,25630.5,25617.75,25620.75,2186,25570.52,25565.66,0.00
2025-12-01,12:25:00,25621.25,25627,25613,25622.5,2469,25570.62,25565.81,0.00
2025-12-01,12:26:00,25623,25636.75,25620.25,25631.5,3416,25570.79,25566.06,0.00
2025-12-01,12:27:00,25631.75,25638,25624.5,25637,2106,25570.90,25566.22,0.00
2025-12-01,12:28:00,25637.5,25642.5,25628.5,25629.75,3315,25571.07,25566.46,0.00
2025-12-01,12:29:00,25630,25630.5,25619.25,25625.5,2666,25571.19,25566.64,0.00
2025-12-01,12:30:00,25625.5,25636.5,25623,25634,2045,25571.29,25566.78,0.00
2025-12-01,12:31:00,25634,25650,25631.5,25645.75,4301,25571.54,25567.14,0.00
2025-12-01,12:32:00,25645.5,25656,25644.5,25650.75,3321,25571.76,25567.44,0.00
2025-12-01,12:33:00,25650.5,25654.25,25638.75,25643,2977,25571.93,25567.70,0.00
2025-12-01,12:34:00,25644,25648.25,25632,25643.25,3160,25572.11,25567.95,0.00
2025-12-01,12:35:00,25643.5,25651.5,25636.5,25649,2249,25572.25,25568.14,0.00
2025-12-01,12:36:00,25649.25,25656,25644.25,25653.75,2311,25572.40,25568.35,0.00
2025-12-01,12:37:00,25653.75,25657.25,25643.5,25649.75,2335,25572.54,25568.55,0.00
2025-12-01,12:38:00,25650.25,25659.5,25647.25,25658.25,2402,25572.70,25568.78,0.00
2025-12-01,12:39:00,25658.25,25663.25,25651.75,25662.25,1988,25572.84,25568.97,0.00
2025-12-01,12:40:00,25662,25663,25649.75,25651.5,1929,25572.97,25569.15,0.00
2025-12-01,12:41:00,25651.75,25655.5,25640.75,25655.5,3535,25573.19,25569.46,0.00
2025-12-01,12:42:00,25655.75,25660.25,25652.25,25658.5,1941,25573.32,25569.64,0.00
2025-12-01,12:43:00,25659,25679,25655.5,25674,6291,25573.81,25570.30,0.00
2025-12-01,12:44:00,25673.5,25684.75,25673.25,25684.5,5000,25574.23,25570.89,0.00
2025-12-01,12:45:00,25684.75,25688,25676,25676.25,3290,25574.51,25571.26,0.00
2025-12-01,12:46:00,25676.75,25682.75,25673,25682.5,2401,25574.71,25571.54,0.00
2025-12-01,12:47:00,25682,25694.25,25682,25692.75,3249,25575.00,25571.94,0.00
2025-12-01,12:48:00,25692.75,25699.25,25689,25698,2970,25575.29,25572.32,0.00
2025-12-01,12:49:00,25698,25700.5,25689.5,25695,2659,25575.54,25572.66,0.00
2025-12-01,12:50:00,25695.25,25697.25,25691.25,25695.5,1330,25575.66,25572.83,0.00
2025-12-01,12:51:00,25696,25700.75,25689.75,25692.75,2202,25575.87,25573.10,0.00
2025-12-01,12:52:00,25692.5,25702.25,25692.25,25701.5,1823,25576.04,25573.34,0.00
2025-12-01,12:53:00,25701.5,25704,25693.25,25696.25,2091,25576.24,25573.61,0.00
2025-12-01,12:54:00,25696.75,25699.25,25688,25694.5,2340,25576.46,25573.90,0.00
2025-12-01,12:55:00,25694,25695.5,25685.5,25687.5,2048,25576.64,25574.14,0.00
2025-12-01,12:56:00,25687.25,25694.5,25680,25692,2783,25576.88,25574.47,0.00
2025-12-01,12:57:00,25692.25,25698,25683.75,25689,1943,25577.05,25574.70,0.00
2025-12-01,12:58:00,25689,25689.75,25682.75,25687.25,1367,25577.17,25574.85,0.00
2025-12-01,12:59:00,25687.5,25690,25677.75,25681.75,2364,25577.36,25575.11,0.00
2025-12-01,13:00:00,25681.75,25688.5,25679.5,25688.25,1296,25577.47,25575.26,0.00
2025-12-01,13:01:00,25688,25700.25,25685.5,25697.5,3416,25577.78,25575.67,0.00
2025-12-01,13:02:00,25698,25709.25,25697,25700.25,4304,25578.19,25576.22,0.00
2025-12-01,13:03:00,25700.25,25701,25687.25,25690.75,2926,25578.45,25576.56,0.00
2025-12-01,13:04:00,25691,25696.75,25688.5,25695.5,1344,25578.57,25576.72,0.00
2025-12-01,13:05:00,25695.75,25708.75,25695.75,25708.5,1838,25578.74,25576.95,0.00
2025-12-01,13:06:00,25707.75,25713,25703.75,25705.25,2798,25579.02,25577.32,0.00
2025-12-01,13:07:00,25705.25,25714.75,25702,25709.75,2256,25579.24,25577.61,0.00
2025-12-01,13:08:00,25710,25720.5,25710,25712.5,2743,25579.53,25577.99,0.00
2025-12-01,13:09:00,25712.5,25713.5,25705.5,25708.25,2298,25579.75,25578.29,0.00
2025-12-01,13:10:00,25708.75,25711.25,25699.5,25703.25,2203,25579.96,25578.56,0.00
2025-12-01,13:11:00,25702.75,25707.5,25700.75,25701.5,1553,25580.11,25578.75,0.00
2025-12-01,13:12:00,25701.5,25712.5,25699.75,25709.75,1947,25580.29,25579.00,0.00
2025-12-01,13:13:00,25709.25,25715.75,25706.75,25709.5,1566,25580.45,25579.20,0.00
2025-12-01,13:14:00,25709.25,25710.5,25700.75,25704,1655,25580.60,25579.41,0.00
2025-12-01,13:15:00,25703.75,25709,25694.75,25697,2542,25580.83,25579.71,0.00
2025-12-01,13:16:00,25696.5,25697.5,25674.75,25681,6140,25581.31,25580.33,0.00
2025-12-01,13:17:00,25681,25691.75,25667.5,25691.75,5116,25581.70,25580.85,0.00
2025-12-01,13:18:00,25691.25,25699.25,25687.5,25693.25,3273,25581.97,25581.20,0.00
2025-12-01,13:19:00,25693.5,25696.5,25686.75,25692.25,1569,25582.10,25581.37,0.00
2025-12-01,13:20:00,25692.5,25692.5,25684.25,25688.25,1545,25582.22,25581.53,0.00
2025-12-01,13:21:00,25688.25,25693,25682,25686.75,1658,25582.35,25581.70,0.00
2025-12-01,13:22:00,25687.25,25698.25,25686.25,25697.75,2071,25582.52,25581.92,0.00
2025-12-01,13:23:00,25698.25,25700.75,25691.25,25699.75,1797,25582.68,25582.12,0.00
2025-12-01,13:24:00,25699.5,25703.25,25689.5,25689.75,1867,25582.83,25582.32,0.00
2025-12-01,13:25:00,25689.25,25698.5,25687,25698.25,1423,25582.95,25582.47,0.00
2025-12-01,13:26:00,25698.25,25700.5,25689.25,25693.5,1260,25583.05,25582.61,0.00
2025-12-01,13:27:00,25692.5,25705.75,25689.75,25705.25,1831,25583.21,25582.81,0.00
2025-12-01,13:28:00,25705,25713.75,25702.5,25706.5,2934,25583.48,25583.16,0.00
2025-12-01,13:29:00,25706.75,25709,25702.25,25707.25,1239,25583.59,25583.31,0.00
2025-12-01,13:30:00,25707.5,25709.75,25701.25,25705.75,1015,25583.68,25583.42,0.00
2025-12-01,13:31:00,25706.25,25712.5,25695.25,25696.5,2407,25583.89,25583.69,0.00
2025-12-01,13:32:00,25696.25,25707.25,25693.75,25703.75,1385,25584.01,25583.85,0.00
2025-12-01,13:33:00,25703.75,25708.75,25701.25,25703.5,998,25584.10,25583.96,0.00
2025-12-01,13:34:00,25703.75,25709.25,25700,25705.5,1110,25584.19,25584.09,0.00
2025-12-01,13:35:00,25706,25708.5,25700.25,25707,1251,25584.31,25584.23,0.00
2025-12-01,13:36:00,25707.25,25716.25,25705,25714.25,1928,25584.48,25584.46,0.00
2025-12-01,13:37:00,25714.25,25721.75,25709.75,25721.5,2399,25584.72,25584.76,0.00
2025-12-01,13:38:00,25721.25,25721.75,25716.25,25718.25,1473,25584.86,25584.94,0.00
2025-12-01,13:39:00,25718,25719.75,25709,25710,1739,25585.02,25585.15,0.00
2025-12-01,13:40:00,25709.5,25710.25,25702.25,25706.75,2231,25585.22,25585.41,0.00
2025-12-01,13:41:00,25706.5,25716.25,25705.25,25715.5,1521,25585.36,25585.59,0.00
2025-12-01,13:42:00,25715.25,25721.5,25713.75,25719.25,1657,25585.52,25585.79,0.00
2025-12-01,13:43:00,25719,25724.5,25717,25724,2180,25585.73,25586.07,0.00
2025-12-01,13:44:00,25724,25728,25720.5,25721.25,1826,25585.91,25586.30,0.00
2025-12-01,13:45:00,25721.25,25735,25720.75,25734.5,2779,25586.20,25586.67,0.00
2025-12-01,13:46:00,25734.5,25743.75,25733,25743.5,4057,25586.65,25587.24,0.00
2025-12-01,13:47:00,25743.75,25749,25738.75,25740,3493,25587.04,25587.74,0.00
2025-12-01,13:48:00,25740,25744.25,25734.5,25736.75,2102,25587.27,25588.03,0.00
2025-12-01,13:49:00,25736.75,25745.25,25736,25742.75,1692,25587.46,25588.27,0.00
2025-12-01,13:50:00,25743,25745.25,25737,25737.25,1400,25587.61,25588.46,0.00
2025-12-01,13:51:00,25737.25,25738,25716.75,25722.25,5050,25588.10,25589.09,0.00
2025-12-01,13:52:00,25722,25726,25717,25725.25,1892,25588.28,25589.32,0.00
2025-12-01,13:53:00,25724.75,25729.25,25719.25,25724.75,1534,25588.43,25589.51,0.00
2025-12-01,13:54:00,25724.5,25725.75,25717.5,25718.25,1272,25588.55,25589.66,0.00
2025-12-01,13:55:00,25718.25,25721,25714.5,25717.25,1508,25588.69,25589.83,0.00
2025-12-01,13:56:00,25717.75,25720.5,25710,25712,1852,25588.85,25590.04,0.00
2025-12-01,13:57:00,25712,25716.25,25702.5,25707.5,2195,25589.04,25590.28,0.00
2025-12-01,13:58:00,25707.75,25715,25706,25711.25,1384,25589.16,25590.43,0.00
2025-12-01,13:59:00,25711.5,25718,25711,25714,1631,25589.30,25590.61,0.00
2025-12-01,14:00:00,25715,25715.25,25702.75,25704,1890,25589.46,25590.81,0.00
2025-12-01,14:01:00,25704,25714.5,25699.25,25714.25,2843,25589.70,25591.11,0.00
2025-12-01,14:02:00,25714,25721,25711,25720,2508,25589.92,25591.39,0.00
2025-12-01,14:03:00,25720.25,25725.25,25716.25,25719.5,2067,25590.11,25591.63,0.00
2025-12-01,14:04:00,25719.25,25725.5,25716.25,25722.5,1224,25590.22,25591.77,0.00
2025-12-01,14:05:00,25723.25,25724.5,25716.5,25718.75,1061,25590.32,25591.89,0.00
2025-12-01,14:06:00,25718.25,25720,25711.75,25716.5,1253,25590.43,25592.03,0.00
2025-12-01,14:07:00,25716.25,25719.75,25711.5,25714.75,1354,25590.55,25592.18,0.00
2025-12-01,14:08:00,25714.75,25722.25,25712.5,25720.75,1054,25590.64,25592.29,0.00
2025-12-01,14:09:00,25720.75,25727.75,25718,25726,1737,25590.80,25592.50,0.00
2025-12-01,14:10:00,25726,25727.5,25721.25,25721.75,1238,25590.92,25592.64,0.00
2025-12-01,14:11:00,25721.5,25726,25719,25724.25,1260,25591.03,25592.78,0.00
2025-12-01,14:12:00,25724,25728.25,25724,25727.25,1001,25591.13,25592.90,0.00
2025-12-01,14:13:00,25727.5,25731.25,25724,25730.75,1406,25591.26,25593.07,0.00
2025-12-01,14:14:00,25730.5,25737,25729.5,25729.5,2296,25591.48,25593.35,0.00
2025-12-01,14:15:00,25730,25730.75,25725,25729.5,1337,25591.61,25593.51,0.00
2025-12-01,14:16:00,25728.75,25733.5,25724.75,25730.75,1110,25591.72,25593.64,0.00
2025-12-01,14:17:00,25730.5,25732.5,25723.75,25724.75,1294,25591.84,25593.79,0.00
2025-12-01,14:18:00,25724.75,25726.25,25719,25722.75,1438,25591.97,25593.96,0.00
2025-12-01,14:19:00,25723,25725,25715.5,25723,1568,25592.11,25594.13,0.00
2025-12-01,14:20:00,25722.75,25725,25719,25721.5,763,25592.18,25594.22,0.00
2025-12-01,14:21:00,25721.75,25722.5,25710,25710,1757,25592.32,25594.40,0.00
2025-12-01,14:22:00,25710,25715.5,25706.75,25710.25,1782,25592.47,25594.58,0.00
2025-12-01,14:23:00,25710.25,25716.75,25707.75,25713.5,918,25592.54,25594.68,0.00
2025-12-01,14:24:00,25713.75,25715.25,25710.25,25714.25,718,25592.60,25594.75,0.00
2025-12-01,14:25:00,25713.5,25719.75,25711.5,25719.25,1209,25592.71,25594.88,0.00
2025-12-01,14:26:00,25719,25723.5,25716.75,25721.75,1278,25592.82,25595.02,0.00
2025-12-01,14:27:00,25722,25726.5,25719.5,25722.5,1427,25592.95,25595.18,0.00
2025-12-01,14:28:00,25723,25725.75,25719.25,25719.5,532,25592.99,25595.23,0.00
2025-12-01,14:29:00,25719.5,25721.75,25716.5,25721.25,959,25593.08,25595.34,0.00
2025-12-01,14:30:00,25721.25,25723.75,25712.75,25716,1266,25593.18,25595.47,0.00
2025-12-01,14:31:00,25716.25,25724.25,25716.25,25723.75,1053,25593.28,25595.59,0.00
2025-12-01,14:32:00,25723.75,25725.75,25721.5,25722.5,1140,25593.38,25595.71,0.00
2025-12-01,14:33:00,25722.25,25726,25720.25,25722.25,820,25593.45,25595.80,0.00
2025-12-01,14:34:00,25723,25726,25721,25722,602,25593.50,25595.87,0.00
2025-12-01,14:35:00,25722.25,25726,25718.75,25724.5,784,25593.57,25595.95,0.00
2025-12-01,14:36:00,25724.5,25725.75,25721,25722.25,596,25593.62,25596.02,0.00
2025-12-01,14:37:00,25721.75,25729.5,25721.75,25729.25,1547,25593.76,25596.19,0.00
2025-12-01,14:38:00,25729,25730.5,25721.75,25724.5,1314,25593.88,25596.34,0.00
2025-12-01,14:39:00,25725,25727.75,25721.75,25726,648,25593.94,25596.41,0.00
2025-12-01,14:40:00,25726.5,25729.25,25723.25,25723.5,760,25594.01,25596.49,0.00
2025-12-01,14:41:00,25723.5,25724.5,25718.25,25720,1161,25594.11,25596.62,0.00
2025-12-01,14:42:00,25720.5,25722,25714.25,25721.75,1474,25594.23,25596.77,0.00
2025-12-01,14:43:00,25722.5,25724.25,25717.75,25719.25,740,25594.30,25596.85,0.00
2025-12-01,14:44:00,25719.5,25726,25719,25725.75,857,25594.37,25596.94,0.00
2025-12-01,14:45:00,25725.75,25727.75,25723,25723,1169,25594.47,25597.07,0.00
2025-12-01,14:46:00,25723.25,25727.25,25721.5,25724,1562,25594.61,25597.24,0.00
2025-12-01,14:47:00,25724.5,25732,25724.5,25727,1901,25594.78,25597.45,0.00
2025-12-01,14:48:00,25727.75,25731,25726.25,25727.75,743,25594.85,25597.53,0.00
2025-12-01,14:49:00,25727.5,25727.5,25721.75,25722.75,956,25594.93,25597.64,0.00
2025-12-01,14:50:00,25722.75,25722.75,25717,25720,1121,25595.03,25597.75,0.00
2025-12-01,14:51:00,25720.75,25733.25,25720.75,25731.5,1819,25595.19,25597.96,0.00
2025-12-01,14:52:00,25731.25,25735,25728.75,25732.5,1732,25595.35,25598.15,0.00
2025-12-01,14:53:00,25732.5,25738.5,25731.25,25735.25,2074,25595.54,25598.39,0.00
2025-12-01,14:54:00,25735.5,25737.5,25731.5,25735.75,1030,25595.64,25598.51,0.00
2025-12-01,14:55:00,25735.75,25738.75,25735.25,25736,942,25595.73,25598.62,0.00
2025-12-01,14:56:00,25736,25743,25733.5,25739.25,1809,25595.90,25598.83,0.00
2025-12-01,14:57:00,25739.5,25743,25737.5,25742.75,1265,25596.03,25598.99,0.00
2025-12-01,14:58:00,25743,25746.25,25741.5,25743.75,1358,25596.16,25599.15,0.00
2025-12-01,14:59:00,25743.5,25744.75,25740.5,25742.5,1048,25596.26,25599.28,0.00
2025-12-01,15:00:00,25742.5,25746,25739.5,25739.5,950,25596.35,25599.39,0.00
2025-12-01,15:01:00,25740,25741.5,25725,25725,3104,25596.63,25599.73,0.00
2025-12-01,15:02:00,25725.25,25729.75,25715.75,25717.5,2827,25596.87,25600.02,0.00
2025-12-01,15:03:00,25717,25723.75,25711,25722.75,2890,25597.10,25600.31,0.00
2025-12-01,15:04:00,25722.75,25726.25,25720.25,25725.75,1632,25597.24,25600.47,0.00
2025-12-01,15:05:00,25725.5,25726.5,25712.25,25712.5,2474,25597.43,25600.71,0.00
2025-12-01,15:06:00,25712.5,25712.5,25701.75,25702.25,2916,25597.64,25600.97,0.00
2025-12-01,15:07:00,25702.75,25707,25695,25705.75,3159,25597.86,25601.23,0.00
2025-12-01,15:08:00,25705.5,25710.75,25701,25702.25,1884,25597.99,25601.39,0.00
2025-12-01,15:09:00,25702,25706.75,25700,25702.5,1174,25598.07,25601.49,0.00
2025-12-01,15:10:00,25702.5,25703.75,25696.25,25700.25,1592,25598.18,25601.62,0.00
2025-12-01,15:11:00,25700.25,25701.75,25693,25697.75,2146,25598.32,25601.79,0.00
2025-12-01,15:12:00,25697.75,25704.75,25694.75,25697.5,1439,25598.42,25601.90,0.00
2025-12-01,15:13:00,25697.75,25697.75,25685.75,25694.25,3440,25598.63,25602.16,0.00
2025-12-01,15:14:00,25694.5,25701,25692.25,25699.75,1955,25598.75,25602.31,0.00
2025-12-01,15:15:00,25699.75,25704.75,25698,25701.5,2407,25598.91,25602.51,0.00
2025-12-01,15:16:00,25702.25,25702.5,25693.25,25693.75,1436,25599.01,25602.62,0.00
2025-12-01,15:17:00,25693.5,25695.25,25684,25689,2468,25599.15,25602.79,0.00
2025-12-01,15:18:00,25689,25690.75,25682.25,25685.5,1511,25599.24,25602.89,0.00
2025-12-01,15:19:00,25685.25,25690,25679.75,25682,2073,25599.35,25603.03,0.00
2025-12-01,15:20:00,25681.25,25683.25,25670.75,25681.75,3596,25599.54,25603.25,0.00
2025-12-01,15:21:00,25682.25,25689.75,25679.5,25681.75,2433,25599.67,25603.41,0.00
2025-12-01,15:22:00,25682,25682.25,25672.25,25678.5,2565,25599.80,25603.56,0.00
2025-12-01,15:23:00,25678.75,25680.5,25670,25671.25,1881,25599.89,25603.67,0.00
2025-12-01,15:24:00,25671,25671.25,25656.5,25657.5,4694,25600.07,25603.88,0.00
2025-12-01,15:25:00,25657.5,25663.25,25649.75,25659.75,4387,25600.23,25604.07,0.00
2025-12-01,15:26:00,25658.75,25659.5,25648.75,25653.5,3301,25600.35,25604.20,0.00
2025-12-01,15:27:00,25653.25,25657.75,25646.75,25648.5,2061,25600.41,25604.28,0.00
2025-12-01,15:28:00,25648.75,25667,25645.25,25666.5,3977,25600.56,25604.45,0.00
2025-12-01,15:29:00,25666.5,25669.25,25652.5,25653.5,2881,25600.67,25604.58,0.00
2025-12-01,15:30:00,25653.25,25654.5,25644,25649.25,2676,25600.75,25604.67,0.00
2025-12-01,15:31:00,25649.5,25650.75,25637.25,25644,3643,25600.85,25604.78,0.00
2025-12-01,15:32:00,25644.5,25647.5,25635.75,25638,2421,25600.91,25604.85,0.00
2025-12-01,15:33:00,25637.5,25638,25622,25626,5253,25601.01,25604.95,0.00
2025-12-01,15:34:00,25626,25634.5,25610,25632.25,6417,25601.10,25605.05,0.00
2025-12-01,15:35:00,25632,25641.25,25625,25639,3490,25601.18,25605.13,0.00
2025-12-01,15:36:00,25639,25652,25637.5,25643,3932,25601.28,25605.25,0.00
2025-12-01,15:37:00,25642.75,25660.5,25640,25657.25,3428,25601.39,25605.38,0.00
2025-12-01,15:38:00,25657.25,25668.25,25656.25,25659.75,3473,25601.52,25605.53,0.00
2025-12-01,15:39:00,25660.75,25663.25,25645.25,25645.5,2732,25601.61,25605.62,0.00
2025-12-01,15:40:00,25645.75,25665.25,25644.25,25665,2667,25601.70,25605.73,0.00
2025-12-01,15:41:00,25665.5,25667.25,25653.5,25653.75,2131,25601.78,25605.82,0.00
2025-12-01,15:42:00,25654,25658.25,25642.25,25644,2639,25601.85,25605.90,0.00
2025-12-01,15:43:00,25643.75,25653,25637.25,25640.75,3337,25601.94,25606.00,0.00
2025-12-01,15:44:00,25640.5,25648.25,25639,25645.5,1833,25601.99,25606.05,0.00
2025-12-01,15:45:00,25645.25,25648.25,25633.25,25635.25,2769,25602.05,25606.12,0.00
2025-12-01,15:46:00,25634.75,25641,25629,25631.75,2813,25602.10,25606.18,0.00
2025-12-01,15:47:00,25632,25639.5,25625.5,25634.5,2616,25602.15,25606.23,0.00
2025-12-01,15:48:00,25634.5,25645.5,25628,25641,2542,25602.21,25606.29,0.00
2025-12-01,15:49:00,25640.5,25643.75,25632.75,25633.75,1688,25602.25,25606.33,0.00
2025-12-01,15:50:00,25633.5,25634.25,25626,25631,2093,25602.28,25606.37,0.00
2025-12-01,15:51:00,25631,25638.5,25628.5,25633,1970,25602.32,25606.41,0.00
2025-12-01,15:52:00,25633.5,25634.75,25624.5,25624.5,1983,25602.35,25606.44,0.00
2025-12-01,15:53:00,25624.5,25642.5,25621,25633,2957,25602.40,25606.50,0.00
2025-12-01,15:54:00,25633,25645,25631.75,25644.25,1622,25602.44,25606.54,0.00
2025-12-01,15:55:00,25644.5,25648.75,25639,25639.5,2283,25602.50,25606.60,0.00
2025-12-01,15:56:00,25639.25,25643.5,25625.25,25627.5,2436,25602.54,25606.65,0.00
2025-12-01,15:57:00,25627.5,25636,25626,25630.75,1827,25602.57,25606.68,0.00
2025-12-01,15:58:00,25630.75,25639.75,25628.25,25633,1537,25602.60,25606.71,0.00
2025-12-01,15:59:00,25632.5,25638.5,25629.25,25633.5,1220,25602.62,25606.73,0.00
2025-12-01,16:00:00,25633.25,25636.5,25622.5,25627.5,1693,25602.65,25606.76,0.00
2025-12-01,16:01:00,25627,25635.25,25619,25634.25,3295,25602.70,25606.82,0.00
2025-12-01,16:02:00,25635,25636.25,25624.25,25634.5,1904,25602.74,25606.85,0.00
2025-12-01,16:03:00,25634,25637.75,25621.75,25627.75,1752,25602.76,25606.88,0.00
2025-12-01,16:04:00,25627.25,25637.5,25624.5,25636.5,1614,25602.79,25606.91,0.00
2025-12-01,16:05:00,25636.5,25643.25,25634,25636.25,2146,25602.84,25606.96,0.00
2025-12-01,16:06:00,25636,25647.5,25634.5,25637.5,2638,25602.90,25607.02,0.00
2025-12-01,16:07:00,25637.5,25644.75,25632.75,25635.5,1804,25602.93,25607.06,0.00
2025-12-01,16:08:00,25636,25643.75,25632,25642.5,1754,25602.97,25607.11,0.00
2025-12-01,16:09:00,25642.75,25648.5,25638.75,25644.5,1628,25603.01,25607.15,0.00
2025-12-01,16:10:00,25644,25648,25641.25,25645.25,1259,25603.04,25607.18,0.00
2025-12-01,16:11:00,25645.25,25663,25645.25,25661,3760,25603.16,25607.32,0.00
2025-12-01,16:12:00,25661,25666.25,25657,25660.75,2381,25603.25,25607.41,0.00
2025-12-01,16:13:00,25660.75,25667,25659.25,25664,1677,25603.31,25607.48,0.00
2025-12-01,16:14:00,25663.75,25664.25,25655.75,25655.75,1751,25603.36,25607.55,0.00
2025-12-01,16:15:00,25655.5,25665.5,25654.5,25663.25,1686,25603.42,25607.61,0.00
2025-12-01,16:16:00,25663.75,25665.25,25653.5,25665,1956,25603.49,25607.69,0.00
2025-12-01,16:17:00,25665,25665.75,25659.25,25660.5,1093,25603.53,25607.73,0.00
2025-12-01,16:18:00,25661.5,25661.5,25645.25,25646,2879,25603.61,25607.82,0.00
2025-12-01,16:19:00,25646,25653,25642.25,25643,2136,25603.66,25607.88,0.00
2025-12-01,16:20:00,25643.25,25650,25637.25,25647.25,2888,25603.73,25607.96,0.00
2025-12-01,16:21:00,25647,25656,25644.75,25654.75,1926,25603.78,25608.02,0.00
2025-12-01,16:22:00,25654.5,25655.75,25648.5,25651,1419,25603.82,25608.06,0.00
2025-12-01,16:23:00,25651.75,25654,25642.25,25643,1625,25603.86,25608.11,0.00
2025-12-01,16:24:00,25642.5,25651.5,25640.25,25649.75,1647,25603.91,25608.15,0.00
2025-12-01,16:25:00,25650,25654.75,25645.25,25646.75,1012,25603.93,25608.18,0.00
2025-12-01,16:26:00,25646.75,25652.5,25643,25647,1329,25603.97,25608.22,0.00
2025-12-01,16:27:00,25647.25,25657.75,25646.25,25650.75,1367,25604.00,25608.26,0.00
2025-12-01,16:28:00,25651.25,25651.75,25646,25647,958,25604.03,25608.29,0.00
2025-12-01,16:29:00,25646.5,25652,25642.75,25651.25,1307,25604.06,25608.33,0.00
2025-12-01,16:30:00,25652,25655.75,25648.75,25654.5,1172,25604.10,25608.36,0.00
2025-12-01,16:31:00,25654.75,25660.5,25650.75,25654,2265,25604.16,25608.44,0.00
2025-12-01,16:32:00,25653.5,25655.5,25644,25644.25,1851,25604.21,25608.49,0.00
2025-12-01,16:33:00,25644.25,25648.75,25641.75,25644.5,1303,25604.24,25608.52,0.00
2025-12-01,16:34:00,25645,25649.75,25642.25,25643.75,1148,25604.27,25608.55,0.00
2025-12-01,16:35:00,25643.5,25649.5,25639.5,25649.5,1708,25604.31,25608.60,0.00
2025-12-01,16:36:00,25649.25,25657.5,25649.25,25656.5,2018,25604.37,25608.66,0.00
2025-12-01,16:37:00,25655.5,25660.25,25652,25659.25,1843,25604.43,25608.73,0.00
2025-12-01,16:38:00,25659,25663,25654.25,25656,1262,25604.47,25608.77,0.00
2025-12-01,16:39:00,25656,25667.5,25655.5,25664.75,1691,25604.52,25608.83,0.00
2025-12-01,16:40:00,25664.75,25672,25662.75,25669.5,3028,25604.63,25608.96,0.00
2025-12-01,16:41:00,25670.25,25671.75,25657.75,25658.25,2090,25604.70,25609.04,0.00
2025-12-01,16:42:00,25658.75,25665.25,25653.25,25661.5,2387,25604.78,25609.12,0.00
2025-12-01,16:43:00,25661.5,25666.75,25659,25666.5,1231,25604.82,25609.17,0.00
2025-12-01,16:44:00,25666.5,25672,25666,25671.25,1745,25604.89,25609.25,0.00
2025-12-01,16:45:00,25671.25,25673.5,25668.5,25671,1822,25604.96,25609.32,0.00
2025-12-01,16:46:00,25671.5,25674.5,25662.75,25662.75,2657,25605.05,25609.43,0.00
2025-12-01,16:47:00,25663.5,25664.75,25649.5,25650.25,2661,25605.13,25609.51,0.00
2025-12-01,16:48:00,25650.25,25662.5,25647.75,25661.75,2318,25605.20,25609.59,0.00
2025-12-01,16:49:00,25661.75,25664.5,25658.25,25658.75,1308,25605.24,25609.64,0.00
2025-12-01,16:50:00,25658.5,25664,25655,25658.25,1556,25605.28,25609.69,0.00
2025-12-01,16:51:00,25658.25,25671.5,25658.25,25659.75,3536,25605.40,25609.82,0.00
2025-12-01,16:52:00,25659.75,25663,25646.5,25650.5,4135,25605.51,25609.95,0.00
2025-12-01,16:53:00,25651.25,25653.25,25638.75,25639.25,3214,25605.58,25610.02,0.00
2025-12-01,16:54:00,25639.25,25648.75,25636.5,25640.25,2954,25605.64,25610.08,0.00
2025-12-01,16:55:00,25640.5,25652.75,25637,25641.25,5172,25605.76,25610.20,0.00
2025-12-01,16:56:00,25641.5,25642.5,25619.75,25641.5,6652,25605.86,25610.31,0.00
2025-12-01,16:57:00,25642.25,25642.25,25620,25622.5,3283,25605.91,25610.35,0.00
2025-12-01,16:58:00,25622.75,25629.5,25618.5,25627.25,2838,25605.94,25610.38,0.00
2025-12-01,16:59:00,25627.5,25632.5,25622,25631.25,2809,25605.97,25610.42,0.00
2025-12-01,17:00:00,25630.75,25659.25,25624.75,25655.25,9626,25606.19,25610.65,0.00
2025-12-01,17:01:00,25655,25662,25644.5,25661,5061,25606.33,25610.80,0.00
2025-12-01,17:02:00,25661.5,25662.5,25653.5,25656.5,1865,25606.38,25610.86,0.00
2025-12-01,17:03:00,25656.75,25659,25652,25655,933,25606.41,25610.89,0.00
2025-12-01,17:04:00,25655,25662.75,25654.5,25658.25,907,25606.43,25610.92,0.00
2025-12-01,17:05:00,25658.5,25659.75,25656,25657,476,25606.45,25610.93,0.00
2025-12-01,17:06:00,25657,25665.25,25649.75,25650.5,1678,25606.49,25610.98,0.00
2025-12-01,17:07:00,25650.75,25656.75,25650.75,25652.5,848,25606.51,25611.01,0.00
2025-12-01,17:08:00,25652.5,25654.5,25647,25647.75,987,25606.54,25611.03,0.00
2025-12-01,17:09:00,25647.5,25650,25641.75,25642.75,997,25606.56,25611.05,0.00
2025-12-01,17:10:00,25642.75,25644.25,25638,25642.5,818,25606.57,25611.07,0.00
2025-12-01,17:11:00,25642.5,25647.25,25642.5,25646.5,782,25606.59,25611.09,0.00
2025-12-01,17:12:00,25647.25,25648.25,25638.75,25639,483,25606.60,25611.10,0.00
2025-12-01,17:13:00,25639.25,25643,25636.5,25642.25,555,25606.61,25611.11,0.00
2025-12-01,17:14:00,25643,25649.25,25642.75,25644.75,810,25606.63,25611.13,0.00
2025-12-01,17:15:00,25644.25,25645.75,25641.5,25642.5,581,25606.64,25611.14,0.00
2025-12-01,17:16:00,25642.5,25646,25641.25,25645.5,498,25606.65,25611.15,0.00
2025-12-01,17:17:00,25644.5,25648,25644,25647.25,294,25606.66,25611.16,0.00
2025-12-01,17:18:00,25646.5,25648.75,25646.25,25647,231,25606.66,25611.16,0.00
2025-12-01,17:19:00,25647,25648.5,25646.5,25648.25,204,25606.67,25611.17,0.00
2025-12-01,17:20:00,25648.25,25652.75,25647.75,25648.75,451,25606.68,25611.18,0.00
2025-12-01,17:21:00,25648.5,25651.25,25646.5,25650.75,301,25606.68,25611.19,0.00
2025-12-01,17:22:00,25650.25,25653.75,25647.75,25652.75,325,25606.69,25611.20,0.00
2025-12-01,17:23:00,25652.5,25655.75,25651,25655,450,25606.70,25611.21,0.00
2025-12-01,17:24:00,25655.5,25657.75,25653,25653.5,434,25606.72,25611.22,0.00
2025-12-01,17:25:00,25653.5,25655.5,25652.25,25654.5,291,25606.72,25611.23,0.00
2025-12-01,17:26:00,25654.75,25658,25652.25,25652.25,383,25606.73,25611.24,0.00
2025-12-01,17:27:00,25652,25654.25,25648.25,25650,506,25606.75,25611.25,0.00
2025-12-01,17:28:00,25650,25654,25649.5,25653.25,173,25606.75,25611.26,0.00
2025-12-01,17:29:00,25653.25,25654,25650.5,25651,188,25606.75,25611.26,0.00
2025-12-01,17:30:00,25651,25653.25,25650.75,25652,131,25606.76,25611.27,0.00
2025-12-01,17:31:00,25652.25,25653.5,25645.75,25647.25,412,25606.77,25611.28,0.00
2025-12-01,17:32:00,25647.25,25648.5,25645.25,25647.25,174,25606.77,25611.28,0.00
2025-12-01,17:33:00,25647.5,25649.5,25646.5,25648.75,150,25606.77,25611.29,0.00
2025-12-01,17:34:00,25649,25650.5,25648.5,25649,118,25606.78,25611.29,0.00
2025-12-01,17:35:00,25649.25,25651,25647,25650.75,248,25606.78,25611.29,0.00
2025-12-01,17:36:00,25650.25,25651.5,25649,25649,185,25606.79,25611.30,0.00
2025-12-01,17:37:00,25649.5,25652.5,25649.25,25651.75,322,25606.79,25611.31,0.00
2025-12-01,17:38:00,25651.25,25651.75,25648.5,25649.25,163,25606.80,25611.31,0.00
2025-12-01,17:39:00,25649.5,25652.75,25648.25,25649.5,276,25606.81,25611.32,0.00
2025-12-01,17:40:00,25649.5,25653.5,25647.75,25652,396,25606.82,25611.33,0.00
2025-12-01,17:41:00,25652,25654.5,25651.75,25653.25,188,25606.82,25611.33,0.00
2025-12-01,17:42:00,25653.25,25654.75,25652.25,25653.25,173,25606.82,25611.34,0.00
2025-12-01,17:43:00,25653.5,25655.5,25652.75,25653.25,215,25606.83,25611.35,0.00
2025-12-01,17:44:00,25653.25,25653.5,25651.75,25652.5,139,25606.83,25611.35,0.00
2025-12-01,17:45:00,25652,25654.5,25651,25653.5,325,25606.84,25611.36,0.00
2025-12-01,17:46:00,25653.25,25656.75,25652.5,25654,413,25606.85,25611.37,0.00
2025-12-01,17:47:00,25653.75,25655,25653.5,25653.75,123,25606.86,25611.37,0.00
2025-12-01,17:48:00,25653.75,25654.5,25652,25653,277,25606.86,25611.38,0.00
2025-12-01,17:49:00,25652.75,25655.25,25652.25,25654.5,198,25606.87,25611.39,0.00
2025-12-01,17:50:00,25654.75,25657.25,25654.75,25656,147,25606.87,25611.39,0.00
2025-12-01,17:51:00,25656.25,25659,25655.75,25658,281,25606.88,25611.40,0.00
2025-12-01,17:52:00,25658,25658,25655.5,25656.75,126,25606.88,25611.40,0.00
2025-12-01,17:53:00,25657,25658.25,25654,25654.75,140,25606.89,25611.41,0.00
2025-12-01,17:54:00,25655,25655.5,25653.5,25655.25,106,25606.89,25611.41,0.00
2025-12-01,17:55:00,25656,25658.75,25656,25658.5,86,25606.89,25611.41,0.00
2025-12-01,17:56:00,25659,25660.75,25657.75,25657.75,185,25606.90,25611.42,0.00
2025-12-01,17:57:00,25658,25658.75,25655.25,25655.25,103,25606.90,25611.42,0.00
2025-12-01,17:58:00,25655.75,25656,25654.25,25654.5,87,25606.90,25611.42,0.00
2025-12-01,17:59:00,25655,25655.25,25652.25,25653.25,90,25606.90,25611.43,0.00
2025-12-01,18:00:00,25653,25655.25,25652,25653.5,406,25606.91,25611.44,0.00
2025-12-01,19:01:00,25676,25676,25661.25,25671.5,1375,25669.58,25669.58,0.00
2025-12-01,19:02:00,25670.75,25672.75,25658.5,25664.75,1184,25667.62,25665.33,0.00
2025-12-01,19:03:00,25665,25675.5,25662.25,25673.5,760,25668.26,25667.32,0.00
2025-12-01,19:04:00,25674.75,25676.25,25670.25,25671.25,502,25672.58,25668.40,0.00
2025-12-01,19:05:00,25671.25,25673.75,25664.25,25664.25,627,25669.71,25668.20,0.00
2025-12-01,19:06:00,25664,25666.5,25656.25,25661.5,685,25666.58,25661.42,0.00
2025-12-01,19:07:00,25661.5,25664.25,25658.25,25660.75,559,25665.29,25661.27,0.00
2025-12-01,19:08:00,25661.25,25663.75,25653.75,25654,414,25664.08,25657.17,0.00
2025-12-01,19:09:00,25653.75,25654,25645.75,25647.25,597,25661.42,25649.00,0.00
2025-12-01,19:10:00,25647.25,25648.75,25633.25,25638,1265,25655.59,25640.00,0.00
2025-12-01,19:11:00,25638,25639,25632,25638.25,665,25653.19,25636.42,0.00
2025-12-01,19:12:00,25638.5,25640.5,25634.75,25636.75,483,25651.87,25636.80,0.00
2025-12-01,19:13:00,25636.25,25640,25635,25637,313,25651.13,25636.92,0.00
2025-12-01,19:14:00,25637,25637,25632.5,25635.25,301,25650.36,25636.57,0.00
2025-12-01,19:15:00,25635.25,25641.25,25633.25,25639.75,338,25649.75,25636.82,0.00
2025-12-01,19:16:00,25640,25645.75,25639,25644.75,465,25649.33,25637.97,0.00
2025-12-01,19:17:00,25644.75,25647.25,25642.5,25645,398,25649.09,25638.90,0.00
2025-12-01,19:18:00,25645.75,25648.75,25644.75,25646.25,317,25648.99,25639.64,0.00
2025-12-01,19:19:00,25645.25,25647.75,25643.75,25646.25,296,25648.88,25640.16,0.00
2025-12-01,19:20:00,25646.25,25650.75,25644.25,25650.25,430,25648.86,25641.05,0.00
2025-12-01,19:21:00,25650.25,25658,25649.75,25654.25,820,25649.31,25643.25,0.00
2025-12-01,19:22:00,25654,25659.75,25653.75,25657.25,547,25649.72,25644.64,0.00
2025-12-01,19:23:00,25657,25659.25,25653.25,25659,267,25649.91,25645.23,0.00
2025-12-01,19:24:00,25659,25670.5,25657.75,25668.25,992,25651.28,25648.27,0.00
2025-12-01,19:25:00,25668.5,25670,25666.5,25668.5,342,25651.79,25649.25,0.00
2025-12-01,19:26:00,25668.25,25673.25,25667.5,25672.5,536,25652.64,25650.81,0.00
2025-12-01,19:27:00,25672.75,25672.75,25665,25667.25,616,25653.39,25652.14,0.00
2025-12-01,19:28:00,25667.25,25670.25,25662.5,25665.5,493,25653.87,25652.93,0.00
2025-12-01,19:29:00,25666.25,25669.25,25664.75,25668.75,210,25654.08,25653.28,0.00
2025-12-01,19:30:00,25668.75,25672.5,25667.25,25667.75,266,25654.37,25653.75,0.00
2025-12-01,19:31:00,25668.5,25671.75,25666.75,25670.75,309,25654.71,25654.27,0.00
2025-12-01,19:32:00,25671,25671,25664.75,25668,350,25655.03,25654.76,0.00
2025-12-01,19:33:00,25667.5,25670.75,25667,25668.5,243,25655.26,25655.10,0.00
2025-12-01,19:34:00,25668.5,25674.25,25667.5,25671,412,25655.69,25655.73,0.00
2025-12-01,19:35:00,25670,25671.75,25666.5,25671,265,25655.93,25656.08,0.00
2025-12-01,19:36:00,25670.25,25675.25,25669.5,25674,391,25656.35,25656.67,0.00
2025-12-01,19:37:00,25674.25,25679.25,25671,25674.75,645,25675.00,25657.68,0.00
2025-12-01,19:38:00,25674.25,25674.25,25669.5,25672.25,266,25674.12,25658.00,0.00
2025-12-01,19:39:00,25672,25675.5,25669.75,25672.75,223,25673.84,25658.27,0.00
2025-12-01,19:40:00,25672.25,25674,25671.25,25672,187,25673.64,25658.48,0.00
2025-12-01,19:41:00,25672,25672.25,25665.75,25667.5,560,25672.11,25658.91,0.00
2025-12-01,19:42:00,25667.75,25671.75,25665.5,25667.25,268,25671.62,25659.10,0.00
2025-12-01,19:43:00,25667.25,25668.5,25661,25663.75,661,25669.92,25659.36,0.00
2025-12-01,19:44:00,25664,25667.5,25663.5,25666,251,25669.57,25659.47,0.00
2025-12-01,19:45:00,25666.75,25669,25661.75,25662.5,363,25669.03,25659.59,0.00
2025-12-01,19:46:00,25662.5,25663.5,25659.25,25661.25,327,25668.36,25659.63,0.00
2025-12-01,19:47:00,25661,25669,25660.75,25665.5,434,25668.02,25659.78,0.00
2025-12-01,19:48:00,25664.5,25668.5,25661.75,25666.25,155,25667.93,25659.84,0.00
2025-12-01,19:49:00,25666.75,25666.75,25659.25,25659.75,312,25667.52,25659.88,0.00
2025-12-01,19:50:00,25659.75,25661.5,25654.25,25659.5,581,25666.51,25659.83,0.00
2025-12-01,19:51:00,25658.75,25660.5,25657.25,25659.25,190,25666.25,25659.82,0.00
2025-12-01,19:52:00,25659,25663.25,25659,25662.25,227,25666.06,25659.84,0.00
2025-12-01,19:53:00,25662.25,25664.25,25659.75,25662.5,192,25665.93,25659.87,0.00
2025-12-01,19:54:00,25661.75,25663,25659.25,25661.25,162,25665.80,25659.88,0.00
2025-12-01,19:55:00,25660.75,25662.75,25658.75,25661.5,187,25665.66,25659.90,0.00
2025-12-01,19:56:00,25659.5,25660.25,25654.25,25655,268,25665.28,25659.84,0.00
2025-12-01,19:57:00,25654.5,25655.25,25650.5,25651.75,668,25664.08,25659.57,0.00
2025-12-01,19:58:00,25651.25,25656.5,25648.75,25655.25,360,25663.57,25659.46,0.00
2025-12-01,19:59:00,25654.5,25656.25,25651.75,25655.5,264,25663.26,25659.39,0.00
2025-12-01,20:00:00,25655.75,25655.75,25651.75,25652.25,187,25663.03,25659.33,0.00
2025-12-01,20:01:00,25651.75,25653,25643.5,25644,727,25661.67,25658.87,0.00
2025-12-01,20:02:00,25644.5,25652,25637.25,25649,1225,25659.74,25658.12,0.00
2025-12-01,20:03:00,25649,25650.25,25641.5,25645,515,25659.04,25657.82,0.00
2025-12-01,20:04:00,25645,25645.75,25641,25642,305,25658.58,25657.61,0.00
2025-12-01,20:05:00,25641.25,25644.25,25640.5,25643.5,270,25658.19,25657.43,0.00
2025-12-01,20:06:00,25643.75,25646.75,25642.75,25644.5,326,25657.80,25657.24,0.00
2025-12-01,20:07:00,25645,25654.25,25645,25650,676,25657.34,25657.02,0.00
2025-12-01,20:08:00,25650,25659,25649.75,25654.75,622,25657.20,25656.96,0.00
2025-12-01,20:09:00,25654.5,25654.75,25650,25654,363,25657.08,25656.89,0.00
2025-12-01,20:10:00,25654.5,25656.25,25651.25,25656.25,341,25657.02,25656.86,0.00
2025-12-01,20:11:00,25655,25661.5,25655,25659,482,25657.07,25656.89,0.00
2025-12-01,20:12:00,25658.5,25663.25,25657.25,25661,451,25657.18,25656.96,0.00
2025-12-01,20:13:00,25661.75,25662.25,25657,25657.75,303,25657.22,25656.98,0.00
2025-12-01,20:14:00,25658,25660,25653.75,25659,291,25657.23,25656.99,0.00
2025-12-01,20:15:00,25658.75,25662.75,25654.25,25656.75,276,25657.24,25657.00,0.00
2025-12-01,20:16:00,25656,25662.75,25655.75,25660.25,277,25657.28,25657.03,0.00
2025-12-01,20:17:00,25659.75,25661.75,25658.25,25659,147,25657.30,25657.04,0.00
2025-12-01,20:18:00,25659.25,25659.25,25653.5,25657.5,221,25657.29,25657.04,0.00
2025-12-01,20:19:00,25657.75,25660.75,25656.25,25657.75,203,25657.31,25657.05,0.00
2025-12-01,20:20:00,25657.25,25660,25657,25659.5,116,25657.32,25657.05,0.00
2025-12-01,20:21:00,25658.25,25659,25654,25656.75,214,25657.31,25657.05,0.00
2025-12-01,20:22:00,25655,25656.75,25654.25,25655.5,168,25657.29,25657.04,0.00
2025-12-01,20:23:00,25655,25657.25,25650.5,25656.5,313,25657.24,25657.02,0.00
2025-12-01,20:24:00,25655.75,25656.75,25650,25650,195,25657.19,25656.98,0.00
2025-12-01,20:25:00,25650.75,25651.75,25648.25,25650.25,331,25657.05,25656.90,0.00
2025-12-01,20:26:00,25650,25652.25,25647,25652.25,235,25656.96,25656.85,0.00
2025-12-01,20:27:00,25652.25,25653.25,25650,25652.5,177,25656.91,25656.82,0.00
2025-12-01,20:28:00,25652.5,25653.25,25650,25651,89,25656.88,25656.80,0.00
2025-12-01,20:29:00,25650.75,25655,25647.75,25651.5,326,25656.79,25656.74,0.00
2025-12-01,20:30:00,25651.5,25656,25650.75,25655.75,179,25656.76,25656.73,0.00
2025-12-01,20:31:00,25655.5,25660.5,25655.5,25657.75,467,25656.79,25656.75,0.00
2025-12-01,20:32:00,25657.5,25657.75,25654.25,25657,193,25656.78,25656.74,0.00
2025-12-01,20:33:00,25656.25,25661.25,25655.5,25660,178,25656.80,25656.76,0.00
2025-12-01,20:34:00,25660,25667.75,25659.25,25667.75,697,25657.09,25656.94,0.00
2025-12-01,20:35:00,25667.25,25669.25,25666,25667.25,391,25657.29,25657.07,0.00
2025-12-01,20:36:00,25667.25,25670.25,25666.75,25669,374,25657.50,25657.21,0.00
2025-12-01,20:37:00,25669.75,25671.5,25667.5,25670.5,270,25657.66,25657.32,0.00
2025-12-01,20:38:00,25670.75,25672,25666.25,25669,460,25657.90,25657.48,0.00
2025-12-01,20:39:00,25668.5,25668.75,25663.75,25666,379,25658.05,25657.58,0.00
2025-12-01,20:40:00,25666.5,25666.75,25664.25,25665.75,129,25658.09,25657.61,0.00
2025-12-01,20:41:00,25665.5,25666.25,25662.5,25663,380,25658.19,25657.69,0.00
2025-12-01,20:42:00,25663,25666.5,25660.25,25665.5,334,25658.28,25657.75,0.00
2025-12-01,20:43:00,25665.75,25666.5,25664.25,25665.25,166,25658.33,25657.79,0.00
2025-12-01,20:44:00,25664.25,25665.75,25664,25665,69,25658.35,25657.80,0.00
2025-12-01,20:45:00,25664.75,25665.25,25661,25664.25,286,25658.41,25657.85,0.00
2025-12-01,20:46:00,25664.25,25665,25662.25,25662.75,227,25658.46,25657.89,0.00
2025-12-01,20:47:00,25662.5,25665,25661,25663.75,243,25658.51,25657.92,0.00
2025-12-01,20:48:00,25662.75,25662.75,25658.5,25660,379,25658.54,25657.95,0.00
2025-12-01,20:49:00,25660.25,25664,25657.5,25663.5,424,25658.60,25657.99,0.00
2025-12-01,20:50:00,25663.25,25665,25661.75,25662,245,25658.64,25658.03,0.00
2025-12-01,20:51:00,25662.25,25663.75,25659.75,25660.25,205,25658.66,25658.05,0.00
2025-12-01,20:52:00,25660,25663.5,25660,25661.75,117,25658.67,25658.06,0.00
2025-12-01,20:53:00,25661.5,25663,25658.5,25659.75,278,25658.69,25658.08,0.00
2025-12-01,20:54:00,25659.25,25662,25659,25660.25,91,25658.70,25658.08,0.00
2025-12-01,20:55:00,25660.25,25661,25658.75,25659,84,25658.70,25658.09,0.00
2025-12-01,20:56:00,25659.25,25661.75,25658,25661.75,200,25658.72,25658.10,0.00
2025-12-01,20:57:00,25661.75,25663.75,25661,25662.75,160,25658.74,25658.12,0.00
2025-12-01,20:58:00,25662.5,25664.5,25661.5,25664.5,142,25658.77,25658.14,0.00
2025-12-01,20:59:00,25664.5,25664.75,25661,25661.75,168,25658.79,25658.16,0.00
2025-12-01,21:00:00,25661.75,25664,25659.25,25662,256,25658.82,25658.18,0.00
2025-12-01,21:01:00,25661.75,25661.75,25654.5,25657,599,25658.80,25658.18,0.00
2025-12-01,21:02:00,25656.5,25663,25656.25,25661.25,237,25658.81,25658.19,0.00
2025-12-01,21:03:00,25661.25,25661.5,25653,25656.5,427,25658.78,25658.18,0.00
2025-12-01,21:04:00,25657.5,25662.25,25657.5,25660.75,205,25658.79,25658.19,0.00
2025-12-01,21:05:00,25661.25,25666,25661,25663.75,421,25658.86,25658.24,0.00
2025-12-01,21:06:00,25664.25,25669.5,25661,25669.5,581,25659.02,25658.37,0.00
2025-12-01,21:07:00,25668.5,25697,25668.25,25695,2540,25686.75,25660.07,0.00
2025-12-01,21:08:00,25696,25696.75,25683.75,25685.25,1109,25687.31,25660.80,0.00
2025-12-01,21:09:00,25685.75,25685.75,25676.25,25681,798,25686.18,25661.16,0.00
2025-12-01,21:10:00,25680.75,25687.25,25677.25,25687,529,25685.93,25661.43,0.00
2025-12-01,21:11:00,25686.5,25691.25,25682.75,25688.25,921,25686.16,25661.95,0.00
2025-12-01,21:12:00,25688.25,25693.5,25686,25688.5,551,25686.43,25662.28,0.00
2025-12-01,21:13:00,25688.75,25693.25,25687,25688,420,25686.61,25662.52,0.00
2025-12-01,21:14:00,25688,25690,25682,25685.75,453,25686.57,25662.75,0.00
2025-12-01,21:15:00,25687,25690.25,25685,25688,333,25686.62,25662.92,0.00
2025-12-01,21:16:00,25688.5,25690.5,25684.75,25687.75,367,25686.67,25663.11,0.00
2025-12-01,21:17:00,25687.75,25695.25,25687.75,25695,594,25687.08,25663.47,0.00
2025-12-01,21:18:00,25695,25698,25691.5,25693.75,478,25694.42,25663.78,0.00
2025-12-01,21:19:00,25693.25,25694.75,25690.75,25691.75,250,25693.73,25663.92,0.00
2025-12-01,21:20:00,25691.5,25691.5,25685.5,25688.5,441,25691.76,25664.14,0.00
2025-12-01,21:21:00,25688.25,25694,25683.75,25692,426,25691.27,25664.36,0.00
2025-12-01,21:22:00,25691.5,25694.25,25688.5,25689.25,237,25691.19,25664.48,0.00
2025-12-01,21:23:00,25689,25693,25687.75,25691.25,129,25691.15,25664.55,0.00
2025-12-01,21:24:00,25691.75,25693.25,25690,25692,197,25691.21,25664.66,0.00
2025-12-01,21:25:00,25692.25,25697.25,25691.75,25694.25,336,25691.64,25664.85,0.00
2025-12-01,21:26:00,25694.25,25695.25,25692.75,25693.75,221,25691.83,25664.98,0.00
2025-12-01,21:27:00,25693.5,25697.25,25692,25696.5,229,25692.09,25665.11,0.00
2025-12-01,21:28:00,25696.5,25699,25691.5,25691.75,371,25694.08,25665.32,0.00
2025-12-01,21:29:00,25691.5,25694,25690.25,25691,265,25693.11,25665.46,0.00
2025-12-01,21:30:00,25691,25693.25,25688.75,25690.75,218,25692.55,25665.56,0.00
2025-12-01,21:31:00,25690.5,25690.5,25673.75,25674.5,1237,25684.88,25665.89,0.00
2025-12-01,21:32:00,25674,25680.5,25671.75,25675,820,25682.31,25666.03,0.00
2025-12-01,21:33:00,25675.25,25681,25669.5,25678,727,25681.08,25666.17,0.00
2025-12-01,21:34:00,25678.25,25684,25677.25,25680.25,409,25681.02,25666.27,0.00
2025-12-01,21:35:00,25680.5,25680.5,25674.75,25676.25,281,25680.77,25666.33,0.00
2025-12-01,21:36:00,25676,25680.75,25670.5,25672.5,375,25680.28,25666.38,0.00
2025-12-01,21:37:00,25673,25677.25,25669.75,25673.75,353,25679.81,25666.43,0.00
2025-12-01,21:38:00,25674.75,25678.5,25673,25676.25,278,25679.61,25666.48,0.00
2025-12-01,21:39:00,25676.75,25678.5,25673.5,25676.5,220,25679.47,25666.51,0.00
2025-12-01,21:40:00,25676.5,25677.5,25674.25,25676.25,145,25679.38,25666.54,0.00
2025-12-01,21:41:00,25676,25677.75,25673.75,25676,180,25679.27,25666.57,0.00
2025-12-01,21:42:00,25675.25,25679.5,25674,25678.5,209,25679.21,25666.61,0.00
2025-12-01,21:43:00,25677.75,25677.75,25671.5,25673.25,300,25678.97,25666.65,0.00
2025-12-01,21:44:00,25672.75,25675.25,25670.5,25672.5,252,25678.74,25666.67,0.00
2025-12-01,21:45:00,25672.25,25675,25668.25,25670.75,408,25678.31,25666.70,0.00
2025-12-01,21:46:00,25671.25,25674.25,25667.25,25672.25,455,25677.88,25666.74,0.00
2025-12-01,21:47:00,25672.25,25676.5,25672.25,25674.25,245,25677.77,25666.77,0.00
2025-12-01,21:48:00,25674.25,25675,25671,25673.25,178,25677.66,25666.79,0.00
2025-12-01,21:49:00,25672.75,25673.5,25670.5,25672.75,114,25677.58,25666.80,0.00
2025-12-01,21:50:00,25672.25,25673.5,25668.5,25670.75,220,25677.41,25666.82,0.00
2025-12-01,21:51:00,25670.75,25673,25669.75,25670.75,137,25677.31,25666.83,0.00
2025-12-01,21:52:00,25670.5,25674.5,25670.5,25671,196,25677.18,25666.84,0.00
2025-12-01,21:53:00,25671.5,25674,25671,25672.75,174,25677.09,25666.86,0.00
2025-12-01,21:54:00,25672.75,25673.5,25669.25,25672,164,25676.99,25666.87,0.00
2025-12-01,21:55:00,25673.25,25676.25,25672,25674.5,243,25676.92,25666.90,0.00
2025-12-01,21:56:00,25674.25,25674.25,25670.25,25671.25,180,25676.82,25666.92,0.00
2025-12-01,21:57:00,25671.25,25672,25669.75,25670.5,178,25676.71,25666.93,0.00
2025-12-01,21:58:00,25670.75,25673.75,25668.25,25670.75,289,25676.54,25666.95,0.00
2025-12-01,21:59:00,25671,25671,25666,25667,264,25676.32,25666.95,0.00
2025-12-01,22:00:00,25666.5,25670.25,25665.75,25666.25,325,25676.04,25666.95,0.00
2025-12-01,22:01:00,25666.75,25667,25642.25,25655.5,3378,25670.86,25666.33,0.00
2025-12-01,22:02:00,25655.75,25657.5,25649.25,25655,485,25670.29,25666.24,0.00
2025-12-01,22:03:00,25654.25,25660.25,25650.25,25659.75,604,25669.74,25666.15,0.00
2025-12-01,22:04:00,25659.75,25664.25,25657.5,25663,605,25669.42,25666.11,0.00
2025-12-01,22:05:00,25663.75,25666,25659,25662.25,357,25669.26,25666.09,0.00
2025-12-01,22:06:00,25661.25,25662,25657.75,25660.5,252,25669.12,25666.07,0.00
2025-12-01,22:07:00,25660,25661.25,25652.25,25656.75,435,25668.79,25666.01,0.00
2025-12-01,22:08:00,25656.5,25656.5,25649,25655.25,413,25668.42,25665.93,0.00
2025-12-01,22:09:00,25654.75,25656.5,25652,25652.75,182,25668.27,25665.90,0.00
2025-12-01,22:10:00,25651.75,25651.75,25647.5,25649.25,488,25667.75,25665.78,0.00
2025-12-01,22:11:00,25648.75,25650.25,25645.5,25646.25,407,25667.28,25665.68,0.00
2025-12-01,22:12:00,25646.75,25650.75,25645.75,25648.5,360,25666.91,25665.59,0.00
2025-12-01,22:13:00,25648.25,25649,25644.75,25645.25,230,25666.66,25665.52,0.00
2025-12-01,22:14:00,25645.25,25648,25639.25,25641.75,636,25665.88,25665.32,0.00
2025-12-01,22:15:00,25641.25,25651.25,25640.25,25651,448,25665.46,25665.21,0.00
2025-12-01,22:16:00,25650.5,25656,25649.25,25652.25,557,25665.10,25665.11,0.00
2025-12-01,22:17:00,25652.25,25660.25,25651.25,25658.25,566,25664.87,25665.04,0.00
2025-12-01,22:18:00,25657.5,25660,25655.75,25656.5,356,25664.74,25665.01,0.00
2025-12-01,22:19:00,25657,25658.75,25654,25654,182,25664.67,25664.98,0.00
2025-12-01,22:20:00,25654,25656.5,25653.25,25654.25,183,25664.58,25664.96,0.00
2025-12-01,22:21:00,25654.75,25655.5,25651.25,25654.5,197,25664.48,25664.93,0.00
2025-12-01,22:22:00,25654.75,25658,25653.75,25657.25,146,25664.43,25664.91,0.00
2025-12-01,22:23:00,25657.25,25657.5,25653.5,25655.25,95,25664.39,25664.90,0.00
2025-12-01,22:24:00,25654.5,25655.5,25651.25,25652.75,163,25664.31,25664.87,0.00
2025-12-01,22:25:00,25653.5,25656.25,25652.75,25655.25,142,25664.25,25664.85,0.00
2025-12-01,22:26:00,25654.25,25657,25654.25,25655.75,104,25664.21,25664.84,0.00
2025-12-01,22:27:00,25656.5,25658.5,25655.5,25656,167,25664.15,25664.82,0.00
2025-12-01,22:28:00,25656,25657.25,25654.25,25655.75,98,25664.11,25664.81,0.00
2025-12-01,22:29:00,25655.25,25657.25,25653.5,25656,120,25664.07,25664.79,0.00
2025-12-01,22:30:00,25656.5,25656.75,25654.25,25654.25,92,25664.03,25664.78,0.00
2025-12-01,22:31:00,25654.25,25657,25650,25654.25,432,25663.84,25664.72,0.00
2025-12-01,22:32:00,25653.5,25656.75,25650.25,25653.75,318,25663.70,25664.67,0.00
2025-12-01,22:33:00,25654.25,25654.25,25648.25,25650.5,343,25663.52,25664.61,0.00
2025-12-01,22:34:00,25650.5,25653.75,25648,25650,276,25663.38,25664.56,0.00
2025-12-01,22:35:00,25650,25651.25,25648.25,25650,120,25663.31,25664.53,0.00
2025-12-01,22:36:00,25650,25653,25649.75,25652.75,147,25663.24,25664.51,0.00
2025-12-01,22:37:00,25652.25,25658.25,25652.25,25655.75,380,25663.12,25664.46,0.00
2025-12-01,22:38:00,25655.5,25660,25654.75,25659.75,227,25663.08,25664.44,0.00
2025-12-01,22:39:00,25659,25663.25,25658,25661.5,525,25663.03,25664.42,0.00
2025-12-01,22:40:00,25662,25664.75,25661.25,25662.25,254,25663.03,25664.41,0.00
2025-12-01,22:41:00,25662.75,25666,25662,25665.75,222,25663.04,25664.42,0.00
2025-12-01,22:42:00,25665.75,25672.25,25664,25671.75,732,25663.21,25664.46,0.00
2025-12-01,22:43:00,25671.75,25673,25669.25,25670.75,363,25663.32,25664.49,0.00
2025-12-01,22:44:00,25671,25672,25669.25,25671.25,233,25663.38,25664.51,0.00
2025-12-01,22:45:00,25671.5,25673.25,25669,25672.75,297,25663.47,25664.54,0.00
2025-12-01,22:46:00,25672.5,25676.25,25672,25674.75,389,25663.62,25664.59,0.00
2025-12-01,22:47:00,25674.25,25675,25672.25,25674.5,293,25663.73,25664.62,0.00
2025-12-01,22:48:00,25674.25,25676.25,25671.25,25672.25,352,25663.84,25664.66,0.00
2025-12-01,22:49:00,25672,25673.75,25670.25,25671.75,233,25663.91,25664.68,0.00
2025-12-01,22:50:00,25672.25,25675,25670.5,25673.75,202,25663.97,25664.70,0.00
2025-12-01,22:51:00,25674.5,25674.5,25672,25674,135,25664.01,25664.71,0.00
2025-12-01,22:52:00,25674.25,25676.25,25672.75,25675.75,241,25664.10,25664.74,0.00
2025-12-01,22:53:00,25676,25682,25673.25,25678.5,641,25664.40,25664.85,0.00
2025-12-01,22:54:00,25678.5,25680.25,25677.5,25678,312,25664.54,25664.90,0.00
2025-12-01,22:55:00,25677.75,25680,25677,25679.25,137,25664.61,25664.92,0.00
2025-12-01,22:56:00,25679.75,25682.75,25679.5,25681,267,25664.75,25664.98,0.00
2025-12-01,22:57:00,25681.5,25685.75,25680.25,25681.25,407,25664.98,25665.06,0.00
2025-12-01,22:58:00,25681.5,25681.75,25678.5,25678.5,168,25665.05,25665.09,0.00
2025-12-01,22:59:00,25678.5,25681.5,25677,25677.25,255,25665.16,25665.13,0.00
2025-12-01,23:00:00,25677.25,25678.75,25676.5,25677.75,208,25665.24,25665.16,0.00
2025-12-01,23:01:00,25677,25679,25675.25,25678.75,257,25665.34,25665.20,0.00
2025-12-01,23:02:00,25678.75,25680,25677.5,25678.5,179,25665.42,25665.23,0.00
2025-12-01,23:03:00,25678.25,25678.25,25672.25,25674,356,25665.52,25665.27,0.00
2025-12-01,23:04:00,25674.25,25679,25673.25,25677,296,25665.62,25665.31,0.00
2025-12-01,23:05:00,25677.5,25677.5,25674,25675.25,154,25665.66,25665.33,0.00
2025-12-01,23:06:00,25674.5,25675.5,25672.25,25674.25,177,25665.71,25665.35,0.00
2025-12-01,23:07:00,25674.5,25677.25,25672.75,25675.5,170,25665.76,25665.37,0.00
2025-12-01,23:08:00,25675.5,25675.5,25671.5,25673,246,25665.81,25665.39,0.00
2025-12-01,23:09:00,25673.5,25674.5,25671,25671,221,25665.85,25665.41,0.00
2025-12-01,23:10:00,25671.75,25672.25,25669.75,25672,298,25665.90,25665.43,0.00
2025-12-01,23:11:00,25671.5,25672.75,25669.25,25670,289,25665.94,25665.45,0.00
2025-12-01,23:12:00,25670.75,25671,25667.5,25667.75,177,25665.95,25665.45,0.00
2025-12-01,23:13:00,25667.75,25669.25,25666.25,25668,214,25665.97,25665.46,0.00
2025-12-01,23:14:00,25668,25668.5,25663,25663.75,378,25665.96,25665.46,0.00
2025-12-01,23:15:00,25663.75,25663.75,25661.25,25661.25,289,25665.92,25665.45,0.00
2025-12-01,23:16:00,25661.5,25661.5,25655.25,25655.5,392,25665.83,25665.41,0.00
2025-12-01,23:17:00,25655.5,25655.5,25648,25649.25,855,25665.49,25665.27,0.00
2025-12-01,23:18:00,25649,25650,25644.75,25647.5,728,25665.14,25665.12,0.00
2025-12-01,23:19:00,25647.5,25651.75,25644.25,25651,453,25664.95,25665.04,0.00
2025-12-01,23:20:00,25651.25,25655.25,25650.75,25652.5,477,25664.80,25664.98,0.00
2025-12-01,23:21:00,25651.75,25655,25649.25,25654.5,258,25664.72,25664.94,0.00
2025-12-01,23:22:00,25653.25,25653.25,25646.25,25648.5,339,25664.58,25664.88,0.00
2025-12-01,23:23:00,25647.25,25647.25,25643.25,25643.75,573,25664.30,25664.76,0.00
2025-12-01,23:24:00,25643.5,25645.25,25641.5,25643,312,25664.13,25664.68,0.00
2025-12-01,23:25:00,25642.5,25644.5,25635.5,25636.75,758,25663.67,25664.47,0.00
2025-12-01,23:26:00,25638,25638,25623.75,25628.75,1886,25662.19,25630.17,0.00
2025-12-01,23:27:00,25628.25,25629.25,25625.25,25625.75,524,25661.76,25629.42,0.00
2025-12-01,23:28:00,25625.5,25625.75,25620.75,25622,858,25661.00,25622.83,0.00
2025-12-01,23:29:00,25621,25626,25619,25625.5,770,25660.35,25623.50,0.00
2025-12-01,23:30:00,25625.75,25628.5,25622.75,25626.25,434,25660.02,25624.34,0.00
2025-12-01,23:31:00,25625.75,25626.75,25613.25,25615.25,1175,25658.97,25618.42,0.00
2025-12-01,23:32:00,25615.25,25616.25,25601.5,25607.25,1893,25656.99,25608.33,0.00
2025-12-01,23:33:00,25606.75,25613,25605.75,25609.25,729,25656.28,25608.61,0.00
2025-12-01,23:34:00,25609,25614,25605.5,25613.75,514,25655.81,25609.02,0.00
2025-12-01,23:35:00,25613.75,25616.75,25608.25,25615.75,603,25655.31,25609.75,0.00
2025-12-01,23:36:00,25615,25619,25609.25,25611.5,679,25654.74,25610.29,0.00
2025-12-01,23:37:00,25611.5,25612.75,25606.5,25606.75,425,25654.36,25610.15,0.00
2025-12-01,23:38:00,25606.75,25610.5,25603,25609.5,675,25653.76,25609.84,0.00
2025-12-01,23:39:00,25609.25,25621,25609,25615.5,924,25653.08,25610.61,0.00
2025-12-01,23:40:00,25614.75,25617,25611,25613,343,25652.83,25610.76,0.00
2025-12-01,23:41:00,25613.25,25615.75,25611.5,25615.75,326,25652.59,25610.93,0.00
2025-12-01,23:42:00,25615.75,25621.5,25615.25,25620.25,612,25652.21,25611.57,0.00
2025-12-01,23:43:00,25621,25628,25621,25626.25,653,25651.89,25612.62,0.00
2025-12-01,23:44:00,25626.5,25633.75,25626,25632.5,899,25651.55,25614.38,0.00
2025-12-01,23:45:00,25632.25,25635.25,25631,25634.5,468,25651.40,25615.30,0.00
2025-12-01,23:46:00,25634.75,25635.25,25624,25625.25,741,25651.10,25616.21,0.00
2025-12-01,23:47:00,25626,25630.75,25624.25,25628.25,548,25650.88,25616.78,0.00
2025-12-01,23:48:00,25628.75,25635.5,25628.25,25634.75,472,25650.73,25617.44,0.00
2025-12-01,23:49:00,25635,25637,25632.75,25635,415,25650.62,25618.05,0.00
2025-12-01,23:50:00,25634.75,25635.25,25630.25,25632.75,333,25650.52,25618.45,0.00
2025-12-01,23:51:00,25633.25,25636,25632,25632.25,146,25650.47,25618.63,0.00
2025-12-01,23:52:00,25631.5,25635.25,25629.5,25634.75,336,25650.37,25619.01,0.00
2025-12-01,23:53:00,25634.25,25639.25,25634,25639.25,453,25650.28,25619.64,0.00
2025-12-01,23:54:00,25639.5,25643.25,25637.25,25643.25,630,25650.18,25620.63,0.00
2025-12-01,23:55:00,25643.25,25647.25,25640.25,25646,521,25650.13,25621.50,0.00
2025-12-01,23:56:00,25646,25652.75,25645.75,25652.25,766,25650.14,25622.95,0.00
2025-12-01,23:57:00,25653,25659.5,25653,25659,868,25650.23,25624.81,0.00
2025-12-01,23:58:00,25659.5,25660.5,25650.25,25651.75,643,25650.27,25625.95,0.00
2025-12-01,23:59:00,25651.75,25652.5,25642.75,25642.75,941,25650.21,25627.02,0.00
2025-12-01,00:00:00,25516.25,25516.5,25510.75,25513,306,25602.97,25510.33,0.00
2025-12-01,00:01:00,25512.25,25513.75,25509.25,25510,410,25602.83,25510.35,0.00
2025-12-01,00:02:00,25510,25514.75,25509.5,25514.25,268,25602.74,25510.40,0.00
2025-12-01,00:03:00,25514.25,25517,25512,25514.5,339,25602.62,25510.50,0.00
2025-12-01,00:04:00,25514.75,25517.75,25514,25514.25,267,25602.53,25510.60,0.00
2025-12-01,00:05:00,25515,25519.25,25510.75,25511.5,492,25602.36,25510.71,0.00
2025-12-01,00:06:00,25512.25,25516.75,25505.5,25508,621,25602.14,25510.69,0.00
2025-12-01,00:07:00,25507.75,25508.75,25503.25,25507,584,25601.93,25510.52,0.00
2025-12-01,00:08:00,25507.75,25516.75,25507,25515.5,498,25601.76,25510.60,0.00
2025-12-01,00:09:00,25516,25517.5,25509.75,25514.75,381,25601.64,25510.68,0.00
2025-12-01,00:10:00,25514.5,25516.25,25508.5,25508.5,248,25601.55,25510.69,0.00
2025-12-01,00:11:00,25508.25,25508.75,25505,25507.5,388,25601.41,25510.60,0.00
2025-12-01,00:12:00,25507.75,25509.75,25505.75,25506.25,321,25601.30,25510.54,0.00
2025-12-01,00:13:00,25506.5,25509,25503.25,25508,271,25601.20,25510.48,0.00
2025-12-01,00:14:00,25509,25512.75,25507,25507.5,517,25601.02,25510.44,0.00
2025-12-01,00:15:00,25507.25,25507.25,25500.75,25503,536,25600.82,25510.24,0.00
2025-12-01,00:16:00,25503,25504.25,25500.5,25501.75,268,25600.72,25510.13,0.00
2025-12-01,00:17:00,25502.5,25507.75,25502.25,25504,318,25600.61,25510.03,0.00
2025-12-01,00:18:00,25504.5,25510.75,25503.25,25508.75,286,25600.51,25510.00,0.00
2025-12-01,00:19:00,25509.25,25511.25,25506.25,25507.75,278,25600.41,25509.98,0.00
2025-12-01,00:20:00,25507.5,25511.75,25506.75,25506.75,218,25600.34,25509.96,0.00
2025-12-01,00:21:00,25506.25,25507.5,25502.5,25504.25,291,25600.23,25509.88,0.00
2025-12-01,00:22:00,25504.25,25506.5,25500.75,25502,230,25600.15,25509.81,0.00
2025-12-01,00:23:00,25502.25,25506.25,25501,25502.25,250,25600.06,25509.72,0.00
2025-12-01,00:24:00,25502.25,25504.75,25500.75,25502,238,25599.97,25509.64,0.00
2025-12-01,00:25:00,25501.5,25504.25,25498.5,25503.5,415,25599.82,25509.49,0.00
2025-12-01,00:26:00,25503.25,25508.25,25503.25,25506.25,536,25599.63,25509.41,0.00
2025-12-01,00:27:00,25505.75,25505.75,25496,25504.25,878,25599.31,25509.12,0.00
2025-12-01,00:28:00,25504.25,25505.5,25501.5,25505.5,253,25599.22,25509.06,0.00
2025-12-01,00:29:00,25505.75,25508.25,25504,25504,313,25599.12,25509.01,0.00
2025-12-01,00:30:00,25504.5,25506.25,25497.75,25501.5,361,25598.99,25508.90,0.00
2025-12-01,00:31:00,25501.5,25502.25,25495.25,25499.25,620,25598.76,25508.65,0.00
2025-12-01,00:32:00,25499.25,25502,25496.5,25501.25,300,25598.65,25508.54,0.00
2025-12-01,00:33:00,25500.5,25501.25,25497,25497.25,112,25598.61,25508.49,0.00
2025-12-01,00:34:00,25498,25504.25,25497.75,25501.25,289,25598.50,25508.41,0.00
2025-12-01,00:35:00,25501.75,25504.5,25500.5,25501.5,310,25598.39,25508.33,0.00
2025-12-01,00:36:00,25501.5,25501.75,25498.25,25500,178,25598.33,25508.27,0.00
2025-12-01,00:37:00,25499.75,25500,25495.5,25496.75,249,25598.24,25508.16,0.00
2025-12-01,00:38:00,25497.25,25504,25496.5,25503.5,429,25598.08,25508.05,0.00
2025-12-01,00:39:00,25503,25513,25502.5,25511.75,672,25597.86,25508.08,0.00
2025-12-01,00:40:00,25511.25,25513.5,25507.25,25509.5,530,25597.69,25508.12,0.00
2025-12-01,00:41:00,25510,25512,25506.25,25511.5,342,25597.59,25508.14,0.00
2025-12-01,00:42:00,25511.75,25515,25510.25,25512.25,372,25597.47,25508.20,0.00
2025-12-01,00:43:00,25512.5,25514,25509.25,25511.5,307,25597.37,25508.23,0.00
2025-12-01,00:44:00,25511.25,25512.75,25507.75,25508.25,203,25597.31,25508.24,0.00
2025-12-01,00:45:00,25508,25509.25,25504.5,25504.5,271,25597.22,25508.22,0.00
2025-12-01,00:46:00,25504.25,25505.25,25501.5,25503.25,447,25597.07,25508.15,0.00
2025-12-01,00:47:00,25503.25,25503.25,25497,25499.5,453,25596.91,25508.02,0.00
2025-12-01,00:48:00,25499,25502.25,25498.75,25499.25,251,25596.82,25507.96,0.00
2025-12-01,00:49:00,25499.25,25503.75,25498.75,25500.75,220,25596.74,25507.91,0.00
2025-12-01,00:50:00,25501,25506.5,25500,25504,325,25596.64,25507.86,0.00
2025-12-01,00:51:00,25503.5,25504.75,25499.5,25500.5,237,25596.55,25507.81,0.00
2025-12-01,00:52:00,25501,25502,25494.5,25495.25,454,25596.39,25507.66,0.00
2025-12-01,00:53:00,25495.25,25499,25492.75,25495,549,25596.19,25507.45,0.00
2025-12-01,00:54:00,25494.5,25494.75,25490.5,25491.5,489,25596.01,25507.21,0.00
2025-12-01,00:55:00,25491.5,25498,25488.75,25492.5,629,25595.78,25493.08,0.00
2025-12-01,00:56:00,25493.75,25494.5,25484.5,25485.5,904,25595.43,25488.17,0.00
2025-12-01,00:57:00,25485.75,25486.25,25480.5,25484.25,950,25595.05,25483.67,0.00
2025-12-01,00:58:00,25484.5,25487,25480.75,25486.75,778,25594.75,25484.19,0.00
2025-12-01,00:59:00,25487,25491.25,25485.25,25488.25,539,25594.55,25485.16,0.00
2025-12-01,01:00:00,25488.75,25489,25483.25,25483.5,527,25594.34,25485.17,0.00
2025-12-01,01:01:00,25484,25485.75,25474.5,25480,1568,25593.72,25480.08,0.00
2025-12-01,01:02:00,25480.25,25488.25,25480.25,25484,860,25593.39,25481.53,0.00
2025-12-01,01:03:00,25484,25484.5,25477,25477.5,429,25593.21,25481.25,0.00
2025-12-01,01:04:00,25478.75,25481.25,25476,25476,244,25593.12,25480.97,0.00
2025-12-01,01:05:00,25476,25476,25463.5,25469.75,2287,25592.14,25469.75,0.00
2025-12-01,01:06:00,25470,25472.5,25466,25470.75,654,25591.86,25469.75,0.00
2025-12-01,01:07:00,25470.75,25473.5,25463.25,25463.25,721,25591.55,25466.67,0.00
2025-12-01,01:08:00,25463.5,25470.75,25459.5,25470.5,1299,25590.99,25466.92,0.00
2025-12-01,01:09:00,25470,25475,25466.25,25469,677,25590.71,25468.00,0.00
2025-12-01,01:10:00,25469.25,25473,25465,25472.5,444,25590.53,25468.40,0.00
2025-12-01,01:11:00,25472.25,25480,25472.25,25478.75,1013,25590.14,25470.94,0.00
2025-12-01,01:12:00,25479.5,25480.75,25476.25,25477.5,486,25589.95,25471.83,0.00
2025-12-01,01:13:00,25477.75,25483.25,25475,25482,610,25589.73,25472.94,0.00
2025-12-01,01:14:00,25481,25483,25472,25472.5,562,25589.51,25473.26,0.00
2025-12-01,01:15:00,25473.25,25475.5,25469.5,25473,428,25589.34,25473.22,0.00
2025-12-01,01:16:00,25472.5,25477,25470.5,25472.5,433,25589.17,25473.23,0.00
2025-12-01,01:17:00,25472.5,25475,25469.5,25470.5,403,25589.01,25473.13,0.00
2025-12-01,01:18:00,25470.5,25472.25,25466.75,25468.75,351,25588.87,25472.92,0.00
2025-12-01,01:19:00,25469.5,25470.25,25462.25,25464.25,714,25588.57,25472.22,0.00
2025-12-01,01:20:00,25464.25,25465.75,25462,25464.5,340,25588.43,25471.86,0.00
2025-12-01,01:21:00,25464.25,25469.25,25461.25,25462.75,609,25588.18,25471.32,0.00
2025-12-01,01:22:00,25462.25,25468.25,25461,25466.5,394,25588.02,25471.05,0.00
2025-12-01,01:23:00,25466.25,25468.25,25461.5,25463,333,25587.88,25470.80,0.00
2025-12-01,01:24:00,25463,25465.5,25461.5,25463.75,264,25587.77,25470.59,0.00
2025-12-01,01:25:00,25464.25,25464.25,25457.25,25461,657,25587.49,25460.83,0.00
2025-12-01,01:26:00,25461,25465.5,25459.5,25461,534,25587.27,25461.36,0.00
2025-12-01,01:27:00,25460.25,25461.25,25457.25,25460.25,351,25587.12,25460.95,0.00
2025-12-01,01:28:00,25460.25,25461.75,25458.25,25460.25,226,25587.02,25460.84,0.00
2025-12-01,01:29:00,25460.75,25463.5,25457.5,25460.25,368,25586.87,25460.77,0.00
2025-12-01,01:30:00,25460.25,25464.5,25458.25,25459.25,266,25586.76,25460.76,0.00
2025-12-01,01:31:00,25458.75,25461.25,25455.75,25457,618,25586.49,25458.00,0.00
2025-12-01,01:32:00,25457.5,25466.5,25457,25464.5,538,25586.27,25460.17,0.00
2025-12-01,01:33:00,25465.25,25471,25464.25,25464.5,721,25585.99,25462.63,0.00
2025-12-01,01:34:00,25464,25464.25,25456.75,25461.5,471,25585.80,25462.27,0.00
2025-12-01,01:35:00,25462.25,25466.25,25460.75,25463.75,240,25585.70,25462.39,0.00
2025-12-01,01:36:00,25463.5,25464.5,25455.5,25458.25,598,25585.45,25459.42,0.00
2025-12-01,01:37:00,25458.25,25460.75,25448.25,25453.5,1323,25584.89,25454.17,0.00
2025-12-01,01:38:00,25453.5,25454.25,25447,25449,719,25584.57,25450.08,0.00
2025-12-01,01:39:00,25449.25,25453.75,25446.75,25451.25,572,25584.32,25450.58,0.00
2025-12-01,01:40:00,25452.25,25460.25,25449.75,25460.25,791,25583.99,25454.16,0.00
2025-12-01,01:41:00,25460,25464.75,25459.25,25462.5,648,25583.74,25456.74,0.00
2025-12-01,01:42:00,25462.25,25469.75,25462,25465.25,469,25583.56,25458.43,0.00
2025-12-01,01:43:00,25465.5,25470,25464,25469.5,359,25583.42,25459.62,0.00
2025-12-01,01:44:00,25469.75,25473.25,25468,25471,637,25583.19,25461.66,0.00
2025-12-01,01:45:00,25471.25,25472.5,25467.25,25470.5,396,25583.05,25462.52,0.00
2025-12-01,01:46:00,25471.25,25479,25470,25478.25,800,25582.77,25464.79,0.00
2025-12-01,01:47:00,25478.5,25479.25,25475.25,25475.75,452,25582.62,25465.84,0.00
2025-12-01,01:48:00,25476.25,25483,25475.75,25481.25,515,25582.45,25467.13,0.00
2025-12-01,01:49:00,25481.75,25485,25479.75,25482,614,25582.25,25468.62,0.00
2025-12-01,01:50:00,25481.5,25484.25,25479.5,25480.25,270,25582.17,25469.14,0.00
2025-12-01,01:51:00,25480.25,25485.75,25480.25,25484.75,427,25582.03,25470.03,0.00
2025-12-01,01:52:00,25485,25487.25,25482.25,25485.5,536,25581.87,25471.10,0.00
2025-12-01,01:53:00,25485.75,25487,25482.75,25484.5,283,25581.78,25471.60,0.00
2025-12-01,01:54:00,25485.5,25489,25482,25483.75,534,25581.62,25472.46,0.00
2025-12-01,01:55:00,25484,25492.25,25484,25492,553,25581.46,25473.52,0.00
2025-12-01,01:56:00,25492,25494.25,25487.75,25494.25,575,25581.29,25474.65,0.00
2025-12-01,01:57:00,25494.5,25498.5,25492.75,25498,910,25581.05,25476.56,0.00
2025-12-01,01:58:00,25497.75,25505.5,25497.25,25504,961,25580.81,25478.75,0.00
2025-12-01,01:59:00,25504,25510.75,25503.5,25507,982,25580.58,25481.01,0.00
2025-12-01,02:00:00,25506.5,25507.5,25502.25,25505,548,25580.46,25482.03,0.00
2025-12-01,02:01:00,25504.5,25512.5,25503.75,25508,837,25580.27,25483.63,0.00
2025-12-01,02:02:00,25507.25,25510.25,25505.25,25509.25,364,25580.18,25484.27,0.00
2025-12-01,02:03:00,25509.5,25511,25502.5,25502.75,466,25580.08,25484.95,0.00
2025-12-01,02:04:00,25503,25504.25,25495,25495.5,772,25579.88,25485.62,0.00
2025-12-01,02:05:00,25496.25,25498.75,25490,25491.75,535,25579.74,25485.89,0.00
2025-12-01,02:06:00,25492.25,25492.75,25485.75,25487.75,709,25579.54,25486.01,0.00
2025-12-01,02:07:00,25487.25,25492.75,25486.75,25490.5,376,25579.43,25486.10,0.00
2025-12-01,02:08:00,25490.5,25500.75,25488.5,25497.25,857,25579.21,25486.55,0.00
2025-12-01,02:09:00,25497.5,25503.75,25496,25500.5,487,25579.09,25486.91,0.00
2025-12-01,02:10:00,25501.25,25504.5,25498.5,25498.5,335,25579.01,25487.16,0.00
2025-12-01,02:11:00,25500.25,25503.5,25496,25496,422,25578.91,25487.41,0.00
2025-12-01,02:12:00,25496.5,25505.75,25495.5,25503,480,25578.79,25487.76,0.00
2025-12-01,02:13:00,25502.75,25506.25,25501.5,25505.25,234,25578.74,25487.95,0.00
2025-12-01,02:14:00,25506,25508.5,25502.5,25505.5,386,25578.65,25488.29,0.00
2025-12-01,02:15:00,25504.5,25506.75,25501.75,25503.75,449,25578.55,25488.64,0.00
2025-12-01,02:16:00,25504.25,25507.5,25504.25,25506.25,165,25578.52,25488.77,0.00
2025-12-01,02:17:00,25505.5,25509,25505.5,25506.75,226,25578.47,25488.97,0.00
2025-12-01,02:18:00,25507,25510,25505,25505.75,288,25578.40,25489.21,0.00
2025-12-01,02:19:00,25505.75,25507.25,25503,25505,212,25578.36,25489.37,0.00
2025-12-01,02:20:00,25504.5,25507.25,25499.5,25506.75,448,25578.26,25489.68,0.00
2025-12-01,02:21:00,25506.75,25510.5,25505.25,25506.25,432,25578.16,25490.02,0.00
2025-12-01,02:22:00,25507,25510.75,25505.25,25510.25,226,25578.12,25490.21,0.00
2025-12-01,02:23:00,25510.25,25515.25,25507,25509,838,25577.94,25490.94,0.00
2025-12-01,02:24:00,25508.5,25513,25507.25,25508.75,515,25577.84,25491.34,0.00
2025-12-01,02:25:00,25508,25512.5,25507,25512,285,25577.78,25491.57,0.00
2025-12-01,02:26:00,25512.25,25517,25510.75,25514.75,666,25577.65,25492.17,0.00
2025-12-01,02:27:00,25515.25,25521.25,25514.25,25515.5,741,25577.52,25492.89,0.00
2025-12-01,02:28:00,25515.25,25521.25,25512.5,25514.5,476,25577.43,25493.31,0.00
2025-12-01,02:29:00,25513.25,25517,25510.5,25517,470,25577.34,25493.70,0.00
2025-12-01,02:30:00,25516.75,25518.5,25514,25514.25,433,25577.26,25494.05,0.00
2025-12-01,02:31:00,25515.25,25517.75,25511.5,25514.75,405,25577.18,25494.35,0.00
2025-12-01,02:32:00,25513.5,25515,25503.75,25503.75,624,25577.05,25494.64,0.00
2025-12-01,02:33:00,25503.75,25512,25501,25511.25,777,25576.90,25495.01,0.00
2025-12-01,02:34:00,25511.25,25515.25,25508,25509.25,489,25576.80,25495.27,0.00
2025-12-01,02:35:00,25508.25,25508.5,25505,25508.25,343,25576.73,25495.41,0.00
2025-12-01,02:36:00,25508.25,25511.5,25505,25509.75,296,25576.67,25495.54,0.00
2025-12-01,02:37:00,25510.25,25512.75,25508,25511.75,271,25576.62,25495.68,0.00
2025-12-01,02:38:00,25511.75,25514.5,25509.25,25513.5,254,25576.57,25495.82,0.00
2025-12-01,02:39:00,25513,25517.5,25511.5,25513.75,297,25576.51,25496.00,0.00
2025-12-01,02:40:00,25514,25516.75,25511,25515.25,309,25576.46,25496.18,0.00
2025-12-01,02:41:00,25515.5,25518,25511.75,25518,373,25576.39,25496.42,0.00
2025-12-01,02:42:00,25517.25,25520.25,25514,25519.5,304,25576.34,25496.62,0.00
2025-12-01,02:43:00,25519.25,25521.25,25516.25,25518,302,25576.28,25496.83,0.00
2025-12-01,02:44:00,25517.5,25518.75,25515.5,25516.25,188,25576.25,25496.94,0.00
2025-12-01,02:45:00,25517,25523.25,25516.75,25522.25,405,25576.19,25497.24,0.00
2025-12-01,02:46:00,25522,25523.25,25519.25,25520.5,266,25576.14,25497.43,0.00
2025-12-01,02:47:00,25521,25524.5,25516.75,25516.75,700,25576.03,25497.89,0.00
2025-12-01,02:48:00,25516.75,25519.75,25514.75,25517,340,25575.97,25498.08,0.00
2025-12-01,02:49:00,25517,25518,25512,25515,384,25575.90,25498.27,0.00
2025-12-01,02:50:00,25515.5,25517.5,25511.25,25516.25,245,25575.85,25498.39,0.00
2025-12-01,02:51:00,25516.5,25517.75,25513.75,25514.75,213,25575.82,25498.50,0.00
2025-12-01,02:52:00,25514.75,25516.5,25513.75,25514.75,132,25575.79,25498.56,0.00
2025-12-01,02:53:00,25514.75,25515.75,25511.25,25512.75,189,25575.76,25498.64,0.00
2025-12-01,02:54:00,25513,25516.25,25513,25515.25,88,25575.74,25498.68,0.00
2025-12-01,02:55:00,25515.25,25517.75,25514.5,25515.75,136,25575.72,25498.74,0.00
2025-12-01,02:56:00,25516,25521,25516,25519.75,322,25575.67,25498.93,0.00
2025-12-01,02:57:00,25520.5,25521,25516.5,25516.5,226,25575.63,25499.05,0.00
2025-12-01,02:58:00,25517.5,25521.5,25517,25520.75,243,25575.59,25499.19,0.00
2025-12-01,02:59:00,25520.75,25525.25,25519.75,25523.75,343,25575.54,25499.41,0.00
2025-12-01,03:00:00,25523.75,25524.25,25519.5,25521.75,388,25575.48,25499.65,0.00
2025-12-01,03:01:00,25521.25,25526.75,25517.25,25519.25,961,25575.32,25500.19,0.00
2025-12-01,03:02:00,25519.75,25520.75,25512.5,25519,509,25575.24,25500.42,0.00
2025-12-01,03:03:00,25519.25,25529.75,25519.25,25519.75,865,25575.11,25500.92,0.00
2025-12-01,03:04:00,25520.25,25520.75,25508.25,25514,964,25574.94,25501.24,0.00
2025-12-01,03:05:00,25514.5,25516.25,25505.25,25507.25,786,25574.79,25501.40,0.00
2025-12-01,03:06:00,25507.5,25515,25503.25,25504,680,25574.66,25501.50,0.00
2025-12-01,03:07:00,25504.25,25508.5,25500.5,25505,614,25574.54,25501.54,0.00
2025-12-01,03:08:00,25506,25512.25,25505,25511.75,392,25574.46,25501.62,0.00
2025-12-01,03:09:00,25511.75,25515,25507.5,25511,449,25574.38,25501.72,0.00
2025-12-01,03:10:00,25511.25,25517.25,25510.75,25514.75,457,25574.30,25501.85,0.00
2025-12-01,03:11:00,25514.75,25523.75,25514.5,25522,493,25574.23,25502.06,0.00
2025-12-01,03:12:00,25521.25,25522.25,25507.5,25510,548,25574.13,25502.19,0.00
2025-12-01,03:13:00,25509.5,25511.75,25507.25,25509,285,25574.08,25502.24,0.00
2025-12-01,03:14:00,25508.75,25511.25,25502.5,25505.25,442,25574.00,25502.28,0.00
2025-12-01,03:15:00,25505.5,25506.75,25502.25,25504.75,292,25573.94,25502.29,0.00
2025-12-01,03:16:00,25504.75,25512,25504.5,25504.75,371,25573.87,25502.33,0.00
2025-12-01,03:17:00,25505.5,25507.25,25501.5,25505.5,403,25573.79,25502.35,0.00
2025-12-01,03:18:00,25505.75,25507.5,25502.25,25505,231,25573.74,25502.37,0.00
2025-12-01,03:19:00,25505.25,25509.25,25492,25496.75,976,25573.54,25502.30,0.00
2025-12-01,03:20:00,25496.75,25501.5,25492.5,25498.5,646,25573.40,25502.24,0.00
2025-12-01,03:21:00,25498.5,25501.75,25493.25,25498.5,566,25573.28,25502.19,0.00
2025-12-01,03:22:00,25498.25,25500.75,25493.75,25495.25,331,25573.21,25502.15,0.00
2025-12-01,03:23:00,25495.25,25498.5,25491,25492,453,25573.11,25502.07,0.00
2025-12-01,03:24:00,25492.5,25501,25491.75,25499.25,412,25573.02,25502.03,0.00
2025-12-01,03:25:00,25499.75,25507.5,25497.25,25506.5,573,25572.91,25502.05,0.00
2025-12-01,03:26:00,25506.25,25518.75,25505.25,25514.5,1042,25572.74,25502.27,0.00
2025-12-01,03:27:00,25515.5,25517.25,25510,25515.5,418,25572.67,25502.37,0.00
2025-12-01,03:28:00,25514.75,25525,25510.25,25522.25,899,25572.53,25502.65,0.00
2025-12-01,03:29:00,25522.75,25535.25,25520.5,25533.25,1007,25572.41,25503.16,0.00
2025-12-01,03:30:00,25533.75,25538,25528.25,25528.75,1291,25572.27,25503.83,0.00
2025-12-01,03:31:00,25529.5,25536,25528.75,25534.25,717,25572.19,25504.20,0.00
2025-12-01,03:32:00,25534.25,25534.75,25526.25,25528.5,418,25572.14,25504.39,0.00
2025-12-01,03:33:00,25527.75,25529.5,25515.5,25519.5,842,25572.03,25504.64,0.00
2025-12-01,03:34:00,25520.5,25526.5,25519.5,25525.25,427,25571.97,25504.78,0.00
2025-12-01,03:35:00,25525.25,25529.25,25522.75,25526.75,237,25571.94,25504.87,0.00
2025-12-01,03:36:00,25526.75,25528,25523.25,25526.25,210,25571.91,25504.95,0.00
2025-12-01,03:37:00,25525.75,25527.25,25521.25,25524.75,204,25571.89,25505.02,0.00
2025-12-01,03:38:00,25525.5,25530.5,25524.75,25528,243,25571.86,25505.11,0.00
2025-12-01,03:39:00,25528,25529.25,25524.5,25524.5,255,25571.82,25505.20,0.00
2025-12-01,03:40:00,25525.5,25526.25,25519.25,25523.5,347,25571.78,25505.31,0.00
2025-12-01,03:41:00,25524.5,25526.75,25523.25,25525.75,148,25571.76,25505.36,0.00
2025-12-01,03:42:00,25525.75,25529.75,25524,25528.75,333,25571.72,25505.48,0.00
2025-12-01,03:43:00,25528.5,25533.5,25526.5,25526.5,367,25571.68,25505.62,0.00
2025-12-01,03:44:00,25527.75,25531.75,25523.25,25524.5,371,25571.63,25505.75,0.00
2025-12-01,03:45:00,25524.75,25526.5,25520.5,25524,310,25571.59,25505.84,0.00
2025-12-01,03:46:00,25524.25,25527.75,25523.25,25524.75,114,25571.58,25505.88,0.00
2025-12-01,03:47:00,25524.75,25530.25,25522.5,25530.25,210,25571.55,25505.96,0.00
2025-12-01,03:48:00,25530.25,25534.75,25528,25531.25,306,25571.52,25506.08,0.00
2025-12-01,03:49:00,25531,25537,25531,25533,484,25571.47,25506.30,0.00
2025-12-01,03:50:00,25533,25534.5,25527.75,25534.5,287,25571.44,25506.42,0.00
2025-12-01,03:51:00,25534.5,25537.5,25523,25524,469,25571.38,25506.58,0.00
2025-12-01,03:52:00,25524,25529.25,25521.5,25528.5,284,25571.35,25506.67,0.00
2025-12-01,03:53:00,25528.5,25530.5,25524.25,25525,202,25571.32,25506.74,0.00
2025-12-01,03:54:00,25525.25,25529,25522,25529,231,25571.30,25506.81,0.00
2025-12-01,03:55:00,25529.25,25530.75,25528,25529,163,25571.28,25506.87,0.00
2025-12-01,03:56:00,25528.5,25530.25,25526.5,25530,116,25571.26,25506.91,0.00
2025-12-01,03:57:00,25530,25530.25,25522.75,25523.75,264,25571.23,25506.98,0.00
2025-12-01,03:58:00,25522.75,25523.75,25520.25,25522.5,214,25571.20,25507.03,0.00
2025-12-01,03:59:00,25522,25527.25,25522,25525,297,25571.17,25507.12,0.00
2025-12-01,04:00:00,25525.5,25535.5,25525,25532.25,647,25571.10,25507.35,0.00
2025-12-01,04:01:00,25532,25537.25,25523.75,25528,900,25571.00,25507.66,0.00
2025-12-01,04:02:00,25528.75,25540,25526,25537.5,835,25570.91,25508.00,0.00
2025-12-01,04:03:00,25537.75,25544.5,25536,25540.75,850,25570.84,25508.40,0.00
2025-12-01,04:04:00,25541,25541.25,25525,25527.5,581,25570.78,25508.60,0.00
2025-12-01,04:05:00,25528,25528.25,25522.5,25525.5,494,25570.72,25508.72,0.00
2025-12-01,04:06:00,25525.25,25545,25521.5,25543.75,968,25570.64,25509.11,0.00
2025-12-01,04:07:00,25543.75,25551,25542,25549.25,948,25570.58,25509.63,0.00
2025-12-01,04:08:00,25548.5,25567.25,25545.5,25565,1332,25570.54,25510.55,0.00
2025-12-01,04:09:00,25564.5,25565.5,25556,25557,814,25570.51,25511.10,0.00
2025-12-01,04:10:00,25557,25557.75,25550.75,25555,630,25570.49,25511.47,0.00
2025-12-01,04:11:00,25554.25,25560,25553.25,25556,659,25570.46,25511.87,0.00
2025-12-01,04:12:00,25555.75,25561.25,25551.25,25561,789,25570.44,25512.35,0.00
2025-12-01,04:13:00,25561.25,25563.25,25557.5,25558,439,25570.43,25512.63,0.00
2025-12-01,04:14:00,25558,25566.75,25558,25565.25,476,25570.42,25512.95,0.00
2025-12-01,04:15:00,25565.75,25566.5,25557.75,25564.75,420,25570.41,25513.23,0.00
2025-12-01,04:16:00,25565.25,25571.75,25565.25,25567,853,25570.40,25513.83,0.00
2025-12-01,04:17:00,25567.25,25578,25567.25,25576.25,987,25570.41,25514.59,0.00
2025-12-01,04:18:00,25575.5,25586.25,25574.25,25581.25,1198,25570.44,25515.59,0.00
2025-12-01,04:19:00,25580.75,25586.75,25576.25,25586.25,855,25570.47,25516.32,0.00
2025-12-01,04:20:00,25586.75,25593.75,25584,25588,1447,25570.54,25517.60,0.00
2025-12-01,04:21:00,25588,25592,25584.5,25586.75,671,25570.57,25518.18,0.00
2025-12-01,04:22:00,25585.75,25594.5,25581.75,25591.75,938,25570.61,25518.98,0.00
2025-12-01,04:23:00,25591.5,25593,25584.25,25590.75,517,25570.64,25519.42,0.00
2025-12-01,04:24:00,25590.75,25596.25,25585.25,25591.25,895,25570.68,25520.17,0.00
2025-12-01,04:25:00,25591.5,25593.25,25584.25,25589,525,25570.71,25520.60,0.00
2025-12-01,04:26:00,25588.25,25588.75,25580.5,25581.5,687,25570.73,25521.10,0.00
2025-12-01,04:27:00,25582,25584.5,25579,25583,527,25570.75,25521.48,0.00
2025-12-01,04:28:00,25583,25583.25,25576.25,25576.5,415,25570.76,25521.75,0.00
2025-12-01,04:29:00,25576.5,25581.5,25573.25,25581.5,690,25570.77,25522.20,0.00
2025-12-01,04:30:00,25581.5,25587.75,25581.5,25584.75,486,25570.79,25522.55,0.00
2025-12-01,04:31:00,25585.25,25588.25,25577,25577.5,620,25570.80,25522.96,0.00
2025-12-01,04:32:00,25578,25582,25573.75,25578,513,25570.81,25523.28,0.00
2025-12-01,04:33:00,25577.75,25580.25,25572.25,25574.25,451,25570.82,25523.54,0.00
2025-12-01,04:34:00,25574.25,25577,25569.75,25571.75,380,25570.82,25523.75,0.00
2025-12-01,04:35:00,25572.25,25575,25566.75,25569.25,347,25570.82,25523.93,0.00
2025-12-01,04:36:00,25568.5,25585,25568.25,25584.25,627,25570.83,25524.31,0.00
2025-12-01,04:37:00,25585,25586,25571,25571.75,538,25570.84,25524.62,0.00
2025-12-01,04:38:00,25571.5,25580.5,25569.75,25580,570,25570.85,25524.94,0.00
2025-12-01,04:39:00,25579.75,25584.25,25576.25,25578.5,520,25570.86,25525.25,0.00
2025-12-01,04:40:00,25578.75,25581,25573.5,25577.5,365,25570.86,25525.45,0.00
2025-12-01,04:41:00,25577.5,25578.5,25573.25,25574.5,280,25570.87,25525.61,0.00
2025-12-01,04:42:00,25574,25578.25,25572,25575.5,269,25570.87,25525.75,0.00
2025-12-01,04:43:00,25575,25578.25,25572,25574.75,269,25570.87,25525.89,0.00
2025-12-01,04:44:00,25574.75,25585.25,25573.75,25583.5,336,25570.88,25526.09,0.00
2025-12-01,04:45:00,25584,25586,25579.25,25582.75,256,25570.89,25526.24,0.00
2025-12-01,04:46:00,25583.5,25585.75,25577.25,25580.75,275,25570.90,25526.40,0.00
2025-12-01,04:47:00,25580.5,25581,25571,25571,318,25570.90,25526.56,0.00
2025-12-01,04:48:00,25571,25575.25,25566,25572.25,574,25570.90,25526.83,0.00
2025-12-01,04:49:00,25571.25,25576.5,25569.5,25572.25,237,25570.90,25526.95,0.00
2025-12-01,04:50:00,25572.25,25576.75,25570.75,25572,191,25570.90,25527.04,0.00
2025-12-01,04:51:00,25571.5,25574.75,25568.25,25572.75,213,25570.90,25527.14,0.00
2025-12-01,04:52:00,25572,25576.5,25570.75,25574.75,155,25570.90,25527.21,0.00
2025-12-01,04:53:00,25575.5,25577.5,25571.75,25573.75,206,25570.91,25527.31,0.00
2025-12-01,04:54:00,25572.25,25578.5,25569.5,25574.75,331,25570.91,25527.48,0.00
2025-12-01,04:55:00,25575,25578.5,25573.5,25576.5,189,25570.91,25527.57,0.00
2025-12-01,04:56:00,25576.75,25579.75,25574.5,25577.5,205,25570.91,25527.68,0.00
2025-12-01,04:57:00,25576.75,25577.75,25570.25,25572,284,25570.92,25527.81,0.00
2025-12-01,04:58:00,25571.5,25572,25564.75,25568.5,432,25570.91,25527.99,0.00
2025-12-01,04:59:00,25568.25,25569.5,25563.5,25566.5,442,25570.91,25528.16,0.00
2025-12-01,05:00:00,25566.25,25567,25559.75,25562,566,25570.90,25528.36,0.00
2025-12-01,05:01:00,25561.25,25568,25558.25,25565.75,770,25570.88,25528.64,0.00
2025-12-01,05:02:00,25565.25,25573.5,25564.25,25566.5,548,25570.88,25528.85,0.00
2025-12-01,05:03:00,25566.75,25567.25,25551.25,25555.5,1075,25570.85,25529.16,0.00
2025-12-01,05:04:00,25556.5,25569,25556.25,25565.5,820,25570.83,25529.44,0.00
2025-12-01,05:05:00,25566.5,25568,25560.5,25566,285,25570.83,25529.54,0.00
2025-12-01,05:06:00,25565.75,25585.5,25565,25581.75,1234,25570.85,25530.11,0.00
2025-12-01,05:07:00,25582.75,25588.5,25582,25587.75,567,25570.87,25530.42,0.00
2025-12-01,05:08:00,25587,25591.5,25585.5,25587.75,623,25570.89,25530.76,0.00
2025-12-01,05:09:00,25586.5,25592.75,25586,25588,640,25570.92,25531.11,0.00
2025-12-01,05:10:00,25588.75,25593.25,25586,25592.75,442,25570.94,25531.36,0.00
2025-12-01,05:11:00,25592.75,25594.5,25587.75,25589.75,496,25570.97,25531.64,0.00
2025-12-01,05:12:00,25590.5,25593,25586.5,25588.75,447,25570.99,25531.88,0.00
2025-12-01,05:13:00,25588.5,25592,25584.25,25584.25,279,25571.00,25532.03,0.00
2025-12-01,05:14:00,25584.5,25585,25574.5,25574.5,706,25571.01,25532.33,0.00
2025-12-01,05:15:00,25575,25579.25,25571.75,25575.75,510,25571.02,25532.53,0.00
2025-12-01,05:16:00,25575.75,25582.25,25573.5,25580.75,380,25571.02,25532.69,0.00
2025-12-01,05:17:00,25581,25586.5,25576.75,25585.5,495,25571.04,25532.92,0.00
2025-12-01,05:18:00,25585.75,25586.5,25573.25,25576.75,349,25571.04,25533.07,0.00
2025-12-01,05:19:00,25576.75,25578,25568.25,25569.5,387,25571.04,25533.21,0.00
2025-12-01,05:20:00,25568.5,25571,25563.5,25565,485,25571.04,25533.35,0.00
2025-12-01,05:21:00,25565.5,25565.5,25559.75,25563,417,25571.03,25533.46,0.00
2025-12-01,05:22:00,25563.25,25568.75,25560,25561,513,25571.02,25533.60,0.00
2025-12-01,05:23:00,25560.75,25567.75,25559.5,25562.75,346,25571.01,25533.69,0.00
2025-12-01,05:24:00,25562.75,25568.75,25555.25,25567,739,25571.00,25533.89,0.00
2025-12-01,05:25:00,25567.25,25570.5,25564.25,25568.5,424,25571.00,25534.02,0.00
2025-12-01,05:26:00,25569.25,25574.25,25566,25572,432,25571.00,25534.16,0.00
2025-12-01,05:27:00,25572,25574.25,25567.75,25571.75,439,25571.00,25534.30,0.00
2025-12-01,05:28:00,25571.5,25573.25,25569.75,25572.75,251,25571.00,25534.38,0.00
2025-12-01,05:29:00,25572.5,25577.75,25567.25,25574.5,438,25571.00,25534.53,0.00
2025-12-01,05:30:00,25573,25575.25,25568.25,25572,242,25571.00,25534.61,0.00
2025-12-01,05:31:00,25571.25,25572.5,25565.25,25565.5,425,25571.00,25534.73,0.00
2025-12-01,05:32:00,25566.25,25570.75,25563,25565.5,401,25570.99,25534.84,0.00
2025-12-01,05:33:00,25564.75,25571,25560.5,25563.25,390,25570.99,25534.95,0.00
2025-12-01,05:34:00,25563.25,25565.25,25560.5,25561.75,260,25570.98,25535.01,0.00
2025-12-01,05:35:00,25562,25567.5,25561,25563,231,25570.98,25535.06,0.00
2025-12-01,05:36:00,25563,25565.25,25553.25,25556,620,25570.96,25535.19,0.00
2025-12-01,05:37:00,25556.75,25564.5,25552.5,25562.5,571,25570.95,25535.31,0.00
2025-12-01,05:38:00,25563,25564.75,25554,25556.75,301,25570.94,25535.37,0.00
2025-12-01,05:39:00,25556.25,25559.25,25545.25,25548.5,1088,25570.89,25535.51,0.00
2025-12-01,05:40:00,25548.25,25548.25,25538.25,25546,1003,25570.82,25535.58,0.00
2025-12-01,05:41:00,25546.75,25547,25538,25542.25,542,25570.79,25535.61,0.00
2025-12-01,05:42:00,25541.25,25546.25,25539.5,25541.75,476,25570.76,25535.64,0.00
2025-12-01,05:43:00,25540.75,25545,25536.75,25542.75,509,25570.72,25535.66,0.00
2025-12-01,05:44:00,25541.25,25546.25,25540,25541.25,246,25570.70,25535.68,0.00
2025-12-01,05:45:00,25540.5,25548.25,25540.5,25546.25,431,25570.68,25535.71,0.00
2025-12-01,05:46:00,25546.25,25553.75,25545.5,25548.75,561,25570.65,25535.77,0.00
2025-12-01,05:47:00,25548.5,25551,25537.75,25539.25,671,25570.61,25535.81,0.00
2025-12-01,05:48:00,25539.75,25540.25,25534.75,25536,638,25570.56,25535.82,0.00
2025-12-01,05:49:00,25535.75,25539,25526.5,25538,1177,25570.46,25535.81,0.00
2025-12-01,05:50:00,25537.25,25542.75,25536.75,25541.75,486,25570.43,25535.82,0.00
2025-12-01,05:51:00,25542,25542.75,25529.5,25532.25,659,25570.37,25535.82,0.00
2025-12-01,05:52:00,25532.5,25538,25528.75,25532,604,25570.32,25535.80,0.00
2025-12-01,05:53:00,25532,25538.75,25528.25,25538.5,364,25570.29,25535.80,0.00
2025-12-01,05:54:00,25539,25544.25,25534,25538.25,724,25570.24,25535.82,0.00
2025-12-01,05:55:00,25539,25541.5,25534.5,25535.25,211,25570.22,25535.82,0.00
2025-12-01,05:56:00,25535.5,25535.75,25529.25,25533.75,399,25570.19,25535.81,0.00
2025-12-01,05:57:00,25534.25,25537.5,25528.5,25530.25,390,25570.15,25535.80,0.00
2025-12-01,05:58:00,25529.75,25538.5,25525.5,25536,621,25570.10,25535.79,0.00
2025-12-01,05:59:00,25536,25539.75,25531.25,25538,270,25570.08,25535.79,0.00
2025-12-01,06:00:00,25537.75,25540.25,25534.25,25534.25,190,25570.06,25535.79,0.00
2025-12-01,06:01:00,25534.25,25546,25534.25,25545.25,571,25570.03,25535.82,0.00
2025-12-01,06:02:00,25544.25,25545,25540,25540.75,305,25570.01,25535.83,0.00
2025-12-01,06:03:00,25540.75,25543.75,25536.75,25543.25,395,25569.98,25535.85,0.00
2025-12-01,06:04:00,25543.25,25550.5,25542,25548.25,490,25569.96,25535.89,0.00
2025-12-01,06:05:00,25548,25550.75,25542.5,25550.75,406,25569.94,25535.93,0.00
2025-12-01,06:06:00,25550.5,25556.25,25548.5,25555,498,25569.92,25535.99,0.00
2025-12-01,06:07:00,25554.5,25562.75,25553.5,25559,704,25569.90,25536.11,0.00
2025-12-01,06:08:00,25559.5,25563.75,25559,25563,353,25569.89,25536.18,0.00
2025-12-01,06:09:00,25562.75,25564.75,25560.25,25563.75,324,25569.89,25536.24,0.00
2025-12-01,06:10:00,25564,25564.5,25554.75,25560.5,551,25569.88,25536.34,0.00
2025-12-01,06:11:00,25560.5,25564.75,25558.25,25562.75,244,25569.87,25536.39,0.00
2025-12-01,06:12:00,25562.5,25564.25,25560.5,25561.25,146,25569.87,25536.41,0.00
2025-12-01,06:13:00,25560.5,25569.75,25559,25569.25,469,25569.86,25536.52,0.00
2025-12-01,06:14:00,25569.75,25572,25567.75,25569,465,25569.86,25536.63,0.00
2025-12-01,06:15:00,25568.5,25570,25562.25,25565.75,355,25569.86,25536.71,0.00
2025-12-01,06:16:00,25565.75,25570.75,25564.75,25566.25,347,25569.86,25536.78,0.00
2025-12-01,06:17:00,25566,25567.5,25559.75,25560,353,25569.85,25536.85,0.00
2025-12-01,06:18:00,25560.5,25564,25556.5,25558.25,325,25569.85,25536.90,0.00
2025-12-01,06:19:00,25558.75,25560.5,25556.75,25559.25,299,25569.84,25536.95,0.00
2025-12-01,06:20:00,25559.25,25562.75,25559,25562,269,25569.83,25537.00,0.00
2025-12-01,06:21:00,25562.5,25566.5,25561,25563.75,324,25569.83,25537.06,0.00
2025-12-01,06:22:00,25563.75,25567,25563.25,25563.75,245,25569.83,25537.11,0.00
2025-12-01,06:23:00,25564.5,25568,25560,25568,346,25569.82,25537.18,0.00
2025-12-01,06:24:00,25568.25,25569.25,25564,25568,323,25569.82,25537.25,0.00
2025-12-01,06:25:00,25567.25,25569.5,25565.25,25568.5,304,25569.82,25537.32,0.00
2025-12-01,06:26:00,25568.25,25575.25,25567.75,25573.75,522,25569.82,25537.45,0.00
2025-12-01,06:27:00,25574,25577.5,25571,25574.5,432,25569.83,25537.56,0.00
2025-12-01,06:28:00,25574.25,25575.25,25567,25568.25,414,25569.83,25537.66,0.00
2025-12-01,06:29:00,25567.5,25567.5,25563.25,25565,355,25569.82,25537.73,0.00
2025-12-01,06:30:00,25564.5,25568.25,25563.25,25566,229,25569.82,25537.77,0.00
2025-12-01,06:31:00,25565.75,25571.5,25564,25571,282,25569.82,25537.83,0.00
2025-12-01,06:32:00,25570.5,25572.5,25568.25,25571.25,436,25569.82,25537.93,0.00
2025-12-01,06:33:00,25571.5,25573,25568.25,25570.5,219,25569.82,25537.99,0.00
2025-12-01,06:34:00,25570.5,25571.25,25567,25568.5,254,25569.82,25538.04,0.00
2025-12-01,06:35:00,25569.25,25570.5,25565.5,25568.25,168,25569.82,25538.08,0.00
2025-12-01,06:36:00,25569.25,25571.75,25565.25,25570.5,220,25569.82,25538.12,0.00
2025-12-01,06:37:00,25571,25574.5,25567.75,25568.5,368,25569.82,25538.21,0.00
2025-12-01,06:38:00,25568,25574.25,25567.25,25574,237,25569.82,25538.26,0.00
2025-12-01,06:39:00,25574.25,25575,25570.25,25572.75,238,25569.82,25538.32,0.00
2025-12-01,06:40:00,25571.75,25571.75,25565.5,25567.25,274,25569.82,25538.38,0.00
2025-12-01,06:41:00,25567.5,25573,25564.5,25564.5,509,25569.82,25538.48,0.00
2025-12-01,06:42:00,25564.25,25567.25,25558,25565,683,25569.81,25538.59,0.00
2025-12-01,06:43:00,25565.75,25571,25563.5,25567,344,25569.81,25538.66,0.00
2025-12-01,06:44:00,25567,25571.75,25566.25,25568.75,216,25569.81,25538.71,0.00
2025-12-01,06:45:00,25568,25582.25,25568,25582,630,25569.82,25538.87,0.00
2025-12-01,06:46:00,25581.5,25587,25571.75,25573.75,1027,25569.83,25539.14,0.00
2025-12-01,06:47:00,25573.75,25577.75,25569.25,25576.5,491,25569.84,25539.26,0.00
2025-12-01,06:48:00,25577.25,25584,25577.25,25581.75,404,25569.85,25539.37,0.00
2025-12-01,06:49:00,25582,25584.25,25577.5,25579.25,347,25569.86,25539.47,0.00
2025-12-01,06:50:00,25578.75,25580,25575.5,25578.25,241,25569.86,25539.53,0.00
2025-12-01,06:51:00,25578.5,25579.75,25570.5,25575,344,25569.87,25539.61,0.00
2025-12-01,06:52:00,25573.75,25576.5,25569.25,25571.75,243,25569.87,25539.67,0.00
2025-12-01,06:53:00,25571,25572.5,25568.75,25570.25,220,25569.87,25539.71,0.00
2025-12-01,06:54:00,25569.5,25575.25,25568.25,25573.25,259,25569.87,25539.77,0.00
2025-12-01,06:55:00,25574.25,25576,25566.75,25568.25,365,25569.87,25539.84,0.00
2025-12-01,06:56:00,25568,25572.75,25565.5,25566,347,25569.87,25539.91,0.00
2025-12-01,06:57:00,25565.75,25569,25564,25566.25,247,25569.87,25539.95,0.00
2025-12-01,06:58:00,25565.5,25568.5,25564.25,25564.75,168,25569.86,25539.98,0.00
2025-12-01,06:59:00,25564.75,25565,25559.75,25562.25,376,25569.86,25540.04,0.00
2025-12-01,07:00:00,25563.25,25570.5,25560.25,25566,420,25569.85,25540.11,0.00
2025-12-01,07:01:00,25566.5,25567,25557,25565.25,805,25569.84,25540.23,0.00
2025-12-01,07:02:00,25564.75,25569.75,25564.5,25567,474,25569.84,25540.31,0.00
2025-12-01,07:03:00,25566.5,25569.25,25562,25562.25,366,25569.84,25540.37,0.00
2025-12-01,07:04:00,25562.5,25564.25,25558.25,25563.75,379,25569.83,25540.42,0.00
2025-12-01,07:05:00,25563.5,25567,25557.75,25558.5,312,25569.82,25540.46,0.00
2025-12-01,07:06:00,25558.25,25559,25548.5,25548.5,910,25569.79,25540.53,0.00
2025-12-01,07:07:00,25548.5,25551,25544.5,25546.5,533,25569.76,25540.55,0.00
2025-12-01,07:08:00,25545.75,25548.25,25541,25548,551,25569.73,25540.57,0.00
2025-12-01,07:09:00,25548.25,25552.25,25545.75,25548.5,467,25569.71,25540.60,0.00
2025-12-01,07:10:00,25548.5,25550,25543.75,25550,419,25569.69,25540.62,0.00
2025-12-01,07:11:00,25549,25550.25,25543.5,25547,318,25569.68,25540.63,0.00
2025-12-01,07:12:00,25546.5,25552,25545.25,25546,340,25569.66,25540.65,0.00
2025-12-01,07:13:00,25545.5,25560,25544.5,25558.25,620,25569.64,25540.70,0.00
2025-12-01,07:14:00,25559,25563,25558,25561.25,522,25569.63,25540.76,0.00
2025-12-01,07:15:00,25561.25,25569,25560.25,25567,490,25569.63,25540.84,0.00
2025-12-01,07:16:00,25566.75,25568,25559.75,25567,479,25569.62,25540.91,0.00
2025-12-01,07:17:00,25567.5,25573,25562,25563,663,25569.62,25541.02,0.00
2025-12-01,07:18:00,25562.5,25562.5,25552,25554,612,25569.60,25541.07,0.00
2025-12-01,07:19:00,25555.75,25558.5,25551.75,25554.75,374,25569.59,25541.11,0.00
2025-12-01,07:20:00,25554.25,25557,25548,25552.75,380,25569.57,25541.13,0.00
2025-12-01,07:21:00,25553.5,25557,25549.5,25550.5,514,25569.55,25541.17,0.00
2025-12-01,07:22:00,25549.75,25557,25549,25551.75,286,25569.54,25541.19,0.00
2025-12-01,07:23:00,25552.5,25552.75,25548.25,25550,268,25569.53,25541.20,0.00
2025-12-01,07:24:00,25549.5,25558,25548,25557,334,25569.52,25541.23,0.00
2025-12-01,07:25:00,25557,25561,25553,25554,377,25569.51,25541.26,0.00
2025-12-01,07:26:00,25554,25556.25,25551.25,25555,286,25569.50,25541.29,0.00
2025-12-01,07:27:00,25555,25558.25,25554,25554.75,189,25569.50,25541.30,0.00
2025-12-01,07:28:00,25555,25556,25551.25,25555,230,25569.49,25541.32,0.00
2025-12-01,07:29:00,25554.5,25557.25,25552.25,25552.25,229,25569.48,25541.34,0.00
2025-12-01,07:30:00,25552.75,25556.25,25552.25,25554.25,121,25569.48,25541.35,0.00
2025-12-01,07:31:00,25553.25,25556.25,25551.5,25554.75,281,25569.47,25541.37,0.00
2025-12-01,07:32:00,25555.5,25560,25555.5,25557.25,307,25569.46,25541.40,0.00
2025-12-01,07:33:00,25557.5,25558.5,25554,25555.5,197,25569.45,25541.42,0.00
2025-12-01,07:34:00,25553.5,25553.5,25545,25550.5,494,25569.43,25541.44,0.00
2025-12-01,07:35:00,25550.75,25552.5,25547.25,25547.5,277,25569.42,25541.45,0.00
2025-12-01,07:36:00,25547.25,25549.25,25544.75,25545.25,201,25569.41,25541.46,0.00
2025-12-01,07:37:00,25544.75,25554.25,25540.75,25552.75,721,25569.38,25541.49,0.00
2025-12-01,07:38:00,25553,25556.25,25544,25544.75,485,25569.36,25541.51,0.00
2025-12-01,07:39:00,25544.25,25546.75,25539.5,25544,485,25569.33,25541.52,0.00
2025-12-01,07:40:00,25544.5,25550,25544.5,25548,300,25569.32,25541.53,0.00
2025-12-01,07:41:00,25547.25,25548,25542.75,25543.5,200,25569.31,25541.53,0.00
2025-12-01,07:42:00,25543.25,25545.5,25541.75,25544.25,160,25569.30,25541.54,0.00
2025-12-01,07:43:00,25544.25,25546,25542,25543,168,25569.29,25541.54,0.00
2025-12-01,07:44:00,25542.5,25543.25,25532.5,25535.5,974,25569.23,25541.51,0.00
2025-12-01,07:45:00,25535,25540,25533.75,25535.5,460,25569.19,25541.50,0.00
2025-12-01,07:46:00,25535.5,25541.5,25535,25536.75,373,25569.17,25541.49,0.00
2025-12-01,07:47:00,25536.75,25542.5,25536.75,25540.5,326,25569.15,25541.49,0.00
2025-12-01,07:48:00,25540.5,25545.75,25538.25,25542.25,361,25569.13,25541.49,0.00
2025-12-01,07:49:00,25542.25,25545.5,25540.5,25544.25,262,25569.12,25541.49,0.00
2025-12-01,07:50:00,25544.5,25545,25539.75,25543.25,246,25569.10,25541.49,0.00
2025-12-01,07:51:00,25544.5,25551.25,25544,25550.25,554,25569.08,25541.52,0.00
2025-12-01,07:52:00,25550,25551.75,25538.25,25540.75,773,25569.04,25541.53,0.00
2025-12-01,07:53:00,25541.25,25548,25540.5,25546.5,271,25569.02,25541.53,0.00
2025-12-01,07:54:00,25545.75,25558.25,25545.75,25549.75,972,25568.99,25541.59,0.00
2025-12-01,07:55:00,25550.25,25554.5,25549.25,25552.25,264,25568.98,25541.60,0.00
2025-12-01,07:56:00,25551.5,25554.5,25544.25,25549.25,505,25568.96,25541.62,0.00
2025-12-01,07:57:00,25549.75,25552.5,25548,25549.75,245,25568.95,25541.63,0.00
2025-12-01,07:58:00,25550.5,25553.25,25548,25548.25,205,25568.94,25541.64,0.00
2025-12-01,07:59:00,25548.5,25554.75,25547.75,25552.25,258,25568.93,25541.66,0.00
2025-12-01,08:00:00,25551.75,25554,25548,25549.25,211,25568.92,25541.67,0.00
2025-12-01,08:01:00,25549.25,25560.75,25549,25556.5,819,25568.90,25541.73,0.00
2025-12-01,08:02:00,25556,25556.5,25550.5,25550.5,375,25568.89,25541.76,0.00
2025-12-01,08:03:00,25550.5,25551.75,25546.25,25549,320,25568.87,25541.77,0.00
2025-12-01,08:04:00,25550,25555.5,25548.75,25548.75,298,25568.86,25541.78,0.00
2025-12-01,08:05:00,25549.75,25550,25530.75,25532.5,738,25568.82,25541.77,0.00
2025-12-01,08:06:00,25532.25,25537.25,25530.25,25534.25,547,25568.78,25541.74,0.00
2025-12-01,08:07:00,25534,25541.25,25532.75,25537.75,431,25568.75,25541.73,0.00
2025-12-01,08:08:00,25537.75,25537.75,25527.5,25530.25,798,25568.69,25541.69,0.00
2025-12-01,08:09:00,25529.5,25535.75,25517.5,25532.5,2155,25568.51,25541.53,0.00
2025-12-01,08:10:00,25530.75,25535.5,25527.5,25528.75,381,25568.48,25541.51,0.00
2025-12-01,08:11:00,25529,25530,25520.25,25520.25,544,25568.43,25541.46,0.00
2025-12-01,08:12:00,25520,25520,25507,25511.5,1657,25568.25,25541.20,0.00
2025-12-01,08:13:00,25511.5,25511.5,25499.75,25509.75,1411,25568.07,25540.94,0.00
2025-12-01,08:14:00,25510.25,25522,25509.5,25516.5,1076,25567.96,25540.80,0.00
2025-12-01,08:15:00,25516.25,25520,25512.25,25518.75,561,25567.90,25540.73,0.00
2025-12-01,08:16:00,25518.5,25523.25,25511.5,25523,541,25567.85,25540.67,0.00
2025-12-01,08:17:00,25522.75,25525.5,25511,25514.75,839,25567.76,25540.56,0.00
2025-12-01,08:18:00,25514.5,25517.5,25507.5,25510,504,25567.70,25540.49,0.00
2025-12-01,08:19:00,25509.5,25509.5,25501.75,25508.75,682,25567.62,25540.37,0.00
2025-12-01,08:20:00,25508,25519.75,25508,25513.5,570,25567.56,25540.29,0.00
2025-12-01,08:21:00,25513.5,25516.5,25503.5,25507.75,1035,25567.44,25540.12,0.00
2025-12-01,08:22:00,25508.5,25514.25,25507.25,25511,379,25567.39,25540.06,0.00
2025-12-01,08:23:00,25511.5,25513.5,25505.75,25512.75,357,25567.35,25540.01,0.00
2025-12-01,08:24:00,25513,25517.25,25510,25513.25,641,25567.29,25539.92,0.00
2025-12-01,08:25:00,25513.5,25515,25507.25,25510.25,422,25567.24,25539.86,0.00
2025-12-01,08:26:00,25510,25517.25,25509.25,25510.75,509,25567.18,25539.79,0.00
2025-12-01,08:27:00,25511.25,25511.25,25505.25,25506.5,590,25567.11,25539.69,0.00
2025-12-01,08:28:00,25506,25507.25,25502.5,25505.75,482,25567.05,25539.60,0.00
2025-12-01,08:29:00,25504.5,25507.75,25496.75,25501.5,819,25566.95,25539.45,0.00
2025-12-01,08:30:00,25502,25509.5,25502,25508.75,560,25566.88,25539.36,0.00
2025-12-01,08:31:00,25508,25509,25497,25497.75,755,25566.78,25539.21,0.00
2025-12-01,08:32:00,25497.75,25499.25,25489.75,25495.75,1323,25566.59,25538.92,0.00
2025-12-01,08:33:00,25495.75,25499.25,25492,25497.5,627,25566.51,25538.78,0.00
2025-12-01,08:34:00,25497.25,25499,25483.75,25486.25,1474,25566.28,25538.42,0.00
2025-12-01,08:35:00,25486,25496.25,25484.75,25493.25,785,25566.17,25538.24,0.00
2025-12-01,08:36:00,25492.5,25495.25,25488.75,25491.5,656,25566.07,25538.09,0.00
2025-12-01,08:37:00,25492,25497.25,25487.5,25495.25,625,25565.98,25537.95,0.00
2025-12-01,08:38:00,25495,25500,25489,25498.5,561,25565.91,25537.84,0.00
2025-12-01,08:39:00,25498.75,25502.75,25494,25501.5,729,25565.81,25537.70,0.00
2025-12-01,08:40:00,25501.5,25502.5,25498.25,25498.25,306,25565.77,25537.64,0.00
2025-12-01,08:41:00,25498,25501.25,25493.5,25496.25,446,25565.71,25537.56,0.00
2025-12-01,08:42:00,25495.5,25504.5,25492.25,25496.75,1145,25565.56,25537.34,0.00
2025-12-01,08:43:00,25497.25,25502.75,25494,25496.5,463,25565.50,25537.25,0.00
2025-12-01,08:44:00,25496,25496.5,25488,25489.5,617,25565.41,25537.11,0.00
2025-12-01,08:45:00,25489,25494.5,25488,25490,396,25565.35,25537.02,0.00
2025-12-01,08:46:00,25490.5,25497,25487.25,25489.5,644,25565.26,25536.88,0.00
2025-12-01,08:47:00,25488.5,25493.75,25485,25490.75,610,25565.17,25536.74,0.00
2025-12-01,08:48:00,25489.75,25494.75,25478.25,25479.5,1088,25565.00,25536.47,0.00
2025-12-01,08:49:00,25479.5,25480.25,25469.75,25471.5,1540,25564.73,25536.02,0.00
2025-12-01,08:50:00,25471,25472.25,25464.5,25468.25,1304,25564.49,25535.60,0.00
2025-12-01,08:51:00,25468.75,25475.25,25464,25467.75,1068,25564.30,25535.27,0.00
2025-12-01,08:52:00,25467,25475.5,25465.25,25472.25,637,25564.18,25535.08,0.00
2025-12-01,08:53:00,25471.75,25481.5,25471.5,25481.25,811,25564.05,25534.87,0.00
2025-12-01,08:54:00,25481,25490,25481,25489.25,970,25563.90,25534.65,0.00
2025-12-01,08:55:00,25490,25493.5,25479.5,25481.25,826,25563.78,25534.46,0.00
2025-12-01,08:56:00,25480.5,25481.25,25470.5,25475.25,738,25563.66,25534.26,0.00
2025-12-01,08:57:00,25475.5,25477.5,25472,25472.5,497,25563.57,25534.13,0.00
2025-12-01,08:58:00,25473.5,25481.25,25471.25,25477.25,516,25563.49,25533.99,0.00
2025-12-01,08:59:00,25477.5,25478.25,25471.5,25474.5,368,25563.42,25533.89,0.00
2025-12-01,09:00:00,25474,25480.5,25471.75,25479,425,25563.35,25533.78,0.00
2025-12-01,09:01:00,25479.25,25490,25472.75,25474.25,1311,25563.15,25533.46,0.00
2025-12-01,09:02:00,25474.75,25489.75,25467.25,25489.25,1226,25562.96,25533.18,0.00
2025-12-01,09:03:00,25489.25,25493.5,25476,25480.75,1144,25562.79,25532.92,0.00
2025-12-01,09:04:00,25480.75,25490,25480.5,25489.25,759,25562.68,25532.77,0.00
2025-12-01,09:05:00,25489.75,25496.25,25482.5,25486,1071,25562.53,25532.55,0.00
2025-12-01,09:06:00,25484.75,25486.75,25477.5,25478.25,672,25562.43,25532.40,0.00
2025-12-01,09:07:00,25477.75,25489.25,25474.75,25487.25,707,25562.32,25532.25,0.00
2025-12-01,09:08:00,25486.5,25501,25486.25,25501,765,25562.23,25532.13,0.00
2025-12-01,09:09:00,25501,25505,25496.5,25498.75,1039,25562.11,25531.98,0.00
2025-12-01,09:10:00,25498.75,25504.5,25494.75,25504,679,25562.03,25531.89,0.00
2025-12-01,09:11:00,25504.75,25505.25,25494,25494.5,686,25561.95,25531.79,0.00
2025-12-01,09:12:00,25494.5,25502.75,25492.25,25499.5,518,25561.89,25531.71,0.00
2025-12-01,09:13:00,25499.5,25506.25,25498,25502.5,590,25561.82,25531.64,0.00
2025-12-01,09:14:00,25502.75,25509.25,25501.5,25504,957,25561.72,25531.53,0.00
2025-12-01,09:15:00,25503.75,25507.25,25500.75,25503.5,527,25561.66,25531.47,0.00
2025-12-01,09:16:00,25503.5,25505,25498.5,25500.5,706,25561.58,25531.38,0.00
2025-12-01,09:17:00,25500.25,25506.75,25497,25498.75,839,25561.49,25531.27,0.00
2025-12-01,09:18:00,25498.25,25500.5,25491.5,25496.75,959,25561.37,25531.12,0.00
2025-12-01,09:19:00,25496.5,25507,25496.5,25500,659,25561.30,25531.04,0.00
2025-12-01,09:20:00,25499.5,25507.5,25495.25,25507,579,25561.24,25530.97,0.00
2025-12-01,09:21:00,25507.25,25512.25,25506,25511.25,1319,25561.11,25530.86,0.00
2025-12-01,09:22:00,25511,25515,25496,25496,1357,25560.97,25530.69,0.00
2025-12-01,09:23:00,25497.5,25500,25491.25,25499.25,825,25560.87,25530.58,0.00
2025-12-01,09:24:00,25498.75,25511.75,25496,25509.25,801,25560.79,25530.49,0.00
2025-12-01,09:25:00,25509.75,25511.25,25504,25505,440,25560.75,25530.45,0.00
2025-12-01,09:26:00,25504.75,25514,25504,25512.75,454,25560.71,25530.41,0.00
2025-12-01,09:27:00,25513.5,25514.75,25508.75,25513,691,25560.65,25530.36,0.00
2025-12-01,09:28:00,25513.25,25513.25,25504.25,25508,548,25560.59,25530.31,0.00
2025-12-01,09:29:00,25508.75,25509.5,25504.5,25506,391,25560.55,25530.27,0.00
2025-12-01,09:30:00,25505.75,25507.25,25499.5,25499.75,552,25560.50,25530.21,0.00
2025-12-01,09:31:00,25499.5,25500.25,25492.75,25499.25,1087,25560.37,25530.06,0.00
2025-12-01,09:32:00,25499.25,25500.25,25489.25,25490.5,819,25560.27,25529.94,0.00
2025-12-01,09:33:00,25490.25,25497,25488,25493.5,831,25560.17,25529.82,0.00
2025-12-01,09:34:00,25493.5,25501.25,25488.75,25500,710,25560.09,25529.72,0.00
2025-12-01,09:35:00,25500.75,25504.75,25495.75,25499.5,581,25560.03,25529.65,0.00
2025-12-01,09:36:00,25499.5,25500.5,25494.75,25497.25,342,25559.99,25529.61,0.00
2025-12-01,09:37:00,25496,25505.25,25494.75,25505,606,25559.93,25529.54,0.00
2025-12-01,09:38:00,25504.25,25505.25,25491.25,25491.75,1233,25559.78,25529.38,0.00
2025-12-01,09:39:00,25492.25,25499.5,25490.5,25498.25,744,25559.70,25529.28,0.00
2025-12-01,09:40:00,25497.5,25500,25493.5,25498,771,25559.61,25529.18,0.00
2025-12-01,09:41:00,25497.75,25499.25,25491.5,25498.75,637,25559.54,25529.10,0.00
2025-12-01,09:42:00,25498.75,25507.75,25498.5,25507.75,1036,25559.44,25529.00,0.00
2025-12-01,09:43:00,25507.75,25513.75,25507.25,25511.75,894,25559.36,25528.93,0.00
2025-12-01,09:44:00,25513,25514.5,25506.75,25507.75,732,25559.30,25528.88,0.00
2025-12-01,09:45:00,25508.25,25516.75,25505.5,25508.5,892,25559.22,25528.81,0.00
2025-12-01,09:46:00,25508.75,25511.75,25502.25,25508,775,25559.15,25528.75,0.00
2025-12-01,09:47:00,25507.75,25513,25503.5,25511,682,25559.09,25528.70,0.00
2025-12-01,09:48:00,25510.75,25510.75,25506,25507.75,428,25559.05,25528.66,0.00
2025-12-01,09:49:00,25507.25,25509.75,25504.25,25509.5,446,25559.01,25528.63,0.00
2025-12-01,09:50:00,25509.5,25513.25,25507.75,25509.5,564,25558.96,25528.59,0.00
2025-12-01,09:51:00,25509.75,25512.75,25500.5,25501.25,1002,25558.86,25528.49,0.00
2025-12-01,09:52:00,25501,25501.5,25492.5,25494.5,1453,25558.70,25528.31,0.00
2025-12-01,09:53:00,25494.75,25507.25,25494.75,25498.5,923,25558.61,25528.21,0.00
2025-12-01,09:54:00,25499,25502.25,25496,25499.5,353,25558.57,25528.18,0.00
2025-12-01,09:55:00,25499.75,25501,25496.5,25501,268,25558.54,25528.15,0.00
2025-12-01,09:56:00,25500.25,25504.75,25496.75,25497.75,482,25558.49,25528.09,0.00
2025-12-01,09:57:00,25497.75,25505.25,25497.75,25501,407,25558.45,25528.05,0.00
2025-12-01,09:58:00,25501,25517,25501,25516.75,848,25558.38,25528.00,0.00
2025-12-01,09:59:00,25516.75,25524.25,25516.25,25520.25,1685,25558.27,25527.95,0.00
2025-12-01,10:00:00,25519.75,25523,25518.75,25519.25,660,25558.23,25527.93,0.00
2025-12-01,10:01:00,25519.25,25523.75,25514,25518.25,1475,25558.13,25527.88,0.00
2025-12-01,10:02:00,25517.5,25521,25512.25,25514.25,1098,25558.05,25527.83,0.00
2025-12-01,10:03:00,25514.5,25520.5,25511.75,25517.5,951,25557.98,25527.79,0.00
2025-12-01,10:04:00,25518,25521.75,25512,25513.75,747,25557.92,25527.76,0.00
2025-12-01,10:05:00,25513.25,25515.75,25510.75,25513.25,516,25557.88,25527.73,0.00
2025-12-01,10:06:00,25513.5,25517,25511.25,25515,538,25557.84,25527.71,0.00
2025-12-01,10:07:00,25514.75,25520.5,25514.25,25520.5,667,25557.80,25527.68,0.00
2025-12-01,10:08:00,25520.5,25520.75,25514.25,25515.5,463,25557.77,25527.67,0.00
2025-12-01,10:09:00,25515.25,25519.25,25515.25,25518.25,425,25557.74,25527.65,0.00
2025-12-01,10:10:00,25519,25525.25,25518.25,25523,722,25557.69,25527.64,0.00
2025-12-01,10:11:00,25523,25534.25,25522,25532.5,1896,25557.60,25527.65,0.00
2025-12-01,10:12:00,25532.75,25536.25,25527.75,25533.5,1103,25557.55,25527.67,0.00
2025-12-01,10:13:00,25533,25541.75,25533,25538.75,1378,25557.51,25527.72,0.00
2025-12-01,10:14:00,25539.5,25542.5,25536,25541.25,840,25557.48,25527.75,0.00
2025-12-01,10:15:00,25541.75,25552.75,25541.75,25550.25,2000,25557.45,25527.90,0.00
2025-12-01,10:16:00,25550.25,25553,25538.75,25540,1760,25557.41,25528.00,0.00
2025-12-01,10:17:00,25540,25544.75,25536,25537.75,1410,25557.37,25528.06,0.00
2025-12-01,10:18:00,25538,25539,25530.5,25531.25,1617,25557.30,25528.09,0.00
2025-12-01,10:19:00,25531,25531.75,25519.5,25522.5,1617,25557.21,25528.07,0.00
2025-12-01,10:20:00,25522,25526.5,25519.25,25524.75,911,25557.16,25528.05,0.00
2025-12-01,10:21:00,25525,25526.5,25517.25,25518,1085,25557.10,25528.03,0.00
2025-12-01,10:22:00,25518,25521.25,25514.75,25518.5,982,25557.03,25527.99,0.00
2025-12-01,10:23:00,25518.75,25522.5,25517.25,25518.25,502,25557.00,25527.98,0.00
2025-12-01,10:24:00,25518.75,25519.25,25509.75,25511.5,1278,25556.91,25527.91,0.00
2025-12-01,10:25:00,25511.25,25516.5,25508.5,25516,905,25556.84,25527.87,0.00
2025-12-01,10:26:00,25516,25517,25498,25510.25,2225,25556.66,25527.72,0.00
2025-12-01,10:27:00,25509.75,25513,25507.5,25511.25,1025,25556.59,25527.67,0.00
2025-12-01,10:28:00,25510.75,25515.5,25503.75,25515.25,1229,25556.49,25527.60,0.00
2025-12-01,10:29:00,25515.25,25517.75,25509.5,25511.75,1313,25556.40,25527.53,0.00
2025-12-01,10:30:00,25512,25513.75,25500.5,25508,2000,25556.24,25527.40,0.00
2025-12-01,10:31:00,25508,25542.5,25506.25,25534.5,8212,25555.86,25527.41,0.00
2025-12-01,10:32:00,25534,25541.5,25501,25504,6358,25555.45,25527.17,0.00
2025-12-01,10:33:00,25503.75,25527.25,25487.25,25517,8838,25554.82,25526.72,0.00
2025-12-01,10:34:00,25516.5,25547.25,25507.25,25537.25,6629,25554.57,25526.79,0.00
2025-12-01,10:35:00,25537.25,25553,25532.5,25553,5079,25554.50,25527.09,0.00
2025-12-01,10:36:00,25552.75,25559,25530,25546,6323,25554.41,25527.42,0.00
2025-12-01,10:37:00,25546,25557.5,25536.5,25547,4572,25554.36,25527.67,0.00
2025-12-01,10:38:00,25546.25,25570.5,25545.75,25568.5,7318,25554.44,25528.37,0.00
2025-12-01,10:39:00,25568.5,25573,25557.5,25560,5874,25554.52,25528.95,0.00
2025-12-01,10:40:00,25559.25,25559.75,25513.25,25513.25,10080,25554.13,25528.94,0.00
2025-12-01,10:41:00,25513,25537.5,25504.75,25512.5,9008,25553.66,25528.69,0.00
2025-12-01,10:42:00,25512.25,25519.25,25480.75,25514.5,10314,25552.94,25528.06,0.00
2025-12-01,10:43:00,25513.25,25513.75,25486.75,25502.5,5036,25552.57,25527.71,0.00
2025-12-01,10:44:00,25501.75,25502,25462.25,25470,8342,25551.69,25526.69,0.00
2025-12-01,10:45:00,25470,25503.25,25462.25,25500,6173,25551.15,25526.11,0.00
2025-12-01,10:46:00,25500.25,25531.75,25490.25,25531.75,8596,25550.76,25525.94,0.00
2025-12-01,10:47:00,25532,25544,25528.25,25543,7359,25550.63,25526.16,0.00
2025-12-01,10:48:00,25543,25569.25,25541.75,25569.25,7383,25550.73,25526.74,0.00
2025-12-01,10:49:00,25568.75,25583.25,25551.25,25555.25,9467,25550.88,25527.52,0.00
2025-12-01,10:50:00,25555,25560.5,25544,25550,5856,25550.89,25527.83,0.00
2025-12-01,10:51:00,25550,25577.25,25546.25,25575,5450,25551.00,25528.29,0.00
2025-12-01,10:52:00,25575,25584.5,25560.75,25575.25,5866,25551.17,25528.87,0.00
2025-12-01,10:53:00,25575.5,25582.25,25554.25,25577.75,5954,25551.33,25529.41,0.00
2025-12-01,10:54:00,25577.5,25590,25563.5,25582,5488,25551.52,25529.98,0.00
2025-12-01,10:55:00,25582,25600.75,25576.5,25599.5,5908,25551.82,25530.75,0.00
2025-12-01,10:56:00,25599.5,25617.25,25596.25,25615.5,7684,25552.39,25532.01,0.00
2025-12-01,10:57:00,25615,25633,25612.5,25613.25,7802,25553.04,25533.39,0.00
2025-12-01,10:58:00,25613,25624.25,25605.5,25615.75,3997,25553.35,25534.05,0.00
2025-12-01,10:59:00,25616.5,25620,25586.75,25597.5,5630,25553.69,25534.81,0.00
2025-12-01,11:00:00,25598.25,25617.25,25592,25613.75,3737,25553.93,25535.34,0.00
2025-12-01,11:01:00,25617.5,25638.25,25606.75,25624.25,7358,25554.55,25536.60,0.00
2025-12-01,11:02:00,25624.5,25631.75,25614.5,25618.75,4659,25554.93,25537.37,0.00
2025-12-01,11:03:00,25618.75,25624.25,25602,25613,5480,25555.32,25538.16,0.00
2025-12-01,11:04:00,25613,25613.5,25595.75,25596.25,5504,25555.62,25538.82,0.00
2025-12-01,11:05:00,25595.5,25612.75,25593.5,25602.5,4363,25555.87,25539.35,0.00
2025-12-01,11:06:00,25602.5,25611.75,25584.5,25603.25,7374,25556.25,25540.17,0.00
2025-12-01,11:07:00,25603.25,25618.75,25597.75,25611,4143,25556.51,25540.70,0.00
2025-12-01,11:08:00,25610.75,25627,25606.75,25617.75,4377,25556.82,25541.31,0.00
2025-12-01,11:09:00,25617,25631.75,25613.5,25622,4022,25557.13,25541.90,0.00
2025-12-01,11:10:00,25622,25631,25605.25,25616.75,4548,25557.44,25542.51,0.00
2025-12-01,11:11:00,25616.25,25628.75,25603.25,25628.25,4687,25557.78,25543.16,0.00
2025-12-01,11:12:00,25628,25630.25,25611.25,25622.25,3715,25558.05,25543.67,0.00
2025-12-01,11:13:00,25622.5,25627.75,25606.75,25627.25,2779,25558.25,25544.05,0.00
2025-12-01,11:14:00,25627.25,25643,25619.25,25633.5,5982,25558.75,25544.96,0.00
2025-12-01,11:15:00,25633.75,25633.75,25604,25608,5850,25559.12,25545.67,0.00
2025-12-01,11:16:00,25608,25611,25594.5,25594.75,5656,25559.38,25546.20,0.00
2025-12-01,11:17:00,25594.75,25616.75,25590,25614.25,4960,25559.64,25546.71,0.00
2025-12-01,11:18:00,25614.5,25622,25600.5,25610,4073,25559.88,25547.14,0.00
2025-12-01,11:19:00,25609.5,25621.75,25605.75,25618.25,2850,25560.05,25547.47,0.00
2025-12-01,11:20:00,25618,25627.5,25612,25617.25,3279,25560.26,25547.86,0.00
2025-12-01,11:21:00,25615.5,25620.5,25600,25608.25,3915,25560.47,25548.26,0.00
2025-12-01,11:22:00,25608,25608,25578.25,25596.25,6806,25560.72,25548.77,0.00
2025-12-01,11:23:00,25595,25603,25587.25,25593.5,3744,25560.86,25549.05,0.00
2025-12-01,11:24:00,25593.25,25602.75,25587.75,25591.5,3262,25560.98,25549.28,0.00
2025-12-01,11:25:00,25591.75,25599,25582,25586.75,3350,25561.08,25549.50,0.00
2025-12-01,11:26:00,25586.75,25591,25561.25,25579.25,8492,25561.22,25549.87,0.00
2025-12-01,11:27:00,25579,25596.5,25575,25591.75,5328,25561.37,25550.19,0.00
2025-12-01,11:28:00,25591.25,25599,25572,25585.75,4766,25561.50,25550.45,0.00
2025-12-01,11:29:00,25585.75,25595.5,25584,25588.25,3260,25561.59,25550.65,0.00
2025-12-01,11:30:00,25588,25591.25,25572.25,25577,3562,25561.66,25550.81,0.00
2025-12-01,11:31:00,25577.25,25582.25,25565.75,25566.75,5031,25561.71,25550.97,0.00
2025-12-01,11:32:00,25566.5,25584.5,25558,25578.5,6118,25561.79,25551.18,0.00
2025-12-01,11:33:00,25578.5,25581.75,25571.75,25574.5,3101,25561.83,25551.30,0.00
2025-12-01,11:34:00,25573.75,25581.25,25561.5,25561.75,3617,25561.86,25551.39,0.00
2025-12-01,11:35:00,25561.5,25562.5,25533.25,25541.25,9417,25561.70,25551.31,0.00
2025-12-01,11:36:00,25541.5,25552.5,25519.5,25547.75,8625,25561.51,25551.16,0.00
2025-12-01,11:37:00,25548,25586.5,25545.75,25573.25,9633,25561.58,25551.41,0.00
2025-12-01,11:38:00,25573.25,25582.75,25556,25559.25,6351,25561.61,25551.54,0.00
2025-12-01,11:39:00,25559.25,25580.75,25558.5,25579.5,4052,25561.65,25551.66,0.00
2025-12-01,11:40:00,25579.25,25599.75,25576,25597.5,7027,25561.86,25552.05,0.00
2025-12-01,11:41:00,25597,25613,25585.5,25586.25,7872,25562.11,25552.52,0.00
2025-12-01,11:42:00,25586,25596,25580,25587.25,4280,25562.22,25552.73,0.00
2025-12-01,11:43:00,25588.25,25598.75,25577.5,25593.75,3753,25562.32,25552.92,0.00
2025-12-01,11:44:00,25594,25594,25571.25,25579.25,4210,25562.40,25553.09,0.00
2025-12-01,11:45:00,25579,25590.25,25569.5,25587,3787,25562.47,25553.24,0.00
2025-12-01,11:46:00,25586.75,25599.25,25586.25,25591.5,3911,25562.58,25553.44,0.00
2025-12-01,11:47:00,25591,25601.5,25578.75,25579,4251,25562.68,25553.63,0.00
2025-12-01,11:48:00,25579,25584.75,25573.5,25579.5,3308,25562.73,25553.74,0.00
2025-12-01,11:49:00,25579.25,25598.5,25577.5,25592.75,2903,25562.80,25553.88,0.00
2025-12-01,11:50:00,25592.25,25601,25583,25594.75,2942,25562.88,25554.04,0.00
2025-12-01,11:51:00,25594.75,25609.75,25592.25,25606,4433,25563.05,25554.32,0.00
2025-12-01,11:52:00,25605.5,25631,25605.25,25628,5992,25563.38,25554.85,0.00
2025-12-01,11:53:00,25628,25659.75,25628,25659.25,8358,25564.04,25555.87,0.00
2025-12-01,11:54:00,25659.5,25662,25647.75,25655.25,5082,25564.47,25556.52,0.00
2025-12-01,11:55:00,25655.5,25669.25,25651.5,25662.25,4510,25564.87,25557.12,0.00
2025-12-01,11:56:00,25663,25664.25,25649,25661.75,4300,25565.24,25557.68,0.00
2025-12-01,11:57:00,25661.75,25666.75,25656.25,25664.25,2539,25565.46,25558.01,0.00
2025-12-01,11:58:00,25664.75,25671.75,25660.75,25666.25,2864,25565.73,25558.41,0.00
2025-12-01,11:59:00,25666.25,25673,25663.75,25669,2748,25565.98,25558.79,0.00
2025-12-01,12:00:00,25669.25,25672.25,25658.25,25666,2546,25566.21,25559.13,0.00
2025-12-01,12:01:00,25665.75,25672,25655.75,25661.25,3952,25566.56,25559.64,0.00
2025-12-01,12:02:00,25661,25668.75,25658.5,25667,1780,25566.72,25559.88,0.00
2025-12-01,12:03:00,25666.75,25672,25662.75,25663.5,2028,25566.90,25560.14,0.00
2025-12-01,12:04:00,25663.25,25669.25,25659.75,25663.75,2195,25567.09,25560.43,0.00
2025-12-01,12:05:00,25664.25,25669.75,25662.75,25663.5,1535,25567.22,25560.63,0.00
2025-12-01,12:06:00,25664.5,25668.5,25648.75,25651.25,3942,25567.54,25561.09,0.00
2025-12-01,12:07:00,25651.5,25652.5,25634.75,25635,5362,25567.89,25561.61,0.00
2025-12-01,12:08:00,25635.5,25635.75,25615,25621.25,6116,25568.19,25562.08,0.00
2025-12-01,12:09:00,25621.25,25630,25607.5,25615.25,4904,25568.40,25562.41,0.00
2025-12-01,12:10:00,25615.5,25624.5,25601.5,25623.5,4913,25568.61,25562.73,0.00
2025-12-01,12:11:00,25623.25,25633.5,25614.25,25619.75,5756,25568.88,25563.14,0.00
2025-12-01,12:12:00,25620.25,25622.5,25605.25,25606.75,3749,25569.02,25563.35,0.00
2025-12-01,12:13:00,25606.75,25616.5,25595.5,25614.75,4838,25569.19,25563.61,0.00
2025-12-01,12:14:00,25615.25,25623,25611.25,25618.25,2857,25569.31,25563.79,0.00
2025-12-01,12:15:00,25618.75,25621.5,25601.75,25602.25,2781,25569.40,25563.94,0.00
2025-12-01,12:16:00,25601.5,25604.25,25578.75,25591.25,7055,25569.54,25564.17,0.00
2025-12-01,12:17:00,25591.5,25597.5,25579.25,25586.5,3972,25569.60,25564.27,0.00
2025-12-01,12:18:00,25586.5,25597.25,25575.75,25594.5,4366,25569.67,25564.40,0.00
2025-12-01,12:19:00,25593.75,25617.25,25589.5,25614.75,5059,25569.83,25564.65,0.00
2025-12-01,12:20:00,25614,25617,25602.75,25604.5,2703,25569.92,25564.78,0.00
2025-12-01,12:21:00,25604,25630.25,25604,25625.25,4700,25570.12,25565.08,0.00
2025-12-01,12:22:00,25625.25,25632.5,25620,25628.75,3843,25570.30,25565.35,0.00
2025-12-01,12:23:00,25628.25,25633.75,25620,25627.25,2520,25570.42,25565.52,0.00
2025-12-01,12:24:00,25626,25630.5,25617.75,25620.75,2186,25570.52,25565.66,0.00
2025-12-01,12:25:00,25621.25,25627,25613,25622.5,2469,25570.62,25565.81,0.00
2025-12-01,12:26:00,25623,25636.75,25620.25,25631.5,3416,25570.79,25566.06,0.00
2025-12-01,12:27:00,25631.75,25638,25624.5,25637,2106,25570.90,25566.22,0.00
2025-12-01,12:28:00,25637.5,25642.5,25628.5,25629.75,3315,25571.07,25566.46,0.00
2025-12-01,12:29:00,25630,25630.5,25619.25,25625.5,2666,25571.19,25566.64,0.00
2025-12-01,12:30:00,25625.5,25636.5,25623,25634,2045,25571.29,25566.78,0.00
2025-12-01,12:31:00,25634,25650,25631.5,25645.75,4301,25571.54,25567.14,0.00
2025-12-01,12:32:00,25645.5,25656,25644.5,25650.75,3321,25571.76,25567.44,0.00
2025-12-01,12:33:00,25650.5,25654.25,25638.75,25643,2977,25571.93,25567.70,0.00
2025-12-01,12:34:00,25644,25648.25,25632,25643.25,3160,25572.11,25567.95,0.00
2025-12-01,12:35:00,25643.5,25651.5,25636.5,25649,2249,25572.25,25568.14,0.00
2025-12-01,12:36:00,25649.25,25656,25644.25,25653.75,2311,25572.40,25568.35,0.00
2025-12-01,12:37:00,25653.75,25657.25,25643.5,25649.75,2335,25572.54,25568.55,0.00
2025-12-01,12:38:00,25650.25,25659.5,25647.25,25658.25,2402,25572.70,25568.78,0.00
2025-12-01,12:39:00,25658.25,25663.25,25651.75,25662.25,1988,25572.84,25568.97,0.00
2025-12-01,12:40:00,25662,25663,25649.75,25651.5,1929,25572.97,25569.15,0.00
2025-12-01,12:41:00,25651.75,25655.5,25640.75,25655.5,3535,25573.19,25569.46,0.00
2025-12-01,12:42:00,25655.75,25660.25,25652.25,25658.5,1941,25573.32,25569.64,0.00
2025-12-01,12:43:00,25659,25679,25655.5,25674,6291,25573.81,25570.30,0.00
2025-12-01,12:44:00,25673.5,25684.75,25673.25,25684.5,5000,25574.23,25570.89,0.00
2025-12-01,12:45:00,25684.75,25688,25676,25676.25,3290,25574.51,25571.26,0.00
2025-12-01,12:46:00,25676.75,25682.75,25673,25682.5,2401,25574.71,25571.54,0.00
2025-12-01,12:47:00,25682,25694.25,25682,25692.75,3249,25575.00,25571.94,0.00
2025-12-01,12:48:00,25692.75,25699.25,25689,25698,2970,25575.29,25572.32,0.00
2025-12-01,12:49:00,25698,25700.5,25689.5,25695,2659,25575.54,25572.66,0.00
2025-12-01,12:50:00,25695.25,25697.25,25691.25,25695.5,1330,25575.66,25572.83,0.00
2025-12-01,12:51:00,25696,25700.75,25689.75,25692.75,2202,25575.87,25573.10,0.00
2025-12-01,12:52:00,25692.5,25702.25,25692.25,25701.5,1823,25576.04,25573.34,0.00
2025-12-01,12:53:00,25701.5,25704,25693.25,25696.25,2091,25576.24,25573.61,0.00
2025-12-01,12:54:00,25696.75,25699.25,25688,25694.5,2340,25576.46,25573.90,0.00
2025-12-01,12:55:00,25694,25695.5,25685.5,25687.5,2048,25576.64,25574.14,0.00
2025-12-01,12:56:00,25687.25,25694.5,25680,25692,2783,25576.88,25574.47,0.00
2025-12-01,12:57:00,25692.25,25698,25683.75,25689,1943,25577.05,25574.70,0.00
2025-12-01,12:58:00,25689,25689.75,25682.75,25687.25,1367,25577.17,25574.85,0.00
2025-12-01,12:59:00,25687.5,25690,25677.75,25681.75,2364,25577.36,25575.11,0.00
2025-12-01,13:00:00,25681.75,25688.5,25679.5,25688.25,1296,25577.47,25575.26,0.00
2025-12-01,13:01:00,25688,25700.25,25685.5,25697.5,3416,25577.78,25575.67,0.00
2025-12-01,13:02:00,25698,25709.25,25697,25700.25,4304,25578.19,25576.22,0.00
2025-12-01,13:03:00,25700.25,25701,25687.25,25690.75,2926,25578.45,25576.56,0.00
2025-12-01,13:04:00,25691,25696.75,25688.5,25695.5,1344,25578.57,25576.72,0.00
2025-12-01,13:05:00,25695.75,25708.75,25695.75,25708.5,1838,25578.74,25576.95,0.00
2025-12-01,13:06:00,25707.75,25713,25703.75,25705.25,2798,25579.02,25577.32,0.00
2025-12-01,13:07:00,25705.25,25714.75,25702,25709.75,2256,25579.24,25577.61,0.00
2025-12-01,13:08:00,25710,25720.5,25710,25712.5,2743,25579.53,25577.99,0.00
2025-12-01,13:09:00,25712.5,25713.5,25705.5,25708.25,2298,25579.75,25578.29,0.00
2025-12-01,13:10:00,25708.75,25711.25,25699.5,25703.25,2203,25579.96,25578.56,0.00
2025-12-01,13:11:00,25702.75,25707.5,25700.75,25701.5,1553,25580.11,25578.75,0.00
2025-12-01,13:12:00,25701.5,25712.5,25699.75,25709.75,1947,25580.29,25579.00,0.00
2025-12-01,13:13:00,25709.25,25715.75,25706.75,25709.5,1566,25580.45,25579.20,0.00
2025-12-01,13:14:00,25709.25,25710.5,25700.75,25704,1655,25580.60,25579.41,0.00
2025-12-01,13:15:00,25703.75,25709,25694.75,25697,2542,25580.83,25579.71,0.00
2025-12-01,13:16:00,25696.5,25697.5,25674.75,25681,6140,25581.31,25580.33,0.00
2025-12-01,13:17:00,25681,25691.75,25667.5,25691.75,5116,25581.70,25580.85,0.00
2025-12-01,13:18:00,25691.25,25699.25,25687.5,25693.25,3273,25581.97,25581.20,0.00
2025-12-01,13:19:00,25693.5,25696.5,25686.75,25692.25,1569,25582.10,25581.37,0.00
2025-12-01,13:20:00,25692.5,25692.5,25684.25,25688.25,1545,25582.22,25581.53,0.00
2025-12-01,13:21:00,25688.25,25693,25682,25686.75,1658,25582.35,25581.70,0.00
2025-12-01,13:22:00,25687.25,25698.25,25686.25,25697.75,2071,25582.52,25581.92,0.00
2025-12-01,13:23:00,25698.25,25700.75,25691.25,25699.75,1797,25582.68,25582.12,0.00
2025-12-01,13:24:00,25699.5,25703.25,25689.5,25689.75,1867,25582.83,25582.32,0.00
2025-12-01,13:25:00,25689.25,25698.5,25687,25698.25,1423,25582.95,25582.47,0.00
2025-12-01,13:26:00,25698.25,25700.5,25689.25,25693.5,1260,25583.05,25582.61,0.00
2025-12-01,13:27:00,25692.5,25705.75,25689.75,25705.25,1831,25583.21,25582.81,0.00
2025-12-01,13:28:00,25705,25713.75,25702.5,25706.5,2934,25583.48,25583.16,0.00
2025-12-01,13:29:00,25706.75,25709,25702.25,25707.25,1239,25583.59,25583.31,0.00
2025-12-01,13:30:00,25707.5,25709.75,25701.25,25705.75,1015,25583.68,25583.42,0.00
2025-12-01,13:31:00,25706.25,25712.5,25695.25,25696.5,2407,25583.89,25583.69,0.00
2025-12-01,13:32:00,25696.25,25707.25,25693.75,25703.75,1385,25584.01,25583.85,0.00
2025-12-01,13:33:00,25703.75,25708.75,25701.25,25703.5,998,25584.10,25583.96,0.00
2025-12-01,13:34:00,25703.75,25709.25,25700,25705.5,1110,25584.19,25584.09,0.00
2025-12-01,13:35:00,25706,25708.5,25700.25,25707,1251,25584.31,25584.23,0.00
2025-12-01,13:36:00,25707.25,25716.25,25705,25714.25,1928,25584.48,25584.46,0.00
2025-12-01,13:37:00,25714.25,25721.75,25709.75,25721.5,2399,25584.72,25584.76,0.00
2025-12-01,13:38:00,25721.25,25721.75,25716.25,25718.25,1473,25584.86,25584.94,0.00
2025-12-01,13:39:00,25718,25719.75,25709,25710,1739,25585.02,25585.15,0.00
2025-12-01,13:40:00,25709.5,25710.25,25702.25,25706.75,2231,25585.22,25585.41,0.00
2025-12-01,13:41:00,25706.5,25716.25,25705.25,25715.5,1521,25585.36,25585.59,0.00
2025-12-01,13:42:00,25715.25,25721.5,25713.75,25719.25,1657,25585.52,25585.79,0.00
2025-12-01,13:43:00,25719,25724.5,25717,25724,2180,25585.73,25586.07,0.00
2025-12-01,13:44:00,25724,25728,25720.5,25721.25,1826,25585.91,25586.30,0.00
2025-12-01,13:45:00,25721.25,25735,25720.75,25734.5,2779,25586.20,25586.67,0.00
2025-12-01,13:46:00,25734.5,25743.75,25733,25743.5,4057,25586.65,25587.24,0.00
2025-12-01,13:47:00,25743.75,25749,25738.75,25740,3493,25587.04,25587.74,0.00
2025-12-01,13:48:00,25740,25744.25,25734.5,25736.75,2102,25587.27,25588.03,0.00
2025-12-01,13:49:00,25736.75,25745.25,25736,25742.75,1692,25587.46,25588.27,0.00
2025-12-01,13:50:00,25743,25745.25,25737,25737.25,1400,25587.61,25588.46,0.00
2025-12-01,13:51:00,25737.25,25738,25716.75,25722.25,5050,25588.10,25589.09,0.00
2025-12-01,13:52:00,25722,25726,25717,25725.25,1892,25588.28,25589.32,0.00
2025-12-01,13:53:00,25724.75,25729.25,25719.25,25724.75,1534,25588.43,25589.51,0.00
2025-12-01,13:54:00,25724.5,25725.75,25717.5,25718.25,1272,25588.55,25589.66,0.00
2025-12-01,13:55:00,25718.25,25721,25714.5,25717.25,1508,25588.69,25589.83,0.00
2025-12-01,13:56:00,25717.75,25720.5,25710,25712,1852,25588.85,25590.04,0.00
2025-12-01,13:57:00,25712,25716.25,25702.5,25707.5,2195,25589.04,25590.28,0.00
2025-12-01,13:58:00,25707.75,25715,25706,25711.25,1384,25589.16,25590.43,0.00
2025-12-01,13:59:00,25711.5,25718,25711,25714,1631,25589.30,25590.61,0.00
2025-12-01,14:00:00,25715,25715.25,25702.75,25704,1890,25589.46,25590.81,0.00
2025-12-01,14:01:00,25704,25714.5,25699.25,25714.25,2843,25589.70,25591.11,0.00
2025-12-01,14:02:00,25714,25721,25711,25720,2508,25589.92,25591.39,0.00
2025-12-01,14:03:00,25720.25,25725.25,25716.25,25719.5,2067,25590.11,25591.63,0.00
2025-12-01,14:04:00,25719.25,25725.5,25716.25,25722.5,1224,25590.22,25591.77,0.00
2025-12-01,14:05:00,25723.25,25724.5,25716.5,25718.75,1061,25590.32,25591.89,0.00
2025-12-01,14:06:00,25718.25,25720,25711.75,25716.5,1253,25590.43,25592.03,0.00
2025-12-01,14:07:00,25716.25,25719.75,25711.5,25714.75,1354,25590.55,25592.18,0.00
2025-12-01,14:08:00,25714.75,25722.25,25712.5,25720.75,1054,25590.64,25592.29,0.00
2025-12-01,14:09:00,25720.75,25727.75,25718,25726,1737,25590.80,25592.50,0.00
2025-12-01,14:10:00,25726,25727.5,25721.25,25721.75,1238,25590.92,25592.64,0.00
2025-12-01,14:11:00,25721.5,25726,25719,25724.25,1260,25591.03,25592.78,0.00
2025-12-01,14:12:00,25724,25728.25,25724,25727.25,1001,25591.13,25592.90,0.00
2025-12-01,14:13:00,25727.5,25731.25,25724,25730.75,1406,25591.26,25593.07,0.00
2025-12-01,14:14:00,25730.5,25737,25729.5,25729.5,2296,25591.48,25593.35,0.00
2025-12-01,14:15:00,25730,25730.75,25725,25729.5,1337,25591.61,25593.51,0.00
2025-12-01,14:16:00,25728.75,25733.5,25724.75,25730.75,1110,25591.72,25593.64,0.00
2025-12-01,14:17:00,25730.5,25732.5,25723.75,25724.75,1294,25591.84,25593.79,0.00
2025-12-01,14:18:00,25724.75,25726.25,25719,25722.75,1438,25591.97,25593.96,0.00
2025-12-01,14:19:00,25723,25725,25715.5,25723,1568,25592.11,25594.13,0.00
2025-12-01,14:20:00,25722.75,25725,25719,25721.5,763,25592.18,25594.22,0.00
2025-12-01,14:21:00,25721.75,25722.5,25710,25710,1757,25592.32,25594.40,0.00
2025-12-01,14:22:00,25710,25715.5,25706.75,25710.25,1782,25592.47,25594.58,0.00
2025-12-01,14:23:00,25710.25,25716.75,25707.75,25713.5,918,25592.54,25594.68,0.00
2025-12-01,14:24:00,25713.75,25715.25,25710.25,25714.25,718,25592.60,25594.75,0.00
2025-12-01,14:25:00,25713.5,25719.75,25711.5,25719.25,1209,25592.71,25594.88,0.00
2025-12-01,14:26:00,25719,25723.5,25716.75,25721.75,1278,25592.82,25595.02,0.00
2025-12-01,14:27:00,25722,25726.5,25719.5,25722.5,1427,25592.95,25595.18,0.00
2025-12-01,14:28:00,25723,25725.75,25719.25,25719.5,532,25592.99,25595.23,0.00
2025-12-01,14:29:00,25719.5,25721.75,25716.5,25721.25,959,25593.08,25595.34,0.00
2025-12-01,14:30:00,25721.25,25723.75,25712.75,25716,1266,25593.18,25595.47,0.00
2025-12-01,14:31:00,25716.25,25724.25,25716.25,25723.75,1053,25593.28,25595.59,0.00
2025-12-01,14:32:00,25723.75,25725.75,25721.5,25722.5,1140,25593.38,25595.71,0.00
2025-12-01,14:33:00,25722.25,25726,25720.25,25722.25,820,25593.45,25595.80,0.00
2025-12-01,14:34:00,25723,25726,25721,25722,602,25593.50,25595.87,0.00
2025-12-01,14:35:00,25722.25,25726,25718.75,25724.5,784,25593.57,25595.95,0.00
2025-12-01,14:36:00,25724.5,25725.75,25721,25722.25,596,25593.62,25596.02,0.00
2025-12-01,14:37:00,25721.75,25729.5,25721.75,25729.25,1547,25593.76,25596.19,0.00
2025-12-01,14:38:00,25729,25730.5,25721.75,25724.5,1314,25593.88,25596.34,0.00
2025-12-01,14:39:00,25725,25727.75,25721.75,25726,648,25593.94,25596.41,0.00
2025-12-01,14:40:00,25726.5,25729.25,25723.25,25723.5,760,25594.01,25596.49,0.00
2025-12-01,14:41:00,25723.5,25724.5,25718.25,25720,1161,25594.11,25596.62,0.00
2025-12-01,14:42:00,25720.5,25722,25714.25,25721.75,1474,25594.23,25596.77,0.00
2025-12-01,14:43:00,25722.5,25724.25,25717.75,25719.25,740,25594.30,25596.85,0.00
2025-12-01,14:44:00,25719.5,25726,25719,25725.75,857,25594.37,25596.94,0.00
2025-12-01,14:45:00,25725.75,25727.75,25723,25723,1169,25594.47,25597.07,0.00
2025-12-01,14:46:00,25723.25,25727.25,25721.5,25724,1562,25594.61,25597.24,0.00
2025-12-01,14:47:00,25724.5,25732,25724.5,25727,1901,25594.78,25597.45,0.00
2025-12-01,14:48:00,25727.75,25731,25726.25,25727.75,743,25594.85,25597.53,0.00
2025-12-01,14:49:00,25727.5,25727.5,25721.75,25722.75,956,25594.93,25597.64,0.00
2025-12-01,14:50:00,25722.75,25722.75,25717,25720,1121,25595.03,25597.75,0.00
2025-12-01,14:51:00,25720.75,25733.25,25720.75,25731.5,1819,25595.19,25597.96,0.00
2025-12-01,14:52:00,25731.25,25735,25728.75,25732.5,1732,25595.35,25598.15,0.00
2025-12-01,14:53:00,25732.5,25738.5,25731.25,25735.25,2074,25595.54,25598.39,0.00
2025-12-01,14:54:00,25735.5,25737.5,25731.5,25735.75,1030,25595.64,25598.51,0.00
2025-12-01,14:55:00,25735.75,25738.75,25735.25,25736,942,25595.73,25598.62,0.00
2025-12-01,14:56:00,25736,25743,25733.5,25739.25,1809,25595.90,25598.83,0.00
2025-12-01,14:57:00,25739.5,25743,25737.5,25742.75,1265,25596.03,25598.99,0.00
2025-12-01,14:58:00,25743,25746.25,25741.5,25743.75,1358,25596.16,25599.15,0.00
2025-12-01,14:59:00,25743.5,25744.75,25740.5,25742.5,1048,25596.26,25599.28,0.00
2025-12-01,15:00:00,25742.5,25746,25739.5,25739.5,950,25596.35,25599.39,0.00
2025-12-01,15:01:00,25740,25741.5,25725,25725,3104,25596.63,25599.73,0.00
2025-12-01,15:02:00,25725.25,25729.75,25715.75,25717.5,2827,25596.87,25600.02,0.00
2025-12-01,15:03:00,25717,25723.75,25711,25722.75,2890,25597.10,25600.31,0.00
2025-12-01,15:04:00,25722.75,25726.25,25720.25,25725.75,1632,25597.24,25600.47,0.00
2025-12-01,15:05:00,25725.5,25726.5,25712.25,25712.5,2474,25597.43,25600.71,0.00
2025-12-01,15:06:00,25712.5,25712.5,25701.75,25702.25,2916,25597.64,25600.97,0.00
2025-12-01,15:07:00,25702.75,25707,25695,25705.75,3159,25597.86,25601.23,0.00
2025-12-01,15:08:00,25705.5,25710.75,25701,25702.25,1884,25597.99,25601.39,0.00
2025-12-01,15:09:00,25702,25706.75,25700,25702.5,1174,25598.07,25601.49,0.00
2025-12-01,15:10:00,25702.5,25703.75,25696.25,25700.25,1592,25598.18,25601.62,0.00
2025-12-01,15:11:00,25700.25,25701.75,25693,25697.75,2146,25598.32,25601.79,0.00
2025-12-01,15:12:00,25697.75,25704.75,25694.75,25697.5,1439,25598.42,25601.90,0.00
2025-12-01,15:13:00,25697.75,25697.75,25685.75,25694.25,3440,25598.63,25602.16,0.00
2025-12-01,15:14:00,25694.5,25701,25692.25,25699.75,1955,25598.75,25602.31,0.00
2025-12-01,15:15:00,25699.75,25704.75,25698,25701.5,2407,25598.91,25602.51,0.00
2025-12-01,15:16:00,25702.25,25702.5,25693.25,25693.75,1436,25599.01,25602.62,0.00
2025-12-01,15:17:00,25693.5,25695.25,25684,25689,2468,25599.15,25602.79,0.00
2025-12-01,15:18:00,25689,25690.75,25682.25,25685.5,1511,25599.24,25602.89,0.00
2025-12-01,15:19:00,25685.25,25690,25679.75,25682,2073,25599.35,25603.03,0.00
2025-12-01,15:20:00,25681.25,25683.25,25670.75,25681.75,3596,25599.54,25603.25,0.00
2025-12-01,15:21:00,25682.25,25689.75,25679.5,25681.75,2433,25599.67,25603.41,0.00
2025-12-01,15:22:00,25682,25682.25,25672.25,25678.5,2565,25599.80,25603.56,0.00
2025-12-01,15:23:00,25678.75,25680.5,25670,25671.25,1881,25599.89,25603.67,0.00
2025-12-01,15:24:00,25671,25671.25,25656.5,25657.5,4694,25600.07,25603.88,0.00
2025-12-01,15:25:00,25657.5,25663.25,25649.75,25659.75,4387,25600.23,25604.07,0.00
2025-12-01,15:26:00,25658.75,25659.5,25648.75,25653.5,3301,25600.35,25604.20,0.00
2025-12-01,15:27:00,25653.25,25657.75,25646.75,25648.5,2061,25600.41,25604.28,0.00
2025-12-01,15:28:00,25648.75,25667,25645.25,25666.5,3977,25600.56,25604.45,0.00
2025-12-01,15:29:00,25666.5,25669.25,25652.5,25653.5,2881,25600.67,25604.58,0.00
2025-12-01,15:30:00,25653.25,25654.5,25644,25649.25,2676,25600.75,25604.67,0.00
2025-12-01,15:31:00,25649.5,25650.75,25637.25,25644,3643,25600.85,25604.78,0.00
2025-12-01,15:32:00,25644.5,25647.5,25635.75,25638,2421,25600.91,25604.85,0.00
2025-12-01,15:33:00,25637.5,25638,25622,25626,5253,25601.01,25604.95,0.00
2025-12-01,15:34:00,25626,25634.5,25610,25632.25,6417,25601.10,25605.05,0.00
2025-12-01,15:35:00,25632,25641.25,25625,25639,3490,25601.18,25605.13,0.00
2025-12-01,15:36:00,25639,25652,25637.5,25643,3932,25601.28,25605.25,0.00
2025-12-01,15:37:00,25642.75,25660.5,25640,25657.25,3428,25601.39,25605.38,0.00
2025-12-01,15:38:00,25657.25,25668.25,25656.25,25659.75,3473,25601.52,25605.53,0.00
2025-12-01,15:39:00,25660.75,25663.25,25645.25,25645.5,2732,25601.61,25605.62,0.00
2025-12-01,15:40:00,25645.75,25665.25,25644.25,25665,2667,25601.70,25605.73,0.00
2025-12-01,15:41:00,25665.5,25667.25,25653.5,25653.75,2131,25601.78,25605.82,0.00
2025-12-01,15:42:00,25654,25658.25,25642.25,25644,2639,25601.85,25605.90,0.00
2025-12-01,15:43:00,25643.75,25653,25637.25,25640.75,3337,25601.94,25606.00,0.00
2025-12-01,15:44:00,25640.5,25648.25,25639,25645.5,1833,25601.99,25606.05,0.00
2025-12-01,15:45:00,25645.25,25648.25,25633.25,25635.25,2769,25602.05,25606.12,0.00
2025-12-01,15:46:00,25634.75,25641,25629,25631.75,2813,25602.10,25606.18,0.00
2025-12-01,15:47:00,25632,25639.5,25625.5,25634.5,2616,25602.15,25606.23,0.00
2025-12-01,15:48:00,25634.5,25645.5,25628,25641,2542,25602.21,25606.29,0.00
2025-12-01,15:49:00,25640.5,25643.75,25632.75,25633.75,1688,25602.25,25606.33,0.00
2025-12-01,15:50:00,25633.5,25634.25,25626,25631,2093,25602.28,25606.37,0.00
2025-12-01,15:51:00,25631,25638.5,25628.5,25633,1970,25602.32,25606.41,0.00
2025-12-01,15:52:00,25633.5,25634.75,25624.5,25624.5,1983,25602.35,25606.44,0.00
2025-12-01,15:53:00,25624.5,25642.5,25621,25633,2957,25602.40,25606.50,0.00
2025-12-01,15:54:00,25633,25645,25631.75,25644.25,1622,25602.44,25606.54,0.00
2025-12-01,15:55:00,25644.5,25648.75,25639,25639.5,2283,25602.50,25606.60,0.00
2025-12-01,15:56:00,25639.25,25643.5,25625.25,25627.5,2436,25602.54,25606.65,0.00
2025-12-01,15:57:00,25627.5,25636,25626,25630.75,1827,25602.57,25606.68,0.00
2025-12-01,15:58:00,25630.75,25639.75,25628.25,25633,1537,25602.60,25606.71,0.00
2025-12-01,15:59:00,25632.5,25638.5,25629.25,25633.5,1220,25602.62,25606.73,0.00
2025-12-01,16:00:00,25633.25,25636.5,25622.5,25627.5,1693,25602.65,25606.76,0.00
2025-12-01,16:01:00,25627,25635.25,25619,25634.25,3295,25602.70,25606.82,0.00
2025-12-01,16:02:00,25635,25636.25,25624.25,25634.5,1904,25602.74,25606.85,0.00
2025-12-01,16:03:00,25634,25637.75,25621.75,25627.75,1752,25602.76,25606.88,0.00
2025-12-01,16:04:00,25627.25,25637.5,25624.5,25636.5,1614,25602.79,25606.91,0.00
2025-12-01,16:05:00,25636.5,25643.25,25634,25636.25,2146,25602.84,25606.96,0.00
2025-12-01,16:06:00,25636,25647.5,25634.5,25637.5,2638,25602.90,25607.02,0.00
2025-12-01,16:07:00,25637.5,25644.75,25632.75,25635.5,1804,25602.93,25607.06,0.00
2025-12-01,16:08:00,25636,25643.75,25632,25642.5,1754,25602.97,25607.11,0.00
2025-12-01,16:09:00,25642.75,25648.5,25638.75,25644.5,1628,25603.01,25607.15,0.00
2025-12-01,16:10:00,25644,25648,25641.25,25645.25,1259,25603.04,25607.18,0.00
2025-12-01,16:11:00,25645.25,25663,25645.25,25661,3760,25603.16,25607.32,0.00
2025-12-01,16:12:00,25661,25666.25,25657,25660.75,2381,25603.25,25607.41,0.00
2025-12-01,16:13:00,25660.75,25667,25659.25,25664,1677,25603.31,25607.48,0.00
2025-12-01,16:14:00,25663.75,25664.25,25655.75,25655.75,1751,25603.36,25607.55,0.00
2025-12-01,16:15:00,25655.5,25665.5,25654.5,25663.25,1686,25603.42,25607.61,0.00
2025-12-01,16:16:00,25663.75,25665.25,25653.5,25665,1956,25603.49,25607.69,0.00
2025-12-01,16:17:00,25665,25665.75,25659.25,25660.5,1093,25603.53,25607.73,0.00
2025-12-01,16:18:00,25661.5,25661.5,25645.25,25646,2879,25603.61,25607.82,0.00
2025-12-01,16:19:00,25646,25653,25642.25,25643,2136,25603.66,25607.88,0.00
2025-12-01,16:20:00,25643.25,25650,25637.25,25647.25,2888,25603.73,25607.96,0.00
2025-12-01,16:21:00,25647,25656,25644.75,25654.75,1926,25603.78,25608.02,0.00
2025-12-01,16:22:00,25654.5,25655.75,25648.5,25651,1419,25603.82,25608.06,0.00
2025-12-01,16:23:00,25651.75,25654,25642.25,25643,1625,25603.86,25608.11,0.00
2025-12-01,16:24:00,25642.5,25651.5,25640.25,25649.75,1647,25603.91,25608.15,0.00
2025-12-01,16:25:00,25650,25654.75,25645.25,25646.75,1012,25603.93,25608.18,0.00
2025-12-01,16:26:00,25646.75,25652.5,25643,25647,1329,25603.97,25608.22,0.00
2025-12-01,16:27:00,25647.25,25657.75,25646.25,25650.75,1367,25604.00,25608.26,0.00
2025-12-01,16:28:00,25651.25,25651.75,25646,25647,958,25604.03,25608.29,0.00
2025-12-01,16:29:00,25646.5,25652,25642.75,25651.25,1307,25604.06,25608.33,0.00
2025-12-01,16:30:00,25652,25655.75,25648.75,25654.5,1172,25604.10,25608.36,0.00
2025-12-01,16:31:00,25654.75,25660.5,25650.75,25654,2265,25604.16,25608.44,0.00
2025-12-01,16:32:00,25653.5,25655.5,25644,25644.25,1851,25604.21,25608.49,0.00
2025-12-01,16:33:00,25644.25,25648.75,25641.75,25644.5,1303,25604.24,25608.52,0.00
2025-12-01,16:34:00,25645,25649.75,25642.25,25643.75,1148,25604.27,25608.55,0.00
2025-12-01,16:35:00,25643.5,25649.5,25639.5,25649.5,1708,25604.31,25608.60,0.00
2025-12-01,16:36:00,25649.25,25657.5,25649.25,25656.5,2018,25604.37,25608.66,0.00
2025-12-01,16:37:00,25655.5,25660.25,25652,25659.25,1843,25604.43,25608.73,0.00
2025-12-01,16:38:00,25659,25663,25654.25,25656,1262,25604.47,25608.77,0.00
2025-12-01,16:39:00,25656,25667.5,25655.5,25664.75,1691,25604.52,25608.83,0.00
2025-12-01,16:40:00,25664.75,25672,25662.75,25669.5,3028,25604.63,25608.96,0.00
2025-12-01,16:41:00,25670.25,25671.75,25657.75,25658.25,2090,25604.70,25609.04,0.00
2025-12-01,16:42:00,25658.75,25665.25,25653.25,25661.5,2387,25604.78,25609.12,0.00
2025-12-01,16:43:00,25661.5,25666.75,25659,25666.5,1231,25604.82,25609.17,0.00
2025-12-01,16:44:00,25666.5,25672,25666,25671.25,1745,25604.89,25609.25,0.00
2025-12-01,16:45:00,25671.25,25673.5,25668.5,25671,1822,25604.96,25609.32,0.00
2025-12-01,16:46:00,25671.5,25674.5,25662.75,25662.75,2657,25605.05,25609.43,0.00
2025-12-01,16:47:00,25663.5,25664.75,25649.5,25650.25,2661,25605.13,25609.51,0.00
2025-12-01,16:48:00,25650.25,25662.5,25647.75,25661.75,2318,25605.20,25609.59,0.00
2025-12-01,16:49:00,25661.75,25664.5,25658.25,25658.75,1308,25605.24,25609.64,0.00
2025-12-01,16:50:00,25658.5,25664,25655,25658.25,1556,25605.28,25609.69,0.00
2025-12-01,16:51:00,25658.25,25671.5,25658.25,25659.75,3536,25605.40,25609.82,0.00
2025-12-01,16:52:00,25659.75,25663,25646.5,25650.5,4135,25605.51,25609.95,0.00
2025-12-01,16:53:00,25651.25,25653.25,25638.75,25639.25,3214,25605.58,25610.02,0.00
2025-12-01,16:54:00,25639.25,25648.75,25636.5,25640.25,2954,25605.64,25610.08,0.00
2025-12-01,16:55:00,25640.5,25652.75,25637,25641.25,5172,25605.76,25610.20,0.00
2025-12-01,16:56:00,25641.5,25642.5,25619.75,25641.5,6652,25605.86,25610.31,0.00
2025-12-01,16:57:00,25642.25,25642.25,25620,25622.5,3283,25605.91,25610.35,0.00
2025-12-01,16:58:00,25622.75,25629.5,25618.5,25627.25,2838,25605.94,25610.38,0.00
2025-12-01,16:59:00,25627.5,25632.5,25622,25631.25,2809,25605.97,25610.42,0.00
2025-12-01,17:00:00,25630.75,25659.25,25624.75,25655.25,9626,25606.19,25610.65,0.00
2025-12-01,17:01:00,25655,25662,25644.5,25661,5061,25606.33,25610.80,0.00
2025-12-01,17:02:00,25661.5,25662.5,25653.5,25656.5,1865,25606.38,25610.86,0.00
2025-12-01,17:03:00,25656.75,25659,25652,25655,933,25606.41,25610.89,0.00
2025-12-01,17:04:00,25655,25662.75,25654.5,25658.25,907,25606.43,25610.92,0.00
2025-12-01,17:05:00,25658.5,25659.75,25656,25657,476,25606.45,25610.93,0.00
2025-12-01,17:06:00,25657,25665.25,25649.75,25650.5,1678,25606.49,25610.98,0.00
2025-12-01,17:07:00,25650.75,25656.75,25650.75,25652.5,848,25606.51,25611.01,0.00
2025-12-01,17:08:00,25652.5,25654.5,25647,25647.75,987,25606.54,25611.03,0.00
2025-12-01,17:09:00,25647.5,25650,25641.75,25642.75,997,25606.56,25611.05,0.00
2025-12-01,17:10:00,25642.75,25644.25,25638,25642.5,818,25606.57,25611.07,0.00
2025-12-01,17:11:00,25642.5,25647.25,25642.5,25646.5,782,25606.59,25611.09,0.00
2025-12-01,17:12:00,25647.25,25648.25,25638.75,25639,483,25606.60,25611.10,0.00
2025-12-01,17:13:00,25639.25,25643,25636.5,25642.25,555,25606.61,25611.11,0.00
2025-12-01,17:14:00,25643,25649.25,25642.75,25644.75,810,25606.63,25611.13,0.00
2025-12-01,17:15:00,25644.25,25645.75,25641.5,25642.5,581,25606.64,25611.14,0.00
2025-12-01,17:16:00,25642.5,25646,25641.25,25645.5,498,25606.65,25611.15,0.00
2025-12-01,17:17:00,25644.5,25648,25644,25647.25,294,25606.66,25611.16,0.00
2025-12-01,17:18:00,25646.5,25648.75,25646.25,25647,231,25606.66,25611.16,0.00
2025-12-01,17:19:00,25647,25648.5,25646.5,25648.25,204,25606.67,25611.17,0.00
2025-12-01,17:20:00,25648.25,25652.75,25647.75,25648.75,451,25606.68,25611.18,0.00
2025-12-01,17:21:00,25648.5,25651.25,25646.5,25650.75,301,25606.68,25611.19,0.00
2025-12-01,17:22:00,25650.25,25653.75,25647.75,25652.75,325,25606.69,25611.20,0.00
2025-12-01,17:23:00,25652.5,25655.75,25651,25655,450,25606.70,25611.21,0.00
2025-12-01,17:24:00,25655.5,25657.75,25653,25653.5,434,25606.72,25611.22,0.00
2025-12-01,17:25:00,25653.5,25655.5,25652.25,25654.5,291,25606.72,25611.23,0.00
2025-12-01,17:26:00,25654.75,25658,25652.25,25652.25,383,25606.73,25611.24,0.00
2025-12-01,17:27:00,25652,25654.25,25648.25,25650,506,25606.75,25611.25,0.00
2025-12-01,17:28:00,25650,25654,25649.5,25653.25,173,25606.75,25611.26,0.00
2025-12-01,17:29:00,25653.25,25654,25650.5,25651,188,25606.75,25611.26,0.00
2025-12-01,17:30:00,25651,25653.25,25650.75,25652,131,25606.76,25611.27,0.00
2025-12-01,17:31:00,25652.25,25653.5,25645.75,25647.25,412,25606.77,25611.28,0.00
2025-12-01,17:32:00,25647.25,25648.5,25645.25,25647.25,174,25606.77,25611.28,0.00
2025-12-01,17:33:00,25647.5,25649.5,25646.5,25648.75,150,25606.77,25611.29,0.00
2025-12-01,17:34:00,25649,25650.5,25648.5,25649,118,25606.78,25611.29,0.00
2025-12-01,17:35:00,25649.25,25651,25647,25650.75,248,25606.78,25611.29,0.00
2025-12-01,17:36:00,25650.25,25651.5,25649,25649,185,25606.79,25611.30,0.00
2025-12-01,17:37:00,25649.5,25652.5,25649.25,25651.75,322,25606.79,25611.31,0.00
2025-12-01,17:38:00,25651.25,25651.75,25648.5,25649.25,163,25606.80,25611.31,0.00
2025-12-01,17:39:00,25649.5,25652.75,25648.25,25649.5,276,25606.81,25611.32,0.00
2025-12-01,17:40:00,25649.5,25653.5,25647.75,25652,396,25606.82,25611.33,0.00
2025-12-01,17:41:00,25652,25654.5,25651.75,25653.25,188,25606.82,25611.33,0.00
2025-12-01,17:42:00,25653.25,25654.75,25652.25,25653.25,173,25606.82,25611.34,0.00
2025-12-01,17:43:00,25653.5,25655.5,25652.75,25653.25,215,25606.83,25611.35,0.00
2025-12-01,17:44:00,25653.25,25653.5,25651.75,25652.5,139,25606.83,25611.35,0.00
2025-12-01,17:45:00,25652,25654.5,25651,25653.5,325,25606.84,25611.36,0.00
2025-12-01,17:46:00,25653.25,25656.75,25652.5,25654,413,25606.85,25611.37,0.00
2025-12-01,17:47:00,25653.75,25655,25653.5,25653.75,123,25606.86,25611.37,0.00
2025-12-01,17:48:00,25653.75,25654.5,25652,25653,277,25606.86,25611.38,0.00
2025-12-01,17:49:00,25652.75,25655.25,25652.25,25654.5,198,25606.87,25611.39,0.00
2025-12-01,17:50:00,25654.75,25657.25,25654.75,25656,147,25606.87,25611.39,0.00
2025-12-01,17:51:00,25656.25,25659,25655.75,25658,281,25606.88,25611.40,0.00
2025-12-01,17:52:00,25658,25658,25655.5,25656.75,126,25606.88,25611.40,0.00
2025-12-01,17:53:00,25657,25658.25,25654,25654.75,140,25606.89,25611.41,0.00
2025-12-01,17:54:00,25655,25655.5,25653.5,25655.25,106,25606.89,25611.41,0.00
2025-12-01,17:55:00,25656,25658.75,25656,25658.5,86,25606.89,25611.41,0.00
2025-12-01,17:56:00,25659,25660.75,25657.75,25657.75,185,25606.90,25611.42,0.00
2025-12-01,17:57:00,25658,25658.75,25655.25,25655.25,103,25606.90,25611.42,0.00
2025-12-01,17:58:00,25655.75,25656,25654.25,25654.5,87,25606.90,25611.42,0.00
2025-12-01,17:59:00,25655,25655.25,25652.25,25653.25,90,25606.90,25611.43,0.00
2025-12-01,18:00:00,25653,25655.25,25652,25653.5,406,25606.91,25611.44,0.00
2025-12-01,19:01:00,25676,25676,25661.25,25671.5,1375,25669.58,25669.58,0.00
2025-12-01,19:02:00,25670.75,25672.75,25658.5,25664.75,1184,25667.62,25665.33,0.00
2025-12-01,19:03:00,25665,25675.5,25662.25,25673.5,760,25668.26,25667.32,0.00
2025-12-01,19:04:00,25674.75,25676.25,25670.25,25671.25,502,25672.58,25668.40,0.00
2025-12-01,19:05:00,25671.25,25673.75,25664.25,25664.25,627,25669.71,25668.20,0.00
2025-12-01,19:06:00,25664,25666.5,25656.25,25661.5,685,25666.58,25661.42,0.00
2025-12-01,19:07:00,25661.5,25664.25,25658.25,25660.75,559,25665.29,25661.27,0.00
2025-12-01,19:08:00,25661.25,25663.75,25653.75,25654,414,25664.08,25657.17,0.00
2025-12-01,19:09:00,25653.75,25654,25645.75,25647.25,597,25661.42,25649.00,0.00
2025-12-01,19:10:00,25647.25,25648.75,25633.25,25638,1265,25655.59,25640.00,0.00
2025-12-01,19:11:00,25638,25639,25632,25638.25,665,25653.19,25636.42,0.00
2025-12-01,19:12:00,25638.5,25640.5,25634.75,25636.75,483,25651.87,25636.80,0.00
2025-12-01,19:13:00,25636.25,25640,25635,25637,313,25651.13,25636.92,0.00
2025-12-01,19:14:00,25637,25637,25632.5,25635.25,301,25650.36,25636.57,0.00
2025-12-01,19:15:00,25635.25,25641.25,25633.25,25639.75,338,25649.75,25636.82,0.00
2025-12-01,19:16:00,25640,25645.75,25639,25644.75,465,25649.33,25637.97,0.00
2025-12-01,19:17:00,25644.75,25647.25,25642.5,25645,398,25649.09,25638.90,0.00
2025-12-01,19:18:00,25645.75,25648.75,25644.75,25646.25,317,25648.99,25639.64,0.00
2025-12-01,19:19:00,25645.25,25647.75,25643.75,25646.25,296,25648.88,25640.16,0.00
2025-12-01,19:20:00,25646.25,25650.75,25644.25,25650.25,430,25648.86,25641.05,0.00
2025-12-01,19:21:00,25650.25,25658,25649.75,25654.25,820,25649.31,25643.25,0.00
2025-12-01,19:22:00,25654,25659.75,25653.75,25657.25,547,25649.72,25644.64,0.00
2025-12-01,19:23:00,25657,25659.25,25653.25,25659,267,25649.91,25645.23,0.00
2025-12-01,19:24:00,25659,25670.5,25657.75,25668.25,992,25651.28,25648.27,0.00
2025-12-01,19:25:00,25668.5,25670,25666.5,25668.5,342,25651.79,25649.25,0.00
2025-12-01,19:26:00,25668.25,25673.25,25667.5,25672.5,536,25652.64,25650.81,0.00
2025-12-01,19:27:00,25672.75,25672.75,25665,25667.25,616,25653.39,25652.14,0.00
2025-12-01,19:28:00,25667.25,25670.25,25662.5,25665.5,493,25653.87,25652.93,0.00
2025-12-01,19:29:00,25666.25,25669.25,25664.75,25668.75,210,25654.08,25653.28,0.00
2025-12-01,19:30:00,25668.75,25672.5,25667.25,25667.75,266,25654.37,25653.75,0.00
2025-12-01,19:31:00,25668.5,25671.75,25666.75,25670.75,309,25654.71,25654.27,0.00
2025-12-01,19:32:00,25671,25671,25664.75,25668,350,25655.03,25654.76,0.00
2025-12-01,19:33:00,25667.5,25670.75,25667,25668.5,243,25655.26,25655.10,0.00
2025-12-01,19:34:00,25668.5,25674.25,25667.5,25671,412,25655.69,25655.73,0.00
2025-12-01,19:35:00,25670,25671.75,25666.5,25671,265,25655.93,25656.08,0.00
2025-12-01,19:36:00,25670.25,25675.25,25669.5,25674,391,25656.35,25656.67,0.00
2025-12-01,19:37:00,25674.25,25679.25,25671,25674.75,645,25675.00,25657.68,0.00
2025-12-01,19:38:00,25674.25,25674.25,25669.5,25672.25,266,25674.12,25658.00,0.00
2025-12-01,19:39:00,25672,25675.5,25669.75,25672.75,223,25673.84,25658.27,0.00
2025-12-01,19:40:00,25672.25,25674,25671.25,25672,187,25673.64,25658.48,0.00
2025-12-01,19:41:00,25672,25672.25,25665.75,25667.5,560,25672.11,25658.91,0.00
2025-12-01,19:42:00,25667.75,25671.75,25665.5,25667.25,268,25671.62,25659.10,0.00
2025-12-01,19:43:00,25667.25,25668.5,25661,25663.75,661,25669.92,25659.36,0.00
2025-12-01,19:44:00,25664,25667.5,25663.5,25666,251,25669.57,25659.47,0.00
2025-12-01,19:45:00,25666.75,25669,25661.75,25662.5,363,25669.03,25659.59,0.00
2025-12-01,19:46:00,25662.5,25663.5,25659.25,25661.25,327,25668.36,25659.63,0.00
2025-12-01,19:47:00,25661,25669,25660.75,25665.5,434,25668.02,25659.78,0.00
2025-12-01,19:48:00,25664.5,25668.5,25661.75,25666.25,155,25667.93,25659.84,0.00
2025-12-01,19:49:00,25666.75,25666.75,25659.25,25659.75,312,25667.52,25659.88,0.00
2025-12-01,19:50:00,25659.75,25661.5,25654.25,25659.5,581,25666.51,25659.83,0.00
2025-12-01,19:51:00,25658.75,25660.5,25657.25,25659.25,190,25666.25,25659.82,0.00
2025-12-01,19:52:00,25659,25663.25,25659,25662.25,227,25666.06,25659.84,0.00
2025-12-01,19:53:00,25662.25,25664.25,25659.75,25662.5,192,25665.93,25659.87,0.00
2025-12-01,19:54:00,25661.75,25663,25659.25,25661.25,162,25665.80,25659.88,0.00
2025-12-01,19:55:00,25660.75,25662.75,25658.75,25661.5,187,25665.66,25659.90,0.00
2025-12-01,19:56:00,25659.5,25660.25,25654.25,25655,268,25665.28,25659.84,0.00
2025-12-01,19:57:00,25654.5,25655.25,25650.5,25651.75,668,25664.08,25659.57,0.00
2025-12-01,19:58:00,25651.25,25656.5,25648.75,25655.25,360,25663.57,25659.46,0.00
2025-12-01,19:59:00,25654.5,25656.25,25651.75,25655.5,264,25663.26,25659.39,0.00
2025-12-01,20:00:00,25655.75,25655.75,25651.75,25652.25,187,25663.03,25659.33,0.00
2025-12-01,20:01:00,25651.75,25653,25643.5,25644,727,25661.67,25658.87,0.00
2025-12-01,20:02:00,25644.5,25652,25637.25,25649,1225,25659.74,25658.12,0.00
2025-12-01,20:03:00,25649,25650.25,25641.5,25645,515,25659.04,25657.82,0.00
2025-12-01,20:04:00,25645,25645.75,25641,25642,305,25658.58,25657.61,0.00
2025-12-01,20:05:00,25641.25,25644.25,25640.5,25643.5,270,25658.19,25657.43,0.00
2025-12-01,20:06:00,25643.75,25646.75,25642.75,25644.5,326,25657.80,25657.24,0.00
2025-12-01,20:07:00,25645,25654.25,25645,25650,676,25657.34,25657.02,0.00
2025-12-01,20:08:00,25650,25659,25649.75,25654.75,622,25657.20,25656.96,0.00
2025-12-01,20:09:00,25654.5,25654.75,25650,25654,363,25657.08,25656.89,0.00
2025-12-01,20:10:00,25654.5,25656.25,25651.25,25656.25,341,25657.02,25656.86,0.00
2025-12-01,20:11:00,25655,25661.5,25655,25659,482,25657.07,25656.89,0.00
2025-12-01,20:12:00,25658.5,25663.25,25657.25,25661,451,25657.18,25656.96,0.00
2025-12-01,20:13:00,25661.75,25662.25,25657,25657.75,303,25657.22,25656.98,0.00
2025-12-01,20:14:00,25658,25660,25653.75,25659,291,25657.23,25656.99,0.00
2025-12-01,20:15:00,25658.75,25662.75,25654.25,25656.75,276,25657.24,25657.00,0.00
2025-12-01,20:16:00,25656,25662.75,25655.75,25660.25,277,25657.28,25657.03,0.00
2025-12-01,20:17:00,25659.75,25661.75,25658.25,25659,147,25657.30,25657.04,0.00
2025-12-01,20:18:00,25659.25,25659.25,25653.5,25657.5,221,25657.29,25657.04,0.00
2025-12-01,20:19:00,25657.75,25660.75,25656.25,25657.75,203,25657.31,25657.05,0.00
2025-12-01,20:20:00,25657.25,25660,25657,25659.5,116,25657.32,25657.05,0.00
2025-12-01,20:21:00,25658.25,25659,25654,25656.75,214,25657.31,25657.05,0.00
2025-12-01,20:22:00,25655,25656.75,25654.25,25655.5,168,25657.29,25657.04,0.00
2025-12-01,20:23:00,25655,25657.25,25650.5,25656.5,313,25657.24,25657.02,0.00
2025-12-01,20:24:00,25655.75,25656.75,25650,25650,195,25657.19,25656.98,0.00
2025-12-01,20:25:00,25650.75,25651.75,25648.25,25650.25,331,25657.05,25656.90,0.00
2025-12-01,20:26:00,25650,25652.25,25647,25652.25,235,25656.96,25656.85,0.00
2025-12-01,20:27:00,25652.25,25653.25,25650,25652.5,177,25656.91,25656.82,0.00
2025-12-01,20:28:00,25652.5,25653.25,25650,25651,89,25656.88,25656.80,0.00
2025-12-01,20:29:00,25650.75,25655,25647.75,25651.5,326,25656.79,25656.74,0.00
2025-12-01,20:30:00,25651.5,25656,25650.75,25655.75,179,25656.76,25656.73,0.00
2025-12-01,20:31:00,25655.5,25660.5,25655.5,25657.75,467,25656.79,25656.75,0.00
2025-12-01,20:32:00,25657.5,25657.75,25654.25,25657,193,25656.78,25656.74,0.00
2025-12-01,20:33:00,25656.25,25661.25,25655.5,25660,178,25656.80,25656.76,0.00
2025-12-01,20:34:00,25660,25667.75,25659.25,25667.75,697,25657.09,25656.94,0.00
2025-12-01,20:35:00,25667.25,25669.25,25666,25667.25,391,25657.29,25657.07,0.00
2025-12-01,20:36:00,25667.25,25670.25,25666.75,25669,374,25657.50,25657.21,0.00
2025-12-01,20:37:00,25669.75,25671.5,25667.5,25670.5,270,25657.66,25657.32,0.00
2025-12-01,20:38:00,25670.75,25672,25666.25,25669,460,25657.90,25657.48,0.00
2025-12-01,20:39:00,25668.5,25668.75,25663.75,25666,379,25658.05,25657.58,0.00
2025-12-01,20:40:00,25666.5,25666.75,25664.25,25665.75,129,25658.09,25657.61,0.00
2025-12-01,20:41:00,25665.5,25666.25,25662.5,25663,380,25658.19,25657.69,0.00
2025-12-01,20:42:00,25663,25666.5,25660.25,25665.5,334,25658.28,25657.75,0.00
2025-12-01,20:43:00,25665.75,25666.5,25664.25,25665.25,166,25658.33,25657.79,0.00
2025-12-01,20:44:00,25664.25,25665.75,25664,25665,69,25658.35,25657.80,0.00
2025-12-01,20:45:00,25664.75,25665.25,25661,25664.25,286,25658.41,25657.85,0.00
2025-12-01,20:46:00,25664.25,25665,25662.25,25662.75,227,25658.46,25657.89,0.00
2025-12-01,20:47:00,25662.5,25665,25661,25663.75,243,25658.51,25657.92,0.00
2025-12-01,20:48:00,25662.75,25662.75,25658.5,25660,379,25658.54,25657.95,0.00
2025-12-01,20:49:00,25660.25,25664,25657.5,25663.5,424,25658.60,25657.99,0.00
2025-12-01,20:50:00,25663.25,25665,25661.75,25662,245,25658.64,25658.03,0.00
2025-12-01,20:51:00,25662.25,25663.75,25659.75,25660.25,205,25658.66,25658.05,0.00
2025-12-01,20:52:00,25660,25663.5,25660,25661.75,117,25658.67,25658.06,0.00
2025-12-01,20:53:00,25661.5,25663,25658.5,25659.75,278,25658.69,25658.08,0.00
2025-12-01,20:54:00,25659.25,25662,25659,25660.25,91,25658.70,25658.08,0.00
2025-12-01,20:55:00,25660.25,25661,25658.75,25659,84,25658.70,25658.09,0.00
2025-12-01,20:56:00,25659.25,25661.75,25658,25661.75,200,25658.72,25658.10,0.00
2025-12-01,20:57:00,25661.75,25663.75,25661,25662.75,160,25658.74,25658.12,0.00
2025-12-01,20:58:00,25662.5,25664.5,25661.5,25664.5,142,25658.77,25658.14,0.00
2025-12-01,20:59:00,25664.5,25664.75,25661,25661.75,168,25658.79,25658.16,0.00
2025-12-01,21:00:00,25661.75,25664,25659.25,25662,256,25658.82,25658.18,0.00
2025-12-01,21:01:00,25661.75,25661.75,25654.5,25657,599,25658.80,25658.18,0.00
2025-12-01,21:02:00,25656.5,25663,25656.25,25661.25,237,25658.81,25658.19,0.00
2025-12-01,21:03:00,25661.25,25661.5,25653,25656.5,427,25658.78,25658.18,0.00
2025-12-01,21:04:00,25657.5,25662.25,25657.5,25660.75,205,25658.79,25658.19,0.00
2025-12-01,21:05:00,25661.25,25666,25661,25663.75,421,25658.86,25658.24,0.00
2025-12-01,21:06:00,25664.25,25669.5,25661,25669.5,581,25659.02,25658.37,0.00
2025-12-01,21:07:00,25668.5,25697,25668.25,25695,2540,25686.75,25660.07,0.00
2025-12-01,21:08:00,25696,25696.75,25683.75,25685.25,1109,25687.31,25660.80,0.00
2025-12-01,21:09:00,25685.75,25685.75,25676.25,25681,798,25686.18,25661.16,0.00
2025-12-01,21:10:00,25680.75,25687.25,25677.25,25687,529,25685.93,25661.43,0.00
2025-12-01,21:11:00,25686.5,25691.25,25682.75,25688.25,921,25686.16,25661.95,0.00
2025-12-01,21:12:00,25688.25,25693.5,25686,25688.5,551,25686.43,25662.28,0.00
2025-12-01,21:13:00,25688.75,25693.25,25687,25688,420,25686.61,25662.52,0.00
2025-12-01,21:14:00,25688,25690,25682,25685.75,453,25686.57,25662.75,0.00
2025-12-01,21:15:00,25687,25690.25,25685,25688,333,25686.62,25662.92,0.00
2025-12-01,21:16:00,25688.5,25690.5,25684.75,25687.75,367,25686.67,25663.11,0.00
2025-12-01,21:17:00,25687.75,25695.25,25687.75,25695,594,25687.08,25663.47,0.00
2025-12-01,21:18:00,25695,25698,25691.5,25693.75,478,25694.42,25663.78,0.00
2025-12-01,21:19:00,25693.25,25694.75,25690.75,25691.75,250,25693.73,25663.92,0.00
2025-12-01,21:20:00,25691.5,25691.5,25685.5,25688.5,441,25691.76,25664.14,0.00
2025-12-01,21:21:00,25688.25,25694,25683.75,25692,426,25691.27,25664.36,0.00
2025-12-01,21:22:00,25691.5,25694.25,25688.5,25689.25,237,25691.19,25664.48,0.00
2025-12-01,21:23:00,25689,25693,25687.75,25691.25,129,25691.15,25664.55,0.00
2025-12-01,21:24:00,25691.75,25693.25,25690,25692,197,25691.21,25664.66,0.00
2025-12-01,21:25:00,25692.25,25697.25,25691.75,25694.25,336,25691.64,25664.85,0.00
2025-12-01,21:26:00,25694.25,25695.25,25692.75,25693.75,221,25691.83,25664.98,0.00
2025-12-01,21:27:00,25693.5,25697.25,25692,25696.5,229,25692.09,25665.11,0.00
2025-12-01,21:28:00,25696.5,25699,25691.5,25691.75,371,25694.08,25665.32,0.00
2025-12-01,21:29:00,25691.5,25694,25690.25,25691,265,25693.11,25665.46,0.00
2025-12-01,21:30:00,25691,25693.25,25688.75,25690.75,218,25692.55,25665.56,0.00
2025-12-01,21:31:00,25690.5,25690.5,25673.75,25674.5,1237,25684.88,25665.89,0.00
2025-12-01,21:32:00,25674,25680.5,25671.75,25675,820,25682.31,25666.03,0.00
2025-12-01,21:33:00,25675.25,25681,25669.5,25678,727,25681.08,25666.17,0.00
2025-12-01,21:34:00,25678.25,25684,25677.25,25680.25,409,25681.02,25666.27,0.00
2025-12-01,21:35:00,25680.5,25680.5,25674.75,25676.25,281,25680.77,25666.33,0.00
2025-12-01,21:36:00,25676,25680.75,25670.5,25672.5,375,25680.28,25666.38,0.00
2025-12-01,21:37:00,25673,25677.25,25669.75,25673.75,353,25679.81,25666.43,0.00
2025-12-01,21:38:00,25674.75,25678.5,25673,25676.25,278,25679.61,25666.48,0.00
2025-12-01,21:39:00,25676.75,25678.5,25673.5,25676.5,220,25679.47,25666.51,0.00
2025-12-01,21:40:00,25676.5,25677.5,25674.25,25676.25,145,25679.38,25666.54,0.00
2025-12-01,21:41:00,25676,25677.75,25673.75,25676,180,25679.27,25666.57,0.00
2025-12-01,21:42:00,25675.25,25679.5,25674,25678.5,209,25679.21,25666.61,0.00
2025-12-01,21:43:00,25677.75,25677.75,25671.5,25673.25,300,25678.97,25666.65,0.00
2025-12-01,21:44:00,25672.75,25675.25,25670.5,25672.5,252,25678.74,25666.67,0.00
2025-12-01,21:45:00,25672.25,25675,25668.25,25670.75,408,25678.31,25666.70,0.00
2025-12-01,21:46:00,25671.25,25674.25,25667.25,25672.25,455,25677.88,25666.74,0.00
2025-12-01,21:47:00,25672.25,25676.5,25672.25,25674.25,245,25677.77,25666.77,0.00
2025-12-01,21:48:00,25674.25,25675,25671,25673.25,178,25677.66,25666.79,0.00
2025-12-01,21:49:00,25672.75,25673.5,25670.5,25672.75,114,25677.58,25666.80,0.00
2025-12-01,21:50:00,25672.25,25673.5,25668.5,25670.75,220,25677.41,25666.82,0.00
2025-12-01,21:51:00,25670.75,25673,25669.75,25670.75,137,25677.31,25666.83,0.00
2025-12-01,21:52:00,25670.5,25674.5,25670.5,25671,196,25677.18,25666.84,0.00
2025-12-01,21:53:00,25671.5,25674,25671,25672.75,174,25677.09,25666.86,0.00
2025-12-01,21:54:00,25672.75,25673.5,25669.25,25672,164,25676.99,25666.87,0.00
2025-12-01,21:55:00,25673.25,25676.25,25672,25674.5,243,25676.92,25666.90,0.00
2025-12-01,21:56:00,25674.25,25674.25,25670.25,25671.25,180,25676.82,25666.92,0.00
2025-12-01,21:57:00,25671.25,25672,25669.75,25670.5,178,25676.71,25666.93,0.00
2025-12-01,21:58:00,25670.75,25673.75,25668.25,25670.75,289,25676.54,25666.95,0.00
2025-12-01,21:59:00,25671,25671,25666,25667,264,25676.32,25666.95,0.00
2025-12-01,22:00:00,25666.5,25670.25,25665.75,25666.25,325,25676.04,25666.95,0.00
2025-12-01,22:01:00,25666.75,25667,25642.25,25655.5,3378,25670.86,25666.33,0.00
2025-12-01,22:02:00,25655.75,25657.5,25649.25,25655,485,25670.29,25666.24,0.00
2025-12-01,22:03:00,25654.25,25660.25,25650.25,25659.75,604,25669.74,25666.15,0.00
2025-12-01,22:04:00,25659.75,25664.25,25657.5,25663,605,25669.42,25666.11,0.00
2025-12-01,22:05:00,25663.75,25666,25659,25662.25,357,25669.26,25666.09,0.00
2025-12-01,22:06:00,25661.25,25662,25657.75,25660.5,252,25669.12,25666.07,0.00
2025-12-01,22:07:00,25660,25661.25,25652.25,25656.75,435,25668.79,25666.01,0.00
2025-12-01,22:08:00,25656.5,25656.5,25649,25655.25,413,25668.42,25665.93,0.00
2025-12-01,22:09:00,25654.75,25656.5,25652,25652.75,182,25668.27,25665.90,0.00
2025-12-01,22:10:00,25651.75,25651.75,25647.5,25649.25,488,25667.75,25665.78,0.00
2025-12-01,22:11:00,25648.75,25650.25,25645.5,25646.25,407,25667.28,25665.68,0.00
2025-12-01,22:12:00,25646.75,25650.75,25645.75,25648.5,360,25666.91,25665.59,0.00
2025-12-01,22:13:00,25648.25,25649,25644.75,25645.25,230,25666.66,25665.52,0.00
2025-12-01,22:14:00,25645.25,25648,25639.25,25641.75,636,25665.88,25665.32,0.00
2025-12-01,22:15:00,25641.25,25651.25,25640.25,25651,448,25665.46,25665.21,0.00
2025-12-01,22:16:00,25650.5,25656,25649.25,25652.25,557,25665.10,25665.11,0.00
2025-12-01,22:17:00,25652.25,25660.25,25651.25,25658.25,566,25664.87,25665.04,0.00
2025-12-01,22:18:00,25657.5,25660,25655.75,25656.5,356,25664.74,25665.01,0.00
2025-12-01,22:19:00,25657,25658.75,25654,25654,182,25664.67,25664.98,0.00
2025-12-01,22:20:00,25654,25656.5,25653.25,25654.25,183,25664.58,25664.96,0.00
2025-12-01,22:21:00,25654.75,25655.5,25651.25,25654.5,197,25664.48,25664.93,0.00
2025-12-01,22:22:00,25654.75,25658,25653.75,25657.25,146,25664.43,25664.91,0.00
2025-12-01,22:23:00,25657.25,25657.5,25653.5,25655.25,95,25664.39,25664.90,0.00
2025-12-01,22:24:00,25654.5,25655.5,25651.25,25652.75,163,25664.31,25664.87,0.00
2025-12-01,22:25:00,25653.5,25656.25,25652.75,25655.25,142,25664.25,25664.85,0.00
2025-12-01,22:26:00,25654.25,25657,25654.25,25655.75,104,25664.21,25664.84,0.00
2025-12-01,22:27:00,25656.5,25658.5,25655.5,25656,167,25664.15,25664.82,0.00
2025-12-01,22:28:00,25656,25657.25,25654.25,25655.75,98,25664.11,25664.81,0.00
2025-12-01,22:29:00,25655.25,25657.25,25653.5,25656,120,25664.07,25664.79,0.00
2025-12-01,22:30:00,25656.5,25656.75,25654.25,25654.25,92,25664.03,25664.78,0.00
2025-12-01,22:31:00,25654.25,25657,25650,25654.25,432,25663.84,25664.72,0.00
2025-12-01,22:32:00,25653.5,25656.75,25650.25,25653.75,318,25663.70,25664.67,0.00
2025-12-01,22:33:00,25654.25,25654.25,25648.25,25650.5,343,25663.52,25664.61,0.00
2025-12-01,22:34:00,25650.5,25653.75,25648,25650,276,25663.38,25664.56,0.00
2025-12-01,22:35:00,25650,25651.25,25648.25,25650,120,25663.31,25664.53,0.00
2025-12-01,22:36:00,25650,25653,25649.75,25652.75,147,25663.24,25664.51,0.00
2025-12-01,22:37:00,25652.25,25658.25,25652.25,25655.75,380,25663.12,25664.46,0.00
2025-12-01,22:38:00,25655.5,25660,25654.75,25659.75,227,25663.08,25664.44,0.00
2025-12-01,22:39:00,25659,25663.25,25658,25661.5,525,25663.03,25664.42,0.00
2025-12-01,22:40:00,25662,25664.75,25661.25,25662.25,254,25663.03,25664.41,0.00
2025-12-01,22:41:00,25662.75,25666,25662,25665.75,222,25663.04,25664.42,0.00
2025-12-01,22:42:00,25665.75,25672.25,25664,25671.75,732,25663.21,25664.46,0.00
2025-12-01,22:43:00,25671.75,25673,25669.25,25670.75,363,25663.32,25664.49,0.00
2025-12-01,22:44:00,25671,25672,25669.25,25671.25,233,25663.38,25664.51,0.00
2025-12-01,22:45:00,25671.5,25673.25,25669,25672.75,297,25663.47,25664.54,0.00
2025-12-01,22:46:00,25672.5,25676.25,25672,25674.75,389,25663.62,25664.59,0.00
2025-12-01,22:47:00,25674.25,25675,25672.25,25674.5,293,25663.73,25664.62,0.00
2025-12-01,22:48:00,25674.25,25676.25,25671.25,25672.25,352,25663.84,25664.66,0.00
2025-12-01,22:49:00,25672,25673.75,25670.25,25671.75,233,25663.91,25664.68,0.00
2025-12-01,22:50:00,25672.25,25675,25670.5,25673.75,202,25663.97,25664.70,0.00
2025-12-01,22:51:00,25674.5,25674.5,25672,25674,135,25664.01,25664.71,0.00
2025-12-01,22:52:00,25674.25,25676.25,25672.75,25675.75,241,25664.10,25664.74,0.00
2025-12-01,22:53:00,25676,25682,25673.25,25678.5,641,25664.40,25664.85,0.00
2025-12-01,22:54:00,25678.5,25680.25,25677.5,25678,312,25664.54,25664.90,0.00
2025-12-01,22:55:00,25677.75,25680,25677,25679.25,137,25664.61,25664.92,0.00
2025-12-01,22:56:00,25679.75,25682.75,25679.5,25681,267,25664.75,25664.98,0.00
2025-12-01,22:57:00,25681.5,25685.75,25680.25,25681.25,407,25664.98,25665.06,0.00
2025-12-01,22:58:00,25681.5,25681.75,25678.5,25678.5,168,25665.05,25665.09,0.00
2025-12-01,22:59:00,25678.5,25681.5,25677,25677.25,255,25665.16,25665.13,0.00
2025-12-01,23:00:00,25677.25,25678.75,25676.5,25677.75,208,25665.24,25665.16,0.00
2025-12-01,23:01:00,25677,25679,25675.25,25678.75,257,25665.34,25665.20,0.00
2025-12-01,23:02:00,25678.75,25680,25677.5,25678.5,179,25665.42,25665.23,0.00
2025-12-01,23:03:00,25678.25,25678.25,25672.25,25674,356,25665.52,25665.27,0.00
2025-12-01,23:04:00,25674.25,25679,25673.25,25677,296,25665.62,25665.31,0.00
2025-12-01,23:05:00,25677.5,25677.5,25674,25675.25,154,25665.66,25665.33,0.00
2025-12-01,23:06:00,25674.5,25675.5,25672.25,25674.25,177,25665.71,25665.35,0.00
2025-12-01,23:07:00,25674.5,25677.25,25672.75,25675.5,170,25665.76,25665.37,0.00
2025-12-01,23:08:00,25675.5,25675.5,25671.5,25673,246,25665.81,25665.39,0.00
2025-12-01,23:09:00,25673.5,25674.5,25671,25671,221,25665.85,25665.41,0.00
2025-12-01,23:10:00,25671.75,25672.25,25669.75,25672,298,25665.90,25665.43,0.00
2025-12-01,23:11:00,25671.5,25672.75,25669.25,25670,289,25665.94,25665.45,0.00
2025-12-01,23:12:00,25670.75,25671,25667.5,25667.75,177,25665.95,25665.45,0.00
2025-12-01,23:13:00,25667.75,25669.25,25666.25,25668,214,25665.97,25665.46,0.00
2025-12-01,23:14:00,25668,25668.5,25663,25663.75,378,25665.96,25665.46,0.00
2025-12-01,23:15:00,25663.75,25663.75,25661.25,25661.25,289,25665.92,25665.45,0.00
2025-12-01,23:16:00,25661.5,25661.5,25655.25,25655.5,392,25665.83,25665.41,0.00
2025-12-01,23:17:00,25655.5,25655.5,25648,25649.25,855,25665.49,25665.27,0.00
2025-12-01,23:18:00,25649,25650,25644.75,25647.5,728,25665.14,25665.12,0.00
2025-12-01,23:19:00,25647.5,25651.75,25644.25,25651,453,25664.95,25665.04,0.00
2025-12-01,23:20:00,25651.25,25655.25,25650.75,25652.5,477,25664.80,25664.98,0.00
2025-12-01,23:21:00,25651.75,25655,25649.25,25654.5,258,25664.72,25664.94,0.00
2025-12-01,23:22:00,25653.25,25653.25,25646.25,25648.5,339,25664.58,25664.88,0.00
2025-12-01,23:23:00,25647.25,25647.25,25643.25,25643.75,573,25664.30,25664.76,0.00
2025-12-01,23:24:00,25643.5,25645.25,25641.5,25643,312,25664.13,25664.68,0.00
2025-12-01,23:25:00,25642.5,25644.5,25635.5,25636.75,758,25663.67,25664.47,0.00
2025-12-01,23:26:00,25638,25638,25623.75,25628.75,1886,25662.19,25630.17,0.00
2025-12-01,23:27:00,25628.25,25629.25,25625.25,25625.75,524,25661.76,25629.42,0.00
2025-12-01,23:28:00,25625.5,25625.75,25620.75,25622,858,25661.00,25622.83,0.00
2025-12-01,23:29:00,25621,25626,25619,25625.5,770,25660.35,25623.50,0.00
2025-12-01,23:30:00,25625.75,25628.5,25622.75,25626.25,434,25660.02,25624.34,0.00
2025-12-01,23:31:00,25625.75,25626.75,25613.25,25615.25,1175,25658.97,25618.42,0.00
2025-12-01,23:32:00,25615.25,25616.25,25601.5,25607.25,1893,25656.99,25608.33,0.00
2025-12-01,23:33:00,25606.75,25613,25605.75,25609.25,729,25656.28,25608.61,0.00
2025-12-01,23:34:00,25609,25614,25605.5,25613.75,514,25655.81,25609.02,0.00
2025-12-01,23:35:00,25613.75,25616.75,25608.25,25615.75,603,25655.31,25609.75,0.00
2025-12-01,23:36:00,25615,25619,25609.25,25611.5,679,25654.74,25610.29,0.00
2025-12-01,23:37:00,25611.5,25612.75,25606.5,25606.75,425,25654.36,25610.15,0.00
2025-12-01,23:38:00,25606.75,25610.5,25603,25609.5,675,25653.76,25609.84,0.00
2025-12-01,23:39:00,25609.25,25621,25609,25615.5,924,25653.08,25610.61,0.00
2025-12-01,23:40:00,25614.75,25617,25611,25613,343,25652.83,25610.76,0.00
2025-12-01,23:41:00,25613.25,25615.75,25611.5,25615.75,326,25652.59,25610.93,0.00
2025-12-01,23:42:00,25615.75,25621.5,25615.25,25620.25,612,25652.21,25611.57,0.00
2025-12-01,23:43:00,25621,25628,25621,25626.25,653,25651.89,25612.62,0.00
2025-12-01,23:44:00,25626.5,25633.75,25626,25632.5,899,25651.55,25614.38,0.00
2025-12-01,23:45:00,25632.25,25635.25,25631,25634.5,468,25651.40,25615.30,0.00
2025-12-01,23:46:00,25634.75,25635.25,25624,25625.25,741,25651.10,25616.21,0.00
2025-12-01,23:47:00,25626,25630.75,25624.25,25628.25,548,25650.88,25616.78,0.00
2025-12-01,23:48:00,25628.75,25635.5,25628.25,25634.75,472,25650.73,25617.44,0.00
2025-12-01,23:49:00,25635,25637,25632.75,25635,415,25650.62,25618.05,0.00
2025-12-01,23:50:00,25634.75,25635.25,25630.25,25632.75,333,25650.52,25618.45,0.00
2025-12-01,23:51:00,25633.25,25636,25632,25632.25,146,25650.47,25618.63,0.00
2025-12-01,23:52:00,25631.5,25635.25,25629.5,25634.75,336,25650.37,25619.01,0.00
2025-12-01,23:53:00,25634.25,25639.25,25634,25639.25,453,25650.28,25619.64,0.00
2025-12-01,23:54:00,25639.5,25643.25,25637.25,25643.25,630,25650.18,25620.63,0.00
2025-12-01,23:55:00,25643.25,25647.25,25640.25,25646,521,25650.13,25621.50,0.00
2025-12-01,23:56:00,25646,25652.75,25645.75,25652.25,766,25650.14,25622.95,0.00
2025-12-01,23:57:00,25653,25659.5,25653,25659,868,25650.23,25624.81,0.00
2025-12-01,23:58:00,25659.5,25660.5,25650.25,25651.75,643,25650.27,25625.95,0.00
2025-12-01,23:59:00,25651.75,25652.5,25642.75,25642.75,941,25650.21,25627.02,0.00
2025-12-01,00:00:00,25516.25,25516.5,25510.75,25513,306,25602.97,25510.33,0.00
2025-12-01,00:01:00,25512.25,25513.75,25509.25,25510,410,25602.83,25510.35,0.00
2025-12-01,00:02:00,25510,25514.75,25509.5,25514.25,268,25602.74,25510.40,0.00
2025-12-01,00:03:00,25514.25,25517,25512,25514.5,339,25602.62,25510.50,0.00
2025-12-01,00:04:00,25514.75,25517.75,25514,25514.25,267,25602.53,25510.60,0.00
2025-12-01,00:05:00,25515,25519.25,25510.75,25511.5,492,25602.36,25510.71,0.00
2025-12-01,00:06:00,25512.25,25516.75,25505.5,25508,621,25602.14,25510.69,0.00
2025-12-01,00:07:00,25507.75,25508.75,25503.25,25507,584,25601.93,25510.52,0.00
2025-12-01,00:08:00,25507.75,25516.75,25507,25515.5,498,25601.76,25510.60,0.00
2025-12-01,00:09:00,25516,25517.5,25509.75,25514.75,381,25601.64,25510.68,0.00
2025-12-01,00:10:00,25514.5,25516.25,25508.5,25508.5,248,25601.55,25510.69,0.00
2025-12-01,00:11:00,25508.25,25508.75,25505,25507.5,388,25601.41,25510.60,0.00
2025-12-01,00:12:00,25507.75,25509.75,25505.75,25506.25,321,25601.30,25510.54,0.00
2025-12-01,00:13:00,25506.5,25509,25503.25,25508,271,25601.20,25510.48,0.00
2025-12-01,00:14:00,25509,25512.75,25507,25507.5,517,25601.02,25510.44,0.00
2025-12-01,00:15:00,25507.25,25507.25,25500.75,25503,536,25600.82,25510.24,0.00
2025-12-01,00:16:00,25503,25504.25,25500.5,25501.75,268,25600.72,25510.13,0.00
2025-12-01,00:17:00,25502.5,25507.75,25502.25,25504,318,25600.61,25510.03,0.00
2025-12-01,00:18:00,25504.5,25510.75,25503.25,25508.75,286,25600.51,25510.00,0.00
2025-12-01,00:19:00,25509.25,25511.25,25506.25,25507.75,278,25600.41,25509.98,0.00
2025-12-01,00:20:00,25507.5,25511.75,25506.75,25506.75,218,25600.34,25509.96,0.00
2025-12-01,00:21:00,25506.25,25507.5,25502.5,25504.25,291,25600.23,25509.88,0.00
2025-12-01,00:22:00,25504.25,25506.5,25500.75,25502,230,25600.15,25509.81,0.00
2025-12-01,00:23:00,25502.25,25506.25,25501,25502.25,250,25600.06,25509.72,0.00
2025-12-01,00:24:00,25502.25,25504.75,25500.75,25502,238,25599.97,25509.64,0.00
2025-12-01,00:25:00,25501.5,25504.25,25498.5,25503.5,415,25599.82,25509.49,0.00
2025-12-01,00:26:00,25503.25,25508.25,25503.25,25506.25,536,25599.63,25509.41,0.00
2025-12-01,00:27:00,25505.75,25505.75,25496,25504.25,878,25599.31,25509.12,0.00
2025-12-01,00:28:00,25504.25,25505.5,25501.5,25505.5,253,25599.22,25509.06,0.00
2025-12-01,00:29:00,25505.75,25508.25,25504,25504,313,25599.12,25509.01,0.00
2025-12-01,00:30:00,25504.5,25506.25,25497.75,25501.5,361,25598.99,25508.90,0.00
2025-12-01,00:31:00,25501.5,25502.25,25495.25,25499.25,620,25598.76,25508.65,0.00
2025-12-01,00:32:00,25499.25,25502,25496.5,25501.25,300,25598.65,25508.54,0.00
2025-12-01,00:33:00,25500.5,25501.25,25497,25497.25,112,25598.61,25508.49,0.00
2025-12-01,00:34:00,25498,25504.25,25497.75,25501.25,289,25598.50,25508.41,0.00
2025-12-01,00:35:00,25501.75,25504.5,25500.5,25501.5,310,25598.39,25508.33,0.00
2025-12-01,00:36:00,25501.5,25501.75,25498.25,25500,178,25598.33,25508.27,0.00
2025-12-01,00:37:00,25499.75,25500,25495.5,25496.75,249,25598.24,25508.16,0.00
2025-12-01,00:38:00,25497.25,25504,25496.5,25503.5,429,25598.08,25508.05,0.00
2025-12-01,00:39:00,25503,25513,25502.5,25511.75,672,25597.86,25508.08,0.00
2025-12-01,00:40:00,25511.25,25513.5,25507.25,25509.5,530,25597.69,25508.12,0.00
2025-12-01,00:41:00,25510,25512,25506.25,25511.5,342,25597.59,25508.14,0.00
2025-12-01,00:42:00,25511.75,25515,25510.25,25512.25,372,25597.47,25508.20,0.00
2025-12-01,00:43:00,25512.5,25514,25509.25,25511.5,307,25597.37,25508.23,0.00
2025-12-01,00:44:00,25511.25,25512.75,25507.75,25508.25,203,25597.31,25508.24,0.00
2025-12-01,00:45:00,25508,25509.25,25504.5,25504.5,271,25597.22,25508.22,0.00
2025-12-01,00:46:00,25504.25,25505.25,25501.5,25503.25,447,25597.07,25508.15,0.00
2025-12-01,00:47:00,25503.25,25503.25,25497,25499.5,453,25596.91,25508.02,0.00
2025-12-01,00:48:00,25499,25502.25,25498.75,25499.25,251,25596.82,25507.96,0.00
2025-12-01,00:49:00,25499.25,25503.75,25498.75,25500.75,220,25596.74,25507.91,0.00
2025-12-01,00:50:00,25501,25506.5,25500,25504,325,25596.64,25507.86,0.00
2025-12-01,00:51:00,25503.5,25504.75,25499.5,25500.5,237,25596.55,25507.81,0.00
2025-12-01,00:52:00,25501,25502,25494.5,25495.25,454,25596.39,25507.66,0.00
2025-12-01,00:53:00,25495.25,25499,25492.75,25495,549,25596.19,25507.45,0.00
2025-12-01,00:54:00,25494.5,25494.75,25490.5,25491.5,489,25596.01,25507.21,0.00
2025-12-01,00:55:00,25491.5,25498,25488.75,25492.5,629,25595.78,25493.08,0.00
2025-12-01,00:56:00,25493.75,25494.5,25484.5,25485.5,904,25595.43,25488.17,0.00
2025-12-01,00:57:00,25485.75,25486.25,25480.5,25484.25,950,25595.05,25483.67,0.00
2025-12-01,00:58:00,25484.5,25487,25480.75,25486.75,778,25594.75,25484.19,0.00
2025-12-01,00:59:00,25487,25491.25,25485.25,25488.25,539,25594.55,25485.16,0.00
2025-12-01,01:00:00,25488.75,25489,25483.25,25483.5,527,25594.34,25485.17,0.00
2025-12-01,01:01:00,25484,25485.75,25474.5,25480,1568,25593.72,25480.08,0.00
2025-12-01,01:02:00,25480.25,25488.25,25480.25,25484,860,25593.39,25481.53,0.00
2025-12-01,01:03:00,25484,25484.5,25477,25477.5,429,25593.21,25481.25,0.00
2025-12-01,01:04:00,25478.75,25481.25,25476,25476,244,25593.12,25480.97,0.00
2025-12-01,01:05:00,25476,25476,25463.5,25469.75,2287,25592.14,25469.75,0.00
2025-12-01,01:06:00,25470,25472.5,25466,25470.75,654,25591.86,25469.75,0.00
2025-12-01,01:07:00,25470.75,25473.5,25463.25,25463.25,721,25591.55,25466.67,0.00
2025-12-01,01:08:00,25463.5,25470.75,25459.5,25470.5,1299,25590.99,25466.92,0.00
2025-12-01,01:09:00,25470,25475,25466.25,25469,677,25590.71,25468.00,0.00
2025-12-01,01:10:00,25469.25,25473,25465,25472.5,444,25590.53,25468.40,0.00
2025-12-01,01:11:00,25472.25,25480,25472.25,25478.75,1013,25590.14,25470.94,0.00
2025-12-01,01:12:00,25479.5,25480.75,25476.25,25477.5,486,25589.95,25471.83,0.00
2025-12-01,01:13:00,25477.75,25483.25,25475,25482,610,25589.73,25472.94,0.00
2025-12-01,01:14:00,25481,25483,25472,25472.5,562,25589.51,25473.26,0.00
2025-12-01,01:15:00,25473.25,25475.5,25469.5,25473,428,25589.34,25473.22,0.00
2025-12-01,01:16:00,25472.5,25477,25470.5,25472.5,433,25589.17,25473.23,0.00
2025-12-01,01:17:00,25472.5,25475,25469.5,25470.5,403,25589.01,25473.13,0.00
2025-12-01,01:18:00,25470.5,25472.25,25466.75,25468.75,351,25588.87,25472.92,0.00
2025-12-01,01:19:00,25469.5,25470.25,25462.25,25464.25,714,25588.57,25472.22,0.00
2025-12-01,01:20:00,25464.25,25465.75,25462,25464.5,340,25588.43,25471.86,0.00
2025-12-01,01:21:00,25464.25,25469.25,25461.25,25462.75,609,25588.18,25471.32,0.00
2025-12-01,01:22:00,25462.25,25468.25,25461,25466.5,394,25588.02,25471.05,0.00
2025-12-01,01:23:00,25466.25,25468.25,25461.5,25463,333,25587.88,25470.80,0.00
2025-12-01,01:24:00,25463,25465.5,25461.5,25463.75,264,25587.77,25470.59,0.00
2025-12-01,01:25:00,25464.25,25464.25,25457.25,25461,657,25587.49,25460.83,0.00
2025-12-01,01:26:00,25461,25465.5,25459.5,25461,534,25587.27,25461.36,0.00
2025-12-01,01:27:00,25460.25,25461.25,25457.25,25460.25,351,25587.12,25460.95,0.00
2025-12-01,01:28:00,25460.25,25461.75,25458.25,25460.25,226,25587.02,25460.84,0.00
2025-12-01,01:29:00,25460.75,25463.5,25457.5,25460.25,368,25586.87,25460.77,0.00
2025-12-01,01:30:00,25460.25,25464.5,25458.25,25459.25,266,25586.76,25460.76,0.00
2025-12-01,01:31:00,25458.75,25461.25,25455.75,25457,618,25586.49,25458.00,0.00
2025-12-01,01:32:00,25457.5,25466.5,25457,25464.5,538,25586.27,25460.17,0.00
2025-12-01,01:33:00,25465.25,25471,25464.25,25464.5,721,25585.99,25462.63,0.00
2025-12-01,01:34:00,25464,25464.25,25456.75,25461.5,471,25585.80,25462.27,0.00
2025-12-01,01:35:00,25462.25,25466.25,25460.75,25463.75,240,25585.70,25462.39,0.00
2025-12-01,01:36:00,25463.5,25464.5,25455.5,25458.25,598,25585.45,25459.42,0.00
2025-12-01,01:37:00,25458.25,25460.75,25448.25,25453.5,1323,25584.89,25454.17,0.00
2025-12-01,01:38:00,25453.5,25454.25,25447,25449,719,25584.57,25450.08,0.00
2025-12-01,01:39:00,25449.25,25453.75,25446.75,25451.25,572,25584.32,25450.58,0.00
2025-12-01,01:40:00,25452.25,25460.25,25449.75,25460.25,791,25583.99,25454.16,0.00
2025-12-01,01:41:00,25460,25464.75,25459.25,25462.5,648,25583.74,25456.74,0.00
2025-12-01,01:42:00,25462.25,25469.75,25462,25465.25,469,25583.56,25458.43,0.00
2025-12-01,01:43:00,25465.5,25470,25464,25469.5,359,25583.42,25459.62,0.00
2025-12-01,01:44:00,25469.75,25473.25,25468,25471,637,25583.19,25461.66,0.00
2025-12-01,01:45:00,25471.25,25472.5,25467.25,25470.5,396,25583.05,25462.52,0.00
2025-12-01,01:46:00,25471.25,25479,25470,25478.25,800,25582.77,25464.79,0.00
2025-12-01,01:47:00,25478.5,25479.25,25475.25,25475.75,452,25582.62,25465.84,0.00
2025-12-01,01:48:00,25476.25,25483,25475.75,25481.25,515,25582.45,25467.13,0.00
2025-12-01,01:49:00,25481.75,25485,25479.75,25482,614,25582.25,25468.62,0.00
2025-12-01,01:50:00,25481.5,25484.25,25479.5,25480.25,270,25582.17,25469.14,0.00
2025-12-01,01:51:00,25480.25,25485.75,25480.25,25484.75,427,25582.03,25470.03,0.00
2025-12-01,01:52:00,25485,25487.25,25482.25,25485.5,536,25581.87,25471.10,0.00
2025-12-01,01:53:00,25485.75,25487,25482.75,25484.5,283,25581.78,25471.60,0.00
2025-12-01,01:54:00,25485.5,25489,25482,25483.75,534,25581.62,25472.46,0.00
2025-12-01,01:55:00,25484,25492.25,25484,25492,553,25581.46,25473.52,0.00
2025-12-01,01:56:00,25492,25494.25,25487.75,25494.25,575,25581.29,25474.65,0.00
2025-12-01,01:57:00,25494.5,25498.5,25492.75,25498,910,25581.05,25476.56,0.00
2025-12-01,01:58:00,25497.75,25505.5,25497.25,25504,961,25580.81,25478.75,0.00
2025-12-01,01:59:00,25504,25510.75,25503.5,25507,982,25580.58,25481.01,0.00
2025-12-01,02:00:00,25506.5,25507.5,25502.25,25505,548,25580.46,25482.03,0.00
2025-12-01,02:01:00,25504.5,25512.5,25503.75,25508,837,25580.27,25483.63,0.00
2025-12-01,02:02:00,25507.25,25510.25,25505.25,25509.25,364,25580.18,25484.27,0.00
2025-12-01,02:03:00,25509.5,25511,25502.5,25502.75,466,25580.08,25484.95,0.00
2025-12-01,02:04:00,25503,25504.25,25495,25495.5,772,25579.88,25485.62,0.00
2025-12-01,02:05:00,25496.25,25498.75,25490,25491.75,535,25579.74,25485.89,0.00
2025-12-01,02:06:00,25492.25,25492.75,25485.75,25487.75,709,25579.54,25486.01,0.00
2025-12-01,02:07:00,25487.25,25492.75,25486.75,25490.5,376,25579.43,25486.10,0.00
2025-12-01,02:08:00,25490.5,25500.75,25488.5,25497.25,857,25579.21,25486.55,0.00
2025-12-01,02:09:00,25497.5,25503.75,25496,25500.5,487,25579.09,25486.91,0.00
2025-12-01,02:10:00,25501.25,25504.5,25498.5,25498.5,335,25579.01,25487.16,0.00
2025-12-01,02:11:00,25500.25,25503.5,25496,25496,422,25578.91,25487.41,0.00
2025-12-01,02:12:00,25496.5,25505.75,25495.5,25503,480,25578.79,25487.76,0.00
2025-12-01,02:13:00,25502.75,25506.25,25501.5,25505.25,234,25578.74,25487.95,0.00
2025-12-01,02:14:00,25506,25508.5,25502.5,25505.5,386,25578.65,25488.29,0.00
2025-12-01,02:15:00,25504.5,25506.75,25501.75,25503.75,449,25578.55,25488.64,0.00
2025-12-01,02:16:00,25504.25,25507.5,25504.25,25506.25,165,25578.52,25488.77,0.00
2025-12-01,02:17:00,25505.5,25509,25505.5,25506.75,226,25578.47,25488.97,0.00
2025-12-01,02:18:00,25507,25510,25505,25505.75,288,25578.40,25489.21,0.00
2025-12-01,02:19:00,25505.75,25507.25,25503,25505,212,25578.36,25489.37,0.00
2025-12-01,02:20:00,25504.5,25507.25,25499.5,25506.75,448,25578.26,25489.68,0.00
2025-12-01,02:21:00,25506.75,25510.5,25505.25,25506.25,432,25578.16,25490.02,0.00
2025-12-01,02:22:00,25507,25510.75,25505.25,25510.25,226,25578.12,25490.21,0.00
2025-12-01,02:23:00,25510.25,25515.25,25507,25509,838,25577.94,25490.94,0.00
2025-12-01,02:24:00,25508.5,25513,25507.25,25508.75,515,25577.84,25491.34,0.00
2025-12-01,02:25:00,25508,25512.5,25507,25512,285,25577.78,25491.57,0.00
2025-12-01,02:26:00,25512.25,25517,25510.75,25514.75,666,25577.65,25492.17,0.00
2025-12-01,02:27:00,25515.25,25521.25,25514.25,25515.5,741,25577.52,25492.89,0.00
2025-12-01,02:28:00,25515.25,25521.25,25512.5,25514.5,476,25577.43,25493.31,0.00
2025-12-01,02:29:00,25513.25,25517,25510.5,25517,470,25577.34,25493.70,0.00
2025-12-01,02:30:00,25516.75,25518.5,25514,25514.25,433,25577.26,25494.05,0.00
2025-12-01,02:31:00,25515.25,25517.75,25511.5,25514.75,405,25577.18,25494.35,0.00
2025-12-01,02:32:00,25513.5,25515,25503.75,25503.75,624,25577.05,25494.64,0.00
2025-12-01,02:33:00,25503.75,25512,25501,25511.25,777,25576.90,25495.01,0.00
2025-12-01,02:34:00,25511.25,25515.25,25508,25509.25,489,25576.80,25495.27,0.00
2025-12-01,02:35:00,25508.25,25508.5,25505,25508.25,343,25576.73,25495.41,0.00
2025-12-01,02:36:00,25508.25,25511.5,25505,25509.75,296,25576.67,25495.54,0.00
2025-12-01,02:37:00,25510.25,25512.75,25508,25511.75,271,25576.62,25495.68,0.00
2025-12-01,02:38:00,25511.75,25514.5,25509.25,25513.5,254,25576.57,25495.82,0.00
2025-12-01,02:39:00,25513,25517.5,25511.5,25513.75,297,25576.51,25496.00,0.00
2025-12-01,02:40:00,25514,25516.75,25511,25515.25,309,25576.46,25496.18,0.00
2025-12-01,02:41:00,25515.5,25518,25511.75,25518,373,25576.39,25496.42,0.00
2025-12-01,02:42:00,25517.25,25520.25,25514,25519.5,304,25576.34,25496.62,0.00
2025-12-01,02:43:00,25519.25,25521.25,25516.25,25518,302,25576.28,25496.83,0.00
2025-12-01,02:44:00,25517.5,25518.75,25515.5,25516.25,188,25576.25,25496.94,0.00
2025-12-01,02:45:00,25517,25523.25,25516.75,25522.25,405,25576.19,25497.24,0.00
2025-12-01,02:46:00,25522,25523.25,25519.25,25520.5,266,25576.14,25497.43,0.00
2025-12-01,02:47:00,25521,25524.5,25516.75,25516.75,700,25576.03,25497.89,0.00
2025-12-01,02:48:00,25516.75,25519.75,25514.75,25517,340,25575.97,25498.08,0.00
2025-12-01,02:49:00,25517,25518,25512,25515,384,25575.90,25498.27,0.00
2025-12-01,02:50:00,25515.5,25517.5,25511.25,25516.25,245,25575.85,25498.39,0.00
2025-12-01,02:51:00,25516.5,25517.75,25513.75,25514.75,213,25575.82,25498.50,0.00
2025-12-01,02:52:00,25514.75,25516.5,25513.75,25514.75,132,25575.79,25498.56,0.00
2025-12-01,02:53:00,25514.75,25515.75,25511.25,25512.75,189,25575.76,25498.64,0.00
2025-12-01,02:54:00,25513,25516.25,25513,25515.25,88,25575.74,25498.68,0.00
2025-12-01,02:55:00,25515.25,25517.75,25514.5,25515.75,136,25575.72,25498.74,0.00
2025-12-01,02:56:00,25516,25521,25516,25519.75,322,25575.67,25498.93,0.00
2025-12-01,02:57:00,25520.5,25521,25516.5,25516.5,226,25575.63,25499.05,0.00
2025-12-01,02:58:00,25517.5,25521.5,25517,25520.75,243,25575.59,25499.19,0.00
2025-12-01,02:59:00,25520.75,25525.25,25519.75,25523.75,343,25575.54,25499.41,0.00
2025-12-01,03:00:00,25523.75,25524.25,25519.5,25521.75,388,25575.48,25499.65,0.00
2025-12-01,03:01:00,25521.25,25526.75,25517.25,25519.25,961,25575.32,25500.19,0.00
2025-12-01,03:02:00,25519.75,25520.75,25512.5,25519,509,25575.24,25500.42,0.00
2025-12-01,03:03:00,25519.25,25529.75,25519.25,25519.75,865,25575.11,25500.92,0.00
2025-12-01,03:04:00,25520.25,25520.75,25508.25,25514,964,25574.94,25501.24,0.00
2025-12-01,03:05:00,25514.5,25516.25,25505.25,25507.25,786,25574.79,25501.40,0.00
2025-12-01,03:06:00,25507.5,25515,25503.25,25504,680,25574.66,25501.50,0.00
2025-12-01,03:07:00,25504.25,25508.5,25500.5,25505,614,25574.54,25501.54,0.00
2025-12-01,03:08:00,25506,25512.25,25505,25511.75,392,25574.46,25501.62,0.00
2025-12-01,03:09:00,25511.75,25515,25507.5,25511,449,25574.38,25501.72,0.00
2025-12-01,03:10:00,25511.25,25517.25,25510.75,25514.75,457,25574.30,25501.85,0.00
2025-12-01,03:11:00,25514.75,25523.75,25514.5,25522,493,25574.23,25502.06,0.00
2025-12-01,03:12:00,25521.25,25522.25,25507.5,25510,548,25574.13,25502.19,0.00
2025-12-01,03:13:00,25509.5,25511.75,25507.25,25509,285,25574.08,25502.24,0.00
2025-12-01,03:14:00,25508.75,25511.25,25502.5,25505.25,442,25574.00,25502.28,0.00
2025-12-01,03:15:00,25505.5,25506.75,25502.25,25504.75,292,25573.94,25502.29,0.00
2025-12-01,03:16:00,25504.75,25512,25504.5,25504.75,371,25573.87,25502.33,0.00
2025-12-01,03:17:00,25505.5,25507.25,25501.5,25505.5,403,25573.79,25502.35,0.00
2025-12-01,03:18:00,25505.75,25507.5,25502.25,25505,231,25573.74,25502.37,0.00
2025-12-01,03:19:00,25505.25,25509.25,25492,25496.75,976,25573.54,25502.30,0.00
2025-12-01,03:20:00,25496.75,25501.5,25492.5,25498.5,646,25573.40,25502.24,0.00
2025-12-01,03:21:00,25498.5,25501.75,25493.25,25498.5,566,25573.28,25502.19,0.00
2025-12-01,03:22:00,25498.25,25500.75,25493.75,25495.25,331,25573.21,25502.15,0.00
2025-12-01,03:23:00,25495.25,25498.5,25491,25492,453,25573.11,25502.07,0.00
2025-12-01,03:24:00,25492.5,25501,25491.75,25499.25,412,25573.02,25502.03,0.00
2025-12-01,03:25:00,25499.75,25507.5,25497.25,25506.5,573,25572.91,25502.05,0.00
2025-12-01,03:26:00,25506.25,25518.75,25505.25,25514.5,1042,25572.74,25502.27,0.00
2025-12-01,03:27:00,25515.5,25517.25,25510,25515.5,418,25572.67,25502.37,0.00
2025-12-01,03:28:00,25514.75,25525,25510.25,25522.25,899,25572.53,25502.65,0.00
2025-12-01,03:29:00,25522.75,25535.25,25520.5,25533.25,1007,25572.41,25503.16,0.00
2025-12-01,03:30:00,25533.75,25538,25528.25,25528.75,1291,25572.27,25503.83,0.00
2025-12-01,03:31:00,25529.5,25536,25528.75,25534.25,717,25572.19,25504.20,0.00
2025-12-01,03:32:00,25534.25,25534.75,25526.25,25528.5,418,25572.14,25504.39,0.00
2025-12-01,03:33:00,25527.75,25529.5,25515.5,25519.5,842,25572.03,25504.64,0.00
2025-12-01,03:34:00,25520.5,25526.5,25519.5,25525.25,427,25571.97,25504.78,0.00
2025-12-01,03:35:00,25525.25,25529.25,25522.75,25526.75,237,25571.94,25504.87,0.00
2025-12-01,03:36:00,25526.75,25528,25523.25,25526.25,210,25571.91,25504.95,0.00
2025-12-01,03:37:00,25525.75,25527.25,25521.25,25524.75,204,25571.89,25505.02,0.00
2025-12-01,03:38:00,25525.5,25530.5,25524.75,25528,243,25571.86,25505.11,0.00
2025-12-01,03:39:00,25528,25529.25,25524.5,25524.5,255,25571.82,25505.20,0.00
2025-12-01,03:40:00,25525.5,25526.25,25519.25,25523.5,347,25571.78,25505.31,0.00
2025-12-01,03:41:00,25524.5,25526.75,25523.25,25525.75,148,25571.76,25505.36,0.00
2025-12-01,03:42:00,25525.75,25529.75,25524,25528.75,333,25571.72,25505.48,0.00
2025-12-01,03:43:00,25528.5,25533.5,25526.5,25526.5,367,25571.68,25505.62,0.00
2025-12-01,03:44:00,25527.75,25531.75,25523.25,25524.5,371,25571.63,25505.75,0.00
2025-12-01,03:45:00,25524.75,25526.5,25520.5,25524,310,25571.59,25505.84,0.00
2025-12-01,03:46:00,25524.25,25527.75,25523.25,25524.75,114,25571.58,25505.88,0.00
2025-12-01,03:47:00,25524.75,25530.25,25522.5,25530.25,210,25571.55,25505.96,0.00
2025-12-01,03:48:00,25530.25,25534.75,25528,25531.25,306,25571.52,25506.08,0.00
2025-12-01,03:49:00,25531,25537,25531,25533,484,25571.47,25506.30,0.00
2025-12-01,03:50:00,25533,25534.5,25527.75,25534.5,287,25571.44,25506.42,0.00
2025-12-01,03:51:00,25534.5,25537.5,25523,25524,469,25571.38,25506.58,0.00
2025-12-01,03:52:00,25524,25529.25,25521.5,25528.5,284,25571.35,25506.67,0.00
2025-12-01,03:53:00,25528.5,25530.5,25524.25,25525,202,25571.32,25506.74,0.00
2025-12-01,03:54:00,25525.25,25529,25522,25529,231,25571.30,25506.81,0.00
2025-12-01,03:55:00,25529.25,25530.75,25528,25529,163,25571.28,25506.87,0.00
2025-12-01,03:56:00,25528.5,25530.25,25526.5,25530,116,25571.26,25506.91,0.00
2025-12-01,03:57:00,25530,25530.25,25522.75,25523.75,264,25571.23,25506.98,0.00
2025-12-01,03:58:00,25522.75,25523.75,25520.25,25522.5,214,25571.20,25507.03,0.00
2025-12-01,03:59:00,25522,25527.25,25522,25525,297,25571.17,25507.12,0.00
2025-12-01,04:00:00,25525.5,25535.5,25525,25532.25,647,25571.10,25507.35,0.00
2025-12-01,04:01:00,25532,25537.25,25523.75,25528,900,25571.00,25507.66,0.00
2025-12-01,04:02:00,25528.75,25540,25526,25537.5,835,25570.91,25508.00,0.00
2025-12-01,04:03:00,25537.75,25544.5,25536,25540.75,850,25570.84,25508.40,0.00
2025-12-01,04:04:00,25541,25541.25,25525,25527.5,581,25570.78,25508.60,0.00
2025-12-01,04:05:00,25528,25528.25,25522.5,25525.5,494,25570.72,25508.72,0.00
2025-12-01,04:06:00,25525.25,25545,25521.5,25543.75,968,25570.64,25509.11,0.00
2025-12-01,04:07:00,25543.75,25551,25542,25549.25,948,25570.58,25509.63,0.00
2025-12-01,04:08:00,25548.5,25567.25,25545.5,25565,1332,25570.54,25510.55,0.00
2025-12-01,04:09:00,25564.5,25565.5,25556,25557,814,25570.51,25511.10,0.00
2025-12-01,04:10:00,25557,25557.75,25550.75,25555,630,25570.49,25511.47,0.00
2025-12-01,04:11:00,25554.25,25560,25553.25,25556,659,25570.46,25511.87,0.00
2025-12-01,04:12:00,25555.75,25561.25,25551.25,25561,789,25570.44,25512.35,0.00
2025-12-01,04:13:00,25561.25,25563.25,25557.5,25558,439,25570.43,25512.63,0.00
2025-12-01,04:14:00,25558,25566.75,25558,25565.25,476,25570.42,25512.95,0.00
2025-12-01,04:15:00,25565.75,25566.5,25557.75,25564.75,420,25570.41,25513.23,0.00
2025-12-01,04:16:00,25565.25,25571.75,25565.25,25567,853,25570.40,25513.83,0.00
2025-12-01,04:17:00,25567.25,25578,25567.25,25576.25,987,25570.41,25514.59,0.00
2025-12-01,04:18:00,25575.5,25586.25,25574.25,25581.25,1198,25570.44,25515.59,0.00
2025-12-01,04:19:00,25580.75,25586.75,25576.25,25586.25,855,25570.47,25516.32,0.00
2025-12-01,04:20:00,25586.75,25593.75,25584,25588,1447,25570.54,25517.60,0.00
2025-12-01,04:21:00,25588,25592,25584.5,25586.75,671,25570.57,25518.18,0.00
2025-12-01,04:22:00,25585.75,25594.5,25581.75,25591.75,938,25570.61,25518.98,0.00
2025-12-01,04:23:00,25591.5,25593,25584.25,25590.75,517,25570.64,25519.42,0.00
2025-12-01,04:24:00,25590.75,25596.25,25585.25,25591.25,895,25570.68,25520.17,0.00
2025-12-01,04:25:00,25591.5,25593.25,25584.25,25589,525,25570.71,25520.60,0.00
2025-12-01,04:26:00,25588.25,25588.75,25580.5,25581.5,687,25570.73,25521.10,0.00
2025-12-01,04:27:00,25582,25584.5,25579,25583,527,25570.75,25521.48,0.00
2025-12-01,04:28:00,25583,25583.25,25576.25,25576.5,415,25570.76,25521.75,0.00
2025-12-01,04:29:00,25576.5,25581.5,25573.25,25581.5,690,25570.77,25522.20,0.00
2025-12-01,04:30:00,25581.5,25587.75,25581.5,25584.75,486,25570.79,25522.55,0.00
2025-12-01,04:31:00,25585.25,25588.25,25577,25577.5,620,25570.80,25522.96,0.00
2025-12-01,04:32:00,25578,25582,25573.75,25578,513,25570.81,25523.28,0.00
2025-12-01,04:33:00,25577.75,25580.25,25572.25,25574.25,451,25570.82,25523.54,0.00
2025-12-01,04:34:00,25574.25,25577,25569.75,25571.75,380,25570.82,25523.75,0.00
2025-12-01,04:35:00,25572.25,25575,25566.75,25569.25,347,25570.82,25523.93,0.00
2025-12-01,04:36:00,25568.5,25585,25568.25,25584.25,627,25570.83,25524.31,0.00
2025-12-01,04:37:00,25585,25586,25571,25571.75,538,25570.84,25524.62,0.00
2025-12-01,04:38:00,25571.5,25580.5,25569.75,25580,570,25570.85,25524.94,0.00
2025-12-01,04:39:00,25579.75,25584.25,25576.25,25578.5,520,25570.86,25525.25,0.00
2025-12-01,04:40:00,25578.75,25581,25573.5,25577.5,365,25570.86,25525.45,0.00
2025-12-01,04:41:00,25577.5,25578.5,25573.25,25574.5,280,25570.87,25525.61,0.00
2025-12-01,04:42:00,25574,25578.25,25572,25575.5,269,25570.87,25525.75,0.00
2025-12-01,04:43:00,25575,25578.25,25572,25574.75,269,25570.87,25525.89,0.00
2025-12-01,04:44:00,25574.75,25585.25,25573.75,25583.5,336,25570.88,25526.09,0.00
2025-12-01,04:45:00,25584,25586,25579.25,25582.75,256,25570.89,25526.24,0.00
2025-12-01,04:46:00,25583.5,25585.75,25577.25,25580.75,275,25570.90,25526.40,0.00
2025-12-01,04:47:00,25580.5,25581,25571,25571,318,25570.90,25526.56,0.00
2025-12-01,04:48:00,25571,25575.25,25566,25572.25,574,25570.90,25526.83,0.00
2025-12-01,04:49:00,25571.25,25576.5,25569.5,25572.25,237,25570.90,25526.95,0.00
2025-12-01,04:50:00,25572.25,25576.75,25570.75,25572,191,25570.90,25527.04,0.00
2025-12-01,04:51:00,25571.5,25574.75,25568.25,25572.75,213,25570.90,25527.14,0.00
2025-12-01,04:52:00,25572,25576.5,25570.75,25574.75,155,25570.90,25527.21,0.00
2025-12-01,04:53:00,25575.5,25577.5,25571.75,25573.75,206,25570.91,25527.31,0.00
2025-12-01,04:54:00,25572.25,25578.5,25569.5,25574.75,331,25570.91,25527.48,0.00
2025-12-01,04:55:00,25575,25578.5,25573.5,25576.5,189,25570.91,25527.57,0.00
2025-12-01,04:56:00,25576.75,25579.75,25574.5,25577.5,205,25570.91,25527.68,0.00
2025-12-01,04:57:00,25576.75,25577.75,25570.25,25572,284,25570.92,25527.81,0.00
2025-12-01,04:58:00,25571.5,25572,25564.75,25568.5,432,25570.91,25527.99,0.00
2025-12-01,04:59:00,25568.25,25569.5,25563.5,25566.5,442,25570.91,25528.16,0.00
2025-12-01,05:00:00,25566.25,25567,25559.75,25562,566,25570.90,25528.36,0.00
2025-12-01,05:01:00,25561.25,25568,25558.25,25565.75,770,25570.88,25528.64,0.00
2025-12-01,05:02:00,25565.25,25573.5,25564.25,25566.5,548,25570.88,25528.85,0.00
2025-12-01,05:03:00,25566.75,25567.25,25551.25,25555.5,1075,25570.85,25529.16,0.00
2025-12-01,05:04:00,25556.5,25569,25556.25,25565.5,820,25570.83,25529.44,0.00
2025-12-01,05:05:00,25566.5,25568,25560.5,25566,285,25570.83,25529.54,0.00
2025-12-01,05:06:00,25565.75,25585.5,25565,25581.75,1234,25570.85,25530.11,0.00
2025-12-01,05:07:00,25582.75,25588.5,25582,25587.75,567,25570.87,25530.42,0.00
2025-12-01,05:08:00,25587,25591.5,25585.5,25587.75,623,25570.89,25530.76,0.00
2025-12-01,05:09:00,25586.5,25592.75,25586,25588,640,25570.92,25531.11,0.00
2025-12-01,05:10:00,25588.75,25593.25,25586,25592.75,442,25570.94,25531.36,0.00
2025-12-01,05:11:00,25592.75,25594.5,25587.75,25589.75,496,25570.97,25531.64,0.00
2025-12-01,05:12:00,25590.5,25593,25586.5,25588.75,447,25570.99,25531.88,0.00
2025-12-01,05:13:00,25588.5,25592,25584.25,25584.25,279,25571.00,25532.03,0.00
2025-12-01,05:14:00,25584.5,25585,25574.5,25574.5,706,25571.01,25532.33,0.00
2025-12-01,05:15:00,25575,25579.25,25571.75,25575.75,510,25571.02,25532.53,0.00
2025-12-01,05:16:00,25575.75,25582.25,25573.5,25580.75,380,25571.02,25532.69,0.00
2025-12-01,05:17:00,25581,25586.5,25576.75,25585.5,495,25571.04,25532.92,0.00
2025-12-01,05:18:00,25585.75,25586.5,25573.25,25576.75,349,25571.04,25533.07,0.00
2025-12-01,05:19:00,25576.75,25578,25568.25,25569.5,387,25571.04,25533.21,0.00
2025-12-01,05:20:00,25568.5,25571,25563.5,25565,485,25571.04,25533.35,0.00
2025-12-01,05:21:00,25565.5,25565.5,25559.75,25563,417,25571.03,25533.46,0.00
2025-12-01,05:22:00,25563.25,25568.75,25560,25561,513,25571.02,25533.60,0.00
2025-12-01,05:23:00,25560.75,25567.75,25559.5,25562.75,346,25571.01,25533.69,0.00
2025-12-01,05:24:00,25562.75,25568.75,25555.25,25567,739,25571.00,25533.89,0.00
2025-12-01,05:25:00,25567.25,25570.5,25564.25,25568.5,424,25571.00,25534.02,0.00
2025-12-01,05:26:00,25569.25,25574.25,25566,25572,432,25571.00,25534.16,0.00
2025-12-01,05:27:00,25572,25574.25,25567.75,25571.75,439,25571.00,25534.30,0.00
2025-12-01,05:28:00,25571.5,25573.25,25569.75,25572.75,251,25571.00,25534.38,0.00
2025-12-01,05:29:00,25572.5,25577.75,25567.25,25574.5,438,25571.00,25534.53,0.00
2025-12-01,05:30:00,25573,25575.25,25568.25,25572,242,25571.00,25534.61,0.00
2025-12-01,05:31:00,25571.25,25572.5,25565.25,25565.5,425,25571.00,25534.73,0.00
2025-12-01,05:32:00,25566.25,25570.75,25563,25565.5,401,25570.99,25534.84,0.00
2025-12-01,05:33:00,25564.75,25571,25560.5,25563.25,390,25570.99,25534.95,0.00
2025-12-01,05:34:00,25563.25,25565.25,25560.5,25561.75,260,25570.98,25535.01,0.00
2025-12-01,05:35:00,25562,25567.5,25561,25563,231,25570.98,25535.06,0.00
2025-12-01,05:36:00,25563,25565.25,25553.25,25556,620,25570.96,25535.19,0.00
2025-12-01,05:37:00,25556.75,25564.5,25552.5,25562.5,571,25570.95,25535.31,0.00
2025-12-01,05:38:00,25563,25564.75,25554,25556.75,301,25570.94,25535.37,0.00
2025-12-01,05:39:00,25556.25,25559.25,25545.25,25548.5,1088,25570.89,25535.51,0.00
2025-12-01,05:40:00,25548.25,25548.25,25538.25,25546,1003,25570.82,25535.58,0.00
2025-12-01,05:41:00,25546.75,25547,25538,25542.25,542,25570.79,25535.61,0.00
2025-12-01,05:42:00,25541.25,25546.25,25539.5,25541.75,476,25570.76,25535.64,0.00
2025-12-01,05:43:00,25540.75,25545,25536.75,25542.75,509,25570.72,25535.66,0.00
2025-12-01,05:44:00,25541.25,25546.25,25540,25541.25,246,25570.70,25535.68,0.00
2025-12-01,05:45:00,25540.5,25548.25,25540.5,25546.25,431,25570.68,25535.71,0.00
2025-12-01,05:46:00,25546.25,25553.75,25545.5,25548.75,561,25570.65,25535.77,0.00
2025-12-01,05:47:00,25548.5,25551,25537.75,25539.25,671,25570.61,25535.81,0.00
2025-12-01,05:48:00,25539.75,25540.25,25534.75,25536,638,25570.56,25535.82,0.00
2025-12-01,05:49:00,25535.75,25539,25526.5,25538,1177,25570.46,25535.81,0.00
2025-12-01,05:50:00,25537.25,25542.75,25536.75,25541.75,486,25570.43,25535.82,0.00
2025-12-01,05:51:00,25542,25542.75,25529.5,25532.25,659,25570.37,25535.82,0.00
2025-12-01,05:52:00,25532.5,25538,25528.75,25532,604,25570.32,25535.80,0.00
2025-12-01,05:53:00,25532,25538.75,25528.25,25538.5,364,25570.29,25535.80,0.00
2025-12-01,05:54:00,25539,25544.25,25534,25538.25,724,25570.24,25535.82,0.00
2025-12-01,05:55:00,25539,25541.5,25534.5,25535.25,211,25570.22,25535.82,0.00
2025-12-01,05:56:00,25535.5,25535.75,25529.25,25533.75,399,25570.19,25535.81,0.00
2025-12-01,05:57:00,25534.25,25537.5,25528.5,25530.25,390,25570.15,25535.80,0.00
2025-12-01,05:58:00,25529.75,25538.5,25525.5,25536,621,25570.10,25535.79,0.00
2025-12-01,05:59:00,25536,25539.75,25531.25,25538,270,25570.08,25535.79,0.00
2025-12-01,06:00:00,25537.75,25540.25,25534.25,25534.25,190,25570.06,25535.79,0.00
2025-12-01,06:01:00,25534.25,25546,25534.25,25545.25,571,25570.03,25535.82,0.00
2025-12-01,06:02:00,25544.25,25545,25540,25540.75,305,25570.01,25535.83,0.00
2025-12-01,06:03:00,25540.75,25543.75,25536.75,25543.25,395,25569.98,25535.85,0.00
2025-12-01,06:04:00,25543.25,25550.5,25542,25548.25,490,25569.96,25535.89,0.00
2025-12-01,06:05:00,25548,25550.75,25542.5,25550.75,406,25569.94,25535.93,0.00
2025-12-01,06:06:00,25550.5,25556.25,25548.5,25555,498,25569.92,25535.99,0.00
2025-12-01,06:07:00,25554.5,25562.75,25553.5,25559,704,25569.90,25536.11,0.00
2025-12-01,06:08:00,25559.5,25563.75,25559,25563,353,25569.89,25536.18,0.00
2025-12-01,06:09:00,25562.75,25564.75,25560.25,25563.75,324,25569.89,25536.24,0.00
2025-12-01,06:10:00,25564,25564.5,25554.75,25560.5,551,25569.88,25536.34,0.00
2025-12-01,06:11:00,25560.5,25564.75,25558.25,25562.75,244,25569.87,25536.39,0.00
2025-12-01,06:12:00,25562.5,25564.25,25560.5,25561.25,146,25569.87,25536.41,0.00
2025-12-01,06:13:00,25560.5,25569.75,25559,25569.25,469,25569.86,25536.52,0.00
2025-12-01,06:14:00,25569.75,25572,25567.75,25569,465,25569.86,25536.63,0.00
2025-12-01,06:15:00,25568.5,25570,25562.25,25565.75,355,25569.86,25536.71,0.00
2025-12-01,06:16:00,25565.75,25570.75,25564.75,25566.25,347,25569.86,25536.78,0.00
2025-12-01,06:17:00,25566,25567.5,25559.75,25560,353,25569.85,25536.85,0.00
2025-12-01,06:18:00,25560.5,25564,25556.5,25558.25,325,25569.85,25536.90,0.00
2025-12-01,06:19:00,25558.75,25560.5,25556.75,25559.25,299,25569.84,25536.95,0.00
2025-12-01,06:20:00,25559.25,25562.75,25559,25562,269,25569.83,25537.00,0.00
2025-12-01,06:21:00,25562.5,25566.5,25561,25563.75,324,25569.83,25537.06,0.00
2025-12-01,06:22:00,25563.75,25567,25563.25,25563.75,245,25569.83,25537.11,0.00
2025-12-01,06:23:00,25564.5,25568,25560,25568,346,25569.82,25537.18,0.00
2025-12-01,06:24:00,25568.25,25569.25,25564,25568,323,25569.82,25537.25,0.00
2025-12-01,06:25:00,25567.25,25569.5,25565.25,25568.5,304,25569.82,25537.32,0.00
2025-12-01,06:26:00,25568.25,25575.25,25567.75,25573.75,522,25569.82,25537.45,0.00
2025-12-01,06:27:00,25574,25577.5,25571,25574.5,432,25569.83,25537.56,0.00
2025-12-01,06:28:00,25574.25,25575.25,25567,25568.25,414,25569.83,25537.66,0.00
2025-12-01,06:29:00,25567.5,25567.5,25563.25,25565,355,25569.82,25537.73,0.00
2025-12-01,06:30:00,25564.5,25568.25,25563.25,25566,229,25569.82,25537.77,0.00
2025-12-01,06:31:00,25565.75,25571.5,25564,25571,282,25569.82,25537.83,0.00
2025-12-01,06:32:00,25570.5,25572.5,25568.25,25571.25,436,25569.82,25537.93,0.00
2025-12-01,06:33:00,25571.5,25573,25568.25,25570.5,219,25569.82,25537.99,0.00
2025-12-01,06:34:00,25570.5,25571.25,25567,25568.5,254,25569.82,25538.04,0.00
2025-12-01,06:35:00,25569.25,25570.5,25565.5,25568.25,168,25569.82,25538.08,0.00
2025-12-01,06:36:00,25569.25,25571.75,25565.25,25570.5,220,25569.82,25538.12,0.00
2025-12-01,06:37:00,25571,25574.5,25567.75,25568.5,368,25569.82,25538.21,0.00
2025-12-01,06:38:00,25568,25574.25,25567.25,25574,237,25569.82,25538.26,0.00
2025-12-01,06:39:00,25574.25,25575,25570.25,25572.75,238,25569.82,25538.32,0.00
2025-12-01,06:40:00,25571.75,25571.75,25565.5,25567.25,274,25569.82,25538.38,0.00
2025-12-01,06:41:00,25567.5,25573,25564.5,25564.5,509,25569.82,25538.48,0.00
2025-12-01,06:42:00,25564.25,25567.25,25558,25565,683,25569.81,25538.59,0.00
2025-12-01,06:43:00,25565.75,25571,25563.5,25567,344,25569.81,25538.66,0.00
2025-12-01,06:44:00,25567,25571.75,25566.25,25568.75,216,25569.81,25538.71,0.00
2025-12-01,06:45:00,25568,25582.25,25568,25582,630,25569.82,25538.87,0.00
2025-12-01,06:46:00,25581.5,25587,25571.75,25573.75,1027,25569.83,25539.14,0.00
2025-12-01,06:47:00,25573.75,25577.75,25569.25,25576.5,491,25569.84,25539.26,0.00
2025-12-01,06:48:00,25577.25,25584,25577.25,25581.75,404,25569.85,25539.37,0.00
2025-12-01,06:49:00,25582,25584.25,25577.5,25579.25,347,25569.86,25539.47,0.00
2025-12-01,06:50:00,25578.75,25580,25575.5,25578.25,241,25569.86,25539.53,0.00
2025-12-01,06:51:00,25578.5,25579.75,25570.5,25575,344,25569.87,25539.61,0.00
2025-12-01,06:52:00,25573.75,25576.5,25569.25,25571.75,243,25569.87,25539.67,0.00
2025-12-01,06:53:00,25571,25572.5,25568.75,25570.25,220,25569.87,25539.71,0.00
2025-12-01,06:54:00,25569.5,25575.25,25568.25,25573.25,259,25569.87,25539.77,0.00
2025-12-01,06:55:00,25574.25,25576,25566.75,25568.25,365,25569.87,25539.84,0.00
2025-12-01,06:56:00,25568,25572.75,25565.5,25566,347,25569.87,25539.91,0.00
2025-12-01,06:57:00,25565.75,25569,25564,25566.25,247,25569.87,25539.95,0.00
2025-12-01,06:58:00,25565.5,25568.5,25564.25,25564.75,168,25569.86,25539.98,0.00
2025-12-01,06:59:00,25564.75,25565,25559.75,25562.25,376,25569.86,25540.04,0.00
2025-12-01,07:00:00,25563.25,25570.5,25560.25,25566,420,25569.85,25540.11,0.00
2025-12-01,07:01:00,25566.5,25567,25557,25565.25,805,25569.84,25540.23,0.00
2025-12-01,07:02:00,25564.75,25569.75,25564.5,25567,474,25569.84,25540.31,0.00
2025-12-01,07:03:00,25566.5,25569.25,25562,25562.25,366,25569.84,25540.37,0.00
2025-12-01,07:04:00,25562.5,25564.25,25558.25,25563.75,379,25569.83,25540.42,0.00
2025-12-01,07:05:00,25563.5,25567,25557.75,25558.5,312,25569.82,25540.46,0.00
2025-12-01,07:06:00,25558.25,25559,25548.5,25548.5,910,25569.79,25540.53,0.00
2025-12-01,07:07:00,25548.5,25551,25544.5,25546.5,533,25569.76,25540.55,0.00
2025-12-01,07:08:00,25545.75,25548.25,25541,25548,551,25569.73,25540.57,0.00
2025-12-01,07:09:00,25548.25,25552.25,25545.75,25548.5,467,25569.71,25540.60,0.00
2025-12-01,07:10:00,25548.5,25550,25543.75,25550,419,25569.69,25540.62,0.00
2025-12-01,07:11:00,25549,25550.25,25543.5,25547,318,25569.68,25540.63,0.00
2025-12-01,07:12:00,25546.5,25552,25545.25,25546,340,25569.66,25540.65,0.00
2025-12-01,07:13:00,25545.5,25560,25544.5,25558.25,620,25569.64,25540.70,0.00
2025-12-01,07:14:00,25559,25563,25558,25561.25,522,25569.63,25540.76,0.00
2025-12-01,07:15:00,25561.25,25569,25560.25,25567,490,25569.63,25540.84,0.00
2025-12-01,07:16:00,25566.75,25568,25559.75,25567,479,25569.62,25540.91,0.00
2025-12-01,07:17:00,25567.5,25573,25562,25563,663,25569.62,25541.02,0.00
2025-12-01,07:18:00,25562.5,25562.5,25552,25554,612,25569.60,25541.07,0.00
2025-12-01,07:19:00,25555.75,25558.5,25551.75,25554.75,374,25569.59,25541.11,0.00
2025-12-01,07:20:00,25554.25,25557,25548,25552.75,380,25569.57,25541.13,0.00
2025-12-01,07:21:00,25553.5,25557,25549.5,25550.5,514,25569.55,25541.17,0.00
2025-12-01,07:22:00,25549.75,25557,25549,25551.75,286,25569.54,25541.19,0.00
2025-12-01,07:23:00,25552.5,25552.75,25548.25,25550,268,25569.53,25541.20,0.00
2025-12-01,07:24:00,25549.5,25558,25548,25557,334,25569.52,25541.23,0.00
2025-12-01,07:25:00,25557,25561,25553,25554,377,25569.51,25541.26,0.00
2025-12-01,07:26:00,25554,25556.25,25551.25,25555,286,25569.50,25541.29,0.00
2025-12-01,07:27:00,25555,25558.25,25554,25554.75,189,25569.50,25541.30,0.00
2025-12-01,07:28:00,25555,25556,25551.25,25555,230,25569.49,25541.32,0.00
2025-12-01,07:29:00,25554.5,25557.25,25552.25,25552.25,229,25569.48,25541.34,0.00
2025-12-01,07:30:00,25552.75,25556.25,25552.25,25554.25,121,25569.48,25541.35,0.00
2025-12-01,07:31:00,25553.25,25556.25,25551.5,25554.75,281,25569.47,25541.37,0.00
2025-12-01,07:32:00,25555.5,25560,25555.5,25557.25,307,25569.46,25541.40,0.00
2025-12-01,07:33:00,25557.5,25558.5,25554,25555.5,197,25569.45,25541.42,0.00
2025-12-01,07:34:00,25553.5,25553.5,25545,25550.5,494,25569.43,25541.44,0.00
2025-12-01,07:35:00,25550.75,25552.5,25547.25,25547.5,277,25569.42,25541.45,0.00
2025-12-01,07:36:00,25547.25,25549.25,25544.75,25545.25,201,25569.41,25541.46,0.00
2025-12-01,07:37:00,25544.75,25554.25,25540.75,25552.75,721,25569.38,25541.49,0.00
2025-12-01,07:38:00,25553,25556.25,25544,25544.75,485,25569.36,25541.51,0.00
2025-12-01,07:39:00,25544.25,25546.75,25539.5,25544,485,25569.33,25541.52,0.00
2025-12-01,07:40:00,25544.5,25550,25544.5,25548,300,25569.32,25541.53,0.00
2025-12-01,07:41:00,25547.25,25548,25542.75,25543.5,200,25569.31,25541.53,0.00
2025-12-01,07:42:00,25543.25,25545.5,25541.75,25544.25,160,25569.30,25541.54,0.00
2025-12-01,07:43:00,25544.25,25546,25542,25543,168,25569.29,25541.54,0.00
2025-12-01,07:44:00,25542.5,25543.25,25532.5,25535.5,974,25569.23,25541.51,0.00
2025-12-01,07:45:00,25535,25540,25533.75,25535.5,460,25569.19,25541.50,0.00
2025-12-01,07:46:00,25535.5,25541.5,25535,25536.75,373,25569.17,25541.49,0.00
2025-12-01,07:47:00,25536.75,25542.5,25536.75,25540.5,326,25569.15,25541.49,0.00
2025-12-01,07:48:00,25540.5,25545.75,25538.25,25542.25,361,25569.13,25541.49,0.00
2025-12-01,07:49:00,25542.25,25545.5,25540.5,25544.25,262,25569.12,25541.49,0.00
2025-12-01,07:50:00,25544.5,25545,25539.75,25543.25,246,25569.10,25541.49,0.00
2025-12-01,07:51:00,25544.5,25551.25,25544,25550.25,554,25569.08,25541.52,0.00
2025-12-01,07:52:00,25550,25551.75,25538.25,25540.75,773,25569.04,25541.53,0.00
2025-12-01,07:53:00,25541.25,25548,25540.5,25546.5,271,25569.02,25541.53,0.00
2025-12-01,07:54:00,25545.75,25558.25,25545.75,25549.75,972,25568.99,25541.59,0.00
2025-12-01,07:55:00,25550.25,25554.5,25549.25,25552.25,264,25568.98,25541.60,0.00
2025-12-01,07:56:00,25551.5,25554.5,25544.25,25549.25,505,25568.96,25541.62,0.00
2025-12-01,07:57:00,25549.75,25552.5,25548,25549.75,245,25568.95,25541.63,0.00
2025-12-01,07:58:00,25550.5,25553.25,25548,25548.25,205,25568.94,25541.64,0.00
2025-12-01,07:59:00,25548.5,25554.75,25547.75,25552.25,258,25568.93,25541.66,0.00
2025-12-01,08:00:00,25551.75,25554,25548,25549.25,211,25568.92,25541.67,0.00
2025-12-01,08:01:00,25549.25,25560.75,25549,25556.5,819,25568.90,25541.73,0.00
2025-12-01,08:02:00,25556,25556.5,25550.5,25550.5,375,25568.89,25541.76,0.00
2025-12-01,08:03:00,25550.5,25551.75,25546.25,25549,320,25568.87,25541.77,0.00
2025-12-01,08:04:00,25550,25555.5,25548.75,25548.75,298,25568.86,25541.78,0.00
2025-12-01,08:05:00,25549.75,25550,25530.75,25532.5,738,25568.82,25541.77,0.00
2025-12-01,08:06:00,25532.25,25537.25,25530.25,25534.25,547,25568.78,25541.74,0.00
2025-12-01,08:07:00,25534,25541.25,25532.75,25537.75,431,25568.75,25541.73,0.00
2025-12-01,08:08:00,25537.75,25537.75,25527.5,25530.25,798,25568.69,25541.69,0.00
2025-12-01,08:09:00,25529.5,25535.75,25517.5,25532.5,2155,25568.51,25541.53,0.00
2025-12-01,08:10:00,25530.75,25535.5,25527.5,25528.75,381,25568.48,25541.51,0.00
2025-12-01,08:11:00,25529,25530,25520.25,25520.25,544,25568.43,25541.46,0.00
2025-12-01,08:12:00,25520,25520,25507,25511.5,1657,25568.25,25541.20,0.00
2025-12-01,08:13:00,25511.5,25511.5,25499.75,25509.75,1411,25568.07,25540.94,0.00
2025-12-01,08:14:00,25510.25,25522,25509.5,25516.5,1076,25567.96,25540.80,0.00
2025-12-01,08:15:00,25516.25,25520,25512.25,25518.75,561,25567.90,25540.73,0.00
2025-12-01,08:16:00,25518.5,25523.25,25511.5,25523,541,25567.85,25540.67,0.00
2025-12-01,08:17:00,25522.75,25525.5,25511,25514.75,839,25567.76,25540.56,0.00
2025-12-01,08:18:00,25514.5,25517.5,25507.5,25510,504,25567.70,25540.49,0.00
2025-12-01,08:19:00,25509.5,25509.5,25501.75,25508.75,682,25567.62,25540.37,0.00
2025-12-01,08:20:00,25508,25519.75,25508,25513.5,570,25567.56,25540.29,0.00
2025-12-01,08:21:00,25513.5,25516.5,25503.5,25507.75,1035,25567.44,25540.12,0.00
2025-12-01,08:22:00,25508.5,25514.25,25507.25,25511,379,25567.39,25540.06,0.00
2025-12-01,08:23:00,25511.5,25513.5,25505.75,25512.75,357,25567.35,25540.01,0.00
2025-12-01,08:24:00,25513,25517.25,25510,25513.25,641,25567.29,25539.92,0.00
2025-12-01,08:25:00,25513.5,25515,25507.25,25510.25,422,25567.24,25539.86,0.00
2025-12-01,08:26:00,25510,25517.25,25509.25,25510.75,509,25567.18,25539.79,0.00
2025-12-01,08:27:00,25511.25,25511.25,25505.25,25506.5,590,25567.11,25539.69,0.00
2025-12-01,08:28:00,25506,25507.25,25502.5,25505.75,482,25567.05,25539.60,0.00
2025-12-01,08:29:00,25504.5,25507.75,25496.75,25501.5,819,25566.95,25539.45,0.00
2025-12-01,08:30:00,25502,25509.5,25502,25508.75,560,25566.88,25539.36,0.00
2025-12-01,08:31:00,25508,25509,25497,25497.75,755,25566.78,25539.21,0.00
2025-12-01,08:32:00,25497.75,25499.25,25489.75,25495.75,1323,25566.59,25538.92,0.00
2025-12-01,08:33:00,25495.75,25499.25,25492,25497.5,627,25566.51,25538.78,0.00
2025-12-01,08:34:00,25497.25,25499,25483.75,25486.25,1474,25566.28,25538.42,0.00
2025-12-01,08:35:00,25486,25496.25,25484.75,25493.25,785,25566.17,25538.24,0.00
2025-12-01,08:36:00,25492.5,25495.25,25488.75,25491.5,656,25566.07,25538.09,0.00
2025-12-01,08:37:00,25492,25497.25,25487.5,25495.25,625,25565.98,25537.95,0.00
2025-12-01,08:38:00,25495,25500,25489,25498.5,561,25565.91,25537.84,0.00
2025-12-01,08:39:00,25498.75,25502.75,25494,25501.5,729,25565.81,25537.70,0.00
2025-12-01,08:40:00,25501.5,25502.5,25498.25,25498.25,306,25565.77,25537.64,0.00
2025-12-01,08:41:00,25498,25501.25,25493.5,25496.25,446,25565.71,25537.56,0.00
2025-12-01,08:42:00,25495.5,25504.5,25492.25,25496.75,1145,25565.56,25537.34,0.00
2025-12-01,08:43:00,25497.25,25502.75,25494,25496.5,463,25565.50,25537.25,0.00
2025-12-01,08:44:00,25496,25496.5,25488,25489.5,617,25565.41,25537.11,0.00
2025-12-01,08:45:00,25489,25494.5,25488,25490,396,25565.35,25537.02,0.00
2025-12-01,08:46:00,25490.5,25497,25487.25,25489.5,644,25565.26,25536.88,0.00
2025-12-01,08:47:00,25488.5,25493.75,25485,25490.75,610,25565.17,25536.74,0.00
2025-12-01,08:48:00,25489.75,25494.75,25478.25,25479.5,1088,25565.00,25536.47,0.00
2025-12-01,08:49:00,25479.5,25480.25,25469.75,25471.5,1540,25564.73,25536.02,0.00
2025-12-01,08:50:00,25471,25472.25,25464.5,25468.25,1304,25564.49,25535.60,0.00
2025-12-01,08:51:00,25468.75,25475.25,25464,25467.75,1068,25564.30,25535.27,0.00
2025-12-01,08:52:00,25467,25475.5,25465.25,25472.25,637,25564.18,25535.08,0.00
2025-12-01,08:53:00,25471.75,25481.5,25471.5,25481.25,811,25564.05,25534.87,0.00
2025-12-01,08:54:00,25481,25490,25481,25489.25,970,25563.90,25534.65,0.00
2025-12-01,08:55:00,25490,25493.5,25479.5,25481.25,826,25563.78,25534.46,0.00
2025-12-01,08:56:00,25480.5,25481.25,25470.5,25475.25,738,25563.66,25534.26,0.00
2025-12-01,08:57:00,25475.5,25477.5,25472,25472.5,497,25563.57,25534.13,0.00
2025-12-01,08:58:00,25473.5,25481.25,25471.25,25477.25,516,25563.49,25533.99,0.00
2025-12-01,08:59:00,25477.5,25478.25,25471.5,25474.5,368,25563.42,25533.89,0.00
2025-12-01,09:00:00,25474,25480.5,25471.75,25479,425,25563.35,25533.78,0.00
2025-12-01,09:01:00,25479.25,25490,25472.75,25474.25,1311,25563.15,25533.46,0.00
2025-12-01,09:02:00,25474.75,25489.75,25467.25,25489.25,1226,25562.96,25533.18,0.00
2025-12-01,09:03:00,25489.25,25493.5,25476,25480.75,1144,25562.79,25532.92,0.00
2025-12-01,09:04:00,25480.75,25490,25480.5,25489.25,759,25562.68,25532.77,0.00
2025-12-01,09:05:00,25489.75,25496.25,25482.5,25486,1071,25562.53,25532.55,0.00
2025-12-01,09:06:00,25484.75,25486.75,25477.5,25478.25,672,25562.43,25532.40,0.00
2025-12-01,09:07:00,25477.75,25489.25,25474.75,25487.25,707,25562.32,25532.25,0.00
2025-12-01,09:08:00,25486.5,25501,25486.25,25501,765,25562.23,25532.13,0.00
2025-12-01,09:09:00,25501,25505,25496.5,25498.75,1039,25562.11,25531.98,0.00
2025-12-01,09:10:00,25498.75,25504.5,25494.75,25504,679,25562.03,25531.89,0.00
2025-12-01,09:11:00,25504.75,25505.25,25494,25494.5,686,25561.95,25531.79,0.00
2025-12-01,09:12:00,25494.5,25502.75,25492.25,25499.5,518,25561.89,25531.71,0.00
2025-12-01,09:13:00,25499.5,25506.25,25498,25502.5,590,25561.82,25531.64,0.00
2025-12-01,09:14:00,25502.75,25509.25,25501.5,25504,957,25561.72,25531.53,0.00
2025-12-01,09:15:00,25503.75,25507.25,25500.75,25503.5,527,25561.66,25531.47,0.00
2025-12-01,09:16:00,25503.5,25505,25498.5,25500.5,706,25561.58,25531.38,0.00
2025-12-01,09:17:00,25500.25,25506.75,25497,25498.75,839,25561.49,25531.27,0.00
2025-12-01,09:18:00,25498.25,25500.5,25491.5,25496.75,959,25561.37,25531.12,0.00
2025-12-01,09:19:00,25496.5,25507,25496.5,25500,659,25561.30,25531.04,0.00
2025-12-01,09:20:00,25499.5,25507.5,25495.25,25507,579,25561.24,25530.97,0.00
2025-12-01,09:21:00,25507.25,25512.25,25506,25511.25,1319,25561.11,25530.86,0.00
2025-12-01,09:22:00,25511,25515,25496,25496,1357,25560.97,25530.69,0.00
2025-12-01,09:23:00,25497.5,25500,25491.25,25499.25,825,25560.87,25530.58,0.00
2025-12-01,09:24:00,25498.75,25511.75,25496,25509.25,801,25560.79,25530.49,0.00
2025-12-01,09:25:00,25509.75,25511.25,25504,25505,440,25560.75,25530.45,0.00
2025-12-01,09:26:00,25504.75,25514,25504,25512.75,454,25560.71,25530.41,0.00
2025-12-01,09:27:00,25513.5,25514.75,25508.75,25513,691,25560.65,25530.36,0.00
2025-12-01,09:28:00,25513.25,25513.25,25504.25,25508,548,25560.59,25530.31,0.00
2025-12-01,09:29:00,25508.75,25509.5,25504.5,25506,391,25560.55,25530.27,0.00
2025-12-01,09:30:00,25505.75,25507.25,25499.5,25499.75,552,25560.50,25530.21,0.00
2025-12-01,09:31:00,25499.5,25500.25,25492.75,25499.25,1087,25560.37,25530.06,0.00
2025-12-01,09:32:00,25499.25,25500.25,25489.25,25490.5,819,25560.27,25529.94,0.00
2025-12-01,09:33:00,25490.25,25497,25488,25493.5,831,25560.17,25529.82,0.00
2025-12-01,09:34:00,25493.5,25501.25,25488.75,25500,710,25560.09,25529.72,0.00
2025-12-01,09:35:00,25500.75,25504.75,25495.75,25499.5,581,25560.03,25529.65,0.00
2025-12-01,09:36:00,25499.5,25500.5,25494.75,25497.25,342,25559.99,25529.61,0.00
2025-12-01,09:37:00,25496,25505.25,25494.75,25505,606,25559.93,25529.54,0.00
2025-12-01,09:38:00,25504.25,25505.25,25491.25,25491.75,1233,25559.78,25529.38,0.00
2025-12-01,09:39:00,25492.25,25499.5,25490.5,25498.25,744,25559.70,25529.28,0.00
2025-12-01,09:40:00,25497.5,25500,25493.5,25498,771,25559.61,25529.18,0.00
2025-12-01,09:41:00,25497.75,25499.25,25491.5,25498.75,637,25559.54,25529.10,0.00
2025-12-01,09:42:00,25498.75,25507.75,25498.5,25507.75,1036,25559.44,25529.00,0.00
2025-12-01,09:43:00,25507.75,25513.75,25507.25,25511.75,894,25559.36,25528.93,0.00
2025-12-01,09:44:00,25513,25514.5,25506.75,25507.75,732,25559.30,25528.88,0.00
2025-12-01,09:45:00,25508.25,25516.75,25505.5,25508.5,892,25559.22,25528.81,0.00
2025-12-01,09:46:00,25508.75,25511.75,25502.25,25508,775,25559.15,25528.75,0.00
2025-12-01,09:47:00,25507.75,25513,25503.5,25511,682,25559.09,25528.70,0.00
2025-12-01,09:48:00,25510.75,25510.75,25506,25507.75,428,25559.05,25528.66,0.00
2025-12-01,09:49:00,25507.25,25509.75,25504.25,25509.5,446,25559.01,25528.63,0.00
2025-12-01,09:50:00,25509.5,25513.25,25507.75,25509.5,564,25558.96,25528.59,0.00
2025-12-01,09:51:00,25509.75,25512.75,25500.5,25501.25,1002,25558.86,25528.49,0.00
2025-12-01,09:52:00,25501,25501.5,25492.5,25494.5,1453,25558.70,25528.31,0.00
2025-12-01,09:53:00,25494.75,25507.25,25494.75,25498.5,923,25558.61,25528.21,0.00
2025-12-01,09:54:00,25499,25502.25,25496,25499.5,353,25558.57,25528.18,0.00
2025-12-01,09:55:00,25499.75,25501,25496.5,25501,268,25558.54,25528.15,0.00
2025-12-01,09:56:00,25500.25,25504.75,25496.75,25497.75,482,25558.49,25528.09,0.00
2025-12-01,09:57:00,25497.75,25505.25,25497.75,25501,407,25558.45,25528.05,0.00
2025-12-01,09:58:00,25501,25517,25501,25516.75,848,25558.38,25528.00,0.00
2025-12-01,09:59:00,25516.75,25524.25,25516.25,25520.25,1685,25558.27,25527.95,0.00
2025-12-01,10:00:00,25519.75,25523,25518.75,25519.25,660,25558.23,25527.93,0.00
2025-12-01,10:01:00,25519.25,25523.75,25514,25518.25,1475,25558.13,25527.88,0.00
2025-12-01,10:02:00,25517.5,25521,25512.25,25514.25,1098,25558.05,25527.83,0.00
2025-12-01,10:03:00,25514.5,25520.5,25511.75,25517.5,951,25557.98,25527.79,0.00
2025-12-01,10:04:00,25518,25521.75,25512,25513.75,747,25557.92,25527.76,0.00
2025-12-01,10:05:00,25513.25,25515.75,25510.75,25513.25,516,25557.88,25527.73,0.00
2025-12-01,10:06:00,25513.5,25517,25511.25,25515,538,25557.84,25527.71,0.00
2025-12-01,10:07:00,25514.75,25520.5,25514.25,25520.5,667,25557.80,25527.68,0.00
2025-12-01,10:08:00,25520.5,25520.75,25514.25,25515.5,463,25557.77,25527.67,0.00
2025-12-01,10:09:00,25515.25,25519.25,25515.25,25518.25,425,25557.74,25527.65,0.00
2025-12-01,10:10:00,25519,25525.25,25518.25,25523,722,25557.69,25527.64,0.00
2025-12-01,10:11:00,25523,25534.25,25522,25532.5,1896,25557.60,25527.65,0.00
2025-12-01,10:12:00,25532.75,25536.25,25527.75,25533.5,1103,25557.55,25527.67,0.00
2025-12-01,10:13:00,25533,25541.75,25533,25538.75,1378,25557.51,25527.72,0.00
2025-12-01,10:14:00,25539.5,25542.5,25536,25541.25,840,25557.48,25527.75,0.00
2025-12-01,10:15:00,25541.75,25552.75,25541.75,25550.25,2000,25557.45,25527.90,0.00
2025-12-01,10:16:00,25550.25,25553,25538.75,25540,1760,25557.41,25528.00,0.00
2025-12-01,10:17:00,25540,25544.75,25536,25537.75,1410,25557.37,25528.06,0.00
2025-12-01,10:18:00,25538,25539,25530.5,25531.25,1617,25557.30,25528.09,0.00
2025-12-01,10:19:00,25531,25531.75,25519.5,25522.5,1617,25557.21,25528.07,0.00
2025-12-01,10:20:00,25522,25526.5,25519.25,25524.75,911,25557.16,25528.05,0.00
2025-12-01,10:21:00,25525,25526.5,25517.25,25518,1085,25557.10,25528.03,0.00
2025-12-01,10:22:00,25518,25521.25,25514.75,25518.5,982,25557.03,25527.99,0.00
2025-12-01,10:23:00,25518.75,25522.5,25517.25,25518.25,502,25557.00,25527.98,0.00
2025-12-01,10:24:00,25518.75,25519.25,25509.75,25511.5,1278,25556.91,25527.91,0.00
2025-12-01,10:25:00,25511.25,25516.5,25508.5,25516,905,25556.84,25527.87,0.00
2025-12-01,10:26:00,25516,25517,25498,25510.25,2225,25556.66,25527.72,0.00
2025-12-01,10:27:00,25509.75,25513,25507.5,25511.25,1025,25556.59,25527.67,0.00
2025-12-01,10:28:00,25510.75,25515.5,25503.75,25515.25,1229,25556.49,25527.60,0.00
2025-12-01,10:29:00,25515.25,25517.75,25509.5,25511.75,1313,25556.40,25527.53,0.00
2025-12-01,10:30:00,25512,25513.75,25500.5,25508,2000,25556.24,25527.40,0.00
2025-12-01,10:31:00,25508,25542.5,25506.25,25534.5,8212,25555.86,25527.41,0.00
2025-12-01,10:32:00,25534,25541.5,25501,25504,6358,25555.45,25527.17,0.00
2025-12-01,10:33:00,25503.75,25527.25,25487.25,25517,8838,25554.82,25526.72,0.00
2025-12-01,10:34:00,25516.5,25547.25,25507.25,25537.25,6629,25554.57,25526.79,0.00
2025-12-01,10:35:00,25537.25,25553,25532.5,25553,5079,25554.50,25527.09,0.00
2025-12-01,10:36:00,25552.75,25559,25530,25546,6323,25554.41,25527.42,0.00
2025-12-01,10:37:00,25546,25557.5,25536.5,25547,4572,25554.36,25527.67,0.00
2025-12-01,10:38:00,25546.25,25570.5,25545.75,25568.5,7318,25554.44,25528.37,0.00
2025-12-01,10:39:00,25568.5,25573,25557.5,25560,5874,25554.52,25528.95,0.00
2025-12-01,10:40:00,25559.25,25559.75,25513.25,25513.25,10080,25554.13,25528.94,0.00
2025-12-01,10:41:00,25513,25537.5,25504.75,25512.5,9008,25553.66,25528.69,0.00
2025-12-01,10:42:00,25512.25,25519.25,25480.75,25514.5,10314,25552.94,25528.06,0.00
2025-12-01,10:43:00,25513.25,25513.75,25486.75,25502.5,5036,25552.57,25527.71,0.00
2025-12-01,10:44:00,25501.75,25502,25462.25,25470,8342,25551.69,25526.69,0.00
2025-12-01,10:45:00,25470,25503.25,25462.25,25500,6173,25551.15,25526.11,0.00
2025-12-01,10:46:00,25500.25,25531.75,25490.25,25531.75,8596,25550.76,25525.94,0.00
2025-12-01,10:47:00,25532,25544,25528.25,25543,7359,25550.63,25526.16,0.00
2025-12-01,10:48:00,25543,25569.25,25541.75,25569.25,7383,25550.73,25526.74,0.00
2025-12-01,10:49:00,25568.75,25583.25,25551.25,25555.25,9467,25550.88,25527.52,0.00
2025-12-01,10:50:00,25555,25560.5,25544,25550,5856,25550.89,25527.83,0.00
2025-12-01,10:51:00,25550,25577.25,25546.25,25575,5450,25551.00,25528.29,0.00
2025-12-01,10:52:00,25575,25584.5,25560.75,25575.25,5866,25551.17,25528.87,0.00
2025-12-01,10:53:00,25575.5,25582.25,25554.25,25577.75,5954,25551.33,25529.41,0.00
2025-12-01,10:54:00,25577.5,25590,25563.5,25582,5488,25551.52,25529.98,0.00
2025-12-01,10:55:00,25582,25600.75,25576.5,25599.5,5908,25551.82,25530.75,0.00
2025-12-01,10:56:00,25599.5,25617.25,25596.25,25615.5,7684,25552.39,25532.01,0.00
2025-12-01,10:57:00,25615,25633,25612.5,25613.25,7802,25553.04,25533.39,0.00
2025-12-01,10:58:00,25613,25624.25,25605.5,25615.75,3997,25553.35,25534.05,0.00
2025-12-01,10:59:00,25616.5,25620,25586.75,25597.5,5630,25553.69,25534.81,0.00
2025-12-01,11:00:00,25598.25,25617.25,25592,25613.75,3737,25553.93,25535.34,0.00
2025-12-01,11:01:00,25617.5,25638.25,25606.75,25624.25,7358,25554.55,25536.60,0.00
2025-12-01,11:02:00,25624.5,25631.75,25614.5,25618.75,4659,25554.93,25537.37,0.00
2025-12-01,11:03:00,25618.75,25624.25,25602,25613,5480,25555.32,25538.16,0.00
2025-12-01,11:04:00,25613,25613.5,25595.75,25596.25,5504,25555.62,25538.82,0.00
2025-12-01,11:05:00,25595.5,25612.75,25593.5,25602.5,4363,25555.87,25539.35,0.00
2025-12-01,11:06:00,25602.5,25611.75,25584.5,25603.25,7374,25556.25,25540.17,0.00
2025-12-01,11:07:00,25603.25,25618.75,25597.75,25611,4143,25556.51,25540.70,0.00
2025-12-01,11:08:00,25610.75,25627,25606.75,25617.75,4377,25556.82,25541.31,0.00
2025-12-01,11:09:00,25617,25631.75,25613.5,25622,4022,25557.13,25541.90,0.00
2025-12-01,11:10:00,25622,25631,25605.25,25616.75,4548,25557.44,25542.51,0.00
2025-12-01,11:11:00,25616.25,25628.75,25603.25,25628.25,4687,25557.78,25543.16,0.00
2025-12-01,11:12:00,25628,25630.25,25611.25,25622.25,3715,25558.05,25543.67,0.00
2025-12-01,11:13:00,25622.5,25627.75,25606.75,25627.25,2779,25558.25,25544.05,0.00
2025-12-01,11:14:00,25627.25,25643,25619.25,25633.5,5982,25558.75,25544.96,0.00
2025-12-01,11:15:00,25633.75,25633.75,25604,25608,5850,25559.12,25545.67,0.00
2025-12-01,11:16:00,25608,25611,25594.5,25594.75,5656,25559.38,25546.20,0.00
2025-12-01,11:17:00,25594.75,25616.75,25590,25614.25,4960,25559.64,25546.71,0.00
2025-12-01,11:18:00,25614.5,25622,25600.5,25610,4073,25559.88,25547.14,0.00
2025-12-01,11:19:00,25609.5,25621.75,25605.75,25618.25,2850,25560.05,25547.47,0.00
2025-12-01,11:20:00,25618,25627.5,25612,25617.25,3279,25560.26,25547.86,0.00
2025-12-01,11:21:00,25615.5,25620.5,25600,25608.25,3915,25560.47,25548.26,0.00
2025-12-01,11:22:00,25608,25608,25578.25,25596.25,6806,25560.72,25548.77,0.00
2025-12-01,11:23:00,25595,25603,25587.25,25593.5,3744,25560.86,25549.05,0.00
2025-12-01,11:24:00,25593.25,25602.75,25587.75,25591.5,3262,25560.98,25549.28,0.00
2025-12-01,11:25:00,25591.75,25599,25582,25586.75,3350,25561.08,25549.50,0.00
2025-12-01,11:26:00,25586.75,25591,25561.25,25579.25,8492,25561.22,25549.87,0.00
2025-12-01,11:27:00,25579,25596.5,25575,25591.75,5328,25561.37,25550.19,0.00
2025-12-01,11:28:00,25591.25,25599,25572,25585.75,4766,25561.50,25550.45,0.00
2025-12-01,11:29:00,25585.75,25595.5,25584,25588.25,3260,25561.59,25550.65,0.00
2025-12-01,11:30:00,25588,25591.25,25572.25,25577,3562,25561.66,25550.81,0.00
2025-12-01,11:31:00,25577.25,25582.25,25565.75,25566.75,5031,25561.71,25550.97,0.00
2025-12-01,11:32:00,25566.5,25584.5,25558,25578.5,6118,25561.79,25551.18,0.00
2025-12-01,11:33:00,25578.5,25581.75,25571.75,25574.5,3101,25561.83,25551.30,0.00
2025-12-01,11:34:00,25573.75,25581.25,25561.5,25561.75,3617,25561.86,25551.39,0.00
2025-12-01,11:35:00,25561.5,25562.5,25533.25,25541.25,9417,25561.70,25551.31,0.00
2025-12-01,11:36:00,25541.5,25552.5,25519.5,25547.75,8625,25561.51,25551.16,0.00
2025-12-01,11:37:00,25548,25586.5,25545.75,25573.25,9633,25561.58,25551.41,0.00
2025-12-01,11:38:00,25573.25,25582.75,25556,25559.25,6351,25561.61,25551.54,0.00
2025-12-01,11:39:00,25559.25,25580.75,25558.5,25579.5,4052,25561.65,25551.66,0.00
2025-12-01,11:40:00,25579.25,25599.75,25576,25597.5,7027,25561.86,25552.05,0.00
2025-12-01,11:41:00,25597,25613,25585.5,25586.25,7872,25562.11,25552.52,0.00
2025-12-01,11:42:00,25586,25596,25580,25587.25,4280,25562.22,25552.73,0.00
2025-12-01,11:43:00,25588.25,25598.75,25577.5,25593.75,3753,25562.32,25552.92,0.00
2025-12-01,11:44:00,25594,25594,25571.25,25579.25,4210,25562.40,25553.09,0.00
2025-12-01,11:45:00,25579,25590.25,25569.5,25587,3787,25562.47,25553.24,0.00
2025-12-01,11:46:00,25586.75,25599.25,25586.25,25591.5,3911,25562.58,25553.44,0.00
2025-12-01,11:47:00,25591,25601.5,25578.75,25579,4251,25562.68,25553.63,0.00
2025-12-01,11:48:00,25579,25584.75,25573.5,25579.5,3308,25562.73,25553.74,0.00
2025-12-01,11:49:00,25579.25,25598.5,25577.5,25592.75,2903,25562.80,25553.88,0.00
2025-12-01,11:50:00,25592.25,25601,25583,25594.75,2942,25562.88,25554.04,0.00
2025-12-01,11:51:00,25594.75,25609.75,25592.25,25606,4433,25563.05,25554.32,0.00
2025-12-01,11:52:00,25605.5,25631,25605.25,25628,5992,25563.38,25554.85,0.00
2025-12-01,11:53:00,25628,25659.75,25628,25659.25,8358,25564.04,25555.87,0.00
2025-12-01,11:54:00,25659.5,25662,25647.75,25655.25,5082,25564.47,25556.52,0.00
2025-12-01,11:55:00,25655.5,25669.25,25651.5,25662.25,4510,25564.87,25557.12,0.00
2025-12-01,11:56:00,25663,25664.25,25649,25661.75,4300,25565.24,25557.68,0.00
2025-12-01,11:57:00,25661.75,25666.75,25656.25,25664.25,2539,25565.46,25558.01,0.00
2025-12-01,11:58:00,25664.75,25671.75,25660.75,25666.25,2864,25565.73,25558.41,0.00
2025-12-01,11:59:00,25666.25,25673,25663.75,25669,2748,25565.98,25558.79,0.00
2025-12-01,12:00:00,25669.25,25672.25,25658.25,25666,2546,25566.21,25559.13,0.00
2025-12-01,12:01:00,25665.75,25672,25655.75,25661.25,3952,25566.56,25559.64,0.00
2025-12-01,12:02:00,25661,25668.75,25658.5,25667,1780,25566.72,25559.88,0.00
2025-12-01,12:03:00,25666.75,25672,25662.75,25663.5,2028,25566.90,25560.14,0.00
2025-12-01,12:04:00,25663.25,25669.25,25659.75,25663.75,2195,25567.09,25560.43,0.00
2025-12-01,12:05:00,25664.25,25669.75,25662.75,25663.5,1535,25567.22,25560.63,0.00
2025-12-01,12:06:00,25664.5,25668.5,25648.75,25651.25,3942,25567.54,25561.09,0.00
2025-12-01,12:07:00,25651.5,25652.5,25634.75,25635,5362,25567.89,25561.61,0.00
2025-12-01,12:08:00,25635.5,25635.75,25615,25621.25,6116,25568.19,25562.08,0.00
2025-12-01,12:09:00,25621.25,25630,25607.5,25615.25,4904,25568.40,25562.41,0.00
2025-12-01,12:10:00,25615.5,25624.5,25601.5,25623.5,4913,25568.61,25562.73,0.00
2025-12-01,12:11:00,25623.25,25633.5,25614.25,25619.75,5756,25568.88,25563.14,0.00
2025-12-01,12:12:00,25620.25,25622.5,25605.25,25606.75,3749,25569.02,25563.35,0.00
2025-12-01,12:13:00,25606.75,25616.5,25595.5,25614.75,4838,25569.19,25563.61,0.00
2025-12-01,12:14:00,25615.25,25623,25611.25,25618.25,2857,25569.31,25563.79,0.00
2025-12-01,12:15:00,25618.75,25621.5,25601.75,25602.25,2781,25569.40,25563.94,0.00
2025-12-01,12:16:00,25601.5,25604.25,25578.75,25591.25,7055,25569.54,25564.17,0.00
2025-12-01,12:17:00,25591.5,25597.5,25579.25,25586.5,3972,25569.60,25564.27,0.00
2025-12-01,12:18:00,25586.5,25597.25,25575.75,25594.5,4366,25569.67,25564.40,0.00
2025-12-01,12:19:00,25593.75,25617.25,25589.5,25614.75,5059,25569.83,25564.65,0.00
2025-12-01,12:20:00,25614,25617,25602.75,25604.5,2703,25569.92,25564.78,0.00
2025-12-01,12:21:00,25604,25630.25,25604,25625.25,4700,25570.12,25565.08,0.00
2025-12-01,12:22:00,25625.25,25632.5,25620,25628.75,3843,25570.30,25565.35,0.00
2025-12-01,12:23:00,25628.25,25633.75,25620,25627.25,2520,25570.42,25565.52,0.00
2025-12-01,12:24:00,25626,25630.5,25617.75,25620.75,2186,25570.52,25565.66,0.00
2025-12-01,12:25:00,25621.25,25627,25613,25622.5,2469,25570.62,25565.81,0.00
2025-12-01,12:26:00,25623,25636.75,25620.25,25631.5,3416,25570.79,25566.06,0.00
2025-12-01,12:27:00,25631.75,25638,25624.5,25637,2106,25570.90,25566.22,0.00
2025-12-01,12:28:00,25637.5,25642.5,25628.5,25629.75,3315,25571.07,25566.46,0.00
2025-12-01,12:29:00,25630,25630.5,25619.25,25625.5,2666,25571.19,25566.64,0.00
2025-12-01,12:30:00,25625.5,25636.5,25623,25634,2045,25571.29,25566.78,0.00
2025-12-01,12:31:00,25634,25650,25631.5,25645.75,4301,25571.54,25567.14,0.00
2025-12-01,12:32:00,25645.5,25656,25644.5,25650.75,3321,25571.76,25567.44,0.00
2025-12-01,12:33:00,25650.5,25654.25,25638.75,25643,2977,25571.93,25567.70,0.00
2025-12-01,12:34:00,25644,25648.25,25632,25643.25,3160,25572.11,25567.95,0.00
2025-12-01,12:35:00,25643.5,25651.5,25636.5,25649,2249,25572.25,25568.14,0.00
2025-12-01,12:36:00,25649.25,25656,25644.25,25653.75,2311,25572.40,25568.35,0.00
2025-12-01,12:37:00,25653.75,25657.25,25643.5,25649.75,2335,25572.54,25568.55,0.00
2025-12-01,12:38:00,25650.25,25659.5,25647.25,25658.25,2402,25572.70,25568.78,0.00
2025-12-01,12:39:00,25658.25,25663.25,25651.75,25662.25,1988,25572.84,25568.97,0.00
2025-12-01,12:40:00,25662,25663,25649.75,25651.5,1929,25572.97,25569.15,0.00
2025-12-01,12:41:00,25651.75,25655.5,25640.75,25655.5,3535,25573.19,25569.46,0.00
2025-12-01,12:42:00,25655.75,25660.25,25652.25,25658.5,1941,25573.32,25569.64,0.00
2025-12-01,12:43:00,25659,25679,25655.5,25674,6291,25573.81,25570.30,0.00
2025-12-01,12:44:00,25673.5,25684.75,25673.25,25684.5,5000,25574.23,25570.89,0.00
2025-12-01,12:45:00,25684.75,25688,25676,25676.25,3290,25574.51,25571.26,0.00
2025-12-01,12:46:00,25676.75,25682.75,25673,25682.5,2401,25574.71,25571.54,0.00
2025-12-01,12:47:00,25682,25694.25,25682,25692.75,3249,25575.00,25571.94,0.00
2025-12-01,12:48:00,25692.75,25699.25,25689,25698,2970,25575.29,25572.32,0.00
2025-12-01,12:49:00,25698,25700.5,25689.5,25695,2659,25575.54,25572.66,0.00
2025-12-01,12:50:00,25695.25,25697.25,25691.25,25695.5,1330,25575.66,25572.83,0.00
2025-12-01,12:51:00,25696,25700.75,25689.75,25692.75,2202,25575.87,25573.10,0.00
2025-12-01,12:52:00,25692.5,25702.25,25692.25,25701.5,1823,25576.04,25573.34,0.00
2025-12-01,12:53:00,25701.5,25704,25693.25,25696.25,2091,25576.24,25573.61,0.00
2025-12-01,12:54:00,25696.75,25699.25,25688,25694.5,2340,25576.46,25573.90,0.00
2025-12-01,12:55:00,25694,25695.5,25685.5,25687.5,2048,25576.64,25574.14,0.00
2025-12-01,12:56:00,25687.25,25694.5,25680,25692,2783,25576.88,25574.47,0.00
2025-12-01,12:57:00,25692.25,25698,25683.75,25689,1943,25577.05,25574.70,0.00
2025-12-01,12:58:00,25689,25689.75,25682.75,25687.25,1367,25577.17,25574.85,0.00
2025-12-01,12:59:00,25687.5,25690,25677.75,25681.75,2364,25577.36,25575.11,0.00
2025-12-01,13:00:00,25681.75,25688.5,25679.5,25688.25,1296,25577.47,25575.26,0.00
2025-12-01,13:01:00,25688,25700.25,25685.5,25697.5,3416,25577.78,25575.67,0.00
2025-12-01,13:02:00,25698,25709.25,25697,25700.25,4304,25578.19,25576.22,0.00
2025-12-01,13:03:00,25700.25,25701,25687.25,25690.75,2926,25578.45,25576.56,0.00
2025-12-01,13:04:00,25691,25696.75,25688.5,25695.5,1344,25578.57,25576.72,0.00
2025-12-01,13:05:00,25695.75,25708.75,25695.75,25708.5,1838,25578.74,25576.95,0.00
2025-12-01,13:06:00,25707.75,25713,25703.75,25705.25,2798,25579.02,25577.32,0.00
2025-12-01,13:07:00,25705.25,25714.75,25702,25709.75,2256,25579.24,25577.61,0.00
2025-12-01,13:08:00,25710,25720.5,25710,25712.5,2743,25579.53,25577.99,0.00
2025-12-01,13:09:00,25712.5,25713.5,25705.5,25708.25,2298,25579.75,25578.29,0.00
2025-12-01,13:10:00,25708.75,25711.25,25699.5,25703.25,2203,25579.96,25578.56,0.00
2025-12-01,13:11:00,25702.75,25707.5,25700.75,25701.5,1553,25580.11,25578.75,0.00
2025-12-01,13:12:00,25701.5,25712.5,25699.75,25709.75,1947,25580.29,25579.00,0.00
2025-12-01,13:13:00,25709.25,25715.75,25706.75,25709.5,1566,25580.45,25579.20,0.00
2025-12-01,13:14:00,25709.25,25710.5,25700.75,25704,1655,25580.60,25579.41,0.00
2025-12-01,13:15:00,25703.75,25709,25694.75,25697,2542,25580.83,25579.71,0.00
2025-12-01,13:16:00,25696.5,25697.5,25674.75,25681,6140,25581.31,25580.33,0.00
2025-12-01,13:17:00,25681,25691.75,25667.5,25691.75,5116,25581.70,25580.85,0.00
2025-12-01,13:18:00,25691.25,25699.25,25687.5,25693.25,3273,25581.97,25581.20,0.00
2025-12-01,13:19:00,25693.5,25696.5,25686.75,25692.25,1569,25582.10,25581.37,0.00
2025-12-01,13:20:00,25692.5,25692.5,25684.25,25688.25,1545,25582.22,25581.53,0.00
2025-12-01,13:21:00,25688.25,25693,25682,25686.75,1658,25582.35,25581.70,0.00
2025-12-01,13:22:00,25687.25,25698.25,25686.25,25697.75,2071,25582.52,25581.92,0.00
2025-12-01,13:23:00,25698.25,25700.75,25691.25,25699.75,1797,25582.68,25582.12,0.00
2025-12-01,13:24:00,25699.5,25703.25,25689.5,25689.75,1867,25582.83,25582.32,0.00
2025-12-01,13:25:00,25689.25,25698.5,25687,25698.25,1423,25582.95,25582.47,0.00
2025-12-01,13:26:00,25698.25,25700.5,25689.25,25693.5,1260,25583.05,25582.61,0.00
2025-12-01,13:27:00,25692.5,25705.75,25689.75,25705.25,1831,25583.21,25582.81,0.00
2025-12-01,13:28:00,25705,25713.75,25702.5,25706.5,2934,25583.48,25583.16,0.00
2025-12-01,13:29:00,25706.75,25709,25702.25,25707.25,1239,25583.59,25583.31,0.00
2025-12-01,13:30:00,25707.5,25709.75,25701.25,25705.75,1015,25583.68,25583.42,0.00
2025-12-01,13:31:00,25706.25,25712.5,25695.25,25696.5,2407,25583.89,25583.69,0.00
2025-12-01,13:32:00,25696.25,25707.25,25693.75,25703.75,1385,25584.01,25583.85,0.00
2025-12-01,13:33:00,25703.75,25708.75,25701.25,25703.5,998,25584.10,25583.96,0.00
2025-12-01,13:34:00,25703.75,25709.25,25700,25705.5,1110,25584.19,25584.09,0.00
2025-12-01,13:35:00,25706,25708.5,25700.25,25707,1251,25584.31,25584.23,0.00
2025-12-01,13:36:00,25707.25,25716.25,25705,25714.25,1928,25584.48,25584.46,0.00
2025-12-01,13:37:00,25714.25,25721.75,25709.75,25721.5,2399,25584.72,25584.76,0.00
2025-12-01,13:38:00,25721.25,25721.75,25716.25,25718.25,1473,25584.86,25584.94,0.00
2025-12-01,13:39:00,25718,25719.75,25709,25710,1739,25585.02,25585.15,0.00
2025-12-01,13:40:00,25709.5,25710.25,25702.25,25706.75,2231,25585.22,25585.41,0.00
2025-12-01,13:41:00,25706.5,25716.25,25705.25,25715.5,1521,25585.36,25585.59,0.00
2025-12-01,13:42:00,25715.25,25721.5,25713.75,25719.25,1657,25585.52,25585.79,0.00
2025-12-01,13:43:00,25719,25724.5,25717,25724,2180,25585.73,25586.07,0.00
2025-12-01,13:44:00,25724,25728,25720.5,25721.25,1826,25585.91,25586.30,0.00
2025-12-01,13:45:00,25721.25,25735,25720.75,25734.5,2779,25586.20,25586.67,0.00
2025-12-01,13:46:00,25734.5,25743.75,25733,25743.5,4057,25586.65,25587.24,0.00
2025-12-01,13:47:00,25743.75,25749,25738.75,25740,3493,25587.04,25587.74,0.00
2025-12-01,13:48:00,25740,25744.25,25734.5,25736.75,2102,25587.27,25588.03,0.00
2025-12-01,13:49:00,25736.75,25745.25,25736,25742.75,1692,25587.46,25588.27,0.00
2025-12-01,13:50:00,25743,25745.25,25737,25737.25,1400,25587.61,25588.46,0.00
2025-12-01,13:51:00,25737.25,25738,25716.75,25722.25,5050,25588.10,25589.09,0.00
2025-12-01,13:52:00,25722,25726,25717,25725.25,1892,25588.28,25589.32,0.00
2025-12-01,13:53:00,25724.75,25729.25,25719.25,25724.75,1534,25588.43,25589.51,0.00
2025-12-01,13:54:00,25724.5,25725.75,25717.5,25718.25,1272,25588.55,25589.66,0.00
2025-12-01,13:55:00,25718.25,25721,25714.5,25717.25,1508,25588.69,25589.83,0.00
2025-12-01,13:56:00,25717.75,25720.5,25710,25712,1852,25588.85,25590.04,0.00
2025-12-01,13:57:00,25712,25716.25,25702.5,25707.5,2195,25589.04,25590.28,0.00
2025-12-01,13:58:00,25707.75,25715,25706,25711.25,1384,25589.16,25590.43,0.00
2025-12-01,13:59:00,25711.5,25718,25711,25714,1631,25589.30,25590.61,0.00
2025-12-01,14:00:00,25715,25715.25,25702.75,25704,1890,25589.46,25590.81,0.00
2025-12-01,14:01:00,25704,25714.5,25699.25,25714.25,2843,25589.70,25591.11,0.00
2025-12-01,14:02:00,25714,25721,25711,25720,2508,25589.92,25591.39,0.00
2025-12-01,14:03:00,25720.25,25725.25,25716.25,25719.5,2067,25590.11,25591.63,0.00
2025-12-01,14:04:00,25719.25,25725.5,25716.25,25722.5,1224,25590.22,25591.77,0.00
2025-12-01,14:05:00,25723.25,25724.5,25716.5,25718.75,1061,25590.32,25591.89,0.00
2025-12-01,14:06:00,25718.25,25720,25711.75,25716.5,1253,25590.43,25592.03,0.00
2025-12-01,14:07:00,25716.25,25719.75,25711.5,25714.75,1354,25590.55,25592.18,0.00
2025-12-01,14:08:00,25714.75,25722.25,25712.5,25720.75,1054,25590.64,25592.29,0.00
2025-12-01,14:09:00,25720.75,25727.75,25718,25726,1737,25590.80,25592.50,0.00
2025-12-01,14:10:00,25726,25727.5,25721.25,25721.75,1238,25590.92,25592.64,0.00
2025-12-01,14:11:00,25721.5,25726,25719,25724.25,1260,25591.03,25592.78,0.00
2025-12-01,14:12:00,25724,25728.25,25724,25727.25,1001,25591.13,25592.90,0.00
2025-12-01,14:13:00,25727.5,25731.25,25724,25730.75,1406,25591.26,25593.07,0.00
2025-12-01,14:14:00,25730.5,25737,25729.5,25729.5,2296,25591.48,25593.35,0.00
2025-12-01,14:15:00,25730,25730.75,25725,25729.5,1337,25591.61,25593.51,0.00
2025-12-01,14:16:00,25728.75,25733.5,25724.75,25730.75,1110,25591.72,25593.64,0.00
2025-12-01,14:17:00,25730.5,25732.5,25723.75,25724.75,1294,25591.84,25593.79,0.00
2025-12-01,14:18:00,25724.75,25726.25,25719,25722.75,1438,25591.97,25593.96,0.00
2025-12-01,14:19:00,25723,25725,25715.5,25723,1568,25592.11,25594.13,0.00
2025-12-01,14:20:00,25722.75,25725,25719,25721.5,763,25592.18,25594.22,0.00
2025-12-01,14:21:00,25721.75,25722.5,25710,25710,1757,25592.32,25594.40,0.00
2025-12-01,14:22:00,25710,25715.5,25706.75,25710.25,1782,25592.47,25594.58,0.00
2025-12-01,14:23:00,25710.25,25716.75,25707.75,25713.5,918,25592.54,25594.68,0.00
2025-12-01,14:24:00,25713.75,25715.25,25710.25,25714.25,718,25592.60,25594.75,0.00
2025-12-01,14:25:00,25713.5,25719.75,25711.5,25719.25,1209,25592.71,25594.88,0.00
2025-12-01,14:26:00,25719,25723.5,25716.75,25721.75,1278,25592.82,25595.02,0.00
2025-12-01,14:27:00,25722,25726.5,25719.5,25722.5,1427,25592.95,25595.18,0.00
2025-12-01,14:28:00,25723,25725.75,25719.25,25719.5,532,25592.99,25595.23,0.00
2025-12-01,14:29:00,25719.5,25721.75,25716.5,25721.25,959,25593.08,25595.34,0.00
2025-12-01,14:30:00,25721.25,25723.75,25712.75,25716,1266,25593.18,25595.47,0.00
2025-12-01,14:31:00,25716.25,25724.25,25716.25,25723.75,1053,25593.28,25595.59,0.00
2025-12-01,14:32:00,25723.75,25725.75,25721.5,25722.5,1140,25593.38,25595.71,0.00
2025-12-01,14:33:00,25722.25,25726,25720.25,25722.25,820,25593.45,25595.80,0.00
2025-12-01,14:34:00,25723,25726,25721,25722,602,25593.50,25595.87,0.00
2025-12-01,14:35:00,25722.25,25726,25718.75,25724.5,784,25593.57,25595.95,0.00
2025-12-01,14:36:00,25724.5,25725.75,25721,25722.25,596,25593.62,25596.02,0.00
2025-12-01,14:37:00,25721.75,25729.5,25721.75,25729.25,1547,25593.76,25596.19,0.00
2025-12-01,14:38:00,25729,25730.5,25721.75,25724.5,1314,25593.88,25596.34,0.00
2025-12-01,14:39:00,25725,25727.75,25721.75,25726,648,25593.94,25596.41,0.00
2025-12-01,14:40:00,25726.5,25729.25,25723.25,25723.5,760,25594.01,25596.49,0.00
2025-12-01,14:41:00,25723.5,25724.5,25718.25,25720,1161,25594.11,25596.62,0.00
2025-12-01,14:42:00,25720.5,25722,25714.25,25721.75,1474,25594.23,25596.77,0.00
2025-12-01,14:43:00,25722.5,25724.25,25717.75,25719.25,740,25594.30,25596.85,0.00
2025-12-01,14:44:00,25719.5,25726,25719,25725.75,857,25594.37,25596.94,0.00
2025-12-01,14:45:00,25725.75,25727.75,25723,25723,1169,25594.47,25597.07,0.00
2025-12-01,14:46:00,25723.25,25727.25,25721.5,25724,1562,25594.61,25597.24,0.00
2025-12-01,14:47:00,25724.5,25732,25724.5,25727,1901,25594.78,25597.45,0.00
2025-12-01,14:48:00,25727.75,25731,25726.25,25727.75,743,25594.85,25597.53,0.00
2025-12-01,14:49:00,25727.5,25727.5,25721.75,25722.75,956,25594.93,25597.64,0.00
2025-12-01,14:50:00,25722.75,25722.75,25717,25720,1121,25595.03,25597.75,0.00
2025-12-01,14:51:00,25720.75,25733.25,25720.75,25731.5,1819,25595.19,25597.96,0.00
2025-12-01,14:52:00,25731.25,25735,25728.75,25732.5,1732,25595.35,25598.15,0.00
2025-12-01,14:53:00,25732.5,25738.5,25731.25,25735.25,2074,25595.54,25598.39,0.00
2025-12-01,14:54:00,25735.5,25737.5,25731.5,25735.75,1030,25595.64,25598.51,0.00
2025-12-01,14:55:00,25735.75,25738.75,25735.25,25736,942,25595.73,25598.62,0.00
2025-12-01,14:56:00,25736,25743,25733.5,25739.25,1809,25595.90,25598.83,0.00
2025-12-01,14:57:00,25739.5,25743,25737.5,25742.75,1265,25596.03,25598.99,0.00
2025-12-01,14:58:00,25743,25746.25,25741.5,25743.75,1358,25596.16,25599.15,0.00
2025-12-01,14:59:00,25743.5,25744.75,25740.5,25742.5,1048,25596.26,25599.28,0.00
2025-12-01,15:00:00,25742.5,25746,25739.5,25739.5,950,25596.35,25599.39,0.00
2025-12-01,15:01:00,25740,25741.5,25725,25725,3104,25596.63,25599.73,0.00
2025-12-01,15:02:00,25725.25,25729.75,25715.75,25717.5,2827,25596.87,25600.02,0.00
2025-12-01,15:03:00,25717,25723.75,25711,25722.75,2890,25597.10,25600.31,0.00
2025-12-01,15:04:00,25722.75,25726.25,25720.25,25725.75,1632,25597.24,25600.47,0.00
2025-12-01,15:05:00,25725.5,25726.5,25712.25,25712.5,2474,25597.43,25600.71,0.00
2025-12-01,15:06:00,25712.5,25712.5,25701.75,25702.25,2916,25597.64,25600.97,0.00
2025-12-01,15:07:00,25702.75,25707,25695,25705.75,3159,25597.86,25601.23,0.00
2025-12-01,15:08:00,25705.5,25710.75,25701,25702.25,1884,25597.99,25601.39,0.00
2025-12-01,15:09:00,25702,25706.75,25700,25702.5,1174,25598.07,25601.49,0.00
2025-12-01,15:10:00,25702.5,25703.75,25696.25,25700.25,1592,25598.18,25601.62,0.00
2025-12-01,15:11:00,25700.25,25701.75,25693,25697.75,2146,25598.32,25601.79,0.00
2025-12-01,15:12:00,25697.75,25704.75,25694.75,25697.5,1439,25598.42,25601.90,0.00
2025-12-01,15:13:00,25697.75,25697.75,25685.75,25694.25,3440,25598.63,25602.16,0.00
2025-12-01,15:14:00,25694.5,25701,25692.25,25699.75,1955,25598.75,25602.31,0.00
2025-12-01,15:15:00,25699.75,25704.75,25698,25701.5,2407,25598.91,25602.51,0.00
2025-12-01,15:16:00,25702.25,25702.5,25693.25,25693.75,1436,25599.01,25602.62,0.00
2025-12-01,15:17:00,25693.5,25695.25,25684,25689,2468,25599.15,25602.79,0.00
2025-12-01,15:18:00,25689,25690.75,25682.25,25685.5,1511,25599.24,25602.89,0.00
2025-12-01,15:19:00,25685.25,25690,25679.75,25682,2073,25599.35,25603.03,0.00
2025-12-01,15:20:00,25681.25,25683.25,25670.75,25681.75,3596,25599.54,25603.25,0.00
2025-12-01,15:21:00,25682.25,25689.75,25679.5,25681.75,2433,25599.67,25603.41,0.00
2025-12-01,15:22:00,25682,25682.25,25672.25,25678.5,2565,25599.80,25603.56,0.00
2025-12-01,15:23:00,25678.75,25680.5,25670,25671.25,1881,25599.89,25603.67,0.00
2025-12-01,15:24:00,25671,25671.25,25656.5,25657.5,4694,25600.07,25603.88,0.00
2025-12-01,15:25:00,25657.5,25663.25,25649.75,25659.75,4387,25600.23,25604.07,0.00
2025-12-01,15:26:00,25658.75,25659.5,25648.75,25653.5,3301,25600.35,25604.20,0.00
2025-12-01,15:27:00,25653.25,25657.75,25646.75,25648.5,2061,25600.41,25604.28,0.00
2025-12-01,15:28:00,25648.75,25667,25645.25,25666.5,3977,25600.56,25604.45,0.00
2025-12-01,15:29:00,25666.5,25669.25,25652.5,25653.5,2881,25600.67,25604.58,0.00
2025-12-01,15:30:00,25653.25,25654.5,25644,25649.25,2676,25600.75,25604.67,0.00
2025-12-01,15:31:00,25649.5,25650.75,25637.25,25644,3643,25600.85,25604.78,0.00
2025-12-01,15:32:00,25644.5,25647.5,25635.75,25638,2421,25600.91,25604.85,0.00
2025-12-01,15:33:00,25637.5,25638,25622,25626,5253,25601.01,25604.95,0.00
2025-12-01,15:34:00,25626,25634.5,25610,25632.25,6417,25601.10,25605.05,0.00
2025-12-01,15:35:00,25632,25641.25,25625,25639,3490,25601.18,25605.13,0.00
2025-12-01,15:36:00,25639,25652,25637.5,25643,3932,25601.28,25605.25,0.00
2025-12-01,15:37:00,25642.75,25660.5,25640,25657.25,3428,25601.39,25605.38,0.00
2025-12-01,15:38:00,25657.25,25668.25,25656.25,25659.75,3473,25601.52,25605.53,0.00
2025-12-01,15:39:00,25660.75,25663.25,25645.25,25645.5,2732,25601.61,25605.62,0.00
2025-12-01,15:40:00,25645.75,25665.25,25644.25,25665,2667,25601.70,25605.73,0.00
2025-12-01,15:41:00,25665.5,25667.25,25653.5,25653.75,2131,25601.78,25605.82,0.00
2025-12-01,15:42:00,25654,25658.25,25642.25,25644,2639,25601.85,25605.90,0.00
2025-12-01,15:43:00,25643.75,25653,25637.25,25640.75,3337,25601.94,25606.00,0.00
2025-12-01,15:44:00,25640.5,25648.25,25639,25645.5,1833,25601.99,25606.05,0.00
2025-12-01,15:45:00,25645.25,25648.25,25633.25,25635.25,2769,25602.05,25606.12,0.00
2025-12-01,15:46:00,25634.75,25641,25629,25631.75,2813,25602.10,25606.18,0.00
2025-12-01,15:47:00,25632,25639.5,25625.5,25634.5,2616,25602.15,25606.23,0.00
2025-12-01,15:48:00,25634.5,25645.5,25628,25641,2542,25602.21,25606.29,0.00
2025-12-01,15:49:00,25640.5,25643.75,25632.75,25633.75,1688,25602.25,25606.33,0.00
2025-12-01,15:50:00,25633.5,25634.25,25626,25631,2093,25602.28,25606.37,0.00
2025-12-01,15:51:00,25631,25638.5,25628.5,25633,1970,25602.32,25606.41,0.00
2025-12-01,15:52:00,25633.5,25634.75,25624.5,25624.5,1983,25602.35,25606.44,0.00
2025-12-01,15:53:00,25624.5,25642.5,25621,25633,2957,25602.40,25606.50,0.00
2025-12-01,15:54:00,25633,25645,25631.75,25644.25,1622,25602.44,25606.54,0.00
2025-12-01,15:55:00,25644.5,25648.75,25639,25639.5,2283,25602.50,25606.60,0.00
2025-12-01,15:56:00,25639.25,25643.5,25625.25,25627.5,2436,25602.54,25606.65,0.00
2025-12-01,15:57:00,25627.5,25636,25626,25630.75,1827,25602.57,25606.68,0.00
2025-12-01,15:58:00,25630.75,25639.75,25628.25,25633,1537,25602.60,25606.71,0.00
2025-12-01,15:59:00,25632.5,25638.5,25629.25,25633.5,1220,25602.62,25606.73,0.00
2025-12-01,16:00:00,25633.25,25636.5,25622.5,25627.5,1693,25602.65,25606.76,0.00
2025-12-01,16:01:00,25627,25635.25,25619,25634.25,3295,25602.70,25606.82,0.00
2025-12-01,16:02:00,25635,25636.25,25624.25,25634.5,1904,25602.74,25606.85,0.00
2025-12-01,16:03:00,25634,25637.75,25621.75,25627.75,1752,25602.76,25606.88,0.00
2025-12-01,16:04:00,25627.25,25637.5,25624.5,25636.5,1614,25602.79,25606.91,0.00
2025-12-01,16:05:00,25636.5,25643.25,25634,25636.25,2146,25602.84,25606.96,0.00
2025-12-01,16:06:00,25636,25647.5,25634.5,25637.5,2638,25602.90,25607.02,0.00
2025-12-01,16:07:00,25637.5,25644.75,25632.75,25635.5,1804,25602.93,25607.06,0.00
2025-12-01,16:08:00,25636,25643.75,25632,25642.5,1754,25602.97,25607.11,0.00
2025-12-01,16:09:00,25642.75,25648.5,25638.75,25644.5,1628,25603.01,25607.15,0.00
2025-12-01,16:10:00,25644,25648,25641.25,25645.25,1259,25603.04,25607.18,0.00
2025-12-01,16:11:00,25645.25,25663,25645.25,25661,3760,25603.16,25607.32,0.00
2025-12-01,16:12:00,25661,25666.25,25657,25660.75,2381,25603.25,25607.41,0.00
2025-12-01,16:13:00,25660.75,25667,25659.25,25664,1677,25603.31,25607.48,0.00
2025-12-01,16:14:00,25663.75,25664.25,25655.75,25655.75,1751,25603.36,25607.55,0.00
2025-12-01,16:15:00,25655.5,25665.5,25654.5,25663.25,1686,25603.42,25607.61,0.00
2025-12-01,16:16:00,25663.75,25665.25,25653.5,25665,1956,25603.49,25607.69,0.00
2025-12-01,16:17:00,25665,25665.75,25659.25,25660.5,1093,25603.53,25607.73,0.00
2025-12-01,16:18:00,25661.5,25661.5,25645.25,25646,2879,25603.61,25607.82,0.00
2025-12-01,16:19:00,25646,25653,25642.25,25643,2136,25603.66,25607.88,0.00
2025-12-01,16:20:00,25643.25,25650,25637.25,25647.25,2888,25603.73,25607.96,0.00
2025-12-01,16:21:00,25647,25656,25644.75,25654.75,1926,25603.78,25608.02,0.00
2025-12-01,16:22:00,25654.5,25655.75,25648.5,25651,1419,25603.82,25608.06,0.00
2025-12-01,16:23:00,25651.75,25654,25642.25,25643,1625,25603.86,25608.11,0.00
2025-12-01,16:24:00,25642.5,25651.5,25640.25,25649.75,1647,25603.91,25608.15,0.00
2025-12-01,16:25:00,25650,25654.75,25645.25,25646.75,1012,25603.93,25608.18,0.00
2025-12-01,16:26:00,25646.75,25652.5,25643,25647,1329,25603.97,25608.22,0.00
2025-12-01,16:27:00,25647.25,25657.75,25646.25,25650.75,1367,25604.00,25608.26,0.00
2025-12-01,16:28:00,25651.25,25651.75,25646,25647,958,25604.03,25608.29,0.00
2025-12-01,16:29:00,25646.5,25652,25642.75,25651.25,1307,25604.06,25608.33,0.00
2025-12-01,16:30:00,25652,25655.75,25648.75,25654.5,1172,25604.10,25608.36,0.00
2025-12-01,16:31:00,25654.75,25660.5,25650.75,25654,2265,25604.16,25608.44,0.00
2025-12-01,16:32:00,25653.5,25655.5,25644,25644.25,1851,25604.21,25608.49,0.00
2025-12-01,16:33:00,25644.25,25648.75,25641.75,25644.5,1303,25604.24,25608.52,0.00
2025-12-01,16:34:00,25645,25649.75,25642.25,25643.75,1148,25604.27,25608.55,0.00
2025-12-01,16:35:00,25643.5,25649.5,25639.5,25649.5,1708,25604.31,25608.60,0.00
2025-12-01,16:36:00,25649.25,25657.5,25649.25,25656.5,2018,25604.37,25608.66,0.00
2025-12-01,16:37:00,25655.5,25660.25,25652,25659.25,1843,25604.43,25608.73,0.00
2025-12-01,16:38:00,25659,25663,25654.25,25656,1262,25604.47,25608.77,0.00
2025-12-01,16:39:00,25656,25667.5,25655.5,25664.75,1691,25604.52,25608.83,0.00
2025-12-01,16:40:00,25664.75,25672,25662.75,25669.5,3028,25604.63,25608.96,0.00
2025-12-01,16:41:00,25670.25,25671.75,25657.75,25658.25,2090,25604.70,25609.04,0.00
2025-12-01,16:42:00,25658.75,25665.25,25653.25,25661.5,2387,25604.78,25609.12,0.00
2025-12-01,16:43:00,25661.5,25666.75,25659,25666.5,1231,25604.82,25609.17,0.00
2025-12-01,16:44:00,25666.5,25672,25666,25671.25,1745,25604.89,25609.25,0.00
2025-12-01,16:45:00,25671.25,25673.5,25668.5,25671,1822,25604.96,25609.32,0.00
2025-12-01,16:46:00,25671.5,25674.5,25662.75,25662.75,2657,25605.05,25609.43,0.00
2025-12-01,16:47:00,25663.5,25664.75,25649.5,25650.25,2661,25605.13,25609.51,0.00
2025-12-01,16:48:00,25650.25,25662.5,25647.75,25661.75,2318,25605.20,25609.59,0.00
2025-12-01,16:49:00,25661.75,25664.5,25658.25,25658.75,1308,25605.24,25609.64,0.00
2025-12-01,16:50:00,25658.5,25664,25655,25658.25,1556,25605.28,25609.69,0.00
2025-12-01,16:51:00,25658.25,25671.5,25658.25,25659.75,3536,25605.40,25609.82,0.00
2025-12-01,16:52:00,25659.75,25663,25646.5,25650.5,4135,25605.51,25609.95,0.00
2025-12-01,16:53:00,25651.25,25653.25,25638.75,25639.25,3214,25605.58,25610.02,0.00
2025-12-01,16:54:00,25639.25,25648.75,25636.5,25640.25,2954,25605.64,25610.08,0.00
2025-12-01,16:55:00,25640.5,25652.75,25637,25641.25,5172,25605.76,25610.20,0.00
2025-12-01,16:56:00,25641.5,25642.5,25619.75,25641.5,6652,25605.86,25610.31,0.00
2025-12-01,16:57:00,25642.25,25642.25,25620,25622.5,3283,25605.91,25610.35,0.00
2025-12-01,16:58:00,25622.75,25629.5,25618.5,25627.25,2838,25605.94,25610.38,0.00
2025-12-01,16:59:00,25627.5,25632.5,25622,25631.25,2809,25605.97,25610.42,0.00
2025-12-01,17:00:00,25630.75,25659.25,25624.75,25655.25,9626,25606.19,25610.65,0.00
2025-12-01,17:01:00,25655,25662,25644.5,25661,5061,25606.33,25610.80,0.00
2025-12-01,17:02:00,25661.5,25662.5,25653.5,25656.5,1865,25606.38,25610.86,0.00
2025-12-01,17:03:00,25656.75,25659,25652,25655,933,25606.41,25610.89,0.00
2025-12-01,17:04:00,25655,25662.75,25654.5,25658.25,907,25606.43,25610.92,0.00
2025-12-01,17:05:00,25658.5,25659.75,25656,25657,476,25606.45,25610.93,0.00
2025-12-01,17:06:00,25657,25665.25,25649.75,25650.5,1678,25606.49,25610.98,0.00
2025-12-01,17:07:00,25650.75,25656.75,25650.75,25652.5,848,25606.51,25611.01,0.00
2025-12-01,17:08:00,25652.5,25654.5,25647,25647.75,987,25606.54,25611.03,0.00
2025-12-01,17:09:00,25647.5,25650,25641.75,25642.75,997,25606.56,25611.05,0.00
2025-12-01,17:10:00,25642.75,25644.25,25638,25642.5,818,25606.57,25611.07,0.00
2025-12-01,17:11:00,25642.5,25647.25,25642.5,25646.5,782,25606.59,25611.09,0.00
2025-12-01,17:12:00,25647.25,25648.25,25638.75,25639,483,25606.60,25611.10,0.00
2025-12-01,17:13:00,25639.25,25643,25636.5,25642.25,555,25606.61,25611.11,0.00
2025-12-01,17:14:00,25643,25649.25,25642.75,25644.75,810,25606.63,25611.13,0.00
2025-12-01,17:15:00,25644.25,25645.75,25641.5,25642.5,581,25606.64,25611.14,0.00
2025-12-01,17:16:00,25642.5,25646,25641.25,25645.5,498,25606.65,25611.15,0.00
2025-12-01,17:17:00,25644.5,25648,25644,25647.25,294,25606.66,25611.16,0.00
2025-12-01,17:18:00,25646.5,25648.75,25646.25,25647,231,25606.66,25611.16,0.00
2025-12-01,17:19:00,25647,25648.5,25646.5,25648.25,204,25606.67,25611.17,0.00
2025-12-01,17:20:00,25648.25,25652.75,25647.75,25648.75,451,25606.68,25611.18,0.00
2025-12-01,17:21:00,25648.5,25651.25,25646.5,25650.75,301,25606.68,25611.19,0.00
2025-12-01,17:22:00,25650.25,25653.75,25647.75,25652.75,325,25606.69,25611.20,0.00
2025-12-01,17:23:00,25652.5,25655.75,25651,25655,450,25606.70,25611.21,0.00
2025-12-01,17:24:00,25655.5,25657.75,25653,25653.5,434,25606.72,25611.22,0.00
2025-12-01,17:25:00,25653.5,25655.5,25652.25,25654.5,291,25606.72,25611.23,0.00
2025-12-01,17:26:00,25654.75,25658,25652.25,25652.25,383,25606.73,25611.24,0.00
2025-12-01,17:27:00,25652,25654.25,25648.25,25650,506,25606.75,25611.25,0.00
2025-12-01,17:28:00,25650,25654,25649.5,25653.25,173,25606.75,25611.26,0.00
2025-12-01,17:29:00,25653.25,25654,25650.5,25651,188,25606.75,25611.26,0.00
2025-12-01,17:30:00,25651,25653.25,25650.75,25652,131,25606.76,25611.27,0.00
2025-12-01,17:31:00,25652.25,25653.5,25645.75,25647.25,412,25606.77,25611.28,0.00
2025-12-01,17:32:00,25647.25,25648.5,25645.25,25647.25,174,25606.77,25611.28,0.00
2025-12-01,17:33:00,25647.5,25649.5,25646.5,25648.75,150,25606.77,25611.29,0.00
2025-12-01,17:34:00,25649,25650.5,25648.5,25649,118,25606.78,25611.29,0.00
2025-12-01,17:35:00,25649.25,25651,25647,25650.75,248,25606.78,25611.29,0.00
2025-12-01,17:36:00,25650.25,25651.5,25649,25649,185,25606.79,25611.30,0.00
2025-12-01,17:37:00,25649.5,25652.5,25649.25,25651.75,322,25606.79,25611.31,0.00
2025-12-01,17:38:00,25651.25,25651.75,25648.5,25649.25,163,25606.80,25611.31,0.00
2025-12-01,17:39:00,25649.5,25652.75,25648.25,25649.5,276,25606.81,25611.32,0.00
2025-12-01,17:40:00,25649.5,25653.5,25647.75,25652,396,25606.82,25611.33,0.00
2025-12-01,17:41:00,25652,25654.5,25651.75,25653.25,188,25606.82,25611.33,0.00
2025-12-01,17:42:00,25653.25,25654.75,25652.25,25653.25,173,25606.82,25611.34,0.00
2025-12-01,17:43:00,25653.5,25655.5,25652.75,25653.25,215,25606.83,25611.35,0.00
2025-12-01,17:44:00,25653.25,25653.5,25651.75,25652.5,139,25606.83,25611.35,0.00
2025-12-01,17:45:00,25652,25654.5,25651,25653.5,325,25606.84,25611.36,0.00
2025-12-01,17:46:00,25653.25,25656.75,25652.5,25654,413,25606.85,25611.37,0.00
2025-12-01,17:47:00,25653.75,25655,25653.5,25653.75,123,25606.86,25611.37,0.00
2025-12-01,17:48:00,25653.75,25654.5,25652,25653,277,25606.86,25611.38,0.00
2025-12-01,17:49:00,25652.75,25655.25,25652.25,25654.5,198,25606.87,25611.39,0.00
2025-12-01,17:50:00,25654.75,25657.25,25654.75,25656,147,25606.87,25611.39,0.00
2025-12-01,17:51:00,25656.25,25659,25655.75,25658,281,25606.88,25611.40,0.00
2025-12-01,17:52:00,25658,25658,25655.5,25656.75,126,25606.88,25611.40,0.00
2025-12-01,17:53:00,25657,25658.25,25654,25654.75,140,25606.89,25611.41,0.00
2025-12-01,17:54:00,25655,25655.5,25653.5,25655.25,106,25606.89,25611.41,0.00
2025-12-01,17:55:00,25656,25658.75,25656,25658.5,86,25606.89,25611.41,0.00
2025-12-01,17:56:00,25659,25660.75,25657.75,25657.75,185,25606.90,25611.42,0.00
2025-12-01,17:57:00,25658,25658.75,25655.25,25655.25,103,25606.90,25611.42,0.00
2025-12-01,17:58:00,25655.75,25656,25654.25,25654.5,87,25606.90,25611.42,0.00
2025-12-01,17:59:00,25655,25655.25,25652.25,25653.25,90,25606.90,25611.43,0.00
2025-12-01,18:00:00,25653,25655.25,25652,25653.5,406,25606.91,25611.44,0.00
2025-12-01,19:01:00,25676,25676,25661.25,25671.5,1375,25669.58,25669.58,0.00
2025-12-01,19:02:00,25670.75,25672.75,25658.5,25664.75,1184,25667.62,25665.33,0.00
2025-12-01,19:03:00,25665,25675.5,25662.25,25673.5,760,25668.26,25667.32,0.00
2025-12-01,19:04:00,25674.75,25676.25,25670.25,25671.25,502,25672.58,25668.40,0.00
2025-12-01,19:05:00,25671.25,25673.75,25664.25,25664.25,627,25669.71,25668.20,0.00
2025-12-01,19:06:00,25664,25666.5,25656.25,25661.5,685,25666.58,25661.42,0.00
2025-12-01,19:07:00,25661.5,25664.25,25658.25,25660.75,559,25665.29,25661.27,0.00
2025-12-01,19:08:00,25661.25,25663.75,25653.75,25654,414,25664.08,25657.17,0.00
2025-12-01,19:09:00,25653.75,25654,25645.75,25647.25,597,25661.42,25649.00,0.00
2025-12-01,19:10:00,25647.25,25648.75,25633.25,25638,1265,25655.59,25640.00,0.00
2025-12-01,19:11:00,25638,25639,25632,25638.25,665,25653.19,25636.42,0.00
2025-12-01,19:12:00,25638.5,25640.5,25634.75,25636.75,483,25651.87,25636.80,0.00
2025-12-01,19:13:00,25636.25,25640,25635,25637,313,25651.13,25636.92,0.00
2025-12-01,19:14:00,25637,25637,25632.5,25635.25,301,25650.36,25636.57,0.00
2025-12-01,19:15:00,25635.25,25641.25,25633.25,25639.75,338,25649.75,25636.82,0.00
2025-12-01,19:16:00,25640,25645.75,25639,25644.75,465,25649.33,25637.97,0.00
2025-12-01,19:17:00,25644.75,25647.25,25642.5,25645,398,25649.09,25638.90,0.00
2025-12-01,19:18:00,25645.75,25648.75,25644.75,25646.25,317,25648.99,25639.64,0.00
2025-12-01,19:19:00,25645.25,25647.75,25643.75,25646.25,296,25648.88,25640.16,0.00
2025-12-01,19:20:00,25646.25,25650.75,25644.25,25650.25,430,25648.86,25641.05,0.00
2025-12-01,19:21:00,25650.25,25658,25649.75,25654.25,820,25649.31,25643.25,0.00
2025-12-01,19:22:00,25654,25659.75,25653.75,25657.25,547,25649.72,25644.64,0.00
2025-12-01,19:23:00,25657,25659.25,25653.25,25659,267,25649.91,25645.23,0.00
2025-12-01,19:24:00,25659,25670.5,25657.75,25668.25,992,25651.28,25648.27,0.00
2025-12-01,19:25:00,25668.5,25670,25666.5,25668.5,342,25651.79,25649.25,0.00
2025-12-01,19:26:00,25668.25,25673.25,25667.5,25672.5,536,25652.64,25650.81,0.00
2025-12-01,19:27:00,25672.75,25672.75,25665,25667.25,616,25653.39,25652.14,0.00
2025-12-01,19:28:00,25667.25,25670.25,25662.5,25665.5,493,25653.87,25652.93,0.00
2025-12-01,19:29:00,25666.25,25669.25,25664.75,25668.75,210,25654.08,25653.28,0.00
2025-12-01,19:30:00,25668.75,25672.5,25667.25,25667.75,266,25654.37,25653.75,0.00
2025-12-01,19:31:00,25668.5,25671.75,25666.75,25670.75,309,25654.71,25654.27,0.00
2025-12-01,19:32:00,25671,25671,25664.75,25668,350,25655.03,25654.76,0.00
2025-12-01,19:33:00,25667.5,25670.75,25667,25668.5,243,25655.26,25655.10,0.00
2025-12-01,19:34:00,25668.5,25674.25,25667.5,25671,412,25655.69,25655.73,0.00
2025-12-01,19:35:00,25670,25671.75,25666.5,25671,265,25655.93,25656.08,0.00
2025-12-01,19:36:00,25670.25,25675.25,25669.5,25674,391,25656.35,25656.67,0.00
2025-12-01,19:37:00,25674.25,25679.25,25671,25674.75,645,25675.00,25657.68,0.00
2025-12-01,19:38:00,25674.25,25674.25,25669.5,25672.25,266,25674.12,25658.00,0.00
2025-12-01,19:39:00,25672,25675.5,25669.75,25672.75,223,25673.84,25658.27,0.00
2025-12-01,19:40:00,25672.25,25674,25671.25,25672,187,25673.64,25658.48,0.00
2025-12-01,19:41:00,25672,25672.25,25665.75,25667.5,560,25672.11,25658.91,0.00
2025-12-01,19:42:00,25667.75,25671.75,25665.5,25667.25,268,25671.62,25659.10,0.00
2025-12-01,19:43:00,25667.25,25668.5,25661,25663.75,661,25669.92,25659.36,0.00
2025-12-01,19:44:00,25664,25667.5,25663.5,25666,251,25669.57,25659.47,0.00
2025-12-01,19:45:00,25666.75,25669,25661.75,25662.5,363,25669.03,25659.59,0.00
2025-12-01,19:46:00,25662.5,25663.5,25659.25,25661.25,327,25668.36,25659.63,0.00
2025-12-01,19:47:00,25661,25669,25660.75,25665.5,434,25668.02,25659.78,0.00
2025-12-01,19:48:00,25664.5,25668.5,25661.75,25666.25,155,25667.93,25659.84,0.00
2025-12-01,19:49:00,25666.75,25666.75,25659.25,25659.75,312,25667.52,25659.88,0.00
2025-12-01,19:50:00,25659.75,25661.5,25654.25,25659.5,581,25666.51,25659.83,0.00
2025-12-01,19:51:00,25658.75,25660.5,25657.25,25659.25,190,25666.25,25659.82,0.00
2025-12-01,19:52:00,25659,25663.25,25659,25662.25,227,25666.06,25659.84,0.00
2025-12-01,19:53:00,25662.25,25664.25,25659.75,25662.5,192,25665.93,25659.87,0.00
2025-12-01,19:54:00,25661.75,25663,25659.25,25661.25,162,25665.80,25659.88,0.00
2025-12-01,19:55:00,25660.75,25662.75,25658.75,25661.5,187,25665.66,25659.90,0.00
2025-12-01,19:56:00,25659.5,25660.25,25654.25,25655,268,25665.28,25659.84,0.00
2025-12-01,19:57:00,25654.5,25655.25,25650.5,25651.75,668,25664.08,25659.57,0.00
2025-12-01,19:58:00,25651.25,25656.5,25648.75,25655.25,360,25663.57,25659.46,0.00
2025-12-01,19:59:00,25654.5,25656.25,25651.75,25655.5,264,25663.26,25659.39,0.00
2025-12-01,20:00:00,25655.75,25655.75,25651.75,25652.25,187,25663.03,25659.33,0.00
2025-12-01,20:01:00,25651.75,25653,25643.5,25644,727,25661.67,25658.87,0.00
2025-12-01,20:02:00,25644.5,25652,25637.25,25649,1225,25659.74,25658.12,0.00
2025-12-01,20:03:00,25649,25650.25,25641.5,25645,515,25659.04,25657.82,0.00
2025-12-01,20:04:00,25645,25645.75,25641,25642,305,25658.58,25657.61,0.00
2025-12-01,20:05:00,25641.25,25644.25,25640.5,25643.5,270,25658.19,25657.43,0.00
2025-12-01,20:06:00,25643.75,25646.75,25642.75,25644.5,326,25657.80,25657.24,0.00
2025-12-01,20:07:00,25645,25654.25,25645,25650,676,25657.34,25657.02,0.00
2025-12-01,20:08:00,25650,25659,25649.75,25654.75,622,25657.20,25656.96,0.00
2025-12-01,20:09:00,25654.5,25654.75,25650,25654,363,25657.08,25656.89,0.00
2025-12-01,20:10:00,25654.5,25656.25,25651.25,25656.25,341,25657.02,25656.86,0.00
2025-12-01,20:11:00,25655,25661.5,25655,25659,482,25657.07,25656.89,0.00
2025-12-01,20:12:00,25658.5,25663.25,25657.25,25661,451,25657.18,25656.96,0.00
2025-12-01,20:13:00,25661.75,25662.25,25657,25657.75,303,25657.22,25656.98,0.00
2025-12-01,20:14:00,25658,25660,25653.75,25659,291,25657.23,25656.99,0.00
2025-12-01,20:15:00,25658.75,25662.75,25654.25,25656.75,276,25657.24,25657.00,0.00
2025-12-01,20:16:00,25656,25662.75,25655.75,25660.25,277,25657.28,25657.03,0.00
2025-12-01,20:17:00,25659.75,25661.75,25658.25,25659,147,25657.30,25657.04,0.00
2025-12-01,20:18:00,25659.25,25659.25,25653.5,25657.5,221,25657.29,25657.04,0.00
2025-12-01,20:19:00,25657.75,25660.75,25656.25,25657.75,203,25657.31,25657.05,0.00
2025-12-01,20:20:00,25657.25,25660,25657,25659.5,116,25657.32,25657.05,0.00
2025-12-01,20:21:00,25658.25,25659,25654,25656.75,214,25657.31,25657.05,0.00
2025-12-01,20:22:00,25655,25656.75,25654.25,25655.5,168,25657.29,25657.04,0.00
2025-12-01,20:23:00,25655,25657.25,25650.5,25656.5,313,25657.24,25657.02,0.00
2025-12-01,20:24:00,25655.75,25656.75,25650,25650,195,25657.19,25656.98,0.00
2025-12-01,20:25:00,25650.75,25651.75,25648.25,25650.25,331,25657.05,25656.90,0.00
2025-12-01,20:26:00,25650,25652.25,25647,25652.25,235,25656.96,25656.85,0.00
2025-12-01,20:27:00,25652.25,25653.25,25650,25652.5,177,25656.91,25656.82,0.00
2025-12-01,20:28:00,25652.5,25653.25,25650,25651,89,25656.88,25656.80,0.00
2025-12-01,20:29:00,25650.75,25655,25647.75,25651.5,326,25656.79,25656.74,0.00
2025-12-01,20:30:00,25651.5,25656,25650.75,25655.75,179,25656.76,25656.73,0.00
2025-12-01,20:31:00,25655.5,25660.5,25655.5,25657.75,467,25656.79,25656.75,0.00
2025-12-01,20:32:00,25657.5,25657.75,25654.25,25657,193,25656.78,25656.74,0.00
2025-12-01,20:33:00,25656.25,25661.25,25655.5,25660,178,25656.80,25656.76,0.00
2025-12-01,20:34:00,25660,25667.75,25659.25,25667.75,697,25657.09,25656.94,0.00
2025-12-01,20:35:00,25667.25,25669.25,25666,25667.25,391,25657.29,25657.07,0.00
2025-12-01,20:36:00,25667.25,25670.25,25666.75,25669,374,25657.50,25657.21,0.00
2025-12-01,20:37:00,25669.75,25671.5,25667.5,25670.5,270,25657.66,25657.32,0.00
2025-12-01,20:38:00,25670.75,25672,25666.25,25669,460,25657.90,25657.48,0.00
2025-12-01,20:39:00,25668.5,25668.75,25663.75,25666,379,25658.05,25657.58,0.00
2025-12-01,20:40:00,25666.5,25666.75,25664.25,25665.75,129,25658.09,25657.61,0.00
2025-12-01,20:41:00,25665.5,25666.25,25662.5,25663,380,25658.19,25657.69,0.00
2025-12-01,20:42:00,25663,25666.5,25660.25,25665.5,334,25658.28,25657.75,0.00
2025-12-01,20:43:00,25665.75,25666.5,25664.25,25665.25,166,25658.33,25657.79,0.00
2025-12-01,20:44:00,25664.25,25665.75,25664,25665,69,25658.35,25657.80,0.00
2025-12-01,20:45:00,25664.75,25665.25,25661,25664.25,286,25658.41,25657.85,0.00
2025-12-01,20:46:00,25664.25,25665,25662.25,25662.75,227,25658.46,25657.89,0.00
2025-12-01,20:47:00,25662.5,25665,25661,25663.75,243,25658.51,25657.92,0.00
2025-12-01,20:48:00,25662.75,25662.75,25658.5,25660,379,25658.54,25657.95,0.00
2025-12-01,20:49:00,25660.25,25664,25657.5,25663.5,424,25658.60,25657.99,0.00
2025-12-01,20:50:00,25663.25,25665,25661.75,25662,245,25658.64,25658.03,0.00
2025-12-01,20:51:00,25662.25,25663.75,25659.75,25660.25,205,25658.66,25658.05,0.00
2025-12-01,20:52:00,25660,25663.5,25660,25661.75,117,25658.67,25658.06,0.00
2025-12-01,20:53:00,25661.5,25663,25658.5,25659.75,278,25658.69,25658.08,0.00
2025-12-01,20:54:00,25659.25,25662,25659,25660.25,91,25658.70,25658.08,0.00
2025-12-01,20:55:00,25660.25,25661,25658.75,25659,84,25658.70,25658.09,0.00
2025-12-01,20:56:00,25659.25,25661.75,25658,25661.75,200,25658.72,25658.10,0.00
2025-12-01,20:57:00,25661.75,25663.75,25661,25662.75,160,25658.74,25658.12,0.00
2025-12-01,20:58:00,25662.5,25664.5,25661.5,25664.5,142,25658.77,25658.14,0.00
2025-12-01,20:59:00,25664.5,25664.75,25661,25661.75,168,25658.79,25658.16,0.00
2025-12-01,21:00:00,25661.75,25664,25659.25,25662,256,25658.82,25658.18,0.00
2025-12-01,21:01:00,25661.75,25661.75,25654.5,25657,599,25658.80,25658.18,0.00
2025-12-01,21:02:00,25656.5,25663,25656.25,25661.25,237,25658.81,25658.19,0.00
2025-12-01,21:03:00,25661.25,25661.5,25653,25656.5,427,25658.78,25658.18,0.00
2025-12-01,21:04:00,25657.5,25662.25,25657.5,25660.75,205,25658.79,25658.19,0.00
2025-12-01,21:05:00,25661.25,25666,25661,25663.75,421,25658.86,25658.24,0.00
2025-12-01,21:06:00,25664.25,25669.5,25661,25669.5,581,25659.02,25658.37,0.00
2025-12-01,21:07:00,25668.5,25697,25668.25,25695,2540,25686.75,25660.07,0.00
2025-12-01,21:08:00,25696,25696.75,25683.75,25685.25,1109,25687.31,25660.80,0.00
2025-12-01,21:09:00,25685.75,25685.75,25676.25,25681,798,25686.18,25661.16,0.00
2025-12-01,21:10:00,25680.75,25687.25,25677.25,25687,529,25685.93,25661.43,0.00
2025-12-01,21:11:00,25686.5,25691.25,25682.75,25688.25,921,25686.16,25661.95,0.00
2025-12-01,21:12:00,25688.25,25693.5,25686,25688.5,551,25686.43,25662.28,0.00
2025-12-01,21:13:00,25688.75,25693.25,25687,25688,420,25686.61,25662.52,0.00
2025-12-01,21:14:00,25688,25690,25682,25685.75,453,25686.57,25662.75,0.00
2025-12-01,21:15:00,25687,25690.25,25685,25688,333,25686.62,25662.92,0.00
2025-12-01,21:16:00,25688.5,25690.5,25684.75,25687.75,367,25686.67,25663.11,0.00
2025-12-01,21:17:00,25687.75,25695.25,25687.75,25695,594,25687.08,25663.47,0.00
2025-12-01,21:18:00,25695,25698,25691.5,25693.75,478,25694.42,25663.78,0.00
2025-12-01,21:19:00,25693.25,25694.75,25690.75,25691.75,250,25693.73,25663.92,0.00
2025-12-01,21:20:00,25691.5,25691.5,25685.5,25688.5,441,25691.76,25664.14,0.00
2025-12-01,21:21:00,25688.25,25694,25683.75,25692,426,25691.27,25664.36,0.00
2025-12-01,21:22:00,25691.5,25694.25,25688.5,25689.25,237,25691.19,25664.48,0.00
2025-12-01,21:23:00,25689,25693,25687.75,25691.25,129,25691.15,25664.55,0.00
2025-12-01,21:24:00,25691.75,25693.25,25690,25692,197,25691.21,25664.66,0.00
2025-12-01,21:25:00,25692.25,25697.25,25691.75,25694.25,336,25691.64,25664.85,0.00
2025-12-01,21:26:00,25694.25,25695.25,25692.75,25693.75,221,25691.83,25664.98,0.00
2025-12-01,21:27:00,25693.5,25697.25,25692,25696.5,229,25692.09,25665.11,0.00
2025-12-01,21:28:00,25696.5,25699,25691.5,25691.75,371,25694.08,25665.32,0.00
2025-12-01,21:29:00,25691.5,25694,25690.25,25691,265,25693.11,25665.46,0.00
2025-12-01,21:30:00,25691,25693.25,25688.75,25690.75,218,25692.55,25665.56,0.00
2025-12-01,21:31:00,25690.5,25690.5,25673.75,25674.5,1237,25684.88,25665.89,0.00
2025-12-01,21:32:00,25674,25680.5,25671.75,25675,820,25682.31,25666.03,0.00
2025-12-01,21:33:00,25675.25,25681,25669.5,25678,727,25681.08,25666.17,0.00
2025-12-01,21:34:00,25678.25,25684,25677.25,25680.25,409,25681.02,25666.27,0.00
2025-12-01,21:35:00,25680.5,25680.5,25674.75,25676.25,281,25680.77,25666.33,0.00
2025-12-01,21:36:00,25676,25680.75,25670.5,25672.5,375,25680.28,25666.38,0.00
2025-12-01,21:37:00,25673,25677.25,25669.75,25673.75,353,25679.81,25666.43,0.00
2025-12-01,21:38:00,25674.75,25678.5,25673,25676.25,278,25679.61,25666.48,0.00
2025-12-01,21:39:00,25676.75,25678.5,25673.5,25676.5,220,25679.47,25666.51,0.00
2025-12-01,21:40:00,25676.5,25677.5,25674.25,25676.25,145,25679.38,25666.54,0.00
2025-12-01,21:41:00,25676,25677.75,25673.75,25676,180,25679.27,25666.57,0.00
2025-12-01,21:42:00,25675.25,25679.5,25674,25678.5,209,25679.21,25666.61,0.00
2025-12-01,21:43:00,25677.75,25677.75,25671.5,25673.25,300,25678.97,25666.65,0.00
2025-12-01,21:44:00,25672.75,25675.25,25670.5,25672.5,252,25678.74,25666.67,0.00
2025-12-01,21:45:00,25672.25,25675,25668.25,25670.75,408,25678.31,25666.70,0.00
2025-12-01,21:46:00,25671.25,25674.25,25667.25,25672.25,455,25677.88,25666.74,0.00
2025-12-01,21:47:00,25672.25,25676.5,25672.25,25674.25,245,25677.77,25666.77,0.00
2025-12-01,21:48:00,25674.25,25675,25671,25673.25,178,25677.66,25666.79,0.00
2025-12-01,21:49:00,25672.75,25673.5,25670.5,25672.75,114,25677.58,25666.80,0.00
2025-12-01,21:50:00,25672.25,25673.5,25668.5,25670.75,220,25677.41,25666.82,0.00
2025-12-01,21:51:00,25670.75,25673,25669.75,25670.75,137,25677.31,25666.83,0.00
2025-12-01,21:52:00,25670.5,25674.5,25670.5,25671,196,25677.18,25666.84,0.00
2025-12-01,21:53:00,25671.5,25674,25671,25672.75,174,25677.09,25666.86,0.00
2025-12-01,21:54:00,25672.75,25673.5,25669.25,25672,164,25676.99,25666.87,0.00
2025-12-01,21:55:00,25673.25,25676.25,25672,25674.5,243,25676.92,25666.90,0.00
2025-12-01,21:56:00,25674.25,25674.25,25670.25,25671.25,180,25676.82,25666.92,0.00
2025-12-01,21:57:00,25671.25,25672,25669.75,25670.5,178,25676.71,25666.93,0.00
2025-12-01,21:58:00,25670.75,25673.75,25668.25,25670.75,289,25676.54,25666.95,0.00
2025-12-01,21:59:00,25671,25671,25666,25667,264,25676.32,25666.95,0.00
2025-12-01,22:00:00,25666.5,25670.25,25665.75,25666.25,325,25676.04,25666.95,0.00
2025-12-01,22:01:00,25666.75,25667,25642.25,25655.5,3378,25670.86,25666.33,0.00
2025-12-01,22:02:00,25655.75,25657.5,25649.25,25655,485,25670.29,25666.24,0.00
2025-12-01,22:03:00,25654.25,25660.25,25650.25,25659.75,604,25669.74,25666.15,0.00
2025-12-01,22:04:00,25659.75,25664.25,25657.5,25663,605,25669.42,25666.11,0.00
2025-12-01,22:05:00,25663.75,25666,25659,25662.25,357,25669.26,25666.09,0.00
2025-12-01,22:06:00,25661.25,25662,25657.75,25660.5,252,25669.12,25666.07,0.00
2025-12-01,22:07:00,25660,25661.25,25652.25,25656.75,435,25668.79,25666.01,0.00
2025-12-01,22:08:00,25656.5,25656.5,25649,25655.25,413,25668.42,25665.93,0.00
2025-12-01,22:09:00,25654.75,25656.5,25652,25652.75,182,25668.27,25665.90,0.00
2025-12-01,22:10:00,25651.75,25651.75,25647.5,25649.25,488,25667.75,25665.78,0.00
2025-12-01,22:11:00,25648.75,25650.25,25645.5,25646.25,407,25667.28,25665.68,0.00
2025-12-01,22:12:00,25646.75,25650.75,25645.75,25648.5,360,25666.91,25665.59,0.00
2025-12-01,22:13:00,25648.25,25649,25644.75,25645.25,230,25666.66,25665.52,0.00
2025-12-01,22:14:00,25645.25,25648,25639.25,25641.75,636,25665.88,25665.32,0.00
2025-12-01,22:15:00,25641.25,25651.25,25640.25,25651,448,25665.46,25665.21,0.00
2025-12-01,22:16:00,25650.5,25656,25649.25,25652.25,557,25665.10,25665.11,0.00
2025-12-01,22:17:00,25652.25,25660.25,25651.25,25658.25,566,25664.87,25665.04,0.00
2025-12-01,22:18:00,25657.5,25660,25655.75,25656.5,356,25664.74,25665.01,0.00
2025-12-01,22:19:00,25657,25658.75,25654,25654,182,25664.67,25664.98,0.00
2025-12-01,22:20:00,25654,25656.5,25653.25,25654.25,183,25664.58,25664.96,0.00
2025-12-01,22:21:00,25654.75,25655.5,25651.25,25654.5,197,25664.48,25664.93,0.00
2025-12-01,22:22:00,25654.75,25658,25653.75,25657.25,146,25664.43,25664.91,0.00
2025-12-01,22:23:00,25657.25,25657.5,25653.5,25655.25,95,25664.39,25664.90,0.00
2025-12-01,22:24:00,25654.5,25655.5,25651.25,25652.75,163,25664.31,25664.87,0.00
2025-12-01,22:25:00,25653.5,25656.25,25652.75,25655.25,142,25664.25,25664.85,0.00
2025-12-01,22:26:00,25654.25,25657,25654.25,25655.75,104,25664.21,25664.84,0.00
2025-12-01,22:27:00,25656.5,25658.5,25655.5,25656,167,25664.15,25664.82,0.00
2025-12-01,22:28:00,25656,25657.25,25654.25,25655.75,98,25664.11,25664.81,0.00
2025-12-01,22:29:00,25655.25,25657.25,25653.5,25656,120,25664.07,25664.79,0.00
2025-12-01,22:30:00,25656.5,25656.75,25654.25,25654.25,92,25664.03,25664.78,0.00
2025-12-01,22:31:00,25654.25,25657,25650,25654.25,432,25663.84,25664.72,0.00
2025-12-01,22:32:00,25653.5,25656.75,25650.25,25653.75,318,25663.70,25664.67,0.00
2025-12-01,22:33:00,25654.25,25654.25,25648.25,25650.5,343,25663.52,25664.61,0.00
2025-12-01,22:34:00,25650.5,25653.75,25648,25650,276,25663.38,25664.56,0.00
2025-12-01,22:35:00,25650,25651.25,25648.25,25650,120,25663.31,25664.53,0.00
2025-12-01,22:36:00,25650,25653,25649.75,25652.75,147,25663.24,25664.51,0.00
2025-12-01,22:37:00,25652.25,25658.25,25652.25,25655.75,380,25663.12,25664.46,0.00
2025-12-01,22:38:00,25655.5,25660,25654.75,25659.75,227,25663.08,25664.44,0.00
2025-12-01,22:39:00,25659,25663.25,25658,25661.5,525,25663.03,25664.42,0.00
2025-12-01,22:40:00,25662,25664.75,25661.25,25662.25,254,25663.03,25664.41,0.00
2025-12-01,22:41:00,25662.75,25666,25662,25665.75,222,25663.04,25664.42,0.00
2025-12-01,22:42:00,25665.75,25672.25,25664,25671.75,732,25663.21,25664.46,0.00
2025-12-01,22:43:00,25671.75,25673,25669.25,25670.75,363,25663.32,25664.49,0.00
2025-12-01,22:44:00,25671,25672,25669.25,25671.25,233,25663.38,25664.51,0.00
2025-12-01,22:45:00,25671.5,25673.25,25669,25672.75,297,25663.47,25664.54,0.00
2025-12-01,22:46:00,25672.5,25676.25,25672,25674.75,389,25663.62,25664.59,0.00
2025-12-01,22:47:00,25674.25,25675,25672.25,25674.5,293,25663.73,25664.62,0.00
2025-12-01,22:48:00,25674.25,25676.25,25671.25,25672.25,352,25663.84,25664.66,0.00
2025-12-01,22:49:00,25672,25673.75,25670.25,25671.75,233,25663.91,25664.68,0.00
2025-12-01,22:50:00,25672.25,25675,25670.5,25673.75,202,25663.97,25664.70,0.00
2025-12-01,22:51:00,25674.5,25674.5,25672,25674,135,25664.01,25664.71,0.00
2025-12-01,22:52:00,25674.25,25676.25,25672.75,25675.75,241,25664.10,25664.74,0.00
2025-12-01,22:53:00,25676,25682,25673.25,25678.5,641,25664.40,25664.85,0.00
2025-12-01,22:54:00,25678.5,25680.25,25677.5,25678,312,25664.54,25664.90,0.00
2025-12-01,22:55:00,25677.75,25680,25677,25679.25,137,25664.61,25664.92,0.00
2025-12-01,22:56:00,25679.75,25682.75,25679.5,25681,267,25664.75,25664.98,0.00
2025-12-01,22:57:00,25681.5,25685.75,25680.25,25681.25,407,25664.98,25665.06,0.00
2025-12-01,22:58:00,25681.5,25681.75,25678.5,25678.5,168,25665.05,25665.09,0.00
2025-12-01,22:59:00,25678.5,25681.5,25677,25677.25,255,25665.16,25665.13,0.00
2025-12-01,23:00:00,25677.25,25678.75,25676.5,25677.75,208,25665.24,25665.16,0.00
2025-12-01,23:01:00,25677,25679,25675.25,25678.75,257,25665.34,25665.20,0.00
2025-12-01,23:02:00,25678.75,25680,25677.5,25678.5,179,25665.42,25665.23,0.00
2025-12-01,23:03:00,25678.25,25678.25,25672.25,25674,356,25665.52,25665.27,0.00
2025-12-01,23:04:00,25674.25,25679,25673.25,25677,296,25665.62,25665.31,0.00
2025-12-01,23:05:00,25677.5,25677.5,25674,25675.25,154,25665.66,25665.33,0.00
2025-12-01,23:06:00,25674.5,25675.5,25672.25,25674.25,177,25665.71,25665.35,0.00
2025-12-01,23:07:00,25674.5,25677.25,25672.75,25675.5,170,25665.76,25665.37,0.00
2025-12-01,23:08:00,25675.5,25675.5,25671.5,25673,246,25665.81,25665.39,0.00
2025-12-01,23:09:00,25673.5,25674.5,25671,25671,221,25665.85,25665.41,0.00
2025-12-01,23:10:00,25671.75,25672.25,25669.75,25672,298,25665.90,25665.43,0.00
2025-12-01,23:11:00,25671.5,25672.75,25669.25,25670,289,25665.94,25665.45,0.00
2025-12-01,23:12:00,25670.75,25671,25667.5,25667.75,177,25665.95,25665.45,0.00
2025-12-01,23:13:00,25667.75,25669.25,25666.25,25668,214,25665.97,25665.46,0.00
2025-12-01,23:14:00,25668,25668.5,25663,25663.75,378,25665.96,25665.46,0.00
2025-12-01,23:15:00,25663.75,25663.75,25661.25,25661.25,289,25665.92,25665.45,0.00
2025-12-01,23:16:00,25661.5,25661.5,25655.25,25655.5,392,25665.83,25665.41,0.00
2025-12-01,23:17:00,25655.5,25655.5,25648,25649.25,855,25665.49,25665.27,0.00
2025-12-01,23:18:00,25649,25650,25644.75,25647.5,728,25665.14,25665.12,0.00
2025-12-01,23:19:00,25647.5,25651.75,25644.25,25651,453,25664.95,25665.04,0.00
2025-12-01,23:20:00,25651.25,25655.25,25650.75,25652.5,477,25664.80,25664.98,0.00
2025-12-01,23:21:00,25651.75,25655,25649.25,25654.5,258,25664.72,25664.94,0.00
2025-12-01,23:22:00,25653.25,25653.25,25646.25,25648.5,339,25664.58,25664.88,0.00
2025-12-01,23:23:00,25647.25,25647.25,25643.25,25643.75,573,25664.30,25664.76,0.00
2025-12-01,23:24:00,25643.5,25645.25,25641.5,25643,312,25664.13,25664.68,0.00
2025-12-01,23:25:00,25642.5,25644.5,25635.5,25636.75,758,25663.67,25664.47,0.00
2025-12-01,23:26:00,25638,25638,25623.75,25628.75,1886,25662.19,25630.17,0.00
2025-12-01,23:27:00,25628.25,25629.25,25625.25,25625.75,524,25661.76,25629.42,0.00
2025-12-01,23:28:00,25625.5,25625.75,25620.75,25622,858,25661.00,25622.83,0.00
2025-12-01,23:29:00,25621,25626,25619,25625.5,770,25660.35,25623.50,0.00
2025-12-01,23:30:00,25625.75,25628.5,25622.75,25626.25,434,25660.02,25624.34,0.00
2025-12-01,23:31:00,25625.75,25626.75,25613.25,25615.25,1175,25658.97,25618.42,0.00
2025-12-01,23:32:00,25615.25,25616.25,25601.5,25607.25,1893,25656.99,25608.33,0.00
2025-12-01,23:33:00,25606.75,25613,25605.75,25609.25,729,25656.28,25608.61,0.00
2025-12-01,23:34:00,25609,25614,25605.5,25613.75,514,25655.81,25609.02,0.00
2025-12-01,23:35:00,25613.75,25616.75,25608.25,25615.75,603,25655.31,25609.75,0.00
2025-12-01,23:36:00,25615,25619,25609.25,25611.5,679,25654.74,25610.29,0.00
2025-12-01,23:37:00,25611.5,25612.75,25606.5,25606.75,425,25654.36,25610.15,0.00
2025-12-01,23:38:00,25606.75,25610.5,25603,25609.5,675,25653.76,25609.84,0.00
2025-12-01,23:39:00,25609.25,25621,25609,25615.5,924,25653.08,25610.61,0.00
2025-12-01,23:40:00,25614.75,25617,25611,25613,343,25652.83,25610.76,0.00
2025-12-01,23:41:00,25613.25,25615.75,25611.5,25615.75,326,25652.59,25610.93,0.00
2025-12-01,23:42:00,25615.75,25621.5,25615.25,25620.25,612,25652.21,25611.57,0.00
2025-12-01,23:43:00,25621,25628,25621,25626.25,653,25651.89,25612.62,0.00
2025-12-01,23:44:00,25626.5,25633.75,25626,25632.5,899,25651.55,25614.38,0.00
2025-12-01,23:45:00,25632.25,25635.25,25631,25634.5,468,25651.40,25615.30,0.00
2025-12-01,23:46:00,25634.75,25635.25,25624,25625.25,741,25651.10,25616.21,0.00
2025-12-01,23:47:00,25626,25630.75,25624.25,25628.25,548,25650.88,25616.78,0.00
2025-12-01,23:48:00,25628.75,25635.5,25628.25,25634.75,472,25650.73,25617.44,0.00
2025-12-01,23:49:00,25635,25637,25632.75,25635,415,25650.62,25618.05,0.00
2025-12-01,23:50:00,25634.75,25635.25,25630.25,25632.75,333,25650.52,25618.45,0.00
2025-12-01,23:51:00,25633.25,25636,25632,25632.25,146,25650.47,25618.63,0.00
2025-12-01,23:52:00,25631.5,25635.25,25629.5,25634.75,336,25650.37,25619.01,0.00
2025-12-01,23:53:00,25634.25,25639.25,25634,25639.25,453,25650.28,25619.64,0.00
2025-12-01,23:54:00,25639.5,25643.25,25637.25,25643.25,630,25650.18,25620.63,0.00
2025-12-01,23:55:00,25643.25,25647.25,25640.25,25646,521,25650.13,25621.50,0.00
2025-12-01,23:56:00,25646,25652.75,25645.75,25652.25,766,25650.14,25622.95,0.00
2025-12-01,23:57:00,25653,25659.5,25653,25659,868,25650.23,25624.81,0.00
2025-12-01,23:58:00,25659.5,25660.5,25650.25,25651.75,643,25650.27,25625.95,0.00
2025-12-01,23:59:00,25651.75,25652.5,25642.75,25642.75,941,25650.21,25627.02,0.00
2025-12-01,00:00:00,25516.25,25516.5,25510.75,25513,306,25602.97,25510.33,0.00
2025-12-01,00:01:00,25512.25,25513.75,25509.25,25510,410,25602.83,25510.35,0.00
2025-12-01,00:02:00,25510,25514.75,25509.5,25514.25,268,25602.74,25510.40,0.00
2025-12-01,00:03:00,25514.25,25517,25512,25514.5,339,25602.62,25510.50,0.00
2025-12-01,00:04:00,25514.75,25517.75,25514,25514.25,267,25602.53,25510.60,0.00
2025-12-01,00:05:00,25515,25519.25,25510.75,25511.5,492,25602.36,25510.71,0.00
2025-12-01,00:06:00,25512.25,25516.75,25505.5,25508,621,25602.14,25510.69,0.00
2025-12-01,00:07:00,25507.75,25508.75,25503.25,25507,584,25601.93,25510.52,0.00
2025-12-01,00:08:00,25507.75,25516.75,25507,25515.5,498,25601.76,25510.60,0.00
2025-12-01,00:09:00,25516,25517.5,25509.75,25514.75,381,25601.64,25510.68,0.00
2025-12-01,00:10:00,25514.5,25516.25,25508.5,25508.5,248,25601.55,25510.69,0.00
2025-12-01,00:11:00,25508.25,25508.75,25505,25507.5,388,25601.41,25510.60,0.00
2025-12-01,00:12:00,25507.75,25509.75,25505.75,25506.25,321,25601.30,25510.54,0.00
2025-12-01,00:13:00,25506.5,25509,25503.25,25508,271,25601.20,25510.48,0.00
2025-12-01,00:14:00,25509,25512.75,25507,25507.5,517,25601.02,25510.44,0.00
2025-12-01,00:15:00,25507.25,25507.25,25500.75,25503,536,25600.82,25510.24,0.00
2025-12-01,00:16:00,25503,25504.25,25500.5,25501.75,268,25600.72,25510.13,0.00
2025-12-01,00:17:00,25502.5,25507.75,25502.25,25504,318,25600.61,25510.03,0.00
2025-12-01,00:18:00,25504.5,25510.75,25503.25,25508.75,286,25600.51,25510.00,0.00
2025-12-01,00:19:00,25509.25,25511.25,25506.25,25507.75,278,25600.41,25509.98,0.00
2025-12-01,00:20:00,25507.5,25511.75,25506.75,25506.75,218,25600.34,25509.96,0.00
2025-12-01,00:21:00,25506.25,25507.5,25502.5,25504.25,291,25600.23,25509.88,0.00
2025-12-01,00:22:00,25504.25,25506.5,25500.75,25502,230,25600.15,25509.81,0.00
2025-12-01,00:23:00,25502.25,25506.25,25501,25502.25,250,25600.06,25509.72,0.00
2025-12-01,00:24:00,25502.25,25504.75,25500.75,25502,238,25599.97,25509.64,0.00
2025-12-01,00:25:00,25501.5,25504.25,25498.5,25503.5,415,25599.82,25509.49,0.00
2025-12-01,00:26:00,25503.25,25508.25,25503.25,25506.25,536,25599.63,25509.41,0.00
2025-12-01,00:27:00,25505.75,25505.75,25496,25504.25,878,25599.31,25509.12,0.00
2025-12-01,00:28:00,25504.25,25505.5,25501.5,25505.5,253,25599.22,25509.06,0.00
2025-12-01,00:29:00,25505.75,25508.25,25504,25504,313,25599.12,25509.01,0.00
2025-12-01,00:30:00,25504.5,25506.25,25497.75,25501.5,361,25598.99,25508.90,0.00
2025-12-01,00:31:00,25501.5,25502.25,25495.25,25499.25,620,25598.76,25508.65,0.00
2025-12-01,00:32:00,25499.25,25502,25496.5,25501.25,300,25598.65,25508.54,0.00
2025-12-01,00:33:00,25500.5,25501.25,25497,25497.25,112,25598.61,25508.49,0.00
2025-12-01,00:34:00,25498,25504.25,25497.75,25501.25,289,25598.50,25508.41,0.00
2025-12-01,00:35:00,25501.75,25504.5,25500.5,25501.5,310,25598.39,25508.33,0.00
2025-12-01,00:36:00,25501.5,25501.75,25498.25,25500,178,25598.33,25508.27,0.00
2025-12-01,00:37:00,25499.75,25500,25495.5,25496.75,249,25598.24,25508.16,0.00
2025-12-01,00:38:00,25497.25,25504,25496.5,25503.5,429,25598.08,25508.05,0.00
2025-12-01,00:39:00,25503,25513,25502.5,25511.75,672,25597.86,25508.08,0.00
2025-12-01,00:40:00,25511.25,25513.5,25507.25,25509.5,530,25597.69,25508.12,0.00
2025-12-01,00:41:00,25510,25512,25506.25,25511.5,342,25597.59,25508.14,0.00
2025-12-01,00:42:00,25511.75,25515,25510.25,25512.25,372,25597.47,25508.20,0.00
2025-12-01,00:43:00,25512.5,25514,25509.25,25511.5,307,25597.37,25508.23,0.00
2025-12-01,00:44:00,25511.25,25512.75,25507.75,25508.25,203,25597.31,25508.24,0.00
2025-12-01,00:45:00,25508,25509.25,25504.5,25504.5,271,25597.22,25508.22,0.00
2025-12-01,00:46:00,25504.25,25505.25,25501.5,25503.25,447,25597.07,25508.15,0.00
2025-12-01,00:47:00,25503.25,25503.25,25497,25499.5,453,25596.91,25508.02,0.00
2025-12-01,00:48:00,25499,25502.25,25498.75,25499.25,251,25596.82,25507.96,0.00
2025-12-01,00:49:00,25499.25,25503.75,25498.75,25500.75,220,25596.74,25507.91,0.00
2025-12-01,00:50:00,25501,25506.5,25500,25504,325,25596.64,25507.86,0.00
2025-12-01,00:51:00,25503.5,25504.75,25499.5,25500.5,237,25596.55,25507.81,0.00
2025-12-01,00:52:00,25501,25502,25494.5,25495.25,454,25596.39,25507.66,0.00
2025-12-01,00:53:00,25495.25,25499,25492.75,25495,549,25596.19,25507.45,0.00
2025-12-01,00:54:00,25494.5,25494.75,25490.5,25491.5,489,25596.01,25507.21,0.00
2025-12-01,00:55:00,25491.5,25498,25488.75,25492.5,629,25595.78,25493.08,0.00
2025-12-01,00:56:00,25493.75,25494.5,25484.5,25485.5,904,25595.43,25488.17,0.00
2025-12-01,00:57:00,25485.75,25486.25,25480.5,25484.25,950,25595.05,25483.67,0.00
2025-12-01,00:58:00,25484.5,25487,25480.75,25486.75,778,25594.75,25484.19,0.00
2025-12-01,00:59:00,25487,25491.25,25485.25,25488.25,539,25594.55,25485.16,0.00
2025-12-01,01:00:00,25488.75,25489,25483.25,25483.5,527,25594.34,25485.17,0.00
2025-12-01,01:01:00,25484,25485.75,25474.5,25480,1568,25593.72,25480.08,0.00
2025-12-01,01:02:00,25480.25,25488.25,25480.25,25484,860,25593.39,25481.53,0.00
2025-12-01,01:03:00,25484,25484.5,25477,25477.5,429,25593.21,25481.25,0.00
2025-12-01,01:04:00,25478.75,25481.25,25476,25476,244,25593.12,25480.97,0.00
2025-12-01,01:05:00,25476,25476,25463.5,25469.75,2287,25592.14,25469.75,0.00
2025-12-01,01:06:00,25470,25472.5,25466,25470.75,654,25591.86,25469.75,0.00
2025-12-01,01:07:00,25470.75,25473.5,25463.25,25463.25,721,25591.55,25466.67,0.00
2025-12-01,01:08:00,25463.5,25470.75,25459.5,25470.5,1299,25590.99,25466.92,0.00
2025-12-01,01:09:00,25470,25475,25466.25,25469,677,25590.71,25468.00,0.00
2025-12-01,01:10:00,25469.25,25473,25465,25472.5,444,25590.53,25468.40,0.00
2025-12-01,01:11:00,25472.25,25480,25472.25,25478.75,1013,25590.14,25470.94,0.00
2025-12-01,01:12:00,25479.5,25480.75,25476.25,25477.5,486,25589.95,25471.83,0.00
2025-12-01,01:13:00,25477.75,25483.25,25475,25482,610,25589.73,25472.94,0.00
2025-12-01,01:14:00,25481,25483,25472,25472.5,562,25589.51,25473.26,0.00
2025-12-01,01:15:00,25473.25,25475.5,25469.5,25473,428,25589.34,25473.22,0.00
2025-12-01,01:16:00,25472.5,25477,25470.5,25472.5,433,25589.17,25473.23,0.00
2025-12-01,01:17:00,25472.5,25475,25469.5,25470.5,403,25589.01,25473.13,0.00
2025-12-01,01:18:00,25470.5,25472.25,25466.75,25468.75,351,25588.87,25472.92,0.00
2025-12-01,01:19:00,25469.5,25470.25,25462.25,25464.25,714,25588.57,25472.22,0.00
2025-12-01,01:20:00,25464.25,25465.75,25462,25464.5,340,25588.43,25471.86,0.00
2025-12-01,01:21:00,25464.25,25469.25,25461.25,25462.75,609,25588.18,25471.32,0.00
2025-12-01,01:22:00,25462.25,25468.25,25461,25466.5,394,25588.02,25471.05,0.00
2025-12-01,01:23:00,25466.25,25468.25,25461.5,25463,333,25587.88,25470.80,0.00
2025-12-01,01:24:00,25463,25465.5,25461.5,25463.75,264,25587.77,25470.59,0.00
2025-12-01,01:25:00,25464.25,25464.25,25457.25,25461,657,25587.49,25460.83,0.00
2025-12-01,01:26:00,25461,25465.5,25459.5,25461,534,25587.27,25461.36,0.00
2025-12-01,01:27:00,25460.25,25461.25,25457.25,25460.25,351,25587.12,25460.95,0.00
2025-12-01,01:28:00,25460.25,25461.75,25458.25,25460.25,226,25587.02,25460.84,0.00
2025-12-01,01:29:00,25460.75,25463.5,25457.5,25460.25,368,25586.87,25460.77,0.00
2025-12-01,01:30:00,25460.25,25464.5,25458.25,25459.25,266,25586.76,25460.76,0.00
2025-12-01,01:31:00,25458.75,25461.25,25455.75,25457,618,25586.49,25458.00,0.00
2025-12-01,01:32:00,25457.5,25466.5,25457,25464.5,538,25586.27,25460.17,0.00
2025-12-01,01:33:00,25465.25,25471,25464.25,25464.5,721,25585.99,25462.63,0.00
2025-12-01,01:34:00,25464,25464.25,25456.75,25461.5,471,25585.80,25462.27,0.00
2025-12-01,01:35:00,25462.25,25466.25,25460.75,25463.75,240,25585.70,25462.39,0.00
2025-12-01,01:36:00,25463.5,25464.5,25455.5,25458.25,598,25585.45,25459.42,0.00
2025-12-01,01:37:00,25458.25,25460.75,25448.25,25453.5,1323,25584.89,25454.17,0.00
2025-12-01,01:38:00,25453.5,25454.25,25447,25449,719,25584.57,25450.08,0.00
2025-12-01,01:39:00,25449.25,25453.75,25446.75,25451.25,572,25584.32,25450.58,0.00
2025-12-01,01:40:00,25452.25,25460.25,25449.75,25460.25,791,25583.99,25454.16,0.00
2025-12-01,01:41:00,25460,25464.75,25459.25,25462.5,648,25583.74,25456.74,0.00
2025-12-01,01:42:00,25462.25,25469.75,25462,25465.25,469,25583.56,25458.43,0.00
2025-12-01,01:43:00,25465.5,25470,25464,25469.5,359,25583.42,25459.62,0.00
2025-12-01,01:44:00,25469.75,25473.25,25468,25471,637,25583.19,25461.66,0.00
2025-12-01,01:45:00,25471.25,25472.5,25467.25,25470.5,396,25583.05,25462.52,0.00
2025-12-01,01:46:00,25471.25,25479,25470,25478.25,800,25582.77,25464.79,0.00
2025-12-01,01:47:00,25478.5,25479.25,25475.25,25475.75,452,25582.62,25465.84,0.00
2025-12-01,01:48:00,25476.25,25483,25475.75,25481.25,515,25582.45,25467.13,0.00
2025-12-01,01:49:00,25481.75,25485,25479.75,25482,614,25582.25,25468.62,0.00
2025-12-01,01:50:00,25481.5,25484.25,25479.5,25480.25,270,25582.17,25469.14,0.00
2025-12-01,01:51:00,25480.25,25485.75,25480.25,25484.75,427,25582.03,25470.03,0.00
2025-12-01,01:52:00,25485,25487.25,25482.25,25485.5,536,25581.87,25471.10,0.00
2025-12-01,01:53:00,25485.75,25487,25482.75,25484.5,283,25581.78,25471.60,0.00
2025-12-01,01:54:00,25485.5,25489,25482,25483.75,534,25581.62,25472.46,0.00
2025-12-01,01:55:00,25484,25492.25,25484,25492,553,25581.46,25473.52,0.00
2025-12-01,01:56:00,25492,25494.25,25487.75,25494.25,575,25581.29,25474.65,0.00
2025-12-01,01:57:00,25494.5,25498.5,25492.75,25498,910,25581.05,25476.56,0.00
2025-12-01,01:58:00,25497.75,25505.5,25497.25,25504,961,25580.81,25478.75,0.00
2025-12-01,01:59:00,25504,25510.75,25503.5,25507,982,25580.58,25481.01,0.00
2025-12-01,02:00:00,25506.5,25507.5,25502.25,25505,548,25580.46,25482.03,0.00
2025-12-01,02:01:00,25504.5,25512.5,25503.75,25508,837,25580.27,25483.63,0.00
2025-12-01,02:02:00,25507.25,25510.25,25505.25,25509.25,364,25580.18,25484.27,0.00
2025-12-01,02:03:00,25509.5,25511,25502.5,25502.75,466,25580.08,25484.95,0.00
2025-12-01,02:04:00,25503,25504.25,25495,25495.5,772,25579.88,25485.62,0.00
2025-12-01,02:05:00,25496.25,25498.75,25490,25491.75,535,25579.74,25485.89,0.00
2025-12-01,02:06:00,25492.25,25492.75,25485.75,25487.75,709,25579.54,25486.01,0.00
2025-12-01,02:07:00,25487.25,25492.75,25486.75,25490.5,376,25579.43,25486.10,0.00
2025-12-01,02:08:00,25490.5,25500.75,25488.5,25497.25,857,25579.21,25486.55,0.00
2025-12-01,02:09:00,25497.5,25503.75,25496,25500.5,487,25579.09,25486.91,0.00
2025-12-01,02:10:00,25501.25,25504.5,25498.5,25498.5,335,25579.01,25487.16,0.00
2025-12-01,02:11:00,25500.25,25503.5,25496,25496,422,25578.91,25487.41,0.00
2025-12-01,02:12:00,25496.5,25505.75,25495.5,25503,480,25578.79,25487.76,0.00
2025-12-01,02:13:00,25502.75,25506.25,25501.5,25505.25,234,25578.74,25487.95,0.00
2025-12-01,02:14:00,25506,25508.5,25502.5,25505.5,386,25578.65,25488.29,0.00
2025-12-01,02:15:00,25504.5,25506.75,25501.75,25503.75,449,25578.55,25488.64,0.00
2025-12-01,02:16:00,25504.25,25507.5,25504.25,25506.25,165,25578.52,25488.77,0.00
2025-12-01,02:17:00,25505.5,25509,25505.5,25506.75,226,25578.47,25488.97,0.00
2025-12-01,02:18:00,25507,25510,25505,25505.75,288,25578.40,25489.21,0.00
2025-12-01,02:19:00,25505.75,25507.25,25503,25505,212,25578.36,25489.37,0.00
2025-12-01,02:20:00,25504.5,25507.25,25499.5,25506.75,448,25578.26,25489.68,0.00
2025-12-01,02:21:00,25506.75,25510.5,25505.25,25506.25,432,25578.16,25490.02,0.00
2025-12-01,02:22:00,25507,25510.75,25505.25,25510.25,226,25578.12,25490.21,0.00
2025-12-01,02:23:00,25510.25,25515.25,25507,25509,838,25577.94,25490.94,0.00
2025-12-01,02:24:00,25508.5,25513,25507.25,25508.75,515,25577.84,25491.34,0.00
2025-12-01,02:25:00,25508,25512.5,25507,25512,285,25577.78,25491.57,0.00
2025-12-01,02:26:00,25512.25,25517,25510.75,25514.75,666,25577.65,25492.17,0.00
2025-12-01,02:27:00,25515.25,25521.25,25514.25,25515.5,741,25577.52,25492.89,0.00
2025-12-01,02:28:00,25515.25,25521.25,25512.5,25514.5,476,25577.43,25493.31,0.00
2025-12-01,02:29:00,25513.25,25517,25510.5,25517,470,25577.34,25493.70,0.00
2025-12-01,02:30:00,25516.75,25518.5,25514,25514.25,433,25577.26,25494.05,0.00
2025-12-01,02:31:00,25515.25,25517.75,25511.5,25514.75,405,25577.18,25494.35,0.00
2025-12-01,02:32:00,25513.5,25515,25503.75,25503.75,624,25577.05,25494.64,0.00
2025-12-01,02:33:00,25503.75,25512,25501,25511.25,777,25576.90,25495.01,0.00
2025-12-01,02:34:00,25511.25,25515.25,25508,25509.25,489,25576.80,25495.27,0.00
2025-12-01,02:35:00,25508.25,25508.5,25505,25508.25,343,25576.73,25495.41,0.00
2025-12-01,02:36:00,25508.25,25511.5,25505,25509.75,296,25576.67,25495.54,0.00
2025-12-01,02:37:00,25510.25,25512.75,25508,25511.75,271,25576.62,25495.68,0.00
2025-12-01,02:38:00,25511.75,25514.5,25509.25,25513.5,254,25576.57,25495.82,0.00
2025-12-01,02:39:00,25513,25517.5,25511.5,25513.75,297,25576.51,25496.00,0.00
2025-12-01,02:40:00,25514,25516.75,25511,25515.25,309,25576.46,25496.18,0.00
2025-12-01,02:41:00,25515.5,25518,25511.75,25518,373,25576.39,25496.42,0.00
2025-12-01,02:42:00,25517.25,25520.25,25514,25519.5,304,25576.34,25496.62,0.00
2025-12-01,02:43:00,25519.25,25521.25,25516.25,25518,302,25576.28,25496.83,0.00
2025-12-01,02:44:00,25517.5,25518.75,25515.5,25516.25,188,25576.25,25496.94,0.00
2025-12-01,02:45:00,25517,25523.25,25516.75,25522.25,405,25576.19,25497.24,0.00
2025-12-01,02:46:00,25522,25523.25,25519.25,25520.5,266,25576.14,25497.43,0.00
2025-12-01,02:47:00,25521,25524.5,25516.75,25516.75,700,25576.03,25497.89,0.00
2025-12-01,02:48:00,25516.75,25519.75,25514.75,25517,340,25575.97,25498.08,0.00
2025-12-01,02:49:00,25517,25518,25512,25515,384,25575.90,25498.27,0.00
2025-12-01,02:50:00,25515.5,25517.5,25511.25,25516.25,245,25575.85,25498.39,0.00
2025-12-01,02:51:00,25516.5,25517.75,25513.75,25514.75,213,25575.82,25498.50,0.00
2025-12-01,02:52:00,25514.75,25516.5,25513.75,25514.75,132,25575.79,25498.56,0.00
2025-12-01,02:53:00,25514.75,25515.75,25511.25,25512.75,189,25575.76,25498.64,0.00
2025-12-01,02:54:00,25513,25516.25,25513,25515.25,88,25575.74,25498.68,0.00
2025-12-01,02:55:00,25515.25,25517.75,25514.5,25515.75,136,25575.72,25498.74,0.00
2025-12-01,02:56:00,25516,25521,25516,25519.75,322,25575.67,25498.93,0.00
2025-12-01,02:57:00,25520.5,25521,25516.5,25516.5,226,25575.63,25499.05,0.00
2025-12-01,02:58:00,25517.5,25521.5,25517,25520.75,243,25575.59,25499.19,0.00
2025-12-01,02:59:00,25520.75,25525.25,25519.75,25523.75,343,25575.54,25499.41,0.00
2025-12-01,03:00:00,25523.75,25524.25,25519.5,25521.75,388,25575.48,25499.65,0.00
2025-12-01,03:01:00,25521.25,25526.75,25517.25,25519.25,961,25575.32,25500.19,0.00
2025-12-01,03:02:00,25519.75,25520.75,25512.5,25519,509,25575.24,25500.42,0.00
2025-12-01,03:03:00,25519.25,25529.75,25519.25,25519.75,865,25575.11,25500.92,0.00
2025-12-01,03:04:00,25520.25,25520.75,25508.25,25514,964,25574.94,25501.24,0.00
2025-12-01,03:05:00,25514.5,25516.25,25505.25,25507.25,786,25574.79,25501.40,0.00
2025-12-01,03:06:00,25507.5,25515,25503.25,25504,680,25574.66,25501.50,0.00
2025-12-01,03:07:00,25504.25,25508.5,25500.5,25505,614,25574.54,25501.54,0.00
2025-12-01,03:08:00,25506,25512.25,25505,25511.75,392,25574.46,25501.62,0.00
2025-12-01,03:09:00,25511.75,25515,25507.5,25511,449,25574.38,25501.72,0.00
2025-12-01,03:10:00,25511.25,25517.25,25510.75,25514.75,457,25574.30,25501.85,0.00
2025-12-01,03:11:00,25514.75,25523.75,25514.5,25522,493,25574.23,25502.06,0.00
2025-12-01,03:12:00,25521.25,25522.25,25507.5,25510,548,25574.13,25502.19,0.00
2025-12-01,03:13:00,25509.5,25511.75,25507.25,25509,285,25574.08,25502.24,0.00
2025-12-01,03:14:00,25508.75,25511.25,25502.5,25505.25,442,25574.00,25502.28,0.00
2025-12-01,03:15:00,25505.5,25506.75,25502.25,25504.75,292,25573.94,25502.29,0.00
2025-12-01,03:16:00,25504.75,25512,25504.5,25504.75,371,25573.87,25502.33,0.00
2025-12-01,03:17:00,25505.5,25507.25,25501.5,25505.5,403,25573.79,25502.35,0.00
2025-12-01,03:18:00,25505.75,25507.5,25502.25,25505,231,25573.74,25502.37,0.00
2025-12-01,03:19:00,25505.25,25509.25,25492,25496.75,976,25573.54,25502.30,0.00
2025-12-01,03:20:00,25496.75,25501.5,25492.5,25498.5,646,25573.40,25502.24,0.00
2025-12-01,03:21:00,25498.5,25501.75,25493.25,25498.5,566,25573.28,25502.19,0.00
2025-12-01,03:22:00,25498.25,25500.75,25493.75,25495.25,331,25573.21,25502.15,0.00
2025-12-01,03:23:00,25495.25,25498.5,25491,25492,453,25573.11,25502.07,0.00
2025-12-01,03:24:00,25492.5,25501,25491.75,25499.25,412,25573.02,25502.03,0.00
2025-12-01,03:25:00,25499.75,25507.5,25497.25,25506.5,573,25572.91,25502.05,0.00
2025-12-01,03:26:00,25506.25,25518.75,25505.25,25514.5,1042,25572.74,25502.27,0.00
2025-12-01,03:27:00,25515.5,25517.25,25510,25515.5,418,25572.67,25502.37,0.00
2025-12-01,03:28:00,25514.75,25525,25510.25,25522.25,899,25572.53,25502.65,0.00
2025-12-01,03:29:00,25522.75,25535.25,25520.5,25533.25,1007,25572.41,25503.16,0.00
2025-12-01,03:30:00,25533.75,25538,25528.25,25528.75,1291,25572.27,25503.83,0.00
2025-12-01,03:31:00,25529.5,25536,25528.75,25534.25,717,25572.19,25504.20,0.00
2025-12-01,03:32:00,25534.25,25534.75,25526.25,25528.5,418,25572.14,25504.39,0.00
2025-12-01,03:33:00,25527.75,25529.5,25515.5,25519.5,842,25572.03,25504.64,0.00
2025-12-01,03:34:00,25520.5,25526.5,25519.5,25525.25,427,25571.97,25504.78,0.00
2025-12-01,03:35:00,25525.25,25529.25,25522.75,25526.75,237,25571.94,25504.87,0.00
2025-12-01,03:36:00,25526.75,25528,25523.25,25526.25,210,25571.91,25504.95,0.00
2025-12-01,03:37:00,25525.75,25527.25,25521.25,25524.75,204,25571.89,25505.02,0.00
2025-12-01,03:38:00,25525.5,25530.5,25524.75,25528,243,25571.86,25505.11,0.00
2025-12-01,03:39:00,25528,25529.25,25524.5,25524.5,255,25571.82,25505.20,0.00
2025-12-01,03:40:00,25525.5,25526.25,25519.25,25523.5,347,25571.78,25505.31,0.00
2025-12-01,03:41:00,25524.5,25526.75,25523.25,25525.75,148,25571.76,25505.36,0.00
2025-12-01,03:42:00,25525.75,25529.75,25524,25528.75,333,25571.72,25505.48,0.00
2025-12-01,03:43:00,25528.5,25533.5,25526.5,25526.5,367,25571.68,25505.62,0.00
2025-12-01,03:44:00,25527.75,25531.75,25523.25,25524.5,371,25571.63,25505.75,0.00
2025-12-01,03:45:00,25524.75,25526.5,25520.5,25524,310,25571.59,25505.84,0.00
2025-12-01,03:46:00,25524.25,25527.75,25523.25,25524.75,114,25571.58,25505.88,0.00
2025-12-01,03:47:00,25524.75,25530.25,25522.5,25530.25,210,25571.55,25505.96,0.00
2025-12-01,03:48:00,25530.25,25534.75,25528,25531.25,306,25571.52,25506.08,0.00
2025-12-01,03:49:00,25531,25537,25531,25533,484,25571.47,25506.30,0.00
2025-12-01,03:50:00,25533,25534.5,25527.75,25534.5,287,25571.44,25506.42,0.00
2025-12-01,03:51:00,25534.5,25537.5,25523,25524,469,25571.38,25506.58,0.00
2025-12-01,03:52:00,25524,25529.25,25521.5,25528.5,284,25571.35,25506.67,0.00
2025-12-01,03:53:00,25528.5,25530.5,25524.25,25525,202,25571.32,25506.74,0.00
2025-12-01,03:54:00,25525.25,25529,25522,25529,231,25571.30,25506.81,0.00
2025-12-01,03:55:00,25529.25,25530.75,25528,25529,163,25571.28,25506.87,0.00
2025-12-01,03:56:00,25528.5,25530.25,25526.5,25530,116,25571.26,25506.91,0.00
2025-12-01,03:57:00,25530,25530.25,25522.75,25523.75,264,25571.23,25506.98,0.00
2025-12-01,03:58:00,25522.75,25523.75,25520.25,25522.5,214,25571.20,25507.03,0.00
2025-12-01,03:59:00,25522,25527.25,25522,25525,297,25571.17,25507.12,0.00
2025-12-01,04:00:00,25525.5,25535.5,25525,25532.25,647,25571.10,25507.35,0.00
2025-12-01,04:01:00,25532,25537.25,25523.75,25528,900,25571.00,25507.66,0.00
2025-12-01,04:02:00,25528.75,25540,25526,25537.5,835,25570.91,25508.00,0.00
2025-12-01,04:03:00,25537.75,25544.5,25536,25540.75,850,25570.84,25508.40,0.00
2025-12-01,04:04:00,25541,25541.25,25525,25527.5,581,25570.78,25508.60,0.00
2025-12-01,04:05:00,25528,25528.25,25522.5,25525.5,494,25570.72,25508.72,0.00
2025-12-01,04:06:00,25525.25,25545,25521.5,25543.75,968,25570.64,25509.11,0.00
2025-12-01,04:07:00,25543.75,25551,25542,25549.25,948,25570.58,25509.63,0.00
2025-12-01,04:08:00,25548.5,25567.25,25545.5,25565,1332,25570.54,25510.55,0.00
2025-12-01,04:09:00,25564.5,25565.5,25556,25557,814,25570.51,25511.10,0.00
2025-12-01,04:10:00,25557,25557.75,25550.75,25555,630,25570.49,25511.47,0.00
2025-12-01,04:11:00,25554.25,25560,25553.25,25556,659,25570.46,25511.87,0.00
2025-12-01,04:12:00,25555.75,25561.25,25551.25,25561,789,25570.44,25512.35,0.00
2025-12-01,04:13:00,25561.25,25563.25,25557.5,25558,439,25570.43,25512.63,0.00
2025-12-01,04:14:00,25558,25566.75,25558,25565.25,476,25570.42,25512.95,0.00
2025-12-01,04:15:00,25565.75,25566.5,25557.75,25564.75,420,25570.41,25513.23,0.00
2025-12-01,04:16:00,25565.25,25571.75,25565.25,25567,853,25570.40,25513.83,0.00
2025-12-01,04:17:00,25567.25,25578,25567.25,25576.25,987,25570.41,25514.59,0.00
2025-12-01,04:18:00,25575.5,25586.25,25574.25,25581.25,1198,25570.44,25515.59,0.00
2025-12-01,04:19:00,25580.75,25586.75,25576.25,25586.25,855,25570.47,25516.32,0.00
2025-12-01,04:20:00,25586.75,25593.75,25584,25588,1447,25570.54,25517.60,0.00
2025-12-01,04:21:00,25588,25592,25584.5,25586.75,671,25570.57,25518.18,0.00
2025-12-01,04:22:00,25585.75,25594.5,25581.75,25591.75,938,25570.61,25518.98,0.00
2025-12-01,04:23:00,25591.5,25593,25584.25,25590.75,517,25570.64,25519.42,0.00
2025-12-01,04:24:00,25590.75,25596.25,25585.25,25591.25,895,25570.68,25520.17,0.00
2025-12-01,04:25:00,25591.5,25593.25,25584.25,25589,525,25570.71,25520.60,0.00
2025-12-01,04:26:00,25588.25,25588.75,25580.5,25581.5,687,25570.73,25521.10,0.00
2025-12-01,04:27:00,25582,25584.5,25579,25583,527,25570.75,25521.48,0.00
2025-12-01,04:28:00,25583,25583.25,25576.25,25576.5,415,25570.76,25521.75,0.00
2025-12-01,04:29:00,25576.5,25581.5,25573.25,25581.5,690,25570.77,25522.20,0.00
2025-12-01,04:30:00,25581.5,25587.75,25581.5,25584.75,486,25570.79,25522.55,0.00
2025-12-01,04:31:00,25585.25,25588.25,25577,25577.5,620,25570.80,25522.96,0.00
2025-12-01,04:32:00,25578,25582,25573.75,25578,513,25570.81,25523.28,0.00
2025-12-01,04:33:00,25577.75,25580.25,25572.25,25574.25,451,25570.82,25523.54,0.00
2025-12-01,04:34:00,25574.25,25577,25569.75,25571.75,380,25570.82,25523.75,0.00
2025-12-01,04:35:00,25572.25,25575,25566.75,25569.25,347,25570.82,25523.93,0.00
2025-12-01,04:36:00,25568.5,25585,25568.25,25584.25,627,25570.83,25524.31,0.00
2025-12-01,04:37:00,25585,25586,25571,25571.75,538,25570.84,25524.62,0.00
2025-12-01,04:38:00,25571.5,25580.5,25569.75,25580,570,25570.85,25524.94,0.00
2025-12-01,04:39:00,25579.75,25584.25,25576.25,25578.5,520,25570.86,25525.25,0.00
2025-12-01,04:40:00,25578.75,25581,25573.5,25577.5,365,25570.86,25525.45,0.00
2025-12-01,04:41:00,25577.5,25578.5,25573.25,25574.5,280,25570.87,25525.61,0.00
2025-12-01,04:42:00,25574,25578.25,25572,25575.5,269,25570.87,25525.75,0.00
2025-12-01,04:43:00,25575,25578.25,25572,25574.75,269,25570.87,25525.89,0.00
2025-12-01,04:44:00,25574.75,25585.25,25573.75,25583.5,336,25570.88,25526.09,0.00
2025-12-01,04:45:00,25584,25586,25579.25,25582.75,256,25570.89,25526.24,0.00
2025-12-01,04:46:00,25583.5,25585.75,25577.25,25580.75,275,25570.90,25526.40,0.00
2025-12-01,04:47:00,25580.5,25581,25571,25571,318,25570.90,25526.56,0.00
2025-12-01,04:48:00,25571,25575.25,25566,25572.25,574,25570.90,25526.83,0.00
2025-12-01,04:49:00,25571.25,25576.5,25569.5,25572.25,237,25570.90,25526.95,0.00
2025-12-01,04:50:00,25572.25,25576.75,25570.75,25572,191,25570.90,25527.04,0.00
2025-12-01,04:51:00,25571.5,25574.75,25568.25,25572.75,213,25570.90,25527.14,0.00
2025-12-01,04:52:00,25572,25576.5,25570.75,25574.75,155,25570.90,25527.21,0.00
2025-12-01,04:53:00,25575.5,25577.5,25571.75,25573.75,206,25570.91,25527.31,0.00
2025-12-01,04:54:00,25572.25,25578.5,25569.5,25574.75,331,25570.91,25527.48,0.00
2025-12-01,04:55:00,25575,25578.5,25573.5,25576.5,189,25570.91,25527.57,0.00
2025-12-01,04:56:00,25576.75,25579.75,25574.5,25577.5,205,25570.91,25527.68,0.00
2025-12-01,04:57:00,25576.75,25577.75,25570.25,25572,284,25570.92,25527.81,0.00
2025-12-01,04:58:00,25571.5,25572,25564.75,25568.5,432,25570.91,25527.99,0.00
2025-12-01,04:59:00,25568.25,25569.5,25563.5,25566.5,442,25570.91,25528.16,0.00
2025-12-01,05:00:00,25566.25,25567,25559.75,25562,566,25570.90,25528.36,0.00
2025-12-01,05:01:00,25561.25,25568,25558.25,25565.75,770,25570.88,25528.64,0.00
2025-12-01,05:02:00,25565.25,25573.5,25564.25,25566.5,548,25570.88,25528.85,0.00
2025-12-01,05:03:00,25566.75,25567.25,25551.25,25555.5,1075,25570.85,25529.16,0.00
2025-12-01,05:04:00,25556.5,25569,25556.25,25565.5,820,25570.83,25529.44,0.00
2025-12-01,05:05:00,25566.5,25568,25560.5,25566,285,25570.83,25529.54,0.00
2025-12-01,05:06:00,25565.75,25585.5,25565,25581.75,1234,25570.85,25530.11,0.00
2025-12-01,05:07:00,25582.75,25588.5,25582,25587.75,567,25570.87,25530.42,0.00
2025-12-01,05:08:00,25587,25591.5,25585.5,25587.75,623,25570.89,25530.76,0.00
2025-12-01,05:09:00,25586.5,25592.75,25586,25588,640,25570.92,25531.11,0.00
2025-12-01,05:10:00,25588.75,25593.25,25586,25592.75,442,25570.94,25531.36,0.00
2025-12-01,05:11:00,25592.75,25594.5,25587.75,25589.75,496,25570.97,25531.64,0.00
2025-12-01,05:12:00,25590.5,25593,25586.5,25588.75,447,25570.99,25531.88,0.00
2025-12-01,05:13:00,25588.5,25592,25584.25,25584.25,279,25571.00,25532.03,0.00
2025-12-01,05:14:00,25584.5,25585,25574.5,25574.5,706,25571.01,25532.33,0.00
2025-12-01,05:15:00,25575,25579.25,25571.75,25575.75,510,25571.02,25532.53,0.00
2025-12-01,05:16:00,25575.75,25582.25,25573.5,25580.75,380,25571.02,25532.69,0.00
2025-12-01,05:17:00,25581,25586.5,25576.75,25585.5,495,25571.04,25532.92,0.00
2025-12-01,05:18:00,25585.75,25586.5,25573.25,25576.75,349,25571.04,25533.07,0.00
2025-12-01,05:19:00,25576.75,25578,25568.25,25569.5,387,25571.04,25533.21,0.00
2025-12-01,05:20:00,25568.5,25571,25563.5,25565,485,25571.04,25533.35,0.00
2025-12-01,05:21:00,25565.5,25565.5,25559.75,25563,417,25571.03,25533.46,0.00
2025-12-01,05:22:00,25563.25,25568.75,25560,25561,513,25571.02,25533.60,0.00
2025-12-01,05:23:00,25560.75,25567.75,25559.5,25562.75,346,25571.01,25533.69,0.00
2025-12-01,05:24:00,25562.75,25568.75,25555.25,25567,739,25571.00,25533.89,0.00
2025-12-01,05:25:00,25567.25,25570.5,25564.25,25568.5,424,25571.00,25534.02,0.00
2025-12-01,05:26:00,25569.25,25574.25,25566,25572,432,25571.00,25534.16,0.00
2025-12-01,05:27:00,25572,25574.25,25567.75,25571.75,439,25571.00,25534.30,0.00
2025-12-01,05:28:00,25571.5,25573.25,25569.75,25572.75,251,25571.00,25534.38,0.00
2025-12-01,05:29:00,25572.5,25577.75,25567.25,25574.5,438,25571.00,25534.53,0.00
2025-12-01,05:30:00,25573,25575.25,25568.25,25572,242,25571.00,25534.61,0.00
2025-12-01,05:31:00,25571.25,25572.5,25565.25,25565.5,425,25571.00,25534.73,0.00
2025-12-01,05:32:00,25566.25,25570.75,25563,25565.5,401,25570.99,25534.84,0.00
2025-12-01,05:33:00,25564.75,25571,25560.5,25563.25,390,25570.99,25534.95,0.00
2025-12-01,05:34:00,25563.25,25565.25,25560.5,25561.75,260,25570.98,25535.01,0.00
2025-12-01,05:35:00,25562,25567.5,25561,25563,231,25570.98,25535.06,0.00
2025-12-01,05:36:00,25563,25565.25,25553.25,25556,620,25570.96,25535.19,0.00
2025-12-01,05:37:00,25556.75,25564.5,25552.5,25562.5,571,25570.95,25535.31,0.00
2025-12-01,05:38:00,25563,25564.75,25554,25556.75,301,25570.94,25535.37,0.00
2025-12-01,05:39:00,25556.25,25559.25,25545.25,25548.5,1088,25570.89,25535.51,0.00
2025-12-01,05:40:00,25548.25,25548.25,25538.25,25546,1003,25570.82,25535.58,0.00
2025-12-01,05:41:00,25546.75,25547,25538,25542.25,542,25570.79,25535.61,0.00
2025-12-01,05:42:00,25541.25,25546.25,25539.5,25541.75,476,25570.76,25535.64,0.00
2025-12-01,05:43:00,25540.75,25545,25536.75,25542.75,509,25570.72,25535.66,0.00
2025-12-01,05:44:00,25541.25,25546.25,25540,25541.25,246,25570.70,25535.68,0.00
2025-12-01,05:45:00,25540.5,25548.25,25540.5,25546.25,431,25570.68,25535.71,0.00
2025-12-01,05:46:00,25546.25,25553.75,25545.5,25548.75,561,25570.65,25535.77,0.00
2025-12-01,05:47:00,25548.5,25551,25537.75,25539.25,671,25570.61,25535.81,0.00
2025-12-01,05:48:00,25539.75,25540.25,25534.75,25536,638,25570.56,25535.82,0.00
2025-12-01,05:49:00,25535.75,25539,25526.5,25538,1177,25570.46,25535.81,0.00
2025-12-01,05:50:00,25537.25,25542.75,25536.75,25541.75,486,25570.43,25535.82,0.00
2025-12-01,05:51:00,25542,25542.75,25529.5,25532.25,659,25570.37,25535.82,0.00
2025-12-01,05:52:00,25532.5,25538,25528.75,25532,604,25570.32,25535.80,0.00
2025-12-01,05:53:00,25532,25538.75,25528.25,25538.5,364,25570.29,25535.80,0.00
2025-12-01,05:54:00,25539,25544.25,25534,25538.25,724,25570.24,25535.82,0.00
2025-12-01,05:55:00,25539,25541.5,25534.5,25535.25,211,25570.22,25535.82,0.00
2025-12-01,05:56:00,25535.5,25535.75,25529.25,25533.75,399,25570.19,25535.81,0.00
2025-12-01,05:57:00,25534.25,25537.5,25528.5,25530.25,390,25570.15,25535.80,0.00
2025-12-01,05:58:00,25529.75,25538.5,25525.5,25536,621,25570.10,25535.79,0.00
2025-12-01,05:59:00,25536,25539.75,25531.25,25538,270,25570.08,25535.79,0.00
2025-12-01,06:00:00,25537.75,25540.25,25534.25,25534.25,190,25570.06,25535.79,0.00
2025-12-01,06:01:00,25534.25,25546,25534.25,25545.25,571,25570.03,25535.82,0.00
2025-12-01,06:02:00,25544.25,25545,25540,25540.75,305,25570.01,25535.83,0.00
2025-12-01,06:03:00,25540.75,25543.75,25536.75,25543.25,395,25569.98,25535.85,0.00
2025-12-01,06:04:00,25543.25,25550.5,25542,25548.25,490,25569.96,25535.89,0.00
2025-12-01,06:05:00,25548,25550.75,25542.5,25550.75,406,25569.94,25535.93,0.00
2025-12-01,06:06:00,25550.5,25556.25,25548.5,25555,498,25569.92,25535.99,0.00
2025-12-01,06:07:00,25554.5,25562.75,25553.5,25559,704,25569.90,25536.11,0.00
2025-12-01,06:08:00,25559.5,25563.75,25559,25563,353,25569.89,25536.18,0.00
2025-12-01,06:09:00,25562.75,25564.75,25560.25,25563.75,324,25569.89,25536.24,0.00
2025-12-01,06:10:00,25564,25564.5,25554.75,25560.5,551,25569.88,25536.34,0.00
2025-12-01,06:11:00,25560.5,25564.75,25558.25,25562.75,244,25569.87,25536.39,0.00
2025-12-01,06:12:00,25562.5,25564.25,25560.5,25561.25,146,25569.87,25536.41,0.00
2025-12-01,06:13:00,25560.5,25569.75,25559,25569.25,469,25569.86,25536.52,0.00
2025-12-01,06:14:00,25569.75,25572,25567.75,25569,465,25569.86,25536.63,0.00
2025-12-01,06:15:00,25568.5,25570,25562.25,25565.75,355,25569.86,25536.71,0.00
2025-12-01,06:16:00,25565.75,25570.75,25564.75,25566.25,347,25569.86,25536.78,0.00
2025-12-01,06:17:00,25566,25567.5,25559.75,25560,353,25569.85,25536.85,0.00
2025-12-01,06:18:00,25560.5,25564,25556.5,25558.25,325,25569.85,25536.90,0.00
2025-12-01,06:19:00,25558.75,25560.5,25556.75,25559.25,299,25569.84,25536.95,0.00
2025-12-01,06:20:00,25559.25,25562.75,25559,25562,269,25569.83,25537.00,0.00
2025-12-01,06:21:00,25562.5,25566.5,25561,25563.75,324,25569.83,25537.06,0.00
2025-12-01,06:22:00,25563.75,25567,25563.25,25563.75,245,25569.83,25537.11,0.00
2025-12-01,06:23:00,25564.5,25568,25560,25568,346,25569.82,25537.18,0.00
2025-12-01,06:24:00,25568.25,25569.25,25564,25568,323,25569.82,25537.25,0.00
2025-12-01,06:25:00,25567.25,25569.5,25565.25,25568.5,304,25569.82,25537.32,0.00
2025-12-01,06:26:00,25568.25,25575.25,25567.75,25573.75,522,25569.82,25537.45,0.00
2025-12-01,06:27:00,25574,25577.5,25571,25574.5,432,25569.83,25537.56,0.00
2025-12-01,06:28:00,25574.25,25575.25,25567,25568.25,414,25569.83,25537.66,0.00
2025-12-01,06:29:00,25567.5,25567.5,25563.25,25565,355,25569.82,25537.73,0.00
2025-12-01,06:30:00,25564.5,25568.25,25563.25,25566,229,25569.82,25537.77,0.00
2025-12-01,06:31:00,25565.75,25571.5,25564,25571,282,25569.82,25537.83,0.00
2025-12-01,06:32:00,25570.5,25572.5,25568.25,25571.25,436,25569.82,25537.93,0.00
2025-12-01,06:33:00,25571.5,25573,25568.25,25570.5,219,25569.82,25537.99,0.00
2025-12-01,06:34:00,25570.5,25571.25,25567,25568.5,254,25569.82,25538.04,0.00
2025-12-01,06:35:00,25569.25,25570.5,25565.5,25568.25,168,25569.82,25538.08,0.00
2025-12-01,06:36:00,25569.25,25571.75,25565.25,25570.5,220,25569.82,25538.12,0.00
2025-12-01,06:37:00,25571,25574.5,25567.75,25568.5,368,25569.82,25538.21,0.00
2025-12-01,06:38:00,25568,25574.25,25567.25,25574,237,25569.82,25538.26,0.00
2025-12-01,06:39:00,25574.25,25575,25570.25,25572.75,238,25569.82,25538.32,0.00
2025-12-01,06:40:00,25571.75,25571.75,25565.5,25567.25,274,25569.82,25538.38,0.00
2025-12-01,06:41:00,25567.5,25573,25564.5,25564.5,509,25569.82,25538.48,0.00
2025-12-01,06:42:00,25564.25,25567.25,25558,25565,683,25569.81,25538.59,0.00
2025-12-01,06:43:00,25565.75,25571,25563.5,25567,344,25569.81,25538.66,0.00
2025-12-01,06:44:00,25567,25571.75,25566.25,25568.75,216,25569.81,25538.71,0.00
2025-12-01,06:45:00,25568,25582.25,25568,25582,630,25569.82,25538.87,0.00
2025-12-01,06:46:00,25581.5,25587,25571.75,25573.75,1027,25569.83,25539.14,0.00
2025-12-01,06:47:00,25573.75,25577.75,25569.25,25576.5,491,25569.84,25539.26,0.00
2025-12-01,06:48:00,25577.25,25584,25577.25,25581.75,404,25569.85,25539.37,0.00
2025-12-01,06:49:00,25582,25584.25,25577.5,25579.25,347,25569.86,25539.47,0.00
2025-12-01,06:50:00,25578.75,25580,25575.5,25578.25,241,25569.86,25539.53,0.00
2025-12-01,06:51:00,25578.5,25579.75,25570.5,25575,344,25569.87,25539.61,0.00
2025-12-01,06:52:00,25573.75,25576.5,25569.25,25571.75,243,25569.87,25539.67,0.00
2025-12-01,06:53:00,25571,25572.5,25568.75,25570.25,220,25569.87,25539.71,0.00
2025-12-01,06:54:00,25569.5,25575.25,25568.25,25573.25,259,25569.87,25539.77,0.00
2025-12-01,06:55:00,25574.25,25576,25566.75,25568.25,365,25569.87,25539.84,0.00
2025-12-01,06:56:00,25568,25572.75,25565.5,25566,347,25569.87,25539.91,0.00
2025-12-01,06:57:00,25565.75,25569,25564,25566.25,247,25569.87,25539.95,0.00
2025-12-01,06:58:00,25565.5,25568.5,25564.25,25564.75,168,25569.86,25539.98,0.00
2025-12-01,06:59:00,25564.75,25565,25559.75,25562.25,376,25569.86,25540.04,0.00
2025-12-01,07:00:00,25563.25,25570.5,25560.25,25566,420,25569.85,25540.11,0.00
2025-12-01,07:01:00,25566.5,25567,25557,25565.25,805,25569.84,25540.23,0.00
2025-12-01,07:02:00,25564.75,25569.75,25564.5,25567,474,25569.84,25540.31,0.00
2025-12-01,07:03:00,25566.5,25569.25,25562,25562.25,366,25569.84,25540.37,0.00
2025-12-01,07:04:00,25562.5,25564.25,25558.25,25563.75,379,25569.83,25540.42,0.00
2025-12-01,07:05:00,25563.5,25567,25557.75,25558.5,312,25569.82,25540.46,0.00
2025-12-01,07:06:00,25558.25,25559,25548.5,25548.5,910,25569.79,25540.53,0.00
2025-12-01,07:07:00,25548.5,25551,25544.5,25546.5,533,25569.76,25540.55,0.00
2025-12-01,07:08:00,25545.75,25548.25,25541,25548,551,25569.73,25540.57,0.00
2025-12-01,07:09:00,25548.25,25552.25,25545.75,25548.5,467,25569.71,25540.60,0.00
2025-12-01,07:10:00,25548.5,25550,25543.75,25550,419,25569.69,25540.62,0.00
2025-12-01,07:11:00,25549,25550.25,25543.5,25547,318,25569.68,25540.63,0.00
2025-12-01,07:12:00,25546.5,25552,25545.25,25546,340,25569.66,25540.65,0.00
2025-12-01,07:13:00,25545.5,25560,25544.5,25558.25,620,25569.64,25540.70,0.00
2025-12-01,07:14:00,25559,25563,25558,25561.25,522,25569.63,25540.76,0.00
2025-12-01,07:15:00,25561.25,25569,25560.25,25567,490,25569.63,25540.84,0.00
2025-12-01,07:16:00,25566.75,25568,25559.75,25567,479,25569.62,25540.91,0.00
2025-12-01,07:17:00,25567.5,25573,25562,25563,663,25569.62,25541.02,0.00
2025-12-01,07:18:00,25562.5,25562.5,25552,25554,612,25569.60,25541.07,0.00
2025-12-01,07:19:00,25555.75,25558.5,25551.75,25554.75,374,25569.59,25541.11,0.00
2025-12-01,07:20:00,25554.25,25557,25548,25552.75,380,25569.57,25541.13,0.00
2025-12-01,07:21:00,25553.5,25557,25549.5,25550.5,514,25569.55,25541.17,0.00
2025-12-01,07:22:00,25549.75,25557,25549,25551.75,286,25569.54,25541.19,0.00
2025-12-01,07:23:00,25552.5,25552.75,25548.25,25550,268,25569.53,25541.20,0.00
2025-12-01,07:24:00,25549.5,25558,25548,25557,334,25569.52,25541.23,0.00
2025-12-01,07:25:00,25557,25561,25553,25554,377,25569.51,25541.26,0.00
2025-12-01,07:26:00,25554,25556.25,25551.25,25555,286,25569.50,25541.29,0.00
2025-12-01,07:27:00,25555,25558.25,25554,25554.75,189,25569.50,25541.30,0.00
2025-12-01,07:28:00,25555,25556,25551.25,25555,230,25569.49,25541.32,0.00
2025-12-01,07:29:00,25554.5,25557.25,25552.25,25552.25,229,25569.48,25541.34,0.00
2025-12-01,07:30:00,25552.75,25556.25,25552.25,25554.25,121,25569.48,25541.35,0.00
2025-12-01,07:31:00,25553.25,25556.25,25551.5,25554.75,281,25569.47,25541.37,0.00
2025-12-01,07:32:00,25555.5,25560,25555.5,25557.25,307,25569.46,25541.40,0.00
2025-12-01,07:33:00,25557.5,25558.5,25554,25555.5,197,25569.45,25541.42,0.00
2025-12-01,07:34:00,25553.5,25553.5,25545,25550.5,494,25569.43,25541.44,0.00
2025-12-01,07:35:00,25550.75,25552.5,25547.25,25547.5,277,25569.42,25541.45,0.00
2025-12-01,07:36:00,25547.25,25549.25,25544.75,25545.25,201,25569.41,25541.46,0.00
2025-12-01,07:37:00,25544.75,25554.25,25540.75,25552.75,721,25569.38,25541.49,0.00
2025-12-01,07:38:00,25553,25556.25,25544,25544.75,485,25569.36,25541.51,0.00
2025-12-01,07:39:00,25544.25,25546.75,25539.5,25544,485,25569.33,25541.52,0.00
2025-12-01,07:40:00,25544.5,25550,25544.5,25548,300,25569.32,25541.53,0.00
2025-12-01,07:41:00,25547.25,25548,25542.75,25543.5,200,25569.31,25541.53,0.00
2025-12-01,07:42:00,25543.25,25545.5,25541.75,25544.25,160,25569.30,25541.54,0.00
2025-12-01,07:43:00,25544.25,25546,25542,25543,168,25569.29,25541.54,0.00
2025-12-01,07:44:00,25542.5,25543.25,25532.5,25535.5,974,25569.23,25541.51,0.00
2025-12-01,07:45:00,25535,25540,25533.75,25535.5,460,25569.19,25541.50,0.00
2025-12-01,07:46:00,25535.5,25541.5,25535,25536.75,373,25569.17,25541.49,0.00
2025-12-01,07:47:00,25536.75,25542.5,25536.75,25540.5,326,25569.15,25541.49,0.00
2025-12-01,07:48:00,25540.5,25545.75,25538.25,25542.25,361,25569.13,25541.49,0.00
2025-12-01,07:49:00,25542.25,25545.5,25540.5,25544.25,262,25569.12,25541.49,0.00
2025-12-01,07:50:00,25544.5,25545,25539.75,25543.25,246,25569.10,25541.49,0.00
2025-12-01,07:51:00,25544.5,25551.25,25544,25550.25,554,25569.08,25541.52,0.00
2025-12-01,07:52:00,25550,25551.75,25538.25,25540.75,773,25569.04,25541.53,0.00
2025-12-01,07:53:00,25541.25,25548,25540.5,25546.5,271,25569.02,25541.53,0.00
2025-12-01,07:54:00,25545.75,25558.25,25545.75,25549.75,972,25568.99,25541.59,0.00
2025-12-01,07:55:00,25550.25,25554.5,25549.25,25552.25,264,25568.98,25541.60,0.00
2025-12-01,07:56:00,25551.5,25554.5,25544.25,25549.25,505,25568.96,25541.62,0.00
2025-12-01,07:57:00,25549.75,25552.5,25548,25549.75,245,25568.95,25541.63,0.00
2025-12-01,07:58:00,25550.5,25553.25,25548,25548.25,205,25568.94,25541.64,0.00
2025-12-01,07:59:00,25548.5,25554.75,25547.75,25552.25,258,25568.93,25541.66,0.00
2025-12-01,08:00:00,25551.75,25554,25548,25549.25,211,25568.92,25541.67,0.00
2025-12-01,08:01:00,25549.25,25560.75,25549,25556.5,819,25568.90,25541.73,0.00
2025-12-01,08:02:00,25556,25556.5,25550.5,25550.5,375,25568.89,25541.76,0.00
2025-12-01,08:03:00,25550.5,25551.75,25546.25,25549,320,25568.87,25541.77,0.00
2025-12-01,08:04:00,25550,25555.5,25548.75,25548.75,298,25568.86,25541.78,0.00
2025-12-01,08:05:00,25549.75,25550,25530.75,25532.5,738,25568.82,25541.77,0.00
2025-12-01,08:06:00,25532.25,25537.25,25530.25,25534.25,547,25568.78,25541.74,0.00
2025-12-01,08:07:00,25534,25541.25,25532.75,25537.75,431,25568.75,25541.73,0.00
2025-12-01,08:08:00,25537.75,25537.75,25527.5,25530.25,798,25568.69,25541.69,0.00
2025-12-01,08:09:00,25529.5,25535.75,25517.5,25532.5,2155,25568.51,25541.53,0.00
2025-12-01,08:10:00,25530.75,25535.5,25527.5,25528.75,381,25568.48,25541.51,0.00
2025-12-01,08:11:00,25529,25530,25520.25,25520.25,544,25568.43,25541.46,0.00
2025-12-01,08:12:00,25520,25520,25507,25511.5,1657,25568.25,25541.20,0.00
2025-12-01,08:13:00,25511.5,25511.5,25499.75,25509.75,1411,25568.07,25540.94,0.00
2025-12-01,08:14:00,25510.25,25522,25509.5,25516.5,1076,25567.96,25540.80,0.00
2025-12-01,08:15:00,25516.25,25520,25512.25,25518.75,561,25567.90,25540.73,0.00
2025-12-01,08:16:00,25518.5,25523.25,25511.5,25523,541,25567.85,25540.67,0.00
2025-12-01,08:17:00,25522.75,25525.5,25511,25514.75,839,25567.76,25540.56,0.00
2025-12-01,08:18:00,25514.5,25517.5,25507.5,25510,504,25567.70,25540.49,0.00
2025-12-01,08:19:00,25509.5,25509.5,25501.75,25508.75,682,25567.62,25540.37,0.00
2025-12-01,08:20:00,25508,25519.75,25508,25513.5,570,25567.56,25540.29,0.00
2025-12-01,08:21:00,25513.5,25516.5,25503.5,25507.75,1035,25567.44,25540.12,0.00
2025-12-01,08:22:00,25508.5,25514.25,25507.25,25511,379,25567.39,25540.06,0.00
2025-12-01,08:23:00,25511.5,25513.5,25505.75,25512.75,357,25567.35,25540.01,0.00
2025-12-01,08:24:00,25513,25517.25,25510,25513.25,641,25567.29,25539.92,0.00
2025-12-01,08:25:00,25513.5,25515,25507.25,25510.25,422,25567.24,25539.86,0.00
2025-12-01,08:26:00,25510,25517.25,25509.25,25510.75,509,25567.18,25539.79,0.00
2025-12-01,08:27:00,25511.25,25511.25,25505.25,25506.5,590,25567.11,25539.69,0.00
2025-12-01,08:28:00,25506,25507.25,25502.5,25505.75,482,25567.05,25539.60,0.00
2025-12-01,08:29:00,25504.5,25507.75,25496.75,25501.5,819,25566.95,25539.45,0.00
2025-12-01,08:30:00,25502,25509.5,25502,25508.75,560,25566.88,25539.36,0.00
2025-12-01,08:31:00,25508,25509,25497,25497.75,755,25566.78,25539.21,0.00
2025-12-01,08:32:00,25497.75,25499.25,25489.75,25495.75,1323,25566.59,25538.92,0.00
2025-12-01,08:33:00,25495.75,25499.25,25492,25497.5,627,25566.51,25538.78,0.00
2025-12-01,08:34:00,25497.25,25499,25483.75,25486.25,1474,25566.28,25538.42,0.00
2025-12-01,08:35:00,25486,25496.25,25484.75,25493.25,785,25566.17,25538.24,0.00
2025-12-01,08:36:00,25492.5,25495.25,25488.75,25491.5,656,25566.07,25538.09,0.00
2025-12-01,08:37:00,25492,25497.25,25487.5,25495.25,625,25565.98,25537.95,0.00
2025-12-01,08:38:00,25495,25500,25489,25498.5,561,25565.91,25537.84,0.00
2025-12-01,08:39:00,25498.75,25502.75,25494,25501.5,729,25565.81,25537.70,0.00
2025-12-01,08:40:00,25501.5,25502.5,25498.25,25498.25,306,25565.77,25537.64,0.00
2025-12-01,08:41:00,25498,25501.25,25493.5,25496.25,446,25565.71,25537.56,0.00
2025-12-01,08:42:00,25495.5,25504.5,25492.25,25496.75,1145,25565.56,25537.34,0.00
2025-12-01,08:43:00,25497.25,25502.75,25494,25496.5,463,25565.50,25537.25,0.00
2025-12-01,08:44:00,25496,25496.5,25488,25489.5,617,25565.41,25537.11,0.00
2025-12-01,08:45:00,25489,25494.5,25488,25490,396,25565.35,25537.02,0.00
2025-12-01,08:46:00,25490.5,25497,25487.25,25489.5,644,25565.26,25536.88,0.00
2025-12-01,08:47:00,25488.5,25493.75,25485,25490.75,610,25565.17,25536.74,0.00
2025-12-01,08:48:00,25489.75,25494.75,25478.25,25479.5,1088,25565.00,25536.47,0.00
2025-12-01,08:49:00,25479.5,25480.25,25469.75,25471.5,1540,25564.73,25536.02,0.00
2025-12-01,08:50:00,25471,25472.25,25464.5,25468.25,1304,25564.49,25535.60,0.00
2025-12-01,08:51:00,25468.75,25475.25,25464,25467.75,1068,25564.30,25535.27,0.00
2025-12-01,08:52:00,25467,25475.5,25465.25,25472.25,637,25564.18,25535.08,0.00
2025-12-01,08:53:00,25471.75,25481.5,25471.5,25481.25,811,25564.05,25534.87,0.00
2025-12-01,08:54:00,25481,25490,25481,25489.25,970,25563.90,25534.65,0.00
2025-12-01,08:55:00,25490,25493.5,25479.5,25481.25,826,25563.78,25534.46,0.00
2025-12-01,08:56:00,25480.5,25481.25,25470.5,25475.25,738,25563.66,25534.26,0.00
2025-12-01,08:57:00,25475.5,25477.5,25472,25472.5,497,25563.57,25534.13,0.00
2025-12-01,08:58:00,25473.5,25481.25,25471.25,25477.25,516,25563.49,25533.99,0.00
2025-12-01,08:59:00,25477.5,25478.25,25471.5,25474.5,368,25563.42,25533.89,0.00
2025-12-01,09:00:00,25474,25480.5,25471.75,25479,425,25563.35,25533.78,0.00
2025-12-01,09:01:00,25479.25,25490,25472.75,25474.25,1311,25563.15,25533.46,0.00
2025-12-01,09:02:00,25474.75,25489.75,25467.25,25489.25,1226,25562.96,25533.18,0.00
2025-12-01,09:03:00,25489.25,25493.5,25476,25480.75,1144,25562.79,25532.92,0.00
2025-12-01,09:04:00,25480.75,25490,25480.5,25489.25,759,25562.68,25532.77,0.00
2025-12-01,09:05:00,25489.75,25496.25,25482.5,25486,1071,25562.53,25532.55,0.00
2025-12-01,09:06:00,25484.75,25486.75,25477.5,25478.25,672,25562.43,25532.40,0.00
2025-12-01,09:07:00,25477.75,25489.25,25474.75,25487.25,707,25562.32,25532.25,0.00
2025-12-01,09:08:00,25486.5,25501,25486.25,25501,765,25562.23,25532.13,0.00
2025-12-01,09:09:00,25501,25505,25496.5,25498.75,1039,25562.11,25531.98,0.00
2025-12-01,09:10:00,25498.75,25504.5,25494.75,25504,679,25562.03,25531.89,0.00
2025-12-01,09:11:00,25504.75,25505.25,25494,25494.5,686,25561.95,25531.79,0.00
2025-12-01,09:12:00,25494.5,25502.75,25492.25,25499.5,518,25561.89,25531.71,0.00
2025-12-01,09:13:00,25499.5,25506.25,25498,25502.5,590,25561.82,25531.64,0.00
2025-12-01,09:14:00,25502.75,25509.25,25501.5,25504,957,25561.72,25531.53,0.00
2025-12-01,09:15:00,25503.75,25507.25,25500.75,25503.5,527,25561.66,25531.47,0.00
2025-12-01,09:16:00,25503.5,25505,25498.5,25500.5,706,25561.58,25531.38,0.00
2025-12-01,09:17:00,25500.25,25506.75,25497,25498.75,839,25561.49,25531.27,0.00
2025-12-01,09:18:00,25498.25,25500.5,25491.5,25496.75,959,25561.37,25531.12,0.00
2025-12-01,09:19:00,25496.5,25507,25496.5,25500,659,25561.30,25531.04,0.00
2025-12-01,09:20:00,25499.5,25507.5,25495.25,25507,579,25561.24,25530.97,0.00
2025-12-01,09:21:00,25507.25,25512.25,25506,25511.25,1319,25561.11,25530.86,0.00
2025-12-01,09:22:00,25511,25515,25496,25496,1357,25560.97,25530.69,0.00
2025-12-01,09:23:00,25497.5,25500,25491.25,25499.25,825,25560.87,25530.58,0.00
2025-12-01,09:24:00,25498.75,25511.75,25496,25509.25,801,25560.79,25530.49,0.00
2025-12-01,09:25:00,25509.75,25511.25,25504,25505,440,25560.75,25530.45,0.00
2025-12-01,09:26:00,25504.75,25514,25504,25512.75,454,25560.71,25530.41,0.00
2025-12-01,09:27:00,25513.5,25514.75,25508.75,25513,691,25560.65,25530.36,0.00
2025-12-01,09:28:00,25513.25,25513.25,25504.25,25508,548,25560.59,25530.31,0.00
2025-12-01,09:29:00,25508.75,25509.5,25504.5,25506,391,25560.55,25530.27,0.00
2025-12-01,09:30:00,25505.75,25507.25,25499.5,25499.75,552,25560.50,25530.21,0.00
2025-12-01,09:31:00,25499.5,25500.25,25492.75,25499.25,1087,25560.37,25530.06,0.00
2025-12-01,09:32:00,25499.25,25500.25,25489.25,25490.5,819,25560.27,25529.94,0.00
2025-12-01,09:33:00,25490.25,25497,25488,25493.5,831,25560.17,25529.82,0.00
2025-12-01,09:34:00,25493.5,25501.25,25488.75,25500,710,25560.09,25529.72,0.00
2025-12-01,09:35:00,25500.75,25504.75,25495.75,25499.5,581,25560.03,25529.65,0.00
2025-12-01,09:36:00,25499.5,25500.5,25494.75,25497.25,342,25559.99,25529.61,0.00
2025-12-01,09:37:00,25496,25505.25,25494.75,25505,606,25559.93,25529.54,0.00
2025-12-01,09:38:00,25504.25,25505.25,25491.25,25491.75,1233,25559.78,25529.38,0.00
2025-12-01,09:39:00,25492.25,25499.5,25490.5,25498.25,744,25559.70,25529.28,0.00
2025-12-01,09:40:00,25497.5,25500,25493.5,25498,771,25559.61,25529.18,0.00
2025-12-01,09:41:00,25497.75,25499.25,25491.5,25498.75,637,25559.54,25529.10,0.00
2025-12-01,09:42:00,25498.75,25507.75,25498.5,25507.75,1036,25559.44,25529.00,0.00
2025-12-01,09:43:00,25507.75,25513.75,25507.25,25511.75,894,25559.36,25528.93,0.00
2025-12-01,09:44:00,25513,25514.5,25506.75,25507.75,732,25559.30,25528.88,0.00
2025-12-01,09:45:00,25508.25,25516.75,25505.5,25508.5,892,25559.22,25528.81,0.00
2025-12-01,09:46:00,25508.75,25511.75,25502.25,25508,775,25559.15,25528.75,0.00
2025-12-01,09:47:00,25507.75,25513,25503.5,25511,682,25559.09,25528.70,0.00
2025-12-01,09:48:00,25510.75,25510.75,25506,25507.75,428,25559.05,25528.66,0.00
2025-12-01,09:49:00,25507.25,25509.75,25504.25,25509.5,446,25559.01,25528.63,0.00
2025-12-01,09:50:00,25509.5,25513.25,25507.75,25509.5,564,25558.96,25528.59,0.00
2025-12-01,09:51:00,25509.75,25512.75,25500.5,25501.25,1002,25558.86,25528.49,0.00
2025-12-01,09:52:00,25501,25501.5,25492.5,25494.5,1453,25558.70,25528.31,0.00
2025-12-01,09:53:00,25494.75,25507.25,25494.75,25498.5,923,25558.61,25528.21,0.00
2025-12-01,09:54:00,25499,25502.25,25496,25499.5,353,25558.57,25528.18,0.00
2025-12-01,09:55:00,25499.75,25501,25496.5,25501,268,25558.54,25528.15,0.00
2025-12-01,09:56:00,25500.25,25504.75,25496.75,25497.75,482,25558.49,25528.09,0.00
2025-12-01,09:57:00,25497.75,25505.25,25497.75,25501,407,25558.45,25528.05,0.00
2025-12-01,09:58:00,25501,25517,25501,25516.75,848,25558.38,25528.00,0.00
2025-12-01,09:59:00,25516.75,25524.25,25516.25,25520.25,1685,25558.27,25527.95,0.00
2025-12-01,10:00:00,25519.75,25523,25518.75,25519.25,660,25558.23,25527.93,0.00
2025-12-01,10:01:00,25519.25,25523.75,25514,25518.25,1475,25558.13,25527.88,0.00
2025-12-01,10:02:00,25517.5,25521,25512.25,25514.25,1098,25558.05,25527.83,0.00
2025-12-01,10:03:00,25514.5,25520.5,25511.75,25517.5,951,25557.98,25527.79,0.00
2025-12-01,10:04:00,25518,25521.75,25512,25513.75,747,25557.92,25527.76,0.00
2025-12-01,10:05:00,25513.25,25515.75,25510.75,25513.25,516,25557.88,25527.73,0.00
2025-12-01,10:06:00,25513.5,25517,25511.25,25515,538,25557.84,25527.71,0.00
2025-12-01,10:07:00,25514.75,25520.5,25514.25,25520.5,667,25557.80,25527.68,0.00
2025-12-01,10:08:00,25520.5,25520.75,25514.25,25515.5,463,25557.77,25527.67,0.00
2025-12-01,10:09:00,25515.25,25519.25,25515.25,25518.25,425,25557.74,25527.65,0.00
2025-12-01,10:10:00,25519,25525.25,25518.25,25523,722,25557.69,25527.64,0.00
2025-12-01,10:11:00,25523,25534.25,25522,25532.5,1896,25557.60,25527.65,0.00
2025-12-01,10:12:00,25532.75,25536.25,25527.75,25533.5,1103,25557.55,25527.67,0.00
2025-12-01,10:13:00,25533,25541.75,25533,25538.75,1378,25557.51,25527.72,0.00
2025-12-01,10:14:00,25539.5,25542.5,25536,25541.25,840,25557.48,25527.75,0.00
2025-12-01,10:15:00,25541.75,25552.75,25541.75,25550.25,2000,25557.45,25527.90,0.00
2025-12-01,10:16:00,25550.25,25553,25538.75,25540,1760,25557.41,25528.00,0.00
2025-12-01,10:17:00,25540,25544.75,25536,25537.75,1410,25557.37,25528.06,0.00
2025-12-01,10:18:00,25538,25539,25530.5,25531.25,1617,25557.30,25528.09,0.00
2025-12-01,10:19:00,25531,25531.75,25519.5,25522.5,1617,25557.21,25528.07,0.00
2025-12-01,10:20:00,25522,25526.5,25519.25,25524.75,911,25557.16,25528.05,0.00
2025-12-01,10:21:00,25525,25526.5,25517.25,25518,1085,25557.10,25528.03,0.00
2025-12-01,10:22:00,25518,25521.25,25514.75,25518.5,982,25557.03,25527.99,0.00
2025-12-01,10:23:00,25518.75,25522.5,25517.25,25518.25,502,25557.00,25527.98,0.00
2025-12-01,10:24:00,25518.75,25519.25,25509.75,25511.5,1278,25556.91,25527.91,0.00
2025-12-01,10:25:00,25511.25,25516.5,25508.5,25516,905,25556.84,25527.87,0.00
2025-12-01,10:26:00,25516,25517,25498,25510.25,2225,25556.66,25527.72,0.00
2025-12-01,10:27:00,25509.75,25513,25507.5,25511.25,1025,25556.59,25527.67,0.00
2025-12-01,10:28:00,25510.75,25515.5,25503.75,25515.25,1229,25556.49,25527.60,0.00
2025-12-01,10:29:00,25515.25,25517.75,25509.5,25511.75,1313,25556.40,25527.53,0.00
2025-12-01,10:30:00,25512,25513.75,25500.5,25508,2000,25556.24,25527.40,0.00
2025-12-01,10:31:00,25508,25542.5,25506.25,25534.5,8212,25555.86,25527.41,0.00
2025-12-01,10:32:00,25534,25541.5,25501,25504,6358,25555.45,25527.17,0.00
2025-12-01,10:33:00,25503.75,25527.25,25487.25,25517,8838,25554.82,25526.72,0.00
2025-12-01,10:34:00,25516.5,25547.25,25507.25,25537.25,6629,25554.57,25526.79,0.00
2025-12-01,10:35:00,25537.25,25553,25532.5,25553,5079,25554.50,25527.09,0.00
2025-12-01,10:36:00,25552.75,25559,25530,25546,6323,25554.41,25527.42,0.00
2025-12-01,10:37:00,25546,25557.5,25536.5,25547,4572,25554.36,25527.67,0.00
2025-12-01,10:38:00,25546.25,25570.5,25545.75,25568.5,7318,25554.44,25528.37,0.00
2025-12-01,10:39:00,25568.5,25573,25557.5,25560,5874,25554.52,25528.95,0.00
2025-12-01,10:40:00,25559.25,25559.75,25513.25,25513.25,10080,25554.13,25528.94,0.00
2025-12-01,10:41:00,25513,25537.5,25504.75,25512.5,9008,25553.66,25528.69,0.00
2025-12-01,10:42:00,25512.25,25519.25,25480.75,25514.5,10314,25552.94,25528.06,0.00
2025-12-01,10:43:00,25513.25,25513.75,25486.75,25502.5,5036,25552.57,25527.71,0.00
2025-12-01,10:44:00,25501.75,25502,25462.25,25470,8342,25551.69,25526.69,0.00
2025-12-01,10:45:00,25470,25503.25,25462.25,25500,6173,25551.15,25526.11,0.00
2025-12-01,10:46:00,25500.25,25531.75,25490.25,25531.75,8596,25550.76,25525.94,0.00
2025-12-01,10:47:00,25532,25544,25528.25,25543,7359,25550.63,25526.16,0.00
2025-12-01,10:48:00,25543,25569.25,25541.75,25569.25,7383,25550.73,25526.74,0.00
2025-12-01,10:49:00,25568.75,25583.25,25551.25,25555.25,9467,25550.88,25527.52,0.00
2025-12-01,10:50:00,25555,25560.5,25544,25550,5856,25550.89,25527.83,0.00
2025-12-01,10:51:00,25550,25577.25,25546.25,25575,5450,25551.00,25528.29,0.00
2025-12-01,10:52:00,25575,25584.5,25560.75,25575.25,5866,25551.17,25528.87,0.00
2025-12-01,10:53:00,25575.5,25582.25,25554.25,25577.75,5954,25551.33,25529.41,0.00
2025-12-01,10:54:00,25577.5,25590,25563.5,25582,5488,25551.52,25529.98,0.00
2025-12-01,10:55:00,25582,25600.75,25576.5,25599.5,5908,25551.82,25530.75,0.00
2025-12-01,10:56:00,25599.5,25617.25,25596.25,25615.5,7684,25552.39,25532.01,0.00
2025-12-01,10:57:00,25615,25633,25612.5,25613.25,7802,25553.04,25533.39,0.00
2025-12-01,10:58:00,25613,25624.25,25605.5,25615.75,3997,25553.35,25534.05,0.00
2025-12-01,10:59:00,25616.5,25620,25586.75,25597.5,5630,25553.69,25534.81,0.00
2025-12-01,11:00:00,25598.25,25617.25,25592,25613.75,3737,25553.93,25535.34,0.00
2025-12-01,11:01:00,25617.5,25638.25,25606.75,25624.25,7358,25554.55,25536.60,0.00
2025-12-01,11:02:00,25624.5,25631.75,25614.5,25618.75,4659,25554.93,25537.37,0.00
2025-12-01,11:03:00,25618.75,25624.25,25602,25613,5480,25555.32,25538.16,0.00
2025-12-01,11:04:00,25613,25613.5,25595.75,25596.25,5504,25555.62,25538.82,0.00
2025-12-01,11:05:00,25595.5,25612.75,25593.5,25602.5,4363,25555.87,25539.35,0.00
2025-12-01,11:06:00,25602.5,25611.75,25584.5,25603.25,7374,25556.25,25540.17,0.00
2025-12-01,11:07:00,25603.25,25618.75,25597.75,25611,4143,25556.51,25540.70,0.00
2025-12-01,11:08:00,25610.75,25627,25606.75,25617.75,4377,25556.82,25541.31,0.00
2025-12-01,11:09:00,25617,25631.75,25613.5,25622,4022,25557.13,25541.90,0.00
2025-12-01,11:10:00,25622,25631,25605.25,25616.75,4548,25557.44,25542.51,0.00
2025-12-01,11:11:00,25616.25,25628.75,25603.25,25628.25,4687,25557.78,25543.16,0.00
2025-12-01,11:12:00,25628,25630.25,25611.25,25622.25,3715,25558.05,25543.67,0.00
2025-12-01,11:13:00,25622.5,25627.75,25606.75,25627.25,2779,25558.25,25544.05,0.00
2025-12-01,11:14:00,25627.25,25643,25619.25,25633.5,5982,25558.75,25544.96,0.00
2025-12-01,11:15:00,25633.75,25633.75,25604,25608,5850,25559.12,25545.67,0.00
2025-12-01,11:16:00,25608,25611,25594.5,25594.75,5656,25559.38,25546.20,0.00
2025-12-01,11:17:00,25594.75,25616.75,25590,25614.25,4960,25559.64,25546.71,0.00
2025-12-01,11:18:00,25614.5,25622,25600.5,25610,4073,25559.88,25547.14,0.00
2025-12-01,11:19:00,25609.5,25621.75,25605.75,25618.25,2850,25560.05,25547.47,0.00
2025-12-01,11:20:00,25618,25627.5,25612,25617.25,3279,25560.26,25547.86,0.00
2025-12-01,11:21:00,25615.5,25620.5,25600,25608.25,3915,25560.47,25548.26,0.00
2025-12-01,11:22:00,25608,25608,25578.25,25596.25,6806,25560.72,25548.77,0.00
2025-12-01,11:23:00,25595,25603,25587.25,25593.5,3744,25560.86,25549.05,0.00
2025-12-01,11:24:00,25593.25,25602.75,25587.75,25591.5,3262,25560.98,25549.28,0.00
2025-12-01,11:25:00,25591.75,25599,25582,25586.75,3350,25561.08,25549.50,0.00
2025-12-01,11:26:00,25586.75,25591,25561.25,25579.25,8492,25561.22,25549.87,0.00
2025-12-01,11:27:00,25579,25596.5,25575,25591.75,5328,25561.37,25550.19,0.00
2025-12-01,11:28:00,25591.25,25599,25572,25585.75,4766,25561.50,25550.45,0.00
2025-12-01,11:29:00,25585.75,25595.5,25584,25588.25,3260,25561.59,25550.65,0.00
2025-12-01,11:30:00,25588,25591.25,25572.25,25577,3562,25561.66,25550.81,0.00
2025-12-01,11:31:00,25577.25,25582.25,25565.75,25566.75,5031,25561.71,25550.97,0.00
2025-12-01,11:32:00,25566.5,25584.5,25558,25578.5,6118,25561.79,25551.18,0.00
2025-12-01,11:33:00,25578.5,25581.75,25571.75,25574.5,3101,25561.83,25551.30,0.00
2025-12-01,11:34:00,25573.75,25581.25,25561.5,25561.75,3617,25561.86,25551.39,0.00
2025-12-01,11:35:00,25561.5,25562.5,25533.25,25541.25,9417,25561.70,25551.31,0.00
2025-12-01,11:36:00,25541.5,25552.5,25519.5,25547.75,8625,25561.51,25551.16,0.00
2025-12-01,11:37:00,25548,25586.5,25545.75,25573.25,9633,25561.58,25551.41,0.00
2025-12-01,11:38:00,25573.25,25582.75,25556,25559.25,6351,25561.61,25551.54,0.00
2025-12-01,11:39:00,25559.25,25580.75,25558.5,25579.5,4052,25561.65,25551.66,0.00
2025-12-01,11:40:00,25579.25,25599.75,25576,25597.5,7027,25561.86,25552.05,0.00
2025-12-01,11:41:00,25597,25613,25585.5,25586.25,7872,25562.11,25552.52,0.00
2025-12-01,11:42:00,25586,25596,25580,25587.25,4280,25562.22,25552.73,0.00
2025-12-01,11:43:00,25588.25,25598.75,25577.5,25593.75,3753,25562.32,25552.92,0.00
2025-12-01,11:44:00,25594,25594,25571.25,25579.25,4210,25562.40,25553.09,0.00
2025-12-01,11:45:00,25579,25590.25,25569.5,25587,3787,25562.47,25553.24,0.00
2025-12-01,11:46:00,25586.75,25599.25,25586.25,25591.5,3911,25562.58,25553.44,0.00
2025-12-01,11:47:00,25591,25601.5,25578.75,25579,4251,25562.68,25553.63,0.00
2025-12-01,11:48:00,25579,25584.75,25573.5,25579.5,3308,25562.73,25553.74,0.00
2025-12-01,11:49:00,25579.25,25598.5,25577.5,25592.75,2903,25562.80,25553.88,0.00
2025-12-01,11:50:00,25592.25,25601,25583,25594.75,2942,25562.88,25554.04,0.00
2025-12-01,11:51:00,25594.75,25609.75,25592.25,25606,4433,25563.05,25554.32,0.00
2025-12-01,11:52:00,25605.5,25631,25605.25,25628,5992,25563.38,25554.85,0.00
2025-12-01,11:53:00,25628,25659.75,25628,25659.25,8358,25564.04,25555.87,0.00
2025-12-01,11:54:00,25659.5,25662,25647.75,25655.25,5082,25564.47,25556.52,0.00
2025-12-01,11:55:00,25655.5,25669.25,25651.5,25662.25,4510,25564.87,25557.12,0.00
2025-12-01,11:56:00,25663,25664.25,25649,25661.75,4300,25565.24,25557.68,0.00
2025-12-01,11:57:00,25661.75,25666.75,25656.25,25664.25,2539,25565.46,25558.01,0.00
2025-12-01,11:58:00,25664.75,25671.75,25660.75,25666.25,2864,25565.73,25558.41,0.00
2025-12-01,11:59:00,25666.25,25673,25663.75,25669,2748,25565.98,25558.79,0.00
2025-12-01,12:00:00,25669.25,25672.25,25658.25,25666,2546,25566.21,25559.13,0.00
2025-12-01,12:01:00,25665.75,25672,25655.75,25661.25,3952,25566.56,25559.64,0.00
2025-12-01,12:02:00,25661,25668.75,25658.5,25667,1780,25566.72,25559.88,0.00
2025-12-01,12:03:00,25666.75,25672,25662.75,25663.5,2028,25566.90,25560.14,0.00
2025-12-01,12:04:00,25663.25,25669.25,25659.75,25663.75,2195,25567.09,25560.43,0.00
2025-12-01,12:05:00,25664.25,25669.75,25662.75,25663.5,1535,25567.22,25560.63,0.00
2025-12-01,12:06:00,25664.5,25668.5,25648.75,25651.25,3942,25567.54,25561.09,0.00
2025-12-01,12:07:00,25651.5,25652.5,25634.75,25635,5362,25567.89,25561.61,0.00
2025-12-01,12:08:00,25635.5,25635.75,25615,25621.25,6116,25568.19,25562.08,0.00
2025-12-01,12:09:00,25621.25,25630,25607.5,25615.25,4904,25568.40,25562.41,0.00
2025-12-01,12:10:00,25615.5,25624.5,25601.5,25623.5,4913,25568.61,25562.73,0.00
2025-12-01,12:11:00,25623.25,25633.5,25614.25,25619.75,5756,25568.88,25563.14,0.00
2025-12-01,12:12:00,25620.25,25622.5,25605.25,25606.75,3749,25569.02,25563.35,0.00
2025-12-01,12:13:00,25606.75,25616.5,25595.5,25614.75,4838,25569.19,25563.61,0.00
2025-12-01,12:14:00,25615.25,25623,25611.25,25618.25,2857,25569.31,25563.79,0.00
2025-12-01,12:15:00,25618.75,25621.5,25601.75,25602.25,2781,25569.40,25563.94,0.00
2025-12-01,12:16:00,25601.5,25604.25,25578.75,25591.25,7055,25569.54,25564.17,0.00
2025-12-01,12:17:00,25591.5,25597.5,25579.25,25586.5,3972,25569.60,25564.27,0.00
2025-12-01,12:18:00,25586.5,25597.25,25575.75,25594.5,4366,25569.67,25564.40,0.00
2025-12-01,12:19:00,25593.75,25617.25,25589.5,25614.75,5059,25569.83,25564.65,0.00
2025-12-01,12:20:00,25614,25617,25602.75,25604.5,2703,25569.92,25564.78,0.00
2025-12-01,12:21:00,25604,25630.25,25604,25625.25,4700,25570.12,25565.08,0.00
2025-12-01,12:22:00,25625.25,25632.5,25620,25628.75,3843,25570.30,25565.35,0.00
2025-12-01,12:23:00,25628.25,25633.75,25620,25627.25,2520,25570.42,25565.52,0.00
2025-12-01,12:24:00,25626,25630.5,25617.75,25620.75,2186,25570.52,25565.66,0.00
2025-12-01,12:25:00,25621.25,25627,25613,25622.5,2469,25570.62,25565.81,0.00
2025-12-01,12:26:00,25623,25636.75,25620.25,25631.5,3416,25570.79,25566.06,0.00
2025-12-01,12:27:00,25631.75,25638,25624.5,25637,2106,25570.90,25566.22,0.00
2025-12-01,12:28:00,25637.5,25642.5,25628.5,25629.75,3315,25571.07,25566.46,0.00
2025-12-01,12:29:00,25630,25630.5,25619.25,25625.5,2666,25571.19,25566.64,0.00
2025-12-01,12:30:00,25625.5,25636.5,25623,25634,2045,25571.29,25566.78,0.00
2025-12-01,12:31:00,25634,25650,25631.5,25645.75,4301,25571.54,25567.14,0.00
2025-12-01,12:32:00,25645.5,25656,25644.5,25650.75,3321,25571.76,25567.44,0.00
2025-12-01,12:33:00,25650.5,25654.25,25638.75,25643,2977,25571.93,25567.70,0.00
2025-12-01,12:34:00,25644,25648.25,25632,25643.25,3160,25572.11,25567.95,0.00
2025-12-01,12:35:00,25643.5,25651.5,25636.5,25649,2249,25572.25,25568.14,0.00
2025-12-01,12:36:00,25649.25,25656,25644.25,25653.75,2311,25572.40,25568.35,0.00
2025-12-01,12:37:00,25653.75,25657.25,25643.5,25649.75,2335,25572.54,25568.55,0.00
2025-12-01,12:38:00,25650.25,25659.5,25647.25,25658.25,2402,25572.70,25568.78,0.00
2025-12-01,12:39:00,25658.25,25663.25,25651.75,25662.25,1988,25572.84,25568.97,0.00
2025-12-01,12:40:00,25662,25663,25649.75,25651.5,1929,25572.97,25569.15,0.00
2025-12-01,12:41:00,25651.75,25655.5,25640.75,25655.5,3535,25573.19,25569.46,0.00
2025-12-01,12:42:00,25655.75,25660.25,25652.25,25658.5,1941,25573.32,25569.64,0.00
2025-12-01,12:43:00,25659,25679,25655.5,25674,6291,25573.81,25570.30,0.00
2025-12-01,12:44:00,25673.5,25684.75,25673.25,25684.5,5000,25574.23,25570.89,0.00
2025-12-01,12:45:00,25684.75,25688,25676,25676.25,3290,25574.51,25571.26,0.00
2025-12-01,12:46:00,25676.75,25682.75,25673,25682.5,2401,25574.71,25571.54,0.00
2025-12-01,12:47:00,25682,25694.25,25682,25692.75,3249,25575.00,25571.94,0.00
2025-12-01,12:48:00,25692.75,25699.25,25689,25698,2970,25575.29,25572.32,0.00
2025-12-01,12:49:00,25698,25700.5,25689.5,25695,2659,25575.54,25572.66,0.00
2025-12-01,12:50:00,25695.25,25697.25,25691.25,25695.5,1330,25575.66,25572.83,0.00
2025-12-01,12:51:00,25696,25700.75,25689.75,25692.75,2202,25575.87,25573.10,0.00
2025-12-01,12:52:00,25692.5,25702.25,25692.25,25701.5,1823,25576.04,25573.34,0.00
2025-12-01,12:53:00,25701.5,25704,25693.25,25696.25,2091,25576.24,25573.61,0.00
2025-12-01,12:54:00,25696.75,25699.25,25688,25694.5,2340,25576.46,25573.90,0.00
2025-12-01,12:55:00,25694,25695.5,25685.5,25687.5,2048,25576.64,25574.14,0.00
2025-12-01,12:56:00,25687.25,25694.5,25680,25692,2783,25576.88,25574.47,0.00
2025-12-01,12:57:00,25692.25,25698,25683.75,25689,1943,25577.05,25574.70,0.00
2025-12-01,12:58:00,25689,25689.75,25682.75,25687.25,1367,25577.17,25574.85,0.00
2025-12-01,12:59:00,25687.5,25690,25677.75,25681.75,2364,25577.36,25575.11,0.00
2025-12-01,13:00:00,25681.75,25688.5,25679.5,25688.25,1296,25577.47,25575.26,0.00
2025-12-01,13:01:00,25688,25700.25,25685.5,25697.5,3416,25577.78,25575.67,0.00
2025-12-01,13:02:00,25698,25709.25,25697,25700.25,4304,25578.19,25576.22,0.00
2025-12-01,13:03:00,25700.25,25701,25687.25,25690.75,2926,25578.45,25576.56,0.00
2025-12-01,13:04:00,25691,25696.75,25688.5,25695.5,1344,25578.57,25576.72,0.00
2025-12-01,13:05:00,25695.75,25708.75,25695.75,25708.5,1838,25578.74,25576.95,0.00
2025-12-01,13:06:00,25707.75,25713,25703.75,25705.25,2798,25579.02,25577.32,0.00
2025-12-01,13:07:00,25705.25,25714.75,25702,25709.75,2256,25579.24,25577.61,0.00
2025-12-01,13:08:00,25710,25720.5,25710,25712.5,2743,25579.53,25577.99,0.00
2025-12-01,13:09:00,25712.5,25713.5,25705.5,25708.25,2298,25579.75,25578.29,0.00
2025-12-01,13:10:00,25708.75,25711.25,25699.5,25703.25,2203,25579.96,25578.56,0.00
2025-12-01,13:11:00,25702.75,25707.5,25700.75,25701.5,1553,25580.11,25578.75,0.00
2025-12-01,13:12:00,25701.5,25712.5,25699.75,25709.75,1947,25580.29,25579.00,0.00
2025-12-01,13:13:00,25709.25,25715.75,25706.75,25709.5,1566,25580.45,25579.20,0.00
2025-12-01,13:14:00,25709.25,25710.5,25700.75,25704,1655,25580.60,25579.41,0.00
2025-12-01,13:15:00,25703.75,25709,25694.75,25697,2542,25580.83,25579.71,0.00
2025-12-01,13:16:00,25696.5,25697.5,25674.75,25681,6140,25581.31,25580.33,0.00
2025-12-01,13:17:00,25681,25691.75,25667.5,25691.75,5116,25581.70,25580.85,0.00
2025-12-01,13:18:00,25691.25,25699.25,25687.5,25693.25,3273,25581.97,25581.20,0.00
2025-12-01,13:19:00,25693.5,25696.5,25686.75,25692.25,1569,25582.10,25581.37,0.00
2025-12-01,13:20:00,25692.5,25692.5,25684.25,25688.25,1545,25582.22,25581.53,0.00
2025-12-01,13:21:00,25688.25,25693,25682,25686.75,1658,25582.35,25581.70,0.00
2025-12-01,13:22:00,25687.25,25698.25,25686.25,25697.75,2071,25582.52,25581.92,0.00
2025-12-01,13:23:00,25698.25,25700.75,25691.25,25699.75,1797,25582.68,25582.12,0.00
2025-12-01,13:24:00,25699.5,25703.25,25689.5,25689.75,1867,25582.83,25582.32,0.00
2025-12-01,13:25:00,25689.25,25698.5,25687,25698.25,1423,25582.95,25582.47,0.00
2025-12-01,13:26:00,25698.25,25700.5,25689.25,25693.5,1260,25583.05,25582.61,0.00
2025-12-01,13:27:00,25692.5,25705.75,25689.75,25705.25,1831,25583.21,25582.81,0.00
2025-12-01,13:28:00,25705,25713.75,25702.5,25706.5,2934,25583.48,25583.16,0.00
2025-12-01,13:29:00,25706.75,25709,25702.25,25707.25,1239,25583.59,25583.31,0.00
2025-12-01,13:30:00,25707.5,25709.75,25701.25,25705.75,1015,25583.68,25583.42,0.00
2025-12-01,13:31:00,25706.25,25712.5,25695.25,25696.5,2407,25583.89,25583.69,0.00
2025-12-01,13:32:00,25696.25,25707.25,25693.75,25703.75,1385,25584.01,25583.85,0.00
2025-12-01,13:33:00,25703.75,25708.75,25701.25,25703.5,998,25584.10,25583.96,0.00
2025-12-01,13:34:00,25703.75,25709.25,25700,25705.5,1110,25584.19,25584.09,0.00
2025-12-01,13:35:00,25706,25708.5,25700.25,25707,1251,25584.31,25584.23,0.00
2025-12-01,13:36:00,25707.25,25716.25,25705,25714.25,1928,25584.48,25584.46,0.00
2025-12-01,13:37:00,25714.25,25721.75,25709.75,25721.5,2399,25584.72,25584.76,0.00
2025-12-01,13:38:00,25721.25,25721.75,25716.25,25718.25,1473,25584.86,25584.94,0.00
2025-12-01,13:39:00,25718,25719.75,25709,25710,1739,25585.02,25585.15,0.00
2025-12-01,13:40:00,25709.5,25710.25,25702.25,25706.75,2231,25585.22,25585.41,0.00
2025-12-01,13:41:00,25706.5,25716.25,25705.25,25715.5,1521,25585.36,25585.59,0.00
2025-12-01,13:42:00,25715.25,25721.5,25713.75,25719.25,1657,25585.52,25585.79,0.00
2025-12-01,13:43:00,25719,25724.5,25717,25724,2180,25585.73,25586.07,0.00
2025-12-01,13:44:00,25724,25728,25720.5,25721.25,1826,25585.91,25586.30,0.00
2025-12-01,13:45:00,25721.25,25735,25720.75,25734.5,2779,25586.20,25586.67,0.00
2025-12-01,13:46:00,25734.5,25743.75,25733,25743.5,4057,25586.65,25587.24,0.00
2025-12-01,13:47:00,25743.75,25749,25738.75,25740,3493,25587.04,25587.74,0.00
2025-12-01,13:48:00,25740,25744.25,25734.5,25736.75,2102,25587.27,25588.03,0.00
2025-12-01,13:49:00,25736.75,25745.25,25736,25742.75,1692,25587.46,25588.27,0.00
2025-12-01,13:50:00,25743,25745.25,25737,25737.25,1400,25587.61,25588.46,0.00
2025-12-01,13:51:00,25737.25,25738,25716.75,25722.25,5050,25588.10,25589.09,0.00
2025-12-01,13:52:00,25722,25726,25717,25725.25,1892,25588.28,25589.32,0.00
2025-12-01,13:53:00,25724.75,25729.25,25719.25,25724.75,1534,25588.43,25589.51,0.00
2025-12-01,13:54:00,25724.5,25725.75,25717.5,25718.25,1272,25588.55,25589.66,0.00
2025-12-01,13:55:00,25718.25,25721,25714.5,25717.25,1508,25588.69,25589.83,0.00
2025-12-01,13:56:00,25717.75,25720.5,25710,25712,1852,25588.85,25590.04,0.00
2025-12-01,13:57:00,25712,25716.25,25702.5,25707.5,2195,25589.04,25590.28,0.00
2025-12-01,13:58:00,25707.75,25715,25706,25711.25,1384,25589.16,25590.43,0.00
2025-12-01,13:59:00,25711.5,25718,25711,25714,1631,25589.30,25590.61,0.00
2025-12-01,14:00:00,25715,25715.25,25702.75,25704,1890,25589.46,25590.81,0.00
2025-12-01,14:01:00,25704,25714.5,25699.25,25714.25,2843,25589.70,25591.11,0.00
2025-12-01,14:02:00,25714,25721,25711,25720,2508,25589.92,25591.39,0.00
2025-12-01,14:03:00,25720.25,25725.25,25716.25,25719.5,2067,25590.11,25591.63,0.00
2025-12-01,14:04:00,25719.25,25725.5,25716.25,25722.5,1224,25590.22,25591.77,0.00
2025-12-01,14:05:00,25723.25,25724.5,25716.5,25718.75,1061,25590.32,25591.89,0.00
2025-12-01,14:06:00,25718.25,25720,25711.75,25716.5,1253,25590.43,25592.03,0.00
2025-12-01,14:07:00,25716.25,25719.75,25711.5,25714.75,1354,25590.55,25592.18,0.00
2025-12-01,14:08:00,25714.75,25722.25,25712.5,25720.75,1054,25590.64,25592.29,0.00
2025-12-01,14:09:00,25720.75,25727.75,25718,25726,1737,25590.80,25592.50,0.00
2025-12-01,14:10:00,25726,25727.5,25721.25,25721.75,1238,25590.92,25592.64,0.00
2025-12-01,14:11:00,25721.5,25726,25719,25724.25,1260,25591.03,25592.78,0.00
2025-12-01,14:12:00,25724,25728.25,25724,25727.25,1001,25591.13,25592.90,0.00
2025-12-01,14:13:00,25727.5,25731.25,25724,25730.75,1406,25591.26,25593.07,0.00
2025-12-01,14:14:00,25730.5,25737,25729.5,25729.5,2296,25591.48,25593.35,0.00
2025-12-01,14:15:00,25730,25730.75,25725,25729.5,1337,25591.61,25593.51,0.00
2025-12-01,14:16:00,25728.75,25733.5,25724.75,25730.75,1110,25591.72,25593.64,0.00
2025-12-01,14:17:00,25730.5,25732.5,25723.75,25724.75,1294,25591.84,25593.79,0.00
2025-12-01,14:18:00,25724.75,25726.25,25719,25722.75,1438,25591.97,25593.96,0.00
2025-12-01,14:19:00,25723,25725,25715.5,25723,1568,25592.11,25594.13,0.00
2025-12-01,14:20:00,25722.75,25725,25719,25721.5,763,25592.18,25594.22,0.00
2025-12-01,14:21:00,25721.75,25722.5,25710,25710,1757,25592.32,25594.40,0.00
2025-12-01,14:22:00,25710,25715.5,25706.75,25710.25,1782,25592.47,25594.58,0.00
2025-12-01,14:23:00,25710.25,25716.75,25707.75,25713.5,918,25592.54,25594.68,0.00
2025-12-01,14:24:00,25713.75,25715.25,25710.25,25714.25,718,25592.60,25594.75,0.00
2025-12-01,14:25:00,25713.5,25719.75,25711.5,25719.25,1209,25592.71,25594.88,0.00
2025-12-01,14:26:00,25719,25723.5,25716.75,25721.75,1278,25592.82,25595.02,0.00
2025-12-01,14:27:00,25722,25726.5,25719.5,25722.5,1427,25592.95,25595.18,0.00
2025-12-01,14:28:00,25723,25725.75,25719.25,25719.5,532,25592.99,25595.23,0.00
2025-12-01,14:29:00,25719.5,25721.75,25716.5,25721.25,959,25593.08,25595.34,0.00
2025-12-01,14:30:00,25721.25,25723.75,25712.75,25716,1266,25593.18,25595.47,0.00
2025-12-01,14:31:00,25716.25,25724.25,25716.25,25723.75,1053,25593.28,25595.59,0.00
2025-12-01,14:32:00,25723.75,25725.75,25721.5,25722.5,1140,25593.38,25595.71,0.00
2025-12-01,14:33:00,25722.25,25726,25720.25,25722.25,820,25593.45,25595.80,0.00
2025-12-01,14:34:00,25723,25726,25721,25722,602,25593.50,25595.87,0.00
2025-12-01,14:35:00,25722.25,25726,25718.75,25724.5,784,25593.57,25595.95,0.00
2025-12-01,14:36:00,25724.5,25725.75,25721,25722.25,596,25593.62,25596.02,0.00
2025-12-01,14:37:00,25721.75,25729.5,25721.75,25729.25,1547,25593.76,25596.19,0.00
2025-12-01,14:38:00,25729,25730.5,25721.75,25724.5,1314,25593.88,25596.34,0.00
2025-12-01,14:39:00,25725,25727.75,25721.75,25726,648,25593.94,25596.41,0.00
2025-12-01,14:40:00,25726.5,25729.25,25723.25,25723.5,760,25594.01,25596.49,0.00
2025-12-01,14:41:00,25723.5,25724.5,25718.25,25720,1161,25594.11,25596.62,0.00
2025-12-01,14:42:00,25720.5,25722,25714.25,25721.75,1474,25594.23,25596.77,0.00
2025-12-01,14:43:00,25722.5,25724.25,25717.75,25719.25,740,25594.30,25596.85,0.00
2025-12-01,14:44:00,25719.5,25726,25719,25725.75,857,25594.37,25596.94,0.00
2025-12-01,14:45:00,25725.75,25727.75,25723,25723,1169,25594.47,25597.07,0.00
2025-12-01,14:46:00,25723.25,25727.25,25721.5,25724,1562,25594.61,25597.24,0.00
2025-12-01,14:47:00,25724.5,25732,25724.5,25727,1901,25594.78,25597.45,0.00
2025-12-01,14:48:00,25727.75,25731,25726.25,25727.75,743,25594.85,25597.53,0.00
2025-12-01,14:49:00,25727.5,25727.5,25721.75,25722.75,956,25594.93,25597.64,0.00
2025-12-01,14:50:00,25722.75,25722.75,25717,25720,1121,25595.03,25597.75,0.00
2025-12-01,14:51:00,25720.75,25733.25,25720.75,25731.5,1819,25595.19,25597.96,0.00
2025-12-01,14:52:00,25731.25,25735,25728.75,25732.5,1732,25595.35,25598.15,0.00
2025-12-01,14:53:00,25732.5,25738.5,25731.25,25735.25,2074,25595.54,25598.39,0.00
2025-12-01,14:54:00,25735.5,25737.5,25731.5,25735.75,1030,25595.64,25598.51,0.00
2025-12-01,14:55:00,25735.75,25738.75,25735.25,25736,942,25595.73,25598.62,0.00
2025-12-01,14:56:00,25736,25743,25733.5,25739.25,1809,25595.90,25598.83,0.00
2025-12-01,14:57:00,25739.5,25743,25737.5,25742.75,1265,25596.03,25598.99,0.00
2025-12-01,14:58:00,25743,25746.25,25741.5,25743.75,1358,25596.16,25599.15,0.00
2025-12-01,14:59:00,25743.5,25744.75,25740.5,25742.5,1048,25596.26,25599.28,0.00
2025-12-01,15:00:00,25742.5,25746,25739.5,25739.5,950,25596.35,25599.39,0.00
2025-12-01,15:01:00,25740,25741.5,25725,25725,3104,25596.63,25599.73,0.00
2025-12-01,15:02:00,25725.25,25729.75,25715.75,25717.5,2827,25596.87,25600.02,0.00
2025-12-01,15:03:00,25717,25723.75,25711,25722.75,2890,25597.10,25600.31,0.00
2025-12-01,15:04:00,25722.75,25726.25,25720.25,25725.75,1632,25597.24,25600.47,0.00
2025-12-01,15:05:00,25725.5,25726.5,25712.25,25712.5,2474,25597.43,25600.71,0.00
2025-12-01,15:06:00,25712.5,25712.5,25701.75,25702.25,2916,25597.64,25600.97,0.00
2025-12-01,15:07:00,25702.75,25707,25695,25705.75,3159,25597.86,25601.23,0.00
2025-12-01,15:08:00,25705.5,25710.75,25701,25702.25,1884,25597.99,25601.39,0.00
2025-12-01,15:09:00,25702,25706.75,25700,25702.5,1174,25598.07,25601.49,0.00
2025-12-01,15:10:00,25702.5,25703.75,25696.25,25700.25,1592,25598.18,25601.62,0.00
2025-12-01,15:11:00,25700.25,25701.75,25693,25697.75,2146,25598.32,25601.79,0.00
2025-12-01,15:12:00,25697.75,25704.75,25694.75,25697.5,1439,25598.42,25601.90,0.00
2025-12-01,15:13:00,25697.75,25697.75,25685.75,25694.25,3440,25598.63,25602.16,0.00
2025-12-01,15:14:00,25694.5,25701,25692.25,25699.75,1955,25598.75,25602.31,0.00
2025-12-01,15:15:00,25699.75,25704.75,25698,25701.5,2407,25598.91,25602.51,0.00
2025-12-01,15:16:00,25702.25,25702.5,25693.25,25693.75,1436,25599.01,25602.62,0.00
2025-12-01,15:17:00,25693.5,25695.25,25684,25689,2468,25599.15,25602.79,0.00
2025-12-01,15:18:00,25689,25690.75,25682.25,25685.5,1511,25599.24,25602.89,0.00
2025-12-01,15:19:00,25685.25,25690,25679.75,25682,2073,25599.35,25603.03,0.00
2025-12-01,15:20:00,25681.25,25683.25,25670.75,25681.75,3596,25599.54,25603.25,0.00
2025-12-01,15:21:00,25682.25,25689.75,25679.5,25681.75,2433,25599.67,25603.41,0.00
2025-12-01,15:22:00,25682,25682.25,25672.25,25678.5,2565,25599.80,25603.56,0.00
2025-12-01,15:23:00,25678.75,25680.5,25670,25671.25,1881,25599.89,25603.67,0.00
2025-12-01,15:24:00,25671,25671.25,25656.5,25657.5,4694,25600.07,25603.88,0.00
2025-12-01,15:25:00,25657.5,25663.25,25649.75,25659.75,4387,25600.23,25604.07,0.00
2025-12-01,15:26:00,25658.75,25659.5,25648.75,25653.5,3301,25600.35,25604.20,0.00
2025-12-01,15:27:00,25653.25,25657.75,25646.75,25648.5,2061,25600.41,25604.28,0.00
2025-12-01,15:28:00,25648.75,25667,25645.25,25666.5,3977,25600.56,25604.45,0.00
2025-12-01,15:29:00,25666.5,25669.25,25652.5,25653.5,2881,25600.67,25604.58,0.00
2025-12-01,15:30:00,25653.25,25654.5,25644,25649.25,2676,25600.75,25604.67,0.00
2025-12-01,15:31:00,25649.5,25650.75,25637.25,25644,3643,25600.85,25604.78,0.00
2025-12-01,15:32:00,25644.5,25647.5,25635.75,25638,2421,25600.91,25604.85,0.00
2025-12-01,15:33:00,25637.5,25638,25622,25626,5253,25601.01,25604.95,0.00
2025-12-01,15:34:00,25626,25634.5,25610,25632.25,6417,25601.10,25605.05,0.00
2025-12-01,15:35:00,25632,25641.25,25625,25639,3490,25601.18,25605.13,0.00
2025-12-01,15:36:00,25639,25652,25637.5,25643,3932,25601.28,25605.25,0.00
2025-12-01,15:37:00,25642.75,25660.5,25640,25657.25,3428,25601.39,25605.38,0.00
2025-12-01,15:38:00,25657.25,25668.25,25656.25,25659.75,3473,25601.52,25605.53,0.00
2025-12-01,15:39:00,25660.75,25663.25,25645.25,25645.5,2732,25601.61,25605.62,0.00
2025-12-01,15:40:00,25645.75,25665.25,25644.25,25665,2667,25601.70,25605.73,0.00
2025-12-01,15:41:00,25665.5,25667.25,25653.5,25653.75,2131,25601.78,25605.82,0.00
2025-12-01,15:42:00,25654,25658.25,25642.25,25644,2639,25601.85,25605.90,0.00
2025-12-01,15:43:00,25643.75,25653,25637.25,25640.75,3337,25601.94,25606.00,0.00
2025-12-01,15:44:00,25640.5,25648.25,25639,25645.5,1833,25601.99,25606.05,0.00
2025-12-01,15:45:00,25645.25,25648.25,25633.25,25635.25,2769,25602.05,25606.12,0.00
2025-12-01,15:46:00,25634.75,25641,25629,25631.75,2813,25602.10,25606.18,0.00
2025-12-01,15:47:00,25632,25639.5,25625.5,25634.5,2616,25602.15,25606.23,0.00
2025-12-01,15:48:00,25634.5,25645.5,25628,25641,2542,25602.21,25606.29,0.00
2025-12-01,15:49:00,25640.5,25643.75,25632.75,25633.75,1688,25602.25,25606.33,0.00
2025-12-01,15:50:00,25633.5,25634.25,25626,25631,2093,25602.28,25606.37,0.00
2025-12-01,15:51:00,25631,25638.5,25628.5,25633,1970,25602.32,25606.41,0.00
2025-12-01,15:52:00,25633.5,25634.75,25624.5,25624.5,1983,25602.35,25606.44,0.00
2025-12-01,15:53:00,25624.5,25642.5,25621,25633,2957,25602.40,25606.50,0.00
2025-12-01,15:54:00,25633,25645,25631.75,25644.25,1622,25602.44,25606.54,0.00
2025-12-01,15:55:00,25644.5,25648.75,25639,25639.5,2283,25602.50,25606.60,0.00
2025-12-01,15:56:00,25639.25,25643.5,25625.25,25627.5,2436,25602.54,25606.65,0.00
2025-12-01,15:57:00,25627.5,25636,25626,25630.75,1827,25602.57,25606.68,0.00
2025-12-01,15:58:00,25630.75,25639.75,25628.25,25633,1537,25602.60,25606.71,0.00
2025-12-01,15:59:00,25632.5,25638.5,25629.25,25633.5,1220,25602.62,25606.73,0.00
2025-12-01,16:00:00,25633.25,25636.5,25622.5,25627.5,1693,25602.65,25606.76,0.00
2025-12-01,16:01:00,25627,25635.25,25619,25634.25,3295,25602.70,25606.82,0.00
2025-12-01,16:02:00,25635,25636.25,25624.25,25634.5,1904,25602.74,25606.85,0.00
2025-12-01,16:03:00,25634,25637.75,25621.75,25627.75,1752,25602.76,25606.88,0.00
2025-12-01,16:04:00,25627.25,25637.5,25624.5,25636.5,1614,25602.79,25606.91,0.00
2025-12-01,16:05:00,25636.5,25643.25,25634,25636.25,2146,25602.84,25606.96,0.00
2025-12-01,16:06:00,25636,25647.5,25634.5,25637.5,2638,25602.90,25607.02,0.00
2025-12-01,16:07:00,25637.5,25644.75,25632.75,25635.5,1804,25602.93,25607.06,0.00
2025-12-01,16:08:00,25636,25643.75,25632,25642.5,1754,25602.97,25607.11,0.00
2025-12-01,16:09:00,25642.75,25648.5,25638.75,25644.5,1628,25603.01,25607.15,0.00
2025-12-01,16:10:00,25644,25648,25641.25,25645.25,1259,25603.04,25607.18,0.00
2025-12-01,16:11:00,25645.25,25663,25645.25,25661,3760,25603.16,25607.32,0.00
2025-12-01,16:12:00,25661,25666.25,25657,25660.75,2381,25603.25,25607.41,0.00
2025-12-01,16:13:00,25660.75,25667,25659.25,25664,1677,25603.31,25607.48,0.00
2025-12-01,16:14:00,25663.75,25664.25,25655.75,25655.75,1751,25603.36,25607.55,0.00
2025-12-01,16:15:00,25655.5,25665.5,25654.5,25663.25,1686,25603.42,25607.61,0.00
2025-12-01,16:16:00,25663.75,25665.25,25653.5,25665,1956,25603.49,25607.69,0.00
2025-12-01,16:17:00,25665,25665.75,25659.25,25660.5,1093,25603.53,25607.73,0.00
2025-12-01,16:18:00,25661.5,25661.5,25645.25,25646,2879,25603.61,25607.82,0.00
2025-12-01,16:19:00,25646,25653,25642.25,25643,2136,25603.66,25607.88,0.00
2025-12-01,16:20:00,25643.25,25650,25637.25,25647.25,2888,25603.73,25607.96,0.00
2025-12-01,16:21:00,25647,25656,25644.75,25654.75,1926,25603.78,25608.02,0.00
2025-12-01,16:22:00,25654.5,25655.75,25648.5,25651,1419,25603.82,25608.06,0.00
2025-12-01,16:23:00,25651.75,25654,25642.25,25643,1625,25603.86,25608.11,0.00
2025-12-01,16:24:00,25642.5,25651.5,25640.25,25649.75,1647,25603.91,25608.15,0.00
2025-12-01,16:25:00,25650,25654.75,25645.25,25646.75,1012,25603.93,25608.18,0.00
2025-12-01,16:26:00,25646.75,25652.5,25643,25647,1329,25603.97,25608.22,0.00
2025-12-01,16:27:00,25647.25,25657.75,25646.25,25650.75,1367,25604.00,25608.26,0.00
2025-12-01,16:28:00,25651.25,25651.75,25646,25647,958,25604.03,25608.29,0.00
2025-12-01,16:29:00,25646.5,25652,25642.75,25651.25,1307,25604.06,25608.33,0.00
2025-12-01,16:30:00,25652,25655.75,25648.75,25654.5,1172,25604.10,25608.36,0.00
2025-12-01,16:31:00,25654.75,25660.5,25650.75,25654,2265,25604.16,25608.44,0.00
2025-12-01,16:32:00,25653.5,25655.5,25644,25644.25,1851,25604.21,25608.49,0.00
2025-12-01,16:33:00,25644.25,25648.75,25641.75,25644.5,1303,25604.24,25608.52,0.00
2025-12-01,16:34:00,25645,25649.75,25642.25,25643.75,1148,25604.27,25608.55,0.00
2025-12-01,16:35:00,25643.5,25649.5,25639.5,25649.5,1708,25604.31,25608.60,0.00
2025-12-01,16:36:00,25649.25,25657.5,25649.25,25656.5,2018,25604.37,25608.66,0.00
2025-12-01,16:37:00,25655.5,25660.25,25652,25659.25,1843,25604.43,25608.73,0.00
2025-12-01,16:38:00,25659,25663,25654.25,25656,1262,25604.47,25608.77,0.00
2025-12-01,16:39:00,25656,25667.5,25655.5,25664.75,1691,25604.52,25608.83,0.00
2025-12-01,16:40:00,25664.75,25672,25662.75,25669.5,3028,25604.63,25608.96,0.00
2025-12-01,16:41:00,25670.25,25671.75,25657.75,25658.25,2090,25604.70,25609.04,0.00
2025-12-01,16:42:00,25658.75,25665.25,25653.25,25661.5,2387,25604.78,25609.12,0.00
2025-12-01,16:43:00,25661.5,25666.75,25659,25666.5,1231,25604.82,25609.17,0.00
2025-12-01,16:44:00,25666.5,25672,25666,25671.25,1745,25604.89,25609.25,0.00
2025-12-01,16:45:00,25671.25,25673.5,25668.5,25671,1822,25604.96,25609.32,0.00
2025-12-01,16:46:00,25671.5,25674.5,25662.75,25662.75,2657,25605.05,25609.43,0.00
2025-12-01,16:47:00,25663.5,25664.75,25649.5,25650.25,2661,25605.13,25609.51,0.00
2025-12-01,16:48:00,25650.25,25662.5,25647.75,25661.75,2318,25605.20,25609.59,0.00
2025-12-01,16:49:00,25661.75,25664.5,25658.25,25658.75,1308,25605.24,25609.64,0.00
2025-12-01,16:50:00,25658.5,25664,25655,25658.25,1556,25605.28,25609.69,0.00
2025-12-01,16:51:00,25658.25,25671.5,25658.25,25659.75,3536,25605.40,25609.82,0.00
2025-12-01,16:52:00,25659.75,25663,25646.5,25650.5,4135,25605.51,25609.95,0.00
2025-12-01,16:53:00,25651.25,25653.25,25638.75,25639.25,3214,25605.58,25610.02,0.00
2025-12-01,16:54:00,25639.25,25648.75,25636.5,25640.25,2954,25605.64,25610.08,0.00
2025-12-01,16:55:00,25640.5,25652.75,25637,25641.25,5172,25605.76,25610.20,0.00
2025-12-01,16:56:00,25641.5,25642.5,25619.75,25641.5,6652,25605.86,25610.31,0.00
2025-12-01,16:57:00,25642.25,25642.25,25620,25622.5,3283,25605.91,25610.35,0.00
2025-12-01,16:58:00,25622.75,25629.5,25618.5,25627.25,2838,25605.94,25610.38,0.00
2025-12-01,16:59:00,25627.5,25632.5,25622,25631.25,2809,25605.97,25610.42,0.00
2025-12-01,17:00:00,25630.75,25659.25,25624.75,25655.25,9626,25606.19,25610.65,0.00
2025-12-01,17:01:00,25655,25662,25644.5,25661,5061,25606.33,25610.80,0.00
2025-12-01,17:02:00,25661.5,25662.5,25653.5,25656.5,1865,25606.38,25610.86,0.00
2025-12-01,17:03:00,25656.75,25659,25652,25655,933,25606.41,25610.89,0.00
2025-12-01,17:04:00,25655,25662.75,25654.5,25658.25,907,25606.43,25610.92,0.00
2025-12-01,17:05:00,25658.5,25659.75,25656,25657,476,25606.45,25610.93,0.00
2025-12-01,17:06:00,25657,25665.25,25649.75,25650.5,1678,25606.49,25610.98,0.00
2025-12-01,17:07:00,25650.75,25656.75,25650.75,25652.5,848,25606.51,25611.01,0.00
2025-12-01,17:08:00,25652.5,25654.5,25647,25647.75,987,25606.54,25611.03,0.00
2025-12-01,17:09:00,25647.5,25650,25641.75,25642.75,997,25606.56,25611.05,0.00
2025-12-01,17:10:00,25642.75,25644.25,25638,25642.5,818,25606.57,25611.07,0.00
2025-12-01,17:11:00,25642.5,25647.25,25642.5,25646.5,782,25606.59,25611.09,0.00
2025-12-01,17:12:00,25647.25,25648.25,25638.75,25639,483,25606.60,25611.10,0.00
2025-12-01,17:13:00,25639.25,25643,25636.5,25642.25,555,25606.61,25611.11,0.00
2025-12-01,17:14:00,25643,25649.25,25642.75,25644.75,810,25606.63,25611.13,0.00
2025-12-01,17:15:00,25644.25,25645.75,25641.5,25642.5,581,25606.64,25611.14,0.00
2025-12-01,17:16:00,25642.5,25646,25641.25,25645.5,498,25606.65,25611.15,0.00
2025-12-01,17:17:00,25644.5,25648,25644,25647.25,294,25606.66,25611.16,0.00
2025-12-01,17:18:00,25646.5,25648.75,25646.25,25647,231,25606.66,25611.16,0.00
2025-12-01,17:19:00,25647,25648.5,25646.5,25648.25,204,25606.67,25611.17,0.00
2025-12-01,17:20:00,25648.25,25652.75,25647.75,25648.75,451,25606.68,25611.18,0.00
2025-12-01,17:21:00,25648.5,25651.25,25646.5,25650.75,301,25606.68,25611.19,0.00
2025-12-01,17:22:00,25650.25,25653.75,25647.75,25652.75,325,25606.69,25611.20,0.00
2025-12-01,17:23:00,25652.5,25655.75,25651,25655,450,25606.70,25611.21,0.00
2025-12-01,17:24:00,25655.5,25657.75,25653,25653.5,434,25606.72,25611.22,0.00
2025-12-01,17:25:00,25653.5,25655.5,25652.25,25654.5,291,25606.72,25611.23,0.00
2025-12-01,17:26:00,25654.75,25658,25652.25,25652.25,383,25606.73,25611.24,0.00
2025-12-01,17:27:00,25652,25654.25,25648.25,25650,506,25606.75,25611.25,0.00
2025-12-01,17:28:00,25650,25654,25649.5,25653.25,173,25606.75,25611.26,0.00
2025-12-01,17:29:00,25653.25,25654,25650.5,25651,188,25606.75,25611.26,0.00
2025-12-01,17:30:00,25651,25653.25,25650.75,25652,131,25606.76,25611.27,0.00
2025-12-01,17:31:00,25652.25,25653.5,25645.75,25647.25,412,25606.77,25611.28,0.00
2025-12-01,17:32:00,25647.25,25648.5,25645.25,25647.25,174,25606.77,25611.28,0.00
2025-12-01,17:33:00,25647.5,25649.5,25646.5,25648.75,150,25606.77,25611.29,0.00
2025-12-01,17:34:00,25649,25650.5,25648.5,25649,118,25606.78,25611.29,0.00
2025-12-01,17:35:00,25649.25,25651,25647,25650.75,248,25606.78,25611.29,0.00
2025-12-01,17:36:00,25650.25,25651.5,25649,25649,185,25606.79,25611.30,0.00
2025-12-01,17:37:00,25649.5,25652.5,25649.25,25651.75,322,25606.79,25611.31,0.00
2025-12-01,17:38:00,25651.25,25651.75,25648.5,25649.25,163,25606.80,25611.31,0.00
2025-12-01,17:39:00,25649.5,25652.75,25648.25,25649.5,276,25606.81,25611.32,0.00
2025-12-01,17:40:00,25649.5,25653.5,25647.75,25652,396,25606.82,25611.33,0.00
2025-12-01,17:41:00,25652,25654.5,25651.75,25653.25,188,25606.82,25611.33,0.00
2025-12-01,17:42:00,25653.25,25654.75,25652.25,25653.25,173,25606.82,25611.34,0.00
2025-12-01,17:43:00,25653.5,25655.5,25652.75,25653.25,215,25606.83,25611.35,0.00
2025-12-01,17:44:00,25653.25,25653.5,25651.75,25652.5,139,25606.83,25611.35,0.00
2025-12-01,17:45:00,25652,25654.5,25651,25653.5,325,25606.84,25611.36,0.00
2025-12-01,17:46:00,25653.25,25656.75,25652.5,25654,413,25606.85,25611.37,0.00
2025-12-01,17:47:00,25653.75,25655,25653.5,25653.75,123,25606.86,25611.37,0.00
2025-12-01,17:48:00,25653.75,25654.5,25652,25653,277,25606.86,25611.38,0.00
2025-12-01,17:49:00,25652.75,25655.25,25652.25,25654.5,198,25606.87,25611.39,0.00
2025-12-01,17:50:00,25654.75,25657.25,25654.75,25656,147,25606.87,25611.39,0.00
2025-12-01,17:51:00,25656.25,25659,25655.75,25658,281,25606.88,25611.40,0.00
2025-12-01,17:52:00,25658,25658,25655.5,25656.75,126,25606.88,25611.40,0.00
2025-12-01,17:53:00,25657,25658.25,25654,25654.75,140,25606.89,25611.41,0.00
2025-12-01,17:54:00,25655,25655.5,25653.5,25655.25,106,25606.89,25611.41,0.00
2025-12-01,17:55:00,25656,25658.75,25656,25658.5,86,25606.89,25611.41,0.00
2025-12-01,17:56:00,25659,25660.75,25657.75,25657.75,185,25606.90,25611.42,0.00
2025-12-01,17:57:00,25658,25658.75,25655.25,25655.25,103,25606.90,25611.42,0.00
2025-12-01,17:58:00,25655.75,25656,25654.25,25654.5,87,25606.90,25611.42,0.00
2025-12-01,17:59:00,25655,25655.25,25652.25,25653.25,90,25606.90,25611.43,0.00
2025-12-01,18:00:00,25653,25655.25,25652,25653.5,406,25606.91,25611.44,0.00
2025-12-01,19:01:00,25676,25676,25661.25,25671.5,1375,25669.58,25669.58,0.00
2025-12-01,19:02:00,25670.75,25672.75,25658.5,25664.75,1184,25667.62,25665.33,0.00
2025-12-01,19:03:00,25665,25675.5,25662.25,25673.5,760,25668.26,25667.32,0.00
2025-12-01,19:04:00,25674.75,25676.25,25670.25,25671.25,502,25672.58,25668.40,0.00
2025-12-01,19:05:00,25671.25,25673.75,25664.25,25664.25,627,25669.71,25668.20,0.00
2025-12-01,19:06:00,25664,25666.5,25656.25,25661.5,685,25666.58,25661.42,0.00
2025-12-01,19:07:00,25661.5,25664.25,25658.25,25660.75,559,25665.29,25661.27,0.00
2025-12-01,19:08:00,25661.25,25663.75,25653.75,25654,414,25664.08,25657.17,0.00
2025-12-01,19:09:00,25653.75,25654,25645.75,25647.25,597,25661.42,25649.00,0.00
2025-12-01,19:10:00,25647.25,25648.75,25633.25,25638,1265,25655.59,25640.00,0.00
2025-12-01,19:11:00,25638,25639,25632,25638.25,665,25653.19,25636.42,0.00
2025-12-01,19:12:00,25638.5,25640.5,25634.75,25636.75,483,25651.87,25636.80,0.00
2025-12-01,19:13:00,25636.25,25640,25635,25637,313,25651.13,25636.92,0.00
2025-12-01,19:14:00,25637,25637,25632.5,25635.25,301,25650.36,25636.57,0.00
2025-12-01,19:15:00,25635.25,25641.25,25633.25,25639.75,338,25649.75,25636.82,0.00
2025-12-01,19:16:00,25640,25645.75,25639,25644.75,465,25649.33,25637.97,0.00
2025-12-01,19:17:00,25644.75,25647.25,25642.5,25645,398,25649.09,25638.90,0.00
2025-12-01,19:18:00,25645.75,25648.75,25644.75,25646.25,317,25648.99,25639.64,0.00
2025-12-01,19:19:00,25645.25,25647.75,25643.75,25646.25,296,25648.88,25640.16,0.00
2025-12-01,19:20:00,25646.25,25650.75,25644.25,25650.25,430,25648.86,25641.05,0.00
2025-12-01,19:21:00,25650.25,25658,25649.75,25654.25,820,25649.31,25643.25,0.00
2025-12-01,19:22:00,25654,25659.75,25653.75,25657.25,547,25649.72,25644.64,0.00
2025-12-01,19:23:00,25657,25659.25,25653.25,25659,267,25649.91,25645.23,0.00
2025-12-01,19:24:00,25659,25670.5,25657.75,25668.25,992,25651.28,25648.27,0.00
2025-12-01,19:25:00,25668.5,25670,25666.5,25668.5,342,25651.79,25649.25,0.00
2025-12-01,19:26:00,25668.25,25673.25,25667.5,25672.5,536,25652.64,25650.81,0.00
2025-12-01,19:27:00,25672.75,25672.75,25665,25667.25,616,25653.39,25652.14,0.00
2025-12-01,19:28:00,25667.25,25670.25,25662.5,25665.5,493,25653.87,25652.93,0.00
2025-12-01,19:29:00,25666.25,25669.25,25664.75,25668.75,210,25654.08,25653.28,0.00
2025-12-01,19:30:00,25668.75,25672.5,25667.25,25667.75,266,25654.37,25653.75,0.00
2025-12-01,19:31:00,25668.5,25671.75,25666.75,25670.75,309,25654.71,25654.27,0.00
2025-12-01,19:32:00,25671,25671,25664.75,25668,350,25655.03,25654.76,0.00
2025-12-01,19:33:00,25667.5,25670.75,25667,25668.5,243,25655.26,25655.10,0.00
2025-12-01,19:34:00,25668.5,25674.25,25667.5,25671,412,25655.69,25655.73,0.00
2025-12-01,19:35:00,25670,25671.75,25666.5,25671,265,25655.93,25656.08,0.00
2025-12-01,19:36:00,25670.25,25675.25,25669.5,25674,391,25656.35,25656.67,0.00
2025-12-01,19:37:00,25674.25,25679.25,25671,25674.75,645,25675.00,25657.68,0.00
2025-12-01,19:38:00,25674.25,25674.25,25669.5,25672.25,266,25674.12,25658.00,0.00
2025-12-01,19:39:00,25672,25675.5,25669.75,25672.75,223,25673.84,25658.27,0.00
2025-12-01,19:40:00,25672.25,25674,25671.25,25672,187,25673.64,25658.48,0.00
2025-12-01,19:41:00,25672,25672.25,25665.75,25667.5,560,25672.11,25658.91,0.00
2025-12-01,19:42:00,25667.75,25671.75,25665.5,25667.25,268,25671.62,25659.10,0.00
2025-12-01,19:43:00,25667.25,25668.5,25661,25663.75,661,25669.92,25659.36,0.00
2025-12-01,19:44:00,25664,25667.5,25663.5,25666,251,25669.57,25659.47,0.00
2025-12-01,19:45:00,25666.75,25669,25661.75,25662.5,363,25669.03,25659.59,0.00
2025-12-01,19:46:00,25662.5,25663.5,25659.25,25661.25,327,25668.36,25659.63,0.00
2025-12-01,19:47:00,25661,25669,25660.75,25665.5,434,25668.02,25659.78,0.00
2025-12-01,19:48:00,25664.5,25668.5,25661.75,25666.25,155,25667.93,25659.84,0.00
2025-12-01,19:49:00,25666.75,25666.75,25659.25,25659.75,312,25667.52,25659.88,0.00
2025-12-01,19:50:00,25659.75,25661.5,25654.25,25659.5,581,25666.51,25659.83,0.00
2025-12-01,19:51:00,25658.75,25660.5,25657.25,25659.25,190,25666.25,25659.82,0.00
2025-12-01,19:52:00,25659,25663.25,25659,25662.25,227,25666.06,25659.84,0.00
2025-12-01,19:53:00,25662.25,25664.25,25659.75,25662.5,192,25665.93,25659.87,0.00
2025-12-01,19:54:00,25661.75,25663,25659.25,25661.25,162,25665.80,25659.88,0.00
2025-12-01,19:55:00,25660.75,25662.75,25658.75,25661.5,187,25665.66,25659.90,0.00
2025-12-01,19:56:00,25659.5,25660.25,25654.25,25655,268,25665.28,25659.84,0.00
2025-12-01,19:57:00,25654.5,25655.25,25650.5,25651.75,668,25664.08,25659.57,0.00
2025-12-01,19:58:00,25651.25,25656.5,25648.75,25655.25,360,25663.57,25659.46,0.00
2025-12-01,19:59:00,25654.5,25656.25,25651.75,25655.5,264,25663.26,25659.39,0.00
2025-12-01,20:00:00,25655.75,25655.75,25651.75,25652.25,187,25663.03,25659.33,0.00
2025-12-01,20:01:00,25651.75,25653,25643.5,25644,727,25661.67,25658.87,0.00
2025-12-01,20:02:00,25644.5,25652,25637.25,25649,1225,25659.74,25658.12,0.00
2025-12-01,20:03:00,25649,25650.25,25641.5,25645,515,25659.04,25657.82,0.00
2025-12-01,20:04:00,25645,25645.75,25641,25642,305,25658.58,25657.61,0.00
2025-12-01,20:05:00,25641.25,25644.25,25640.5,25643.5,270,25658.19,25657.43,0.00
2025-12-01,20:06:00,25643.75,25646.75,25642.75,25644.5,326,25657.80,25657.24,0.00
2025-12-01,20:07:00,25645,25654.25,25645,25650,676,25657.34,25657.02,0.00
2025-12-01,20:08:00,25650,25659,25649.75,25654.75,622,25657.20,25656.96,0.00
2025-12-01,20:09:00,25654.5,25654.75,25650,25654,363,25657.08,25656.89,0.00
2025-12-01,20:10:00,25654.5,25656.25,25651.25,25656.25,341,25657.02,25656.86,0.00
2025-12-01,20:11:00,25655,25661.5,25655,25659,482,25657.07,25656.89,0.00
2025-12-01,20:12:00,25658.5,25663.25,25657.25,25661,451,25657.18,25656.96,0.00
2025-12-01,20:13:00,25661.75,25662.25,25657,25657.75,303,25657.22,25656.98,0.00
2025-12-01,20:14:00,25658,25660,25653.75,25659,291,25657.23,25656.99,0.00
2025-12-01,20:15:00,25658.75,25662.75,25654.25,25656.75,276,25657.24,25657.00,0.00
2025-12-01,20:16:00,25656,25662.75,25655.75,25660.25,277,25657.28,25657.03,0.00
2025-12-01,20:17:00,25659.75,25661.75,25658.25,25659,147,25657.30,25657.04,0.00
2025-12-01,20:18:00,25659.25,25659.25,25653.5,25657.5,221,25657.29,25657.04,0.00
2025-12-01,20:19:00,25657.75,25660.75,25656.25,25657.75,203,25657.31,25657.05,0.00
2025-12-01,20:20:00,25657.25,25660,25657,25659.5,116,25657.32,25657.05,0.00
2025-12-01,20:21:00,25658.25,25659,25654,25656.75,214,25657.31,25657.05,0.00
2025-12-01,20:22:00,25655,25656.75,25654.25,25655.5,168,25657.29,25657.04,0.00
2025-12-01,20:23:00,25655,25657.25,25650.5,25656.5,313,25657.24,25657.02,0.00
2025-12-01,20:24:00,25655.75,25656.75,25650,25650,195,25657.19,25656.98,0.00
2025-12-01,20:25:00,25650.75,25651.75,25648.25,25650.25,331,25657.05,25656.90,0.00
2025-12-01,20:26:00,25650,25652.25,25647,25652.25,235,25656.96,25656.85,0.00
2025-12-01,20:27:00,25652.25,25653.25,25650,25652.5,177,25656.91,25656.82,0.00
2025-12-01,20:28:00,25652.5,25653.25,25650,25651,89,25656.88,25656.80,0.00
2025-12-01,20:29:00,25650.75,25655,25647.75,25651.5,326,25656.79,25656.74,0.00
2025-12-01,20:30:00,25651.5,25656,25650.75,25655.75,179,25656.76,25656.73,0.00
2025-12-01,20:31:00,25655.5,25660.5,25655.5,25657.75,467,25656.79,25656.75,0.00
2025-12-01,20:32:00,25657.5,25657.75,25654.25,25657,193,25656.78,25656.74,0.00
2025-12-01,20:33:00,25656.25,25661.25,25655.5,25660,178,25656.80,25656.76,0.00
2025-12-01,20:34:00,25660,25667.75,25659.25,25667.75,697,25657.09,25656.94,0.00
2025-12-01,20:35:00,25667.25,25669.25,25666,25667.25,391,25657.29,25657.07,0.00
2025-12-01,20:36:00,25667.25,25670.25,25666.75,25669,374,25657.50,25657.21,0.00
2025-12-01,20:37:00,25669.75,25671.5,25667.5,25670.5,270,25657.66,25657.32,0.00
2025-12-01,20:38:00,25670.75,25672,25666.25,25669,460,25657.90,25657.48,0.00
2025-12-01,20:39:00,25668.5,25668.75,25663.75,25666,379,25658.05,25657.58,0.00
2025-12-01,20:40:00,25666.5,25666.75,25664.25,25665.75,129,25658.09,25657.61,0.00
2025-12-01,20:41:00,25665.5,25666.25,25662.5,25663,380,25658.19,25657.69,0.00
2025-12-01,20:42:00,25663,25666.5,25660.25,25665.5,334,25658.28,25657.75,0.00
2025-12-01,20:43:00,25665.75,25666.5,25664.25,25665.25,166,25658.33,25657.79,0.00
2025-12-01,20:44:00,25664.25,25665.75,25664,25665,69,25658.35,25657.80,0.00
2025-12-01,20:45:00,25664.75,25665.25,25661,25664.25,286,25658.41,25657.85,0.00
2025-12-01,20:46:00,25664.25,25665,25662.25,25662.75,227,25658.46,25657.89,0.00
2025-12-01,20:47:00,25662.5,25665,25661,25663.75,243,25658.51,25657.92,0.00
2025-12-01,20:48:00,25662.75,25662.75,25658.5,25660,379,25658.54,25657.95,0.00
2025-12-01,20:49:00,25660.25,25664,25657.5,25663.5,424,25658.60,25657.99,0.00
2025-12-01,20:50:00,25663.25,25665,25661.75,25662,245,25658.64,25658.03,0.00
2025-12-01,20:51:00,25662.25,25663.75,25659.75,25660.25,205,25658.66,25658.05,0.00
2025-12-01,20:52:00,25660,25663.5,25660,25661.75,117,25658.67,25658.06,0.00
2025-12-01,20:53:00,25661.5,25663,25658.5,25659.75,278,25658.69,25658.08,0.00
2025-12-01,20:54:00,25659.25,25662,25659,25660.25,91,25658.70,25658.08,0.00
2025-12-01,20:55:00,25660.25,25661,25658.75,25659,84,25658.70,25658.09,0.00
2025-12-01,20:56:00,25659.25,25661.75,25658,25661.75,200,25658.72,25658.10,0.00
2025-12-01,20:57:00,25661.75,25663.75,25661,25662.75,160,25658.74,25658.12,0.00
2025-12-01,20:58:00,25662.5,25664.5,25661.5,25664.5,142,25658.77,25658.14,0.00
2025-12-01,20:59:00,25664.5,25664.75,25661,25661.75,168,25658.79,25658.16,0.00
2025-12-01,21:00:00,25661.75,25664,25659.25,25662,256,25658.82,25658.18,0.00
2025-12-01,21:01:00,25661.75,25661.75,25654.5,25657,599,25658.80,25658.18,0.00
2025-12-01,21:02:00,25656.5,25663,25656.25,25661.25,237,25658.81,25658.19,0.00
2025-12-01,21:03:00,25661.25,25661.5,25653,25656.5,427,25658.78,25658.18,0.00
2025-12-01,21:04:00,25657.5,25662.25,25657.5,25660.75,205,25658.79,25658.19,0.00
2025-12-01,21:05:00,25661.25,25666,25661,25663.75,421,25658.86,25658.24,0.00
2025-12-01,21:06:00,25664.25,25669.5,25661,25669.5,581,25659.02,25658.37,0.00
2025-12-01,21:07:00,25668.5,25697,25668.25,25695,2540,25686.75,25660.07,0.00
2025-12-01,21:08:00,25696,25696.75,25683.75,25685.25,1109,25687.31,25660.80,0.00
2025-12-01,21:09:00,25685.75,25685.75,25676.25,25681,798,25686.18,25661.16,0.00
2025-12-01,21:10:00,25680.75,25687.25,25677.25,25687,529,25685.93,25661.43,0.00
2025-12-01,21:11:00,25686.5,25691.25,25682.75,25688.25,921,25686.16,25661.95,0.00
2025-12-01,21:12:00,25688.25,25693.5,25686,25688.5,551,25686.43,25662.28,0.00
2025-12-01,21:13:00,25688.75,25693.25,25687,25688,420,25686.61,25662.52,0.00
2025-12-01,21:14:00,25688,25690,25682,25685.75,453,25686.57,25662.75,0.00
2025-12-01,21:15:00,25687,25690.25,25685,25688,333,25686.62,25662.92,0.00
2025-12-01,21:16:00,25688.5,25690.5,25684.75,25687.75,367,25686.67,25663.11,0.00
2025-12-01,21:17:00,25687.75,25695.25,25687.75,25695,594,25687.08,25663.47,0.00
2025-12-01,21:18:00,25695,25698,25691.5,25693.75,478,25694.42,25663.78,0.00
2025-12-01,21:19:00,25693.25,25694.75,25690.75,25691.75,250,25693.73,25663.92,0.00
2025-12-01,21:20:00,25691.5,25691.5,25685.5,25688.5,441,25691.76,25664.14,0.00
2025-12-01,21:21:00,25688.25,25694,25683.75,25692,426,25691.27,25664.36,0.00
2025-12-01,21:22:00,25691.5,25694.25,25688.5,25689.25,237,25691.19,25664.48,0.00
2025-12-01,21:23:00,25689,25693,25687.75,25691.25,129,25691.15,25664.55,0.00
2025-12-01,21:24:00,25691.75,25693.25,25690,25692,197,25691.21,25664.66,0.00
2025-12-01,21:25:00,25692.25,25697.25,25691.75,25694.25,336,25691.64,25664.85,0.00
2025-12-01,21:26:00,25694.25,25695.25,25692.75,25693.75,221,25691.83,25664.98,0.00
2025-12-01,21:27:00,25693.5,25697.25,25692,25696.5,229,25692.09,25665.11,0.00
2025-12-01,21:28:00,25696.5,25699,25691.5,25691.75,371,25694.08,25665.32,0.00
2025-12-01,21:29:00,25691.5,25694,25690.25,25691,265,25693.11,25665.46,0.00
2025-12-01,21:30:00,25691,25693.25,25688.75,25690.75,218,25692.55,25665.56,0.00
2025-12-01,21:31:00,25690.5,25690.5,25673.75,25674.5,1237,25684.88,25665.89,0.00
2025-12-01,21:32:00,25674,25680.5,25671.75,25675,820,25682.31,25666.03,0.00
2025-12-01,21:33:00,25675.25,25681,25669.5,25678,727,25681.08,25666.17,0.00
2025-12-01,21:34:00,25678.25,25684,25677.25,25680.25,409,25681.02,25666.27,0.00
2025-12-01,21:35:00,25680.5,25680.5,25674.75,25676.25,281,25680.77,25666.33,0.00
2025-12-01,21:36:00,25676,25680.75,25670.5,25672.5,375,25680.28,25666.38,0.00
2025-12-01,21:37:00,25673,25677.25,25669.75,25673.75,353,25679.81,25666.43,0.00
2025-12-01,21:38:00,25674.75,25678.5,25673,25676.25,278,25679.61,25666.48,0.00
2025-12-01,21:39:00,25676.75,25678.5,25673.5,25676.5,220,25679.47,25666.51,0.00
2025-12-01,21:40:00,25676.5,25677.5,25674.25,25676.25,145,25679.38,25666.54,0.00
2025-12-01,21:41:00,25676,25677.75,25673.75,25676,180,25679.27,25666.57,0.00
2025-12-01,21:42:00,25675.25,25679.5,25674,25678.5,209,25679.21,25666.61,0.00
2025-12-01,21:43:00,25677.75,25677.75,25671.5,25673.25,300,25678.97,25666.65,0.00
2025-12-01,21:44:00,25672.75,25675.25,25670.5,25672.5,252,25678.74,25666.67,0.00
2025-12-01,21:45:00,25672.25,25675,25668.25,25670.75,408,25678.31,25666.70,0.00
2025-12-01,21:46:00,25671.25,25674.25,25667.25,25672.25,455,25677.88,25666.74,0.00
2025-12-01,21:47:00,25672.25,25676.5,25672.25,25674.25,245,25677.77,25666.77,0.00
2025-12-01,21:48:00,25674.25,25675,25671,25673.25,178,25677.66,25666.79,0.00
2025-12-01,21:49:00,25672.75,25673.5,25670.5,25672.75,114,25677.58,25666.80,0.00
2025-12-01,21:50:00,25672.25,25673.5,25668.5,25670.75,220,25677.41,25666.82,0.00
2025-12-01,21:51:00,25670.75,25673,25669.75,25670.75,137,25677.31,25666.83,0.00
2025-12-01,21:52:00,25670.5,25674.5,25670.5,25671,196,25677.18,25666.84,0.00
2025-12-01,21:53:00,25671.5,25674,25671,25672.75,174,25677.09,25666.86,0.00
2025-12-01,21:54:00,25672.75,25673.5,25669.25,25672,164,25676.99,25666.87,0.00
2025-12-01,21:55:00,25673.25,25676.25,25672,25674.5,243,25676.92,25666.90,0.00
2025-12-01,21:56:00,25674.25,25674.25,25670.25,25671.25,180,25676.82,25666.92,0.00
2025-12-01,21:57:00,25671.25,25672,25669.75,25670.5,178,25676.71,25666.93,0.00
2025-12-01,21:58:00,25670.75,25673.75,25668.25,25670.75,289,25676.54,25666.95,0.00
2025-12-01,21:59:00,25671,25671,25666,25667,264,25676.32,25666.95,0.00
2025-12-01,22:00:00,25666.5,25670.25,25665.75,25666.25,325,25676.04,25666.95,0.00
2025-12-01,22:01:00,25666.75,25667,25642.25,25655.5,3378,25670.86,25666.33,0.00
2025-12-01,22:02:00,25655.75,25657.5,25649.25,25655,485,25670.29,25666.24,0.00
2025-12-01,22:03:00,25654.25,25660.25,25650.25,25659.75,604,25669.74,25666.15,0.00
2025-12-01,22:04:00,25659.75,25664.25,25657.5,25663,605,25669.42,25666.11,0.00
2025-12-01,22:05:00,25663.75,25666,25659,25662.25,357,25669.26,25666.09,0.00
2025-12-01,22:06:00,25661.25,25662,25657.75,25660.5,252,25669.12,25666.07,0.00
2025-12-01,22:07:00,25660,25661.25,25652.25,25656.75,435,25668.79,25666.01,0.00
2025-12-01,22:08:00,25656.5,25656.5,25649,25655.25,413,25668.42,25665.93,0.00
2025-12-01,22:09:00,25654.75,25656.5,25652,25652.75,182,25668.27,25665.90,0.00
2025-12-01,22:10:00,25651.75,25651.75,25647.5,25649.25,488,25667.75,25665.78,0.00
2025-12-01,22:11:00,25648.75,25650.25,25645.5,25646.25,407,25667.28,25665.68,0.00
2025-12-01,22:12:00,25646.75,25650.75,25645.75,25648.5,360,25666.91,25665.59,0.00
2025-12-01,22:13:00,25648.25,25649,25644.75,25645.25,230,25666.66,25665.52,0.00
2025-12-01,22:14:00,25645.25,25648,25639.25,25641.75,636,25665.88,25665.32,0.00
2025-12-01,22:15:00,25641.25,25651.25,25640.25,25651,448,25665.46,25665.21,0.00
2025-12-01,22:16:00,25650.5,25656,25649.25,25652.25,557,25665.10,25665.11,0.00
2025-12-01,22:17:00,25652.25,25660.25,25651.25,25658.25,566,25664.87,25665.04,0.00
2025-12-01,22:18:00,25657.5,25660,25655.75,25656.5,356,25664.74,25665.01,0.00
2025-12-01,22:19:00,25657,25658.75,25654,25654,182,25664.67,25664.98,0.00
2025-12-01,22:20:00,25654,25656.5,25653.25,25654.25,183,25664.58,25664.96,0.00
2025-12-01,22:21:00,25654.75,25655.5,25651.25,25654.5,197,25664.48,25664.93,0.00
2025-12-01,22:22:00,25654.75,25658,25653.75,25657.25,146,25664.43,25664.91,0.00
2025-12-01,22:23:00,25657.25,25657.5,25653.5,25655.25,95,25664.39,25664.90,0.00
2025-12-01,22:24:00,25654.5,25655.5,25651.25,25652.75,163,25664.31,25664.87,0.00
2025-12-01,22:25:00,25653.5,25656.25,25652.75,25655.25,142,25664.25,25664.85,0.00
2025-12-01,22:26:00,25654.25,25657,25654.25,25655.75,104,25664.21,25664.84,0.00
2025-12-01,22:27:00,25656.5,25658.5,25655.5,25656,167,25664.15,25664.82,0.00
2025-12-01,22:28:00,25656,25657.25,25654.25,25655.75,98,25664.11,25664.81,0.00
2025-12-01,22:29:00,25655.25,25657.25,25653.5,25656,120,25664.07,25664.79,0.00
2025-12-01,22:30:00,25656.5,25656.75,25654.25,25654.25,92,25664.03,25664.78,0.00
2025-12-01,22:31:00,25654.25,25657,25650,25654.25,432,25663.84,25664.72,0.00
2025-12-01,22:32:00,25653.5,25656.75,25650.25,25653.75,318,25663.70,25664.67,0.00
2025-12-01,22:33:00,25654.25,25654.25,25648.25,25650.5,343,25663.52,25664.61,0.00
2025-12-01,22:34:00,25650.5,25653.75,25648,25650,276,25663.38,25664.56,0.00
2025-12-01,22:35:00,25650,25651.25,25648.25,25650,120,25663.31,25664.53,0.00
2025-12-01,22:36:00,25650,25653,25649.75,25652.75,147,25663.24,25664.51,0.00
2025-12-01,22:37:00,25652.25,25658.25,25652.25,25655.75,380,25663.12,25664.46,0.00
2025-12-01,22:38:00,25655.5,25660,25654.75,25659.75,227,25663.08,25664.44,0.00
2025-12-01,22:39:00,25659,25663.25,25658,25661.5,525,25663.03,25664.42,0.00
2025-12-01,22:40:00,25662,25664.75,25661.25,25662.25,254,25663.03,25664.41,0.00
2025-12-01,22:41:00,25662.75,25666,25662,25665.75,222,25663.04,25664.42,0.00
2025-12-01,22:42:00,25665.75,25672.25,25664,25671.75,732,25663.21,25664.46,0.00
2025-12-01,22:43:00,25671.75,25673,25669.25,25670.75,363,25663.32,25664.49,0.00
2025-12-01,22:44:00,25671,25672,25669.25,25671.25,233,25663.38,25664.51,0.00
2025-12-01,22:45:00,25671.5,25673.25,25669,25672.75,297,25663.47,25664.54,0.00
2025-12-01,22:46:00,25672.5,25676.25,25672,25674.75,389,25663.62,25664.59,0.00
2025-12-01,22:47:00,25674.25,25675,25672.25,25674.5,293,25663.73,25664.62,0.00
2025-12-01,22:48:00,25674.25,25676.25,25671.25,25672.25,352,25663.84,25664.66,0.00
2025-12-01,22:49:00,25672,25673.75,25670.25,25671.75,233,25663.91,25664.68,0.00
2025-12-01,22:50:00,25672.25,25675,25670.5,25673.75,202,25663.97,25664.70,0.00
2025-12-01,22:51:00,25674.5,25674.5,25672,25674,135,25664.01,25664.71,0.00
2025-12-01,22:52:00,25674.25,25676.25,25672.75,25675.75,241,25664.10,25664.74,0.00
2025-12-01,22:53:00,25676,25682,25673.25,25678.5,641,25664.40,25664.85,0.00
2025-12-01,22:54:00,25678.5,25680.25,25677.5,25678,312,25664.54,25664.90,0.00
2025-12-01,22:55:00,25677.75,25680,25677,25679.25,137,25664.61,25664.92,0.00
2025-12-01,22:56:00,25679.75,25682.75,25679.5,25681,267,25664.75,25664.98,0.00
2025-12-01,22:57:00,25681.5,25685.75,25680.25,25681.25,407,25664.98,25665.06,0.00
2025-12-01,22:58:00,25681.5,25681.75,25678.5,25678.5,168,25665.05,25665.09,0.00
2025-12-01,22:59:00,25678.5,25681.5,25677,25677.25,255,25665.16,25665.13,0.00
2025-12-01,23:00:00,25677.25,25678.75,25676.5,25677.75,208,25665.24,25665.16,0.00
2025-12-01,23:01:00,25677,25679,25675.25,25678.75,257,25665.34,25665.20,0.00
2025-12-01,23:02:00,25678.75,25680,25677.5,25678.5,179,25665.42,25665.23,0.00
2025-12-01,23:03:00,25678.25,25678.25,25672.25,25674,356,25665.52,25665.27,0.00
2025-12-01,23:04:00,25674.25,25679,25673.25,25677,296,25665.62,25665.31,0.00
2025-12-01,23:05:00,25677.5,25677.5,25674,25675.25,154,25665.66,25665.33,0.00
2025-12-01,23:06:00,25674.5,25675.5,25672.25,25674.25,177,25665.71,25665.35,0.00
2025-12-01,23:07:00,25674.5,25677.25,25672.75,25675.5,170,25665.76,25665.37,0.00
2025-12-01,23:08:00,25675.5,25675.5,25671.5,25673,246,25665.81,25665.39,0.00
2025-12-01,23:09:00,25673.5,25674.5,25671,25671,221,25665.85,25665.41,0.00
2025-12-01,23:10:00,25671.75,25672.25,25669.75,25672,298,25665.90,25665.43,0.00
2025-12-01,23:11:00,25671.5,25672.75,25669.25,25670,289,25665.94,25665.45,0.00
2025-12-01,23:12:00,25670.75,25671,25667.5,25667.75,177,25665.95,25665.45,0.00
2025-12-01,23:13:00,25667.75,25669.25,25666.25,25668,214,25665.97,25665.46,0.00
2025-12-01,23:14:00,25668,25668.5,25663,25663.75,378,25665.96,25665.46,0.00
2025-12-01,23:15:00,25663.75,25663.75,25661.25,25661.25,289,25665.92,25665.45,0.00
2025-12-01,23:16:00,25661.5,25661.5,25655.25,25655.5,392,25665.83,25665.41,0.00
2025-12-01,23:17:00,25655.5,25655.5,25648,25649.25,855,25665.49,25665.27,0.00
2025-12-01,23:18:00,25649,25650,25644.75,25647.5,728,25665.14,25665.12,0.00
2025-12-01,23:19:00,25647.5,25651.75,25644.25,25651,453,25664.95,25665.04,0.00
2025-12-01,23:20:00,25651.25,25655.25,25650.75,25652.5,477,25664.80,25664.98,0.00
2025-12-01,23:21:00,25651.75,25655,25649.25,25654.5,258,25664.72,25664.94,0.00
2025-12-01,23:22:00,25653.25,25653.25,25646.25,25648.5,339,25664.58,25664.88,0.00
2025-12-01,23:23:00,25647.25,25647.25,25643.25,25643.75,573,25664.30,25664.76,0.00
2025-12-01,23:24:00,25643.5,25645.25,25641.5,25643,312,25664.13,25664.68,0.00
2025-12-01,23:25:00,25642.5,25644.5,25635.5,25636.75,758,25663.67,25664.47,0.00
2025-12-01,23:26:00,25638,25638,25623.75,25628.75,1886,25662.19,25630.17,0.00
2025-12-01,23:27:00,25628.25,25629.25,25625.25,25625.75,524,25661.76,25629.42,0.00
2025-12-01,23:28:00,25625.5,25625.75,25620.75,25622,858,25661.00,25622.83,0.00
2025-12-01,23:29:00,25621,25626,25619,25625.5,770,25660.35,25623.50,0.00
2025-12-01,23:30:00,25625.75,25628.5,25622.75,25626.25,434,25660.02,25624.34,0.00
2025-12-01,23:31:00,25625.75,25626.75,25613.25,25615.25,1175,25658.97,25618.42,0.00
2025-12-01,23:32:00,25615.25,25616.25,25601.5,25607.25,1893,25656.99,25608.33,0.00
2025-12-01,23:33:00,25606.75,25613,25605.75,25609.25,729,25656.28,25608.61,0.00
2025-12-01,23:34:00,25609,25614,25605.5,25613.75,514,25655.81,25609.02,0.00
2025-12-01,23:35:00,25613.75,25616.75,25608.25,25615.75,603,25655.31,25609.75,0.00
2025-12-01,23:36:00,25615,25619,25609.25,25611.5,679,25654.74,25610.29,0.00
2025-12-01,23:37:00,25611.5,25612.75,25606.5,25606.75,425,25654.36,25610.15,0.00
2025-12-01,23:38:00,25606.75,25610.5,25603,25609.5,675,25653.76,25609.84,0.00
2025-12-01,23:39:00,25609.25,25621,25609,25615.5,924,25653.08,25610.61,0.00
2025-12-01,23:40:00,25614.75,25617,25611,25613,343,25652.83,25610.76,0.00
2025-12-01,23:41:00,25613.25,25615.75,25611.5,25615.75,326,25652.59,25610.93,0.00
2025-12-01,23:42:00,25615.75,25621.5,25615.25,25620.25,612,25652.21,25611.57,0.00
2025-12-01,23:43:00,25621,25628,25621,25626.25,653,25651.89,25612.62,0.00
2025-12-01,23:44:00,25626.5,25633.75,25626,25632.5,899,25651.55,25614.38,0.00
2025-12-01,23:45:00,25632.25,25635.25,25631,25634.5,468,25651.40,25615.30,0.00
2025-12-01,23:46:00,25634.75,25635.25,25624,25625.25,741,25651.10,25616.21,0.00
2025-12-01,23:47:00,25626,25630.75,25624.25,25628.25,548,25650.88,25616.78,0.00
2025-12-01,23:48:00,25628.75,25635.5,25628.25,25634.75,472,25650.73,25617.44,0.00
2025-12-01,23:49:00,25635,25637,25632.75,25635,415,25650.62,25618.05,0.00
2025-12-01,23:50:00,25634.75,25635.25,25630.25,25632.75,333,25650.52,25618.45,0.00
2025-12-01,23:51:00,25633.25,25636,25632,25632.25,146,25650.47,25618.63,0.00
2025-12-01,23:52:00,25631.5,25635.25,25629.5,25634.75,336,25650.37,25619.01,0.00
2025-12-01,23:53:00,25634.25,25639.25,25634,25639.25,453,25650.28,25619.64,0.00
2025-12-01,23:54:00,25639.5,25643.25,25637.25,25643.25,630,25650.18,25620.63,0.00
2025-12-01,23:55:00,25643.25,25647.25,25640.25,25646,521,25650.13,25621.50,0.00
2025-12-01,23:56:00,25646,25652.75,25645.75,25652.25,766,25650.14,25622.95,0.00
2025-12-01,23:57:00,25653,25659.5,25653,25659,868,25650.23,25624.81,0.00
2025-12-01,23:58:00,25659.5,25660.5,25650.25,25651.75,643,25650.27,25625.95,0.00
2025-12-01,23:59:00,25651.75,25652.5,25642.75,25642.75,941,25650.21,25627.02,0.00
