Date,Time,Open,High,Low,Close,Volume,HighVWAP,LowVWAP,LevelPrice
2025-12-08,00:00:00,26044,26045.75,26041.5,26042.25,263,26040.81,26013.22,0.00
2025-12-08,00:01:00,26042.75,26044,26042.25,26042.5,117,26040.86,26013.28,0.00
2025-12-08,00:02:00,26042.75,26045.25,26042.5,26042.75,152,26040.94,26013.36,0.00
2025-12-08,00:03:00,26043,26044.75,26041.75,26044.25,109,26040.99,26013.41,0.00
2025-12-08,00:04:00,26044.25,26047,26043.75,26045,153,26041.11,26013.49,0.00
2025-12-08,00:05:00,26045,26045.75,26043.25,26044.25,96,26041.17,26013.54,0.00
2025-12-08,00:06:00,26044,26044.25,26043,26044.25,31,26041.18,26013.56,0.00
2025-12-08,00:07:00,26043.5,26044,26042,26042,102,26041.21,26013.61,0.00
2025-12-08,00:08:00,26042.25,26043.75,26040.5,26041.75,140,26041.23,26013.67,0.00
2025-12-08,00:09:00,26041.75,26044.5,26041.5,26043.75,98,26041.26,26013.72,0.00
2025-12-08,00:10:00,26042.75,26045.75,26042.5,26045.75,62,26041.30,26013.75,0.00
2025-12-08,00:11:00,26045.5,26046.25,26044.75,26045.5,94,26041.36,26013.80,0.00
2025-12-08,00:12:00,26045.5,26045.75,26043.75,26045.75,57,26041.40,26013.83,0.00
2025-12-08,00:13:00,26045.75,26049.25,26045.75,26046.75,339,26047.25,26014.02,0.00
2025-12-08,00:14:00,26047,26048.5,26046.25,26048,92,26047.32,26014.07,0.00
2025-12-08,00:15:00,26047.5,26051,26047.25,26050.25,368,26049.50,26014.28,0.00
2025-12-08,00:16:00,26050.25,26050.5,26047,26047.5,304,26048.97,26014.45,0.00
2025-12-08,00:17:00,26047.75,26049.25,26047,26049.25,89,26048.92,26014.50,0.00
2025-12-08,00:18:00,26049.5,26051.75,26049.25,26049.25,294,26050.08,26014.67,0.00
2025-12-08,00:19:00,26049.75,26051.75,26049.25,26051,118,26050.25,26014.74,0.00
2025-12-08,00:20:00,26051,26052.5,26049.5,26049.75,184,26050.58,26014.84,0.00
2025-12-08,00:21:00,26049.5,26050.75,26048.75,26049.75,141,26050.22,26014.92,0.00
2025-12-08,00:22:00,26049.5,26050.75,26048.25,26049.75,132,26050.04,26014.99,0.00
2025-12-08,00:23:00,26050.25,26050.75,26049.5,26049.5,74,26050.02,26015.04,0.00
2025-12-08,00:24:00,26049.75,26049.75,26048.75,26049.25,73,26049.93,26015.08,0.00
2025-12-08,00:25:00,26049.25,26050,26049,26049.75,55,26049.90,26015.11,0.00
2025-12-08,00:26:00,26049.5,26051.75,26049.5,26051.25,179,26050.10,26015.21,0.00
2025-12-08,00:27:00,26051.25,26051.75,26049.25,26050,121,26050.13,26015.27,0.00
2025-12-08,00:28:00,26049.75,26051.25,26049,26050.5,89,26050.14,26015.32,0.00
2025-12-08,00:29:00,26050.5,26052.25,26050.25,26050.25,107,26050.21,26015.38,0.00
2025-12-08,00:30:00,26050,26050,26049,26049.5,50,26050.18,26015.41,0.00
2025-12-08,00:31:00,26049.75,26051.75,26049.75,26051.25,111,26050.24,26015.47,0.00
2025-12-08,00:32:00,26051.5,26053.5,26050.5,26052,408,26052.00,26015.71,0.00
2025-12-08,00:33:00,26051.5,26053,26051,26052.75,103,26052.05,26015.77,0.00
2025-12-08,00:34:00,26052.5,26053.25,26051.25,26053,106,26052.13,26015.83,0.00
2025-12-08,00:35:00,26053,26054,26051.25,26051.5,175,26052.25,26015.93,0.00
2025-12-08,00:36:00,26051.5,26051.75,26047.5,26048.5,270,26050.43,26016.07,0.00
2025-12-08,00:37:00,26048.5,26050,26047,26048.5,300,26049.65,26016.22,0.00
2025-12-08,00:38:00,26048.5,26050.75,26048.5,26050.5,152,26049.70,26016.29,0.00
2025-12-08,00:39:00,26050.5,26053.75,26050.25,26053.25,173,26050.14,26016.39,0.00
2025-12-08,00:40:00,26053.25,26053.5,26051.25,26051.25,88,26050.28,26016.44,0.00
2025-12-08,00:41:00,26051.5,26053.25,26051.5,26052.75,87,26050.43,26016.49,0.00
2025-12-08,00:42:00,26053,26053.25,26051,26052,138,26050.60,26016.56,0.00
2025-12-08,00:43:00,26051.75,26052,26050,26051,102,26050.63,26016.62,0.00
2025-12-08,00:44:00,26050.5,26052.5,26050.5,26051.5,70,26050.67,26016.65,0.00
2025-12-08,00:45:00,26051.5,26051.75,26049.75,26051,121,26050.68,26016.72,0.00
2025-12-08,00:46:00,26051,26053.25,26050.5,26051.25,289,26050.82,26016.87,0.00
2025-12-08,00:47:00,26051,26051,26049.75,26050.5,155,26050.79,26016.95,0.00
2025-12-08,00:48:00,26050.75,26054,26050.75,26053.25,179,26050.94,26017.04,0.00
2025-12-08,00:49:00,26053.25,26054,26051.25,26052.5,179,26051.06,26017.14,0.00
2025-12-08,00:50:00,26052.25,26052.25,26051.25,26051.5,66,26051.07,26017.17,0.00
2025-12-08,00:51:00,26051.25,26051.25,26047.75,26049.25,250,26050.93,26017.29,0.00
2025-12-08,00:52:00,26049.5,26050.75,26048.75,26050.5,137,26050.88,26017.36,0.00
2025-12-08,00:53:00,26050.5,26054.25,26050,26054.25,274,26052.83,26017.51,0.00
2025-12-08,00:54:00,26054.25,26055.5,26052.5,26054,369,26054.00,26017.71,0.00
2025-12-08,00:55:00,26053.5,26055.75,26053.5,26055,100,26054.75,26017.76,0.00
2025-12-08,00:56:00,26055.5,26055.75,26053.5,26055,139,26054.75,26017.84,0.00
2025-12-08,00:57:00,26055.25,26056.5,26053.5,26053.75,215,26054.58,26017.95,0.00
2025-12-08,00:58:00,26054,26055.5,26053,26055.25,109,26054.58,26018.01,0.00
2025-12-08,00:59:00,26055.25,26055.75,26053.25,26053.75,122,26054.49,26018.08,0.00
2025-12-08,01:00:00,26053.75,26053.75,26051.75,26052.25,156,26054.00,26018.15,0.00
2025-12-08,01:01:00,26052.25,26052.5,26048.5,26049,334,26052.57,26018.31,0.00
2025-12-08,01:02:00,26049.5,26052.25,26048.75,26051,157,26052.30,26018.38,0.00
2025-12-08,01:03:00,26051.25,26052,26048,26048,157,26051.93,26018.45,0.00
2025-12-08,01:04:00,26048.25,26049.75,26047.75,26048.75,155,26051.57,26018.52,0.00
2025-12-08,01:05:00,26049,26049.75,26045.75,26047.25,311,26050.85,26018.65,0.00
2025-12-08,01:06:00,26047.75,26049.5,26047.5,26048.5,119,26050.70,26018.70,0.00
2025-12-08,01:07:00,26049,26049.25,26047,26048,130,26050.53,26018.76,0.00
2025-12-08,01:08:00,26048.25,26049.75,26046.5,26049,127,26050.40,26018.81,0.00
2025-12-08,01:09:00,26049.5,26050.25,26048,26049.5,100,26050.35,26018.85,0.00
2025-12-08,01:10:00,26049.5,26049.75,26045.75,26045.75,139,26050.15,26018.91,0.00
2025-12-08,01:11:00,26045.75,26048,26043.75,26046.25,374,26049.58,26019.05,0.00
2025-12-08,01:12:00,26046.75,26052.25,26046.75,26051.75,273,26049.64,26019.17,0.00
2025-12-08,01:13:00,26051.5,26052.5,26049.75,26050,203,26049.71,26019.26,0.00
2025-12-08,01:14:00,26050,26052.25,26049.25,26052,96,26049.75,26019.31,0.00
2025-12-08,01:15:00,26051.75,26052.5,26050.75,26052,82,26049.80,26019.34,0.00
2025-12-08,01:16:00,26052,26052.5,26051.5,26052,86,26049.86,26019.38,0.00
2025-12-08,01:17:00,26051.75,26052.5,26050,26052.5,76,26049.90,26019.42,0.00
2025-12-08,01:18:00,26051.75,26053.5,26051.25,26052.75,127,26049.99,26019.48,0.00
2025-12-08,01:19:00,26053,26053.75,26052,26053,139,26050.09,26019.54,0.00
2025-12-08,01:20:00,26052.75,26055.75,26052.75,26055,252,26050.37,26019.66,0.00
2025-12-08,01:21:00,26055,26056,26053.75,26054.25,135,26050.51,26019.73,0.00
2025-12-08,01:22:00,26054,26055,26052.5,26053.5,96,26050.58,26019.78,0.00
2025-12-08,01:23:00,26053.5,26053.5,26051.25,26051.75,93,26050.61,26019.82,0.00
2025-12-08,01:24:00,26051.75,26055.75,26050.75,26055.75,185,26050.75,26019.90,0.00
2025-12-08,01:25:00,26055.5,26056,26054.25,26055.25,122,26050.87,26019.96,0.00
2025-12-08,01:26:00,26055.25,26057.25,26055,26057.25,213,26056.50,26020.07,0.00
2025-12-08,01:27:00,26057.25,26057.25,26055,26055,108,26056.25,26020.12,0.00
2025-12-08,01:28:00,26055.25,26056.5,26055,26055.5,93,26056.12,26020.17,0.00
2025-12-08,01:29:00,26055.25,26056.25,26053.75,26056.25,123,26055.96,26020.23,0.00
2025-12-08,01:30:00,26056,26056.25,26053.5,26054,62,26055.81,26020.26,0.00
2025-12-08,01:31:00,26054,26056.5,26054,26055,77,26055.74,26020.29,0.00
2025-12-08,01:32:00,26055,26055.5,26053.5,26053.5,89,26055.56,26020.34,0.00
2025-12-08,01:33:00,26053.75,26054.75,26053,26054,131,26055.32,26020.40,0.00
2025-12-08,01:34:00,26054,26054.75,26052.75,26054.75,93,26055.20,26020.44,0.00
2025-12-08,01:35:00,26054.25,26057.25,26054.25,26056.75,122,26055.30,26020.50,0.00
2025-12-08,01:36:00,26056.5,26057.75,26055.75,26055.75,233,26056.42,26020.61,0.00
2025-12-08,01:37:00,26055.5,26056.75,26054.75,26056.5,88,26056.30,26020.65,0.00
2025-12-08,01:38:00,26056.25,26056.25,26053.75,26054.25,91,26055.96,26020.70,0.00
2025-12-08,01:39:00,26054.25,26055,26052.75,26054,84,26055.61,26020.73,0.00
2025-12-08,01:40:00,26054.25,26054.5,26052.75,26053.5,149,26055.14,26020.80,0.00
2025-12-08,01:41:00,26053.5,26054.25,26052,26052.5,193,26054.63,26020.88,0.00
2025-12-08,01:42:00,26052.25,26054,26051.25,26053.5,180,26054.33,26020.96,0.00
2025-12-08,01:43:00,26054,26054,26052,26053.25,73,26054.24,26020.99,0.00
2025-12-08,01:44:00,26053.25,26054.75,26052.75,26053.75,115,26054.20,26021.04,0.00
2025-12-08,01:45:00,26053.5,26055,26053.5,26054,48,26054.20,26021.06,0.00
2025-12-08,01:46:00,26054,26055.25,26053.75,26054.75,38,26054.21,26021.08,0.00
2025-12-08,01:47:00,26055,26056,26054.75,26054.75,52,26054.25,26021.10,0.00
2025-12-08,01:48:00,26055.25,26056.75,26055,26056.25,103,26054.37,26021.15,0.00
2025-12-08,01:49:00,26056,26056.5,26054.5,26054.75,58,26054.40,26021.18,0.00
2025-12-08,01:50:00,26054.75,26055,26052,26052.75,92,26054.34,26021.22,0.00
2025-12-08,01:51:00,26052.25,26053.25,26050.25,26050.75,145,26054.09,26021.27,0.00
2025-12-08,01:52:00,26051,26051.5,26050,26050.25,136,26053.84,26021.33,0.00
2025-12-08,01:53:00,26050.5,26051,26046.25,26046.25,290,26053.04,26021.43,0.00
2025-12-08,01:54:00,26046.5,26046.75,26044.25,26045.25,338,26052.01,26021.54,0.00
2025-12-08,01:55:00,26045.5,26048.75,26045,26047,226,26051.59,26021.61,0.00
2025-12-08,01:56:00,26047.25,26049.5,26047,26047.25,117,26051.44,26021.65,0.00
2025-12-08,01:57:00,26047.5,26049.5,26047.5,26048.25,105,26051.33,26021.69,0.00
2025-12-08,01:58:00,26048.75,26049.75,26048,26048.5,72,26051.27,26021.71,0.00
2025-12-08,01:59:00,26048.5,26049,26047,26047.75,61,26051.20,26021.73,0.00
2025-12-08,02:00:00,26048,26048.25,26046.5,26047.5,94,26051.09,26021.77,0.00
2025-12-08,02:01:00,26047.5,26049.75,26046.75,26048,203,26050.91,26021.83,0.00
2025-12-08,02:02:00,26048,26049.25,26046.75,26046.75,58,26050.86,26021.85,0.00
2025-12-08,02:03:00,26046.75,26047.75,26041,26042,684,26049.65,26022.05,0.00
2025-12-08,02:04:00,26042.5,26042.75,26038.5,26039.5,440,26048.75,26022.15,0.00
2025-12-08,02:05:00,26039.5,26048,26039.25,26046,442,26048.36,26022.27,0.00
2025-12-08,02:06:00,26046.25,26047.75,26044,26044.75,170,26048.27,26022.32,0.00
2025-12-08,02:07:00,26045.5,26045.5,26044,26045.5,123,26048.19,26022.36,0.00
2025-12-08,02:08:00,26045.5,26048.5,26045.5,26048.5,141,26048.18,26022.40,0.00
2025-12-08,02:09:00,26048.25,26049.75,26046.75,26049,95,26048.18,26022.43,0.00
2025-12-08,02:10:00,26049,26054.5,26048.75,26052.5,467,26048.47,26022.61,0.00
2025-12-08,02:11:00,26052.75,26054.5,26052.25,26052.5,159,26048.59,26022.67,0.00
2025-12-08,02:12:00,26052.75,26055.75,26052.75,26055,140,26048.72,26022.72,0.00
2025-12-08,02:13:00,26055,26056.5,26054,26055.5,173,26048.90,26022.79,0.00
2025-12-08,02:14:00,26055.5,26060.25,26055.25,26059,436,26058.17,26022.99,0.00
2025-12-08,02:15:00,26059,26060.25,26057.75,26060.25,211,26058.57,26023.08,0.00
2025-12-08,02:16:00,26060.25,26063.25,26059.5,26062.75,483,26061.83,26023.31,0.00
2025-12-08,02:17:00,26062.75,26064.75,26060.25,26062,456,26062.33,26023.53,0.00
2025-12-08,02:18:00,26061.75,26064,26059.75,26061,220,26062.09,26023.63,0.00
2025-12-08,02:19:00,26060.75,26061.5,26060,26060.25,149,26061.82,26023.70,0.00
2025-12-08,02:20:00,26059.75,26061.25,26058,26061,270,26061.39,26023.82,0.00
2025-12-08,02:21:00,26061.5,26062,26059.25,26060.5,215,26061.26,26023.91,0.00
2025-12-08,02:22:00,26060.75,26062.25,26059.75,26061.5,99,26061.25,26023.96,0.00
2025-12-08,02:23:00,26061.5,26061.5,26059,26061.25,116,26061.20,26024.01,0.00
2025-12-08,02:24:00,26061.5,26063,26060.5,26061.75,127,26061.24,26024.07,0.00
2025-12-08,02:25:00,26062.25,26063,26061.5,26063,132,26061.34,26024.13,0.00
2025-12-08,02:26:00,26062.5,26062.75,26058,26058.5,206,26061.17,26024.22,0.00
2025-12-08,02:27:00,26058.5,26060,26058,26059.5,159,26061.02,26024.28,0.00
2025-12-08,02:28:00,26059.5,26061.25,26059,26060.5,129,26060.98,26024.34,0.00
2025-12-08,02:29:00,26059.75,26060.75,26057.5,26060.75,131,26060.91,26024.40,0.00
2025-12-08,02:30:00,26059.75,26061.75,26059.25,26060.25,62,26060.90,26024.42,0.00
2025-12-08,02:31:00,26059.75,26060,26056.75,26058.25,184,26060.72,26024.50,0.00
2025-12-08,02:32:00,26058.5,26060.5,26057,26059.75,112,26060.65,26024.54,0.00
2025-12-08,02:33:00,26059.75,26061.75,26058,26060,77,26060.63,26024.57,0.00
2025-12-08,02:34:00,26060.5,26062,26059.25,26061.5,78,26060.64,26024.61,0.00
2025-12-08,02:35:00,26061.5,26062,26058.25,26059.25,105,26060.61,26024.65,0.00
2025-12-08,02:36:00,26059.25,26060.25,26058.75,26059.25,102,26060.57,26024.69,0.00
2025-12-08,02:37:00,26059.25,26060.25,26058.25,26058.5,92,26060.53,26024.73,0.00
2025-12-08,02:38:00,26058.5,26064.5,26058.5,26061.75,335,26060.63,26024.88,0.00
2025-12-08,02:39:00,26061,26061.75,26058.25,26058.25,122,26060.59,26024.93,0.00
2025-12-08,02:40:00,26058.25,26060.5,26058.25,26059,99,26060.55,26024.97,0.00
2025-12-08,02:41:00,26059,26059,26056,26056.75,114,26060.46,26025.01,0.00
2025-12-08,02:42:00,26056.25,26057.25,26054.25,26054.5,187,26060.22,26025.08,0.00
2025-12-08,02:43:00,26054.75,26054.75,26050.75,26054,560,26059.37,26025.26,0.00
2025-12-08,02:44:00,26054,26054.25,26052,26053,83,26059.26,26025.29,0.00
2025-12-08,02:45:00,26053,26053,26050,26051.75,173,26058.99,26025.34,0.00
2025-12-08,02:46:00,26052,26057.75,26052,26056,275,26058.79,26025.43,0.00
2025-12-08,02:47:00,26056,26056.75,26054.5,26055.25,116,26058.72,26025.48,0.00
2025-12-08,02:48:00,26055.25,26056.25,26054.25,26056.25,50,26058.69,26025.49,0.00
2025-12-08,02:49:00,26056.25,26056.25,26054.25,26054.25,137,26058.59,26025.54,0.00
2025-12-08,02:50:00,26054.75,26055,26051.5,26052.5,115,26058.48,26025.58,0.00
2025-12-08,02:51:00,26052.25,26053,26051.5,26052.5,119,26058.35,26025.61,0.00
2025-12-08,02:52:00,26052.75,26054.5,26050.5,26051.25,146,26058.19,26025.66,0.00
2025-12-08,02:53:00,26051,26051.5,26047.5,26049,383,26057.65,26025.76,0.00
2025-12-08,02:54:00,26048.75,26051.25,26048.25,26050,150,26057.46,26025.80,0.00
2025-12-08,02:55:00,26049.25,26050.5,26048.5,26049.75,110,26057.33,26025.83,0.00
2025-12-08,02:56:00,26049.5,26051,26043.5,26043.75,389,26056.70,26025.92,0.00
2025-12-08,02:57:00,26043.5,26046.5,26041.5,26046,421,26056.00,26026.01,0.00
2025-12-08,02:58:00,26046.25,26047.25,26044.25,26045.25,90,26055.88,26026.03,0.00
2025-12-08,02:59:00,26045.75,26045.75,26043.25,26043.75,116,26055.70,26026.05,0.00
2025-12-08,03:00:00,26043.75,26044.75,26043.25,26043.25,104,26055.53,26026.07,0.00
2025-12-08,03:01:00,26043,26043,26030.75,26035,1513,26052.34,26026.24,0.00
2025-12-08,03:02:00,26035.5,26039,26034,26034.75,497,26051.49,26026.30,0.00
2025-12-08,03:03:00,26034.5,26037.5,26033.25,26037.5,192,26051.19,26026.32,0.00
2025-12-08,03:04:00,26037.25,26038.75,26033.25,26035.75,251,26050.81,26026.34,0.00
2025-12-08,03:05:00,26036,26040.5,26036,26039.75,238,26050.53,26026.38,0.00
2025-12-08,03:06:00,26040,26047.5,26040,26046,535,26050.23,26026.48,0.00
2025-12-08,03:07:00,26046,26046,26040.75,26040.75,221,26050.08,26026.52,0.00
2025-12-08,03:08:00,26041,26043.75,26038.25,26042.75,270,26049.87,26026.56,0.00
2025-12-08,03:09:00,26043.25,26048.75,26043.25,26046.75,247,26049.80,26026.62,0.00
2025-12-08,03:10:00,26046.75,26047.75,26043.25,26046.75,165,26049.74,26026.65,0.00
2025-12-08,03:11:00,26047,26048.25,26044.25,26045,244,26049.66,26026.70,0.00
2025-12-08,03:12:00,26045.5,26048,26043.5,26047.5,209,26049.61,26026.75,0.00
2025-12-08,03:13:00,26047.25,26049,26045.25,26048,177,26049.57,26026.78,0.00
2025-12-08,03:14:00,26048.25,26048.75,26046.5,26047,114,26049.55,26026.81,0.00
2025-12-08,03:15:00,26047.5,26049,26046,26047.25,140,26049.53,26026.84,0.00
2025-12-08,03:16:00,26047.5,26049,26046,26048,192,26049.50,26026.88,0.00
2025-12-08,03:17:00,26048,26059.5,26047.75,26058,748,26049.81,26027.11,0.00
2025-12-08,03:18:00,26058.5,26063.25,26057.75,26058.25,581,26050.22,26027.30,0.00
2025-12-08,03:19:00,26058.25,26060,26057.25,26060,170,26050.32,26027.36,0.00
2025-12-08,03:20:00,26059.5,26064.75,26057.5,26063.25,349,26050.60,26027.49,0.00
2025-12-08,03:21:00,26063,26067.5,26061.75,26062.5,512,26063.92,26027.68,0.00
2025-12-08,03:22:00,26063,26067.75,26063,26066.5,262,26065.75,26027.78,0.00
2025-12-08,03:23:00,26066,26069,26065.5,26066.5,315,26067.00,26027.91,0.00
2025-12-08,03:24:00,26065.25,26067.25,26063.25,26066.75,200,26066.51,26027.99,0.00
2025-12-08,03:25:00,26066.75,26067.75,26063.25,26064.25,216,26066.09,26028.07,0.00
2025-12-08,03:26:00,26065,26066.25,26063.25,26065.75,158,26065.91,26028.13,0.00
2025-12-08,03:27:00,26065.75,26067,26062.25,26062.5,181,26065.57,26028.20,0.00
2025-12-08,03:28:00,26063,26066.5,26060.75,26066.25,263,26065.36,26028.29,0.00
2025-12-08,03:29:00,26066.75,26068.75,26065,26065.25,255,26065.52,26028.39,0.00
2025-12-08,03:30:00,26065,26067,26064,26065.25,146,26065.51,26028.45,0.00
2025-12-08,03:31:00,26064.75,26065.25,26057.75,26061,490,26064.59,26028.61,0.00
2025-12-08,03:32:00,26060.25,26061.25,26059.25,26060.5,86,26064.43,26028.64,0.00
2025-12-08,03:33:00,26060,26064.5,26059.5,26063.25,160,26064.30,26028.69,0.00
2025-12-08,03:34:00,26063.75,26067.5,26063.75,26066.25,162,26064.40,26028.75,0.00
2025-12-08,03:35:00,26066.5,26071.25,26066.25,26069,308,26068.83,26028.88,0.00
2025-12-08,03:36:00,26069.5,26072.25,26069.5,26071,203,26070.92,26028.96,0.00
2025-12-08,03:37:00,26071.25,26072.25,26069.5,26070.75,195,26070.88,26029.04,0.00
2025-12-08,03:38:00,26071,26074.25,26070.25,26073,408,26072.50,26029.22,0.00
2025-12-08,03:39:00,26073.5,26074,26072,26073.25,205,26072.70,26029.31,0.00
2025-12-08,03:40:00,26072.25,26073.5,26071,26071.25,197,26072.51,26029.39,0.00
2025-12-08,03:41:00,26071.25,26074.25,26070.5,26070.75,234,26072.36,26029.49,0.00
2025-12-08,03:42:00,26070.75,26071.5,26067.5,26070,196,26071.93,26029.57,0.00
2025-12-08,03:43:00,26070.5,26071.25,26069.75,26070.5,63,26071.86,26029.60,0.00
2025-12-08,03:44:00,26070.25,26072.75,26070.25,26071.25,235,26071.79,26029.69,0.00
2025-12-08,03:45:00,26071.25,26072,26069.25,26069.25,71,26071.72,26029.72,0.00
2025-12-08,03:46:00,26069.5,26070.25,26064,26064.5,327,26070.80,26029.84,0.00
2025-12-08,03:47:00,26064.5,26067.25,26063.75,26065.5,254,26070.18,26029.93,0.00
2025-12-08,03:48:00,26064.5,26065.5,26059.5,26060.25,307,26069.15,26030.02,0.00
2025-12-08,03:49:00,26060.75,26064,26057.25,26063.25,348,26068.21,26030.13,0.00
2025-12-08,03:50:00,26063.25,26064.25,26061.25,26061.25,139,26067.93,26030.17,0.00
2025-12-08,03:51:00,26061.75,26062,26055.75,26056.5,328,26066.96,26030.26,0.00
2025-12-08,03:52:00,26056.75,26058.25,26053.75,26054.75,264,26066.12,26030.33,0.00
2025-12-08,03:53:00,26054.25,26056.75,26053,26055,262,26065.35,26030.39,0.00
2025-12-08,03:54:00,26055.25,26062.5,26053.75,26060.25,442,26064.68,26030.51,0.00
2025-12-08,03:55:00,26060.75,26065.5,26060.75,26064.5,299,26064.61,26030.60,0.00
2025-12-08,03:56:00,26065,26065.5,26059.5,26061,210,26064.49,26030.67,0.00
2025-12-08,03:57:00,26061.5,26062,26057,26058.75,133,26064.35,26030.70,0.00
2025-12-08,03:58:00,26058,26060.75,26055.75,26059.75,164,26064.17,26030.75,0.00
2025-12-08,03:59:00,26059.25,26060.25,26056.75,26057.75,189,26063.96,26030.79,0.00
2025-12-08,04:00:00,26057.75,26059,26054.25,26058.25,224,26063.68,26030.85,0.00
2025-12-08,04:01:00,26058.75,26059.75,26051.5,26055,751,26062.69,26031.02,0.00
2025-12-08,04:02:00,26054.5,26057.25,26045.5,26047.75,807,26061.26,26031.17,0.00
2025-12-08,04:03:00,26047.25,26051.25,26046,26051.25,357,26060.69,26031.23,0.00
2025-12-08,04:04:00,26051,26054.25,26048.5,26050.75,281,26060.34,26031.28,0.00
2025-12-08,04:05:00,26050.75,26057.75,26048.25,26055.75,377,26060.04,26031.36,0.00
2025-12-08,04:06:00,26055.25,26057.25,26049,26051.75,267,26059.81,26031.41,0.00
2025-12-08,04:07:00,26051,26052.75,26049,26049.25,169,26059.62,26031.44,0.00
2025-12-08,04:08:00,26049,26052.25,26048.5,26050.5,210,26059.40,26031.48,0.00
2025-12-08,04:09:00,26050.25,26054.5,26049,26051,197,26059.22,26031.52,0.00
2025-12-08,04:10:00,26051,26052,26046.25,26048,280,26058.90,26031.56,0.00
2025-12-08,04:11:00,26049.25,26052.75,26048.25,26050.5,243,26058.69,26031.60,0.00
2025-12-08,04:12:00,26050.5,26051.25,26045,26047,298,26058.35,26031.65,0.00
2025-12-08,04:13:00,26046.75,26049.5,26045.25,26048.5,235,26058.10,26031.68,0.00
2025-12-08,04:14:00,26048,26048.75,26042,26044,413,26057.58,26031.73,0.00
2025-12-08,04:15:00,26044.5,26046.75,26042.5,26045,223,26057.31,26031.76,0.00
2025-12-08,04:16:00,26045.25,26048.75,26043.75,26044.5,246,26057.04,26031.79,0.00
2025-12-08,04:17:00,26045.5,26056,26045.5,26053.25,439,26056.83,26031.86,0.00
2025-12-08,04:18:00,26053.25,26057.25,26052,26053,334,26056.75,26031.93,0.00
2025-12-08,04:19:00,26052.5,26054,26048.5,26049,402,26056.54,26032.00,0.00
2025-12-08,04:20:00,26048.25,26050.5,26044.25,26044.75,428,26056.20,26032.05,0.00
2025-12-08,04:21:00,26044.5,26048.5,26040.5,26048.5,363,26055.91,26032.10,0.00
2025-12-08,04:22:00,26048,26054,26048,26051.25,295,26055.80,26032.15,0.00
2025-12-08,04:23:00,26051.5,26054.5,26047.25,26054,288,26055.71,26032.20,0.00
2025-12-08,04:24:00,26054.25,26055,26051.25,26052.75,155,26055.68,26032.23,0.00
2025-12-08,04:25:00,26053.5,26053.75,26048.25,26049.5,152,26055.63,26032.25,0.00
2025-12-08,04:26:00,26050.25,26051,26043.25,26043.5,184,26055.50,26032.27,0.00
2025-12-08,04:27:00,26043.25,26044.5,26034.5,26040,787,26054.65,26032.32,0.00
2025-12-08,04:28:00,26039.75,26046.25,26039.5,26043.25,224,26054.47,26032.34,0.00
2025-12-08,04:29:00,26042.5,26043.25,26037,26040.5,234,26054.25,26032.36,0.00
2025-12-08,04:30:00,26040.25,26042.75,26036,26037.75,277,26053.98,26032.38,0.00
2025-12-08,04:31:00,26038,26042.25,26036,26041.5,235,26053.77,26032.39,0.00
2025-12-08,04:32:00,26041,26041.5,26032.25,26034.5,352,26053.38,26032.40,0.00
2025-12-08,04:33:00,26034.25,26039.25,26029.25,26039.25,607,26052.74,26032.42,0.00
2025-12-08,04:34:00,26038.5,26042,26036,26039.5,347,26052.46,26032.44,0.00
2025-12-08,04:35:00,26039.75,26040.25,26033.75,26037.25,213,26052.27,26032.45,0.00
2025-12-08,04:36:00,26038,26041.25,26037,26039,168,26052.14,26032.46,0.00
2025-12-08,04:37:00,26038.75,26039,26034.5,26035.25,205,26051.96,26032.46,0.00
2025-12-08,04:38:00,26035.75,26039,26034.25,26037.5,143,26051.83,26032.47,0.00
2025-12-08,04:39:00,26036.75,26045.25,26036.75,26044.5,314,26051.67,26032.50,0.00
2025-12-08,04:40:00,26043.5,26046.5,26041.5,26044.5,313,26051.54,26032.53,0.00
2025-12-08,04:41:00,26044,26046,26040.5,26041.75,228,26051.43,26032.55,0.00
2025-12-08,04:42:00,26040.75,26042.25,26036,26036,240,26051.26,26032.56,0.00
2025-12-08,04:43:00,26035.75,26038.25,26032.25,26034.5,318,26050.99,26032.56,0.00
2025-12-08,04:44:00,26034.25,26036.75,26031.75,26034,322,26050.71,26032.57,0.00
2025-12-08,04:45:00,26033.5,26036.5,26033.5,26035.25,108,26050.62,26032.57,0.00
2025-12-08,04:46:00,26035.25,26036.25,26027.75,26031.75,497,26050.16,26032.57,0.00
2025-12-08,04:47:00,26031,26032.75,26029,26030.5,182,26049.98,26032.57,0.00
2025-12-08,04:48:00,26030.25,26035.25,26028,26035,266,26049.76,26032.57,0.00
2025-12-08,04:49:00,26034.5,26035.75,26031.25,26032.25,194,26049.60,26032.57,0.00
2025-12-08,04:50:00,26032.25,26032.5,26026.25,26028.5,255,26049.35,26032.56,0.00
2025-12-08,04:51:00,26028,26028.25,26021.5,26024.5,763,26048.49,26032.51,0.00
2025-12-08,04:52:00,26024.25,26027.5,26023.25,26024,259,26048.21,26032.49,0.00
2025-12-08,04:53:00,26024,26027.75,26022.25,26027.5,260,26047.95,26032.48,0.00
2025-12-08,04:54:00,26026.5,26031,26026.5,26029.25,251,26047.73,26032.47,0.00
2025-12-08,04:55:00,26028.5,26031.5,26025,26031.5,267,26047.52,26032.47,0.00
2025-12-08,04:56:00,26030.5,26034,26030.25,26033.5,319,26047.31,26032.47,0.00
2025-12-08,04:57:00,26033,26033.25,26026.25,26029.25,248,26047.12,26032.46,0.00
2025-12-08,04:58:00,26029.75,26032.25,26028.75,26028.75,135,26047.02,26032.46,0.00
2025-12-08,04:59:00,26028.5,26031.5,26027,26028.25,195,26046.87,26032.45,0.00
2025-12-08,05:00:00,26029.5,26031.25,26027,26027.5,125,26046.78,26032.45,0.00
2025-12-08,05:01:00,26027.25,26032.75,26026.75,26028.25,327,26046.54,26032.44,0.00
2025-12-08,05:02:00,26028.75,26029.75,26025.25,26029.5,289,26046.32,26032.43,0.00
2025-12-08,05:03:00,26029.5,26032.5,26028,26031,222,26046.18,26032.43,0.00
2025-12-08,05:04:00,26030.5,26033.25,26029.5,26029.5,180,26046.07,26032.42,0.00
2025-12-08,05:05:00,26029.75,26035,26028,26029.5,254,26045.91,26032.42,0.00
2025-12-08,05:06:00,26029.5,26038.75,26029.5,26037.5,425,26045.73,26032.43,0.00
2025-12-08,05:07:00,26037.25,26039.5,26032.75,26036.25,354,26045.60,26032.44,0.00
2025-12-08,05:08:00,26036,26039.75,26036,26038,285,26045.52,26032.45,0.00
2025-12-08,05:09:00,26037.25,26040.5,26036.75,26040.25,199,26045.47,26032.46,0.00
2025-12-08,05:10:00,26039.75,26041.25,26036.5,26039.25,273,26045.40,26032.48,0.00
2025-12-08,05:11:00,26038.75,26041.75,26036.25,26038.25,289,26045.33,26032.49,0.00
2025-12-08,05:12:00,26038,26039.75,26035.5,26038.75,179,26045.28,26032.50,0.00
2025-12-08,05:13:00,26038.5,26040.25,26037,26040,82,26045.27,26032.50,0.00
2025-12-08,05:14:00,26040,26044,26038.5,26042.25,277,26045.23,26032.52,0.00
2025-12-08,05:15:00,26043,26043.25,26040.25,26042.5,152,26045.21,26032.54,0.00
2025-12-08,05:16:00,26042.25,26042.25,26037.75,26039.75,181,26045.18,26032.55,0.00
2025-12-08,05:17:00,26039.5,26041.75,26034.25,26034.75,270,26045.10,26032.55,0.00
2025-12-08,05:18:00,26034.75,26037,26031,26037,370,26044.96,26032.56,0.00
2025-12-08,05:19:00,26037,26038.5,26035.5,26036.75,105,26044.93,26032.57,0.00
2025-12-08,05:20:00,26037.25,26040.25,26035,26040.25,130,26044.91,26032.57,0.00
2025-12-08,05:21:00,26040.25,26044.75,26039.75,26043.5,335,26044.88,26032.60,0.00
2025-12-08,05:22:00,26043,26044.75,26042,26042.75,186,26044.87,26032.61,0.00
2025-12-08,05:23:00,26042.25,26045.25,26038,26044.5,229,26044.85,26032.63,0.00
2025-12-08,05:24:00,26044.25,26044.25,26040.5,26043.5,126,26044.84,26032.64,0.00
2025-12-08,05:25:00,26042.75,26045.25,26041.25,26042,206,26044.83,26032.66,0.00
2025-12-08,05:26:00,26041.5,26044.5,26041.25,26044.5,120,26044.82,26032.67,0.00
2025-12-08,05:27:00,26044.75,26048.25,26044.25,26046.25,445,26044.84,26032.71,0.00
2025-12-08,05:28:00,26046,26048.75,26041.75,26047.5,415,26044.86,26032.76,0.00
2025-12-08,05:29:00,26047.25,26050.5,26044.5,26044.5,342,26044.88,26032.79,0.00
2025-12-08,05:30:00,26045.25,26049,26044.75,26047,154,26044.89,26032.81,0.00
2025-12-08,05:31:00,26047.75,26049.5,26045.5,26046.5,209,26044.90,26032.83,0.00
2025-12-08,05:32:00,26046.25,26048.75,26043.75,26045.75,165,26044.91,26032.85,0.00
2025-12-08,05:33:00,26045.75,26049.25,26045.75,26047.5,202,26044.92,26032.87,0.00
2025-12-08,05:34:00,26047.5,26051,26044.75,26046.5,220,26044.94,26032.89,0.00
2025-12-08,05:35:00,26046.5,26048.25,26044.75,26046.75,161,26044.95,26032.91,0.00
2025-12-08,05:36:00,26047.75,26049.75,26039.75,26041.5,496,26044.93,26032.95,0.00
2025-12-08,05:37:00,26041.75,26043.5,26037.5,26043.5,386,26044.89,26032.98,0.00
2025-12-08,05:38:00,26043,26044.5,26041.25,26043.25,188,26044.88,26032.99,0.00
2025-12-08,05:39:00,26042.75,26044,26040.75,26042.25,129,26044.87,26033.00,0.00
2025-12-08,05:40:00,26042.5,26046.5,26040.25,26046.25,202,26044.87,26033.02,0.00
2025-12-08,05:41:00,26046.25,26047.25,26040,26040.25,270,26044.85,26033.03,0.00
2025-12-08,05:42:00,26041.25,26043,26040.25,26041,101,26044.84,26033.04,0.00
2025-12-08,05:43:00,26041.25,26042,26037.5,26037.5,197,26044.80,26033.05,0.00
2025-12-08,05:44:00,26037.75,26037.75,26031.5,26034.75,646,26044.61,26033.06,0.00
2025-12-08,05:45:00,26034,26036.75,26034,26034.5,180,26044.57,26033.06,0.00
2025-12-08,05:46:00,26034,26034.5,26028,26028.75,342,26044.43,26033.05,0.00
2025-12-08,05:47:00,26028.25,26031,26021.75,26029.5,642,26044.12,26033.03,0.00
2025-12-08,05:48:00,26028,26033,26026.75,26029.5,232,26044.03,26033.02,0.00
2025-12-08,05:49:00,26029.25,26030,26025.25,26027,210,26043.94,26033.01,0.00
2025-12-08,05:50:00,26027.25,26029.5,26026,26026,184,26043.85,26033.01,0.00
2025-12-08,05:51:00,26026.5,26033.5,26025.25,26031,361,26043.71,26033.00,0.00
2025-12-08,05:52:00,26030.25,26032.5,26030,26031.25,186,26043.65,26032.99,0.00
2025-12-08,05:53:00,26030,26032.25,26029.5,26032.25,122,26043.61,26032.99,0.00
2025-12-08,05:54:00,26033.25,26037.25,26032,26033,306,26043.53,26033.00,0.00
2025-12-08,05:55:00,26032.25,26035.5,26031.5,26032.75,128,26043.50,26033.00,0.00
2025-12-08,05:56:00,26032.5,26032.5,26028.5,26030.75,199,26043.43,26032.99,0.00
2025-12-08,05:57:00,26030.75,26034.25,26029.25,26030.75,199,26043.37,26032.99,0.00
2025-12-08,05:58:00,26031,26032,26027.5,26030.25,156,26043.31,26032.99,0.00
2025-12-08,05:59:00,26030.25,26030.5,26025,26027.5,244,26043.21,26032.98,0.00
2025-12-08,06:00:00,26027.5,26028.5,26022.25,26027.25,367,26043.05,26032.96,0.00
2025-12-08,06:01:00,26027,26032,26026.25,26028,416,26042.90,26032.95,0.00
2025-12-08,06:02:00,26028.25,26028.25,26023.5,26024.5,217,26042.80,26032.93,0.00
2025-12-08,06:03:00,26024.25,26026.75,26022.5,26026.5,306,26042.67,26032.92,0.00
2025-12-08,06:04:00,26026.75,26028,26017.25,26019.75,719,26042.29,26032.86,0.00
2025-12-08,06:05:00,26019,26024.5,26017.75,26021.75,354,26042.11,26032.83,0.00
2025-12-08,06:06:00,26021.75,26021.75,26015.25,26018,371,26041.90,26032.79,0.00
2025-12-08,06:07:00,26018.75,26023,26017.25,26022.5,274,26041.76,26032.77,0.00
2025-12-08,06:08:00,26022.75,26025.75,26019,26020,229,26041.65,26032.75,0.00
2025-12-08,06:09:00,26019.75,26021,26016.25,26019.25,292,26041.49,26032.72,0.00
2025-12-08,06:10:00,26018.5,26023.25,26018.5,26023.25,210,26041.39,26032.71,0.00
2025-12-08,06:11:00,26023.25,26027.25,26022.5,26026.25,349,26041.26,26032.69,0.00
2025-12-08,06:12:00,26025.75,26031,26025.75,26030.75,360,26041.16,26032.68,0.00
2025-12-08,06:13:00,26030.75,26034,26029.75,26032.25,523,26041.05,26032.68,0.00
2025-12-08,06:14:00,26032.75,26033,26025,26028.5,329,26040.95,26032.67,0.00
2025-12-08,06:15:00,26028.25,26030.5,26027.25,26030,79,26040.93,26032.67,0.00
2025-12-08,06:16:00,26030,26030.75,26027,26027.25,130,26040.90,26032.66,0.00
2025-12-08,06:17:00,26026.75,26028,26023.75,26026,188,26040.83,26032.65,0.00
2025-12-08,06:18:00,26026.25,26027,26021.25,26023.25,297,26040.72,26032.64,0.00
2025-12-08,06:19:00,26023.75,26024.25,26019.75,26020.75,262,26040.61,26032.62,0.00
2025-12-08,06:20:00,26021,26026.75,26020.25,26026.75,328,26040.49,26032.60,0.00
2025-12-08,06:21:00,26025,26028.25,26023.25,26023.25,178,26040.43,26032.59,0.00
2025-12-08,06:22:00,26023.25,26024.75,26020.5,26023.5,178,26040.36,26032.58,0.00
2025-12-08,06:23:00,26024.25,26028,26024.25,26027.75,116,26040.33,26032.57,0.00
2025-12-08,06:24:00,26027.5,26030,26024.75,26027,184,26040.27,26032.56,0.00
2025-12-08,06:25:00,26027.5,26031.75,26027,26030,221,26040.22,26032.56,0.00
2025-12-08,06:26:00,26029.5,26031.75,26027.5,26030.5,179,26040.18,26032.56,0.00
2025-12-08,06:27:00,26030.25,26032.75,26029.5,26032.75,244,26040.14,26032.56,0.00
2025-12-08,06:28:00,26032.75,26036,26031.25,26033,336,26040.09,26032.56,0.00
2025-12-08,06:29:00,26033.25,26034.5,26031.5,26034.5,124,26040.07,26032.56,0.00
2025-12-08,06:30:00,26034.75,26043.75,26034.75,26042.5,560,26040.07,26032.59,0.00
2025-12-08,06:31:00,26042.25,26043.75,26039.5,26040.5,356,26040.08,26032.61,0.00
2025-12-08,06:32:00,26040.25,26041.5,26037.75,26041.5,230,26040.08,26032.62,0.00
2025-12-08,06:33:00,26042.25,26044.75,26040.5,26043.25,376,26040.10,26032.65,0.00
2025-12-08,06:34:00,26043.25,26048,26043,26047.25,444,26040.16,26032.69,0.00
2025-12-08,06:35:00,26047.5,26050.75,26046.75,26049,407,26040.23,26032.73,0.00
2025-12-08,06:36:00,26049.25,26052,26044.25,26046.5,435,26040.30,26032.77,0.00
2025-12-08,06:37:00,26046.75,26048,26043.25,26046,231,26040.32,26032.79,0.00
2025-12-08,06:38:00,26045.75,26046.75,26044.5,26046.75,153,26040.34,26032.81,0.00
2025-12-08,06:39:00,26046.25,26048.75,26045.5,26046.5,143,26040.36,26032.82,0.00
2025-12-08,06:40:00,26047,26048.25,26045.5,26045.5,70,26040.36,26032.83,0.00
2025-12-08,06:41:00,26045.5,26046,26043.75,26044.75,112,26040.37,26032.84,0.00
2025-12-08,06:42:00,26045,26047.25,26044.5,26046.25,99,26040.39,26032.84,0.00
2025-12-08,06:43:00,26045.75,26046.5,26042.75,26043.75,194,26040.40,26032.86,0.00
2025-12-08,06:44:00,26043.5,26045,26040.25,26043.75,295,26040.42,26032.88,0.00
2025-12-08,06:45:00,26043.75,26046.5,26043.75,26045.5,179,26040.43,26032.89,0.00
2025-12-08,06:46:00,26045.5,26046.75,26044.5,26046.25,137,26040.45,26032.91,0.00
2025-12-08,06:47:00,26046.25,26047,26041,26042.75,298,26040.47,26032.93,0.00
2025-12-08,06:48:00,26042.5,26048.75,26042.5,26048.5,309,26040.50,26032.95,0.00
2025-12-08,06:49:00,26048.5,26049.25,26046.25,26047.75,160,26040.52,26032.97,0.00
2025-12-08,06:50:00,26047.5,26049,26046.25,26047.25,72,26040.53,26032.98,0.00
2025-12-08,06:51:00,26047.5,26051.25,26047.25,26048.75,178,26040.56,26033.00,0.00
2025-12-08,06:52:00,26048.25,26048.25,26043.75,26048,206,26040.59,26033.01,0.00
2025-12-08,06:53:00,26048,26049.75,26047,26049.75,121,26040.61,26033.03,0.00
2025-12-08,06:54:00,26049.25,26053.25,26047.75,26048.5,468,26040.69,26033.08,0.00
2025-12-08,06:55:00,26048.25,26050.5,26047.5,26048.75,164,26040.71,26033.10,0.00
2025-12-08,06:56:00,26048.75,26050.75,26048.25,26048.75,209,26040.75,26033.12,0.00
2025-12-08,06:57:00,26049,26049.75,26045,26047.75,358,26040.79,26033.15,0.00
2025-12-08,06:58:00,26047.75,26049.25,26045,26047.5,194,26040.81,26033.17,0.00
2025-12-08,06:59:00,26047.75,26049.75,26044,26046,226,26040.84,26033.19,0.00
2025-12-08,07:00:00,26046.25,26048,26046.25,26046.75,210,26040.86,26033.21,0.00
2025-12-08,07:01:00,26046.75,26047.25,26041.25,26044.25,577,26040.90,26033.25,0.00
2025-12-08,07:02:00,26044.25,26045,26036.5,26039,571,26040.89,26033.27,0.00
2025-12-08,07:03:00,26039.25,26041,26036.25,26039,236,26040.88,26033.28,0.00
2025-12-08,07:04:00,26039,26041.5,26038,26040.25,244,26040.88,26033.29,0.00
2025-12-08,07:05:00,26040.75,26043.25,26038,26039,231,26040.87,26033.30,0.00
2025-12-08,07:06:00,26039.25,26039.25,26032.25,26033.75,447,26040.83,26033.31,0.00
2025-12-08,07:07:00,26034.25,26042,26033.5,26041,328,26040.82,26033.32,0.00
2025-12-08,07:08:00,26041.25,26044.25,26040.5,26042,322,26040.83,26033.34,0.00
2025-12-08,07:09:00,26042.25,26044.25,26040.5,26041.25,245,26040.83,26033.35,0.00
2025-12-08,07:10:00,26040.75,26046.25,26040.75,26044.25,285,26040.84,26033.37,0.00
2025-12-08,07:11:00,26044.25,26045,26038.25,26039.75,341,26040.85,26033.39,0.00
2025-12-08,07:12:00,26039.5,26041.75,26036.5,26037,226,26040.84,26033.39,0.00
2025-12-08,07:13:00,26037.25,26042,26037.25,26040.75,212,26040.83,26033.40,0.00
2025-12-08,07:14:00,26041,26042.25,26037.75,26041.75,365,26040.83,26033.42,0.00
2025-12-08,07:15:00,26042,26050.5,26041.25,26047.25,770,26040.90,26033.48,0.00
2025-12-08,07:16:00,26046.75,26050.75,26043,26045.5,444,26040.94,26033.52,0.00
2025-12-08,07:17:00,26045.25,26050.25,26042.5,26047.75,265,26040.97,26033.54,0.00
2025-12-08,07:18:00,26047.25,26048.25,26044.25,26047,131,26040.98,26033.55,0.00
2025-12-08,07:19:00,26046.25,26048.5,26046,26046.75,112,26040.99,26033.56,0.00
2025-12-08,07:20:00,26047,26048.25,26040,26044,311,26041.01,26033.58,0.00
2025-12-08,07:21:00,26043.75,26044.5,26039.5,26042.5,441,26041.02,26033.60,0.00
2025-12-08,07:22:00,26042.75,26045,26038.75,26040.25,222,26041.02,26033.61,0.00
2025-12-08,07:23:00,26040,26040.5,26034.25,26035.75,328,26041.00,26033.62,0.00
2025-12-08,07:24:00,26035.25,26036.25,26031.25,26034.25,473,26040.94,26033.62,0.00
2025-12-08,07:25:00,26034.25,26035.25,26029.75,26030,252,26040.90,26033.62,0.00
2025-12-08,07:26:00,26029.75,26035.25,26026.25,26033.75,516,26040.83,26033.61,0.00
2025-12-08,07:27:00,26033,26033,26027.75,26030,223,26040.79,26033.61,0.00
2025-12-08,07:28:00,26030.25,26031,26027.25,26029.25,196,26040.76,26033.60,0.00
2025-12-08,07:29:00,26028.75,26030.75,26026,26028,194,26040.72,26033.60,0.00
2025-12-08,07:30:00,26028.25,26028.25,26024.25,26027.25,337,26040.64,26033.58,0.00
2025-12-08,07:31:00,26027.25,26030.75,26026.5,26027.25,305,26040.59,26033.57,0.00
2025-12-08,07:32:00,26027,26028.5,26025,26028,240,26040.54,26033.56,0.00
2025-12-08,07:33:00,26027.75,26029.75,26025.25,26027.75,249,26040.49,26033.55,0.00
2025-12-08,07:34:00,26027.5,26029.75,26025.75,26027.75,168,26040.45,26033.55,0.00
2025-12-08,07:35:00,26027.5,26030,26024,26027,243,26040.40,26033.54,0.00
2025-12-08,07:36:00,26026.5,26030.5,26024.75,26030.25,202,26040.37,26033.53,0.00
2025-12-08,07:37:00,26029.5,26030.5,26028.25,26030.25,144,26040.34,26033.53,0.00
2025-12-08,07:38:00,26029.75,26033.25,26028.75,26031.25,234,26040.31,26033.52,0.00
2025-12-08,07:39:00,26031.75,26034,26029.25,26030,283,26040.27,26033.52,0.00
2025-12-08,07:40:00,26030.25,26032.75,26029.75,26032.75,178,26040.25,26033.52,0.00
2025-12-08,07:41:00,26032.75,26033.75,26030,26032.25,198,26040.22,26033.52,0.00
2025-12-08,07:42:00,26032.25,26035.25,26031.5,26033.75,290,26040.19,26033.52,0.00
2025-12-08,07:43:00,26034,26035.25,26032.25,26034.25,152,26040.18,26033.52,0.00
2025-12-08,07:44:00,26033.75,26033.75,26029.75,26031.5,316,26040.14,26033.51,0.00
2025-12-08,07:45:00,26032.25,26036.75,26031.25,26035.75,159,26040.13,26033.51,0.00
2025-12-08,07:46:00,26035.5,26036.5,26031,26032.25,229,26040.10,26033.51,0.00
2025-12-08,07:47:00,26031.75,26032.75,26029.5,26030.5,233,26040.07,26033.51,0.00
2025-12-08,07:48:00,26030.5,26034.75,26029.5,26033,243,26040.05,26033.51,0.00
2025-12-08,07:49:00,26033,26035.25,26029.5,26031.5,331,26040.01,26033.51,0.00
2025-12-08,07:50:00,26031.25,26032.75,26030.5,26032.75,119,26039.99,26033.50,0.00
2025-12-08,07:51:00,26032.5,26032.5,26030.25,26031.25,223,26039.97,26033.50,0.00
2025-12-08,07:52:00,26030.75,26036.5,26030.5,26036.5,226,26039.95,26033.50,0.00
2025-12-08,07:53:00,26036.75,26038.5,26033.5,26033.5,407,26039.92,26033.51,0.00
2025-12-08,07:54:00,26033.75,26034.5,26030.75,26031,258,26039.89,26033.50,0.00
2025-12-08,07:55:00,26031,26035,26029.75,26032.75,284,26039.86,26033.50,0.00
2025-12-08,07:56:00,26032.75,26034.5,26028.25,26030.25,441,26039.81,26033.50,0.00
2025-12-08,07:57:00,26031.25,26031.75,26028.25,26029.75,236,26039.77,26033.49,0.00
2025-12-08,07:58:00,26029.25,26030.25,26026.75,26029.25,244,26039.73,26033.49,0.00
2025-12-08,07:59:00,26029,26031.5,26028,26028,138,26039.71,26033.48,0.00
2025-12-08,08:00:00,26027.25,26030.25,26027,26028,158,26039.69,26033.48,0.00
2025-12-08,08:01:00,26028.25,26030.5,26019.75,26024,1049,26039.47,26033.42,0.00
2025-12-08,08:02:00,26023.25,26024.75,26018,26024.5,773,26039.29,26033.37,0.00
2025-12-08,08:03:00,26024.5,26034,26024,26032.75,501,26039.23,26033.37,0.00
2025-12-08,08:04:00,26033.5,26039.75,26032.75,26039,532,26039.22,26033.38,0.00
2025-12-08,08:05:00,26038.5,26040.75,26035.75,26038.25,634,26039.21,26033.39,0.00
2025-12-08,08:06:00,26038,26039.25,26033,26034.5,242,26039.20,26033.40,0.00
2025-12-08,08:07:00,26034.5,26038.5,26033.75,26037.75,266,26039.19,26033.40,0.00
2025-12-08,08:08:00,26037,26038.5,26031.75,26034,176,26039.18,26033.40,0.00
2025-12-08,08:09:00,26033.75,26038.5,26033.5,26037,143,26039.17,26033.41,0.00
2025-12-08,08:10:00,26038,26040,26036,26038.25,202,26039.17,26033.41,0.00
2025-12-08,08:11:00,26036.5,26037.5,26033.25,26035.25,177,26039.16,26033.41,0.00
2025-12-08,08:12:00,26035.75,26037,26032,26032.75,231,26039.14,26033.41,0.00
2025-12-08,08:13:00,26033,26035,26031.75,26034.5,202,26039.13,26033.42,0.00
2025-12-08,08:14:00,26034.5,26035.5,26033,26034,93,26039.12,26033.42,0.00
2025-12-08,08:15:00,26033.75,26035.75,26033.25,26035.5,213,26039.11,26033.42,0.00
2025-12-08,08:16:00,26035.25,26038.25,26033.5,26038,271,26039.10,26033.42,0.00
2025-12-08,08:17:00,26037.75,26041.25,26037.25,26040.5,352,26039.11,26033.43,0.00
2025-12-08,08:18:00,26041,26042.5,26037.5,26037.75,371,26039.11,26033.45,0.00
2025-12-08,08:19:00,26037.75,26041.75,26036.75,26040.75,226,26039.11,26033.45,0.00
2025-12-08,08:20:00,26040.75,26040.75,26036.75,26037.25,146,26039.11,26033.46,0.00
2025-12-08,08:21:00,26037.5,26041,26035,26035,464,26039.09,26033.47,0.00
2025-12-08,08:22:00,26035.5,26038.5,26035,26037,160,26039.09,26033.47,0.00
2025-12-08,08:23:00,26037,26040.25,26036.25,26040.25,163,26039.09,26033.48,0.00
2025-12-08,08:24:00,26040.5,26043.5,26040.25,26042.75,381,26039.10,26033.49,0.00
2025-12-08,08:25:00,26042.75,26043,26040.5,26042.75,406,26039.12,26033.51,0.00
2025-12-08,08:26:00,26042.5,26045.25,26039.5,26043,731,26039.15,26033.55,0.00
2025-12-08,08:27:00,26042.5,26042.5,26036.25,26039.75,463,26039.15,26033.57,0.00
2025-12-08,08:28:00,26039.75,26042.5,26038.75,26039.75,216,26039.16,26033.57,0.00
2025-12-08,08:29:00,26039.75,26041,26037,26040.5,334,26039.16,26033.58,0.00
2025-12-08,08:30:00,26040.5,26041.75,26038.5,26038.75,108,26039.16,26033.59,0.00
2025-12-08,08:31:00,26038.75,26039.5,26036.5,26039,373,26039.15,26033.60,0.00
2025-12-08,08:32:00,26039,26040.25,26036.5,26037,239,26039.15,26033.60,0.00
2025-12-08,08:33:00,26037.25,26039.75,26036.25,26038.25,207,26039.15,26033.61,0.00
2025-12-08,08:34:00,26038.5,26041.25,26038.25,26041,200,26039.15,26033.62,0.00
2025-12-08,08:35:00,26041,26045.5,26040,26043,401,26039.17,26033.64,0.00
2025-12-08,08:36:00,26043.25,26046,26041.75,26042.5,216,26039.18,26033.65,0.00
2025-12-08,08:37:00,26042.5,26043.25,26038,26042.25,310,26039.19,26033.66,0.00
2025-12-08,08:38:00,26042.25,26044,26040.25,26044,221,26039.20,26033.67,0.00
2025-12-08,08:39:00,26044,26045.75,26042.5,26045.5,174,26039.21,26033.68,0.00
2025-12-08,08:40:00,26045.75,26046.5,26044,26045,191,26039.22,26033.69,0.00
2025-12-08,08:41:00,26045,26045.5,26041.75,26043,325,26039.24,26033.71,0.00
2025-12-08,08:42:00,26043.25,26046.5,26042.25,26045.5,196,26039.25,26033.72,0.00
2025-12-08,08:43:00,26046,26055.25,26045.5,26054.25,958,26039.39,26033.81,0.00
2025-12-08,08:44:00,26054.25,26055,26050.75,26053.75,605,26039.48,26033.88,0.00
2025-12-08,08:45:00,26054,26054.5,26051.25,26053.75,286,26039.53,26033.91,0.00
2025-12-08,08:46:00,26053.75,26057.25,26051.25,26055.5,467,26039.61,26033.96,0.00
2025-12-08,08:47:00,26055.5,26056.5,26054.5,26056.25,178,26039.64,26033.98,0.00
2025-12-08,08:48:00,26056.25,26059.5,26054.5,26058.75,550,26039.76,26034.05,0.00
2025-12-08,08:49:00,26058.75,26062,26058,26061.75,450,26039.86,26034.11,0.00
2025-12-08,08:50:00,26061.75,26064.25,26060.75,26063.75,420,26039.97,26034.18,0.00
2025-12-08,08:51:00,26064.25,26064.75,26060.75,26061.25,531,26040.11,26034.26,0.00
2025-12-08,08:52:00,26060.75,26062.5,26056.25,26057,419,26040.19,26034.31,0.00
2025-12-08,08:53:00,26057.5,26060,26055.75,26058.75,461,26040.28,26034.37,0.00
2025-12-08,08:54:00,26058.5,26060.75,26056.75,26057.75,251,26040.33,26034.40,0.00
2025-12-08,08:55:00,26057,26059.25,26055.25,26057.75,244,26040.38,26034.43,0.00
2025-12-08,08:56:00,26057.5,26059.5,26056.25,26057.75,274,26040.43,26034.46,0.00
2025-12-08,08:57:00,26057.75,26058.25,26054.25,26056.5,279,26040.48,26034.49,0.00
2025-12-08,08:58:00,26056.25,26057,26052.25,26054,489,26040.56,26034.55,0.00
2025-12-08,08:59:00,26054,26055.25,26050,26054,456,26040.62,26034.59,0.00
2025-12-08,09:00:00,26054.25,26058,26053.5,26056.75,402,26040.69,26034.63,0.00
2025-12-08,09:01:00,26056.5,26060.25,26052.75,26052.75,888,26040.82,26034.73,0.00
2025-12-08,09:02:00,26053,26060,26052,26057,454,26040.90,26034.78,0.00
2025-12-08,09:03:00,26057,26058,26054,26055.5,250,26040.94,26034.81,0.00
2025-12-08,09:04:00,26055.5,26060,26054,26059,225,26040.98,26034.83,0.00
2025-12-08,09:05:00,26059,26060.5,26056.5,26060.25,202,26041.02,26034.86,0.00
2025-12-08,09:06:00,26060,26062.5,26058.75,26058.75,322,26041.08,26034.90,0.00
2025-12-08,09:07:00,26059,26062,26058.25,26061.25,221,26041.13,26034.93,0.00
2025-12-08,09:08:00,26060.5,26061.25,26057.25,26059.5,193,26041.17,26034.95,0.00
2025-12-08,09:09:00,26059.25,26061.25,26057.5,26060,221,26041.21,26034.98,0.00
2025-12-08,09:10:00,26059.75,26062.5,26058.5,26061.75,258,26041.26,26035.02,0.00
2025-12-08,09:11:00,26061.75,26063.25,26057.5,26057.5,342,26041.33,26035.06,0.00
2025-12-08,09:12:00,26057.25,26060.5,26056.75,26059.75,159,26041.35,26035.08,0.00
2025-12-08,09:13:00,26059.5,26062.25,26058.5,26061.75,209,26041.40,26035.10,0.00
2025-12-08,09:14:00,26062,26068.25,26061.75,26067.5,663,26041.56,26035.21,0.00
2025-12-08,09:15:00,26067.75,26068,26064.5,26066,368,26041.66,26035.27,0.00
2025-12-08,09:16:00,26066.25,26067.75,26063.25,26066.75,349,26041.74,26035.32,0.00
2025-12-08,09:17:00,26067,26070.75,26065,26066.25,481,26041.87,26035.40,0.00
2025-12-08,09:18:00,26066.25,26067.75,26065,26067.25,376,26041.96,26035.46,0.00
2025-12-08,09:19:00,26066.5,26071.5,26066.5,26069.25,503,26042.10,26035.54,0.00
2025-12-08,09:20:00,26069.5,26071.75,26069,26069.75,267,26042.18,26035.59,0.00
2025-12-08,09:21:00,26069.75,26084,26068.5,26082,2284,26078.17,26036.07,0.00
2025-12-08,09:22:00,26082.25,26086.25,26080.5,26081,1678,26082.58,26036.45,0.00
2025-12-08,09:23:00,26081,26081.25,26063.75,26065,1830,26076.02,26036.75,0.00
2025-12-08,09:24:00,26065,26069.5,26063.75,26067.75,991,26074.03,26036.90,0.00
2025-12-08,09:25:00,26067.75,26068.5,26051.25,26057.75,1726,26069.91,26037.08,0.00
2025-12-08,09:26:00,26057.75,26064.25,26055.75,26058.25,962,26068.51,26037.19,0.00
2025-12-08,09:27:00,26058.25,26063,26055.75,26059.75,508,26067.91,26037.24,0.00
2025-12-08,09:28:00,26059.5,26060.25,26053.75,26056.5,501,26067.23,26037.29,0.00
2025-12-08,09:29:00,26056.5,26057.5,26053,26057.5,380,26066.74,26037.32,0.00
2025-12-08,09:30:00,26057.75,26062.25,26057,26061.75,442,26066.42,26037.37,0.00
2025-12-08,09:31:00,26062,26064,26047.75,26048.5,1443,26064.63,26037.48,0.00
2025-12-08,09:32:00,26048,26049.75,26039.75,26042.5,1525,26062.00,26037.53,0.00
2025-12-08,09:33:00,26043,26045.5,26038,26044,1249,26060.16,26037.56,0.00
2025-12-08,09:34:00,26044,26047.25,26043.25,26044.75,637,26059.47,26037.58,0.00
2025-12-08,09:35:00,26044.5,26046,26042.25,26043.5,401,26059.03,26037.59,0.00
2025-12-08,09:36:00,26044,26047.5,26040.25,26044.75,606,26058.43,26037.61,0.00
2025-12-08,09:37:00,26045.75,26049,26045.25,26047.25,394,26058.14,26037.63,0.00
2025-12-08,09:38:00,26047.5,26049.75,26044.75,26048.25,411,26057.86,26037.64,0.00
2025-12-08,09:39:00,26048.5,26049,26040.5,26045,624,26057.36,26037.66,0.00
2025-12-08,09:40:00,26045.25,26048.25,26043.25,26046.5,363,26057.12,26037.68,0.00
2025-12-08,09:41:00,26046.25,26047.5,26041.5,26046.75,518,26056.76,26037.70,0.00
2025-12-08,09:42:00,26047.25,26049.25,26046.25,26046.25,284,26056.60,26037.71,0.00
2025-12-08,09:43:00,26046.25,26052.25,26046,26052,494,26056.42,26037.74,0.00
2025-12-08,09:44:00,26052,26055.5,26050,26055.5,779,26056.31,26037.79,0.00
2025-12-08,09:45:00,26055.25,26059,26054.25,26058.75,769,26056.35,26037.86,0.00
2025-12-08,09:46:00,26058.5,26062,26057.25,26059.75,666,26056.46,26037.93,0.00
2025-12-08,09:47:00,26059.75,26061.5,26054.5,26060.75,610,26056.53,26037.98,0.00
2025-12-08,09:48:00,26060.5,26062.5,26058,26059.25,518,26056.61,26038.03,0.00
2025-12-08,09:49:00,26059,26060,26055.5,26057,412,26056.63,26038.07,0.00
2025-12-08,09:50:00,26057,26059.5,26056.25,26058.25,269,26056.65,26038.09,0.00
2025-12-08,09:51:00,26058,26059.75,26051,26057.75,804,26056.63,26038.16,0.00
2025-12-08,09:52:00,26058.25,26059.5,26053.75,26055.25,381,26056.62,26038.19,0.00
2025-12-08,09:53:00,26055.5,26059,26052.75,26056.25,427,26056.61,26038.22,0.00
2025-12-08,09:54:00,26056.75,26061.25,26051,26059.5,654,26056.63,26038.28,0.00
2025-12-08,09:55:00,26059.5,26063.75,26059.25,26062.5,611,26056.76,26038.34,0.00
2025-12-08,09:56:00,26063,26067.75,26062,26067,787,26057.03,26038.44,0.00
2025-12-08,09:57:00,26067.25,26067.75,26059.25,26061.25,639,26057.17,26038.51,0.00
2025-12-08,09:58:00,26061,26063,26059.5,26062.25,263,26057.21,26038.53,0.00
2025-12-08,09:59:00,26062.75,26064.25,26057.5,26057.75,652,26057.27,26038.59,0.00
2025-12-08,10:00:00,26057.75,26063.75,26056.25,26063,517,26057.34,26038.64,0.00
2025-12-08,10:01:00,26063.25,26067,26059.75,26062.75,822,26057.51,26038.73,0.00
2025-12-08,10:02:00,26062.5,26067.5,26061.75,26067,571,26057.67,26038.80,0.00
2025-12-08,10:03:00,26067,26067.75,26064,26064,424,26057.77,26038.85,0.00
2025-12-08,10:04:00,26064.5,26074.75,26063.5,26073,1179,26058.26,26039.01,0.00
2025-12-08,10:05:00,26072.75,26077.25,26071.75,26076.25,835,26058.70,26039.13,0.00
2025-12-08,10:06:00,26075.75,26077,26069.75,26073.25,805,26059.07,26039.25,0.00
2025-12-08,10:07:00,26073.75,26076.25,26069.75,26074.5,469,26059.27,26039.32,0.00
2025-12-08,10:08:00,26074.5,26075.75,26070.25,26072,360,26059.42,26039.37,0.00
2025-12-08,10:09:00,26072,26074.75,26070.25,26070.25,309,26059.53,26039.41,0.00
2025-12-08,10:10:00,26070.25,26072.5,26070.25,26071.5,318,26059.65,26039.46,0.00
2025-12-08,10:11:00,26071.25,26072.25,26067.75,26069.75,533,26059.80,26039.53,0.00
2025-12-08,10:12:00,26070,26072,26068,26068.75,292,26059.89,26039.56,0.00
2025-12-08,10:13:00,26069.5,26071.25,26066,26071.25,427,26060.00,26039.62,0.00
2025-12-08,10:14:00,26070.75,26074.25,26069,26071.75,442,26060.15,26039.68,0.00
2025-12-08,10:15:00,26071.25,26073.25,26070.75,26071.75,227,26060.22,26039.71,0.00
2025-12-08,10:16:00,26072,26072.75,26057.5,26061.75,1581,26060.38,26039.87,0.00
2025-12-08,10:17:00,26061.25,26067.5,26059.75,26062.75,827,26060.45,26039.95,0.00
2025-12-08,10:18:00,26062.25,26063.25,26057.5,26058.25,606,26060.44,26040.00,0.00
2025-12-08,10:19:00,26057.5,26070,26056.75,26069.5,856,26060.54,26040.09,0.00
2025-12-08,10:20:00,26069.5,26071.25,26065,26067,519,26060.64,26040.15,0.00
2025-12-08,10:21:00,26066.75,26072,26066.25,26068.5,566,26060.75,26040.22,0.00
2025-12-08,10:22:00,26068.5,26071.25,26062,26064.5,660,26060.83,26040.29,0.00
2025-12-08,10:23:00,26064.5,26064.75,26058.75,26061.75,630,26060.85,26040.34,0.00
2025-12-08,10:24:00,26061.75,26067.25,26061.5,26063.75,397,26060.88,26040.38,0.00
2025-12-08,10:25:00,26064,26065.25,26054.25,26057,972,26060.83,26040.45,0.00
2025-12-08,10:26:00,26057.5,26057.5,26046.5,26050.25,1826,26060.45,26040.54,0.00
2025-12-08,10:27:00,26050.25,26051.75,26044.25,26047.5,1027,26060.17,26040.57,0.00
2025-12-08,10:28:00,26047.5,26048.5,26035.25,26040.5,2200,26059.32,26040.57,0.00
2025-12-08,10:29:00,26040,26052.5,26035.5,26049,2140,26058.74,26040.62,0.00
2025-12-08,10:30:00,26049,26050,26044.5,26044.5,1213,26058.45,26040.64,0.00
2025-12-08,10:31:00,26044.75,26085.25,26031.5,26077.25,12703,26059.68,26041.79,0.00
2025-12-08,10:32:00,26077.5,26105.25,26073,26090.25,10879,26089.50,26043.67,0.00
2025-12-08,10:33:00,26090.75,26104.75,26073.75,26095.75,6392,26090.21,26044.74,0.00
2025-12-08,10:34:00,26094.75,26114,26080,26086,7982,26093.33,26046.07,0.00
2025-12-08,10:35:00,26086.75,26087,26069.5,26084.25,6012,26087.71,26046.77,0.00
2025-12-08,10:36:00,26084.5,26085.25,26066.5,26083.5,4182,26085.57,26047.20,0.00
2025-12-08,10:37:00,26084,26088,26063.75,26068.25,4504,26083.14,26047.59,0.00
2025-12-08,10:38:00,26069.5,26075.75,26061.5,26065.25,3693,26080.95,26047.83,0.00
2025-12-08,10:39:00,26066.25,26077.5,26060.25,26077.5,3600,26079.85,26048.10,0.00
2025-12-08,10:40:00,26077.5,26081.5,26056,26057,4581,26077.86,26048.34,0.00
2025-12-08,10:41:00,26057.75,26065,26040.75,26063.25,7618,26073.97,26048.53,0.00
2025-12-08,10:42:00,26063.75,26066.75,26044.75,26045.75,3627,26072.26,26048.57,0.00
2025-12-08,10:43:00,26045.75,26048,26021.25,26037.25,8812,26066.33,26048.23,0.00
2025-12-08,10:44:00,26037,26080.25,26024.25,26060.25,10782,26064.45,26048.44,0.00
2025-12-08,10:45:00,26060.5,26066.25,26051.75,26058.75,4122,26064.12,26048.56,0.00
2025-12-08,10:46:00,26058.25,26060.75,26045.5,26053,3697,26063.56,26048.61,0.00
2025-12-08,10:47:00,26052.5,26057.25,26041.25,26051.5,3630,26062.92,26048.62,0.00
2025-12-08,10:48:00,26052.5,26056.5,26032.5,26035.25,3877,26061.89,26048.54,0.00
2025-12-08,10:49:00,26035.25,26039.25,25991.5,25995.5,13547,26054.25,26047.12,0.00
2025-12-08,10:50:00,25995.25,26020.75,25975.25,26011.5,12443,26048.22,26045.69,0.00
2025-12-08,10:51:00,26011.5,26034.5,26007.5,26021.5,7796,26046.38,26045.21,0.00
2025-12-08,10:52:00,26021.25,26026.25,26004,26012,5539,26044.89,26044.79,0.00
2025-12-08,10:53:00,26012,26019.25,25998.25,26015.5,4956,26043.54,26044.38,0.00
2025-12-08,10:54:00,26015.5,26025,26010.25,26016.25,3816,26042.76,26044.12,0.00
2025-12-08,10:55:00,26016.75,26026.75,26009.5,26023.25,2708,26042.29,26043.96,0.00
2025-12-08,10:56:00,26023.25,26027.5,26005.75,26011.5,3510,26041.58,26043.72,0.00
2025-12-08,10:57:00,26011.75,26016.25,26001.5,26006,3089,26040.82,26043.46,0.00
2025-12-08,10:58:00,26005.75,26013,25998.25,26003.25,2741,26040.12,26043.21,0.00
2025-12-08,10:59:00,26002.75,26009,25987.75,25989.5,4817,26038.65,26042.67,0.00
2025-12-08,11:00:00,25989.75,26000.75,25987.25,25997.75,3041,26037.76,26042.34,0.00
2025-12-08,11:01:00,25997.25,26006.25,25992.5,26001.75,4184,26036.73,26041.93,0.00
2025-12-08,11:02:00,26001.75,26009.75,25990,26006.5,3718,26035.91,26041.60,0.00
2025-12-08,11:03:00,26007,26030.75,26002.5,26017.75,6542,26035.15,26041.24,0.00
2025-12-08,11:04:00,26017.75,26024.75,26013.25,26020.5,2840,26034.88,26041.10,0.00
2025-12-08,11:05:00,26019.75,26027,26018.75,26020.75,2112,26034.72,26041.01,0.00
2025-12-08,11:06:00,26021,26021,26000.25,26002.25,5231,26033.91,26040.63,0.00
2025-12-08,11:07:00,26002.25,26015.75,26002.25,26011,2157,26033.61,26040.48,0.00
2025-12-08,11:08:00,26010.75,26021,26007.75,26014.75,2039,26033.39,26040.37,0.00
2025-12-08,11:09:00,26014.75,26031.75,26012.75,26019.5,3791,26033.14,26040.21,0.00
2025-12-08,11:10:00,26019.75,26019.75,25999.25,26009,4039,26032.62,26039.95,0.00
2025-12-08,11:11:00,26008.5,26008.5,25995,26002,3502,26032.05,26039.67,0.00
2025-12-08,11:12:00,26002,26007,25989.25,25996.75,3971,26031.34,26039.32,0.00
2025-12-08,11:13:00,25996.75,26007.5,25991.75,26000.25,2586,26030.93,26039.10,0.00
2025-12-08,11:14:00,26000.75,26003.75,25991.5,25992.5,1602,26030.64,26038.96,0.00
2025-12-08,11:15:00,25992.25,25997.5,25983.75,25994.75,3974,26029.88,26038.57,0.00
2025-12-08,11:16:00,25994.75,25996.75,25973.25,25982,5395,26028.68,26037.97,0.00
2025-12-08,11:17:00,25982,25993.75,25982,25993,3821,26027.97,26037.60,0.00
2025-12-08,11:18:00,25993.25,26002,25991.5,25999.75,3422,26027.48,26037.32,0.00
2025-12-08,11:19:00,25999.75,26000.75,25986.5,25989.25,2901,26027.01,26037.06,0.00
2025-12-08,11:20:00,25988.75,25994.5,25982.25,25985,2566,26026.55,26036.81,0.00
2025-12-08,11:21:00,25985.75,25989.5,25969,25982.75,4785,26025.56,26036.27,0.00
2025-12-08,11:22:00,25982.5,25987.5,25971.75,25975.5,3130,26024.91,26035.92,0.00
2025-12-08,11:23:00,25975.25,25985.25,25965.25,25972,3871,26024.06,26035.45,0.00
2025-12-08,11:24:00,25971.75,25977.25,25957,25957.75,5892,26022.56,26034.64,0.00
2025-12-08,11:25:00,25957.5,25966.25,25951.25,25957,6350,26020.88,25958.17,0.00
2025-12-08,11:26:00,25957.5,25958.75,25932,25934.25,8538,26018.19,25941.67,0.00
2025-12-08,11:27:00,25934.5,25936.25,25910,25921.75,9795,26014.61,25922.67,0.00
2025-12-08,11:28:00,25922.5,25949.75,25920.25,25946,6947,26012.65,25929.31,0.00
2025-12-08,11:29:00,25946,25958.25,25941.5,25944.25,4767,26011.52,25933.45,0.00
2025-12-08,11:30:00,25944.5,25956.5,25941.75,25954.25,2959,26010.87,25935.55,0.00
2025-12-08,11:31:00,25953.5,25953.5,25936.75,25941.25,4619,26009.77,25936.87,0.00
2025-12-08,11:32:00,25941.25,25959.5,25937.75,25957.5,3879,26008.98,25938.60,0.00
2025-12-08,11:33:00,25957.75,25967.25,25954.5,25960,4693,26008.19,25941.34,0.00
2025-12-08,11:34:00,25960,25975.25,25957.75,25974.25,3379,26007.74,25943.62,0.00
2025-12-08,11:35:00,25974.25,25977.5,25966.25,25969.75,3051,26007.36,25945.53,0.00
2025-12-08,11:36:00,25969.5,25976.25,25964.25,25970,2646,26007.03,25946.92,0.00
2025-12-08,11:37:00,25970.75,25971.75,25961.75,25964.5,1882,26006.77,25947.66,0.00
2025-12-08,11:38:00,25964.5,25975,25956,25969.75,3504,26006.31,25948.96,0.00
2025-12-08,11:39:00,25969.25,25973.75,25961.5,25962.5,1470,26006.12,25949.42,0.00
2025-12-08,11:40:00,25962,25966,25955.5,25957.75,2189,26005.79,25949.83,0.00
2025-12-08,11:41:00,25957.75,25962.25,25951.25,25953.75,4222,26005.11,25950.24,0.00
2025-12-08,11:42:00,25954,25956.75,25949,25950,2383,26004.71,25950.31,0.00
2025-12-08,11:43:00,25950.5,25954,25946,25949.25,2573,26004.26,25950.29,0.00
2025-12-08,11:44:00,25949.25,25952.25,25943.25,25949.75,2137,26003.89,25950.23,0.00
2025-12-08,11:45:00,25949.5,25949.75,25938.25,25940.75,2464,26003.42,25949.97,0.00
2025-12-08,11:46:00,25940.75,25956,25939.5,25948,3175,26002.88,25949.87,0.00
2025-12-08,11:47:00,25948,25953.5,25943.75,25948.75,1656,26002.60,25949.85,0.00
2025-12-08,11:48:00,25948.75,25953.75,25941.5,25946.25,1579,26002.33,25949.79,0.00
2025-12-08,11:49:00,25946,25951.25,25936.75,25949.25,2573,26001.89,25949.66,0.00
2025-12-08,11:50:00,25948.75,25952.5,25942.25,25947.75,1518,26001.64,25949.62,0.00
2025-12-08,11:51:00,25947.5,25949,25928.25,25930.75,4630,26000.74,25948.87,0.00
2025-12-08,11:52:00,25931,25939,25930,25932.25,2711,26000.20,25948.40,0.00
2025-12-08,11:53:00,25932.25,25934.75,25918.75,25927.75,4551,25999.24,25947.35,0.00
2025-12-08,11:54:00,25928,25941,25927.25,25936.75,3108,25998.66,25946.95,0.00
2025-12-08,11:55:00,25937.25,25938.5,25925.5,25928.5,2336,25998.21,25946.56,0.00
2025-12-08,11:56:00,25928.5,25928.75,25913.5,25919.25,4334,25997.25,25945.45,0.00
2025-12-08,11:57:00,25919.25,25921.25,25903.25,25912.25,6020,25995.83,25912.25,0.00
2025-12-08,11:58:00,25911.75,25937.75,25911.5,25934,5789,25994.75,25919.85,0.00
2025-12-08,11:59:00,25934,25936.25,25924.5,25926.5,2332,25994.33,25921.37,0.00
2025-12-08,12:00:00,25927,25927.5,25913,25916.25,2762,25993.77,25920.97,0.00
2025-12-08,12:01:00,25916.25,25916.25,25898.25,25913,6629,25992.28,25909.17,0.00
2025-12-08,12:02:00,25912.75,25915.5,25886.25,25887,7030,25990.53,25896.25,0.00
2025-12-08,12:03:00,25887,25901,25881.75,25883.75,4926,25989.24,25888.83,0.00
2025-12-08,12:04:00,25884.25,25896.5,25881.75,25887.5,4207,25988.16,25888.72,0.00
2025-12-08,12:05:00,25887,25901.5,25886.25,25897,2874,25987.48,25890.20,0.00
2025-12-08,12:06:00,25896.5,25909.5,25891,25906.75,4082,25986.62,25893.30,0.00
2025-12-08,12:07:00,25906.75,25910,25881,25890.75,4642,25985.55,25893.92,0.00
2025-12-08,12:08:00,25891.25,25905.5,25886.25,25898.25,2948,25984.91,25894.98,0.00
2025-12-08,12:09:00,25898.25,25909.75,25893.25,25903.5,2440,25984.42,25896.73,0.00
2025-12-08,12:10:00,25903.75,25909,25892.25,25906.5,2822,25983.86,25898.02,0.00
2025-12-08,12:11:00,25907.25,25919.5,25892.25,25896.75,6032,25982.69,25899.56,0.00
2025-12-08,12:12:00,25896.5,25905.25,25895.75,25905,1715,25982.36,25899.76,0.00
2025-12-08,12:13:00,25905,25905.75,25893.25,25896,1886,25981.99,25899.64,0.00
2025-12-08,12:14:00,25895.5,25908,25893.75,25898.75,1996,25981.60,25899.68,0.00
2025-12-08,12:15:00,25899.25,25902.75,25884.75,25891.25,3171,25980.95,25898.91,0.00
2025-12-08,12:16:00,25891,25896,25884,25888,2555,25980.40,25898.10,0.00
2025-12-08,12:17:00,25887.5,25898,25887.5,25889.25,1878,25980.02,25897.72,0.00
2025-12-08,12:18:00,25888.5,25898.5,25888,25894,1530,25979.71,25897.52,0.00
2025-12-08,12:19:00,25894,25895.75,25886.75,25890.5,1314,25979.44,25897.28,0.00
2025-12-08,12:20:00,25891,25899.25,25875.5,25895.25,4192,25978.59,25890.00,0.00
2025-12-08,12:21:00,25895,25912,25894.25,25904.5,5060,25977.73,25897.43,0.00
2025-12-08,12:22:00,25904.25,25912,25901.5,25907.75,2511,25977.34,25899.49,0.00
2025-12-08,12:23:00,25907.5,25917,25905.75,25910.5,3221,25976.86,25901.98,0.00
2025-12-08,12:24:00,25910,25920.25,25906.75,25919.25,2183,25976.57,25903.69,0.00
2025-12-08,12:25:00,25919.25,25924.25,25913,25914.25,3486,25976.11,25905.96,0.00
2025-12-08,12:26:00,25914.25,25915,25900.75,25907,3880,25975.53,25906.22,0.00
2025-12-08,12:27:00,25907.25,25911,25902,25904.75,2234,25975.20,25906.20,0.00
2025-12-08,12:28:00,25904.5,25905.25,25892,25895.5,3715,25974.58,25905.15,0.00
2025-12-08,12:29:00,25895.5,25916.5,25893.75,25915.75,3545,25974.08,25905.51,0.00
2025-12-08,12:30:00,25915.75,25918,25910.5,25914.75,2357,25973.78,25906.09,0.00
2025-12-08,12:31:00,25915.25,25923.75,25913.25,25917.5,3282,25973.40,25907.09,0.00
2025-12-08,12:32:00,25917.75,25921.5,25901,25903,3747,25972.89,25907.21,0.00
2025-12-08,12:33:00,25902.75,25906.75,25897.25,25900,2186,25972.56,25906.93,0.00
2025-12-08,12:34:00,25900.25,25905,25896.5,25901.25,1909,25972.28,25906.69,0.00
2025-12-08,12:35:00,25901.25,25903,25888.75,25895.75,2967,25971.81,25906.05,0.00
2025-12-08,12:36:00,25895.5,25896.5,25890.25,25890.75,1612,25971.55,25905.63,0.00
2025-12-08,12:37:00,25891,25909,25889.75,25904.25,2921,25971.13,25905.38,0.00
2025-12-08,12:38:00,25904.25,25905.5,25896,25901.5,1537,25970.91,25905.26,0.00
2025-12-08,12:39:00,25901.5,25906.75,25896.75,25903,1477,25970.70,25905.19,0.00
2025-12-08,12:40:00,25903,25905.5,25894.25,25897.75,1352,25970.51,25905.05,0.00
2025-12-08,12:41:00,25897.75,25906.25,25894.75,25904.5,1630,25970.28,25904.96,0.00
2025-12-08,12:42:00,25904.75,25910.25,25895.5,25900,2484,25969.94,25904.84,0.00
2025-12-08,12:43:00,25900.5,25904.75,25897.25,25902,1187,25969.78,25904.78,0.00
2025-12-08,12:44:00,25901.75,25902,25895,25898.75,930,25969.65,25904.69,0.00
2025-12-08,12:45:00,25898.75,25907,25897.5,25905.25,1242,25969.48,25904.66,0.00
2025-12-08,12:46:00,25905.25,25909,25899.5,25907.25,1615,25969.28,25904.68,0.00
2025-12-08,12:47:00,25907.5,25908.75,25899.25,25902.25,1456,25969.09,25904.65,0.00
2025-12-08,12:48:00,25902,25906.25,25899.25,25902.75,811,25968.98,25904.63,0.00
2025-12-08,12:49:00,25903.25,25909.25,25901.5,25904.5,785,25968.88,25904.64,0.00
2025-12-08,12:50:00,25904.75,25907,25892.75,25892.75,1943,25968.61,25904.45,0.00
2025-12-08,12:51:00,25892.5,25908.75,25891.75,25905,2442,25968.29,25904.36,0.00
2025-12-08,12:52:00,25905,25907,25896.25,25901.25,1240,25968.13,25904.32,0.00
2025-12-08,12:53:00,25901.75,25902.25,25887.75,25892,3052,25967.69,25903.92,0.00
2025-12-08,12:54:00,25892,25900.5,25884.5,25900.5,2775,25967.30,25903.63,0.00
2025-12-08,12:55:00,25900.5,25904,25895.5,25898.25,1648,25967.08,25903.55,0.00
2025-12-08,12:56:00,25898,25898.75,25891,25892,1272,25966.90,25903.40,0.00
2025-12-08,12:57:00,25892.25,25900,25889.5,25892.25,2147,25966.60,25903.17,0.00
2025-12-08,12:58:00,25892.25,25901.25,25892,25896.75,913,25966.48,25903.11,0.00
2025-12-08,12:59:00,25896.75,25901.75,25894.25,25896.75,1078,25966.34,25903.04,0.00
2025-12-08,13:00:00,25896.5,25897.75,25892,25893,1007,25966.20,25902.94,0.00
2025-12-08,13:01:00,25893.25,25893.25,25869.25,25873.5,6129,25965.19,25878.67,0.00
2025-12-08,13:02:00,25873.25,25882,25872.75,25877.25,2648,25964.76,25878.26,0.00
2025-12-08,13:03:00,25877.75,25878.25,25859,25861.25,5463,25963.76,25866.17,0.00
2025-12-08,13:04:00,25861,25874.25,25855.5,25873.75,5319,25962.83,25867.83,0.00
2025-12-08,13:05:00,25874.25,25877.5,25865.75,25866.5,2599,25962.39,25868.52,0.00
2025-12-08,13:06:00,25866.5,25885.75,25864.75,25880.5,3567,25961.84,25871.15,0.00
2025-12-08,13:07:00,25879.75,25891.25,25878.75,25886.75,2678,25961.47,25873.88,0.00
2025-12-08,13:08:00,25886.75,25894.75,25884.25,25892.25,2646,25961.13,25876.48,0.00
2025-12-08,13:09:00,25892,25900.5,25889.75,25899,2624,25960.83,25879.18,0.00
2025-12-08,13:10:00,25899,25899,25890,25894.75,1571,25960.64,25880.33,0.00
2025-12-08,13:11:00,25894.5,25897,25884.5,25885,2382,25960.34,25881.19,0.00
2025-12-08,13:12:00,25884.75,25887,25877.5,25884,2447,25960.00,25881.35,0.00
2025-12-08,13:13:00,25883.25,25886.25,25878,25879.5,1410,25959.81,25881.34,0.00
2025-12-08,13:14:00,25879.5,25888,25875.5,25875.5,1758,25959.56,25881.24,0.00
2025-12-08,13:15:00,25875.25,25879.75,25867.25,25877.25,3030,25959.11,25880.63,0.00
2025-12-08,13:16:00,25877,25886,25872.75,25881.25,2560,25958.76,25880.58,0.00
2025-12-08,13:17:00,25881.25,25884.75,25875,25880.75,1147,25958.60,25880.57,0.00
2025-12-08,13:18:00,25880.5,25889.75,25880.5,25885.25,1361,25958.43,25880.74,0.00
2025-12-08,13:19:00,25885,25887.75,25881.75,25885.75,921,25958.31,25880.84,0.00
2025-12-08,13:20:00,25885.75,25891.5,25878,25879,2179,25958.03,25880.95,0.00
2025-12-08,13:21:00,25879.25,25881.5,25870,25877,2672,25957.65,25880.65,0.00
2025-12-08,13:22:00,25877.25,25882.25,25874.75,25878.25,1419,25957.46,25880.58,0.00
2025-12-08,13:23:00,25878,25878,25872,25872.75,1239,25957.28,25880.41,0.00
2025-12-08,13:24:00,25873.25,25877,25866.25,25870,1983,25956.99,25880.02,0.00
2025-12-08,13:25:00,25870,25872,25865.25,25870.5,1917,25956.71,25879.60,0.00
2025-12-08,13:26:00,25871.5,25872.75,25861.75,25865.5,2691,25956.30,25878.93,0.00
2025-12-08,13:27:00,25865.5,25868.5,25847,25857.25,5470,25955.40,25857.58,0.00
2025-12-08,13:28:00,25857.5,25866.25,25856.5,25862.5,2288,25955.04,25858.81,0.00
2025-12-08,13:29:00,25862.75,25871.5,25862.25,25864.25,1948,25954.75,25860.25,0.00
2025-12-08,13:30:00,25864,25872.25,25863.75,25870.75,1344,25954.56,25861.31,0.00
2025-12-08,13:31:00,25870.75,25880,25867,25879.5,2755,25954.20,25864.14,0.00
2025-12-08,13:32:00,25879,25884,25876.25,25882.5,2002,25953.96,25866.27,0.00
2025-12-08,13:33:00,25882.75,25885.5,25871.75,25872,2360,25953.66,25867.58,0.00
2025-12-08,13:34:00,25872.5,25880.5,25872,25878.5,1310,25953.50,25868.22,0.00
2025-12-08,13:35:00,25879,25879.25,25870.25,25874.5,1191,25953.34,25868.59,0.00
2025-12-08,13:36:00,25874.5,25876.5,25870.75,25872.25,1099,25953.20,25868.82,0.00
2025-12-08,13:37:00,25872.75,25880,25870.25,25876.75,1053,25953.07,25869.14,0.00
2025-12-08,13:38:00,25877.25,25879.25,25871.5,25876.5,749,25952.97,25869.35,0.00
2025-12-08,13:39:00,25876.25,25878.75,25871.25,25875,879,25952.86,25869.55,0.00
2025-12-08,13:40:00,25875.25,25881.5,25874.75,25874.75,1047,25952.73,25869.86,0.00
2025-12-08,13:41:00,25874.75,25886.75,25873,25881.25,1905,25952.51,25870.58,0.00
2025-12-08,13:42:00,25881,25891,25881,25890.25,2112,25952.29,25871.79,0.00
2025-12-08,13:43:00,25890.25,25893.75,25888.25,25892,1927,25952.10,25872.99,0.00
2025-12-08,13:44:00,25891.25,25892.75,25875.5,25877.25,2569,25951.81,25873.65,0.00
2025-12-08,13:45:00,25876.75,25880.5,25875.75,25876,1312,25951.66,25873.79,0.00
2025-12-08,13:46:00,25876.25,25876.75,25867.25,25868.75,2855,25951.29,25873.58,0.00
2025-12-08,13:47:00,25868.5,25874.25,25865,25873.5,1527,25951.10,25873.48,0.00
2025-12-08,13:48:00,25873.5,25886.25,25873.25,25885.5,2245,25950.85,25873.92,0.00
2025-12-08,13:49:00,25885.25,25887.5,25880.75,25887.5,1607,25950.69,25874.33,0.00
2025-12-08,13:50:00,25887.75,25895.75,25887.5,25893.25,2531,25950.45,25875.31,0.00
2025-12-08,13:51:00,25893.5,25901.75,25890.75,25892.75,3812,25950.13,25876.82,0.00
2025-12-08,13:52:00,25892.5,25895,25887.75,25893.75,1974,25949.95,25877.41,0.00
2025-12-08,13:53:00,25893.75,25898.5,25890,25897.75,1446,25949.83,25877.90,0.00
2025-12-08,13:54:00,25897.5,25904.5,25896.75,25900.5,2431,25949.64,25878.88,0.00
2025-12-08,13:55:00,25901.25,25903,25899,25901,1230,25949.55,25879.36,0.00
2025-12-08,13:56:00,25900.75,25903.5,25892,25894,2180,25949.37,25879.99,0.00
2025-12-08,13:57:00,25893.75,25920.5,25891,25919.5,6838,25948.97,25883.14,0.00
2025-12-08,13:58:00,25919.75,25939,25919.75,25934.5,8255,25948.74,25888.47,0.00
2025-12-08,13:59:00,25934.75,25943.25,25926.25,25932.5,6927,25948.59,25892.35,0.00
2025-12-08,14:00:00,25933.25,25935.25,25918.75,25934,4163,25948.47,25894.16,0.00
2025-12-08,14:01:00,25933.5,25949.75,25928.5,25935.5,6214,25948.38,25897.13,0.00
2025-12-08,14:02:00,25935.75,25936.75,25919,25924,3886,25948.26,25898.33,0.00
2025-12-08,14:03:00,25924.75,25933,25919.75,25925.25,2437,25948.18,25899.02,0.00
2025-12-08,14:04:00,25925,25929.75,25913.25,25914.25,2531,25948.07,25899.52,0.00
2025-12-08,14:05:00,25913.75,25920.75,25909.75,25920.5,2903,25947.94,25900.01,0.00
2025-12-08,14:06:00,25920,25928.25,25917,25927.25,2264,25947.86,25900.53,0.00
2025-12-08,14:07:00,25927.25,25931,25921.25,25926.75,1967,25947.80,25901.00,0.00
2025-12-08,14:08:00,25926.5,25932.25,25923.25,25926.5,1468,25947.76,25901.36,0.00
2025-12-08,14:09:00,25926.75,25934.25,25923,25930,2066,25947.71,25901.87,0.00
2025-12-08,14:10:00,25930,25941.75,25930,25940,2850,25947.66,25902.76,0.00
2025-12-08,14:11:00,25940.25,25944.5,25929,25932,3010,25947.61,25903.59,0.00
2025-12-08,14:12:00,25932.25,25941.75,25930,25938.25,2402,25947.57,25904.26,0.00
2025-12-08,14:13:00,25938,25941.75,25931.75,25941.5,1521,25947.55,25904.69,0.00
2025-12-08,14:14:00,25941.5,25942.75,25935,25939,1365,25947.54,25905.07,0.00
2025-12-08,14:15:00,25937.75,25938.25,25927.25,25930.25,1827,25947.50,25905.46,0.00
2025-12-08,14:16:00,25930.5,25939.25,25929,25938.25,1757,25947.47,25905.88,0.00
2025-12-08,14:17:00,25938.5,25941.5,25932,25940,1425,25947.45,25906.24,0.00
2025-12-08,14:18:00,25939.75,25941.25,25930.5,25931,1389,25947.42,25906.54,0.00
2025-12-08,14:19:00,25931,25932.5,25919.75,25921.25,3001,25947.33,25906.95,0.00
2025-12-08,14:20:00,25921.75,25927.5,25919.25,25927,1652,25947.28,25907.17,0.00
2025-12-08,14:21:00,25927,25933.75,25922.75,25929,1896,25947.23,25907.47,0.00
2025-12-08,14:22:00,25929,25936.25,25923.25,25936,1422,25947.20,25907.72,0.00
2025-12-08,14:23:00,25935.75,25938,25925,25932.75,1597,25947.16,25908.00,0.00
2025-12-08,14:24:00,25932.75,25937.25,25926.75,25928,1704,25947.13,25908.28,0.00
2025-12-08,14:25:00,25927.5,25934.25,25925,25929,1388,25947.09,25908.49,0.00
2025-12-08,14:26:00,25929,25931,25914.5,25916.5,2670,25947.00,25908.71,0.00
2025-12-08,14:27:00,25917,25918.25,25908.25,25916.5,3168,25946.86,25908.83,0.00
2025-12-08,14:28:00,25916.25,25916.75,25903.5,25905,3086,25946.70,25908.83,0.00
2025-12-08,14:29:00,25905.25,25907.25,25890.5,25893,4090,25946.42,25908.51,0.00
2025-12-08,14:30:00,25892.75,25900.5,25881.5,25883,4270,25946.09,25907.97,0.00
2025-12-08,14:31:00,25882.75,25882.75,25869.75,25876.25,5280,25945.61,25906.95,0.00
2025-12-08,14:32:00,25877,25886,25871.5,25880.75,3620,25945.29,25906.35,0.00
2025-12-08,14:33:00,25880.75,25887.25,25874.75,25875.75,2818,25945.05,25905.90,0.00
2025-12-08,14:34:00,25876,25879.25,25870.75,25872,2106,25944.85,25905.51,0.00
2025-12-08,14:35:00,25872.75,25876,25857.75,25865.5,4529,25944.39,25904.51,0.00
2025-12-08,14:36:00,25865.75,25872,25855.5,25870.5,3133,25944.07,25903.84,0.00
2025-12-08,14:37:00,25870.5,25881,25870.5,25879.75,3087,25943.80,25903.39,0.00
2025-12-08,14:38:00,25879.5,25887.5,25878,25884.5,2774,25943.59,25903.09,0.00
2025-12-08,14:39:00,25884.5,25894.25,25880,25893.25,2558,25943.41,25902.90,0.00
2025-12-08,14:40:00,25893.75,25894.75,25883.75,25888,1629,25943.30,25902.78,0.00
2025-12-08,14:41:00,25888.75,25889.5,25871,25875.75,2678,25943.08,25902.45,0.00
2025-12-08,14:42:00,25875.75,25877.75,25870,25874.5,1519,25942.94,25902.23,0.00
2025-12-08,14:43:00,25875,25879.25,25869.25,25872,1476,25942.81,25902.01,0.00
2025-12-08,14:44:00,25871.75,25874.25,25867.25,25868.25,1324,25942.69,25901.79,0.00
2025-12-08,14:45:00,25867.75,25881.5,25865,25879.75,2179,25942.51,25901.50,0.00
2025-12-08,14:46:00,25880.25,25887.75,25872.5,25878.25,2348,25942.32,25901.25,0.00
2025-12-08,14:47:00,25878.5,25887,25872.75,25882.5,1453,25942.21,25901.10,0.00
2025-12-08,14:48:00,25882.25,25887.5,25879,25879.75,1086,25942.13,25901.00,0.00
2025-12-08,14:49:00,25880.25,25880.5,25873.25,25878,1294,25942.02,25900.85,0.00
2025-12-08,14:50:00,25877.75,25878,25870.25,25871,879,25941.94,25900.73,0.00
2025-12-08,14:51:00,25871,25878,25868.5,25877.5,1271,25941.84,25900.57,0.00
2025-12-08,14:52:00,25877,25877.25,25870.25,25873.5,929,25941.76,25900.45,0.00
2025-12-08,14:53:00,25873.75,25878,25871.75,25878,713,25941.70,25900.37,0.00
2025-12-08,14:54:00,25878,25878.5,25863.25,25867.25,1909,25941.53,25900.09,0.00
2025-12-08,14:55:00,25867.25,25876.25,25867,25872.25,1052,25941.44,25899.95,0.00
2025-12-08,14:56:00,25872.25,25873,25858.25,25865.25,2269,25941.22,25899.59,0.00
2025-12-08,14:57:00,25865.75,25867.75,25837,25846.25,7169,25940.42,25850.33,0.00
2025-12-08,14:58:00,25846,25852,25840.25,25843.75,3167,25940.06,25848.80,0.00
2025-12-08,14:59:00,25843.75,25844,25817,25827.75,7658,25939.03,25829.58,0.00
2025-12-08,15:00:00,25827.75,25846.25,25826.25,25845.5,3675,25938.59,25832.75,0.00
2025-12-08,15:01:00,25845.75,25846.5,25831.5,25840,3863,25938.13,25834.42,0.00
2025-12-08,15:02:00,25840.25,25850.5,25839.75,25844,3265,25937.76,25836.25,0.00
2025-12-08,15:03:00,25843.5,25845,25831.75,25832.5,2600,25937.45,25836.27,0.00
2025-12-08,15:04:00,25832.5,25834.5,25820.5,25831.25,3835,25936.95,25835.11,0.00
2025-12-08,15:05:00,25831.25,25840.75,25828.5,25838.75,2355,25936.67,25835.19,0.00
2025-12-08,15:06:00,25839,25841.75,25831.5,25838.5,2046,25936.43,25835.33,0.00
2025-12-08,15:07:00,25838.5,25839.75,25832,25839.75,1370,25936.27,25835.41,0.00
2025-12-08,15:08:00,25839.75,25848,25837,25841,2229,25936.02,25835.86,0.00
2025-12-08,15:09:00,25841,25846.25,25836.75,25838.5,1335,25935.87,25836.04,0.00
2025-12-08,15:10:00,25838,25843.75,25834.5,25839.75,955,25935.77,25836.13,0.00
2025-12-08,15:11:00,25840.25,25845,25834.75,25836.75,1669,25935.58,25836.25,0.00
2025-12-08,15:12:00,25836.25,25836.75,25827,25828,1881,25935.35,25835.98,0.00
2025-12-08,15:13:00,25828.25,25835,25827.5,25828.5,1490,25935.16,25835.77,0.00
2025-12-08,15:14:00,25828.25,25838.25,25828.25,25833,1264,25935.01,25835.69,0.00
2025-12-08,15:15:00,25833.25,25835.5,25830.25,25833.5,750,25934.92,25835.64,0.00
2025-12-08,15:16:00,25833.75,25843,25832.75,25838.75,1922,25934.71,25835.75,0.00
2025-12-08,15:17:00,25839,25841.5,25834.75,25837,882,25934.61,25835.79,0.00
2025-12-08,15:18:00,25837.5,25849.75,25836.5,25846.5,2235,25934.37,25836.19,0.00
2025-12-08,15:19:00,25846.25,25851.25,25841,25847.75,1845,25934.19,25836.58,0.00
2025-12-08,15:20:00,25847.75,25854.25,25846,25853.5,2033,25933.99,25837.17,0.00
2025-12-08,15:21:00,25853.25,25860.25,25848.5,25852,3304,25933.69,25838.16,0.00
2025-12-08,15:22:00,25851.75,25857.5,25847.75,25856.75,1699,25933.53,25838.64,0.00
2025-12-08,15:23:00,25856.75,25863,25852.5,25859,2418,25933.33,25839.45,0.00
2025-12-08,15:24:00,25859.5,25860.5,25850.25,25850.25,1518,25933.19,25839.81,0.00
2025-12-08,15:25:00,25850.25,25851.75,25843.25,25846.25,2585,25932.94,25840.11,0.00
2025-12-08,15:26:00,25846.25,25853.25,25845.5,25849.75,1150,25932.83,25840.28,0.00
2025-12-08,15:27:00,25850.25,25850.25,25843.25,25848.75,1332,25932.70,25840.42,0.00
2025-12-08,15:28:00,25849.75,25856.25,25849.25,25855,1297,25932.58,25840.68,0.00
2025-12-08,15:29:00,25855.25,25858.5,25848,25849.25,1400,25932.45,25840.91,0.00
2025-12-08,15:30:00,25848.75,25853.75,25846.5,25851.75,859,25932.37,25841.03,0.00
2025-12-08,15:31:00,25851.25,25856.75,25848.5,25849.75,1233,25932.26,25841.22,0.00
2025-12-08,15:32:00,25850,25854.75,25847.5,25851.5,907,25932.18,25841.35,0.00
2025-12-08,15:33:00,25851.25,25851.75,25847.25,25849.75,847,25932.10,25841.44,0.00
2025-12-08,15:34:00,25850.25,25862.25,25849.5,25857.75,2077,25931.92,25841.87,0.00
2025-12-08,15:35:00,25858,25865.25,25857.25,25862.25,1571,25931.80,25842.28,0.00
2025-12-08,15:36:00,25862.25,25870.75,25859.75,25869,2070,25931.65,25842.93,0.00
2025-12-08,15:37:00,25868.5,25869.5,25858.75,25865.5,1919,25931.51,25843.45,0.00
2025-12-08,15:38:00,25865.75,25872.75,25865.75,25872.5,1475,25931.41,25843.94,0.00
2025-12-08,15:39:00,25872.5,25873.25,25860.5,25866.75,1762,25931.28,25844.43,0.00
2025-12-08,15:40:00,25867,25869.25,25859.75,25860.75,1492,25931.17,25844.76,0.00
2025-12-08,15:41:00,25860.5,25863.75,25851.75,25852.75,2141,25930.99,25845.05,0.00
2025-12-08,15:42:00,25852.25,25858.25,25850.25,25855.25,1762,25930.84,25845.24,0.00
2025-12-08,15:43:00,25855.75,25864,25854.5,25859.25,1317,25930.74,25845.44,0.00
2025-12-08,15:44:00,25859.5,25863,25856.25,25856.5,764,25930.67,25845.55,0.00
2025-12-08,15:45:00,25856.25,25866.5,25856.25,25859,1529,25930.56,25845.81,0.00
2025-12-08,15:46:00,25859.25,25860.25,25845.5,25850.5,2439,25930.35,25845.97,0.00
2025-12-08,15:47:00,25850.75,25853.5,25846.5,25849.75,1769,25930.19,25846.04,0.00
2025-12-08,15:48:00,25848.75,25853.25,25848.5,25851,853,25930.12,25846.08,0.00
2025-12-08,15:49:00,25851.5,25857.5,25850,25853.75,884,25930.04,25846.15,0.00
2025-12-08,15:50:00,25853.75,25861.5,25852,25861,1098,25929.96,25846.29,0.00
2025-12-08,15:51:00,25861.5,25868.25,25858.5,25865.25,1857,25929.82,25846.61,0.00
2025-12-08,15:52:00,25865.5,25871.5,25862.75,25867.5,1988,25929.69,25847.01,0.00
2025-12-08,15:53:00,25867.5,25873.75,25863.75,25871,1434,25929.59,25847.33,0.00
2025-12-08,15:54:00,25871.25,25871.5,25866.5,25871.25,822,25929.54,25847.50,0.00
2025-12-08,15:55:00,25871.25,25875.75,25866,25866,1544,25929.44,25847.82,0.00
2025-12-08,15:56:00,25866.25,25867,25855,25855.5,1975,25929.29,25848.02,0.00
2025-12-08,15:57:00,25855,25858.75,25849.5,25850.25,1935,25929.13,25848.11,0.00
2025-12-08,15:58:00,25850.5,25851.75,25842.75,25844,2346,25928.92,25848.07,0.00
2025-12-08,15:59:00,25844.25,25848.75,25839.25,25840.75,2172,25928.72,25847.97,0.00
2025-12-08,16:00:00,25841,25848.25,25839.25,25844.75,1714,25928.57,25847.91,0.00
2025-12-08,16:01:00,25845.75,25855.25,25845.25,25850.5,2640,25928.35,25847.97,0.00
2025-12-08,16:02:00,25850,25853,25845.75,25846,1001,25928.26,25847.97,0.00
2025-12-08,16:03:00,25846,25849.25,25841.5,25842.75,1196,25928.15,25847.94,0.00
2025-12-08,16:04:00,25843,25849,25840.75,25846.75,1258,25928.04,25847.91,0.00
2025-12-08,16:05:00,25847.5,25847.75,25840,25841,827,25927.97,25847.88,0.00
2025-12-08,16:06:00,25841.25,25842.5,25835.75,25839.5,1952,25927.78,25847.74,0.00
2025-12-08,16:07:00,25839,25843,25835.75,25841.75,1273,25927.67,25847.67,0.00
2025-12-08,16:08:00,25841.75,25846.25,25838.25,25839.5,1350,25927.54,25847.60,0.00
2025-12-08,16:09:00,25839.5,25849,25837.75,25846.75,1531,25927.41,25847.56,0.00
2025-12-08,16:10:00,25846.5,25850.5,25843,25849.25,1273,25927.30,25847.56,0.00
2025-12-08,16:11:00,25849.25,25854.5,25844.25,25852.25,1490,25927.18,25847.59,0.00
2025-12-08,16:12:00,25852,25856.75,25850,25851.75,1207,25927.09,25847.64,0.00
2025-12-08,16:13:00,25852.25,25852.75,25846.75,25850.25,1119,25926.99,25847.66,0.00
2025-12-08,16:14:00,25850,25852.5,25847,25851.75,714,25926.94,25847.67,0.00
2025-12-08,16:15:00,25851.75,25856.5,25849.5,25856.5,818,25926.87,25847.71,0.00
2025-12-08,16:16:00,25856.5,25863.25,25849.5,25862,2189,25926.72,25847.88,0.00
2025-12-08,16:17:00,25862.25,25862.5,25853.75,25855.75,1107,25926.64,25847.96,0.00
2025-12-08,16:18:00,25856,25857.25,25849.75,25849.75,1211,25926.54,25847.99,0.00
2025-12-08,16:19:00,25850,25859,25847.75,25855.75,1408,25926.44,25848.05,0.00
2025-12-08,16:20:00,25855.5,25858.75,25852.25,25856.5,784,25926.38,25848.10,0.00
2025-12-08,16:21:00,25857,25857.25,25852.5,25855.75,807,25926.32,25848.14,0.00
2025-12-08,16:22:00,25856.5,25863,25854.25,25861,907,25926.26,25848.21,0.00
2025-12-08,16:23:00,25860.5,25867.25,25860,25863.25,1599,25926.15,25848.37,0.00
2025-12-08,16:24:00,25863.25,25863.75,25854.75,25857.25,1298,25926.06,25848.46,0.00
2025-12-08,16:25:00,25857.75,25859.5,25856,25857.75,520,25926.02,25848.50,0.00
2025-12-08,16:26:00,25857.5,25862.25,25857,25862.25,839,25925.97,25848.57,0.00
2025-12-08,16:27:00,25862.25,25863.25,25848.5,25860.75,2354,25925.80,25848.70,0.00
2025-12-08,16:28:00,25860.75,25864.5,25859.25,25864,798,25925.75,25848.78,0.00
2025-12-08,16:29:00,25864,25866.5,25862.75,25865.25,788,25925.70,25848.86,0.00
2025-12-08,16:30:00,25865.25,25870.5,25864.25,25868.5,1435,25925.61,25849.04,0.00
2025-12-08,16:31:00,25868.5,25870,25857.25,25860,3002,25925.42,25849.29,0.00
2025-12-08,16:32:00,25860,25868.25,25858.25,25866.5,1738,25925.31,25849.46,0.00
2025-12-08,16:33:00,25866.25,25867.25,25857.5,25858.25,1326,25925.22,25849.55,0.00
2025-12-08,16:34:00,25858.5,25861.5,25856.5,25859.5,993,25925.16,25849.61,0.00
2025-12-08,16:35:00,25859.5,25859.75,25850.25,25852.5,2178,25925.00,25849.67,0.00
2025-12-08,16:36:00,25852.25,25853.75,25843.25,25849.75,3068,25924.76,25849.66,0.00
2025-12-08,16:37:00,25850,25856.75,25849,25852.75,1464,25924.65,25849.69,0.00
2025-12-08,16:38:00,25853.75,25861,25851.75,25857.75,1284,25924.57,25849.74,0.00
2025-12-08,16:39:00,25857.75,25859,25851.5,25859,975,25924.50,25849.78,0.00
2025-12-08,16:40:00,25859,25860.5,25853.25,25854.5,847,25924.44,25849.81,0.00
2025-12-08,16:41:00,25854.5,25858.5,25852.25,25858.5,1131,25924.36,25849.85,0.00
2025-12-08,16:42:00,25858.5,25860.5,25856,25857.75,708,25924.32,25849.89,0.00
2025-12-08,16:43:00,25858.25,25863,25856.25,25862.25,1102,25924.24,25849.95,0.00
2025-12-08,16:44:00,25862.5,25870,25861.5,25867.25,1564,25924.15,25850.10,0.00
2025-12-08,16:45:00,25867.5,25867.75,25860,25867,1440,25924.07,25850.22,0.00
2025-12-08,16:46:00,25867,25867.75,25858.75,25863.5,1120,25924.00,25850.30,0.00
2025-12-08,16:47:00,25863.5,25867,25862.25,25865,874,25923.95,25850.37,0.00
2025-12-08,16:48:00,25864.75,25869,25861.5,25865.75,1118,25923.88,25850.47,0.00
2025-12-08,16:49:00,25865.25,25866.25,25855,25861.5,1471,25923.79,25850.55,0.00
2025-12-08,16:50:00,25861.5,25864.5,25857,25859.25,946,25923.73,25850.60,0.00
2025-12-08,16:51:00,25858.75,25872.75,25858,25869.25,3389,25923.54,25850.89,0.00
2025-12-08,16:52:00,25869,25877.25,25866.75,25874,2507,25923.41,25851.18,0.00
2025-12-08,16:53:00,25873.5,25877.5,25869.75,25876.25,1849,25923.32,25851.41,0.00
2025-12-08,16:54:00,25876.5,25882.5,25874,25877,2502,25923.21,25851.75,0.00
2025-12-08,16:55:00,25877.5,25879.5,25860.25,25866.5,4449,25922.97,25852.14,0.00
2025-12-08,16:56:00,25866,25880.25,25865.5,25872.25,2862,25922.83,25852.43,0.00
2025-12-08,16:57:00,25872,25877.25,25869.25,25872.5,1178,25922.77,25852.55,0.00
2025-12-08,16:58:00,25872.5,25887,25871.5,25885.5,2732,25922.66,25852.94,0.00
2025-12-08,16:59:00,25885.75,25888,25880.75,25887.5,2389,25922.57,25853.31,0.00
2025-12-08,17:00:00,25887.75,25925.25,25886.5,25921.5,10103,25922.46,25856.01,0.00
2025-12-08,17:01:00,25921.75,25928,25917.75,25918.25,7186,25922.45,25858.11,0.00
2025-12-08,17:02:00,25918.75,25920,25914.5,25917,2220,25922.44,25858.69,0.00
2025-12-08,17:03:00,25917.25,25918.75,25911.75,25916.75,1540,25922.43,25859.08,0.00
2025-12-08,17:04:00,25916.75,25920.5,25913.5,25920,1196,25922.42,25859.38,0.00
2025-12-08,17:05:00,25920,25922.5,25916.5,25920.25,837,25922.42,25859.61,0.00
2025-12-08,17:06:00,25920.5,25921,25916.75,25918.75,657,25922.42,25859.77,0.00
2025-12-08,17:07:00,25919,25919,25913,25916.25,729,25922.42,25859.95,0.00
2025-12-08,17:08:00,25915.75,25918,25913.5,25917,441,25922.41,25860.06,0.00
2025-12-08,17:09:00,25916.75,25918.25,25914.75,25917.5,444,25922.41,25860.17,0.00
2025-12-08,17:10:00,25917.5,25920.25,25916.25,25917.5,340,25922.41,25860.25,0.00
2025-12-08,17:11:00,25917.75,25921.25,25914.5,25915.5,522,25922.41,25860.38,0.00
2025-12-08,17:12:00,25915.25,25916,25912.25,25915,509,25922.40,25860.50,0.00
2025-12-08,17:13:00,25915.5,25918,25914.5,25915,323,25922.40,25860.58,0.00
2025-12-08,17:14:00,25914.5,25914.75,25909.25,25913.75,838,25922.39,25860.76,0.00
2025-12-08,17:15:00,25913.75,25914.75,25911,25914,486,25922.39,25860.87,0.00
2025-12-08,17:16:00,25914,25916.75,25909.75,25910.75,620,25922.38,25861.01,0.00
2025-12-08,17:17:00,25911.25,25913.25,25910.5,25912.5,176,25922.38,25861.04,0.00
2025-12-08,17:18:00,25912.5,25913.25,25911,25912,166,25922.38,25861.08,0.00
2025-12-08,17:19:00,25911.75,25915,25911.75,25912.5,257,25922.38,25861.14,0.00
2025-12-08,17:20:00,25912.5,25916.75,25912.5,25916,190,25922.38,25861.18,0.00
2025-12-08,17:21:00,25915.25,25916.5,25915.25,25916,185,25922.37,25861.22,0.00
2025-12-08,17:22:00,25915.75,25916.5,25914,25914.5,133,25922.37,25861.25,0.00
2025-12-08,17:23:00,25914.25,25916.25,25913.25,25915.5,168,25922.37,25861.29,0.00
2025-12-08,17:24:00,25916,25918.25,25916,25917.75,293,25922.37,25861.36,0.00
2025-12-08,17:25:00,25917.5,25918,25915.75,25917,123,25922.37,25861.39,0.00
2025-12-08,17:26:00,25916.75,25917.75,25916,25917.25,149,25922.37,25861.42,0.00
2025-12-08,17:27:00,25917,25920.75,25916,25920.5,257,25922.37,25861.49,0.00
2025-12-08,17:28:00,25920.25,25921.5,25917.5,25918.25,260,25922.37,25861.55,0.00
2025-12-08,17:29:00,25918.25,25918.75,25916.5,25918.5,131,25922.37,25861.58,0.00
2025-12-08,17:30:00,25918.25,25939,25917.5,25935.5,2658,25922.39,25862.34,0.00
2025-12-08,17:31:00,25935.5,25950.25,25933.75,25939.25,3706,25922.45,25863.54,0.00
2025-12-08,17:32:00,25938.75,25943.75,25927,25941.75,2256,25922.49,25864.22,0.00
2025-12-08,17:33:00,25941.5,25949,25935.75,25935.75,1005,25922.50,25864.53,0.00
2025-12-08,17:34:00,25935.75,25939,25932.75,25935.75,996,25922.51,25864.81,0.00
2025-12-08,17:35:00,25935.5,25941.75,25935.5,25938.25,552,25922.52,25864.97,0.00
2025-12-08,17:36:00,25938.75,25942.25,25934,25941,476,25922.53,25865.12,0.00
2025-12-08,17:37:00,25941.25,25942.25,25936.5,25937.5,308,25922.53,25865.21,0.00
2025-12-08,17:38:00,25937.5,25943.25,25937.25,25941.25,463,25922.54,25865.35,0.00
2025-12-08,17:39:00,25941.75,25943.5,25937,25937.5,463,25922.55,25865.48,0.00
2025-12-08,17:40:00,25938.25,25939,25935.75,25938.25,380,25922.56,25865.59,0.00
2025-12-08,17:41:00,25938.75,25939.5,25936.25,25938.75,221,25922.56,25865.66,0.00
2025-12-08,17:42:00,25939,25945.5,25938,25944.25,572,25922.57,25865.83,0.00
2025-12-08,17:43:00,25944.75,25951.25,25944.25,25950.75,900,25922.59,25866.13,0.00
2025-12-08,17:44:00,25950.5,25952,25947.5,25950.75,784,25922.61,25866.39,0.00
2025-12-08,17:45:00,25950.5,25956.5,25948.75,25954.75,1043,25922.64,25866.74,0.00
2025-12-08,17:46:00,25955,25956.75,25948.75,25949,883,25922.67,25867.03,0.00
2025-12-08,17:47:00,25949,25953.5,25947.5,25952.75,450,25922.68,25867.18,0.00
2025-12-08,17:48:00,25952,25957.75,25950.25,25956.5,427,25922.69,25867.33,0.00
2025-12-08,17:49:00,25956.75,25958.75,25955.5,25956.5,494,25922.71,25867.50,0.00
2025-12-08,17:50:00,25957,25957.5,25952.75,25955,279,25922.71,25867.60,0.00
2025-12-08,17:51:00,25955,25955.75,25950.25,25950.75,383,25922.72,25867.72,0.00
2025-12-08,17:52:00,25951.25,25952,25943.75,25944.5,627,25922.74,25867.91,0.00
2025-12-08,17:53:00,25944.75,25945.25,25942.25,25944.5,196,25922.74,25867.97,0.00
2025-12-08,17:54:00,25944.25,25949,25943.75,25946.25,201,25922.75,25868.03,0.00
2025-12-08,17:55:00,25946.75,25953,25946.5,25952.25,336,25922.76,25868.14,0.00
2025-12-08,17:56:00,25952.5,25958.25,25951.75,25957,353,25922.77,25868.26,0.00
2025-12-08,17:57:00,25957,25959.75,25955.5,25958,328,25922.78,25868.37,0.00
2025-12-08,17:58:00,25957.75,25958.75,25953.5,25955.25,269,25922.79,25868.46,0.00
2025-12-08,17:59:00,25955,25960.5,25955,25958,379,25922.80,25868.59,0.00
2025-12-08,18:00:00,25958.75,25961.5,25958.25,25959.75,413,25922.81,25868.74,0.00
2025-12-08,19:01:00,25966.25,25971.25,25952.5,25957.25,1773,25960.33,25960.33,0.00
2025-12-08,19:02:00,25957,25964.5,25955.75,25957,660,25959.99,25959.99,0.00
2025-12-08,19:03:00,25957.5,25963,25955.5,25961.75,551,25960.01,25960.01,0.00
2025-12-08,19:04:00,25962.75,25977,25961.5,25970.5,1279,25969.67,25962.91,0.00
2025-12-08,19:05:00,25971.25,25978,25970.25,25970.75,803,25973.00,25964.51,0.00
2025-12-08,19:06:00,25970.5,25975.25,25966.25,25969.25,649,25971.77,25965.16,0.00
2025-12-08,19:07:00,25969,25976.5,25968.25,25974.5,408,25972.06,25965.69,0.00
2025-12-08,19:08:00,25975,25976.25,25971.25,25972.75,421,25972.31,25966.18,0.00
2025-12-08,19:09:00,25972.5,25973.25,25967.25,25967.25,357,25971.90,25966.34,0.00
2025-12-08,19:10:00,25968,25968,25959.5,25964.75,1073,25969.64,25966.04,0.00
2025-12-08,19:11:00,25964.5,25965.25,25959.75,25960.25,397,25968.87,25965.84,0.00
2025-12-08,19:12:00,25960.5,25961,25951.25,25956,1042,25966.29,25956.08,0.00
2025-12-08,19:13:00,25956.5,25962,25956,25957.75,599,25965.48,25957.00,0.00
2025-12-08,19:14:00,25958.25,25958.5,25955.5,25955.5,207,25965.17,25956.94,0.00
2025-12-08,19:15:00,25955.5,25956.25,25953.5,25954.25,238,25964.77,25956.68,0.00
2025-12-08,19:16:00,25954.75,25959,25954.5,25957.75,329,25964.38,25956.74,0.00
2025-12-08,19:17:00,25958,25958.75,25950.5,25950.75,399,25963.74,25953.33,0.00
2025-12-08,19:18:00,25951.25,25955.5,25950.25,25955.5,331,25963.29,25953.75,0.00
2025-12-08,19:19:00,25955.5,25957.25,25953.25,25957.25,239,25963.05,25954.66,0.00
2025-12-08,19:20:00,25956.75,25957.75,25954,25954.5,136,25962.92,25954.80,0.00
2025-12-08,19:21:00,25954.25,25958.75,25951.75,25957.25,284,25962.66,25955.12,0.00
2025-12-08,19:22:00,25957.25,25958.5,25955,25955.5,170,25962.53,25955.30,0.00
2025-12-08,19:23:00,25956.25,25957,25953.75,25955.25,115,25962.43,25955.30,0.00
2025-12-08,19:24:00,25955.5,25956.5,25953.75,25956,126,25962.32,25955.31,0.00
2025-12-08,19:25:00,25956.25,25957,25951.25,25953,208,25962.12,25955.11,0.00
2025-12-08,19:26:00,25953,25953.5,25948.5,25949.5,323,25961.69,25950.50,0.00
2025-12-08,19:27:00,25949.5,25951.5,25948,25951.25,391,25961.21,25950.25,0.00
2025-12-08,19:28:00,25951.25,25953.75,25951.25,25953.25,187,25961.04,25951.06,0.00
2025-12-08,19:29:00,25953.25,25955.75,25952,25953.25,244,25960.85,25951.83,0.00
2025-12-08,19:30:00,25953.25,25955,25951,25951.5,212,25960.68,25951.97,0.00
2025-12-08,19:31:00,25951.75,25952.25,25950,25952,216,25960.48,25951.87,0.00
2025-12-08,19:32:00,25951.5,25951.75,25947.25,25949,313,25960.14,25949.33,0.00
2025-12-08,19:33:00,25949.25,25950.75,25946.25,25949.5,351,25959.77,25948.83,0.00
2025-12-08,19:34:00,25950,25950,25947.75,25948.75,126,25959.65,25948.83,0.00
2025-12-08,19:35:00,25948.5,25949.25,25945.75,25949.25,228,25959.41,25948.08,0.00
2025-12-08,19:36:00,25949.25,25950,25947.25,25949,128,25959.29,25948.32,0.00
2025-12-08,19:37:00,25948.75,25951.5,25947.25,25950,366,25958.98,25948.96,0.00
2025-12-08,19:38:00,25950.25,25956.5,25949.5,25954.5,491,25958.76,25950.80,0.00
2025-12-08,19:39:00,25954.25,25956.5,25951,25954.25,236,25958.67,25951.31,0.00
2025-12-08,19:40:00,25954,25958.5,25954,25956.25,438,25958.59,25952.45,0.00
2025-12-08,19:41:00,25957.75,25962,25955,25956,535,25958.55,25953.61,0.00
2025-12-08,19:42:00,25956.5,25959.25,25955,25955.25,337,25958.50,25953.96,0.00
2025-12-08,19:43:00,25956.25,25957.5,25954.25,25955.5,117,25958.47,25954.03,0.00
2025-12-08,19:44:00,25955.5,25959,25954.5,25957.25,116,25958.46,25954.14,0.00
2025-12-08,19:45:00,25957.75,25958,25955.5,25956,96,25958.45,25954.22,0.00
2025-12-08,19:46:00,25957,25958.75,25955,25957.5,126,25958.44,25954.33,0.00
2025-12-08,19:47:00,25957.25,25962.25,25957.25,25960,409,25958.48,25954.95,0.00
2025-12-08,19:48:00,25959.5,25963.5,25957.25,25962.25,348,25958.53,25955.48,0.00
2025-12-08,19:49:00,25963.25,25964.75,25960.5,25963,294,25958.62,25955.98,0.00
2025-12-08,19:50:00,25963,25964.5,25959.25,25961,279,25958.67,25956.33,0.00
2025-12-08,19:51:00,25961.75,25968,25961.25,25965.75,414,25958.83,25957.05,0.00
2025-12-08,19:52:00,25965.75,25971,25964.75,25970.25,459,25959.11,25958.03,0.00
2025-12-08,19:53:00,25970.75,25973.5,25968.25,25972.25,460,25959.45,25959.08,0.00
2025-12-08,19:54:00,25972.25,25977.25,25972.25,25977.25,427,25959.85,25960.19,0.00
2025-12-08,19:55:00,25977.25,25982,25976.75,25977.75,674,25978.83,25961.99,0.00
2025-12-08,19:56:00,25978.75,25980.75,25975.75,25976.75,343,25978.47,25962.73,0.00
2025-12-08,19:57:00,25977,25979.75,25975.75,25977.5,265,25978.30,25963.25,0.00
2025-12-08,19:58:00,25977.75,25981,25977.5,25977.75,269,25978.38,25963.78,0.00
2025-12-08,19:59:00,25979,25981,25977,25977.75,227,25978.41,25964.20,0.00
2025-12-08,20:00:00,25978.25,25980.75,25976.25,25979.75,283,25978.48,25964.70,0.00
2025-12-08,20:01:00,25980.25,25981,25972.75,25975.25,668,25977.95,25965.56,0.00
2025-12-08,20:02:00,25975.75,25979.75,25973.25,25978.75,340,25977.87,25965.98,0.00
2025-12-08,20:03:00,25979.5,25980,25975.5,25977.5,291,25977.86,25966.33,0.00
2025-12-08,20:04:00,25977,25978.5,25973.25,25976,227,25977.73,25966.55,0.00
2025-12-08,20:05:00,25975,25975.25,25969,25974.5,459,25977.19,25966.84,0.00
2025-12-08,20:06:00,25975.5,25977,25973.5,25974.25,216,25977.07,25967.00,0.00
2025-12-08,20:07:00,25973.5,25976.25,25972.25,25974,295,25976.88,25967.20,0.00
2025-12-08,20:08:00,25974.5,25978,25974,25977,158,25976.87,25967.33,0.00
2025-12-08,20:09:00,25977.75,25978.75,25973,25973.5,160,25976.81,25967.44,0.00
2025-12-08,20:10:00,25973.5,25977.5,25973,25976,144,25976.77,25967.54,0.00
2025-12-08,20:11:00,25975.25,25978.25,25974.75,25978,169,25976.78,25967.68,0.00
2025-12-08,20:12:00,25978.25,25979,25975,25975.25,149,25976.77,25967.79,0.00
2025-12-08,20:13:00,25974.5,25976.5,25972.75,25974.75,128,25976.72,25967.87,0.00
2025-12-08,20:14:00,25975,25977,25973.75,25976.5,109,25976.70,25967.94,0.00
2025-12-08,20:15:00,25976.75,25977.75,25973,25973.25,145,25976.65,25968.02,0.00
2025-12-08,20:16:00,25973,25974.25,25970.5,25973,471,25976.34,25968.19,0.00
2025-12-08,20:17:00,25972.75,25975.25,25972.25,25973.75,138,25976.28,25968.25,0.00
2025-12-08,20:18:00,25974.25,25974.25,25966.5,25969.25,455,25975.86,25968.31,0.00
2025-12-08,20:19:00,25969,25971.5,25967.5,25969.5,192,25975.69,25968.33,0.00
2025-12-08,20:20:00,25969.5,25971.5,25968.75,25971,124,25975.59,25968.35,0.00
2025-12-08,20:21:00,25971,25972.5,25969.5,25970.5,149,25975.50,25968.38,0.00
2025-12-08,20:22:00,25970.75,25975.5,25970.25,25973.5,377,25975.38,25968.50,0.00
2025-12-08,20:23:00,25973.75,25973.75,25969.5,25969.75,146,25975.29,25968.53,0.00
2025-12-08,20:24:00,25970.25,25970.75,25968,25970.25,172,25975.17,25968.54,0.00
2025-12-08,20:25:00,25970.25,25971.5,25969.5,25970.25,103,25975.11,25968.56,0.00
2025-12-08,20:26:00,25971.25,25974.75,25970.75,25974.25,170,25975.07,25968.61,0.00
2025-12-08,20:27:00,25974,25975.75,25973,25973.5,174,25975.05,25968.68,0.00
2025-12-08,20:28:00,25973,25973.25,25969.75,25972.25,112,25975.01,25968.70,0.00
2025-12-08,20:29:00,25972.5,25972.5,25967.75,25969.25,185,25974.90,25968.71,0.00
2025-12-08,20:30:00,25969.5,25971.5,25969,25970.5,67,25974.86,25968.72,0.00
2025-12-08,20:31:00,25970.5,25972.5,25969,25971.75,143,25974.80,25968.74,0.00
2025-12-08,20:32:00,25972.25,25973,25970.75,25970.75,101,25974.77,25968.76,0.00
2025-12-08,20:33:00,25970.75,25970.75,25966.75,25966.75,175,25974.64,25968.75,0.00
2025-12-08,20:34:00,25967.25,25969,25965.5,25968,216,25974.47,25968.74,0.00
2025-12-08,20:35:00,25968,25969.5,25968,25969,89,25974.42,25968.74,0.00
2025-12-08,20:36:00,25968.5,25974.25,25968.5,25974.25,154,25974.39,25968.77,0.00
2025-12-08,20:37:00,25974.25,25974.25,25971.25,25971.25,120,25974.36,25968.80,0.00
2025-12-08,20:38:00,25970.75,25972,25970.25,25972,95,25974.33,25968.81,0.00
2025-12-08,20:39:00,25970.75,25973,25970.75,25972.75,70,25974.32,25968.83,0.00
2025-12-08,20:40:00,25973.25,25974,25971.75,25973.25,65,25974.31,25968.85,0.00
2025-12-08,20:41:00,25972.75,25973.25,25969.5,25970,138,25974.26,25968.86,0.00
2025-12-08,20:42:00,25969.25,25972,25969,25970.5,97,25974.23,25968.87,0.00
2025-12-08,20:43:00,25971,25972.5,25969.75,25970.25,180,25974.17,25968.89,0.00
2025-12-08,20:44:00,25969.75,25969.75,25967.75,25969.25,75,25974.13,25968.89,0.00
2025-12-08,20:45:00,25969.25,25970.25,25968.75,25970.25,65,25974.10,25968.90,0.00
2025-12-08,20:46:00,25970.5,25970.75,25968.5,25969.5,98,25974.06,25968.90,0.00
2025-12-08,20:47:00,25969.5,25969.75,25965.75,25968,154,25973.97,25968.89,0.00
2025-12-08,20:48:00,25967.75,25968,25965.5,25966.75,157,25973.87,25968.87,0.00
2025-12-08,20:49:00,25967,25967.5,25964.75,25966.5,186,25973.74,25968.84,0.00
2025-12-08,20:50:00,25966.75,25970.75,25965.75,25970.5,258,25973.63,25968.85,0.00
2025-12-08,20:51:00,25970.75,25976,25970,25975,485,25973.64,25968.97,0.00
2025-12-08,20:52:00,25975.25,25977.5,25974.25,25976.75,378,25973.71,25969.12,0.00
2025-12-08,20:53:00,25976.75,25978.25,25973.5,25974.25,263,25973.75,25969.21,0.00
2025-12-08,20:54:00,25973.75,25975.75,25972.5,25975.75,188,25973.76,25969.26,0.00
2025-12-08,20:55:00,25975.75,25976.75,25974,25976,148,25973.78,25969.31,0.00
2025-12-08,20:56:00,25976.25,25979.25,25975.75,25978.75,330,25973.89,25969.46,0.00
2025-12-08,20:57:00,25978,25978.75,25975.5,25976.5,126,25973.91,25969.50,0.00
2025-12-08,20:58:00,25977,25977.5,25974.25,25974.75,180,25973.94,25969.56,0.00
2025-12-08,20:59:00,25974.75,25976.25,25973.5,25975,131,25973.95,25969.59,0.00
2025-12-08,21:00:00,25974.25,25975.5,25971.25,25972.75,373,25973.92,25969.66,0.00
2025-12-08,21:01:00,25972.75,25974.5,25965.75,25970.25,604,25973.77,25969.67,0.00
2025-12-08,21:02:00,25970.75,25975.5,25968.5,25972,448,25973.72,25969.72,0.00
2025-12-08,21:03:00,25972.25,25975.25,25971.5,25973.5,192,25973.71,25969.76,0.00
2025-12-08,21:04:00,25973.5,25975,25969.5,25970.5,232,25973.68,25969.78,0.00
2025-12-08,21:05:00,25970.5,25971,25958.5,25961,1214,25972.94,25969.44,0.00
2025-12-08,21:06:00,25961.5,25967.5,25956.25,25960,972,25972.30,25969.11,0.00
2025-12-08,21:07:00,25960.75,25964.25,25959.75,25960.75,423,25972.05,25968.98,0.00
2025-12-08,21:08:00,25961.25,25964.25,25959.75,25963.25,267,25971.91,25968.91,0.00
2025-12-08,21:09:00,25963.75,25969.25,25963.5,25967.5,540,25971.76,25968.86,0.00
2025-12-08,21:10:00,25967.75,25971.5,25965.75,25971.5,280,25971.73,25968.87,0.00
2025-12-08,21:11:00,25971,25975,25967.75,25968.5,594,25971.69,25968.91,0.00
2025-12-08,21:12:00,25969.25,25978,25968.25,25977.75,356,25971.74,25968.99,0.00
2025-12-08,21:13:00,25978,25978.75,25973.25,25973.75,376,25971.80,25969.07,0.00
2025-12-08,21:14:00,25974.5,25978.5,25973,25977,212,25971.85,25969.13,0.00
2025-12-08,21:15:00,25977.25,25979.25,25976.25,25978,216,25971.91,25969.20,0.00
2025-12-08,21:16:00,25977.25,25978.5,25975.25,25976.75,222,25971.96,25969.26,0.00
2025-12-08,21:17:00,25976.25,25977.25,25974.5,25976.25,177,25972.00,25969.30,0.00
2025-12-08,21:18:00,25976.25,25978.25,25975,25978,158,25972.03,25969.35,0.00
2025-12-08,21:19:00,25978.25,25979,25976.75,25977,143,25972.07,25969.39,0.00
2025-12-08,21:20:00,25977.75,25978.5,25975.5,25977,173,25972.11,25969.44,0.00
2025-12-08,21:21:00,25977,25978.75,25975,25978,246,25972.17,25969.50,0.00
2025-12-08,21:22:00,25978,25980,25977,25979.25,250,25972.24,25969.58,0.00
2025-12-08,21:23:00,25979.25,25982.75,25977.25,25981,431,25980.33,25969.74,0.00
2025-12-08,21:24:00,25980.5,25982,25978.5,25980.75,296,25980.37,25969.85,0.00
2025-12-08,21:25:00,25981,25982,25974.5,25974.75,402,25979.20,25969.95,0.00
2025-12-08,21:26:00,25975,25975,25971.5,25971.5,400,25977.49,25969.99,0.00
2025-12-08,21:27:00,25972.5,25973.75,25970.25,25972.5,249,25976.74,25970.00,0.00
2025-12-08,21:28:00,25972,25972,25963.5,25963.75,747,25973.69,25969.92,0.00
2025-12-08,21:29:00,25963.5,25966,25958.75,25963,745,25971.16,25969.75,0.00
2025-12-08,21:30:00,25963.25,25963.25,25958.75,25959,256,25970.37,25969.67,0.00
2025-12-08,21:31:00,25959,25962.5,25958.25,25958.75,358,25969.40,25969.56,0.00
2025-12-08,21:32:00,25959,25966.25,25959,25963.75,418,25968.78,25969.48,0.00
2025-12-08,21:33:00,25964.75,25967.5,25963,25964.75,365,25968.49,25969.43,0.00
2025-12-08,21:34:00,25964,25965,25942.25,25947.25,2113,25963.20,25951.50,0.00
2025-12-08,21:35:00,25947.75,25953.5,25946,25953,759,25961.95,25951.32,0.00
2025-12-08,21:36:00,25953,25959,25952.5,25956.75,556,25961.55,25952.10,0.00
2025-12-08,21:37:00,25955.75,25956.25,25953,25953.5,235,25961.34,25952.23,0.00
2025-12-08,21:38:00,25954,25954,25946.25,25946.25,669,25960.41,25951.71,0.00
2025-12-08,21:39:00,25946.25,25947.25,25938.25,25941.75,946,25958.70,25942.42,0.00
2025-12-08,21:40:00,25941.75,25946.5,25941.25,25945.25,423,25958.11,25943.01,0.00
2025-12-08,21:41:00,25945.25,25950,25944.25,25947.25,467,25957.64,25944.07,0.00
2025-12-08,21:42:00,25947.25,25950.5,25945.25,25948.25,291,25957.39,25944.60,0.00
2025-12-08,21:43:00,25947.75,25952.25,25946.5,25952.25,280,25957.22,25945.27,0.00
2025-12-08,21:44:00,25951.5,25951.75,25945.5,25945.75,286,25956.98,25945.53,0.00
2025-12-08,21:45:00,25945.75,25948,25940.75,25947.25,593,25956.42,25945.49,0.00
2025-12-08,21:46:00,25947.25,25949.25,25944.75,25948.75,230,25956.26,25945.63,0.00
2025-12-08,21:47:00,25949,25949.75,25945.75,25947.5,185,25956.13,25945.73,0.00
2025-12-08,21:48:00,25947.75,25953,25947.5,25953,258,25956.03,25946.08,0.00
2025-12-08,21:49:00,25953,25954,25950.75,25951.5,262,25955.96,25946.46,0.00
2025-12-08,21:50:00,25952,25952.25,25947.75,25949,204,25955.86,25946.60,0.00
2025-12-08,21:51:00,25949.25,25950,25947.25,25948,183,25955.76,25946.68,0.00
2025-12-08,21:52:00,25947.25,25949.75,25946.5,25948,174,25955.66,25946.73,0.00
2025-12-08,21:53:00,25947.5,25951.5,25945.25,25951,248,25955.55,25946.85,0.00
2025-12-08,21:54:00,25951,25951.75,25945.75,25946.25,207,25955.44,25946.89,0.00
2025-12-08,21:55:00,25945.75,25948.5,25944.25,25945.75,290,25955.25,25946.86,0.00
2025-12-08,21:56:00,25945.5,25947.5,25944.25,25947.5,154,25955.16,25946.84,0.00
2025-12-08,21:57:00,25946.75,25948.5,25945.75,25947.5,98,25955.11,25946.85,0.00
2025-12-08,21:58:00,25948,25950.25,25945.5,25946.25,175,25955.02,25946.86,0.00
2025-12-08,21:59:00,25946,25947.25,25945,25946,103,25954.96,25946.85,0.00
2025-12-08,22:00:00,25946,25946.75,25944.75,25945.25,99,25954.90,25946.83,0.00
2025-12-08,22:01:00,25945,25950.75,25944.75,25946.5,277,25954.76,25946.85,0.00
2025-12-08,22:02:00,25945.75,25946,25943.25,25943.25,259,25954.58,25946.75,0.00
2025-12-08,22:03:00,25943.5,25944,25941.25,25942.25,358,25954.32,25946.53,0.00
2025-12-08,22:04:00,25942.5,25946.5,25942.25,25944.5,214,25954.18,25946.47,0.00
2025-12-08,22:05:00,25944.25,25948.5,25943,25948,204,25954.09,25946.47,0.00
2025-12-08,22:06:00,25947.75,25949.75,25944.5,25944.5,254,25953.97,25946.46,0.00
2025-12-08,22:07:00,25944.5,25951.5,25944.5,25949.75,340,25953.86,25946.55,0.00
2025-12-08,22:08:00,25950.5,25950.5,25945,25945.75,188,25953.79,25946.57,0.00
2025-12-08,22:09:00,25946.25,25947.75,25941.75,25942,293,25953.62,25946.47,0.00
2025-12-08,22:10:00,25941.5,25942.5,25939.75,25941.25,368,25953.37,25946.25,0.00
2025-12-08,22:11:00,25942,25943,25940.25,25941.75,185,25953.25,25946.16,0.00
2025-12-08,22:12:00,25941.75,25943.75,25938.25,25939,271,25953.06,25945.99,0.00
2025-12-08,22:13:00,25939.25,25939.75,25929,25931,1266,25951.78,25933.25,0.00
2025-12-08,22:14:00,25930.75,25938.75,25928.5,25938,763,25951.16,25935.08,0.00
2025-12-08,22:15:00,25937.75,25946.25,25937,25945.25,656,25950.90,25938.67,0.00
2025-12-08,22:16:00,25945,25956,25944.75,25955.5,990,25950.95,25944.18,0.00
2025-12-08,22:17:00,25955.75,25960.25,25954.75,25957.5,983,25951.23,25948.04,0.00
2025-12-08,22:18:00,25957.25,25957.75,25952.75,25953.5,388,25951.29,25948.72,0.00
2025-12-08,22:19:00,25953.5,25959.5,25950.75,25959,373,25951.37,25949.41,0.00
2025-12-08,22:20:00,25958.75,25961.25,25955.75,25957.75,336,25951.46,25950.07,0.00
2025-12-08,22:21:00,25957.25,25957.75,25954,25957.5,222,25951.51,25950.37,0.00
2025-12-08,22:22:00,25957.25,25960.5,25956.5,25958.25,217,25951.57,25950.73,0.00
2025-12-08,22:23:00,25958.5,25960.25,25956.75,25959.25,121,25951.60,25950.92,0.00
2025-12-08,22:24:00,25960,25962,25957.5,25958,313,25951.70,25951.40,0.00
2025-12-08,22:25:00,25957.75,25958.5,25951.75,25952.75,353,25951.73,25951.58,0.00
2025-12-08,22:26:00,25952.25,25954.75,25948.75,25952.5,507,25951.74,25951.62,0.00
2025-12-08,22:27:00,25952.5,25953.75,25948.5,25950.75,193,25951.73,25951.60,0.00
2025-12-08,22:28:00,25950.25,25951.5,25948,25948.75,196,25951.72,25951.53,0.00
2025-12-08,22:29:00,25947.75,25950.5,25947.25,25950.25,137,25951.70,25951.49,0.00
2025-12-08,22:30:00,25949,25951.75,25949,25951.25,157,25951.70,25951.47,0.00
2025-12-08,22:31:00,25950.75,25952.5,25950,25951,158,25951.70,25951.46,0.00
2025-12-08,22:32:00,25950.75,25950.75,25945.5,25947.25,253,25951.66,25951.34,0.00
2025-12-08,22:33:00,25946.5,25946.75,25942,25942,578,25951.49,25950.77,0.00
2025-12-08,22:34:00,25942.5,25946.25,25941.25,25946.25,246,25951.43,25950.58,0.00
2025-12-08,22:35:00,25946.25,25948.75,25944.5,25944.5,164,25951.40,25950.49,0.00
2025-12-08,22:36:00,25944.5,25945.75,25939.25,25939.5,234,25951.31,25950.24,0.00
2025-12-08,22:37:00,25939.5,25945.75,25938.25,25945.25,333,25951.22,25949.97,0.00
2025-12-08,22:38:00,25945.5,25947.25,25944,25944.25,131,25951.19,25949.90,0.00
2025-12-08,22:39:00,25944.75,25945,25940.75,25940.75,162,25951.14,25949.77,0.00
2025-12-08,22:40:00,25940.5,25942,25938,25941.75,224,25951.06,25949.55,0.00
2025-12-08,22:41:00,25942.5,25943,25939,25940.25,245,25950.97,25949.33,0.00
2025-12-08,22:42:00,25940,25941.25,25938.25,25940.75,206,25950.90,25949.13,0.00
2025-12-08,22:43:00,25941.25,25945.25,25939.75,25945,296,25950.82,25948.96,0.00
2025-12-08,22:44:00,25945.25,25948,25945,25945,142,25950.80,25948.92,0.00
2025-12-08,22:45:00,25945.25,25946.75,25942.75,25944.5,147,25950.77,25948.86,0.00
2025-12-08,22:46:00,25945,25945.75,25940.5,25944.25,202,25950.72,25948.76,0.00
2025-12-08,22:47:00,25944.5,25947.25,25944.25,25946.5,105,25950.70,25948.73,0.00
2025-12-08,22:48:00,25946.75,25949.25,25946.25,25949,166,25950.69,25948.72,0.00
2025-12-08,22:49:00,25949,25950.25,25944.25,25945.75,151,25950.67,25948.70,0.00
2025-12-08,22:50:00,25945.75,25948.75,25945.75,25946.5,92,25950.66,25948.68,0.00
2025-12-08,22:51:00,25946.25,25946.5,25943.75,25945,62,25950.65,25948.66,0.00
2025-12-08,22:52:00,25945.5,25948.25,25945,25948,72,25950.64,25948.65,0.00
2025-12-08,22:53:00,25948,25951,25947.5,25950.25,151,25950.63,25948.67,0.00
2025-12-08,22:54:00,25950.25,25950.75,25944.75,25945,119,25950.62,25948.65,0.00
2025-12-08,22:55:00,25945.25,25946.5,25943.5,25944.5,101,25950.60,25948.61,0.00
2025-12-08,22:56:00,25945.25,25947.25,25943.5,25944,100,25950.58,25948.58,0.00
2025-12-08,22:57:00,25944.25,25944.75,25941.5,25943.5,206,25950.53,25948.49,0.00
2025-12-08,22:58:00,25943.75,25948.75,25943.25,25948.25,91,25950.52,25948.48,0.00
2025-12-08,22:59:00,25948.25,25949,25945,25947.75,102,25950.51,25948.47,0.00
2025-12-08,23:00:00,25947.5,25947.75,25945.25,25945.75,96,25950.50,25948.45,0.00
2025-12-08,23:01:00,25945,25947.25,25944.25,25945.25,182,25950.47,25948.41,0.00
2025-12-08,23:02:00,25945,25946,25943.5,25944.75,44,25950.46,25948.39,0.00
2025-12-08,23:03:00,25945.5,25945.5,25942,25942.5,74,25950.45,25948.36,0.00
2025-12-08,23:04:00,25942.25,25943.25,25937.5,25941.25,400,25950.33,25948.13,0.00
2025-12-08,23:05:00,25941.25,25945.25,25940.75,25945,169,25950.29,25948.07,0.00
2025-12-08,23:06:00,25945,25950.25,25944,25949.25,240,25950.28,25948.06,0.00
2025-12-08,23:07:00,25949.5,25951.75,25948.5,25949.5,316,25950.27,25948.11,0.00
2025-12-08,23:08:00,25951,25951,25946.5,25948.25,104,25950.27,25948.11,0.00
2025-12-08,23:09:00,25947.5,25947.5,25943.25,25945,181,25950.24,25948.07,0.00
2025-12-08,23:10:00,25944.25,25946.5,25942.5,25945.25,116,25950.22,25948.05,0.00
2025-12-08,23:11:00,25945.25,25946.5,25944.5,25945,120,25950.20,25948.02,0.00
2025-12-08,23:12:00,25944.75,25946.5,25943.75,25943.75,75,25950.19,25948.01,0.00
2025-12-08,23:13:00,25945,25946.25,25944.5,25946,84,25950.18,25947.99,0.00
2025-12-08,23:14:00,25945.75,25947,25944.25,25945,161,25950.16,25947.96,0.00
2025-12-08,23:15:00,25944.75,25948,25944.5,25947.25,90,25950.15,25947.95,0.00
2025-12-08,23:16:00,25947,25949.25,25945.25,25949.25,147,25950.14,25947.95,0.00
2025-12-08,23:17:00,25949,25951.25,25948,25950.25,154,25950.14,25947.97,0.00
2025-12-08,23:18:00,25950.5,25952,25949.5,25951,171,25950.14,25948.01,0.00
2025-12-08,23:19:00,25951.5,25953,25947.5,25950.5,222,25950.14,25948.04,0.00
2025-12-08,23:20:00,25950.25,25950.75,25949.25,25949.25,74,25950.14,25948.05,0.00
2025-12-08,23:21:00,25949.25,25951.25,25946.5,25947.25,212,25950.13,25948.05,0.00
2025-12-08,23:22:00,25947.25,25947.75,25942.75,25943.75,281,25950.09,25947.99,0.00
2025-12-08,23:23:00,25943.75,25946.25,25942.5,25944.75,110,25950.07,25947.97,0.00
2025-12-08,23:24:00,25944.75,25946,25942.75,25942.75,72,25950.06,25947.95,0.00
2025-12-08,23:25:00,25943.25,25946,25942.75,25945,77,25950.05,25947.93,0.00
2025-12-08,23:26:00,25945,25947.5,25944.5,25946.25,76,25950.04,25947.93,0.00
2025-12-08,23:27:00,25946,25947.25,25944.25,25945.5,105,25950.03,25947.91,0.00
2025-12-08,23:28:00,25946,25947.25,25943,25943.5,129,25950.01,25947.89,0.00
2025-12-08,23:29:00,25943.5,25946.75,25943,25946.75,129,25949.99,25947.87,0.00
2025-12-08,23:30:00,25946.5,25948,25945,25947.25,121,25949.98,25947.86,0.00
2025-12-08,23:31:00,25947.25,25953.5,25944,25945,767,25949.93,25947.84,0.00
2025-12-08,23:32:00,25946.25,25947.25,25942.25,25943.75,231,25949.89,25947.80,0.00
2025-12-08,23:33:00,25944.5,25949.75,25944.25,25949.5,186,25949.88,25947.80,0.00
2025-12-08,23:34:00,25949.5,25953.5,25948.75,25951.25,335,25949.89,25947.86,0.00
2025-12-08,23:35:00,25951.25,25951.5,25947.5,25949.75,198,25949.89,25947.88,0.00
2025-12-08,23:36:00,25949.25,25953,25948.5,25952.75,156,25949.90,25947.91,0.00
2025-12-08,23:37:00,25952.5,25953.75,25950.75,25951.75,217,25949.91,25947.96,0.00
2025-12-08,23:38:00,25952.5,25953.25,25949.5,25950.5,93,25949.91,25947.97,0.00
2025-12-08,23:39:00,25950,25951.75,25949.25,25950,128,25949.92,25947.99,0.00
2025-12-08,23:40:00,25950.25,25952,25949.25,25951.75,119,25949.92,25948.01,0.00
2025-12-08,23:41:00,25952,25953,25951,25952.25,144,25949.93,25948.04,0.00
2025-12-08,23:42:00,25952,25952.25,25947.5,25948,165,25949.92,25948.05,0.00
2025-12-08,23:43:00,25947.5,25950.5,25947,25950.25,297,25949.92,25948.07,0.00
2025-12-08,23:44:00,25950.5,25953.75,25947.5,25950.25,285,25949.92,25948.10,0.00
2025-12-08,23:45:00,25948.75,25951.5,25948.25,25948.5,72,25949.92,25948.11,0.00
2025-12-08,23:46:00,25948,25950,25947.25,25948.25,134,25949.92,25948.11,0.00
2025-12-08,23:47:00,25948,25949.25,25945.25,25947.5,215,25949.90,25948.10,0.00
2025-12-08,23:48:00,25946.75,25947,25942.5,25945,408,25949.85,25948.04,0.00
2025-12-08,23:49:00,25943.75,25946,25941,25942.5,318,25949.80,25947.96,0.00
2025-12-08,23:50:00,25942.25,25943.25,25941.5,25942.75,101,25949.78,25947.94,0.00
2025-12-08,23:51:00,25942.25,25942.75,25939,25940.25,208,25949.74,25947.87,0.00
2025-12-08,23:52:00,25939.25,25944.25,25938.75,25944.25,172,25949.71,25947.82,0.00
2025-12-08,23:53:00,25944,25946.25,25943.5,25946.25,133,25949.69,25947.81,0.00
2025-12-08,23:54:00,25946.5,25951.25,25946,25950.5,274,25949.69,25947.83,0.00
2025-12-08,23:55:00,25950.75,25954,25948.75,25951.5,376,25949.70,25947.89,0.00
2025-12-08,23:56:00,25952.25,25953,25949,25949.75,116,25949.71,25947.90,0.00
2025-12-08,23:57:00,25950,25952.75,25949,25952,99,25949.71,25947.91,0.00
2025-12-08,23:58:00,25952,25954.75,25951.25,25953.25,178,25949.72,25947.95,0.00
2025-12-08,23:59:00,25953.75,25955.25,25949.5,25951.25,218,25949.74,25947.99,0.00
2025-12-08,00:00:00,26044,26045.75,26041.5,26042.25,263,26040.81,26013.22,0.00
2025-12-08,00:01:00,26042.75,26044,26042.25,26042.5,117,26040.86,26013.28,0.00
2025-12-08,00:02:00,26042.75,26045.25,26042.5,26042.75,152,26040.94,26013.36,0.00
2025-12-08,00:03:00,26043,26044.75,26041.75,26044.25,109,26040.99,26013.41,0.00
2025-12-08,00:04:00,26044.25,26047,26043.75,26045,153,26041.11,26013.49,0.00
2025-12-08,00:05:00,26045,26045.75,26043.25,26044.25,96,26041.17,26013.54,0.00
2025-12-08,00:06:00,26044,26044.25,26043,26044.25,31,26041.18,26013.56,0.00
2025-12-08,00:07:00,26043.5,26044,26042,26042,102,26041.21,26013.61,0.00
2025-12-08,00:08:00,26042.25,26043.75,26040.5,26041.75,140,26041.23,26013.67,0.00
2025-12-08,00:09:00,26041.75,26044.5,26041.5,26043.75,98,26041.26,26013.72,0.00
2025-12-08,00:10:00,26042.75,26045.75,26042.5,26045.75,62,26041.30,26013.75,0.00
2025-12-08,00:11:00,26045.5,26046.25,26044.75,26045.5,94,26041.36,26013.80,0.00
2025-12-08,00:12:00,26045.5,26045.75,26043.75,26045.75,57,26041.40,26013.83,0.00
2025-12-08,00:13:00,26045.75,26049.25,26045.75,26046.75,339,26047.25,26014.02,0.00
2025-12-08,00:14:00,26047,26048.5,26046.25,26048,92,26047.32,26014.07,0.00
2025-12-08,00:15:00,26047.5,26051,26047.25,26050.25,368,26049.50,26014.28,0.00
2025-12-08,00:16:00,26050.25,26050.5,26047,26047.5,304,26048.97,26014.45,0.00
2025-12-08,00:17:00,26047.75,26049.25,26047,26049.25,89,26048.92,26014.50,0.00
2025-12-08,00:18:00,26049.5,26051.75,26049.25,26049.25,294,26050.08,26014.67,0.00
2025-12-08,00:19:00,26049.75,26051.75,26049.25,26051,118,26050.25,26014.74,0.00
2025-12-08,00:20:00,26051,26052.5,26049.5,26049.75,184,26050.58,26014.84,0.00
2025-12-08,00:21:00,26049.5,26050.75,26048.75,26049.75,141,26050.22,26014.92,0.00
2025-12-08,00:22:00,26049.5,26050.75,26048.25,26049.75,132,26050.04,26014.99,0.00
2025-12-08,00:23:00,26050.25,26050.75,26049.5,26049.5,74,26050.02,26015.04,0.00
2025-12-08,00:24:00,26049.75,26049.75,26048.75,26049.25,73,26049.93,26015.08,0.00
2025-12-08,00:25:00,26049.25,26050,26049,26049.75,55,26049.90,26015.11,0.00
2025-12-08,00:26:00,26049.5,26051.75,26049.5,26051.25,179,26050.10,26015.21,0.00
2025-12-08,00:27:00,26051.25,26051.75,26049.25,26050,121,26050.13,26015.27,0.00
2025-12-08,00:28:00,26049.75,26051.25,26049,26050.5,89,26050.14,26015.32,0.00
2025-12-08,00:29:00,26050.5,26052.25,26050.25,26050.25,107,26050.21,26015.38,0.00
2025-12-08,00:30:00,26050,26050,26049,26049.5,50,26050.18,26015.41,0.00
2025-12-08,00:31:00,26049.75,26051.75,26049.75,26051.25,111,26050.24,26015.47,0.00
2025-12-08,00:32:00,26051.5,26053.5,26050.5,26052,408,26052.00,26015.71,0.00
2025-12-08,00:33:00,26051.5,26053,26051,26052.75,103,26052.05,26015.77,0.00
2025-12-08,00:34:00,26052.5,26053.25,26051.25,26053,106,26052.13,26015.83,0.00
2025-12-08,00:35:00,26053,26054,26051.25,26051.5,175,26052.25,26015.93,0.00
2025-12-08,00:36:00,26051.5,26051.75,26047.5,26048.5,270,26050.43,26016.07,0.00
2025-12-08,00:37:00,26048.5,26050,26047,26048.5,300,26049.65,26016.22,0.00
2025-12-08,00:38:00,26048.5,26050.75,26048.5,26050.5,152,26049.70,26016.29,0.00
2025-12-08,00:39:00,26050.5,26053.75,26050.25,26053.25,173,26050.14,26016.39,0.00
2025-12-08,00:40:00,26053.25,26053.5,26051.25,26051.25,88,26050.28,26016.44,0.00
2025-12-08,00:41:00,26051.5,26053.25,26051.5,26052.75,87,26050.43,26016.49,0.00
2025-12-08,00:42:00,26053,26053.25,26051,26052,138,26050.60,26016.56,0.00
2025-12-08,00:43:00,26051.75,26052,26050,26051,102,26050.63,26016.62,0.00
2025-12-08,00:44:00,26050.5,26052.5,26050.5,26051.5,70,26050.67,26016.65,0.00
2025-12-08,00:45:00,26051.5,26051.75,26049.75,26051,121,26050.68,26016.72,0.00
2025-12-08,00:46:00,26051,26053.25,26050.5,26051.25,289,26050.82,26016.87,0.00
2025-12-08,00:47:00,26051,26051,26049.75,26050.5,155,26050.79,26016.95,0.00
2025-12-08,00:48:00,26050.75,26054,26050.75,26053.25,179,26050.94,26017.04,0.00
2025-12-08,00:49:00,26053.25,26054,26051.25,26052.5,179,26051.06,26017.14,0.00
2025-12-08,00:50:00,26052.25,26052.25,26051.25,26051.5,66,26051.07,26017.17,0.00
2025-12-08,00:51:00,26051.25,26051.25,26047.75,26049.25,250,26050.93,26017.29,0.00
2025-12-08,00:52:00,26049.5,26050.75,26048.75,26050.5,137,26050.88,26017.36,0.00
2025-12-08,00:53:00,26050.5,26054.25,26050,26054.25,274,26052.83,26017.51,0.00
2025-12-08,00:54:00,26054.25,26055.5,26052.5,26054,369,26054.00,26017.71,0.00
2025-12-08,00:55:00,26053.5,26055.75,26053.5,26055,100,26054.75,26017.76,0.00
2025-12-08,00:56:00,26055.5,26055.75,26053.5,26055,139,26054.75,26017.84,0.00
2025-12-08,00:57:00,26055.25,26056.5,26053.5,26053.75,215,26054.58,26017.95,0.00
2025-12-08,00:58:00,26054,26055.5,26053,26055.25,109,26054.58,26018.01,0.00
2025-12-08,00:59:00,26055.25,26055.75,26053.25,26053.75,122,26054.49,26018.08,0.00
2025-12-08,01:00:00,26053.75,26053.75,26051.75,26052.25,156,26054.00,26018.15,0.00
2025-12-08,01:01:00,26052.25,26052.5,26048.5,26049,334,26052.57,26018.31,0.00
2025-12-08,01:02:00,26049.5,26052.25,26048.75,26051,157,26052.30,26018.38,0.00
2025-12-08,01:03:00,26051.25,26052,26048,26048,157,26051.93,26018.45,0.00
2025-12-08,01:04:00,26048.25,26049.75,26047.75,26048.75,155,26051.57,26018.52,0.00
2025-12-08,01:05:00,26049,26049.75,26045.75,26047.25,311,26050.85,26018.65,0.00
2025-12-08,01:06:00,26047.75,26049.5,26047.5,26048.5,119,26050.70,26018.70,0.00
2025-12-08,01:07:00,26049,26049.25,26047,26048,130,26050.53,26018.76,0.00
2025-12-08,01:08:00,26048.25,26049.75,26046.5,26049,127,26050.40,26018.81,0.00
2025-12-08,01:09:00,26049.5,26050.25,26048,26049.5,100,26050.35,26018.85,0.00
2025-12-08,01:10:00,26049.5,26049.75,26045.75,26045.75,139,26050.15,26018.91,0.00
2025-12-08,01:11:00,26045.75,26048,26043.75,26046.25,374,26049.58,26019.05,0.00
2025-12-08,01:12:00,26046.75,26052.25,26046.75,26051.75,273,26049.64,26019.17,0.00
2025-12-08,01:13:00,26051.5,26052.5,26049.75,26050,203,26049.71,26019.26,0.00
2025-12-08,01:14:00,26050,26052.25,26049.25,26052,96,26049.75,26019.31,0.00
2025-12-08,01:15:00,26051.75,26052.5,26050.75,26052,82,26049.80,26019.34,0.00
2025-12-08,01:16:00,26052,26052.5,26051.5,26052,86,26049.86,26019.38,0.00
2025-12-08,01:17:00,26051.75,26052.5,26050,26052.5,76,26049.90,26019.42,0.00
2025-12-08,01:18:00,26051.75,26053.5,26051.25,26052.75,127,26049.99,26019.48,0.00
2025-12-08,01:19:00,26053,26053.75,26052,26053,139,26050.09,26019.54,0.00
2025-12-08,01:20:00,26052.75,26055.75,26052.75,26055,252,26050.37,26019.66,0.00
2025-12-08,01:21:00,26055,26056,26053.75,26054.25,135,26050.51,26019.73,0.00
2025-12-08,01:22:00,26054,26055,26052.5,26053.5,96,26050.58,26019.78,0.00
2025-12-08,01:23:00,26053.5,26053.5,26051.25,26051.75,93,26050.61,26019.82,0.00
2025-12-08,01:24:00,26051.75,26055.75,26050.75,26055.75,185,26050.75,26019.90,0.00
2025-12-08,01:25:00,26055.5,26056,26054.25,26055.25,122,26050.87,26019.96,0.00
2025-12-08,01:26:00,26055.25,26057.25,26055,26057.25,213,26056.50,26020.07,0.00
2025-12-08,01:27:00,26057.25,26057.25,26055,26055,108,26056.25,26020.12,0.00
2025-12-08,01:28:00,26055.25,26056.5,26055,26055.5,93,26056.12,26020.17,0.00
2025-12-08,01:29:00,26055.25,26056.25,26053.75,26056.25,123,26055.96,26020.23,0.00
2025-12-08,01:30:00,26056,26056.25,26053.5,26054,62,26055.81,26020.26,0.00
2025-12-08,01:31:00,26054,26056.5,26054,26055,77,26055.74,26020.29,0.00
2025-12-08,01:32:00,26055,26055.5,26053.5,26053.5,89,26055.56,26020.34,0.00
2025-12-08,01:33:00,26053.75,26054.75,26053,26054,131,26055.32,26020.40,0.00
2025-12-08,01:34:00,26054,26054.75,26052.75,26054.75,93,26055.20,26020.44,0.00
2025-12-08,01:35:00,26054.25,26057.25,26054.25,26056.75,122,26055.30,26020.50,0.00
2025-12-08,01:36:00,26056.5,26057.75,26055.75,26055.75,233,26056.42,26020.61,0.00
2025-12-08,01:37:00,26055.5,26056.75,26054.75,26056.5,88,26056.30,26020.65,0.00
2025-12-08,01:38:00,26056.25,26056.25,26053.75,26054.25,91,26055.96,26020.70,0.00
2025-12-08,01:39:00,26054.25,26055,26052.75,26054,84,26055.61,26020.73,0.00
2025-12-08,01:40:00,26054.25,26054.5,26052.75,26053.5,149,26055.14,26020.80,0.00
2025-12-08,01:41:00,26053.5,26054.25,26052,26052.5,193,26054.63,26020.88,0.00
2025-12-08,01:42:00,26052.25,26054,26051.25,26053.5,180,26054.33,26020.96,0.00
2025-12-08,01:43:00,26054,26054,26052,26053.25,73,26054.24,26020.99,0.00
2025-12-08,01:44:00,26053.25,26054.75,26052.75,26053.75,115,26054.20,26021.04,0.00
2025-12-08,01:45:00,26053.5,26055,26053.5,26054,48,26054.20,26021.06,0.00
2025-12-08,01:46:00,26054,26055.25,26053.75,26054.75,38,26054.21,26021.08,0.00
2025-12-08,01:47:00,26055,26056,26054.75,26054.75,52,26054.25,26021.10,0.00
2025-12-08,01:48:00,26055.25,26056.75,26055,26056.25,103,26054.37,26021.15,0.00
2025-12-08,01:49:00,26056,26056.5,26054.5,26054.75,58,26054.40,26021.18,0.00
2025-12-08,01:50:00,26054.75,26055,26052,26052.75,92,26054.34,26021.22,0.00
2025-12-08,01:51:00,26052.25,26053.25,26050.25,26050.75,145,26054.09,26021.27,0.00
2025-12-08,01:52:00,26051,26051.5,26050,26050.25,136,26053.84,26021.33,0.00
2025-12-08,01:53:00,26050.5,26051,26046.25,26046.25,290,26053.04,26021.43,0.00
2025-12-08,01:54:00,26046.5,26046.75,26044.25,26045.25,338,26052.01,26021.54,0.00
2025-12-08,01:55:00,26045.5,26048.75,26045,26047,226,26051.59,26021.61,0.00
2025-12-08,01:56:00,26047.25,26049.5,26047,26047.25,117,26051.44,26021.65,0.00
2025-12-08,01:57:00,26047.5,26049.5,26047.5,26048.25,105,26051.33,26021.69,0.00
2025-12-08,01:58:00,26048.75,26049.75,26048,26048.5,72,26051.27,26021.71,0.00
2025-12-08,01:59:00,26048.5,26049,26047,26047.75,61,26051.20,26021.73,0.00
2025-12-08,02:00:00,26048,26048.25,26046.5,26047.5,94,26051.09,26021.77,0.00
2025-12-08,02:01:00,26047.5,26049.75,26046.75,26048,203,26050.91,26021.83,0.00
2025-12-08,02:02:00,26048,26049.25,26046.75,26046.75,58,26050.86,26021.85,0.00
2025-12-08,02:03:00,26046.75,26047.75,26041,26042,684,26049.65,26022.05,0.00
2025-12-08,02:04:00,26042.5,26042.75,26038.5,26039.5,440,26048.75,26022.15,0.00
2025-12-08,02:05:00,26039.5,26048,26039.25,26046,442,26048.36,26022.27,0.00
2025-12-08,02:06:00,26046.25,26047.75,26044,26044.75,170,26048.27,26022.32,0.00
2025-12-08,02:07:00,26045.5,26045.5,26044,26045.5,123,26048.19,26022.36,0.00
2025-12-08,02:08:00,26045.5,26048.5,26045.5,26048.5,141,26048.18,26022.40,0.00
2025-12-08,02:09:00,26048.25,26049.75,26046.75,26049,95,26048.18,26022.43,0.00
2025-12-08,02:10:00,26049,26054.5,26048.75,26052.5,467,26048.47,26022.61,0.00
2025-12-08,02:11:00,26052.75,26054.5,26052.25,26052.5,159,26048.59,26022.67,0.00
2025-12-08,02:12:00,26052.75,26055.75,26052.75,26055,140,26048.72,26022.72,0.00
2025-12-08,02:13:00,26055,26056.5,26054,26055.5,173,26048.90,26022.79,0.00
2025-12-08,02:14:00,26055.5,26060.25,26055.25,26059,436,26058.17,26022.99,0.00
2025-12-08,02:15:00,26059,26060.25,26057.75,26060.25,211,26058.57,26023.08,0.00
2025-12-08,02:16:00,26060.25,26063.25,26059.5,26062.75,483,26061.83,26023.31,0.00
2025-12-08,02:17:00,26062.75,26064.75,26060.25,26062,456,26062.33,26023.53,0.00
2025-12-08,02:18:00,26061.75,26064,26059.75,26061,220,26062.09,26023.63,0.00
2025-12-08,02:19:00,26060.75,26061.5,26060,26060.25,149,26061.82,26023.70,0.00
2025-12-08,02:20:00,26059.75,26061.25,26058,26061,270,26061.39,26023.82,0.00
2025-12-08,02:21:00,26061.5,26062,26059.25,26060.5,215,26061.26,26023.91,0.00
2025-12-08,02:22:00,26060.75,26062.25,26059.75,26061.5,99,26061.25,26023.96,0.00
2025-12-08,02:23:00,26061.5,26061.5,26059,26061.25,116,26061.20,26024.01,0.00
2025-12-08,02:24:00,26061.5,26063,26060.5,26061.75,127,26061.24,26024.07,0.00
2025-12-08,02:25:00,26062.25,26063,26061.5,26063,132,26061.34,26024.13,0.00
2025-12-08,02:26:00,26062.5,26062.75,26058,26058.5,206,26061.17,26024.22,0.00
2025-12-08,02:27:00,26058.5,26060,26058,26059.5,159,26061.02,26024.28,0.00
2025-12-08,02:28:00,26059.5,26061.25,26059,26060.5,129,26060.98,26024.34,0.00
2025-12-08,02:29:00,26059.75,26060.75,26057.5,26060.75,131,26060.91,26024.40,0.00
2025-12-08,02:30:00,26059.75,26061.75,26059.25,26060.25,62,26060.90,26024.42,0.00
2025-12-08,02:31:00,26059.75,26060,26056.75,26058.25,184,26060.72,26024.50,0.00
2025-12-08,02:32:00,26058.5,26060.5,26057,26059.75,112,26060.65,26024.54,0.00
2025-12-08,02:33:00,26059.75,26061.75,26058,26060,77,26060.63,26024.57,0.00
2025-12-08,02:34:00,26060.5,26062,26059.25,26061.5,78,26060.64,26024.61,0.00
2025-12-08,02:35:00,26061.5,26062,26058.25,26059.25,105,26060.61,26024.65,0.00
2025-12-08,02:36:00,26059.25,26060.25,26058.75,26059.25,102,26060.57,26024.69,0.00
2025-12-08,02:37:00,26059.25,26060.25,26058.25,26058.5,92,26060.53,26024.73,0.00
2025-12-08,02:38:00,26058.5,26064.5,26058.5,26061.75,335,26060.63,26024.88,0.00
2025-12-08,02:39:00,26061,26061.75,26058.25,26058.25,122,26060.59,26024.93,0.00
2025-12-08,02:40:00,26058.25,26060.5,26058.25,26059,99,26060.55,26024.97,0.00
2025-12-08,02:41:00,26059,26059,26056,26056.75,114,26060.46,26025.01,0.00
2025-12-08,02:42:00,26056.25,26057.25,26054.25,26054.5,187,26060.22,26025.08,0.00
2025-12-08,02:43:00,26054.75,26054.75,26050.75,26054,560,26059.37,26025.26,0.00
2025-12-08,02:44:00,26054,26054.25,26052,26053,83,26059.26,26025.29,0.00
2025-12-08,02:45:00,26053,26053,26050,26051.75,173,26058.99,26025.34,0.00
2025-12-08,02:46:00,26052,26057.75,26052,26056,275,26058.79,26025.43,0.00
2025-12-08,02:47:00,26056,26056.75,26054.5,26055.25,116,26058.72,26025.48,0.00
2025-12-08,02:48:00,26055.25,26056.25,26054.25,26056.25,50,26058.69,26025.49,0.00
2025-12-08,02:49:00,26056.25,26056.25,26054.25,26054.25,137,26058.59,26025.54,0.00
2025-12-08,02:50:00,26054.75,26055,26051.5,26052.5,115,26058.48,26025.58,0.00
2025-12-08,02:51:00,26052.25,26053,26051.5,26052.5,119,26058.35,26025.61,0.00
2025-12-08,02:52:00,26052.75,26054.5,26050.5,26051.25,146,26058.19,26025.66,0.00
2025-12-08,02:53:00,26051,26051.5,26047.5,26049,383,26057.65,26025.76,0.00
2025-12-08,02:54:00,26048.75,26051.25,26048.25,26050,150,26057.46,26025.80,0.00
2025-12-08,02:55:00,26049.25,26050.5,26048.5,26049.75,110,26057.33,26025.83,0.00
2025-12-08,02:56:00,26049.5,26051,26043.5,26043.75,389,26056.70,26025.92,0.00
2025-12-08,02:57:00,26043.5,26046.5,26041.5,26046,421,26056.00,26026.01,0.00
2025-12-08,02:58:00,26046.25,26047.25,26044.25,26045.25,90,26055.88,26026.03,0.00
2025-12-08,02:59:00,26045.75,26045.75,26043.25,26043.75,116,26055.70,26026.05,0.00
2025-12-08,03:00:00,26043.75,26044.75,26043.25,26043.25,104,26055.53,26026.07,0.00
2025-12-08,03:01:00,26043,26043,26030.75,26035,1513,26052.34,26026.24,0.00
2025-12-08,03:02:00,26035.5,26039,26034,26034.75,497,26051.49,26026.30,0.00
2025-12-08,03:03:00,26034.5,26037.5,26033.25,26037.5,192,26051.19,26026.32,0.00
2025-12-08,03:04:00,26037.25,26038.75,26033.25,26035.75,251,26050.81,26026.34,0.00
2025-12-08,03:05:00,26036,26040.5,26036,26039.75,238,26050.53,26026.38,0.00
2025-12-08,03:06:00,26040,26047.5,26040,26046,535,26050.23,26026.48,0.00
2025-12-08,03:07:00,26046,26046,26040.75,26040.75,221,26050.08,26026.52,0.00
2025-12-08,03:08:00,26041,26043.75,26038.25,26042.75,270,26049.87,26026.56,0.00
2025-12-08,03:09:00,26043.25,26048.75,26043.25,26046.75,247,26049.80,26026.62,0.00
2025-12-08,03:10:00,26046.75,26047.75,26043.25,26046.75,165,26049.74,26026.65,0.00
2025-12-08,03:11:00,26047,26048.25,26044.25,26045,244,26049.66,26026.70,0.00
2025-12-08,03:12:00,26045.5,26048,26043.5,26047.5,209,26049.61,26026.75,0.00
2025-12-08,03:13:00,26047.25,26049,26045.25,26048,177,26049.57,26026.78,0.00
2025-12-08,03:14:00,26048.25,26048.75,26046.5,26047,114,26049.55,26026.81,0.00
2025-12-08,03:15:00,26047.5,26049,26046,26047.25,140,26049.53,26026.84,0.00
2025-12-08,03:16:00,26047.5,26049,26046,26048,192,26049.50,26026.88,0.00
2025-12-08,03:17:00,26048,26059.5,26047.75,26058,748,26049.81,26027.11,0.00
2025-12-08,03:18:00,26058.5,26063.25,26057.75,26058.25,581,26050.22,26027.30,0.00
2025-12-08,03:19:00,26058.25,26060,26057.25,26060,170,26050.32,26027.36,0.00
2025-12-08,03:20:00,26059.5,26064.75,26057.5,26063.25,349,26050.60,26027.49,0.00
2025-12-08,03:21:00,26063,26067.5,26061.75,26062.5,512,26063.92,26027.68,0.00
2025-12-08,03:22:00,26063,26067.75,26063,26066.5,262,26065.75,26027.78,0.00
2025-12-08,03:23:00,26066,26069,26065.5,26066.5,315,26067.00,26027.91,0.00
2025-12-08,03:24:00,26065.25,26067.25,26063.25,26066.75,200,26066.51,26027.99,0.00
2025-12-08,03:25:00,26066.75,26067.75,26063.25,26064.25,216,26066.09,26028.07,0.00
2025-12-08,03:26:00,26065,26066.25,26063.25,26065.75,158,26065.91,26028.13,0.00
2025-12-08,03:27:00,26065.75,26067,26062.25,26062.5,181,26065.57,26028.20,0.00
2025-12-08,03:28:00,26063,26066.5,26060.75,26066.25,263,26065.36,26028.29,0.00
2025-12-08,03:29:00,26066.75,26068.75,26065,26065.25,255,26065.52,26028.39,0.00
2025-12-08,03:30:00,26065,26067,26064,26065.25,146,26065.51,26028.45,0.00
2025-12-08,03:31:00,26064.75,26065.25,26057.75,26061,490,26064.59,26028.61,0.00
2025-12-08,03:32:00,26060.25,26061.25,26059.25,26060.5,86,26064.43,26028.64,0.00
2025-12-08,03:33:00,26060,26064.5,26059.5,26063.25,160,26064.30,26028.69,0.00
2025-12-08,03:34:00,26063.75,26067.5,26063.75,26066.25,162,26064.40,26028.75,0.00
2025-12-08,03:35:00,26066.5,26071.25,26066.25,26069,308,26068.83,26028.88,0.00
2025-12-08,03:36:00,26069.5,26072.25,26069.5,26071,203,26070.92,26028.96,0.00
2025-12-08,03:37:00,26071.25,26072.25,26069.5,26070.75,195,26070.88,26029.04,0.00
2025-12-08,03:38:00,26071,26074.25,26070.25,26073,408,26072.50,26029.22,0.00
2025-12-08,03:39:00,26073.5,26074,26072,26073.25,205,26072.70,26029.31,0.00
2025-12-08,03:40:00,26072.25,26073.5,26071,26071.25,197,26072.51,26029.39,0.00
2025-12-08,03:41:00,26071.25,26074.25,26070.5,26070.75,234,26072.36,26029.49,0.00
2025-12-08,03:42:00,26070.75,26071.5,26067.5,26070,196,26071.93,26029.57,0.00
2025-12-08,03:43:00,26070.5,26071.25,26069.75,26070.5,63,26071.86,26029.60,0.00
2025-12-08,03:44:00,26070.25,26072.75,26070.25,26071.25,235,26071.79,26029.69,0.00
2025-12-08,03:45:00,26071.25,26072,26069.25,26069.25,71,26071.72,26029.72,0.00
2025-12-08,03:46:00,26069.5,26070.25,26064,26064.5,327,26070.80,26029.84,0.00
2025-12-08,03:47:00,26064.5,26067.25,26063.75,26065.5,254,26070.18,26029.93,0.00
2025-12-08,03:48:00,26064.5,26065.5,26059.5,26060.25,307,26069.15,26030.02,0.00
2025-12-08,03:49:00,26060.75,26064,26057.25,26063.25,348,26068.21,26030.13,0.00
2025-12-08,03:50:00,26063.25,26064.25,26061.25,26061.25,139,26067.93,26030.17,0.00
2025-12-08,03:51:00,26061.75,26062,26055.75,26056.5,328,26066.96,26030.26,0.00
2025-12-08,03:52:00,26056.75,26058.25,26053.75,26054.75,264,26066.12,26030.33,0.00
2025-12-08,03:53:00,26054.25,26056.75,26053,26055,262,26065.35,26030.39,0.00
2025-12-08,03:54:00,26055.25,26062.5,26053.75,26060.25,442,26064.68,26030.51,0.00
2025-12-08,03:55:00,26060.75,26065.5,26060.75,26064.5,299,26064.61,26030.60,0.00
2025-12-08,03:56:00,26065,26065.5,26059.5,26061,210,26064.49,26030.67,0.00
2025-12-08,03:57:00,26061.5,26062,26057,26058.75,133,26064.35,26030.70,0.00
2025-12-08,03:58:00,26058,26060.75,26055.75,26059.75,164,26064.17,26030.75,0.00
2025-12-08,03:59:00,26059.25,26060.25,26056.75,26057.75,189,26063.96,26030.79,0.00
2025-12-08,04:00:00,26057.75,26059,26054.25,26058.25,224,26063.68,26030.85,0.00
2025-12-08,04:01:00,26058.75,26059.75,26051.5,26055,751,26062.69,26031.02,0.00
2025-12-08,04:02:00,26054.5,26057.25,26045.5,26047.75,807,26061.26,26031.17,0.00
2025-12-08,04:03:00,26047.25,26051.25,26046,26051.25,357,26060.69,26031.23,0.00
2025-12-08,04:04:00,26051,26054.25,26048.5,26050.75,281,26060.34,26031.28,0.00
2025-12-08,04:05:00,26050.75,26057.75,26048.25,26055.75,377,26060.04,26031.36,0.00
2025-12-08,04:06:00,26055.25,26057.25,26049,26051.75,267,26059.81,26031.41,0.00
2025-12-08,04:07:00,26051,26052.75,26049,26049.25,169,26059.62,26031.44,0.00
2025-12-08,04:08:00,26049,26052.25,26048.5,26050.5,210,26059.40,26031.48,0.00
2025-12-08,04:09:00,26050.25,26054.5,26049,26051,197,26059.22,26031.52,0.00
2025-12-08,04:10:00,26051,26052,26046.25,26048,280,26058.90,26031.56,0.00
2025-12-08,04:11:00,26049.25,26052.75,26048.25,26050.5,243,26058.69,26031.60,0.00
2025-12-08,04:12:00,26050.5,26051.25,26045,26047,298,26058.35,26031.65,0.00
2025-12-08,04:13:00,26046.75,26049.5,26045.25,26048.5,235,26058.10,26031.68,0.00
2025-12-08,04:14:00,26048,26048.75,26042,26044,413,26057.58,26031.73,0.00
2025-12-08,04:15:00,26044.5,26046.75,26042.5,26045,223,26057.31,26031.76,0.00
2025-12-08,04:16:00,26045.25,26048.75,26043.75,26044.5,246,26057.04,26031.79,0.00
2025-12-08,04:17:00,26045.5,26056,26045.5,26053.25,439,26056.83,26031.86,0.00
2025-12-08,04:18:00,26053.25,26057.25,26052,26053,334,26056.75,26031.93,0.00
2025-12-08,04:19:00,26052.5,26054,26048.5,26049,402,26056.54,26032.00,0.00
2025-12-08,04:20:00,26048.25,26050.5,26044.25,26044.75,428,26056.20,26032.05,0.00
2025-12-08,04:21:00,26044.5,26048.5,26040.5,26048.5,363,26055.91,26032.10,0.00
2025-12-08,04:22:00,26048,26054,26048,26051.25,295,26055.80,26032.15,0.00
2025-12-08,04:23:00,26051.5,26054.5,26047.25,26054,288,26055.71,26032.20,0.00
2025-12-08,04:24:00,26054.25,26055,26051.25,26052.75,155,26055.68,26032.23,0.00
2025-12-08,04:25:00,26053.5,26053.75,26048.25,26049.5,152,26055.63,26032.25,0.00
2025-12-08,04:26:00,26050.25,26051,26043.25,26043.5,184,26055.50,26032.27,0.00
2025-12-08,04:27:00,26043.25,26044.5,26034.5,26040,787,26054.65,26032.32,0.00
2025-12-08,04:28:00,26039.75,26046.25,26039.5,26043.25,224,26054.47,26032.34,0.00
2025-12-08,04:29:00,26042.5,26043.25,26037,26040.5,234,26054.25,26032.36,0.00
2025-12-08,04:30:00,26040.25,26042.75,26036,26037.75,277,26053.98,26032.38,0.00
2025-12-08,04:31:00,26038,26042.25,26036,26041.5,235,26053.77,26032.39,0.00
2025-12-08,04:32:00,26041,26041.5,26032.25,26034.5,352,26053.38,26032.40,0.00
2025-12-08,04:33:00,26034.25,26039.25,26029.25,26039.25,607,26052.74,26032.42,0.00
2025-12-08,04:34:00,26038.5,26042,26036,26039.5,347,26052.46,26032.44,0.00
2025-12-08,04:35:00,26039.75,26040.25,26033.75,26037.25,213,26052.27,26032.45,0.00
2025-12-08,04:36:00,26038,26041.25,26037,26039,168,26052.14,26032.46,0.00
2025-12-08,04:37:00,26038.75,26039,26034.5,26035.25,205,26051.96,26032.46,0.00
2025-12-08,04:38:00,26035.75,26039,26034.25,26037.5,143,26051.83,26032.47,0.00
2025-12-08,04:39:00,26036.75,26045.25,26036.75,26044.5,314,26051.67,26032.50,0.00
2025-12-08,04:40:00,26043.5,26046.5,26041.5,26044.5,313,26051.54,26032.53,0.00
2025-12-08,04:41:00,26044,26046,26040.5,26041.75,228,26051.43,26032.55,0.00
2025-12-08,04:42:00,26040.75,26042.25,26036,26036,240,26051.26,26032.56,0.00
2025-12-08,04:43:00,26035.75,26038.25,26032.25,26034.5,318,26050.99,26032.56,0.00
2025-12-08,04:44:00,26034.25,26036.75,26031.75,26034,322,26050.71,26032.57,0.00
2025-12-08,04:45:00,26033.5,26036.5,26033.5,26035.25,108,26050.62,26032.57,0.00
2025-12-08,04:46:00,26035.25,26036.25,26027.75,26031.75,497,26050.16,26032.57,0.00
2025-12-08,04:47:00,26031,26032.75,26029,26030.5,182,26049.98,26032.57,0.00
2025-12-08,04:48:00,26030.25,26035.25,26028,26035,266,26049.76,26032.57,0.00
2025-12-08,04:49:00,26034.5,26035.75,26031.25,26032.25,194,26049.60,26032.57,0.00
2025-12-08,04:50:00,26032.25,26032.5,26026.25,26028.5,255,26049.35,26032.56,0.00
2025-12-08,04:51:00,26028,26028.25,26021.5,26024.5,763,26048.49,26032.51,0.00
2025-12-08,04:52:00,26024.25,26027.5,26023.25,26024,259,26048.21,26032.49,0.00
2025-12-08,04:53:00,26024,26027.75,26022.25,26027.5,260,26047.95,26032.48,0.00
2025-12-08,04:54:00,26026.5,26031,26026.5,26029.25,251,26047.73,26032.47,0.00
2025-12-08,04:55:00,26028.5,26031.5,26025,26031.5,267,26047.52,26032.47,0.00
2025-12-08,04:56:00,26030.5,26034,26030.25,26033.5,319,26047.31,26032.47,0.00
2025-12-08,04:57:00,26033,26033.25,26026.25,26029.25,248,26047.12,26032.46,0.00
2025-12-08,04:58:00,26029.75,26032.25,26028.75,26028.75,135,26047.02,26032.46,0.00
2025-12-08,04:59:00,26028.5,26031.5,26027,26028.25,195,26046.87,26032.45,0.00
2025-12-08,05:00:00,26029.5,26031.25,26027,26027.5,125,26046.78,26032.45,0.00
2025-12-08,05:01:00,26027.25,26032.75,26026.75,26028.25,327,26046.54,26032.44,0.00
2025-12-08,05:02:00,26028.75,26029.75,26025.25,26029.5,289,26046.32,26032.43,0.00
2025-12-08,05:03:00,26029.5,26032.5,26028,26031,222,26046.18,26032.43,0.00
2025-12-08,05:04:00,26030.5,26033.25,26029.5,26029.5,180,26046.07,26032.42,0.00
2025-12-08,05:05:00,26029.75,26035,26028,26029.5,254,26045.91,26032.42,0.00
2025-12-08,05:06:00,26029.5,26038.75,26029.5,26037.5,425,26045.73,26032.43,0.00
2025-12-08,05:07:00,26037.25,26039.5,26032.75,26036.25,354,26045.60,26032.44,0.00
2025-12-08,05:08:00,26036,26039.75,26036,26038,285,26045.52,26032.45,0.00
2025-12-08,05:09:00,26037.25,26040.5,26036.75,26040.25,199,26045.47,26032.46,0.00
2025-12-08,05:10:00,26039.75,26041.25,26036.5,26039.25,273,26045.40,26032.48,0.00
2025-12-08,05:11:00,26038.75,26041.75,26036.25,26038.25,289,26045.33,26032.49,0.00
2025-12-08,05:12:00,26038,26039.75,26035.5,26038.75,179,26045.28,26032.50,0.00
2025-12-08,05:13:00,26038.5,26040.25,26037,26040,82,26045.27,26032.50,0.00
2025-12-08,05:14:00,26040,26044,26038.5,26042.25,277,26045.23,26032.52,0.00
2025-12-08,05:15:00,26043,26043.25,26040.25,26042.5,152,26045.21,26032.54,0.00
2025-12-08,05:16:00,26042.25,26042.25,26037.75,26039.75,181,26045.18,26032.55,0.00
2025-12-08,05:17:00,26039.5,26041.75,26034.25,26034.75,270,26045.10,26032.55,0.00
2025-12-08,05:18:00,26034.75,26037,26031,26037,370,26044.96,26032.56,0.00
2025-12-08,05:19:00,26037,26038.5,26035.5,26036.75,105,26044.93,26032.57,0.00
2025-12-08,05:20:00,26037.25,26040.25,26035,26040.25,130,26044.91,26032.57,0.00
2025-12-08,05:21:00,26040.25,26044.75,26039.75,26043.5,335,26044.88,26032.60,0.00
2025-12-08,05:22:00,26043,26044.75,26042,26042.75,186,26044.87,26032.61,0.00
2025-12-08,05:23:00,26042.25,26045.25,26038,26044.5,229,26044.85,26032.63,0.00
2025-12-08,05:24:00,26044.25,26044.25,26040.5,26043.5,126,26044.84,26032.64,0.00
2025-12-08,05:25:00,26042.75,26045.25,26041.25,26042,206,26044.83,26032.66,0.00
2025-12-08,05:26:00,26041.5,26044.5,26041.25,26044.5,120,26044.82,26032.67,0.00
2025-12-08,05:27:00,26044.75,26048.25,26044.25,26046.25,445,26044.84,26032.71,0.00
2025-12-08,05:28:00,26046,26048.75,26041.75,26047.5,415,26044.86,26032.76,0.00
2025-12-08,05:29:00,26047.25,26050.5,26044.5,26044.5,342,26044.88,26032.79,0.00
2025-12-08,05:30:00,26045.25,26049,26044.75,26047,154,26044.89,26032.81,0.00
2025-12-08,05:31:00,26047.75,26049.5,26045.5,26046.5,209,26044.90,26032.83,0.00
2025-12-08,05:32:00,26046.25,26048.75,26043.75,26045.75,165,26044.91,26032.85,0.00
2025-12-08,05:33:00,26045.75,26049.25,26045.75,26047.5,202,26044.92,26032.87,0.00
2025-12-08,05:34:00,26047.5,26051,26044.75,26046.5,220,26044.94,26032.89,0.00
2025-12-08,05:35:00,26046.5,26048.25,26044.75,26046.75,161,26044.95,26032.91,0.00
2025-12-08,05:36:00,26047.75,26049.75,26039.75,26041.5,496,26044.93,26032.95,0.00
2025-12-08,05:37:00,26041.75,26043.5,26037.5,26043.5,386,26044.89,26032.98,0.00
2025-12-08,05:38:00,26043,26044.5,26041.25,26043.25,188,26044.88,26032.99,0.00
2025-12-08,05:39:00,26042.75,26044,26040.75,26042.25,129,26044.87,26033.00,0.00
2025-12-08,05:40:00,26042.5,26046.5,26040.25,26046.25,202,26044.87,26033.02,0.00
2025-12-08,05:41:00,26046.25,26047.25,26040,26040.25,270,26044.85,26033.03,0.00
2025-12-08,05:42:00,26041.25,26043,26040.25,26041,101,26044.84,26033.04,0.00
2025-12-08,05:43:00,26041.25,26042,26037.5,26037.5,197,26044.80,26033.05,0.00
2025-12-08,05:44:00,26037.75,26037.75,26031.5,26034.75,646,26044.61,26033.06,0.00
2025-12-08,05:45:00,26034,26036.75,26034,26034.5,180,26044.57,26033.06,0.00
2025-12-08,05:46:00,26034,26034.5,26028,26028.75,342,26044.43,26033.05,0.00
2025-12-08,05:47:00,26028.25,26031,26021.75,26029.5,642,26044.12,26033.03,0.00
2025-12-08,05:48:00,26028,26033,26026.75,26029.5,232,26044.03,26033.02,0.00
2025-12-08,05:49:00,26029.25,26030,26025.25,26027,210,26043.94,26033.01,0.00
2025-12-08,05:50:00,26027.25,26029.5,26026,26026,184,26043.85,26033.01,0.00
2025-12-08,05:51:00,26026.5,26033.5,26025.25,26031,361,26043.71,26033.00,0.00
2025-12-08,05:52:00,26030.25,26032.5,26030,26031.25,186,26043.65,26032.99,0.00
2025-12-08,05:53:00,26030,26032.25,26029.5,26032.25,122,26043.61,26032.99,0.00
2025-12-08,05:54:00,26033.25,26037.25,26032,26033,306,26043.53,26033.00,0.00
2025-12-08,05:55:00,26032.25,26035.5,26031.5,26032.75,128,26043.50,26033.00,0.00
2025-12-08,05:56:00,26032.5,26032.5,26028.5,26030.75,199,26043.43,26032.99,0.00
2025-12-08,05:57:00,26030.75,26034.25,26029.25,26030.75,199,26043.37,26032.99,0.00
2025-12-08,05:58:00,26031,26032,26027.5,26030.25,156,26043.31,26032.99,0.00
2025-12-08,05:59:00,26030.25,26030.5,26025,26027.5,244,26043.21,26032.98,0.00
2025-12-08,06:00:00,26027.5,26028.5,26022.25,26027.25,367,26043.05,26032.96,0.00
2025-12-08,06:01:00,26027,26032,26026.25,26028,416,26042.90,26032.95,0.00
2025-12-08,06:02:00,26028.25,26028.25,26023.5,26024.5,217,26042.80,26032.93,0.00
2025-12-08,06:03:00,26024.25,26026.75,26022.5,26026.5,306,26042.67,26032.92,0.00
2025-12-08,06:04:00,26026.75,26028,26017.25,26019.75,719,26042.29,26032.86,0.00
2025-12-08,06:05:00,26019,26024.5,26017.75,26021.75,354,26042.11,26032.83,0.00
2025-12-08,06:06:00,26021.75,26021.75,26015.25,26018,371,26041.90,26032.79,0.00
2025-12-08,06:07:00,26018.75,26023,26017.25,26022.5,274,26041.76,26032.77,0.00
2025-12-08,06:08:00,26022.75,26025.75,26019,26020,229,26041.65,26032.75,0.00
2025-12-08,06:09:00,26019.75,26021,26016.25,26019.25,292,26041.49,26032.72,0.00
2025-12-08,06:10:00,26018.5,26023.25,26018.5,26023.25,210,26041.39,26032.71,0.00
2025-12-08,06:11:00,26023.25,26027.25,26022.5,26026.25,349,26041.26,26032.69,0.00
2025-12-08,06:12:00,26025.75,26031,26025.75,26030.75,360,26041.16,26032.68,0.00
2025-12-08,06:13:00,26030.75,26034,26029.75,26032.25,523,26041.05,26032.68,0.00
2025-12-08,06:14:00,26032.75,26033,26025,26028.5,329,26040.95,26032.67,0.00
2025-12-08,06:15:00,26028.25,26030.5,26027.25,26030,79,26040.93,26032.67,0.00
2025-12-08,06:16:00,26030,26030.75,26027,26027.25,130,26040.90,26032.66,0.00
2025-12-08,06:17:00,26026.75,26028,26023.75,26026,188,26040.83,26032.65,0.00
2025-12-08,06:18:00,26026.25,26027,26021.25,26023.25,297,26040.72,26032.64,0.00
2025-12-08,06:19:00,26023.75,26024.25,26019.75,26020.75,262,26040.61,26032.62,0.00
2025-12-08,06:20:00,26021,26026.75,26020.25,26026.75,328,26040.49,26032.60,0.00
2025-12-08,06:21:00,26025,26028.25,26023.25,26023.25,178,26040.43,26032.59,0.00
2025-12-08,06:22:00,26023.25,26024.75,26020.5,26023.5,178,26040.36,26032.58,0.00
2025-12-08,06:23:00,26024.25,26028,26024.25,26027.75,116,26040.33,26032.57,0.00
2025-12-08,06:24:00,26027.5,26030,26024.75,26027,184,26040.27,26032.56,0.00
2025-12-08,06:25:00,26027.5,26031.75,26027,26030,221,26040.22,26032.56,0.00
2025-12-08,06:26:00,26029.5,26031.75,26027.5,26030.5,179,26040.18,26032.56,0.00
2025-12-08,06:27:00,26030.25,26032.75,26029.5,26032.75,244,26040.14,26032.56,0.00
2025-12-08,06:28:00,26032.75,26036,26031.25,26033,336,26040.09,26032.56,0.00
2025-12-08,06:29:00,26033.25,26034.5,26031.5,26034.5,124,26040.07,26032.56,0.00
2025-12-08,06:30:00,26034.75,26043.75,26034.75,26042.5,560,26040.07,26032.59,0.00
2025-12-08,06:31:00,26042.25,26043.75,26039.5,26040.5,356,26040.08,26032.61,0.00
2025-12-08,06:32:00,26040.25,26041.5,26037.75,26041.5,230,26040.08,26032.62,0.00
2025-12-08,06:33:00,26042.25,26044.75,26040.5,26043.25,376,26040.10,26032.65,0.00
2025-12-08,06:34:00,26043.25,26048,26043,26047.25,444,26040.16,26032.69,0.00
2025-12-08,06:35:00,26047.5,26050.75,26046.75,26049,407,26040.23,26032.73,0.00
2025-12-08,06:36:00,26049.25,26052,26044.25,26046.5,435,26040.30,26032.77,0.00
2025-12-08,06:37:00,26046.75,26048,26043.25,26046,231,26040.32,26032.79,0.00
2025-12-08,06:38:00,26045.75,26046.75,26044.5,26046.75,153,26040.34,26032.81,0.00
2025-12-08,06:39:00,26046.25,26048.75,26045.5,26046.5,143,26040.36,26032.82,0.00
2025-12-08,06:40:00,26047,26048.25,26045.5,26045.5,70,26040.36,26032.83,0.00
2025-12-08,06:41:00,26045.5,26046,26043.75,26044.75,112,26040.37,26032.84,0.00
2025-12-08,06:42:00,26045,26047.25,26044.5,26046.25,99,26040.39,26032.84,0.00
2025-12-08,06:43:00,26045.75,26046.5,26042.75,26043.75,194,26040.40,26032.86,0.00
2025-12-08,06:44:00,26043.5,26045,26040.25,26043.75,295,26040.42,26032.88,0.00
2025-12-08,06:45:00,26043.75,26046.5,26043.75,26045.5,179,26040.43,26032.89,0.00
2025-12-08,06:46:00,26045.5,26046.75,26044.5,26046.25,137,26040.45,26032.91,0.00
2025-12-08,06:47:00,26046.25,26047,26041,26042.75,298,26040.47,26032.93,0.00
2025-12-08,06:48:00,26042.5,26048.75,26042.5,26048.5,309,26040.50,26032.95,0.00
2025-12-08,06:49:00,26048.5,26049.25,26046.25,26047.75,160,26040.52,26032.97,0.00
2025-12-08,06:50:00,26047.5,26049,26046.25,26047.25,72,26040.53,26032.98,0.00
2025-12-08,06:51:00,26047.5,26051.25,26047.25,26048.75,178,26040.56,26033.00,0.00
2025-12-08,06:52:00,26048.25,26048.25,26043.75,26048,206,26040.59,26033.01,0.00
2025-12-08,06:53:00,26048,26049.75,26047,26049.75,121,26040.61,26033.03,0.00
2025-12-08,06:54:00,26049.25,26053.25,26047.75,26048.5,468,26040.69,26033.08,0.00
2025-12-08,06:55:00,26048.25,26050.5,26047.5,26048.75,164,26040.71,26033.10,0.00
2025-12-08,06:56:00,26048.75,26050.75,26048.25,26048.75,209,26040.75,26033.12,0.00
2025-12-08,06:57:00,26049,26049.75,26045,26047.75,358,26040.79,26033.15,0.00
2025-12-08,06:58:00,26047.75,26049.25,26045,26047.5,194,26040.81,26033.17,0.00
2025-12-08,06:59:00,26047.75,26049.75,26044,26046,226,26040.84,26033.19,0.00
2025-12-08,07:00:00,26046.25,26048,26046.25,26046.75,210,26040.86,26033.21,0.00
2025-12-08,07:01:00,26046.75,26047.25,26041.25,26044.25,577,26040.90,26033.25,0.00
2025-12-08,07:02:00,26044.25,26045,26036.5,26039,571,26040.89,26033.27,0.00
2025-12-08,07:03:00,26039.25,26041,26036.25,26039,236,26040.88,26033.28,0.00
2025-12-08,07:04:00,26039,26041.5,26038,26040.25,244,26040.88,26033.29,0.00
2025-12-08,07:05:00,26040.75,26043.25,26038,26039,231,26040.87,26033.30,0.00
2025-12-08,07:06:00,26039.25,26039.25,26032.25,26033.75,447,26040.83,26033.31,0.00
2025-12-08,07:07:00,26034.25,26042,26033.5,26041,328,26040.82,26033.32,0.00
2025-12-08,07:08:00,26041.25,26044.25,26040.5,26042,322,26040.83,26033.34,0.00
2025-12-08,07:09:00,26042.25,26044.25,26040.5,26041.25,245,26040.83,26033.35,0.00
2025-12-08,07:10:00,26040.75,26046.25,26040.75,26044.25,285,26040.84,26033.37,0.00
2025-12-08,07:11:00,26044.25,26045,26038.25,26039.75,341,26040.85,26033.39,0.00
2025-12-08,07:12:00,26039.5,26041.75,26036.5,26037,226,26040.84,26033.39,0.00
2025-12-08,07:13:00,26037.25,26042,26037.25,26040.75,212,26040.83,26033.40,0.00
2025-12-08,07:14:00,26041,26042.25,26037.75,26041.75,365,26040.83,26033.42,0.00
2025-12-08,07:15:00,26042,26050.5,26041.25,26047.25,770,26040.90,26033.48,0.00
2025-12-08,07:16:00,26046.75,26050.75,26043,26045.5,444,26040.94,26033.52,0.00
2025-12-08,07:17:00,26045.25,26050.25,26042.5,26047.75,265,26040.97,26033.54,0.00
2025-12-08,07:18:00,26047.25,26048.25,26044.25,26047,131,26040.98,26033.55,0.00
2025-12-08,07:19:00,26046.25,26048.5,26046,26046.75,112,26040.99,26033.56,0.00
2025-12-08,07:20:00,26047,26048.25,26040,26044,311,26041.01,26033.58,0.00
2025-12-08,07:21:00,26043.75,26044.5,26039.5,26042.5,441,26041.02,26033.60,0.00
2025-12-08,07:22:00,26042.75,26045,26038.75,26040.25,222,26041.02,26033.61,0.00
2025-12-08,07:23:00,26040,26040.5,26034.25,26035.75,328,26041.00,26033.62,0.00
2025-12-08,07:24:00,26035.25,26036.25,26031.25,26034.25,473,26040.94,26033.62,0.00
2025-12-08,07:25:00,26034.25,26035.25,26029.75,26030,252,26040.90,26033.62,0.00
2025-12-08,07:26:00,26029.75,26035.25,26026.25,26033.75,516,26040.83,26033.61,0.00
2025-12-08,07:27:00,26033,26033,26027.75,26030,223,26040.79,26033.61,0.00
2025-12-08,07:28:00,26030.25,26031,26027.25,26029.25,196,26040.76,26033.60,0.00
2025-12-08,07:29:00,26028.75,26030.75,26026,26028,194,26040.72,26033.60,0.00
2025-12-08,07:30:00,26028.25,26028.25,26024.25,26027.25,337,26040.64,26033.58,0.00
2025-12-08,07:31:00,26027.25,26030.75,26026.5,26027.25,305,26040.59,26033.57,0.00
2025-12-08,07:32:00,26027,26028.5,26025,26028,240,26040.54,26033.56,0.00
2025-12-08,07:33:00,26027.75,26029.75,26025.25,26027.75,249,26040.49,26033.55,0.00
2025-12-08,07:34:00,26027.5,26029.75,26025.75,26027.75,168,26040.45,26033.55,0.00
2025-12-08,07:35:00,26027.5,26030,26024,26027,243,26040.40,26033.54,0.00
2025-12-08,07:36:00,26026.5,26030.5,26024.75,26030.25,202,26040.37,26033.53,0.00
2025-12-08,07:37:00,26029.5,26030.5,26028.25,26030.25,144,26040.34,26033.53,0.00
2025-12-08,07:38:00,26029.75,26033.25,26028.75,26031.25,234,26040.31,26033.52,0.00
2025-12-08,07:39:00,26031.75,26034,26029.25,26030,283,26040.27,26033.52,0.00
2025-12-08,07:40:00,26030.25,26032.75,26029.75,26032.75,178,26040.25,26033.52,0.00
2025-12-08,07:41:00,26032.75,26033.75,26030,26032.25,198,26040.22,26033.52,0.00
2025-12-08,07:42:00,26032.25,26035.25,26031.5,26033.75,290,26040.19,26033.52,0.00
2025-12-08,07:43:00,26034,26035.25,26032.25,26034.25,152,26040.18,26033.52,0.00
2025-12-08,07:44:00,26033.75,26033.75,26029.75,26031.5,316,26040.14,26033.51,0.00
2025-12-08,07:45:00,26032.25,26036.75,26031.25,26035.75,159,26040.13,26033.51,0.00
2025-12-08,07:46:00,26035.5,26036.5,26031,26032.25,229,26040.10,26033.51,0.00
2025-12-08,07:47:00,26031.75,26032.75,26029.5,26030.5,233,26040.07,26033.51,0.00
2025-12-08,07:48:00,26030.5,26034.75,26029.5,26033,243,26040.05,26033.51,0.00
2025-12-08,07:49:00,26033,26035.25,26029.5,26031.5,331,26040.01,26033.51,0.00
2025-12-08,07:50:00,26031.25,26032.75,26030.5,26032.75,119,26039.99,26033.50,0.00
2025-12-08,07:51:00,26032.5,26032.5,26030.25,26031.25,223,26039.97,26033.50,0.00
2025-12-08,07:52:00,26030.75,26036.5,26030.5,26036.5,226,26039.95,26033.50,0.00
2025-12-08,07:53:00,26036.75,26038.5,26033.5,26033.5,407,26039.92,26033.51,0.00
2025-12-08,07:54:00,26033.75,26034.5,26030.75,26031,258,26039.89,26033.50,0.00
2025-12-08,07:55:00,26031,26035,26029.75,26032.75,284,26039.86,26033.50,0.00
2025-12-08,07:56:00,26032.75,26034.5,26028.25,26030.25,441,26039.81,26033.50,0.00
2025-12-08,07:57:00,26031.25,26031.75,26028.25,26029.75,236,26039.77,26033.49,0.00
2025-12-08,07:58:00,26029.25,26030.25,26026.75,26029.25,244,26039.73,26033.49,0.00
2025-12-08,07:59:00,26029,26031.5,26028,26028,138,26039.71,26033.48,0.00
2025-12-08,08:00:00,26027.25,26030.25,26027,26028,158,26039.69,26033.48,0.00
2025-12-08,08:01:00,26028.25,26030.5,26019.75,26024,1049,26039.47,26033.42,0.00
2025-12-08,08:02:00,26023.25,26024.75,26018,26024.5,773,26039.29,26033.37,0.00
2025-12-08,08:03:00,26024.5,26034,26024,26032.75,501,26039.23,26033.37,0.00
2025-12-08,08:04:00,26033.5,26039.75,26032.75,26039,532,26039.22,26033.38,0.00
2025-12-08,08:05:00,26038.5,26040.75,26035.75,26038.25,634,26039.21,26033.39,0.00
2025-12-08,08:06:00,26038,26039.25,26033,26034.5,242,26039.20,26033.40,0.00
2025-12-08,08:07:00,26034.5,26038.5,26033.75,26037.75,266,26039.19,26033.40,0.00
2025-12-08,08:08:00,26037,26038.5,26031.75,26034,176,26039.18,26033.40,0.00
2025-12-08,08:09:00,26033.75,26038.5,26033.5,26037,143,26039.17,26033.41,0.00
2025-12-08,08:10:00,26038,26040,26036,26038.25,202,26039.17,26033.41,0.00
2025-12-08,08:11:00,26036.5,26037.5,26033.25,26035.25,177,26039.16,26033.41,0.00
2025-12-08,08:12:00,26035.75,26037,26032,26032.75,231,26039.14,26033.41,0.00
2025-12-08,08:13:00,26033,26035,26031.75,26034.5,202,26039.13,26033.42,0.00
2025-12-08,08:14:00,26034.5,26035.5,26033,26034,93,26039.12,26033.42,0.00
2025-12-08,08:15:00,26033.75,26035.75,26033.25,26035.5,213,26039.11,26033.42,0.00
2025-12-08,08:16:00,26035.25,26038.25,26033.5,26038,271,26039.10,26033.42,0.00
2025-12-08,08:17:00,26037.75,26041.25,26037.25,26040.5,352,26039.11,26033.43,0.00
2025-12-08,08:18:00,26041,26042.5,26037.5,26037.75,371,26039.11,26033.45,0.00
2025-12-08,08:19:00,26037.75,26041.75,26036.75,26040.75,226,26039.11,26033.45,0.00
2025-12-08,08:20:00,26040.75,26040.75,26036.75,26037.25,146,26039.11,26033.46,0.00
2025-12-08,08:21:00,26037.5,26041,26035,26035,464,26039.09,26033.47,0.00
2025-12-08,08:22:00,26035.5,26038.5,26035,26037,160,26039.09,26033.47,0.00
2025-12-08,08:23:00,26037,26040.25,26036.25,26040.25,163,26039.09,26033.48,0.00
2025-12-08,08:24:00,26040.5,26043.5,26040.25,26042.75,381,26039.10,26033.49,0.00
2025-12-08,08:25:00,26042.75,26043,26040.5,26042.75,406,26039.12,26033.51,0.00
2025-12-08,08:26:00,26042.5,26045.25,26039.5,26043,731,26039.15,26033.55,0.00
2025-12-08,08:27:00,26042.5,26042.5,26036.25,26039.75,463,26039.15,26033.57,0.00
2025-12-08,08:28:00,26039.75,26042.5,26038.75,26039.75,216,26039.16,26033.57,0.00
2025-12-08,08:29:00,26039.75,26041,26037,26040.5,334,26039.16,26033.58,0.00
2025-12-08,08:30:00,26040.5,26041.75,26038.5,26038.75,108,26039.16,26033.59,0.00
2025-12-08,08:31:00,26038.75,26039.5,26036.5,26039,373,26039.15,26033.60,0.00
2025-12-08,08:32:00,26039,26040.25,26036.5,26037,239,26039.15,26033.60,0.00
2025-12-08,08:33:00,26037.25,26039.75,26036.25,26038.25,207,26039.15,26033.61,0.00
2025-12-08,08:34:00,26038.5,26041.25,26038.25,26041,200,26039.15,26033.62,0.00
2025-12-08,08:35:00,26041,26045.5,26040,26043,401,26039.17,26033.64,0.00
2025-12-08,08:36:00,26043.25,26046,26041.75,26042.5,216,26039.18,26033.65,0.00
2025-12-08,08:37:00,26042.5,26043.25,26038,26042.25,310,26039.19,26033.66,0.00
2025-12-08,08:38:00,26042.25,26044,26040.25,26044,221,26039.20,26033.67,0.00
2025-12-08,08:39:00,26044,26045.75,26042.5,26045.5,174,26039.21,26033.68,0.00
2025-12-08,08:40:00,26045.75,26046.5,26044,26045,191,26039.22,26033.69,0.00
2025-12-08,08:41:00,26045,26045.5,26041.75,26043,325,26039.24,26033.71,0.00
2025-12-08,08:42:00,26043.25,26046.5,26042.25,26045.5,196,26039.25,26033.72,0.00
2025-12-08,08:43:00,26046,26055.25,26045.5,26054.25,958,26039.39,26033.81,0.00
2025-12-08,08:44:00,26054.25,26055,26050.75,26053.75,605,26039.48,26033.88,0.00
2025-12-08,08:45:00,26054,26054.5,26051.25,26053.75,286,26039.53,26033.91,0.00
2025-12-08,08:46:00,26053.75,26057.25,26051.25,26055.5,467,26039.61,26033.96,0.00
2025-12-08,08:47:00,26055.5,26056.5,26054.5,26056.25,178,26039.64,26033.98,0.00
2025-12-08,08:48:00,26056.25,26059.5,26054.5,26058.75,550,26039.76,26034.05,0.00
2025-12-08,08:49:00,26058.75,26062,26058,26061.75,450,26039.86,26034.11,0.00
2025-12-08,08:50:00,26061.75,26064.25,26060.75,26063.75,420,26039.97,26034.18,0.00
2025-12-08,08:51:00,26064.25,26064.75,26060.75,26061.25,531,26040.11,26034.26,0.00
2025-12-08,08:52:00,26060.75,26062.5,26056.25,26057,419,26040.19,26034.31,0.00
2025-12-08,08:53:00,26057.5,26060,26055.75,26058.75,461,26040.28,26034.37,0.00
2025-12-08,08:54:00,26058.5,26060.75,26056.75,26057.75,251,26040.33,26034.40,0.00
2025-12-08,08:55:00,26057,26059.25,26055.25,26057.75,244,26040.38,26034.43,0.00
2025-12-08,08:56:00,26057.5,26059.5,26056.25,26057.75,274,26040.43,26034.46,0.00
2025-12-08,08:57:00,26057.75,26058.25,26054.25,26056.5,279,26040.48,26034.49,0.00
2025-12-08,08:58:00,26056.25,26057,26052.25,26054,489,26040.56,26034.55,0.00
2025-12-08,08:59:00,26054,26055.25,26050,26054,456,26040.62,26034.59,0.00
2025-12-08,09:00:00,26054.25,26058,26053.5,26056.75,402,26040.69,26034.63,0.00
2025-12-08,09:01:00,26056.5,26060.25,26052.75,26052.75,888,26040.82,26034.73,0.00
2025-12-08,09:02:00,26053,26060,26052,26057,454,26040.90,26034.78,0.00
2025-12-08,09:03:00,26057,26058,26054,26055.5,250,26040.94,26034.81,0.00
2025-12-08,09:04:00,26055.5,26060,26054,26059,225,26040.98,26034.83,0.00
2025-12-08,09:05:00,26059,26060.5,26056.5,26060.25,202,26041.02,26034.86,0.00
2025-12-08,09:06:00,26060,26062.5,26058.75,26058.75,322,26041.08,26034.90,0.00
2025-12-08,09:07:00,26059,26062,26058.25,26061.25,221,26041.13,26034.93,0.00
2025-12-08,09:08:00,26060.5,26061.25,26057.25,26059.5,193,26041.17,26034.95,0.00
2025-12-08,09:09:00,26059.25,26061.25,26057.5,26060,221,26041.21,26034.98,0.00
2025-12-08,09:10:00,26059.75,26062.5,26058.5,26061.75,258,26041.26,26035.02,0.00
2025-12-08,09:11:00,26061.75,26063.25,26057.5,26057.5,342,26041.33,26035.06,0.00
2025-12-08,09:12:00,26057.25,26060.5,26056.75,26059.75,159,26041.35,26035.08,0.00
2025-12-08,09:13:00,26059.5,26062.25,26058.5,26061.75,209,26041.40,26035.10,0.00
2025-12-08,09:14:00,26062,26068.25,26061.75,26067.5,663,26041.56,26035.21,0.00
2025-12-08,09:15:00,26067.75,26068,26064.5,26066,368,26041.66,26035.27,0.00
2025-12-08,09:16:00,26066.25,26067.75,26063.25,26066.75,349,26041.74,26035.32,0.00
2025-12-08,09:17:00,26067,26070.75,26065,26066.25,481,26041.87,26035.40,0.00
2025-12-08,09:18:00,26066.25,26067.75,26065,26067.25,376,26041.96,26035.46,0.00
2025-12-08,09:19:00,26066.5,26071.5,26066.5,26069.25,503,26042.10,26035.54,0.00
2025-12-08,09:20:00,26069.5,26071.75,26069,26069.75,267,26042.18,26035.59,0.00
2025-12-08,09:21:00,26069.75,26084,26068.5,26082,2284,26078.17,26036.07,0.00
2025-12-08,09:22:00,26082.25,26086.25,26080.5,26081,1678,26082.58,26036.45,0.00
2025-12-08,09:23:00,26081,26081.25,26063.75,26065,1830,26076.02,26036.75,0.00
2025-12-08,09:24:00,26065,26069.5,26063.75,26067.75,991,26074.03,26036.90,0.00
2025-12-08,09:25:00,26067.75,26068.5,26051.25,26057.75,1726,26069.91,26037.08,0.00
2025-12-08,09:26:00,26057.75,26064.25,26055.75,26058.25,962,26068.51,26037.19,0.00
2025-12-08,09:27:00,26058.25,26063,26055.75,26059.75,508,26067.91,26037.24,0.00
2025-12-08,09:28:00,26059.5,26060.25,26053.75,26056.5,501,26067.23,26037.29,0.00
2025-12-08,09:29:00,26056.5,26057.5,26053,26057.5,380,26066.74,26037.32,0.00
2025-12-08,09:30:00,26057.75,26062.25,26057,26061.75,442,26066.42,26037.37,0.00
2025-12-08,09:31:00,26062,26064,26047.75,26048.5,1443,26064.63,26037.48,0.00
2025-12-08,09:32:00,26048,26049.75,26039.75,26042.5,1525,26062.00,26037.53,0.00
2025-12-08,09:33:00,26043,26045.5,26038,26044,1249,26060.16,26037.56,0.00
2025-12-08,09:34:00,26044,26047.25,26043.25,26044.75,637,26059.47,26037.58,0.00
2025-12-08,09:35:00,26044.5,26046,26042.25,26043.5,401,26059.03,26037.59,0.00
2025-12-08,09:36:00,26044,26047.5,26040.25,26044.75,606,26058.43,26037.61,0.00
2025-12-08,09:37:00,26045.75,26049,26045.25,26047.25,394,26058.14,26037.63,0.00
2025-12-08,09:38:00,26047.5,26049.75,26044.75,26048.25,411,26057.86,26037.64,0.00
2025-12-08,09:39:00,26048.5,26049,26040.5,26045,624,26057.36,26037.66,0.00
2025-12-08,09:40:00,26045.25,26048.25,26043.25,26046.5,363,26057.12,26037.68,0.00
2025-12-08,09:41:00,26046.25,26047.5,26041.5,26046.75,518,26056.76,26037.70,0.00
2025-12-08,09:42:00,26047.25,26049.25,26046.25,26046.25,284,26056.60,26037.71,0.00
2025-12-08,09:43:00,26046.25,26052.25,26046,26052,494,26056.42,26037.74,0.00
2025-12-08,09:44:00,26052,26055.5,26050,26055.5,779,26056.31,26037.79,0.00
2025-12-08,09:45:00,26055.25,26059,26054.25,26058.75,769,26056.35,26037.86,0.00
2025-12-08,09:46:00,26058.5,26062,26057.25,26059.75,666,26056.46,26037.93,0.00
2025-12-08,09:47:00,26059.75,26061.5,26054.5,26060.75,610,26056.53,26037.98,0.00
2025-12-08,09:48:00,26060.5,26062.5,26058,26059.25,518,26056.61,26038.03,0.00
2025-12-08,09:49:00,26059,26060,26055.5,26057,412,26056.63,26038.07,0.00
2025-12-08,09:50:00,26057,26059.5,26056.25,26058.25,269,26056.65,26038.09,0.00
2025-12-08,09:51:00,26058,26059.75,26051,26057.75,804,26056.63,26038.16,0.00
2025-12-08,09:52:00,26058.25,26059.5,26053.75,26055.25,381,26056.62,26038.19,0.00
2025-12-08,09:53:00,26055.5,26059,26052.75,26056.25,427,26056.61,26038.22,0.00
2025-12-08,09:54:00,26056.75,26061.25,26051,26059.5,654,26056.63,26038.28,0.00
2025-12-08,09:55:00,26059.5,26063.75,26059.25,26062.5,611,26056.76,26038.34,0.00
2025-12-08,09:56:00,26063,26067.75,26062,26067,787,26057.03,26038.44,0.00
2025-12-08,09:57:00,26067.25,26067.75,26059.25,26061.25,639,26057.17,26038.51,0.00
2025-12-08,09:58:00,26061,26063,26059.5,26062.25,263,26057.21,26038.53,0.00
2025-12-08,09:59:00,26062.75,26064.25,26057.5,26057.75,652,26057.27,26038.59,0.00
2025-12-08,10:00:00,26057.75,26063.75,26056.25,26063,517,26057.34,26038.64,0.00
2025-12-08,10:01:00,26063.25,26067,26059.75,26062.75,822,26057.51,26038.73,0.00
2025-12-08,10:02:00,26062.5,26067.5,26061.75,26067,571,26057.67,26038.80,0.00
2025-12-08,10:03:00,26067,26067.75,26064,26064,424,26057.77,26038.85,0.00
2025-12-08,10:04:00,26064.5,26074.75,26063.5,26073,1179,26058.26,26039.01,0.00
2025-12-08,10:05:00,26072.75,26077.25,26071.75,26076.25,835,26058.70,26039.13,0.00
2025-12-08,10:06:00,26075.75,26077,26069.75,26073.25,805,26059.07,26039.25,0.00
2025-12-08,10:07:00,26073.75,26076.25,26069.75,26074.5,469,26059.27,26039.32,0.00
2025-12-08,10:08:00,26074.5,26075.75,26070.25,26072,360,26059.42,26039.37,0.00
2025-12-08,10:09:00,26072,26074.75,26070.25,26070.25,309,26059.53,26039.41,0.00
2025-12-08,10:10:00,26070.25,26072.5,26070.25,26071.5,318,26059.65,26039.46,0.00
2025-12-08,10:11:00,26071.25,26072.25,26067.75,26069.75,533,26059.80,26039.53,0.00
2025-12-08,10:12:00,26070,26072,26068,26068.75,292,26059.89,26039.56,0.00
2025-12-08,10:13:00,26069.5,26071.25,26066,26071.25,427,26060.00,26039.62,0.00
2025-12-08,10:14:00,26070.75,26074.25,26069,26071.75,442,26060.15,26039.68,0.00
2025-12-08,10:15:00,26071.25,26073.25,26070.75,26071.75,227,26060.22,26039.71,0.00
2025-12-08,10:16:00,26072,26072.75,26057.5,26061.75,1581,26060.38,26039.87,0.00
2025-12-08,10:17:00,26061.25,26067.5,26059.75,26062.75,827,26060.45,26039.95,0.00
2025-12-08,10:18:00,26062.25,26063.25,26057.5,26058.25,606,26060.44,26040.00,0.00
2025-12-08,10:19:00,26057.5,26070,26056.75,26069.5,856,26060.54,26040.09,0.00
2025-12-08,10:20:00,26069.5,26071.25,26065,26067,519,26060.64,26040.15,0.00
2025-12-08,10:21:00,26066.75,26072,26066.25,26068.5,566,26060.75,26040.22,0.00
2025-12-08,10:22:00,26068.5,26071.25,26062,26064.5,660,26060.83,26040.29,0.00
2025-12-08,10:23:00,26064.5,26064.75,26058.75,26061.75,630,26060.85,26040.34,0.00
2025-12-08,10:24:00,26061.75,26067.25,26061.5,26063.75,397,26060.88,26040.38,0.00
2025-12-08,10:25:00,26064,26065.25,26054.25,26057,972,26060.83,26040.45,0.00
2025-12-08,10:26:00,26057.5,26057.5,26046.5,26050.25,1826,26060.45,26040.54,0.00
2025-12-08,10:27:00,26050.25,26051.75,26044.25,26047.5,1027,26060.17,26040.57,0.00
2025-12-08,10:28:00,26047.5,26048.5,26035.25,26040.5,2200,26059.32,26040.57,0.00
2025-12-08,10:29:00,26040,26052.5,26035.5,26049,2140,26058.74,26040.62,0.00
2025-12-08,10:30:00,26049,26050,26044.5,26044.5,1213,26058.45,26040.64,0.00
2025-12-08,10:31:00,26044.75,26085.25,26031.5,26077.25,12703,26059.68,26041.79,0.00
2025-12-08,10:32:00,26077.5,26105.25,26073,26090.25,10879,26089.50,26043.67,0.00
2025-12-08,10:33:00,26090.75,26104.75,26073.75,26095.75,6392,26090.21,26044.74,0.00
2025-12-08,10:34:00,26094.75,26114,26080,26086,7982,26093.33,26046.07,0.00
2025-12-08,10:35:00,26086.75,26087,26069.5,26084.25,6012,26087.71,26046.77,0.00
2025-12-08,10:36:00,26084.5,26085.25,26066.5,26083.5,4182,26085.57,26047.20,0.00
2025-12-08,10:37:00,26084,26088,26063.75,26068.25,4504,26083.14,26047.59,0.00
2025-12-08,10:38:00,26069.5,26075.75,26061.5,26065.25,3693,26080.95,26047.83,0.00
2025-12-08,10:39:00,26066.25,26077.5,26060.25,26077.5,3600,26079.85,26048.10,0.00
2025-12-08,10:40:00,26077.5,26081.5,26056,26057,4581,26077.86,26048.34,0.00
2025-12-08,10:41:00,26057.75,26065,26040.75,26063.25,7618,26073.97,26048.53,0.00
2025-12-08,10:42:00,26063.75,26066.75,26044.75,26045.75,3627,26072.26,26048.57,0.00
2025-12-08,10:43:00,26045.75,26048,26021.25,26037.25,8812,26066.33,26048.23,0.00
2025-12-08,10:44:00,26037,26080.25,26024.25,26060.25,10782,26064.45,26048.44,0.00
2025-12-08,10:45:00,26060.5,26066.25,26051.75,26058.75,4122,26064.12,26048.56,0.00
2025-12-08,10:46:00,26058.25,26060.75,26045.5,26053,3697,26063.56,26048.61,0.00
2025-12-08,10:47:00,26052.5,26057.25,26041.25,26051.5,3630,26062.92,26048.62,0.00
2025-12-08,10:48:00,26052.5,26056.5,26032.5,26035.25,3877,26061.89,26048.54,0.00
2025-12-08,10:49:00,26035.25,26039.25,25991.5,25995.5,13547,26054.25,26047.12,0.00
2025-12-08,10:50:00,25995.25,26020.75,25975.25,26011.5,12443,26048.22,26045.69,0.00
2025-12-08,10:51:00,26011.5,26034.5,26007.5,26021.5,7796,26046.38,26045.21,0.00
2025-12-08,10:52:00,26021.25,26026.25,26004,26012,5539,26044.89,26044.79,0.00
2025-12-08,10:53:00,26012,26019.25,25998.25,26015.5,4956,26043.54,26044.38,0.00
2025-12-08,10:54:00,26015.5,26025,26010.25,26016.25,3816,26042.76,26044.12,0.00
2025-12-08,10:55:00,26016.75,26026.75,26009.5,26023.25,2708,26042.29,26043.96,0.00
2025-12-08,10:56:00,26023.25,26027.5,26005.75,26011.5,3510,26041.58,26043.72,0.00
2025-12-08,10:57:00,26011.75,26016.25,26001.5,26006,3089,26040.82,26043.46,0.00
2025-12-08,10:58:00,26005.75,26013,25998.25,26003.25,2741,26040.12,26043.21,0.00
2025-12-08,10:59:00,26002.75,26009,25987.75,25989.5,4817,26038.65,26042.67,0.00
2025-12-08,11:00:00,25989.75,26000.75,25987.25,25997.75,3041,26037.76,26042.34,0.00
2025-12-08,11:01:00,25997.25,26006.25,25992.5,26001.75,4184,26036.73,26041.93,0.00
2025-12-08,11:02:00,26001.75,26009.75,25990,26006.5,3718,26035.91,26041.60,0.00
2025-12-08,11:03:00,26007,26030.75,26002.5,26017.75,6542,26035.15,26041.24,0.00
2025-12-08,11:04:00,26017.75,26024.75,26013.25,26020.5,2840,26034.88,26041.10,0.00
2025-12-08,11:05:00,26019.75,26027,26018.75,26020.75,2112,26034.72,26041.01,0.00
2025-12-08,11:06:00,26021,26021,26000.25,26002.25,5231,26033.91,26040.63,0.00
2025-12-08,11:07:00,26002.25,26015.75,26002.25,26011,2157,26033.61,26040.48,0.00
2025-12-08,11:08:00,26010.75,26021,26007.75,26014.75,2039,26033.39,26040.37,0.00
2025-12-08,11:09:00,26014.75,26031.75,26012.75,26019.5,3791,26033.14,26040.21,0.00
2025-12-08,11:10:00,26019.75,26019.75,25999.25,26009,4039,26032.62,26039.95,0.00
2025-12-08,11:11:00,26008.5,26008.5,25995,26002,3502,26032.05,26039.67,0.00
2025-12-08,11:12:00,26002,26007,25989.25,25996.75,3971,26031.34,26039.32,0.00
2025-12-08,11:13:00,25996.75,26007.5,25991.75,26000.25,2586,26030.93,26039.10,0.00
2025-12-08,11:14:00,26000.75,26003.75,25991.5,25992.5,1602,26030.64,26038.96,0.00
2025-12-08,11:15:00,25992.25,25997.5,25983.75,25994.75,3974,26029.88,26038.57,0.00
2025-12-08,11:16:00,25994.75,25996.75,25973.25,25982,5395,26028.68,26037.97,0.00
2025-12-08,11:17:00,25982,25993.75,25982,25993,3821,26027.97,26037.60,0.00
2025-12-08,11:18:00,25993.25,26002,25991.5,25999.75,3422,26027.48,26037.32,0.00
2025-12-08,11:19:00,25999.75,26000.75,25986.5,25989.25,2901,26027.01,26037.06,0.00
2025-12-08,11:20:00,25988.75,25994.5,25982.25,25985,2566,26026.55,26036.81,0.00
2025-12-08,11:21:00,25985.75,25989.5,25969,25982.75,4785,26025.56,26036.27,0.00
2025-12-08,11:22:00,25982.5,25987.5,25971.75,25975.5,3130,26024.91,26035.92,0.00
2025-12-08,11:23:00,25975.25,25985.25,25965.25,25972,3871,26024.06,26035.45,0.00
2025-12-08,11:24:00,25971.75,25977.25,25957,25957.75,5892,26022.56,26034.64,0.00
2025-12-08,11:25:00,25957.5,25966.25,25951.25,25957,6350,26020.88,25958.17,0.00
2025-12-08,11:26:00,25957.5,25958.75,25932,25934.25,8538,26018.19,25941.67,0.00
2025-12-08,11:27:00,25934.5,25936.25,25910,25921.75,9795,26014.61,25922.67,0.00
2025-12-08,11:28:00,25922.5,25949.75,25920.25,25946,6947,26012.65,25929.31,0.00
2025-12-08,11:29:00,25946,25958.25,25941.5,25944.25,4767,26011.52,25933.45,0.00
2025-12-08,11:30:00,25944.5,25956.5,25941.75,25954.25,2959,26010.87,25935.55,0.00
2025-12-08,11:31:00,25953.5,25953.5,25936.75,25941.25,4619,26009.77,25936.87,0.00
2025-12-08,11:32:00,25941.25,25959.5,25937.75,25957.5,3879,26008.98,25938.60,0.00
2025-12-08,11:33:00,25957.75,25967.25,25954.5,25960,4693,26008.19,25941.34,0.00
2025-12-08,11:34:00,25960,25975.25,25957.75,25974.25,3379,26007.74,25943.62,0.00
2025-12-08,11:35:00,25974.25,25977.5,25966.25,25969.75,3051,26007.36,25945.53,0.00
2025-12-08,11:36:00,25969.5,25976.25,25964.25,25970,2646,26007.03,25946.92,0.00
2025-12-08,11:37:00,25970.75,25971.75,25961.75,25964.5,1882,26006.77,25947.66,0.00
2025-12-08,11:38:00,25964.5,25975,25956,25969.75,3504,26006.31,25948.96,0.00
2025-12-08,11:39:00,25969.25,25973.75,25961.5,25962.5,1470,26006.12,25949.42,0.00
2025-12-08,11:40:00,25962,25966,25955.5,25957.75,2189,26005.79,25949.83,0.00
2025-12-08,11:41:00,25957.75,25962.25,25951.25,25953.75,4222,26005.11,25950.24,0.00
2025-12-08,11:42:00,25954,25956.75,25949,25950,2383,26004.71,25950.31,0.00
2025-12-08,11:43:00,25950.5,25954,25946,25949.25,2573,26004.26,25950.29,0.00
2025-12-08,11:44:00,25949.25,25952.25,25943.25,25949.75,2137,26003.89,25950.23,0.00
2025-12-08,11:45:00,25949.5,25949.75,25938.25,25940.75,2464,26003.42,25949.97,0.00
2025-12-08,11:46:00,25940.75,25956,25939.5,25948,3175,26002.88,25949.87,0.00
2025-12-08,11:47:00,25948,25953.5,25943.75,25948.75,1656,26002.60,25949.85,0.00
2025-12-08,11:48:00,25948.75,25953.75,25941.5,25946.25,1579,26002.33,25949.79,0.00
2025-12-08,11:49:00,25946,25951.25,25936.75,25949.25,2573,26001.89,25949.66,0.00
2025-12-08,11:50:00,25948.75,25952.5,25942.25,25947.75,1518,26001.64,25949.62,0.00
2025-12-08,11:51:00,25947.5,25949,25928.25,25930.75,4630,26000.74,25948.87,0.00
2025-12-08,11:52:00,25931,25939,25930,25932.25,2711,26000.20,25948.40,0.00
2025-12-08,11:53:00,25932.25,25934.75,25918.75,25927.75,4551,25999.24,25947.35,0.00
2025-12-08,11:54:00,25928,25941,25927.25,25936.75,3108,25998.66,25946.95,0.00
2025-12-08,11:55:00,25937.25,25938.5,25925.5,25928.5,2336,25998.21,25946.56,0.00
2025-12-08,11:56:00,25928.5,25928.75,25913.5,25919.25,4334,25997.25,25945.45,0.00
2025-12-08,11:57:00,25919.25,25921.25,25903.25,25912.25,6020,25995.83,25912.25,0.00
2025-12-08,11:58:00,25911.75,25937.75,25911.5,25934,5789,25994.75,25919.85,0.00
2025-12-08,11:59:00,25934,25936.25,25924.5,25926.5,2332,25994.33,25921.37,0.00
2025-12-08,12:00:00,25927,25927.5,25913,25916.25,2762,25993.77,25920.97,0.00
2025-12-08,12:01:00,25916.25,25916.25,25898.25,25913,6629,25992.28,25909.17,0.00
2025-12-08,12:02:00,25912.75,25915.5,25886.25,25887,7030,25990.53,25896.25,0.00
2025-12-08,12:03:00,25887,25901,25881.75,25883.75,4926,25989.24,25888.83,0.00
2025-12-08,12:04:00,25884.25,25896.5,25881.75,25887.5,4207,25988.16,25888.72,0.00
2025-12-08,12:05:00,25887,25901.5,25886.25,25897,2874,25987.48,25890.20,0.00
2025-12-08,12:06:00,25896.5,25909.5,25891,25906.75,4082,25986.62,25893.30,0.00
2025-12-08,12:07:00,25906.75,25910,25881,25890.75,4642,25985.55,25893.92,0.00
2025-12-08,12:08:00,25891.25,25905.5,25886.25,25898.25,2948,25984.91,25894.98,0.00
2025-12-08,12:09:00,25898.25,25909.75,25893.25,25903.5,2440,25984.42,25896.73,0.00
2025-12-08,12:10:00,25903.75,25909,25892.25,25906.5,2822,25983.86,25898.02,0.00
2025-12-08,12:11:00,25907.25,25919.5,25892.25,25896.75,6032,25982.69,25899.56,0.00
2025-12-08,12:12:00,25896.5,25905.25,25895.75,25905,1715,25982.36,25899.76,0.00
2025-12-08,12:13:00,25905,25905.75,25893.25,25896,1886,25981.99,25899.64,0.00
2025-12-08,12:14:00,25895.5,25908,25893.75,25898.75,1996,25981.60,25899.68,0.00
2025-12-08,12:15:00,25899.25,25902.75,25884.75,25891.25,3171,25980.95,25898.91,0.00
2025-12-08,12:16:00,25891,25896,25884,25888,2555,25980.40,25898.10,0.00
2025-12-08,12:17:00,25887.5,25898,25887.5,25889.25,1878,25980.02,25897.72,0.00
2025-12-08,12:18:00,25888.5,25898.5,25888,25894,1530,25979.71,25897.52,0.00
2025-12-08,12:19:00,25894,25895.75,25886.75,25890.5,1314,25979.44,25897.28,0.00
2025-12-08,12:20:00,25891,25899.25,25875.5,25895.25,4192,25978.59,25890.00,0.00
2025-12-08,12:21:00,25895,25912,25894.25,25904.5,5060,25977.73,25897.43,0.00
2025-12-08,12:22:00,25904.25,25912,25901.5,25907.75,2511,25977.34,25899.49,0.00
2025-12-08,12:23:00,25907.5,25917,25905.75,25910.5,3221,25976.86,25901.98,0.00
2025-12-08,12:24:00,25910,25920.25,25906.75,25919.25,2183,25976.57,25903.69,0.00
2025-12-08,12:25:00,25919.25,25924.25,25913,25914.25,3486,25976.11,25905.96,0.00
2025-12-08,12:26:00,25914.25,25915,25900.75,25907,3880,25975.53,25906.22,0.00
2025-12-08,12:27:00,25907.25,25911,25902,25904.75,2234,25975.20,25906.20,0.00
2025-12-08,12:28:00,25904.5,25905.25,25892,25895.5,3715,25974.58,25905.15,0.00
2025-12-08,12:29:00,25895.5,25916.5,25893.75,25915.75,3545,25974.08,25905.51,0.00
2025-12-08,12:30:00,25915.75,25918,25910.5,25914.75,2357,25973.78,25906.09,0.00
2025-12-08,12:31:00,25915.25,25923.75,25913.25,25917.5,3282,25973.40,25907.09,0.00
2025-12-08,12:32:00,25917.75,25921.5,25901,25903,3747,25972.89,25907.21,0.00
2025-12-08,12:33:00,25902.75,25906.75,25897.25,25900,2186,25972.56,25906.93,0.00
2025-12-08,12:34:00,25900.25,25905,25896.5,25901.25,1909,25972.28,25906.69,0.00
2025-12-08,12:35:00,25901.25,25903,25888.75,25895.75,2967,25971.81,25906.05,0.00
2025-12-08,12:36:00,25895.5,25896.5,25890.25,25890.75,1612,25971.55,25905.63,0.00
2025-12-08,12:37:00,25891,25909,25889.75,25904.25,2921,25971.13,25905.38,0.00
2025-12-08,12:38:00,25904.25,25905.5,25896,25901.5,1537,25970.91,25905.26,0.00
2025-12-08,12:39:00,25901.5,25906.75,25896.75,25903,1477,25970.70,25905.19,0.00
2025-12-08,12:40:00,25903,25905.5,25894.25,25897.75,1352,25970.51,25905.05,0.00
2025-12-08,12:41:00,25897.75,25906.25,25894.75,25904.5,1630,25970.28,25904.96,0.00
2025-12-08,12:42:00,25904.75,25910.25,25895.5,25900,2484,25969.94,25904.84,0.00
2025-12-08,12:43:00,25900.5,25904.75,25897.25,25902,1187,25969.78,25904.78,0.00
2025-12-08,12:44:00,25901.75,25902,25895,25898.75,930,25969.65,25904.69,0.00
2025-12-08,12:45:00,25898.75,25907,25897.5,25905.25,1242,25969.48,25904.66,0.00
2025-12-08,12:46:00,25905.25,25909,25899.5,25907.25,1615,25969.28,25904.68,0.00
2025-12-08,12:47:00,25907.5,25908.75,25899.25,25902.25,1456,25969.09,25904.65,0.00
2025-12-08,12:48:00,25902,25906.25,25899.25,25902.75,811,25968.98,25904.63,0.00
2025-12-08,12:49:00,25903.25,25909.25,25901.5,25904.5,785,25968.88,25904.64,0.00
2025-12-08,12:50:00,25904.75,25907,25892.75,25892.75,1943,25968.61,25904.45,0.00
2025-12-08,12:51:00,25892.5,25908.75,25891.75,25905,2442,25968.29,25904.36,0.00
2025-12-08,12:52:00,25905,25907,25896.25,25901.25,1240,25968.13,25904.32,0.00
2025-12-08,12:53:00,25901.75,25902.25,25887.75,25892,3052,25967.69,25903.92,0.00
2025-12-08,12:54:00,25892,25900.5,25884.5,25900.5,2775,25967.30,25903.63,0.00
2025-12-08,12:55:00,25900.5,25904,25895.5,25898.25,1648,25967.08,25903.55,0.00
2025-12-08,12:56:00,25898,25898.75,25891,25892,1272,25966.90,25903.40,0.00
2025-12-08,12:57:00,25892.25,25900,25889.5,25892.25,2147,25966.60,25903.17,0.00
2025-12-08,12:58:00,25892.25,25901.25,25892,25896.75,913,25966.48,25903.11,0.00
2025-12-08,12:59:00,25896.75,25901.75,25894.25,25896.75,1078,25966.34,25903.04,0.00
2025-12-08,13:00:00,25896.5,25897.75,25892,25893,1007,25966.20,25902.94,0.00
2025-12-08,13:01:00,25893.25,25893.25,25869.25,25873.5,6129,25965.19,25878.67,0.00
2025-12-08,13:02:00,25873.25,25882,25872.75,25877.25,2648,25964.76,25878.26,0.00
2025-12-08,13:03:00,25877.75,25878.25,25859,25861.25,5463,25963.76,25866.17,0.00
2025-12-08,13:04:00,25861,25874.25,25855.5,25873.75,5319,25962.83,25867.83,0.00
2025-12-08,13:05:00,25874.25,25877.5,25865.75,25866.5,2599,25962.39,25868.52,0.00
2025-12-08,13:06:00,25866.5,25885.75,25864.75,25880.5,3567,25961.84,25871.15,0.00
2025-12-08,13:07:00,25879.75,25891.25,25878.75,25886.75,2678,25961.47,25873.88,0.00
2025-12-08,13:08:00,25886.75,25894.75,25884.25,25892.25,2646,25961.13,25876.48,0.00
2025-12-08,13:09:00,25892,25900.5,25889.75,25899,2624,25960.83,25879.18,0.00
2025-12-08,13:10:00,25899,25899,25890,25894.75,1571,25960.64,25880.33,0.00
2025-12-08,13:11:00,25894.5,25897,25884.5,25885,2382,25960.34,25881.19,0.00
2025-12-08,13:12:00,25884.75,25887,25877.5,25884,2447,25960.00,25881.35,0.00
2025-12-08,13:13:00,25883.25,25886.25,25878,25879.5,1410,25959.81,25881.34,0.00
2025-12-08,13:14:00,25879.5,25888,25875.5,25875.5,1758,25959.56,25881.24,0.00
2025-12-08,13:15:00,25875.25,25879.75,25867.25,25877.25,3030,25959.11,25880.63,0.00
2025-12-08,13:16:00,25877,25886,25872.75,25881.25,2560,25958.76,25880.58,0.00
2025-12-08,13:17:00,25881.25,25884.75,25875,25880.75,1147,25958.60,25880.57,0.00
2025-12-08,13:18:00,25880.5,25889.75,25880.5,25885.25,1361,25958.43,25880.74,0.00
2025-12-08,13:19:00,25885,25887.75,25881.75,25885.75,921,25958.31,25880.84,0.00
2025-12-08,13:20:00,25885.75,25891.5,25878,25879,2179,25958.03,25880.95,0.00
2025-12-08,13:21:00,25879.25,25881.5,25870,25877,2672,25957.65,25880.65,0.00
2025-12-08,13:22:00,25877.25,25882.25,25874.75,25878.25,1419,25957.46,25880.58,0.00
2025-12-08,13:23:00,25878,25878,25872,25872.75,1239,25957.28,25880.41,0.00
2025-12-08,13:24:00,25873.25,25877,25866.25,25870,1983,25956.99,25880.02,0.00
2025-12-08,13:25:00,25870,25872,25865.25,25870.5,1917,25956.71,25879.60,0.00
2025-12-08,13:26:00,25871.5,25872.75,25861.75,25865.5,2691,25956.30,25878.93,0.00
2025-12-08,13:27:00,25865.5,25868.5,25847,25857.25,5470,25955.40,25857.58,0.00
2025-12-08,13:28:00,25857.5,25866.25,25856.5,25862.5,2288,25955.04,25858.81,0.00
2025-12-08,13:29:00,25862.75,25871.5,25862.25,25864.25,1948,25954.75,25860.25,0.00
2025-12-08,13:30:00,25864,25872.25,25863.75,25870.75,1344,25954.56,25861.31,0.00
2025-12-08,13:31:00,25870.75,25880,25867,25879.5,2755,25954.20,25864.14,0.00
2025-12-08,13:32:00,25879,25884,25876.25,25882.5,2002,25953.96,25866.27,0.00
2025-12-08,13:33:00,25882.75,25885.5,25871.75,25872,2360,25953.66,25867.58,0.00
2025-12-08,13:34:00,25872.5,25880.5,25872,25878.5,1310,25953.50,25868.22,0.00
2025-12-08,13:35:00,25879,25879.25,25870.25,25874.5,1191,25953.34,25868.59,0.00
2025-12-08,13:36:00,25874.5,25876.5,25870.75,25872.25,1099,25953.20,25868.82,0.00
2025-12-08,13:37:00,25872.75,25880,25870.25,25876.75,1053,25953.07,25869.14,0.00
2025-12-08,13:38:00,25877.25,25879.25,25871.5,25876.5,749,25952.97,25869.35,0.00
2025-12-08,13:39:00,25876.25,25878.75,25871.25,25875,879,25952.86,25869.55,0.00
2025-12-08,13:40:00,25875.25,25881.5,25874.75,25874.75,1047,25952.73,25869.86,0.00
2025-12-08,13:41:00,25874.75,25886.75,25873,25881.25,1905,25952.51,25870.58,0.00
2025-12-08,13:42:00,25881,25891,25881,25890.25,2112,25952.29,25871.79,0.00
2025-12-08,13:43:00,25890.25,25893.75,25888.25,25892,1927,25952.10,25872.99,0.00
2025-12-08,13:44:00,25891.25,25892.75,25875.5,25877.25,2569,25951.81,25873.65,0.00
2025-12-08,13:45:00,25876.75,25880.5,25875.75,25876,1312,25951.66,25873.79,0.00
2025-12-08,13:46:00,25876.25,25876.75,25867.25,25868.75,2855,25951.29,25873.58,0.00
2025-12-08,13:47:00,25868.5,25874.25,25865,25873.5,1527,25951.10,25873.48,0.00
2025-12-08,13:48:00,25873.5,25886.25,25873.25,25885.5,2245,25950.85,25873.92,0.00
2025-12-08,13:49:00,25885.25,25887.5,25880.75,25887.5,1607,25950.69,25874.33,0.00
2025-12-08,13:50:00,25887.75,25895.75,25887.5,25893.25,2531,25950.45,25875.31,0.00
2025-12-08,13:51:00,25893.5,25901.75,25890.75,25892.75,3812,25950.13,25876.82,0.00
2025-12-08,13:52:00,25892.5,25895,25887.75,25893.75,1974,25949.95,25877.41,0.00
2025-12-08,13:53:00,25893.75,25898.5,25890,25897.75,1446,25949.83,25877.90,0.00
2025-12-08,13:54:00,25897.5,25904.5,25896.75,25900.5,2431,25949.64,25878.88,0.00
2025-12-08,13:55:00,25901.25,25903,25899,25901,1230,25949.55,25879.36,0.00
2025-12-08,13:56:00,25900.75,25903.5,25892,25894,2180,25949.37,25879.99,0.00
2025-12-08,13:57:00,25893.75,25920.5,25891,25919.5,6838,25948.97,25883.14,0.00
2025-12-08,13:58:00,25919.75,25939,25919.75,25934.5,8255,25948.74,25888.47,0.00
2025-12-08,13:59:00,25934.75,25943.25,25926.25,25932.5,6927,25948.59,25892.35,0.00
2025-12-08,14:00:00,25933.25,25935.25,25918.75,25934,4163,25948.47,25894.16,0.00
2025-12-08,14:01:00,25933.5,25949.75,25928.5,25935.5,6214,25948.38,25897.13,0.00
2025-12-08,14:02:00,25935.75,25936.75,25919,25924,3886,25948.26,25898.33,0.00
2025-12-08,14:03:00,25924.75,25933,25919.75,25925.25,2437,25948.18,25899.02,0.00
2025-12-08,14:04:00,25925,25929.75,25913.25,25914.25,2531,25948.07,25899.52,0.00
2025-12-08,14:05:00,25913.75,25920.75,25909.75,25920.5,2903,25947.94,25900.01,0.00
2025-12-08,14:06:00,25920,25928.25,25917,25927.25,2264,25947.86,25900.53,0.00
2025-12-08,14:07:00,25927.25,25931,25921.25,25926.75,1967,25947.80,25901.00,0.00
2025-12-08,14:08:00,25926.5,25932.25,25923.25,25926.5,1468,25947.76,25901.36,0.00
2025-12-08,14:09:00,25926.75,25934.25,25923,25930,2066,25947.71,25901.87,0.00
2025-12-08,14:10:00,25930,25941.75,25930,25940,2850,25947.66,25902.76,0.00
2025-12-08,14:11:00,25940.25,25944.5,25929,25932,3010,25947.61,25903.59,0.00
2025-12-08,14:12:00,25932.25,25941.75,25930,25938.25,2402,25947.57,25904.26,0.00
2025-12-08,14:13:00,25938,25941.75,25931.75,25941.5,1521,25947.55,25904.69,0.00
2025-12-08,14:14:00,25941.5,25942.75,25935,25939,1365,25947.54,25905.07,0.00
2025-12-08,14:15:00,25937.75,25938.25,25927.25,25930.25,1827,25947.50,25905.46,0.00
2025-12-08,14:16:00,25930.5,25939.25,25929,25938.25,1757,25947.47,25905.88,0.00
2025-12-08,14:17:00,25938.5,25941.5,25932,25940,1425,25947.45,25906.24,0.00
2025-12-08,14:18:00,25939.75,25941.25,25930.5,25931,1389,25947.42,25906.54,0.00
2025-12-08,14:19:00,25931,25932.5,25919.75,25921.25,3001,25947.33,25906.95,0.00
2025-12-08,14:20:00,25921.75,25927.5,25919.25,25927,1652,25947.28,25907.17,0.00
2025-12-08,14:21:00,25927,25933.75,25922.75,25929,1896,25947.23,25907.47,0.00
2025-12-08,14:22:00,25929,25936.25,25923.25,25936,1422,25947.20,25907.72,0.00
2025-12-08,14:23:00,25935.75,25938,25925,25932.75,1597,25947.16,25908.00,0.00
2025-12-08,14:24:00,25932.75,25937.25,25926.75,25928,1704,25947.13,25908.28,0.00
2025-12-08,14:25:00,25927.5,25934.25,25925,25929,1388,25947.09,25908.49,0.00
2025-12-08,14:26:00,25929,25931,25914.5,25916.5,2670,25947.00,25908.71,0.00
2025-12-08,14:27:00,25917,25918.25,25908.25,25916.5,3168,25946.86,25908.83,0.00
2025-12-08,14:28:00,25916.25,25916.75,25903.5,25905,3086,25946.70,25908.83,0.00
2025-12-08,14:29:00,25905.25,25907.25,25890.5,25893,4090,25946.42,25908.51,0.00
2025-12-08,14:30:00,25892.75,25900.5,25881.5,25883,4270,25946.09,25907.97,0.00
2025-12-08,14:31:00,25882.75,25882.75,25869.75,25876.25,5280,25945.61,25906.95,0.00
2025-12-08,14:32:00,25877,25886,25871.5,25880.75,3620,25945.29,25906.35,0.00
2025-12-08,14:33:00,25880.75,25887.25,25874.75,25875.75,2818,25945.05,25905.90,0.00
2025-12-08,14:34:00,25876,25879.25,25870.75,25872,2106,25944.85,25905.51,0.00
2025-12-08,14:35:00,25872.75,25876,25857.75,25865.5,4529,25944.39,25904.51,0.00
2025-12-08,14:36:00,25865.75,25872,25855.5,25870.5,3133,25944.07,25903.84,0.00
2025-12-08,14:37:00,25870.5,25881,25870.5,25879.75,3087,25943.80,25903.39,0.00
2025-12-08,14:38:00,25879.5,25887.5,25878,25884.5,2774,25943.59,25903.09,0.00
2025-12-08,14:39:00,25884.5,25894.25,25880,25893.25,2558,25943.41,25902.90,0.00
2025-12-08,14:40:00,25893.75,25894.75,25883.75,25888,1629,25943.30,25902.78,0.00
2025-12-08,14:41:00,25888.75,25889.5,25871,25875.75,2678,25943.08,25902.45,0.00
2025-12-08,14:42:00,25875.75,25877.75,25870,25874.5,1519,25942.94,25902.23,0.00
2025-12-08,14:43:00,25875,25879.25,25869.25,25872,1476,25942.81,25902.01,0.00
2025-12-08,14:44:00,25871.75,25874.25,25867.25,25868.25,1324,25942.69,25901.79,0.00
2025-12-08,14:45:00,25867.75,25881.5,25865,25879.75,2179,25942.51,25901.50,0.00
2025-12-08,14:46:00,25880.25,25887.75,25872.5,25878.25,2348,25942.32,25901.25,0.00
2025-12-08,14:47:00,25878.5,25887,25872.75,25882.5,1453,25942.21,25901.10,0.00
2025-12-08,14:48:00,25882.25,25887.5,25879,25879.75,1086,25942.13,25901.00,0.00
2025-12-08,14:49:00,25880.25,25880.5,25873.25,25878,1294,25942.02,25900.85,0.00
2025-12-08,14:50:00,25877.75,25878,25870.25,25871,879,25941.94,25900.73,0.00
2025-12-08,14:51:00,25871,25878,25868.5,25877.5,1271,25941.84,25900.57,0.00
2025-12-08,14:52:00,25877,25877.25,25870.25,25873.5,929,25941.76,25900.45,0.00
2025-12-08,14:53:00,25873.75,25878,25871.75,25878,713,25941.70,25900.37,0.00
2025-12-08,14:54:00,25878,25878.5,25863.25,25867.25,1909,25941.53,25900.09,0.00
2025-12-08,14:55:00,25867.25,25876.25,25867,25872.25,1052,25941.44,25899.95,0.00
2025-12-08,14:56:00,25872.25,25873,25858.25,25865.25,2269,25941.22,25899.59,0.00
2025-12-08,14:57:00,25865.75,25867.75,25837,25846.25,7169,25940.42,25850.33,0.00
2025-12-08,14:58:00,25846,25852,25840.25,25843.75,3167,25940.06,25848.80,0.00
2025-12-08,14:59:00,25843.75,25844,25817,25827.75,7658,25939.03,25829.58,0.00
2025-12-08,15:00:00,25827.75,25846.25,25826.25,25845.5,3675,25938.59,25832.75,0.00
2025-12-08,15:01:00,25845.75,25846.5,25831.5,25840,3863,25938.13,25834.42,0.00
2025-12-08,15:02:00,25840.25,25850.5,25839.75,25844,3265,25937.76,25836.25,0.00
2025-12-08,15:03:00,25843.5,25845,25831.75,25832.5,2600,25937.45,25836.27,0.00
2025-12-08,15:04:00,25832.5,25834.5,25820.5,25831.25,3835,25936.95,25835.11,0.00
2025-12-08,15:05:00,25831.25,25840.75,25828.5,25838.75,2355,25936.67,25835.19,0.00
2025-12-08,15:06:00,25839,25841.75,25831.5,25838.5,2046,25936.43,25835.33,0.00
2025-12-08,15:07:00,25838.5,25839.75,25832,25839.75,1370,25936.27,25835.41,0.00
2025-12-08,15:08:00,25839.75,25848,25837,25841,2229,25936.02,25835.86,0.00
2025-12-08,15:09:00,25841,25846.25,25836.75,25838.5,1335,25935.87,25836.04,0.00
2025-12-08,15:10:00,25838,25843.75,25834.5,25839.75,955,25935.77,25836.13,0.00
2025-12-08,15:11:00,25840.25,25845,25834.75,25836.75,1669,25935.58,25836.25,0.00
2025-12-08,15:12:00,25836.25,25836.75,25827,25828,1881,25935.35,25835.98,0.00
2025-12-08,15:13:00,25828.25,25835,25827.5,25828.5,1490,25935.16,25835.77,0.00
2025-12-08,15:14:00,25828.25,25838.25,25828.25,25833,1264,25935.01,25835.69,0.00
2025-12-08,15:15:00,25833.25,25835.5,25830.25,25833.5,750,25934.92,25835.64,0.00
2025-12-08,15:16:00,25833.75,25843,25832.75,25838.75,1922,25934.71,25835.75,0.00
2025-12-08,15:17:00,25839,25841.5,25834.75,25837,882,25934.61,25835.79,0.00
2025-12-08,15:18:00,25837.5,25849.75,25836.5,25846.5,2235,25934.37,25836.19,0.00
2025-12-08,15:19:00,25846.25,25851.25,25841,25847.75,1845,25934.19,25836.58,0.00
2025-12-08,15:20:00,25847.75,25854.25,25846,25853.5,2033,25933.99,25837.17,0.00
2025-12-08,15:21:00,25853.25,25860.25,25848.5,25852,3304,25933.69,25838.16,0.00
2025-12-08,15:22:00,25851.75,25857.5,25847.75,25856.75,1699,25933.53,25838.64,0.00
2025-12-08,15:23:00,25856.75,25863,25852.5,25859,2418,25933.33,25839.45,0.00
2025-12-08,15:24:00,25859.5,25860.5,25850.25,25850.25,1518,25933.19,25839.81,0.00
2025-12-08,15:25:00,25850.25,25851.75,25843.25,25846.25,2585,25932.94,25840.11,0.00
2025-12-08,15:26:00,25846.25,25853.25,25845.5,25849.75,1150,25932.83,25840.28,0.00
2025-12-08,15:27:00,25850.25,25850.25,25843.25,25848.75,1332,25932.70,25840.42,0.00
2025-12-08,15:28:00,25849.75,25856.25,25849.25,25855,1297,25932.58,25840.68,0.00
2025-12-08,15:29:00,25855.25,25858.5,25848,25849.25,1400,25932.45,25840.91,0.00
2025-12-08,15:30:00,25848.75,25853.75,25846.5,25851.75,859,25932.37,25841.03,0.00
2025-12-08,15:31:00,25851.25,25856.75,25848.5,25849.75,1233,25932.26,25841.22,0.00
2025-12-08,15:32:00,25850,25854.75,25847.5,25851.5,907,25932.18,25841.35,0.00
2025-12-08,15:33:00,25851.25,25851.75,25847.25,25849.75,847,25932.10,25841.44,0.00
2025-12-08,15:34:00,25850.25,25862.25,25849.5,25857.75,2077,25931.92,25841.87,0.00
2025-12-08,15:35:00,25858,25865.25,25857.25,25862.25,1571,25931.80,25842.28,0.00
2025-12-08,15:36:00,25862.25,25870.75,25859.75,25869,2070,25931.65,25842.93,0.00
2025-12-08,15:37:00,25868.5,25869.5,25858.75,25865.5,1919,25931.51,25843.45,0.00
2025-12-08,15:38:00,25865.75,25872.75,25865.75,25872.5,1475,25931.41,25843.94,0.00
2025-12-08,15:39:00,25872.5,25873.25,25860.5,25866.75,1762,25931.28,25844.43,0.00
2025-12-08,15:40:00,25867,25869.25,25859.75,25860.75,1492,25931.17,25844.76,0.00
2025-12-08,15:41:00,25860.5,25863.75,25851.75,25852.75,2141,25930.99,25845.05,0.00
2025-12-08,15:42:00,25852.25,25858.25,25850.25,25855.25,1762,25930.84,25845.24,0.00
2025-12-08,15:43:00,25855.75,25864,25854.5,25859.25,1317,25930.74,25845.44,0.00
2025-12-08,15:44:00,25859.5,25863,25856.25,25856.5,764,25930.67,25845.55,0.00
2025-12-08,15:45:00,25856.25,25866.5,25856.25,25859,1529,25930.56,25845.81,0.00
2025-12-08,15:46:00,25859.25,25860.25,25845.5,25850.5,2439,25930.35,25845.97,0.00
2025-12-08,15:47:00,25850.75,25853.5,25846.5,25849.75,1769,25930.19,25846.04,0.00
2025-12-08,15:48:00,25848.75,25853.25,25848.5,25851,853,25930.12,25846.08,0.00
2025-12-08,15:49:00,25851.5,25857.5,25850,25853.75,884,25930.04,25846.15,0.00
2025-12-08,15:50:00,25853.75,25861.5,25852,25861,1098,25929.96,25846.29,0.00
2025-12-08,15:51:00,25861.5,25868.25,25858.5,25865.25,1857,25929.82,25846.61,0.00
2025-12-08,15:52:00,25865.5,25871.5,25862.75,25867.5,1988,25929.69,25847.01,0.00
2025-12-08,15:53:00,25867.5,25873.75,25863.75,25871,1434,25929.59,25847.33,0.00
2025-12-08,15:54:00,25871.25,25871.5,25866.5,25871.25,822,25929.54,25847.50,0.00
2025-12-08,15:55:00,25871.25,25875.75,25866,25866,1544,25929.44,25847.82,0.00
2025-12-08,15:56:00,25866.25,25867,25855,25855.5,1975,25929.29,25848.02,0.00
2025-12-08,15:57:00,25855,25858.75,25849.5,25850.25,1935,25929.13,25848.11,0.00
2025-12-08,15:58:00,25850.5,25851.75,25842.75,25844,2346,25928.92,25848.07,0.00
2025-12-08,15:59:00,25844.25,25848.75,25839.25,25840.75,2172,25928.72,25847.97,0.00
2025-12-08,16:00:00,25841,25848.25,25839.25,25844.75,1714,25928.57,25847.91,0.00
2025-12-08,16:01:00,25845.75,25855.25,25845.25,25850.5,2640,25928.35,25847.97,0.00
2025-12-08,16:02:00,25850,25853,25845.75,25846,1001,25928.26,25847.97,0.00
2025-12-08,16:03:00,25846,25849.25,25841.5,25842.75,1196,25928.15,25847.94,0.00
2025-12-08,16:04:00,25843,25849,25840.75,25846.75,1258,25928.04,25847.91,0.00
2025-12-08,16:05:00,25847.5,25847.75,25840,25841,827,25927.97,25847.88,0.00
2025-12-08,16:06:00,25841.25,25842.5,25835.75,25839.5,1952,25927.78,25847.74,0.00
2025-12-08,16:07:00,25839,25843,25835.75,25841.75,1273,25927.67,25847.67,0.00
2025-12-08,16:08:00,25841.75,25846.25,25838.25,25839.5,1350,25927.54,25847.60,0.00
2025-12-08,16:09:00,25839.5,25849,25837.75,25846.75,1531,25927.41,25847.56,0.00
2025-12-08,16:10:00,25846.5,25850.5,25843,25849.25,1273,25927.30,25847.56,0.00
2025-12-08,16:11:00,25849.25,25854.5,25844.25,25852.25,1490,25927.18,25847.59,0.00
2025-12-08,16:12:00,25852,25856.75,25850,25851.75,1207,25927.09,25847.64,0.00
2025-12-08,16:13:00,25852.25,25852.75,25846.75,25850.25,1119,25926.99,25847.66,0.00
2025-12-08,16:14:00,25850,25852.5,25847,25851.75,714,25926.94,25847.67,0.00
2025-12-08,16:15:00,25851.75,25856.5,25849.5,25856.5,818,25926.87,25847.71,0.00
2025-12-08,16:16:00,25856.5,25863.25,25849.5,25862,2189,25926.72,25847.88,0.00
2025-12-08,16:17:00,25862.25,25862.5,25853.75,25855.75,1107,25926.64,25847.96,0.00
2025-12-08,16:18:00,25856,25857.25,25849.75,25849.75,1211,25926.54,25847.99,0.00
2025-12-08,16:19:00,25850,25859,25847.75,25855.75,1408,25926.44,25848.05,0.00
2025-12-08,16:20:00,25855.5,25858.75,25852.25,25856.5,784,25926.38,25848.10,0.00
2025-12-08,16:21:00,25857,25857.25,25852.5,25855.75,807,25926.32,25848.14,0.00
2025-12-08,16:22:00,25856.5,25863,25854.25,25861,907,25926.26,25848.21,0.00
2025-12-08,16:23:00,25860.5,25867.25,25860,25863.25,1599,25926.15,25848.37,0.00
2025-12-08,16:24:00,25863.25,25863.75,25854.75,25857.25,1298,25926.06,25848.46,0.00
2025-12-08,16:25:00,25857.75,25859.5,25856,25857.75,520,25926.02,25848.50,0.00
2025-12-08,16:26:00,25857.5,25862.25,25857,25862.25,839,25925.97,25848.57,0.00
2025-12-08,16:27:00,25862.25,25863.25,25848.5,25860.75,2354,25925.80,25848.70,0.00
2025-12-08,16:28:00,25860.75,25864.5,25859.25,25864,798,25925.75,25848.78,0.00
2025-12-08,16:29:00,25864,25866.5,25862.75,25865.25,788,25925.70,25848.86,0.00
2025-12-08,16:30:00,25865.25,25870.5,25864.25,25868.5,1435,25925.61,25849.04,0.00
2025-12-08,16:31:00,25868.5,25870,25857.25,25860,3002,25925.42,25849.29,0.00
2025-12-08,16:32:00,25860,25868.25,25858.25,25866.5,1738,25925.31,25849.46,0.00
2025-12-08,16:33:00,25866.25,25867.25,25857.5,25858.25,1326,25925.22,25849.55,0.00
2025-12-08,16:34:00,25858.5,25861.5,25856.5,25859.5,993,25925.16,25849.61,0.00
2025-12-08,16:35:00,25859.5,25859.75,25850.25,25852.5,2178,25925.00,25849.67,0.00
2025-12-08,16:36:00,25852.25,25853.75,25843.25,25849.75,3068,25924.76,25849.66,0.00
2025-12-08,16:37:00,25850,25856.75,25849,25852.75,1464,25924.65,25849.69,0.00
2025-12-08,16:38:00,25853.75,25861,25851.75,25857.75,1284,25924.57,25849.74,0.00
2025-12-08,16:39:00,25857.75,25859,25851.5,25859,975,25924.50,25849.78,0.00
2025-12-08,16:40:00,25859,25860.5,25853.25,25854.5,847,25924.44,25849.81,0.00
2025-12-08,16:41:00,25854.5,25858.5,25852.25,25858.5,1131,25924.36,25849.85,0.00
2025-12-08,16:42:00,25858.5,25860.5,25856,25857.75,708,25924.32,25849.89,0.00
2025-12-08,16:43:00,25858.25,25863,25856.25,25862.25,1102,25924.24,25849.95,0.00
2025-12-08,16:44:00,25862.5,25870,25861.5,25867.25,1564,25924.15,25850.10,0.00
2025-12-08,16:45:00,25867.5,25867.75,25860,25867,1440,25924.07,25850.22,0.00
2025-12-08,16:46:00,25867,25867.75,25858.75,25863.5,1120,25924.00,25850.30,0.00
2025-12-08,16:47:00,25863.5,25867,25862.25,25865,874,25923.95,25850.37,0.00
2025-12-08,16:48:00,25864.75,25869,25861.5,25865.75,1118,25923.88,25850.47,0.00
2025-12-08,16:49:00,25865.25,25866.25,25855,25861.5,1471,25923.79,25850.55,0.00
2025-12-08,16:50:00,25861.5,25864.5,25857,25859.25,946,25923.73,25850.60,0.00
2025-12-08,16:51:00,25858.75,25872.75,25858,25869.25,3389,25923.54,25850.89,0.00
2025-12-08,16:52:00,25869,25877.25,25866.75,25874,2507,25923.41,25851.18,0.00
2025-12-08,16:53:00,25873.5,25877.5,25869.75,25876.25,1849,25923.32,25851.41,0.00
2025-12-08,16:54:00,25876.5,25882.5,25874,25877,2502,25923.21,25851.75,0.00
2025-12-08,16:55:00,25877.5,25879.5,25860.25,25866.5,4449,25922.97,25852.14,0.00
2025-12-08,16:56:00,25866,25880.25,25865.5,25872.25,2862,25922.83,25852.43,0.00
2025-12-08,16:57:00,25872,25877.25,25869.25,25872.5,1178,25922.77,25852.55,0.00
2025-12-08,16:58:00,25872.5,25887,25871.5,25885.5,2732,25922.66,25852.94,0.00
2025-12-08,16:59:00,25885.75,25888,25880.75,25887.5,2389,25922.57,25853.31,0.00
2025-12-08,17:00:00,25887.75,25925.25,25886.5,25921.5,10103,25922.46,25856.01,0.00
2025-12-08,17:01:00,25921.75,25928,25917.75,25918.25,7186,25922.45,25858.11,0.00
2025-12-08,17:02:00,25918.75,25920,25914.5,25917,2220,25922.44,25858.69,0.00
2025-12-08,17:03:00,25917.25,25918.75,25911.75,25916.75,1540,25922.43,25859.08,0.00
2025-12-08,17:04:00,25916.75,25920.5,25913.5,25920,1196,25922.42,25859.38,0.00
2025-12-08,17:05:00,25920,25922.5,25916.5,25920.25,837,25922.42,25859.61,0.00
2025-12-08,17:06:00,25920.5,25921,25916.75,25918.75,657,25922.42,25859.77,0.00
2025-12-08,17:07:00,25919,25919,25913,25916.25,729,25922.42,25859.95,0.00
2025-12-08,17:08:00,25915.75,25918,25913.5,25917,441,25922.41,25860.06,0.00
2025-12-08,17:09:00,25916.75,25918.25,25914.75,25917.5,444,25922.41,25860.17,0.00
2025-12-08,17:10:00,25917.5,25920.25,25916.25,25917.5,340,25922.41,25860.25,0.00
2025-12-08,17:11:00,25917.75,25921.25,25914.5,25915.5,522,25922.41,25860.38,0.00
2025-12-08,17:12:00,25915.25,25916,25912.25,25915,509,25922.40,25860.50,0.00
2025-12-08,17:13:00,25915.5,25918,25914.5,25915,323,25922.40,25860.58,0.00
2025-12-08,17:14:00,25914.5,25914.75,25909.25,25913.75,838,25922.39,25860.76,0.00
2025-12-08,17:15:00,25913.75,25914.75,25911,25914,486,25922.39,25860.87,0.00
2025-12-08,17:16:00,25914,25916.75,25909.75,25910.75,620,25922.38,25861.01,0.00
2025-12-08,17:17:00,25911.25,25913.25,25910.5,25912.5,176,25922.38,25861.04,0.00
2025-12-08,17:18:00,25912.5,25913.25,25911,25912,166,25922.38,25861.08,0.00
2025-12-08,17:19:00,25911.75,25915,25911.75,25912.5,257,25922.38,25861.14,0.00
2025-12-08,17:20:00,25912.5,25916.75,25912.5,25916,190,25922.38,25861.18,0.00
2025-12-08,17:21:00,25915.25,25916.5,25915.25,25916,185,25922.37,25861.22,0.00
2025-12-08,17:22:00,25915.75,25916.5,25914,25914.5,133,25922.37,25861.25,0.00
2025-12-08,17:23:00,25914.25,25916.25,25913.25,25915.5,168,25922.37,25861.29,0.00
2025-12-08,17:24:00,25916,25918.25,25916,25917.75,293,25922.37,25861.36,0.00
2025-12-08,17:25:00,25917.5,25918,25915.75,25917,123,25922.37,25861.39,0.00
2025-12-08,17:26:00,25916.75,25917.75,25916,25917.25,149,25922.37,25861.42,0.00
2025-12-08,17:27:00,25917,25920.75,25916,25920.5,257,25922.37,25861.49,0.00
2025-12-08,17:28:00,25920.25,25921.5,25917.5,25918.25,260,25922.37,25861.55,0.00
2025-12-08,17:29:00,25918.25,25918.75,25916.5,25918.5,131,25922.37,25861.58,0.00
2025-12-08,17:30:00,25918.25,25939,25917.5,25935.5,2658,25922.39,25862.34,0.00
2025-12-08,17:31:00,25935.5,25950.25,25933.75,25939.25,3706,25922.45,25863.54,0.00
2025-12-08,17:32:00,25938.75,25943.75,25927,25941.75,2256,25922.49,25864.22,0.00
2025-12-08,17:33:00,25941.5,25949,25935.75,25935.75,1005,25922.50,25864.53,0.00
2025-12-08,17:34:00,25935.75,25939,25932.75,25935.75,996,25922.51,25864.81,0.00
2025-12-08,17:35:00,25935.5,25941.75,25935.5,25938.25,552,25922.52,25864.97,0.00
2025-12-08,17:36:00,25938.75,25942.25,25934,25941,476,25922.53,25865.12,0.00
2025-12-08,17:37:00,25941.25,25942.25,25936.5,25937.5,308,25922.53,25865.21,0.00
2025-12-08,17:38:00,25937.5,25943.25,25937.25,25941.25,463,25922.54,25865.35,0.00
2025-12-08,17:39:00,25941.75,25943.5,25937,25937.5,463,25922.55,25865.48,0.00
2025-12-08,17:40:00,25938.25,25939,25935.75,25938.25,380,25922.56,25865.59,0.00
2025-12-08,17:41:00,25938.75,25939.5,25936.25,25938.75,221,25922.56,25865.66,0.00
2025-12-08,17:42:00,25939,25945.5,25938,25944.25,572,25922.57,25865.83,0.00
2025-12-08,17:43:00,25944.75,25951.25,25944.25,25950.75,900,25922.59,25866.13,0.00
2025-12-08,17:44:00,25950.5,25952,25947.5,25950.75,784,25922.61,25866.39,0.00
2025-12-08,17:45:00,25950.5,25956.5,25948.75,25954.75,1043,25922.64,25866.74,0.00
2025-12-08,17:46:00,25955,25956.75,25948.75,25949,883,25922.67,25867.03,0.00
2025-12-08,17:47:00,25949,25953.5,25947.5,25952.75,450,25922.68,25867.18,0.00
2025-12-08,17:48:00,25952,25957.75,25950.25,25956.5,427,25922.69,25867.33,0.00
2025-12-08,17:49:00,25956.75,25958.75,25955.5,25956.5,494,25922.71,25867.50,0.00
2025-12-08,17:50:00,25957,25957.5,25952.75,25955,279,25922.71,25867.60,0.00
2025-12-08,17:51:00,25955,25955.75,25950.25,25950.75,383,25922.72,25867.72,0.00
2025-12-08,17:52:00,25951.25,25952,25943.75,25944.5,627,25922.74,25867.91,0.00
2025-12-08,17:53:00,25944.75,25945.25,25942.25,25944.5,196,25922.74,25867.97,0.00
2025-12-08,17:54:00,25944.25,25949,25943.75,25946.25,201,25922.75,25868.03,0.00
2025-12-08,17:55:00,25946.75,25953,25946.5,25952.25,336,25922.76,25868.14,0.00
2025-12-08,17:56:00,25952.5,25958.25,25951.75,25957,353,25922.77,25868.26,0.00
2025-12-08,17:57:00,25957,25959.75,25955.5,25958,328,25922.78,25868.37,0.00
2025-12-08,17:58:00,25957.75,25958.75,25953.5,25955.25,269,25922.79,25868.46,0.00
2025-12-08,17:59:00,25955,25960.5,25955,25958,379,25922.80,25868.59,0.00
2025-12-08,18:00:00,25958.75,25961.5,25958.25,25959.75,413,25922.81,25868.74,0.00
2025-12-08,19:01:00,25966.25,25971.25,25952.5,25957.25,1773,25960.33,25960.33,0.00
2025-12-08,19:02:00,25957,25964.5,25955.75,25957,660,25959.99,25959.99,0.00
2025-12-08,19:03:00,25957.5,25963,25955.5,25961.75,551,25960.01,25960.01,0.00
2025-12-08,19:04:00,25962.75,25977,25961.5,25970.5,1279,25969.67,25962.91,0.00
2025-12-08,19:05:00,25971.25,25978,25970.25,25970.75,803,25973.00,25964.51,0.00
2025-12-08,19:06:00,25970.5,25975.25,25966.25,25969.25,649,25971.77,25965.16,0.00
2025-12-08,19:07:00,25969,25976.5,25968.25,25974.5,408,25972.06,25965.69,0.00
2025-12-08,19:08:00,25975,25976.25,25971.25,25972.75,421,25972.31,25966.18,0.00
2025-12-08,19:09:00,25972.5,25973.25,25967.25,25967.25,357,25971.90,25966.34,0.00
2025-12-08,19:10:00,25968,25968,25959.5,25964.75,1073,25969.64,25966.04,0.00
2025-12-08,19:11:00,25964.5,25965.25,25959.75,25960.25,397,25968.87,25965.84,0.00
2025-12-08,19:12:00,25960.5,25961,25951.25,25956,1042,25966.29,25956.08,0.00
2025-12-08,19:13:00,25956.5,25962,25956,25957.75,599,25965.48,25957.00,0.00
2025-12-08,19:14:00,25958.25,25958.5,25955.5,25955.5,207,25965.17,25956.94,0.00
2025-12-08,19:15:00,25955.5,25956.25,25953.5,25954.25,238,25964.77,25956.68,0.00
2025-12-08,19:16:00,25954.75,25959,25954.5,25957.75,329,25964.38,25956.74,0.00
2025-12-08,19:17:00,25958,25958.75,25950.5,25950.75,399,25963.74,25953.33,0.00
2025-12-08,19:18:00,25951.25,25955.5,25950.25,25955.5,331,25963.29,25953.75,0.00
2025-12-08,19:19:00,25955.5,25957.25,25953.25,25957.25,239,25963.05,25954.66,0.00
2025-12-08,19:20:00,25956.75,25957.75,25954,25954.5,136,25962.92,25954.80,0.00
2025-12-08,19:21:00,25954.25,25958.75,25951.75,25957.25,284,25962.66,25955.12,0.00
2025-12-08,19:22:00,25957.25,25958.5,25955,25955.5,170,25962.53,25955.30,0.00
2025-12-08,19:23:00,25956.25,25957,25953.75,25955.25,115,25962.43,25955.30,0.00
2025-12-08,19:24:00,25955.5,25956.5,25953.75,25956,126,25962.32,25955.31,0.00
2025-12-08,19:25:00,25956.25,25957,25951.25,25953,208,25962.12,25955.11,0.00
2025-12-08,19:26:00,25953,25953.5,25948.5,25949.5,323,25961.69,25950.50,0.00
2025-12-08,19:27:00,25949.5,25951.5,25948,25951.25,391,25961.21,25950.25,0.00
2025-12-08,19:28:00,25951.25,25953.75,25951.25,25953.25,187,25961.04,25951.06,0.00
2025-12-08,19:29:00,25953.25,25955.75,25952,25953.25,244,25960.85,25951.83,0.00
2025-12-08,19:30:00,25953.25,25955,25951,25951.5,212,25960.68,25951.97,0.00
2025-12-08,19:31:00,25951.75,25952.25,25950,25952,216,25960.48,25951.87,0.00
2025-12-08,19:32:00,25951.5,25951.75,25947.25,25949,313,25960.14,25949.33,0.00
2025-12-08,19:33:00,25949.25,25950.75,25946.25,25949.5,351,25959.77,25948.83,0.00
2025-12-08,19:34:00,25950,25950,25947.75,25948.75,126,25959.65,25948.83,0.00
2025-12-08,19:35:00,25948.5,25949.25,25945.75,25949.25,228,25959.41,25948.08,0.00
2025-12-08,19:36:00,25949.25,25950,25947.25,25949,128,25959.29,25948.32,0.00
2025-12-08,19:37:00,25948.75,25951.5,25947.25,25950,366,25958.98,25948.96,0.00
2025-12-08,19:38:00,25950.25,25956.5,25949.5,25954.5,491,25958.76,25950.80,0.00
2025-12-08,19:39:00,25954.25,25956.5,25951,25954.25,236,25958.67,25951.31,0.00
2025-12-08,19:40:00,25954,25958.5,25954,25956.25,438,25958.59,25952.45,0.00
2025-12-08,19:41:00,25957.75,25962,25955,25956,535,25958.55,25953.61,0.00
2025-12-08,19:42:00,25956.5,25959.25,25955,25955.25,337,25958.50,25953.96,0.00
2025-12-08,19:43:00,25956.25,25957.5,25954.25,25955.5,117,25958.47,25954.03,0.00
2025-12-08,19:44:00,25955.5,25959,25954.5,25957.25,116,25958.46,25954.14,0.00
2025-12-08,19:45:00,25957.75,25958,25955.5,25956,96,25958.45,25954.22,0.00
2025-12-08,19:46:00,25957,25958.75,25955,25957.5,126,25958.44,25954.33,0.00
2025-12-08,19:47:00,25957.25,25962.25,25957.25,25960,409,25958.48,25954.95,0.00
2025-12-08,19:48:00,25959.5,25963.5,25957.25,25962.25,348,25958.53,25955.48,0.00
2025-12-08,19:49:00,25963.25,25964.75,25960.5,25963,294,25958.62,25955.98,0.00
2025-12-08,19:50:00,25963,25964.5,25959.25,25961,279,25958.67,25956.33,0.00
2025-12-08,19:51:00,25961.75,25968,25961.25,25965.75,414,25958.83,25957.05,0.00
2025-12-08,19:52:00,25965.75,25971,25964.75,25970.25,459,25959.11,25958.03,0.00
2025-12-08,19:53:00,25970.75,25973.5,25968.25,25972.25,460,25959.45,25959.08,0.00
2025-12-08,19:54:00,25972.25,25977.25,25972.25,25977.25,427,25959.85,25960.19,0.00
2025-12-08,19:55:00,25977.25,25982,25976.75,25977.75,674,25978.83,25961.99,0.00
2025-12-08,19:56:00,25978.75,25980.75,25975.75,25976.75,343,25978.47,25962.73,0.00
2025-12-08,19:57:00,25977,25979.75,25975.75,25977.5,265,25978.30,25963.25,0.00
2025-12-08,19:58:00,25977.75,25981,25977.5,25977.75,269,25978.38,25963.78,0.00
2025-12-08,19:59:00,25979,25981,25977,25977.75,227,25978.41,25964.20,0.00
2025-12-08,20:00:00,25978.25,25980.75,25976.25,25979.75,283,25978.48,25964.70,0.00
2025-12-08,20:01:00,25980.25,25981,25972.75,25975.25,668,25977.95,25965.56,0.00
2025-12-08,20:02:00,25975.75,25979.75,25973.25,25978.75,340,25977.87,25965.98,0.00
2025-12-08,20:03:00,25979.5,25980,25975.5,25977.5,291,25977.86,25966.33,0.00
2025-12-08,20:04:00,25977,25978.5,25973.25,25976,227,25977.73,25966.55,0.00
2025-12-08,20:05:00,25975,25975.25,25969,25974.5,459,25977.19,25966.84,0.00
2025-12-08,20:06:00,25975.5,25977,25973.5,25974.25,216,25977.07,25967.00,0.00
2025-12-08,20:07:00,25973.5,25976.25,25972.25,25974,295,25976.88,25967.20,0.00
2025-12-08,20:08:00,25974.5,25978,25974,25977,158,25976.87,25967.33,0.00
2025-12-08,20:09:00,25977.75,25978.75,25973,25973.5,160,25976.81,25967.44,0.00
2025-12-08,20:10:00,25973.5,25977.5,25973,25976,144,25976.77,25967.54,0.00
2025-12-08,20:11:00,25975.25,25978.25,25974.75,25978,169,25976.78,25967.68,0.00
2025-12-08,20:12:00,25978.25,25979,25975,25975.25,149,25976.77,25967.79,0.00
2025-12-08,20:13:00,25974.5,25976.5,25972.75,25974.75,128,25976.72,25967.87,0.00
2025-12-08,20:14:00,25975,25977,25973.75,25976.5,109,25976.70,25967.94,0.00
2025-12-08,20:15:00,25976.75,25977.75,25973,25973.25,145,25976.65,25968.02,0.00
2025-12-08,20:16:00,25973,25974.25,25970.5,25973,471,25976.34,25968.19,0.00
2025-12-08,20:17:00,25972.75,25975.25,25972.25,25973.75,138,25976.28,25968.25,0.00
2025-12-08,20:18:00,25974.25,25974.25,25966.5,25969.25,455,25975.86,25968.31,0.00
2025-12-08,20:19:00,25969,25971.5,25967.5,25969.5,192,25975.69,25968.33,0.00
2025-12-08,20:20:00,25969.5,25971.5,25968.75,25971,124,25975.59,25968.35,0.00
2025-12-08,20:21:00,25971,25972.5,25969.5,25970.5,149,25975.50,25968.38,0.00
2025-12-08,20:22:00,25970.75,25975.5,25970.25,25973.5,377,25975.38,25968.50,0.00
2025-12-08,20:23:00,25973.75,25973.75,25969.5,25969.75,146,25975.29,25968.53,0.00
2025-12-08,20:24:00,25970.25,25970.75,25968,25970.25,172,25975.17,25968.54,0.00
2025-12-08,20:25:00,25970.25,25971.5,25969.5,25970.25,103,25975.11,25968.56,0.00
2025-12-08,20:26:00,25971.25,25974.75,25970.75,25974.25,170,25975.07,25968.61,0.00
2025-12-08,20:27:00,25974,25975.75,25973,25973.5,174,25975.05,25968.68,0.00
2025-12-08,20:28:00,25973,25973.25,25969.75,25972.25,112,25975.01,25968.70,0.00
2025-12-08,20:29:00,25972.5,25972.5,25967.75,25969.25,185,25974.90,25968.71,0.00
2025-12-08,20:30:00,25969.5,25971.5,25969,25970.5,67,25974.86,25968.72,0.00
2025-12-08,20:31:00,25970.5,25972.5,25969,25971.75,143,25974.80,25968.74,0.00
2025-12-08,20:32:00,25972.25,25973,25970.75,25970.75,101,25974.77,25968.76,0.00
2025-12-08,20:33:00,25970.75,25970.75,25966.75,25966.75,175,25974.64,25968.75,0.00
2025-12-08,20:34:00,25967.25,25969,25965.5,25968,216,25974.47,25968.74,0.00
2025-12-08,20:35:00,25968,25969.5,25968,25969,89,25974.42,25968.74,0.00
2025-12-08,20:36:00,25968.5,25974.25,25968.5,25974.25,154,25974.39,25968.77,0.00
2025-12-08,20:37:00,25974.25,25974.25,25971.25,25971.25,120,25974.36,25968.80,0.00
2025-12-08,20:38:00,25970.75,25972,25970.25,25972,95,25974.33,25968.81,0.00
2025-12-08,20:39:00,25970.75,25973,25970.75,25972.75,70,25974.32,25968.83,0.00
2025-12-08,20:40:00,25973.25,25974,25971.75,25973.25,65,25974.31,25968.85,0.00
2025-12-08,20:41:00,25972.75,25973.25,25969.5,25970,138,25974.26,25968.86,0.00
2025-12-08,20:42:00,25969.25,25972,25969,25970.5,97,25974.23,25968.87,0.00
2025-12-08,20:43:00,25971,25972.5,25969.75,25970.25,180,25974.17,25968.89,0.00
2025-12-08,20:44:00,25969.75,25969.75,25967.75,25969.25,75,25974.13,25968.89,0.00
2025-12-08,20:45:00,25969.25,25970.25,25968.75,25970.25,65,25974.10,25968.90,0.00
2025-12-08,20:46:00,25970.5,25970.75,25968.5,25969.5,98,25974.06,25968.90,0.00
2025-12-08,20:47:00,25969.5,25969.75,25965.75,25968,154,25973.97,25968.89,0.00
2025-12-08,20:48:00,25967.75,25968,25965.5,25966.75,157,25973.87,25968.87,0.00
2025-12-08,20:49:00,25967,25967.5,25964.75,25966.5,186,25973.74,25968.84,0.00
2025-12-08,20:50:00,25966.75,25970.75,25965.75,25970.5,258,25973.63,25968.85,0.00
2025-12-08,20:51:00,25970.75,25976,25970,25975,485,25973.64,25968.97,0.00
2025-12-08,20:52:00,25975.25,25977.5,25974.25,25976.75,378,25973.71,25969.12,0.00
2025-12-08,20:53:00,25976.75,25978.25,25973.5,25974.25,263,25973.75,25969.21,0.00
2025-12-08,20:54:00,25973.75,25975.75,25972.5,25975.75,188,25973.76,25969.26,0.00
2025-12-08,20:55:00,25975.75,25976.75,25974,25976,148,25973.78,25969.31,0.00
2025-12-08,20:56:00,25976.25,25979.25,25975.75,25978.75,330,25973.89,25969.46,0.00
2025-12-08,20:57:00,25978,25978.75,25975.5,25976.5,126,25973.91,25969.50,0.00
2025-12-08,20:58:00,25977,25977.5,25974.25,25974.75,180,25973.94,25969.56,0.00
2025-12-08,20:59:00,25974.75,25976.25,25973.5,25975,131,25973.95,25969.59,0.00
2025-12-08,21:00:00,25974.25,25975.5,25971.25,25972.75,373,25973.92,25969.66,0.00
2025-12-08,21:01:00,25972.75,25974.5,25965.75,25970.25,604,25973.77,25969.67,0.00
2025-12-08,21:02:00,25970.75,25975.5,25968.5,25972,448,25973.72,25969.72,0.00
2025-12-08,21:03:00,25972.25,25975.25,25971.5,25973.5,192,25973.71,25969.76,0.00
2025-12-08,21:04:00,25973.5,25975,25969.5,25970.5,232,25973.68,25969.78,0.00
2025-12-08,21:05:00,25970.5,25971,25958.5,25961,1214,25972.94,25969.44,0.00
2025-12-08,21:06:00,25961.5,25967.5,25956.25,25960,972,25972.30,25969.11,0.00
2025-12-08,21:07:00,25960.75,25964.25,25959.75,25960.75,423,25972.05,25968.98,0.00
2025-12-08,21:08:00,25961.25,25964.25,25959.75,25963.25,267,25971.91,25968.91,0.00
2025-12-08,21:09:00,25963.75,25969.25,25963.5,25967.5,540,25971.76,25968.86,0.00
2025-12-08,21:10:00,25967.75,25971.5,25965.75,25971.5,280,25971.73,25968.87,0.00
2025-12-08,21:11:00,25971,25975,25967.75,25968.5,594,25971.69,25968.91,0.00
2025-12-08,21:12:00,25969.25,25978,25968.25,25977.75,356,25971.74,25968.99,0.00
2025-12-08,21:13:00,25978,25978.75,25973.25,25973.75,376,25971.80,25969.07,0.00
2025-12-08,21:14:00,25974.5,25978.5,25973,25977,212,25971.85,25969.13,0.00
2025-12-08,21:15:00,25977.25,25979.25,25976.25,25978,216,25971.91,25969.20,0.00
2025-12-08,21:16:00,25977.25,25978.5,25975.25,25976.75,222,25971.96,25969.26,0.00
2025-12-08,21:17:00,25976.25,25977.25,25974.5,25976.25,177,25972.00,25969.30,0.00
2025-12-08,21:18:00,25976.25,25978.25,25975,25978,158,25972.03,25969.35,0.00
2025-12-08,21:19:00,25978.25,25979,25976.75,25977,143,25972.07,25969.39,0.00
2025-12-08,21:20:00,25977.75,25978.5,25975.5,25977,173,25972.11,25969.44,0.00
2025-12-08,21:21:00,25977,25978.75,25975,25978,246,25972.17,25969.50,0.00
2025-12-08,21:22:00,25978,25980,25977,25979.25,250,25972.24,25969.58,0.00
2025-12-08,21:23:00,25979.25,25982.75,25977.25,25981,431,25980.33,25969.74,0.00
2025-12-08,21:24:00,25980.5,25982,25978.5,25980.75,296,25980.37,25969.85,0.00
2025-12-08,21:25:00,25981,25982,25974.5,25974.75,402,25979.20,25969.95,0.00
2025-12-08,21:26:00,25975,25975,25971.5,25971.5,400,25977.49,25969.99,0.00
2025-12-08,21:27:00,25972.5,25973.75,25970.25,25972.5,249,25976.74,25970.00,0.00
2025-12-08,21:28:00,25972,25972,25963.5,25963.75,747,25973.69,25969.92,0.00
2025-12-08,21:29:00,25963.5,25966,25958.75,25963,745,25971.16,25969.75,0.00
2025-12-08,21:30:00,25963.25,25963.25,25958.75,25959,256,25970.37,25969.67,0.00
2025-12-08,21:31:00,25959,25962.5,25958.25,25958.75,358,25969.40,25969.56,0.00
2025-12-08,21:32:00,25959,25966.25,25959,25963.75,418,25968.78,25969.48,0.00
2025-12-08,21:33:00,25964.75,25967.5,25963,25964.75,365,25968.49,25969.43,0.00
2025-12-08,21:34:00,25964,25965,25942.25,25947.25,2113,25963.20,25951.50,0.00
2025-12-08,21:35:00,25947.75,25953.5,25946,25953,759,25961.95,25951.32,0.00
2025-12-08,21:36:00,25953,25959,25952.5,25956.75,556,25961.55,25952.10,0.00
2025-12-08,21:37:00,25955.75,25956.25,25953,25953.5,235,25961.34,25952.23,0.00
2025-12-08,21:38:00,25954,25954,25946.25,25946.25,669,25960.41,25951.71,0.00
2025-12-08,21:39:00,25946.25,25947.25,25938.25,25941.75,946,25958.70,25942.42,0.00
2025-12-08,21:40:00,25941.75,25946.5,25941.25,25945.25,423,25958.11,25943.01,0.00
2025-12-08,21:41:00,25945.25,25950,25944.25,25947.25,467,25957.64,25944.07,0.00
2025-12-08,21:42:00,25947.25,25950.5,25945.25,25948.25,291,25957.39,25944.60,0.00
2025-12-08,21:43:00,25947.75,25952.25,25946.5,25952.25,280,25957.22,25945.27,0.00
2025-12-08,21:44:00,25951.5,25951.75,25945.5,25945.75,286,25956.98,25945.53,0.00
2025-12-08,21:45:00,25945.75,25948,25940.75,25947.25,593,25956.42,25945.49,0.00
2025-12-08,21:46:00,25947.25,25949.25,25944.75,25948.75,230,25956.26,25945.63,0.00
2025-12-08,21:47:00,25949,25949.75,25945.75,25947.5,185,25956.13,25945.73,0.00
2025-12-08,21:48:00,25947.75,25953,25947.5,25953,258,25956.03,25946.08,0.00
2025-12-08,21:49:00,25953,25954,25950.75,25951.5,262,25955.96,25946.46,0.00
2025-12-08,21:50:00,25952,25952.25,25947.75,25949,204,25955.86,25946.60,0.00
2025-12-08,21:51:00,25949.25,25950,25947.25,25948,183,25955.76,25946.68,0.00
2025-12-08,21:52:00,25947.25,25949.75,25946.5,25948,174,25955.66,25946.73,0.00
2025-12-08,21:53:00,25947.5,25951.5,25945.25,25951,248,25955.55,25946.85,0.00
2025-12-08,21:54:00,25951,25951.75,25945.75,25946.25,207,25955.44,25946.89,0.00
2025-12-08,21:55:00,25945.75,25948.5,25944.25,25945.75,290,25955.25,25946.86,0.00
2025-12-08,21:56:00,25945.5,25947.5,25944.25,25947.5,154,25955.16,25946.84,0.00
2025-12-08,21:57:00,25946.75,25948.5,25945.75,25947.5,98,25955.11,25946.85,0.00
2025-12-08,21:58:00,25948,25950.25,25945.5,25946.25,175,25955.02,25946.86,0.00
2025-12-08,21:59:00,25946,25947.25,25945,25946,103,25954.96,25946.85,0.00
2025-12-08,22:00:00,25946,25946.75,25944.75,25945.25,99,25954.90,25946.83,0.00
2025-12-08,22:01:00,25945,25950.75,25944.75,25946.5,277,25954.76,25946.85,0.00
2025-12-08,22:02:00,25945.75,25946,25943.25,25943.25,259,25954.58,25946.75,0.00
2025-12-08,22:03:00,25943.5,25944,25941.25,25942.25,358,25954.32,25946.53,0.00
2025-12-08,22:04:00,25942.5,25946.5,25942.25,25944.5,214,25954.18,25946.47,0.00
2025-12-08,22:05:00,25944.25,25948.5,25943,25948,204,25954.09,25946.47,0.00
2025-12-08,22:06:00,25947.75,25949.75,25944.5,25944.5,254,25953.97,25946.46,0.00
2025-12-08,22:07:00,25944.5,25951.5,25944.5,25949.75,340,25953.86,25946.55,0.00
2025-12-08,22:08:00,25950.5,25950.5,25945,25945.75,188,25953.79,25946.57,0.00
2025-12-08,22:09:00,25946.25,25947.75,25941.75,25942,293,25953.62,25946.47,0.00
2025-12-08,22:10:00,25941.5,25942.5,25939.75,25941.25,368,25953.37,25946.25,0.00
2025-12-08,22:11:00,25942,25943,25940.25,25941.75,185,25953.25,25946.16,0.00
2025-12-08,22:12:00,25941.75,25943.75,25938.25,25939,271,25953.06,25945.99,0.00
2025-12-08,22:13:00,25939.25,25939.75,25929,25931,1266,25951.78,25933.25,0.00
2025-12-08,22:14:00,25930.75,25938.75,25928.5,25938,763,25951.16,25935.08,0.00
2025-12-08,22:15:00,25937.75,25946.25,25937,25945.25,656,25950.90,25938.67,0.00
2025-12-08,22:16:00,25945,25956,25944.75,25955.5,990,25950.95,25944.18,0.00
2025-12-08,22:17:00,25955.75,25960.25,25954.75,25957.5,983,25951.23,25948.04,0.00
2025-12-08,22:18:00,25957.25,25957.75,25952.75,25953.5,388,25951.29,25948.72,0.00
2025-12-08,22:19:00,25953.5,25959.5,25950.75,25959,373,25951.37,25949.41,0.00
2025-12-08,22:20:00,25958.75,25961.25,25955.75,25957.75,336,25951.46,25950.07,0.00
2025-12-08,22:21:00,25957.25,25957.75,25954,25957.5,222,25951.51,25950.37,0.00
2025-12-08,22:22:00,25957.25,25960.5,25956.5,25958.25,217,25951.57,25950.73,0.00
2025-12-08,22:23:00,25958.5,25960.25,25956.75,25959.25,121,25951.60,25950.92,0.00
2025-12-08,22:24:00,25960,25962,25957.5,25958,313,25951.70,25951.40,0.00
2025-12-08,22:25:00,25957.75,25958.5,25951.75,25952.75,353,25951.73,25951.58,0.00
2025-12-08,22:26:00,25952.25,25954.75,25948.75,25952.5,507,25951.74,25951.62,0.00
2025-12-08,22:27:00,25952.5,25953.75,25948.5,25950.75,193,25951.73,25951.60,0.00
2025-12-08,22:28:00,25950.25,25951.5,25948,25948.75,196,25951.72,25951.53,0.00
2025-12-08,22:29:00,25947.75,25950.5,25947.25,25950.25,137,25951.70,25951.49,0.00
2025-12-08,22:30:00,25949,25951.75,25949,25951.25,157,25951.70,25951.47,0.00
2025-12-08,22:31:00,25950.75,25952.5,25950,25951,158,25951.70,25951.46,0.00
2025-12-08,22:32:00,25950.75,25950.75,25945.5,25947.25,253,25951.66,25951.34,0.00
2025-12-08,22:33:00,25946.5,25946.75,25942,25942,578,25951.49,25950.77,0.00
2025-12-08,22:34:00,25942.5,25946.25,25941.25,25946.25,246,25951.43,25950.58,0.00
2025-12-08,22:35:00,25946.25,25948.75,25944.5,25944.5,164,25951.40,25950.49,0.00
2025-12-08,22:36:00,25944.5,25945.75,25939.25,25939.5,234,25951.31,25950.24,0.00
2025-12-08,22:37:00,25939.5,25945.75,25938.25,25945.25,333,25951.22,25949.97,0.00
2025-12-08,22:38:00,25945.5,25947.25,25944,25944.25,131,25951.19,25949.90,0.00
2025-12-08,22:39:00,25944.75,25945,25940.75,25940.75,162,25951.14,25949.77,0.00
2025-12-08,22:40:00,25940.5,25942,25938,25941.75,224,25951.06,25949.55,0.00
2025-12-08,22:41:00,25942.5,25943,25939,25940.25,245,25950.97,25949.33,0.00
2025-12-08,22:42:00,25940,25941.25,25938.25,25940.75,206,25950.90,25949.13,0.00
2025-12-08,22:43:00,25941.25,25945.25,25939.75,25945,296,25950.82,25948.96,0.00
2025-12-08,22:44:00,25945.25,25948,25945,25945,142,25950.80,25948.92,0.00
2025-12-08,22:45:00,25945.25,25946.75,25942.75,25944.5,147,25950.77,25948.86,0.00
2025-12-08,22:46:00,25945,25945.75,25940.5,25944.25,202,25950.72,25948.76,0.00
2025-12-08,22:47:00,25944.5,25947.25,25944.25,25946.5,105,25950.70,25948.73,0.00
2025-12-08,22:48:00,25946.75,25949.25,25946.25,25949,166,25950.69,25948.72,0.00
2025-12-08,22:49:00,25949,25950.25,25944.25,25945.75,151,25950.67,25948.70,0.00
2025-12-08,22:50:00,25945.75,25948.75,25945.75,25946.5,92,25950.66,25948.68,0.00
2025-12-08,22:51:00,25946.25,25946.5,25943.75,25945,62,25950.65,25948.66,0.00
2025-12-08,22:52:00,25945.5,25948.25,25945,25948,72,25950.64,25948.65,0.00
2025-12-08,22:53:00,25948,25951,25947.5,25950.25,151,25950.63,25948.67,0.00
2025-12-08,22:54:00,25950.25,25950.75,25944.75,25945,119,25950.62,25948.65,0.00
2025-12-08,22:55:00,25945.25,25946.5,25943.5,25944.5,101,25950.60,25948.61,0.00
2025-12-08,22:56:00,25945.25,25947.25,25943.5,25944,100,25950.58,25948.58,0.00
2025-12-08,22:57:00,25944.25,25944.75,25941.5,25943.5,206,25950.53,25948.49,0.00
2025-12-08,22:58:00,25943.75,25948.75,25943.25,25948.25,91,25950.52,25948.48,0.00
2025-12-08,22:59:00,25948.25,25949,25945,25947.75,102,25950.51,25948.47,0.00
2025-12-08,23:00:00,25947.5,25947.75,25945.25,25945.75,96,25950.50,25948.45,0.00
2025-12-08,23:01:00,25945,25947.25,25944.25,25945.25,182,25950.47,25948.41,0.00
2025-12-08,23:02:00,25945,25946,25943.5,25944.75,44,25950.46,25948.39,0.00
2025-12-08,23:03:00,25945.5,25945.5,25942,25942.5,74,25950.45,25948.36,0.00
2025-12-08,23:04:00,25942.25,25943.25,25937.5,25941.25,400,25950.33,25948.13,0.00
2025-12-08,23:05:00,25941.25,25945.25,25940.75,25945,169,25950.29,25948.07,0.00
2025-12-08,23:06:00,25945,25950.25,25944,25949.25,240,25950.28,25948.06,0.00
2025-12-08,23:07:00,25949.5,25951.75,25948.5,25949.5,316,25950.27,25948.11,0.00
2025-12-08,23:08:00,25951,25951,25946.5,25948.25,104,25950.27,25948.11,0.00
2025-12-08,23:09:00,25947.5,25947.5,25943.25,25945,181,25950.24,25948.07,0.00
2025-12-08,23:10:00,25944.25,25946.5,25942.5,25945.25,116,25950.22,25948.05,0.00
2025-12-08,23:11:00,25945.25,25946.5,25944.5,25945,120,25950.20,25948.02,0.00
2025-12-08,23:12:00,25944.75,25946.5,25943.75,25943.75,75,25950.19,25948.01,0.00
2025-12-08,23:13:00,25945,25946.25,25944.5,25946,84,25950.18,25947.99,0.00
2025-12-08,23:14:00,25945.75,25947,25944.25,25945,161,25950.16,25947.96,0.00
2025-12-08,23:15:00,25944.75,25948,25944.5,25947.25,90,25950.15,25947.95,0.00
2025-12-08,23:16:00,25947,25949.25,25945.25,25949.25,147,25950.14,25947.95,0.00
2025-12-08,23:17:00,25949,25951.25,25948,25950.25,154,25950.14,25947.97,0.00
2025-12-08,23:18:00,25950.5,25952,25949.5,25951,171,25950.14,25948.01,0.00
2025-12-08,23:19:00,25951.5,25953,25947.5,25950.5,222,25950.14,25948.04,0.00
2025-12-08,23:20:00,25950.25,25950.75,25949.25,25949.25,74,25950.14,25948.05,0.00
2025-12-08,23:21:00,25949.25,25951.25,25946.5,25947.25,212,25950.13,25948.05,0.00
2025-12-08,23:22:00,25947.25,25947.75,25942.75,25943.75,281,25950.09,25947.99,0.00
2025-12-08,23:23:00,25943.75,25946.25,25942.5,25944.75,110,25950.07,25947.97,0.00
2025-12-08,23:24:00,25944.75,25946,25942.75,25942.75,72,25950.06,25947.95,0.00
2025-12-08,23:25:00,25943.25,25946,25942.75,25945,77,25950.05,25947.93,0.00
2025-12-08,23:26:00,25945,25947.5,25944.5,25946.25,76,25950.04,25947.93,0.00
2025-12-08,23:27:00,25946,25947.25,25944.25,25945.5,105,25950.03,25947.91,0.00
2025-12-08,23:28:00,25946,25947.25,25943,25943.5,129,25950.01,25947.89,0.00
2025-12-08,23:29:00,25943.5,25946.75,25943,25946.75,129,25949.99,25947.87,0.00
2025-12-08,23:30:00,25946.5,25948,25945,25947.25,121,25949.98,25947.86,0.00
2025-12-08,23:31:00,25947.25,25953.5,25944,25945,767,25949.93,25947.84,0.00
2025-12-08,23:32:00,25946.25,25947.25,25942.25,25943.75,231,25949.89,25947.80,0.00
2025-12-08,23:33:00,25944.5,25949.75,25944.25,25949.5,186,25949.88,25947.80,0.00
2025-12-08,23:34:00,25949.5,25953.5,25948.75,25951.25,335,25949.89,25947.86,0.00
2025-12-08,23:35:00,25951.25,25951.5,25947.5,25949.75,198,25949.89,25947.88,0.00
2025-12-08,23:36:00,25949.25,25953,25948.5,25952.75,156,25949.90,25947.91,0.00
2025-12-08,23:37:00,25952.5,25953.75,25950.75,25951.75,217,25949.91,25947.96,0.00
2025-12-08,23:38:00,25952.5,25953.25,25949.5,25950.5,93,25949.91,25947.97,0.00
2025-12-08,23:39:00,25950,25951.75,25949.25,25950,128,25949.92,25947.99,0.00
2025-12-08,23:40:00,25950.25,25952,25949.25,25951.75,119,25949.92,25948.01,0.00
2025-12-08,23:41:00,25952,25953,25951,25952.25,144,25949.93,25948.04,0.00
2025-12-08,23:42:00,25952,25952.25,25947.5,25948,165,25949.92,25948.05,0.00
2025-12-08,23:43:00,25947.5,25950.5,25947,25950.25,297,25949.92,25948.07,0.00
2025-12-08,23:44:00,25950.5,25953.75,25947.5,25950.25,285,25949.92,25948.10,0.00
2025-12-08,23:45:00,25948.75,25951.5,25948.25,25948.5,72,25949.92,25948.11,0.00
2025-12-08,23:46:00,25948,25950,25947.25,25948.25,134,25949.92,25948.11,0.00
2025-12-08,23:47:00,25948,25949.25,25945.25,25947.5,215,25949.90,25948.10,0.00
2025-12-08,23:48:00,25946.75,25947,25942.5,25945,408,25949.85,25948.04,0.00
2025-12-08,23:49:00,25943.75,25946,25941,25942.5,318,25949.80,25947.96,0.00
2025-12-08,23:50:00,25942.25,25943.25,25941.5,25942.75,101,25949.78,25947.94,0.00
2025-12-08,23:51:00,25942.25,25942.75,25939,25940.25,208,25949.74,25947.87,0.00
2025-12-08,23:52:00,25939.25,25944.25,25938.75,25944.25,172,25949.71,25947.82,0.00
2025-12-08,23:53:00,25944,25946.25,25943.5,25946.25,133,25949.69,25947.81,0.00
2025-12-08,23:54:00,25946.5,25951.25,25946,25950.5,274,25949.69,25947.83,0.00
2025-12-08,23:55:00,25950.75,25954,25948.75,25951.5,376,25949.70,25947.89,0.00
2025-12-08,23:56:00,25952.25,25953,25949,25949.75,116,25949.71,25947.90,0.00
2025-12-08,23:57:00,25950,25952.75,25949,25952,99,25949.71,25947.91,0.00
2025-12-08,23:58:00,25952,25954.75,25951.25,25953.25,178,25949.72,25947.95,0.00
2025-12-08,23:59:00,25953.75,25955.25,25949.5,25951.25,218,25949.74,25947.99,0.00
2025-12-08,00:00:00,26044,26045.75,26041.5,26042.25,263,26040.81,26013.22,0.00
2025-12-08,00:01:00,26042.75,26044,26042.25,26042.5,117,26040.86,26013.28,0.00
2025-12-08,00:02:00,26042.75,26045.25,26042.5,26042.75,152,26040.94,26013.36,0.00
2025-12-08,00:03:00,26043,26044.75,26041.75,26044.25,109,26040.99,26013.41,0.00
2025-12-08,00:04:00,26044.25,26047,26043.75,26045,153,26041.11,26013.49,0.00
2025-12-08,00:05:00,26045,26045.75,26043.25,26044.25,96,26041.17,26013.54,0.00
2025-12-08,00:06:00,26044,26044.25,26043,26044.25,31,26041.18,26013.56,0.00
2025-12-08,00:07:00,26043.5,26044,26042,26042,102,26041.21,26013.61,0.00
2025-12-08,00:08:00,26042.25,26043.75,26040.5,26041.75,140,26041.23,26013.67,0.00
2025-12-08,00:09:00,26041.75,26044.5,26041.5,26043.75,98,26041.26,26013.72,0.00
2025-12-08,00:10:00,26042.75,26045.75,26042.5,26045.75,62,26041.30,26013.75,0.00
2025-12-08,00:11:00,26045.5,26046.25,26044.75,26045.5,94,26041.36,26013.80,0.00
2025-12-08,00:12:00,26045.5,26045.75,26043.75,26045.75,57,26041.40,26013.83,0.00
2025-12-08,00:13:00,26045.75,26049.25,26045.75,26046.75,339,26047.25,26014.02,0.00
2025-12-08,00:14:00,26047,26048.5,26046.25,26048,92,26047.32,26014.07,0.00
2025-12-08,00:15:00,26047.5,26051,26047.25,26050.25,368,26049.50,26014.28,0.00
2025-12-08,00:16:00,26050.25,26050.5,26047,26047.5,304,26048.97,26014.45,0.00
2025-12-08,00:17:00,26047.75,26049.25,26047,26049.25,89,26048.92,26014.50,0.00
2025-12-08,00:18:00,26049.5,26051.75,26049.25,26049.25,294,26050.08,26014.67,0.00
2025-12-08,00:19:00,26049.75,26051.75,26049.25,26051,118,26050.25,26014.74,0.00
2025-12-08,00:20:00,26051,26052.5,26049.5,26049.75,184,26050.58,26014.84,0.00
2025-12-08,00:21:00,26049.5,26050.75,26048.75,26049.75,141,26050.22,26014.92,0.00
2025-12-08,00:22:00,26049.5,26050.75,26048.25,26049.75,132,26050.04,26014.99,0.00
2025-12-08,00:23:00,26050.25,26050.75,26049.5,26049.5,74,26050.02,26015.04,0.00
2025-12-08,00:24:00,26049.75,26049.75,26048.75,26049.25,73,26049.93,26015.08,0.00
2025-12-08,00:25:00,26049.25,26050,26049,26049.75,55,26049.90,26015.11,0.00
2025-12-08,00:26:00,26049.5,26051.75,26049.5,26051.25,179,26050.10,26015.21,0.00
2025-12-08,00:27:00,26051.25,26051.75,26049.25,26050,121,26050.13,26015.27,0.00
2025-12-08,00:28:00,26049.75,26051.25,26049,26050.5,89,26050.14,26015.32,0.00
2025-12-08,00:29:00,26050.5,26052.25,26050.25,26050.25,107,26050.21,26015.38,0.00
2025-12-08,00:30:00,26050,26050,26049,26049.5,50,26050.18,26015.41,0.00
2025-12-08,00:31:00,26049.75,26051.75,26049.75,26051.25,111,26050.24,26015.47,0.00
2025-12-08,00:32:00,26051.5,26053.5,26050.5,26052,408,26052.00,26015.71,0.00
2025-12-08,00:33:00,26051.5,26053,26051,26052.75,103,26052.05,26015.77,0.00
2025-12-08,00:34:00,26052.5,26053.25,26051.25,26053,106,26052.13,26015.83,0.00
2025-12-08,00:35:00,26053,26054,26051.25,26051.5,175,26052.25,26015.93,0.00
2025-12-08,00:36:00,26051.5,26051.75,26047.5,26048.5,270,26050.43,26016.07,0.00
2025-12-08,00:37:00,26048.5,26050,26047,26048.5,300,26049.65,26016.22,0.00
2025-12-08,00:38:00,26048.5,26050.75,26048.5,26050.5,152,26049.70,26016.29,0.00
2025-12-08,00:39:00,26050.5,26053.75,26050.25,26053.25,173,26050.14,26016.39,0.00
2025-12-08,00:40:00,26053.25,26053.5,26051.25,26051.25,88,26050.28,26016.44,0.00
2025-12-08,00:41:00,26051.5,26053.25,26051.5,26052.75,87,26050.43,26016.49,0.00
2025-12-08,00:42:00,26053,26053.25,26051,26052,138,26050.60,26016.56,0.00
2025-12-08,00:43:00,26051.75,26052,26050,26051,102,26050.63,26016.62,0.00
2025-12-08,00:44:00,26050.5,26052.5,26050.5,26051.5,70,26050.67,26016.65,0.00
2025-12-08,00:45:00,26051.5,26051.75,26049.75,26051,121,26050.68,26016.72,0.00
2025-12-08,00:46:00,26051,26053.25,26050.5,26051.25,289,26050.82,26016.87,0.00
2025-12-08,00:47:00,26051,26051,26049.75,26050.5,155,26050.79,26016.95,0.00
2025-12-08,00:48:00,26050.75,26054,26050.75,26053.25,179,26050.94,26017.04,0.00
2025-12-08,00:49:00,26053.25,26054,26051.25,26052.5,179,26051.06,26017.14,0.00
2025-12-08,00:50:00,26052.25,26052.25,26051.25,26051.5,66,26051.07,26017.17,0.00
2025-12-08,00:51:00,26051.25,26051.25,26047.75,26049.25,250,26050.93,26017.29,0.00
2025-12-08,00:52:00,26049.5,26050.75,26048.75,26050.5,137,26050.88,26017.36,0.00
2025-12-08,00:53:00,26050.5,26054.25,26050,26054.25,274,26052.83,26017.51,0.00
2025-12-08,00:54:00,26054.25,26055.5,26052.5,26054,369,26054.00,26017.71,0.00
2025-12-08,00:55:00,26053.5,26055.75,26053.5,26055,100,26054.75,26017.76,0.00
2025-12-08,00:56:00,26055.5,26055.75,26053.5,26055,139,26054.75,26017.84,0.00
2025-12-08,00:57:00,26055.25,26056.5,26053.5,26053.75,215,26054.58,26017.95,0.00
2025-12-08,00:58:00,26054,26055.5,26053,26055.25,109,26054.58,26018.01,0.00
2025-12-08,00:59:00,26055.25,26055.75,26053.25,26053.75,122,26054.49,26018.08,0.00
2025-12-08,01:00:00,26053.75,26053.75,26051.75,26052.25,156,26054.00,26018.15,0.00
2025-12-08,01:01:00,26052.25,26052.5,26048.5,26049,334,26052.57,26018.31,0.00
2025-12-08,01:02:00,26049.5,26052.25,26048.75,26051,157,26052.30,26018.38,0.00
2025-12-08,01:03:00,26051.25,26052,26048,26048,157,26051.93,26018.45,0.00
2025-12-08,01:04:00,26048.25,26049.75,26047.75,26048.75,155,26051.57,26018.52,0.00
2025-12-08,01:05:00,26049,26049.75,26045.75,26047.25,311,26050.85,26018.65,0.00
2025-12-08,01:06:00,26047.75,26049.5,26047.5,26048.5,119,26050.70,26018.70,0.00
2025-12-08,01:07:00,26049,26049.25,26047,26048,130,26050.53,26018.76,0.00
2025-12-08,01:08:00,26048.25,26049.75,26046.5,26049,127,26050.40,26018.81,0.00
2025-12-08,01:09:00,26049.5,26050.25,26048,26049.5,100,26050.35,26018.85,0.00
2025-12-08,01:10:00,26049.5,26049.75,26045.75,26045.75,139,26050.15,26018.91,0.00
2025-12-08,01:11:00,26045.75,26048,26043.75,26046.25,374,26049.58,26019.05,0.00
2025-12-08,01:12:00,26046.75,26052.25,26046.75,26051.75,273,26049.64,26019.17,0.00
2025-12-08,01:13:00,26051.5,26052.5,26049.75,26050,203,26049.71,26019.26,0.00
2025-12-08,01:14:00,26050,26052.25,26049.25,26052,96,26049.75,26019.31,0.00
2025-12-08,01:15:00,26051.75,26052.5,26050.75,26052,82,26049.80,26019.34,0.00
2025-12-08,01:16:00,26052,26052.5,26051.5,26052,86,26049.86,26019.38,0.00
2025-12-08,01:17:00,26051.75,26052.5,26050,26052.5,76,26049.90,26019.42,0.00
2025-12-08,01:18:00,26051.75,26053.5,26051.25,26052.75,127,26049.99,26019.48,0.00
2025-12-08,01:19:00,26053,26053.75,26052,26053,139,26050.09,26019.54,0.00
2025-12-08,01:20:00,26052.75,26055.75,26052.75,26055,252,26050.37,26019.66,0.00
2025-12-08,01:21:00,26055,26056,26053.75,26054.25,135,26050.51,26019.73,0.00
2025-12-08,01:22:00,26054,26055,26052.5,26053.5,96,26050.58,26019.78,0.00
2025-12-08,01:23:00,26053.5,26053.5,26051.25,26051.75,93,26050.61,26019.82,0.00
2025-12-08,01:24:00,26051.75,26055.75,26050.75,26055.75,185,26050.75,26019.90,0.00
2025-12-08,01:25:00,26055.5,26056,26054.25,26055.25,122,26050.87,26019.96,0.00
2025-12-08,01:26:00,26055.25,26057.25,26055,26057.25,213,26056.50,26020.07,0.00
2025-12-08,01:27:00,26057.25,26057.25,26055,26055,108,26056.25,26020.12,0.00
2025-12-08,01:28:00,26055.25,26056.5,26055,26055.5,93,26056.12,26020.17,0.00
2025-12-08,01:29:00,26055.25,26056.25,26053.75,26056.25,123,26055.96,26020.23,0.00
2025-12-08,01:30:00,26056,26056.25,26053.5,26054,62,26055.81,26020.26,0.00
2025-12-08,01:31:00,26054,26056.5,26054,26055,77,26055.74,26020.29,0.00
2025-12-08,01:32:00,26055,26055.5,26053.5,26053.5,89,26055.56,26020.34,0.00
2025-12-08,01:33:00,26053.75,26054.75,26053,26054,131,26055.32,26020.40,0.00
2025-12-08,01:34:00,26054,26054.75,26052.75,26054.75,93,26055.20,26020.44,0.00
2025-12-08,01:35:00,26054.25,26057.25,26054.25,26056.75,122,26055.30,26020.50,0.00
2025-12-08,01:36:00,26056.5,26057.75,26055.75,26055.75,233,26056.42,26020.61,0.00
2025-12-08,01:37:00,26055.5,26056.75,26054.75,26056.5,88,26056.30,26020.65,0.00
2025-12-08,01:38:00,26056.25,26056.25,26053.75,26054.25,91,26055.96,26020.70,0.00
2025-12-08,01:39:00,26054.25,26055,26052.75,26054,84,26055.61,26020.73,0.00
2025-12-08,01:40:00,26054.25,26054.5,26052.75,26053.5,149,26055.14,26020.80,0.00
2025-12-08,01:41:00,26053.5,26054.25,26052,26052.5,193,26054.63,26020.88,0.00
2025-12-08,01:42:00,26052.25,26054,26051.25,26053.5,180,26054.33,26020.96,0.00
2025-12-08,01:43:00,26054,26054,26052,26053.25,73,26054.24,26020.99,0.00
2025-12-08,01:44:00,26053.25,26054.75,26052.75,26053.75,115,26054.20,26021.04,0.00
2025-12-08,01:45:00,26053.5,26055,26053.5,26054,48,26054.20,26021.06,0.00
2025-12-08,01:46:00,26054,26055.25,26053.75,26054.75,38,26054.21,26021.08,0.00
2025-12-08,01:47:00,26055,26056,26054.75,26054.75,52,26054.25,26021.10,0.00
2025-12-08,01:48:00,26055.25,26056.75,26055,26056.25,103,26054.37,26021.15,0.00
2025-12-08,01:49:00,26056,26056.5,26054.5,26054.75,58,26054.40,26021.18,0.00
2025-12-08,01:50:00,26054.75,26055,26052,26052.75,92,26054.34,26021.22,0.00
2025-12-08,01:51:00,26052.25,26053.25,26050.25,26050.75,145,26054.09,26021.27,0.00
2025-12-08,01:52:00,26051,26051.5,26050,26050.25,136,26053.84,26021.33,0.00
2025-12-08,01:53:00,26050.5,26051,26046.25,26046.25,290,26053.04,26021.43,0.00
2025-12-08,01:54:00,26046.5,26046.75,26044.25,26045.25,338,26052.01,26021.54,0.00
2025-12-08,01:55:00,26045.5,26048.75,26045,26047,226,26051.59,26021.61,0.00
2025-12-08,01:56:00,26047.25,26049.5,26047,26047.25,117,26051.44,26021.65,0.00
2025-12-08,01:57:00,26047.5,26049.5,26047.5,26048.25,105,26051.33,26021.69,0.00
2025-12-08,01:58:00,26048.75,26049.75,26048,26048.5,72,26051.27,26021.71,0.00
2025-12-08,01:59:00,26048.5,26049,26047,26047.75,61,26051.20,26021.73,0.00
2025-12-08,02:00:00,26048,26048.25,26046.5,26047.5,94,26051.09,26021.77,0.00
2025-12-08,02:01:00,26047.5,26049.75,26046.75,26048,203,26050.91,26021.83,0.00
2025-12-08,02:02:00,26048,26049.25,26046.75,26046.75,58,26050.86,26021.85,0.00
2025-12-08,02:03:00,26046.75,26047.75,26041,26042,684,26049.65,26022.05,0.00
2025-12-08,02:04:00,26042.5,26042.75,26038.5,26039.5,440,26048.75,26022.15,0.00
2025-12-08,02:05:00,26039.5,26048,26039.25,26046,442,26048.36,26022.27,0.00
2025-12-08,02:06:00,26046.25,26047.75,26044,26044.75,170,26048.27,26022.32,0.00
2025-12-08,02:07:00,26045.5,26045.5,26044,26045.5,123,26048.19,26022.36,0.00
2025-12-08,02:08:00,26045.5,26048.5,26045.5,26048.5,141,26048.18,26022.40,0.00
2025-12-08,02:09:00,26048.25,26049.75,26046.75,26049,95,26048.18,26022.43,0.00
2025-12-08,02:10:00,26049,26054.5,26048.75,26052.5,467,26048.47,26022.61,0.00
2025-12-08,02:11:00,26052.75,26054.5,26052.25,26052.5,159,26048.59,26022.67,0.00
2025-12-08,02:12:00,26052.75,26055.75,26052.75,26055,140,26048.72,26022.72,0.00
2025-12-08,02:13:00,26055,26056.5,26054,26055.5,173,26048.90,26022.79,0.00
2025-12-08,02:14:00,26055.5,26060.25,26055.25,26059,436,26058.17,26022.99,0.00
2025-12-08,02:15:00,26059,26060.25,26057.75,26060.25,211,26058.57,26023.08,0.00
2025-12-08,02:16:00,26060.25,26063.25,26059.5,26062.75,483,26061.83,26023.31,0.00
2025-12-08,02:17:00,26062.75,26064.75,26060.25,26062,456,26062.33,26023.53,0.00
2025-12-08,02:18:00,26061.75,26064,26059.75,26061,220,26062.09,26023.63,0.00
2025-12-08,02:19:00,26060.75,26061.5,26060,26060.25,149,26061.82,26023.70,0.00
2025-12-08,02:20:00,26059.75,26061.25,26058,26061,270,26061.39,26023.82,0.00
2025-12-08,02:21:00,26061.5,26062,26059.25,26060.5,215,26061.26,26023.91,0.00
2025-12-08,02:22:00,26060.75,26062.25,26059.75,26061.5,99,26061.25,26023.96,0.00
2025-12-08,02:23:00,26061.5,26061.5,26059,26061.25,116,26061.20,26024.01,0.00
2025-12-08,02:24:00,26061.5,26063,26060.5,26061.75,127,26061.24,26024.07,0.00
2025-12-08,02:25:00,26062.25,26063,26061.5,26063,132,26061.34,26024.13,0.00
2025-12-08,02:26:00,26062.5,26062.75,26058,26058.5,206,26061.17,26024.22,0.00
2025-12-08,02:27:00,26058.5,26060,26058,26059.5,159,26061.02,26024.28,0.00
2025-12-08,02:28:00,26059.5,26061.25,26059,26060.5,129,26060.98,26024.34,0.00
2025-12-08,02:29:00,26059.75,26060.75,26057.5,26060.75,131,26060.91,26024.40,0.00
2025-12-08,02:30:00,26059.75,26061.75,26059.25,26060.25,62,26060.90,26024.42,0.00
2025-12-08,02:31:00,26059.75,26060,26056.75,26058.25,184,26060.72,26024.50,0.00
2025-12-08,02:32:00,26058.5,26060.5,26057,26059.75,112,26060.65,26024.54,0.00
2025-12-08,02:33:00,26059.75,26061.75,26058,26060,77,26060.63,26024.57,0.00
2025-12-08,02:34:00,26060.5,26062,26059.25,26061.5,78,26060.64,26024.61,0.00
2025-12-08,02:35:00,26061.5,26062,26058.25,26059.25,105,26060.61,26024.65,0.00
2025-12-08,02:36:00,26059.25,26060.25,26058.75,26059.25,102,26060.57,26024.69,0.00
2025-12-08,02:37:00,26059.25,26060.25,26058.25,26058.5,92,26060.53,26024.73,0.00
2025-12-08,02:38:00,26058.5,26064.5,26058.5,26061.75,335,26060.63,26024.88,0.00
2025-12-08,02:39:00,26061,26061.75,26058.25,26058.25,122,26060.59,26024.93,0.00
2025-12-08,02:40:00,26058.25,26060.5,26058.25,26059,99,26060.55,26024.97,0.00
2025-12-08,02:41:00,26059,26059,26056,26056.75,114,26060.46,26025.01,0.00
2025-12-08,02:42:00,26056.25,26057.25,26054.25,26054.5,187,26060.22,26025.08,0.00
2025-12-08,02:43:00,26054.75,26054.75,26050.75,26054,560,26059.37,26025.26,0.00
2025-12-08,02:44:00,26054,26054.25,26052,26053,83,26059.26,26025.29,0.00
2025-12-08,02:45:00,26053,26053,26050,26051.75,173,26058.99,26025.34,0.00
2025-12-08,02:46:00,26052,26057.75,26052,26056,275,26058.79,26025.43,0.00
2025-12-08,02:47:00,26056,26056.75,26054.5,26055.25,116,26058.72,26025.48,0.00
2025-12-08,02:48:00,26055.25,26056.25,26054.25,26056.25,50,26058.69,26025.49,0.00
2025-12-08,02:49:00,26056.25,26056.25,26054.25,26054.25,137,26058.59,26025.54,0.00
2025-12-08,02:50:00,26054.75,26055,26051.5,26052.5,115,26058.48,26025.58,0.00
2025-12-08,02:51:00,26052.25,26053,26051.5,26052.5,119,26058.35,26025.61,0.00
2025-12-08,02:52:00,26052.75,26054.5,26050.5,26051.25,146,26058.19,26025.66,0.00
2025-12-08,02:53:00,26051,26051.5,26047.5,26049,383,26057.65,26025.76,0.00
2025-12-08,02:54:00,26048.75,26051.25,26048.25,26050,150,26057.46,26025.80,0.00
2025-12-08,02:55:00,26049.25,26050.5,26048.5,26049.75,110,26057.33,26025.83,0.00
2025-12-08,02:56:00,26049.5,26051,26043.5,26043.75,389,26056.70,26025.92,0.00
2025-12-08,02:57:00,26043.5,26046.5,26041.5,26046,421,26056.00,26026.01,0.00
2025-12-08,02:58:00,26046.25,26047.25,26044.25,26045.25,90,26055.88,26026.03,0.00
2025-12-08,02:59:00,26045.75,26045.75,26043.25,26043.75,116,26055.70,26026.05,0.00
2025-12-08,03:00:00,26043.75,26044.75,26043.25,26043.25,104,26055.53,26026.07,0.00
2025-12-08,03:01:00,26043,26043,26030.75,26035,1513,26052.34,26026.24,0.00
2025-12-08,03:02:00,26035.5,26039,26034,26034.75,497,26051.49,26026.30,0.00
2025-12-08,03:03:00,26034.5,26037.5,26033.25,26037.5,192,26051.19,26026.32,0.00
2025-12-08,03:04:00,26037.25,26038.75,26033.25,26035.75,251,26050.81,26026.34,0.00
2025-12-08,03:05:00,26036,26040.5,26036,26039.75,238,26050.53,26026.38,0.00
2025-12-08,03:06:00,26040,26047.5,26040,26046,535,26050.23,26026.48,0.00
2025-12-08,03:07:00,26046,26046,26040.75,26040.75,221,26050.08,26026.52,0.00
2025-12-08,03:08:00,26041,26043.75,26038.25,26042.75,270,26049.87,26026.56,0.00
2025-12-08,03:09:00,26043.25,26048.75,26043.25,26046.75,247,26049.80,26026.62,0.00
2025-12-08,03:10:00,26046.75,26047.75,26043.25,26046.75,165,26049.74,26026.65,0.00
2025-12-08,03:11:00,26047,26048.25,26044.25,26045,244,26049.66,26026.70,0.00
2025-12-08,03:12:00,26045.5,26048,26043.5,26047.5,209,26049.61,26026.75,0.00
2025-12-08,03:13:00,26047.25,26049,26045.25,26048,177,26049.57,26026.78,0.00
2025-12-08,03:14:00,26048.25,26048.75,26046.5,26047,114,26049.55,26026.81,0.00
2025-12-08,03:15:00,26047.5,26049,26046,26047.25,140,26049.53,26026.84,0.00
2025-12-08,03:16:00,26047.5,26049,26046,26048,192,26049.50,26026.88,0.00
2025-12-08,03:17:00,26048,26059.5,26047.75,26058,748,26049.81,26027.11,0.00
2025-12-08,03:18:00,26058.5,26063.25,26057.75,26058.25,581,26050.22,26027.30,0.00
2025-12-08,03:19:00,26058.25,26060,26057.25,26060,170,26050.32,26027.36,0.00
2025-12-08,03:20:00,26059.5,26064.75,26057.5,26063.25,349,26050.60,26027.49,0.00
2025-12-08,03:21:00,26063,26067.5,26061.75,26062.5,512,26063.92,26027.68,0.00
2025-12-08,03:22:00,26063,26067.75,26063,26066.5,262,26065.75,26027.78,0.00
2025-12-08,03:23:00,26066,26069,26065.5,26066.5,315,26067.00,26027.91,0.00
2025-12-08,03:24:00,26065.25,26067.25,26063.25,26066.75,200,26066.51,26027.99,0.00
2025-12-08,03:25:00,26066.75,26067.75,26063.25,26064.25,216,26066.09,26028.07,0.00
2025-12-08,03:26:00,26065,26066.25,26063.25,26065.75,158,26065.91,26028.13,0.00
2025-12-08,03:27:00,26065.75,26067,26062.25,26062.5,181,26065.57,26028.20,0.00
2025-12-08,03:28:00,26063,26066.5,26060.75,26066.25,263,26065.36,26028.29,0.00
2025-12-08,03:29:00,26066.75,26068.75,26065,26065.25,255,26065.52,26028.39,0.00
2025-12-08,03:30:00,26065,26067,26064,26065.25,146,26065.51,26028.45,0.00
2025-12-08,03:31:00,26064.75,26065.25,26057.75,26061,490,26064.59,26028.61,0.00
2025-12-08,03:32:00,26060.25,26061.25,26059.25,26060.5,86,26064.43,26028.64,0.00
2025-12-08,03:33:00,26060,26064.5,26059.5,26063.25,160,26064.30,26028.69,0.00
2025-12-08,03:34:00,26063.75,26067.5,26063.75,26066.25,162,26064.40,26028.75,0.00
2025-12-08,03:35:00,26066.5,26071.25,26066.25,26069,308,26068.83,26028.88,0.00
2025-12-08,03:36:00,26069.5,26072.25,26069.5,26071,203,26070.92,26028.96,0.00
2025-12-08,03:37:00,26071.25,26072.25,26069.5,26070.75,195,26070.88,26029.04,0.00
2025-12-08,03:38:00,26071,26074.25,26070.25,26073,408,26072.50,26029.22,0.00
2025-12-08,03:39:00,26073.5,26074,26072,26073.25,205,26072.70,26029.31,0.00
2025-12-08,03:40:00,26072.25,26073.5,26071,26071.25,197,26072.51,26029.39,0.00
2025-12-08,03:41:00,26071.25,26074.25,26070.5,26070.75,234,26072.36,26029.49,0.00
2025-12-08,03:42:00,26070.75,26071.5,26067.5,26070,196,26071.93,26029.57,0.00
2025-12-08,03:43:00,26070.5,26071.25,26069.75,26070.5,63,26071.86,26029.60,0.00
2025-12-08,03:44:00,26070.25,26072.75,26070.25,26071.25,235,26071.79,26029.69,0.00
2025-12-08,03:45:00,26071.25,26072,26069.25,26069.25,71,26071.72,26029.72,0.00
2025-12-08,03:46:00,26069.5,26070.25,26064,26064.5,327,26070.80,26029.84,0.00
2025-12-08,03:47:00,26064.5,26067.25,26063.75,26065.5,254,26070.18,26029.93,0.00
2025-12-08,03:48:00,26064.5,26065.5,26059.5,26060.25,307,26069.15,26030.02,0.00
2025-12-08,03:49:00,26060.75,26064,26057.25,26063.25,348,26068.21,26030.13,0.00
2025-12-08,03:50:00,26063.25,26064.25,26061.25,26061.25,139,26067.93,26030.17,0.00
2025-12-08,03:51:00,26061.75,26062,26055.75,26056.5,328,26066.96,26030.26,0.00
2025-12-08,03:52:00,26056.75,26058.25,26053.75,26054.75,264,26066.12,26030.33,0.00
2025-12-08,03:53:00,26054.25,26056.75,26053,26055,262,26065.35,26030.39,0.00
2025-12-08,03:54:00,26055.25,26062.5,26053.75,26060.25,442,26064.68,26030.51,0.00
2025-12-08,03:55:00,26060.75,26065.5,26060.75,26064.5,299,26064.61,26030.60,0.00
2025-12-08,03:56:00,26065,26065.5,26059.5,26061,210,26064.49,26030.67,0.00
2025-12-08,03:57:00,26061.5,26062,26057,26058.75,133,26064.35,26030.70,0.00
2025-12-08,03:58:00,26058,26060.75,26055.75,26059.75,164,26064.17,26030.75,0.00
2025-12-08,03:59:00,26059.25,26060.25,26056.75,26057.75,189,26063.96,26030.79,0.00
2025-12-08,04:00:00,26057.75,26059,26054.25,26058.25,224,26063.68,26030.85,0.00
2025-12-08,04:01:00,26058.75,26059.75,26051.5,26055,751,26062.69,26031.02,0.00
2025-12-08,04:02:00,26054.5,26057.25,26045.5,26047.75,807,26061.26,26031.17,0.00
2025-12-08,04:03:00,26047.25,26051.25,26046,26051.25,357,26060.69,26031.23,0.00
2025-12-08,04:04:00,26051,26054.25,26048.5,26050.75,281,26060.34,26031.28,0.00
2025-12-08,04:05:00,26050.75,26057.75,26048.25,26055.75,377,26060.04,26031.36,0.00
2025-12-08,04:06:00,26055.25,26057.25,26049,26051.75,267,26059.81,26031.41,0.00
2025-12-08,04:07:00,26051,26052.75,26049,26049.25,169,26059.62,26031.44,0.00
2025-12-08,04:08:00,26049,26052.25,26048.5,26050.5,210,26059.40,26031.48,0.00
2025-12-08,04:09:00,26050.25,26054.5,26049,26051,197,26059.22,26031.52,0.00
2025-12-08,04:10:00,26051,26052,26046.25,26048,280,26058.90,26031.56,0.00
2025-12-08,04:11:00,26049.25,26052.75,26048.25,26050.5,243,26058.69,26031.60,0.00
2025-12-08,04:12:00,26050.5,26051.25,26045,26047,298,26058.35,26031.65,0.00
2025-12-08,04:13:00,26046.75,26049.5,26045.25,26048.5,235,26058.10,26031.68,0.00
2025-12-08,04:14:00,26048,26048.75,26042,26044,413,26057.58,26031.73,0.00
2025-12-08,04:15:00,26044.5,26046.75,26042.5,26045,223,26057.31,26031.76,0.00
2025-12-08,04:16:00,26045.25,26048.75,26043.75,26044.5,246,26057.04,26031.79,0.00
2025-12-08,04:17:00,26045.5,26056,26045.5,26053.25,439,26056.83,26031.86,0.00
2025-12-08,04:18:00,26053.25,26057.25,26052,26053,334,26056.75,26031.93,0.00
2025-12-08,04:19:00,26052.5,26054,26048.5,26049,402,26056.54,26032.00,0.00
2025-12-08,04:20:00,26048.25,26050.5,26044.25,26044.75,428,26056.20,26032.05,0.00
2025-12-08,04:21:00,26044.5,26048.5,26040.5,26048.5,363,26055.91,26032.10,0.00
2025-12-08,04:22:00,26048,26054,26048,26051.25,295,26055.80,26032.15,0.00
2025-12-08,04:23:00,26051.5,26054.5,26047.25,26054,288,26055.71,26032.20,0.00
2025-12-08,04:24:00,26054.25,26055,26051.25,26052.75,155,26055.68,26032.23,0.00
2025-12-08,04:25:00,26053.5,26053.75,26048.25,26049.5,152,26055.63,26032.25,0.00
2025-12-08,04:26:00,26050.25,26051,26043.25,26043.5,184,26055.50,26032.27,0.00
2025-12-08,04:27:00,26043.25,26044.5,26034.5,26040,787,26054.65,26032.32,0.00
2025-12-08,04:28:00,26039.75,26046.25,26039.5,26043.25,224,26054.47,26032.34,0.00
2025-12-08,04:29:00,26042.5,26043.25,26037,26040.5,234,26054.25,26032.36,0.00
2025-12-08,04:30:00,26040.25,26042.75,26036,26037.75,277,26053.98,26032.38,0.00
2025-12-08,04:31:00,26038,26042.25,26036,26041.5,235,26053.77,26032.39,0.00
2025-12-08,04:32:00,26041,26041.5,26032.25,26034.5,352,26053.38,26032.40,0.00
2025-12-08,04:33:00,26034.25,26039.25,26029.25,26039.25,607,26052.74,26032.42,0.00
2025-12-08,04:34:00,26038.5,26042,26036,26039.5,347,26052.46,26032.44,0.00
2025-12-08,04:35:00,26039.75,26040.25,26033.75,26037.25,213,26052.27,26032.45,0.00
2025-12-08,04:36:00,26038,26041.25,26037,26039,168,26052.14,26032.46,0.00
2025-12-08,04:37:00,26038.75,26039,26034.5,26035.25,205,26051.96,26032.46,0.00
2025-12-08,04:38:00,26035.75,26039,26034.25,26037.5,143,26051.83,26032.47,0.00
2025-12-08,04:39:00,26036.75,26045.25,26036.75,26044.5,314,26051.67,26032.50,0.00
2025-12-08,04:40:00,26043.5,26046.5,26041.5,26044.5,313,26051.54,26032.53,0.00
2025-12-08,04:41:00,26044,26046,26040.5,26041.75,228,26051.43,26032.55,0.00
2025-12-08,04:42:00,26040.75,26042.25,26036,26036,240,26051.26,26032.56,0.00
2025-12-08,04:43:00,26035.75,26038.25,26032.25,26034.5,318,26050.99,26032.56,0.00
2025-12-08,04:44:00,26034.25,26036.75,26031.75,26034,322,26050.71,26032.57,0.00
2025-12-08,04:45:00,26033.5,26036.5,26033.5,26035.25,108,26050.62,26032.57,0.00
2025-12-08,04:46:00,26035.25,26036.25,26027.75,26031.75,497,26050.16,26032.57,0.00
2025-12-08,04:47:00,26031,26032.75,26029,26030.5,182,26049.98,26032.57,0.00
2025-12-08,04:48:00,26030.25,26035.25,26028,26035,266,26049.76,26032.57,0.00
2025-12-08,04:49:00,26034.5,26035.75,26031.25,26032.25,194,26049.60,26032.57,0.00
2025-12-08,04:50:00,26032.25,26032.5,26026.25,26028.5,255,26049.35,26032.56,0.00
2025-12-08,04:51:00,26028,26028.25,26021.5,26024.5,763,26048.49,26032.51,0.00
2025-12-08,04:52:00,26024.25,26027.5,26023.25,26024,259,26048.21,26032.49,0.00
2025-12-08,04:53:00,26024,26027.75,26022.25,26027.5,260,26047.95,26032.48,0.00
2025-12-08,04:54:00,26026.5,26031,26026.5,26029.25,251,26047.73,26032.47,0.00
2025-12-08,04:55:00,26028.5,26031.5,26025,26031.5,267,26047.52,26032.47,0.00
2025-12-08,04:56:00,26030.5,26034,26030.25,26033.5,319,26047.31,26032.47,0.00
2025-12-08,04:57:00,26033,26033.25,26026.25,26029.25,248,26047.12,26032.46,0.00
2025-12-08,04:58:00,26029.75,26032.25,26028.75,26028.75,135,26047.02,26032.46,0.00
2025-12-08,04:59:00,26028.5,26031.5,26027,26028.25,195,26046.87,26032.45,0.00
2025-12-08,05:00:00,26029.5,26031.25,26027,26027.5,125,26046.78,26032.45,0.00
2025-12-08,05:01:00,26027.25,26032.75,26026.75,26028.25,327,26046.54,26032.44,0.00
2025-12-08,05:02:00,26028.75,26029.75,26025.25,26029.5,289,26046.32,26032.43,0.00
2025-12-08,05:03:00,26029.5,26032.5,26028,26031,222,26046.18,26032.43,0.00
2025-12-08,05:04:00,26030.5,26033.25,26029.5,26029.5,180,26046.07,26032.42,0.00
2025-12-08,05:05:00,26029.75,26035,26028,26029.5,254,26045.91,26032.42,0.00
2025-12-08,05:06:00,26029.5,26038.75,26029.5,26037.5,425,26045.73,26032.43,0.00
2025-12-08,05:07:00,26037.25,26039.5,26032.75,26036.25,354,26045.60,26032.44,0.00
2025-12-08,05:08:00,26036,26039.75,26036,26038,285,26045.52,26032.45,0.00
2025-12-08,05:09:00,26037.25,26040.5,26036.75,26040.25,199,26045.47,26032.46,0.00
2025-12-08,05:10:00,26039.75,26041.25,26036.5,26039.25,273,26045.40,26032.48,0.00
2025-12-08,05:11:00,26038.75,26041.75,26036.25,26038.25,289,26045.33,26032.49,0.00
2025-12-08,05:12:00,26038,26039.75,26035.5,26038.75,179,26045.28,26032.50,0.00
2025-12-08,05:13:00,26038.5,26040.25,26037,26040,82,26045.27,26032.50,0.00
2025-12-08,05:14:00,26040,26044,26038.5,26042.25,277,26045.23,26032.52,0.00
2025-12-08,05:15:00,26043,26043.25,26040.25,26042.5,152,26045.21,26032.54,0.00
2025-12-08,05:16:00,26042.25,26042.25,26037.75,26039.75,181,26045.18,26032.55,0.00
2025-12-08,05:17:00,26039.5,26041.75,26034.25,26034.75,270,26045.10,26032.55,0.00
2025-12-08,05:18:00,26034.75,26037,26031,26037,370,26044.96,26032.56,0.00
2025-12-08,05:19:00,26037,26038.5,26035.5,26036.75,105,26044.93,26032.57,0.00
2025-12-08,05:20:00,26037.25,26040.25,26035,26040.25,130,26044.91,26032.57,0.00
2025-12-08,05:21:00,26040.25,26044.75,26039.75,26043.5,335,26044.88,26032.60,0.00
2025-12-08,05:22:00,26043,26044.75,26042,26042.75,186,26044.87,26032.61,0.00
2025-12-08,05:23:00,26042.25,26045.25,26038,26044.5,229,26044.85,26032.63,0.00
2025-12-08,05:24:00,26044.25,26044.25,26040.5,26043.5,126,26044.84,26032.64,0.00
2025-12-08,05:25:00,26042.75,26045.25,26041.25,26042,206,26044.83,26032.66,0.00
2025-12-08,05:26:00,26041.5,26044.5,26041.25,26044.5,120,26044.82,26032.67,0.00
2025-12-08,05:27:00,26044.75,26048.25,26044.25,26046.25,445,26044.84,26032.71,0.00
2025-12-08,05:28:00,26046,26048.75,26041.75,26047.5,415,26044.86,26032.76,0.00
2025-12-08,05:29:00,26047.25,26050.5,26044.5,26044.5,342,26044.88,26032.79,0.00
2025-12-08,05:30:00,26045.25,26049,26044.75,26047,154,26044.89,26032.81,0.00
2025-12-08,05:31:00,26047.75,26049.5,26045.5,26046.5,209,26044.90,26032.83,0.00
2025-12-08,05:32:00,26046.25,26048.75,26043.75,26045.75,165,26044.91,26032.85,0.00
2025-12-08,05:33:00,26045.75,26049.25,26045.75,26047.5,202,26044.92,26032.87,0.00
2025-12-08,05:34:00,26047.5,26051,26044.75,26046.5,220,26044.94,26032.89,0.00
2025-12-08,05:35:00,26046.5,26048.25,26044.75,26046.75,161,26044.95,26032.91,0.00
2025-12-08,05:36:00,26047.75,26049.75,26039.75,26041.5,496,26044.93,26032.95,0.00
2025-12-08,05:37:00,26041.75,26043.5,26037.5,26043.5,386,26044.89,26032.98,0.00
2025-12-08,05:38:00,26043,26044.5,26041.25,26043.25,188,26044.88,26032.99,0.00
2025-12-08,05:39:00,26042.75,26044,26040.75,26042.25,129,26044.87,26033.00,0.00
2025-12-08,05:40:00,26042.5,26046.5,26040.25,26046.25,202,26044.87,26033.02,0.00
2025-12-08,05:41:00,26046.25,26047.25,26040,26040.25,270,26044.85,26033.03,0.00
2025-12-08,05:42:00,26041.25,26043,26040.25,26041,101,26044.84,26033.04,0.00
2025-12-08,05:43:00,26041.25,26042,26037.5,26037.5,197,26044.80,26033.05,0.00
2025-12-08,05:44:00,26037.75,26037.75,26031.5,26034.75,646,26044.61,26033.06,0.00
2025-12-08,05:45:00,26034,26036.75,26034,26034.5,180,26044.57,26033.06,0.00
2025-12-08,05:46:00,26034,26034.5,26028,26028.75,342,26044.43,26033.05,0.00
2025-12-08,05:47:00,26028.25,26031,26021.75,26029.5,642,26044.12,26033.03,0.00
2025-12-08,05:48:00,26028,26033,26026.75,26029.5,232,26044.03,26033.02,0.00
2025-12-08,05:49:00,26029.25,26030,26025.25,26027,210,26043.94,26033.01,0.00
2025-12-08,05:50:00,26027.25,26029.5,26026,26026,184,26043.85,26033.01,0.00
2025-12-08,05:51:00,26026.5,26033.5,26025.25,26031,361,26043.71,26033.00,0.00
2025-12-08,05:52:00,26030.25,26032.5,26030,26031.25,186,26043.65,26032.99,0.00
2025-12-08,05:53:00,26030,26032.25,26029.5,26032.25,122,26043.61,26032.99,0.00
2025-12-08,05:54:00,26033.25,26037.25,26032,26033,306,26043.53,26033.00,0.00
2025-12-08,05:55:00,26032.25,26035.5,26031.5,26032.75,128,26043.50,26033.00,0.00
2025-12-08,05:56:00,26032.5,26032.5,26028.5,26030.75,199,26043.43,26032.99,0.00
2025-12-08,05:57:00,26030.75,26034.25,26029.25,26030.75,199,26043.37,26032.99,0.00
2025-12-08,05:58:00,26031,26032,26027.5,26030.25,156,26043.31,26032.99,0.00
2025-12-08,05:59:00,26030.25,26030.5,26025,26027.5,244,26043.21,26032.98,0.00
2025-12-08,06:00:00,26027.5,26028.5,26022.25,26027.25,367,26043.05,26032.96,0.00
2025-12-08,06:01:00,26027,26032,26026.25,26028,416,26042.90,26032.95,0.00
2025-12-08,06:02:00,26028.25,26028.25,26023.5,26024.5,217,26042.80,26032.93,0.00
2025-12-08,06:03:00,26024.25,26026.75,26022.5,26026.5,306,26042.67,26032.92,0.00
2025-12-08,06:04:00,26026.75,26028,26017.25,26019.75,719,26042.29,26032.86,0.00
2025-12-08,06:05:00,26019,26024.5,26017.75,26021.75,354,26042.11,26032.83,0.00
2025-12-08,06:06:00,26021.75,26021.75,26015.25,26018,371,26041.90,26032.79,0.00
2025-12-08,06:07:00,26018.75,26023,26017.25,26022.5,274,26041.76,26032.77,0.00
2025-12-08,06:08:00,26022.75,26025.75,26019,26020,229,26041.65,26032.75,0.00
2025-12-08,06:09:00,26019.75,26021,26016.25,26019.25,292,26041.49,26032.72,0.00
2025-12-08,06:10:00,26018.5,26023.25,26018.5,26023.25,210,26041.39,26032.71,0.00
2025-12-08,06:11:00,26023.25,26027.25,26022.5,26026.25,349,26041.26,26032.69,0.00
2025-12-08,06:12:00,26025.75,26031,26025.75,26030.75,360,26041.16,26032.68,0.00
2025-12-08,06:13:00,26030.75,26034,26029.75,26032.25,523,26041.05,26032.68,0.00
2025-12-08,06:14:00,26032.75,26033,26025,26028.5,329,26040.95,26032.67,0.00
2025-12-08,06:15:00,26028.25,26030.5,26027.25,26030,79,26040.93,26032.67,0.00
2025-12-08,06:16:00,26030,26030.75,26027,26027.25,130,26040.90,26032.66,0.00
2025-12-08,06:17:00,26026.75,26028,26023.75,26026,188,26040.83,26032.65,0.00
2025-12-08,06:18:00,26026.25,26027,26021.25,26023.25,297,26040.72,26032.64,0.00
2025-12-08,06:19:00,26023.75,26024.25,26019.75,26020.75,262,26040.61,26032.62,0.00
2025-12-08,06:20:00,26021,26026.75,26020.25,26026.75,328,26040.49,26032.60,0.00
2025-12-08,06:21:00,26025,26028.25,26023.25,26023.25,178,26040.43,26032.59,0.00
2025-12-08,06:22:00,26023.25,26024.75,26020.5,26023.5,178,26040.36,26032.58,0.00
2025-12-08,06:23:00,26024.25,26028,26024.25,26027.75,116,26040.33,26032.57,0.00
2025-12-08,06:24:00,26027.5,26030,26024.75,26027,184,26040.27,26032.56,0.00
2025-12-08,06:25:00,26027.5,26031.75,26027,26030,221,26040.22,26032.56,0.00
2025-12-08,06:26:00,26029.5,26031.75,26027.5,26030.5,179,26040.18,26032.56,0.00
2025-12-08,06:27:00,26030.25,26032.75,26029.5,26032.75,244,26040.14,26032.56,0.00
2025-12-08,06:28:00,26032.75,26036,26031.25,26033,336,26040.09,26032.56,0.00
2025-12-08,06:29:00,26033.25,26034.5,26031.5,26034.5,124,26040.07,26032.56,0.00
2025-12-08,06:30:00,26034.75,26043.75,26034.75,26042.5,560,26040.07,26032.59,0.00
2025-12-08,06:31:00,26042.25,26043.75,26039.5,26040.5,356,26040.08,26032.61,0.00
2025-12-08,06:32:00,26040.25,26041.5,26037.75,26041.5,230,26040.08,26032.62,0.00
2025-12-08,06:33:00,26042.25,26044.75,26040.5,26043.25,376,26040.10,26032.65,0.00
2025-12-08,06:34:00,26043.25,26048,26043,26047.25,444,26040.16,26032.69,0.00
2025-12-08,06:35:00,26047.5,26050.75,26046.75,26049,407,26040.23,26032.73,0.00
2025-12-08,06:36:00,26049.25,26052,26044.25,26046.5,435,26040.30,26032.77,0.00
2025-12-08,06:37:00,26046.75,26048,26043.25,26046,231,26040.32,26032.79,0.00
2025-12-08,06:38:00,26045.75,26046.75,26044.5,26046.75,153,26040.34,26032.81,0.00
2025-12-08,06:39:00,26046.25,26048.75,26045.5,26046.5,143,26040.36,26032.82,0.00
2025-12-08,06:40:00,26047,26048.25,26045.5,26045.5,70,26040.36,26032.83,0.00
2025-12-08,06:41:00,26045.5,26046,26043.75,26044.75,112,26040.37,26032.84,0.00
2025-12-08,06:42:00,26045,26047.25,26044.5,26046.25,99,26040.39,26032.84,0.00
2025-12-08,06:43:00,26045.75,26046.5,26042.75,26043.75,194,26040.40,26032.86,0.00
2025-12-08,06:44:00,26043.5,26045,26040.25,26043.75,295,26040.42,26032.88,0.00
2025-12-08,06:45:00,26043.75,26046.5,26043.75,26045.5,179,26040.43,26032.89,0.00
2025-12-08,06:46:00,26045.5,26046.75,26044.5,26046.25,137,26040.45,26032.91,0.00
2025-12-08,06:47:00,26046.25,26047,26041,26042.75,298,26040.47,26032.93,0.00
2025-12-08,06:48:00,26042.5,26048.75,26042.5,26048.5,309,26040.50,26032.95,0.00
2025-12-08,06:49:00,26048.5,26049.25,26046.25,26047.75,160,26040.52,26032.97,0.00
2025-12-08,06:50:00,26047.5,26049,26046.25,26047.25,72,26040.53,26032.98,0.00
2025-12-08,06:51:00,26047.5,26051.25,26047.25,26048.75,178,26040.56,26033.00,0.00
2025-12-08,06:52:00,26048.25,26048.25,26043.75,26048,206,26040.59,26033.01,0.00
2025-12-08,06:53:00,26048,26049.75,26047,26049.75,121,26040.61,26033.03,0.00
2025-12-08,06:54:00,26049.25,26053.25,26047.75,26048.5,468,26040.69,26033.08,0.00
2025-12-08,06:55:00,26048.25,26050.5,26047.5,26048.75,164,26040.71,26033.10,0.00
2025-12-08,06:56:00,26048.75,26050.75,26048.25,26048.75,209,26040.75,26033.12,0.00
2025-12-08,06:57:00,26049,26049.75,26045,26047.75,358,26040.79,26033.15,0.00
2025-12-08,06:58:00,26047.75,26049.25,26045,26047.5,194,26040.81,26033.17,0.00
2025-12-08,06:59:00,26047.75,26049.75,26044,26046,226,26040.84,26033.19,0.00
2025-12-08,07:00:00,26046.25,26048,26046.25,26046.75,210,26040.86,26033.21,0.00
2025-12-08,07:01:00,26046.75,26047.25,26041.25,26044.25,577,26040.90,26033.25,0.00
2025-12-08,07:02:00,26044.25,26045,26036.5,26039,571,26040.89,26033.27,0.00
2025-12-08,07:03:00,26039.25,26041,26036.25,26039,236,26040.88,26033.28,0.00
2025-12-08,07:04:00,26039,26041.5,26038,26040.25,244,26040.88,26033.29,0.00
2025-12-08,07:05:00,26040.75,26043.25,26038,26039,231,26040.87,26033.30,0.00
2025-12-08,07:06:00,26039.25,26039.25,26032.25,26033.75,447,26040.83,26033.31,0.00
2025-12-08,07:07:00,26034.25,26042,26033.5,26041,328,26040.82,26033.32,0.00
2025-12-08,07:08:00,26041.25,26044.25,26040.5,26042,322,26040.83,26033.34,0.00
2025-12-08,07:09:00,26042.25,26044.25,26040.5,26041.25,245,26040.83,26033.35,0.00
2025-12-08,07:10:00,26040.75,26046.25,26040.75,26044.25,285,26040.84,26033.37,0.00
2025-12-08,07:11:00,26044.25,26045,26038.25,26039.75,341,26040.85,26033.39,0.00
2025-12-08,07:12:00,26039.5,26041.75,26036.5,26037,226,26040.84,26033.39,0.00
2025-12-08,07:13:00,26037.25,26042,26037.25,26040.75,212,26040.83,26033.40,0.00
2025-12-08,07:14:00,26041,26042.25,26037.75,26041.75,365,26040.83,26033.42,0.00
2025-12-08,07:15:00,26042,26050.5,26041.25,26047.25,770,26040.90,26033.48,0.00
2025-12-08,07:16:00,26046.75,26050.75,26043,26045.5,444,26040.94,26033.52,0.00
2025-12-08,07:17:00,26045.25,26050.25,26042.5,26047.75,265,26040.97,26033.54,0.00
2025-12-08,07:18:00,26047.25,26048.25,26044.25,26047,131,26040.98,26033.55,0.00
2025-12-08,07:19:00,26046.25,26048.5,26046,26046.75,112,26040.99,26033.56,0.00
2025-12-08,07:20:00,26047,26048.25,26040,26044,311,26041.01,26033.58,0.00
2025-12-08,07:21:00,26043.75,26044.5,26039.5,26042.5,441,26041.02,26033.60,0.00
2025-12-08,07:22:00,26042.75,26045,26038.75,26040.25,222,26041.02,26033.61,0.00
2025-12-08,07:23:00,26040,26040.5,26034.25,26035.75,328,26041.00,26033.62,0.00
2025-12-08,07:24:00,26035.25,26036.25,26031.25,26034.25,473,26040.94,26033.62,0.00
2025-12-08,07:25:00,26034.25,26035.25,26029.75,26030,252,26040.90,26033.62,0.00
2025-12-08,07:26:00,26029.75,26035.25,26026.25,26033.75,516,26040.83,26033.61,0.00
2025-12-08,07:27:00,26033,26033,26027.75,26030,223,26040.79,26033.61,0.00
2025-12-08,07:28:00,26030.25,26031,26027.25,26029.25,196,26040.76,26033.60,0.00
2025-12-08,07:29:00,26028.75,26030.75,26026,26028,194,26040.72,26033.60,0.00
2025-12-08,07:30:00,26028.25,26028.25,26024.25,26027.25,337,26040.64,26033.58,0.00
2025-12-08,07:31:00,26027.25,26030.75,26026.5,26027.25,305,26040.59,26033.57,0.00
2025-12-08,07:32:00,26027,26028.5,26025,26028,240,26040.54,26033.56,0.00
2025-12-08,07:33:00,26027.75,26029.75,26025.25,26027.75,249,26040.49,26033.55,0.00
2025-12-08,07:34:00,26027.5,26029.75,26025.75,26027.75,168,26040.45,26033.55,0.00
2025-12-08,07:35:00,26027.5,26030,26024,26027,243,26040.40,26033.54,0.00
2025-12-08,07:36:00,26026.5,26030.5,26024.75,26030.25,202,26040.37,26033.53,0.00
2025-12-08,07:37:00,26029.5,26030.5,26028.25,26030.25,144,26040.34,26033.53,0.00
2025-12-08,07:38:00,26029.75,26033.25,26028.75,26031.25,234,26040.31,26033.52,0.00
2025-12-08,07:39:00,26031.75,26034,26029.25,26030,283,26040.27,26033.52,0.00
2025-12-08,07:40:00,26030.25,26032.75,26029.75,26032.75,178,26040.25,26033.52,0.00
2025-12-08,07:41:00,26032.75,26033.75,26030,26032.25,198,26040.22,26033.52,0.00
2025-12-08,07:42:00,26032.25,26035.25,26031.5,26033.75,290,26040.19,26033.52,0.00
2025-12-08,07:43:00,26034,26035.25,26032.25,26034.25,152,26040.18,26033.52,0.00
2025-12-08,07:44:00,26033.75,26033.75,26029.75,26031.5,316,26040.14,26033.51,0.00
2025-12-08,07:45:00,26032.25,26036.75,26031.25,26035.75,159,26040.13,26033.51,0.00
2025-12-08,07:46:00,26035.5,26036.5,26031,26032.25,229,26040.10,26033.51,0.00
2025-12-08,07:47:00,26031.75,26032.75,26029.5,26030.5,233,26040.07,26033.51,0.00
2025-12-08,07:48:00,26030.5,26034.75,26029.5,26033,243,26040.05,26033.51,0.00
2025-12-08,07:49:00,26033,26035.25,26029.5,26031.5,331,26040.01,26033.51,0.00
2025-12-08,07:50:00,26031.25,26032.75,26030.5,26032.75,119,26039.99,26033.50,0.00
2025-12-08,07:51:00,26032.5,26032.5,26030.25,26031.25,223,26039.97,26033.50,0.00
2025-12-08,07:52:00,26030.75,26036.5,26030.5,26036.5,226,26039.95,26033.50,0.00
2025-12-08,07:53:00,26036.75,26038.5,26033.5,26033.5,407,26039.92,26033.51,0.00
2025-12-08,07:54:00,26033.75,26034.5,26030.75,26031,258,26039.89,26033.50,0.00
2025-12-08,07:55:00,26031,26035,26029.75,26032.75,284,26039.86,26033.50,0.00
2025-12-08,07:56:00,26032.75,26034.5,26028.25,26030.25,441,26039.81,26033.50,0.00
2025-12-08,07:57:00,26031.25,26031.75,26028.25,26029.75,236,26039.77,26033.49,0.00
2025-12-08,07:58:00,26029.25,26030.25,26026.75,26029.25,244,26039.73,26033.49,0.00
2025-12-08,07:59:00,26029,26031.5,26028,26028,138,26039.71,26033.48,0.00
2025-12-08,08:00:00,26027.25,26030.25,26027,26028,158,26039.69,26033.48,0.00
2025-12-08,08:01:00,26028.25,26030.5,26019.75,26024,1049,26039.47,26033.42,0.00
2025-12-08,08:02:00,26023.25,26024.75,26018,26024.5,773,26039.29,26033.37,0.00
2025-12-08,08:03:00,26024.5,26034,26024,26032.75,501,26039.23,26033.37,0.00
2025-12-08,08:04:00,26033.5,26039.75,26032.75,26039,532,26039.22,26033.38,0.00
2025-12-08,08:05:00,26038.5,26040.75,26035.75,26038.25,634,26039.21,26033.39,0.00
2025-12-08,08:06:00,26038,26039.25,26033,26034.5,242,26039.20,26033.40,0.00
2025-12-08,08:07:00,26034.5,26038.5,26033.75,26037.75,266,26039.19,26033.40,0.00
2025-12-08,08:08:00,26037,26038.5,26031.75,26034,176,26039.18,26033.40,0.00
2025-12-08,08:09:00,26033.75,26038.5,26033.5,26037,143,26039.17,26033.41,0.00
2025-12-08,08:10:00,26038,26040,26036,26038.25,202,26039.17,26033.41,0.00
2025-12-08,08:11:00,26036.5,26037.5,26033.25,26035.25,177,26039.16,26033.41,0.00
2025-12-08,08:12:00,26035.75,26037,26032,26032.75,231,26039.14,26033.41,0.00
2025-12-08,08:13:00,26033,26035,26031.75,26034.5,202,26039.13,26033.42,0.00
2025-12-08,08:14:00,26034.5,26035.5,26033,26034,93,26039.12,26033.42,0.00
2025-12-08,08:15:00,26033.75,26035.75,26033.25,26035.5,213,26039.11,26033.42,0.00
2025-12-08,08:16:00,26035.25,26038.25,26033.5,26038,271,26039.10,26033.42,0.00
2025-12-08,08:17:00,26037.75,26041.25,26037.25,26040.5,352,26039.11,26033.43,0.00
2025-12-08,08:18:00,26041,26042.5,26037.5,26037.75,371,26039.11,26033.45,0.00
2025-12-08,08:19:00,26037.75,26041.75,26036.75,26040.75,226,26039.11,26033.45,0.00
2025-12-08,08:20:00,26040.75,26040.75,26036.75,26037.25,146,26039.11,26033.46,0.00
2025-12-08,08:21:00,26037.5,26041,26035,26035,464,26039.09,26033.47,0.00
2025-12-08,08:22:00,26035.5,26038.5,26035,26037,160,26039.09,26033.47,0.00
2025-12-08,08:23:00,26037,26040.25,26036.25,26040.25,163,26039.09,26033.48,0.00
2025-12-08,08:24:00,26040.5,26043.5,26040.25,26042.75,381,26039.10,26033.49,0.00
2025-12-08,08:25:00,26042.75,26043,26040.5,26042.75,406,26039.12,26033.51,0.00
2025-12-08,08:26:00,26042.5,26045.25,26039.5,26043,731,26039.15,26033.55,0.00
2025-12-08,08:27:00,26042.5,26042.5,26036.25,26039.75,463,26039.15,26033.57,0.00
2025-12-08,08:28:00,26039.75,26042.5,26038.75,26039.75,216,26039.16,26033.57,0.00
2025-12-08,08:29:00,26039.75,26041,26037,26040.5,334,26039.16,26033.58,0.00
2025-12-08,08:30:00,26040.5,26041.75,26038.5,26038.75,108,26039.16,26033.59,0.00
2025-12-08,08:31:00,26038.75,26039.5,26036.5,26039,373,26039.15,26033.60,0.00
2025-12-08,08:32:00,26039,26040.25,26036.5,26037,239,26039.15,26033.60,0.00
2025-12-08,08:33:00,26037.25,26039.75,26036.25,26038.25,207,26039.15,26033.61,0.00
2025-12-08,08:34:00,26038.5,26041.25,26038.25,26041,200,26039.15,26033.62,0.00
2025-12-08,08:35:00,26041,26045.5,26040,26043,401,26039.17,26033.64,0.00
2025-12-08,08:36:00,26043.25,26046,26041.75,26042.5,216,26039.18,26033.65,0.00
2025-12-08,08:37:00,26042.5,26043.25,26038,26042.25,310,26039.19,26033.66,0.00
2025-12-08,08:38:00,26042.25,26044,26040.25,26044,221,26039.20,26033.67,0.00
2025-12-08,08:39:00,26044,26045.75,26042.5,26045.5,174,26039.21,26033.68,0.00
2025-12-08,08:40:00,26045.75,26046.5,26044,26045,191,26039.22,26033.69,0.00
2025-12-08,08:41:00,26045,26045.5,26041.75,26043,325,26039.24,26033.71,0.00
2025-12-08,08:42:00,26043.25,26046.5,26042.25,26045.5,196,26039.25,26033.72,0.00
2025-12-08,08:43:00,26046,26055.25,26045.5,26054.25,958,26039.39,26033.81,0.00
2025-12-08,08:44:00,26054.25,26055,26050.75,26053.75,605,26039.48,26033.88,0.00
2025-12-08,08:45:00,26054,26054.5,26051.25,26053.75,286,26039.53,26033.91,0.00
2025-12-08,08:46:00,26053.75,26057.25,26051.25,26055.5,467,26039.61,26033.96,0.00
2025-12-08,08:47:00,26055.5,26056.5,26054.5,26056.25,178,26039.64,26033.98,0.00
2025-12-08,08:48:00,26056.25,26059.5,26054.5,26058.75,550,26039.76,26034.05,0.00
2025-12-08,08:49:00,26058.75,26062,26058,26061.75,450,26039.86,26034.11,0.00
2025-12-08,08:50:00,26061.75,26064.25,26060.75,26063.75,420,26039.97,26034.18,0.00
2025-12-08,08:51:00,26064.25,26064.75,26060.75,26061.25,531,26040.11,26034.26,0.00
2025-12-08,08:52:00,26060.75,26062.5,26056.25,26057,419,26040.19,26034.31,0.00
2025-12-08,08:53:00,26057.5,26060,26055.75,26058.75,461,26040.28,26034.37,0.00
2025-12-08,08:54:00,26058.5,26060.75,26056.75,26057.75,251,26040.33,26034.40,0.00
2025-12-08,08:55:00,26057,26059.25,26055.25,26057.75,244,26040.38,26034.43,0.00
2025-12-08,08:56:00,26057.5,26059.5,26056.25,26057.75,274,26040.43,26034.46,0.00
2025-12-08,08:57:00,26057.75,26058.25,26054.25,26056.5,279,26040.48,26034.49,0.00
2025-12-08,08:58:00,26056.25,26057,26052.25,26054,489,26040.56,26034.55,0.00
2025-12-08,08:59:00,26054,26055.25,26050,26054,456,26040.62,26034.59,0.00
2025-12-08,09:00:00,26054.25,26058,26053.5,26056.75,402,26040.69,26034.63,0.00
2025-12-08,09:01:00,26056.5,26060.25,26052.75,26052.75,888,26040.82,26034.73,0.00
2025-12-08,09:02:00,26053,26060,26052,26057,454,26040.90,26034.78,0.00
2025-12-08,09:03:00,26057,26058,26054,26055.5,250,26040.94,26034.81,0.00
2025-12-08,09:04:00,26055.5,26060,26054,26059,225,26040.98,26034.83,0.00
2025-12-08,09:05:00,26059,26060.5,26056.5,26060.25,202,26041.02,26034.86,0.00
2025-12-08,09:06:00,26060,26062.5,26058.75,26058.75,322,26041.08,26034.90,0.00
2025-12-08,09:07:00,26059,26062,26058.25,26061.25,221,26041.13,26034.93,0.00
2025-12-08,09:08:00,26060.5,26061.25,26057.25,26059.5,193,26041.17,26034.95,0.00
2025-12-08,09:09:00,26059.25,26061.25,26057.5,26060,221,26041.21,26034.98,0.00
2025-12-08,09:10:00,26059.75,26062.5,26058.5,26061.75,258,26041.26,26035.02,0.00
2025-12-08,09:11:00,26061.75,26063.25,26057.5,26057.5,342,26041.33,26035.06,0.00
2025-12-08,09:12:00,26057.25,26060.5,26056.75,26059.75,159,26041.35,26035.08,0.00
2025-12-08,09:13:00,26059.5,26062.25,26058.5,26061.75,209,26041.40,26035.10,0.00
2025-12-08,09:14:00,26062,26068.25,26061.75,26067.5,663,26041.56,26035.21,0.00
2025-12-08,09:15:00,26067.75,26068,26064.5,26066,368,26041.66,26035.27,0.00
2025-12-08,09:16:00,26066.25,26067.75,26063.25,26066.75,349,26041.74,26035.32,0.00
2025-12-08,09:17:00,26067,26070.75,26065,26066.25,481,26041.87,26035.40,0.00
2025-12-08,09:18:00,26066.25,26067.75,26065,26067.25,376,26041.96,26035.46,0.00
2025-12-08,09:19:00,26066.5,26071.5,26066.5,26069.25,503,26042.10,26035.54,0.00
2025-12-08,09:20:00,26069.5,26071.75,26069,26069.75,267,26042.18,26035.59,0.00
2025-12-08,09:21:00,26069.75,26084,26068.5,26082,2284,26078.17,26036.07,0.00
2025-12-08,09:22:00,26082.25,26086.25,26080.5,26081,1678,26082.58,26036.45,0.00
2025-12-08,09:23:00,26081,26081.25,26063.75,26065,1830,26076.02,26036.75,0.00
2025-12-08,09:24:00,26065,26069.5,26063.75,26067.75,991,26074.03,26036.90,0.00
2025-12-08,09:25:00,26067.75,26068.5,26051.25,26057.75,1726,26069.91,26037.08,0.00
2025-12-08,09:26:00,26057.75,26064.25,26055.75,26058.25,962,26068.51,26037.19,0.00
2025-12-08,09:27:00,26058.25,26063,26055.75,26059.75,508,26067.91,26037.24,0.00
2025-12-08,09:28:00,26059.5,26060.25,26053.75,26056.5,501,26067.23,26037.29,0.00
2025-12-08,09:29:00,26056.5,26057.5,26053,26057.5,380,26066.74,26037.32,0.00
2025-12-08,09:30:00,26057.75,26062.25,26057,26061.75,442,26066.42,26037.37,0.00
2025-12-08,09:31:00,26062,26064,26047.75,26048.5,1443,26064.63,26037.48,0.00
2025-12-08,09:32:00,26048,26049.75,26039.75,26042.5,1525,26062.00,26037.53,0.00
2025-12-08,09:33:00,26043,26045.5,26038,26044,1249,26060.16,26037.56,0.00
2025-12-08,09:34:00,26044,26047.25,26043.25,26044.75,637,26059.47,26037.58,0.00
2025-12-08,09:35:00,26044.5,26046,26042.25,26043.5,401,26059.03,26037.59,0.00
2025-12-08,09:36:00,26044,26047.5,26040.25,26044.75,606,26058.43,26037.61,0.00
2025-12-08,09:37:00,26045.75,26049,26045.25,26047.25,394,26058.14,26037.63,0.00
2025-12-08,09:38:00,26047.5,26049.75,26044.75,26048.25,411,26057.86,26037.64,0.00
2025-12-08,09:39:00,26048.5,26049,26040.5,26045,624,26057.36,26037.66,0.00
2025-12-08,09:40:00,26045.25,26048.25,26043.25,26046.5,363,26057.12,26037.68,0.00
2025-12-08,09:41:00,26046.25,26047.5,26041.5,26046.75,518,26056.76,26037.70,0.00
2025-12-08,09:42:00,26047.25,26049.25,26046.25,26046.25,284,26056.60,26037.71,0.00
2025-12-08,09:43:00,26046.25,26052.25,26046,26052,494,26056.42,26037.74,0.00
2025-12-08,09:44:00,26052,26055.5,26050,26055.5,779,26056.31,26037.79,0.00
2025-12-08,09:45:00,26055.25,26059,26054.25,26058.75,769,26056.35,26037.86,0.00
2025-12-08,09:46:00,26058.5,26062,26057.25,26059.75,666,26056.46,26037.93,0.00
2025-12-08,09:47:00,26059.75,26061.5,26054.5,26060.75,610,26056.53,26037.98,0.00
2025-12-08,09:48:00,26060.5,26062.5,26058,26059.25,518,26056.61,26038.03,0.00
2025-12-08,09:49:00,26059,26060,26055.5,26057,412,26056.63,26038.07,0.00
2025-12-08,09:50:00,26057,26059.5,26056.25,26058.25,269,26056.65,26038.09,0.00
2025-12-08,09:51:00,26058,26059.75,26051,26057.75,804,26056.63,26038.16,0.00
2025-12-08,09:52:00,26058.25,26059.5,26053.75,26055.25,381,26056.62,26038.19,0.00
2025-12-08,09:53:00,26055.5,26059,26052.75,26056.25,427,26056.61,26038.22,0.00
2025-12-08,09:54:00,26056.75,26061.25,26051,26059.5,654,26056.63,26038.28,0.00
2025-12-08,09:55:00,26059.5,26063.75,26059.25,26062.5,611,26056.76,26038.34,0.00
2025-12-08,09:56:00,26063,26067.75,26062,26067,787,26057.03,26038.44,0.00
2025-12-08,09:57:00,26067.25,26067.75,26059.25,26061.25,639,26057.17,26038.51,0.00
2025-12-08,09:58:00,26061,26063,26059.5,26062.25,263,26057.21,26038.53,0.00
2025-12-08,09:59:00,26062.75,26064.25,26057.5,26057.75,652,26057.27,26038.59,0.00
2025-12-08,10:00:00,26057.75,26063.75,26056.25,26063,517,26057.34,26038.64,0.00
2025-12-08,10:01:00,26063.25,26067,26059.75,26062.75,822,26057.51,26038.73,0.00
2025-12-08,10:02:00,26062.5,26067.5,26061.75,26067,571,26057.67,26038.80,0.00
2025-12-08,10:03:00,26067,26067.75,26064,26064,424,26057.77,26038.85,0.00
2025-12-08,10:04:00,26064.5,26074.75,26063.5,26073,1179,26058.26,26039.01,0.00
2025-12-08,10:05:00,26072.75,26077.25,26071.75,26076.25,835,26058.70,26039.13,0.00
2025-12-08,10:06:00,26075.75,26077,26069.75,26073.25,805,26059.07,26039.25,0.00
2025-12-08,10:07:00,26073.75,26076.25,26069.75,26074.5,469,26059.27,26039.32,0.00
2025-12-08,10:08:00,26074.5,26075.75,26070.25,26072,360,26059.42,26039.37,0.00
2025-12-08,10:09:00,26072,26074.75,26070.25,26070.25,309,26059.53,26039.41,0.00
2025-12-08,10:10:00,26070.25,26072.5,26070.25,26071.5,318,26059.65,26039.46,0.00
2025-12-08,10:11:00,26071.25,26072.25,26067.75,26069.75,533,26059.80,26039.53,0.00
2025-12-08,10:12:00,26070,26072,26068,26068.75,292,26059.89,26039.56,0.00
2025-12-08,10:13:00,26069.5,26071.25,26066,26071.25,427,26060.00,26039.62,0.00
2025-12-08,10:14:00,26070.75,26074.25,26069,26071.75,442,26060.15,26039.68,0.00
2025-12-08,10:15:00,26071.25,26073.25,26070.75,26071.75,227,26060.22,26039.71,0.00
2025-12-08,10:16:00,26072,26072.75,26057.5,26061.75,1581,26060.38,26039.87,0.00
2025-12-08,10:17:00,26061.25,26067.5,26059.75,26062.75,827,26060.45,26039.95,0.00
2025-12-08,10:18:00,26062.25,26063.25,26057.5,26058.25,606,26060.44,26040.00,0.00
2025-12-08,10:19:00,26057.5,26070,26056.75,26069.5,856,26060.54,26040.09,0.00
2025-12-08,10:20:00,26069.5,26071.25,26065,26067,519,26060.64,26040.15,0.00
2025-12-08,10:21:00,26066.75,26072,26066.25,26068.5,566,26060.75,26040.22,0.00
2025-12-08,10:22:00,26068.5,26071.25,26062,26064.5,660,26060.83,26040.29,0.00
2025-12-08,10:23:00,26064.5,26064.75,26058.75,26061.75,630,26060.85,26040.34,0.00
2025-12-08,10:24:00,26061.75,26067.25,26061.5,26063.75,397,26060.88,26040.38,0.00
2025-12-08,10:25:00,26064,26065.25,26054.25,26057,972,26060.83,26040.45,0.00
2025-12-08,10:26:00,26057.5,26057.5,26046.5,26050.25,1826,26060.45,26040.54,0.00
2025-12-08,10:27:00,26050.25,26051.75,26044.25,26047.5,1027,26060.17,26040.57,0.00
2025-12-08,10:28:00,26047.5,26048.5,26035.25,26040.5,2200,26059.32,26040.57,0.00
2025-12-08,10:29:00,26040,26052.5,26035.5,26049,2140,26058.74,26040.62,0.00
2025-12-08,10:30:00,26049,26050,26044.5,26044.5,1213,26058.45,26040.64,0.00
2025-12-08,10:31:00,26044.75,26085.25,26031.5,26077.25,12703,26059.68,26041.79,0.00
2025-12-08,10:32:00,26077.5,26105.25,26073,26090.25,10879,26089.50,26043.67,0.00
2025-12-08,10:33:00,26090.75,26104.75,26073.75,26095.75,6392,26090.21,26044.74,0.00
2025-12-08,10:34:00,26094.75,26114,26080,26086,7982,26093.33,26046.07,0.00
2025-12-08,10:35:00,26086.75,26087,26069.5,26084.25,6012,26087.71,26046.77,0.00
2025-12-08,10:36:00,26084.5,26085.25,26066.5,26083.5,4182,26085.57,26047.20,0.00
2025-12-08,10:37:00,26084,26088,26063.75,26068.25,4504,26083.14,26047.59,0.00
2025-12-08,10:38:00,26069.5,26075.75,26061.5,26065.25,3693,26080.95,26047.83,0.00
2025-12-08,10:39:00,26066.25,26077.5,26060.25,26077.5,3600,26079.85,26048.10,0.00
2025-12-08,10:40:00,26077.5,26081.5,26056,26057,4581,26077.86,26048.34,0.00
2025-12-08,10:41:00,26057.75,26065,26040.75,26063.25,7618,26073.97,26048.53,0.00
2025-12-08,10:42:00,26063.75,26066.75,26044.75,26045.75,3627,26072.26,26048.57,0.00
2025-12-08,10:43:00,26045.75,26048,26021.25,26037.25,8812,26066.33,26048.23,0.00
2025-12-08,10:44:00,26037,26080.25,26024.25,26060.25,10782,26064.45,26048.44,0.00
2025-12-08,10:45:00,26060.5,26066.25,26051.75,26058.75,4122,26064.12,26048.56,0.00
2025-12-08,10:46:00,26058.25,26060.75,26045.5,26053,3697,26063.56,26048.61,0.00
2025-12-08,10:47:00,26052.5,26057.25,26041.25,26051.5,3630,26062.92,26048.62,0.00
2025-12-08,10:48:00,26052.5,26056.5,26032.5,26035.25,3877,26061.89,26048.54,0.00
2025-12-08,10:49:00,26035.25,26039.25,25991.5,25995.5,13547,26054.25,26047.12,0.00
2025-12-08,10:50:00,25995.25,26020.75,25975.25,26011.5,12443,26048.22,26045.69,0.00
2025-12-08,10:51:00,26011.5,26034.5,26007.5,26021.5,7796,26046.38,26045.21,0.00
2025-12-08,10:52:00,26021.25,26026.25,26004,26012,5539,26044.89,26044.79,0.00
2025-12-08,10:53:00,26012,26019.25,25998.25,26015.5,4956,26043.54,26044.38,0.00
2025-12-08,10:54:00,26015.5,26025,26010.25,26016.25,3816,26042.76,26044.12,0.00
2025-12-08,10:55:00,26016.75,26026.75,26009.5,26023.25,2708,26042.29,26043.96,0.00
2025-12-08,10:56:00,26023.25,26027.5,26005.75,26011.5,3510,26041.58,26043.72,0.00
2025-12-08,10:57:00,26011.75,26016.25,26001.5,26006,3089,26040.82,26043.46,0.00
2025-12-08,10:58:00,26005.75,26013,25998.25,26003.25,2741,26040.12,26043.21,0.00
2025-12-08,10:59:00,26002.75,26009,25987.75,25989.5,4817,26038.65,26042.67,0.00
2025-12-08,11:00:00,25989.75,26000.75,25987.25,25997.75,3041,26037.76,26042.34,0.00
2025-12-08,11:01:00,25997.25,26006.25,25992.5,26001.75,4184,26036.73,26041.93,0.00
2025-12-08,11:02:00,26001.75,26009.75,25990,26006.5,3718,26035.91,26041.60,0.00
2025-12-08,11:03:00,26007,26030.75,26002.5,26017.75,6542,26035.15,26041.24,0.00
2025-12-08,11:04:00,26017.75,26024.75,26013.25,26020.5,2840,26034.88,26041.10,0.00
2025-12-08,11:05:00,26019.75,26027,26018.75,26020.75,2112,26034.72,26041.01,0.00
2025-12-08,11:06:00,26021,26021,26000.25,26002.25,5231,26033.91,26040.63,0.00
2025-12-08,11:07:00,26002.25,26015.75,26002.25,26011,2157,26033.61,26040.48,0.00
2025-12-08,11:08:00,26010.75,26021,26007.75,26014.75,2039,26033.39,26040.37,0.00
2025-12-08,11:09:00,26014.75,26031.75,26012.75,26019.5,3791,26033.14,26040.21,0.00
2025-12-08,11:10:00,26019.75,26019.75,25999.25,26009,4039,26032.62,26039.95,0.00
2025-12-08,11:11:00,26008.5,26008.5,25995,26002,3502,26032.05,26039.67,0.00
2025-12-08,11:12:00,26002,26007,25989.25,25996.75,3971,26031.34,26039.32,0.00
2025-12-08,11:13:00,25996.75,26007.5,25991.75,26000.25,2586,26030.93,26039.10,0.00
2025-12-08,11:14:00,26000.75,26003.75,25991.5,25992.5,1602,26030.64,26038.96,0.00
2025-12-08,11:15:00,25992.25,25997.5,25983.75,25994.75,3974,26029.88,26038.57,0.00
2025-12-08,11:16:00,25994.75,25996.75,25973.25,25982,5395,26028.68,26037.97,0.00
2025-12-08,11:17:00,25982,25993.75,25982,25993,3821,26027.97,26037.60,0.00
2025-12-08,11:18:00,25993.25,26002,25991.5,25999.75,3422,26027.48,26037.32,0.00
2025-12-08,11:19:00,25999.75,26000.75,25986.5,25989.25,2901,26027.01,26037.06,0.00
2025-12-08,11:20:00,25988.75,25994.5,25982.25,25985,2566,26026.55,26036.81,0.00
2025-12-08,11:21:00,25985.75,25989.5,25969,25982.75,4785,26025.56,26036.27,0.00
2025-12-08,11:22:00,25982.5,25987.5,25971.75,25975.5,3130,26024.91,26035.92,0.00
2025-12-08,11:23:00,25975.25,25985.25,25965.25,25972,3871,26024.06,26035.45,0.00
2025-12-08,11:24:00,25971.75,25977.25,25957,25957.75,5892,26022.56,26034.64,0.00
2025-12-08,11:25:00,25957.5,25966.25,25951.25,25957,6350,26020.88,25958.17,0.00
2025-12-08,11:26:00,25957.5,25958.75,25932,25934.25,8538,26018.19,25941.67,0.00
2025-12-08,11:27:00,25934.5,25936.25,25910,25921.75,9795,26014.61,25922.67,0.00
2025-12-08,11:28:00,25922.5,25949.75,25920.25,25946,6947,26012.65,25929.31,0.00
2025-12-08,11:29:00,25946,25958.25,25941.5,25944.25,4767,26011.52,25933.45,0.00
2025-12-08,11:30:00,25944.5,25956.5,25941.75,25954.25,2959,26010.87,25935.55,0.00
2025-12-08,11:31:00,25953.5,25953.5,25936.75,25941.25,4619,26009.77,25936.87,0.00
2025-12-08,11:32:00,25941.25,25959.5,25937.75,25957.5,3879,26008.98,25938.60,0.00
2025-12-08,11:33:00,25957.75,25967.25,25954.5,25960,4693,26008.19,25941.34,0.00
2025-12-08,11:34:00,25960,25975.25,25957.75,25974.25,3379,26007.74,25943.62,0.00
2025-12-08,11:35:00,25974.25,25977.5,25966.25,25969.75,3051,26007.36,25945.53,0.00
2025-12-08,11:36:00,25969.5,25976.25,25964.25,25970,2646,26007.03,25946.92,0.00
2025-12-08,11:37:00,25970.75,25971.75,25961.75,25964.5,1882,26006.77,25947.66,0.00
2025-12-08,11:38:00,25964.5,25975,25956,25969.75,3504,26006.31,25948.96,0.00
2025-12-08,11:39:00,25969.25,25973.75,25961.5,25962.5,1470,26006.12,25949.42,0.00
2025-12-08,11:40:00,25962,25966,25955.5,25957.75,2189,26005.79,25949.83,0.00
2025-12-08,11:41:00,25957.75,25962.25,25951.25,25953.75,4222,26005.11,25950.24,0.00
2025-12-08,11:42:00,25954,25956.75,25949,25950,2383,26004.71,25950.31,0.00
2025-12-08,11:43:00,25950.5,25954,25946,25949.25,2573,26004.26,25950.29,0.00
2025-12-08,11:44:00,25949.25,25952.25,25943.25,25949.75,2137,26003.89,25950.23,0.00
2025-12-08,11:45:00,25949.5,25949.75,25938.25,25940.75,2464,26003.42,25949.97,0.00
2025-12-08,11:46:00,25940.75,25956,25939.5,25948,3175,26002.88,25949.87,0.00
2025-12-08,11:47:00,25948,25953.5,25943.75,25948.75,1656,26002.60,25949.85,0.00
2025-12-08,11:48:00,25948.75,25953.75,25941.5,25946.25,1579,26002.33,25949.79,0.00
2025-12-08,11:49:00,25946,25951.25,25936.75,25949.25,2573,26001.89,25949.66,0.00
2025-12-08,11:50:00,25948.75,25952.5,25942.25,25947.75,1518,26001.64,25949.62,0.00
2025-12-08,11:51:00,25947.5,25949,25928.25,25930.75,4630,26000.74,25948.87,0.00
2025-12-08,11:52:00,25931,25939,25930,25932.25,2711,26000.20,25948.40,0.00
2025-12-08,11:53:00,25932.25,25934.75,25918.75,25927.75,4551,25999.24,25947.35,0.00
2025-12-08,11:54:00,25928,25941,25927.25,25936.75,3108,25998.66,25946.95,0.00
2025-12-08,11:55:00,25937.25,25938.5,25925.5,25928.5,2336,25998.21,25946.56,0.00
2025-12-08,11:56:00,25928.5,25928.75,25913.5,25919.25,4334,25997.25,25945.45,0.00
2025-12-08,11:57:00,25919.25,25921.25,25903.25,25912.25,6020,25995.83,25912.25,0.00
2025-12-08,11:58:00,25911.75,25937.75,25911.5,25934,5789,25994.75,25919.85,0.00
2025-12-08,11:59:00,25934,25936.25,25924.5,25926.5,2332,25994.33,25921.37,0.00
2025-12-08,12:00:00,25927,25927.5,25913,25916.25,2762,25993.77,25920.97,0.00
2025-12-08,12:01:00,25916.25,25916.25,25898.25,25913,6629,25992.28,25909.17,0.00
2025-12-08,12:02:00,25912.75,25915.5,25886.25,25887,7030,25990.53,25896.25,0.00
2025-12-08,12:03:00,25887,25901,25881.75,25883.75,4926,25989.24,25888.83,0.00
2025-12-08,12:04:00,25884.25,25896.5,25881.75,25887.5,4207,25988.16,25888.72,0.00
2025-12-08,12:05:00,25887,25901.5,25886.25,25897,2874,25987.48,25890.20,0.00
2025-12-08,12:06:00,25896.5,25909.5,25891,25906.75,4082,25986.62,25893.30,0.00
2025-12-08,12:07:00,25906.75,25910,25881,25890.75,4642,25985.55,25893.92,0.00
2025-12-08,12:08:00,25891.25,25905.5,25886.25,25898.25,2948,25984.91,25894.98,0.00
2025-12-08,12:09:00,25898.25,25909.75,25893.25,25903.5,2440,25984.42,25896.73,0.00
2025-12-08,12:10:00,25903.75,25909,25892.25,25906.5,2822,25983.86,25898.02,0.00
2025-12-08,12:11:00,25907.25,25919.5,25892.25,25896.75,6032,25982.69,25899.56,0.00
2025-12-08,12:12:00,25896.5,25905.25,25895.75,25905,1715,25982.36,25899.76,0.00
2025-12-08,12:13:00,25905,25905.75,25893.25,25896,1886,25981.99,25899.64,0.00
2025-12-08,12:14:00,25895.5,25908,25893.75,25898.75,1996,25981.60,25899.68,0.00
2025-12-08,12:15:00,25899.25,25902.75,25884.75,25891.25,3171,25980.95,25898.91,0.00
2025-12-08,12:16:00,25891,25896,25884,25888,2555,25980.40,25898.10,0.00
2025-12-08,12:17:00,25887.5,25898,25887.5,25889.25,1878,25980.02,25897.72,0.00
2025-12-08,12:18:00,25888.5,25898.5,25888,25894,1530,25979.71,25897.52,0.00
2025-12-08,12:19:00,25894,25895.75,25886.75,25890.5,1314,25979.44,25897.28,0.00
2025-12-08,12:20:00,25891,25899.25,25875.5,25895.25,4192,25978.59,25890.00,0.00
2025-12-08,12:21:00,25895,25912,25894.25,25904.5,5060,25977.73,25897.43,0.00
2025-12-08,12:22:00,25904.25,25912,25901.5,25907.75,2511,25977.34,25899.49,0.00
2025-12-08,12:23:00,25907.5,25917,25905.75,25910.5,3221,25976.86,25901.98,0.00
2025-12-08,12:24:00,25910,25920.25,25906.75,25919.25,2183,25976.57,25903.69,0.00
2025-12-08,12:25:00,25919.25,25924.25,25913,25914.25,3486,25976.11,25905.96,0.00
2025-12-08,12:26:00,25914.25,25915,25900.75,25907,3880,25975.53,25906.22,0.00
2025-12-08,12:27:00,25907.25,25911,25902,25904.75,2234,25975.20,25906.20,0.00
2025-12-08,12:28:00,25904.5,25905.25,25892,25895.5,3715,25974.58,25905.15,0.00
2025-12-08,12:29:00,25895.5,25916.5,25893.75,25915.75,3545,25974.08,25905.51,0.00
2025-12-08,12:30:00,25915.75,25918,25910.5,25914.75,2357,25973.78,25906.09,0.00
2025-12-08,12:31:00,25915.25,25923.75,25913.25,25917.5,3282,25973.40,25907.09,0.00
2025-12-08,12:32:00,25917.75,25921.5,25901,25903,3747,25972.89,25907.21,0.00
2025-12-08,12:33:00,25902.75,25906.75,25897.25,25900,2186,25972.56,25906.93,0.00
2025-12-08,12:34:00,25900.25,25905,25896.5,25901.25,1909,25972.28,25906.69,0.00
2025-12-08,12:35:00,25901.25,25903,25888.75,25895.75,2967,25971.81,25906.05,0.00
2025-12-08,12:36:00,25895.5,25896.5,25890.25,25890.75,1612,25971.55,25905.63,0.00
2025-12-08,12:37:00,25891,25909,25889.75,25904.25,2921,25971.13,25905.38,0.00
2025-12-08,12:38:00,25904.25,25905.5,25896,25901.5,1537,25970.91,25905.26,0.00
2025-12-08,12:39:00,25901.5,25906.75,25896.75,25903,1477,25970.70,25905.19,0.00
2025-12-08,12:40:00,25903,25905.5,25894.25,25897.75,1352,25970.51,25905.05,0.00
2025-12-08,12:41:00,25897.75,25906.25,25894.75,25904.5,1630,25970.28,25904.96,0.00
2025-12-08,12:42:00,25904.75,25910.25,25895.5,25900,2484,25969.94,25904.84,0.00
2025-12-08,12:43:00,25900.5,25904.75,25897.25,25902,1187,25969.78,25904.78,0.00
2025-12-08,12:44:00,25901.75,25902,25895,25898.75,930,25969.65,25904.69,0.00
2025-12-08,12:45:00,25898.75,25907,25897.5,25905.25,1242,25969.48,25904.66,0.00
2025-12-08,12:46:00,25905.25,25909,25899.5,25907.25,1615,25969.28,25904.68,0.00
2025-12-08,12:47:00,25907.5,25908.75,25899.25,25902.25,1456,25969.09,25904.65,0.00
2025-12-08,12:48:00,25902,25906.25,25899.25,25902.75,811,25968.98,25904.63,0.00
2025-12-08,12:49:00,25903.25,25909.25,25901.5,25904.5,785,25968.88,25904.64,0.00
2025-12-08,12:50:00,25904.75,25907,25892.75,25892.75,1943,25968.61,25904.45,0.00
2025-12-08,12:51:00,25892.5,25908.75,25891.75,25905,2442,25968.29,25904.36,0.00
2025-12-08,12:52:00,25905,25907,25896.25,25901.25,1240,25968.13,25904.32,0.00
2025-12-08,12:53:00,25901.75,25902.25,25887.75,25892,3052,25967.69,25903.92,0.00
2025-12-08,12:54:00,25892,25900.5,25884.5,25900.5,2775,25967.30,25903.63,0.00
2025-12-08,12:55:00,25900.5,25904,25895.5,25898.25,1648,25967.08,25903.55,0.00
2025-12-08,12:56:00,25898,25898.75,25891,25892,1272,25966.90,25903.40,0.00
2025-12-08,12:57:00,25892.25,25900,25889.5,25892.25,2147,25966.60,25903.17,0.00
2025-12-08,12:58:00,25892.25,25901.25,25892,25896.75,913,25966.48,25903.11,0.00
2025-12-08,12:59:00,25896.75,25901.75,25894.25,25896.75,1078,25966.34,25903.04,0.00
2025-12-08,13:00:00,25896.5,25897.75,25892,25893,1007,25966.20,25902.94,0.00
2025-12-08,13:01:00,25893.25,25893.25,25869.25,25873.5,6129,25965.19,25878.67,0.00
2025-12-08,13:02:00,25873.25,25882,25872.75,25877.25,2648,25964.76,25878.26,0.00
2025-12-08,13:03:00,25877.75,25878.25,25859,25861.25,5463,25963.76,25866.17,0.00
2025-12-08,13:04:00,25861,25874.25,25855.5,25873.75,5319,25962.83,25867.83,0.00
2025-12-08,13:05:00,25874.25,25877.5,25865.75,25866.5,2599,25962.39,25868.52,0.00
2025-12-08,13:06:00,25866.5,25885.75,25864.75,25880.5,3567,25961.84,25871.15,0.00
2025-12-08,13:07:00,25879.75,25891.25,25878.75,25886.75,2678,25961.47,25873.88,0.00
2025-12-08,13:08:00,25886.75,25894.75,25884.25,25892.25,2646,25961.13,25876.48,0.00
2025-12-08,13:09:00,25892,25900.5,25889.75,25899,2624,25960.83,25879.18,0.00
2025-12-08,13:10:00,25899,25899,25890,25894.75,1571,25960.64,25880.33,0.00
2025-12-08,13:11:00,25894.5,25897,25884.5,25885,2382,25960.34,25881.19,0.00
2025-12-08,13:12:00,25884.75,25887,25877.5,25884,2447,25960.00,25881.35,0.00
2025-12-08,13:13:00,25883.25,25886.25,25878,25879.5,1410,25959.81,25881.34,0.00
2025-12-08,13:14:00,25879.5,25888,25875.5,25875.5,1758,25959.56,25881.24,0.00
2025-12-08,13:15:00,25875.25,25879.75,25867.25,25877.25,3030,25959.11,25880.63,0.00
2025-12-08,13:16:00,25877,25886,25872.75,25881.25,2560,25958.76,25880.58,0.00
2025-12-08,13:17:00,25881.25,25884.75,25875,25880.75,1147,25958.60,25880.57,0.00
2025-12-08,13:18:00,25880.5,25889.75,25880.5,25885.25,1361,25958.43,25880.74,0.00
2025-12-08,13:19:00,25885,25887.75,25881.75,25885.75,921,25958.31,25880.84,0.00
2025-12-08,13:20:00,25885.75,25891.5,25878,25879,2179,25958.03,25880.95,0.00
2025-12-08,13:21:00,25879.25,25881.5,25870,25877,2672,25957.65,25880.65,0.00
2025-12-08,13:22:00,25877.25,25882.25,25874.75,25878.25,1419,25957.46,25880.58,0.00
2025-12-08,13:23:00,25878,25878,25872,25872.75,1239,25957.28,25880.41,0.00
2025-12-08,13:24:00,25873.25,25877,25866.25,25870,1983,25956.99,25880.02,0.00
2025-12-08,13:25:00,25870,25872,25865.25,25870.5,1917,25956.71,25879.60,0.00
2025-12-08,13:26:00,25871.5,25872.75,25861.75,25865.5,2691,25956.30,25878.93,0.00
2025-12-08,13:27:00,25865.5,25868.5,25847,25857.25,5470,25955.40,25857.58,0.00
2025-12-08,13:28:00,25857.5,25866.25,25856.5,25862.5,2288,25955.04,25858.81,0.00
2025-12-08,13:29:00,25862.75,25871.5,25862.25,25864.25,1948,25954.75,25860.25,0.00
2025-12-08,13:30:00,25864,25872.25,25863.75,25870.75,1344,25954.56,25861.31,0.00
2025-12-08,13:31:00,25870.75,25880,25867,25879.5,2755,25954.20,25864.14,0.00
2025-12-08,13:32:00,25879,25884,25876.25,25882.5,2002,25953.96,25866.27,0.00
2025-12-08,13:33:00,25882.75,25885.5,25871.75,25872,2360,25953.66,25867.58,0.00
2025-12-08,13:34:00,25872.5,25880.5,25872,25878.5,1310,25953.50,25868.22,0.00
2025-12-08,13:35:00,25879,25879.25,25870.25,25874.5,1191,25953.34,25868.59,0.00
2025-12-08,13:36:00,25874.5,25876.5,25870.75,25872.25,1099,25953.20,25868.82,0.00
2025-12-08,13:37:00,25872.75,25880,25870.25,25876.75,1053,25953.07,25869.14,0.00
2025-12-08,13:38:00,25877.25,25879.25,25871.5,25876.5,749,25952.97,25869.35,0.00
2025-12-08,13:39:00,25876.25,25878.75,25871.25,25875,879,25952.86,25869.55,0.00
2025-12-08,13:40:00,25875.25,25881.5,25874.75,25874.75,1047,25952.73,25869.86,0.00
2025-12-08,13:41:00,25874.75,25886.75,25873,25881.25,1905,25952.51,25870.58,0.00
2025-12-08,13:42:00,25881,25891,25881,25890.25,2112,25952.29,25871.79,0.00
2025-12-08,13:43:00,25890.25,25893.75,25888.25,25892,1927,25952.10,25872.99,0.00
2025-12-08,13:44:00,25891.25,25892.75,25875.5,25877.25,2569,25951.81,25873.65,0.00
2025-12-08,13:45:00,25876.75,25880.5,25875.75,25876,1312,25951.66,25873.79,0.00
2025-12-08,13:46:00,25876.25,25876.75,25867.25,25868.75,2855,25951.29,25873.58,0.00
2025-12-08,13:47:00,25868.5,25874.25,25865,25873.5,1527,25951.10,25873.48,0.00
2025-12-08,13:48:00,25873.5,25886.25,25873.25,25885.5,2245,25950.85,25873.92,0.00
2025-12-08,13:49:00,25885.25,25887.5,25880.75,25887.5,1607,25950.69,25874.33,0.00
2025-12-08,13:50:00,25887.75,25895.75,25887.5,25893.25,2531,25950.45,25875.31,0.00
2025-12-08,13:51:00,25893.5,25901.75,25890.75,25892.75,3812,25950.13,25876.82,0.00
2025-12-08,13:52:00,25892.5,25895,25887.75,25893.75,1974,25949.95,25877.41,0.00
2025-12-08,13:53:00,25893.75,25898.5,25890,25897.75,1446,25949.83,25877.90,0.00
2025-12-08,13:54:00,25897.5,25904.5,25896.75,25900.5,2431,25949.64,25878.88,0.00
2025-12-08,13:55:00,25901.25,25903,25899,25901,1230,25949.55,25879.36,0.00
2025-12-08,13:56:00,25900.75,25903.5,25892,25894,2180,25949.37,25879.99,0.00
2025-12-08,13:57:00,25893.75,25920.5,25891,25919.5,6838,25948.97,25883.14,0.00
2025-12-08,13:58:00,25919.75,25939,25919.75,25934.5,8255,25948.74,25888.47,0.00
2025-12-08,13:59:00,25934.75,25943.25,25926.25,25932.5,6927,25948.59,25892.35,0.00
2025-12-08,14:00:00,25933.25,25935.25,25918.75,25934,4163,25948.47,25894.16,0.00
2025-12-08,14:01:00,25933.5,25949.75,25928.5,25935.5,6214,25948.38,25897.13,0.00
2025-12-08,14:02:00,25935.75,25936.75,25919,25924,3886,25948.26,25898.33,0.00
2025-12-08,14:03:00,25924.75,25933,25919.75,25925.25,2437,25948.18,25899.02,0.00
2025-12-08,14:04:00,25925,25929.75,25913.25,25914.25,2531,25948.07,25899.52,0.00
2025-12-08,14:05:00,25913.75,25920.75,25909.75,25920.5,2903,25947.94,25900.01,0.00
2025-12-08,14:06:00,25920,25928.25,25917,25927.25,2264,25947.86,25900.53,0.00
2025-12-08,14:07:00,25927.25,25931,25921.25,25926.75,1967,25947.80,25901.00,0.00
2025-12-08,14:08:00,25926.5,25932.25,25923.25,25926.5,1468,25947.76,25901.36,0.00
2025-12-08,14:09:00,25926.75,25934.25,25923,25930,2066,25947.71,25901.87,0.00
2025-12-08,14:10:00,25930,25941.75,25930,25940,2850,25947.66,25902.76,0.00
2025-12-08,14:11:00,25940.25,25944.5,25929,25932,3010,25947.61,25903.59,0.00
2025-12-08,14:12:00,25932.25,25941.75,25930,25938.25,2402,25947.57,25904.26,0.00
2025-12-08,14:13:00,25938,25941.75,25931.75,25941.5,1521,25947.55,25904.69,0.00
2025-12-08,14:14:00,25941.5,25942.75,25935,25939,1365,25947.54,25905.07,0.00
2025-12-08,14:15:00,25937.75,25938.25,25927.25,25930.25,1827,25947.50,25905.46,0.00
2025-12-08,14:16:00,25930.5,25939.25,25929,25938.25,1757,25947.47,25905.88,0.00
2025-12-08,14:17:00,25938.5,25941.5,25932,25940,1425,25947.45,25906.24,0.00
2025-12-08,14:18:00,25939.75,25941.25,25930.5,25931,1389,25947.42,25906.54,0.00
2025-12-08,14:19:00,25931,25932.5,25919.75,25921.25,3001,25947.33,25906.95,0.00
2025-12-08,14:20:00,25921.75,25927.5,25919.25,25927,1652,25947.28,25907.17,0.00
2025-12-08,14:21:00,25927,25933.75,25922.75,25929,1896,25947.23,25907.47,0.00
2025-12-08,14:22:00,25929,25936.25,25923.25,25936,1422,25947.20,25907.72,0.00
2025-12-08,14:23:00,25935.75,25938,25925,25932.75,1597,25947.16,25908.00,0.00
2025-12-08,14:24:00,25932.75,25937.25,25926.75,25928,1704,25947.13,25908.28,0.00
2025-12-08,14:25:00,25927.5,25934.25,25925,25929,1388,25947.09,25908.49,0.00
2025-12-08,14:26:00,25929,25931,25914.5,25916.5,2670,25947.00,25908.71,0.00
2025-12-08,14:27:00,25917,25918.25,25908.25,25916.5,3168,25946.86,25908.83,0.00
2025-12-08,14:28:00,25916.25,25916.75,25903.5,25905,3086,25946.70,25908.83,0.00
2025-12-08,14:29:00,25905.25,25907.25,25890.5,25893,4090,25946.42,25908.51,0.00
2025-12-08,14:30:00,25892.75,25900.5,25881.5,25883,4270,25946.09,25907.97,0.00
2025-12-08,14:31:00,25882.75,25882.75,25869.75,25876.25,5280,25945.61,25906.95,0.00
2025-12-08,14:32:00,25877,25886,25871.5,25880.75,3620,25945.29,25906.35,0.00
2025-12-08,14:33:00,25880.75,25887.25,25874.75,25875.75,2818,25945.05,25905.90,0.00
2025-12-08,14:34:00,25876,25879.25,25870.75,25872,2106,25944.85,25905.51,0.00
2025-12-08,14:35:00,25872.75,25876,25857.75,25865.5,4529,25944.39,25904.51,0.00
2025-12-08,14:36:00,25865.75,25872,25855.5,25870.5,3133,25944.07,25903.84,0.00
2025-12-08,14:37:00,25870.5,25881,25870.5,25879.75,3087,25943.80,25903.39,0.00
2025-12-08,14:38:00,25879.5,25887.5,25878,25884.5,2774,25943.59,25903.09,0.00
2025-12-08,14:39:00,25884.5,25894.25,25880,25893.25,2558,25943.41,25902.90,0.00
2025-12-08,14:40:00,25893.75,25894.75,25883.75,25888,1629,25943.30,25902.78,0.00
2025-12-08,14:41:00,25888.75,25889.5,25871,25875.75,2678,25943.08,25902.45,0.00
2025-12-08,14:42:00,25875.75,25877.75,25870,25874.5,1519,25942.94,25902.23,0.00
2025-12-08,14:43:00,25875,25879.25,25869.25,25872,1476,25942.81,25902.01,0.00
2025-12-08,14:44:00,25871.75,25874.25,25867.25,25868.25,1324,25942.69,25901.79,0.00
2025-12-08,14:45:00,25867.75,25881.5,25865,25879.75,2179,25942.51,25901.50,0.00
2025-12-08,14:46:00,25880.25,25887.75,25872.5,25878.25,2348,25942.32,25901.25,0.00
2025-12-08,14:47:00,25878.5,25887,25872.75,25882.5,1453,25942.21,25901.10,0.00
2025-12-08,14:48:00,25882.25,25887.5,25879,25879.75,1086,25942.13,25901.00,0.00
2025-12-08,14:49:00,25880.25,25880.5,25873.25,25878,1294,25942.02,25900.85,0.00
2025-12-08,14:50:00,25877.75,25878,25870.25,25871,879,25941.94,25900.73,0.00
2025-12-08,14:51:00,25871,25878,25868.5,25877.5,1271,25941.84,25900.57,0.00
2025-12-08,14:52:00,25877,25877.25,25870.25,25873.5,929,25941.76,25900.45,0.00
2025-12-08,14:53:00,25873.75,25878,25871.75,25878,713,25941.70,25900.37,0.00
2025-12-08,14:54:00,25878,25878.5,25863.25,25867.25,1909,25941.53,25900.09,0.00
2025-12-08,14:55:00,25867.25,25876.25,25867,25872.25,1052,25941.44,25899.95,0.00
2025-12-08,14:56:00,25872.25,25873,25858.25,25865.25,2269,25941.22,25899.59,0.00
2025-12-08,14:57:00,25865.75,25867.75,25837,25846.25,7169,25940.42,25850.33,0.00
2025-12-08,14:58:00,25846,25852,25840.25,25843.75,3167,25940.06,25848.80,0.00
2025-12-08,14:59:00,25843.75,25844,25817,25827.75,7658,25939.03,25829.58,0.00
2025-12-08,15:00:00,25827.75,25846.25,25826.25,25845.5,3675,25938.59,25832.75,0.00
2025-12-08,15:01:00,25845.75,25846.5,25831.5,25840,3863,25938.13,25834.42,0.00
2025-12-08,15:02:00,25840.25,25850.5,25839.75,25844,3265,25937.76,25836.25,0.00
2025-12-08,15:03:00,25843.5,25845,25831.75,25832.5,2600,25937.45,25836.27,0.00
2025-12-08,15:04:00,25832.5,25834.5,25820.5,25831.25,3835,25936.95,25835.11,0.00
2025-12-08,15:05:00,25831.25,25840.75,25828.5,25838.75,2355,25936.67,25835.19,0.00
2025-12-08,15:06:00,25839,25841.75,25831.5,25838.5,2046,25936.43,25835.33,0.00
2025-12-08,15:07:00,25838.5,25839.75,25832,25839.75,1370,25936.27,25835.41,0.00
2025-12-08,15:08:00,25839.75,25848,25837,25841,2229,25936.02,25835.86,0.00
2025-12-08,15:09:00,25841,25846.25,25836.75,25838.5,1335,25935.87,25836.04,0.00
2025-12-08,15:10:00,25838,25843.75,25834.5,25839.75,955,25935.77,25836.13,0.00
2025-12-08,15:11:00,25840.25,25845,25834.75,25836.75,1669,25935.58,25836.25,0.00
2025-12-08,15:12:00,25836.25,25836.75,25827,25828,1881,25935.35,25835.98,0.00
2025-12-08,15:13:00,25828.25,25835,25827.5,25828.5,1490,25935.16,25835.77,0.00
2025-12-08,15:14:00,25828.25,25838.25,25828.25,25833,1264,25935.01,25835.69,0.00
2025-12-08,15:15:00,25833.25,25835.5,25830.25,25833.5,750,25934.92,25835.64,0.00
2025-12-08,15:16:00,25833.75,25843,25832.75,25838.75,1922,25934.71,25835.75,0.00
2025-12-08,15:17:00,25839,25841.5,25834.75,25837,882,25934.61,25835.79,0.00
2025-12-08,15:18:00,25837.5,25849.75,25836.5,25846.5,2235,25934.37,25836.19,0.00
2025-12-08,15:19:00,25846.25,25851.25,25841,25847.75,1845,25934.19,25836.58,0.00
2025-12-08,15:20:00,25847.75,25854.25,25846,25853.5,2033,25933.99,25837.17,0.00
2025-12-08,15:21:00,25853.25,25860.25,25848.5,25852,3304,25933.69,25838.16,0.00
2025-12-08,15:22:00,25851.75,25857.5,25847.75,25856.75,1699,25933.53,25838.64,0.00
2025-12-08,15:23:00,25856.75,25863,25852.5,25859,2418,25933.33,25839.45,0.00
2025-12-08,15:24:00,25859.5,25860.5,25850.25,25850.25,1518,25933.19,25839.81,0.00
2025-12-08,15:25:00,25850.25,25851.75,25843.25,25846.25,2585,25932.94,25840.11,0.00
2025-12-08,15:26:00,25846.25,25853.25,25845.5,25849.75,1150,25932.83,25840.28,0.00
2025-12-08,15:27:00,25850.25,25850.25,25843.25,25848.75,1332,25932.70,25840.42,0.00
2025-12-08,15:28:00,25849.75,25856.25,25849.25,25855,1297,25932.58,25840.68,0.00
2025-12-08,15:29:00,25855.25,25858.5,25848,25849.25,1400,25932.45,25840.91,0.00
2025-12-08,15:30:00,25848.75,25853.75,25846.5,25851.75,859,25932.37,25841.03,0.00
2025-12-08,15:31:00,25851.25,25856.75,25848.5,25849.75,1233,25932.26,25841.22,0.00
2025-12-08,15:32:00,25850,25854.75,25847.5,25851.5,907,25932.18,25841.35,0.00
2025-12-08,15:33:00,25851.25,25851.75,25847.25,25849.75,847,25932.10,25841.44,0.00
2025-12-08,15:34:00,25850.25,25862.25,25849.5,25857.75,2077,25931.92,25841.87,0.00
2025-12-08,15:35:00,25858,25865.25,25857.25,25862.25,1571,25931.80,25842.28,0.00
2025-12-08,15:36:00,25862.25,25870.75,25859.75,25869,2070,25931.65,25842.93,0.00
2025-12-08,15:37:00,25868.5,25869.5,25858.75,25865.5,1919,25931.51,25843.45,0.00
2025-12-08,15:38:00,25865.75,25872.75,25865.75,25872.5,1475,25931.41,25843.94,0.00
2025-12-08,15:39:00,25872.5,25873.25,25860.5,25866.75,1762,25931.28,25844.43,0.00
2025-12-08,15:40:00,25867,25869.25,25859.75,25860.75,1492,25931.17,25844.76,0.00
2025-12-08,15:41:00,25860.5,25863.75,25851.75,25852.75,2141,25930.99,25845.05,0.00
2025-12-08,15:42:00,25852.25,25858.25,25850.25,25855.25,1762,25930.84,25845.24,0.00
2025-12-08,15:43:00,25855.75,25864,25854.5,25859.25,1317,25930.74,25845.44,0.00
2025-12-08,15:44:00,25859.5,25863,25856.25,25856.5,764,25930.67,25845.55,0.00
2025-12-08,15:45:00,25856.25,25866.5,25856.25,25859,1529,25930.56,25845.81,0.00
2025-12-08,15:46:00,25859.25,25860.25,25845.5,25850.5,2439,25930.35,25845.97,0.00
2025-12-08,15:47:00,25850.75,25853.5,25846.5,25849.75,1769,25930.19,25846.04,0.00
2025-12-08,15:48:00,25848.75,25853.25,25848.5,25851,853,25930.12,25846.08,0.00
2025-12-08,15:49:00,25851.5,25857.5,25850,25853.75,884,25930.04,25846.15,0.00
2025-12-08,15:50:00,25853.75,25861.5,25852,25861,1098,25929.96,25846.29,0.00
2025-12-08,15:51:00,25861.5,25868.25,25858.5,25865.25,1857,25929.82,25846.61,0.00
2025-12-08,15:52:00,25865.5,25871.5,25862.75,25867.5,1988,25929.69,25847.01,0.00
2025-12-08,15:53:00,25867.5,25873.75,25863.75,25871,1434,25929.59,25847.33,0.00
2025-12-08,15:54:00,25871.25,25871.5,25866.5,25871.25,822,25929.54,25847.50,0.00
2025-12-08,15:55:00,25871.25,25875.75,25866,25866,1544,25929.44,25847.82,0.00
2025-12-08,15:56:00,25866.25,25867,25855,25855.5,1975,25929.29,25848.02,0.00
2025-12-08,15:57:00,25855,25858.75,25849.5,25850.25,1935,25929.13,25848.11,0.00
2025-12-08,15:58:00,25850.5,25851.75,25842.75,25844,2346,25928.92,25848.07,0.00
2025-12-08,15:59:00,25844.25,25848.75,25839.25,25840.75,2172,25928.72,25847.97,0.00
2025-12-08,16:00:00,25841,25848.25,25839.25,25844.75,1714,25928.57,25847.91,0.00
2025-12-08,16:01:00,25845.75,25855.25,25845.25,25850.5,2640,25928.35,25847.97,0.00
2025-12-08,16:02:00,25850,25853,25845.75,25846,1001,25928.26,25847.97,0.00
2025-12-08,16:03:00,25846,25849.25,25841.5,25842.75,1196,25928.15,25847.94,0.00
2025-12-08,16:04:00,25843,25849,25840.75,25846.75,1258,25928.04,25847.91,0.00
2025-12-08,16:05:00,25847.5,25847.75,25840,25841,827,25927.97,25847.88,0.00
2025-12-08,16:06:00,25841.25,25842.5,25835.75,25839.5,1952,25927.78,25847.74,0.00
2025-12-08,16:07:00,25839,25843,25835.75,25841.75,1273,25927.67,25847.67,0.00
2025-12-08,16:08:00,25841.75,25846.25,25838.25,25839.5,1350,25927.54,25847.60,0.00
2025-12-08,16:09:00,25839.5,25849,25837.75,25846.75,1531,25927.41,25847.56,0.00
2025-12-08,16:10:00,25846.5,25850.5,25843,25849.25,1273,25927.30,25847.56,0.00
2025-12-08,16:11:00,25849.25,25854.5,25844.25,25852.25,1490,25927.18,25847.59,0.00
2025-12-08,16:12:00,25852,25856.75,25850,25851.75,1207,25927.09,25847.64,0.00
2025-12-08,16:13:00,25852.25,25852.75,25846.75,25850.25,1119,25926.99,25847.66,0.00
2025-12-08,16:14:00,25850,25852.5,25847,25851.75,714,25926.94,25847.67,0.00
2025-12-08,16:15:00,25851.75,25856.5,25849.5,25856.5,818,25926.87,25847.71,0.00
2025-12-08,16:16:00,25856.5,25863.25,25849.5,25862,2189,25926.72,25847.88,0.00
2025-12-08,16:17:00,25862.25,25862.5,25853.75,25855.75,1107,25926.64,25847.96,0.00
2025-12-08,16:18:00,25856,25857.25,25849.75,25849.75,1211,25926.54,25847.99,0.00
2025-12-08,16:19:00,25850,25859,25847.75,25855.75,1408,25926.44,25848.05,0.00
2025-12-08,16:20:00,25855.5,25858.75,25852.25,25856.5,784,25926.38,25848.10,0.00
2025-12-08,16:21:00,25857,25857.25,25852.5,25855.75,807,25926.32,25848.14,0.00
2025-12-08,16:22:00,25856.5,25863,25854.25,25861,907,25926.26,25848.21,0.00
2025-12-08,16:23:00,25860.5,25867.25,25860,25863.25,1599,25926.15,25848.37,0.00
2025-12-08,16:24:00,25863.25,25863.75,25854.75,25857.25,1298,25926.06,25848.46,0.00
2025-12-08,16:25:00,25857.75,25859.5,25856,25857.75,520,25926.02,25848.50,0.00
2025-12-08,16:26:00,25857.5,25862.25,25857,25862.25,839,25925.97,25848.57,0.00
2025-12-08,16:27:00,25862.25,25863.25,25848.5,25860.75,2354,25925.80,25848.70,0.00
2025-12-08,16:28:00,25860.75,25864.5,25859.25,25864,798,25925.75,25848.78,0.00
2025-12-08,16:29:00,25864,25866.5,25862.75,25865.25,788,25925.70,25848.86,0.00
2025-12-08,16:30:00,25865.25,25870.5,25864.25,25868.5,1435,25925.61,25849.04,0.00
2025-12-08,16:31:00,25868.5,25870,25857.25,25860,3002,25925.42,25849.29,0.00
2025-12-08,16:32:00,25860,25868.25,25858.25,25866.5,1738,25925.31,25849.46,0.00
2025-12-08,16:33:00,25866.25,25867.25,25857.5,25858.25,1326,25925.22,25849.55,0.00
2025-12-08,16:34:00,25858.5,25861.5,25856.5,25859.5,993,25925.16,25849.61,0.00
2025-12-08,16:35:00,25859.5,25859.75,25850.25,25852.5,2178,25925.00,25849.67,0.00
2025-12-08,16:36:00,25852.25,25853.75,25843.25,25849.75,3068,25924.76,25849.66,0.00
2025-12-08,16:37:00,25850,25856.75,25849,25852.75,1464,25924.65,25849.69,0.00
2025-12-08,16:38:00,25853.75,25861,25851.75,25857.75,1284,25924.57,25849.74,0.00
2025-12-08,16:39:00,25857.75,25859,25851.5,25859,975,25924.50,25849.78,0.00
2025-12-08,16:40:00,25859,25860.5,25853.25,25854.5,847,25924.44,25849.81,0.00
2025-12-08,16:41:00,25854.5,25858.5,25852.25,25858.5,1131,25924.36,25849.85,0.00
2025-12-08,16:42:00,25858.5,25860.5,25856,25857.75,708,25924.32,25849.89,0.00
2025-12-08,16:43:00,25858.25,25863,25856.25,25862.25,1102,25924.24,25849.95,0.00
2025-12-08,16:44:00,25862.5,25870,25861.5,25867.25,1564,25924.15,25850.10,0.00
2025-12-08,16:45:00,25867.5,25867.75,25860,25867,1440,25924.07,25850.22,0.00
2025-12-08,16:46:00,25867,25867.75,25858.75,25863.5,1120,25924.00,25850.30,0.00
2025-12-08,16:47:00,25863.5,25867,25862.25,25865,874,25923.95,25850.37,0.00
2025-12-08,16:48:00,25864.75,25869,25861.5,25865.75,1118,25923.88,25850.47,0.00
2025-12-08,16:49:00,25865.25,25866.25,25855,25861.5,1471,25923.79,25850.55,0.00
2025-12-08,16:50:00,25861.5,25864.5,25857,25859.25,946,25923.73,25850.60,0.00
2025-12-08,16:51:00,25858.75,25872.75,25858,25869.25,3389,25923.54,25850.89,0.00
2025-12-08,16:52:00,25869,25877.25,25866.75,25874,2507,25923.41,25851.18,0.00
2025-12-08,16:53:00,25873.5,25877.5,25869.75,25876.25,1849,25923.32,25851.41,0.00
2025-12-08,16:54:00,25876.5,25882.5,25874,25877,2502,25923.21,25851.75,0.00
2025-12-08,16:55:00,25877.5,25879.5,25860.25,25866.5,4449,25922.97,25852.14,0.00
2025-12-08,16:56:00,25866,25880.25,25865.5,25872.25,2862,25922.83,25852.43,0.00
2025-12-08,16:57:00,25872,25877.25,25869.25,25872.5,1178,25922.77,25852.55,0.00
2025-12-08,16:58:00,25872.5,25887,25871.5,25885.5,2732,25922.66,25852.94,0.00
2025-12-08,16:59:00,25885.75,25888,25880.75,25887.5,2389,25922.57,25853.31,0.00
2025-12-08,17:00:00,25887.75,25925.25,25886.5,25921.5,10103,25922.46,25856.01,0.00
2025-12-08,17:01:00,25921.75,25928,25917.75,25918.25,7186,25922.45,25858.11,0.00
2025-12-08,17:02:00,25918.75,25920,25914.5,25917,2220,25922.44,25858.69,0.00
2025-12-08,17:03:00,25917.25,25918.75,25911.75,25916.75,1540,25922.43,25859.08,0.00
2025-12-08,17:04:00,25916.75,25920.5,25913.5,25920,1196,25922.42,25859.38,0.00
2025-12-08,17:05:00,25920,25922.5,25916.5,25920.25,837,25922.42,25859.61,0.00
2025-12-08,17:06:00,25920.5,25921,25916.75,25918.75,657,25922.42,25859.77,0.00
2025-12-08,17:07:00,25919,25919,25913,25916.25,729,25922.42,25859.95,0.00
2025-12-08,17:08:00,25915.75,25918,25913.5,25917,441,25922.41,25860.06,0.00
2025-12-08,17:09:00,25916.75,25918.25,25914.75,25917.5,444,25922.41,25860.17,0.00
2025-12-08,17:10:00,25917.5,25920.25,25916.25,25917.5,340,25922.41,25860.25,0.00
2025-12-08,17:11:00,25917.75,25921.25,25914.5,25915.5,522,25922.41,25860.38,0.00
2025-12-08,17:12:00,25915.25,25916,25912.25,25915,509,25922.40,25860.50,0.00
2025-12-08,17:13:00,25915.5,25918,25914.5,25915,323,25922.40,25860.58,0.00
2025-12-08,17:14:00,25914.5,25914.75,25909.25,25913.75,838,25922.39,25860.76,0.00
2025-12-08,17:15:00,25913.75,25914.75,25911,25914,486,25922.39,25860.87,0.00
2025-12-08,17:16:00,25914,25916.75,25909.75,25910.75,620,25922.38,25861.01,0.00
2025-12-08,17:17:00,25911.25,25913.25,25910.5,25912.5,176,25922.38,25861.04,0.00
2025-12-08,17:18:00,25912.5,25913.25,25911,25912,166,25922.38,25861.08,0.00
2025-12-08,17:19:00,25911.75,25915,25911.75,25912.5,257,25922.38,25861.14,0.00
2025-12-08,17:20:00,25912.5,25916.75,25912.5,25916,190,25922.38,25861.18,0.00
2025-12-08,17:21:00,25915.25,25916.5,25915.25,25916,185,25922.37,25861.22,0.00
2025-12-08,17:22:00,25915.75,25916.5,25914,25914.5,133,25922.37,25861.25,0.00
2025-12-08,17:23:00,25914.25,25916.25,25913.25,25915.5,168,25922.37,25861.29,0.00
2025-12-08,17:24:00,25916,25918.25,25916,25917.75,293,25922.37,25861.36,0.00
2025-12-08,17:25:00,25917.5,25918,25915.75,25917,123,25922.37,25861.39,0.00
2025-12-08,17:26:00,25916.75,25917.75,25916,25917.25,149,25922.37,25861.42,0.00
2025-12-08,17:27:00,25917,25920.75,25916,25920.5,257,25922.37,25861.49,0.00
2025-12-08,17:28:00,25920.25,25921.5,25917.5,25918.25,260,25922.37,25861.55,0.00
2025-12-08,17:29:00,25918.25,25918.75,25916.5,25918.5,131,25922.37,25861.58,0.00
2025-12-08,17:30:00,25918.25,25939,25917.5,25935.5,2658,25922.39,25862.34,0.00
2025-12-08,17:31:00,25935.5,25950.25,25933.75,25939.25,3706,25922.45,25863.54,0.00
2025-12-08,17:32:00,25938.75,25943.75,25927,25941.75,2256,25922.49,25864.22,0.00
2025-12-08,17:33:00,25941.5,25949,25935.75,25935.75,1005,25922.50,25864.53,0.00
2025-12-08,17:34:00,25935.75,25939,25932.75,25935.75,996,25922.51,25864.81,0.00
2025-12-08,17:35:00,25935.5,25941.75,25935.5,25938.25,552,25922.52,25864.97,0.00
2025-12-08,17:36:00,25938.75,25942.25,25934,25941,476,25922.53,25865.12,0.00
2025-12-08,17:37:00,25941.25,25942.25,25936.5,25937.5,308,25922.53,25865.21,0.00
2025-12-08,17:38:00,25937.5,25943.25,25937.25,25941.25,463,25922.54,25865.35,0.00
2025-12-08,17:39:00,25941.75,25943.5,25937,25937.5,463,25922.55,25865.48,0.00
2025-12-08,17:40:00,25938.25,25939,25935.75,25938.25,380,25922.56,25865.59,0.00
2025-12-08,17:41:00,25938.75,25939.5,25936.25,25938.75,221,25922.56,25865.66,0.00
2025-12-08,17:42:00,25939,25945.5,25938,25944.25,572,25922.57,25865.83,0.00
2025-12-08,17:43:00,25944.75,25951.25,25944.25,25950.75,900,25922.59,25866.13,0.00
2025-12-08,17:44:00,25950.5,25952,25947.5,25950.75,784,25922.61,25866.39,0.00
2025-12-08,17:45:00,25950.5,25956.5,25948.75,25954.75,1043,25922.64,25866.74,0.00
2025-12-08,17:46:00,25955,25956.75,25948.75,25949,883,25922.67,25867.03,0.00
2025-12-08,17:47:00,25949,25953.5,25947.5,25952.75,450,25922.68,25867.18,0.00
2025-12-08,17:48:00,25952,25957.75,25950.25,25956.5,427,25922.69,25867.33,0.00
2025-12-08,17:49:00,25956.75,25958.75,25955.5,25956.5,494,25922.71,25867.50,0.00
2025-12-08,17:50:00,25957,25957.5,25952.75,25955,279,25922.71,25867.60,0.00
2025-12-08,17:51:00,25955,25955.75,25950.25,25950.75,383,25922.72,25867.72,0.00
2025-12-08,17:52:00,25951.25,25952,25943.75,25944.5,627,25922.74,25867.91,0.00
2025-12-08,17:53:00,25944.75,25945.25,25942.25,25944.5,196,25922.74,25867.97,0.00
2025-12-08,17:54:00,25944.25,25949,25943.75,25946.25,201,25922.75,25868.03,0.00
2025-12-08,17:55:00,25946.75,25953,25946.5,25952.25,336,25922.76,25868.14,0.00
2025-12-08,17:56:00,25952.5,25958.25,25951.75,25957,353,25922.77,25868.26,0.00
2025-12-08,17:57:00,25957,25959.75,25955.5,25958,328,25922.78,25868.37,0.00
2025-12-08,17:58:00,25957.75,25958.75,25953.5,25955.25,269,25922.79,25868.46,0.00
2025-12-08,17:59:00,25955,25960.5,25955,25958,379,25922.80,25868.59,0.00
2025-12-08,18:00:00,25958.75,25961.5,25958.25,25959.75,413,25922.81,25868.74,0.00
2025-12-08,19:01:00,25966.25,25971.25,25952.5,25957.25,1773,25960.33,25960.33,0.00
2025-12-08,19:02:00,25957,25964.5,25955.75,25957,660,25959.99,25959.99,0.00
2025-12-08,19:03:00,25957.5,25963,25955.5,25961.75,551,25960.01,25960.01,0.00
2025-12-08,19:04:00,25962.75,25977,25961.5,25970.5,1279,25969.67,25962.91,0.00
2025-12-08,19:05:00,25971.25,25978,25970.25,25970.75,803,25973.00,25964.51,0.00
2025-12-08,19:06:00,25970.5,25975.25,25966.25,25969.25,649,25971.77,25965.16,0.00
2025-12-08,19:07:00,25969,25976.5,25968.25,25974.5,408,25972.06,25965.69,0.00
2025-12-08,19:08:00,25975,25976.25,25971.25,25972.75,421,25972.31,25966.18,0.00
2025-12-08,19:09:00,25972.5,25973.25,25967.25,25967.25,357,25971.90,25966.34,0.00
2025-12-08,19:10:00,25968,25968,25959.5,25964.75,1073,25969.64,25966.04,0.00
2025-12-08,19:11:00,25964.5,25965.25,25959.75,25960.25,397,25968.87,25965.84,0.00
2025-12-08,19:12:00,25960.5,25961,25951.25,25956,1042,25966.29,25956.08,0.00
2025-12-08,19:13:00,25956.5,25962,25956,25957.75,599,25965.48,25957.00,0.00
2025-12-08,19:14:00,25958.25,25958.5,25955.5,25955.5,207,25965.17,25956.94,0.00
2025-12-08,19:15:00,25955.5,25956.25,25953.5,25954.25,238,25964.77,25956.68,0.00
2025-12-08,19:16:00,25954.75,25959,25954.5,25957.75,329,25964.38,25956.74,0.00
2025-12-08,19:17:00,25958,25958.75,25950.5,25950.75,399,25963.74,25953.33,0.00
2025-12-08,19:18:00,25951.25,25955.5,25950.25,25955.5,331,25963.29,25953.75,0.00
2025-12-08,19:19:00,25955.5,25957.25,25953.25,25957.25,239,25963.05,25954.66,0.00
2025-12-08,19:20:00,25956.75,25957.75,25954,25954.5,136,25962.92,25954.80,0.00
2025-12-08,19:21:00,25954.25,25958.75,25951.75,25957.25,284,25962.66,25955.12,0.00
2025-12-08,19:22:00,25957.25,25958.5,25955,25955.5,170,25962.53,25955.30,0.00
2025-12-08,19:23:00,25956.25,25957,25953.75,25955.25,115,25962.43,25955.30,0.00
2025-12-08,19:24:00,25955.5,25956.5,25953.75,25956,126,25962.32,25955.31,0.00
2025-12-08,19:25:00,25956.25,25957,25951.25,25953,208,25962.12,25955.11,0.00
2025-12-08,19:26:00,25953,25953.5,25948.5,25949.5,323,25961.69,25950.50,0.00
2025-12-08,19:27:00,25949.5,25951.5,25948,25951.25,391,25961.21,25950.25,0.00
2025-12-08,19:28:00,25951.25,25953.75,25951.25,25953.25,187,25961.04,25951.06,0.00
2025-12-08,19:29:00,25953.25,25955.75,25952,25953.25,244,25960.85,25951.83,0.00
2025-12-08,19:30:00,25953.25,25955,25951,25951.5,212,25960.68,25951.97,0.00
2025-12-08,19:31:00,25951.75,25952.25,25950,25952,216,25960.48,25951.87,0.00
2025-12-08,19:32:00,25951.5,25951.75,25947.25,25949,313,25960.14,25949.33,0.00
2025-12-08,19:33:00,25949.25,25950.75,25946.25,25949.5,351,25959.77,25948.83,0.00
2025-12-08,19:34:00,25950,25950,25947.75,25948.75,126,25959.65,25948.83,0.00
2025-12-08,19:35:00,25948.5,25949.25,25945.75,25949.25,228,25959.41,25948.08,0.00
2025-12-08,19:36:00,25949.25,25950,25947.25,25949,128,25959.29,25948.32,0.00
2025-12-08,19:37:00,25948.75,25951.5,25947.25,25950,366,25958.98,25948.96,0.00
2025-12-08,19:38:00,25950.25,25956.5,25949.5,25954.5,491,25958.76,25950.80,0.00
2025-12-08,19:39:00,25954.25,25956.5,25951,25954.25,236,25958.67,25951.31,0.00
2025-12-08,19:40:00,25954,25958.5,25954,25956.25,438,25958.59,25952.45,0.00
2025-12-08,19:41:00,25957.75,25962,25955,25956,535,25958.55,25953.61,0.00
2025-12-08,19:42:00,25956.5,25959.25,25955,25955.25,337,25958.50,25953.96,0.00
2025-12-08,19:43:00,25956.25,25957.5,25954.25,25955.5,117,25958.47,25954.03,0.00
2025-12-08,19:44:00,25955.5,25959,25954.5,25957.25,116,25958.46,25954.14,0.00
2025-12-08,19:45:00,25957.75,25958,25955.5,25956,96,25958.45,25954.22,0.00
2025-12-08,19:46:00,25957,25958.75,25955,25957.5,126,25958.44,25954.33,0.00
2025-12-08,19:47:00,25957.25,25962.25,25957.25,25960,409,25958.48,25954.95,0.00
2025-12-08,19:48:00,25959.5,25963.5,25957.25,25962.25,348,25958.53,25955.48,0.00
2025-12-08,19:49:00,25963.25,25964.75,25960.5,25963,294,25958.62,25955.98,0.00
2025-12-08,19:50:00,25963,25964.5,25959.25,25961,279,25958.67,25956.33,0.00
2025-12-08,19:51:00,25961.75,25968,25961.25,25965.75,414,25958.83,25957.05,0.00
2025-12-08,19:52:00,25965.75,25971,25964.75,25970.25,459,25959.11,25958.03,0.00
2025-12-08,19:53:00,25970.75,25973.5,25968.25,25972.25,460,25959.45,25959.08,0.00
2025-12-08,19:54:00,25972.25,25977.25,25972.25,25977.25,427,25959.85,25960.19,0.00
2025-12-08,19:55:00,25977.25,25982,25976.75,25977.75,674,25978.83,25961.99,0.00
2025-12-08,19:56:00,25978.75,25980.75,25975.75,25976.75,343,25978.47,25962.73,0.00
2025-12-08,19:57:00,25977,25979.75,25975.75,25977.5,265,25978.30,25963.25,0.00
2025-12-08,19:58:00,25977.75,25981,25977.5,25977.75,269,25978.38,25963.78,0.00
2025-12-08,19:59:00,25979,25981,25977,25977.75,227,25978.41,25964.20,0.00
2025-12-08,20:00:00,25978.25,25980.75,25976.25,25979.75,283,25978.48,25964.70,0.00
2025-12-08,20:01:00,25980.25,25981,25972.75,25975.25,668,25977.95,25965.56,0.00
2025-12-08,20:02:00,25975.75,25979.75,25973.25,25978.75,340,25977.87,25965.98,0.00
2025-12-08,20:03:00,25979.5,25980,25975.5,25977.5,291,25977.86,25966.33,0.00
2025-12-08,20:04:00,25977,25978.5,25973.25,25976,227,25977.73,25966.55,0.00
2025-12-08,20:05:00,25975,25975.25,25969,25974.5,459,25977.19,25966.84,0.00
2025-12-08,20:06:00,25975.5,25977,25973.5,25974.25,216,25977.07,25967.00,0.00
2025-12-08,20:07:00,25973.5,25976.25,25972.25,25974,295,25976.88,25967.20,0.00
2025-12-08,20:08:00,25974.5,25978,25974,25977,158,25976.87,25967.33,0.00
2025-12-08,20:09:00,25977.75,25978.75,25973,25973.5,160,25976.81,25967.44,0.00
2025-12-08,20:10:00,25973.5,25977.5,25973,25976,144,25976.77,25967.54,0.00
2025-12-08,20:11:00,25975.25,25978.25,25974.75,25978,169,25976.78,25967.68,0.00
2025-12-08,20:12:00,25978.25,25979,25975,25975.25,149,25976.77,25967.79,0.00
2025-12-08,20:13:00,25974.5,25976.5,25972.75,25974.75,128,25976.72,25967.87,0.00
2025-12-08,20:14:00,25975,25977,25973.75,25976.5,109,25976.70,25967.94,0.00
2025-12-08,20:15:00,25976.75,25977.75,25973,25973.25,145,25976.65,25968.02,0.00
2025-12-08,20:16:00,25973,25974.25,25970.5,25973,471,25976.34,25968.19,0.00
2025-12-08,20:17:00,25972.75,25975.25,25972.25,25973.75,138,25976.28,25968.25,0.00
2025-12-08,20:18:00,25974.25,25974.25,25966.5,25969.25,455,25975.86,25968.31,0.00
2025-12-08,20:19:00,25969,25971.5,25967.5,25969.5,192,25975.69,25968.33,0.00
2025-12-08,20:20:00,25969.5,25971.5,25968.75,25971,124,25975.59,25968.35,0.00
2025-12-08,20:21:00,25971,25972.5,25969.5,25970.5,149,25975.50,25968.38,0.00
2025-12-08,20:22:00,25970.75,25975.5,25970.25,25973.5,377,25975.38,25968.50,0.00
2025-12-08,20:23:00,25973.75,25973.75,25969.5,25969.75,146,25975.29,25968.53,0.00
2025-12-08,20:24:00,25970.25,25970.75,25968,25970.25,172,25975.17,25968.54,0.00
2025-12-08,20:25:00,25970.25,25971.5,25969.5,25970.25,103,25975.11,25968.56,0.00
2025-12-08,20:26:00,25971.25,25974.75,25970.75,25974.25,170,25975.07,25968.61,0.00
2025-12-08,20:27:00,25974,25975.75,25973,25973.5,174,25975.05,25968.68,0.00
2025-12-08,20:28:00,25973,25973.25,25969.75,25972.25,112,25975.01,25968.70,0.00
2025-12-08,20:29:00,25972.5,25972.5,25967.75,25969.25,185,25974.90,25968.71,0.00
2025-12-08,20:30:00,25969.5,25971.5,25969,25970.5,67,25974.86,25968.72,0.00
2025-12-08,20:31:00,25970.5,25972.5,25969,25971.75,143,25974.80,25968.74,0.00
2025-12-08,20:32:00,25972.25,25973,25970.75,25970.75,101,25974.77,25968.76,0.00
2025-12-08,20:33:00,25970.75,25970.75,25966.75,25966.75,175,25974.64,25968.75,0.00
2025-12-08,20:34:00,25967.25,25969,25965.5,25968,216,25974.47,25968.74,0.00
2025-12-08,20:35:00,25968,25969.5,25968,25969,89,25974.42,25968.74,0.00
2025-12-08,20:36:00,25968.5,25974.25,25968.5,25974.25,154,25974.39,25968.77,0.00
2025-12-08,20:37:00,25974.25,25974.25,25971.25,25971.25,120,25974.36,25968.80,0.00
2025-12-08,20:38:00,25970.75,25972,25970.25,25972,95,25974.33,25968.81,0.00
2025-12-08,20:39:00,25970.75,25973,25970.75,25972.75,70,25974.32,25968.83,0.00
2025-12-08,20:40:00,25973.25,25974,25971.75,25973.25,65,25974.31,25968.85,0.00
2025-12-08,20:41:00,25972.75,25973.25,25969.5,25970,138,25974.26,25968.86,0.00
2025-12-08,20:42:00,25969.25,25972,25969,25970.5,97,25974.23,25968.87,0.00
2025-12-08,20:43:00,25971,25972.5,25969.75,25970.25,180,25974.17,25968.89,0.00
2025-12-08,20:44:00,25969.75,25969.75,25967.75,25969.25,75,25974.13,25968.89,0.00
2025-12-08,20:45:00,25969.25,25970.25,25968.75,25970.25,65,25974.10,25968.90,0.00
2025-12-08,20:46:00,25970.5,25970.75,25968.5,25969.5,98,25974.06,25968.90,0.00
2025-12-08,20:47:00,25969.5,25969.75,25965.75,25968,154,25973.97,25968.89,0.00
2025-12-08,20:48:00,25967.75,25968,25965.5,25966.75,157,25973.87,25968.87,0.00
2025-12-08,20:49:00,25967,25967.5,25964.75,25966.5,186,25973.74,25968.84,0.00
2025-12-08,20:50:00,25966.75,25970.75,25965.75,25970.5,258,25973.63,25968.85,0.00
2025-12-08,20:51:00,25970.75,25976,25970,25975,485,25973.64,25968.97,0.00
2025-12-08,20:52:00,25975.25,25977.5,25974.25,25976.75,378,25973.71,25969.12,0.00
2025-12-08,20:53:00,25976.75,25978.25,25973.5,25974.25,263,25973.75,25969.21,0.00
2025-12-08,20:54:00,25973.75,25975.75,25972.5,25975.75,188,25973.76,25969.26,0.00
2025-12-08,20:55:00,25975.75,25976.75,25974,25976,148,25973.78,25969.31,0.00
2025-12-08,20:56:00,25976.25,25979.25,25975.75,25978.75,330,25973.89,25969.46,0.00
2025-12-08,20:57:00,25978,25978.75,25975.5,25976.5,126,25973.91,25969.50,0.00
2025-12-08,20:58:00,25977,25977.5,25974.25,25974.75,180,25973.94,25969.56,0.00
2025-12-08,20:59:00,25974.75,25976.25,25973.5,25975,131,25973.95,25969.59,0.00
2025-12-08,21:00:00,25974.25,25975.5,25971.25,25972.75,373,25973.92,25969.66,0.00
2025-12-08,21:01:00,25972.75,25974.5,25965.75,25970.25,604,25973.77,25969.67,0.00
2025-12-08,21:02:00,25970.75,25975.5,25968.5,25972,448,25973.72,25969.72,0.00
2025-12-08,21:03:00,25972.25,25975.25,25971.5,25973.5,192,25973.71,25969.76,0.00
2025-12-08,21:04:00,25973.5,25975,25969.5,25970.5,232,25973.68,25969.78,0.00
2025-12-08,21:05:00,25970.5,25971,25958.5,25961,1214,25972.94,25969.44,0.00
2025-12-08,21:06:00,25961.5,25967.5,25956.25,25960,972,25972.30,25969.11,0.00
2025-12-08,21:07:00,25960.75,25964.25,25959.75,25960.75,423,25972.05,25968.98,0.00
2025-12-08,21:08:00,25961.25,25964.25,25959.75,25963.25,267,25971.91,25968.91,0.00
2025-12-08,21:09:00,25963.75,25969.25,25963.5,25967.5,540,25971.76,25968.86,0.00
2025-12-08,21:10:00,25967.75,25971.5,25965.75,25971.5,280,25971.73,25968.87,0.00
2025-12-08,21:11:00,25971,25975,25967.75,25968.5,594,25971.69,25968.91,0.00
2025-12-08,21:12:00,25969.25,25978,25968.25,25977.75,356,25971.74,25968.99,0.00
2025-12-08,21:13:00,25978,25978.75,25973.25,25973.75,376,25971.80,25969.07,0.00
2025-12-08,21:14:00,25974.5,25978.5,25973,25977,212,25971.85,25969.13,0.00
2025-12-08,21:15:00,25977.25,25979.25,25976.25,25978,216,25971.91,25969.20,0.00
2025-12-08,21:16:00,25977.25,25978.5,25975.25,25976.75,222,25971.96,25969.26,0.00
2025-12-08,21:17:00,25976.25,25977.25,25974.5,25976.25,177,25972.00,25969.30,0.00
2025-12-08,21:18:00,25976.25,25978.25,25975,25978,158,25972.03,25969.35,0.00
2025-12-08,21:19:00,25978.25,25979,25976.75,25977,143,25972.07,25969.39,0.00
2025-12-08,21:20:00,25977.75,25978.5,25975.5,25977,173,25972.11,25969.44,0.00
2025-12-08,21:21:00,25977,25978.75,25975,25978,246,25972.17,25969.50,0.00
2025-12-08,21:22:00,25978,25980,25977,25979.25,250,25972.24,25969.58,0.00
2025-12-08,21:23:00,25979.25,25982.75,25977.25,25981,431,25980.33,25969.74,0.00
2025-12-08,21:24:00,25980.5,25982,25978.5,25980.75,296,25980.37,25969.85,0.00
2025-12-08,21:25:00,25981,25982,25974.5,25974.75,402,25979.20,25969.95,0.00
2025-12-08,21:26:00,25975,25975,25971.5,25971.5,400,25977.49,25969.99,0.00
2025-12-08,21:27:00,25972.5,25973.75,25970.25,25972.5,249,25976.74,25970.00,0.00
2025-12-08,21:28:00,25972,25972,25963.5,25963.75,747,25973.69,25969.92,0.00
2025-12-08,21:29:00,25963.5,25966,25958.75,25963,745,25971.16,25969.75,0.00
2025-12-08,21:30:00,25963.25,25963.25,25958.75,25959,256,25970.37,25969.67,0.00
2025-12-08,21:31:00,25959,25962.5,25958.25,25958.75,358,25969.40,25969.56,0.00
2025-12-08,21:32:00,25959,25966.25,25959,25963.75,418,25968.78,25969.48,0.00
2025-12-08,21:33:00,25964.75,25967.5,25963,25964.75,365,25968.49,25969.43,0.00
2025-12-08,21:34:00,25964,25965,25942.25,25947.25,2113,25963.20,25951.50,0.00
2025-12-08,21:35:00,25947.75,25953.5,25946,25953,759,25961.95,25951.32,0.00
2025-12-08,21:36:00,25953,25959,25952.5,25956.75,556,25961.55,25952.10,0.00
2025-12-08,21:37:00,25955.75,25956.25,25953,25953.5,235,25961.34,25952.23,0.00
2025-12-08,21:38:00,25954,25954,25946.25,25946.25,669,25960.41,25951.71,0.00
2025-12-08,21:39:00,25946.25,25947.25,25938.25,25941.75,946,25958.70,25942.42,0.00
2025-12-08,21:40:00,25941.75,25946.5,25941.25,25945.25,423,25958.11,25943.01,0.00
2025-12-08,21:41:00,25945.25,25950,25944.25,25947.25,467,25957.64,25944.07,0.00
2025-12-08,21:42:00,25947.25,25950.5,25945.25,25948.25,291,25957.39,25944.60,0.00
2025-12-08,21:43:00,25947.75,25952.25,25946.5,25952.25,280,25957.22,25945.27,0.00
2025-12-08,21:44:00,25951.5,25951.75,25945.5,25945.75,286,25956.98,25945.53,0.00
2025-12-08,21:45:00,25945.75,25948,25940.75,25947.25,593,25956.42,25945.49,0.00
2025-12-08,21:46:00,25947.25,25949.25,25944.75,25948.75,230,25956.26,25945.63,0.00
2025-12-08,21:47:00,25949,25949.75,25945.75,25947.5,185,25956.13,25945.73,0.00
2025-12-08,21:48:00,25947.75,25953,25947.5,25953,258,25956.03,25946.08,0.00
2025-12-08,21:49:00,25953,25954,25950.75,25951.5,262,25955.96,25946.46,0.00
2025-12-08,21:50:00,25952,25952.25,25947.75,25949,204,25955.86,25946.60,0.00
2025-12-08,21:51:00,25949.25,25950,25947.25,25948,183,25955.76,25946.68,0.00
2025-12-08,21:52:00,25947.25,25949.75,25946.5,25948,174,25955.66,25946.73,0.00
2025-12-08,21:53:00,25947.5,25951.5,25945.25,25951,248,25955.55,25946.85,0.00
2025-12-08,21:54:00,25951,25951.75,25945.75,25946.25,207,25955.44,25946.89,0.00
2025-12-08,21:55:00,25945.75,25948.5,25944.25,25945.75,290,25955.25,25946.86,0.00
2025-12-08,21:56:00,25945.5,25947.5,25944.25,25947.5,154,25955.16,25946.84,0.00
2025-12-08,21:57:00,25946.75,25948.5,25945.75,25947.5,98,25955.11,25946.85,0.00
2025-12-08,21:58:00,25948,25950.25,25945.5,25946.25,175,25955.02,25946.86,0.00
2025-12-08,21:59:00,25946,25947.25,25945,25946,103,25954.96,25946.85,0.00
2025-12-08,22:00:00,25946,25946.75,25944.75,25945.25,99,25954.90,25946.83,0.00
2025-12-08,22:01:00,25945,25950.75,25944.75,25946.5,277,25954.76,25946.85,0.00
2025-12-08,22:02:00,25945.75,25946,25943.25,25943.25,259,25954.58,25946.75,0.00
2025-12-08,22:03:00,25943.5,25944,25941.25,25942.25,358,25954.32,25946.53,0.00
2025-12-08,22:04:00,25942.5,25946.5,25942.25,25944.5,214,25954.18,25946.47,0.00
2025-12-08,22:05:00,25944.25,25948.5,25943,25948,204,25954.09,25946.47,0.00
2025-12-08,22:06:00,25947.75,25949.75,25944.5,25944.5,254,25953.97,25946.46,0.00
2025-12-08,22:07:00,25944.5,25951.5,25944.5,25949.75,340,25953.86,25946.55,0.00
2025-12-08,22:08:00,25950.5,25950.5,25945,25945.75,188,25953.79,25946.57,0.00
2025-12-08,22:09:00,25946.25,25947.75,25941.75,25942,293,25953.62,25946.47,0.00
2025-12-08,22:10:00,25941.5,25942.5,25939.75,25941.25,368,25953.37,25946.25,0.00
2025-12-08,22:11:00,25942,25943,25940.25,25941.75,185,25953.25,25946.16,0.00
2025-12-08,22:12:00,25941.75,25943.75,25938.25,25939,271,25953.06,25945.99,0.00
2025-12-08,22:13:00,25939.25,25939.75,25929,25931,1266,25951.78,25933.25,0.00
2025-12-08,22:14:00,25930.75,25938.75,25928.5,25938,763,25951.16,25935.08,0.00
2025-12-08,22:15:00,25937.75,25946.25,25937,25945.25,656,25950.90,25938.67,0.00
2025-12-08,22:16:00,25945,25956,25944.75,25955.5,990,25950.95,25944.18,0.00
2025-12-08,22:17:00,25955.75,25960.25,25954.75,25957.5,983,25951.23,25948.04,0.00
2025-12-08,22:18:00,25957.25,25957.75,25952.75,25953.5,388,25951.29,25948.72,0.00
2025-12-08,22:19:00,25953.5,25959.5,25950.75,25959,373,25951.37,25949.41,0.00
2025-12-08,22:20:00,25958.75,25961.25,25955.75,25957.75,336,25951.46,25950.07,0.00
2025-12-08,22:21:00,25957.25,25957.75,25954,25957.5,222,25951.51,25950.37,0.00
2025-12-08,22:22:00,25957.25,25960.5,25956.5,25958.25,217,25951.57,25950.73,0.00
2025-12-08,22:23:00,25958.5,25960.25,25956.75,25959.25,121,25951.60,25950.92,0.00
2025-12-08,22:24:00,25960,25962,25957.5,25958,313,25951.70,25951.40,0.00
2025-12-08,22:25:00,25957.75,25958.5,25951.75,25952.75,353,25951.73,25951.58,0.00
2025-12-08,22:26:00,25952.25,25954.75,25948.75,25952.5,507,25951.74,25951.62,0.00
2025-12-08,22:27:00,25952.5,25953.75,25948.5,25950.75,193,25951.73,25951.60,0.00
2025-12-08,22:28:00,25950.25,25951.5,25948,25948.75,196,25951.72,25951.53,0.00
2025-12-08,22:29:00,25947.75,25950.5,25947.25,25950.25,137,25951.70,25951.49,0.00
2025-12-08,22:30:00,25949,25951.75,25949,25951.25,157,25951.70,25951.47,0.00
2025-12-08,22:31:00,25950.75,25952.5,25950,25951,158,25951.70,25951.46,0.00
2025-12-08,22:32:00,25950.75,25950.75,25945.5,25947.25,253,25951.66,25951.34,0.00
2025-12-08,22:33:00,25946.5,25946.75,25942,25942,578,25951.49,25950.77,0.00
2025-12-08,22:34:00,25942.5,25946.25,25941.25,25946.25,246,25951.43,25950.58,0.00
2025-12-08,22:35:00,25946.25,25948.75,25944.5,25944.5,164,25951.40,25950.49,0.00
2025-12-08,22:36:00,25944.5,25945.75,25939.25,25939.5,234,25951.31,25950.24,0.00
2025-12-08,22:37:00,25939.5,25945.75,25938.25,25945.25,333,25951.22,25949.97,0.00
2025-12-08,22:38:00,25945.5,25947.25,25944,25944.25,131,25951.19,25949.90,0.00
2025-12-08,22:39:00,25944.75,25945,25940.75,25940.75,162,25951.14,25949.77,0.00
2025-12-08,22:40:00,25940.5,25942,25938,25941.75,224,25951.06,25949.55,0.00
2025-12-08,22:41:00,25942.5,25943,25939,25940.25,245,25950.97,25949.33,0.00
2025-12-08,22:42:00,25940,25941.25,25938.25,25940.75,206,25950.90,25949.13,0.00
2025-12-08,22:43:00,25941.25,25945.25,25939.75,25945,296,25950.82,25948.96,0.00
2025-12-08,22:44:00,25945.25,25948,25945,25945,142,25950.80,25948.92,0.00
2025-12-08,22:45:00,25945.25,25946.75,25942.75,25944.5,147,25950.77,25948.86,0.00
2025-12-08,22:46:00,25945,25945.75,25940.5,25944.25,202,25950.72,25948.76,0.00
2025-12-08,22:47:00,25944.5,25947.25,25944.25,25946.5,105,25950.70,25948.73,0.00
2025-12-08,22:48:00,25946.75,25949.25,25946.25,25949,166,25950.69,25948.72,0.00
2025-12-08,22:49:00,25949,25950.25,25944.25,25945.75,151,25950.67,25948.70,0.00
2025-12-08,22:50:00,25945.75,25948.75,25945.75,25946.5,92,25950.66,25948.68,0.00
2025-12-08,22:51:00,25946.25,25946.5,25943.75,25945,62,25950.65,25948.66,0.00
2025-12-08,22:52:00,25945.5,25948.25,25945,25948,72,25950.64,25948.65,0.00
2025-12-08,22:53:00,25948,25951,25947.5,25950.25,151,25950.63,25948.67,0.00
2025-12-08,22:54:00,25950.25,25950.75,25944.75,25945,119,25950.62,25948.65,0.00
2025-12-08,22:55:00,25945.25,25946.5,25943.5,25944.5,101,25950.60,25948.61,0.00
2025-12-08,22:56:00,25945.25,25947.25,25943.5,25944,100,25950.58,25948.58,0.00
2025-12-08,22:57:00,25944.25,25944.75,25941.5,25943.5,206,25950.53,25948.49,0.00
2025-12-08,22:58:00,25943.75,25948.75,25943.25,25948.25,91,25950.52,25948.48,0.00
2025-12-08,22:59:00,25948.25,25949,25945,25947.75,102,25950.51,25948.47,0.00
2025-12-08,23:00:00,25947.5,25947.75,25945.25,25945.75,96,25950.50,25948.45,0.00
2025-12-08,23:01:00,25945,25947.25,25944.25,25945.25,182,25950.47,25948.41,0.00
2025-12-08,23:02:00,25945,25946,25943.5,25944.75,44,25950.46,25948.39,0.00
2025-12-08,23:03:00,25945.5,25945.5,25942,25942.5,74,25950.45,25948.36,0.00
2025-12-08,23:04:00,25942.25,25943.25,25937.5,25941.25,400,25950.33,25948.13,0.00
2025-12-08,23:05:00,25941.25,25945.25,25940.75,25945,169,25950.29,25948.07,0.00
2025-12-08,23:06:00,25945,25950.25,25944,25949.25,240,25950.28,25948.06,0.00
2025-12-08,23:07:00,25949.5,25951.75,25948.5,25949.5,316,25950.27,25948.11,0.00
2025-12-08,23:08:00,25951,25951,25946.5,25948.25,104,25950.27,25948.11,0.00
2025-12-08,23:09:00,25947.5,25947.5,25943.25,25945,181,25950.24,25948.07,0.00
2025-12-08,23:10:00,25944.25,25946.5,25942.5,25945.25,116,25950.22,25948.05,0.00
2025-12-08,23:11:00,25945.25,25946.5,25944.5,25945,120,25950.20,25948.02,0.00
2025-12-08,23:12:00,25944.75,25946.5,25943.75,25943.75,75,25950.19,25948.01,0.00
2025-12-08,23:13:00,25945,25946.25,25944.5,25946,84,25950.18,25947.99,0.00
2025-12-08,23:14:00,25945.75,25947,25944.25,25945,161,25950.16,25947.96,0.00
2025-12-08,23:15:00,25944.75,25948,25944.5,25947.25,90,25950.15,25947.95,0.00
2025-12-08,23:16:00,25947,25949.25,25945.25,25949.25,147,25950.14,25947.95,0.00
2025-12-08,23:17:00,25949,25951.25,25948,25950.25,154,25950.14,25947.97,0.00
2025-12-08,23:18:00,25950.5,25952,25949.5,25951,171,25950.14,25948.01,0.00
2025-12-08,23:19:00,25951.5,25953,25947.5,25950.5,222,25950.14,25948.04,0.00
2025-12-08,23:20:00,25950.25,25950.75,25949.25,25949.25,74,25950.14,25948.05,0.00
2025-12-08,23:21:00,25949.25,25951.25,25946.5,25947.25,212,25950.13,25948.05,0.00
2025-12-08,23:22:00,25947.25,25947.75,25942.75,25943.75,281,25950.09,25947.99,0.00
2025-12-08,23:23:00,25943.75,25946.25,25942.5,25944.75,110,25950.07,25947.97,0.00
2025-12-08,23:24:00,25944.75,25946,25942.75,25942.75,72,25950.06,25947.95,0.00
2025-12-08,23:25:00,25943.25,25946,25942.75,25945,77,25950.05,25947.93,0.00
2025-12-08,23:26:00,25945,25947.5,25944.5,25946.25,76,25950.04,25947.93,0.00
2025-12-08,23:27:00,25946,25947.25,25944.25,25945.5,105,25950.03,25947.91,0.00
2025-12-08,23:28:00,25946,25947.25,25943,25943.5,129,25950.01,25947.89,0.00
2025-12-08,23:29:00,25943.5,25946.75,25943,25946.75,129,25949.99,25947.87,0.00
2025-12-08,23:30:00,25946.5,25948,25945,25947.25,121,25949.98,25947.86,0.00
2025-12-08,23:31:00,25947.25,25953.5,25944,25945,767,25949.93,25947.84,0.00
2025-12-08,23:32:00,25946.25,25947.25,25942.25,25943.75,231,25949.89,25947.80,0.00
2025-12-08,23:33:00,25944.5,25949.75,25944.25,25949.5,186,25949.88,25947.80,0.00
2025-12-08,23:34:00,25949.5,25953.5,25948.75,25951.25,335,25949.89,25947.86,0.00
2025-12-08,23:35:00,25951.25,25951.5,25947.5,25949.75,198,25949.89,25947.88,0.00
2025-12-08,23:36:00,25949.25,25953,25948.5,25952.75,156,25949.90,25947.91,0.00
2025-12-08,23:37:00,25952.5,25953.75,25950.75,25951.75,217,25949.91,25947.96,0.00
2025-12-08,23:38:00,25952.5,25953.25,25949.5,25950.5,93,25949.91,25947.97,0.00
2025-12-08,23:39:00,25950,25951.75,25949.25,25950,128,25949.92,25947.99,0.00
2025-12-08,23:40:00,25950.25,25952,25949.25,25951.75,119,25949.92,25948.01,0.00
2025-12-08,23:41:00,25952,25953,25951,25952.25,144,25949.93,25948.04,0.00
2025-12-08,23:42:00,25952,25952.25,25947.5,25948,165,25949.92,25948.05,0.00
2025-12-08,23:43:00,25947.5,25950.5,25947,25950.25,297,25949.92,25948.07,0.00
2025-12-08,23:44:00,25950.5,25953.75,25947.5,25950.25,285,25949.92,25948.10,0.00
2025-12-08,23:45:00,25948.75,25951.5,25948.25,25948.5,72,25949.92,25948.11,0.00
2025-12-08,23:46:00,25948,25950,25947.25,25948.25,134,25949.92,25948.11,0.00
2025-12-08,23:47:00,25948,25949.25,25945.25,25947.5,215,25949.90,25948.10,0.00
2025-12-08,23:48:00,25946.75,25947,25942.5,25945,408,25949.85,25948.04,0.00
2025-12-08,23:49:00,25943.75,25946,25941,25942.5,318,25949.80,25947.96,0.00
2025-12-08,23:50:00,25942.25,25943.25,25941.5,25942.75,101,25949.78,25947.94,0.00
2025-12-08,23:51:00,25942.25,25942.75,25939,25940.25,208,25949.74,25947.87,0.00
2025-12-08,23:52:00,25939.25,25944.25,25938.75,25944.25,172,25949.71,25947.82,0.00
2025-12-08,23:53:00,25944,25946.25,25943.5,25946.25,133,25949.69,25947.81,0.00
2025-12-08,23:54:00,25946.5,25951.25,25946,25950.5,274,25949.69,25947.83,0.00
2025-12-08,23:55:00,25950.75,25954,25948.75,25951.5,376,25949.70,25947.89,0.00
2025-12-08,23:56:00,25952.25,25953,25949,25949.75,116,25949.71,25947.90,0.00
2025-12-08,23:57:00,25950,25952.75,25949,25952,99,25949.71,25947.91,0.00
2025-12-08,23:58:00,25952,25954.75,25951.25,25953.25,178,25949.72,25947.95,0.00
2025-12-08,23:59:00,25953.75,25955.25,25949.5,25951.25,218,25949.74,25947.99,0.00
2025-12-08,00:00:00,26044,26045.75,26041.5,26042.25,263,26040.81,26013.22,0.00
2025-12-08,00:01:00,26042.75,26044,26042.25,26042.5,117,26040.86,26013.28,0.00
2025-12-08,00:02:00,26042.75,26045.25,26042.5,26042.75,152,26040.94,26013.36,0.00
2025-12-08,00:03:00,26043,26044.75,26041.75,26044.25,109,26040.99,26013.41,0.00
2025-12-08,00:04:00,26044.25,26047,26043.75,26045,153,26041.11,26013.49,0.00
2025-12-08,00:05:00,26045,26045.75,26043.25,26044.25,96,26041.17,26013.54,0.00
2025-12-08,00:06:00,26044,26044.25,26043,26044.25,31,26041.18,26013.56,0.00
2025-12-08,00:07:00,26043.5,26044,26042,26042,102,26041.21,26013.61,0.00
2025-12-08,00:08:00,26042.25,26043.75,26040.5,26041.75,140,26041.23,26013.67,0.00
2025-12-08,00:09:00,26041.75,26044.5,26041.5,26043.75,98,26041.26,26013.72,0.00
2025-12-08,00:10:00,26042.75,26045.75,26042.5,26045.75,62,26041.30,26013.75,0.00
2025-12-08,00:11:00,26045.5,26046.25,26044.75,26045.5,94,26041.36,26013.80,0.00
2025-12-08,00:12:00,26045.5,26045.75,26043.75,26045.75,57,26041.40,26013.83,0.00
2025-12-08,00:13:00,26045.75,26049.25,26045.75,26046.75,339,26047.25,26014.02,0.00
2025-12-08,00:14:00,26047,26048.5,26046.25,26048,92,26047.32,26014.07,0.00
2025-12-08,00:15:00,26047.5,26051,26047.25,26050.25,368,26049.50,26014.28,0.00
2025-12-08,00:16:00,26050.25,26050.5,26047,26047.5,304,26048.97,26014.45,0.00
2025-12-08,00:17:00,26047.75,26049.25,26047,26049.25,89,26048.92,26014.50,0.00
2025-12-08,00:18:00,26049.5,26051.75,26049.25,26049.25,294,26050.08,26014.67,0.00
2025-12-08,00:19:00,26049.75,26051.75,26049.25,26051,118,26050.25,26014.74,0.00
2025-12-08,00:20:00,26051,26052.5,26049.5,26049.75,184,26050.58,26014.84,0.00
2025-12-08,00:21:00,26049.5,26050.75,26048.75,26049.75,141,26050.22,26014.92,0.00
2025-12-08,00:22:00,26049.5,26050.75,26048.25,26049.75,132,26050.04,26014.99,0.00
2025-12-08,00:23:00,26050.25,26050.75,26049.5,26049.5,74,26050.02,26015.04,0.00
2025-12-08,00:24:00,26049.75,26049.75,26048.75,26049.25,73,26049.93,26015.08,0.00
2025-12-08,00:25:00,26049.25,26050,26049,26049.75,55,26049.90,26015.11,0.00
2025-12-08,00:26:00,26049.5,26051.75,26049.5,26051.25,179,26050.10,26015.21,0.00
2025-12-08,00:27:00,26051.25,26051.75,26049.25,26050,121,26050.13,26015.27,0.00
2025-12-08,00:28:00,26049.75,26051.25,26049,26050.5,89,26050.14,26015.32,0.00
2025-12-08,00:29:00,26050.5,26052.25,26050.25,26050.25,107,26050.21,26015.38,0.00
2025-12-08,00:30:00,26050,26050,26049,26049.5,50,26050.18,26015.41,0.00
2025-12-08,00:31:00,26049.75,26051.75,26049.75,26051.25,111,26050.24,26015.47,0.00
2025-12-08,00:32:00,26051.5,26053.5,26050.5,26052,408,26052.00,26015.71,0.00
2025-12-08,00:33:00,26051.5,26053,26051,26052.75,103,26052.05,26015.77,0.00
2025-12-08,00:34:00,26052.5,26053.25,26051.25,26053,106,26052.13,26015.83,0.00
2025-12-08,00:35:00,26053,26054,26051.25,26051.5,175,26052.25,26015.93,0.00
2025-12-08,00:36:00,26051.5,26051.75,26047.5,26048.5,270,26050.43,26016.07,0.00
2025-12-08,00:37:00,26048.5,26050,26047,26048.5,300,26049.65,26016.22,0.00
2025-12-08,00:38:00,26048.5,26050.75,26048.5,26050.5,152,26049.70,26016.29,0.00
2025-12-08,00:39:00,26050.5,26053.75,26050.25,26053.25,173,26050.14,26016.39,0.00
2025-12-08,00:40:00,26053.25,26053.5,26051.25,26051.25,88,26050.28,26016.44,0.00
2025-12-08,00:41:00,26051.5,26053.25,26051.5,26052.75,87,26050.43,26016.49,0.00
2025-12-08,00:42:00,26053,26053.25,26051,26052,138,26050.60,26016.56,0.00
2025-12-08,00:43:00,26051.75,26052,26050,26051,102,26050.63,26016.62,0.00
2025-12-08,00:44:00,26050.5,26052.5,26050.5,26051.5,70,26050.67,26016.65,0.00
2025-12-08,00:45:00,26051.5,26051.75,26049.75,26051,121,26050.68,26016.72,0.00
2025-12-08,00:46:00,26051,26053.25,26050.5,26051.25,289,26050.82,26016.87,0.00
2025-12-08,00:47:00,26051,26051,26049.75,26050.5,155,26050.79,26016.95,0.00
2025-12-08,00:48:00,26050.75,26054,26050.75,26053.25,179,26050.94,26017.04,0.00
2025-12-08,00:49:00,26053.25,26054,26051.25,26052.5,179,26051.06,26017.14,0.00
2025-12-08,00:50:00,26052.25,26052.25,26051.25,26051.5,66,26051.07,26017.17,0.00
2025-12-08,00:51:00,26051.25,26051.25,26047.75,26049.25,250,26050.93,26017.29,0.00
2025-12-08,00:52:00,26049.5,26050.75,26048.75,26050.5,137,26050.88,26017.36,0.00
2025-12-08,00:53:00,26050.5,26054.25,26050,26054.25,274,26052.83,26017.51,0.00
2025-12-08,00:54:00,26054.25,26055.5,26052.5,26054,369,26054.00,26017.71,0.00
2025-12-08,00:55:00,26053.5,26055.75,26053.5,26055,100,26054.75,26017.76,0.00
2025-12-08,00:56:00,26055.5,26055.75,26053.5,26055,139,26054.75,26017.84,0.00
2025-12-08,00:57:00,26055.25,26056.5,26053.5,26053.75,215,26054.58,26017.95,0.00
2025-12-08,00:58:00,26054,26055.5,26053,26055.25,109,26054.58,26018.01,0.00
2025-12-08,00:59:00,26055.25,26055.75,26053.25,26053.75,122,26054.49,26018.08,0.00
2025-12-08,01:00:00,26053.75,26053.75,26051.75,26052.25,156,26054.00,26018.15,0.00
2025-12-08,01:01:00,26052.25,26052.5,26048.5,26049,334,26052.57,26018.31,0.00
2025-12-08,01:02:00,26049.5,26052.25,26048.75,26051,157,26052.30,26018.38,0.00
2025-12-08,01:03:00,26051.25,26052,26048,26048,157,26051.93,26018.45,0.00
2025-12-08,01:04:00,26048.25,26049.75,26047.75,26048.75,155,26051.57,26018.52,0.00
2025-12-08,01:05:00,26049,26049.75,26045.75,26047.25,311,26050.85,26018.65,0.00
2025-12-08,01:06:00,26047.75,26049.5,26047.5,26048.5,119,26050.70,26018.70,0.00
2025-12-08,01:07:00,26049,26049.25,26047,26048,130,26050.53,26018.76,0.00
2025-12-08,01:08:00,26048.25,26049.75,26046.5,26049,127,26050.40,26018.81,0.00
2025-12-08,01:09:00,26049.5,26050.25,26048,26049.5,100,26050.35,26018.85,0.00
2025-12-08,01:10:00,26049.5,26049.75,26045.75,26045.75,139,26050.15,26018.91,0.00
2025-12-08,01:11:00,26045.75,26048,26043.75,26046.25,374,26049.58,26019.05,0.00
2025-12-08,01:12:00,26046.75,26052.25,26046.75,26051.75,273,26049.64,26019.17,0.00
2025-12-08,01:13:00,26051.5,26052.5,26049.75,26050,203,26049.71,26019.26,0.00
2025-12-08,01:14:00,26050,26052.25,26049.25,26052,96,26049.75,26019.31,0.00
2025-12-08,01:15:00,26051.75,26052.5,26050.75,26052,82,26049.80,26019.34,0.00
2025-12-08,01:16:00,26052,26052.5,26051.5,26052,86,26049.86,26019.38,0.00
2025-12-08,01:17:00,26051.75,26052.5,26050,26052.5,76,26049.90,26019.42,0.00
2025-12-08,01:18:00,26051.75,26053.5,26051.25,26052.75,127,26049.99,26019.48,0.00
2025-12-08,01:19:00,26053,26053.75,26052,26053,139,26050.09,26019.54,0.00
2025-12-08,01:20:00,26052.75,26055.75,26052.75,26055,252,26050.37,26019.66,0.00
2025-12-08,01:21:00,26055,26056,26053.75,26054.25,135,26050.51,26019.73,0.00
2025-12-08,01:22:00,26054,26055,26052.5,26053.5,96,26050.58,26019.78,0.00
2025-12-08,01:23:00,26053.5,26053.5,26051.25,26051.75,93,26050.61,26019.82,0.00
2025-12-08,01:24:00,26051.75,26055.75,26050.75,26055.75,185,26050.75,26019.90,0.00
2025-12-08,01:25:00,26055.5,26056,26054.25,26055.25,122,26050.87,26019.96,0.00
2025-12-08,01:26:00,26055.25,26057.25,26055,26057.25,213,26056.50,26020.07,0.00
2025-12-08,01:27:00,26057.25,26057.25,26055,26055,108,26056.25,26020.12,0.00
2025-12-08,01:28:00,26055.25,26056.5,26055,26055.5,93,26056.12,26020.17,0.00
2025-12-08,01:29:00,26055.25,26056.25,26053.75,26056.25,123,26055.96,26020.23,0.00
2025-12-08,01:30:00,26056,26056.25,26053.5,26054,62,26055.81,26020.26,0.00
2025-12-08,01:31:00,26054,26056.5,26054,26055,77,26055.74,26020.29,0.00
2025-12-08,01:32:00,26055,26055.5,26053.5,26053.5,89,26055.56,26020.34,0.00
2025-12-08,01:33:00,26053.75,26054.75,26053,26054,131,26055.32,26020.40,0.00
2025-12-08,01:34:00,26054,26054.75,26052.75,26054.75,93,26055.20,26020.44,0.00
2025-12-08,01:35:00,26054.25,26057.25,26054.25,26056.75,122,26055.30,26020.50,0.00
2025-12-08,01:36:00,26056.5,26057.75,26055.75,26055.75,233,26056.42,26020.61,0.00
2025-12-08,01:37:00,26055.5,26056.75,26054.75,26056.5,88,26056.30,26020.65,0.00
2025-12-08,01:38:00,26056.25,26056.25,26053.75,26054.25,91,26055.96,26020.70,0.00
2025-12-08,01:39:00,26054.25,26055,26052.75,26054,84,26055.61,26020.73,0.00
2025-12-08,01:40:00,26054.25,26054.5,26052.75,26053.5,149,26055.14,26020.80,0.00
2025-12-08,01:41:00,26053.5,26054.25,26052,26052.5,193,26054.63,26020.88,0.00
2025-12-08,01:42:00,26052.25,26054,26051.25,26053.5,180,26054.33,26020.96,0.00
2025-12-08,01:43:00,26054,26054,26052,26053.25,73,26054.24,26020.99,0.00
2025-12-08,01:44:00,26053.25,26054.75,26052.75,26053.75,115,26054.20,26021.04,0.00
2025-12-08,01:45:00,26053.5,26055,26053.5,26054,48,26054.20,26021.06,0.00
2025-12-08,01:46:00,26054,26055.25,26053.75,26054.75,38,26054.21,26021.08,0.00
2025-12-08,01:47:00,26055,26056,26054.75,26054.75,52,26054.25,26021.10,0.00
2025-12-08,01:48:00,26055.25,26056.75,26055,26056.25,103,26054.37,26021.15,0.00
2025-12-08,01:49:00,26056,26056.5,26054.5,26054.75,58,26054.40,26021.18,0.00
2025-12-08,01:50:00,26054.75,26055,26052,26052.75,92,26054.34,26021.22,0.00
2025-12-08,01:51:00,26052.25,26053.25,26050.25,26050.75,145,26054.09,26021.27,0.00
2025-12-08,01:52:00,26051,26051.5,26050,26050.25,136,26053.84,26021.33,0.00
2025-12-08,01:53:00,26050.5,26051,26046.25,26046.25,290,26053.04,26021.43,0.00
2025-12-08,01:54:00,26046.5,26046.75,26044.25,26045.25,338,26052.01,26021.54,0.00
2025-12-08,01:55:00,26045.5,26048.75,26045,26047,226,26051.59,26021.61,0.00
2025-12-08,01:56:00,26047.25,26049.5,26047,26047.25,117,26051.44,26021.65,0.00
2025-12-08,01:57:00,26047.5,26049.5,26047.5,26048.25,105,26051.33,26021.69,0.00
2025-12-08,01:58:00,26048.75,26049.75,26048,26048.5,72,26051.27,26021.71,0.00
2025-12-08,01:59:00,26048.5,26049,26047,26047.75,61,26051.20,26021.73,0.00
2025-12-08,02:00:00,26048,26048.25,26046.5,26047.5,94,26051.09,26021.77,0.00
2025-12-08,02:01:00,26047.5,26049.75,26046.75,26048,203,26050.91,26021.83,0.00
2025-12-08,02:02:00,26048,26049.25,26046.75,26046.75,58,26050.86,26021.85,0.00
2025-12-08,02:03:00,26046.75,26047.75,26041,26042,684,26049.65,26022.05,0.00
2025-12-08,02:04:00,26042.5,26042.75,26038.5,26039.5,440,26048.75,26022.15,0.00
2025-12-08,02:05:00,26039.5,26048,26039.25,26046,442,26048.36,26022.27,0.00
2025-12-08,02:06:00,26046.25,26047.75,26044,26044.75,170,26048.27,26022.32,0.00
2025-12-08,02:07:00,26045.5,26045.5,26044,26045.5,123,26048.19,26022.36,0.00
2025-12-08,02:08:00,26045.5,26048.5,26045.5,26048.5,141,26048.18,26022.40,0.00
2025-12-08,02:09:00,26048.25,26049.75,26046.75,26049,95,26048.18,26022.43,0.00
2025-12-08,02:10:00,26049,26054.5,26048.75,26052.5,467,26048.47,26022.61,0.00
2025-12-08,02:11:00,26052.75,26054.5,26052.25,26052.5,159,26048.59,26022.67,0.00
2025-12-08,02:12:00,26052.75,26055.75,26052.75,26055,140,26048.72,26022.72,0.00
2025-12-08,02:13:00,26055,26056.5,26054,26055.5,173,26048.90,26022.79,0.00
2025-12-08,02:14:00,26055.5,26060.25,26055.25,26059,436,26058.17,26022.99,0.00
2025-12-08,02:15:00,26059,26060.25,26057.75,26060.25,211,26058.57,26023.08,0.00
2025-12-08,02:16:00,26060.25,26063.25,26059.5,26062.75,483,26061.83,26023.31,0.00
2025-12-08,02:17:00,26062.75,26064.75,26060.25,26062,456,26062.33,26023.53,0.00
2025-12-08,02:18:00,26061.75,26064,26059.75,26061,220,26062.09,26023.63,0.00
2025-12-08,02:19:00,26060.75,26061.5,26060,26060.25,149,26061.82,26023.70,0.00
2025-12-08,02:20:00,26059.75,26061.25,26058,26061,270,26061.39,26023.82,0.00
2025-12-08,02:21:00,26061.5,26062,26059.25,26060.5,215,26061.26,26023.91,0.00
2025-12-08,02:22:00,26060.75,26062.25,26059.75,26061.5,99,26061.25,26023.96,0.00
2025-12-08,02:23:00,26061.5,26061.5,26059,26061.25,116,26061.20,26024.01,0.00
2025-12-08,02:24:00,26061.5,26063,26060.5,26061.75,127,26061.24,26024.07,0.00
2025-12-08,02:25:00,26062.25,26063,26061.5,26063,132,26061.34,26024.13,0.00
2025-12-08,02:26:00,26062.5,26062.75,26058,26058.5,206,26061.17,26024.22,0.00
2025-12-08,02:27:00,26058.5,26060,26058,26059.5,159,26061.02,26024.28,0.00
2025-12-08,02:28:00,26059.5,26061.25,26059,26060.5,129,26060.98,26024.34,0.00
2025-12-08,02:29:00,26059.75,26060.75,26057.5,26060.75,131,26060.91,26024.40,0.00
2025-12-08,02:30:00,26059.75,26061.75,26059.25,26060.25,62,26060.90,26024.42,0.00
2025-12-08,02:31:00,26059.75,26060,26056.75,26058.25,184,26060.72,26024.50,0.00
2025-12-08,02:32:00,26058.5,26060.5,26057,26059.75,112,26060.65,26024.54,0.00
2025-12-08,02:33:00,26059.75,26061.75,26058,26060,77,26060.63,26024.57,0.00
2025-12-08,02:34:00,26060.5,26062,26059.25,26061.5,78,26060.64,26024.61,0.00
2025-12-08,02:35:00,26061.5,26062,26058.25,26059.25,105,26060.61,26024.65,0.00
2025-12-08,02:36:00,26059.25,26060.25,26058.75,26059.25,102,26060.57,26024.69,0.00
2025-12-08,02:37:00,26059.25,26060.25,26058.25,26058.5,92,26060.53,26024.73,0.00
2025-12-08,02:38:00,26058.5,26064.5,26058.5,26061.75,335,26060.63,26024.88,0.00
2025-12-08,02:39:00,26061,26061.75,26058.25,26058.25,122,26060.59,26024.93,0.00
2025-12-08,02:40:00,26058.25,26060.5,26058.25,26059,99,26060.55,26024.97,0.00
2025-12-08,02:41:00,26059,26059,26056,26056.75,114,26060.46,26025.01,0.00
2025-12-08,02:42:00,26056.25,26057.25,26054.25,26054.5,187,26060.22,26025.08,0.00
2025-12-08,02:43:00,26054.75,26054.75,26050.75,26054,560,26059.37,26025.26,0.00
2025-12-08,02:44:00,26054,26054.25,26052,26053,83,26059.26,26025.29,0.00
2025-12-08,02:45:00,26053,26053,26050,26051.75,173,26058.99,26025.34,0.00
2025-12-08,02:46:00,26052,26057.75,26052,26056,275,26058.79,26025.43,0.00
2025-12-08,02:47:00,26056,26056.75,26054.5,26055.25,116,26058.72,26025.48,0.00
2025-12-08,02:48:00,26055.25,26056.25,26054.25,26056.25,50,26058.69,26025.49,0.00
2025-12-08,02:49:00,26056.25,26056.25,26054.25,26054.25,137,26058.59,26025.54,0.00
2025-12-08,02:50:00,26054.75,26055,26051.5,26052.5,115,26058.48,26025.58,0.00
2025-12-08,02:51:00,26052.25,26053,26051.5,26052.5,119,26058.35,26025.61,0.00
2025-12-08,02:52:00,26052.75,26054.5,26050.5,26051.25,146,26058.19,26025.66,0.00
2025-12-08,02:53:00,26051,26051.5,26047.5,26049,383,26057.65,26025.76,0.00
2025-12-08,02:54:00,26048.75,26051.25,26048.25,26050,150,26057.46,26025.80,0.00
2025-12-08,02:55:00,26049.25,26050.5,26048.5,26049.75,110,26057.33,26025.83,0.00
2025-12-08,02:56:00,26049.5,26051,26043.5,26043.75,389,26056.70,26025.92,0.00
2025-12-08,02:57:00,26043.5,26046.5,26041.5,26046,421,26056.00,26026.01,0.00
2025-12-08,02:58:00,26046.25,26047.25,26044.25,26045.25,90,26055.88,26026.03,0.00
2025-12-08,02:59:00,26045.75,26045.75,26043.25,26043.75,116,26055.70,26026.05,0.00
2025-12-08,03:00:00,26043.75,26044.75,26043.25,26043.25,104,26055.53,26026.07,0.00
2025-12-08,03:01:00,26043,26043,26030.75,26035,1513,26052.34,26026.24,0.00
2025-12-08,03:02:00,26035.5,26039,26034,26034.75,497,26051.49,26026.30,0.00
2025-12-08,03:03:00,26034.5,26037.5,26033.25,26037.5,192,26051.19,26026.32,0.00
2025-12-08,03:04:00,26037.25,26038.75,26033.25,26035.75,251,26050.81,26026.34,0.00
2025-12-08,03:05:00,26036,26040.5,26036,26039.75,238,26050.53,26026.38,0.00
2025-12-08,03:06:00,26040,26047.5,26040,26046,535,26050.23,26026.48,0.00
2025-12-08,03:07:00,26046,26046,26040.75,26040.75,221,26050.08,26026.52,0.00
2025-12-08,03:08:00,26041,26043.75,26038.25,26042.75,270,26049.87,26026.56,0.00
2025-12-08,03:09:00,26043.25,26048.75,26043.25,26046.75,247,26049.80,26026.62,0.00
2025-12-08,03:10:00,26046.75,26047.75,26043.25,26046.75,165,26049.74,26026.65,0.00
2025-12-08,03:11:00,26047,26048.25,26044.25,26045,244,26049.66,26026.70,0.00
2025-12-08,03:12:00,26045.5,26048,26043.5,26047.5,209,26049.61,26026.75,0.00
2025-12-08,03:13:00,26047.25,26049,26045.25,26048,177,26049.57,26026.78,0.00
2025-12-08,03:14:00,26048.25,26048.75,26046.5,26047,114,26049.55,26026.81,0.00
2025-12-08,03:15:00,26047.5,26049,26046,26047.25,140,26049.53,26026.84,0.00
2025-12-08,03:16:00,26047.5,26049,26046,26048,192,26049.50,26026.88,0.00
2025-12-08,03:17:00,26048,26059.5,26047.75,26058,748,26049.81,26027.11,0.00
2025-12-08,03:18:00,26058.5,26063.25,26057.75,26058.25,581,26050.22,26027.30,0.00
2025-12-08,03:19:00,26058.25,26060,26057.25,26060,170,26050.32,26027.36,0.00
2025-12-08,03:20:00,26059.5,26064.75,26057.5,26063.25,349,26050.60,26027.49,0.00
2025-12-08,03:21:00,26063,26067.5,26061.75,26062.5,512,26063.92,26027.68,0.00
2025-12-08,03:22:00,26063,26067.75,26063,26066.5,262,26065.75,26027.78,0.00
2025-12-08,03:23:00,26066,26069,26065.5,26066.5,315,26067.00,26027.91,0.00
2025-12-08,03:24:00,26065.25,26067.25,26063.25,26066.75,200,26066.51,26027.99,0.00
2025-12-08,03:25:00,26066.75,26067.75,26063.25,26064.25,216,26066.09,26028.07,0.00
2025-12-08,03:26:00,26065,26066.25,26063.25,26065.75,158,26065.91,26028.13,0.00
2025-12-08,03:27:00,26065.75,26067,26062.25,26062.5,181,26065.57,26028.20,0.00
2025-12-08,03:28:00,26063,26066.5,26060.75,26066.25,263,26065.36,26028.29,0.00
2025-12-08,03:29:00,26066.75,26068.75,26065,26065.25,255,26065.52,26028.39,0.00
2025-12-08,03:30:00,26065,26067,26064,26065.25,146,26065.51,26028.45,0.00
2025-12-08,03:31:00,26064.75,26065.25,26057.75,26061,490,26064.59,26028.61,0.00
2025-12-08,03:32:00,26060.25,26061.25,26059.25,26060.5,86,26064.43,26028.64,0.00
2025-12-08,03:33:00,26060,26064.5,26059.5,26063.25,160,26064.30,26028.69,0.00
2025-12-08,03:34:00,26063.75,26067.5,26063.75,26066.25,162,26064.40,26028.75,0.00
2025-12-08,03:35:00,26066.5,26071.25,26066.25,26069,308,26068.83,26028.88,0.00
2025-12-08,03:36:00,26069.5,26072.25,26069.5,26071,203,26070.92,26028.96,0.00
2025-12-08,03:37:00,26071.25,26072.25,26069.5,26070.75,195,26070.88,26029.04,0.00
2025-12-08,03:38:00,26071,26074.25,26070.25,26073,408,26072.50,26029.22,0.00
2025-12-08,03:39:00,26073.5,26074,26072,26073.25,205,26072.70,26029.31,0.00
2025-12-08,03:40:00,26072.25,26073.5,26071,26071.25,197,26072.51,26029.39,0.00
2025-12-08,03:41:00,26071.25,26074.25,26070.5,26070.75,234,26072.36,26029.49,0.00
2025-12-08,03:42:00,26070.75,26071.5,26067.5,26070,196,26071.93,26029.57,0.00
2025-12-08,03:43:00,26070.5,26071.25,26069.75,26070.5,63,26071.86,26029.60,0.00
2025-12-08,03:44:00,26070.25,26072.75,26070.25,26071.25,235,26071.79,26029.69,0.00
2025-12-08,03:45:00,26071.25,26072,26069.25,26069.25,71,26071.72,26029.72,0.00
2025-12-08,03:46:00,26069.5,26070.25,26064,26064.5,327,26070.80,26029.84,0.00
2025-12-08,03:47:00,26064.5,26067.25,26063.75,26065.5,254,26070.18,26029.93,0.00
2025-12-08,03:48:00,26064.5,26065.5,26059.5,26060.25,307,26069.15,26030.02,0.00
2025-12-08,03:49:00,26060.75,26064,26057.25,26063.25,348,26068.21,26030.13,0.00
2025-12-08,03:50:00,26063.25,26064.25,26061.25,26061.25,139,26067.93,26030.17,0.00
2025-12-08,03:51:00,26061.75,26062,26055.75,26056.5,328,26066.96,26030.26,0.00
2025-12-08,03:52:00,26056.75,26058.25,26053.75,26054.75,264,26066.12,26030.33,0.00
2025-12-08,03:53:00,26054.25,26056.75,26053,26055,262,26065.35,26030.39,0.00
2025-12-08,03:54:00,26055.25,26062.5,26053.75,26060.25,442,26064.68,26030.51,0.00
2025-12-08,03:55:00,26060.75,26065.5,26060.75,26064.5,299,26064.61,26030.60,0.00
2025-12-08,03:56:00,26065,26065.5,26059.5,26061,210,26064.49,26030.67,0.00
2025-12-08,03:57:00,26061.5,26062,26057,26058.75,133,26064.35,26030.70,0.00
2025-12-08,03:58:00,26058,26060.75,26055.75,26059.75,164,26064.17,26030.75,0.00
2025-12-08,03:59:00,26059.25,26060.25,26056.75,26057.75,189,26063.96,26030.79,0.00
2025-12-08,04:00:00,26057.75,26059,26054.25,26058.25,224,26063.68,26030.85,0.00
2025-12-08,04:01:00,26058.75,26059.75,26051.5,26055,751,26062.69,26031.02,0.00
2025-12-08,04:02:00,26054.5,26057.25,26045.5,26047.75,807,26061.26,26031.17,0.00
2025-12-08,04:03:00,26047.25,26051.25,26046,26051.25,357,26060.69,26031.23,0.00
2025-12-08,04:04:00,26051,26054.25,26048.5,26050.75,281,26060.34,26031.28,0.00
2025-12-08,04:05:00,26050.75,26057.75,26048.25,26055.75,377,26060.04,26031.36,0.00
2025-12-08,04:06:00,26055.25,26057.25,26049,26051.75,267,26059.81,26031.41,0.00
2025-12-08,04:07:00,26051,26052.75,26049,26049.25,169,26059.62,26031.44,0.00
2025-12-08,04:08:00,26049,26052.25,26048.5,26050.5,210,26059.40,26031.48,0.00
2025-12-08,04:09:00,26050.25,26054.5,26049,26051,197,26059.22,26031.52,0.00
2025-12-08,04:10:00,26051,26052,26046.25,26048,280,26058.90,26031.56,0.00
2025-12-08,04:11:00,26049.25,26052.75,26048.25,26050.5,243,26058.69,26031.60,0.00
2025-12-08,04:12:00,26050.5,26051.25,26045,26047,298,26058.35,26031.65,0.00
2025-12-08,04:13:00,26046.75,26049.5,26045.25,26048.5,235,26058.10,26031.68,0.00
2025-12-08,04:14:00,26048,26048.75,26042,26044,413,26057.58,26031.73,0.00
2025-12-08,04:15:00,26044.5,26046.75,26042.5,26045,223,26057.31,26031.76,0.00
2025-12-08,04:16:00,26045.25,26048.75,26043.75,26044.5,246,26057.04,26031.79,0.00
2025-12-08,04:17:00,26045.5,26056,26045.5,26053.25,439,26056.83,26031.86,0.00
2025-12-08,04:18:00,26053.25,26057.25,26052,26053,334,26056.75,26031.93,0.00
2025-12-08,04:19:00,26052.5,26054,26048.5,26049,402,26056.54,26032.00,0.00
2025-12-08,04:20:00,26048.25,26050.5,26044.25,26044.75,428,26056.20,26032.05,0.00
2025-12-08,04:21:00,26044.5,26048.5,26040.5,26048.5,363,26055.91,26032.10,0.00
2025-12-08,04:22:00,26048,26054,26048,26051.25,295,26055.80,26032.15,0.00
2025-12-08,04:23:00,26051.5,26054.5,26047.25,26054,288,26055.71,26032.20,0.00
2025-12-08,04:24:00,26054.25,26055,26051.25,26052.75,155,26055.68,26032.23,0.00
2025-12-08,04:25:00,26053.5,26053.75,26048.25,26049.5,152,26055.63,26032.25,0.00
2025-12-08,04:26:00,26050.25,26051,26043.25,26043.5,184,26055.50,26032.27,0.00
2025-12-08,04:27:00,26043.25,26044.5,26034.5,26040,787,26054.65,26032.32,0.00
2025-12-08,04:28:00,26039.75,26046.25,26039.5,26043.25,224,26054.47,26032.34,0.00
2025-12-08,04:29:00,26042.5,26043.25,26037,26040.5,234,26054.25,26032.36,0.00
2025-12-08,04:30:00,26040.25,26042.75,26036,26037.75,277,26053.98,26032.38,0.00
2025-12-08,04:31:00,26038,26042.25,26036,26041.5,235,26053.77,26032.39,0.00
2025-12-08,04:32:00,26041,26041.5,26032.25,26034.5,352,26053.38,26032.40,0.00
2025-12-08,04:33:00,26034.25,26039.25,26029.25,26039.25,607,26052.74,26032.42,0.00
2025-12-08,04:34:00,26038.5,26042,26036,26039.5,347,26052.46,26032.44,0.00
2025-12-08,04:35:00,26039.75,26040.25,26033.75,26037.25,213,26052.27,26032.45,0.00
2025-12-08,04:36:00,26038,26041.25,26037,26039,168,26052.14,26032.46,0.00
2025-12-08,04:37:00,26038.75,26039,26034.5,26035.25,205,26051.96,26032.46,0.00
2025-12-08,04:38:00,26035.75,26039,26034.25,26037.5,143,26051.83,26032.47,0.00
2025-12-08,04:39:00,26036.75,26045.25,26036.75,26044.5,314,26051.67,26032.50,0.00
2025-12-08,04:40:00,26043.5,26046.5,26041.5,26044.5,313,26051.54,26032.53,0.00
2025-12-08,04:41:00,26044,26046,26040.5,26041.75,228,26051.43,26032.55,0.00
2025-12-08,04:42:00,26040.75,26042.25,26036,26036,240,26051.26,26032.56,0.00
2025-12-08,04:43:00,26035.75,26038.25,26032.25,26034.5,318,26050.99,26032.56,0.00
2025-12-08,04:44:00,26034.25,26036.75,26031.75,26034,322,26050.71,26032.57,0.00
2025-12-08,04:45:00,26033.5,26036.5,26033.5,26035.25,108,26050.62,26032.57,0.00
2025-12-08,04:46:00,26035.25,26036.25,26027.75,26031.75,497,26050.16,26032.57,0.00
2025-12-08,04:47:00,26031,26032.75,26029,26030.5,182,26049.98,26032.57,0.00
2025-12-08,04:48:00,26030.25,26035.25,26028,26035,266,26049.76,26032.57,0.00
2025-12-08,04:49:00,26034.5,26035.75,26031.25,26032.25,194,26049.60,26032.57,0.00
2025-12-08,04:50:00,26032.25,26032.5,26026.25,26028.5,255,26049.35,26032.56,0.00
2025-12-08,04:51:00,26028,26028.25,26021.5,26024.5,763,26048.49,26032.51,0.00
2025-12-08,04:52:00,26024.25,26027.5,26023.25,26024,259,26048.21,26032.49,0.00
2025-12-08,04:53:00,26024,26027.75,26022.25,26027.5,260,26047.95,26032.48,0.00
2025-12-08,04:54:00,26026.5,26031,26026.5,26029.25,251,26047.73,26032.47,0.00
2025-12-08,04:55:00,26028.5,26031.5,26025,26031.5,267,26047.52,26032.47,0.00
2025-12-08,04:56:00,26030.5,26034,26030.25,26033.5,319,26047.31,26032.47,0.00
2025-12-08,04:57:00,26033,26033.25,26026.25,26029.25,248,26047.12,26032.46,0.00
2025-12-08,04:58:00,26029.75,26032.25,26028.75,26028.75,135,26047.02,26032.46,0.00
2025-12-08,04:59:00,26028.5,26031.5,26027,26028.25,195,26046.87,26032.45,0.00
2025-12-08,05:00:00,26029.5,26031.25,26027,26027.5,125,26046.78,26032.45,0.00
2025-12-08,05:01:00,26027.25,26032.75,26026.75,26028.25,327,26046.54,26032.44,0.00
2025-12-08,05:02:00,26028.75,26029.75,26025.25,26029.5,289,26046.32,26032.43,0.00
2025-12-08,05:03:00,26029.5,26032.5,26028,26031,222,26046.18,26032.43,0.00
2025-12-08,05:04:00,26030.5,26033.25,26029.5,26029.5,180,26046.07,26032.42,0.00
2025-12-08,05:05:00,26029.75,26035,26028,26029.5,254,26045.91,26032.42,0.00
2025-12-08,05:06:00,26029.5,26038.75,26029.5,26037.5,425,26045.73,26032.43,0.00
2025-12-08,05:07:00,26037.25,26039.5,26032.75,26036.25,354,26045.60,26032.44,0.00
2025-12-08,05:08:00,26036,26039.75,26036,26038,285,26045.52,26032.45,0.00
2025-12-08,05:09:00,26037.25,26040.5,26036.75,26040.25,199,26045.47,26032.46,0.00
2025-12-08,05:10:00,26039.75,26041.25,26036.5,26039.25,273,26045.40,26032.48,0.00
2025-12-08,05:11:00,26038.75,26041.75,26036.25,26038.25,289,26045.33,26032.49,0.00
2025-12-08,05:12:00,26038,26039.75,26035.5,26038.75,179,26045.28,26032.50,0.00
2025-12-08,05:13:00,26038.5,26040.25,26037,26040,82,26045.27,26032.50,0.00
2025-12-08,05:14:00,26040,26044,26038.5,26042.25,277,26045.23,26032.52,0.00
2025-12-08,05:15:00,26043,26043.25,26040.25,26042.5,152,26045.21,26032.54,0.00
2025-12-08,05:16:00,26042.25,26042.25,26037.75,26039.75,181,26045.18,26032.55,0.00
2025-12-08,05:17:00,26039.5,26041.75,26034.25,26034.75,270,26045.10,26032.55,0.00
2025-12-08,05:18:00,26034.75,26037,26031,26037,370,26044.96,26032.56,0.00
2025-12-08,05:19:00,26037,26038.5,26035.5,26036.75,105,26044.93,26032.57,0.00
2025-12-08,05:20:00,26037.25,26040.25,26035,26040.25,130,26044.91,26032.57,0.00
2025-12-08,05:21:00,26040.25,26044.75,26039.75,26043.5,335,26044.88,26032.60,0.00
2025-12-08,05:22:00,26043,26044.75,26042,26042.75,186,26044.87,26032.61,0.00
2025-12-08,05:23:00,26042.25,26045.25,26038,26044.5,229,26044.85,26032.63,0.00
2025-12-08,05:24:00,26044.25,26044.25,26040.5,26043.5,126,26044.84,26032.64,0.00
2025-12-08,05:25:00,26042.75,26045.25,26041.25,26042,206,26044.83,26032.66,0.00
2025-12-08,05:26:00,26041.5,26044.5,26041.25,26044.5,120,26044.82,26032.67,0.00
2025-12-08,05:27:00,26044.75,26048.25,26044.25,26046.25,445,26044.84,26032.71,0.00
2025-12-08,05:28:00,26046,26048.75,26041.75,26047.5,415,26044.86,26032.76,0.00
2025-12-08,05:29:00,26047.25,26050.5,26044.5,26044.5,342,26044.88,26032.79,0.00
2025-12-08,05:30:00,26045.25,26049,26044.75,26047,154,26044.89,26032.81,0.00
2025-12-08,05:31:00,26047.75,26049.5,26045.5,26046.5,209,26044.90,26032.83,0.00
2025-12-08,05:32:00,26046.25,26048.75,26043.75,26045.75,165,26044.91,26032.85,0.00
2025-12-08,05:33:00,26045.75,26049.25,26045.75,26047.5,202,26044.92,26032.87,0.00
2025-12-08,05:34:00,26047.5,26051,26044.75,26046.5,220,26044.94,26032.89,0.00
2025-12-08,05:35:00,26046.5,26048.25,26044.75,26046.75,161,26044.95,26032.91,0.00
2025-12-08,05:36:00,26047.75,26049.75,26039.75,26041.5,496,26044.93,26032.95,0.00
2025-12-08,05:37:00,26041.75,26043.5,26037.5,26043.5,386,26044.89,26032.98,0.00
2025-12-08,05:38:00,26043,26044.5,26041.25,26043.25,188,26044.88,26032.99,0.00
2025-12-08,05:39:00,26042.75,26044,26040.75,26042.25,129,26044.87,26033.00,0.00
2025-12-08,05:40:00,26042.5,26046.5,26040.25,26046.25,202,26044.87,26033.02,0.00
2025-12-08,05:41:00,26046.25,26047.25,26040,26040.25,270,26044.85,26033.03,0.00
2025-12-08,05:42:00,26041.25,26043,26040.25,26041,101,26044.84,26033.04,0.00
2025-12-08,05:43:00,26041.25,26042,26037.5,26037.5,197,26044.80,26033.05,0.00
2025-12-08,05:44:00,26037.75,26037.75,26031.5,26034.75,646,26044.61,26033.06,0.00
2025-12-08,05:45:00,26034,26036.75,26034,26034.5,180,26044.57,26033.06,0.00
2025-12-08,05:46:00,26034,26034.5,26028,26028.75,342,26044.43,26033.05,0.00
2025-12-08,05:47:00,26028.25,26031,26021.75,26029.5,642,26044.12,26033.03,0.00
2025-12-08,05:48:00,26028,26033,26026.75,26029.5,232,26044.03,26033.02,0.00
2025-12-08,05:49:00,26029.25,26030,26025.25,26027,210,26043.94,26033.01,0.00
2025-12-08,05:50:00,26027.25,26029.5,26026,26026,184,26043.85,26033.01,0.00
2025-12-08,05:51:00,26026.5,26033.5,26025.25,26031,361,26043.71,26033.00,0.00
2025-12-08,05:52:00,26030.25,26032.5,26030,26031.25,186,26043.65,26032.99,0.00
2025-12-08,05:53:00,26030,26032.25,26029.5,26032.25,122,26043.61,26032.99,0.00
2025-12-08,05:54:00,26033.25,26037.25,26032,26033,306,26043.53,26033.00,0.00
2025-12-08,05:55:00,26032.25,26035.5,26031.5,26032.75,128,26043.50,26033.00,0.00
2025-12-08,05:56:00,26032.5,26032.5,26028.5,26030.75,199,26043.43,26032.99,0.00
2025-12-08,05:57:00,26030.75,26034.25,26029.25,26030.75,199,26043.37,26032.99,0.00
2025-12-08,05:58:00,26031,26032,26027.5,26030.25,156,26043.31,26032.99,0.00
2025-12-08,05:59:00,26030.25,26030.5,26025,26027.5,244,26043.21,26032.98,0.00
2025-12-08,06:00:00,26027.5,26028.5,26022.25,26027.25,367,26043.05,26032.96,0.00
2025-12-08,06:01:00,26027,26032,26026.25,26028,416,26042.90,26032.95,0.00
2025-12-08,06:02:00,26028.25,26028.25,26023.5,26024.5,217,26042.80,26032.93,0.00
2025-12-08,06:03:00,26024.25,26026.75,26022.5,26026.5,306,26042.67,26032.92,0.00
2025-12-08,06:04:00,26026.75,26028,26017.25,26019.75,719,26042.29,26032.86,0.00
2025-12-08,06:05:00,26019,26024.5,26017.75,26021.75,354,26042.11,26032.83,0.00
2025-12-08,06:06:00,26021.75,26021.75,26015.25,26018,371,26041.90,26032.79,0.00
2025-12-08,06:07:00,26018.75,26023,26017.25,26022.5,274,26041.76,26032.77,0.00
2025-12-08,06:08:00,26022.75,26025.75,26019,26020,229,26041.65,26032.75,0.00
2025-12-08,06:09:00,26019.75,26021,26016.25,26019.25,292,26041.49,26032.72,0.00
2025-12-08,06:10:00,26018.5,26023.25,26018.5,26023.25,210,26041.39,26032.71,0.00
2025-12-08,06:11:00,26023.25,26027.25,26022.5,26026.25,349,26041.26,26032.69,0.00
2025-12-08,06:12:00,26025.75,26031,26025.75,26030.75,360,26041.16,26032.68,0.00
2025-12-08,06:13:00,26030.75,26034,26029.75,26032.25,523,26041.05,26032.68,0.00
2025-12-08,06:14:00,26032.75,26033,26025,26028.5,329,26040.95,26032.67,0.00
2025-12-08,06:15:00,26028.25,26030.5,26027.25,26030,79,26040.93,26032.67,0.00
2025-12-08,06:16:00,26030,26030.75,26027,26027.25,130,26040.90,26032.66,0.00
2025-12-08,06:17:00,26026.75,26028,26023.75,26026,188,26040.83,26032.65,0.00
2025-12-08,06:18:00,26026.25,26027,26021.25,26023.25,297,26040.72,26032.64,0.00
2025-12-08,06:19:00,26023.75,26024.25,26019.75,26020.75,262,26040.61,26032.62,0.00
2025-12-08,06:20:00,26021,26026.75,26020.25,26026.75,328,26040.49,26032.60,0.00
2025-12-08,06:21:00,26025,26028.25,26023.25,26023.25,178,26040.43,26032.59,0.00
2025-12-08,06:22:00,26023.25,26024.75,26020.5,26023.5,178,26040.36,26032.58,0.00
2025-12-08,06:23:00,26024.25,26028,26024.25,26027.75,116,26040.33,26032.57,0.00
2025-12-08,06:24:00,26027.5,26030,26024.75,26027,184,26040.27,26032.56,0.00
2025-12-08,06:25:00,26027.5,26031.75,26027,26030,221,26040.22,26032.56,0.00
2025-12-08,06:26:00,26029.5,26031.75,26027.5,26030.5,179,26040.18,26032.56,0.00
2025-12-08,06:27:00,26030.25,26032.75,26029.5,26032.75,244,26040.14,26032.56,0.00
2025-12-08,06:28:00,26032.75,26036,26031.25,26033,336,26040.09,26032.56,0.00
2025-12-08,06:29:00,26033.25,26034.5,26031.5,26034.5,124,26040.07,26032.56,0.00
2025-12-08,06:30:00,26034.75,26043.75,26034.75,26042.5,560,26040.07,26032.59,0.00
2025-12-08,06:31:00,26042.25,26043.75,26039.5,26040.5,356,26040.08,26032.61,0.00
2025-12-08,06:32:00,26040.25,26041.5,26037.75,26041.5,230,26040.08,26032.62,0.00
2025-12-08,06:33:00,26042.25,26044.75,26040.5,26043.25,376,26040.10,26032.65,0.00
2025-12-08,06:34:00,26043.25,26048,26043,26047.25,444,26040.16,26032.69,0.00
2025-12-08,06:35:00,26047.5,26050.75,26046.75,26049,407,26040.23,26032.73,0.00
2025-12-08,06:36:00,26049.25,26052,26044.25,26046.5,435,26040.30,26032.77,0.00
2025-12-08,06:37:00,26046.75,26048,26043.25,26046,231,26040.32,26032.79,0.00
2025-12-08,06:38:00,26045.75,26046.75,26044.5,26046.75,153,26040.34,26032.81,0.00
2025-12-08,06:39:00,26046.25,26048.75,26045.5,26046.5,143,26040.36,26032.82,0.00
2025-12-08,06:40:00,26047,26048.25,26045.5,26045.5,70,26040.36,26032.83,0.00
2025-12-08,06:41:00,26045.5,26046,26043.75,26044.75,112,26040.37,26032.84,0.00
2025-12-08,06:42:00,26045,26047.25,26044.5,26046.25,99,26040.39,26032.84,0.00
2025-12-08,06:43:00,26045.75,26046.5,26042.75,26043.75,194,26040.40,26032.86,0.00
2025-12-08,06:44:00,26043.5,26045,26040.25,26043.75,295,26040.42,26032.88,0.00
2025-12-08,06:45:00,26043.75,26046.5,26043.75,26045.5,179,26040.43,26032.89,0.00
2025-12-08,06:46:00,26045.5,26046.75,26044.5,26046.25,137,26040.45,26032.91,0.00
2025-12-08,06:47:00,26046.25,26047,26041,26042.75,298,26040.47,26032.93,0.00
2025-12-08,06:48:00,26042.5,26048.75,26042.5,26048.5,309,26040.50,26032.95,0.00
2025-12-08,06:49:00,26048.5,26049.25,26046.25,26047.75,160,26040.52,26032.97,0.00
2025-12-08,06:50:00,26047.5,26049,26046.25,26047.25,72,26040.53,26032.98,0.00
2025-12-08,06:51:00,26047.5,26051.25,26047.25,26048.75,178,26040.56,26033.00,0.00
2025-12-08,06:52:00,26048.25,26048.25,26043.75,26048,206,26040.59,26033.01,0.00
2025-12-08,06:53:00,26048,26049.75,26047,26049.75,121,26040.61,26033.03,0.00
2025-12-08,06:54:00,26049.25,26053.25,26047.75,26048.5,468,26040.69,26033.08,0.00
2025-12-08,06:55:00,26048.25,26050.5,26047.5,26048.75,164,26040.71,26033.10,0.00
2025-12-08,06:56:00,26048.75,26050.75,26048.25,26048.75,209,26040.75,26033.12,0.00
2025-12-08,06:57:00,26049,26049.75,26045,26047.75,358,26040.79,26033.15,0.00
2025-12-08,06:58:00,26047.75,26049.25,26045,26047.5,194,26040.81,26033.17,0.00
2025-12-08,06:59:00,26047.75,26049.75,26044,26046,226,26040.84,26033.19,0.00
2025-12-08,07:00:00,26046.25,26048,26046.25,26046.75,210,26040.86,26033.21,0.00
2025-12-08,07:01:00,26046.75,26047.25,26041.25,26044.25,577,26040.90,26033.25,0.00
2025-12-08,07:02:00,26044.25,26045,26036.5,26039,571,26040.89,26033.27,0.00
2025-12-08,07:03:00,26039.25,26041,26036.25,26039,236,26040.88,26033.28,0.00
2025-12-08,07:04:00,26039,26041.5,26038,26040.25,244,26040.88,26033.29,0.00
2025-12-08,07:05:00,26040.75,26043.25,26038,26039,231,26040.87,26033.30,0.00
2025-12-08,07:06:00,26039.25,26039.25,26032.25,26033.75,447,26040.83,26033.31,0.00
2025-12-08,07:07:00,26034.25,26042,26033.5,26041,328,26040.82,26033.32,0.00
2025-12-08,07:08:00,26041.25,26044.25,26040.5,26042,322,26040.83,26033.34,0.00
2025-12-08,07:09:00,26042.25,26044.25,26040.5,26041.25,245,26040.83,26033.35,0.00
2025-12-08,07:10:00,26040.75,26046.25,26040.75,26044.25,285,26040.84,26033.37,0.00
2025-12-08,07:11:00,26044.25,26045,26038.25,26039.75,341,26040.85,26033.39,0.00
2025-12-08,07:12:00,26039.5,26041.75,26036.5,26037,226,26040.84,26033.39,0.00
2025-12-08,07:13:00,26037.25,26042,26037.25,26040.75,212,26040.83,26033.40,0.00
2025-12-08,07:14:00,26041,26042.25,26037.75,26041.75,365,26040.83,26033.42,0.00
2025-12-08,07:15:00,26042,26050.5,26041.25,26047.25,770,26040.90,26033.48,0.00
2025-12-08,07:16:00,26046.75,26050.75,26043,26045.5,444,26040.94,26033.52,0.00
2025-12-08,07:17:00,26045.25,26050.25,26042.5,26047.75,265,26040.97,26033.54,0.00
2025-12-08,07:18:00,26047.25,26048.25,26044.25,26047,131,26040.98,26033.55,0.00
2025-12-08,07:19:00,26046.25,26048.5,26046,26046.75,112,26040.99,26033.56,0.00
2025-12-08,07:20:00,26047,26048.25,26040,26044,311,26041.01,26033.58,0.00
2025-12-08,07:21:00,26043.75,26044.5,26039.5,26042.5,441,26041.02,26033.60,0.00
2025-12-08,07:22:00,26042.75,26045,26038.75,26040.25,222,26041.02,26033.61,0.00
2025-12-08,07:23:00,26040,26040.5,26034.25,26035.75,328,26041.00,26033.62,0.00
2025-12-08,07:24:00,26035.25,26036.25,26031.25,26034.25,473,26040.94,26033.62,0.00
2025-12-08,07:25:00,26034.25,26035.25,26029.75,26030,252,26040.90,26033.62,0.00
2025-12-08,07:26:00,26029.75,26035.25,26026.25,26033.75,516,26040.83,26033.61,0.00
2025-12-08,07:27:00,26033,26033,26027.75,26030,223,26040.79,26033.61,0.00
2025-12-08,07:28:00,26030.25,26031,26027.25,26029.25,196,26040.76,26033.60,0.00
2025-12-08,07:29:00,26028.75,26030.75,26026,26028,194,26040.72,26033.60,0.00
2025-12-08,07:30:00,26028.25,26028.25,26024.25,26027.25,337,26040.64,26033.58,0.00
2025-12-08,07:31:00,26027.25,26030.75,26026.5,26027.25,305,26040.59,26033.57,0.00
2025-12-08,07:32:00,26027,26028.5,26025,26028,240,26040.54,26033.56,0.00
2025-12-08,07:33:00,26027.75,26029.75,26025.25,26027.75,249,26040.49,26033.55,0.00
2025-12-08,07:34:00,26027.5,26029.75,26025.75,26027.75,168,26040.45,26033.55,0.00
2025-12-08,07:35:00,26027.5,26030,26024,26027,243,26040.40,26033.54,0.00
2025-12-08,07:36:00,26026.5,26030.5,26024.75,26030.25,202,26040.37,26033.53,0.00
2025-12-08,07:37:00,26029.5,26030.5,26028.25,26030.25,144,26040.34,26033.53,0.00
2025-12-08,07:38:00,26029.75,26033.25,26028.75,26031.25,234,26040.31,26033.52,0.00
2025-12-08,07:39:00,26031.75,26034,26029.25,26030,283,26040.27,26033.52,0.00
2025-12-08,07:40:00,26030.25,26032.75,26029.75,26032.75,178,26040.25,26033.52,0.00
2025-12-08,07:41:00,26032.75,26033.75,26030,26032.25,198,26040.22,26033.52,0.00
2025-12-08,07:42:00,26032.25,26035.25,26031.5,26033.75,290,26040.19,26033.52,0.00
2025-12-08,07:43:00,26034,26035.25,26032.25,26034.25,152,26040.18,26033.52,0.00
2025-12-08,07:44:00,26033.75,26033.75,26029.75,26031.5,316,26040.14,26033.51,0.00
2025-12-08,07:45:00,26032.25,26036.75,26031.25,26035.75,159,26040.13,26033.51,0.00
2025-12-08,07:46:00,26035.5,26036.5,26031,26032.25,229,26040.10,26033.51,0.00
2025-12-08,07:47:00,26031.75,26032.75,26029.5,26030.5,233,26040.07,26033.51,0.00
2025-12-08,07:48:00,26030.5,26034.75,26029.5,26033,243,26040.05,26033.51,0.00
2025-12-08,07:49:00,26033,26035.25,26029.5,26031.5,331,26040.01,26033.51,0.00
2025-12-08,07:50:00,26031.25,26032.75,26030.5,26032.75,119,26039.99,26033.50,0.00
2025-12-08,07:51:00,26032.5,26032.5,26030.25,26031.25,223,26039.97,26033.50,0.00
2025-12-08,07:52:00,26030.75,26036.5,26030.5,26036.5,226,26039.95,26033.50,0.00
2025-12-08,07:53:00,26036.75,26038.5,26033.5,26033.5,407,26039.92,26033.51,0.00
2025-12-08,07:54:00,26033.75,26034.5,26030.75,26031,258,26039.89,26033.50,0.00
2025-12-08,07:55:00,26031,26035,26029.75,26032.75,284,26039.86,26033.50,0.00
2025-12-08,07:56:00,26032.75,26034.5,26028.25,26030.25,441,26039.81,26033.50,0.00
2025-12-08,07:57:00,26031.25,26031.75,26028.25,26029.75,236,26039.77,26033.49,0.00
2025-12-08,07:58:00,26029.25,26030.25,26026.75,26029.25,244,26039.73,26033.49,0.00
2025-12-08,07:59:00,26029,26031.5,26028,26028,138,26039.71,26033.48,0.00
2025-12-08,08:00:00,26027.25,26030.25,26027,26028,158,26039.69,26033.48,0.00
2025-12-08,08:01:00,26028.25,26030.5,26019.75,26024,1049,26039.47,26033.42,0.00
2025-12-08,08:02:00,26023.25,26024.75,26018,26024.5,773,26039.29,26033.37,0.00
2025-12-08,08:03:00,26024.5,26034,26024,26032.75,501,26039.23,26033.37,0.00
2025-12-08,08:04:00,26033.5,26039.75,26032.75,26039,532,26039.22,26033.38,0.00
2025-12-08,08:05:00,26038.5,26040.75,26035.75,26038.25,634,26039.21,26033.39,0.00
2025-12-08,08:06:00,26038,26039.25,26033,26034.5,242,26039.20,26033.40,0.00
2025-12-08,08:07:00,26034.5,26038.5,26033.75,26037.75,266,26039.19,26033.40,0.00
2025-12-08,08:08:00,26037,26038.5,26031.75,26034,176,26039.18,26033.40,0.00
2025-12-08,08:09:00,26033.75,26038.5,26033.5,26037,143,26039.17,26033.41,0.00
2025-12-08,08:10:00,26038,26040,26036,26038.25,202,26039.17,26033.41,0.00
2025-12-08,08:11:00,26036.5,26037.5,26033.25,26035.25,177,26039.16,26033.41,0.00
2025-12-08,08:12:00,26035.75,26037,26032,26032.75,231,26039.14,26033.41,0.00
2025-12-08,08:13:00,26033,26035,26031.75,26034.5,202,26039.13,26033.42,0.00
2025-12-08,08:14:00,26034.5,26035.5,26033,26034,93,26039.12,26033.42,0.00
2025-12-08,08:15:00,26033.75,26035.75,26033.25,26035.5,213,26039.11,26033.42,0.00
2025-12-08,08:16:00,26035.25,26038.25,26033.5,26038,271,26039.10,26033.42,0.00
2025-12-08,08:17:00,26037.75,26041.25,26037.25,26040.5,352,26039.11,26033.43,0.00
2025-12-08,08:18:00,26041,26042.5,26037.5,26037.75,371,26039.11,26033.45,0.00
2025-12-08,08:19:00,26037.75,26041.75,26036.75,26040.75,226,26039.11,26033.45,0.00
2025-12-08,08:20:00,26040.75,26040.75,26036.75,26037.25,146,26039.11,26033.46,0.00
2025-12-08,08:21:00,26037.5,26041,26035,26035,464,26039.09,26033.47,0.00
2025-12-08,08:22:00,26035.5,26038.5,26035,26037,160,26039.09,26033.47,0.00
2025-12-08,08:23:00,26037,26040.25,26036.25,26040.25,163,26039.09,26033.48,0.00
2025-12-08,08:24:00,26040.5,26043.5,26040.25,26042.75,381,26039.10,26033.49,0.00
2025-12-08,08:25:00,26042.75,26043,26040.5,26042.75,406,26039.12,26033.51,0.00
2025-12-08,08:26:00,26042.5,26045.25,26039.5,26043,731,26039.15,26033.55,0.00
2025-12-08,08:27:00,26042.5,26042.5,26036.25,26039.75,463,26039.15,26033.57,0.00
2025-12-08,08:28:00,26039.75,26042.5,26038.75,26039.75,216,26039.16,26033.57,0.00
2025-12-08,08:29:00,26039.75,26041,26037,26040.5,334,26039.16,26033.58,0.00
2025-12-08,08:30:00,26040.5,26041.75,26038.5,26038.75,108,26039.16,26033.59,0.00
2025-12-08,08:31:00,26038.75,26039.5,26036.5,26039,373,26039.15,26033.60,0.00
2025-12-08,08:32:00,26039,26040.25,26036.5,26037,239,26039.15,26033.60,0.00
2025-12-08,08:33:00,26037.25,26039.75,26036.25,26038.25,207,26039.15,26033.61,0.00
2025-12-08,08:34:00,26038.5,26041.25,26038.25,26041,200,26039.15,26033.62,0.00
2025-12-08,08:35:00,26041,26045.5,26040,26043,401,26039.17,26033.64,0.00
2025-12-08,08:36:00,26043.25,26046,26041.75,26042.5,216,26039.18,26033.65,0.00
2025-12-08,08:37:00,26042.5,26043.25,26038,26042.25,310,26039.19,26033.66,0.00
2025-12-08,08:38:00,26042.25,26044,26040.25,26044,221,26039.20,26033.67,0.00
2025-12-08,08:39:00,26044,26045.75,26042.5,26045.5,174,26039.21,26033.68,0.00
2025-12-08,08:40:00,26045.75,26046.5,26044,26045,191,26039.22,26033.69,0.00
2025-12-08,08:41:00,26045,26045.5,26041.75,26043,325,26039.24,26033.71,0.00
2025-12-08,08:42:00,26043.25,26046.5,26042.25,26045.5,196,26039.25,26033.72,0.00
2025-12-08,08:43:00,26046,26055.25,26045.5,26054.25,958,26039.39,26033.81,0.00
2025-12-08,08:44:00,26054.25,26055,26050.75,26053.75,605,26039.48,26033.88,0.00
2025-12-08,08:45:00,26054,26054.5,26051.25,26053.75,286,26039.53,26033.91,0.00
2025-12-08,08:46:00,26053.75,26057.25,26051.25,26055.5,467,26039.61,26033.96,0.00
2025-12-08,08:47:00,26055.5,26056.5,26054.5,26056.25,178,26039.64,26033.98,0.00
2025-12-08,08:48:00,26056.25,26059.5,26054.5,26058.75,550,26039.76,26034.05,0.00
2025-12-08,08:49:00,26058.75,26062,26058,26061.75,450,26039.86,26034.11,0.00
2025-12-08,08:50:00,26061.75,26064.25,26060.75,26063.75,420,26039.97,26034.18,0.00
2025-12-08,08:51:00,26064.25,26064.75,26060.75,26061.25,531,26040.11,26034.26,0.00
2025-12-08,08:52:00,26060.75,26062.5,26056.25,26057,419,26040.19,26034.31,0.00
2025-12-08,08:53:00,26057.5,26060,26055.75,26058.75,461,26040.28,26034.37,0.00
2025-12-08,08:54:00,26058.5,26060.75,26056.75,26057.75,251,26040.33,26034.40,0.00
2025-12-08,08:55:00,26057,26059.25,26055.25,26057.75,244,26040.38,26034.43,0.00
2025-12-08,08:56:00,26057.5,26059.5,26056.25,26057.75,274,26040.43,26034.46,0.00
2025-12-08,08:57:00,26057.75,26058.25,26054.25,26056.5,279,26040.48,26034.49,0.00
2025-12-08,08:58:00,26056.25,26057,26052.25,26054,489,26040.56,26034.55,0.00
2025-12-08,08:59:00,26054,26055.25,26050,26054,456,26040.62,26034.59,0.00
2025-12-08,09:00:00,26054.25,26058,26053.5,26056.75,402,26040.69,26034.63,0.00
2025-12-08,09:01:00,26056.5,26060.25,26052.75,26052.75,888,26040.82,26034.73,0.00
2025-12-08,09:02:00,26053,26060,26052,26057,454,26040.90,26034.78,0.00
2025-12-08,09:03:00,26057,26058,26054,26055.5,250,26040.94,26034.81,0.00
2025-12-08,09:04:00,26055.5,26060,26054,26059,225,26040.98,26034.83,0.00
2025-12-08,09:05:00,26059,26060.5,26056.5,26060.25,202,26041.02,26034.86,0.00
2025-12-08,09:06:00,26060,26062.5,26058.75,26058.75,322,26041.08,26034.90,0.00
2025-12-08,09:07:00,26059,26062,26058.25,26061.25,221,26041.13,26034.93,0.00
2025-12-08,09:08:00,26060.5,26061.25,26057.25,26059.5,193,26041.17,26034.95,0.00
2025-12-08,09:09:00,26059.25,26061.25,26057.5,26060,221,26041.21,26034.98,0.00
2025-12-08,09:10:00,26059.75,26062.5,26058.5,26061.75,258,26041.26,26035.02,0.00
2025-12-08,09:11:00,26061.75,26063.25,26057.5,26057.5,342,26041.33,26035.06,0.00
2025-12-08,09:12:00,26057.25,26060.5,26056.75,26059.75,159,26041.35,26035.08,0.00
2025-12-08,09:13:00,26059.5,26062.25,26058.5,26061.75,209,26041.40,26035.10,0.00
2025-12-08,09:14:00,26062,26068.25,26061.75,26067.5,663,26041.56,26035.21,0.00
2025-12-08,09:15:00,26067.75,26068,26064.5,26066,368,26041.66,26035.27,0.00
2025-12-08,09:16:00,26066.25,26067.75,26063.25,26066.75,349,26041.74,26035.32,0.00
2025-12-08,09:17:00,26067,26070.75,26065,26066.25,481,26041.87,26035.40,0.00
2025-12-08,09:18:00,26066.25,26067.75,26065,26067.25,376,26041.96,26035.46,0.00
2025-12-08,09:19:00,26066.5,26071.5,26066.5,26069.25,503,26042.10,26035.54,0.00
2025-12-08,09:20:00,26069.5,26071.75,26069,26069.75,267,26042.18,26035.59,0.00
2025-12-08,09:21:00,26069.75,26084,26068.5,26082,2284,26078.17,26036.07,0.00
2025-12-08,09:22:00,26082.25,26086.25,26080.5,26081,1678,26082.58,26036.45,0.00
2025-12-08,09:23:00,26081,26081.25,26063.75,26065,1830,26076.02,26036.75,0.00
2025-12-08,09:24:00,26065,26069.5,26063.75,26067.75,991,26074.03,26036.90,0.00
2025-12-08,09:25:00,26067.75,26068.5,26051.25,26057.75,1726,26069.91,26037.08,0.00
2025-12-08,09:26:00,26057.75,26064.25,26055.75,26058.25,962,26068.51,26037.19,0.00
2025-12-08,09:27:00,26058.25,26063,26055.75,26059.75,508,26067.91,26037.24,0.00
2025-12-08,09:28:00,26059.5,26060.25,26053.75,26056.5,501,26067.23,26037.29,0.00
2025-12-08,09:29:00,26056.5,26057.5,26053,26057.5,380,26066.74,26037.32,0.00
2025-12-08,09:30:00,26057.75,26062.25,26057,26061.75,442,26066.42,26037.37,0.00
2025-12-08,09:31:00,26062,26064,26047.75,26048.5,1443,26064.63,26037.48,0.00
2025-12-08,09:32:00,26048,26049.75,26039.75,26042.5,1525,26062.00,26037.53,0.00
2025-12-08,09:33:00,26043,26045.5,26038,26044,1249,26060.16,26037.56,0.00
2025-12-08,09:34:00,26044,26047.25,26043.25,26044.75,637,26059.47,26037.58,0.00
2025-12-08,09:35:00,26044.5,26046,26042.25,26043.5,401,26059.03,26037.59,0.00
2025-12-08,09:36:00,26044,26047.5,26040.25,26044.75,606,26058.43,26037.61,0.00
2025-12-08,09:37:00,26045.75,26049,26045.25,26047.25,394,26058.14,26037.63,0.00
2025-12-08,09:38:00,26047.5,26049.75,26044.75,26048.25,411,26057.86,26037.64,0.00
2025-12-08,09:39:00,26048.5,26049,26040.5,26045,624,26057.36,26037.66,0.00
2025-12-08,09:40:00,26045.25,26048.25,26043.25,26046.5,363,26057.12,26037.68,0.00
2025-12-08,09:41:00,26046.25,26047.5,26041.5,26046.75,518,26056.76,26037.70,0.00
2025-12-08,09:42:00,26047.25,26049.25,26046.25,26046.25,284,26056.60,26037.71,0.00
2025-12-08,09:43:00,26046.25,26052.25,26046,26052,494,26056.42,26037.74,0.00
2025-12-08,09:44:00,26052,26055.5,26050,26055.5,779,26056.31,26037.79,0.00
2025-12-08,09:45:00,26055.25,26059,26054.25,26058.75,769,26056.35,26037.86,0.00
2025-12-08,09:46:00,26058.5,26062,26057.25,26059.75,666,26056.46,26037.93,0.00
2025-12-08,09:47:00,26059.75,26061.5,26054.5,26060.75,610,26056.53,26037.98,0.00
2025-12-08,09:48:00,26060.5,26062.5,26058,26059.25,518,26056.61,26038.03,0.00
2025-12-08,09:49:00,26059,26060,26055.5,26057,412,26056.63,26038.07,0.00
2025-12-08,09:50:00,26057,26059.5,26056.25,26058.25,269,26056.65,26038.09,0.00
2025-12-08,09:51:00,26058,26059.75,26051,26057.75,804,26056.63,26038.16,0.00
2025-12-08,09:52:00,26058.25,26059.5,26053.75,26055.25,381,26056.62,26038.19,0.00
2025-12-08,09:53:00,26055.5,26059,26052.75,26056.25,427,26056.61,26038.22,0.00
2025-12-08,09:54:00,26056.75,26061.25,26051,26059.5,654,26056.63,26038.28,0.00
2025-12-08,09:55:00,26059.5,26063.75,26059.25,26062.5,611,26056.76,26038.34,0.00
2025-12-08,09:56:00,26063,26067.75,26062,26067,787,26057.03,26038.44,0.00
2025-12-08,09:57:00,26067.25,26067.75,26059.25,26061.25,639,26057.17,26038.51,0.00
2025-12-08,09:58:00,26061,26063,26059.5,26062.25,263,26057.21,26038.53,0.00
2025-12-08,09:59:00,26062.75,26064.25,26057.5,26057.75,652,26057.27,26038.59,0.00
2025-12-08,10:00:00,26057.75,26063.75,26056.25,26063,517,26057.34,26038.64,0.00
2025-12-08,10:01:00,26063.25,26067,26059.75,26062.75,822,26057.51,26038.73,0.00
2025-12-08,10:02:00,26062.5,26067.5,26061.75,26067,571,26057.67,26038.80,0.00
2025-12-08,10:03:00,26067,26067.75,26064,26064,424,26057.77,26038.85,0.00
2025-12-08,10:04:00,26064.5,26074.75,26063.5,26073,1179,26058.26,26039.01,0.00
2025-12-08,10:05:00,26072.75,26077.25,26071.75,26076.25,835,26058.70,26039.13,0.00
2025-12-08,10:06:00,26075.75,26077,26069.75,26073.25,805,26059.07,26039.25,0.00
2025-12-08,10:07:00,26073.75,26076.25,26069.75,26074.5,469,26059.27,26039.32,0.00
2025-12-08,10:08:00,26074.5,26075.75,26070.25,26072,360,26059.42,26039.37,0.00
2025-12-08,10:09:00,26072,26074.75,26070.25,26070.25,309,26059.53,26039.41,0.00
2025-12-08,10:10:00,26070.25,26072.5,26070.25,26071.5,318,26059.65,26039.46,0.00
2025-12-08,10:11:00,26071.25,26072.25,26067.75,26069.75,533,26059.80,26039.53,0.00
2025-12-08,10:12:00,26070,26072,26068,26068.75,292,26059.89,26039.56,0.00
2025-12-08,10:13:00,26069.5,26071.25,26066,26071.25,427,26060.00,26039.62,0.00
2025-12-08,10:14:00,26070.75,26074.25,26069,26071.75,442,26060.15,26039.68,0.00
2025-12-08,10:15:00,26071.25,26073.25,26070.75,26071.75,227,26060.22,26039.71,0.00
2025-12-08,10:16:00,26072,26072.75,26057.5,26061.75,1581,26060.38,26039.87,0.00
2025-12-08,10:17:00,26061.25,26067.5,26059.75,26062.75,827,26060.45,26039.95,0.00
2025-12-08,10:18:00,26062.25,26063.25,26057.5,26058.25,606,26060.44,26040.00,0.00
2025-12-08,10:19:00,26057.5,26070,26056.75,26069.5,856,26060.54,26040.09,0.00
2025-12-08,10:20:00,26069.5,26071.25,26065,26067,519,26060.64,26040.15,0.00
2025-12-08,10:21:00,26066.75,26072,26066.25,26068.5,566,26060.75,26040.22,0.00
2025-12-08,10:22:00,26068.5,26071.25,26062,26064.5,660,26060.83,26040.29,0.00
2025-12-08,10:23:00,26064.5,26064.75,26058.75,26061.75,630,26060.85,26040.34,0.00
2025-12-08,10:24:00,26061.75,26067.25,26061.5,26063.75,397,26060.88,26040.38,0.00
2025-12-08,10:25:00,26064,26065.25,26054.25,26057,972,26060.83,26040.45,0.00
2025-12-08,10:26:00,26057.5,26057.5,26046.5,26050.25,1826,26060.45,26040.54,0.00
2025-12-08,10:27:00,26050.25,26051.75,26044.25,26047.5,1027,26060.17,26040.57,0.00
2025-12-08,10:28:00,26047.5,26048.5,26035.25,26040.5,2200,26059.32,26040.57,0.00
2025-12-08,10:29:00,26040,26052.5,26035.5,26049,2140,26058.74,26040.62,0.00
2025-12-08,10:30:00,26049,26050,26044.5,26044.5,1213,26058.45,26040.64,0.00
2025-12-08,10:31:00,26044.75,26085.25,26031.5,26077.25,12703,26059.68,26041.79,0.00
2025-12-08,10:32:00,26077.5,26105.25,26073,26090.25,10879,26089.50,26043.67,0.00
2025-12-08,10:33:00,26090.75,26104.75,26073.75,26095.75,6392,26090.21,26044.74,0.00
2025-12-08,10:34:00,26094.75,26114,26080,26086,7982,26093.33,26046.07,0.00
2025-12-08,10:35:00,26086.75,26087,26069.5,26084.25,6012,26087.71,26046.77,0.00
2025-12-08,10:36:00,26084.5,26085.25,26066.5,26083.5,4182,26085.57,26047.20,0.00
2025-12-08,10:37:00,26084,26088,26063.75,26068.25,4504,26083.14,26047.59,0.00
2025-12-08,10:38:00,26069.5,26075.75,26061.5,26065.25,3693,26080.95,26047.83,0.00
2025-12-08,10:39:00,26066.25,26077.5,26060.25,26077.5,3600,26079.85,26048.10,0.00
2025-12-08,10:40:00,26077.5,26081.5,26056,26057,4581,26077.86,26048.34,0.00
2025-12-08,10:41:00,26057.75,26065,26040.75,26063.25,7618,26073.97,26048.53,0.00
2025-12-08,10:42:00,26063.75,26066.75,26044.75,26045.75,3627,26072.26,26048.57,0.00
2025-12-08,10:43:00,26045.75,26048,26021.25,26037.25,8812,26066.33,26048.23,0.00
2025-12-08,10:44:00,26037,26080.25,26024.25,26060.25,10782,26064.45,26048.44,0.00
2025-12-08,10:45:00,26060.5,26066.25,26051.75,26058.75,4122,26064.12,26048.56,0.00
2025-12-08,10:46:00,26058.25,26060.75,26045.5,26053,3697,26063.56,26048.61,0.00
2025-12-08,10:47:00,26052.5,26057.25,26041.25,26051.5,3630,26062.92,26048.62,0.00
2025-12-08,10:48:00,26052.5,26056.5,26032.5,26035.25,3877,26061.89,26048.54,0.00
2025-12-08,10:49:00,26035.25,26039.25,25991.5,25995.5,13547,26054.25,26047.12,0.00
2025-12-08,10:50:00,25995.25,26020.75,25975.25,26011.5,12443,26048.22,26045.69,0.00
2025-12-08,10:51:00,26011.5,26034.5,26007.5,26021.5,7796,26046.38,26045.21,0.00
2025-12-08,10:52:00,26021.25,26026.25,26004,26012,5539,26044.89,26044.79,0.00
2025-12-08,10:53:00,26012,26019.25,25998.25,26015.5,4956,26043.54,26044.38,0.00
2025-12-08,10:54:00,26015.5,26025,26010.25,26016.25,3816,26042.76,26044.12,0.00
2025-12-08,10:55:00,26016.75,26026.75,26009.5,26023.25,2708,26042.29,26043.96,0.00
2025-12-08,10:56:00,26023.25,26027.5,26005.75,26011.5,3510,26041.58,26043.72,0.00
2025-12-08,10:57:00,26011.75,26016.25,26001.5,26006,3089,26040.82,26043.46,0.00
2025-12-08,10:58:00,26005.75,26013,25998.25,26003.25,2741,26040.12,26043.21,0.00
2025-12-08,10:59:00,26002.75,26009,25987.75,25989.5,4817,26038.65,26042.67,0.00
2025-12-08,11:00:00,25989.75,26000.75,25987.25,25997.75,3041,26037.76,26042.34,0.00
2025-12-08,11:01:00,25997.25,26006.25,25992.5,26001.75,4184,26036.73,26041.93,0.00
2025-12-08,11:02:00,26001.75,26009.75,25990,26006.5,3718,26035.91,26041.60,0.00
2025-12-08,11:03:00,26007,26030.75,26002.5,26017.75,6542,26035.15,26041.24,0.00
2025-12-08,11:04:00,26017.75,26024.75,26013.25,26020.5,2840,26034.88,26041.10,0.00
2025-12-08,11:05:00,26019.75,26027,26018.75,26020.75,2112,26034.72,26041.01,0.00
2025-12-08,11:06:00,26021,26021,26000.25,26002.25,5231,26033.91,26040.63,0.00
2025-12-08,11:07:00,26002.25,26015.75,26002.25,26011,2157,26033.61,26040.48,0.00
2025-12-08,11:08:00,26010.75,26021,26007.75,26014.75,2039,26033.39,26040.37,0.00
2025-12-08,11:09:00,26014.75,26031.75,26012.75,26019.5,3791,26033.14,26040.21,0.00
2025-12-08,11:10:00,26019.75,26019.75,25999.25,26009,4039,26032.62,26039.95,0.00
2025-12-08,11:11:00,26008.5,26008.5,25995,26002,3502,26032.05,26039.67,0.00
2025-12-08,11:12:00,26002,26007,25989.25,25996.75,3971,26031.34,26039.32,0.00
2025-12-08,11:13:00,25996.75,26007.5,25991.75,26000.25,2586,26030.93,26039.10,0.00
2025-12-08,11:14:00,26000.75,26003.75,25991.5,25992.5,1602,26030.64,26038.96,0.00
2025-12-08,11:15:00,25992.25,25997.5,25983.75,25994.75,3974,26029.88,26038.57,0.00
2025-12-08,11:16:00,25994.75,25996.75,25973.25,25982,5395,26028.68,26037.97,0.00
2025-12-08,11:17:00,25982,25993.75,25982,25993,3821,26027.97,26037.60,0.00
2025-12-08,11:18:00,25993.25,26002,25991.5,25999.75,3422,26027.48,26037.32,0.00
2025-12-08,11:19:00,25999.75,26000.75,25986.5,25989.25,2901,26027.01,26037.06,0.00
2025-12-08,11:20:00,25988.75,25994.5,25982.25,25985,2566,26026.55,26036.81,0.00
2025-12-08,11:21:00,25985.75,25989.5,25969,25982.75,4785,26025.56,26036.27,0.00
2025-12-08,11:22:00,25982.5,25987.5,25971.75,25975.5,3130,26024.91,26035.92,0.00
2025-12-08,11:23:00,25975.25,25985.25,25965.25,25972,3871,26024.06,26035.45,0.00
2025-12-08,11:24:00,25971.75,25977.25,25957,25957.75,5892,26022.56,26034.64,0.00
2025-12-08,11:25:00,25957.5,25966.25,25951.25,25957,6350,26020.88,25958.17,0.00
2025-12-08,11:26:00,25957.5,25958.75,25932,25934.25,8538,26018.19,25941.67,0.00
2025-12-08,11:27:00,25934.5,25936.25,25910,25921.75,9795,26014.61,25922.67,0.00
2025-12-08,11:28:00,25922.5,25949.75,25920.25,25946,6947,26012.65,25929.31,0.00
2025-12-08,11:29:00,25946,25958.25,25941.5,25944.25,4767,26011.52,25933.45,0.00
2025-12-08,11:30:00,25944.5,25956.5,25941.75,25954.25,2959,26010.87,25935.55,0.00
2025-12-08,11:31:00,25953.5,25953.5,25936.75,25941.25,4619,26009.77,25936.87,0.00
2025-12-08,11:32:00,25941.25,25959.5,25937.75,25957.5,3879,26008.98,25938.60,0.00
2025-12-08,11:33:00,25957.75,25967.25,25954.5,25960,4693,26008.19,25941.34,0.00
2025-12-08,11:34:00,25960,25975.25,25957.75,25974.25,3379,26007.74,25943.62,0.00
2025-12-08,11:35:00,25974.25,25977.5,25966.25,25969.75,3051,26007.36,25945.53,0.00
2025-12-08,11:36:00,25969.5,25976.25,25964.25,25970,2646,26007.03,25946.92,0.00
2025-12-08,11:37:00,25970.75,25971.75,25961.75,25964.5,1882,26006.77,25947.66,0.00
2025-12-08,11:38:00,25964.5,25975,25956,25969.75,3504,26006.31,25948.96,0.00
2025-12-08,11:39:00,25969.25,25973.75,25961.5,25962.5,1470,26006.12,25949.42,0.00
2025-12-08,11:40:00,25962,25966,25955.5,25957.75,2189,26005.79,25949.83,0.00
2025-12-08,11:41:00,25957.75,25962.25,25951.25,25953.75,4222,26005.11,25950.24,0.00
2025-12-08,11:42:00,25954,25956.75,25949,25950,2383,26004.71,25950.31,0.00
2025-12-08,11:43:00,25950.5,25954,25946,25949.25,2573,26004.26,25950.29,0.00
2025-12-08,11:44:00,25949.25,25952.25,25943.25,25949.75,2137,26003.89,25950.23,0.00
2025-12-08,11:45:00,25949.5,25949.75,25938.25,25940.75,2464,26003.42,25949.97,0.00
2025-12-08,11:46:00,25940.75,25956,25939.5,25948,3175,26002.88,25949.87,0.00
2025-12-08,11:47:00,25948,25953.5,25943.75,25948.75,1656,26002.60,25949.85,0.00
2025-12-08,11:48:00,25948.75,25953.75,25941.5,25946.25,1579,26002.33,25949.79,0.00
2025-12-08,11:49:00,25946,25951.25,25936.75,25949.25,2573,26001.89,25949.66,0.00
2025-12-08,11:50:00,25948.75,25952.5,25942.25,25947.75,1518,26001.64,25949.62,0.00
2025-12-08,11:51:00,25947.5,25949,25928.25,25930.75,4630,26000.74,25948.87,0.00
2025-12-08,11:52:00,25931,25939,25930,25932.25,2711,26000.20,25948.40,0.00
2025-12-08,11:53:00,25932.25,25934.75,25918.75,25927.75,4551,25999.24,25947.35,0.00
2025-12-08,11:54:00,25928,25941,25927.25,25936.75,3108,25998.66,25946.95,0.00
2025-12-08,11:55:00,25937.25,25938.5,25925.5,25928.5,2336,25998.21,25946.56,0.00
2025-12-08,11:56:00,25928.5,25928.75,25913.5,25919.25,4334,25997.25,25945.45,0.00
2025-12-08,11:57:00,25919.25,25921.25,25903.25,25912.25,6020,25995.83,25912.25,0.00
2025-12-08,11:58:00,25911.75,25937.75,25911.5,25934,5789,25994.75,25919.85,0.00
2025-12-08,11:59:00,25934,25936.25,25924.5,25926.5,2332,25994.33,25921.37,0.00
2025-12-08,12:00:00,25927,25927.5,25913,25916.25,2762,25993.77,25920.97,0.00
2025-12-08,12:01:00,25916.25,25916.25,25898.25,25913,6629,25992.28,25909.17,0.00
2025-12-08,12:02:00,25912.75,25915.5,25886.25,25887,7030,25990.53,25896.25,0.00
2025-12-08,12:03:00,25887,25901,25881.75,25883.75,4926,25989.24,25888.83,0.00
2025-12-08,12:04:00,25884.25,25896.5,25881.75,25887.5,4207,25988.16,25888.72,0.00
2025-12-08,12:05:00,25887,25901.5,25886.25,25897,2874,25987.48,25890.20,0.00
2025-12-08,12:06:00,25896.5,25909.5,25891,25906.75,4082,25986.62,25893.30,0.00
2025-12-08,12:07:00,25906.75,25910,25881,25890.75,4642,25985.55,25893.92,0.00
2025-12-08,12:08:00,25891.25,25905.5,25886.25,25898.25,2948,25984.91,25894.98,0.00
2025-12-08,12:09:00,25898.25,25909.75,25893.25,25903.5,2440,25984.42,25896.73,0.00
2025-12-08,12:10:00,25903.75,25909,25892.25,25906.5,2822,25983.86,25898.02,0.00
2025-12-08,12:11:00,25907.25,25919.5,25892.25,25896.75,6032,25982.69,25899.56,0.00
2025-12-08,12:12:00,25896.5,25905.25,25895.75,25905,1715,25982.36,25899.76,0.00
2025-12-08,12:13:00,25905,25905.75,25893.25,25896,1886,25981.99,25899.64,0.00
2025-12-08,12:14:00,25895.5,25908,25893.75,25898.75,1996,25981.60,25899.68,0.00
2025-12-08,12:15:00,25899.25,25902.75,25884.75,25891.25,3171,25980.95,25898.91,0.00
2025-12-08,12:16:00,25891,25896,25884,25888,2555,25980.40,25898.10,0.00
2025-12-08,12:17:00,25887.5,25898,25887.5,25889.25,1878,25980.02,25897.72,0.00
2025-12-08,12:18:00,25888.5,25898.5,25888,25894,1530,25979.71,25897.52,0.00
2025-12-08,12:19:00,25894,25895.75,25886.75,25890.5,1314,25979.44,25897.28,0.00
2025-12-08,12:20:00,25891,25899.25,25875.5,25895.25,4192,25978.59,25890.00,0.00
2025-12-08,12:21:00,25895,25912,25894.25,25904.5,5060,25977.73,25897.43,0.00
2025-12-08,12:22:00,25904.25,25912,25901.5,25907.75,2511,25977.34,25899.49,0.00
2025-12-08,12:23:00,25907.5,25917,25905.75,25910.5,3221,25976.86,25901.98,0.00
2025-12-08,12:24:00,25910,25920.25,25906.75,25919.25,2183,25976.57,25903.69,0.00
2025-12-08,12:25:00,25919.25,25924.25,25913,25914.25,3486,25976.11,25905.96,0.00
2025-12-08,12:26:00,25914.25,25915,25900.75,25907,3880,25975.53,25906.22,0.00
2025-12-08,12:27:00,25907.25,25911,25902,25904.75,2234,25975.20,25906.20,0.00
2025-12-08,12:28:00,25904.5,25905.25,25892,25895.5,3715,25974.58,25905.15,0.00
2025-12-08,12:29:00,25895.5,25916.5,25893.75,25915.75,3545,25974.08,25905.51,0.00
2025-12-08,12:30:00,25915.75,25918,25910.5,25914.75,2357,25973.78,25906.09,0.00
2025-12-08,12:31:00,25915.25,25923.75,25913.25,25917.5,3282,25973.40,25907.09,0.00
2025-12-08,12:32:00,25917.75,25921.5,25901,25903,3747,25972.89,25907.21,0.00
2025-12-08,12:33:00,25902.75,25906.75,25897.25,25900,2186,25972.56,25906.93,0.00
2025-12-08,12:34:00,25900.25,25905,25896.5,25901.25,1909,25972.28,25906.69,0.00
2025-12-08,12:35:00,25901.25,25903,25888.75,25895.75,2967,25971.81,25906.05,0.00
2025-12-08,12:36:00,25895.5,25896.5,25890.25,25890.75,1612,25971.55,25905.63,0.00
2025-12-08,12:37:00,25891,25909,25889.75,25904.25,2921,25971.13,25905.38,0.00
2025-12-08,12:38:00,25904.25,25905.5,25896,25901.5,1537,25970.91,25905.26,0.00
2025-12-08,12:39:00,25901.5,25906.75,25896.75,25903,1477,25970.70,25905.19,0.00
2025-12-08,12:40:00,25903,25905.5,25894.25,25897.75,1352,25970.51,25905.05,0.00
2025-12-08,12:41:00,25897.75,25906.25,25894.75,25904.5,1630,25970.28,25904.96,0.00
2025-12-08,12:42:00,25904.75,25910.25,25895.5,25900,2484,25969.94,25904.84,0.00
2025-12-08,12:43:00,25900.5,25904.75,25897.25,25902,1187,25969.78,25904.78,0.00
2025-12-08,12:44:00,25901.75,25902,25895,25898.75,930,25969.65,25904.69,0.00
2025-12-08,12:45:00,25898.75,25907,25897.5,25905.25,1242,25969.48,25904.66,0.00
2025-12-08,12:46:00,25905.25,25909,25899.5,25907.25,1615,25969.28,25904.68,0.00
2025-12-08,12:47:00,25907.5,25908.75,25899.25,25902.25,1456,25969.09,25904.65,0.00
2025-12-08,12:48:00,25902,25906.25,25899.25,25902.75,811,25968.98,25904.63,0.00
2025-12-08,12:49:00,25903.25,25909.25,25901.5,25904.5,785,25968.88,25904.64,0.00
2025-12-08,12:50:00,25904.75,25907,25892.75,25892.75,1943,25968.61,25904.45,0.00
2025-12-08,12:51:00,25892.5,25908.75,25891.75,25905,2442,25968.29,25904.36,0.00
2025-12-08,12:52:00,25905,25907,25896.25,25901.25,1240,25968.13,25904.32,0.00
2025-12-08,12:53:00,25901.75,25902.25,25887.75,25892,3052,25967.69,25903.92,0.00
2025-12-08,12:54:00,25892,25900.5,25884.5,25900.5,2775,25967.30,25903.63,0.00
2025-12-08,12:55:00,25900.5,25904,25895.5,25898.25,1648,25967.08,25903.55,0.00
2025-12-08,12:56:00,25898,25898.75,25891,25892,1272,25966.90,25903.40,0.00
2025-12-08,12:57:00,25892.25,25900,25889.5,25892.25,2147,25966.60,25903.17,0.00
2025-12-08,12:58:00,25892.25,25901.25,25892,25896.75,913,25966.48,25903.11,0.00
2025-12-08,12:59:00,25896.75,25901.75,25894.25,25896.75,1078,25966.34,25903.04,0.00
2025-12-08,13:00:00,25896.5,25897.75,25892,25893,1007,25966.20,25902.94,0.00
2025-12-08,13:01:00,25893.25,25893.25,25869.25,25873.5,6129,25965.19,25878.67,0.00
2025-12-08,13:02:00,25873.25,25882,25872.75,25877.25,2648,25964.76,25878.26,0.00
2025-12-08,13:03:00,25877.75,25878.25,25859,25861.25,5463,25963.76,25866.17,0.00
2025-12-08,13:04:00,25861,25874.25,25855.5,25873.75,5319,25962.83,25867.83,0.00
2025-12-08,13:05:00,25874.25,25877.5,25865.75,25866.5,2599,25962.39,25868.52,0.00
2025-12-08,13:06:00,25866.5,25885.75,25864.75,25880.5,3567,25961.84,25871.15,0.00
2025-12-08,13:07:00,25879.75,25891.25,25878.75,25886.75,2678,25961.47,25873.88,0.00
2025-12-08,13:08:00,25886.75,25894.75,25884.25,25892.25,2646,25961.13,25876.48,0.00
2025-12-08,13:09:00,25892,25900.5,25889.75,25899,2624,25960.83,25879.18,0.00
2025-12-08,13:10:00,25899,25899,25890,25894.75,1571,25960.64,25880.33,0.00
2025-12-08,13:11:00,25894.5,25897,25884.5,25885,2382,25960.34,25881.19,0.00
2025-12-08,13:12:00,25884.75,25887,25877.5,25884,2447,25960.00,25881.35,0.00
2025-12-08,13:13:00,25883.25,25886.25,25878,25879.5,1410,25959.81,25881.34,0.00
2025-12-08,13:14:00,25879.5,25888,25875.5,25875.5,1758,25959.56,25881.24,0.00
2025-12-08,13:15:00,25875.25,25879.75,25867.25,25877.25,3030,25959.11,25880.63,0.00
2025-12-08,13:16:00,25877,25886,25872.75,25881.25,2560,25958.76,25880.58,0.00
2025-12-08,13:17:00,25881.25,25884.75,25875,25880.75,1147,25958.60,25880.57,0.00
2025-12-08,13:18:00,25880.5,25889.75,25880.5,25885.25,1361,25958.43,25880.74,0.00
2025-12-08,13:19:00,25885,25887.75,25881.75,25885.75,921,25958.31,25880.84,0.00
2025-12-08,13:20:00,25885.75,25891.5,25878,25879,2179,25958.03,25880.95,0.00
2025-12-08,13:21:00,25879.25,25881.5,25870,25877,2672,25957.65,25880.65,0.00
2025-12-08,13:22:00,25877.25,25882.25,25874.75,25878.25,1419,25957.46,25880.58,0.00
2025-12-08,13:23:00,25878,25878,25872,25872.75,1239,25957.28,25880.41,0.00
2025-12-08,13:24:00,25873.25,25877,25866.25,25870,1983,25956.99,25880.02,0.00
2025-12-08,13:25:00,25870,25872,25865.25,25870.5,1917,25956.71,25879.60,0.00
2025-12-08,13:26:00,25871.5,25872.75,25861.75,25865.5,2691,25956.30,25878.93,0.00
2025-12-08,13:27:00,25865.5,25868.5,25847,25857.25,5470,25955.40,25857.58,0.00
2025-12-08,13:28:00,25857.5,25866.25,25856.5,25862.5,2288,25955.04,25858.81,0.00
2025-12-08,13:29:00,25862.75,25871.5,25862.25,25864.25,1948,25954.75,25860.25,0.00
2025-12-08,13:30:00,25864,25872.25,25863.75,25870.75,1344,25954.56,25861.31,0.00
2025-12-08,13:31:00,25870.75,25880,25867,25879.5,2755,25954.20,25864.14,0.00
2025-12-08,13:32:00,25879,25884,25876.25,25882.5,2002,25953.96,25866.27,0.00
2025-12-08,13:33:00,25882.75,25885.5,25871.75,25872,2360,25953.66,25867.58,0.00
2025-12-08,13:34:00,25872.5,25880.5,25872,25878.5,1310,25953.50,25868.22,0.00
2025-12-08,13:35:00,25879,25879.25,25870.25,25874.5,1191,25953.34,25868.59,0.00
2025-12-08,13:36:00,25874.5,25876.5,25870.75,25872.25,1099,25953.20,25868.82,0.00
2025-12-08,13:37:00,25872.75,25880,25870.25,25876.75,1053,25953.07,25869.14,0.00
2025-12-08,13:38:00,25877.25,25879.25,25871.5,25876.5,749,25952.97,25869.35,0.00
2025-12-08,13:39:00,25876.25,25878.75,25871.25,25875,879,25952.86,25869.55,0.00
2025-12-08,13:40:00,25875.25,25881.5,25874.75,25874.75,1047,25952.73,25869.86,0.00
2025-12-08,13:41:00,25874.75,25886.75,25873,25881.25,1905,25952.51,25870.58,0.00
2025-12-08,13:42:00,25881,25891,25881,25890.25,2112,25952.29,25871.79,0.00
2025-12-08,13:43:00,25890.25,25893.75,25888.25,25892,1927,25952.10,25872.99,0.00
2025-12-08,13:44:00,25891.25,25892.75,25875.5,25877.25,2569,25951.81,25873.65,0.00
2025-12-08,13:45:00,25876.75,25880.5,25875.75,25876,1312,25951.66,25873.79,0.00
2025-12-08,13:46:00,25876.25,25876.75,25867.25,25868.75,2855,25951.29,25873.58,0.00
2025-12-08,13:47:00,25868.5,25874.25,25865,25873.5,1527,25951.10,25873.48,0.00
2025-12-08,13:48:00,25873.5,25886.25,25873.25,25885.5,2245,25950.85,25873.92,0.00
2025-12-08,13:49:00,25885.25,25887.5,25880.75,25887.5,1607,25950.69,25874.33,0.00
2025-12-08,13:50:00,25887.75,25895.75,25887.5,25893.25,2531,25950.45,25875.31,0.00
2025-12-08,13:51:00,25893.5,25901.75,25890.75,25892.75,3812,25950.13,25876.82,0.00
2025-12-08,13:52:00,25892.5,25895,25887.75,25893.75,1974,25949.95,25877.41,0.00
2025-12-08,13:53:00,25893.75,25898.5,25890,25897.75,1446,25949.83,25877.90,0.00
2025-12-08,13:54:00,25897.5,25904.5,25896.75,25900.5,2431,25949.64,25878.88,0.00
2025-12-08,13:55:00,25901.25,25903,25899,25901,1230,25949.55,25879.36,0.00
2025-12-08,13:56:00,25900.75,25903.5,25892,25894,2180,25949.37,25879.99,0.00
2025-12-08,13:57:00,25893.75,25920.5,25891,25919.5,6838,25948.97,25883.14,0.00
2025-12-08,13:58:00,25919.75,25939,25919.75,25934.5,8255,25948.74,25888.47,0.00
2025-12-08,13:59:00,25934.75,25943.25,25926.25,25932.5,6927,25948.59,25892.35,0.00
2025-12-08,14:00:00,25933.25,25935.25,25918.75,25934,4163,25948.47,25894.16,0.00
2025-12-08,14:01:00,25933.5,25949.75,25928.5,25935.5,6214,25948.38,25897.13,0.00
2025-12-08,14:02:00,25935.75,25936.75,25919,25924,3886,25948.26,25898.33,0.00
2025-12-08,14:03:00,25924.75,25933,25919.75,25925.25,2437,25948.18,25899.02,0.00
2025-12-08,14:04:00,25925,25929.75,25913.25,25914.25,2531,25948.07,25899.52,0.00
2025-12-08,14:05:00,25913.75,25920.75,25909.75,25920.5,2903,25947.94,25900.01,0.00
2025-12-08,14:06:00,25920,25928.25,25917,25927.25,2264,25947.86,25900.53,0.00
2025-12-08,14:07:00,25927.25,25931,25921.25,25926.75,1967,25947.80,25901.00,0.00
2025-12-08,14:08:00,25926.5,25932.25,25923.25,25926.5,1468,25947.76,25901.36,0.00
2025-12-08,14:09:00,25926.75,25934.25,25923,25930,2066,25947.71,25901.87,0.00
2025-12-08,14:10:00,25930,25941.75,25930,25940,2850,25947.66,25902.76,0.00
2025-12-08,14:11:00,25940.25,25944.5,25929,25932,3010,25947.61,25903.59,0.00
2025-12-08,14:12:00,25932.25,25941.75,25930,25938.25,2402,25947.57,25904.26,0.00
2025-12-08,14:13:00,25938,25941.75,25931.75,25941.5,1521,25947.55,25904.69,0.00
2025-12-08,14:14:00,25941.5,25942.75,25935,25939,1365,25947.54,25905.07,0.00
2025-12-08,14:15:00,25937.75,25938.25,25927.25,25930.25,1827,25947.50,25905.46,0.00
2025-12-08,14:16:00,25930.5,25939.25,25929,25938.25,1757,25947.47,25905.88,0.00
2025-12-08,14:17:00,25938.5,25941.5,25932,25940,1425,25947.45,25906.24,0.00
2025-12-08,14:18:00,25939.75,25941.25,25930.5,25931,1389,25947.42,25906.54,0.00
2025-12-08,14:19:00,25931,25932.5,25919.75,25921.25,3001,25947.33,25906.95,0.00
2025-12-08,14:20:00,25921.75,25927.5,25919.25,25927,1652,25947.28,25907.17,0.00
2025-12-08,14:21:00,25927,25933.75,25922.75,25929,1896,25947.23,25907.47,0.00
2025-12-08,14:22:00,25929,25936.25,25923.25,25936,1422,25947.20,25907.72,0.00
2025-12-08,14:23:00,25935.75,25938,25925,25932.75,1597,25947.16,25908.00,0.00
2025-12-08,14:24:00,25932.75,25937.25,25926.75,25928,1704,25947.13,25908.28,0.00
2025-12-08,14:25:00,25927.5,25934.25,25925,25929,1388,25947.09,25908.49,0.00
2025-12-08,14:26:00,25929,25931,25914.5,25916.5,2670,25947.00,25908.71,0.00
2025-12-08,14:27:00,25917,25918.25,25908.25,25916.5,3168,25946.86,25908.83,0.00
2025-12-08,14:28:00,25916.25,25916.75,25903.5,25905,3086,25946.70,25908.83,0.00
2025-12-08,14:29:00,25905.25,25907.25,25890.5,25893,4090,25946.42,25908.51,0.00
2025-12-08,14:30:00,25892.75,25900.5,25881.5,25883,4270,25946.09,25907.97,0.00
2025-12-08,14:31:00,25882.75,25882.75,25869.75,25876.25,5280,25945.61,25906.95,0.00
2025-12-08,14:32:00,25877,25886,25871.5,25880.75,3620,25945.29,25906.35,0.00
2025-12-08,14:33:00,25880.75,25887.25,25874.75,25875.75,2818,25945.05,25905.90,0.00
2025-12-08,14:34:00,25876,25879.25,25870.75,25872,2106,25944.85,25905.51,0.00
2025-12-08,14:35:00,25872.75,25876,25857.75,25865.5,4529,25944.39,25904.51,0.00
2025-12-08,14:36:00,25865.75,25872,25855.5,25870.5,3133,25944.07,25903.84,0.00
2025-12-08,14:37:00,25870.5,25881,25870.5,25879.75,3087,25943.80,25903.39,0.00
2025-12-08,14:38:00,25879.5,25887.5,25878,25884.5,2774,25943.59,25903.09,0.00
2025-12-08,14:39:00,25884.5,25894.25,25880,25893.25,2558,25943.41,25902.90,0.00
2025-12-08,14:40:00,25893.75,25894.75,25883.75,25888,1629,25943.30,25902.78,0.00
2025-12-08,14:41:00,25888.75,25889.5,25871,25875.75,2678,25943.08,25902.45,0.00
2025-12-08,14:42:00,25875.75,25877.75,25870,25874.5,1519,25942.94,25902.23,0.00
2025-12-08,14:43:00,25875,25879.25,25869.25,25872,1476,25942.81,25902.01,0.00
2025-12-08,14:44:00,25871.75,25874.25,25867.25,25868.25,1324,25942.69,25901.79,0.00
2025-12-08,14:45:00,25867.75,25881.5,25865,25879.75,2179,25942.51,25901.50,0.00
2025-12-08,14:46:00,25880.25,25887.75,25872.5,25878.25,2348,25942.32,25901.25,0.00
2025-12-08,14:47:00,25878.5,25887,25872.75,25882.5,1453,25942.21,25901.10,0.00
2025-12-08,14:48:00,25882.25,25887.5,25879,25879.75,1086,25942.13,25901.00,0.00
2025-12-08,14:49:00,25880.25,25880.5,25873.25,25878,1294,25942.02,25900.85,0.00
2025-12-08,14:50:00,25877.75,25878,25870.25,25871,879,25941.94,25900.73,0.00
2025-12-08,14:51:00,25871,25878,25868.5,25877.5,1271,25941.84,25900.57,0.00
2025-12-08,14:52:00,25877,25877.25,25870.25,25873.5,929,25941.76,25900.45,0.00
2025-12-08,14:53:00,25873.75,25878,25871.75,25878,713,25941.70,25900.37,0.00
2025-12-08,14:54:00,25878,25878.5,25863.25,25867.25,1909,25941.53,25900.09,0.00
2025-12-08,14:55:00,25867.25,25876.25,25867,25872.25,1052,25941.44,25899.95,0.00
2025-12-08,14:56:00,25872.25,25873,25858.25,25865.25,2269,25941.22,25899.59,0.00
2025-12-08,14:57:00,25865.75,25867.75,25837,25846.25,7169,25940.42,25850.33,0.00
2025-12-08,14:58:00,25846,25852,25840.25,25843.75,3167,25940.06,25848.80,0.00
2025-12-08,14:59:00,25843.75,25844,25817,25827.75,7658,25939.03,25829.58,0.00
2025-12-08,15:00:00,25827.75,25846.25,25826.25,25845.5,3675,25938.59,25832.75,0.00
2025-12-08,15:01:00,25845.75,25846.5,25831.5,25840,3863,25938.13,25834.42,0.00
2025-12-08,15:02:00,25840.25,25850.5,25839.75,25844,3265,25937.76,25836.25,0.00
2025-12-08,15:03:00,25843.5,25845,25831.75,25832.5,2600,25937.45,25836.27,0.00
2025-12-08,15:04:00,25832.5,25834.5,25820.5,25831.25,3835,25936.95,25835.11,0.00
2025-12-08,15:05:00,25831.25,25840.75,25828.5,25838.75,2355,25936.67,25835.19,0.00
2025-12-08,15:06:00,25839,25841.75,25831.5,25838.5,2046,25936.43,25835.33,0.00
2025-12-08,15:07:00,25838.5,25839.75,25832,25839.75,1370,25936.27,25835.41,0.00
2025-12-08,15:08:00,25839.75,25848,25837,25841,2229,25936.02,25835.86,0.00
2025-12-08,15:09:00,25841,25846.25,25836.75,25838.5,1335,25935.87,25836.04,0.00
2025-12-08,15:10:00,25838,25843.75,25834.5,25839.75,955,25935.77,25836.13,0.00
2025-12-08,15:11:00,25840.25,25845,25834.75,25836.75,1669,25935.58,25836.25,0.00
2025-12-08,15:12:00,25836.25,25836.75,25827,25828,1881,25935.35,25835.98,0.00
2025-12-08,15:13:00,25828.25,25835,25827.5,25828.5,1490,25935.16,25835.77,0.00
2025-12-08,15:14:00,25828.25,25838.25,25828.25,25833,1264,25935.01,25835.69,0.00
2025-12-08,15:15:00,25833.25,25835.5,25830.25,25833.5,750,25934.92,25835.64,0.00
2025-12-08,15:16:00,25833.75,25843,25832.75,25838.75,1922,25934.71,25835.75,0.00
2025-12-08,15:17:00,25839,25841.5,25834.75,25837,882,25934.61,25835.79,0.00
2025-12-08,15:18:00,25837.5,25849.75,25836.5,25846.5,2235,25934.37,25836.19,0.00
2025-12-08,15:19:00,25846.25,25851.25,25841,25847.75,1845,25934.19,25836.58,0.00
2025-12-08,15:20:00,25847.75,25854.25,25846,25853.5,2033,25933.99,25837.17,0.00
2025-12-08,15:21:00,25853.25,25860.25,25848.5,25852,3304,25933.69,25838.16,0.00
2025-12-08,15:22:00,25851.75,25857.5,25847.75,25856.75,1699,25933.53,25838.64,0.00
2025-12-08,15:23:00,25856.75,25863,25852.5,25859,2418,25933.33,25839.45,0.00
2025-12-08,15:24:00,25859.5,25860.5,25850.25,25850.25,1518,25933.19,25839.81,0.00
2025-12-08,15:25:00,25850.25,25851.75,25843.25,25846.25,2585,25932.94,25840.11,0.00
2025-12-08,15:26:00,25846.25,25853.25,25845.5,25849.75,1150,25932.83,25840.28,0.00
2025-12-08,15:27:00,25850.25,25850.25,25843.25,25848.75,1332,25932.70,25840.42,0.00
2025-12-08,15:28:00,25849.75,25856.25,25849.25,25855,1297,25932.58,25840.68,0.00
2025-12-08,15:29:00,25855.25,25858.5,25848,25849.25,1400,25932.45,25840.91,0.00
2025-12-08,15:30:00,25848.75,25853.75,25846.5,25851.75,859,25932.37,25841.03,0.00
2025-12-08,15:31:00,25851.25,25856.75,25848.5,25849.75,1233,25932.26,25841.22,0.00
2025-12-08,15:32:00,25850,25854.75,25847.5,25851.5,907,25932.18,25841.35,0.00
2025-12-08,15:33:00,25851.25,25851.75,25847.25,25849.75,847,25932.10,25841.44,0.00
2025-12-08,15:34:00,25850.25,25862.25,25849.5,25857.75,2077,25931.92,25841.87,0.00
2025-12-08,15:35:00,25858,25865.25,25857.25,25862.25,1571,25931.80,25842.28,0.00
2025-12-08,15:36:00,25862.25,25870.75,25859.75,25869,2070,25931.65,25842.93,0.00
2025-12-08,15:37:00,25868.5,25869.5,25858.75,25865.5,1919,25931.51,25843.45,0.00
2025-12-08,15:38:00,25865.75,25872.75,25865.75,25872.5,1475,25931.41,25843.94,0.00
2025-12-08,15:39:00,25872.5,25873.25,25860.5,25866.75,1762,25931.28,25844.43,0.00
2025-12-08,15:40:00,25867,25869.25,25859.75,25860.75,1492,25931.17,25844.76,0.00
2025-12-08,15:41:00,25860.5,25863.75,25851.75,25852.75,2141,25930.99,25845.05,0.00
2025-12-08,15:42:00,25852.25,25858.25,25850.25,25855.25,1762,25930.84,25845.24,0.00
2025-12-08,15:43:00,25855.75,25864,25854.5,25859.25,1317,25930.74,25845.44,0.00
2025-12-08,15:44:00,25859.5,25863,25856.25,25856.5,764,25930.67,25845.55,0.00
2025-12-08,15:45:00,25856.25,25866.5,25856.25,25859,1529,25930.56,25845.81,0.00
2025-12-08,15:46:00,25859.25,25860.25,25845.5,25850.5,2439,25930.35,25845.97,0.00
2025-12-08,15:47:00,25850.75,25853.5,25846.5,25849.75,1769,25930.19,25846.04,0.00
2025-12-08,15:48:00,25848.75,25853.25,25848.5,25851,853,25930.12,25846.08,0.00
2025-12-08,15:49:00,25851.5,25857.5,25850,25853.75,884,25930.04,25846.15,0.00
2025-12-08,15:50:00,25853.75,25861.5,25852,25861,1098,25929.96,25846.29,0.00
2025-12-08,15:51:00,25861.5,25868.25,25858.5,25865.25,1857,25929.82,25846.61,0.00
2025-12-08,15:52:00,25865.5,25871.5,25862.75,25867.5,1988,25929.69,25847.01,0.00
2025-12-08,15:53:00,25867.5,25873.75,25863.75,25871,1434,25929.59,25847.33,0.00
2025-12-08,15:54:00,25871.25,25871.5,25866.5,25871.25,822,25929.54,25847.50,0.00
2025-12-08,15:55:00,25871.25,25875.75,25866,25866,1544,25929.44,25847.82,0.00
2025-12-08,15:56:00,25866.25,25867,25855,25855.5,1975,25929.29,25848.02,0.00
2025-12-08,15:57:00,25855,25858.75,25849.5,25850.25,1935,25929.13,25848.11,0.00
2025-12-08,15:58:00,25850.5,25851.75,25842.75,25844,2346,25928.92,25848.07,0.00
2025-12-08,15:59:00,25844.25,25848.75,25839.25,25840.75,2172,25928.72,25847.97,0.00
2025-12-08,16:00:00,25841,25848.25,25839.25,25844.75,1714,25928.57,25847.91,0.00
2025-12-08,16:01:00,25845.75,25855.25,25845.25,25850.5,2640,25928.35,25847.97,0.00
2025-12-08,16:02:00,25850,25853,25845.75,25846,1001,25928.26,25847.97,0.00
2025-12-08,16:03:00,25846,25849.25,25841.5,25842.75,1196,25928.15,25847.94,0.00
2025-12-08,16:04:00,25843,25849,25840.75,25846.75,1258,25928.04,25847.91,0.00
2025-12-08,16:05:00,25847.5,25847.75,25840,25841,827,25927.97,25847.88,0.00
2025-12-08,16:06:00,25841.25,25842.5,25835.75,25839.5,1952,25927.78,25847.74,0.00
2025-12-08,16:07:00,25839,25843,25835.75,25841.75,1273,25927.67,25847.67,0.00
2025-12-08,16:08:00,25841.75,25846.25,25838.25,25839.5,1350,25927.54,25847.60,0.00
2025-12-08,16:09:00,25839.5,25849,25837.75,25846.75,1531,25927.41,25847.56,0.00
2025-12-08,16:10:00,25846.5,25850.5,25843,25849.25,1273,25927.30,25847.56,0.00
2025-12-08,16:11:00,25849.25,25854.5,25844.25,25852.25,1490,25927.18,25847.59,0.00
2025-12-08,16:12:00,25852,25856.75,25850,25851.75,1207,25927.09,25847.64,0.00
2025-12-08,16:13:00,25852.25,25852.75,25846.75,25850.25,1119,25926.99,25847.66,0.00
2025-12-08,16:14:00,25850,25852.5,25847,25851.75,714,25926.94,25847.67,0.00
2025-12-08,16:15:00,25851.75,25856.5,25849.5,25856.5,818,25926.87,25847.71,0.00
2025-12-08,16:16:00,25856.5,25863.25,25849.5,25862,2189,25926.72,25847.88,0.00
2025-12-08,16:17:00,25862.25,25862.5,25853.75,25855.75,1107,25926.64,25847.96,0.00
2025-12-08,16:18:00,25856,25857.25,25849.75,25849.75,1211,25926.54,25847.99,0.00
2025-12-08,16:19:00,25850,25859,25847.75,25855.75,1408,25926.44,25848.05,0.00
2025-12-08,16:20:00,25855.5,25858.75,25852.25,25856.5,784,25926.38,25848.10,0.00
2025-12-08,16:21:00,25857,25857.25,25852.5,25855.75,807,25926.32,25848.14,0.00
2025-12-08,16:22:00,25856.5,25863,25854.25,25861,907,25926.26,25848.21,0.00
2025-12-08,16:23:00,25860.5,25867.25,25860,25863.25,1599,25926.15,25848.37,0.00
2025-12-08,16:24:00,25863.25,25863.75,25854.75,25857.25,1298,25926.06,25848.46,0.00
2025-12-08,16:25:00,25857.75,25859.5,25856,25857.75,520,25926.02,25848.50,0.00
2025-12-08,16:26:00,25857.5,25862.25,25857,25862.25,839,25925.97,25848.57,0.00
2025-12-08,16:27:00,25862.25,25863.25,25848.5,25860.75,2354,25925.80,25848.70,0.00
2025-12-08,16:28:00,25860.75,25864.5,25859.25,25864,798,25925.75,25848.78,0.00
2025-12-08,16:29:00,25864,25866.5,25862.75,25865.25,788,25925.70,25848.86,0.00
2025-12-08,16:30:00,25865.25,25870.5,25864.25,25868.5,1435,25925.61,25849.04,0.00
2025-12-08,16:31:00,25868.5,25870,25857.25,25860,3002,25925.42,25849.29,0.00
2025-12-08,16:32:00,25860,25868.25,25858.25,25866.5,1738,25925.31,25849.46,0.00
2025-12-08,16:33:00,25866.25,25867.25,25857.5,25858.25,1326,25925.22,25849.55,0.00
2025-12-08,16:34:00,25858.5,25861.5,25856.5,25859.5,993,25925.16,25849.61,0.00
2025-12-08,16:35:00,25859.5,25859.75,25850.25,25852.5,2178,25925.00,25849.67,0.00
2025-12-08,16:36:00,25852.25,25853.75,25843.25,25849.75,3068,25924.76,25849.66,0.00
2025-12-08,16:37:00,25850,25856.75,25849,25852.75,1464,25924.65,25849.69,0.00
2025-12-08,16:38:00,25853.75,25861,25851.75,25857.75,1284,25924.57,25849.74,0.00
2025-12-08,16:39:00,25857.75,25859,25851.5,25859,975,25924.50,25849.78,0.00
2025-12-08,16:40:00,25859,25860.5,25853.25,25854.5,847,25924.44,25849.81,0.00
2025-12-08,16:41:00,25854.5,25858.5,25852.25,25858.5,1131,25924.36,25849.85,0.00
2025-12-08,16:42:00,25858.5,25860.5,25856,25857.75,708,25924.32,25849.89,0.00
2025-12-08,16:43:00,25858.25,25863,25856.25,25862.25,1102,25924.24,25849.95,0.00
2025-12-08,16:44:00,25862.5,25870,25861.5,25867.25,1564,25924.15,25850.10,0.00
2025-12-08,16:45:00,25867.5,25867.75,25860,25867,1440,25924.07,25850.22,0.00
2025-12-08,16:46:00,25867,25867.75,25858.75,25863.5,1120,25924.00,25850.30,0.00
2025-12-08,16:47:00,25863.5,25867,25862.25,25865,874,25923.95,25850.37,0.00
2025-12-08,16:48:00,25864.75,25869,25861.5,25865.75,1118,25923.88,25850.47,0.00
2025-12-08,16:49:00,25865.25,25866.25,25855,25861.5,1471,25923.79,25850.55,0.00
2025-12-08,16:50:00,25861.5,25864.5,25857,25859.25,946,25923.73,25850.60,0.00
2025-12-08,16:51:00,25858.75,25872.75,25858,25869.25,3389,25923.54,25850.89,0.00
2025-12-08,16:52:00,25869,25877.25,25866.75,25874,2507,25923.41,25851.18,0.00
2025-12-08,16:53:00,25873.5,25877.5,25869.75,25876.25,1849,25923.32,25851.41,0.00
2025-12-08,16:54:00,25876.5,25882.5,25874,25877,2502,25923.21,25851.75,0.00
2025-12-08,16:55:00,25877.5,25879.5,25860.25,25866.5,4449,25922.97,25852.14,0.00
2025-12-08,16:56:00,25866,25880.25,25865.5,25872.25,2862,25922.83,25852.43,0.00
2025-12-08,16:57:00,25872,25877.25,25869.25,25872.5,1178,25922.77,25852.55,0.00
2025-12-08,16:58:00,25872.5,25887,25871.5,25885.5,2732,25922.66,25852.94,0.00
2025-12-08,16:59:00,25885.75,25888,25880.75,25887.5,2389,25922.57,25853.31,0.00
2025-12-08,17:00:00,25887.75,25925.25,25886.5,25921.5,10103,25922.46,25856.01,0.00
2025-12-08,17:01:00,25921.75,25928,25917.75,25918.25,7186,25922.45,25858.11,0.00
2025-12-08,17:02:00,25918.75,25920,25914.5,25917,2220,25922.44,25858.69,0.00
2025-12-08,17:03:00,25917.25,25918.75,25911.75,25916.75,1540,25922.43,25859.08,0.00
2025-12-08,17:04:00,25916.75,25920.5,25913.5,25920,1196,25922.42,25859.38,0.00
2025-12-08,17:05:00,25920,25922.5,25916.5,25920.25,837,25922.42,25859.61,0.00
2025-12-08,17:06:00,25920.5,25921,25916.75,25918.75,657,25922.42,25859.77,0.00
2025-12-08,17:07:00,25919,25919,25913,25916.25,729,25922.42,25859.95,0.00
2025-12-08,17:08:00,25915.75,25918,25913.5,25917,441,25922.41,25860.06,0.00
2025-12-08,17:09:00,25916.75,25918.25,25914.75,25917.5,444,25922.41,25860.17,0.00
2025-12-08,17:10:00,25917.5,25920.25,25916.25,25917.5,340,25922.41,25860.25,0.00
2025-12-08,17:11:00,25917.75,25921.25,25914.5,25915.5,522,25922.41,25860.38,0.00
2025-12-08,17:12:00,25915.25,25916,25912.25,25915,509,25922.40,25860.50,0.00
2025-12-08,17:13:00,25915.5,25918,25914.5,25915,323,25922.40,25860.58,0.00
2025-12-08,17:14:00,25914.5,25914.75,25909.25,25913.75,838,25922.39,25860.76,0.00
2025-12-08,17:15:00,25913.75,25914.75,25911,25914,486,25922.39,25860.87,0.00
2025-12-08,17:16:00,25914,25916.75,25909.75,25910.75,620,25922.38,25861.01,0.00
2025-12-08,17:17:00,25911.25,25913.25,25910.5,25912.5,176,25922.38,25861.04,0.00
2025-12-08,17:18:00,25912.5,25913.25,25911,25912,166,25922.38,25861.08,0.00
2025-12-08,17:19:00,25911.75,25915,25911.75,25912.5,257,25922.38,25861.14,0.00
2025-12-08,17:20:00,25912.5,25916.75,25912.5,25916,190,25922.38,25861.18,0.00
2025-12-08,17:21:00,25915.25,25916.5,25915.25,25916,185,25922.37,25861.22,0.00
2025-12-08,17:22:00,25915.75,25916.5,25914,25914.5,133,25922.37,25861.25,0.00
2025-12-08,17:23:00,25914.25,25916.25,25913.25,25915.5,168,25922.37,25861.29,0.00
2025-12-08,17:24:00,25916,25918.25,25916,25917.75,293,25922.37,25861.36,0.00
2025-12-08,17:25:00,25917.5,25918,25915.75,25917,123,25922.37,25861.39,0.00
2025-12-08,17:26:00,25916.75,25917.75,25916,25917.25,149,25922.37,25861.42,0.00
2025-12-08,17:27:00,25917,25920.75,25916,25920.5,257,25922.37,25861.49,0.00
2025-12-08,17:28:00,25920.25,25921.5,25917.5,25918.25,260,25922.37,25861.55,0.00
2025-12-08,17:29:00,25918.25,25918.75,25916.5,25918.5,131,25922.37,25861.58,0.00
2025-12-08,17:30:00,25918.25,25939,25917.5,25935.5,2658,25922.39,25862.34,0.00
2025-12-08,17:31:00,25935.5,25950.25,25933.75,25939.25,3706,25922.45,25863.54,0.00
2025-12-08,17:32:00,25938.75,25943.75,25927,25941.75,2256,25922.49,25864.22,0.00
2025-12-08,17:33:00,25941.5,25949,25935.75,25935.75,1005,25922.50,25864.53,0.00
2025-12-08,17:34:00,25935.75,25939,25932.75,25935.75,996,25922.51,25864.81,0.00
2025-12-08,17:35:00,25935.5,25941.75,25935.5,25938.25,552,25922.52,25864.97,0.00
2025-12-08,17:36:00,25938.75,25942.25,25934,25941,476,25922.53,25865.12,0.00
2025-12-08,17:37:00,25941.25,25942.25,25936.5,25937.5,308,25922.53,25865.21,0.00
2025-12-08,17:38:00,25937.5,25943.25,25937.25,25941.25,463,25922.54,25865.35,0.00
2025-12-08,17:39:00,25941.75,25943.5,25937,25937.5,463,25922.55,25865.48,0.00
2025-12-08,17:40:00,25938.25,25939,25935.75,25938.25,380,25922.56,25865.59,0.00
2025-12-08,17:41:00,25938.75,25939.5,25936.25,25938.75,221,25922.56,25865.66,0.00
2025-12-08,17:42:00,25939,25945.5,25938,25944.25,572,25922.57,25865.83,0.00
2025-12-08,17:43:00,25944.75,25951.25,25944.25,25950.75,900,25922.59,25866.13,0.00
2025-12-08,17:44:00,25950.5,25952,25947.5,25950.75,784,25922.61,25866.39,0.00
2025-12-08,17:45:00,25950.5,25956.5,25948.75,25954.75,1043,25922.64,25866.74,0.00
2025-12-08,17:46:00,25955,25956.75,25948.75,25949,883,25922.67,25867.03,0.00
2025-12-08,17:47:00,25949,25953.5,25947.5,25952.75,450,25922.68,25867.18,0.00
2025-12-08,17:48:00,25952,25957.75,25950.25,25956.5,427,25922.69,25867.33,0.00
2025-12-08,17:49:00,25956.75,25958.75,25955.5,25956.5,494,25922.71,25867.50,0.00
2025-12-08,17:50:00,25957,25957.5,25952.75,25955,279,25922.71,25867.60,0.00
2025-12-08,17:51:00,25955,25955.75,25950.25,25950.75,383,25922.72,25867.72,0.00
2025-12-08,17:52:00,25951.25,25952,25943.75,25944.5,627,25922.74,25867.91,0.00
2025-12-08,17:53:00,25944.75,25945.25,25942.25,25944.5,196,25922.74,25867.97,0.00
2025-12-08,17:54:00,25944.25,25949,25943.75,25946.25,201,25922.75,25868.03,0.00
2025-12-08,17:55:00,25946.75,25953,25946.5,25952.25,336,25922.76,25868.14,0.00
2025-12-08,17:56:00,25952.5,25958.25,25951.75,25957,353,25922.77,25868.26,0.00
2025-12-08,17:57:00,25957,25959.75,25955.5,25958,328,25922.78,25868.37,0.00
2025-12-08,17:58:00,25957.75,25958.75,25953.5,25955.25,269,25922.79,25868.46,0.00
2025-12-08,17:59:00,25955,25960.5,25955,25958,379,25922.80,25868.59,0.00
2025-12-08,18:00:00,25958.75,25961.5,25958.25,25959.75,413,25922.81,25868.74,0.00
2025-12-08,19:01:00,25966.25,25971.25,25952.5,25957.25,1773,25960.33,25960.33,0.00
2025-12-08,19:02:00,25957,25964.5,25955.75,25957,660,25959.99,25959.99,0.00
2025-12-08,19:03:00,25957.5,25963,25955.5,25961.75,551,25960.01,25960.01,0.00
2025-12-08,19:04:00,25962.75,25977,25961.5,25970.5,1279,25969.67,25962.91,0.00
2025-12-08,19:05:00,25971.25,25978,25970.25,25970.75,803,25973.00,25964.51,0.00
2025-12-08,19:06:00,25970.5,25975.25,25966.25,25969.25,649,25971.77,25965.16,0.00
2025-12-08,19:07:00,25969,25976.5,25968.25,25974.5,408,25972.06,25965.69,0.00
2025-12-08,19:08:00,25975,25976.25,25971.25,25972.75,421,25972.31,25966.18,0.00
2025-12-08,19:09:00,25972.5,25973.25,25967.25,25967.25,357,25971.90,25966.34,0.00
2025-12-08,19:10:00,25968,25968,25959.5,25964.75,1073,25969.64,25966.04,0.00
2025-12-08,19:11:00,25964.5,25965.25,25959.75,25960.25,397,25968.87,25965.84,0.00
2025-12-08,19:12:00,25960.5,25961,25951.25,25956,1042,25966.29,25956.08,0.00
2025-12-08,19:13:00,25956.5,25962,25956,25957.75,599,25965.48,25957.00,0.00
2025-12-08,19:14:00,25958.25,25958.5,25955.5,25955.5,207,25965.17,25956.94,0.00
2025-12-08,19:15:00,25955.5,25956.25,25953.5,25954.25,238,25964.77,25956.68,0.00
2025-12-08,19:16:00,25954.75,25959,25954.5,25957.75,329,25964.38,25956.74,0.00
2025-12-08,19:17:00,25958,25958.75,25950.5,25950.75,399,25963.74,25953.33,0.00
2025-12-08,19:18:00,25951.25,25955.5,25950.25,25955.5,331,25963.29,25953.75,0.00
2025-12-08,19:19:00,25955.5,25957.25,25953.25,25957.25,239,25963.05,25954.66,0.00
2025-12-08,19:20:00,25956.75,25957.75,25954,25954.5,136,25962.92,25954.80,0.00
2025-12-08,19:21:00,25954.25,25958.75,25951.75,25957.25,284,25962.66,25955.12,0.00
2025-12-08,19:22:00,25957.25,25958.5,25955,25955.5,170,25962.53,25955.30,0.00
2025-12-08,19:23:00,25956.25,25957,25953.75,25955.25,115,25962.43,25955.30,0.00
2025-12-08,19:24:00,25955.5,25956.5,25953.75,25956,126,25962.32,25955.31,0.00
2025-12-08,19:25:00,25956.25,25957,25951.25,25953,208,25962.12,25955.11,0.00
2025-12-08,19:26:00,25953,25953.5,25948.5,25949.5,323,25961.69,25950.50,0.00
2025-12-08,19:27:00,25949.5,25951.5,25948,25951.25,391,25961.21,25950.25,0.00
2025-12-08,19:28:00,25951.25,25953.75,25951.25,25953.25,187,25961.04,25951.06,0.00
2025-12-08,19:29:00,25953.25,25955.75,25952,25953.25,244,25960.85,25951.83,0.00
2025-12-08,19:30:00,25953.25,25955,25951,25951.5,212,25960.68,25951.97,0.00
2025-12-08,19:31:00,25951.75,25952.25,25950,25952,216,25960.48,25951.87,0.00
2025-12-08,19:32:00,25951.5,25951.75,25947.25,25949,313,25960.14,25949.33,0.00
2025-12-08,19:33:00,25949.25,25950.75,25946.25,25949.5,351,25959.77,25948.83,0.00
2025-12-08,19:34:00,25950,25950,25947.75,25948.75,126,25959.65,25948.83,0.00
2025-12-08,19:35:00,25948.5,25949.25,25945.75,25949.25,228,25959.41,25948.08,0.00
2025-12-08,19:36:00,25949.25,25950,25947.25,25949,128,25959.29,25948.32,0.00
2025-12-08,19:37:00,25948.75,25951.5,25947.25,25950,366,25958.98,25948.96,0.00
2025-12-08,19:38:00,25950.25,25956.5,25949.5,25954.5,491,25958.76,25950.80,0.00
2025-12-08,19:39:00,25954.25,25956.5,25951,25954.25,236,25958.67,25951.31,0.00
2025-12-08,19:40:00,25954,25958.5,25954,25956.25,438,25958.59,25952.45,0.00
2025-12-08,19:41:00,25957.75,25962,25955,25956,535,25958.55,25953.61,0.00
2025-12-08,19:42:00,25956.5,25959.25,25955,25955.25,337,25958.50,25953.96,0.00
2025-12-08,19:43:00,25956.25,25957.5,25954.25,25955.5,117,25958.47,25954.03,0.00
2025-12-08,19:44:00,25955.5,25959,25954.5,25957.25,116,25958.46,25954.14,0.00
2025-12-08,19:45:00,25957.75,25958,25955.5,25956,96,25958.45,25954.22,0.00
2025-12-08,19:46:00,25957,25958.75,25955,25957.5,126,25958.44,25954.33,0.00
2025-12-08,19:47:00,25957.25,25962.25,25957.25,25960,409,25958.48,25954.95,0.00
2025-12-08,19:48:00,25959.5,25963.5,25957.25,25962.25,348,25958.53,25955.48,0.00
2025-12-08,19:49:00,25963.25,25964.75,25960.5,25963,294,25958.62,25955.98,0.00
2025-12-08,19:50:00,25963,25964.5,25959.25,25961,279,25958.67,25956.33,0.00
2025-12-08,19:51:00,25961.75,25968,25961.25,25965.75,414,25958.83,25957.05,0.00
2025-12-08,19:52:00,25965.75,25971,25964.75,25970.25,459,25959.11,25958.03,0.00
2025-12-08,19:53:00,25970.75,25973.5,25968.25,25972.25,460,25959.45,25959.08,0.00
2025-12-08,19:54:00,25972.25,25977.25,25972.25,25977.25,427,25959.85,25960.19,0.00
2025-12-08,19:55:00,25977.25,25982,25976.75,25977.75,674,25978.83,25961.99,0.00
2025-12-08,19:56:00,25978.75,25980.75,25975.75,25976.75,343,25978.47,25962.73,0.00
2025-12-08,19:57:00,25977,25979.75,25975.75,25977.5,265,25978.30,25963.25,0.00
2025-12-08,19:58:00,25977.75,25981,25977.5,25977.75,269,25978.38,25963.78,0.00
2025-12-08,19:59:00,25979,25981,25977,25977.75,227,25978.41,25964.20,0.00
2025-12-08,20:00:00,25978.25,25980.75,25976.25,25979.75,283,25978.48,25964.70,0.00
2025-12-08,20:01:00,25980.25,25981,25972.75,25975.25,668,25977.95,25965.56,0.00
2025-12-08,20:02:00,25975.75,25979.75,25973.25,25978.75,340,25977.87,25965.98,0.00
2025-12-08,20:03:00,25979.5,25980,25975.5,25977.5,291,25977.86,25966.33,0.00
2025-12-08,20:04:00,25977,25978.5,25973.25,25976,227,25977.73,25966.55,0.00
2025-12-08,20:05:00,25975,25975.25,25969,25974.5,459,25977.19,25966.84,0.00
2025-12-08,20:06:00,25975.5,25977,25973.5,25974.25,216,25977.07,25967.00,0.00
2025-12-08,20:07:00,25973.5,25976.25,25972.25,25974,295,25976.88,25967.20,0.00
2025-12-08,20:08:00,25974.5,25978,25974,25977,158,25976.87,25967.33,0.00
2025-12-08,20:09:00,25977.75,25978.75,25973,25973.5,160,25976.81,25967.44,0.00
2025-12-08,20:10:00,25973.5,25977.5,25973,25976,144,25976.77,25967.54,0.00
2025-12-08,20:11:00,25975.25,25978.25,25974.75,25978,169,25976.78,25967.68,0.00
2025-12-08,20:12:00,25978.25,25979,25975,25975.25,149,25976.77,25967.79,0.00
2025-12-08,20:13:00,25974.5,25976.5,25972.75,25974.75,128,25976.72,25967.87,0.00
2025-12-08,20:14:00,25975,25977,25973.75,25976.5,109,25976.70,25967.94,0.00
2025-12-08,20:15:00,25976.75,25977.75,25973,25973.25,145,25976.65,25968.02,0.00
2025-12-08,20:16:00,25973,25974.25,25970.5,25973,471,25976.34,25968.19,0.00
2025-12-08,20:17:00,25972.75,25975.25,25972.25,25973.75,138,25976.28,25968.25,0.00
2025-12-08,20:18:00,25974.25,25974.25,25966.5,25969.25,455,25975.86,25968.31,0.00
2025-12-08,20:19:00,25969,25971.5,25967.5,25969.5,192,25975.69,25968.33,0.00
2025-12-08,20:20:00,25969.5,25971.5,25968.75,25971,124,25975.59,25968.35,0.00
2025-12-08,20:21:00,25971,25972.5,25969.5,25970.5,149,25975.50,25968.38,0.00
2025-12-08,20:22:00,25970.75,25975.5,25970.25,25973.5,377,25975.38,25968.50,0.00
2025-12-08,20:23:00,25973.75,25973.75,25969.5,25969.75,146,25975.29,25968.53,0.00
2025-12-08,20:24:00,25970.25,25970.75,25968,25970.25,172,25975.17,25968.54,0.00
2025-12-08,20:25:00,25970.25,25971.5,25969.5,25970.25,103,25975.11,25968.56,0.00
2025-12-08,20:26:00,25971.25,25974.75,25970.75,25974.25,170,25975.07,25968.61,0.00
2025-12-08,20:27:00,25974,25975.75,25973,25973.5,174,25975.05,25968.68,0.00
2025-12-08,20:28:00,25973,25973.25,25969.75,25972.25,112,25975.01,25968.70,0.00
2025-12-08,20:29:00,25972.5,25972.5,25967.75,25969.25,185,25974.90,25968.71,0.00
2025-12-08,20:30:00,25969.5,25971.5,25969,25970.5,67,25974.86,25968.72,0.00
2025-12-08,20:31:00,25970.5,25972.5,25969,25971.75,143,25974.80,25968.74,0.00
2025-12-08,20:32:00,25972.25,25973,25970.75,25970.75,101,25974.77,25968.76,0.00
2025-12-08,20:33:00,25970.75,25970.75,25966.75,25966.75,175,25974.64,25968.75,0.00
2025-12-08,20:34:00,25967.25,25969,25965.5,25968,216,25974.47,25968.74,0.00
2025-12-08,20:35:00,25968,25969.5,25968,25969,89,25974.42,25968.74,0.00
2025-12-08,20:36:00,25968.5,25974.25,25968.5,25974.25,154,25974.39,25968.77,0.00
2025-12-08,20:37:00,25974.25,25974.25,25971.25,25971.25,120,25974.36,25968.80,0.00
2025-12-08,20:38:00,25970.75,25972,25970.25,25972,95,25974.33,25968.81,0.00
2025-12-08,20:39:00,25970.75,25973,25970.75,25972.75,70,25974.32,25968.83,0.00
2025-12-08,20:40:00,25973.25,25974,25971.75,25973.25,65,25974.31,25968.85,0.00
2025-12-08,20:41:00,25972.75,25973.25,25969.5,25970,138,25974.26,25968.86,0.00
2025-12-08,20:42:00,25969.25,25972,25969,25970.5,97,25974.23,25968.87,0.00
2025-12-08,20:43:00,25971,25972.5,25969.75,25970.25,180,25974.17,25968.89,0.00
2025-12-08,20:44:00,25969.75,25969.75,25967.75,25969.25,75,25974.13,25968.89,0.00
2025-12-08,20:45:00,25969.25,25970.25,25968.75,25970.25,65,25974.10,25968.90,0.00
2025-12-08,20:46:00,25970.5,25970.75,25968.5,25969.5,98,25974.06,25968.90,0.00
2025-12-08,20:47:00,25969.5,25969.75,25965.75,25968,154,25973.97,25968.89,0.00
2025-12-08,20:48:00,25967.75,25968,25965.5,25966.75,157,25973.87,25968.87,0.00
2025-12-08,20:49:00,25967,25967.5,25964.75,25966.5,186,25973.74,25968.84,0.00
2025-12-08,20:50:00,25966.75,25970.75,25965.75,25970.5,258,25973.63,25968.85,0.00
2025-12-08,20:51:00,25970.75,25976,25970,25975,485,25973.64,25968.97,0.00
2025-12-08,20:52:00,25975.25,25977.5,25974.25,25976.75,378,25973.71,25969.12,0.00
2025-12-08,20:53:00,25976.75,25978.25,25973.5,25974.25,263,25973.75,25969.21,0.00
2025-12-08,20:54:00,25973.75,25975.75,25972.5,25975.75,188,25973.76,25969.26,0.00
2025-12-08,20:55:00,25975.75,25976.75,25974,25976,148,25973.78,25969.31,0.00
2025-12-08,20:56:00,25976.25,25979.25,25975.75,25978.75,330,25973.89,25969.46,0.00
2025-12-08,20:57:00,25978,25978.75,25975.5,25976.5,126,25973.91,25969.50,0.00
2025-12-08,20:58:00,25977,25977.5,25974.25,25974.75,180,25973.94,25969.56,0.00
2025-12-08,20:59:00,25974.75,25976.25,25973.5,25975,131,25973.95,25969.59,0.00
2025-12-08,21:00:00,25974.25,25975.5,25971.25,25972.75,373,25973.92,25969.66,0.00
2025-12-08,21:01:00,25972.75,25974.5,25965.75,25970.25,604,25973.77,25969.67,0.00
2025-12-08,21:02:00,25970.75,25975.5,25968.5,25972,448,25973.72,25969.72,0.00
2025-12-08,21:03:00,25972.25,25975.25,25971.5,25973.5,192,25973.71,25969.76,0.00
2025-12-08,21:04:00,25973.5,25975,25969.5,25970.5,232,25973.68,25969.78,0.00
2025-12-08,21:05:00,25970.5,25971,25958.5,25961,1214,25972.94,25969.44,0.00
2025-12-08,21:06:00,25961.5,25967.5,25956.25,25960,972,25972.30,25969.11,0.00
2025-12-08,21:07:00,25960.75,25964.25,25959.75,25960.75,423,25972.05,25968.98,0.00
2025-12-08,21:08:00,25961.25,25964.25,25959.75,25963.25,267,25971.91,25968.91,0.00
2025-12-08,21:09:00,25963.75,25969.25,25963.5,25967.5,540,25971.76,25968.86,0.00
2025-12-08,21:10:00,25967.75,25971.5,25965.75,25971.5,280,25971.73,25968.87,0.00
2025-12-08,21:11:00,25971,25975,25967.75,25968.5,594,25971.69,25968.91,0.00
2025-12-08,21:12:00,25969.25,25978,25968.25,25977.75,356,25971.74,25968.99,0.00
2025-12-08,21:13:00,25978,25978.75,25973.25,25973.75,376,25971.80,25969.07,0.00
2025-12-08,21:14:00,25974.5,25978.5,25973,25977,212,25971.85,25969.13,0.00
2025-12-08,21:15:00,25977.25,25979.25,25976.25,25978,216,25971.91,25969.20,0.00
2025-12-08,21:16:00,25977.25,25978.5,25975.25,25976.75,222,25971.96,25969.26,0.00
2025-12-08,21:17:00,25976.25,25977.25,25974.5,25976.25,177,25972.00,25969.30,0.00
2025-12-08,21:18:00,25976.25,25978.25,25975,25978,158,25972.03,25969.35,0.00
2025-12-08,21:19:00,25978.25,25979,25976.75,25977,143,25972.07,25969.39,0.00
2025-12-08,21:20:00,25977.75,25978.5,25975.5,25977,173,25972.11,25969.44,0.00
2025-12-08,21:21:00,25977,25978.75,25975,25978,246,25972.17,25969.50,0.00
2025-12-08,21:22:00,25978,25980,25977,25979.25,250,25972.24,25969.58,0.00
2025-12-08,21:23:00,25979.25,25982.75,25977.25,25981,431,25980.33,25969.74,0.00
2025-12-08,21:24:00,25980.5,25982,25978.5,25980.75,296,25980.37,25969.85,0.00
2025-12-08,21:25:00,25981,25982,25974.5,25974.75,402,25979.20,25969.95,0.00
2025-12-08,21:26:00,25975,25975,25971.5,25971.5,400,25977.49,25969.99,0.00
2025-12-08,21:27:00,25972.5,25973.75,25970.25,25972.5,249,25976.74,25970.00,0.00
2025-12-08,21:28:00,25972,25972,25963.5,25963.75,747,25973.69,25969.92,0.00
2025-12-08,21:29:00,25963.5,25966,25958.75,25963,745,25971.16,25969.75,0.00
2025-12-08,21:30:00,25963.25,25963.25,25958.75,25959,256,25970.37,25969.67,0.00
2025-12-08,21:31:00,25959,25962.5,25958.25,25958.75,358,25969.40,25969.56,0.00
2025-12-08,21:32:00,25959,25966.25,25959,25963.75,418,25968.78,25969.48,0.00
2025-12-08,21:33:00,25964.75,25967.5,25963,25964.75,365,25968.49,25969.43,0.00
2025-12-08,21:34:00,25964,25965,25942.25,25947.25,2113,25963.20,25951.50,0.00
2025-12-08,21:35:00,25947.75,25953.5,25946,25953,759,25961.95,25951.32,0.00
2025-12-08,21:36:00,25953,25959,25952.5,25956.75,556,25961.55,25952.10,0.00
2025-12-08,21:37:00,25955.75,25956.25,25953,25953.5,235,25961.34,25952.23,0.00
2025-12-08,21:38:00,25954,25954,25946.25,25946.25,669,25960.41,25951.71,0.00
2025-12-08,21:39:00,25946.25,25947.25,25938.25,25941.75,946,25958.70,25942.42,0.00
2025-12-08,21:40:00,25941.75,25946.5,25941.25,25945.25,423,25958.11,25943.01,0.00
2025-12-08,21:41:00,25945.25,25950,25944.25,25947.25,467,25957.64,25944.07,0.00
2025-12-08,21:42:00,25947.25,25950.5,25945.25,25948.25,291,25957.39,25944.60,0.00
2025-12-08,21:43:00,25947.75,25952.25,25946.5,25952.25,280,25957.22,25945.27,0.00
2025-12-08,21:44:00,25951.5,25951.75,25945.5,25945.75,286,25956.98,25945.53,0.00
2025-12-08,21:45:00,25945.75,25948,25940.75,25947.25,593,25956.42,25945.49,0.00
2025-12-08,21:46:00,25947.25,25949.25,25944.75,25948.75,230,25956.26,25945.63,0.00
2025-12-08,21:47:00,25949,25949.75,25945.75,25947.5,185,25956.13,25945.73,0.00
2025-12-08,21:48:00,25947.75,25953,25947.5,25953,258,25956.03,25946.08,0.00
2025-12-08,21:49:00,25953,25954,25950.75,25951.5,262,25955.96,25946.46,0.00
2025-12-08,21:50:00,25952,25952.25,25947.75,25949,204,25955.86,25946.60,0.00
2025-12-08,21:51:00,25949.25,25950,25947.25,25948,183,25955.76,25946.68,0.00
2025-12-08,21:52:00,25947.25,25949.75,25946.5,25948,174,25955.66,25946.73,0.00
2025-12-08,21:53:00,25947.5,25951.5,25945.25,25951,248,25955.55,25946.85,0.00
2025-12-08,21:54:00,25951,25951.75,25945.75,25946.25,207,25955.44,25946.89,0.00
2025-12-08,21:55:00,25945.75,25948.5,25944.25,25945.75,290,25955.25,25946.86,0.00
2025-12-08,21:56:00,25945.5,25947.5,25944.25,25947.5,154,25955.16,25946.84,0.00
2025-12-08,21:57:00,25946.75,25948.5,25945.75,25947.5,98,25955.11,25946.85,0.00
2025-12-08,21:58:00,25948,25950.25,25945.5,25946.25,175,25955.02,25946.86,0.00
2025-12-08,21:59:00,25946,25947.25,25945,25946,103,25954.96,25946.85,0.00
2025-12-08,22:00:00,25946,25946.75,25944.75,25945.25,99,25954.90,25946.83,0.00
2025-12-08,22:01:00,25945,25950.75,25944.75,25946.5,277,25954.76,25946.85,0.00
2025-12-08,22:02:00,25945.75,25946,25943.25,25943.25,259,25954.58,25946.75,0.00
2025-12-08,22:03:00,25943.5,25944,25941.25,25942.25,358,25954.32,25946.53,0.00
2025-12-08,22:04:00,25942.5,25946.5,25942.25,25944.5,214,25954.18,25946.47,0.00
2025-12-08,22:05:00,25944.25,25948.5,25943,25948,204,25954.09,25946.47,0.00
2025-12-08,22:06:00,25947.75,25949.75,25944.5,25944.5,254,25953.97,25946.46,0.00
2025-12-08,22:07:00,25944.5,25951.5,25944.5,25949.75,340,25953.86,25946.55,0.00
2025-12-08,22:08:00,25950.5,25950.5,25945,25945.75,188,25953.79,25946.57,0.00
2025-12-08,22:09:00,25946.25,25947.75,25941.75,25942,293,25953.62,25946.47,0.00
2025-12-08,22:10:00,25941.5,25942.5,25939.75,25941.25,368,25953.37,25946.25,0.00
2025-12-08,22:11:00,25942,25943,25940.25,25941.75,185,25953.25,25946.16,0.00
2025-12-08,22:12:00,25941.75,25943.75,25938.25,25939,271,25953.06,25945.99,0.00
2025-12-08,22:13:00,25939.25,25939.75,25929,25931,1266,25951.78,25933.25,0.00
2025-12-08,22:14:00,25930.75,25938.75,25928.5,25938,763,25951.16,25935.08,0.00
2025-12-08,22:15:00,25937.75,25946.25,25937,25945.25,656,25950.90,25938.67,0.00
2025-12-08,22:16:00,25945,25956,25944.75,25955.5,990,25950.95,25944.18,0.00
2025-12-08,22:17:00,25955.75,25960.25,25954.75,25957.5,983,25951.23,25948.04,0.00
2025-12-08,22:18:00,25957.25,25957.75,25952.75,25953.5,388,25951.29,25948.72,0.00
2025-12-08,22:19:00,25953.5,25959.5,25950.75,25959,373,25951.37,25949.41,0.00
2025-12-08,22:20:00,25958.75,25961.25,25955.75,25957.75,336,25951.46,25950.07,0.00
2025-12-08,22:21:00,25957.25,25957.75,25954,25957.5,222,25951.51,25950.37,0.00
2025-12-08,22:22:00,25957.25,25960.5,25956.5,25958.25,217,25951.57,25950.73,0.00
2025-12-08,22:23:00,25958.5,25960.25,25956.75,25959.25,121,25951.60,25950.92,0.00
2025-12-08,22:24:00,25960,25962,25957.5,25958,313,25951.70,25951.40,0.00
2025-12-08,22:25:00,25957.75,25958.5,25951.75,25952.75,353,25951.73,25951.58,0.00
2025-12-08,22:26:00,25952.25,25954.75,25948.75,25952.5,507,25951.74,25951.62,0.00
2025-12-08,22:27:00,25952.5,25953.75,25948.5,25950.75,193,25951.73,25951.60,0.00
2025-12-08,22:28:00,25950.25,25951.5,25948,25948.75,196,25951.72,25951.53,0.00
2025-12-08,22:29:00,25947.75,25950.5,25947.25,25950.25,137,25951.70,25951.49,0.00
2025-12-08,22:30:00,25949,25951.75,25949,25951.25,157,25951.70,25951.47,0.00
2025-12-08,22:31:00,25950.75,25952.5,25950,25951,158,25951.70,25951.46,0.00
2025-12-08,22:32:00,25950.75,25950.75,25945.5,25947.25,253,25951.66,25951.34,0.00
2025-12-08,22:33:00,25946.5,25946.75,25942,25942,578,25951.49,25950.77,0.00
2025-12-08,22:34:00,25942.5,25946.25,25941.25,25946.25,246,25951.43,25950.58,0.00
2025-12-08,22:35:00,25946.25,25948.75,25944.5,25944.5,164,25951.40,25950.49,0.00
2025-12-08,22:36:00,25944.5,25945.75,25939.25,25939.5,234,25951.31,25950.24,0.00
2025-12-08,22:37:00,25939.5,25945.75,25938.25,25945.25,333,25951.22,25949.97,0.00
2025-12-08,22:38:00,25945.5,25947.25,25944,25944.25,131,25951.19,25949.90,0.00
2025-12-08,22:39:00,25944.75,25945,25940.75,25940.75,162,25951.14,25949.77,0.00
2025-12-08,22:40:00,25940.5,25942,25938,25941.75,224,25951.06,25949.55,0.00
2025-12-08,22:41:00,25942.5,25943,25939,25940.25,245,25950.97,25949.33,0.00
2025-12-08,22:42:00,25940,25941.25,25938.25,25940.75,206,25950.90,25949.13,0.00
2025-12-08,22:43:00,25941.25,25945.25,25939.75,25945,296,25950.82,25948.96,0.00
2025-12-08,22:44:00,25945.25,25948,25945,25945,142,25950.80,25948.92,0.00
2025-12-08,22:45:00,25945.25,25946.75,25942.75,25944.5,147,25950.77,25948.86,0.00
2025-12-08,22:46:00,25945,25945.75,25940.5,25944.25,202,25950.72,25948.76,0.00
2025-12-08,22:47:00,25944.5,25947.25,25944.25,25946.5,105,25950.70,25948.73,0.00
2025-12-08,22:48:00,25946.75,25949.25,25946.25,25949,166,25950.69,25948.72,0.00
2025-12-08,22:49:00,25949,25950.25,25944.25,25945.75,151,25950.67,25948.70,0.00
2025-12-08,22:50:00,25945.75,25948.75,25945.75,25946.5,92,25950.66,25948.68,0.00
2025-12-08,22:51:00,25946.25,25946.5,25943.75,25945,62,25950.65,25948.66,0.00
2025-12-08,22:52:00,25945.5,25948.25,25945,25948,72,25950.64,25948.65,0.00
2025-12-08,22:53:00,25948,25951,25947.5,25950.25,151,25950.63,25948.67,0.00
2025-12-08,22:54:00,25950.25,25950.75,25944.75,25945,119,25950.62,25948.65,0.00
2025-12-08,22:55:00,25945.25,25946.5,25943.5,25944.5,101,25950.60,25948.61,0.00
2025-12-08,22:56:00,25945.25,25947.25,25943.5,25944,100,25950.58,25948.58,0.00
2025-12-08,22:57:00,25944.25,25944.75,25941.5,25943.5,206,25950.53,25948.49,0.00
2025-12-08,22:58:00,25943.75,25948.75,25943.25,25948.25,91,25950.52,25948.48,0.00
2025-12-08,22:59:00,25948.25,25949,25945,25947.75,102,25950.51,25948.47,0.00
2025-12-08,23:00:00,25947.5,25947.75,25945.25,25945.75,96,25950.50,25948.45,0.00
2025-12-08,23:01:00,25945,25947.25,25944.25,25945.25,182,25950.47,25948.41,0.00
2025-12-08,23:02:00,25945,25946,25943.5,25944.75,44,25950.46,25948.39,0.00
2025-12-08,23:03:00,25945.5,25945.5,25942,25942.5,74,25950.45,25948.36,0.00
2025-12-08,23:04:00,25942.25,25943.25,25937.5,25941.25,400,25950.33,25948.13,0.00
2025-12-08,23:05:00,25941.25,25945.25,25940.75,25945,169,25950.29,25948.07,0.00
2025-12-08,23:06:00,25945,25950.25,25944,25949.25,240,25950.28,25948.06,0.00
2025-12-08,23:07:00,25949.5,25951.75,25948.5,25949.5,316,25950.27,25948.11,0.00
2025-12-08,23:08:00,25951,25951,25946.5,25948.25,104,25950.27,25948.11,0.00
2025-12-08,23:09:00,25947.5,25947.5,25943.25,25945,181,25950.24,25948.07,0.00
2025-12-08,23:10:00,25944.25,25946.5,25942.5,25945.25,116,25950.22,25948.05,0.00
2025-12-08,23:11:00,25945.25,25946.5,25944.5,25945,120,25950.20,25948.02,0.00
2025-12-08,23:12:00,25944.75,25946.5,25943.75,25943.75,75,25950.19,25948.01,0.00
2025-12-08,23:13:00,25945,25946.25,25944.5,25946,84,25950.18,25947.99,0.00
2025-12-08,23:14:00,25945.75,25947,25944.25,25945,161,25950.16,25947.96,0.00
2025-12-08,23:15:00,25944.75,25948,25944.5,25947.25,90,25950.15,25947.95,0.00
2025-12-08,23:16:00,25947,25949.25,25945.25,25949.25,147,25950.14,25947.95,0.00
2025-12-08,23:17:00,25949,25951.25,25948,25950.25,154,25950.14,25947.97,0.00
2025-12-08,23:18:00,25950.5,25952,25949.5,25951,171,25950.14,25948.01,0.00
2025-12-08,23:19:00,25951.5,25953,25947.5,25950.5,222,25950.14,25948.04,0.00
2025-12-08,23:20:00,25950.25,25950.75,25949.25,25949.25,74,25950.14,25948.05,0.00
2025-12-08,23:21:00,25949.25,25951.25,25946.5,25947.25,212,25950.13,25948.05,0.00
2025-12-08,23:22:00,25947.25,25947.75,25942.75,25943.75,281,25950.09,25947.99,0.00
2025-12-08,23:23:00,25943.75,25946.25,25942.5,25944.75,110,25950.07,25947.97,0.00
2025-12-08,23:24:00,25944.75,25946,25942.75,25942.75,72,25950.06,25947.95,0.00
2025-12-08,23:25:00,25943.25,25946,25942.75,25945,77,25950.05,25947.93,0.00
2025-12-08,23:26:00,25945,25947.5,25944.5,25946.25,76,25950.04,25947.93,0.00
2025-12-08,23:27:00,25946,25947.25,25944.25,25945.5,105,25950.03,25947.91,0.00
2025-12-08,23:28:00,25946,25947.25,25943,25943.5,129,25950.01,25947.89,0.00
2025-12-08,23:29:00,25943.5,25946.75,25943,25946.75,129,25949.99,25947.87,0.00
2025-12-08,23:30:00,25946.5,25948,25945,25947.25,121,25949.98,25947.86,0.00
2025-12-08,23:31:00,25947.25,25953.5,25944,25945,767,25949.93,25947.84,0.00
2025-12-08,23:32:00,25946.25,25947.25,25942.25,25943.75,231,25949.89,25947.80,0.00
2025-12-08,23:33:00,25944.5,25949.75,25944.25,25949.5,186,25949.88,25947.80,0.00
2025-12-08,23:34:00,25949.5,25953.5,25948.75,25951.25,335,25949.89,25947.86,0.00
2025-12-08,23:35:00,25951.25,25951.5,25947.5,25949.75,198,25949.89,25947.88,0.00
2025-12-08,23:36:00,25949.25,25953,25948.5,25952.75,156,25949.90,25947.91,0.00
2025-12-08,23:37:00,25952.5,25953.75,25950.75,25951.75,217,25949.91,25947.96,0.00
2025-12-08,23:38:00,25952.5,25953.25,25949.5,25950.5,93,25949.91,25947.97,0.00
2025-12-08,23:39:00,25950,25951.75,25949.25,25950,128,25949.92,25947.99,0.00
2025-12-08,23:40:00,25950.25,25952,25949.25,25951.75,119,25949.92,25948.01,0.00
2025-12-08,23:41:00,25952,25953,25951,25952.25,144,25949.93,25948.04,0.00
2025-12-08,23:42:00,25952,25952.25,25947.5,25948,165,25949.92,25948.05,0.00
2025-12-08,23:43:00,25947.5,25950.5,25947,25950.25,297,25949.92,25948.07,0.00
2025-12-08,23:44:00,25950.5,25953.75,25947.5,25950.25,285,25949.92,25948.10,0.00
2025-12-08,23:45:00,25948.75,25951.5,25948.25,25948.5,72,25949.92,25948.11,0.00
2025-12-08,23:46:00,25948,25950,25947.25,25948.25,134,25949.92,25948.11,0.00
2025-12-08,23:47:00,25948,25949.25,25945.25,25947.5,215,25949.90,25948.10,0.00
2025-12-08,23:48:00,25946.75,25947,25942.5,25945,408,25949.85,25948.04,0.00
2025-12-08,23:49:00,25943.75,25946,25941,25942.5,318,25949.80,25947.96,0.00
2025-12-08,23:50:00,25942.25,25943.25,25941.5,25942.75,101,25949.78,25947.94,0.00
2025-12-08,23:51:00,25942.25,25942.75,25939,25940.25,208,25949.74,25947.87,0.00
2025-12-08,23:52:00,25939.25,25944.25,25938.75,25944.25,172,25949.71,25947.82,0.00
2025-12-08,23:53:00,25944,25946.25,25943.5,25946.25,133,25949.69,25947.81,0.00
2025-12-08,23:54:00,25946.5,25951.25,25946,25950.5,274,25949.69,25947.83,0.00
2025-12-08,23:55:00,25950.75,25954,25948.75,25951.5,376,25949.70,25947.89,0.00
2025-12-08,23:56:00,25952.25,25953,25949,25949.75,116,25949.71,25947.90,0.00
2025-12-08,23:57:00,25950,25952.75,25949,25952,99,25949.71,25947.91,0.00
2025-12-08,23:58:00,25952,25954.75,25951.25,25953.25,178,25949.72,25947.95,0.00
2025-12-08,23:59:00,25953.75,25955.25,25949.5,25951.25,218,25949.74,25947.99,0.00
2025-12-08,00:00:00,26044,26045.75,26041.5,26042.25,263,26040.81,26013.22,0.00
2025-12-08,00:01:00,26042.75,26044,26042.25,26042.5,117,26040.86,26013.28,0.00
2025-12-08,00:02:00,26042.75,26045.25,26042.5,26042.75,152,26040.94,26013.36,0.00
2025-12-08,00:03:00,26043,26044.75,26041.75,26044.25,109,26040.99,26013.41,0.00
2025-12-08,00:04:00,26044.25,26047,26043.75,26045,153,26041.11,26013.49,0.00
2025-12-08,00:05:00,26045,26045.75,26043.25,26044.25,96,26041.17,26013.54,0.00
2025-12-08,00:06:00,26044,26044.25,26043,26044.25,31,26041.18,26013.56,0.00
2025-12-08,00:07:00,26043.5,26044,26042,26042,102,26041.21,26013.61,0.00
2025-12-08,00:08:00,26042.25,26043.75,26040.5,26041.75,140,26041.23,26013.67,0.00
2025-12-08,00:09:00,26041.75,26044.5,26041.5,26043.75,98,26041.26,26013.72,0.00
2025-12-08,00:10:00,26042.75,26045.75,26042.5,26045.75,62,26041.30,26013.75,0.00
2025-12-08,00:11:00,26045.5,26046.25,26044.75,26045.5,94,26041.36,26013.80,0.00
2025-12-08,00:12:00,26045.5,26045.75,26043.75,26045.75,57,26041.40,26013.83,0.00
2025-12-08,00:13:00,26045.75,26049.25,26045.75,26046.75,339,26047.25,26014.02,0.00
2025-12-08,00:14:00,26047,26048.5,26046.25,26048,92,26047.32,26014.07,0.00
2025-12-08,00:15:00,26047.5,26051,26047.25,26050.25,368,26049.50,26014.28,0.00
2025-12-08,00:16:00,26050.25,26050.5,26047,26047.5,304,26048.97,26014.45,0.00
2025-12-08,00:17:00,26047.75,26049.25,26047,26049.25,89,26048.92,26014.50,0.00
2025-12-08,00:18:00,26049.5,26051.75,26049.25,26049.25,294,26050.08,26014.67,0.00
2025-12-08,00:19:00,26049.75,26051.75,26049.25,26051,118,26050.25,26014.74,0.00
2025-12-08,00:20:00,26051,26052.5,26049.5,26049.75,184,26050.58,26014.84,0.00
2025-12-08,00:21:00,26049.5,26050.75,26048.75,26049.75,141,26050.22,26014.92,0.00
2025-12-08,00:22:00,26049.5,26050.75,26048.25,26049.75,132,26050.04,26014.99,0.00
2025-12-08,00:23:00,26050.25,26050.75,26049.5,26049.5,74,26050.02,26015.04,0.00
2025-12-08,00:24:00,26049.75,26049.75,26048.75,26049.25,73,26049.93,26015.08,0.00
2025-12-08,00:25:00,26049.25,26050,26049,26049.75,55,26049.90,26015.11,0.00
2025-12-08,00:26:00,26049.5,26051.75,26049.5,26051.25,179,26050.10,26015.21,0.00
2025-12-08,00:27:00,26051.25,26051.75,26049.25,26050,121,26050.13,26015.27,0.00
2025-12-08,00:28:00,26049.75,26051.25,26049,26050.5,89,26050.14,26015.32,0.00
2025-12-08,00:29:00,26050.5,26052.25,26050.25,26050.25,107,26050.21,26015.38,0.00
2025-12-08,00:30:00,26050,26050,26049,26049.5,50,26050.18,26015.41,0.00
2025-12-08,00:31:00,26049.75,26051.75,26049.75,26051.25,111,26050.24,26015.47,0.00
2025-12-08,00:32:00,26051.5,26053.5,26050.5,26052,408,26052.00,26015.71,0.00
2025-12-08,00:33:00,26051.5,26053,26051,26052.75,103,26052.05,26015.77,0.00
2025-12-08,00:34:00,26052.5,26053.25,26051.25,26053,106,26052.13,26015.83,0.00
2025-12-08,00:35:00,26053,26054,26051.25,26051.5,175,26052.25,26015.93,0.00
2025-12-08,00:36:00,26051.5,26051.75,26047.5,26048.5,270,26050.43,26016.07,0.00
2025-12-08,00:37:00,26048.5,26050,26047,26048.5,300,26049.65,26016.22,0.00
2025-12-08,00:38:00,26048.5,26050.75,26048.5,26050.5,152,26049.70,26016.29,0.00
2025-12-08,00:39:00,26050.5,26053.75,26050.25,26053.25,173,26050.14,26016.39,0.00
2025-12-08,00:40:00,26053.25,26053.5,26051.25,26051.25,88,26050.28,26016.44,0.00
2025-12-08,00:41:00,26051.5,26053.25,26051.5,26052.75,87,26050.43,26016.49,0.00
2025-12-08,00:42:00,26053,26053.25,26051,26052,138,26050.60,26016.56,0.00
2025-12-08,00:43:00,26051.75,26052,26050,26051,102,26050.63,26016.62,0.00
2025-12-08,00:44:00,26050.5,26052.5,26050.5,26051.5,70,26050.67,26016.65,0.00
2025-12-08,00:45:00,26051.5,26051.75,26049.75,26051,121,26050.68,26016.72,0.00
2025-12-08,00:46:00,26051,26053.25,26050.5,26051.25,289,26050.82,26016.87,0.00
2025-12-08,00:47:00,26051,26051,26049.75,26050.5,155,26050.79,26016.95,0.00
2025-12-08,00:48:00,26050.75,26054,26050.75,26053.25,179,26050.94,26017.04,0.00
2025-12-08,00:49:00,26053.25,26054,26051.25,26052.5,179,26051.06,26017.14,0.00
2025-12-08,00:50:00,26052.25,26052.25,26051.25,26051.5,66,26051.07,26017.17,0.00
2025-12-08,00:51:00,26051.25,26051.25,26047.75,26049.25,250,26050.93,26017.29,0.00
2025-12-08,00:52:00,26049.5,26050.75,26048.75,26050.5,137,26050.88,26017.36,0.00
2025-12-08,00:53:00,26050.5,26054.25,26050,26054.25,274,26052.83,26017.51,0.00
2025-12-08,00:54:00,26054.25,26055.5,26052.5,26054,369,26054.00,26017.71,0.00
2025-12-08,00:55:00,26053.5,26055.75,26053.5,26055,100,26054.75,26017.76,0.00
2025-12-08,00:56:00,26055.5,26055.75,26053.5,26055,139,26054.75,26017.84,0.00
2025-12-08,00:57:00,26055.25,26056.5,26053.5,26053.75,215,26054.58,26017.95,0.00
2025-12-08,00:58:00,26054,26055.5,26053,26055.25,109,26054.58,26018.01,0.00
2025-12-08,00:59:00,26055.25,26055.75,26053.25,26053.75,122,26054.49,26018.08,0.00
2025-12-08,01:00:00,26053.75,26053.75,26051.75,26052.25,156,26054.00,26018.15,0.00
2025-12-08,01:01:00,26052.25,26052.5,26048.5,26049,334,26052.57,26018.31,0.00
2025-12-08,01:02:00,26049.5,26052.25,26048.75,26051,157,26052.30,26018.38,0.00
2025-12-08,01:03:00,26051.25,26052,26048,26048,157,26051.93,26018.45,0.00
2025-12-08,01:04:00,26048.25,26049.75,26047.75,26048.75,155,26051.57,26018.52,0.00
2025-12-08,01:05:00,26049,26049.75,26045.75,26047.25,311,26050.85,26018.65,0.00
2025-12-08,01:06:00,26047.75,26049.5,26047.5,26048.5,119,26050.70,26018.70,0.00
2025-12-08,01:07:00,26049,26049.25,26047,26048,130,26050.53,26018.76,0.00
2025-12-08,01:08:00,26048.25,26049.75,26046.5,26049,127,26050.40,26018.81,0.00
2025-12-08,01:09:00,26049.5,26050.25,26048,26049.5,100,26050.35,26018.85,0.00
2025-12-08,01:10:00,26049.5,26049.75,26045.75,26045.75,139,26050.15,26018.91,0.00
2025-12-08,01:11:00,26045.75,26048,26043.75,26046.25,374,26049.58,26019.05,0.00
2025-12-08,01:12:00,26046.75,26052.25,26046.75,26051.75,273,26049.64,26019.17,0.00
2025-12-08,01:13:00,26051.5,26052.5,26049.75,26050,203,26049.71,26019.26,0.00
2025-12-08,01:14:00,26050,26052.25,26049.25,26052,96,26049.75,26019.31,0.00
2025-12-08,01:15:00,26051.75,26052.5,26050.75,26052,82,26049.80,26019.34,0.00
2025-12-08,01:16:00,26052,26052.5,26051.5,26052,86,26049.86,26019.38,0.00
2025-12-08,01:17:00,26051.75,26052.5,26050,26052.5,76,26049.90,26019.42,0.00
2025-12-08,01:18:00,26051.75,26053.5,26051.25,26052.75,127,26049.99,26019.48,0.00
2025-12-08,01:19:00,26053,26053.75,26052,26053,139,26050.09,26019.54,0.00
2025-12-08,01:20:00,26052.75,26055.75,26052.75,26055,252,26050.37,26019.66,0.00
2025-12-08,01:21:00,26055,26056,26053.75,26054.25,135,26050.51,26019.73,0.00
2025-12-08,01:22:00,26054,26055,26052.5,26053.5,96,26050.58,26019.78,0.00
2025-12-08,01:23:00,26053.5,26053.5,26051.25,26051.75,93,26050.61,26019.82,0.00
2025-12-08,01:24:00,26051.75,26055.75,26050.75,26055.75,185,26050.75,26019.90,0.00
2025-12-08,01:25:00,26055.5,26056,26054.25,26055.25,122,26050.87,26019.96,0.00
2025-12-08,01:26:00,26055.25,26057.25,26055,26057.25,213,26056.50,26020.07,0.00
2025-12-08,01:27:00,26057.25,26057.25,26055,26055,108,26056.25,26020.12,0.00
2025-12-08,01:28:00,26055.25,26056.5,26055,26055.5,93,26056.12,26020.17,0.00
2025-12-08,01:29:00,26055.25,26056.25,26053.75,26056.25,123,26055.96,26020.23,0.00
2025-12-08,01:30:00,26056,26056.25,26053.5,26054,62,26055.81,26020.26,0.00
2025-12-08,01:31:00,26054,26056.5,26054,26055,77,26055.74,26020.29,0.00
2025-12-08,01:32:00,26055,26055.5,26053.5,26053.5,89,26055.56,26020.34,0.00
2025-12-08,01:33:00,26053.75,26054.75,26053,26054,131,26055.32,26020.40,0.00
2025-12-08,01:34:00,26054,26054.75,26052.75,26054.75,93,26055.20,26020.44,0.00
2025-12-08,01:35:00,26054.25,26057.25,26054.25,26056.75,122,26055.30,26020.50,0.00
2025-12-08,01:36:00,26056.5,26057.75,26055.75,26055.75,233,26056.42,26020.61,0.00
2025-12-08,01:37:00,26055.5,26056.75,26054.75,26056.5,88,26056.30,26020.65,0.00
2025-12-08,01:38:00,26056.25,26056.25,26053.75,26054.25,91,26055.96,26020.70,0.00
2025-12-08,01:39:00,26054.25,26055,26052.75,26054,84,26055.61,26020.73,0.00
2025-12-08,01:40:00,26054.25,26054.5,26052.75,26053.5,149,26055.14,26020.80,0.00
2025-12-08,01:41:00,26053.5,26054.25,26052,26052.5,193,26054.63,26020.88,0.00
2025-12-08,01:42:00,26052.25,26054,26051.25,26053.5,180,26054.33,26020.96,0.00
2025-12-08,01:43:00,26054,26054,26052,26053.25,73,26054.24,26020.99,0.00
2025-12-08,01:44:00,26053.25,26054.75,26052.75,26053.75,115,26054.20,26021.04,0.00
2025-12-08,01:45:00,26053.5,26055,26053.5,26054,48,26054.20,26021.06,0.00
2025-12-08,01:46:00,26054,26055.25,26053.75,26054.75,38,26054.21,26021.08,0.00
2025-12-08,01:47:00,26055,26056,26054.75,26054.75,52,26054.25,26021.10,0.00
2025-12-08,01:48:00,26055.25,26056.75,26055,26056.25,103,26054.37,26021.15,0.00
2025-12-08,01:49:00,26056,26056.5,26054.5,26054.75,58,26054.40,26021.18,0.00
2025-12-08,01:50:00,26054.75,26055,26052,26052.75,92,26054.34,26021.22,0.00
2025-12-08,01:51:00,26052.25,26053.25,26050.25,26050.75,145,26054.09,26021.27,0.00
2025-12-08,01:52:00,26051,26051.5,26050,26050.25,136,26053.84,26021.33,0.00
2025-12-08,01:53:00,26050.5,26051,26046.25,26046.25,290,26053.04,26021.43,0.00
2025-12-08,01:54:00,26046.5,26046.75,26044.25,26045.25,338,26052.01,26021.54,0.00
2025-12-08,01:55:00,26045.5,26048.75,26045,26047,226,26051.59,26021.61,0.00
2025-12-08,01:56:00,26047.25,26049.5,26047,26047.25,117,26051.44,26021.65,0.00
2025-12-08,01:57:00,26047.5,26049.5,26047.5,26048.25,105,26051.33,26021.69,0.00
2025-12-08,01:58:00,26048.75,26049.75,26048,26048.5,72,26051.27,26021.71,0.00
2025-12-08,01:59:00,26048.5,26049,26047,26047.75,61,26051.20,26021.73,0.00
2025-12-08,02:00:00,26048,26048.25,26046.5,26047.5,94,26051.09,26021.77,0.00
2025-12-08,02:01:00,26047.5,26049.75,26046.75,26048,203,26050.91,26021.83,0.00
2025-12-08,02:02:00,26048,26049.25,26046.75,26046.75,58,26050.86,26021.85,0.00
2025-12-08,02:03:00,26046.75,26047.75,26041,26042,684,26049.65,26022.05,0.00
2025-12-08,02:04:00,26042.5,26042.75,26038.5,26039.5,440,26048.75,26022.15,0.00
2025-12-08,02:05:00,26039.5,26048,26039.25,26046,442,26048.36,26022.27,0.00
2025-12-08,02:06:00,26046.25,26047.75,26044,26044.75,170,26048.27,26022.32,0.00
2025-12-08,02:07:00,26045.5,26045.5,26044,26045.5,123,26048.19,26022.36,0.00
2025-12-08,02:08:00,26045.5,26048.5,26045.5,26048.5,141,26048.18,26022.40,0.00
2025-12-08,02:09:00,26048.25,26049.75,26046.75,26049,95,26048.18,26022.43,0.00
2025-12-08,02:10:00,26049,26054.5,26048.75,26052.5,467,26048.47,26022.61,0.00
2025-12-08,02:11:00,26052.75,26054.5,26052.25,26052.5,159,26048.59,26022.67,0.00
2025-12-08,02:12:00,26052.75,26055.75,26052.75,26055,140,26048.72,26022.72,0.00
2025-12-08,02:13:00,26055,26056.5,26054,26055.5,173,26048.90,26022.79,0.00
2025-12-08,02:14:00,26055.5,26060.25,26055.25,26059,436,26058.17,26022.99,0.00
2025-12-08,02:15:00,26059,26060.25,26057.75,26060.25,211,26058.57,26023.08,0.00
2025-12-08,02:16:00,26060.25,26063.25,26059.5,26062.75,483,26061.83,26023.31,0.00
2025-12-08,02:17:00,26062.75,26064.75,26060.25,26062,456,26062.33,26023.53,0.00
2025-12-08,02:18:00,26061.75,26064,26059.75,26061,220,26062.09,26023.63,0.00
2025-12-08,02:19:00,26060.75,26061.5,26060,26060.25,149,26061.82,26023.70,0.00
2025-12-08,02:20:00,26059.75,26061.25,26058,26061,270,26061.39,26023.82,0.00
2025-12-08,02:21:00,26061.5,26062,26059.25,26060.5,215,26061.26,26023.91,0.00
2025-12-08,02:22:00,26060.75,26062.25,26059.75,26061.5,99,26061.25,26023.96,0.00
2025-12-08,02:23:00,26061.5,26061.5,26059,26061.25,116,26061.20,26024.01,0.00
2025-12-08,02:24:00,26061.5,26063,26060.5,26061.75,127,26061.24,26024.07,0.00
2025-12-08,02:25:00,26062.25,26063,26061.5,26063,132,26061.34,26024.13,0.00
2025-12-08,02:26:00,26062.5,26062.75,26058,26058.5,206,26061.17,26024.22,0.00
2025-12-08,02:27:00,26058.5,26060,26058,26059.5,159,26061.02,26024.28,0.00
2025-12-08,02:28:00,26059.5,26061.25,26059,26060.5,129,26060.98,26024.34,0.00
2025-12-08,02:29:00,26059.75,26060.75,26057.5,26060.75,131,26060.91,26024.40,0.00
2025-12-08,02:30:00,26059.75,26061.75,26059.25,26060.25,62,26060.90,26024.42,0.00
2025-12-08,02:31:00,26059.75,26060,26056.75,26058.25,184,26060.72,26024.50,0.00
2025-12-08,02:32:00,26058.5,26060.5,26057,26059.75,112,26060.65,26024.54,0.00
2025-12-08,02:33:00,26059.75,26061.75,26058,26060,77,26060.63,26024.57,0.00
2025-12-08,02:34:00,26060.5,26062,26059.25,26061.5,78,26060.64,26024.61,0.00
2025-12-08,02:35:00,26061.5,26062,26058.25,26059.25,105,26060.61,26024.65,0.00
2025-12-08,02:36:00,26059.25,26060.25,26058.75,26059.25,102,26060.57,26024.69,0.00
2025-12-08,02:37:00,26059.25,26060.25,26058.25,26058.5,92,26060.53,26024.73,0.00
2025-12-08,02:38:00,26058.5,26064.5,26058.5,26061.75,335,26060.63,26024.88,0.00
2025-12-08,02:39:00,26061,26061.75,26058.25,26058.25,122,26060.59,26024.93,0.00
2025-12-08,02:40:00,26058.25,26060.5,26058.25,26059,99,26060.55,26024.97,0.00
2025-12-08,02:41:00,26059,26059,26056,26056.75,114,26060.46,26025.01,0.00
2025-12-08,02:42:00,26056.25,26057.25,26054.25,26054.5,187,26060.22,26025.08,0.00
2025-12-08,02:43:00,26054.75,26054.75,26050.75,26054,560,26059.37,26025.26,0.00
2025-12-08,02:44:00,26054,26054.25,26052,26053,83,26059.26,26025.29,0.00
2025-12-08,02:45:00,26053,26053,26050,26051.75,173,26058.99,26025.34,0.00
2025-12-08,02:46:00,26052,26057.75,26052,26056,275,26058.79,26025.43,0.00
2025-12-08,02:47:00,26056,26056.75,26054.5,26055.25,116,26058.72,26025.48,0.00
2025-12-08,02:48:00,26055.25,26056.25,26054.25,26056.25,50,26058.69,26025.49,0.00
2025-12-08,02:49:00,26056.25,26056.25,26054.25,26054.25,137,26058.59,26025.54,0.00
2025-12-08,02:50:00,26054.75,26055,26051.5,26052.5,115,26058.48,26025.58,0.00
2025-12-08,02:51:00,26052.25,26053,26051.5,26052.5,119,26058.35,26025.61,0.00
2025-12-08,02:52:00,26052.75,26054.5,26050.5,26051.25,146,26058.19,26025.66,0.00
2025-12-08,02:53:00,26051,26051.5,26047.5,26049,383,26057.65,26025.76,0.00
2025-12-08,02:54:00,26048.75,26051.25,26048.25,26050,150,26057.46,26025.80,0.00
2025-12-08,02:55:00,26049.25,26050.5,26048.5,26049.75,110,26057.33,26025.83,0.00
2025-12-08,02:56:00,26049.5,26051,26043.5,26043.75,389,26056.70,26025.92,0.00
2025-12-08,02:57:00,26043.5,26046.5,26041.5,26046,421,26056.00,26026.01,0.00
2025-12-08,02:58:00,26046.25,26047.25,26044.25,26045.25,90,26055.88,26026.03,0.00
2025-12-08,02:59:00,26045.75,26045.75,26043.25,26043.75,116,26055.70,26026.05,0.00
2025-12-08,03:00:00,26043.75,26044.75,26043.25,26043.25,104,26055.53,26026.07,0.00
2025-12-08,03:01:00,26043,26043,26030.75,26035,1513,26052.34,26026.24,0.00
2025-12-08,03:02:00,26035.5,26039,26034,26034.75,497,26051.49,26026.30,0.00
2025-12-08,03:03:00,26034.5,26037.5,26033.25,26037.5,192,26051.19,26026.32,0.00
2025-12-08,03:04:00,26037.25,26038.75,26033.25,26035.75,251,26050.81,26026.34,0.00
2025-12-08,03:05:00,26036,26040.5,26036,26039.75,238,26050.53,26026.38,0.00
2025-12-08,03:06:00,26040,26047.5,26040,26046,535,26050.23,26026.48,0.00
2025-12-08,03:07:00,26046,26046,26040.75,26040.75,221,26050.08,26026.52,0.00
2025-12-08,03:08:00,26041,26043.75,26038.25,26042.75,270,26049.87,26026.56,0.00
2025-12-08,03:09:00,26043.25,26048.75,26043.25,26046.75,247,26049.80,26026.62,0.00
2025-12-08,03:10:00,26046.75,26047.75,26043.25,26046.75,165,26049.74,26026.65,0.00
2025-12-08,03:11:00,26047,26048.25,26044.25,26045,244,26049.66,26026.70,0.00
2025-12-08,03:12:00,26045.5,26048,26043.5,26047.5,209,26049.61,26026.75,0.00
2025-12-08,03:13:00,26047.25,26049,26045.25,26048,177,26049.57,26026.78,0.00
2025-12-08,03:14:00,26048.25,26048.75,26046.5,26047,114,26049.55,26026.81,0.00
2025-12-08,03:15:00,26047.5,26049,26046,26047.25,140,26049.53,26026.84,0.00
2025-12-08,03:16:00,26047.5,26049,26046,26048,192,26049.50,26026.88,0.00
2025-12-08,03:17:00,26048,26059.5,26047.75,26058,748,26049.81,26027.11,0.00
2025-12-08,03:18:00,26058.5,26063.25,26057.75,26058.25,581,26050.22,26027.30,0.00
2025-12-08,03:19:00,26058.25,26060,26057.25,26060,170,26050.32,26027.36,0.00
2025-12-08,03:20:00,26059.5,26064.75,26057.5,26063.25,349,26050.60,26027.49,0.00
2025-12-08,03:21:00,26063,26067.5,26061.75,26062.5,512,26063.92,26027.68,0.00
2025-12-08,03:22:00,26063,26067.75,26063,26066.5,262,26065.75,26027.78,0.00
2025-12-08,03:23:00,26066,26069,26065.5,26066.5,315,26067.00,26027.91,0.00
2025-12-08,03:24:00,26065.25,26067.25,26063.25,26066.75,200,26066.51,26027.99,0.00
2025-12-08,03:25:00,26066.75,26067.75,26063.25,26064.25,216,26066.09,26028.07,0.00
2025-12-08,03:26:00,26065,26066.25,26063.25,26065.75,158,26065.91,26028.13,0.00
2025-12-08,03:27:00,26065.75,26067,26062.25,26062.5,181,26065.57,26028.20,0.00
2025-12-08,03:28:00,26063,26066.5,26060.75,26066.25,263,26065.36,26028.29,0.00
2025-12-08,03:29:00,26066.75,26068.75,26065,26065.25,255,26065.52,26028.39,0.00
2025-12-08,03:30:00,26065,26067,26064,26065.25,146,26065.51,26028.45,0.00
2025-12-08,03:31:00,26064.75,26065.25,26057.75,26061,490,26064.59,26028.61,0.00
2025-12-08,03:32:00,26060.25,26061.25,26059.25,26060.5,86,26064.43,26028.64,0.00
2025-12-08,03:33:00,26060,26064.5,26059.5,26063.25,160,26064.30,26028.69,0.00
2025-12-08,03:34:00,26063.75,26067.5,26063.75,26066.25,162,26064.40,26028.75,0.00
2025-12-08,03:35:00,26066.5,26071.25,26066.25,26069,308,26068.83,26028.88,0.00
2025-12-08,03:36:00,26069.5,26072.25,26069.5,26071,203,26070.92,26028.96,0.00
2025-12-08,03:37:00,26071.25,26072.25,26069.5,26070.75,195,26070.88,26029.04,0.00
2025-12-08,03:38:00,26071,26074.25,26070.25,26073,408,26072.50,26029.22,0.00
2025-12-08,03:39:00,26073.5,26074,26072,26073.25,205,26072.70,26029.31,0.00
2025-12-08,03:40:00,26072.25,26073.5,26071,26071.25,197,26072.51,26029.39,0.00
2025-12-08,03:41:00,26071.25,26074.25,26070.5,26070.75,234,26072.36,26029.49,0.00
2025-12-08,03:42:00,26070.75,26071.5,26067.5,26070,196,26071.93,26029.57,0.00
2025-12-08,03:43:00,26070.5,26071.25,26069.75,26070.5,63,26071.86,26029.60,0.00
2025-12-08,03:44:00,26070.25,26072.75,26070.25,26071.25,235,26071.79,26029.69,0.00
2025-12-08,03:45:00,26071.25,26072,26069.25,26069.25,71,26071.72,26029.72,0.00
2025-12-08,03:46:00,26069.5,26070.25,26064,26064.5,327,26070.80,26029.84,0.00
2025-12-08,03:47:00,26064.5,26067.25,26063.75,26065.5,254,26070.18,26029.93,0.00
2025-12-08,03:48:00,26064.5,26065.5,26059.5,26060.25,307,26069.15,26030.02,0.00
2025-12-08,03:49:00,26060.75,26064,26057.25,26063.25,348,26068.21,26030.13,0.00
2025-12-08,03:50:00,26063.25,26064.25,26061.25,26061.25,139,26067.93,26030.17,0.00
2025-12-08,03:51:00,26061.75,26062,26055.75,26056.5,328,26066.96,26030.26,0.00
2025-12-08,03:52:00,26056.75,26058.25,26053.75,26054.75,264,26066.12,26030.33,0.00
2025-12-08,03:53:00,26054.25,26056.75,26053,26055,262,26065.35,26030.39,0.00
2025-12-08,03:54:00,26055.25,26062.5,26053.75,26060.25,442,26064.68,26030.51,0.00
2025-12-08,03:55:00,26060.75,26065.5,26060.75,26064.5,299,26064.61,26030.60,0.00
2025-12-08,03:56:00,26065,26065.5,26059.5,26061,210,26064.49,26030.67,0.00
2025-12-08,03:57:00,26061.5,26062,26057,26058.75,133,26064.35,26030.70,0.00
2025-12-08,03:58:00,26058,26060.75,26055.75,26059.75,164,26064.17,26030.75,0.00
2025-12-08,03:59:00,26059.25,26060.25,26056.75,26057.75,189,26063.96,26030.79,0.00
2025-12-08,04:00:00,26057.75,26059,26054.25,26058.25,224,26063.68,26030.85,0.00
2025-12-08,04:01:00,26058.75,26059.75,26051.5,26055,751,26062.69,26031.02,0.00
2025-12-08,04:02:00,26054.5,26057.25,26045.5,26047.75,807,26061.26,26031.17,0.00
2025-12-08,04:03:00,26047.25,26051.25,26046,26051.25,357,26060.69,26031.23,0.00
2025-12-08,04:04:00,26051,26054.25,26048.5,26050.75,281,26060.34,26031.28,0.00
2025-12-08,04:05:00,26050.75,26057.75,26048.25,26055.75,377,26060.04,26031.36,0.00
2025-12-08,04:06:00,26055.25,26057.25,26049,26051.75,267,26059.81,26031.41,0.00
2025-12-08,04:07:00,26051,26052.75,26049,26049.25,169,26059.62,26031.44,0.00
2025-12-08,04:08:00,26049,26052.25,26048.5,26050.5,210,26059.40,26031.48,0.00
2025-12-08,04:09:00,26050.25,26054.5,26049,26051,197,26059.22,26031.52,0.00
2025-12-08,04:10:00,26051,26052,26046.25,26048,280,26058.90,26031.56,0.00
2025-12-08,04:11:00,26049.25,26052.75,26048.25,26050.5,243,26058.69,26031.60,0.00
2025-12-08,04:12:00,26050.5,26051.25,26045,26047,298,26058.35,26031.65,0.00
2025-12-08,04:13:00,26046.75,26049.5,26045.25,26048.5,235,26058.10,26031.68,0.00
2025-12-08,04:14:00,26048,26048.75,26042,26044,413,26057.58,26031.73,0.00
2025-12-08,04:15:00,26044.5,26046.75,26042.5,26045,223,26057.31,26031.76,0.00
2025-12-08,04:16:00,26045.25,26048.75,26043.75,26044.5,246,26057.04,26031.79,0.00
2025-12-08,04:17:00,26045.5,26056,26045.5,26053.25,439,26056.83,26031.86,0.00
2025-12-08,04:18:00,26053.25,26057.25,26052,26053,334,26056.75,26031.93,0.00
2025-12-08,04:19:00,26052.5,26054,26048.5,26049,402,26056.54,26032.00,0.00
2025-12-08,04:20:00,26048.25,26050.5,26044.25,26044.75,428,26056.20,26032.05,0.00
2025-12-08,04:21:00,26044.5,26048.5,26040.5,26048.5,363,26055.91,26032.10,0.00
2025-12-08,04:22:00,26048,26054,26048,26051.25,295,26055.80,26032.15,0.00
2025-12-08,04:23:00,26051.5,26054.5,26047.25,26054,288,26055.71,26032.20,0.00
2025-12-08,04:24:00,26054.25,26055,26051.25,26052.75,155,26055.68,26032.23,0.00
2025-12-08,04:25:00,26053.5,26053.75,26048.25,26049.5,152,26055.63,26032.25,0.00
2025-12-08,04:26:00,26050.25,26051,26043.25,26043.5,184,26055.50,26032.27,0.00
2025-12-08,04:27:00,26043.25,26044.5,26034.5,26040,787,26054.65,26032.32,0.00
2025-12-08,04:28:00,26039.75,26046.25,26039.5,26043.25,224,26054.47,26032.34,0.00
2025-12-08,04:29:00,26042.5,26043.25,26037,26040.5,234,26054.25,26032.36,0.00
2025-12-08,04:30:00,26040.25,26042.75,26036,26037.75,277,26053.98,26032.38,0.00
2025-12-08,04:31:00,26038,26042.25,26036,26041.5,235,26053.77,26032.39,0.00
2025-12-08,04:32:00,26041,26041.5,26032.25,26034.5,352,26053.38,26032.40,0.00
2025-12-08,04:33:00,26034.25,26039.25,26029.25,26039.25,607,26052.74,26032.42,0.00
2025-12-08,04:34:00,26038.5,26042,26036,26039.5,347,26052.46,26032.44,0.00
2025-12-08,04:35:00,26039.75,26040.25,26033.75,26037.25,213,26052.27,26032.45,0.00
2025-12-08,04:36:00,26038,26041.25,26037,26039,168,26052.14,26032.46,0.00
2025-12-08,04:37:00,26038.75,26039,26034.5,26035.25,205,26051.96,26032.46,0.00
2025-12-08,04:38:00,26035.75,26039,26034.25,26037.5,143,26051.83,26032.47,0.00
2025-12-08,04:39:00,26036.75,26045.25,26036.75,26044.5,314,26051.67,26032.50,0.00
2025-12-08,04:40:00,26043.5,26046.5,26041.5,26044.5,313,26051.54,26032.53,0.00
2025-12-08,04:41:00,26044,26046,26040.5,26041.75,228,26051.43,26032.55,0.00
2025-12-08,04:42:00,26040.75,26042.25,26036,26036,240,26051.26,26032.56,0.00
2025-12-08,04:43:00,26035.75,26038.25,26032.25,26034.5,318,26050.99,26032.56,0.00
2025-12-08,04:44:00,26034.25,26036.75,26031.75,26034,322,26050.71,26032.57,0.00
2025-12-08,04:45:00,26033.5,26036.5,26033.5,26035.25,108,26050.62,26032.57,0.00
2025-12-08,04:46:00,26035.25,26036.25,26027.75,26031.75,497,26050.16,26032.57,0.00
2025-12-08,04:47:00,26031,26032.75,26029,26030.5,182,26049.98,26032.57,0.00
2025-12-08,04:48:00,26030.25,26035.25,26028,26035,266,26049.76,26032.57,0.00
2025-12-08,04:49:00,26034.5,26035.75,26031.25,26032.25,194,26049.60,26032.57,0.00
2025-12-08,04:50:00,26032.25,26032.5,26026.25,26028.5,255,26049.35,26032.56,0.00
2025-12-08,04:51:00,26028,26028.25,26021.5,26024.5,763,26048.49,26032.51,0.00
2025-12-08,04:52:00,26024.25,26027.5,26023.25,26024,259,26048.21,26032.49,0.00
2025-12-08,04:53:00,26024,26027.75,26022.25,26027.5,260,26047.95,26032.48,0.00
2025-12-08,04:54:00,26026.5,26031,26026.5,26029.25,251,26047.73,26032.47,0.00
2025-12-08,04:55:00,26028.5,26031.5,26025,26031.5,267,26047.52,26032.47,0.00
2025-12-08,04:56:00,26030.5,26034,26030.25,26033.5,319,26047.31,26032.47,0.00
2025-12-08,04:57:00,26033,26033.25,26026.25,26029.25,248,26047.12,26032.46,0.00
2025-12-08,04:58:00,26029.75,26032.25,26028.75,26028.75,135,26047.02,26032.46,0.00
2025-12-08,04:59:00,26028.5,26031.5,26027,26028.25,195,26046.87,26032.45,0.00
2025-12-08,05:00:00,26029.5,26031.25,26027,26027.5,125,26046.78,26032.45,0.00
2025-12-08,05:01:00,26027.25,26032.75,26026.75,26028.25,327,26046.54,26032.44,0.00
2025-12-08,05:02:00,26028.75,26029.75,26025.25,26029.5,289,26046.32,26032.43,0.00
2025-12-08,05:03:00,26029.5,26032.5,26028,26031,222,26046.18,26032.43,0.00
2025-12-08,05:04:00,26030.5,26033.25,26029.5,26029.5,180,26046.07,26032.42,0.00
2025-12-08,05:05:00,26029.75,26035,26028,26029.5,254,26045.91,26032.42,0.00
2025-12-08,05:06:00,26029.5,26038.75,26029.5,26037.5,425,26045.73,26032.43,0.00
2025-12-08,05:07:00,26037.25,26039.5,26032.75,26036.25,354,26045.60,26032.44,0.00
2025-12-08,05:08:00,26036,26039.75,26036,26038,285,26045.52,26032.45,0.00
2025-12-08,05:09:00,26037.25,26040.5,26036.75,26040.25,199,26045.47,26032.46,0.00
2025-12-08,05:10:00,26039.75,26041.25,26036.5,26039.25,273,26045.40,26032.48,0.00
2025-12-08,05:11:00,26038.75,26041.75,26036.25,26038.25,289,26045.33,26032.49,0.00
2025-12-08,05:12:00,26038,26039.75,26035.5,26038.75,179,26045.28,26032.50,0.00
2025-12-08,05:13:00,26038.5,26040.25,26037,26040,82,26045.27,26032.50,0.00
2025-12-08,05:14:00,26040,26044,26038.5,26042.25,277,26045.23,26032.52,0.00
2025-12-08,05:15:00,26043,26043.25,26040.25,26042.5,152,26045.21,26032.54,0.00
2025-12-08,05:16:00,26042.25,26042.25,26037.75,26039.75,181,26045.18,26032.55,0.00
2025-12-08,05:17:00,26039.5,26041.75,26034.25,26034.75,270,26045.10,26032.55,0.00
2025-12-08,05:18:00,26034.75,26037,26031,26037,370,26044.96,26032.56,0.00
2025-12-08,05:19:00,26037,26038.5,26035.5,26036.75,105,26044.93,26032.57,0.00
2025-12-08,05:20:00,26037.25,26040.25,26035,26040.25,130,26044.91,26032.57,0.00
2025-12-08,05:21:00,26040.25,26044.75,26039.75,26043.5,335,26044.88,26032.60,0.00
2025-12-08,05:22:00,26043,26044.75,26042,26042.75,186,26044.87,26032.61,0.00
2025-12-08,05:23:00,26042.25,26045.25,26038,26044.5,229,26044.85,26032.63,0.00
2025-12-08,05:24:00,26044.25,26044.25,26040.5,26043.5,126,26044.84,26032.64,0.00
2025-12-08,05:25:00,26042.75,26045.25,26041.25,26042,206,26044.83,26032.66,0.00
2025-12-08,05:26:00,26041.5,26044.5,26041.25,26044.5,120,26044.82,26032.67,0.00
2025-12-08,05:27:00,26044.75,26048.25,26044.25,26046.25,445,26044.84,26032.71,0.00
2025-12-08,05:28:00,26046,26048.75,26041.75,26047.5,415,26044.86,26032.76,0.00
2025-12-08,05:29:00,26047.25,26050.5,26044.5,26044.5,342,26044.88,26032.79,0.00
2025-12-08,05:30:00,26045.25,26049,26044.75,26047,154,26044.89,26032.81,0.00
2025-12-08,05:31:00,26047.75,26049.5,26045.5,26046.5,209,26044.90,26032.83,0.00
2025-12-08,05:32:00,26046.25,26048.75,26043.75,26045.75,165,26044.91,26032.85,0.00
2025-12-08,05:33:00,26045.75,26049.25,26045.75,26047.5,202,26044.92,26032.87,0.00
2025-12-08,05:34:00,26047.5,26051,26044.75,26046.5,220,26044.94,26032.89,0.00
2025-12-08,05:35:00,26046.5,26048.25,26044.75,26046.75,161,26044.95,26032.91,0.00
2025-12-08,05:36:00,26047.75,26049.75,26039.75,26041.5,496,26044.93,26032.95,0.00
2025-12-08,05:37:00,26041.75,26043.5,26037.5,26043.5,386,26044.89,26032.98,0.00
2025-12-08,05:38:00,26043,26044.5,26041.25,26043.25,188,26044.88,26032.99,0.00
2025-12-08,05:39:00,26042.75,26044,26040.75,26042.25,129,26044.87,26033.00,0.00
2025-12-08,05:40:00,26042.5,26046.5,26040.25,26046.25,202,26044.87,26033.02,0.00
2025-12-08,05:41:00,26046.25,26047.25,26040,26040.25,270,26044.85,26033.03,0.00
2025-12-08,05:42:00,26041.25,26043,26040.25,26041,101,26044.84,26033.04,0.00
2025-12-08,05:43:00,26041.25,26042,26037.5,26037.5,197,26044.80,26033.05,0.00
2025-12-08,05:44:00,26037.75,26037.75,26031.5,26034.75,646,26044.61,26033.06,0.00
2025-12-08,05:45:00,26034,26036.75,26034,26034.5,180,26044.57,26033.06,0.00
2025-12-08,05:46:00,26034,26034.5,26028,26028.75,342,26044.43,26033.05,0.00
2025-12-08,05:47:00,26028.25,26031,26021.75,26029.5,642,26044.12,26033.03,0.00
2025-12-08,05:48:00,26028,26033,26026.75,26029.5,232,26044.03,26033.02,0.00
2025-12-08,05:49:00,26029.25,26030,26025.25,26027,210,26043.94,26033.01,0.00
2025-12-08,05:50:00,26027.25,26029.5,26026,26026,184,26043.85,26033.01,0.00
2025-12-08,05:51:00,26026.5,26033.5,26025.25,26031,361,26043.71,26033.00,0.00
2025-12-08,05:52:00,26030.25,26032.5,26030,26031.25,186,26043.65,26032.99,0.00
2025-12-08,05:53:00,26030,26032.25,26029.5,26032.25,122,26043.61,26032.99,0.00
2025-12-08,05:54:00,26033.25,26037.25,26032,26033,306,26043.53,26033.00,0.00
2025-12-08,05:55:00,26032.25,26035.5,26031.5,26032.75,128,26043.50,26033.00,0.00
2025-12-08,05:56:00,26032.5,26032.5,26028.5,26030.75,199,26043.43,26032.99,0.00
2025-12-08,05:57:00,26030.75,26034.25,26029.25,26030.75,199,26043.37,26032.99,0.00
2025-12-08,05:58:00,26031,26032,26027.5,26030.25,156,26043.31,26032.99,0.00
2025-12-08,05:59:00,26030.25,26030.5,26025,26027.5,244,26043.21,26032.98,0.00
2025-12-08,06:00:00,26027.5,26028.5,26022.25,26027.25,367,26043.05,26032.96,0.00
2025-12-08,06:01:00,26027,26032,26026.25,26028,416,26042.90,26032.95,0.00
2025-12-08,06:02:00,26028.25,26028.25,26023.5,26024.5,217,26042.80,26032.93,0.00
2025-12-08,06:03:00,26024.25,26026.75,26022.5,26026.5,306,26042.67,26032.92,0.00
2025-12-08,06:04:00,26026.75,26028,26017.25,26019.75,719,26042.29,26032.86,0.00
2025-12-08,06:05:00,26019,26024.5,26017.75,26021.75,354,26042.11,26032.83,0.00
2025-12-08,06:06:00,26021.75,26021.75,26015.25,26018,371,26041.90,26032.79,0.00
2025-12-08,06:07:00,26018.75,26023,26017.25,26022.5,274,26041.76,26032.77,0.00
2025-12-08,06:08:00,26022.75,26025.75,26019,26020,229,26041.65,26032.75,0.00
2025-12-08,06:09:00,26019.75,26021,26016.25,26019.25,292,26041.49,26032.72,0.00
2025-12-08,06:10:00,26018.5,26023.25,26018.5,26023.25,210,26041.39,26032.71,0.00
2025-12-08,06:11:00,26023.25,26027.25,26022.5,26026.25,349,26041.26,26032.69,0.00
2025-12-08,06:12:00,26025.75,26031,26025.75,26030.75,360,26041.16,26032.68,0.00
2025-12-08,06:13:00,26030.75,26034,26029.75,26032.25,523,26041.05,26032.68,0.00
2025-12-08,06:14:00,26032.75,26033,26025,26028.5,329,26040.95,26032.67,0.00
2025-12-08,06:15:00,26028.25,26030.5,26027.25,26030,79,26040.93,26032.67,0.00
2025-12-08,06:16:00,26030,26030.75,26027,26027.25,130,26040.90,26032.66,0.00
2025-12-08,06:17:00,26026.75,26028,26023.75,26026,188,26040.83,26032.65,0.00
2025-12-08,06:18:00,26026.25,26027,26021.25,26023.25,297,26040.72,26032.64,0.00
2025-12-08,06:19:00,26023.75,26024.25,26019.75,26020.75,262,26040.61,26032.62,0.00
2025-12-08,06:20:00,26021,26026.75,26020.25,26026.75,328,26040.49,26032.60,0.00
2025-12-08,06:21:00,26025,26028.25,26023.25,26023.25,178,26040.43,26032.59,0.00
2025-12-08,06:22:00,26023.25,26024.75,26020.5,26023.5,178,26040.36,26032.58,0.00
2025-12-08,06:23:00,26024.25,26028,26024.25,26027.75,116,26040.33,26032.57,0.00
2025-12-08,06:24:00,26027.5,26030,26024.75,26027,184,26040.27,26032.56,0.00
2025-12-08,06:25:00,26027.5,26031.75,26027,26030,221,26040.22,26032.56,0.00
2025-12-08,06:26:00,26029.5,26031.75,26027.5,26030.5,179,26040.18,26032.56,0.00
2025-12-08,06:27:00,26030.25,26032.75,26029.5,26032.75,244,26040.14,26032.56,0.00
2025-12-08,06:28:00,26032.75,26036,26031.25,26033,336,26040.09,26032.56,0.00
2025-12-08,06:29:00,26033.25,26034.5,26031.5,26034.5,124,26040.07,26032.56,0.00
2025-12-08,06:30:00,26034.75,26043.75,26034.75,26042.5,560,26040.07,26032.59,0.00
2025-12-08,06:31:00,26042.25,26043.75,26039.5,26040.5,356,26040.08,26032.61,0.00
2025-12-08,06:32:00,26040.25,26041.5,26037.75,26041.5,230,26040.08,26032.62,0.00
2025-12-08,06:33:00,26042.25,26044.75,26040.5,26043.25,376,26040.10,26032.65,0.00
2025-12-08,06:34:00,26043.25,26048,26043,26047.25,444,26040.16,26032.69,0.00
2025-12-08,06:35:00,26047.5,26050.75,26046.75,26049,407,26040.23,26032.73,0.00
2025-12-08,06:36:00,26049.25,26052,26044.25,26046.5,435,26040.30,26032.77,0.00
2025-12-08,06:37:00,26046.75,26048,26043.25,26046,231,26040.32,26032.79,0.00
2025-12-08,06:38:00,26045.75,26046.75,26044.5,26046.75,153,26040.34,26032.81,0.00
2025-12-08,06:39:00,26046.25,26048.75,26045.5,26046.5,143,26040.36,26032.82,0.00
2025-12-08,06:40:00,26047,26048.25,26045.5,26045.5,70,26040.36,26032.83,0.00
2025-12-08,06:41:00,26045.5,26046,26043.75,26044.75,112,26040.37,26032.84,0.00
2025-12-08,06:42:00,26045,26047.25,26044.5,26046.25,99,26040.39,26032.84,0.00
2025-12-08,06:43:00,26045.75,26046.5,26042.75,26043.75,194,26040.40,26032.86,0.00
2025-12-08,06:44:00,26043.5,26045,26040.25,26043.75,295,26040.42,26032.88,0.00
2025-12-08,06:45:00,26043.75,26046.5,26043.75,26045.5,179,26040.43,26032.89,0.00
2025-12-08,06:46:00,26045.5,26046.75,26044.5,26046.25,137,26040.45,26032.91,0.00
2025-12-08,06:47:00,26046.25,26047,26041,26042.75,298,26040.47,26032.93,0.00
2025-12-08,06:48:00,26042.5,26048.75,26042.5,26048.5,309,26040.50,26032.95,0.00
2025-12-08,06:49:00,26048.5,26049.25,26046.25,26047.75,160,26040.52,26032.97,0.00
2025-12-08,06:50:00,26047.5,26049,26046.25,26047.25,72,26040.53,26032.98,0.00
2025-12-08,06:51:00,26047.5,26051.25,26047.25,26048.75,178,26040.56,26033.00,0.00
2025-12-08,06:52:00,26048.25,26048.25,26043.75,26048,206,26040.59,26033.01,0.00
2025-12-08,06:53:00,26048,26049.75,26047,26049.75,121,26040.61,26033.03,0.00
2025-12-08,06:54:00,26049.25,26053.25,26047.75,26048.5,468,26040.69,26033.08,0.00
2025-12-08,06:55:00,26048.25,26050.5,26047.5,26048.75,164,26040.71,26033.10,0.00
2025-12-08,06:56:00,26048.75,26050.75,26048.25,26048.75,209,26040.75,26033.12,0.00
2025-12-08,06:57:00,26049,26049.75,26045,26047.75,358,26040.79,26033.15,0.00
2025-12-08,06:58:00,26047.75,26049.25,26045,26047.5,194,26040.81,26033.17,0.00
2025-12-08,06:59:00,26047.75,26049.75,26044,26046,226,26040.84,26033.19,0.00
2025-12-08,07:00:00,26046.25,26048,26046.25,26046.75,210,26040.86,26033.21,0.00
2025-12-08,07:01:00,26046.75,26047.25,26041.25,26044.25,577,26040.90,26033.25,0.00
2025-12-08,07:02:00,26044.25,26045,26036.5,26039,571,26040.89,26033.27,0.00
2025-12-08,07:03:00,26039.25,26041,26036.25,26039,236,26040.88,26033.28,0.00
2025-12-08,07:04:00,26039,26041.5,26038,26040.25,244,26040.88,26033.29,0.00
2025-12-08,07:05:00,26040.75,26043.25,26038,26039,231,26040.87,26033.30,0.00
2025-12-08,07:06:00,26039.25,26039.25,26032.25,26033.75,447,26040.83,26033.31,0.00
2025-12-08,07:07:00,26034.25,26042,26033.5,26041,328,26040.82,26033.32,0.00
2025-12-08,07:08:00,26041.25,26044.25,26040.5,26042,322,26040.83,26033.34,0.00
2025-12-08,07:09:00,26042.25,26044.25,26040.5,26041.25,245,26040.83,26033.35,0.00
2025-12-08,07:10:00,26040.75,26046.25,26040.75,26044.25,285,26040.84,26033.37,0.00
2025-12-08,07:11:00,26044.25,26045,26038.25,26039.75,341,26040.85,26033.39,0.00
2025-12-08,07:12:00,26039.5,26041.75,26036.5,26037,226,26040.84,26033.39,0.00
2025-12-08,07:13:00,26037.25,26042,26037.25,26040.75,212,26040.83,26033.40,0.00
2025-12-08,07:14:00,26041,26042.25,26037.75,26041.75,365,26040.83,26033.42,0.00
2025-12-08,07:15:00,26042,26050.5,26041.25,26047.25,770,26040.90,26033.48,0.00
2025-12-08,07:16:00,26046.75,26050.75,26043,26045.5,444,26040.94,26033.52,0.00
2025-12-08,07:17:00,26045.25,26050.25,26042.5,26047.75,265,26040.97,26033.54,0.00
2025-12-08,07:18:00,26047.25,26048.25,26044.25,26047,131,26040.98,26033.55,0.00
2025-12-08,07:19:00,26046.25,26048.5,26046,26046.75,112,26040.99,26033.56,0.00
2025-12-08,07:20:00,26047,26048.25,26040,26044,311,26041.01,26033.58,0.00
2025-12-08,07:21:00,26043.75,26044.5,26039.5,26042.5,441,26041.02,26033.60,0.00
2025-12-08,07:22:00,26042.75,26045,26038.75,26040.25,222,26041.02,26033.61,0.00
2025-12-08,07:23:00,26040,26040.5,26034.25,26035.75,328,26041.00,26033.62,0.00
2025-12-08,07:24:00,26035.25,26036.25,26031.25,26034.25,473,26040.94,26033.62,0.00
2025-12-08,07:25:00,26034.25,26035.25,26029.75,26030,252,26040.90,26033.62,0.00
2025-12-08,07:26:00,26029.75,26035.25,26026.25,26033.75,516,26040.83,26033.61,0.00
2025-12-08,07:27:00,26033,26033,26027.75,26030,223,26040.79,26033.61,0.00
2025-12-08,07:28:00,26030.25,26031,26027.25,26029.25,196,26040.76,26033.60,0.00
2025-12-08,07:29:00,26028.75,26030.75,26026,26028,194,26040.72,26033.60,0.00
2025-12-08,07:30:00,26028.25,26028.25,26024.25,26027.25,337,26040.64,26033.58,0.00
2025-12-08,07:31:00,26027.25,26030.75,26026.5,26027.25,305,26040.59,26033.57,0.00
2025-12-08,07:32:00,26027,26028.5,26025,26028,240,26040.54,26033.56,0.00
2025-12-08,07:33:00,26027.75,26029.75,26025.25,26027.75,249,26040.49,26033.55,0.00
2025-12-08,07:34:00,26027.5,26029.75,26025.75,26027.75,168,26040.45,26033.55,0.00
2025-12-08,07:35:00,26027.5,26030,26024,26027,243,26040.40,26033.54,0.00
2025-12-08,07:36:00,26026.5,26030.5,26024.75,26030.25,202,26040.37,26033.53,0.00
2025-12-08,07:37:00,26029.5,26030.5,26028.25,26030.25,144,26040.34,26033.53,0.00
2025-12-08,07:38:00,26029.75,26033.25,26028.75,26031.25,234,26040.31,26033.52,0.00
2025-12-08,07:39:00,26031.75,26034,26029.25,26030,283,26040.27,26033.52,0.00
2025-12-08,07:40:00,26030.25,26032.75,26029.75,26032.75,178,26040.25,26033.52,0.00
2025-12-08,07:41:00,26032.75,26033.75,26030,26032.25,198,26040.22,26033.52,0.00
2025-12-08,07:42:00,26032.25,26035.25,26031.5,26033.75,290,26040.19,26033.52,0.00
2025-12-08,07:43:00,26034,26035.25,26032.25,26034.25,152,26040.18,26033.52,0.00
2025-12-08,07:44:00,26033.75,26033.75,26029.75,26031.5,316,26040.14,26033.51,0.00
2025-12-08,07:45:00,26032.25,26036.75,26031.25,26035.75,159,26040.13,26033.51,0.00
2025-12-08,07:46:00,26035.5,26036.5,26031,26032.25,229,26040.10,26033.51,0.00
2025-12-08,07:47:00,26031.75,26032.75,26029.5,26030.5,233,26040.07,26033.51,0.00
2025-12-08,07:48:00,26030.5,26034.75,26029.5,26033,243,26040.05,26033.51,0.00
2025-12-08,07:49:00,26033,26035.25,26029.5,26031.5,331,26040.01,26033.51,0.00
2025-12-08,07:50:00,26031.25,26032.75,26030.5,26032.75,119,26039.99,26033.50,0.00
2025-12-08,07:51:00,26032.5,26032.5,26030.25,26031.25,223,26039.97,26033.50,0.00
2025-12-08,07:52:00,26030.75,26036.5,26030.5,26036.5,226,26039.95,26033.50,0.00
2025-12-08,07:53:00,26036.75,26038.5,26033.5,26033.5,407,26039.92,26033.51,0.00
2025-12-08,07:54:00,26033.75,26034.5,26030.75,26031,258,26039.89,26033.50,0.00
2025-12-08,07:55:00,26031,26035,26029.75,26032.75,284,26039.86,26033.50,0.00
2025-12-08,07:56:00,26032.75,26034.5,26028.25,26030.25,441,26039.81,26033.50,0.00
2025-12-08,07:57:00,26031.25,26031.75,26028.25,26029.75,236,26039.77,26033.49,0.00
2025-12-08,07:58:00,26029.25,26030.25,26026.75,26029.25,244,26039.73,26033.49,0.00
2025-12-08,07:59:00,26029,26031.5,26028,26028,138,26039.71,26033.48,0.00
2025-12-08,08:00:00,26027.25,26030.25,26027,26028,158,26039.69,26033.48,0.00
2025-12-08,08:01:00,26028.25,26030.5,26019.75,26024,1049,26039.47,26033.42,0.00
2025-12-08,08:02:00,26023.25,26024.75,26018,26024.5,773,26039.29,26033.37,0.00
2025-12-08,08:03:00,26024.5,26034,26024,26032.75,501,26039.23,26033.37,0.00
2025-12-08,08:04:00,26033.5,26039.75,26032.75,26039,532,26039.22,26033.38,0.00
2025-12-08,08:05:00,26038.5,26040.75,26035.75,26038.25,634,26039.21,26033.39,0.00
2025-12-08,08:06:00,26038,26039.25,26033,26034.5,242,26039.20,26033.40,0.00
2025-12-08,08:07:00,26034.5,26038.5,26033.75,26037.75,266,26039.19,26033.40,0.00
2025-12-08,08:08:00,26037,26038.5,26031.75,26034,176,26039.18,26033.40,0.00
2025-12-08,08:09:00,26033.75,26038.5,26033.5,26037,143,26039.17,26033.41,0.00
2025-12-08,08:10:00,26038,26040,26036,26038.25,202,26039.17,26033.41,0.00
2025-12-08,08:11:00,26036.5,26037.5,26033.25,26035.25,177,26039.16,26033.41,0.00
2025-12-08,08:12:00,26035.75,26037,26032,26032.75,231,26039.14,26033.41,0.00
2025-12-08,08:13:00,26033,26035,26031.75,26034.5,202,26039.13,26033.42,0.00
2025-12-08,08:14:00,26034.5,26035.5,26033,26034,93,26039.12,26033.42,0.00
2025-12-08,08:15:00,26033.75,26035.75,26033.25,26035.5,213,26039.11,26033.42,0.00
2025-12-08,08:16:00,26035.25,26038.25,26033.5,26038,271,26039.10,26033.42,0.00
2025-12-08,08:17:00,26037.75,26041.25,26037.25,26040.5,352,26039.11,26033.43,0.00
2025-12-08,08:18:00,26041,26042.5,26037.5,26037.75,371,26039.11,26033.45,0.00
2025-12-08,08:19:00,26037.75,26041.75,26036.75,26040.75,226,26039.11,26033.45,0.00
2025-12-08,08:20:00,26040.75,26040.75,26036.75,26037.25,146,26039.11,26033.46,0.00
2025-12-08,08:21:00,26037.5,26041,26035,26035,464,26039.09,26033.47,0.00
2025-12-08,08:22:00,26035.5,26038.5,26035,26037,160,26039.09,26033.47,0.00
2025-12-08,08:23:00,26037,26040.25,26036.25,26040.25,163,26039.09,26033.48,0.00
2025-12-08,08:24:00,26040.5,26043.5,26040.25,26042.75,381,26039.10,26033.49,0.00
2025-12-08,08:25:00,26042.75,26043,26040.5,26042.75,406,26039.12,26033.51,0.00
2025-12-08,08:26:00,26042.5,26045.25,26039.5,26043,731,26039.15,26033.55,0.00
2025-12-08,08:27:00,26042.5,26042.5,26036.25,26039.75,463,26039.15,26033.57,0.00
2025-12-08,08:28:00,26039.75,26042.5,26038.75,26039.75,216,26039.16,26033.57,0.00
2025-12-08,08:29:00,26039.75,26041,26037,26040.5,334,26039.16,26033.58,0.00
2025-12-08,08:30:00,26040.5,26041.75,26038.5,26038.75,108,26039.16,26033.59,0.00
2025-12-08,08:31:00,26038.75,26039.5,26036.5,26039,373,26039.15,26033.60,0.00
2025-12-08,08:32:00,26039,26040.25,26036.5,26037,239,26039.15,26033.60,0.00
2025-12-08,08:33:00,26037.25,26039.75,26036.25,26038.25,207,26039.15,26033.61,0.00
2025-12-08,08:34:00,26038.5,26041.25,26038.25,26041,200,26039.15,26033.62,0.00
2025-12-08,08:35:00,26041,26045.5,26040,26043,401,26039.17,26033.64,0.00
2025-12-08,08:36:00,26043.25,26046,26041.75,26042.5,216,26039.18,26033.65,0.00
2025-12-08,08:37:00,26042.5,26043.25,26038,26042.25,310,26039.19,26033.66,0.00
2025-12-08,08:38:00,26042.25,26044,26040.25,26044,221,26039.20,26033.67,0.00
2025-12-08,08:39:00,26044,26045.75,26042.5,26045.5,174,26039.21,26033.68,0.00
2025-12-08,08:40:00,26045.75,26046.5,26044,26045,191,26039.22,26033.69,0.00
2025-12-08,08:41:00,26045,26045.5,26041.75,26043,325,26039.24,26033.71,0.00
2025-12-08,08:42:00,26043.25,26046.5,26042.25,26045.5,196,26039.25,26033.72,0.00
2025-12-08,08:43:00,26046,26055.25,26045.5,26054.25,958,26039.39,26033.81,0.00
2025-12-08,08:44:00,26054.25,26055,26050.75,26053.75,605,26039.48,26033.88,0.00
2025-12-08,08:45:00,26054,26054.5,26051.25,26053.75,286,26039.53,26033.91,0.00
2025-12-08,08:46:00,26053.75,26057.25,26051.25,26055.5,467,26039.61,26033.96,0.00
2025-12-08,08:47:00,26055.5,26056.5,26054.5,26056.25,178,26039.64,26033.98,0.00
2025-12-08,08:48:00,26056.25,26059.5,26054.5,26058.75,550,26039.76,26034.05,0.00
2025-12-08,08:49:00,26058.75,26062,26058,26061.75,450,26039.86,26034.11,0.00
2025-12-08,08:50:00,26061.75,26064.25,26060.75,26063.75,420,26039.97,26034.18,0.00
2025-12-08,08:51:00,26064.25,26064.75,26060.75,26061.25,531,26040.11,26034.26,0.00
2025-12-08,08:52:00,26060.75,26062.5,26056.25,26057,419,26040.19,26034.31,0.00
2025-12-08,08:53:00,26057.5,26060,26055.75,26058.75,461,26040.28,26034.37,0.00
2025-12-08,08:54:00,26058.5,26060.75,26056.75,26057.75,251,26040.33,26034.40,0.00
2025-12-08,08:55:00,26057,26059.25,26055.25,26057.75,244,26040.38,26034.43,0.00
2025-12-08,08:56:00,26057.5,26059.5,26056.25,26057.75,274,26040.43,26034.46,0.00
2025-12-08,08:57:00,26057.75,26058.25,26054.25,26056.5,279,26040.48,26034.49,0.00
2025-12-08,08:58:00,26056.25,26057,26052.25,26054,489,26040.56,26034.55,0.00
2025-12-08,08:59:00,26054,26055.25,26050,26054,456,26040.62,26034.59,0.00
2025-12-08,09:00:00,26054.25,26058,26053.5,26056.75,402,26040.69,26034.63,0.00
2025-12-08,09:01:00,26056.5,26060.25,26052.75,26052.75,888,26040.82,26034.73,0.00
2025-12-08,09:02:00,26053,26060,26052,26057,454,26040.90,26034.78,0.00
2025-12-08,09:03:00,26057,26058,26054,26055.5,250,26040.94,26034.81,0.00
2025-12-08,09:04:00,26055.5,26060,26054,26059,225,26040.98,26034.83,0.00
2025-12-08,09:05:00,26059,26060.5,26056.5,26060.25,202,26041.02,26034.86,0.00
2025-12-08,09:06:00,26060,26062.5,26058.75,26058.75,322,26041.08,26034.90,0.00
2025-12-08,09:07:00,26059,26062,26058.25,26061.25,221,26041.13,26034.93,0.00
2025-12-08,09:08:00,26060.5,26061.25,26057.25,26059.5,193,26041.17,26034.95,0.00
2025-12-08,09:09:00,26059.25,26061.25,26057.5,26060,221,26041.21,26034.98,0.00
2025-12-08,09:10:00,26059.75,26062.5,26058.5,26061.75,258,26041.26,26035.02,0.00
2025-12-08,09:11:00,26061.75,26063.25,26057.5,26057.5,342,26041.33,26035.06,0.00
2025-12-08,09:12:00,26057.25,26060.5,26056.75,26059.75,159,26041.35,26035.08,0.00
2025-12-08,09:13:00,26059.5,26062.25,26058.5,26061.75,209,26041.40,26035.10,0.00
2025-12-08,09:14:00,26062,26068.25,26061.75,26067.5,663,26041.56,26035.21,0.00
2025-12-08,09:15:00,26067.75,26068,26064.5,26066,368,26041.66,26035.27,0.00
2025-12-08,09:16:00,26066.25,26067.75,26063.25,26066.75,349,26041.74,26035.32,0.00
2025-12-08,09:17:00,26067,26070.75,26065,26066.25,481,26041.87,26035.40,0.00
2025-12-08,09:18:00,26066.25,26067.75,26065,26067.25,376,26041.96,26035.46,0.00
2025-12-08,09:19:00,26066.5,26071.5,26066.5,26069.25,503,26042.10,26035.54,0.00
2025-12-08,09:20:00,26069.5,26071.75,26069,26069.75,267,26042.18,26035.59,0.00
2025-12-08,09:21:00,26069.75,26084,26068.5,26082,2284,26078.17,26036.07,0.00
2025-12-08,09:22:00,26082.25,26086.25,26080.5,26081,1678,26082.58,26036.45,0.00
2025-12-08,09:23:00,26081,26081.25,26063.75,26065,1830,26076.02,26036.75,0.00
2025-12-08,09:24:00,26065,26069.5,26063.75,26067.75,991,26074.03,26036.90,0.00
2025-12-08,09:25:00,26067.75,26068.5,26051.25,26057.75,1726,26069.91,26037.08,0.00
2025-12-08,09:26:00,26057.75,26064.25,26055.75,26058.25,962,26068.51,26037.19,0.00
2025-12-08,09:27:00,26058.25,26063,26055.75,26059.75,508,26067.91,26037.24,0.00
2025-12-08,09:28:00,26059.5,26060.25,26053.75,26056.5,501,26067.23,26037.29,0.00
2025-12-08,09:29:00,26056.5,26057.5,26053,26057.5,380,26066.74,26037.32,0.00
2025-12-08,09:30:00,26057.75,26062.25,26057,26061.75,442,26066.42,26037.37,0.00
2025-12-08,09:31:00,26062,26064,26047.75,26048.5,1443,26064.63,26037.48,0.00
2025-12-08,09:32:00,26048,26049.75,26039.75,26042.5,1525,26062.00,26037.53,0.00
2025-12-08,09:33:00,26043,26045.5,26038,26044,1249,26060.16,26037.56,0.00
2025-12-08,09:34:00,26044,26047.25,26043.25,26044.75,637,26059.47,26037.58,0.00
2025-12-08,09:35:00,26044.5,26046,26042.25,26043.5,401,26059.03,26037.59,0.00
2025-12-08,09:36:00,26044,26047.5,26040.25,26044.75,606,26058.43,26037.61,0.00
2025-12-08,09:37:00,26045.75,26049,26045.25,26047.25,394,26058.14,26037.63,0.00
2025-12-08,09:38:00,26047.5,26049.75,26044.75,26048.25,411,26057.86,26037.64,0.00
2025-12-08,09:39:00,26048.5,26049,26040.5,26045,624,26057.36,26037.66,0.00
2025-12-08,09:40:00,26045.25,26048.25,26043.25,26046.5,363,26057.12,26037.68,0.00
2025-12-08,09:41:00,26046.25,26047.5,26041.5,26046.75,518,26056.76,26037.70,0.00
2025-12-08,09:42:00,26047.25,26049.25,26046.25,26046.25,284,26056.60,26037.71,0.00
2025-12-08,09:43:00,26046.25,26052.25,26046,26052,494,26056.42,26037.74,0.00
2025-12-08,09:44:00,26052,26055.5,26050,26055.5,779,26056.31,26037.79,0.00
2025-12-08,09:45:00,26055.25,26059,26054.25,26058.75,769,26056.35,26037.86,0.00
2025-12-08,09:46:00,26058.5,26062,26057.25,26059.75,666,26056.46,26037.93,0.00
2025-12-08,09:47:00,26059.75,26061.5,26054.5,26060.75,610,26056.53,26037.98,0.00
2025-12-08,09:48:00,26060.5,26062.5,26058,26059.25,518,26056.61,26038.03,0.00
2025-12-08,09:49:00,26059,26060,26055.5,26057,412,26056.63,26038.07,0.00
2025-12-08,09:50:00,26057,26059.5,26056.25,26058.25,269,26056.65,26038.09,0.00
2025-12-08,09:51:00,26058,26059.75,26051,26057.75,804,26056.63,26038.16,0.00
2025-12-08,09:52:00,26058.25,26059.5,26053.75,26055.25,381,26056.62,26038.19,0.00
2025-12-08,09:53:00,26055.5,26059,26052.75,26056.25,427,26056.61,26038.22,0.00
2025-12-08,09:54:00,26056.75,26061.25,26051,26059.5,654,26056.63,26038.28,0.00
2025-12-08,09:55:00,26059.5,26063.75,26059.25,26062.5,611,26056.76,26038.34,0.00
2025-12-08,09:56:00,26063,26067.75,26062,26067,787,26057.03,26038.44,0.00
2025-12-08,09:57:00,26067.25,26067.75,26059.25,26061.25,639,26057.17,26038.51,0.00
2025-12-08,09:58:00,26061,26063,26059.5,26062.25,263,26057.21,26038.53,0.00
2025-12-08,09:59:00,26062.75,26064.25,26057.5,26057.75,652,26057.27,26038.59,0.00
2025-12-08,10:00:00,26057.75,26063.75,26056.25,26063,517,26057.34,26038.64,0.00
2025-12-08,10:01:00,26063.25,26067,26059.75,26062.75,822,26057.51,26038.73,0.00
2025-12-08,10:02:00,26062.5,26067.5,26061.75,26067,571,26057.67,26038.80,0.00
2025-12-08,10:03:00,26067,26067.75,26064,26064,424,26057.77,26038.85,0.00
2025-12-08,10:04:00,26064.5,26074.75,26063.5,26073,1179,26058.26,26039.01,0.00
2025-12-08,10:05:00,26072.75,26077.25,26071.75,26076.25,835,26058.70,26039.13,0.00
2025-12-08,10:06:00,26075.75,26077,26069.75,26073.25,805,26059.07,26039.25,0.00
2025-12-08,10:07:00,26073.75,26076.25,26069.75,26074.5,469,26059.27,26039.32,0.00
2025-12-08,10:08:00,26074.5,26075.75,26070.25,26072,360,26059.42,26039.37,0.00
2025-12-08,10:09:00,26072,26074.75,26070.25,26070.25,309,26059.53,26039.41,0.00
2025-12-08,10:10:00,26070.25,26072.5,26070.25,26071.5,318,26059.65,26039.46,0.00
2025-12-08,10:11:00,26071.25,26072.25,26067.75,26069.75,533,26059.80,26039.53,0.00
2025-12-08,10:12:00,26070,26072,26068,26068.75,292,26059.89,26039.56,0.00
2025-12-08,10:13:00,26069.5,26071.25,26066,26071.25,427,26060.00,26039.62,0.00
2025-12-08,10:14:00,26070.75,26074.25,26069,26071.75,442,26060.15,26039.68,0.00
2025-12-08,10:15:00,26071.25,26073.25,26070.75,26071.75,227,26060.22,26039.71,0.00
2025-12-08,10:16:00,26072,26072.75,26057.5,26061.75,1581,26060.38,26039.87,0.00
2025-12-08,10:17:00,26061.25,26067.5,26059.75,26062.75,827,26060.45,26039.95,0.00
2025-12-08,10:18:00,26062.25,26063.25,26057.5,26058.25,606,26060.44,26040.00,0.00
2025-12-08,10:19:00,26057.5,26070,26056.75,26069.5,856,26060.54,26040.09,0.00
2025-12-08,10:20:00,26069.5,26071.25,26065,26067,519,26060.64,26040.15,0.00
2025-12-08,10:21:00,26066.75,26072,26066.25,26068.5,566,26060.75,26040.22,0.00
2025-12-08,10:22:00,26068.5,26071.25,26062,26064.5,660,26060.83,26040.29,0.00
2025-12-08,10:23:00,26064.5,26064.75,26058.75,26061.75,630,26060.85,26040.34,0.00
2025-12-08,10:24:00,26061.75,26067.25,26061.5,26063.75,397,26060.88,26040.38,0.00
2025-12-08,10:25:00,26064,26065.25,26054.25,26057,972,26060.83,26040.45,0.00
2025-12-08,10:26:00,26057.5,26057.5,26046.5,26050.25,1826,26060.45,26040.54,0.00
2025-12-08,10:27:00,26050.25,26051.75,26044.25,26047.5,1027,26060.17,26040.57,0.00
2025-12-08,10:28:00,26047.5,26048.5,26035.25,26040.5,2200,26059.32,26040.57,0.00
2025-12-08,10:29:00,26040,26052.5,26035.5,26049,2140,26058.74,26040.62,0.00
2025-12-08,10:30:00,26049,26050,26044.5,26044.5,1213,26058.45,26040.64,0.00
2025-12-08,10:31:00,26044.75,26085.25,26031.5,26077.25,12703,26059.68,26041.79,0.00
2025-12-08,10:32:00,26077.5,26105.25,26073,26090.25,10879,26089.50,26043.67,0.00
2025-12-08,10:33:00,26090.75,26104.75,26073.75,26095.75,6392,26090.21,26044.74,0.00
2025-12-08,10:34:00,26094.75,26114,26080,26086,7982,26093.33,26046.07,0.00
2025-12-08,10:35:00,26086.75,26087,26069.5,26084.25,6012,26087.71,26046.77,0.00
2025-12-08,10:36:00,26084.5,26085.25,26066.5,26083.5,4182,26085.57,26047.20,0.00
2025-12-08,10:37:00,26084,26088,26063.75,26068.25,4504,26083.14,26047.59,0.00
2025-12-08,10:38:00,26069.5,26075.75,26061.5,26065.25,3693,26080.95,26047.83,0.00
2025-12-08,10:39:00,26066.25,26077.5,26060.25,26077.5,3600,26079.85,26048.10,0.00
2025-12-08,10:40:00,26077.5,26081.5,26056,26057,4581,26077.86,26048.34,0.00
2025-12-08,10:41:00,26057.75,26065,26040.75,26063.25,7618,26073.97,26048.53,0.00
2025-12-08,10:42:00,26063.75,26066.75,26044.75,26045.75,3627,26072.26,26048.57,0.00
2025-12-08,10:43:00,26045.75,26048,26021.25,26037.25,8812,26066.33,26048.23,0.00
2025-12-08,10:44:00,26037,26080.25,26024.25,26060.25,10782,26064.45,26048.44,0.00
2025-12-08,10:45:00,26060.5,26066.25,26051.75,26058.75,4122,26064.12,26048.56,0.00
2025-12-08,10:46:00,26058.25,26060.75,26045.5,26053,3697,26063.56,26048.61,0.00
2025-12-08,10:47:00,26052.5,26057.25,26041.25,26051.5,3630,26062.92,26048.62,0.00
2025-12-08,10:48:00,26052.5,26056.5,26032.5,26035.25,3877,26061.89,26048.54,0.00
2025-12-08,10:49:00,26035.25,26039.25,25991.5,25995.5,13547,26054.25,26047.12,0.00
2025-12-08,10:50:00,25995.25,26020.75,25975.25,26011.5,12443,26048.22,26045.69,0.00
2025-12-08,10:51:00,26011.5,26034.5,26007.5,26021.5,7796,26046.38,26045.21,0.00
2025-12-08,10:52:00,26021.25,26026.25,26004,26012,5539,26044.89,26044.79,0.00
2025-12-08,10:53:00,26012,26019.25,25998.25,26015.5,4956,26043.54,26044.38,0.00
2025-12-08,10:54:00,26015.5,26025,26010.25,26016.25,3816,26042.76,26044.12,0.00
2025-12-08,10:55:00,26016.75,26026.75,26009.5,26023.25,2708,26042.29,26043.96,0.00
2025-12-08,10:56:00,26023.25,26027.5,26005.75,26011.5,3510,26041.58,26043.72,0.00
2025-12-08,10:57:00,26011.75,26016.25,26001.5,26006,3089,26040.82,26043.46,0.00
2025-12-08,10:58:00,26005.75,26013,25998.25,26003.25,2741,26040.12,26043.21,0.00
2025-12-08,10:59:00,26002.75,26009,25987.75,25989.5,4817,26038.65,26042.67,0.00
2025-12-08,11:00:00,25989.75,26000.75,25987.25,25997.75,3041,26037.76,26042.34,0.00
2025-12-08,11:01:00,25997.25,26006.25,25992.5,26001.75,4184,26036.73,26041.93,0.00
2025-12-08,11:02:00,26001.75,26009.75,25990,26006.5,3718,26035.91,26041.60,0.00
2025-12-08,11:03:00,26007,26030.75,26002.5,26017.75,6542,26035.15,26041.24,0.00
2025-12-08,11:04:00,26017.75,26024.75,26013.25,26020.5,2840,26034.88,26041.10,0.00
2025-12-08,11:05:00,26019.75,26027,26018.75,26020.75,2112,26034.72,26041.01,0.00
2025-12-08,11:06:00,26021,26021,26000.25,26002.25,5231,26033.91,26040.63,0.00
2025-12-08,11:07:00,26002.25,26015.75,26002.25,26011,2157,26033.61,26040.48,0.00
2025-12-08,11:08:00,26010.75,26021,26007.75,26014.75,2039,26033.39,26040.37,0.00
2025-12-08,11:09:00,26014.75,26031.75,26012.75,26019.5,3791,26033.14,26040.21,0.00
2025-12-08,11:10:00,26019.75,26019.75,25999.25,26009,4039,26032.62,26039.95,0.00
2025-12-08,11:11:00,26008.5,26008.5,25995,26002,3502,26032.05,26039.67,0.00
2025-12-08,11:12:00,26002,26007,25989.25,25996.75,3971,26031.34,26039.32,0.00
2025-12-08,11:13:00,25996.75,26007.5,25991.75,26000.25,2586,26030.93,26039.10,0.00
2025-12-08,11:14:00,26000.75,26003.75,25991.5,25992.5,1602,26030.64,26038.96,0.00
2025-12-08,11:15:00,25992.25,25997.5,25983.75,25994.75,3974,26029.88,26038.57,0.00
2025-12-08,11:16:00,25994.75,25996.75,25973.25,25982,5395,26028.68,26037.97,0.00
2025-12-08,11:17:00,25982,25993.75,25982,25993,3821,26027.97,26037.60,0.00
2025-12-08,11:18:00,25993.25,26002,25991.5,25999.75,3422,26027.48,26037.32,0.00
2025-12-08,11:19:00,25999.75,26000.75,25986.5,25989.25,2901,26027.01,26037.06,0.00
2025-12-08,11:20:00,25988.75,25994.5,25982.25,25985,2566,26026.55,26036.81,0.00
2025-12-08,11:21:00,25985.75,25989.5,25969,25982.75,4785,26025.56,26036.27,0.00
2025-12-08,11:22:00,25982.5,25987.5,25971.75,25975.5,3130,26024.91,26035.92,0.00
2025-12-08,11:23:00,25975.25,25985.25,25965.25,25972,3871,26024.06,26035.45,0.00
2025-12-08,11:24:00,25971.75,25977.25,25957,25957.75,5892,26022.56,26034.64,0.00
2025-12-08,11:25:00,25957.5,25966.25,25951.25,25957,6350,26020.88,25958.17,0.00
2025-12-08,11:26:00,25957.5,25958.75,25932,25934.25,8538,26018.19,25941.67,0.00
2025-12-08,11:27:00,25934.5,25936.25,25910,25921.75,9795,26014.61,25922.67,0.00
2025-12-08,11:28:00,25922.5,25949.75,25920.25,25946,6947,26012.65,25929.31,0.00
2025-12-08,11:29:00,25946,25958.25,25941.5,25944.25,4767,26011.52,25933.45,0.00
2025-12-08,11:30:00,25944.5,25956.5,25941.75,25954.25,2959,26010.87,25935.55,0.00
2025-12-08,11:31:00,25953.5,25953.5,25936.75,25941.25,4619,26009.77,25936.87,0.00
2025-12-08,11:32:00,25941.25,25959.5,25937.75,25957.5,3879,26008.98,25938.60,0.00
2025-12-08,11:33:00,25957.75,25967.25,25954.5,25960,4693,26008.19,25941.34,0.00
2025-12-08,11:34:00,25960,25975.25,25957.75,25974.25,3379,26007.74,25943.62,0.00
2025-12-08,11:35:00,25974.25,25977.5,25966.25,25969.75,3051,26007.36,25945.53,0.00
2025-12-08,11:36:00,25969.5,25976.25,25964.25,25970,2646,26007.03,25946.92,0.00
2025-12-08,11:37:00,25970.75,25971.75,25961.75,25964.5,1882,26006.77,25947.66,0.00
2025-12-08,11:38:00,25964.5,25975,25956,25969.75,3504,26006.31,25948.96,0.00
2025-12-08,11:39:00,25969.25,25973.75,25961.5,25962.5,1470,26006.12,25949.42,0.00
2025-12-08,11:40:00,25962,25966,25955.5,25957.75,2189,26005.79,25949.83,0.00
2025-12-08,11:41:00,25957.75,25962.25,25951.25,25953.75,4222,26005.11,25950.24,0.00
2025-12-08,11:42:00,25954,25956.75,25949,25950,2383,26004.71,25950.31,0.00
2025-12-08,11:43:00,25950.5,25954,25946,25949.25,2573,26004.26,25950.29,0.00
2025-12-08,11:44:00,25949.25,25952.25,25943.25,25949.75,2137,26003.89,25950.23,0.00
2025-12-08,11:45:00,25949.5,25949.75,25938.25,25940.75,2464,26003.42,25949.97,0.00
2025-12-08,11:46:00,25940.75,25956,25939.5,25948,3175,26002.88,25949.87,0.00
2025-12-08,11:47:00,25948,25953.5,25943.75,25948.75,1656,26002.60,25949.85,0.00
2025-12-08,11:48:00,25948.75,25953.75,25941.5,25946.25,1579,26002.33,25949.79,0.00
2025-12-08,11:49:00,25946,25951.25,25936.75,25949.25,2573,26001.89,25949.66,0.00
2025-12-08,11:50:00,25948.75,25952.5,25942.25,25947.75,1518,26001.64,25949.62,0.00
2025-12-08,11:51:00,25947.5,25949,25928.25,25930.75,4630,26000.74,25948.87,0.00
2025-12-08,11:52:00,25931,25939,25930,25932.25,2711,26000.20,25948.40,0.00
2025-12-08,11:53:00,25932.25,25934.75,25918.75,25927.75,4551,25999.24,25947.35,0.00
2025-12-08,11:54:00,25928,25941,25927.25,25936.75,3108,25998.66,25946.95,0.00
2025-12-08,11:55:00,25937.25,25938.5,25925.5,25928.5,2336,25998.21,25946.56,0.00
2025-12-08,11:56:00,25928.5,25928.75,25913.5,25919.25,4334,25997.25,25945.45,0.00
2025-12-08,11:57:00,25919.25,25921.25,25903.25,25912.25,6020,25995.83,25912.25,0.00
2025-12-08,11:58:00,25911.75,25937.75,25911.5,25934,5789,25994.75,25919.85,0.00
2025-12-08,11:59:00,25934,25936.25,25924.5,25926.5,2332,25994.33,25921.37,0.00
2025-12-08,12:00:00,25927,25927.5,25913,25916.25,2762,25993.77,25920.97,0.00
2025-12-08,12:01:00,25916.25,25916.25,25898.25,25913,6629,25992.28,25909.17,0.00
2025-12-08,12:02:00,25912.75,25915.5,25886.25,25887,7030,25990.53,25896.25,0.00
2025-12-08,12:03:00,25887,25901,25881.75,25883.75,4926,25989.24,25888.83,0.00
2025-12-08,12:04:00,25884.25,25896.5,25881.75,25887.5,4207,25988.16,25888.72,0.00
2025-12-08,12:05:00,25887,25901.5,25886.25,25897,2874,25987.48,25890.20,0.00
2025-12-08,12:06:00,25896.5,25909.5,25891,25906.75,4082,25986.62,25893.30,0.00
2025-12-08,12:07:00,25906.75,25910,25881,25890.75,4642,25985.55,25893.92,0.00
2025-12-08,12:08:00,25891.25,25905.5,25886.25,25898.25,2948,25984.91,25894.98,0.00
2025-12-08,12:09:00,25898.25,25909.75,25893.25,25903.5,2440,25984.42,25896.73,0.00
2025-12-08,12:10:00,25903.75,25909,25892.25,25906.5,2822,25983.86,25898.02,0.00
2025-12-08,12:11:00,25907.25,25919.5,25892.25,25896.75,6032,25982.69,25899.56,0.00
2025-12-08,12:12:00,25896.5,25905.25,25895.75,25905,1715,25982.36,25899.76,0.00
2025-12-08,12:13:00,25905,25905.75,25893.25,25896,1886,25981.99,25899.64,0.00
2025-12-08,12:14:00,25895.5,25908,25893.75,25898.75,1996,25981.60,25899.68,0.00
2025-12-08,12:15:00,25899.25,25902.75,25884.75,25891.25,3171,25980.95,25898.91,0.00
2025-12-08,12:16:00,25891,25896,25884,25888,2555,25980.40,25898.10,0.00
2025-12-08,12:17:00,25887.5,25898,25887.5,25889.25,1878,25980.02,25897.72,0.00
2025-12-08,12:18:00,25888.5,25898.5,25888,25894,1530,25979.71,25897.52,0.00
2025-12-08,12:19:00,25894,25895.75,25886.75,25890.5,1314,25979.44,25897.28,0.00
2025-12-08,12:20:00,25891,25899.25,25875.5,25895.25,4192,25978.59,25890.00,0.00
2025-12-08,12:21:00,25895,25912,25894.25,25904.5,5060,25977.73,25897.43,0.00
2025-12-08,12:22:00,25904.25,25912,25901.5,25907.75,2511,25977.34,25899.49,0.00
2025-12-08,12:23:00,25907.5,25917,25905.75,25910.5,3221,25976.86,25901.98,0.00
2025-12-08,12:24:00,25910,25920.25,25906.75,25919.25,2183,25976.57,25903.69,0.00
2025-12-08,12:25:00,25919.25,25924.25,25913,25914.25,3486,25976.11,25905.96,0.00
2025-12-08,12:26:00,25914.25,25915,25900.75,25907,3880,25975.53,25906.22,0.00
2025-12-08,12:27:00,25907.25,25911,25902,25904.75,2234,25975.20,25906.20,0.00
2025-12-08,12:28:00,25904.5,25905.25,25892,25895.5,3715,25974.58,25905.15,0.00
2025-12-08,12:29:00,25895.5,25916.5,25893.75,25915.75,3545,25974.08,25905.51,0.00
2025-12-08,12:30:00,25915.75,25918,25910.5,25914.75,2357,25973.78,25906.09,0.00
2025-12-08,12:31:00,25915.25,25923.75,25913.25,25917.5,3282,25973.40,25907.09,0.00
2025-12-08,12:32:00,25917.75,25921.5,25901,25903,3747,25972.89,25907.21,0.00
2025-12-08,12:33:00,25902.75,25906.75,25897.25,25900,2186,25972.56,25906.93,0.00
2025-12-08,12:34:00,25900.25,25905,25896.5,25901.25,1909,25972.28,25906.69,0.00
2025-12-08,12:35:00,25901.25,25903,25888.75,25895.75,2967,25971.81,25906.05,0.00
2025-12-08,12:36:00,25895.5,25896.5,25890.25,25890.75,1612,25971.55,25905.63,0.00
2025-12-08,12:37:00,25891,25909,25889.75,25904.25,2921,25971.13,25905.38,0.00
2025-12-08,12:38:00,25904.25,25905.5,25896,25901.5,1537,25970.91,25905.26,0.00
2025-12-08,12:39:00,25901.5,25906.75,25896.75,25903,1477,25970.70,25905.19,0.00
2025-12-08,12:40:00,25903,25905.5,25894.25,25897.75,1352,25970.51,25905.05,0.00
2025-12-08,12:41:00,25897.75,25906.25,25894.75,25904.5,1630,25970.28,25904.96,0.00
2025-12-08,12:42:00,25904.75,25910.25,25895.5,25900,2484,25969.94,25904.84,0.00
2025-12-08,12:43:00,25900.5,25904.75,25897.25,25902,1187,25969.78,25904.78,0.00
2025-12-08,12:44:00,25901.75,25902,25895,25898.75,930,25969.65,25904.69,0.00
2025-12-08,12:45:00,25898.75,25907,25897.5,25905.25,1242,25969.48,25904.66,0.00
2025-12-08,12:46:00,25905.25,25909,25899.5,25907.25,1615,25969.28,25904.68,0.00
2025-12-08,12:47:00,25907.5,25908.75,25899.25,25902.25,1456,25969.09,25904.65,0.00
2025-12-08,12:48:00,25902,25906.25,25899.25,25902.75,811,25968.98,25904.63,0.00
2025-12-08,12:49:00,25903.25,25909.25,25901.5,25904.5,785,25968.88,25904.64,0.00
2025-12-08,12:50:00,25904.75,25907,25892.75,25892.75,1943,25968.61,25904.45,0.00
2025-12-08,12:51:00,25892.5,25908.75,25891.75,25905,2442,25968.29,25904.36,0.00
2025-12-08,12:52:00,25905,25907,25896.25,25901.25,1240,25968.13,25904.32,0.00
2025-12-08,12:53:00,25901.75,25902.25,25887.75,25892,3052,25967.69,25903.92,0.00
2025-12-08,12:54:00,25892,25900.5,25884.5,25900.5,2775,25967.30,25903.63,0.00
2025-12-08,12:55:00,25900.5,25904,25895.5,25898.25,1648,25967.08,25903.55,0.00
2025-12-08,12:56:00,25898,25898.75,25891,25892,1272,25966.90,25903.40,0.00
2025-12-08,12:57:00,25892.25,25900,25889.5,25892.25,2147,25966.60,25903.17,0.00
2025-12-08,12:58:00,25892.25,25901.25,25892,25896.75,913,25966.48,25903.11,0.00
2025-12-08,12:59:00,25896.75,25901.75,25894.25,25896.75,1078,25966.34,25903.04,0.00
2025-12-08,13:00:00,25896.5,25897.75,25892,25893,1007,25966.20,25902.94,0.00
2025-12-08,13:01:00,25893.25,25893.25,25869.25,25873.5,6129,25965.19,25878.67,0.00
2025-12-08,13:02:00,25873.25,25882,25872.75,25877.25,2648,25964.76,25878.26,0.00
2025-12-08,13:03:00,25877.75,25878.25,25859,25861.25,5463,25963.76,25866.17,0.00
2025-12-08,13:04:00,25861,25874.25,25855.5,25873.75,5319,25962.83,25867.83,0.00
2025-12-08,13:05:00,25874.25,25877.5,25865.75,25866.5,2599,25962.39,25868.52,0.00
2025-12-08,13:06:00,25866.5,25885.75,25864.75,25880.5,3567,25961.84,25871.15,0.00
2025-12-08,13:07:00,25879.75,25891.25,25878.75,25886.75,2678,25961.47,25873.88,0.00
2025-12-08,13:08:00,25886.75,25894.75,25884.25,25892.25,2646,25961.13,25876.48,0.00
2025-12-08,13:09:00,25892,25900.5,25889.75,25899,2624,25960.83,25879.18,0.00
2025-12-08,13:10:00,25899,25899,25890,25894.75,1571,25960.64,25880.33,0.00
2025-12-08,13:11:00,25894.5,25897,25884.5,25885,2382,25960.34,25881.19,0.00
2025-12-08,13:12:00,25884.75,25887,25877.5,25884,2447,25960.00,25881.35,0.00
2025-12-08,13:13:00,25883.25,25886.25,25878,25879.5,1410,25959.81,25881.34,0.00
2025-12-08,13:14:00,25879.5,25888,25875.5,25875.5,1758,25959.56,25881.24,0.00
2025-12-08,13:15:00,25875.25,25879.75,25867.25,25877.25,3030,25959.11,25880.63,0.00
2025-12-08,13:16:00,25877,25886,25872.75,25881.25,2560,25958.76,25880.58,0.00
2025-12-08,13:17:00,25881.25,25884.75,25875,25880.75,1147,25958.60,25880.57,0.00
2025-12-08,13:18:00,25880.5,25889.75,25880.5,25885.25,1361,25958.43,25880.74,0.00
2025-12-08,13:19:00,25885,25887.75,25881.75,25885.75,921,25958.31,25880.84,0.00
2025-12-08,13:20:00,25885.75,25891.5,25878,25879,2179,25958.03,25880.95,0.00
2025-12-08,13:21:00,25879.25,25881.5,25870,25877,2672,25957.65,25880.65,0.00
2025-12-08,13:22:00,25877.25,25882.25,25874.75,25878.25,1419,25957.46,25880.58,0.00
2025-12-08,13:23:00,25878,25878,25872,25872.75,1239,25957.28,25880.41,0.00
2025-12-08,13:24:00,25873.25,25877,25866.25,25870,1983,25956.99,25880.02,0.00
2025-12-08,13:25:00,25870,25872,25865.25,25870.5,1917,25956.71,25879.60,0.00
2025-12-08,13:26:00,25871.5,25872.75,25861.75,25865.5,2691,25956.30,25878.93,0.00
2025-12-08,13:27:00,25865.5,25868.5,25847,25857.25,5470,25955.40,25857.58,0.00
2025-12-08,13:28:00,25857.5,25866.25,25856.5,25862.5,2288,25955.04,25858.81,0.00
2025-12-08,13:29:00,25862.75,25871.5,25862.25,25864.25,1948,25954.75,25860.25,0.00
2025-12-08,13:30:00,25864,25872.25,25863.75,25870.75,1344,25954.56,25861.31,0.00
2025-12-08,13:31:00,25870.75,25880,25867,25879.5,2755,25954.20,25864.14,0.00
2025-12-08,13:32:00,25879,25884,25876.25,25882.5,2002,25953.96,25866.27,0.00
2025-12-08,13:33:00,25882.75,25885.5,25871.75,25872,2360,25953.66,25867.58,0.00
2025-12-08,13:34:00,25872.5,25880.5,25872,25878.5,1310,25953.50,25868.22,0.00
2025-12-08,13:35:00,25879,25879.25,25870.25,25874.5,1191,25953.34,25868.59,0.00
2025-12-08,13:36:00,25874.5,25876.5,25870.75,25872.25,1099,25953.20,25868.82,0.00
2025-12-08,13:37:00,25872.75,25880,25870.25,25876.75,1053,25953.07,25869.14,0.00
2025-12-08,13:38:00,25877.25,25879.25,25871.5,25876.5,749,25952.97,25869.35,0.00
2025-12-08,13:39:00,25876.25,25878.75,25871.25,25875,879,25952.86,25869.55,0.00
2025-12-08,13:40:00,25875.25,25881.5,25874.75,25874.75,1047,25952.73,25869.86,0.00
2025-12-08,13:41:00,25874.75,25886.75,25873,25881.25,1905,25952.51,25870.58,0.00
2025-12-08,13:42:00,25881,25891,25881,25890.25,2112,25952.29,25871.79,0.00
2025-12-08,13:43:00,25890.25,25893.75,25888.25,25892,1927,25952.10,25872.99,0.00
2025-12-08,13:44:00,25891.25,25892.75,25875.5,25877.25,2569,25951.81,25873.65,0.00
2025-12-08,13:45:00,25876.75,25880.5,25875.75,25876,1312,25951.66,25873.79,0.00
2025-12-08,13:46:00,25876.25,25876.75,25867.25,25868.75,2855,25951.29,25873.58,0.00
2025-12-08,13:47:00,25868.5,25874.25,25865,25873.5,1527,25951.10,25873.48,0.00
2025-12-08,13:48:00,25873.5,25886.25,25873.25,25885.5,2245,25950.85,25873.92,0.00
2025-12-08,13:49:00,25885.25,25887.5,25880.75,25887.5,1607,25950.69,25874.33,0.00
2025-12-08,13:50:00,25887.75,25895.75,25887.5,25893.25,2531,25950.45,25875.31,0.00
2025-12-08,13:51:00,25893.5,25901.75,25890.75,25892.75,3812,25950.13,25876.82,0.00
2025-12-08,13:52:00,25892.5,25895,25887.75,25893.75,1974,25949.95,25877.41,0.00
2025-12-08,13:53:00,25893.75,25898.5,25890,25897.75,1446,25949.83,25877.90,0.00
2025-12-08,13:54:00,25897.5,25904.5,25896.75,25900.5,2431,25949.64,25878.88,0.00
2025-12-08,13:55:00,25901.25,25903,25899,25901,1230,25949.55,25879.36,0.00
2025-12-08,13:56:00,25900.75,25903.5,25892,25894,2180,25949.37,25879.99,0.00
2025-12-08,13:57:00,25893.75,25920.5,25891,25919.5,6838,25948.97,25883.14,0.00
2025-12-08,13:58:00,25919.75,25939,25919.75,25934.5,8255,25948.74,25888.47,0.00
2025-12-08,13:59:00,25934.75,25943.25,25926.25,25932.5,6927,25948.59,25892.35,0.00
2025-12-08,14:00:00,25933.25,25935.25,25918.75,25934,4163,25948.47,25894.16,0.00
2025-12-08,14:01:00,25933.5,25949.75,25928.5,25935.5,6214,25948.38,25897.13,0.00
2025-12-08,14:02:00,25935.75,25936.75,25919,25924,3886,25948.26,25898.33,0.00
2025-12-08,14:03:00,25924.75,25933,25919.75,25925.25,2437,25948.18,25899.02,0.00
2025-12-08,14:04:00,25925,25929.75,25913.25,25914.25,2531,25948.07,25899.52,0.00
2025-12-08,14:05:00,25913.75,25920.75,25909.75,25920.5,2903,25947.94,25900.01,0.00
2025-12-08,14:06:00,25920,25928.25,25917,25927.25,2264,25947.86,25900.53,0.00
2025-12-08,14:07:00,25927.25,25931,25921.25,25926.75,1967,25947.80,25901.00,0.00
2025-12-08,14:08:00,25926.5,25932.25,25923.25,25926.5,1468,25947.76,25901.36,0.00
2025-12-08,14:09:00,25926.75,25934.25,25923,25930,2066,25947.71,25901.87,0.00
2025-12-08,14:10:00,25930,25941.75,25930,25940,2850,25947.66,25902.76,0.00
2025-12-08,14:11:00,25940.25,25944.5,25929,25932,3010,25947.61,25903.59,0.00
2025-12-08,14:12:00,25932.25,25941.75,25930,25938.25,2402,25947.57,25904.26,0.00
2025-12-08,14:13:00,25938,25941.75,25931.75,25941.5,1521,25947.55,25904.69,0.00
2025-12-08,14:14:00,25941.5,25942.75,25935,25939,1365,25947.54,25905.07,0.00
2025-12-08,14:15:00,25937.75,25938.25,25927.25,25930.25,1827,25947.50,25905.46,0.00
2025-12-08,14:16:00,25930.5,25939.25,25929,25938.25,1757,25947.47,25905.88,0.00
2025-12-08,14:17:00,25938.5,25941.5,25932,25940,1425,25947.45,25906.24,0.00
2025-12-08,14:18:00,25939.75,25941.25,25930.5,25931,1389,25947.42,25906.54,0.00
2025-12-08,14:19:00,25931,25932.5,25919.75,25921.25,3001,25947.33,25906.95,0.00
2025-12-08,14:20:00,25921.75,25927.5,25919.25,25927,1652,25947.28,25907.17,0.00
2025-12-08,14:21:00,25927,25933.75,25922.75,25929,1896,25947.23,25907.47,0.00
2025-12-08,14:22:00,25929,25936.25,25923.25,25936,1422,25947.20,25907.72,0.00
2025-12-08,14:23:00,25935.75,25938,25925,25932.75,1597,25947.16,25908.00,0.00
2025-12-08,14:24:00,25932.75,25937.25,25926.75,25928,1704,25947.13,25908.28,0.00
2025-12-08,14:25:00,25927.5,25934.25,25925,25929,1388,25947.09,25908.49,0.00
2025-12-08,14:26:00,25929,25931,25914.5,25916.5,2670,25947.00,25908.71,0.00
2025-12-08,14:27:00,25917,25918.25,25908.25,25916.5,3168,25946.86,25908.83,0.00
2025-12-08,14:28:00,25916.25,25916.75,25903.5,25905,3086,25946.70,25908.83,0.00
2025-12-08,14:29:00,25905.25,25907.25,25890.5,25893,4090,25946.42,25908.51,0.00
2025-12-08,14:30:00,25892.75,25900.5,25881.5,25883,4270,25946.09,25907.97,0.00
2025-12-08,14:31:00,25882.75,25882.75,25869.75,25876.25,5280,25945.61,25906.95,0.00
2025-12-08,14:32:00,25877,25886,25871.5,25880.75,3620,25945.29,25906.35,0.00
2025-12-08,14:33:00,25880.75,25887.25,25874.75,25875.75,2818,25945.05,25905.90,0.00
2025-12-08,14:34:00,25876,25879.25,25870.75,25872,2106,25944.85,25905.51,0.00
2025-12-08,14:35:00,25872.75,25876,25857.75,25865.5,4529,25944.39,25904.51,0.00
2025-12-08,14:36:00,25865.75,25872,25855.5,25870.5,3133,25944.07,25903.84,0.00
2025-12-08,14:37:00,25870.5,25881,25870.5,25879.75,3087,25943.80,25903.39,0.00
2025-12-08,14:38:00,25879.5,25887.5,25878,25884.5,2774,25943.59,25903.09,0.00
2025-12-08,14:39:00,25884.5,25894.25,25880,25893.25,2558,25943.41,25902.90,0.00
2025-12-08,14:40:00,25893.75,25894.75,25883.75,25888,1629,25943.30,25902.78,0.00
2025-12-08,14:41:00,25888.75,25889.5,25871,25875.75,2678,25943.08,25902.45,0.00
2025-12-08,14:42:00,25875.75,25877.75,25870,25874.5,1519,25942.94,25902.23,0.00
2025-12-08,14:43:00,25875,25879.25,25869.25,25872,1476,25942.81,25902.01,0.00
2025-12-08,14:44:00,25871.75,25874.25,25867.25,25868.25,1324,25942.69,25901.79,0.00
2025-12-08,14:45:00,25867.75,25881.5,25865,25879.75,2179,25942.51,25901.50,0.00
2025-12-08,14:46:00,25880.25,25887.75,25872.5,25878.25,2348,25942.32,25901.25,0.00
2025-12-08,14:47:00,25878.5,25887,25872.75,25882.5,1453,25942.21,25901.10,0.00
2025-12-08,14:48:00,25882.25,25887.5,25879,25879.75,1086,25942.13,25901.00,0.00
2025-12-08,14:49:00,25880.25,25880.5,25873.25,25878,1294,25942.02,25900.85,0.00
2025-12-08,14:50:00,25877.75,25878,25870.25,25871,879,25941.94,25900.73,0.00
2025-12-08,14:51:00,25871,25878,25868.5,25877.5,1271,25941.84,25900.57,0.00
2025-12-08,14:52:00,25877,25877.25,25870.25,25873.5,929,25941.76,25900.45,0.00
2025-12-08,14:53:00,25873.75,25878,25871.75,25878,713,25941.70,25900.37,0.00
2025-12-08,14:54:00,25878,25878.5,25863.25,25867.25,1909,25941.53,25900.09,0.00
2025-12-08,14:55:00,25867.25,25876.25,25867,25872.25,1052,25941.44,25899.95,0.00
2025-12-08,14:56:00,25872.25,25873,25858.25,25865.25,2269,25941.22,25899.59,0.00
2025-12-08,14:57:00,25865.75,25867.75,25837,25846.25,7169,25940.42,25850.33,0.00
2025-12-08,14:58:00,25846,25852,25840.25,25843.75,3167,25940.06,25848.80,0.00
2025-12-08,14:59:00,25843.75,25844,25817,25827.75,7658,25939.03,25829.58,0.00
2025-12-08,15:00:00,25827.75,25846.25,25826.25,25845.5,3675,25938.59,25832.75,0.00
2025-12-08,15:01:00,25845.75,25846.5,25831.5,25840,3863,25938.13,25834.42,0.00
2025-12-08,15:02:00,25840.25,25850.5,25839.75,25844,3265,25937.76,25836.25,0.00
2025-12-08,15:03:00,25843.5,25845,25831.75,25832.5,2600,25937.45,25836.27,0.00
2025-12-08,15:04:00,25832.5,25834.5,25820.5,25831.25,3835,25936.95,25835.11,0.00
2025-12-08,15:05:00,25831.25,25840.75,25828.5,25838.75,2355,25936.67,25835.19,0.00
2025-12-08,15:06:00,25839,25841.75,25831.5,25838.5,2046,25936.43,25835.33,0.00
2025-12-08,15:07:00,25838.5,25839.75,25832,25839.75,1370,25936.27,25835.41,0.00
2025-12-08,15:08:00,25839.75,25848,25837,25841,2229,25936.02,25835.86,0.00
2025-12-08,15:09:00,25841,25846.25,25836.75,25838.5,1335,25935.87,25836.04,0.00
2025-12-08,15:10:00,25838,25843.75,25834.5,25839.75,955,25935.77,25836.13,0.00
2025-12-08,15:11:00,25840.25,25845,25834.75,25836.75,1669,25935.58,25836.25,0.00
2025-12-08,15:12:00,25836.25,25836.75,25827,25828,1881,25935.35,25835.98,0.00
2025-12-08,15:13:00,25828.25,25835,25827.5,25828.5,1490,25935.16,25835.77,0.00
2025-12-08,15:14:00,25828.25,25838.25,25828.25,25833,1264,25935.01,25835.69,0.00
2025-12-08,15:15:00,25833.25,25835.5,25830.25,25833.5,750,25934.92,25835.64,0.00
2025-12-08,15:16:00,25833.75,25843,25832.75,25838.75,1922,25934.71,25835.75,0.00
2025-12-08,15:17:00,25839,25841.5,25834.75,25837,882,25934.61,25835.79,0.00
2025-12-08,15:18:00,25837.5,25849.75,25836.5,25846.5,2235,25934.37,25836.19,0.00
2025-12-08,15:19:00,25846.25,25851.25,25841,25847.75,1845,25934.19,25836.58,0.00
2025-12-08,15:20:00,25847.75,25854.25,25846,25853.5,2033,25933.99,25837.17,0.00
2025-12-08,15:21:00,25853.25,25860.25,25848.5,25852,3304,25933.69,25838.16,0.00
2025-12-08,15:22:00,25851.75,25857.5,25847.75,25856.75,1699,25933.53,25838.64,0.00
2025-12-08,15:23:00,25856.75,25863,25852.5,25859,2418,25933.33,25839.45,0.00
2025-12-08,15:24:00,25859.5,25860.5,25850.25,25850.25,1518,25933.19,25839.81,0.00
2025-12-08,15:25:00,25850.25,25851.75,25843.25,25846.25,2585,25932.94,25840.11,0.00
2025-12-08,15:26:00,25846.25,25853.25,25845.5,25849.75,1150,25932.83,25840.28,0.00
2025-12-08,15:27:00,25850.25,25850.25,25843.25,25848.75,1332,25932.70,25840.42,0.00
2025-12-08,15:28:00,25849.75,25856.25,25849.25,25855,1297,25932.58,25840.68,0.00
2025-12-08,15:29:00,25855.25,25858.5,25848,25849.25,1400,25932.45,25840.91,0.00
2025-12-08,15:30:00,25848.75,25853.75,25846.5,25851.75,859,25932.37,25841.03,0.00
2025-12-08,15:31:00,25851.25,25856.75,25848.5,25849.75,1233,25932.26,25841.22,0.00
2025-12-08,15:32:00,25850,25854.75,25847.5,25851.5,907,25932.18,25841.35,0.00
2025-12-08,15:33:00,25851.25,25851.75,25847.25,25849.75,847,25932.10,25841.44,0.00
2025-12-08,15:34:00,25850.25,25862.25,25849.5,25857.75,2077,25931.92,25841.87,0.00
2025-12-08,15:35:00,25858,25865.25,25857.25,25862.25,1571,25931.80,25842.28,0.00
2025-12-08,15:36:00,25862.25,25870.75,25859.75,25869,2070,25931.65,25842.93,0.00
2025-12-08,15:37:00,25868.5,25869.5,25858.75,25865.5,1919,25931.51,25843.45,0.00
2025-12-08,15:38:00,25865.75,25872.75,25865.75,25872.5,1475,25931.41,25843.94,0.00
2025-12-08,15:39:00,25872.5,25873.25,25860.5,25866.75,1762,25931.28,25844.43,0.00
2025-12-08,15:40:00,25867,25869.25,25859.75,25860.75,1492,25931.17,25844.76,0.00
2025-12-08,15:41:00,25860.5,25863.75,25851.75,25852.75,2141,25930.99,25845.05,0.00
2025-12-08,15:42:00,25852.25,25858.25,25850.25,25855.25,1762,25930.84,25845.24,0.00
2025-12-08,15:43:00,25855.75,25864,25854.5,25859.25,1317,25930.74,25845.44,0.00
2025-12-08,15:44:00,25859.5,25863,25856.25,25856.5,764,25930.67,25845.55,0.00
2025-12-08,15:45:00,25856.25,25866.5,25856.25,25859,1529,25930.56,25845.81,0.00
2025-12-08,15:46:00,25859.25,25860.25,25845.5,25850.5,2439,25930.35,25845.97,0.00
2025-12-08,15:47:00,25850.75,25853.5,25846.5,25849.75,1769,25930.19,25846.04,0.00
2025-12-08,15:48:00,25848.75,25853.25,25848.5,25851,853,25930.12,25846.08,0.00
2025-12-08,15:49:00,25851.5,25857.5,25850,25853.75,884,25930.04,25846.15,0.00
2025-12-08,15:50:00,25853.75,25861.5,25852,25861,1098,25929.96,25846.29,0.00
2025-12-08,15:51:00,25861.5,25868.25,25858.5,25865.25,1857,25929.82,25846.61,0.00
2025-12-08,15:52:00,25865.5,25871.5,25862.75,25867.5,1988,25929.69,25847.01,0.00
2025-12-08,15:53:00,25867.5,25873.75,25863.75,25871,1434,25929.59,25847.33,0.00
2025-12-08,15:54:00,25871.25,25871.5,25866.5,25871.25,822,25929.54,25847.50,0.00
2025-12-08,15:55:00,25871.25,25875.75,25866,25866,1544,25929.44,25847.82,0.00
2025-12-08,15:56:00,25866.25,25867,25855,25855.5,1975,25929.29,25848.02,0.00
2025-12-08,15:57:00,25855,25858.75,25849.5,25850.25,1935,25929.13,25848.11,0.00
2025-12-08,15:58:00,25850.5,25851.75,25842.75,25844,2346,25928.92,25848.07,0.00
2025-12-08,15:59:00,25844.25,25848.75,25839.25,25840.75,2172,25928.72,25847.97,0.00
2025-12-08,16:00:00,25841,25848.25,25839.25,25844.75,1714,25928.57,25847.91,0.00
2025-12-08,16:01:00,25845.75,25855.25,25845.25,25850.5,2640,25928.35,25847.97,0.00
2025-12-08,16:02:00,25850,25853,25845.75,25846,1001,25928.26,25847.97,0.00
2025-12-08,16:03:00,25846,25849.25,25841.5,25842.75,1196,25928.15,25847.94,0.00
2025-12-08,16:04:00,25843,25849,25840.75,25846.75,1258,25928.04,25847.91,0.00
2025-12-08,16:05:00,25847.5,25847.75,25840,25841,827,25927.97,25847.88,0.00
2025-12-08,16:06:00,25841.25,25842.5,25835.75,25839.5,1952,25927.78,25847.74,0.00
2025-12-08,16:07:00,25839,25843,25835.75,25841.75,1273,25927.67,25847.67,0.00
2025-12-08,16:08:00,25841.75,25846.25,25838.25,25839.5,1350,25927.54,25847.60,0.00
2025-12-08,16:09:00,25839.5,25849,25837.75,25846.75,1531,25927.41,25847.56,0.00
2025-12-08,16:10:00,25846.5,25850.5,25843,25849.25,1273,25927.30,25847.56,0.00
2025-12-08,16:11:00,25849.25,25854.5,25844.25,25852.25,1490,25927.18,25847.59,0.00
2025-12-08,16:12:00,25852,25856.75,25850,25851.75,1207,25927.09,25847.64,0.00
2025-12-08,16:13:00,25852.25,25852.75,25846.75,25850.25,1119,25926.99,25847.66,0.00
2025-12-08,16:14:00,25850,25852.5,25847,25851.75,714,25926.94,25847.67,0.00
2025-12-08,16:15:00,25851.75,25856.5,25849.5,25856.5,818,25926.87,25847.71,0.00
2025-12-08,16:16:00,25856.5,25863.25,25849.5,25862,2189,25926.72,25847.88,0.00
2025-12-08,16:17:00,25862.25,25862.5,25853.75,25855.75,1107,25926.64,25847.96,0.00
2025-12-08,16:18:00,25856,25857.25,25849.75,25849.75,1211,25926.54,25847.99,0.00
2025-12-08,16:19:00,25850,25859,25847.75,25855.75,1408,25926.44,25848.05,0.00
2025-12-08,16:20:00,25855.5,25858.75,25852.25,25856.5,784,25926.38,25848.10,0.00
2025-12-08,16:21:00,25857,25857.25,25852.5,25855.75,807,25926.32,25848.14,0.00
2025-12-08,16:22:00,25856.5,25863,25854.25,25861,907,25926.26,25848.21,0.00
2025-12-08,16:23:00,25860.5,25867.25,25860,25863.25,1599,25926.15,25848.37,0.00
2025-12-08,16:24:00,25863.25,25863.75,25854.75,25857.25,1298,25926.06,25848.46,0.00
2025-12-08,16:25:00,25857.75,25859.5,25856,25857.75,520,25926.02,25848.50,0.00
2025-12-08,16:26:00,25857.5,25862.25,25857,25862.25,839,25925.97,25848.57,0.00
2025-12-08,16:27:00,25862.25,25863.25,25848.5,25860.75,2354,25925.80,25848.70,0.00
2025-12-08,16:28:00,25860.75,25864.5,25859.25,25864,798,25925.75,25848.78,0.00
2025-12-08,16:29:00,25864,25866.5,25862.75,25865.25,788,25925.70,25848.86,0.00
2025-12-08,16:30:00,25865.25,25870.5,25864.25,25868.5,1435,25925.61,25849.04,0.00
2025-12-08,16:31:00,25868.5,25870,25857.25,25860,3002,25925.42,25849.29,0.00
2025-12-08,16:32:00,25860,25868.25,25858.25,25866.5,1738,25925.31,25849.46,0.00
2025-12-08,16:33:00,25866.25,25867.25,25857.5,25858.25,1326,25925.22,25849.55,0.00
2025-12-08,16:34:00,25858.5,25861.5,25856.5,25859.5,993,25925.16,25849.61,0.00
2025-12-08,16:35:00,25859.5,25859.75,25850.25,25852.5,2178,25925.00,25849.67,0.00
2025-12-08,16:36:00,25852.25,25853.75,25843.25,25849.75,3068,25924.76,25849.66,0.00
2025-12-08,16:37:00,25850,25856.75,25849,25852.75,1464,25924.65,25849.69,0.00
2025-12-08,16:38:00,25853.75,25861,25851.75,25857.75,1284,25924.57,25849.74,0.00
2025-12-08,16:39:00,25857.75,25859,25851.5,25859,975,25924.50,25849.78,0.00
2025-12-08,16:40:00,25859,25860.5,25853.25,25854.5,847,25924.44,25849.81,0.00
2025-12-08,16:41:00,25854.5,25858.5,25852.25,25858.5,1131,25924.36,25849.85,0.00
2025-12-08,16:42:00,25858.5,25860.5,25856,25857.75,708,25924.32,25849.89,0.00
2025-12-08,16:43:00,25858.25,25863,25856.25,25862.25,1102,25924.24,25849.95,0.00
2025-12-08,16:44:00,25862.5,25870,25861.5,25867.25,1564,25924.15,25850.10,0.00
2025-12-08,16:45:00,25867.5,25867.75,25860,25867,1440,25924.07,25850.22,0.00
2025-12-08,16:46:00,25867,25867.75,25858.75,25863.5,1120,25924.00,25850.30,0.00
2025-12-08,16:47:00,25863.5,25867,25862.25,25865,874,25923.95,25850.37,0.00
2025-12-08,16:48:00,25864.75,25869,25861.5,25865.75,1118,25923.88,25850.47,0.00
2025-12-08,16:49:00,25865.25,25866.25,25855,25861.5,1471,25923.79,25850.55,0.00
2025-12-08,16:50:00,25861.5,25864.5,25857,25859.25,946,25923.73,25850.60,0.00
2025-12-08,16:51:00,25858.75,25872.75,25858,25869.25,3389,25923.54,25850.89,0.00
2025-12-08,16:52:00,25869,25877.25,25866.75,25874,2507,25923.41,25851.18,0.00
2025-12-08,16:53:00,25873.5,25877.5,25869.75,25876.25,1849,25923.32,25851.41,0.00
2025-12-08,16:54:00,25876.5,25882.5,25874,25877,2502,25923.21,25851.75,0.00
2025-12-08,16:55:00,25877.5,25879.5,25860.25,25866.5,4449,25922.97,25852.14,0.00
2025-12-08,16:56:00,25866,25880.25,25865.5,25872.25,2862,25922.83,25852.43,0.00
2025-12-08,16:57:00,25872,25877.25,25869.25,25872.5,1178,25922.77,25852.55,0.00
2025-12-08,16:58:00,25872.5,25887,25871.5,25885.5,2732,25922.66,25852.94,0.00
2025-12-08,16:59:00,25885.75,25888,25880.75,25887.5,2389,25922.57,25853.31,0.00
2025-12-08,17:00:00,25887.75,25925.25,25886.5,25921.5,10103,25922.46,25856.01,0.00
2025-12-08,17:01:00,25921.75,25928,25917.75,25918.25,7186,25922.45,25858.11,0.00
2025-12-08,17:02:00,25918.75,25920,25914.5,25917,2220,25922.44,25858.69,0.00
2025-12-08,17:03:00,25917.25,25918.75,25911.75,25916.75,1540,25922.43,25859.08,0.00
2025-12-08,17:04:00,25916.75,25920.5,25913.5,25920,1196,25922.42,25859.38,0.00
2025-12-08,17:05:00,25920,25922.5,25916.5,25920.25,837,25922.42,25859.61,0.00
2025-12-08,17:06:00,25920.5,25921,25916.75,25918.75,657,25922.42,25859.77,0.00
2025-12-08,17:07:00,25919,25919,25913,25916.25,729,25922.42,25859.95,0.00
2025-12-08,17:08:00,25915.75,25918,25913.5,25917,441,25922.41,25860.06,0.00
2025-12-08,17:09:00,25916.75,25918.25,25914.75,25917.5,444,25922.41,25860.17,0.00
2025-12-08,17:10:00,25917.5,25920.25,25916.25,25917.5,340,25922.41,25860.25,0.00
2025-12-08,17:11:00,25917.75,25921.25,25914.5,25915.5,522,25922.41,25860.38,0.00
2025-12-08,17:12:00,25915.25,25916,25912.25,25915,509,25922.40,25860.50,0.00
2025-12-08,17:13:00,25915.5,25918,25914.5,25915,323,25922.40,25860.58,0.00
2025-12-08,17:14:00,25914.5,25914.75,25909.25,25913.75,838,25922.39,25860.76,0.00
2025-12-08,17:15:00,25913.75,25914.75,25911,25914,486,25922.39,25860.87,0.00
2025-12-08,17:16:00,25914,25916.75,25909.75,25910.75,620,25922.38,25861.01,0.00
2025-12-08,17:17:00,25911.25,25913.25,25910.5,25912.5,176,25922.38,25861.04,0.00
2025-12-08,17:18:00,25912.5,25913.25,25911,25912,166,25922.38,25861.08,0.00
2025-12-08,17:19:00,25911.75,25915,25911.75,25912.5,257,25922.38,25861.14,0.00
2025-12-08,17:20:00,25912.5,25916.75,25912.5,25916,190,25922.38,25861.18,0.00
2025-12-08,17:21:00,25915.25,25916.5,25915.25,25916,185,25922.37,25861.22,0.00
2025-12-08,17:22:00,25915.75,25916.5,25914,25914.5,133,25922.37,25861.25,0.00
2025-12-08,17:23:00,25914.25,25916.25,25913.25,25915.5,168,25922.37,25861.29,0.00
2025-12-08,17:24:00,25916,25918.25,25916,25917.75,293,25922.37,25861.36,0.00
2025-12-08,17:25:00,25917.5,25918,25915.75,25917,123,25922.37,25861.39,0.00
2025-12-08,17:26:00,25916.75,25917.75,25916,25917.25,149,25922.37,25861.42,0.00
2025-12-08,17:27:00,25917,25920.75,25916,25920.5,257,25922.37,25861.49,0.00
2025-12-08,17:28:00,25920.25,25921.5,25917.5,25918.25,260,25922.37,25861.55,0.00
2025-12-08,17:29:00,25918.25,25918.75,25916.5,25918.5,131,25922.37,25861.58,0.00
2025-12-08,17:30:00,25918.25,25939,25917.5,25935.5,2658,25922.39,25862.34,0.00
2025-12-08,17:31:00,25935.5,25950.25,25933.75,25939.25,3706,25922.45,25863.54,0.00
2025-12-08,17:32:00,25938.75,25943.75,25927,25941.75,2256,25922.49,25864.22,0.00
2025-12-08,17:33:00,25941.5,25949,25935.75,25935.75,1005,25922.50,25864.53,0.00
2025-12-08,17:34:00,25935.75,25939,25932.75,25935.75,996,25922.51,25864.81,0.00
2025-12-08,17:35:00,25935.5,25941.75,25935.5,25938.25,552,25922.52,25864.97,0.00
2025-12-08,17:36:00,25938.75,25942.25,25934,25941,476,25922.53,25865.12,0.00
2025-12-08,17:37:00,25941.25,25942.25,25936.5,25937.5,308,25922.53,25865.21,0.00
2025-12-08,17:38:00,25937.5,25943.25,25937.25,25941.25,463,25922.54,25865.35,0.00
2025-12-08,17:39:00,25941.75,25943.5,25937,25937.5,463,25922.55,25865.48,0.00
2025-12-08,17:40:00,25938.25,25939,25935.75,25938.25,380,25922.56,25865.59,0.00
2025-12-08,17:41:00,25938.75,25939.5,25936.25,25938.75,221,25922.56,25865.66,0.00
2025-12-08,17:42:00,25939,25945.5,25938,25944.25,572,25922.57,25865.83,0.00
2025-12-08,17:43:00,25944.75,25951.25,25944.25,25950.75,900,25922.59,25866.13,0.00
2025-12-08,17:44:00,25950.5,25952,25947.5,25950.75,784,25922.61,25866.39,0.00
2025-12-08,17:45:00,25950.5,25956.5,25948.75,25954.75,1043,25922.64,25866.74,0.00
2025-12-08,17:46:00,25955,25956.75,25948.75,25949,883,25922.67,25867.03,0.00
2025-12-08,17:47:00,25949,25953.5,25947.5,25952.75,450,25922.68,25867.18,0.00
2025-12-08,17:48:00,25952,25957.75,25950.25,25956.5,427,25922.69,25867.33,0.00
2025-12-08,17:49:00,25956.75,25958.75,25955.5,25956.5,494,25922.71,25867.50,0.00
2025-12-08,17:50:00,25957,25957.5,25952.75,25955,279,25922.71,25867.60,0.00
2025-12-08,17:51:00,25955,25955.75,25950.25,25950.75,383,25922.72,25867.72,0.00
2025-12-08,17:52:00,25951.25,25952,25943.75,25944.5,627,25922.74,25867.91,0.00
2025-12-08,17:53:00,25944.75,25945.25,25942.25,25944.5,196,25922.74,25867.97,0.00
2025-12-08,17:54:00,25944.25,25949,25943.75,25946.25,201,25922.75,25868.03,0.00
2025-12-08,17:55:00,25946.75,25953,25946.5,25952.25,336,25922.76,25868.14,0.00
2025-12-08,17:56:00,25952.5,25958.25,25951.75,25957,353,25922.77,25868.26,0.00
2025-12-08,17:57:00,25957,25959.75,25955.5,25958,328,25922.78,25868.37,0.00
2025-12-08,17:58:00,25957.75,25958.75,25953.5,25955.25,269,25922.79,25868.46,0.00
2025-12-08,17:59:00,25955,25960.5,25955,25958,379,25922.80,25868.59,0.00
2025-12-08,18:00:00,25958.75,25961.5,25958.25,25959.75,413,25922.81,25868.74,0.00
2025-12-08,19:01:00,25966.25,25971.25,25952.5,25957.25,1773,25960.33,25960.33,0.00
2025-12-08,19:02:00,25957,25964.5,25955.75,25957,660,25959.99,25959.99,0.00
2025-12-08,19:03:00,25957.5,25963,25955.5,25961.75,551,25960.01,25960.01,0.00
2025-12-08,19:04:00,25962.75,25977,25961.5,25970.5,1279,25969.67,25962.91,0.00
2025-12-08,19:05:00,25971.25,25978,25970.25,25970.75,803,25973.00,25964.51,0.00
2025-12-08,19:06:00,25970.5,25975.25,25966.25,25969.25,649,25971.77,25965.16,0.00
2025-12-08,19:07:00,25969,25976.5,25968.25,25974.5,408,25972.06,25965.69,0.00
2025-12-08,19:08:00,25975,25976.25,25971.25,25972.75,421,25972.31,25966.18,0.00
2025-12-08,19:09:00,25972.5,25973.25,25967.25,25967.25,357,25971.90,25966.34,0.00
2025-12-08,19:10:00,25968,25968,25959.5,25964.75,1073,25969.64,25966.04,0.00
2025-12-08,19:11:00,25964.5,25965.25,25959.75,25960.25,397,25968.87,25965.84,0.00
2025-12-08,19:12:00,25960.5,25961,25951.25,25956,1042,25966.29,25956.08,0.00
2025-12-08,19:13:00,25956.5,25962,25956,25957.75,599,25965.48,25957.00,0.00
2025-12-08,19:14:00,25958.25,25958.5,25955.5,25955.5,207,25965.17,25956.94,0.00
2025-12-08,19:15:00,25955.5,25956.25,25953.5,25954.25,238,25964.77,25956.68,0.00
2025-12-08,19:16:00,25954.75,25959,25954.5,25957.75,329,25964.38,25956.74,0.00
2025-12-08,19:17:00,25958,25958.75,25950.5,25950.75,399,25963.74,25953.33,0.00
2025-12-08,19:18:00,25951.25,25955.5,25950.25,25955.5,331,25963.29,25953.75,0.00
2025-12-08,19:19:00,25955.5,25957.25,25953.25,25957.25,239,25963.05,25954.66,0.00
2025-12-08,19:20:00,25956.75,25957.75,25954,25954.5,136,25962.92,25954.80,0.00
2025-12-08,19:21:00,25954.25,25958.75,25951.75,25957.25,284,25962.66,25955.12,0.00
2025-12-08,19:22:00,25957.25,25958.5,25955,25955.5,170,25962.53,25955.30,0.00
2025-12-08,19:23:00,25956.25,25957,25953.75,25955.25,115,25962.43,25955.30,0.00
2025-12-08,19:24:00,25955.5,25956.5,25953.75,25956,126,25962.32,25955.31,0.00
2025-12-08,19:25:00,25956.25,25957,25951.25,25953,208,25962.12,25955.11,0.00
2025-12-08,19:26:00,25953,25953.5,25948.5,25949.5,323,25961.69,25950.50,0.00
2025-12-08,19:27:00,25949.5,25951.5,25948,25951.25,391,25961.21,25950.25,0.00
2025-12-08,19:28:00,25951.25,25953.75,25951.25,25953.25,187,25961.04,25951.06,0.00
2025-12-08,19:29:00,25953.25,25955.75,25952,25953.25,244,25960.85,25951.83,0.00
2025-12-08,19:30:00,25953.25,25955,25951,25951.5,212,25960.68,25951.97,0.00
2025-12-08,19:31:00,25951.75,25952.25,25950,25952,216,25960.48,25951.87,0.00
2025-12-08,19:32:00,25951.5,25951.75,25947.25,25949,313,25960.14,25949.33,0.00
2025-12-08,19:33:00,25949.25,25950.75,25946.25,25949.5,351,25959.77,25948.83,0.00
2025-12-08,19:34:00,25950,25950,25947.75,25948.75,126,25959.65,25948.83,0.00
2025-12-08,19:35:00,25948.5,25949.25,25945.75,25949.25,228,25959.41,25948.08,0.00
2025-12-08,19:36:00,25949.25,25950,25947.25,25949,128,25959.29,25948.32,0.00
2025-12-08,19:37:00,25948.75,25951.5,25947.25,25950,366,25958.98,25948.96,0.00
2025-12-08,19:38:00,25950.25,25956.5,25949.5,25954.5,491,25958.76,25950.80,0.00
2025-12-08,19:39:00,25954.25,25956.5,25951,25954.25,236,25958.67,25951.31,0.00
2025-12-08,19:40:00,25954,25958.5,25954,25956.25,438,25958.59,25952.45,0.00
2025-12-08,19:41:00,25957.75,25962,25955,25956,535,25958.55,25953.61,0.00
2025-12-08,19:42:00,25956.5,25959.25,25955,25955.25,337,25958.50,25953.96,0.00
2025-12-08,19:43:00,25956.25,25957.5,25954.25,25955.5,117,25958.47,25954.03,0.00
2025-12-08,19:44:00,25955.5,25959,25954.5,25957.25,116,25958.46,25954.14,0.00
2025-12-08,19:45:00,25957.75,25958,25955.5,25956,96,25958.45,25954.22,0.00
2025-12-08,19:46:00,25957,25958.75,25955,25957.5,126,25958.44,25954.33,0.00
2025-12-08,19:47:00,25957.25,25962.25,25957.25,25960,409,25958.48,25954.95,0.00
2025-12-08,19:48:00,25959.5,25963.5,25957.25,25962.25,348,25958.53,25955.48,0.00
2025-12-08,19:49:00,25963.25,25964.75,25960.5,25963,294,25958.62,25955.98,0.00
2025-12-08,19:50:00,25963,25964.5,25959.25,25961,279,25958.67,25956.33,0.00
2025-12-08,19:51:00,25961.75,25968,25961.25,25965.75,414,25958.83,25957.05,0.00
2025-12-08,19:52:00,25965.75,25971,25964.75,25970.25,459,25959.11,25958.03,0.00
2025-12-08,19:53:00,25970.75,25973.5,25968.25,25972.25,460,25959.45,25959.08,0.00
2025-12-08,19:54:00,25972.25,25977.25,25972.25,25977.25,427,25959.85,25960.19,0.00
2025-12-08,19:55:00,25977.25,25982,25976.75,25977.75,674,25978.83,25961.99,0.00
2025-12-08,19:56:00,25978.75,25980.75,25975.75,25976.75,343,25978.47,25962.73,0.00
2025-12-08,19:57:00,25977,25979.75,25975.75,25977.5,265,25978.30,25963.25,0.00
2025-12-08,19:58:00,25977.75,25981,25977.5,25977.75,269,25978.38,25963.78,0.00
2025-12-08,19:59:00,25979,25981,25977,25977.75,227,25978.41,25964.20,0.00
2025-12-08,20:00:00,25978.25,25980.75,25976.25,25979.75,283,25978.48,25964.70,0.00
2025-12-08,20:01:00,25980.25,25981,25972.75,25975.25,668,25977.95,25965.56,0.00
2025-12-08,20:02:00,25975.75,25979.75,25973.25,25978.75,340,25977.87,25965.98,0.00
2025-12-08,20:03:00,25979.5,25980,25975.5,25977.5,291,25977.86,25966.33,0.00
2025-12-08,20:04:00,25977,25978.5,25973.25,25976,227,25977.73,25966.55,0.00
2025-12-08,20:05:00,25975,25975.25,25969,25974.5,459,25977.19,25966.84,0.00
2025-12-08,20:06:00,25975.5,25977,25973.5,25974.25,216,25977.07,25967.00,0.00
2025-12-08,20:07:00,25973.5,25976.25,25972.25,25974,295,25976.88,25967.20,0.00
2025-12-08,20:08:00,25974.5,25978,25974,25977,158,25976.87,25967.33,0.00
2025-12-08,20:09:00,25977.75,25978.75,25973,25973.5,160,25976.81,25967.44,0.00
2025-12-08,20:10:00,25973.5,25977.5,25973,25976,144,25976.77,25967.54,0.00
2025-12-08,20:11:00,25975.25,25978.25,25974.75,25978,169,25976.78,25967.68,0.00
2025-12-08,20:12:00,25978.25,25979,25975,25975.25,149,25976.77,25967.79,0.00
2025-12-08,20:13:00,25974.5,25976.5,25972.75,25974.75,128,25976.72,25967.87,0.00
2025-12-08,20:14:00,25975,25977,25973.75,25976.5,109,25976.70,25967.94,0.00
2025-12-08,20:15:00,25976.75,25977.75,25973,25973.25,145,25976.65,25968.02,0.00
2025-12-08,20:16:00,25973,25974.25,25970.5,25973,471,25976.34,25968.19,0.00
2025-12-08,20:17:00,25972.75,25975.25,25972.25,25973.75,138,25976.28,25968.25,0.00
2025-12-08,20:18:00,25974.25,25974.25,25966.5,25969.25,455,25975.86,25968.31,0.00
2025-12-08,20:19:00,25969,25971.5,25967.5,25969.5,192,25975.69,25968.33,0.00
2025-12-08,20:20:00,25969.5,25971.5,25968.75,25971,124,25975.59,25968.35,0.00
2025-12-08,20:21:00,25971,25972.5,25969.5,25970.5,149,25975.50,25968.38,0.00
2025-12-08,20:22:00,25970.75,25975.5,25970.25,25973.5,377,25975.38,25968.50,0.00
2025-12-08,20:23:00,25973.75,25973.75,25969.5,25969.75,146,25975.29,25968.53,0.00
2025-12-08,20:24:00,25970.25,25970.75,25968,25970.25,172,25975.17,25968.54,0.00
2025-12-08,20:25:00,25970.25,25971.5,25969.5,25970.25,103,25975.11,25968.56,0.00
2025-12-08,20:26:00,25971.25,25974.75,25970.75,25974.25,170,25975.07,25968.61,0.00
2025-12-08,20:27:00,25974,25975.75,25973,25973.5,174,25975.05,25968.68,0.00
2025-12-08,20:28:00,25973,25973.25,25969.75,25972.25,112,25975.01,25968.70,0.00
2025-12-08,20:29:00,25972.5,25972.5,25967.75,25969.25,185,25974.90,25968.71,0.00
2025-12-08,20:30:00,25969.5,25971.5,25969,25970.5,67,25974.86,25968.72,0.00
2025-12-08,20:31:00,25970.5,25972.5,25969,25971.75,143,25974.80,25968.74,0.00
2025-12-08,20:32:00,25972.25,25973,25970.75,25970.75,101,25974.77,25968.76,0.00
2025-12-08,20:33:00,25970.75,25970.75,25966.75,25966.75,175,25974.64,25968.75,0.00
2025-12-08,20:34:00,25967.25,25969,25965.5,25968,216,25974.47,25968.74,0.00
2025-12-08,20:35:00,25968,25969.5,25968,25969,89,25974.42,25968.74,0.00
2025-12-08,20:36:00,25968.5,25974.25,25968.5,25974.25,154,25974.39,25968.77,0.00
2025-12-08,20:37:00,25974.25,25974.25,25971.25,25971.25,120,25974.36,25968.80,0.00
2025-12-08,20:38:00,25970.75,25972,25970.25,25972,95,25974.33,25968.81,0.00
2025-12-08,20:39:00,25970.75,25973,25970.75,25972.75,70,25974.32,25968.83,0.00
2025-12-08,20:40:00,25973.25,25974,25971.75,25973.25,65,25974.31,25968.85,0.00
2025-12-08,20:41:00,25972.75,25973.25,25969.5,25970,138,25974.26,25968.86,0.00
2025-12-08,20:42:00,25969.25,25972,25969,25970.5,97,25974.23,25968.87,0.00
2025-12-08,20:43:00,25971,25972.5,25969.75,25970.25,180,25974.17,25968.89,0.00
2025-12-08,20:44:00,25969.75,25969.75,25967.75,25969.25,75,25974.13,25968.89,0.00
2025-12-08,20:45:00,25969.25,25970.25,25968.75,25970.25,65,25974.10,25968.90,0.00
2025-12-08,20:46:00,25970.5,25970.75,25968.5,25969.5,98,25974.06,25968.90,0.00
2025-12-08,20:47:00,25969.5,25969.75,25965.75,25968,154,25973.97,25968.89,0.00
2025-12-08,20:48:00,25967.75,25968,25965.5,25966.75,157,25973.87,25968.87,0.00
2025-12-08,20:49:00,25967,25967.5,25964.75,25966.5,186,25973.74,25968.84,0.00
2025-12-08,20:50:00,25966.75,25970.75,25965.75,25970.5,258,25973.63,25968.85,0.00
2025-12-08,20:51:00,25970.75,25976,25970,25975,485,25973.64,25968.97,0.00
2025-12-08,20:52:00,25975.25,25977.5,25974.25,25976.75,378,25973.71,25969.12,0.00
2025-12-08,20:53:00,25976.75,25978.25,25973.5,25974.25,263,25973.75,25969.21,0.00
2025-12-08,20:54:00,25973.75,25975.75,25972.5,25975.75,188,25973.76,25969.26,0.00
2025-12-08,20:55:00,25975.75,25976.75,25974,25976,148,25973.78,25969.31,0.00
2025-12-08,20:56:00,25976.25,25979.25,25975.75,25978.75,330,25973.89,25969.46,0.00
2025-12-08,20:57:00,25978,25978.75,25975.5,25976.5,126,25973.91,25969.50,0.00
2025-12-08,20:58:00,25977,25977.5,25974.25,25974.75,180,25973.94,25969.56,0.00
2025-12-08,20:59:00,25974.75,25976.25,25973.5,25975,131,25973.95,25969.59,0.00
2025-12-08,21:00:00,25974.25,25975.5,25971.25,25972.75,373,25973.92,25969.66,0.00
2025-12-08,21:01:00,25972.75,25974.5,25965.75,25970.25,604,25973.77,25969.67,0.00
2025-12-08,21:02:00,25970.75,25975.5,25968.5,25972,448,25973.72,25969.72,0.00
2025-12-08,21:03:00,25972.25,25975.25,25971.5,25973.5,192,25973.71,25969.76,0.00
2025-12-08,21:04:00,25973.5,25975,25969.5,25970.5,232,25973.68,25969.78,0.00
2025-12-08,21:05:00,25970.5,25971,25958.5,25961,1214,25972.94,25969.44,0.00
2025-12-08,21:06:00,25961.5,25967.5,25956.25,25960,972,25972.30,25969.11,0.00
2025-12-08,21:07:00,25960.75,25964.25,25959.75,25960.75,423,25972.05,25968.98,0.00
2025-12-08,21:08:00,25961.25,25964.25,25959.75,25963.25,267,25971.91,25968.91,0.00
2025-12-08,21:09:00,25963.75,25969.25,25963.5,25967.5,540,25971.76,25968.86,0.00
2025-12-08,21:10:00,25967.75,25971.5,25965.75,25971.5,280,25971.73,25968.87,0.00
2025-12-08,21:11:00,25971,25975,25967.75,25968.5,594,25971.69,25968.91,0.00
2025-12-08,21:12:00,25969.25,25978,25968.25,25977.75,356,25971.74,25968.99,0.00
2025-12-08,21:13:00,25978,25978.75,25973.25,25973.75,376,25971.80,25969.07,0.00
2025-12-08,21:14:00,25974.5,25978.5,25973,25977,212,25971.85,25969.13,0.00
2025-12-08,21:15:00,25977.25,25979.25,25976.25,25978,216,25971.91,25969.20,0.00
2025-12-08,21:16:00,25977.25,25978.5,25975.25,25976.75,222,25971.96,25969.26,0.00
2025-12-08,21:17:00,25976.25,25977.25,25974.5,25976.25,177,25972.00,25969.30,0.00
2025-12-08,21:18:00,25976.25,25978.25,25975,25978,158,25972.03,25969.35,0.00
2025-12-08,21:19:00,25978.25,25979,25976.75,25977,143,25972.07,25969.39,0.00
2025-12-08,21:20:00,25977.75,25978.5,25975.5,25977,173,25972.11,25969.44,0.00
2025-12-08,21:21:00,25977,25978.75,25975,25978,246,25972.17,25969.50,0.00
2025-12-08,21:22:00,25978,25980,25977,25979.25,250,25972.24,25969.58,0.00
2025-12-08,21:23:00,25979.25,25982.75,25977.25,25981,431,25980.33,25969.74,0.00
2025-12-08,21:24:00,25980.5,25982,25978.5,25980.75,296,25980.37,25969.85,0.00
2025-12-08,21:25:00,25981,25982,25974.5,25974.75,402,25979.20,25969.95,0.00
2025-12-08,21:26:00,25975,25975,25971.5,25971.5,400,25977.49,25969.99,0.00
2025-12-08,21:27:00,25972.5,25973.75,25970.25,25972.5,249,25976.74,25970.00,0.00
2025-12-08,21:28:00,25972,25972,25963.5,25963.75,747,25973.69,25969.92,0.00
2025-12-08,21:29:00,25963.5,25966,25958.75,25963,745,25971.16,25969.75,0.00
2025-12-08,21:30:00,25963.25,25963.25,25958.75,25959,256,25970.37,25969.67,0.00
2025-12-08,21:31:00,25959,25962.5,25958.25,25958.75,358,25969.40,25969.56,0.00
2025-12-08,21:32:00,25959,25966.25,25959,25963.75,418,25968.78,25969.48,0.00
2025-12-08,21:33:00,25964.75,25967.5,25963,25964.75,365,25968.49,25969.43,0.00
2025-12-08,21:34:00,25964,25965,25942.25,25947.25,2113,25963.20,25951.50,0.00
2025-12-08,21:35:00,25947.75,25953.5,25946,25953,759,25961.95,25951.32,0.00
2025-12-08,21:36:00,25953,25959,25952.5,25956.75,556,25961.55,25952.10,0.00
2025-12-08,21:37:00,25955.75,25956.25,25953,25953.5,235,25961.34,25952.23,0.00
2025-12-08,21:38:00,25954,25954,25946.25,25946.25,669,25960.41,25951.71,0.00
2025-12-08,21:39:00,25946.25,25947.25,25938.25,25941.75,946,25958.70,25942.42,0.00
2025-12-08,21:40:00,25941.75,25946.5,25941.25,25945.25,423,25958.11,25943.01,0.00
2025-12-08,21:41:00,25945.25,25950,25944.25,25947.25,467,25957.64,25944.07,0.00
2025-12-08,21:42:00,25947.25,25950.5,25945.25,25948.25,291,25957.39,25944.60,0.00
2025-12-08,21:43:00,25947.75,25952.25,25946.5,25952.25,280,25957.22,25945.27,0.00
2025-12-08,21:44:00,25951.5,25951.75,25945.5,25945.75,286,25956.98,25945.53,0.00
2025-12-08,21:45:00,25945.75,25948,25940.75,25947.25,593,25956.42,25945.49,0.00
2025-12-08,21:46:00,25947.25,25949.25,25944.75,25948.75,230,25956.26,25945.63,0.00
2025-12-08,21:47:00,25949,25949.75,25945.75,25947.5,185,25956.13,25945.73,0.00
2025-12-08,21:48:00,25947.75,25953,25947.5,25953,258,25956.03,25946.08,0.00
2025-12-08,21:49:00,25953,25954,25950.75,25951.5,262,25955.96,25946.46,0.00
2025-12-08,21:50:00,25952,25952.25,25947.75,25949,204,25955.86,25946.60,0.00
2025-12-08,21:51:00,25949.25,25950,25947.25,25948,183,25955.76,25946.68,0.00
2025-12-08,21:52:00,25947.25,25949.75,25946.5,25948,174,25955.66,25946.73,0.00
2025-12-08,21:53:00,25947.5,25951.5,25945.25,25951,248,25955.55,25946.85,0.00
2025-12-08,21:54:00,25951,25951.75,25945.75,25946.25,207,25955.44,25946.89,0.00
2025-12-08,21:55:00,25945.75,25948.5,25944.25,25945.75,290,25955.25,25946.86,0.00
2025-12-08,21:56:00,25945.5,25947.5,25944.25,25947.5,154,25955.16,25946.84,0.00
2025-12-08,21:57:00,25946.75,25948.5,25945.75,25947.5,98,25955.11,25946.85,0.00
2025-12-08,21:58:00,25948,25950.25,25945.5,25946.25,175,25955.02,25946.86,0.00
2025-12-08,21:59:00,25946,25947.25,25945,25946,103,25954.96,25946.85,0.00
2025-12-08,22:00:00,25946,25946.75,25944.75,25945.25,99,25954.90,25946.83,0.00
2025-12-08,22:01:00,25945,25950.75,25944.75,25946.5,277,25954.76,25946.85,0.00
2025-12-08,22:02:00,25945.75,25946,25943.25,25943.25,259,25954.58,25946.75,0.00
2025-12-08,22:03:00,25943.5,25944,25941.25,25942.25,358,25954.32,25946.53,0.00
2025-12-08,22:04:00,25942.5,25946.5,25942.25,25944.5,214,25954.18,25946.47,0.00
2025-12-08,22:05:00,25944.25,25948.5,25943,25948,204,25954.09,25946.47,0.00
2025-12-08,22:06:00,25947.75,25949.75,25944.5,25944.5,254,25953.97,25946.46,0.00
2025-12-08,22:07:00,25944.5,25951.5,25944.5,25949.75,340,25953.86,25946.55,0.00
2025-12-08,22:08:00,25950.5,25950.5,25945,25945.75,188,25953.79,25946.57,0.00
2025-12-08,22:09:00,25946.25,25947.75,25941.75,25942,293,25953.62,25946.47,0.00
2025-12-08,22:10:00,25941.5,25942.5,25939.75,25941.25,368,25953.37,25946.25,0.00
2025-12-08,22:11:00,25942,25943,25940.25,25941.75,185,25953.25,25946.16,0.00
2025-12-08,22:12:00,25941.75,25943.75,25938.25,25939,271,25953.06,25945.99,0.00
2025-12-08,22:13:00,25939.25,25939.75,25929,25931,1266,25951.78,25933.25,0.00
2025-12-08,22:14:00,25930.75,25938.75,25928.5,25938,763,25951.16,25935.08,0.00
2025-12-08,22:15:00,25937.75,25946.25,25937,25945.25,656,25950.90,25938.67,0.00
2025-12-08,22:16:00,25945,25956,25944.75,25955.5,990,25950.95,25944.18,0.00
2025-12-08,22:17:00,25955.75,25960.25,25954.75,25957.5,983,25951.23,25948.04,0.00
2025-12-08,22:18:00,25957.25,25957.75,25952.75,25953.5,388,25951.29,25948.72,0.00
2025-12-08,22:19:00,25953.5,25959.5,25950.75,25959,373,25951.37,25949.41,0.00
2025-12-08,22:20:00,25958.75,25961.25,25955.75,25957.75,336,25951.46,25950.07,0.00
2025-12-08,22:21:00,25957.25,25957.75,25954,25957.5,222,25951.51,25950.37,0.00
2025-12-08,22:22:00,25957.25,25960.5,25956.5,25958.25,217,25951.57,25950.73,0.00
2025-12-08,22:23:00,25958.5,25960.25,25956.75,25959.25,121,25951.60,25950.92,0.00
2025-12-08,22:24:00,25960,25962,25957.5,25958,313,25951.70,25951.40,0.00
2025-12-08,22:25:00,25957.75,25958.5,25951.75,25952.75,353,25951.73,25951.58,0.00
2025-12-08,22:26:00,25952.25,25954.75,25948.75,25952.5,507,25951.74,25951.62,0.00
2025-12-08,22:27:00,25952.5,25953.75,25948.5,25950.75,193,25951.73,25951.60,0.00
2025-12-08,22:28:00,25950.25,25951.5,25948,25948.75,196,25951.72,25951.53,0.00
2025-12-08,22:29:00,25947.75,25950.5,25947.25,25950.25,137,25951.70,25951.49,0.00
2025-12-08,22:30:00,25949,25951.75,25949,25951.25,157,25951.70,25951.47,0.00
2025-12-08,22:31:00,25950.75,25952.5,25950,25951,158,25951.70,25951.46,0.00
2025-12-08,22:32:00,25950.75,25950.75,25945.5,25947.25,253,25951.66,25951.34,0.00
2025-12-08,22:33:00,25946.5,25946.75,25942,25942,578,25951.49,25950.77,0.00
2025-12-08,22:34:00,25942.5,25946.25,25941.25,25946.25,246,25951.43,25950.58,0.00
2025-12-08,22:35:00,25946.25,25948.75,25944.5,25944.5,164,25951.40,25950.49,0.00
2025-12-08,22:36:00,25944.5,25945.75,25939.25,25939.5,234,25951.31,25950.24,0.00
2025-12-08,22:37:00,25939.5,25945.75,25938.25,25945.25,333,25951.22,25949.97,0.00
2025-12-08,22:38:00,25945.5,25947.25,25944,25944.25,131,25951.19,25949.90,0.00
2025-12-08,22:39:00,25944.75,25945,25940.75,25940.75,162,25951.14,25949.77,0.00
2025-12-08,22:40:00,25940.5,25942,25938,25941.75,224,25951.06,25949.55,0.00
2025-12-08,22:41:00,25942.5,25943,25939,25940.25,245,25950.97,25949.33,0.00
2025-12-08,22:42:00,25940,25941.25,25938.25,25940.75,206,25950.90,25949.13,0.00
2025-12-08,22:43:00,25941.25,25945.25,25939.75,25945,296,25950.82,25948.96,0.00
2025-12-08,22:44:00,25945.25,25948,25945,25945,142,25950.80,25948.92,0.00
2025-12-08,22:45:00,25945.25,25946.75,25942.75,25944.5,147,25950.77,25948.86,0.00
2025-12-08,22:46:00,25945,25945.75,25940.5,25944.25,202,25950.72,25948.76,0.00
2025-12-08,22:47:00,25944.5,25947.25,25944.25,25946.5,105,25950.70,25948.73,0.00
2025-12-08,22:48:00,25946.75,25949.25,25946.25,25949,166,25950.69,25948.72,0.00
2025-12-08,22:49:00,25949,25950.25,25944.25,25945.75,151,25950.67,25948.70,0.00
2025-12-08,22:50:00,25945.75,25948.75,25945.75,25946.5,92,25950.66,25948.68,0.00
2025-12-08,22:51:00,25946.25,25946.5,25943.75,25945,62,25950.65,25948.66,0.00
2025-12-08,22:52:00,25945.5,25948.25,25945,25948,72,25950.64,25948.65,0.00
2025-12-08,22:53:00,25948,25951,25947.5,25950.25,151,25950.63,25948.67,0.00
2025-12-08,22:54:00,25950.25,25950.75,25944.75,25945,119,25950.62,25948.65,0.00
2025-12-08,22:55:00,25945.25,25946.5,25943.5,25944.5,101,25950.60,25948.61,0.00
2025-12-08,22:56:00,25945.25,25947.25,25943.5,25944,100,25950.58,25948.58,0.00
2025-12-08,22:57:00,25944.25,25944.75,25941.5,25943.5,206,25950.53,25948.49,0.00
2025-12-08,22:58:00,25943.75,25948.75,25943.25,25948.25,91,25950.52,25948.48,0.00
2025-12-08,22:59:00,25948.25,25949,25945,25947.75,102,25950.51,25948.47,0.00
2025-12-08,23:00:00,25947.5,25947.75,25945.25,25945.75,96,25950.50,25948.45,0.00
2025-12-08,23:01:00,25945,25947.25,25944.25,25945.25,182,25950.47,25948.41,0.00
2025-12-08,23:02:00,25945,25946,25943.5,25944.75,44,25950.46,25948.39,0.00
2025-12-08,23:03:00,25945.5,25945.5,25942,25942.5,74,25950.45,25948.36,0.00
2025-12-08,23:04:00,25942.25,25943.25,25937.5,25941.25,400,25950.33,25948.13,0.00
2025-12-08,23:05:00,25941.25,25945.25,25940.75,25945,169,25950.29,25948.07,0.00
2025-12-08,23:06:00,25945,25950.25,25944,25949.25,240,25950.28,25948.06,0.00
2025-12-08,23:07:00,25949.5,25951.75,25948.5,25949.5,316,25950.27,25948.11,0.00
2025-12-08,23:08:00,25951,25951,25946.5,25948.25,104,25950.27,25948.11,0.00
2025-12-08,23:09:00,25947.5,25947.5,25943.25,25945,181,25950.24,25948.07,0.00
2025-12-08,23:10:00,25944.25,25946.5,25942.5,25945.25,116,25950.22,25948.05,0.00
2025-12-08,23:11:00,25945.25,25946.5,25944.5,25945,120,25950.20,25948.02,0.00
2025-12-08,23:12:00,25944.75,25946.5,25943.75,25943.75,75,25950.19,25948.01,0.00
2025-12-08,23:13:00,25945,25946.25,25944.5,25946,84,25950.18,25947.99,0.00
2025-12-08,23:14:00,25945.75,25947,25944.25,25945,161,25950.16,25947.96,0.00
2025-12-08,23:15:00,25944.75,25948,25944.5,25947.25,90,25950.15,25947.95,0.00
2025-12-08,23:16:00,25947,25949.25,25945.25,25949.25,147,25950.14,25947.95,0.00
2025-12-08,23:17:00,25949,25951.25,25948,25950.25,154,25950.14,25947.97,0.00
2025-12-08,23:18:00,25950.5,25952,25949.5,25951,171,25950.14,25948.01,0.00
2025-12-08,23:19:00,25951.5,25953,25947.5,25950.5,222,25950.14,25948.04,0.00
2025-12-08,23:20:00,25950.25,25950.75,25949.25,25949.25,74,25950.14,25948.05,0.00
2025-12-08,23:21:00,25949.25,25951.25,25946.5,25947.25,212,25950.13,25948.05,0.00
2025-12-08,23:22:00,25947.25,25947.75,25942.75,25943.75,281,25950.09,25947.99,0.00
2025-12-08,23:23:00,25943.75,25946.25,25942.5,25944.75,110,25950.07,25947.97,0.00
2025-12-08,23:24:00,25944.75,25946,25942.75,25942.75,72,25950.06,25947.95,0.00
2025-12-08,23:25:00,25943.25,25946,25942.75,25945,77,25950.05,25947.93,0.00
2025-12-08,23:26:00,25945,25947.5,25944.5,25946.25,76,25950.04,25947.93,0.00
2025-12-08,23:27:00,25946,25947.25,25944.25,25945.5,105,25950.03,25947.91,0.00
2025-12-08,23:28:00,25946,25947.25,25943,25943.5,129,25950.01,25947.89,0.00
2025-12-08,23:29:00,25943.5,25946.75,25943,25946.75,129,25949.99,25947.87,0.00
2025-12-08,23:30:00,25946.5,25948,25945,25947.25,121,25949.98,25947.86,0.00
2025-12-08,23:31:00,25947.25,25953.5,25944,25945,767,25949.93,25947.84,0.00
2025-12-08,23:32:00,25946.25,25947.25,25942.25,25943.75,231,25949.89,25947.80,0.00
2025-12-08,23:33:00,25944.5,25949.75,25944.25,25949.5,186,25949.88,25947.80,0.00
2025-12-08,23:34:00,25949.5,25953.5,25948.75,25951.25,335,25949.89,25947.86,0.00
2025-12-08,23:35:00,25951.25,25951.5,25947.5,25949.75,198,25949.89,25947.88,0.00
2025-12-08,23:36:00,25949.25,25953,25948.5,25952.75,156,25949.90,25947.91,0.00
2025-12-08,23:37:00,25952.5,25953.75,25950.75,25951.75,217,25949.91,25947.96,0.00
2025-12-08,23:38:00,25952.5,25953.25,25949.5,25950.5,93,25949.91,25947.97,0.00
2025-12-08,23:39:00,25950,25951.75,25949.25,25950,128,25949.92,25947.99,0.00
2025-12-08,23:40:00,25950.25,25952,25949.25,25951.75,119,25949.92,25948.01,0.00
2025-12-08,23:41:00,25952,25953,25951,25952.25,144,25949.93,25948.04,0.00
2025-12-08,23:42:00,25952,25952.25,25947.5,25948,165,25949.92,25948.05,0.00
2025-12-08,23:43:00,25947.5,25950.5,25947,25950.25,297,25949.92,25948.07,0.00
2025-12-08,23:44:00,25950.5,25953.75,25947.5,25950.25,285,25949.92,25948.10,0.00
2025-12-08,23:45:00,25948.75,25951.5,25948.25,25948.5,72,25949.92,25948.11,0.00
2025-12-08,23:46:00,25948,25950,25947.25,25948.25,134,25949.92,25948.11,0.00
2025-12-08,23:47:00,25948,25949.25,25945.25,25947.5,215,25949.90,25948.10,0.00
2025-12-08,23:48:00,25946.75,25947,25942.5,25945,408,25949.85,25948.04,0.00
2025-12-08,23:49:00,25943.75,25946,25941,25942.5,318,25949.80,25947.96,0.00
2025-12-08,23:50:00,25942.25,25943.25,25941.5,25942.75,101,25949.78,25947.94,0.00
2025-12-08,23:51:00,25942.25,25942.75,25939,25940.25,208,25949.74,25947.87,0.00
2025-12-08,23:52:00,25939.25,25944.25,25938.75,25944.25,172,25949.71,25947.82,0.00
2025-12-08,23:53:00,25944,25946.25,25943.5,25946.25,133,25949.69,25947.81,0.00
2025-12-08,23:54:00,25946.5,25951.25,25946,25950.5,274,25949.69,25947.83,0.00
2025-12-08,23:55:00,25950.75,25954,25948.75,25951.5,376,25949.70,25947.89,0.00
2025-12-08,23:56:00,25952.25,25953,25949,25949.75,116,25949.71,25947.90,0.00
2025-12-08,23:57:00,25950,25952.75,25949,25952,99,25949.71,25947.91,0.00
2025-12-08,23:58:00,25952,25954.75,25951.25,25953.25,178,25949.72,25947.95,0.00
2025-12-08,23:59:00,25953.75,25955.25,25949.5,25951.25,218,25949.74,25947.99,0.00
