Date,Time,Open,High,Low,Close,Volume,HighVWAP,LowVWAP,LevelPrice
2025-12-09,00:00:00,25951.5,25953.25,25951.5,25951.5,120,25949.74,25948.01,0.00
2025-12-09,00:01:00,25952,25952.75,25948.5,25951.5,211,25949.75,25948.04,0.00
2025-12-09,00:02:00,25951.5,25952.5,25948,25949,134,25949.75,25948.05,0.00
2025-12-09,00:03:00,25949.25,25953.25,25949.25,25952.25,89,25949.75,25948.06,0.00
2025-12-09,00:04:00,25952.25,25952.75,25945,25945,388,25949.73,25948.06,0.00
2025-12-09,00:05:00,25947,25949.5,25945.25,25947.25,189,25949.72,25948.05,0.00
2025-12-09,00:06:00,25947,25948.25,25946.5,25947,72,25949.72,25948.05,0.00
2025-12-09,00:07:00,25947,25948.75,25945.5,25946,68,25949.71,25948.04,0.00
2025-12-09,00:08:00,25946.25,25953.75,25946,25950,291,25949.72,25948.07,0.00
2025-12-09,00:09:00,25950,25950.25,25947.5,25947.75,105,25949.71,25948.07,0.00
2025-12-09,00:10:00,25947.5,25949.75,25947.5,25948.75,68,25949.71,25948.07,0.00
2025-12-09,00:11:00,25949.25,25949.75,25947.25,25947.25,74,25949.71,25948.07,0.00
2025-12-09,00:12:00,25947.25,25950.5,25947.25,25949,100,25949.71,25948.07,0.00
2025-12-09,00:13:00,25949.25,25951,25948.5,25948.5,103,25949.71,25948.08,0.00
2025-12-09,00:14:00,25948.25,25949,25946.75,25946.75,57,25949.70,25948.08,0.00
2025-12-09,00:15:00,25946.25,25946.75,25945,25945,90,25949.69,25948.07,0.00
2025-12-09,00:16:00,25945.75,25946,25942.75,25944.5,292,25949.66,25948.03,0.00
2025-12-09,00:17:00,25944,25948.25,25943.25,25947,245,25949.64,25948.01,0.00
2025-12-09,00:18:00,25947.25,25948.25,25946.5,25947.25,90,25949.64,25948.01,0.00
2025-12-09,00:19:00,25947.25,25948.25,25946.25,25946.5,59,25949.63,25948.00,0.00
2025-12-09,00:20:00,25946.5,25950,25946.5,25948.75,87,25949.63,25948.01,0.00
2025-12-09,00:21:00,25949.25,25950.25,25947,25947.75,97,25949.63,25948.01,0.00
2025-12-09,00:22:00,25947.75,25948.25,25946.75,25948.25,80,25949.63,25948.01,0.00
2025-12-09,00:23:00,25948.25,25949.5,25947.75,25948,54,25949.62,25948.01,0.00
2025-12-09,00:24:00,25948.25,25950,25942.25,25943.5,275,25949.60,25947.98,0.00
2025-12-09,00:25:00,25943.75,25944.5,25942.25,25943.25,152,25949.58,25947.95,0.00
2025-12-09,00:26:00,25943,25944,25942.25,25943.25,72,25949.57,25947.94,0.00
2025-12-09,00:27:00,25943,25946.25,25942.5,25944.75,147,25949.55,25947.92,0.00
2025-12-09,00:28:00,25944.75,25945.5,25943.75,25944.25,79,25949.54,25947.91,0.00
2025-12-09,00:29:00,25944,25947,25943.5,25946,154,25949.53,25947.90,0.00
2025-12-09,00:30:00,25946,25946.75,25944,25946,86,25949.52,25947.89,0.00
2025-12-09,00:31:00,25945.25,25946,25940.5,25941.5,171,25949.50,25947.86,0.00
2025-12-09,00:32:00,25941.75,25943.75,25940.5,25942.5,115,25949.48,25947.83,0.00
2025-12-09,00:33:00,25942.75,25944.25,25941,25941.5,121,25949.46,25947.81,0.00
2025-12-09,00:34:00,25941.25,25942.75,25940.75,25941.25,122,25949.44,25947.78,0.00
2025-12-09,00:35:00,25941,25942.5,25939.25,25939.75,153,25949.41,25947.74,0.00
2025-12-09,00:36:00,25940.25,25942,25937.5,25937.75,215,25949.36,25947.67,0.00
2025-12-09,00:37:00,25937.5,25941.25,25936.25,25939.25,188,25949.32,25947.62,0.00
2025-12-09,00:38:00,25940,25941.75,25939.5,25941.25,74,25949.31,25947.60,0.00
2025-12-09,00:39:00,25941.75,25942.75,25940.75,25942.75,39,25949.30,25947.59,0.00
2025-12-09,00:40:00,25942.75,25944.5,25941,25942.75,152,25949.28,25947.56,0.00
2025-12-09,00:41:00,25942.75,25945.5,25942.25,25944.75,85,25949.28,25947.55,0.00
2025-12-09,00:42:00,25944.25,25947.75,25944.25,25946.5,129,25949.27,25947.55,0.00
2025-12-09,00:43:00,25947,25948.25,25945,25945.75,146,25949.26,25947.54,0.00
2025-12-09,00:44:00,25945.5,25946,25941.75,25943.25,115,25949.24,25947.53,0.00
2025-12-09,00:45:00,25943.25,25944.5,25942.5,25944.25,70,25949.24,25947.52,0.00
2025-12-09,00:46:00,25944.25,25946,25943.5,25944.5,89,25949.23,25947.51,0.00
2025-12-09,00:47:00,25944.5,25944.5,25941.75,25942.5,70,25949.22,25947.50,0.00
2025-12-09,00:48:00,25942.25,25943.25,25942.25,25942.25,98,25949.21,25947.48,0.00
2025-12-09,00:49:00,25942.5,25943.75,25942.25,25942.75,68,25949.20,25947.47,0.00
2025-12-09,00:50:00,25943,25944,25941,25941.5,93,25949.18,25947.45,0.00
2025-12-09,00:51:00,25941.5,25942.5,25940.5,25942.5,71,25949.17,25947.44,0.00
2025-12-09,00:52:00,25942.25,25943,25939.75,25940,86,25949.16,25947.42,0.00
2025-12-09,00:53:00,25939.75,25941.25,25939.75,25940.75,137,25949.14,25947.39,0.00
2025-12-09,00:54:00,25941,25941.75,25939.5,25941.5,101,25949.12,25947.37,0.00
2025-12-09,00:55:00,25941.5,25942,25940.75,25941,80,25949.11,25947.35,0.00
2025-12-09,00:56:00,25941.25,25942.5,25940.75,25941.25,93,25949.09,25947.33,0.00
2025-12-09,00:57:00,25941.5,25943.25,25940.75,25942.5,71,25949.08,25947.32,0.00
2025-12-09,00:58:00,25943,25943,25941,25941,87,25949.07,25947.31,0.00
2025-12-09,00:59:00,25940.75,25941.75,25939.75,25939.75,76,25949.06,25947.29,0.00
2025-12-09,01:00:00,25939.75,25941,25939.75,25940.5,51,25949.05,25947.28,0.00
2025-12-09,01:01:00,25941.25,25941.5,25936.75,25937.25,275,25948.99,25947.20,0.00
2025-12-09,01:02:00,25937.5,25940.25,25936.5,25939.5,122,25948.96,25947.16,0.00
2025-12-09,01:03:00,25939.25,25942.75,25939,25942.5,120,25948.95,25947.14,0.00
2025-12-09,01:04:00,25942.75,25942.75,25938.75,25939,115,25948.93,25947.12,0.00
2025-12-09,01:05:00,25939,25939.5,25933,25935,437,25948.81,25946.96,0.00
2025-12-09,01:06:00,25935,25935.5,25926.25,25929.5,774,25948.54,25930.42,0.00
2025-12-09,01:07:00,25930,25934.25,25929.25,25933.5,271,25948.45,25930.91,0.00
2025-12-09,01:08:00,25933.25,25934.25,25931,25932.5,169,25948.40,25931.15,0.00
2025-12-09,01:09:00,25933.25,25934.75,25930,25930.5,125,25948.36,25931.20,0.00
2025-12-09,01:10:00,25930,25931.5,25926.25,25930.25,330,25948.24,25930.83,0.00
2025-12-09,01:11:00,25930.25,25931.5,25925.5,25926,128,25948.19,25927.67,0.00
2025-12-09,01:12:00,25926,25928.5,25923.75,25928.5,444,25948.02,25926.92,0.00
2025-12-09,01:13:00,25928.25,25930.75,25928,25930.75,146,25947.97,25927.64,0.00
2025-12-09,01:14:00,25930.5,25932.5,25930,25930.75,126,25947.93,25928.24,0.00
2025-12-09,01:15:00,25930.75,25930.75,25928,25928.5,90,25947.90,25928.34,0.00
2025-12-09,01:16:00,25928.5,25928.75,25926.5,25928,129,25947.85,25928.26,0.00
2025-12-09,01:17:00,25928.25,25928.75,25925.75,25926.5,134,25947.80,25928.10,0.00
2025-12-09,01:18:00,25926.25,25928.5,25926.25,25927.75,107,25947.76,25928.04,0.00
2025-12-09,01:19:00,25928,25930.25,25928,25930,178,25947.70,25928.23,0.00
2025-12-09,01:20:00,25930.25,25931.75,25927.75,25928,177,25947.64,25928.33,0.00
2025-12-09,01:21:00,25928,25928.5,25922,25922.5,336,25947.49,25924.33,0.00
2025-12-09,01:22:00,25922.5,25925.75,25920.75,25925.75,303,25947.36,25924.08,0.00
2025-12-09,01:23:00,25926,25926.5,25923.5,25923.75,223,25947.27,25924.30,0.00
2025-12-09,01:24:00,25924,25926.25,25921.25,25921.25,299,25947.14,25923.80,0.00
2025-12-09,01:25:00,25921.5,25923.75,25920,25921.5,349,25946.98,25921.75,0.00
2025-12-09,01:26:00,25921.5,25924.5,25920.5,25922,259,25946.87,25922.00,0.00
2025-12-09,01:27:00,25921.75,25923.25,25918.25,25919.75,336,25946.71,25920.42,0.00
2025-12-09,01:28:00,25920,25923.25,25919,25919.75,310,25946.57,25920.54,0.00
2025-12-09,01:29:00,25920,25922.75,25920,25921.75,152,25946.50,25920.72,0.00
2025-12-09,01:30:00,25921.25,25921.75,25919.25,25921.5,121,25946.45,25920.74,0.00
2025-12-09,01:31:00,25921,25924.5,25917.5,25923,381,25946.28,25921.67,0.00
2025-12-09,01:32:00,25923,25923.75,25920,25920.75,144,25946.22,25921.62,0.00
2025-12-09,01:33:00,25921.25,25922.5,25920.5,25922.5,111,25946.17,25921.66,0.00
2025-12-09,01:34:00,25922.5,25923.75,25920.5,25922.75,155,25946.11,25921.79,0.00
2025-12-09,01:35:00,25922.5,25923,25920.5,25922.25,105,25946.07,25921.81,0.00
2025-12-09,01:36:00,25922.25,25926.5,25922.25,25925.75,260,25945.97,25922.49,0.00
2025-12-09,01:37:00,25926.25,25930.25,25926,25929.25,510,25945.82,25924.33,0.00
2025-12-09,01:38:00,25929.5,25930.5,25928.75,25929.25,188,25945.77,25924.85,0.00
2025-12-09,01:39:00,25929.5,25929.5,25927.75,25928.5,114,25945.73,25925.07,0.00
2025-12-09,01:40:00,25928.5,25931,25928.25,25931,206,25945.68,25925.54,0.00
2025-12-09,01:41:00,25930,25930,25928.5,25929,150,25945.64,25925.78,0.00
2025-12-09,01:42:00,25929.25,25929.75,25924.5,25925.25,230,25945.56,25925.84,0.00
2025-12-09,01:43:00,25925,25928.25,25924.75,25928,136,25945.52,25925.90,0.00
2025-12-09,01:44:00,25928.25,25930.5,25927.75,25928.75,219,25945.46,25926.13,0.00
2025-12-09,01:45:00,25929.5,25929.75,25926.5,25926.5,134,25945.42,25926.20,0.00
2025-12-09,01:46:00,25926.75,25929.25,25926.5,25928.75,109,25945.39,25926.27,0.00
2025-12-09,01:47:00,25928.75,25932.5,25928,25931.5,250,25945.33,25926.59,0.00
2025-12-09,01:48:00,25931.25,25932.5,25926.5,25927.25,211,25945.27,25926.72,0.00
2025-12-09,01:49:00,25927.5,25928.75,25925.75,25925.75,144,25945.23,25926.72,0.00
2025-12-09,01:50:00,25925.75,25925.75,25922.75,25923.5,252,25945.14,25926.55,0.00
2025-12-09,01:51:00,25923.5,25926,25921.5,25923,164,25945.08,25926.43,0.00
2025-12-09,01:52:00,25922.75,25923.75,25921.25,25921.75,170,25945.02,25926.26,0.00
2025-12-09,01:53:00,25921.75,25924,25919,25919.75,207,25944.94,25926.02,0.00
2025-12-09,01:54:00,25919.75,25919.75,25916.5,25919,382,25944.77,25918.42,0.00
2025-12-09,01:55:00,25918.75,25919.75,25917.5,25918,174,25944.70,25918.42,0.00
2025-12-09,01:56:00,25917.75,25921.25,25917.25,25920.75,158,25944.64,25918.71,0.00
2025-12-09,01:57:00,25919.5,25921,25919,25919.5,143,25944.58,25918.90,0.00
2025-12-09,01:58:00,25920,25920.25,25917,25917.5,107,25944.53,25918.83,0.00
2025-12-09,01:59:00,25918,25919.5,25916.75,25917.5,99,25944.49,25918.74,0.00
2025-12-09,02:00:00,25917.5,25918.25,25915.75,25916.5,241,25944.39,25916.83,0.00
2025-12-09,02:01:00,25917.25,25918,25912.25,25912.5,497,25944.15,25914.25,0.00
2025-12-09,02:02:00,25912.75,25914,25904.75,25909.75,795,25943.72,25909.50,0.00
2025-12-09,02:03:00,25909.5,25911.75,25907.25,25909.25,274,25943.58,25909.48,0.00
2025-12-09,02:04:00,25908.75,25912.75,25908.25,25908.75,216,25943.46,25909.55,0.00
2025-12-09,02:05:00,25908.75,25911,25907.5,25909,200,25943.36,25909.50,0.00
2025-12-09,02:06:00,25909.25,25914.5,25908.5,25914,228,25943.25,25909.88,0.00
2025-12-09,02:07:00,25914,25916.75,25914,25914.5,176,25943.17,25910.36,0.00
2025-12-09,02:08:00,25914,25914.25,25910,25910.25,242,25943.06,25910.49,0.00
2025-12-09,02:09:00,25910,25911,25908.25,25911,111,25943.00,25910.47,0.00
2025-12-09,02:10:00,25911,25912.25,25909.25,25909.5,113,25942.94,25910.46,0.00
2025-12-09,02:11:00,25909.25,25910,25907.25,25908.75,175,25942.85,25910.34,0.00
2025-12-09,02:12:00,25908.25,25909,25903.5,25906.5,353,25942.66,25906.33,0.00
2025-12-09,02:13:00,25906.25,25906.25,25900.75,25903.5,505,25942.36,25903.50,0.00
2025-12-09,02:14:00,25903,25908.5,25901,25907.5,328,25942.18,25904.35,0.00
2025-12-09,02:15:00,25907.75,25910.25,25907.5,25910,225,25942.07,25905.39,0.00
2025-12-09,02:16:00,25909.75,25910.75,25907.5,25909.5,157,25942.00,25905.89,0.00
2025-12-09,02:17:00,25909.25,25914.25,25907,25913.5,249,25941.88,25906.86,0.00
2025-12-09,02:18:00,25913.75,25914,25909.5,25909.75,208,25941.79,25907.39,0.00
2025-12-09,02:19:00,25909.75,25911.25,25907.75,25911.25,152,25941.72,25907.61,0.00
2025-12-09,02:20:00,25911.5,25911.75,25908.5,25908.75,141,25941.65,25907.76,0.00
2025-12-09,02:21:00,25908.75,25910,25906.25,25909.75,238,25941.54,25907.86,0.00
2025-12-09,02:22:00,25909.75,25910.75,25900,25900,481,25941.27,25903.58,0.00
2025-12-09,02:23:00,25900.5,25905.75,25900.5,25905.75,224,25941.15,25903.72,0.00
2025-12-09,02:24:00,25905,25906.75,25902.25,25906.25,119,25941.09,25903.91,0.00
2025-12-09,02:25:00,25906.5,25907.75,25904.25,25904.5,155,25941.01,25904.16,0.00
2025-12-09,02:26:00,25904,25904.5,25901.25,25903.75,173,25940.92,25904.01,0.00
2025-12-09,02:27:00,25903.25,25904.5,25901.75,25904,138,25940.84,25903.95,0.00
2025-12-09,02:28:00,25904,25908.75,25903.25,25908.75,181,25940.76,25904.32,0.00
2025-12-09,02:29:00,25908.75,25909.75,25906.75,25906.75,162,25940.68,25904.66,0.00
2025-12-09,02:30:00,25906.5,25911,25906.5,25908.75,342,25940.52,25905.37,0.00
2025-12-09,02:31:00,25908.75,25916,25907.25,25913.25,531,25940.31,25906.81,0.00
2025-12-09,02:32:00,25913.25,25913.5,25908,25910.25,290,25940.19,25907.20,0.00
2025-12-09,02:33:00,25909.75,25914.25,25908.75,25912.75,168,25940.12,25907.47,0.00
2025-12-09,02:34:00,25913,25914.75,25911.25,25912.25,144,25940.07,25907.71,0.00
2025-12-09,02:35:00,25911.5,25913.5,25910.75,25913.25,161,25940.01,25907.95,0.00
2025-12-09,02:36:00,25913,25916.25,25911.5,25914.25,214,25939.93,25908.32,0.00
2025-12-09,02:37:00,25914.5,25915,25912.5,25913.25,95,25939.90,25908.46,0.00
2025-12-09,02:38:00,25913.25,25913.75,25908.25,25909.25,220,25939.81,25908.57,0.00
2025-12-09,02:39:00,25909.25,25910.25,25907.25,25909,173,25939.73,25908.58,0.00
2025-12-09,02:40:00,25908.5,25913,25908.5,25913,155,25939.67,25908.69,0.00
2025-12-09,02:41:00,25913,25917,25912.5,25916,268,25939.58,25909.09,0.00
2025-12-09,02:42:00,25915.5,25919,25915,25918.5,284,25939.50,25909.60,0.00
2025-12-09,02:43:00,25918.5,25921.25,25917.5,25920,322,25939.41,25910.24,0.00
2025-12-09,02:44:00,25920,25928.25,25920,25928.25,500,25939.31,25911.63,0.00
2025-12-09,02:45:00,25928,25935,25927.75,25933.75,727,25939.24,25914.03,0.00
2025-12-09,02:46:00,25933.75,25941.25,25929.75,25930,794,25939.19,25916.25,0.00
2025-12-09,02:47:00,25930,25932.25,25928.75,25931.25,235,25939.16,25916.72,0.00
2025-12-09,02:48:00,25931.25,25935.5,25930.75,25935.5,188,25939.15,25917.15,0.00
2025-12-09,02:49:00,25935.75,25935.75,25931.5,25934.25,206,25939.13,25917.60,0.00
2025-12-09,02:50:00,25934.5,25935,25926.75,25927,262,25939.10,25918.00,0.00
2025-12-09,02:51:00,25927.5,25928.75,25923.5,25925,433,25939.02,25918.40,0.00
2025-12-09,02:52:00,25925.5,25930.25,25924.25,25928.25,259,25938.99,25918.68,0.00
2025-12-09,02:53:00,25928.75,25931.75,25926.5,25927.25,138,25938.97,25918.83,0.00
2025-12-09,02:54:00,25928,25931.75,25928,25931.25,176,25938.95,25919.06,0.00
2025-12-09,02:55:00,25930.5,25933.25,25929.5,25930,143,25938.93,25919.25,0.00
2025-12-09,02:56:00,25930.25,25930.5,25927,25927.5,200,25938.91,25919.44,0.00
2025-12-09,02:57:00,25927.5,25935,25925.25,25934.25,243,25938.88,25919.75,0.00
2025-12-09,02:58:00,25934.5,25935.75,25932.75,25934.25,194,25938.87,25920.04,0.00
2025-12-09,02:59:00,25934.75,25935.5,25932.75,25934.25,139,25938.86,25920.24,0.00
2025-12-09,03:00:00,25934.5,25937.25,25934.5,25936.75,205,25938.86,25920.56,0.00
2025-12-09,03:01:00,25936.5,25941,25934.75,25937,429,25938.85,25921.26,0.00
2025-12-09,03:02:00,25936.75,25942.75,25935.75,25941.75,342,25938.85,25921.86,0.00
2025-12-09,03:03:00,25941.75,25942.75,25935.5,25938.25,283,25938.85,25922.29,0.00
2025-12-09,03:04:00,25939.75,25941.5,25938.75,25940.75,112,25938.86,25922.47,0.00
2025-12-09,03:05:00,25941.25,25943,25935.25,25942.25,231,25938.86,25922.83,0.00
2025-12-09,03:06:00,25943,25945.5,25941.75,25943,372,25938.88,25923.48,0.00
2025-12-09,03:07:00,25943.25,25945,25941.25,25941.25,228,25938.89,25923.84,0.00
2025-12-09,03:08:00,25941,25947.25,25941,25945.75,279,25938.91,25924.31,0.00
2025-12-09,03:09:00,25945.75,25947,25943.25,25946.5,131,25938.92,25924.53,0.00
2025-12-09,03:10:00,25946,25946.75,25943,25943.75,146,25938.93,25924.76,0.00
2025-12-09,03:11:00,25943.5,25948,25941.75,25946.5,283,25938.95,25925.22,0.00
2025-12-09,03:12:00,25946,25946.75,25943.25,25944.5,287,25938.97,25925.65,0.00
2025-12-09,03:13:00,25944.5,25945.75,25942,25943,202,25938.99,25925.92,0.00
2025-12-09,03:14:00,25943,25943.5,25939,25942.25,262,25938.99,25926.22,0.00
2025-12-09,03:15:00,25942,25942.5,25939,25941,184,25939.00,25926.41,0.00
2025-12-09,03:16:00,25940.75,25941,25938,25939.75,255,25939.00,25926.65,0.00
2025-12-09,03:17:00,25940.25,25940.75,25937,25937.25,285,25939.00,25926.88,0.00
2025-12-09,03:18:00,25937.75,25941.75,25937.75,25940.75,189,25939.00,25927.05,0.00
2025-12-09,03:19:00,25940.5,25940.5,25934.75,25935,313,25938.99,25927.26,0.00
2025-12-09,03:20:00,25935,25937.5,25934.25,25935.5,186,25938.98,25927.36,0.00
2025-12-09,03:21:00,25935.25,25938,25935.25,25936.75,154,25938.98,25927.46,0.00
2025-12-09,03:22:00,25937,25941,25936.75,25938.75,205,25938.98,25927.61,0.00
2025-12-09,03:23:00,25938.75,25942.25,25938.25,25941.5,187,25938.98,25927.77,0.00
2025-12-09,03:24:00,25941.75,25944,25941.5,25941.5,224,25938.99,25927.97,0.00
2025-12-09,03:25:00,25941.25,25941.25,25937.5,25940.25,137,25938.99,25928.07,0.00
2025-12-09,03:26:00,25940.25,25940.75,25937.5,25938,107,25938.99,25928.14,0.00
2025-12-09,03:27:00,25938,25940.5,25935.5,25940.5,200,25938.99,25928.28,0.00
2025-12-09,03:28:00,25940.5,25941.25,25938,25939.25,116,25938.99,25928.36,0.00
2025-12-09,03:29:00,25939.25,25939.25,25936.25,25936.5,111,25938.99,25928.42,0.00
2025-12-09,03:30:00,25936.5,25940.75,25934,25940.25,214,25938.99,25928.54,0.00
2025-12-09,03:31:00,25940.25,25941.75,25937.75,25940,206,25938.99,25928.68,0.00
2025-12-09,03:32:00,25940.25,25941.5,25937.25,25938.5,137,25938.99,25928.76,0.00
2025-12-09,03:33:00,25938.75,25941,25937.25,25940.75,154,25938.99,25928.86,0.00
2025-12-09,03:34:00,25941,25941.75,25940.25,25941.75,99,25939.00,25928.93,0.00
2025-12-09,03:35:00,25941.75,25942.5,25939.5,25940.5,179,25939.00,25929.05,0.00
2025-12-09,03:36:00,25940.75,25943.5,25940.25,25941,220,25939.01,25929.21,0.00
2025-12-09,03:37:00,25940.75,25941,25937.5,25938.25,131,25939.01,25929.28,0.00
2025-12-09,03:38:00,25938.25,25938.75,25934.25,25934.5,294,25939.00,25929.39,0.00
2025-12-09,03:39:00,25934.25,25935.5,25929.5,25933,676,25938.95,25929.51,0.00
2025-12-09,03:40:00,25932,25937,25931.25,25935.5,314,25938.93,25929.59,0.00
2025-12-09,03:41:00,25935.5,25936.75,25933.75,25933.75,172,25938.92,25929.64,0.00
2025-12-09,03:42:00,25934,25937.25,25930.75,25936.75,378,25938.91,25929.74,0.00
2025-12-09,03:43:00,25936.75,25946,25936.75,25944.75,555,25938.93,25930.09,0.00
2025-12-09,03:44:00,25944.75,25944.75,25940,25940.25,175,25938.93,25930.19,0.00
2025-12-09,03:45:00,25940,25941.5,25939.25,25940.25,90,25938.94,25930.23,0.00
2025-12-09,03:46:00,25940.25,25943.75,25939,25942.5,154,25938.94,25930.32,0.00
2025-12-09,03:47:00,25942.75,25943.75,25939.75,25940.5,177,25938.94,25930.41,0.00
2025-12-09,03:48:00,25940.75,25944,25940.25,25943.25,81,25938.95,25930.46,0.00
2025-12-09,03:49:00,25943,25943.25,25939.5,25939.5,139,25938.95,25930.53,0.00
2025-12-09,03:50:00,25940.25,25944.5,25940.25,25944,116,25938.96,25930.59,0.00
2025-12-09,03:51:00,25944.25,25950.25,25944.25,25948.5,472,25939.00,25930.97,0.00
2025-12-09,03:52:00,25948.5,25950.75,25944.25,25944.25,237,25939.02,25931.13,0.00
2025-12-09,03:53:00,25944.25,25944.25,25940.25,25942.25,215,25939.03,25931.24,0.00
2025-12-09,03:54:00,25942.25,25944.5,25941.75,25944.5,82,25939.03,25931.29,0.00
2025-12-09,03:55:00,25944,25944.5,25942.5,25942.5,126,25939.04,25931.36,0.00
2025-12-09,03:56:00,25942.75,25945.75,25941.75,25944.5,155,25939.05,25931.44,0.00
2025-12-09,03:57:00,25944.25,25944.25,25940.75,25941,158,25939.05,25931.52,0.00
2025-12-09,03:58:00,25941,25943.5,25940.25,25942,152,25939.06,25931.59,0.00
2025-12-09,03:59:00,25942.25,25945.75,25941.25,25945.25,149,25939.07,25931.67,0.00
2025-12-09,04:00:00,25945.25,25945.5,25940.5,25945.25,257,25939.08,25931.80,0.00
2025-12-09,04:01:00,25945.25,25951.5,25940,25950.75,890,25939.16,25932.38,0.00
2025-12-09,04:02:00,25950,25951.5,25942.25,25945.5,327,25939.18,25932.57,0.00
2025-12-09,04:03:00,25946,25949,25943.25,25948.25,216,25939.20,25932.69,0.00
2025-12-09,04:04:00,25948.5,25959.5,25948,25958,806,25939.34,25933.41,0.00
2025-12-09,04:05:00,25958.25,25959,25953.25,25954.25,356,25939.40,25933.71,0.00
2025-12-09,04:06:00,25954.5,25955.75,25949.75,25953.5,353,25939.45,25933.97,0.00
2025-12-09,04:07:00,25953.5,25958,25953.25,25955.5,262,25939.50,25934.19,0.00
2025-12-09,04:08:00,25954.75,25955.75,25947.75,25947.75,283,25939.53,25934.36,0.00
2025-12-09,04:09:00,25948,25950.75,25945,25949.75,454,25939.57,25934.60,0.00
2025-12-09,04:10:00,25949.25,25956.75,25947.25,25952.75,538,25939.64,25934.94,0.00
2025-12-09,04:11:00,25952.75,25954,25947.25,25952.25,364,25939.68,25935.15,0.00
2025-12-09,04:12:00,25953.25,25954.5,25950,25953.25,158,25939.71,25935.25,0.00
2025-12-09,04:13:00,25952.5,25955.25,25951.5,25951.5,124,25939.72,25935.33,0.00
2025-12-09,04:14:00,25951.75,25954.5,25949.75,25952.75,181,25939.75,25935.44,0.00
2025-12-09,04:15:00,25953,25953.5,25951.5,25953.25,92,25939.76,25935.49,0.00
2025-12-09,04:16:00,25954.25,25956.75,25949,25953,230,25939.79,25935.63,0.00
2025-12-09,04:17:00,25953,25957,25953,25955,132,25939.81,25935.72,0.00
2025-12-09,04:18:00,25955.75,25956.5,25952.5,25954.25,125,25939.83,25935.80,0.00
2025-12-09,04:19:00,25954,25956.5,25951,25956,92,25939.84,25935.86,0.00
2025-12-09,04:20:00,25956.25,25961.75,25956.25,25960.5,479,25939.94,25936.24,0.00
2025-12-09,04:21:00,25960.25,25960.75,25956,25958.75,195,25939.98,25936.39,0.00
2025-12-09,04:22:00,25959.25,25960,25954.25,25956.5,199,25940.01,25936.52,0.00
2025-12-09,04:23:00,25956,25957.75,25953.75,25955.25,154,25940.03,25936.62,0.00
2025-12-09,04:24:00,25956.25,25960.75,25954,25960,264,25940.08,25936.81,0.00
2025-12-09,04:25:00,25960.25,25965.75,25960,25962.5,595,25940.22,25937.31,0.00
2025-12-09,04:26:00,25962.5,25963,25954.5,25956.25,415,25940.29,25937.58,0.00
2025-12-09,04:27:00,25955.5,25957,25952.75,25956.75,375,25940.35,25937.79,0.00
2025-12-09,04:28:00,25956.75,25958,25947,25947,421,25940.39,25937.96,0.00
2025-12-09,04:29:00,25947,25953,25945.5,25950,388,25940.43,25938.09,0.00
2025-12-09,04:30:00,25949.25,25950.25,25944.5,25947.75,271,25940.45,25938.17,0.00
2025-12-09,04:31:00,25947.5,25949.75,25941.25,25949.25,503,25940.48,25938.30,0.00
2025-12-09,04:32:00,25948.75,25952.75,25947.25,25947.5,300,25940.50,25938.40,0.00
2025-12-09,04:33:00,25947.5,25949.75,25944.5,25947.5,261,25940.52,25938.47,0.00
2025-12-09,04:34:00,25947,25950.25,25945.75,25948.75,223,25940.54,25938.53,0.00
2025-12-09,04:35:00,25948.75,25948.75,25943.5,25943.75,251,25940.55,25938.58,0.00
2025-12-09,04:36:00,25944,25945.5,25940.75,25942.25,311,25940.56,25938.62,0.00
2025-12-09,04:37:00,25942.25,25942.5,25936.75,25940.25,380,25940.55,25938.63,0.00
2025-12-09,04:38:00,25940.25,25943.5,25939.75,25940.5,112,25940.55,25938.64,0.00
2025-12-09,04:39:00,25940.25,25945.25,25937.25,25943.75,218,25940.56,25938.66,0.00
2025-12-09,04:40:00,25944,25946,25943.25,25944.75,166,25940.56,25938.69,0.00
2025-12-09,04:41:00,25944.25,25944.75,25937.5,25938.25,248,25940.56,25938.70,0.00
2025-12-09,04:42:00,25938.25,25941,25935.5,25938.5,325,25940.56,25938.70,0.00
2025-12-09,04:43:00,25937.75,25944.75,25937.75,25944.75,371,25940.56,25938.73,0.00
2025-12-09,04:44:00,25944.5,25947,25942.25,25945.5,218,25940.57,25938.77,0.00
2025-12-09,04:45:00,25945.75,25948.25,25944.75,25946,193,25940.58,25938.81,0.00
2025-12-09,04:46:00,25946.5,25953.25,25945.75,25951.25,474,25940.62,25938.95,0.00
2025-12-09,04:47:00,25950.5,25951,25946.5,25950.75,206,25940.64,25939.01,0.00
2025-12-09,04:48:00,25951,25952.75,25948.5,25948.5,145,25940.65,25939.05,0.00
2025-12-09,04:49:00,25948.5,25955,25948.25,25953.75,215,25940.68,25939.13,0.00
2025-12-09,04:50:00,25954.25,25956.75,25949,25951,221,25940.70,25939.20,0.00
2025-12-09,04:51:00,25952,25954.25,25950.5,25953.5,106,25940.71,25939.24,0.00
2025-12-09,04:52:00,25953.5,25954.5,25952,25953.75,75,25940.72,25939.27,0.00
2025-12-09,04:53:00,25953.75,25956.25,25952.5,25955.75,153,25940.74,25939.33,0.00
2025-12-09,04:54:00,25956.25,25957,25955,25955.25,114,25940.76,25939.38,0.00
2025-12-09,04:55:00,25955.25,25958,25954.75,25956.25,111,25940.77,25939.43,0.00
2025-12-09,04:56:00,25957.5,25958.25,25954,25955.5,163,25940.80,25939.49,0.00
2025-12-09,04:57:00,25954.75,25956.5,25951.5,25951.75,134,25940.81,25939.54,0.00
2025-12-09,04:58:00,25951.5,25952.25,25947.75,25949.75,229,25940.83,25939.60,0.00
2025-12-09,04:59:00,25949.5,25951,25947.5,25949.25,147,25940.84,25939.64,0.00
2025-12-09,05:00:00,25950.5,25951,25945,25948.75,266,25940.86,25939.70,0.00
2025-12-09,05:01:00,25948.75,25949.75,25938.75,25941.25,576,25940.87,25939.75,0.00
2025-12-09,05:02:00,25941,25942.75,25932.25,25934.5,633,25940.85,25939.70,0.00
2025-12-09,05:03:00,25934.25,25940.5,25933.25,25938.5,378,25940.84,25939.68,0.00
2025-12-09,05:04:00,25939,25939.75,25932.5,25934.5,343,25940.82,25939.64,0.00
2025-12-09,05:05:00,25934.5,25941.25,25930.25,25940.75,559,25940.80,25939.61,0.00
2025-12-09,05:06:00,25941.25,25943.25,25929.5,25929.5,457,25940.78,25939.55,0.00
2025-12-09,05:07:00,25930,25930.5,25925.5,25929,773,25940.69,25939.35,0.00
2025-12-09,05:08:00,25929.25,25931.25,25925.75,25927.5,270,25940.66,25939.28,0.00
2025-12-09,05:09:00,25927.25,25935,25926.5,25928.75,262,25940.64,25939.23,0.00
2025-12-09,05:10:00,25928.25,25931.25,25926.5,25927.25,174,25940.62,25939.19,0.00
2025-12-09,05:11:00,25927,25934.75,25926,25933.75,326,25940.59,25939.13,0.00
2025-12-09,05:12:00,25933.5,25935.25,25931.25,25932.25,186,25940.58,25939.10,0.00
2025-12-09,05:13:00,25932.25,25937.25,25929.75,25936.25,297,25940.56,25939.07,0.00
2025-12-09,05:14:00,25936,25937,25933.75,25934,127,25940.55,25939.06,0.00
2025-12-09,05:15:00,25934.25,25934.75,25930.75,25934,164,25940.54,25939.04,0.00
2025-12-09,05:16:00,25934,25936,25930.75,25932,191,25940.53,25939.01,0.00
2025-12-09,05:17:00,25932.75,25932.75,25928.25,25932,190,25940.52,25938.98,0.00
2025-12-09,05:18:00,25931.75,25932,25924.25,25926.75,248,25940.49,25938.92,0.00
2025-12-09,05:19:00,25927.25,25929.5,25924.5,25924.75,254,25940.46,25938.85,0.00
2025-12-09,05:20:00,25924.25,25926,25922.5,25925.5,366,25940.41,25938.74,0.00
2025-12-09,05:21:00,25925.25,25925.75,25919.25,25922,464,25940.33,25938.58,0.00
2025-12-09,05:22:00,25922.5,25926.5,25922.5,25926,269,25940.30,25938.50,0.00
2025-12-09,05:23:00,25925.75,25925.75,25920.75,25920.75,184,25940.27,25938.44,0.00
2025-12-09,05:24:00,25920.5,25922,25919.5,25920.5,210,25940.23,25938.36,0.00
2025-12-09,05:25:00,25921,25925,25920,25923.75,300,25940.19,25938.26,0.00
2025-12-09,05:26:00,25923.75,25923.75,25915.75,25920.75,485,25940.11,25938.08,0.00
2025-12-09,05:27:00,25921,25921.5,25918.25,25919.25,146,25940.08,25938.02,0.00
2025-12-09,05:28:00,25918.5,25919.25,25913.5,25913.75,592,25939.96,25937.75,0.00
2025-12-09,05:29:00,25913.25,25919.75,25913.25,25919,294,25939.90,25937.63,0.00
2025-12-09,05:30:00,25919.25,25920.75,25915.75,25920.25,374,25939.83,25937.49,0.00
2025-12-09,05:31:00,25920.25,25925.5,25918.25,25921.5,527,25939.75,25937.33,0.00
2025-12-09,05:32:00,25921,25924.75,25920.5,25924,296,25939.71,25937.24,0.00
2025-12-09,05:33:00,25924.5,25929,25921.25,25927.5,492,25939.66,25937.13,0.00
2025-12-09,05:34:00,25928,25928.25,25923.25,25926,233,25939.63,25937.08,0.00
2025-12-09,05:35:00,25926.5,25926.5,25924,25925,101,25939.62,25937.06,0.00
2025-12-09,05:36:00,25925.5,25927.25,25922.75,25924,156,25939.60,25937.02,0.00
2025-12-09,05:37:00,25924,25925.5,25920.25,25925,195,25939.57,25936.97,0.00
2025-12-09,05:38:00,25923.75,25923.75,25916.5,25919.75,309,25939.52,25936.87,0.00
2025-12-09,05:39:00,25919.5,25921,25916.25,25916.5,215,25939.48,25936.79,0.00
2025-12-09,05:40:00,25916.25,25916.5,25907.25,25907.25,605,25939.34,25936.49,0.00
2025-12-09,05:41:00,25907.75,25908.75,25903.25,25908.25,739,25939.14,25936.08,0.00
2025-12-09,05:42:00,25908.5,25911.5,25905.75,25908.75,324,25939.06,25935.92,0.00
2025-12-09,05:43:00,25909,25912.75,25908.25,25912,185,25939.02,25935.83,0.00
2025-12-09,05:44:00,25912.25,25915.75,25911,25911,335,25938.94,25935.69,0.00
2025-12-09,05:45:00,25911,25912.75,25908.75,25910.75,257,25938.89,25935.57,0.00
2025-12-09,05:46:00,25910.75,25916.25,25909.75,25916.25,317,25938.82,25935.45,0.00
2025-12-09,05:47:00,25915.25,25916.25,25909.5,25912.75,330,25938.75,25935.31,0.00
2025-12-09,05:48:00,25912.75,25916.5,25910.5,25914.5,149,25938.72,25935.26,0.00
2025-12-09,05:49:00,25914,25919.75,25914,25918.25,207,25938.69,25935.19,0.00
2025-12-09,05:50:00,25918.5,25919.5,25916,25916.25,124,25938.67,25935.15,0.00
2025-12-09,05:51:00,25916.25,25918.75,25914,25915.5,158,25938.64,25935.10,0.00
2025-12-09,05:52:00,25915.25,25916.75,25913.75,25916.75,103,25938.62,25935.06,0.00
2025-12-09,05:53:00,25916.5,25919.75,25916.5,25919.25,134,25938.60,25935.02,0.00
2025-12-09,05:54:00,25919,25919,25914,25919,85,25938.58,25934.99,0.00
2025-12-09,05:55:00,25918.75,25920.75,25916.25,25916.25,109,25938.56,25934.96,0.00
2025-12-09,05:56:00,25915.75,25916.75,25912,25912,150,25938.53,25934.90,0.00
2025-12-09,05:57:00,25912.5,25916.25,25912.25,25913,98,25938.52,25934.87,0.00
2025-12-09,05:58:00,25913.25,25913.5,25910.25,25910.5,128,25938.49,25934.82,0.00
2025-12-09,05:59:00,25910.5,25911.75,25906.25,25907.75,309,25938.41,25934.67,0.00
2025-12-09,06:00:00,25908.5,25910.5,25906.25,25910.25,242,25938.36,25934.57,0.00
2025-12-09,06:01:00,25909.5,25912.75,25908.5,25912,296,25938.29,25934.45,0.00
2025-12-09,06:02:00,25911.5,25912.5,25908.25,25908.75,172,25938.25,25934.37,0.00
2025-12-09,06:03:00,25909,25912.25,25908.5,25912,144,25938.22,25934.31,0.00
2025-12-09,06:04:00,25912.5,25915.25,25910.75,25913.25,297,25938.16,25934.21,0.00
2025-12-09,06:05:00,25912.25,25914,25909.75,25913.25,134,25938.14,25934.16,0.00
2025-12-09,06:06:00,25912.25,25914.75,25912.25,25913.5,99,25938.12,25934.12,0.00
2025-12-09,06:07:00,25914,25914.5,25907.75,25911.75,177,25938.08,25934.05,0.00
2025-12-09,06:08:00,25912,25916.75,25912,25916,234,25938.04,25933.98,0.00
2025-12-09,06:09:00,25916.75,25917.5,25914,25914.5,145,25938.01,25933.93,0.00
2025-12-09,06:10:00,25914.5,25916.75,25913,25916.75,131,25937.99,25933.89,0.00
2025-12-09,06:11:00,25916.75,25925,25916.5,25924,478,25937.93,25933.79,0.00
2025-12-09,06:12:00,25924.25,25928.25,25923.25,25925.5,414,25937.89,25933.74,0.00
2025-12-09,06:13:00,25925.25,25928,25924.5,25926.5,214,25937.87,25933.71,0.00
2025-12-09,06:14:00,25926.25,25929.5,25921.5,25921.75,352,25937.83,25933.66,0.00
2025-12-09,06:15:00,25922.25,25925.5,25922,25925.25,175,25937.82,25933.63,0.00
2025-12-09,06:16:00,25925.5,25928.25,25924.25,25926.5,157,25937.80,25933.61,0.00
2025-12-09,06:17:00,25927.5,25930.25,25925.75,25929.25,184,25937.79,25933.59,0.00
2025-12-09,06:18:00,25929.25,25931,25926.25,25927.25,253,25937.77,25933.57,0.00
2025-12-09,06:19:00,25926.75,25929.75,25926.5,25929.25,101,25937.76,25933.56,0.00
2025-12-09,06:20:00,25929.75,25931.75,25928.75,25931,184,25937.75,25933.56,0.00
2025-12-09,06:21:00,25931,25932.5,25928.25,25929.25,245,25937.74,25933.54,0.00
2025-12-09,06:22:00,25929.5,25929.5,25920.75,25927,613,25937.68,25933.46,0.00
2025-12-09,06:23:00,25928,25932,25927.5,25929,295,25937.66,25933.45,0.00
2025-12-09,06:24:00,25929.5,25933,25929,25932.5,180,25937.65,25933.44,0.00
2025-12-09,06:25:00,25932.75,25936.5,25931.5,25934,432,25937.64,25933.44,0.00
2025-12-09,06:26:00,25934.25,25938.25,25933.75,25938,276,25937.64,25933.46,0.00
2025-12-09,06:27:00,25938.25,25942.25,25937.75,25941.5,465,25937.65,25933.51,0.00
2025-12-09,06:28:00,25942.25,25945.75,25940.25,25944,445,25937.67,25933.58,0.00
2025-12-09,06:29:00,25944,25945,25940,25941.25,280,25937.68,25933.61,0.00
2025-12-09,06:30:00,25941.5,25943.25,25938.5,25941,268,25937.69,25933.64,0.00
2025-12-09,06:31:00,25941.75,25942.25,25938.25,25938.75,251,25937.69,25933.67,0.00
2025-12-09,06:32:00,25938.75,25941.5,25937.75,25940.25,156,25937.69,25933.68,0.00
2025-12-09,06:33:00,25940.5,25944.75,25940.25,25941.75,234,25937.70,25933.71,0.00
2025-12-09,06:34:00,25942,25942.5,25939.25,25941,136,25937.70,25933.73,0.00
2025-12-09,06:35:00,25941,25941.5,25938.5,25938.75,106,25937.70,25933.74,0.00
2025-12-09,06:36:00,25938.75,25940.75,25936.75,25940.75,223,25937.71,25933.76,0.00
2025-12-09,06:37:00,25940.5,25942.75,25940,25941.5,204,25937.71,25933.78,0.00
2025-12-09,06:38:00,25941.5,25945,25940.75,25941.25,238,25937.72,25933.81,0.00
2025-12-09,06:39:00,25941.5,25942.5,25938.75,25939.5,167,25937.72,25933.83,0.00
2025-12-09,06:40:00,25939,25941,25854.25,25887.5,9133,25934.98,25894.25,0.00
2025-12-09,06:41:00,25886,25917.25,25874.75,25915.25,2852,25934.35,25896.19,0.00
2025-12-09,06:42:00,25917.5,25919.25,25892.75,25899,1734,25933.99,25897.14,0.00
2025-12-09,06:43:00,25898.75,25910.25,25892.25,25904,1120,25933.75,25897.52,0.00
2025-12-09,06:44:00,25903.5,25909.75,25901.25,25906,633,25933.64,25897.85,0.00
2025-12-09,06:45:00,25905.75,25912.5,25902.5,25910.25,688,25933.52,25898.30,0.00
2025-12-09,06:46:00,25910.5,25913.25,25907,25909.5,621,25933.43,25898.73,0.00
2025-12-09,06:47:00,25910.5,25911.5,25897.75,25897.75,581,25933.31,25898.85,0.00
2025-12-09,06:48:00,25898,25901.25,25890.5,25896.5,1154,25933.03,25898.68,0.00
2025-12-09,06:49:00,25896.25,25901.5,25890.5,25892.25,677,25932.86,25898.54,0.00
2025-12-09,06:50:00,25893,25899.75,25890.5,25898.75,542,25932.73,25898.48,0.00
2025-12-09,06:51:00,25899,25905.25,25896.75,25904.25,717,25932.59,25898.61,0.00
2025-12-09,06:52:00,25905,25910.25,25902.5,25906,758,25932.46,25898.88,0.00
2025-12-09,06:53:00,25905.75,25916.25,25904.25,25907.75,894,25932.33,25899.31,0.00
2025-12-09,06:54:00,25907.75,25917.25,25907.75,25913.25,567,25932.26,25899.64,0.00
2025-12-09,06:55:00,25912.75,25920.25,25912.75,25919.75,488,25932.22,25900.02,0.00
2025-12-09,06:56:00,25920.25,25928.75,25920.25,25923.25,861,25932.17,25900.88,0.00
2025-12-09,06:57:00,25923.75,25924.75,25916.25,25916.25,532,25932.13,25901.28,0.00
2025-12-09,06:58:00,25916.75,25918.75,25911.25,25918.75,596,25932.07,25901.63,0.00
2025-12-09,06:59:00,25917.25,25920.25,25916.75,25918.25,250,25932.05,25901.80,0.00
2025-12-09,07:00:00,25917.75,25925.75,25917.25,25921,440,25932.02,25902.13,0.00
2025-12-09,07:01:00,25921.25,25925,25906.75,25911.75,1106,25931.90,25902.64,0.00
2025-12-09,07:02:00,25911.25,25915.5,25900.25,25901.75,1064,25931.73,25902.76,0.00
2025-12-09,07:03:00,25901.25,25908.75,25899,25908.25,723,25931.62,25902.82,0.00
2025-12-09,07:04:00,25909,25921,25908.25,25920,875,25931.54,25903.23,0.00
2025-12-09,07:05:00,25920,25921.5,25910.5,25912.75,459,25931.49,25903.40,0.00
2025-12-09,07:06:00,25914.25,25916,25910.75,25914.25,231,25931.46,25903.48,0.00
2025-12-09,07:07:00,25914,25916,25909.5,25910,246,25931.44,25903.55,0.00
2025-12-09,07:08:00,25909.75,25910.75,25905.75,25906.25,381,25931.38,25903.60,0.00
2025-12-09,07:09:00,25905.75,25910.25,25903.5,25910,380,25931.33,25903.65,0.00
2025-12-09,07:10:00,25909,25911.75,25907.5,25908.5,256,25931.29,25903.70,0.00
2025-12-09,07:11:00,25908.25,25911,25905.75,25908.75,362,25931.24,25903.75,0.00
2025-12-09,07:12:00,25909.25,25909.5,25901,25901.75,287,25931.20,25903.75,0.00
2025-12-09,07:13:00,25901.75,25902.75,25895.75,25898.25,774,25931.05,25903.64,0.00
2025-12-09,07:14:00,25898.5,25899.75,25891.75,25893.75,628,25930.92,25903.48,0.00
2025-12-09,07:15:00,25894,25901.75,25892,25898.5,651,25930.79,25903.37,0.00
2025-12-09,07:16:00,25899.25,25902,25895.5,25896.5,366,25930.72,25903.31,0.00
2025-12-09,07:17:00,25896.75,25897,25883.75,25888,1015,25930.47,25902.92,0.00
2025-12-09,07:18:00,25888,25901.5,25886.25,25891.5,1363,25930.18,25902.56,0.00
2025-12-09,07:19:00,25892,25897.75,25888.75,25896.25,466,25930.08,25902.45,0.00
2025-12-09,07:20:00,25896.5,25900.75,25892.5,25899,420,25930.00,25902.40,0.00
2025-12-09,07:21:00,25899.25,25910.25,25899,25908.25,839,25929.89,25902.47,0.00
2025-12-09,07:22:00,25909,25913,25907.75,25910.75,492,25929.83,25902.57,0.00
2025-12-09,07:23:00,25910.5,25911.25,25902.75,25907.25,490,25929.77,25902.63,0.00
2025-12-09,07:24:00,25907,25908.5,25903.5,25904.5,195,25929.74,25902.64,0.00
2025-12-09,07:25:00,25904.25,25908.5,25900.5,25904.5,367,25929.69,25902.66,0.00
2025-12-09,07:26:00,25905.5,25906.25,25902.25,25903,222,25929.65,25902.66,0.00
2025-12-09,07:27:00,25902,25908,25899.25,25907.5,311,25929.61,25902.68,0.00
2025-12-09,07:28:00,25907.75,25915.25,25906.75,25914.5,484,25929.56,25902.79,0.00
2025-12-09,07:29:00,25914.5,25918.25,25912.25,25916.25,580,25929.52,25902.97,0.00
2025-12-09,07:30:00,25916.25,25922,25916.25,25920.75,661,25929.48,25903.23,0.00
2025-12-09,07:31:00,25921,25922,25914.75,25918.75,480,25929.45,25903.40,0.00
2025-12-09,07:32:00,25918.25,25920.5,25912.25,25918.25,358,25929.43,25903.51,0.00
2025-12-09,07:33:00,25919,25919.5,25914.5,25915.25,201,25929.41,25903.57,0.00
2025-12-09,07:34:00,25915,25917.5,25911,25915.25,326,25929.38,25903.65,0.00
2025-12-09,07:35:00,25915.75,25917.75,25913.75,25915.75,249,25929.37,25903.72,0.00
2025-12-09,07:36:00,25916.75,25919,25916,25918.75,233,25929.35,25903.80,0.00
2025-12-09,07:37:00,25917.75,25918.25,25913,25915.75,239,25929.33,25903.86,0.00
2025-12-09,07:38:00,25915.75,25919.25,25915.75,25918.75,167,25929.32,25903.91,0.00
2025-12-09,07:39:00,25918.75,25920.25,25916,25917.5,136,25929.31,25903.95,0.00
2025-12-09,07:40:00,25917.75,25921,25916.75,25918.5,234,25929.30,25904.03,0.00
2025-12-09,07:41:00,25917.75,25919.25,25916.75,25918.5,125,25929.29,25904.07,0.00
2025-12-09,07:42:00,25918.5,25924.75,25917.5,25924.75,336,25929.28,25904.21,0.00
2025-12-09,07:43:00,25924.5,25934.75,25924.5,25931.75,789,25929.28,25904.65,0.00
2025-12-09,07:44:00,25932.5,25933.5,25927.75,25930.5,364,25929.29,25904.85,0.00
2025-12-09,07:45:00,25930.75,25931.75,25925.5,25928.75,266,25929.29,25904.99,0.00
2025-12-09,07:46:00,25929,25930.5,25928.25,25928.5,145,25929.29,25905.06,0.00
2025-12-09,07:47:00,25928.25,25933.25,25927,25930.75,256,25929.29,25905.20,0.00
2025-12-09,07:48:00,25931.5,25932.75,25924.25,25924.25,264,25929.28,25905.32,0.00
2025-12-09,07:49:00,25924.75,25928.5,25923.75,25928.25,141,25929.28,25905.38,0.00
2025-12-09,07:50:00,25928.25,25930.5,25925.5,25929.75,286,25929.28,25905.52,0.00
2025-12-09,07:51:00,25930,25932,25926.5,25926.75,262,25929.28,25905.64,0.00
2025-12-09,07:52:00,25926.5,25931.75,25922.5,25928.5,338,25929.28,25905.79,0.00
2025-12-09,07:53:00,25929,25930,25925,25925.75,84,25929.28,25905.83,0.00
2025-12-09,07:54:00,25926.75,25930.5,25926.25,25926.75,184,25929.27,25905.91,0.00
2025-12-09,07:55:00,25926.75,25929.5,25926.25,25927.5,89,25929.27,25905.95,0.00
2025-12-09,07:56:00,25928,25929.75,25926,25926,133,25929.27,25906.01,0.00
2025-12-09,07:57:00,25926.5,25927.75,25922.25,25924.25,216,25929.27,25906.09,0.00
2025-12-09,07:58:00,25924.25,25925,25922.25,25922.75,165,25929.26,25906.15,0.00
2025-12-09,07:59:00,25923,25927,25921.75,25925,205,25929.26,25906.23,0.00
2025-12-09,08:00:00,25925,25925.75,25922,25925.75,249,25929.25,25906.32,0.00
2025-12-09,08:01:00,25926.25,25929.75,25923.25,25926,500,25929.24,25906.52,0.00
2025-12-09,08:02:00,25926,25928.25,25920,25924.5,352,25929.23,25906.64,0.00
2025-12-09,08:03:00,25924.75,25928.75,25917.25,25920.5,520,25929.21,25906.79,0.00
2025-12-09,08:04:00,25920,25924.75,25913.25,25924.75,707,25929.18,25906.99,0.00
2025-12-09,08:05:00,25924,25926,25921.5,25922.5,229,25929.17,25907.06,0.00
2025-12-09,08:06:00,25922,25924.25,25918,25923.75,228,25929.17,25907.12,0.00
2025-12-09,08:07:00,25923,25927.5,25922.5,25927,199,25929.16,25907.19,0.00
2025-12-09,08:08:00,25927.25,25928.25,25921.5,25921.5,297,25929.15,25907.29,0.00
2025-12-09,08:09:00,25921.25,25923.25,25919.75,25920.5,185,25929.15,25907.33,0.00
2025-12-09,08:10:00,25920.5,25924.25,25919,25922.25,111,25929.14,25907.36,0.00
2025-12-09,08:11:00,25922.75,25923,25917.25,25922.75,244,25929.13,25907.43,0.00
2025-12-09,08:12:00,25922.25,25925.5,25920.75,25923.75,231,25929.12,25907.49,0.00
2025-12-09,08:13:00,25923.5,25925.75,25917.75,25925.25,257,25929.12,25907.57,0.00
2025-12-09,08:14:00,25925,25927.25,25920.25,25920.25,211,25929.11,25907.63,0.00
2025-12-09,08:15:00,25921,25922.5,25918.75,25920,154,25929.10,25907.66,0.00
2025-12-09,08:16:00,25920,25921.25,25914,25917,382,25929.08,25907.73,0.00
2025-12-09,08:17:00,25917,25919,25914.25,25919,221,25929.06,25907.77,0.00
2025-12-09,08:18:00,25919,25920.75,25917,25917.75,133,25929.06,25907.79,0.00
2025-12-09,08:19:00,25917.5,25918.5,25916.5,25918,109,25929.05,25907.81,0.00
2025-12-09,08:20:00,25918,25918.25,25913.5,25914.5,256,25929.03,25907.85,0.00
2025-12-09,08:21:00,25914,25915,25911,25912.5,410,25929.00,25907.89,0.00
2025-12-09,08:22:00,25912.25,25921.75,25912.25,25920,410,25928.97,25907.96,0.00
2025-12-09,08:23:00,25920.25,25923,25914.5,25918.75,286,25928.96,25908.01,0.00
2025-12-09,08:24:00,25918.5,25921,25915.5,25916,309,25928.94,25908.06,0.00
2025-12-09,08:25:00,25916.25,25918,25914.75,25917.25,153,25928.93,25908.09,0.00
2025-12-09,08:26:00,25917.75,25921.5,25915,25916,262,25928.91,25908.13,0.00
2025-12-09,08:27:00,25915.5,25919.75,25911.75,25919.25,302,25928.90,25908.18,0.00
2025-12-09,08:28:00,25919.5,25920.5,25917.75,25920,173,25928.89,25908.21,0.00
2025-12-09,08:29:00,25920.25,25920.5,25916.75,25917.5,93,25928.88,25908.23,0.00
2025-12-09,08:30:00,25917,25919,25916.25,25916.5,131,25928.87,25908.25,0.00
2025-12-09,08:31:00,25916.5,25920.5,25916.25,25917.25,249,25928.86,25908.29,0.00
2025-12-09,08:32:00,25917,25918.75,25913.75,25918.25,345,25928.84,25908.34,0.00
2025-12-09,08:33:00,25917.5,25919.75,25914.5,25914.5,143,25928.83,25908.36,0.00
2025-12-09,08:34:00,25914.5,25916,25911.25,25914.75,246,25928.81,25908.38,0.00
2025-12-09,08:35:00,25914.25,25918.75,25913.5,25918.25,186,25928.80,25908.41,0.00
2025-12-09,08:36:00,25918.25,25918.5,25911.5,25914,321,25928.78,25908.44,0.00
2025-12-09,08:37:00,25915,25919.5,25914,25917,274,25928.76,25908.48,0.00
2025-12-09,08:38:00,25916.75,25917.25,25913,25913.5,221,25928.74,25908.50,0.00
2025-12-09,08:39:00,25913.75,25916.5,25912.75,25916.5,197,25928.73,25908.52,0.00
2025-12-09,08:40:00,25915.75,25917.5,25912.25,25913.75,286,25928.71,25908.55,0.00
2025-12-09,08:41:00,25914,25917,25908.5,25913.5,805,25928.65,25908.61,0.00
2025-12-09,08:42:00,25913.25,25913.75,25905,25910.25,653,25928.58,25908.62,0.00
2025-12-09,08:43:00,25909.5,25912.75,25907,25908.5,346,25928.55,25908.63,0.00
2025-12-09,08:44:00,25908.75,25911.25,25902.5,25905.25,519,25928.49,25908.61,0.00
2025-12-09,08:45:00,25905.75,25908,25903,25906.75,305,25928.46,25908.59,0.00
2025-12-09,08:46:00,25906.5,25906.5,25901,25903.25,670,25928.37,25908.54,0.00
2025-12-09,08:47:00,25903.75,25906.5,25898.5,25906.5,555,25928.30,25908.50,0.00
2025-12-09,08:48:00,25905.75,25910,25905.5,25909.5,389,25928.27,25908.50,0.00
2025-12-09,08:49:00,25910,25917,25910,25913,509,25928.23,25908.54,0.00
2025-12-09,08:50:00,25913,25917.5,25913,25915.5,391,25928.20,25908.58,0.00
2025-12-09,08:51:00,25915,25919,25910.75,25917.5,423,25928.18,25908.62,0.00
2025-12-09,08:52:00,25918.25,25925.5,25918.25,25924.25,638,25928.16,25908.76,0.00
2025-12-09,08:53:00,25925,25925.25,25921,25922,281,25928.15,25908.82,0.00
2025-12-09,08:54:00,25922.25,25925.25,25919.5,25920.25,304,25928.14,25908.88,0.00
2025-12-09,08:55:00,25920.5,25924.5,25919.25,25923,429,25928.13,25908.96,0.00
2025-12-09,08:56:00,25922.5,25926,25920.25,25925.5,288,25928.12,25909.02,0.00
2025-12-09,08:57:00,25925.5,25926,25918.5,25919.75,532,25928.11,25909.12,0.00
2025-12-09,08:58:00,25919.5,25920,25915.25,25916.75,397,25928.09,25909.17,0.00
2025-12-09,08:59:00,25917.25,25918.75,25915.25,25918.75,149,25928.08,25909.18,0.00
2025-12-09,09:00:00,25919,25919,25912.75,25917.5,410,25928.05,25909.23,0.00
2025-12-09,09:01:00,25917,25917,25909.5,25909.5,584,25928.01,25909.25,0.00
2025-12-09,09:02:00,25909.5,25912.25,25901.75,25906.5,772,25927.93,25909.22,0.00
2025-12-09,09:03:00,25906.75,25909,25904.75,25907.25,379,25927.89,25909.21,0.00
2025-12-09,09:04:00,25907.5,25911,25905.25,25907.75,343,25927.86,25909.21,0.00
2025-12-09,09:05:00,25908,25912.75,25907.5,25911,321,25927.83,25909.21,0.00
2025-12-09,09:06:00,25911.25,25914.75,25908.75,25911.75,306,25927.81,25909.22,0.00
2025-12-09,09:07:00,25911.25,25912.25,25907.5,25909.75,303,25927.78,25909.23,0.00
2025-12-09,09:08:00,25910,25917,25908.5,25916.25,322,25927.76,25909.25,0.00
2025-12-09,09:09:00,25915.75,25919.25,25913.25,25914.75,481,25927.73,25909.29,0.00
2025-12-09,09:10:00,25914.5,25917.5,25914,25916,161,25927.72,25909.30,0.00
2025-12-09,09:11:00,25916,25917,25910,25910.25,516,25927.69,25909.32,0.00
2025-12-09,09:12:00,25910,25914.75,25909.75,25911.75,266,25927.67,25909.33,0.00
2025-12-09,09:13:00,25910.5,25912.5,25909.75,25911,162,25927.65,25909.34,0.00
2025-12-09,09:14:00,25910.5,25912,25909.5,25909.5,191,25927.64,25909.34,0.00
2025-12-09,09:15:00,25910.25,25910.25,25907,25909,294,25927.61,25909.34,0.00
2025-12-09,09:16:00,25909,25909.5,25899.25,25899.5,716,25927.53,25909.28,0.00
2025-12-09,09:17:00,25900,25906.25,25898,25903,877,25927.42,25909.20,0.00
2025-12-09,09:18:00,25902.75,25910.5,25902.25,25906.75,759,25927.35,25909.17,0.00
2025-12-09,09:19:00,25906.75,25907.5,25903.75,25907.25,328,25927.32,25909.16,0.00
2025-12-09,09:20:00,25907.5,25912.5,25906.75,25908.5,463,25927.28,25909.16,0.00
2025-12-09,09:21:00,25908.5,25910.25,25904,25905.75,394,25927.24,25909.15,0.00
2025-12-09,09:22:00,25905.25,25909.75,25903.75,25906.25,496,25927.19,25909.13,0.00
2025-12-09,09:23:00,25906.5,25906.75,25899.75,25900.5,501,25927.13,25909.09,0.00
2025-12-09,09:24:00,25900.75,25902.75,25886.75,25894.25,1366,25926.93,25908.84,0.00
2025-12-09,09:25:00,25894.75,25898.75,25893.25,25894.75,582,25926.84,25908.75,0.00
2025-12-09,09:26:00,25895,25901.75,25892.5,25899.25,630,25926.76,25908.66,0.00
2025-12-09,09:27:00,25899,25904.25,25899,25903,557,25926.70,25908.62,0.00
2025-12-09,09:28:00,25903.25,25906.25,25902.5,25906.25,409,25926.66,25908.60,0.00
2025-12-09,09:29:00,25905.75,25908.25,25902.75,25904.75,383,25926.62,25908.59,0.00
2025-12-09,09:30:00,25904.5,25905.75,25902.25,25902.5,269,25926.59,25908.57,0.00
2025-12-09,09:31:00,25903,25903.25,25895.5,25902,685,25926.51,25908.50,0.00
2025-12-09,09:32:00,25902,25905,25898,25898.5,495,25926.45,25908.46,0.00
2025-12-09,09:33:00,25898.5,25899.25,25886.75,25887.5,894,25926.31,25908.28,0.00
2025-12-09,09:34:00,25886.75,25888,25880.75,25881.75,1086,25926.10,25907.97,0.00
2025-12-09,09:35:00,25881.25,25883.75,25875.75,25876.25,1161,25925.85,25907.58,0.00
2025-12-09,09:36:00,25877,25877.25,25871.25,25873,1159,25925.58,25907.14,0.00
2025-12-09,09:37:00,25872.5,25873,25860.25,25865.5,1611,25925.16,25906.41,0.00
2025-12-09,09:38:00,25864.75,25877.25,25864.25,25876.75,1299,25924.86,25905.94,0.00
2025-12-09,09:39:00,25876.5,25881.75,25876,25877.5,942,25924.67,25905.66,0.00
2025-12-09,09:40:00,25877.75,25885.25,25874.75,25884.25,804,25924.52,25905.45,0.00
2025-12-09,09:41:00,25884,25884.5,25878.25,25881,663,25924.39,25905.28,0.00
2025-12-09,09:42:00,25881,25884,25878.25,25881.75,583,25924.28,25905.14,0.00
2025-12-09,09:43:00,25881.25,25883.25,25874.25,25883.25,770,25924.14,25904.94,0.00
2025-12-09,09:44:00,25883,25883.5,25878.5,25881.25,457,25924.05,25904.82,0.00
2025-12-09,09:45:00,25880.75,25883,25877.25,25878.5,356,25923.98,25904.73,0.00
2025-12-09,09:46:00,25878.5,25892.5,25878,25882,1350,25923.75,25904.45,0.00
2025-12-09,09:47:00,25882,25884,25879.25,25884,488,25923.67,25904.34,0.00
2025-12-09,09:48:00,25883.5,25884,25880.75,25882.75,257,25923.62,25904.28,0.00
2025-12-09,09:49:00,25882.75,25883.25,25874.75,25877,648,25923.50,25904.11,0.00
2025-12-09,09:50:00,25876.5,25878.5,25872.25,25874.25,795,25923.33,25903.88,0.00
2025-12-09,09:51:00,25874,25875,25868.5,25870,852,25923.15,25903.61,0.00
2025-12-09,09:52:00,25870,25874,25868.75,25873.25,613,25923.01,25903.41,0.00
2025-12-09,09:53:00,25873.5,25877.25,25870,25876.5,681,25922.87,25903.22,0.00
2025-12-09,09:54:00,25876.25,25877.25,25870,25871,488,25922.77,25903.08,0.00
2025-12-09,09:55:00,25871,25872.5,25861.25,25863.5,1010,25922.53,25902.72,0.00
2025-12-09,09:56:00,25863,25873.5,25862.75,25868.75,1005,25922.30,25902.39,0.00
2025-12-09,09:57:00,25868.75,25870.5,25865,25869.75,528,25922.19,25902.22,0.00
2025-12-09,09:58:00,25869.25,25871.5,25868,25868.25,356,25922.11,25902.10,0.00
2025-12-09,09:59:00,25868.75,25870.75,25862.25,25866.75,664,25921.96,25901.88,0.00
2025-12-09,10:00:00,25866,25872,25865.25,25869.25,594,25921.83,25901.70,0.00
2025-12-09,10:01:00,25869.75,25877.25,25868.25,25873,1329,25921.56,25901.34,0.00
2025-12-09,10:02:00,25873,25878,25871.75,25876,720,25921.42,25901.17,0.00
2025-12-09,10:03:00,25875.5,25876.25,25869.75,25875.5,563,25921.31,25901.03,0.00
2025-12-09,10:04:00,25876,25878.75,25870,25870.25,764,25921.16,25900.84,0.00
2025-12-09,10:05:00,25870,25870.75,25866,25866.75,876,25920.97,25900.58,0.00
2025-12-09,10:06:00,25867.25,25870.75,25865.25,25868.5,588,25920.85,25900.41,0.00
2025-12-09,10:07:00,25869.25,25869.75,25861.75,25864.25,1129,25920.60,25900.06,0.00
2025-12-09,10:08:00,25864.5,25868.75,25862.5,25867.75,476,25920.49,25899.92,0.00
2025-12-09,10:09:00,25868,25868,25858.5,25860,862,25920.29,25899.63,0.00
2025-12-09,10:10:00,25860.25,25861,25856,25860,969,25920.05,25899.29,0.00
2025-12-09,10:11:00,25859.5,25864,25850.75,25862.75,1931,25919.59,25859.17,0.00
2025-12-09,10:12:00,25862.75,25867.5,25860.5,25865.25,1016,25919.37,25860.98,0.00
2025-12-09,10:13:00,25865.5,25871.25,25864,25871,956,25919.18,25862.88,0.00
2025-12-09,10:14:00,25870.75,25871.5,25864.75,25870.25,616,25919.06,25863.69,0.00
2025-12-09,10:15:00,25869.75,25871.25,25858.75,25859.25,804,25918.88,25863.60,0.00
2025-12-09,10:16:00,25859,25866.25,25858,25864,681,25918.73,25863.50,0.00
2025-12-09,10:17:00,25864.5,25866.75,25861.25,25861.75,562,25918.61,25863.48,0.00
2025-12-09,10:18:00,25861.25,25862,25856.25,25858.75,635,25918.46,25863.09,0.00
2025-12-09,10:19:00,25858.5,25864.5,25858,25862,462,25918.36,25862.99,0.00
2025-12-09,10:20:00,25862,25863,25858.25,25858.5,314,25918.29,25862.87,0.00
2025-12-09,10:21:00,25859,25862.25,25856.75,25859.75,511,25918.17,25862.67,0.00
2025-12-09,10:22:00,25860,25865,25859.25,25863.5,513,25918.06,25862.67,0.00
2025-12-09,10:23:00,25863.5,25867,25861,25864.25,525,25917.96,25862.75,0.00
2025-12-09,10:24:00,25865,25865,25856.75,25857.25,509,25917.84,25862.59,0.00
2025-12-09,10:25:00,25856.75,25857.75,25846,25854,2236,25917.29,25852.58,0.00
2025-12-09,10:26:00,25854.5,25860.75,25850.75,25856,1660,25916.90,25853.97,0.00
2025-12-09,10:27:00,25856.5,25858.25,25844.5,25845.75,1169,25916.60,25849.50,0.00
2025-12-09,10:28:00,25845.75,25858.5,25842.25,25856.5,1594,25916.22,25852.42,0.00
2025-12-09,10:29:00,25856,25863,25848,25861.25,1749,25915.84,25855.03,0.00
2025-12-09,10:30:00,25861.25,25874.25,25858.75,25871.5,2799,25915.35,25861.02,0.00
2025-12-09,10:31:00,25872,25892.25,25849.75,25855,11424,25913.35,25864.04,0.00
2025-12-09,10:32:00,25855.25,25864.5,25820,25836.25,12537,25910.25,25840.25,0.00
2025-12-09,10:33:00,25836,25840.5,25822.5,25823.5,5861,25908.67,25836.61,0.00
2025-12-09,10:34:00,25823.25,25844.75,25813.25,25842.25,9190,25906.44,25833.42,0.00
2025-12-09,10:35:00,25842,25854.25,25824.25,25833.75,7976,25904.72,25835.28,0.00
2025-12-09,10:36:00,25833.5,25862,25828.75,25854.75,7428,25903.44,25839.27,0.00
2025-12-09,10:37:00,25854.75,25861,25846,25851.25,5062,25902.67,25841.57,0.00
2025-12-09,10:38:00,25850,25879,25843.25,25878.25,6929,25901.93,25846.36,0.00
2025-12-09,10:39:00,25878.5,25888.25,25865.25,25887.75,6372,25901.53,25851.41,0.00
2025-12-09,10:40:00,25888.25,25900,25886.5,25893.5,8818,25901.33,25858.55,0.00
2025-12-09,10:41:00,25893.5,25906.5,25859.5,25861,11203,25900.54,25861.59,0.00
2025-12-09,10:42:00,25861.75,25877.75,25861.25,25875.75,5614,25900.10,25862.41,0.00
2025-12-09,10:43:00,25876,25885.5,25869,25880,4370,25899.85,25863.35,0.00
2025-12-09,10:44:00,25880,25882.5,25861.5,25868.25,4180,25899.53,25863.76,0.00
2025-12-09,10:45:00,25868.25,25876,25861,25865.25,4347,25899.16,25863.95,0.00
2025-12-09,10:46:00,25865.75,25875.75,25855.75,25865.5,4629,25898.76,25864.04,0.00
2025-12-09,10:47:00,25865.25,25887,25861.25,25886.25,4895,25898.50,25864.80,0.00
2025-12-09,10:48:00,25886.25,25888.25,25858.75,25862.75,4771,25898.16,25865.06,0.00
2025-12-09,10:49:00,25863,25867.5,25849,25865.25,5857,25897.62,25864.80,0.00
2025-12-09,10:50:00,25865.25,25876.5,25862.5,25871,3765,25897.36,25864.99,0.00
2025-12-09,10:51:00,25871.25,25880.75,25863,25879.5,3456,25897.17,25865.28,0.00
2025-12-09,10:52:00,25879.5,25886,25869.25,25873.25,3746,25896.98,25865.65,0.00
2025-12-09,10:53:00,25873.5,25879.75,25864.25,25873.5,2429,25896.84,25865.79,0.00
2025-12-09,10:54:00,25874,25880.25,25857.25,25857.25,3119,25896.60,25865.77,0.00
2025-12-09,10:55:00,25857.5,25866.5,25853.25,25865,3594,25896.30,25865.64,0.00
2025-12-09,10:56:00,25865.5,25871.25,25853.75,25869,3766,25896.02,25865.62,0.00
2025-12-09,10:57:00,25869,25879.75,25868,25877,3118,25895.87,25865.84,0.00
2025-12-09,10:58:00,25877,25878.5,25861.5,25865,2498,25895.71,25865.89,0.00
2025-12-09,10:59:00,25864.25,25875.5,25863,25872.5,1285,25895.64,25865.93,0.00
2025-12-09,11:00:00,25872.25,25890.75,25872.25,25883.5,3264,25895.53,25866.32,0.00
2025-12-09,11:01:00,25884,25895.25,25870.75,25892.5,5414,25895.42,25867.08,0.00
2025-12-09,11:02:00,25892.5,25895,25879.5,25881.75,3552,25895.34,25867.53,0.00
2025-12-09,11:03:00,25882,25922.75,25878.5,25920.5,9320,25895.58,25869.94,0.00
2025-12-09,11:04:00,25920.25,25923.25,25900.75,25903.5,5764,25895.75,25871.35,0.00
2025-12-09,11:05:00,25904,25906.25,25887.25,25891.75,5176,25895.75,25872.10,0.00
2025-12-09,11:06:00,25891.25,25900.75,25876,25878.25,6324,25895.60,25872.57,0.00
2025-12-09,11:07:00,25878,25890.75,25876.25,25886.5,5077,25895.48,25872.92,0.00
2025-12-09,11:08:00,25886.5,25899.25,25885.75,25893,3537,25895.46,25873.31,0.00
2025-12-09,11:09:00,25893,25893.5,25868.5,25874.25,5244,25895.28,25873.46,0.00
2025-12-09,11:10:00,25874.25,25891.5,25871.5,25891,3940,25895.20,25873.69,0.00
2025-12-09,11:11:00,25891.25,25898.25,25882.5,25890,3702,25895.16,25874.01,0.00
2025-12-09,11:12:00,25889.75,25895.5,25882.5,25885.25,3449,25895.11,25874.25,0.00
2025-12-09,11:13:00,25885.75,25896.25,25885.5,25893.75,1858,25895.10,25874.42,0.00
2025-12-09,11:14:00,25893.5,25903.25,25889.25,25892,3681,25895.10,25874.79,0.00
2025-12-09,11:15:00,25891.75,25897,25887.5,25889,1592,25895.08,25874.92,0.00
2025-12-09,11:16:00,25889,25892.25,25877.25,25891.75,4061,25895.02,25875.16,0.00
2025-12-09,11:17:00,25891.5,25893.75,25883.75,25893.75,2152,25895.00,25875.31,0.00
2025-12-09,11:18:00,25893.25,25901.75,25888.25,25895.5,2764,25895.00,25875.57,0.00
2025-12-09,11:19:00,25895.75,25896.75,25884.25,25887.75,2203,25894.98,25875.72,0.00
2025-12-09,11:20:00,25888.25,25892.25,25881,25888.25,2062,25894.95,25875.83,0.00
2025-12-09,11:21:00,25889,25893,25881.5,25891.5,1761,25894.93,25875.93,0.00
2025-12-09,11:22:00,25891.25,25897.75,25886.75,25888.25,1780,25894.91,25876.05,0.00
2025-12-09,11:23:00,25887.75,25891.5,25881.25,25889.5,2203,25894.88,25876.16,0.00
2025-12-09,11:24:00,25890.5,25897.75,25886,25893.5,1977,25894.87,25876.31,0.00
2025-12-09,11:25:00,25893.5,25904.75,25890.75,25901.75,3101,25894.90,25876.62,0.00
2025-12-09,11:26:00,25901.5,25906.25,25896.25,25903.5,2453,25894.93,25876.89,0.00
2025-12-09,11:27:00,25904.25,25905.75,25898.5,25900.75,2471,25894.96,25877.15,0.00
2025-12-09,11:28:00,25900.5,25901.5,25881.5,25889,4970,25894.92,25877.43,0.00
2025-12-09,11:29:00,25888.5,25898.25,25885.75,25898,2395,25894.92,25877.60,0.00
2025-12-09,11:30:00,25898.5,25917.25,25898.5,25910.25,6754,25895.09,25878.45,0.00
2025-12-09,11:31:00,25910.25,25915,25901.5,25911.75,4251,25895.20,25878.98,0.00
2025-12-09,11:32:00,25912,25920.25,25908.5,25911.5,4189,25895.33,25879.54,0.00
2025-12-09,11:33:00,25911.25,25913,25892.5,25900,4403,25895.38,25879.92,0.00
2025-12-09,11:34:00,25899.5,25906.25,25894.5,25900.25,2297,25895.40,25880.10,0.00
2025-12-09,11:35:00,25900.75,25911.5,25900.25,25908.75,2028,25895.45,25880.31,0.00
2025-12-09,11:36:00,25909,25910.25,25895,25900.75,2549,25895.48,25880.51,0.00
2025-12-09,11:37:00,25901.25,25908.25,25898,25904.25,1798,25895.50,25880.67,0.00
2025-12-09,11:38:00,25904,25909.25,25898.25,25899.75,1466,25895.52,25880.79,0.00
2025-12-09,11:39:00,25900.25,25903.25,25893.5,25896.25,2270,25895.53,25880.93,0.00
2025-12-09,11:40:00,25896,25906.25,25893.75,25906,1878,25895.55,25881.07,0.00
2025-12-09,11:41:00,25906,25909.5,25900,25906,1931,25895.58,25881.24,0.00
2025-12-09,11:42:00,25906.25,25922.25,25904.25,25914.25,4442,25895.72,25881.75,0.00
2025-12-09,11:43:00,25914.5,25917,25908.5,25915.75,1883,25895.78,25881.97,0.00
2025-12-09,11:44:00,25915.75,25930.25,25913.5,25930.25,4445,25895.99,25882.63,0.00
2025-12-09,11:45:00,25929.75,25934,25921.75,25933,3766,25896.21,25883.24,0.00
2025-12-09,11:46:00,25933.25,25936,25926.75,25928.25,4106,25896.44,25883.90,0.00
2025-12-09,11:47:00,25928.75,25929.25,25911.5,25915.75,5080,25896.63,25884.49,0.00
2025-12-09,11:48:00,25916,25920.75,25895.75,25896.75,5288,25896.70,25884.84,0.00
2025-12-09,11:49:00,25896.75,25901.5,25889,25892,5183,25896.68,25884.99,0.00
2025-12-09,11:50:00,25891.5,25906,25888.75,25905,4147,25896.70,25885.19,0.00
2025-12-09,11:51:00,25904.75,25924.25,25901.5,25922.5,5285,25896.87,25885.70,0.00
2025-12-09,11:52:00,25922.5,25931.5,25920,25929,3683,25897.04,25886.17,0.00
2025-12-09,11:53:00,25929.5,25932.25,25921,25925.25,2726,25897.17,25886.51,0.00
2025-12-09,11:54:00,25925.25,25928,25919.5,25925.5,1961,25897.25,25886.73,0.00
2025-12-09,11:55:00,25924.75,25928.25,25920.75,25925.5,1480,25897.32,25886.90,0.00
2025-12-09,11:56:00,25925.75,25940.25,25925.75,25932.75,4957,25897.60,25887.59,0.00
2025-12-09,11:57:00,25932.75,25934,25926.25,25928.25,1763,25897.68,25887.81,0.00
2025-12-09,11:58:00,25928.25,25935,25926.25,25933.5,1307,25897.75,25887.98,0.00
2025-12-09,11:59:00,25933.75,25935.25,25928.5,25933.5,1476,25897.83,25888.17,0.00
2025-12-09,12:00:00,25934,25938.25,25932.5,25937.25,1335,25897.91,25888.36,0.00
2025-12-09,12:01:00,25937,25944.75,25933.75,25942.25,4624,25898.22,25889.06,0.00
2025-12-09,12:02:00,25942.5,25949.25,25941.25,25947.75,3569,25898.48,25889.64,0.00
2025-12-09,12:03:00,25947.75,25957,25945.5,25951.25,4441,25898.84,25890.42,0.00
2025-12-09,12:04:00,25951.25,25951.25,25938.75,25941.25,3221,25899.06,25890.90,0.00
2025-12-09,12:05:00,25941.25,25947.25,25938.75,25944,1941,25899.19,25891.19,0.00
2025-12-09,12:06:00,25944.25,25956,25943.5,25953.5,2564,25899.39,25891.61,0.00
2025-12-09,12:07:00,25953.75,25954.75,25941.5,25942.25,2168,25899.54,25891.94,0.00
2025-12-09,12:08:00,25942,25944.75,25931,25938.75,3640,25899.75,25892.40,0.00
2025-12-09,12:09:00,25939,25940.25,25934,25936.5,1380,25899.83,25892.56,0.00
2025-12-09,12:10:00,25936.75,25942,25934,25938.75,1716,25899.93,25892.78,0.00
2025-12-09,12:11:00,25938.5,25942.5,25937.25,25939,1261,25900.00,25892.94,0.00
2025-12-09,12:12:00,25938.75,25945.75,25938,25942.5,2095,25900.13,25893.21,0.00
2025-12-09,12:13:00,25943,25948.75,25941.5,25941.75,1596,25900.23,25893.43,0.00
2025-12-09,12:14:00,25942,25945.5,25938,25941.25,1324,25900.32,25893.60,0.00
2025-12-09,12:15:00,25941.75,25947.25,25939.5,25944.5,1007,25900.38,25893.73,0.00
2025-12-09,12:16:00,25945,25952.75,25944.25,25950.5,2458,25900.56,25894.09,0.00
2025-12-09,12:17:00,25950.75,25963,25950.5,25957.5,4996,25900.97,25894.91,0.00
2025-12-09,12:18:00,25957.5,25961.25,25949.5,25950.5,2641,25901.17,25895.31,0.00
2025-12-09,12:19:00,25950.75,25954.5,25948.5,25952.5,1876,25901.31,25895.59,0.00
2025-12-09,12:20:00,25952.25,25958,25952.25,25954.5,1668,25901.44,25895.84,0.00
2025-12-09,12:21:00,25954.75,25956.5,25942.75,25947.75,3024,25901.64,25896.25,0.00
2025-12-09,12:22:00,25947.75,25951.75,25944.5,25949.25,1641,25901.75,25896.47,0.00
2025-12-09,12:23:00,25949.25,25954,25943,25947.25,1983,25901.89,25896.73,0.00
2025-12-09,12:24:00,25947.5,25950.75,25946,25948.75,943,25901.95,25896.85,0.00
2025-12-09,12:25:00,25949,25953.25,25944.25,25952,1428,25902.05,25897.04,0.00
2025-12-09,12:26:00,25952.25,25953.5,25949.5,25950.25,941,25902.11,25897.17,0.00
2025-12-09,12:27:00,25950.5,25951.75,25944.75,25946.75,1419,25902.20,25897.34,0.00
2025-12-09,12:28:00,25946.75,25954.75,25946.75,25951.5,1547,25902.31,25897.55,0.00
2025-12-09,12:29:00,25951.75,25953,25946,25947,1148,25902.39,25897.70,0.00
2025-12-09,12:30:00,25947,25949.5,25941.25,25943,2081,25902.51,25897.94,0.00
2025-12-09,12:31:00,25943.25,25951.75,25942,25948.5,2273,25902.65,25898.21,0.00
2025-12-09,12:32:00,25948.75,25949.5,25923.25,25941.25,5640,25902.93,25898.75,0.00
2025-12-09,12:33:00,25941.5,25952,25940.25,25948.5,2765,25903.10,25899.07,0.00
2025-12-09,12:34:00,25948.5,25957.5,25947,25957.5,2250,25903.26,25899.37,0.00
2025-12-09,12:35:00,25957.75,25961.25,25956,25960.75,2650,25903.47,25899.74,0.00
2025-12-09,12:36:00,25960.25,25967,25958.25,25962,3976,25903.79,25900.33,0.00
2025-12-09,12:37:00,25961.75,25962.25,25954.5,25955.25,2275,25903.96,25900.63,0.00
2025-12-09,12:38:00,25955.5,25958.5,25948.25,25953.5,2381,25904.12,25900.92,0.00
2025-12-09,12:39:00,25954,25954.5,25949.25,25951,1227,25904.20,25901.07,0.00
2025-12-09,12:40:00,25951,25953.5,25947.5,25951.5,1351,25904.28,25901.22,0.00
2025-12-09,12:41:00,25951.75,25953,25936.75,25937.5,3506,25904.46,25901.55,0.00
2025-12-09,12:42:00,25937.5,25944,25935.75,25937.75,2951,25904.60,25901.81,0.00
2025-12-09,12:43:00,25938,25939.5,25930.25,25932.25,2801,25904.71,25902.01,0.00
2025-12-09,12:44:00,25932.75,25936,25927.75,25930.5,2647,25904.81,25902.19,0.00
2025-12-09,12:45:00,25930.75,25932.5,25920.25,25927,3656,25904.91,25902.39,0.00
2025-12-09,12:46:00,25926.75,25938.25,25926.75,25937,3003,25905.03,25902.60,0.00
2025-12-09,12:47:00,25937,25937.5,25925.5,25928,2184,25905.10,25902.73,0.00
2025-12-09,12:48:00,25928.75,25937.5,25926.75,25930,1922,25905.17,25902.85,0.00
2025-12-09,12:49:00,25930.25,25946.5,25929.75,25945.75,2796,25905.30,25903.08,0.00
2025-12-09,12:50:00,25946.25,25952.25,25946,25946.5,2619,25905.45,25903.34,0.00
2025-12-09,12:51:00,25947,25960.75,25946.75,25960,2982,25905.64,25903.67,0.00
2025-12-09,12:52:00,25960.25,25964.25,25957.25,25961.75,2440,25905.82,25903.97,0.00
2025-12-09,12:53:00,25961.75,25966.25,25955.75,25956.75,2713,25906.01,25904.30,0.00
2025-12-09,12:54:00,25956.5,25961.75,25953.75,25961,1729,25906.13,25904.50,0.00
2025-12-09,12:55:00,25960.5,25967.75,25958.5,25966.25,1984,25906.27,25904.75,0.00
2025-12-09,12:56:00,25966.5,25969,25962,25966.5,2225,25906.45,25905.03,0.00
2025-12-09,12:57:00,25966.5,25969,25961,25963.75,1753,25906.58,25905.25,0.00
2025-12-09,12:58:00,25963.25,25967.5,25958.75,25966.75,1612,25906.70,25905.45,0.00
2025-12-09,12:59:00,25967,25967.5,25962.5,25965.75,1168,25906.78,25905.60,0.00
2025-12-09,13:00:00,25965.75,25968.25,25961.5,25962,1610,25906.90,25905.79,0.00
2025-12-09,13:01:00,25961.75,25965,25957.75,25961.75,2449,25907.07,25906.07,0.00
2025-12-09,13:02:00,25961.25,25962.5,25953.75,25960.25,2512,25907.24,25906.35,0.00
2025-12-09,13:03:00,25960,25972.75,25958.5,25968.75,2811,25907.45,25906.69,0.00
2025-12-09,13:04:00,25968.75,25980.75,25968.75,25980.25,4129,25907.81,25907.28,0.00
2025-12-09,13:05:00,25980,25981.75,25976.75,25978.25,2303,25908.01,25907.61,0.00
2025-12-09,13:06:00,25978.75,25985.75,25977,25983.5,2568,25982.08,25908.00,0.00
2025-12-09,13:07:00,25984.25,25986.25,25979.5,25982.25,1743,25982.67,25908.26,0.00
2025-12-09,13:08:00,25982.75,25984.5,25975,25975.25,1766,25980.44,25908.50,0.00
2025-12-09,13:09:00,25975.5,25977.75,25970.75,25975.75,1550,25978.70,25908.71,0.00
2025-12-09,13:10:00,25976,25979.75,25974.25,25977.25,1012,25978.43,25908.84,0.00
2025-12-09,13:11:00,25977.25,25978.25,25973,25975,1281,25977.90,25909.01,0.00
2025-12-09,13:12:00,25975.75,25979,25974.5,25977,919,25977.79,25909.14,0.00
2025-12-09,13:13:00,25977,25977.5,25965.75,25970.25,2419,25976.29,25909.43,0.00
2025-12-09,13:14:00,25970,25973,25969.75,25971.75,1020,25975.87,25909.56,0.00
2025-12-09,13:15:00,25972,25979.5,25972,25974,1542,25975.79,25909.75,0.00
2025-12-09,13:16:00,25974.25,25975.5,25968.5,25970,1112,25975.44,25909.89,0.00
2025-12-09,13:17:00,25970,25973.5,25968,25969.25,1023,25975.10,25910.01,0.00
2025-12-09,13:18:00,25970,25970.25,25965.25,25969,1269,25974.57,25910.15,0.00
2025-12-09,13:19:00,25969,25969.75,25965.25,25965.25,887,25974.18,25910.25,0.00
2025-12-09,13:20:00,25965,25966,25959.75,25960.25,1885,25972.99,25910.44,0.00
2025-12-09,13:21:00,25959.75,25960.25,25950.25,25955.5,3405,25970.36,25910.73,0.00
2025-12-09,13:22:00,25955.5,25960.25,25953.5,25956.75,1554,25969.50,25910.87,0.00
2025-12-09,13:23:00,25956.25,25958.25,25950,25951.5,1614,25968.49,25911.00,0.00
2025-12-09,13:24:00,25952,25953.75,25943.25,25953.5,2943,25966.63,25911.22,0.00
2025-12-09,13:25:00,25953.25,25956.5,25949.75,25956,1499,25966.01,25911.34,0.00
2025-12-09,13:26:00,25956.25,25965.25,25954.75,25964.25,3155,25965.58,25911.63,0.00
2025-12-09,13:27:00,25964.25,25966.75,25955.5,25961.5,2245,25965.31,25911.84,0.00
2025-12-09,13:28:00,25961.5,25962.5,25954.75,25960.75,1260,25965.10,25911.96,0.00
2025-12-09,13:29:00,25961.25,25963.75,25959,25961.5,850,25965.02,25912.03,0.00
2025-12-09,13:30:00,25961.5,25962.75,25959,25960.75,559,25964.96,25912.08,0.00
2025-12-09,13:31:00,25960.75,25970.25,25960.5,25966.25,2532,25965.00,25912.34,0.00
2025-12-09,13:32:00,25966.75,25968.25,25961,25966.25,1476,25965.01,25912.48,0.00
2025-12-09,13:33:00,25966.75,25967.25,25957.75,25958.25,1324,25964.89,25912.60,0.00
2025-12-09,13:34:00,25958.25,25964.5,25956.25,25960,1630,25964.72,25912.74,0.00
2025-12-09,13:35:00,25960.25,25961.25,25954.25,25958,1862,25964.45,25912.90,0.00
2025-12-09,13:36:00,25957.75,25960.25,25954.25,25957.75,1234,25964.27,25913.00,0.00
2025-12-09,13:37:00,25957.75,25958.75,25947.75,25950.25,3089,25963.56,25913.22,0.00
2025-12-09,13:38:00,25950,25957.5,25946.75,25957.5,2099,25963.18,25913.37,0.00
2025-12-09,13:39:00,25957.75,25963.5,25954.25,25961.75,2075,25963.06,25913.55,0.00
2025-12-09,13:40:00,25962,25967.75,25961.5,25963.75,1903,25963.10,25913.72,0.00
2025-12-09,13:41:00,25963.75,25968.75,25961.5,25961.75,1440,25963.12,25913.85,0.00
2025-12-09,13:42:00,25961.5,25962,25957.25,25958.5,1344,25963.03,25913.96,0.00
2025-12-09,13:43:00,25959.25,25961.5,25951,25951.75,1640,25962.81,25914.08,0.00
2025-12-09,13:44:00,25952,25959.25,25950,25955.75,1673,25962.61,25914.20,0.00
2025-12-09,13:45:00,25955.5,25958.5,25952.5,25956,763,25962.53,25914.26,0.00
2025-12-09,13:46:00,25956.5,25957,25951.5,25953.5,1027,25962.39,25914.33,0.00
2025-12-09,13:47:00,25953,25954,25948.75,25950.75,1300,25962.18,25914.41,0.00
2025-12-09,13:48:00,25950.5,25955,25947.5,25951.75,1425,25961.95,25914.51,0.00
2025-12-09,13:49:00,25952.5,25955.5,25949.75,25950.5,921,25961.82,25914.57,0.00
2025-12-09,13:50:00,25950,25950.75,25942.25,25945,2417,25961.29,25914.70,0.00
2025-12-09,13:51:00,25945,25954.25,25943.5,25953.75,1516,25961.06,25914.80,0.00
2025-12-09,13:52:00,25953.75,25959.25,25953.75,25956,1690,25960.96,25914.92,0.00
2025-12-09,13:53:00,25956,25956.5,25950.25,25952.75,1101,25960.84,25914.99,0.00
2025-12-09,13:54:00,25952.25,25960.75,25952.25,25960.25,1546,25960.78,25915.11,0.00
2025-12-09,13:55:00,25960.25,25961.5,25954,25960.75,1051,25960.75,25915.19,0.00
2025-12-09,13:56:00,25960.5,25964.5,25956.25,25959.75,1966,25960.74,25915.34,0.00
2025-12-09,13:57:00,25959.75,25960,25951,25954.75,1974,25960.61,25915.48,0.00
2025-12-09,13:58:00,25954.25,25962,25952,25959,1055,25960.57,25915.55,0.00
2025-12-09,13:59:00,25959,25968,25959,25966.25,1694,25960.65,25915.69,0.00
2025-12-09,14:00:00,25966,25972.25,25966,25970.5,2194,25960.87,25915.90,0.00
2025-12-09,14:01:00,25970.25,25971.5,25963,25968.75,2151,25961.04,25916.09,0.00
2025-12-09,14:02:00,25969.25,25970.75,25963.5,25966.75,1030,25961.10,25916.17,0.00
2025-12-09,14:03:00,25966.75,25974.5,25966.25,25973.5,1503,25961.27,25916.32,0.00
2025-12-09,14:04:00,25973.5,25978,25971.25,25977.25,1840,25961.55,25916.50,0.00
2025-12-09,14:05:00,25977,25981.25,25973.5,25975.5,1808,25961.84,25916.68,0.00
2025-12-09,14:06:00,25975.75,25977,25973,25975.25,1026,25961.98,25916.78,0.00
2025-12-09,14:07:00,25975,25975.75,25970.5,25971.25,1256,25962.11,25916.90,0.00
2025-12-09,14:08:00,25971,25976.5,25969.25,25970.75,1222,25962.24,25917.01,0.00
2025-12-09,14:09:00,25971.25,25973,25965.25,25970.25,1336,25962.33,25917.13,0.00
2025-12-09,14:10:00,25970,25971.5,25967.25,25967.5,931,25962.39,25917.21,0.00
2025-12-09,14:11:00,25967.75,25968.5,25963,25964.5,1553,25962.44,25917.34,0.00
2025-12-09,14:12:00,25965,25965.25,25957.25,25958.75,1632,25962.40,25917.45,0.00
2025-12-09,14:13:00,25958.5,25968.75,25957.5,25968.5,1490,25962.44,25917.57,0.00
2025-12-09,14:14:00,25968.75,25972.5,25965.5,25967,1603,25962.53,25917.70,0.00
2025-12-09,14:15:00,25966.5,25971.25,25966.25,25970.25,715,25962.57,25917.76,0.00
2025-12-09,14:16:00,25970.5,25976,25970.25,25974.75,1475,25962.72,25917.90,0.00
2025-12-09,14:17:00,25974.5,25976.5,25970.25,25973.5,1153,25962.83,25918.00,0.00
2025-12-09,14:18:00,25973.25,25981.25,25970.5,25980,1684,25963.05,25918.17,0.00
2025-12-09,14:19:00,25980.25,25984.75,25977.75,25978.25,2195,25963.37,25918.39,0.00
2025-12-09,14:20:00,25978.25,25981.5,25974.75,25981,1167,25963.53,25918.51,0.00
2025-12-09,14:21:00,25981,25981.5,25975.25,25977.75,849,25963.64,25918.59,0.00
2025-12-09,14:22:00,25978.25,25978.5,25972,25972,1048,25963.73,25918.68,0.00
2025-12-09,14:23:00,25972.75,25976,25970.25,25970.75,992,25963.80,25918.77,0.00
2025-12-09,14:24:00,25971,25974,25969,25970.5,1065,25963.87,25918.86,0.00
2025-12-09,14:25:00,25970.25,25978,25969.25,25976.5,1149,25963.97,25918.96,0.00
2025-12-09,14:26:00,25976.5,25977.75,25971.75,25975.25,1032,25964.06,25919.06,0.00
2025-12-09,14:27:00,25975,25976.25,25969.25,25972,751,25964.11,25919.12,0.00
2025-12-09,14:28:00,25971.5,25978.75,25970.5,25977.25,794,25964.19,25919.19,0.00
2025-12-09,14:29:00,25977.5,25984.25,25976,25983.5,1380,25964.37,25919.33,0.00
2025-12-09,14:30:00,25983.5,25985,25978,25979.25,1130,25964.52,25919.44,0.00
2025-12-09,14:31:00,25979.5,25981.75,25976.5,25980.5,1215,25964.66,25919.56,0.00
2025-12-09,14:32:00,25981.25,25983,25977.75,25980.5,718,25964.75,25919.63,0.00
2025-12-09,14:33:00,25980.5,25981.75,25977.75,25978.75,581,25964.82,25919.68,0.00
2025-12-09,14:34:00,25979,25981.25,25976,25976.25,746,25964.89,25919.75,0.00
2025-12-09,14:35:00,25976.5,25978.5,25972.5,25973,1030,25964.97,25919.84,0.00
2025-12-09,14:36:00,25973.25,25973.75,25966.5,25967.25,1640,25965.02,25919.97,0.00
2025-12-09,14:37:00,25967.75,25968.75,25966,25966.5,851,25965.04,25920.03,0.00
2025-12-09,14:38:00,25966.5,25969.25,25963.5,25968.75,1389,25965.06,25920.14,0.00
2025-12-09,14:39:00,25968.75,25972.5,25965.75,25966.25,1185,25965.08,25920.23,0.00
2025-12-09,14:40:00,25966.75,25966.75,25959.75,25966.5,2065,25965.07,25920.37,0.00
2025-12-09,14:41:00,25966.5,25969.5,25964.5,25967.25,1169,25965.09,25920.46,0.00
2025-12-09,14:42:00,25967.25,25969.25,25960,25960.25,909,25965.08,25920.52,0.00
2025-12-09,14:43:00,25960,25965.5,25958.5,25965,1257,25965.06,25920.60,0.00
2025-12-09,14:44:00,25965.25,25966.25,25955.75,25960.5,1566,25965.01,25920.70,0.00
2025-12-09,14:45:00,25961.25,25962,25954.75,25957.25,1987,25964.92,25920.81,0.00
2025-12-09,14:46:00,25956.75,25958.25,25943.75,25945.5,4260,25964.47,25921.00,0.00
2025-12-09,14:47:00,25945.25,25950.75,25944.25,25946.75,1716,25964.27,25921.07,0.00
2025-12-09,14:48:00,25946.5,25952.5,25945,25947.25,1622,25964.10,25921.14,0.00
2025-12-09,14:49:00,25947.75,25965.25,25947.75,25964.5,2724,25964.01,25921.30,0.00
2025-12-09,14:50:00,25964.75,25971.25,25964.5,25967.75,2139,25964.07,25921.45,0.00
2025-12-09,14:51:00,25967.5,25970.5,25963.25,25968,1633,25964.10,25921.56,0.00
2025-12-09,14:52:00,25968,25974,25965.25,25970.75,1892,25964.17,25921.70,0.00
2025-12-09,14:53:00,25971.25,25977.75,25968.5,25977.5,1367,25964.26,25921.81,0.00
2025-12-09,14:54:00,25977.5,25991.75,25975.75,25985.75,4261,25984.42,25922.21,0.00
2025-12-09,14:55:00,25985.5,25989,25982.75,25984.25,2144,25984.72,25922.42,0.00
2025-12-09,14:56:00,25984.5,25986.5,25976.25,25980.75,2730,25983.66,25922.66,0.00
2025-12-09,14:57:00,25980.75,25988,25978.75,25987,1342,25983.78,25922.78,0.00
2025-12-09,14:58:00,25987.25,25987.5,25983.25,25984,1068,25983.88,25922.88,0.00
2025-12-09,14:59:00,25984,25985.75,25978.25,25980.25,990,25983.69,25922.96,0.00
2025-12-09,15:00:00,25980.25,25981.25,25974,25975,1718,25982.85,25923.10,0.00
2025-12-09,15:01:00,25975.25,25977.5,25971.25,25971.5,1567,25981.92,25923.22,0.00
2025-12-09,15:02:00,25971.5,25973,25966.25,25967.25,1703,25980.65,25923.33,0.00
2025-12-09,15:03:00,25967.5,25969,25959,25965.75,2857,25978.39,25923.51,0.00
2025-12-09,15:04:00,25965.25,25969.75,25960.5,25967.5,1485,25977.55,25923.60,0.00
2025-12-09,15:05:00,25967,25970,25963,25965.5,950,25977.07,25923.66,0.00
2025-12-09,15:06:00,25965.5,25970,25963.25,25963.75,1072,25976.56,25923.72,0.00
2025-12-09,15:07:00,25964,25965.75,25959,25962,1372,25975.78,25923.80,0.00
2025-12-09,15:08:00,25962.25,25964,25954.5,25955.75,1835,25974.59,25923.89,0.00
2025-12-09,15:09:00,25956,25961,25952,25958.5,2967,25972.87,25924.03,0.00
2025-12-09,15:10:00,25958.5,25963,25955.75,25961.25,1159,25972.39,25924.10,0.00
2025-12-09,15:11:00,25961,25966.25,25952.25,25957.5,2666,25971.31,25924.23,0.00
2025-12-09,15:12:00,25958.25,25958.5,25953.75,25957,915,25970.92,25924.27,0.00
2025-12-09,15:13:00,25957,25957.25,25952.25,25953,930,25970.48,25924.31,0.00
2025-12-09,15:14:00,25952.5,25956.5,25950.75,25952.75,1331,25969.87,25924.37,0.00
2025-12-09,15:15:00,25953,25958,25952.5,25957.75,752,25969.59,25924.40,0.00
2025-12-09,15:16:00,25957.5,25960.5,25954.25,25959.25,1300,25969.21,25924.46,0.00
2025-12-09,15:17:00,25959.25,25960.25,25954.5,25956.25,722,25968.98,25924.50,0.00
2025-12-09,15:18:00,25955.75,25960.75,25954.5,25958.75,796,25968.77,25924.53,0.00
2025-12-09,15:19:00,25959.25,25968.25,25957.5,25967.75,1717,25968.60,25924.63,0.00
2025-12-09,15:20:00,25967.75,25970,25963.5,25966,1249,25968.54,25924.71,0.00
2025-12-09,15:21:00,25965.75,25970.75,25965.25,25969.75,1147,25968.54,25924.78,0.00
2025-12-09,15:22:00,25969.75,25970.5,25965.5,25966.25,808,25968.52,25924.83,0.00
2025-12-09,15:23:00,25965.75,25967.5,25960.75,25963.75,1135,25968.41,25924.89,0.00
2025-12-09,15:24:00,25963.5,25966.5,25962,25965.75,571,25968.36,25924.92,0.00
2025-12-09,15:25:00,25965.75,25967.25,25963,25963.75,450,25968.33,25924.95,0.00
2025-12-09,15:26:00,25963.5,25968.5,25962.75,25968,784,25968.30,25924.99,0.00
2025-12-09,15:27:00,25968.5,25970.25,25964.25,25964.25,935,25968.26,25925.05,0.00
2025-12-09,15:28:00,25964.25,25966.5,25962.75,25964.75,838,25968.20,25925.09,0.00
2025-12-09,15:29:00,25964.75,25966.75,25962.5,25965.5,652,25968.16,25925.13,0.00
2025-12-09,15:30:00,25965.75,25965.75,25961.5,25964.25,629,25968.10,25925.16,0.00
2025-12-09,15:31:00,25964.5,25966,25960.5,25964.75,1003,25968.02,25925.22,0.00
2025-12-09,15:32:00,25964.75,25966.5,25960.75,25965.5,834,25967.96,25925.26,0.00
2025-12-09,15:33:00,25965.75,25970,25964.75,25967.25,969,25967.95,25925.32,0.00
2025-12-09,15:34:00,25967.75,25969,25962.5,25964.25,974,25967.90,25925.38,0.00
2025-12-09,15:35:00,25964.5,25965.5,25962.5,25963.25,581,25967.86,25925.41,0.00
2025-12-09,15:36:00,25963.25,25964.25,25957.75,25958.25,1319,25967.68,25925.47,0.00
2025-12-09,15:37:00,25958.25,25958.75,25953,25955,2099,25967.25,25925.56,0.00
2025-12-09,15:38:00,25955.25,25962,25954.5,25957,1192,25967.07,25925.61,0.00
2025-12-09,15:39:00,25956.75,25959,25953.5,25957.75,879,25966.92,25925.65,0.00
2025-12-09,15:40:00,25957.5,25961.75,25956,25956.25,884,25966.79,25925.69,0.00
2025-12-09,15:41:00,25956.25,25958.25,25954.75,25957.25,635,25966.69,25925.72,0.00
2025-12-09,15:42:00,25956.5,25956.75,25950.5,25951,1222,25966.43,25925.76,0.00
2025-12-09,15:43:00,25951.5,25953.5,25947.25,25950.25,1562,25966.04,25925.82,0.00
2025-12-09,15:44:00,25950,25954.75,25949.75,25950.25,686,25965.89,25925.84,0.00
2025-12-09,15:45:00,25950.75,25951,25936,25944.5,3974,25964.65,25925.94,0.00
2025-12-09,15:46:00,25944.75,25946.5,25941,25944,1554,25964.20,25925.98,0.00
2025-12-09,15:47:00,25944.25,25951.25,25943.25,25948.5,1589,25963.84,25926.02,0.00
2025-12-09,15:48:00,25948.75,25950.5,25942.5,25944.25,1065,25963.58,25926.05,0.00
2025-12-09,15:49:00,25944.25,25949.25,25943.25,25947.75,791,25963.41,25926.07,0.00
2025-12-09,15:50:00,25947.25,25951.5,25947,25948.75,937,25963.23,25926.10,0.00
2025-12-09,15:51:00,25949,25956.75,25948.25,25955,2290,25962.94,25926.19,0.00
2025-12-09,15:52:00,25955.25,25958.25,25953.5,25957.5,1116,25962.85,25926.23,0.00
2025-12-09,15:53:00,25957,25959,25951.75,25951.75,1115,25962.73,25926.27,0.00
2025-12-09,15:54:00,25951.75,25959,25950.5,25958.5,1313,25962.62,25926.33,0.00
2025-12-09,15:55:00,25958.25,25960,25956,25956.25,1103,25962.55,25926.37,0.00
2025-12-09,15:56:00,25956,25961,25955,25960.25,970,25962.51,25926.42,0.00
2025-12-09,15:57:00,25960,25961.75,25956,25958,934,25962.47,25926.46,0.00
2025-12-09,15:58:00,25958,25959.75,25952,25954,1129,25962.37,25926.50,0.00
2025-12-09,15:59:00,25954,25958.5,25952.75,25958.5,750,25962.32,25926.53,0.00
2025-12-09,16:00:00,25958.5,25960.25,25954.5,25955.75,1001,25962.26,25926.57,0.00
2025-12-09,16:01:00,25955.25,25956.75,25951.75,25953,1237,25962.14,25926.62,0.00
2025-12-09,16:02:00,25953.25,25953.5,25948.75,25952.25,1216,25962.00,25926.66,0.00
2025-12-09,16:03:00,25952.5,25958.25,25951,25958.25,885,25961.94,25926.69,0.00
2025-12-09,16:04:00,25958,25959,25954.25,25956,670,25961.90,25926.72,0.00
2025-12-09,16:05:00,25956.25,25959.75,25956,25957,655,25961.87,25926.74,0.00
2025-12-09,16:06:00,25957,25959.25,25953.25,25958.25,814,25961.83,25926.78,0.00
2025-12-09,16:07:00,25958.25,25958.5,25954.75,25956,582,25961.79,25926.80,0.00
2025-12-09,16:08:00,25956.5,25964,25955.75,25962.25,1613,25961.77,25926.87,0.00
2025-12-09,16:09:00,25962.25,25966.5,25961.5,25962,1780,25961.80,25926.96,0.00
2025-12-09,16:10:00,25962.25,25963,25958.5,25959.75,828,25961.79,25926.99,0.00
2025-12-09,16:11:00,25959.75,25962.25,25957.25,25957.75,912,25961.77,25927.03,0.00
2025-12-09,16:12:00,25958,25960,25956.5,25956.75,612,25961.74,25927.06,0.00
2025-12-09,16:13:00,25956.5,25960.5,25956,25959,859,25961.71,25927.09,0.00
2025-12-09,16:14:00,25959.25,25959.25,25953.75,25954.75,974,25961.66,25927.13,0.00
2025-12-09,16:15:00,25954.75,25956.5,25953.25,25954.5,937,25961.60,25927.16,0.00
2025-12-09,16:16:00,25954.25,25955,25951,25954.75,1351,25961.49,25927.21,0.00
2025-12-09,16:17:00,25955,25956.25,25951.75,25952.5,864,25961.43,25927.24,0.00
2025-12-09,16:18:00,25952.5,25957,25950,25956.5,1107,25961.35,25927.28,0.00
2025-12-09,16:19:00,25957,25958,25953.5,25957,723,25961.32,25927.31,0.00
2025-12-09,16:20:00,25957,25958,25954.25,25956.25,573,25961.29,25927.33,0.00
2025-12-09,16:21:00,25956,25962.75,25956,25959.75,1462,25961.27,25927.39,0.00
2025-12-09,16:22:00,25959.5,25960.5,25955.25,25957.5,851,25961.24,25927.42,0.00
2025-12-09,16:23:00,25957.5,25959.25,25955.75,25957.75,522,25961.22,25927.44,0.00
2025-12-09,16:24:00,25957.75,25959.5,25954.25,25955.5,767,25961.19,25927.47,0.00
2025-12-09,16:25:00,25955.25,25956.75,25953.75,25954.5,507,25961.16,25927.49,0.00
2025-12-09,16:26:00,25954.5,25955,25951.5,25952.5,1106,25961.08,25927.53,0.00
2025-12-09,16:27:00,25952.75,25954.75,25950.25,25950.75,823,25961.01,25927.55,0.00
2025-12-09,16:28:00,25950.25,25953,25946.75,25952.75,1572,25960.87,25927.60,0.00
2025-12-09,16:29:00,25952.75,25955.75,25951.75,25953.75,985,25960.81,25927.63,0.00
2025-12-09,16:30:00,25953.75,25954,25949.75,25950,830,25960.75,25927.66,0.00
2025-12-09,16:31:00,25949.75,25954.5,25947.75,25952.75,1528,25960.63,25927.70,0.00
2025-12-09,16:32:00,25952.5,25955,25949.75,25950,756,25960.57,25927.73,0.00
2025-12-09,16:33:00,25949.75,25952,25948.25,25950.25,691,25960.51,25927.75,0.00
2025-12-09,16:34:00,25950.5,25952.75,25947.25,25948,948,25960.42,25927.77,0.00
2025-12-09,16:35:00,25947.5,25948.25,25941.25,25943.75,2259,25960.13,25927.82,0.00
2025-12-09,16:36:00,25943.75,25947.5,25940.5,25946.25,1313,25959.97,25927.85,0.00
2025-12-09,16:37:00,25946.5,25953.25,25946,25953,1568,25959.85,25927.90,0.00
2025-12-09,16:38:00,25953.5,25954.5,25950,25952.25,858,25959.80,25927.92,0.00
2025-12-09,16:39:00,25952.25,25954.25,25951,25951.25,535,25959.77,25927.94,0.00
2025-12-09,16:40:00,25951.5,25956.75,25950,25954.25,955,25959.72,25927.97,0.00
2025-12-09,16:41:00,25954.25,25959,25952.75,25956,1365,25959.68,25928.02,0.00
2025-12-09,16:42:00,25955.75,25956.5,25949,25949.25,1231,25959.60,25928.06,0.00
2025-12-09,16:43:00,25949,25955,25948.5,25954.25,898,25959.56,25928.08,0.00
2025-12-09,16:44:00,25954.25,25955.5,25951.75,25951.75,636,25959.53,25928.10,0.00
2025-12-09,16:45:00,25952.25,25960,25952,25959.5,924,25959.51,25928.14,0.00
2025-12-09,16:46:00,25959.75,25962.25,25958.25,25959.5,1450,25959.51,25928.19,0.00
2025-12-09,16:47:00,25959.5,25959.5,25954.25,25957,1123,25959.49,25928.24,0.00
2025-12-09,16:48:00,25956.75,25957.25,25952.25,25956.25,1003,25959.46,25928.27,0.00
2025-12-09,16:49:00,25956.5,25961.75,25955.5,25961.75,787,25959.46,25928.30,0.00
2025-12-09,16:50:00,25961.75,25963.25,25959,25960.75,1372,25959.48,25928.36,0.00
2025-12-09,16:51:00,25960.5,25975.25,25960,25968.25,4304,25959.73,25928.57,0.00
2025-12-09,16:52:00,25968.25,25973.5,25965.25,25968.75,2020,25959.86,25928.67,0.00
2025-12-09,16:53:00,25969,25969,25960,25960.25,1756,25959.90,25928.74,0.00
2025-12-09,16:54:00,25961,25965.75,25950.75,25952.25,2650,25959.83,25928.83,0.00
2025-12-09,16:55:00,25952.25,25961,25943.75,25948,5131,25959.54,25928.97,0.00
2025-12-09,16:56:00,25948.25,25954.5,25944,25953,3795,25959.32,25929.07,0.00
2025-12-09,16:57:00,25952.5,25965,25950.25,25952,3325,25959.25,25929.18,0.00
2025-12-09,16:58:00,25952,25952.75,25946.5,25950.75,1794,25959.15,25929.23,0.00
2025-12-09,16:59:00,25950.75,25951.5,25942.5,25944,2099,25958.98,25929.27,0.00
2025-12-09,17:00:00,25943.75,25958,25939.25,25956.25,6190,25958.70,25929.43,0.00
2025-12-09,17:01:00,25956.5,25957.25,25945.5,25947.75,2449,25958.58,25929.49,0.00
2025-12-09,17:02:00,25948,25948,25939.75,25939.75,1605,25958.43,25929.52,0.00
2025-12-09,17:03:00,25939.75,25947,25939.25,25943.5,1340,25958.32,25929.54,0.00
2025-12-09,17:04:00,25943.5,25945.5,25941,25942,600,25958.27,25929.55,0.00
2025-12-09,17:05:00,25941.75,25942.75,25939,25942.75,970,25958.17,25929.56,0.00
2025-12-09,17:06:00,25942.5,25945.25,25940.5,25944.75,590,25958.13,25929.57,0.00
2025-12-09,17:07:00,25945,25945,25938.5,25939.5,539,25958.08,25929.58,0.00
2025-12-09,17:08:00,25939.25,25940.75,25938.5,25939.25,348,25958.04,25929.58,0.00
2025-12-09,17:09:00,25940,25941.5,25938.25,25938.75,452,25957.99,25929.59,0.00
2025-12-09,17:10:00,25938.5,25941.75,25937.5,25937.75,557,25957.93,25929.60,0.00
2025-12-09,17:11:00,25938.25,25940.75,25936,25940.5,623,25957.87,25929.60,0.00
2025-12-09,17:12:00,25940.5,25943.75,25939.75,25943.75,527,25957.83,25929.61,0.00
2025-12-09,17:13:00,25943.5,25943.75,25940.5,25940.75,365,25957.79,25929.62,0.00
2025-12-09,17:14:00,25940.5,25940.75,25935,25935,514,25957.73,25929.62,0.00
2025-12-09,17:15:00,25935.25,25939.5,25934.25,25937.5,506,25957.68,25929.63,0.00
2025-12-09,17:16:00,25937.5,25938.25,25935,25936.25,456,25957.63,25929.63,0.00
2025-12-09,17:17:00,25936.5,25937.75,25935,25935.25,237,25957.60,25929.63,0.00
2025-12-09,17:18:00,25935.25,25935.25,25930,25932.25,736,25957.50,25929.63,0.00
2025-12-09,17:19:00,25931.75,25931.75,25929.5,25931,330,25957.45,25929.63,0.00
2025-12-09,17:20:00,25931.5,25933.75,25931.25,25932.5,299,25957.41,25929.64,0.00
2025-12-09,17:21:00,25932.75,25937.5,25931.5,25935.5,436,25957.36,25929.64,0.00
2025-12-09,17:22:00,25935.25,25939.25,25934.75,25937.75,293,25957.33,25929.64,0.00
2025-12-09,17:23:00,25937.5,25938,25935.75,25936.5,183,25957.31,25929.64,0.00
2025-12-09,17:24:00,25936.75,25939.75,25936.25,25937.25,256,25957.28,25929.64,0.00
2025-12-09,17:25:00,25937.25,25939.25,25935,25935.25,211,25957.26,25929.65,0.00
2025-12-09,17:26:00,25935.5,25935.75,25931.5,25931.75,244,25957.22,25929.65,0.00
2025-12-09,17:27:00,25932,25935.5,25928.25,25935,494,25957.16,25929.65,0.00
2025-12-09,17:28:00,25934.75,25935.25,25932.75,25934.5,208,25957.14,25929.65,0.00
2025-12-09,17:29:00,25934.5,25934.75,25932.75,25933,114,25957.12,25929.65,0.00
2025-12-09,17:30:00,25933,25934.25,25931.25,25933.75,278,25957.09,25929.65,0.00
2025-12-09,17:31:00,25933.5,25934.5,25932.75,25934.5,261,25957.05,25929.65,0.00
2025-12-09,17:32:00,25934,25936.5,25933.25,25933.75,297,25957.02,25929.65,0.00
2025-12-09,17:33:00,25933.75,25934,25931.25,25933.5,224,25956.99,25929.66,0.00
2025-12-09,17:34:00,25932.5,25934.25,25932.5,25933.75,136,25956.97,25929.66,0.00
2025-12-09,17:35:00,25933.5,25934.5,25932.25,25934,234,25956.94,25929.66,0.00
2025-12-09,17:36:00,25934,25934.25,25929.75,25934.25,430,25956.89,25929.66,0.00
2025-12-09,17:37:00,25934,25936.5,25934,25934.75,292,25956.86,25929.66,0.00
2025-12-09,17:38:00,25934.75,25935.25,25933.75,25935.25,153,25956.84,25929.66,0.00
2025-12-09,17:39:00,25935.5,25935.75,25932.75,25932.75,147,25956.82,25929.66,0.00
2025-12-09,17:40:00,25932.75,25934,25930.75,25934,204,25956.79,25929.66,0.00
2025-12-09,17:41:00,25933.5,25939,25933.5,25937.75,366,25956.76,25929.67,0.00
2025-12-09,17:42:00,25937.75,25939,25936.75,25937,263,25956.73,25929.67,0.00
2025-12-09,17:43:00,25936.75,25937.25,25933.75,25934.25,137,25956.71,25929.67,0.00
2025-12-09,17:44:00,25934.25,25934.25,25932.25,25933.75,160,25956.70,25929.67,0.00
2025-12-09,17:45:00,25933.75,25936.5,25932.25,25932.25,281,25956.66,25929.67,0.00
2025-12-09,17:46:00,25932.25,25934,25931.25,25932.75,470,25956.60,25929.67,0.00
2025-12-09,17:47:00,25932.75,25934,25932,25933,172,25956.58,25929.67,0.00
2025-12-09,17:48:00,25932.75,25934,25932.5,25933.25,208,25956.56,25929.67,0.00
2025-12-09,17:49:00,25933.25,25934,25930.5,25931,232,25956.53,25929.68,0.00
2025-12-09,17:50:00,25930.75,25934,25930.5,25934,152,25956.51,25929.68,0.00
2025-12-09,17:51:00,25933.75,25936.5,25933.25,25934.5,329,25956.47,25929.68,0.00
2025-12-09,17:52:00,25934.5,25935,25930.25,25930.25,300,25956.43,25929.68,0.00
2025-12-09,17:53:00,25930.25,25931.75,25929,25929,248,25956.40,25929.68,0.00
2025-12-09,17:54:00,25929,25930.25,25928,25928.25,114,25956.38,25929.68,0.00
2025-12-09,17:55:00,25928,25930,25928,25930,93,25956.37,25929.68,0.00
2025-12-09,17:56:00,25929.75,25931,25928,25930,273,25956.33,25929.68,0.00
2025-12-09,17:57:00,25930,25932,25929.25,25931.25,135,25956.32,25929.68,0.00
2025-12-09,17:58:00,25931,25932,25930.5,25931.25,75,25956.31,25929.68,0.00
2025-12-09,17:59:00,25931.5,25933.75,25930.5,25932.5,130,25956.29,25929.68,0.00
2025-12-09,18:00:00,25932.5,25935.5,25929.25,25929.75,419,25956.24,25929.68,0.00
2025-12-09,19:01:00,25934.25,25942.5,25932.5,25938.75,1017,25937.92,25937.92,0.00
2025-12-09,19:02:00,25936.75,25938.75,25931.5,25935.5,643,25936.88,25935.25,0.00
2025-12-09,19:03:00,25936.25,25937.75,25930.25,25936,427,25936.43,25934.67,0.00
2025-12-09,19:04:00,25936,25937.75,25934.75,25937,264,25936.44,25935.37,0.00
2025-12-09,19:05:00,25937,25938.25,25934.75,25937.5,183,25936.47,25935.67,0.00
2025-12-09,19:06:00,25937.5,25938.25,25935,25936,273,25936.46,25935.85,0.00
2025-12-09,19:07:00,25936.25,25938.75,25935.25,25935.75,182,25936.47,25935.95,0.00
2025-12-09,19:08:00,25935.25,25935.75,25933.25,25935,139,25936.39,25935.83,0.00
2025-12-09,19:09:00,25934.75,25935.5,25930.75,25931.75,357,25936.01,25935.21,0.00
2025-12-09,19:10:00,25932,25934,25929.75,25932.25,274,25935.72,25932.00,0.00
2025-12-09,19:11:00,25932.5,25934.75,25930,25930,156,25935.55,25931.85,0.00
2025-12-09,19:12:00,25931,25932.5,25930,25930.75,127,25935.41,25931.67,0.00
2025-12-09,19:13:00,25931,25932.75,25927.25,25932,338,25935.04,25930.67,0.00
2025-12-09,19:14:00,25932,25932.25,25930.25,25930.5,109,25934.95,25930.75,0.00
2025-12-09,19:15:00,25930.75,25931.5,25929.75,25930.75,90,25934.86,25930.73,0.00
2025-12-09,19:16:00,25930.25,25932.25,25927.25,25929,317,25934.51,25930.28,0.00
2025-12-09,19:17:00,25928.75,25929.5,25923,25928,698,25933.56,25926.83,0.00
2025-12-09,19:18:00,25929,25930.5,25926.75,25930,294,25933.33,25927.50,0.00
2025-12-09,19:19:00,25930,25930.75,25926.25,25926.25,166,25933.18,25927.54,0.00
2025-12-09,19:20:00,25926.25,25929.75,25923.5,25928.25,282,25932.91,25927.46,0.00
2025-12-09,19:21:00,25927.5,25929.25,25925.75,25926.5,167,25932.76,25927.43,0.00
2025-12-09,19:22:00,25926.5,25928.5,25925.25,25925.5,166,25932.61,25927.34,0.00
2025-12-09,19:23:00,25925.5,25926.5,25923.5,25926.5,270,25932.33,25927.09,0.00
2025-12-09,19:24:00,25926,25926.75,25924.5,25926,154,25932.19,25927.00,0.00
2025-12-09,19:25:00,25926,25928,25925.25,25926.5,173,25932.05,25926.97,0.00
2025-12-09,19:26:00,25926.75,25930,25926,25929,263,25931.92,25927.11,0.00
2025-12-09,19:27:00,25929.5,25931,25927.75,25929.25,270,25931.83,25927.31,0.00
2025-12-09,19:28:00,25928.75,25931,25928,25931,126,25931.81,25927.43,0.00
2025-12-09,19:29:00,25930.25,25931.25,25928.75,25929.75,144,25931.77,25927.54,0.00
2025-12-09,19:30:00,25929.5,25931.25,25929.5,25929.75,106,25931.75,25927.62,0.00
2025-12-09,19:31:00,25929.25,25930,25927.25,25929.25,146,25931.70,25927.67,0.00
2025-12-09,19:32:00,25930,25930.5,25927.5,25929.25,105,25931.67,25927.72,0.00
2025-12-09,19:33:00,25929.25,25929.25,25927.75,25927.75,50,25931.65,25927.72,0.00
2025-12-09,19:34:00,25928.75,25930,25927.5,25928.75,84,25931.62,25927.75,0.00
2025-12-09,19:35:00,25929,25929.75,25927,25927.75,110,25931.57,25927.76,0.00
2025-12-09,19:36:00,25927.75,25928,25925.75,25926,147,25931.49,25927.72,0.00
2025-12-09,19:37:00,25926,25930.25,25926,25929.5,185,25931.43,25927.75,0.00
2025-12-09,19:38:00,25930,25931,25928.75,25931,96,25931.42,25927.81,0.00
2025-12-09,19:39:00,25930.5,25931.25,25929,25929,68,25931.41,25927.84,0.00
2025-12-09,19:40:00,25929.5,25930.5,25928.5,25930,77,25931.39,25927.88,0.00
2025-12-09,19:41:00,25930.75,25932.25,25930,25932.25,129,25931.39,25927.98,0.00
2025-12-09,19:42:00,25931.75,25934,25931.25,25932,255,25931.42,25928.22,0.00
2025-12-09,19:43:00,25931.75,25932.75,25928.75,25930,142,25931.41,25928.29,0.00
2025-12-09,19:44:00,25929.5,25930.5,25929,25929.25,75,25931.39,25928.30,0.00
2025-12-09,19:45:00,25929.75,25932.5,25928.25,25932.5,115,25931.39,25928.37,0.00
2025-12-09,19:46:00,25932,25933.5,25929.75,25930.75,185,25931.39,25928.47,0.00
2025-12-09,19:47:00,25931,25931.5,25929.25,25931,94,25931.38,25928.51,0.00
2025-12-09,19:48:00,25931,25932.25,25930.25,25931.5,58,25931.38,25928.54,0.00
2025-12-09,19:49:00,25931.5,25932.5,25930.5,25931.25,87,25931.38,25928.59,0.00
2025-12-09,19:50:00,25931.75,25933,25930.5,25932.5,69,25931.39,25928.63,0.00
2025-12-09,19:51:00,25932.75,25934.5,25929,25929.75,214,25931.38,25928.72,0.00
2025-12-09,19:52:00,25930.5,25931,25927.25,25928,135,25931.35,25928.72,0.00
2025-12-09,19:53:00,25928,25928.25,25925.25,25926.25,181,25931.27,25928.66,0.00
2025-12-09,19:54:00,25926.5,25926.75,25920.25,25922.75,457,25930.95,25923.25,0.00
2025-12-09,19:55:00,25923.75,25927,25923.25,25926.75,189,25930.86,25923.96,0.00
2025-12-09,19:56:00,25927,25927.25,25924.5,25925,93,25930.82,25924.16,0.00
2025-12-09,19:57:00,25924.75,25926.25,25923.5,25926.25,158,25930.75,25924.37,0.00
2025-12-09,19:58:00,25926.25,25926.75,25924.25,25925,51,25930.72,25924.42,0.00
2025-12-09,19:59:00,25924.5,25926.5,25923.75,25926.25,77,25930.69,25924.50,0.00
2025-12-09,20:00:00,25926,25926.5,25925.25,25925.25,74,25930.66,25924.58,0.00
2025-12-09,20:01:00,25925.25,25926,25921.75,25922.25,377,25930.44,25924.26,0.00
2025-12-09,20:02:00,25922.5,25925.75,25922.25,25924.5,178,25930.35,25924.25,0.00
2025-12-09,20:03:00,25924.5,25927.75,25924.25,25925.5,147,25930.30,25924.38,0.00
2025-12-09,20:04:00,25926.25,25928.25,25925.25,25926,144,25930.26,25924.54,0.00
2025-12-09,20:05:00,25926.5,25927.75,25926.25,25927.25,79,25930.24,25924.64,0.00
2025-12-09,20:06:00,25928,25928.75,25927,25928.5,155,25930.21,25924.88,0.00
2025-12-09,20:07:00,25929,25935.75,25928.25,25934.75,561,25930.32,25926.53,0.00
2025-12-09,20:08:00,25935,25941.25,25934,25939.25,584,25930.64,25928.57,0.00
2025-12-09,20:09:00,25939.25,25941.5,25937.5,25938.75,330,25930.84,25929.54,0.00
2025-12-09,20:10:00,25938.5,25941.25,25938.25,25940,250,25930.99,25930.20,0.00
2025-12-09,20:11:00,25940,25941,25939.25,25940.25,214,25931.12,25930.71,0.00
2025-12-09,20:12:00,25940.5,25942,25939.25,25940.5,191,25931.24,25931.15,0.00
2025-12-09,20:13:00,25940.5,25946.5,25938.75,25945.75,732,25943.67,25932.97,0.00
2025-12-09,20:14:00,25945.75,25947,25941.75,25942,447,25943.58,25933.83,0.00
2025-12-09,20:15:00,25941.5,25943.25,25937.75,25938.75,472,25941.70,25934.31,0.00
2025-12-09,20:16:00,25938.25,25939.5,25933.25,25936.25,591,25939.60,25934.50,0.00
2025-12-09,20:17:00,25936.5,25936.5,25931.5,25932.75,287,25938.64,25934.46,0.00
2025-12-09,20:18:00,25932.25,25932.75,25924.5,25928.75,649,25935.99,25933.96,0.00
2025-12-09,20:19:00,25928.5,25930.25,25926.75,25928.75,391,25934.97,25933.69,0.00
2025-12-09,20:20:00,25928,25928,25924,25924.25,211,25934.31,25933.47,0.00
2025-12-09,20:21:00,25924.25,25926.5,25922,25925,370,25933.25,25933.08,0.00
2025-12-09,20:22:00,25924,25926.5,25923,25926.5,208,25932.79,25932.90,0.00
2025-12-09,20:23:00,25926.75,25930,25925,25927.75,261,25932.44,25932.74,0.00
2025-12-09,20:24:00,25927,25927.5,25924,25924.25,163,25932.15,25932.61,0.00
2025-12-09,20:25:00,25924.25,25924.25,25914.75,25919,1170,25929.28,25919.33,0.00
2025-12-09,20:26:00,25918.75,25924.25,25918.75,25924.25,300,25928.91,25919.96,0.00
2025-12-09,20:27:00,25924.25,25927.5,25924.25,25926.5,244,25928.79,25920.83,0.00
2025-12-09,20:28:00,25926.25,25926.75,25922.5,25924.25,174,25928.66,25921.17,0.00
2025-12-09,20:29:00,25923.75,25926,25923.75,25924.5,81,25928.61,25921.32,0.00
2025-12-09,20:30:00,25923.5,25925.5,25923,25925.5,95,25928.55,25921.47,0.00
2025-12-09,20:31:00,25925.25,25926.5,25923.75,25924.75,171,25928.45,25921.74,0.00
2025-12-09,20:32:00,25924.5,25930.75,25924,25926.25,428,25928.36,25922.59,0.00
2025-12-09,20:33:00,25926.5,25928.25,25926.5,25927.5,72,25928.35,25922.71,0.00
2025-12-09,20:34:00,25927.5,25928.25,25926.25,25926.25,119,25928.32,25922.89,0.00
2025-12-09,20:35:00,25926,25926.75,25924.25,25926.5,93,25928.29,25922.98,0.00
2025-12-09,20:36:00,25926.25,25929.25,25926.25,25929,337,25928.29,25923.51,0.00
2025-12-09,20:37:00,25928.5,25928.5,25926,25928.25,42,25928.28,25923.57,0.00
2025-12-09,20:38:00,25927.75,25928,25926,25927.25,77,25928.27,25923.65,0.00
2025-12-09,20:39:00,25926.25,25928,25926,25927.75,57,25928.26,25923.71,0.00
2025-12-09,20:40:00,25927.75,25928,25923.25,25923.75,203,25928.18,25923.78,0.00
2025-12-09,20:41:00,25924,25924.25,25921,25922.25,392,25927.90,25923.65,0.00
2025-12-09,20:42:00,25922.25,25925.25,25920,25923.25,204,25927.78,25923.61,0.00
2025-12-09,20:43:00,25922.75,25922.75,25920.5,25921.75,71,25927.73,25923.58,0.00
2025-12-09,20:44:00,25922.25,25924,25921.5,25923.25,87,25927.68,25923.57,0.00
2025-12-09,20:45:00,25922.25,25923.5,25921.25,25923.25,72,25927.63,25923.55,0.00
2025-12-09,20:46:00,25922.5,25923.5,25918.5,25920.25,254,25927.43,25923.40,0.00
2025-12-09,20:47:00,25920,25920,25910.5,25911,1190,25925.81,25913.83,0.00
2025-12-09,20:48:00,25911.25,25914.75,25911,25914,278,25925.47,25913.72,0.00
2025-12-09,20:49:00,25914,25916.5,25913.25,25913.75,232,25925.23,25913.83,0.00
2025-12-09,20:50:00,25913.75,25914.25,25912,25913.25,154,25925.06,25913.77,0.00
2025-12-09,20:51:00,25913,25913.75,25908.75,25910.5,494,25924.43,25911.00,0.00
2025-12-09,20:52:00,25911.25,25915.5,25911,25914,294,25924.15,25911.93,0.00
2025-12-09,20:53:00,25914,25915.25,25912.75,25914.5,107,25924.06,25912.20,0.00
2025-12-09,20:54:00,25914.5,25914.5,25909.5,25910.5,281,25923.76,25912.03,0.00
2025-12-09,20:55:00,25910.5,25911.75,25909.25,25909.5,141,25923.60,25911.83,0.00
2025-12-09,20:56:00,25910,25910,25906,25908.5,649,25922.81,25908.17,0.00
2025-12-09,20:57:00,25908.5,25911,25907.75,25909.5,249,25922.55,25908.51,0.00
2025-12-09,20:58:00,25909.25,25911,25908.5,25910.5,107,25922.44,25908.67,0.00
2025-12-09,20:59:00,25910.5,25912,25909.75,25910.5,168,25922.29,25908.97,0.00
2025-12-09,21:00:00,25910.25,25910.5,25903.5,25904.25,349,25921.87,25906.08,0.00
2025-12-09,21:01:00,25903.75,25912.25,25903.5,25909,434,25921.45,25907.28,0.00
2025-12-09,21:02:00,25909,25911,25906,25910.5,323,25921.17,25907.83,0.00
2025-12-09,21:03:00,25910.75,25915.75,25909,25915.75,491,25920.92,25909.58,0.00
2025-12-09,21:04:00,25915.5,25917.25,25913.5,25915.75,410,25920.77,25910.79,0.00
2025-12-09,21:05:00,25916,25916,25912.75,25915,197,25920.69,25911.13,0.00
2025-12-09,21:06:00,25914.75,25916.5,25913,25914.75,259,25920.59,25911.51,0.00
2025-12-09,21:07:00,25914.75,25915.5,25912.75,25912.75,156,25920.52,25911.64,0.00
2025-12-09,21:08:00,25912.5,25912.75,25905.5,25906.25,629,25920.05,25910.96,0.00
2025-12-09,21:09:00,25906.5,25906.75,25895.5,25900.5,1358,25918.58,25900.92,0.00
2025-12-09,21:10:00,25899.75,25901.5,25894,25895,502,25917.99,25896.83,0.00
2025-12-09,21:11:00,25895,25898,25893.25,25896.25,572,25917.31,25895.83,0.00
2025-12-09,21:12:00,25896.5,25903.25,25896.5,25900.75,489,25916.88,25897.83,0.00
2025-12-09,21:13:00,25901,25904,25898.5,25902,378,25916.58,25898.79,0.00
2025-12-09,21:14:00,25901.75,25902,25896.5,25898.75,281,25916.34,25898.84,0.00
2025-12-09,21:15:00,25899.5,25903.25,25899.5,25903.25,229,25916.17,25899.21,0.00
2025-12-09,21:16:00,25903.5,25905,25900.5,25900.75,258,25916.00,25899.55,0.00
2025-12-09,21:17:00,25900.5,25902.5,25898.5,25902.5,264,25915.81,25899.72,0.00
2025-12-09,21:18:00,25902.75,25906,25901.5,25905.25,394,25915.59,25900.34,0.00
2025-12-09,21:19:00,25905.25,25907.75,25901.25,25903.75,355,25915.40,25900.77,0.00
2025-12-09,21:20:00,25903.75,25905.5,25900,25900.25,235,25915.26,25900.85,0.00
2025-12-09,21:21:00,25900.25,25903.5,25898.75,25902.5,253,25915.10,25900.90,0.00
2025-12-09,21:22:00,25902.5,25904.25,25901,25902,202,25914.98,25900.98,0.00
2025-12-09,21:23:00,25902,25904.75,25899.75,25900,229,25914.85,25901.01,0.00
2025-12-09,21:24:00,25899.5,25904,25899.5,25899.5,151,25914.75,25901.01,0.00
2025-12-09,21:25:00,25899.25,25901.25,25899,25899.75,140,25914.66,25900.98,0.00
2025-12-09,21:26:00,25899.25,25901.75,25896.75,25901.75,388,25914.42,25900.91,0.00
2025-12-09,21:27:00,25901.5,25903.5,25900.5,25901.75,224,25914.30,25900.95,0.00
2025-12-09,21:28:00,25901.75,25905.25,25900.75,25904.5,214,25914.20,25901.05,0.00
2025-12-09,21:29:00,25905,25906.75,25902.25,25905.75,182,25914.13,25901.18,0.00
2025-12-09,21:30:00,25905,25908.25,25903.75,25906.75,248,25914.05,25901.40,0.00
2025-12-09,21:31:00,25907,25910,25903.25,25904.75,461,25913.89,25901.75,0.00
2025-12-09,21:32:00,25904.5,25904.5,25901,25902.25,238,25913.78,25901.78,0.00
2025-12-09,21:33:00,25902.25,25903,25899.25,25901.75,205,25913.68,25901.77,0.00
2025-12-09,21:34:00,25902,25902.5,25898.25,25900.75,119,25913.62,25901.74,0.00
2025-12-09,21:35:00,25900,25901.25,25898,25900.75,154,25913.54,25901.70,0.00
2025-12-09,21:36:00,25899.5,25905.25,25899.5,25904.75,190,25913.46,25901.74,0.00
2025-12-09,21:37:00,25904.75,25910.25,25904.75,25907.25,461,25913.35,25902.09,0.00
2025-12-09,21:38:00,25907.5,25907.5,25905,25905.75,195,25913.29,25902.19,0.00
2025-12-09,21:39:00,25905.75,25906.25,25903.25,25904.5,115,25913.26,25902.23,0.00
2025-12-09,21:40:00,25904.75,25908.75,25904,25907.75,163,25913.22,25902.32,0.00
2025-12-09,21:41:00,25907.25,25908.5,25905.5,25908.5,108,25913.19,25902.39,0.00
2025-12-09,21:42:00,25908,25909,25906.25,25906.75,69,25913.18,25902.43,0.00
2025-12-09,21:43:00,25905.75,25907,25904,25905.5,208,25913.12,25902.51,0.00
2025-12-09,21:44:00,25905.25,25907.75,25903.75,25907.5,202,25913.07,25902.60,0.00
2025-12-09,21:45:00,25906.5,25911,25905.75,25909.25,238,25913.03,25902.76,0.00
2025-12-09,21:46:00,25909.25,25912.25,25908.5,25910.5,248,25913.00,25902.97,0.00
2025-12-09,21:47:00,25910.75,25911.25,25908.25,25909.75,167,25912.98,25903.10,0.00
2025-12-09,21:48:00,25909.25,25913.75,25908.25,25911,401,25912.96,25903.43,0.00
2025-12-09,21:49:00,25911.25,25911.25,25907,25909,161,25912.93,25903.52,0.00
2025-12-09,21:50:00,25909,25910.75,25908.25,25909,67,25912.93,25903.56,0.00
2025-12-09,21:51:00,25908,25909.5,25907.25,25908.25,104,25912.91,25903.61,0.00
2025-12-09,21:52:00,25908.25,25908.75,25905.5,25907.75,167,25912.88,25903.67,0.00
2025-12-09,21:53:00,25908.25,25908.75,25906.5,25907.75,96,25912.86,25903.71,0.00
2025-12-09,21:54:00,25908,25910,25906.75,25908.5,104,25912.84,25903.75,0.00
2025-12-09,21:55:00,25909,25909,25907,25907.5,86,25912.83,25903.79,0.00
2025-12-09,21:56:00,25907.75,25907.75,25905,25906.25,150,25912.79,25903.82,0.00
2025-12-09,21:57:00,25906,25910,25906,25908.25,98,25912.78,25903.86,0.00
2025-12-09,21:58:00,25908.5,25909.75,25907.5,25909.75,67,25912.77,25903.90,0.00
2025-12-09,21:59:00,25909.25,25911,25908.75,25909.5,119,25912.76,25903.96,0.00
2025-12-09,22:00:00,25909.75,25910.75,25908.75,25909,77,25912.75,25904.00,0.00
2025-12-09,22:01:00,25909.5,25916,25908.5,25912.25,528,25912.74,25904.38,0.00
2025-12-09,22:02:00,25912.5,25913.5,25910.25,25911.5,137,25912.73,25904.47,0.00
2025-12-09,22:03:00,25911.5,25913.5,25910.5,25912.75,166,25912.73,25904.58,0.00
2025-12-09,22:04:00,25912.25,25912.5,25909.75,25910.5,105,25912.72,25904.63,0.00
2025-12-09,22:05:00,25910.5,25911,25907.5,25908.75,123,25912.71,25904.68,0.00
2025-12-09,22:06:00,25909,25912,25909,25910.75,175,25912.70,25904.76,0.00
2025-12-09,22:07:00,25910.75,25912.25,25910.25,25911.5,51,25912.70,25904.79,0.00
2025-12-09,22:08:00,25911.75,25916,25911.5,25912.5,389,25912.70,25905.05,0.00
2025-12-09,22:09:00,25912.5,25913.25,25910.5,25911.5,74,25912.70,25905.09,0.00
2025-12-09,22:10:00,25912.25,25913.5,25911,25913.5,123,25912.70,25905.17,0.00
2025-12-09,22:11:00,25913.25,25915.25,25912.5,25913,148,25912.71,25905.26,0.00
2025-12-09,22:12:00,25913.25,25916.25,25913,25914,212,25912.72,25905.41,0.00
2025-12-09,22:13:00,25913.75,25915,25912.75,25913.25,99,25912.72,25905.47,0.00
2025-12-09,22:14:00,25913.75,25914.75,25912.5,25914.75,123,25912.72,25905.55,0.00
2025-12-09,22:15:00,25914.75,25915,25913.75,25914,69,25912.73,25905.59,0.00
2025-12-09,22:16:00,25914.25,25914.75,25912.75,25914.5,98,25912.73,25905.66,0.00
2025-12-09,22:17:00,25914,25914.75,25911,25911.75,147,25912.73,25905.73,0.00
2025-12-09,22:18:00,25911.75,25913.5,25911.25,25913.5,85,25912.73,25905.77,0.00
2025-12-09,22:19:00,25913.5,25919.75,25913.5,25919,575,25912.81,25906.24,0.00
2025-12-09,22:20:00,25919.5,25922.5,25917.75,25922.25,374,25912.90,25906.61,0.00
2025-12-09,22:21:00,25922,25926.5,25921.75,25924.75,445,25913.06,25907.13,0.00
2025-12-09,22:22:00,25925,25926.5,25923.75,25925,295,25913.16,25907.47,0.00
2025-12-09,22:23:00,25925,25925.75,25923.25,25924,168,25913.22,25907.65,0.00
2025-12-09,22:24:00,25924,25925.25,25923.25,25924,145,25913.26,25907.80,0.00
2025-12-09,22:25:00,25923.5,25925.25,25922.5,25923,114,25913.30,25907.92,0.00
2025-12-09,22:26:00,25922.75,25924.5,25922.75,25923.5,130,25913.34,25908.05,0.00
2025-12-09,22:27:00,25923.5,25924,25920,25921.75,199,25913.39,25908.22,0.00
2025-12-09,22:28:00,25922,25924,25921,25923.5,152,25913.43,25908.35,0.00
2025-12-09,22:29:00,25923.5,25926.75,25923.5,25924.75,284,25913.52,25908.63,0.00
2025-12-09,22:30:00,25924.5,25925,25921.5,25921.75,127,25913.56,25908.74,0.00
2025-12-09,22:31:00,25921.5,25925,25921,25924.5,210,25913.62,25908.92,0.00
2025-12-09,22:32:00,25924.75,25926.5,25924,25926.25,179,25913.68,25909.10,0.00
2025-12-09,22:33:00,25926,25926.5,25922,25923.25,163,25913.72,25909.24,0.00
2025-12-09,22:34:00,25923.25,25926,25922.25,25925,124,25913.76,25909.34,0.00
2025-12-09,22:35:00,25924.25,25926.5,25924.25,25926.25,106,25913.80,25909.44,0.00
2025-12-09,22:36:00,25926.25,25932.25,25926,25929.75,468,25914.00,25909.96,0.00
2025-12-09,22:37:00,25929.5,25930.25,25927.75,25928,145,25914.05,25910.11,0.00
2025-12-09,22:38:00,25928.5,25929,25926.25,25927,98,25914.09,25910.20,0.00
2025-12-09,22:39:00,25927,25927,25924.75,25926,123,25914.13,25910.31,0.00
2025-12-09,22:40:00,25926,25928,25925.75,25926.75,84,25914.16,25910.38,0.00
2025-12-09,22:41:00,25927.25,25928.75,25923.25,25926,253,25914.24,25910.59,0.00
2025-12-09,22:42:00,25925.75,25928,25925.5,25927,108,25914.28,25910.69,0.00
2025-12-09,22:43:00,25928.25,25929,25925.75,25926,150,25914.33,25910.81,0.00
2025-12-09,22:44:00,25927,25928,25926,25926.5,116,25914.37,25910.91,0.00
2025-12-09,22:45:00,25926.5,25926.5,25924,25924.5,162,25914.41,25911.03,0.00
2025-12-09,22:46:00,25924.5,25926,25922.25,25924,220,25914.47,25911.18,0.00
2025-12-09,22:47:00,25924.25,25926.5,25923.25,25925.75,124,25914.50,25911.27,0.00
2025-12-09,22:48:00,25925.75,25928.5,25925.25,25927.25,114,25914.54,25911.36,0.00
2025-12-09,22:49:00,25927.25,25927.75,25925.75,25926.5,100,25914.57,25911.43,0.00
2025-12-09,22:50:00,25927.25,25927.5,25925.5,25925.5,133,25914.61,25911.53,0.00
2025-12-09,22:51:00,25925.5,25927.25,25925,25926,94,25914.64,25911.60,0.00
2025-12-09,22:52:00,25925.75,25931.75,25925.75,25929.75,271,25914.74,25911.83,0.00
2025-12-09,22:53:00,25930.25,25930.75,25928,25929.25,177,25914.81,25911.98,0.00
2025-12-09,22:54:00,25929.25,25929.5,25927.5,25928.5,88,25914.84,25912.05,0.00
2025-12-09,22:55:00,25929,25929.25,25925.75,25926.5,118,25914.88,25912.14,0.00
2025-12-09,22:56:00,25926,25926.5,25924.75,25924.75,206,25914.93,25912.27,0.00
2025-12-09,22:57:00,25925.25,25928.25,25923.5,25928,167,25914.98,25912.38,0.00
2025-12-09,22:58:00,25928.25,25928.5,25925.5,25926.75,115,25915.02,25912.46,0.00
2025-12-09,22:59:00,25926.75,25927.5,25925.75,25926.75,54,25915.03,25912.50,0.00
2025-12-09,23:00:00,25927,25927.5,25926.5,25926.75,83,25915.06,25912.55,0.00
2025-12-09,23:01:00,25926.75,25934.5,25926.75,25932.5,517,25915.27,25913.00,0.00
2025-12-09,23:02:00,25932.5,25935.25,25930.75,25931.5,262,25915.38,25913.23,0.00
2025-12-09,23:03:00,25931.5,25933.75,25929.5,25932.75,234,25915.47,25913.42,0.00
2025-12-09,23:04:00,25932,25935.5,25931.5,25933,254,25915.59,25913.65,0.00
2025-12-09,23:05:00,25933,25933.75,25930.5,25933.75,117,25915.63,25913.75,0.00
2025-12-09,23:06:00,25934.5,25935.25,25933.25,25934.75,186,25915.72,25913.91,0.00
2025-12-09,23:07:00,25934,25934,25929.75,25932.75,163,25915.78,25914.04,0.00
2025-12-09,23:08:00,25933,25934.25,25932.5,25933.25,81,25915.82,25914.11,0.00
2025-12-09,23:09:00,25933.5,25935.75,25933,25935,146,25915.88,25914.24,0.00
2025-12-09,23:10:00,25935.5,25938.25,25935.25,25936.75,296,25916.03,25914.52,0.00
2025-12-09,23:11:00,25937,25938,25933,25935.75,394,25916.21,25914.87,0.00
2025-12-09,23:12:00,25936,25936.5,25933.25,25933.25,168,25916.29,25915.00,0.00
2025-12-09,23:13:00,25933.25,25935,25931.5,25931.5,132,25916.34,25915.10,0.00
2025-12-09,23:14:00,25931.75,25933.5,25931.25,25932.75,131,25916.39,25915.19,0.00
2025-12-09,23:15:00,25932.75,25932.75,25929.75,25930.75,102,25916.42,25915.26,0.00
2025-12-09,23:16:00,25930,25931,25924.5,25927.25,436,25916.53,25915.47,0.00
2025-12-09,23:17:00,25927.25,25927.75,25925.5,25926.25,158,25916.57,25915.54,0.00
2025-12-09,23:18:00,25926.5,25927.75,25924.5,25925.75,106,25916.59,25915.59,0.00
2025-12-09,23:19:00,25925.25,25925.25,25921.5,25922.5,335,25916.64,25915.69,0.00
2025-12-09,23:20:00,25922.25,25923.75,25920.5,25920.5,218,25916.67,25915.73,0.00
2025-12-09,23:21:00,25920.25,25924.75,25919.5,25923.25,353,25916.71,25915.83,0.00
2025-12-09,23:22:00,25923.25,25925.75,25923.25,25925,174,25916.75,25915.88,0.00
2025-12-09,23:23:00,25924.25,25925.75,25921.75,25922.25,200,25916.77,25915.94,0.00
2025-12-09,23:24:00,25922,25924.25,25922,25923,135,25916.79,25915.98,0.00
2025-12-09,23:25:00,25924,25924.75,25922.75,25922.75,104,25916.81,25916.01,0.00
2025-12-09,23:26:00,25922.75,25923.75,25920.25,25920.5,198,25916.83,25916.05,0.00
2025-12-09,23:27:00,25920.5,25921.75,25918.5,25920.75,305,25916.85,25916.09,0.00
2025-12-09,23:28:00,25920.5,25921.75,25919.5,25919.5,103,25916.86,25916.11,0.00
2025-12-09,23:29:00,25920.5,25921.75,25919.25,25921.25,159,25916.87,25916.14,0.00
2025-12-09,23:30:00,25921,25922.5,25920.5,25921,83,25916.88,25916.15,0.00
2025-12-09,23:31:00,25920.75,25921.5,25918.75,25919.25,252,25916.90,25916.19,0.00
2025-12-09,23:32:00,25919.25,25923.25,25919.25,25922.5,185,25916.92,25916.22,0.00
2025-12-09,23:33:00,25922.75,25923.25,25919.5,25920,100,25916.93,25916.24,0.00
2025-12-09,23:34:00,25920,25920.5,25916.5,25918.25,249,25916.93,25916.26,0.00
2025-12-09,23:35:00,25918.75,25920.5,25918,25920.25,138,25916.94,25916.27,0.00
2025-12-09,23:36:00,25920,25922,25919.5,25922,89,25916.95,25916.29,0.00
2025-12-09,23:37:00,25922,25928.25,25921.25,25924.5,515,25917.03,25916.44,0.00
2025-12-09,23:38:00,25925.25,25926,25924.5,25925.5,124,25917.06,25916.47,0.00
2025-12-09,23:39:00,25925,25925.75,25923.75,25924.5,94,25917.07,25916.50,0.00
2025-12-09,23:40:00,25924.5,25925.75,25923.75,25925.75,108,25917.09,25916.53,0.00
2025-12-09,23:41:00,25924.75,25925.75,25922.75,25925.25,152,25917.11,25916.57,0.00
2025-12-09,23:42:00,25926,25926.5,25923.75,25925.25,149,25917.14,25916.62,0.00
2025-12-09,23:43:00,25925.5,25926.5,25924.25,25925.25,132,25917.16,25916.66,0.00
2025-12-09,23:44:00,25925.25,25926.25,25924.25,25924.5,54,25917.17,25916.67,0.00
2025-12-09,23:45:00,25924.25,25925.5,25921.5,25922,145,25917.19,25916.70,0.00
2025-12-09,23:46:00,25922.25,25923.75,25919.25,25920.75,225,25917.20,25916.73,0.00
2025-12-09,23:47:00,25920.5,25921.25,25919,25921,180,25917.22,25916.76,0.00
2025-12-09,23:48:00,25921.25,25925.25,25921.25,25924,233,25917.25,25916.81,0.00
2025-12-09,23:49:00,25924,25924.5,25921.75,25922.75,80,25917.26,25916.82,0.00
2025-12-09,23:50:00,25922.75,25924.25,25921.25,25921.25,73,25917.26,25916.84,0.00
2025-12-09,23:51:00,25921.5,25921.5,25919.5,25920.5,116,25917.27,25916.85,0.00
2025-12-09,23:52:00,25920.25,25921.75,25918.75,25919.25,161,25917.28,25916.87,0.00
2025-12-09,23:53:00,25919.25,25920.5,25917.5,25919,158,25917.28,25916.88,0.00
2025-12-09,23:54:00,25919.5,25920.5,25918.75,25919.75,75,25917.29,25916.88,0.00
2025-12-09,23:55:00,25919.75,25921.75,25919.5,25920,85,25917.29,25916.89,0.00
2025-12-09,23:56:00,25919.75,25923,25919.75,25922.75,118,25917.30,25916.91,0.00
2025-12-09,23:57:00,25923,25926.25,25921.75,25926.25,177,25917.33,25916.96,0.00
2025-12-09,23:58:00,25926.5,25927.5,25925.25,25927,542,25917.43,25917.12,0.00
2025-12-09,23:59:00,25927,25927.75,25925.25,25927,119,25917.45,25917.15,0.00
2025-12-09,00:00:00,25951.5,25953.25,25951.5,25951.5,120,25949.74,25948.01,0.00
2025-12-09,00:01:00,25952,25952.75,25948.5,25951.5,211,25949.75,25948.04,0.00
2025-12-09,00:02:00,25951.5,25952.5,25948,25949,134,25949.75,25948.05,0.00
2025-12-09,00:03:00,25949.25,25953.25,25949.25,25952.25,89,25949.75,25948.06,0.00
2025-12-09,00:04:00,25952.25,25952.75,25945,25945,388,25949.73,25948.06,0.00
2025-12-09,00:05:00,25947,25949.5,25945.25,25947.25,189,25949.72,25948.05,0.00
2025-12-09,00:06:00,25947,25948.25,25946.5,25947,72,25949.72,25948.05,0.00
2025-12-09,00:07:00,25947,25948.75,25945.5,25946,68,25949.71,25948.04,0.00
2025-12-09,00:08:00,25946.25,25953.75,25946,25950,291,25949.72,25948.07,0.00
2025-12-09,00:09:00,25950,25950.25,25947.5,25947.75,105,25949.71,25948.07,0.00
2025-12-09,00:10:00,25947.5,25949.75,25947.5,25948.75,68,25949.71,25948.07,0.00
2025-12-09,00:11:00,25949.25,25949.75,25947.25,25947.25,74,25949.71,25948.07,0.00
2025-12-09,00:12:00,25947.25,25950.5,25947.25,25949,100,25949.71,25948.07,0.00
2025-12-09,00:13:00,25949.25,25951,25948.5,25948.5,103,25949.71,25948.08,0.00
2025-12-09,00:14:00,25948.25,25949,25946.75,25946.75,57,25949.70,25948.08,0.00
2025-12-09,00:15:00,25946.25,25946.75,25945,25945,90,25949.69,25948.07,0.00
2025-12-09,00:16:00,25945.75,25946,25942.75,25944.5,292,25949.66,25948.03,0.00
2025-12-09,00:17:00,25944,25948.25,25943.25,25947,245,25949.64,25948.01,0.00
2025-12-09,00:18:00,25947.25,25948.25,25946.5,25947.25,90,25949.64,25948.01,0.00
2025-12-09,00:19:00,25947.25,25948.25,25946.25,25946.5,59,25949.63,25948.00,0.00
2025-12-09,00:20:00,25946.5,25950,25946.5,25948.75,87,25949.63,25948.01,0.00
2025-12-09,00:21:00,25949.25,25950.25,25947,25947.75,97,25949.63,25948.01,0.00
2025-12-09,00:22:00,25947.75,25948.25,25946.75,25948.25,80,25949.63,25948.01,0.00
2025-12-09,00:23:00,25948.25,25949.5,25947.75,25948,54,25949.62,25948.01,0.00
2025-12-09,00:24:00,25948.25,25950,25942.25,25943.5,275,25949.60,25947.98,0.00
2025-12-09,00:25:00,25943.75,25944.5,25942.25,25943.25,152,25949.58,25947.95,0.00
2025-12-09,00:26:00,25943,25944,25942.25,25943.25,72,25949.57,25947.94,0.00
2025-12-09,00:27:00,25943,25946.25,25942.5,25944.75,147,25949.55,25947.92,0.00
2025-12-09,00:28:00,25944.75,25945.5,25943.75,25944.25,79,25949.54,25947.91,0.00
2025-12-09,00:29:00,25944,25947,25943.5,25946,154,25949.53,25947.90,0.00
2025-12-09,00:30:00,25946,25946.75,25944,25946,86,25949.52,25947.89,0.00
2025-12-09,00:31:00,25945.25,25946,25940.5,25941.5,171,25949.50,25947.86,0.00
2025-12-09,00:32:00,25941.75,25943.75,25940.5,25942.5,115,25949.48,25947.83,0.00
2025-12-09,00:33:00,25942.75,25944.25,25941,25941.5,121,25949.46,25947.81,0.00
2025-12-09,00:34:00,25941.25,25942.75,25940.75,25941.25,122,25949.44,25947.78,0.00
2025-12-09,00:35:00,25941,25942.5,25939.25,25939.75,153,25949.41,25947.74,0.00
2025-12-09,00:36:00,25940.25,25942,25937.5,25937.75,215,25949.36,25947.67,0.00
2025-12-09,00:37:00,25937.5,25941.25,25936.25,25939.25,188,25949.32,25947.62,0.00
2025-12-09,00:38:00,25940,25941.75,25939.5,25941.25,74,25949.31,25947.60,0.00
2025-12-09,00:39:00,25941.75,25942.75,25940.75,25942.75,39,25949.30,25947.59,0.00
2025-12-09,00:40:00,25942.75,25944.5,25941,25942.75,152,25949.28,25947.56,0.00
2025-12-09,00:41:00,25942.75,25945.5,25942.25,25944.75,85,25949.28,25947.55,0.00
2025-12-09,00:42:00,25944.25,25947.75,25944.25,25946.5,129,25949.27,25947.55,0.00
2025-12-09,00:43:00,25947,25948.25,25945,25945.75,146,25949.26,25947.54,0.00
2025-12-09,00:44:00,25945.5,25946,25941.75,25943.25,115,25949.24,25947.53,0.00
2025-12-09,00:45:00,25943.25,25944.5,25942.5,25944.25,70,25949.24,25947.52,0.00
2025-12-09,00:46:00,25944.25,25946,25943.5,25944.5,89,25949.23,25947.51,0.00
2025-12-09,00:47:00,25944.5,25944.5,25941.75,25942.5,70,25949.22,25947.50,0.00
2025-12-09,00:48:00,25942.25,25943.25,25942.25,25942.25,98,25949.21,25947.48,0.00
2025-12-09,00:49:00,25942.5,25943.75,25942.25,25942.75,68,25949.20,25947.47,0.00
2025-12-09,00:50:00,25943,25944,25941,25941.5,93,25949.18,25947.45,0.00
2025-12-09,00:51:00,25941.5,25942.5,25940.5,25942.5,71,25949.17,25947.44,0.00
2025-12-09,00:52:00,25942.25,25943,25939.75,25940,86,25949.16,25947.42,0.00
2025-12-09,00:53:00,25939.75,25941.25,25939.75,25940.75,137,25949.14,25947.39,0.00
2025-12-09,00:54:00,25941,25941.75,25939.5,25941.5,101,25949.12,25947.37,0.00
2025-12-09,00:55:00,25941.5,25942,25940.75,25941,80,25949.11,25947.35,0.00
2025-12-09,00:56:00,25941.25,25942.5,25940.75,25941.25,93,25949.09,25947.33,0.00
2025-12-09,00:57:00,25941.5,25943.25,25940.75,25942.5,71,25949.08,25947.32,0.00
2025-12-09,00:58:00,25943,25943,25941,25941,87,25949.07,25947.31,0.00
2025-12-09,00:59:00,25940.75,25941.75,25939.75,25939.75,76,25949.06,25947.29,0.00
2025-12-09,01:00:00,25939.75,25941,25939.75,25940.5,51,25949.05,25947.28,0.00
2025-12-09,01:01:00,25941.25,25941.5,25936.75,25937.25,275,25948.99,25947.20,0.00
2025-12-09,01:02:00,25937.5,25940.25,25936.5,25939.5,122,25948.96,25947.16,0.00
2025-12-09,01:03:00,25939.25,25942.75,25939,25942.5,120,25948.95,25947.14,0.00
2025-12-09,01:04:00,25942.75,25942.75,25938.75,25939,115,25948.93,25947.12,0.00
2025-12-09,01:05:00,25939,25939.5,25933,25935,437,25948.81,25946.96,0.00
2025-12-09,01:06:00,25935,25935.5,25926.25,25929.5,774,25948.54,25930.42,0.00
2025-12-09,01:07:00,25930,25934.25,25929.25,25933.5,271,25948.45,25930.91,0.00
2025-12-09,01:08:00,25933.25,25934.25,25931,25932.5,169,25948.40,25931.15,0.00
2025-12-09,01:09:00,25933.25,25934.75,25930,25930.5,125,25948.36,25931.20,0.00
2025-12-09,01:10:00,25930,25931.5,25926.25,25930.25,330,25948.24,25930.83,0.00
2025-12-09,01:11:00,25930.25,25931.5,25925.5,25926,128,25948.19,25927.67,0.00
2025-12-09,01:12:00,25926,25928.5,25923.75,25928.5,444,25948.02,25926.92,0.00
2025-12-09,01:13:00,25928.25,25930.75,25928,25930.75,146,25947.97,25927.64,0.00
2025-12-09,01:14:00,25930.5,25932.5,25930,25930.75,126,25947.93,25928.24,0.00
2025-12-09,01:15:00,25930.75,25930.75,25928,25928.5,90,25947.90,25928.34,0.00
2025-12-09,01:16:00,25928.5,25928.75,25926.5,25928,129,25947.85,25928.26,0.00
2025-12-09,01:17:00,25928.25,25928.75,25925.75,25926.5,134,25947.80,25928.10,0.00
2025-12-09,01:18:00,25926.25,25928.5,25926.25,25927.75,107,25947.76,25928.04,0.00
2025-12-09,01:19:00,25928,25930.25,25928,25930,178,25947.70,25928.23,0.00
2025-12-09,01:20:00,25930.25,25931.75,25927.75,25928,177,25947.64,25928.33,0.00
2025-12-09,01:21:00,25928,25928.5,25922,25922.5,336,25947.49,25924.33,0.00
2025-12-09,01:22:00,25922.5,25925.75,25920.75,25925.75,303,25947.36,25924.08,0.00
2025-12-09,01:23:00,25926,25926.5,25923.5,25923.75,223,25947.27,25924.30,0.00
2025-12-09,01:24:00,25924,25926.25,25921.25,25921.25,299,25947.14,25923.80,0.00
2025-12-09,01:25:00,25921.5,25923.75,25920,25921.5,349,25946.98,25921.75,0.00
2025-12-09,01:26:00,25921.5,25924.5,25920.5,25922,259,25946.87,25922.00,0.00
2025-12-09,01:27:00,25921.75,25923.25,25918.25,25919.75,336,25946.71,25920.42,0.00
2025-12-09,01:28:00,25920,25923.25,25919,25919.75,310,25946.57,25920.54,0.00
2025-12-09,01:29:00,25920,25922.75,25920,25921.75,152,25946.50,25920.72,0.00
2025-12-09,01:30:00,25921.25,25921.75,25919.25,25921.5,121,25946.45,25920.74,0.00
2025-12-09,01:31:00,25921,25924.5,25917.5,25923,381,25946.28,25921.67,0.00
2025-12-09,01:32:00,25923,25923.75,25920,25920.75,144,25946.22,25921.62,0.00
2025-12-09,01:33:00,25921.25,25922.5,25920.5,25922.5,111,25946.17,25921.66,0.00
2025-12-09,01:34:00,25922.5,25923.75,25920.5,25922.75,155,25946.11,25921.79,0.00
2025-12-09,01:35:00,25922.5,25923,25920.5,25922.25,105,25946.07,25921.81,0.00
2025-12-09,01:36:00,25922.25,25926.5,25922.25,25925.75,260,25945.97,25922.49,0.00
2025-12-09,01:37:00,25926.25,25930.25,25926,25929.25,510,25945.82,25924.33,0.00
2025-12-09,01:38:00,25929.5,25930.5,25928.75,25929.25,188,25945.77,25924.85,0.00
2025-12-09,01:39:00,25929.5,25929.5,25927.75,25928.5,114,25945.73,25925.07,0.00
2025-12-09,01:40:00,25928.5,25931,25928.25,25931,206,25945.68,25925.54,0.00
2025-12-09,01:41:00,25930,25930,25928.5,25929,150,25945.64,25925.78,0.00
2025-12-09,01:42:00,25929.25,25929.75,25924.5,25925.25,230,25945.56,25925.84,0.00
2025-12-09,01:43:00,25925,25928.25,25924.75,25928,136,25945.52,25925.90,0.00
2025-12-09,01:44:00,25928.25,25930.5,25927.75,25928.75,219,25945.46,25926.13,0.00
2025-12-09,01:45:00,25929.5,25929.75,25926.5,25926.5,134,25945.42,25926.20,0.00
2025-12-09,01:46:00,25926.75,25929.25,25926.5,25928.75,109,25945.39,25926.27,0.00
2025-12-09,01:47:00,25928.75,25932.5,25928,25931.5,250,25945.33,25926.59,0.00
2025-12-09,01:48:00,25931.25,25932.5,25926.5,25927.25,211,25945.27,25926.72,0.00
2025-12-09,01:49:00,25927.5,25928.75,25925.75,25925.75,144,25945.23,25926.72,0.00
2025-12-09,01:50:00,25925.75,25925.75,25922.75,25923.5,252,25945.14,25926.55,0.00
2025-12-09,01:51:00,25923.5,25926,25921.5,25923,164,25945.08,25926.43,0.00
2025-12-09,01:52:00,25922.75,25923.75,25921.25,25921.75,170,25945.02,25926.26,0.00
2025-12-09,01:53:00,25921.75,25924,25919,25919.75,207,25944.94,25926.02,0.00
2025-12-09,01:54:00,25919.75,25919.75,25916.5,25919,382,25944.77,25918.42,0.00
2025-12-09,01:55:00,25918.75,25919.75,25917.5,25918,174,25944.70,25918.42,0.00
2025-12-09,01:56:00,25917.75,25921.25,25917.25,25920.75,158,25944.64,25918.71,0.00
2025-12-09,01:57:00,25919.5,25921,25919,25919.5,143,25944.58,25918.90,0.00
2025-12-09,01:58:00,25920,25920.25,25917,25917.5,107,25944.53,25918.83,0.00
2025-12-09,01:59:00,25918,25919.5,25916.75,25917.5,99,25944.49,25918.74,0.00
2025-12-09,02:00:00,25917.5,25918.25,25915.75,25916.5,241,25944.39,25916.83,0.00
2025-12-09,02:01:00,25917.25,25918,25912.25,25912.5,497,25944.15,25914.25,0.00
2025-12-09,02:02:00,25912.75,25914,25904.75,25909.75,795,25943.72,25909.50,0.00
2025-12-09,02:03:00,25909.5,25911.75,25907.25,25909.25,274,25943.58,25909.48,0.00
2025-12-09,02:04:00,25908.75,25912.75,25908.25,25908.75,216,25943.46,25909.55,0.00
2025-12-09,02:05:00,25908.75,25911,25907.5,25909,200,25943.36,25909.50,0.00
2025-12-09,02:06:00,25909.25,25914.5,25908.5,25914,228,25943.25,25909.88,0.00
2025-12-09,02:07:00,25914,25916.75,25914,25914.5,176,25943.17,25910.36,0.00
2025-12-09,02:08:00,25914,25914.25,25910,25910.25,242,25943.06,25910.49,0.00
2025-12-09,02:09:00,25910,25911,25908.25,25911,111,25943.00,25910.47,0.00
2025-12-09,02:10:00,25911,25912.25,25909.25,25909.5,113,25942.94,25910.46,0.00
2025-12-09,02:11:00,25909.25,25910,25907.25,25908.75,175,25942.85,25910.34,0.00
2025-12-09,02:12:00,25908.25,25909,25903.5,25906.5,353,25942.66,25906.33,0.00
2025-12-09,02:13:00,25906.25,25906.25,25900.75,25903.5,505,25942.36,25903.50,0.00
2025-12-09,02:14:00,25903,25908.5,25901,25907.5,328,25942.18,25904.35,0.00
2025-12-09,02:15:00,25907.75,25910.25,25907.5,25910,225,25942.07,25905.39,0.00
2025-12-09,02:16:00,25909.75,25910.75,25907.5,25909.5,157,25942.00,25905.89,0.00
2025-12-09,02:17:00,25909.25,25914.25,25907,25913.5,249,25941.88,25906.86,0.00
2025-12-09,02:18:00,25913.75,25914,25909.5,25909.75,208,25941.79,25907.39,0.00
2025-12-09,02:19:00,25909.75,25911.25,25907.75,25911.25,152,25941.72,25907.61,0.00
2025-12-09,02:20:00,25911.5,25911.75,25908.5,25908.75,141,25941.65,25907.76,0.00
2025-12-09,02:21:00,25908.75,25910,25906.25,25909.75,238,25941.54,25907.86,0.00
2025-12-09,02:22:00,25909.75,25910.75,25900,25900,481,25941.27,25903.58,0.00
2025-12-09,02:23:00,25900.5,25905.75,25900.5,25905.75,224,25941.15,25903.72,0.00
2025-12-09,02:24:00,25905,25906.75,25902.25,25906.25,119,25941.09,25903.91,0.00
2025-12-09,02:25:00,25906.5,25907.75,25904.25,25904.5,155,25941.01,25904.16,0.00
2025-12-09,02:26:00,25904,25904.5,25901.25,25903.75,173,25940.92,25904.01,0.00
2025-12-09,02:27:00,25903.25,25904.5,25901.75,25904,138,25940.84,25903.95,0.00
2025-12-09,02:28:00,25904,25908.75,25903.25,25908.75,181,25940.76,25904.32,0.00
2025-12-09,02:29:00,25908.75,25909.75,25906.75,25906.75,162,25940.68,25904.66,0.00
2025-12-09,02:30:00,25906.5,25911,25906.5,25908.75,342,25940.52,25905.37,0.00
2025-12-09,02:31:00,25908.75,25916,25907.25,25913.25,531,25940.31,25906.81,0.00
2025-12-09,02:32:00,25913.25,25913.5,25908,25910.25,290,25940.19,25907.20,0.00
2025-12-09,02:33:00,25909.75,25914.25,25908.75,25912.75,168,25940.12,25907.47,0.00
2025-12-09,02:34:00,25913,25914.75,25911.25,25912.25,144,25940.07,25907.71,0.00
2025-12-09,02:35:00,25911.5,25913.5,25910.75,25913.25,161,25940.01,25907.95,0.00
2025-12-09,02:36:00,25913,25916.25,25911.5,25914.25,214,25939.93,25908.32,0.00
2025-12-09,02:37:00,25914.5,25915,25912.5,25913.25,95,25939.90,25908.46,0.00
2025-12-09,02:38:00,25913.25,25913.75,25908.25,25909.25,220,25939.81,25908.57,0.00
2025-12-09,02:39:00,25909.25,25910.25,25907.25,25909,173,25939.73,25908.58,0.00
2025-12-09,02:40:00,25908.5,25913,25908.5,25913,155,25939.67,25908.69,0.00
2025-12-09,02:41:00,25913,25917,25912.5,25916,268,25939.58,25909.09,0.00
2025-12-09,02:42:00,25915.5,25919,25915,25918.5,284,25939.50,25909.60,0.00
2025-12-09,02:43:00,25918.5,25921.25,25917.5,25920,322,25939.41,25910.24,0.00
2025-12-09,02:44:00,25920,25928.25,25920,25928.25,500,25939.31,25911.63,0.00
2025-12-09,02:45:00,25928,25935,25927.75,25933.75,727,25939.24,25914.03,0.00
2025-12-09,02:46:00,25933.75,25941.25,25929.75,25930,794,25939.19,25916.25,0.00
2025-12-09,02:47:00,25930,25932.25,25928.75,25931.25,235,25939.16,25916.72,0.00
2025-12-09,02:48:00,25931.25,25935.5,25930.75,25935.5,188,25939.15,25917.15,0.00
2025-12-09,02:49:00,25935.75,25935.75,25931.5,25934.25,206,25939.13,25917.60,0.00
2025-12-09,02:50:00,25934.5,25935,25926.75,25927,262,25939.10,25918.00,0.00
2025-12-09,02:51:00,25927.5,25928.75,25923.5,25925,433,25939.02,25918.40,0.00
2025-12-09,02:52:00,25925.5,25930.25,25924.25,25928.25,259,25938.99,25918.68,0.00
2025-12-09,02:53:00,25928.75,25931.75,25926.5,25927.25,138,25938.97,25918.83,0.00
2025-12-09,02:54:00,25928,25931.75,25928,25931.25,176,25938.95,25919.06,0.00
2025-12-09,02:55:00,25930.5,25933.25,25929.5,25930,143,25938.93,25919.25,0.00
2025-12-09,02:56:00,25930.25,25930.5,25927,25927.5,200,25938.91,25919.44,0.00
2025-12-09,02:57:00,25927.5,25935,25925.25,25934.25,243,25938.88,25919.75,0.00
2025-12-09,02:58:00,25934.5,25935.75,25932.75,25934.25,194,25938.87,25920.04,0.00
2025-12-09,02:59:00,25934.75,25935.5,25932.75,25934.25,139,25938.86,25920.24,0.00
2025-12-09,03:00:00,25934.5,25937.25,25934.5,25936.75,205,25938.86,25920.56,0.00
2025-12-09,03:01:00,25936.5,25941,25934.75,25937,429,25938.85,25921.26,0.00
2025-12-09,03:02:00,25936.75,25942.75,25935.75,25941.75,342,25938.85,25921.86,0.00
2025-12-09,03:03:00,25941.75,25942.75,25935.5,25938.25,283,25938.85,25922.29,0.00
2025-12-09,03:04:00,25939.75,25941.5,25938.75,25940.75,112,25938.86,25922.47,0.00
2025-12-09,03:05:00,25941.25,25943,25935.25,25942.25,231,25938.86,25922.83,0.00
2025-12-09,03:06:00,25943,25945.5,25941.75,25943,372,25938.88,25923.48,0.00
2025-12-09,03:07:00,25943.25,25945,25941.25,25941.25,228,25938.89,25923.84,0.00
2025-12-09,03:08:00,25941,25947.25,25941,25945.75,279,25938.91,25924.31,0.00
2025-12-09,03:09:00,25945.75,25947,25943.25,25946.5,131,25938.92,25924.53,0.00
2025-12-09,03:10:00,25946,25946.75,25943,25943.75,146,25938.93,25924.76,0.00
2025-12-09,03:11:00,25943.5,25948,25941.75,25946.5,283,25938.95,25925.22,0.00
2025-12-09,03:12:00,25946,25946.75,25943.25,25944.5,287,25938.97,25925.65,0.00
2025-12-09,03:13:00,25944.5,25945.75,25942,25943,202,25938.99,25925.92,0.00
2025-12-09,03:14:00,25943,25943.5,25939,25942.25,262,25938.99,25926.22,0.00
2025-12-09,03:15:00,25942,25942.5,25939,25941,184,25939.00,25926.41,0.00
2025-12-09,03:16:00,25940.75,25941,25938,25939.75,255,25939.00,25926.65,0.00
2025-12-09,03:17:00,25940.25,25940.75,25937,25937.25,285,25939.00,25926.88,0.00
2025-12-09,03:18:00,25937.75,25941.75,25937.75,25940.75,189,25939.00,25927.05,0.00
2025-12-09,03:19:00,25940.5,25940.5,25934.75,25935,313,25938.99,25927.26,0.00
2025-12-09,03:20:00,25935,25937.5,25934.25,25935.5,186,25938.98,25927.36,0.00
2025-12-09,03:21:00,25935.25,25938,25935.25,25936.75,154,25938.98,25927.46,0.00
2025-12-09,03:22:00,25937,25941,25936.75,25938.75,205,25938.98,25927.61,0.00
2025-12-09,03:23:00,25938.75,25942.25,25938.25,25941.5,187,25938.98,25927.77,0.00
2025-12-09,03:24:00,25941.75,25944,25941.5,25941.5,224,25938.99,25927.97,0.00
2025-12-09,03:25:00,25941.25,25941.25,25937.5,25940.25,137,25938.99,25928.07,0.00
2025-12-09,03:26:00,25940.25,25940.75,25937.5,25938,107,25938.99,25928.14,0.00
2025-12-09,03:27:00,25938,25940.5,25935.5,25940.5,200,25938.99,25928.28,0.00
2025-12-09,03:28:00,25940.5,25941.25,25938,25939.25,116,25938.99,25928.36,0.00
2025-12-09,03:29:00,25939.25,25939.25,25936.25,25936.5,111,25938.99,25928.42,0.00
2025-12-09,03:30:00,25936.5,25940.75,25934,25940.25,214,25938.99,25928.54,0.00
2025-12-09,03:31:00,25940.25,25941.75,25937.75,25940,206,25938.99,25928.68,0.00
2025-12-09,03:32:00,25940.25,25941.5,25937.25,25938.5,137,25938.99,25928.76,0.00
2025-12-09,03:33:00,25938.75,25941,25937.25,25940.75,154,25938.99,25928.86,0.00
2025-12-09,03:34:00,25941,25941.75,25940.25,25941.75,99,25939.00,25928.93,0.00
2025-12-09,03:35:00,25941.75,25942.5,25939.5,25940.5,179,25939.00,25929.05,0.00
2025-12-09,03:36:00,25940.75,25943.5,25940.25,25941,220,25939.01,25929.21,0.00
2025-12-09,03:37:00,25940.75,25941,25937.5,25938.25,131,25939.01,25929.28,0.00
2025-12-09,03:38:00,25938.25,25938.75,25934.25,25934.5,294,25939.00,25929.39,0.00
2025-12-09,03:39:00,25934.25,25935.5,25929.5,25933,676,25938.95,25929.51,0.00
2025-12-09,03:40:00,25932,25937,25931.25,25935.5,314,25938.93,25929.59,0.00
2025-12-09,03:41:00,25935.5,25936.75,25933.75,25933.75,172,25938.92,25929.64,0.00
2025-12-09,03:42:00,25934,25937.25,25930.75,25936.75,378,25938.91,25929.74,0.00
2025-12-09,03:43:00,25936.75,25946,25936.75,25944.75,555,25938.93,25930.09,0.00
2025-12-09,03:44:00,25944.75,25944.75,25940,25940.25,175,25938.93,25930.19,0.00
2025-12-09,03:45:00,25940,25941.5,25939.25,25940.25,90,25938.94,25930.23,0.00
2025-12-09,03:46:00,25940.25,25943.75,25939,25942.5,154,25938.94,25930.32,0.00
2025-12-09,03:47:00,25942.75,25943.75,25939.75,25940.5,177,25938.94,25930.41,0.00
2025-12-09,03:48:00,25940.75,25944,25940.25,25943.25,81,25938.95,25930.46,0.00
2025-12-09,03:49:00,25943,25943.25,25939.5,25939.5,139,25938.95,25930.53,0.00
2025-12-09,03:50:00,25940.25,25944.5,25940.25,25944,116,25938.96,25930.59,0.00
2025-12-09,03:51:00,25944.25,25950.25,25944.25,25948.5,472,25939.00,25930.97,0.00
2025-12-09,03:52:00,25948.5,25950.75,25944.25,25944.25,237,25939.02,25931.13,0.00
2025-12-09,03:53:00,25944.25,25944.25,25940.25,25942.25,215,25939.03,25931.24,0.00
2025-12-09,03:54:00,25942.25,25944.5,25941.75,25944.5,82,25939.03,25931.29,0.00
2025-12-09,03:55:00,25944,25944.5,25942.5,25942.5,126,25939.04,25931.36,0.00
2025-12-09,03:56:00,25942.75,25945.75,25941.75,25944.5,155,25939.05,25931.44,0.00
2025-12-09,03:57:00,25944.25,25944.25,25940.75,25941,158,25939.05,25931.52,0.00
2025-12-09,03:58:00,25941,25943.5,25940.25,25942,152,25939.06,25931.59,0.00
2025-12-09,03:59:00,25942.25,25945.75,25941.25,25945.25,149,25939.07,25931.67,0.00
2025-12-09,04:00:00,25945.25,25945.5,25940.5,25945.25,257,25939.08,25931.80,0.00
2025-12-09,04:01:00,25945.25,25951.5,25940,25950.75,890,25939.16,25932.38,0.00
2025-12-09,04:02:00,25950,25951.5,25942.25,25945.5,327,25939.18,25932.57,0.00
2025-12-09,04:03:00,25946,25949,25943.25,25948.25,216,25939.20,25932.69,0.00
2025-12-09,04:04:00,25948.5,25959.5,25948,25958,806,25939.34,25933.41,0.00
2025-12-09,04:05:00,25958.25,25959,25953.25,25954.25,356,25939.40,25933.71,0.00
2025-12-09,04:06:00,25954.5,25955.75,25949.75,25953.5,353,25939.45,25933.97,0.00
2025-12-09,04:07:00,25953.5,25958,25953.25,25955.5,262,25939.50,25934.19,0.00
2025-12-09,04:08:00,25954.75,25955.75,25947.75,25947.75,283,25939.53,25934.36,0.00
2025-12-09,04:09:00,25948,25950.75,25945,25949.75,454,25939.57,25934.60,0.00
2025-12-09,04:10:00,25949.25,25956.75,25947.25,25952.75,538,25939.64,25934.94,0.00
2025-12-09,04:11:00,25952.75,25954,25947.25,25952.25,364,25939.68,25935.15,0.00
2025-12-09,04:12:00,25953.25,25954.5,25950,25953.25,158,25939.71,25935.25,0.00
2025-12-09,04:13:00,25952.5,25955.25,25951.5,25951.5,124,25939.72,25935.33,0.00
2025-12-09,04:14:00,25951.75,25954.5,25949.75,25952.75,181,25939.75,25935.44,0.00
2025-12-09,04:15:00,25953,25953.5,25951.5,25953.25,92,25939.76,25935.49,0.00
2025-12-09,04:16:00,25954.25,25956.75,25949,25953,230,25939.79,25935.63,0.00
2025-12-09,04:17:00,25953,25957,25953,25955,132,25939.81,25935.72,0.00
2025-12-09,04:18:00,25955.75,25956.5,25952.5,25954.25,125,25939.83,25935.80,0.00
2025-12-09,04:19:00,25954,25956.5,25951,25956,92,25939.84,25935.86,0.00
2025-12-09,04:20:00,25956.25,25961.75,25956.25,25960.5,479,25939.94,25936.24,0.00
2025-12-09,04:21:00,25960.25,25960.75,25956,25958.75,195,25939.98,25936.39,0.00
2025-12-09,04:22:00,25959.25,25960,25954.25,25956.5,199,25940.01,25936.52,0.00
2025-12-09,04:23:00,25956,25957.75,25953.75,25955.25,154,25940.03,25936.62,0.00
2025-12-09,04:24:00,25956.25,25960.75,25954,25960,264,25940.08,25936.81,0.00
2025-12-09,04:25:00,25960.25,25965.75,25960,25962.5,595,25940.22,25937.31,0.00
2025-12-09,04:26:00,25962.5,25963,25954.5,25956.25,415,25940.29,25937.58,0.00
2025-12-09,04:27:00,25955.5,25957,25952.75,25956.75,375,25940.35,25937.79,0.00
2025-12-09,04:28:00,25956.75,25958,25947,25947,421,25940.39,25937.96,0.00
2025-12-09,04:29:00,25947,25953,25945.5,25950,388,25940.43,25938.09,0.00
2025-12-09,04:30:00,25949.25,25950.25,25944.5,25947.75,271,25940.45,25938.17,0.00
2025-12-09,04:31:00,25947.5,25949.75,25941.25,25949.25,503,25940.48,25938.30,0.00
2025-12-09,04:32:00,25948.75,25952.75,25947.25,25947.5,300,25940.50,25938.40,0.00
2025-12-09,04:33:00,25947.5,25949.75,25944.5,25947.5,261,25940.52,25938.47,0.00
2025-12-09,04:34:00,25947,25950.25,25945.75,25948.75,223,25940.54,25938.53,0.00
2025-12-09,04:35:00,25948.75,25948.75,25943.5,25943.75,251,25940.55,25938.58,0.00
2025-12-09,04:36:00,25944,25945.5,25940.75,25942.25,311,25940.56,25938.62,0.00
2025-12-09,04:37:00,25942.25,25942.5,25936.75,25940.25,380,25940.55,25938.63,0.00
2025-12-09,04:38:00,25940.25,25943.5,25939.75,25940.5,112,25940.55,25938.64,0.00
2025-12-09,04:39:00,25940.25,25945.25,25937.25,25943.75,218,25940.56,25938.66,0.00
2025-12-09,04:40:00,25944,25946,25943.25,25944.75,166,25940.56,25938.69,0.00
2025-12-09,04:41:00,25944.25,25944.75,25937.5,25938.25,248,25940.56,25938.70,0.00
2025-12-09,04:42:00,25938.25,25941,25935.5,25938.5,325,25940.56,25938.70,0.00
2025-12-09,04:43:00,25937.75,25944.75,25937.75,25944.75,371,25940.56,25938.73,0.00
2025-12-09,04:44:00,25944.5,25947,25942.25,25945.5,218,25940.57,25938.77,0.00
2025-12-09,04:45:00,25945.75,25948.25,25944.75,25946,193,25940.58,25938.81,0.00
2025-12-09,04:46:00,25946.5,25953.25,25945.75,25951.25,474,25940.62,25938.95,0.00
2025-12-09,04:47:00,25950.5,25951,25946.5,25950.75,206,25940.64,25939.01,0.00
2025-12-09,04:48:00,25951,25952.75,25948.5,25948.5,145,25940.65,25939.05,0.00
2025-12-09,04:49:00,25948.5,25955,25948.25,25953.75,215,25940.68,25939.13,0.00
2025-12-09,04:50:00,25954.25,25956.75,25949,25951,221,25940.70,25939.20,0.00
2025-12-09,04:51:00,25952,25954.25,25950.5,25953.5,106,25940.71,25939.24,0.00
2025-12-09,04:52:00,25953.5,25954.5,25952,25953.75,75,25940.72,25939.27,0.00
2025-12-09,04:53:00,25953.75,25956.25,25952.5,25955.75,153,25940.74,25939.33,0.00
2025-12-09,04:54:00,25956.25,25957,25955,25955.25,114,25940.76,25939.38,0.00
2025-12-09,04:55:00,25955.25,25958,25954.75,25956.25,111,25940.77,25939.43,0.00
2025-12-09,04:56:00,25957.5,25958.25,25954,25955.5,163,25940.80,25939.49,0.00
2025-12-09,04:57:00,25954.75,25956.5,25951.5,25951.75,134,25940.81,25939.54,0.00
2025-12-09,04:58:00,25951.5,25952.25,25947.75,25949.75,229,25940.83,25939.60,0.00
2025-12-09,04:59:00,25949.5,25951,25947.5,25949.25,147,25940.84,25939.64,0.00
2025-12-09,05:00:00,25950.5,25951,25945,25948.75,266,25940.86,25939.70,0.00
2025-12-09,05:01:00,25948.75,25949.75,25938.75,25941.25,576,25940.87,25939.75,0.00
2025-12-09,05:02:00,25941,25942.75,25932.25,25934.5,633,25940.85,25939.70,0.00
2025-12-09,05:03:00,25934.25,25940.5,25933.25,25938.5,378,25940.84,25939.68,0.00
2025-12-09,05:04:00,25939,25939.75,25932.5,25934.5,343,25940.82,25939.64,0.00
2025-12-09,05:05:00,25934.5,25941.25,25930.25,25940.75,559,25940.80,25939.61,0.00
2025-12-09,05:06:00,25941.25,25943.25,25929.5,25929.5,457,25940.78,25939.55,0.00
2025-12-09,05:07:00,25930,25930.5,25925.5,25929,773,25940.69,25939.35,0.00
2025-12-09,05:08:00,25929.25,25931.25,25925.75,25927.5,270,25940.66,25939.28,0.00
2025-12-09,05:09:00,25927.25,25935,25926.5,25928.75,262,25940.64,25939.23,0.00
2025-12-09,05:10:00,25928.25,25931.25,25926.5,25927.25,174,25940.62,25939.19,0.00
2025-12-09,05:11:00,25927,25934.75,25926,25933.75,326,25940.59,25939.13,0.00
2025-12-09,05:12:00,25933.5,25935.25,25931.25,25932.25,186,25940.58,25939.10,0.00
2025-12-09,05:13:00,25932.25,25937.25,25929.75,25936.25,297,25940.56,25939.07,0.00
2025-12-09,05:14:00,25936,25937,25933.75,25934,127,25940.55,25939.06,0.00
2025-12-09,05:15:00,25934.25,25934.75,25930.75,25934,164,25940.54,25939.04,0.00
2025-12-09,05:16:00,25934,25936,25930.75,25932,191,25940.53,25939.01,0.00
2025-12-09,05:17:00,25932.75,25932.75,25928.25,25932,190,25940.52,25938.98,0.00
2025-12-09,05:18:00,25931.75,25932,25924.25,25926.75,248,25940.49,25938.92,0.00
2025-12-09,05:19:00,25927.25,25929.5,25924.5,25924.75,254,25940.46,25938.85,0.00
2025-12-09,05:20:00,25924.25,25926,25922.5,25925.5,366,25940.41,25938.74,0.00
2025-12-09,05:21:00,25925.25,25925.75,25919.25,25922,464,25940.33,25938.58,0.00
2025-12-09,05:22:00,25922.5,25926.5,25922.5,25926,269,25940.30,25938.50,0.00
2025-12-09,05:23:00,25925.75,25925.75,25920.75,25920.75,184,25940.27,25938.44,0.00
2025-12-09,05:24:00,25920.5,25922,25919.5,25920.5,210,25940.23,25938.36,0.00
2025-12-09,05:25:00,25921,25925,25920,25923.75,300,25940.19,25938.26,0.00
2025-12-09,05:26:00,25923.75,25923.75,25915.75,25920.75,485,25940.11,25938.08,0.00
2025-12-09,05:27:00,25921,25921.5,25918.25,25919.25,146,25940.08,25938.02,0.00
2025-12-09,05:28:00,25918.5,25919.25,25913.5,25913.75,592,25939.96,25937.75,0.00
2025-12-09,05:29:00,25913.25,25919.75,25913.25,25919,294,25939.90,25937.63,0.00
2025-12-09,05:30:00,25919.25,25920.75,25915.75,25920.25,374,25939.83,25937.49,0.00
2025-12-09,05:31:00,25920.25,25925.5,25918.25,25921.5,527,25939.75,25937.33,0.00
2025-12-09,05:32:00,25921,25924.75,25920.5,25924,296,25939.71,25937.24,0.00
2025-12-09,05:33:00,25924.5,25929,25921.25,25927.5,492,25939.66,25937.13,0.00
2025-12-09,05:34:00,25928,25928.25,25923.25,25926,233,25939.63,25937.08,0.00
2025-12-09,05:35:00,25926.5,25926.5,25924,25925,101,25939.62,25937.06,0.00
2025-12-09,05:36:00,25925.5,25927.25,25922.75,25924,156,25939.60,25937.02,0.00
2025-12-09,05:37:00,25924,25925.5,25920.25,25925,195,25939.57,25936.97,0.00
2025-12-09,05:38:00,25923.75,25923.75,25916.5,25919.75,309,25939.52,25936.87,0.00
2025-12-09,05:39:00,25919.5,25921,25916.25,25916.5,215,25939.48,25936.79,0.00
2025-12-09,05:40:00,25916.25,25916.5,25907.25,25907.25,605,25939.34,25936.49,0.00
2025-12-09,05:41:00,25907.75,25908.75,25903.25,25908.25,739,25939.14,25936.08,0.00
2025-12-09,05:42:00,25908.5,25911.5,25905.75,25908.75,324,25939.06,25935.92,0.00
2025-12-09,05:43:00,25909,25912.75,25908.25,25912,185,25939.02,25935.83,0.00
2025-12-09,05:44:00,25912.25,25915.75,25911,25911,335,25938.94,25935.69,0.00
2025-12-09,05:45:00,25911,25912.75,25908.75,25910.75,257,25938.89,25935.57,0.00
2025-12-09,05:46:00,25910.75,25916.25,25909.75,25916.25,317,25938.82,25935.45,0.00
2025-12-09,05:47:00,25915.25,25916.25,25909.5,25912.75,330,25938.75,25935.31,0.00
2025-12-09,05:48:00,25912.75,25916.5,25910.5,25914.5,149,25938.72,25935.26,0.00
2025-12-09,05:49:00,25914,25919.75,25914,25918.25,207,25938.69,25935.19,0.00
2025-12-09,05:50:00,25918.5,25919.5,25916,25916.25,124,25938.67,25935.15,0.00
2025-12-09,05:51:00,25916.25,25918.75,25914,25915.5,158,25938.64,25935.10,0.00
2025-12-09,05:52:00,25915.25,25916.75,25913.75,25916.75,103,25938.62,25935.06,0.00
2025-12-09,05:53:00,25916.5,25919.75,25916.5,25919.25,134,25938.60,25935.02,0.00
2025-12-09,05:54:00,25919,25919,25914,25919,85,25938.58,25934.99,0.00
2025-12-09,05:55:00,25918.75,25920.75,25916.25,25916.25,109,25938.56,25934.96,0.00
2025-12-09,05:56:00,25915.75,25916.75,25912,25912,150,25938.53,25934.90,0.00
2025-12-09,05:57:00,25912.5,25916.25,25912.25,25913,98,25938.52,25934.87,0.00
2025-12-09,05:58:00,25913.25,25913.5,25910.25,25910.5,128,25938.49,25934.82,0.00
2025-12-09,05:59:00,25910.5,25911.75,25906.25,25907.75,309,25938.41,25934.67,0.00
2025-12-09,06:00:00,25908.5,25910.5,25906.25,25910.25,242,25938.36,25934.57,0.00
2025-12-09,06:01:00,25909.5,25912.75,25908.5,25912,296,25938.29,25934.45,0.00
2025-12-09,06:02:00,25911.5,25912.5,25908.25,25908.75,172,25938.25,25934.37,0.00
2025-12-09,06:03:00,25909,25912.25,25908.5,25912,144,25938.22,25934.31,0.00
2025-12-09,06:04:00,25912.5,25915.25,25910.75,25913.25,297,25938.16,25934.21,0.00
2025-12-09,06:05:00,25912.25,25914,25909.75,25913.25,134,25938.14,25934.16,0.00
2025-12-09,06:06:00,25912.25,25914.75,25912.25,25913.5,99,25938.12,25934.12,0.00
2025-12-09,06:07:00,25914,25914.5,25907.75,25911.75,177,25938.08,25934.05,0.00
2025-12-09,06:08:00,25912,25916.75,25912,25916,234,25938.04,25933.98,0.00
2025-12-09,06:09:00,25916.75,25917.5,25914,25914.5,145,25938.01,25933.93,0.00
2025-12-09,06:10:00,25914.5,25916.75,25913,25916.75,131,25937.99,25933.89,0.00
2025-12-09,06:11:00,25916.75,25925,25916.5,25924,478,25937.93,25933.79,0.00
2025-12-09,06:12:00,25924.25,25928.25,25923.25,25925.5,414,25937.89,25933.74,0.00
2025-12-09,06:13:00,25925.25,25928,25924.5,25926.5,214,25937.87,25933.71,0.00
2025-12-09,06:14:00,25926.25,25929.5,25921.5,25921.75,352,25937.83,25933.66,0.00
2025-12-09,06:15:00,25922.25,25925.5,25922,25925.25,175,25937.82,25933.63,0.00
2025-12-09,06:16:00,25925.5,25928.25,25924.25,25926.5,157,25937.80,25933.61,0.00
2025-12-09,06:17:00,25927.5,25930.25,25925.75,25929.25,184,25937.79,25933.59,0.00
2025-12-09,06:18:00,25929.25,25931,25926.25,25927.25,253,25937.77,25933.57,0.00
2025-12-09,06:19:00,25926.75,25929.75,25926.5,25929.25,101,25937.76,25933.56,0.00
2025-12-09,06:20:00,25929.75,25931.75,25928.75,25931,184,25937.75,25933.56,0.00
2025-12-09,06:21:00,25931,25932.5,25928.25,25929.25,245,25937.74,25933.54,0.00
2025-12-09,06:22:00,25929.5,25929.5,25920.75,25927,613,25937.68,25933.46,0.00
2025-12-09,06:23:00,25928,25932,25927.5,25929,295,25937.66,25933.45,0.00
2025-12-09,06:24:00,25929.5,25933,25929,25932.5,180,25937.65,25933.44,0.00
2025-12-09,06:25:00,25932.75,25936.5,25931.5,25934,432,25937.64,25933.44,0.00
2025-12-09,06:26:00,25934.25,25938.25,25933.75,25938,276,25937.64,25933.46,0.00
2025-12-09,06:27:00,25938.25,25942.25,25937.75,25941.5,465,25937.65,25933.51,0.00
2025-12-09,06:28:00,25942.25,25945.75,25940.25,25944,445,25937.67,25933.58,0.00
2025-12-09,06:29:00,25944,25945,25940,25941.25,280,25937.68,25933.61,0.00
2025-12-09,06:30:00,25941.5,25943.25,25938.5,25941,268,25937.69,25933.64,0.00
2025-12-09,06:31:00,25941.75,25942.25,25938.25,25938.75,251,25937.69,25933.67,0.00
2025-12-09,06:32:00,25938.75,25941.5,25937.75,25940.25,156,25937.69,25933.68,0.00
2025-12-09,06:33:00,25940.5,25944.75,25940.25,25941.75,234,25937.70,25933.71,0.00
2025-12-09,06:34:00,25942,25942.5,25939.25,25941,136,25937.70,25933.73,0.00
2025-12-09,06:35:00,25941,25941.5,25938.5,25938.75,106,25937.70,25933.74,0.00
2025-12-09,06:36:00,25938.75,25940.75,25936.75,25940.75,223,25937.71,25933.76,0.00
2025-12-09,06:37:00,25940.5,25942.75,25940,25941.5,204,25937.71,25933.78,0.00
2025-12-09,06:38:00,25941.5,25945,25940.75,25941.25,238,25937.72,25933.81,0.00
2025-12-09,06:39:00,25941.5,25942.5,25938.75,25939.5,167,25937.72,25933.83,0.00
2025-12-09,06:40:00,25939,25941,25854.25,25887.5,9133,25934.98,25894.25,0.00
2025-12-09,06:41:00,25886,25917.25,25874.75,25915.25,2852,25934.35,25896.19,0.00
2025-12-09,06:42:00,25917.5,25919.25,25892.75,25899,1734,25933.99,25897.14,0.00
2025-12-09,06:43:00,25898.75,25910.25,25892.25,25904,1120,25933.75,25897.52,0.00
2025-12-09,06:44:00,25903.5,25909.75,25901.25,25906,633,25933.64,25897.85,0.00
2025-12-09,06:45:00,25905.75,25912.5,25902.5,25910.25,688,25933.52,25898.30,0.00
2025-12-09,06:46:00,25910.5,25913.25,25907,25909.5,621,25933.43,25898.73,0.00
2025-12-09,06:47:00,25910.5,25911.5,25897.75,25897.75,581,25933.31,25898.85,0.00
2025-12-09,06:48:00,25898,25901.25,25890.5,25896.5,1154,25933.03,25898.68,0.00
2025-12-09,06:49:00,25896.25,25901.5,25890.5,25892.25,677,25932.86,25898.54,0.00
2025-12-09,06:50:00,25893,25899.75,25890.5,25898.75,542,25932.73,25898.48,0.00
2025-12-09,06:51:00,25899,25905.25,25896.75,25904.25,717,25932.59,25898.61,0.00
2025-12-09,06:52:00,25905,25910.25,25902.5,25906,758,25932.46,25898.88,0.00
2025-12-09,06:53:00,25905.75,25916.25,25904.25,25907.75,894,25932.33,25899.31,0.00
2025-12-09,06:54:00,25907.75,25917.25,25907.75,25913.25,567,25932.26,25899.64,0.00
2025-12-09,06:55:00,25912.75,25920.25,25912.75,25919.75,488,25932.22,25900.02,0.00
2025-12-09,06:56:00,25920.25,25928.75,25920.25,25923.25,861,25932.17,25900.88,0.00
2025-12-09,06:57:00,25923.75,25924.75,25916.25,25916.25,532,25932.13,25901.28,0.00
2025-12-09,06:58:00,25916.75,25918.75,25911.25,25918.75,596,25932.07,25901.63,0.00
2025-12-09,06:59:00,25917.25,25920.25,25916.75,25918.25,250,25932.05,25901.80,0.00
2025-12-09,07:00:00,25917.75,25925.75,25917.25,25921,440,25932.02,25902.13,0.00
2025-12-09,07:01:00,25921.25,25925,25906.75,25911.75,1106,25931.90,25902.64,0.00
2025-12-09,07:02:00,25911.25,25915.5,25900.25,25901.75,1064,25931.73,25902.76,0.00
2025-12-09,07:03:00,25901.25,25908.75,25899,25908.25,723,25931.62,25902.82,0.00
2025-12-09,07:04:00,25909,25921,25908.25,25920,875,25931.54,25903.23,0.00
2025-12-09,07:05:00,25920,25921.5,25910.5,25912.75,459,25931.49,25903.40,0.00
2025-12-09,07:06:00,25914.25,25916,25910.75,25914.25,231,25931.46,25903.48,0.00
2025-12-09,07:07:00,25914,25916,25909.5,25910,246,25931.44,25903.55,0.00
2025-12-09,07:08:00,25909.75,25910.75,25905.75,25906.25,381,25931.38,25903.60,0.00
2025-12-09,07:09:00,25905.75,25910.25,25903.5,25910,380,25931.33,25903.65,0.00
2025-12-09,07:10:00,25909,25911.75,25907.5,25908.5,256,25931.29,25903.70,0.00
2025-12-09,07:11:00,25908.25,25911,25905.75,25908.75,362,25931.24,25903.75,0.00
2025-12-09,07:12:00,25909.25,25909.5,25901,25901.75,287,25931.20,25903.75,0.00
2025-12-09,07:13:00,25901.75,25902.75,25895.75,25898.25,774,25931.05,25903.64,0.00
2025-12-09,07:14:00,25898.5,25899.75,25891.75,25893.75,628,25930.92,25903.48,0.00
2025-12-09,07:15:00,25894,25901.75,25892,25898.5,651,25930.79,25903.37,0.00
2025-12-09,07:16:00,25899.25,25902,25895.5,25896.5,366,25930.72,25903.31,0.00
2025-12-09,07:17:00,25896.75,25897,25883.75,25888,1015,25930.47,25902.92,0.00
2025-12-09,07:18:00,25888,25901.5,25886.25,25891.5,1363,25930.18,25902.56,0.00
2025-12-09,07:19:00,25892,25897.75,25888.75,25896.25,466,25930.08,25902.45,0.00
2025-12-09,07:20:00,25896.5,25900.75,25892.5,25899,420,25930.00,25902.40,0.00
2025-12-09,07:21:00,25899.25,25910.25,25899,25908.25,839,25929.89,25902.47,0.00
2025-12-09,07:22:00,25909,25913,25907.75,25910.75,492,25929.83,25902.57,0.00
2025-12-09,07:23:00,25910.5,25911.25,25902.75,25907.25,490,25929.77,25902.63,0.00
2025-12-09,07:24:00,25907,25908.5,25903.5,25904.5,195,25929.74,25902.64,0.00
2025-12-09,07:25:00,25904.25,25908.5,25900.5,25904.5,367,25929.69,25902.66,0.00
2025-12-09,07:26:00,25905.5,25906.25,25902.25,25903,222,25929.65,25902.66,0.00
2025-12-09,07:27:00,25902,25908,25899.25,25907.5,311,25929.61,25902.68,0.00
2025-12-09,07:28:00,25907.75,25915.25,25906.75,25914.5,484,25929.56,25902.79,0.00
2025-12-09,07:29:00,25914.5,25918.25,25912.25,25916.25,580,25929.52,25902.97,0.00
2025-12-09,07:30:00,25916.25,25922,25916.25,25920.75,661,25929.48,25903.23,0.00
2025-12-09,07:31:00,25921,25922,25914.75,25918.75,480,25929.45,25903.40,0.00
2025-12-09,07:32:00,25918.25,25920.5,25912.25,25918.25,358,25929.43,25903.51,0.00
2025-12-09,07:33:00,25919,25919.5,25914.5,25915.25,201,25929.41,25903.57,0.00
2025-12-09,07:34:00,25915,25917.5,25911,25915.25,326,25929.38,25903.65,0.00
2025-12-09,07:35:00,25915.75,25917.75,25913.75,25915.75,249,25929.37,25903.72,0.00
2025-12-09,07:36:00,25916.75,25919,25916,25918.75,233,25929.35,25903.80,0.00
2025-12-09,07:37:00,25917.75,25918.25,25913,25915.75,239,25929.33,25903.86,0.00
2025-12-09,07:38:00,25915.75,25919.25,25915.75,25918.75,167,25929.32,25903.91,0.00
2025-12-09,07:39:00,25918.75,25920.25,25916,25917.5,136,25929.31,25903.95,0.00
2025-12-09,07:40:00,25917.75,25921,25916.75,25918.5,234,25929.30,25904.03,0.00
2025-12-09,07:41:00,25917.75,25919.25,25916.75,25918.5,125,25929.29,25904.07,0.00
2025-12-09,07:42:00,25918.5,25924.75,25917.5,25924.75,336,25929.28,25904.21,0.00
2025-12-09,07:43:00,25924.5,25934.75,25924.5,25931.75,789,25929.28,25904.65,0.00
2025-12-09,07:44:00,25932.5,25933.5,25927.75,25930.5,364,25929.29,25904.85,0.00
2025-12-09,07:45:00,25930.75,25931.75,25925.5,25928.75,266,25929.29,25904.99,0.00
2025-12-09,07:46:00,25929,25930.5,25928.25,25928.5,145,25929.29,25905.06,0.00
2025-12-09,07:47:00,25928.25,25933.25,25927,25930.75,256,25929.29,25905.20,0.00
2025-12-09,07:48:00,25931.5,25932.75,25924.25,25924.25,264,25929.28,25905.32,0.00
2025-12-09,07:49:00,25924.75,25928.5,25923.75,25928.25,141,25929.28,25905.38,0.00
2025-12-09,07:50:00,25928.25,25930.5,25925.5,25929.75,286,25929.28,25905.52,0.00
2025-12-09,07:51:00,25930,25932,25926.5,25926.75,262,25929.28,25905.64,0.00
2025-12-09,07:52:00,25926.5,25931.75,25922.5,25928.5,338,25929.28,25905.79,0.00
2025-12-09,07:53:00,25929,25930,25925,25925.75,84,25929.28,25905.83,0.00
2025-12-09,07:54:00,25926.75,25930.5,25926.25,25926.75,184,25929.27,25905.91,0.00
2025-12-09,07:55:00,25926.75,25929.5,25926.25,25927.5,89,25929.27,25905.95,0.00
2025-12-09,07:56:00,25928,25929.75,25926,25926,133,25929.27,25906.01,0.00
2025-12-09,07:57:00,25926.5,25927.75,25922.25,25924.25,216,25929.27,25906.09,0.00
2025-12-09,07:58:00,25924.25,25925,25922.25,25922.75,165,25929.26,25906.15,0.00
2025-12-09,07:59:00,25923,25927,25921.75,25925,205,25929.26,25906.23,0.00
2025-12-09,08:00:00,25925,25925.75,25922,25925.75,249,25929.25,25906.32,0.00
2025-12-09,08:01:00,25926.25,25929.75,25923.25,25926,500,25929.24,25906.52,0.00
2025-12-09,08:02:00,25926,25928.25,25920,25924.5,352,25929.23,25906.64,0.00
2025-12-09,08:03:00,25924.75,25928.75,25917.25,25920.5,520,25929.21,25906.79,0.00
2025-12-09,08:04:00,25920,25924.75,25913.25,25924.75,707,25929.18,25906.99,0.00
2025-12-09,08:05:00,25924,25926,25921.5,25922.5,229,25929.17,25907.06,0.00
2025-12-09,08:06:00,25922,25924.25,25918,25923.75,228,25929.17,25907.12,0.00
2025-12-09,08:07:00,25923,25927.5,25922.5,25927,199,25929.16,25907.19,0.00
2025-12-09,08:08:00,25927.25,25928.25,25921.5,25921.5,297,25929.15,25907.29,0.00
2025-12-09,08:09:00,25921.25,25923.25,25919.75,25920.5,185,25929.15,25907.33,0.00
2025-12-09,08:10:00,25920.5,25924.25,25919,25922.25,111,25929.14,25907.36,0.00
2025-12-09,08:11:00,25922.75,25923,25917.25,25922.75,244,25929.13,25907.43,0.00
2025-12-09,08:12:00,25922.25,25925.5,25920.75,25923.75,231,25929.12,25907.49,0.00
2025-12-09,08:13:00,25923.5,25925.75,25917.75,25925.25,257,25929.12,25907.57,0.00
2025-12-09,08:14:00,25925,25927.25,25920.25,25920.25,211,25929.11,25907.63,0.00
2025-12-09,08:15:00,25921,25922.5,25918.75,25920,154,25929.10,25907.66,0.00
2025-12-09,08:16:00,25920,25921.25,25914,25917,382,25929.08,25907.73,0.00
2025-12-09,08:17:00,25917,25919,25914.25,25919,221,25929.06,25907.77,0.00
2025-12-09,08:18:00,25919,25920.75,25917,25917.75,133,25929.06,25907.79,0.00
2025-12-09,08:19:00,25917.5,25918.5,25916.5,25918,109,25929.05,25907.81,0.00
2025-12-09,08:20:00,25918,25918.25,25913.5,25914.5,256,25929.03,25907.85,0.00
2025-12-09,08:21:00,25914,25915,25911,25912.5,410,25929.00,25907.89,0.00
2025-12-09,08:22:00,25912.25,25921.75,25912.25,25920,410,25928.97,25907.96,0.00
2025-12-09,08:23:00,25920.25,25923,25914.5,25918.75,286,25928.96,25908.01,0.00
2025-12-09,08:24:00,25918.5,25921,25915.5,25916,309,25928.94,25908.06,0.00
2025-12-09,08:25:00,25916.25,25918,25914.75,25917.25,153,25928.93,25908.09,0.00
2025-12-09,08:26:00,25917.75,25921.5,25915,25916,262,25928.91,25908.13,0.00
2025-12-09,08:27:00,25915.5,25919.75,25911.75,25919.25,302,25928.90,25908.18,0.00
2025-12-09,08:28:00,25919.5,25920.5,25917.75,25920,173,25928.89,25908.21,0.00
2025-12-09,08:29:00,25920.25,25920.5,25916.75,25917.5,93,25928.88,25908.23,0.00
2025-12-09,08:30:00,25917,25919,25916.25,25916.5,131,25928.87,25908.25,0.00
2025-12-09,08:31:00,25916.5,25920.5,25916.25,25917.25,249,25928.86,25908.29,0.00
2025-12-09,08:32:00,25917,25918.75,25913.75,25918.25,345,25928.84,25908.34,0.00
2025-12-09,08:33:00,25917.5,25919.75,25914.5,25914.5,143,25928.83,25908.36,0.00
2025-12-09,08:34:00,25914.5,25916,25911.25,25914.75,246,25928.81,25908.38,0.00
2025-12-09,08:35:00,25914.25,25918.75,25913.5,25918.25,186,25928.80,25908.41,0.00
2025-12-09,08:36:00,25918.25,25918.5,25911.5,25914,321,25928.78,25908.44,0.00
2025-12-09,08:37:00,25915,25919.5,25914,25917,274,25928.76,25908.48,0.00
2025-12-09,08:38:00,25916.75,25917.25,25913,25913.5,221,25928.74,25908.50,0.00
2025-12-09,08:39:00,25913.75,25916.5,25912.75,25916.5,197,25928.73,25908.52,0.00
2025-12-09,08:40:00,25915.75,25917.5,25912.25,25913.75,286,25928.71,25908.55,0.00
2025-12-09,08:41:00,25914,25917,25908.5,25913.5,805,25928.65,25908.61,0.00
2025-12-09,08:42:00,25913.25,25913.75,25905,25910.25,653,25928.58,25908.62,0.00
2025-12-09,08:43:00,25909.5,25912.75,25907,25908.5,346,25928.55,25908.63,0.00
2025-12-09,08:44:00,25908.75,25911.25,25902.5,25905.25,519,25928.49,25908.61,0.00
2025-12-09,08:45:00,25905.75,25908,25903,25906.75,305,25928.46,25908.59,0.00
2025-12-09,08:46:00,25906.5,25906.5,25901,25903.25,670,25928.37,25908.54,0.00
2025-12-09,08:47:00,25903.75,25906.5,25898.5,25906.5,555,25928.30,25908.50,0.00
2025-12-09,08:48:00,25905.75,25910,25905.5,25909.5,389,25928.27,25908.50,0.00
2025-12-09,08:49:00,25910,25917,25910,25913,509,25928.23,25908.54,0.00
2025-12-09,08:50:00,25913,25917.5,25913,25915.5,391,25928.20,25908.58,0.00
2025-12-09,08:51:00,25915,25919,25910.75,25917.5,423,25928.18,25908.62,0.00
2025-12-09,08:52:00,25918.25,25925.5,25918.25,25924.25,638,25928.16,25908.76,0.00
2025-12-09,08:53:00,25925,25925.25,25921,25922,281,25928.15,25908.82,0.00
2025-12-09,08:54:00,25922.25,25925.25,25919.5,25920.25,304,25928.14,25908.88,0.00
2025-12-09,08:55:00,25920.5,25924.5,25919.25,25923,429,25928.13,25908.96,0.00
2025-12-09,08:56:00,25922.5,25926,25920.25,25925.5,288,25928.12,25909.02,0.00
2025-12-09,08:57:00,25925.5,25926,25918.5,25919.75,532,25928.11,25909.12,0.00
2025-12-09,08:58:00,25919.5,25920,25915.25,25916.75,397,25928.09,25909.17,0.00
2025-12-09,08:59:00,25917.25,25918.75,25915.25,25918.75,149,25928.08,25909.18,0.00
2025-12-09,09:00:00,25919,25919,25912.75,25917.5,410,25928.05,25909.23,0.00
2025-12-09,09:01:00,25917,25917,25909.5,25909.5,584,25928.01,25909.25,0.00
2025-12-09,09:02:00,25909.5,25912.25,25901.75,25906.5,772,25927.93,25909.22,0.00
2025-12-09,09:03:00,25906.75,25909,25904.75,25907.25,379,25927.89,25909.21,0.00
2025-12-09,09:04:00,25907.5,25911,25905.25,25907.75,343,25927.86,25909.21,0.00
2025-12-09,09:05:00,25908,25912.75,25907.5,25911,321,25927.83,25909.21,0.00
2025-12-09,09:06:00,25911.25,25914.75,25908.75,25911.75,306,25927.81,25909.22,0.00
2025-12-09,09:07:00,25911.25,25912.25,25907.5,25909.75,303,25927.78,25909.23,0.00
2025-12-09,09:08:00,25910,25917,25908.5,25916.25,322,25927.76,25909.25,0.00
2025-12-09,09:09:00,25915.75,25919.25,25913.25,25914.75,481,25927.73,25909.29,0.00
2025-12-09,09:10:00,25914.5,25917.5,25914,25916,161,25927.72,25909.30,0.00
2025-12-09,09:11:00,25916,25917,25910,25910.25,516,25927.69,25909.32,0.00
2025-12-09,09:12:00,25910,25914.75,25909.75,25911.75,266,25927.67,25909.33,0.00
2025-12-09,09:13:00,25910.5,25912.5,25909.75,25911,162,25927.65,25909.34,0.00
2025-12-09,09:14:00,25910.5,25912,25909.5,25909.5,191,25927.64,25909.34,0.00
2025-12-09,09:15:00,25910.25,25910.25,25907,25909,294,25927.61,25909.34,0.00
2025-12-09,09:16:00,25909,25909.5,25899.25,25899.5,716,25927.53,25909.28,0.00
2025-12-09,09:17:00,25900,25906.25,25898,25903,877,25927.42,25909.20,0.00
2025-12-09,09:18:00,25902.75,25910.5,25902.25,25906.75,759,25927.35,25909.17,0.00
2025-12-09,09:19:00,25906.75,25907.5,25903.75,25907.25,328,25927.32,25909.16,0.00
2025-12-09,09:20:00,25907.5,25912.5,25906.75,25908.5,463,25927.28,25909.16,0.00
2025-12-09,09:21:00,25908.5,25910.25,25904,25905.75,394,25927.24,25909.15,0.00
2025-12-09,09:22:00,25905.25,25909.75,25903.75,25906.25,496,25927.19,25909.13,0.00
2025-12-09,09:23:00,25906.5,25906.75,25899.75,25900.5,501,25927.13,25909.09,0.00
2025-12-09,09:24:00,25900.75,25902.75,25886.75,25894.25,1366,25926.93,25908.84,0.00
2025-12-09,09:25:00,25894.75,25898.75,25893.25,25894.75,582,25926.84,25908.75,0.00
2025-12-09,09:26:00,25895,25901.75,25892.5,25899.25,630,25926.76,25908.66,0.00
2025-12-09,09:27:00,25899,25904.25,25899,25903,557,25926.70,25908.62,0.00
2025-12-09,09:28:00,25903.25,25906.25,25902.5,25906.25,409,25926.66,25908.60,0.00
2025-12-09,09:29:00,25905.75,25908.25,25902.75,25904.75,383,25926.62,25908.59,0.00
2025-12-09,09:30:00,25904.5,25905.75,25902.25,25902.5,269,25926.59,25908.57,0.00
2025-12-09,09:31:00,25903,25903.25,25895.5,25902,685,25926.51,25908.50,0.00
2025-12-09,09:32:00,25902,25905,25898,25898.5,495,25926.45,25908.46,0.00
2025-12-09,09:33:00,25898.5,25899.25,25886.75,25887.5,894,25926.31,25908.28,0.00
2025-12-09,09:34:00,25886.75,25888,25880.75,25881.75,1086,25926.10,25907.97,0.00
2025-12-09,09:35:00,25881.25,25883.75,25875.75,25876.25,1161,25925.85,25907.58,0.00
2025-12-09,09:36:00,25877,25877.25,25871.25,25873,1159,25925.58,25907.14,0.00
2025-12-09,09:37:00,25872.5,25873,25860.25,25865.5,1611,25925.16,25906.41,0.00
2025-12-09,09:38:00,25864.75,25877.25,25864.25,25876.75,1299,25924.86,25905.94,0.00
2025-12-09,09:39:00,25876.5,25881.75,25876,25877.5,942,25924.67,25905.66,0.00
2025-12-09,09:40:00,25877.75,25885.25,25874.75,25884.25,804,25924.52,25905.45,0.00
2025-12-09,09:41:00,25884,25884.5,25878.25,25881,663,25924.39,25905.28,0.00
2025-12-09,09:42:00,25881,25884,25878.25,25881.75,583,25924.28,25905.14,0.00
2025-12-09,09:43:00,25881.25,25883.25,25874.25,25883.25,770,25924.14,25904.94,0.00
2025-12-09,09:44:00,25883,25883.5,25878.5,25881.25,457,25924.05,25904.82,0.00
2025-12-09,09:45:00,25880.75,25883,25877.25,25878.5,356,25923.98,25904.73,0.00
2025-12-09,09:46:00,25878.5,25892.5,25878,25882,1350,25923.75,25904.45,0.00
2025-12-09,09:47:00,25882,25884,25879.25,25884,488,25923.67,25904.34,0.00
2025-12-09,09:48:00,25883.5,25884,25880.75,25882.75,257,25923.62,25904.28,0.00
2025-12-09,09:49:00,25882.75,25883.25,25874.75,25877,648,25923.50,25904.11,0.00
2025-12-09,09:50:00,25876.5,25878.5,25872.25,25874.25,795,25923.33,25903.88,0.00
2025-12-09,09:51:00,25874,25875,25868.5,25870,852,25923.15,25903.61,0.00
2025-12-09,09:52:00,25870,25874,25868.75,25873.25,613,25923.01,25903.41,0.00
2025-12-09,09:53:00,25873.5,25877.25,25870,25876.5,681,25922.87,25903.22,0.00
2025-12-09,09:54:00,25876.25,25877.25,25870,25871,488,25922.77,25903.08,0.00
2025-12-09,09:55:00,25871,25872.5,25861.25,25863.5,1010,25922.53,25902.72,0.00
2025-12-09,09:56:00,25863,25873.5,25862.75,25868.75,1005,25922.30,25902.39,0.00
2025-12-09,09:57:00,25868.75,25870.5,25865,25869.75,528,25922.19,25902.22,0.00
2025-12-09,09:58:00,25869.25,25871.5,25868,25868.25,356,25922.11,25902.10,0.00
2025-12-09,09:59:00,25868.75,25870.75,25862.25,25866.75,664,25921.96,25901.88,0.00
2025-12-09,10:00:00,25866,25872,25865.25,25869.25,594,25921.83,25901.70,0.00
2025-12-09,10:01:00,25869.75,25877.25,25868.25,25873,1329,25921.56,25901.34,0.00
2025-12-09,10:02:00,25873,25878,25871.75,25876,720,25921.42,25901.17,0.00
2025-12-09,10:03:00,25875.5,25876.25,25869.75,25875.5,563,25921.31,25901.03,0.00
2025-12-09,10:04:00,25876,25878.75,25870,25870.25,764,25921.16,25900.84,0.00
2025-12-09,10:05:00,25870,25870.75,25866,25866.75,876,25920.97,25900.58,0.00
2025-12-09,10:06:00,25867.25,25870.75,25865.25,25868.5,588,25920.85,25900.41,0.00
2025-12-09,10:07:00,25869.25,25869.75,25861.75,25864.25,1129,25920.60,25900.06,0.00
2025-12-09,10:08:00,25864.5,25868.75,25862.5,25867.75,476,25920.49,25899.92,0.00
2025-12-09,10:09:00,25868,25868,25858.5,25860,862,25920.29,25899.63,0.00
2025-12-09,10:10:00,25860.25,25861,25856,25860,969,25920.05,25899.29,0.00
2025-12-09,10:11:00,25859.5,25864,25850.75,25862.75,1931,25919.59,25859.17,0.00
2025-12-09,10:12:00,25862.75,25867.5,25860.5,25865.25,1016,25919.37,25860.98,0.00
2025-12-09,10:13:00,25865.5,25871.25,25864,25871,956,25919.18,25862.88,0.00
2025-12-09,10:14:00,25870.75,25871.5,25864.75,25870.25,616,25919.06,25863.69,0.00
2025-12-09,10:15:00,25869.75,25871.25,25858.75,25859.25,804,25918.88,25863.60,0.00
2025-12-09,10:16:00,25859,25866.25,25858,25864,681,25918.73,25863.50,0.00
2025-12-09,10:17:00,25864.5,25866.75,25861.25,25861.75,562,25918.61,25863.48,0.00
2025-12-09,10:18:00,25861.25,25862,25856.25,25858.75,635,25918.46,25863.09,0.00
2025-12-09,10:19:00,25858.5,25864.5,25858,25862,462,25918.36,25862.99,0.00
2025-12-09,10:20:00,25862,25863,25858.25,25858.5,314,25918.29,25862.87,0.00
2025-12-09,10:21:00,25859,25862.25,25856.75,25859.75,511,25918.17,25862.67,0.00
2025-12-09,10:22:00,25860,25865,25859.25,25863.5,513,25918.06,25862.67,0.00
2025-12-09,10:23:00,25863.5,25867,25861,25864.25,525,25917.96,25862.75,0.00
2025-12-09,10:24:00,25865,25865,25856.75,25857.25,509,25917.84,25862.59,0.00
2025-12-09,10:25:00,25856.75,25857.75,25846,25854,2236,25917.29,25852.58,0.00
2025-12-09,10:26:00,25854.5,25860.75,25850.75,25856,1660,25916.90,25853.97,0.00
2025-12-09,10:27:00,25856.5,25858.25,25844.5,25845.75,1169,25916.60,25849.50,0.00
2025-12-09,10:28:00,25845.75,25858.5,25842.25,25856.5,1594,25916.22,25852.42,0.00
2025-12-09,10:29:00,25856,25863,25848,25861.25,1749,25915.84,25855.03,0.00
2025-12-09,10:30:00,25861.25,25874.25,25858.75,25871.5,2799,25915.35,25861.02,0.00
2025-12-09,10:31:00,25872,25892.25,25849.75,25855,11424,25913.35,25864.04,0.00
2025-12-09,10:32:00,25855.25,25864.5,25820,25836.25,12537,25910.25,25840.25,0.00
2025-12-09,10:33:00,25836,25840.5,25822.5,25823.5,5861,25908.67,25836.61,0.00
2025-12-09,10:34:00,25823.25,25844.75,25813.25,25842.25,9190,25906.44,25833.42,0.00
2025-12-09,10:35:00,25842,25854.25,25824.25,25833.75,7976,25904.72,25835.28,0.00
2025-12-09,10:36:00,25833.5,25862,25828.75,25854.75,7428,25903.44,25839.27,0.00
2025-12-09,10:37:00,25854.75,25861,25846,25851.25,5062,25902.67,25841.57,0.00
2025-12-09,10:38:00,25850,25879,25843.25,25878.25,6929,25901.93,25846.36,0.00
2025-12-09,10:39:00,25878.5,25888.25,25865.25,25887.75,6372,25901.53,25851.41,0.00
2025-12-09,10:40:00,25888.25,25900,25886.5,25893.5,8818,25901.33,25858.55,0.00
2025-12-09,10:41:00,25893.5,25906.5,25859.5,25861,11203,25900.54,25861.59,0.00
2025-12-09,10:42:00,25861.75,25877.75,25861.25,25875.75,5614,25900.10,25862.41,0.00
2025-12-09,10:43:00,25876,25885.5,25869,25880,4370,25899.85,25863.35,0.00
2025-12-09,10:44:00,25880,25882.5,25861.5,25868.25,4180,25899.53,25863.76,0.00
2025-12-09,10:45:00,25868.25,25876,25861,25865.25,4347,25899.16,25863.95,0.00
2025-12-09,10:46:00,25865.75,25875.75,25855.75,25865.5,4629,25898.76,25864.04,0.00
2025-12-09,10:47:00,25865.25,25887,25861.25,25886.25,4895,25898.50,25864.80,0.00
2025-12-09,10:48:00,25886.25,25888.25,25858.75,25862.75,4771,25898.16,25865.06,0.00
2025-12-09,10:49:00,25863,25867.5,25849,25865.25,5857,25897.62,25864.80,0.00
2025-12-09,10:50:00,25865.25,25876.5,25862.5,25871,3765,25897.36,25864.99,0.00
2025-12-09,10:51:00,25871.25,25880.75,25863,25879.5,3456,25897.17,25865.28,0.00
2025-12-09,10:52:00,25879.5,25886,25869.25,25873.25,3746,25896.98,25865.65,0.00
2025-12-09,10:53:00,25873.5,25879.75,25864.25,25873.5,2429,25896.84,25865.79,0.00
2025-12-09,10:54:00,25874,25880.25,25857.25,25857.25,3119,25896.60,25865.77,0.00
2025-12-09,10:55:00,25857.5,25866.5,25853.25,25865,3594,25896.30,25865.64,0.00
2025-12-09,10:56:00,25865.5,25871.25,25853.75,25869,3766,25896.02,25865.62,0.00
2025-12-09,10:57:00,25869,25879.75,25868,25877,3118,25895.87,25865.84,0.00
2025-12-09,10:58:00,25877,25878.5,25861.5,25865,2498,25895.71,25865.89,0.00
2025-12-09,10:59:00,25864.25,25875.5,25863,25872.5,1285,25895.64,25865.93,0.00
2025-12-09,11:00:00,25872.25,25890.75,25872.25,25883.5,3264,25895.53,25866.32,0.00
2025-12-09,11:01:00,25884,25895.25,25870.75,25892.5,5414,25895.42,25867.08,0.00
2025-12-09,11:02:00,25892.5,25895,25879.5,25881.75,3552,25895.34,25867.53,0.00
2025-12-09,11:03:00,25882,25922.75,25878.5,25920.5,9320,25895.58,25869.94,0.00
2025-12-09,11:04:00,25920.25,25923.25,25900.75,25903.5,5764,25895.75,25871.35,0.00
2025-12-09,11:05:00,25904,25906.25,25887.25,25891.75,5176,25895.75,25872.10,0.00
2025-12-09,11:06:00,25891.25,25900.75,25876,25878.25,6324,25895.60,25872.57,0.00
2025-12-09,11:07:00,25878,25890.75,25876.25,25886.5,5077,25895.48,25872.92,0.00
2025-12-09,11:08:00,25886.5,25899.25,25885.75,25893,3537,25895.46,25873.31,0.00
2025-12-09,11:09:00,25893,25893.5,25868.5,25874.25,5244,25895.28,25873.46,0.00
2025-12-09,11:10:00,25874.25,25891.5,25871.5,25891,3940,25895.20,25873.69,0.00
2025-12-09,11:11:00,25891.25,25898.25,25882.5,25890,3702,25895.16,25874.01,0.00
2025-12-09,11:12:00,25889.75,25895.5,25882.5,25885.25,3449,25895.11,25874.25,0.00
2025-12-09,11:13:00,25885.75,25896.25,25885.5,25893.75,1858,25895.10,25874.42,0.00
2025-12-09,11:14:00,25893.5,25903.25,25889.25,25892,3681,25895.10,25874.79,0.00
2025-12-09,11:15:00,25891.75,25897,25887.5,25889,1592,25895.08,25874.92,0.00
2025-12-09,11:16:00,25889,25892.25,25877.25,25891.75,4061,25895.02,25875.16,0.00
2025-12-09,11:17:00,25891.5,25893.75,25883.75,25893.75,2152,25895.00,25875.31,0.00
2025-12-09,11:18:00,25893.25,25901.75,25888.25,25895.5,2764,25895.00,25875.57,0.00
2025-12-09,11:19:00,25895.75,25896.75,25884.25,25887.75,2203,25894.98,25875.72,0.00
2025-12-09,11:20:00,25888.25,25892.25,25881,25888.25,2062,25894.95,25875.83,0.00
2025-12-09,11:21:00,25889,25893,25881.5,25891.5,1761,25894.93,25875.93,0.00
2025-12-09,11:22:00,25891.25,25897.75,25886.75,25888.25,1780,25894.91,25876.05,0.00
2025-12-09,11:23:00,25887.75,25891.5,25881.25,25889.5,2203,25894.88,25876.16,0.00
2025-12-09,11:24:00,25890.5,25897.75,25886,25893.5,1977,25894.87,25876.31,0.00
2025-12-09,11:25:00,25893.5,25904.75,25890.75,25901.75,3101,25894.90,25876.62,0.00
2025-12-09,11:26:00,25901.5,25906.25,25896.25,25903.5,2453,25894.93,25876.89,0.00
2025-12-09,11:27:00,25904.25,25905.75,25898.5,25900.75,2471,25894.96,25877.15,0.00
2025-12-09,11:28:00,25900.5,25901.5,25881.5,25889,4970,25894.92,25877.43,0.00
2025-12-09,11:29:00,25888.5,25898.25,25885.75,25898,2395,25894.92,25877.60,0.00
2025-12-09,11:30:00,25898.5,25917.25,25898.5,25910.25,6754,25895.09,25878.45,0.00
2025-12-09,11:31:00,25910.25,25915,25901.5,25911.75,4251,25895.20,25878.98,0.00
2025-12-09,11:32:00,25912,25920.25,25908.5,25911.5,4189,25895.33,25879.54,0.00
2025-12-09,11:33:00,25911.25,25913,25892.5,25900,4403,25895.38,25879.92,0.00
2025-12-09,11:34:00,25899.5,25906.25,25894.5,25900.25,2297,25895.40,25880.10,0.00
2025-12-09,11:35:00,25900.75,25911.5,25900.25,25908.75,2028,25895.45,25880.31,0.00
2025-12-09,11:36:00,25909,25910.25,25895,25900.75,2549,25895.48,25880.51,0.00
2025-12-09,11:37:00,25901.25,25908.25,25898,25904.25,1798,25895.50,25880.67,0.00
2025-12-09,11:38:00,25904,25909.25,25898.25,25899.75,1466,25895.52,25880.79,0.00
2025-12-09,11:39:00,25900.25,25903.25,25893.5,25896.25,2270,25895.53,25880.93,0.00
2025-12-09,11:40:00,25896,25906.25,25893.75,25906,1878,25895.55,25881.07,0.00
2025-12-09,11:41:00,25906,25909.5,25900,25906,1931,25895.58,25881.24,0.00
2025-12-09,11:42:00,25906.25,25922.25,25904.25,25914.25,4442,25895.72,25881.75,0.00
2025-12-09,11:43:00,25914.5,25917,25908.5,25915.75,1883,25895.78,25881.97,0.00
2025-12-09,11:44:00,25915.75,25930.25,25913.5,25930.25,4445,25895.99,25882.63,0.00
2025-12-09,11:45:00,25929.75,25934,25921.75,25933,3766,25896.21,25883.24,0.00
2025-12-09,11:46:00,25933.25,25936,25926.75,25928.25,4106,25896.44,25883.90,0.00
2025-12-09,11:47:00,25928.75,25929.25,25911.5,25915.75,5080,25896.63,25884.49,0.00
2025-12-09,11:48:00,25916,25920.75,25895.75,25896.75,5288,25896.70,25884.84,0.00
2025-12-09,11:49:00,25896.75,25901.5,25889,25892,5183,25896.68,25884.99,0.00
2025-12-09,11:50:00,25891.5,25906,25888.75,25905,4147,25896.70,25885.19,0.00
2025-12-09,11:51:00,25904.75,25924.25,25901.5,25922.5,5285,25896.87,25885.70,0.00
2025-12-09,11:52:00,25922.5,25931.5,25920,25929,3683,25897.04,25886.17,0.00
2025-12-09,11:53:00,25929.5,25932.25,25921,25925.25,2726,25897.17,25886.51,0.00
2025-12-09,11:54:00,25925.25,25928,25919.5,25925.5,1961,25897.25,25886.73,0.00
2025-12-09,11:55:00,25924.75,25928.25,25920.75,25925.5,1480,25897.32,25886.90,0.00
2025-12-09,11:56:00,25925.75,25940.25,25925.75,25932.75,4957,25897.60,25887.59,0.00
2025-12-09,11:57:00,25932.75,25934,25926.25,25928.25,1763,25897.68,25887.81,0.00
2025-12-09,11:58:00,25928.25,25935,25926.25,25933.5,1307,25897.75,25887.98,0.00
2025-12-09,11:59:00,25933.75,25935.25,25928.5,25933.5,1476,25897.83,25888.17,0.00
2025-12-09,12:00:00,25934,25938.25,25932.5,25937.25,1335,25897.91,25888.36,0.00
2025-12-09,12:01:00,25937,25944.75,25933.75,25942.25,4624,25898.22,25889.06,0.00
2025-12-09,12:02:00,25942.5,25949.25,25941.25,25947.75,3569,25898.48,25889.64,0.00
2025-12-09,12:03:00,25947.75,25957,25945.5,25951.25,4441,25898.84,25890.42,0.00
2025-12-09,12:04:00,25951.25,25951.25,25938.75,25941.25,3221,25899.06,25890.90,0.00
2025-12-09,12:05:00,25941.25,25947.25,25938.75,25944,1941,25899.19,25891.19,0.00
2025-12-09,12:06:00,25944.25,25956,25943.5,25953.5,2564,25899.39,25891.61,0.00
2025-12-09,12:07:00,25953.75,25954.75,25941.5,25942.25,2168,25899.54,25891.94,0.00
2025-12-09,12:08:00,25942,25944.75,25931,25938.75,3640,25899.75,25892.40,0.00
2025-12-09,12:09:00,25939,25940.25,25934,25936.5,1380,25899.83,25892.56,0.00
2025-12-09,12:10:00,25936.75,25942,25934,25938.75,1716,25899.93,25892.78,0.00
2025-12-09,12:11:00,25938.5,25942.5,25937.25,25939,1261,25900.00,25892.94,0.00
2025-12-09,12:12:00,25938.75,25945.75,25938,25942.5,2095,25900.13,25893.21,0.00
2025-12-09,12:13:00,25943,25948.75,25941.5,25941.75,1596,25900.23,25893.43,0.00
2025-12-09,12:14:00,25942,25945.5,25938,25941.25,1324,25900.32,25893.60,0.00
2025-12-09,12:15:00,25941.75,25947.25,25939.5,25944.5,1007,25900.38,25893.73,0.00
2025-12-09,12:16:00,25945,25952.75,25944.25,25950.5,2458,25900.56,25894.09,0.00
2025-12-09,12:17:00,25950.75,25963,25950.5,25957.5,4996,25900.97,25894.91,0.00
2025-12-09,12:18:00,25957.5,25961.25,25949.5,25950.5,2641,25901.17,25895.31,0.00
2025-12-09,12:19:00,25950.75,25954.5,25948.5,25952.5,1876,25901.31,25895.59,0.00
2025-12-09,12:20:00,25952.25,25958,25952.25,25954.5,1668,25901.44,25895.84,0.00
2025-12-09,12:21:00,25954.75,25956.5,25942.75,25947.75,3024,25901.64,25896.25,0.00
2025-12-09,12:22:00,25947.75,25951.75,25944.5,25949.25,1641,25901.75,25896.47,0.00
2025-12-09,12:23:00,25949.25,25954,25943,25947.25,1983,25901.89,25896.73,0.00
2025-12-09,12:24:00,25947.5,25950.75,25946,25948.75,943,25901.95,25896.85,0.00
2025-12-09,12:25:00,25949,25953.25,25944.25,25952,1428,25902.05,25897.04,0.00
2025-12-09,12:26:00,25952.25,25953.5,25949.5,25950.25,941,25902.11,25897.17,0.00
2025-12-09,12:27:00,25950.5,25951.75,25944.75,25946.75,1419,25902.20,25897.34,0.00
2025-12-09,12:28:00,25946.75,25954.75,25946.75,25951.5,1547,25902.31,25897.55,0.00
2025-12-09,12:29:00,25951.75,25953,25946,25947,1148,25902.39,25897.70,0.00
2025-12-09,12:30:00,25947,25949.5,25941.25,25943,2081,25902.51,25897.94,0.00
2025-12-09,12:31:00,25943.25,25951.75,25942,25948.5,2273,25902.65,25898.21,0.00
2025-12-09,12:32:00,25948.75,25949.5,25923.25,25941.25,5640,25902.93,25898.75,0.00
2025-12-09,12:33:00,25941.5,25952,25940.25,25948.5,2765,25903.10,25899.07,0.00
2025-12-09,12:34:00,25948.5,25957.5,25947,25957.5,2250,25903.26,25899.37,0.00
2025-12-09,12:35:00,25957.75,25961.25,25956,25960.75,2650,25903.47,25899.74,0.00
2025-12-09,12:36:00,25960.25,25967,25958.25,25962,3976,25903.79,25900.33,0.00
2025-12-09,12:37:00,25961.75,25962.25,25954.5,25955.25,2275,25903.96,25900.63,0.00
2025-12-09,12:38:00,25955.5,25958.5,25948.25,25953.5,2381,25904.12,25900.92,0.00
2025-12-09,12:39:00,25954,25954.5,25949.25,25951,1227,25904.20,25901.07,0.00
2025-12-09,12:40:00,25951,25953.5,25947.5,25951.5,1351,25904.28,25901.22,0.00
2025-12-09,12:41:00,25951.75,25953,25936.75,25937.5,3506,25904.46,25901.55,0.00
2025-12-09,12:42:00,25937.5,25944,25935.75,25937.75,2951,25904.60,25901.81,0.00
2025-12-09,12:43:00,25938,25939.5,25930.25,25932.25,2801,25904.71,25902.01,0.00
2025-12-09,12:44:00,25932.75,25936,25927.75,25930.5,2647,25904.81,25902.19,0.00
2025-12-09,12:45:00,25930.75,25932.5,25920.25,25927,3656,25904.91,25902.39,0.00
2025-12-09,12:46:00,25926.75,25938.25,25926.75,25937,3003,25905.03,25902.60,0.00
2025-12-09,12:47:00,25937,25937.5,25925.5,25928,2184,25905.10,25902.73,0.00
2025-12-09,12:48:00,25928.75,25937.5,25926.75,25930,1922,25905.17,25902.85,0.00
2025-12-09,12:49:00,25930.25,25946.5,25929.75,25945.75,2796,25905.30,25903.08,0.00
2025-12-09,12:50:00,25946.25,25952.25,25946,25946.5,2619,25905.45,25903.34,0.00
2025-12-09,12:51:00,25947,25960.75,25946.75,25960,2982,25905.64,25903.67,0.00
2025-12-09,12:52:00,25960.25,25964.25,25957.25,25961.75,2440,25905.82,25903.97,0.00
2025-12-09,12:53:00,25961.75,25966.25,25955.75,25956.75,2713,25906.01,25904.30,0.00
2025-12-09,12:54:00,25956.5,25961.75,25953.75,25961,1729,25906.13,25904.50,0.00
2025-12-09,12:55:00,25960.5,25967.75,25958.5,25966.25,1984,25906.27,25904.75,0.00
2025-12-09,12:56:00,25966.5,25969,25962,25966.5,2225,25906.45,25905.03,0.00
2025-12-09,12:57:00,25966.5,25969,25961,25963.75,1753,25906.58,25905.25,0.00
2025-12-09,12:58:00,25963.25,25967.5,25958.75,25966.75,1612,25906.70,25905.45,0.00
2025-12-09,12:59:00,25967,25967.5,25962.5,25965.75,1168,25906.78,25905.60,0.00
2025-12-09,13:00:00,25965.75,25968.25,25961.5,25962,1610,25906.90,25905.79,0.00
2025-12-09,13:01:00,25961.75,25965,25957.75,25961.75,2449,25907.07,25906.07,0.00
2025-12-09,13:02:00,25961.25,25962.5,25953.75,25960.25,2512,25907.24,25906.35,0.00
2025-12-09,13:03:00,25960,25972.75,25958.5,25968.75,2811,25907.45,25906.69,0.00
2025-12-09,13:04:00,25968.75,25980.75,25968.75,25980.25,4129,25907.81,25907.28,0.00
2025-12-09,13:05:00,25980,25981.75,25976.75,25978.25,2303,25908.01,25907.61,0.00
2025-12-09,13:06:00,25978.75,25985.75,25977,25983.5,2568,25982.08,25908.00,0.00
2025-12-09,13:07:00,25984.25,25986.25,25979.5,25982.25,1743,25982.67,25908.26,0.00
2025-12-09,13:08:00,25982.75,25984.5,25975,25975.25,1766,25980.44,25908.50,0.00
2025-12-09,13:09:00,25975.5,25977.75,25970.75,25975.75,1550,25978.70,25908.71,0.00
2025-12-09,13:10:00,25976,25979.75,25974.25,25977.25,1012,25978.43,25908.84,0.00
2025-12-09,13:11:00,25977.25,25978.25,25973,25975,1281,25977.90,25909.01,0.00
2025-12-09,13:12:00,25975.75,25979,25974.5,25977,919,25977.79,25909.14,0.00
2025-12-09,13:13:00,25977,25977.5,25965.75,25970.25,2419,25976.29,25909.43,0.00
2025-12-09,13:14:00,25970,25973,25969.75,25971.75,1020,25975.87,25909.56,0.00
2025-12-09,13:15:00,25972,25979.5,25972,25974,1542,25975.79,25909.75,0.00
2025-12-09,13:16:00,25974.25,25975.5,25968.5,25970,1112,25975.44,25909.89,0.00
2025-12-09,13:17:00,25970,25973.5,25968,25969.25,1023,25975.10,25910.01,0.00
2025-12-09,13:18:00,25970,25970.25,25965.25,25969,1269,25974.57,25910.15,0.00
2025-12-09,13:19:00,25969,25969.75,25965.25,25965.25,887,25974.18,25910.25,0.00
2025-12-09,13:20:00,25965,25966,25959.75,25960.25,1885,25972.99,25910.44,0.00
2025-12-09,13:21:00,25959.75,25960.25,25950.25,25955.5,3405,25970.36,25910.73,0.00
2025-12-09,13:22:00,25955.5,25960.25,25953.5,25956.75,1554,25969.50,25910.87,0.00
2025-12-09,13:23:00,25956.25,25958.25,25950,25951.5,1614,25968.49,25911.00,0.00
2025-12-09,13:24:00,25952,25953.75,25943.25,25953.5,2943,25966.63,25911.22,0.00
2025-12-09,13:25:00,25953.25,25956.5,25949.75,25956,1499,25966.01,25911.34,0.00
2025-12-09,13:26:00,25956.25,25965.25,25954.75,25964.25,3155,25965.58,25911.63,0.00
2025-12-09,13:27:00,25964.25,25966.75,25955.5,25961.5,2245,25965.31,25911.84,0.00
2025-12-09,13:28:00,25961.5,25962.5,25954.75,25960.75,1260,25965.10,25911.96,0.00
2025-12-09,13:29:00,25961.25,25963.75,25959,25961.5,850,25965.02,25912.03,0.00
2025-12-09,13:30:00,25961.5,25962.75,25959,25960.75,559,25964.96,25912.08,0.00
2025-12-09,13:31:00,25960.75,25970.25,25960.5,25966.25,2532,25965.00,25912.34,0.00
2025-12-09,13:32:00,25966.75,25968.25,25961,25966.25,1476,25965.01,25912.48,0.00
2025-12-09,13:33:00,25966.75,25967.25,25957.75,25958.25,1324,25964.89,25912.60,0.00
2025-12-09,13:34:00,25958.25,25964.5,25956.25,25960,1630,25964.72,25912.74,0.00
2025-12-09,13:35:00,25960.25,25961.25,25954.25,25958,1862,25964.45,25912.90,0.00
2025-12-09,13:36:00,25957.75,25960.25,25954.25,25957.75,1234,25964.27,25913.00,0.00
2025-12-09,13:37:00,25957.75,25958.75,25947.75,25950.25,3089,25963.56,25913.22,0.00
2025-12-09,13:38:00,25950,25957.5,25946.75,25957.5,2099,25963.18,25913.37,0.00
2025-12-09,13:39:00,25957.75,25963.5,25954.25,25961.75,2075,25963.06,25913.55,0.00
2025-12-09,13:40:00,25962,25967.75,25961.5,25963.75,1903,25963.10,25913.72,0.00
2025-12-09,13:41:00,25963.75,25968.75,25961.5,25961.75,1440,25963.12,25913.85,0.00
2025-12-09,13:42:00,25961.5,25962,25957.25,25958.5,1344,25963.03,25913.96,0.00
2025-12-09,13:43:00,25959.25,25961.5,25951,25951.75,1640,25962.81,25914.08,0.00
2025-12-09,13:44:00,25952,25959.25,25950,25955.75,1673,25962.61,25914.20,0.00
2025-12-09,13:45:00,25955.5,25958.5,25952.5,25956,763,25962.53,25914.26,0.00
2025-12-09,13:46:00,25956.5,25957,25951.5,25953.5,1027,25962.39,25914.33,0.00
2025-12-09,13:47:00,25953,25954,25948.75,25950.75,1300,25962.18,25914.41,0.00
2025-12-09,13:48:00,25950.5,25955,25947.5,25951.75,1425,25961.95,25914.51,0.00
2025-12-09,13:49:00,25952.5,25955.5,25949.75,25950.5,921,25961.82,25914.57,0.00
2025-12-09,13:50:00,25950,25950.75,25942.25,25945,2417,25961.29,25914.70,0.00
2025-12-09,13:51:00,25945,25954.25,25943.5,25953.75,1516,25961.06,25914.80,0.00
2025-12-09,13:52:00,25953.75,25959.25,25953.75,25956,1690,25960.96,25914.92,0.00
2025-12-09,13:53:00,25956,25956.5,25950.25,25952.75,1101,25960.84,25914.99,0.00
2025-12-09,13:54:00,25952.25,25960.75,25952.25,25960.25,1546,25960.78,25915.11,0.00
2025-12-09,13:55:00,25960.25,25961.5,25954,25960.75,1051,25960.75,25915.19,0.00
2025-12-09,13:56:00,25960.5,25964.5,25956.25,25959.75,1966,25960.74,25915.34,0.00
2025-12-09,13:57:00,25959.75,25960,25951,25954.75,1974,25960.61,25915.48,0.00
2025-12-09,13:58:00,25954.25,25962,25952,25959,1055,25960.57,25915.55,0.00
2025-12-09,13:59:00,25959,25968,25959,25966.25,1694,25960.65,25915.69,0.00
2025-12-09,14:00:00,25966,25972.25,25966,25970.5,2194,25960.87,25915.90,0.00
2025-12-09,14:01:00,25970.25,25971.5,25963,25968.75,2151,25961.04,25916.09,0.00
2025-12-09,14:02:00,25969.25,25970.75,25963.5,25966.75,1030,25961.10,25916.17,0.00
2025-12-09,14:03:00,25966.75,25974.5,25966.25,25973.5,1503,25961.27,25916.32,0.00
2025-12-09,14:04:00,25973.5,25978,25971.25,25977.25,1840,25961.55,25916.50,0.00
2025-12-09,14:05:00,25977,25981.25,25973.5,25975.5,1808,25961.84,25916.68,0.00
2025-12-09,14:06:00,25975.75,25977,25973,25975.25,1026,25961.98,25916.78,0.00
2025-12-09,14:07:00,25975,25975.75,25970.5,25971.25,1256,25962.11,25916.90,0.00
2025-12-09,14:08:00,25971,25976.5,25969.25,25970.75,1222,25962.24,25917.01,0.00
2025-12-09,14:09:00,25971.25,25973,25965.25,25970.25,1336,25962.33,25917.13,0.00
2025-12-09,14:10:00,25970,25971.5,25967.25,25967.5,931,25962.39,25917.21,0.00
2025-12-09,14:11:00,25967.75,25968.5,25963,25964.5,1553,25962.44,25917.34,0.00
2025-12-09,14:12:00,25965,25965.25,25957.25,25958.75,1632,25962.40,25917.45,0.00
2025-12-09,14:13:00,25958.5,25968.75,25957.5,25968.5,1490,25962.44,25917.57,0.00
2025-12-09,14:14:00,25968.75,25972.5,25965.5,25967,1603,25962.53,25917.70,0.00
2025-12-09,14:15:00,25966.5,25971.25,25966.25,25970.25,715,25962.57,25917.76,0.00
2025-12-09,14:16:00,25970.5,25976,25970.25,25974.75,1475,25962.72,25917.90,0.00
2025-12-09,14:17:00,25974.5,25976.5,25970.25,25973.5,1153,25962.83,25918.00,0.00
2025-12-09,14:18:00,25973.25,25981.25,25970.5,25980,1684,25963.05,25918.17,0.00
2025-12-09,14:19:00,25980.25,25984.75,25977.75,25978.25,2195,25963.37,25918.39,0.00
2025-12-09,14:20:00,25978.25,25981.5,25974.75,25981,1167,25963.53,25918.51,0.00
2025-12-09,14:21:00,25981,25981.5,25975.25,25977.75,849,25963.64,25918.59,0.00
2025-12-09,14:22:00,25978.25,25978.5,25972,25972,1048,25963.73,25918.68,0.00
2025-12-09,14:23:00,25972.75,25976,25970.25,25970.75,992,25963.80,25918.77,0.00
2025-12-09,14:24:00,25971,25974,25969,25970.5,1065,25963.87,25918.86,0.00
2025-12-09,14:25:00,25970.25,25978,25969.25,25976.5,1149,25963.97,25918.96,0.00
2025-12-09,14:26:00,25976.5,25977.75,25971.75,25975.25,1032,25964.06,25919.06,0.00
2025-12-09,14:27:00,25975,25976.25,25969.25,25972,751,25964.11,25919.12,0.00
2025-12-09,14:28:00,25971.5,25978.75,25970.5,25977.25,794,25964.19,25919.19,0.00
2025-12-09,14:29:00,25977.5,25984.25,25976,25983.5,1380,25964.37,25919.33,0.00
2025-12-09,14:30:00,25983.5,25985,25978,25979.25,1130,25964.52,25919.44,0.00
2025-12-09,14:31:00,25979.5,25981.75,25976.5,25980.5,1215,25964.66,25919.56,0.00
2025-12-09,14:32:00,25981.25,25983,25977.75,25980.5,718,25964.75,25919.63,0.00
2025-12-09,14:33:00,25980.5,25981.75,25977.75,25978.75,581,25964.82,25919.68,0.00
2025-12-09,14:34:00,25979,25981.25,25976,25976.25,746,25964.89,25919.75,0.00
2025-12-09,14:35:00,25976.5,25978.5,25972.5,25973,1030,25964.97,25919.84,0.00
2025-12-09,14:36:00,25973.25,25973.75,25966.5,25967.25,1640,25965.02,25919.97,0.00
2025-12-09,14:37:00,25967.75,25968.75,25966,25966.5,851,25965.04,25920.03,0.00
2025-12-09,14:38:00,25966.5,25969.25,25963.5,25968.75,1389,25965.06,25920.14,0.00
2025-12-09,14:39:00,25968.75,25972.5,25965.75,25966.25,1185,25965.08,25920.23,0.00
2025-12-09,14:40:00,25966.75,25966.75,25959.75,25966.5,2065,25965.07,25920.37,0.00
2025-12-09,14:41:00,25966.5,25969.5,25964.5,25967.25,1169,25965.09,25920.46,0.00
2025-12-09,14:42:00,25967.25,25969.25,25960,25960.25,909,25965.08,25920.52,0.00
2025-12-09,14:43:00,25960,25965.5,25958.5,25965,1257,25965.06,25920.60,0.00
2025-12-09,14:44:00,25965.25,25966.25,25955.75,25960.5,1566,25965.01,25920.70,0.00
2025-12-09,14:45:00,25961.25,25962,25954.75,25957.25,1987,25964.92,25920.81,0.00
2025-12-09,14:46:00,25956.75,25958.25,25943.75,25945.5,4260,25964.47,25921.00,0.00
2025-12-09,14:47:00,25945.25,25950.75,25944.25,25946.75,1716,25964.27,25921.07,0.00
2025-12-09,14:48:00,25946.5,25952.5,25945,25947.25,1622,25964.10,25921.14,0.00
2025-12-09,14:49:00,25947.75,25965.25,25947.75,25964.5,2724,25964.01,25921.30,0.00
2025-12-09,14:50:00,25964.75,25971.25,25964.5,25967.75,2139,25964.07,25921.45,0.00
2025-12-09,14:51:00,25967.5,25970.5,25963.25,25968,1633,25964.10,25921.56,0.00
2025-12-09,14:52:00,25968,25974,25965.25,25970.75,1892,25964.17,25921.70,0.00
2025-12-09,14:53:00,25971.25,25977.75,25968.5,25977.5,1367,25964.26,25921.81,0.00
2025-12-09,14:54:00,25977.5,25991.75,25975.75,25985.75,4261,25984.42,25922.21,0.00
2025-12-09,14:55:00,25985.5,25989,25982.75,25984.25,2144,25984.72,25922.42,0.00
2025-12-09,14:56:00,25984.5,25986.5,25976.25,25980.75,2730,25983.66,25922.66,0.00
2025-12-09,14:57:00,25980.75,25988,25978.75,25987,1342,25983.78,25922.78,0.00
2025-12-09,14:58:00,25987.25,25987.5,25983.25,25984,1068,25983.88,25922.88,0.00
2025-12-09,14:59:00,25984,25985.75,25978.25,25980.25,990,25983.69,25922.96,0.00
2025-12-09,15:00:00,25980.25,25981.25,25974,25975,1718,25982.85,25923.10,0.00
2025-12-09,15:01:00,25975.25,25977.5,25971.25,25971.5,1567,25981.92,25923.22,0.00
2025-12-09,15:02:00,25971.5,25973,25966.25,25967.25,1703,25980.65,25923.33,0.00
2025-12-09,15:03:00,25967.5,25969,25959,25965.75,2857,25978.39,25923.51,0.00
2025-12-09,15:04:00,25965.25,25969.75,25960.5,25967.5,1485,25977.55,25923.60,0.00
2025-12-09,15:05:00,25967,25970,25963,25965.5,950,25977.07,25923.66,0.00
2025-12-09,15:06:00,25965.5,25970,25963.25,25963.75,1072,25976.56,25923.72,0.00
2025-12-09,15:07:00,25964,25965.75,25959,25962,1372,25975.78,25923.80,0.00
2025-12-09,15:08:00,25962.25,25964,25954.5,25955.75,1835,25974.59,25923.89,0.00
2025-12-09,15:09:00,25956,25961,25952,25958.5,2967,25972.87,25924.03,0.00
2025-12-09,15:10:00,25958.5,25963,25955.75,25961.25,1159,25972.39,25924.10,0.00
2025-12-09,15:11:00,25961,25966.25,25952.25,25957.5,2666,25971.31,25924.23,0.00
2025-12-09,15:12:00,25958.25,25958.5,25953.75,25957,915,25970.92,25924.27,0.00
2025-12-09,15:13:00,25957,25957.25,25952.25,25953,930,25970.48,25924.31,0.00
2025-12-09,15:14:00,25952.5,25956.5,25950.75,25952.75,1331,25969.87,25924.37,0.00
2025-12-09,15:15:00,25953,25958,25952.5,25957.75,752,25969.59,25924.40,0.00
2025-12-09,15:16:00,25957.5,25960.5,25954.25,25959.25,1300,25969.21,25924.46,0.00
2025-12-09,15:17:00,25959.25,25960.25,25954.5,25956.25,722,25968.98,25924.50,0.00
2025-12-09,15:18:00,25955.75,25960.75,25954.5,25958.75,796,25968.77,25924.53,0.00
2025-12-09,15:19:00,25959.25,25968.25,25957.5,25967.75,1717,25968.60,25924.63,0.00
2025-12-09,15:20:00,25967.75,25970,25963.5,25966,1249,25968.54,25924.71,0.00
2025-12-09,15:21:00,25965.75,25970.75,25965.25,25969.75,1147,25968.54,25924.78,0.00
2025-12-09,15:22:00,25969.75,25970.5,25965.5,25966.25,808,25968.52,25924.83,0.00
2025-12-09,15:23:00,25965.75,25967.5,25960.75,25963.75,1135,25968.41,25924.89,0.00
2025-12-09,15:24:00,25963.5,25966.5,25962,25965.75,571,25968.36,25924.92,0.00
2025-12-09,15:25:00,25965.75,25967.25,25963,25963.75,450,25968.33,25924.95,0.00
2025-12-09,15:26:00,25963.5,25968.5,25962.75,25968,784,25968.30,25924.99,0.00
2025-12-09,15:27:00,25968.5,25970.25,25964.25,25964.25,935,25968.26,25925.05,0.00
2025-12-09,15:28:00,25964.25,25966.5,25962.75,25964.75,838,25968.20,25925.09,0.00
2025-12-09,15:29:00,25964.75,25966.75,25962.5,25965.5,652,25968.16,25925.13,0.00
2025-12-09,15:30:00,25965.75,25965.75,25961.5,25964.25,629,25968.10,25925.16,0.00
2025-12-09,15:31:00,25964.5,25966,25960.5,25964.75,1003,25968.02,25925.22,0.00
2025-12-09,15:32:00,25964.75,25966.5,25960.75,25965.5,834,25967.96,25925.26,0.00
2025-12-09,15:33:00,25965.75,25970,25964.75,25967.25,969,25967.95,25925.32,0.00
2025-12-09,15:34:00,25967.75,25969,25962.5,25964.25,974,25967.90,25925.38,0.00
2025-12-09,15:35:00,25964.5,25965.5,25962.5,25963.25,581,25967.86,25925.41,0.00
2025-12-09,15:36:00,25963.25,25964.25,25957.75,25958.25,1319,25967.68,25925.47,0.00
2025-12-09,15:37:00,25958.25,25958.75,25953,25955,2099,25967.25,25925.56,0.00
2025-12-09,15:38:00,25955.25,25962,25954.5,25957,1192,25967.07,25925.61,0.00
2025-12-09,15:39:00,25956.75,25959,25953.5,25957.75,879,25966.92,25925.65,0.00
2025-12-09,15:40:00,25957.5,25961.75,25956,25956.25,884,25966.79,25925.69,0.00
2025-12-09,15:41:00,25956.25,25958.25,25954.75,25957.25,635,25966.69,25925.72,0.00
2025-12-09,15:42:00,25956.5,25956.75,25950.5,25951,1222,25966.43,25925.76,0.00
2025-12-09,15:43:00,25951.5,25953.5,25947.25,25950.25,1562,25966.04,25925.82,0.00
2025-12-09,15:44:00,25950,25954.75,25949.75,25950.25,686,25965.89,25925.84,0.00
2025-12-09,15:45:00,25950.75,25951,25936,25944.5,3974,25964.65,25925.94,0.00
2025-12-09,15:46:00,25944.75,25946.5,25941,25944,1554,25964.20,25925.98,0.00
2025-12-09,15:47:00,25944.25,25951.25,25943.25,25948.5,1589,25963.84,25926.02,0.00
2025-12-09,15:48:00,25948.75,25950.5,25942.5,25944.25,1065,25963.58,25926.05,0.00
2025-12-09,15:49:00,25944.25,25949.25,25943.25,25947.75,791,25963.41,25926.07,0.00
2025-12-09,15:50:00,25947.25,25951.5,25947,25948.75,937,25963.23,25926.10,0.00
2025-12-09,15:51:00,25949,25956.75,25948.25,25955,2290,25962.94,25926.19,0.00
2025-12-09,15:52:00,25955.25,25958.25,25953.5,25957.5,1116,25962.85,25926.23,0.00
2025-12-09,15:53:00,25957,25959,25951.75,25951.75,1115,25962.73,25926.27,0.00
2025-12-09,15:54:00,25951.75,25959,25950.5,25958.5,1313,25962.62,25926.33,0.00
2025-12-09,15:55:00,25958.25,25960,25956,25956.25,1103,25962.55,25926.37,0.00
2025-12-09,15:56:00,25956,25961,25955,25960.25,970,25962.51,25926.42,0.00
2025-12-09,15:57:00,25960,25961.75,25956,25958,934,25962.47,25926.46,0.00
2025-12-09,15:58:00,25958,25959.75,25952,25954,1129,25962.37,25926.50,0.00
2025-12-09,15:59:00,25954,25958.5,25952.75,25958.5,750,25962.32,25926.53,0.00
2025-12-09,16:00:00,25958.5,25960.25,25954.5,25955.75,1001,25962.26,25926.57,0.00
2025-12-09,16:01:00,25955.25,25956.75,25951.75,25953,1237,25962.14,25926.62,0.00
2025-12-09,16:02:00,25953.25,25953.5,25948.75,25952.25,1216,25962.00,25926.66,0.00
2025-12-09,16:03:00,25952.5,25958.25,25951,25958.25,885,25961.94,25926.69,0.00
2025-12-09,16:04:00,25958,25959,25954.25,25956,670,25961.90,25926.72,0.00
2025-12-09,16:05:00,25956.25,25959.75,25956,25957,655,25961.87,25926.74,0.00
2025-12-09,16:06:00,25957,25959.25,25953.25,25958.25,814,25961.83,25926.78,0.00
2025-12-09,16:07:00,25958.25,25958.5,25954.75,25956,582,25961.79,25926.80,0.00
2025-12-09,16:08:00,25956.5,25964,25955.75,25962.25,1613,25961.77,25926.87,0.00
2025-12-09,16:09:00,25962.25,25966.5,25961.5,25962,1780,25961.80,25926.96,0.00
2025-12-09,16:10:00,25962.25,25963,25958.5,25959.75,828,25961.79,25926.99,0.00
2025-12-09,16:11:00,25959.75,25962.25,25957.25,25957.75,912,25961.77,25927.03,0.00
2025-12-09,16:12:00,25958,25960,25956.5,25956.75,612,25961.74,25927.06,0.00
2025-12-09,16:13:00,25956.5,25960.5,25956,25959,859,25961.71,25927.09,0.00
2025-12-09,16:14:00,25959.25,25959.25,25953.75,25954.75,974,25961.66,25927.13,0.00
2025-12-09,16:15:00,25954.75,25956.5,25953.25,25954.5,937,25961.60,25927.16,0.00
2025-12-09,16:16:00,25954.25,25955,25951,25954.75,1351,25961.49,25927.21,0.00
2025-12-09,16:17:00,25955,25956.25,25951.75,25952.5,864,25961.43,25927.24,0.00
2025-12-09,16:18:00,25952.5,25957,25950,25956.5,1107,25961.35,25927.28,0.00
2025-12-09,16:19:00,25957,25958,25953.5,25957,723,25961.32,25927.31,0.00
2025-12-09,16:20:00,25957,25958,25954.25,25956.25,573,25961.29,25927.33,0.00
2025-12-09,16:21:00,25956,25962.75,25956,25959.75,1462,25961.27,25927.39,0.00
2025-12-09,16:22:00,25959.5,25960.5,25955.25,25957.5,851,25961.24,25927.42,0.00
2025-12-09,16:23:00,25957.5,25959.25,25955.75,25957.75,522,25961.22,25927.44,0.00
2025-12-09,16:24:00,25957.75,25959.5,25954.25,25955.5,767,25961.19,25927.47,0.00
2025-12-09,16:25:00,25955.25,25956.75,25953.75,25954.5,507,25961.16,25927.49,0.00
2025-12-09,16:26:00,25954.5,25955,25951.5,25952.5,1106,25961.08,25927.53,0.00
2025-12-09,16:27:00,25952.75,25954.75,25950.25,25950.75,823,25961.01,25927.55,0.00
2025-12-09,16:28:00,25950.25,25953,25946.75,25952.75,1572,25960.87,25927.60,0.00
2025-12-09,16:29:00,25952.75,25955.75,25951.75,25953.75,985,25960.81,25927.63,0.00
2025-12-09,16:30:00,25953.75,25954,25949.75,25950,830,25960.75,25927.66,0.00
2025-12-09,16:31:00,25949.75,25954.5,25947.75,25952.75,1528,25960.63,25927.70,0.00
2025-12-09,16:32:00,25952.5,25955,25949.75,25950,756,25960.57,25927.73,0.00
2025-12-09,16:33:00,25949.75,25952,25948.25,25950.25,691,25960.51,25927.75,0.00
2025-12-09,16:34:00,25950.5,25952.75,25947.25,25948,948,25960.42,25927.77,0.00
2025-12-09,16:35:00,25947.5,25948.25,25941.25,25943.75,2259,25960.13,25927.82,0.00
2025-12-09,16:36:00,25943.75,25947.5,25940.5,25946.25,1313,25959.97,25927.85,0.00
2025-12-09,16:37:00,25946.5,25953.25,25946,25953,1568,25959.85,25927.90,0.00
2025-12-09,16:38:00,25953.5,25954.5,25950,25952.25,858,25959.80,25927.92,0.00
2025-12-09,16:39:00,25952.25,25954.25,25951,25951.25,535,25959.77,25927.94,0.00
2025-12-09,16:40:00,25951.5,25956.75,25950,25954.25,955,25959.72,25927.97,0.00
2025-12-09,16:41:00,25954.25,25959,25952.75,25956,1365,25959.68,25928.02,0.00
2025-12-09,16:42:00,25955.75,25956.5,25949,25949.25,1231,25959.60,25928.06,0.00
2025-12-09,16:43:00,25949,25955,25948.5,25954.25,898,25959.56,25928.08,0.00
2025-12-09,16:44:00,25954.25,25955.5,25951.75,25951.75,636,25959.53,25928.10,0.00
2025-12-09,16:45:00,25952.25,25960,25952,25959.5,924,25959.51,25928.14,0.00
2025-12-09,16:46:00,25959.75,25962.25,25958.25,25959.5,1450,25959.51,25928.19,0.00
2025-12-09,16:47:00,25959.5,25959.5,25954.25,25957,1123,25959.49,25928.24,0.00
2025-12-09,16:48:00,25956.75,25957.25,25952.25,25956.25,1003,25959.46,25928.27,0.00
2025-12-09,16:49:00,25956.5,25961.75,25955.5,25961.75,787,25959.46,25928.30,0.00
2025-12-09,16:50:00,25961.75,25963.25,25959,25960.75,1372,25959.48,25928.36,0.00
2025-12-09,16:51:00,25960.5,25975.25,25960,25968.25,4304,25959.73,25928.57,0.00
2025-12-09,16:52:00,25968.25,25973.5,25965.25,25968.75,2020,25959.86,25928.67,0.00
2025-12-09,16:53:00,25969,25969,25960,25960.25,1756,25959.90,25928.74,0.00
2025-12-09,16:54:00,25961,25965.75,25950.75,25952.25,2650,25959.83,25928.83,0.00
2025-12-09,16:55:00,25952.25,25961,25943.75,25948,5131,25959.54,25928.97,0.00
2025-12-09,16:56:00,25948.25,25954.5,25944,25953,3795,25959.32,25929.07,0.00
2025-12-09,16:57:00,25952.5,25965,25950.25,25952,3325,25959.25,25929.18,0.00
2025-12-09,16:58:00,25952,25952.75,25946.5,25950.75,1794,25959.15,25929.23,0.00
2025-12-09,16:59:00,25950.75,25951.5,25942.5,25944,2099,25958.98,25929.27,0.00
2025-12-09,17:00:00,25943.75,25958,25939.25,25956.25,6190,25958.70,25929.43,0.00
2025-12-09,17:01:00,25956.5,25957.25,25945.5,25947.75,2449,25958.58,25929.49,0.00
2025-12-09,17:02:00,25948,25948,25939.75,25939.75,1605,25958.43,25929.52,0.00
2025-12-09,17:03:00,25939.75,25947,25939.25,25943.5,1340,25958.32,25929.54,0.00
2025-12-09,17:04:00,25943.5,25945.5,25941,25942,600,25958.27,25929.55,0.00
2025-12-09,17:05:00,25941.75,25942.75,25939,25942.75,970,25958.17,25929.56,0.00
2025-12-09,17:06:00,25942.5,25945.25,25940.5,25944.75,590,25958.13,25929.57,0.00
2025-12-09,17:07:00,25945,25945,25938.5,25939.5,539,25958.08,25929.58,0.00
2025-12-09,17:08:00,25939.25,25940.75,25938.5,25939.25,348,25958.04,25929.58,0.00
2025-12-09,17:09:00,25940,25941.5,25938.25,25938.75,452,25957.99,25929.59,0.00
2025-12-09,17:10:00,25938.5,25941.75,25937.5,25937.75,557,25957.93,25929.60,0.00
2025-12-09,17:11:00,25938.25,25940.75,25936,25940.5,623,25957.87,25929.60,0.00
2025-12-09,17:12:00,25940.5,25943.75,25939.75,25943.75,527,25957.83,25929.61,0.00
2025-12-09,17:13:00,25943.5,25943.75,25940.5,25940.75,365,25957.79,25929.62,0.00
2025-12-09,17:14:00,25940.5,25940.75,25935,25935,514,25957.73,25929.62,0.00
2025-12-09,17:15:00,25935.25,25939.5,25934.25,25937.5,506,25957.68,25929.63,0.00
2025-12-09,17:16:00,25937.5,25938.25,25935,25936.25,456,25957.63,25929.63,0.00
2025-12-09,17:17:00,25936.5,25937.75,25935,25935.25,237,25957.60,25929.63,0.00
2025-12-09,17:18:00,25935.25,25935.25,25930,25932.25,736,25957.50,25929.63,0.00
2025-12-09,17:19:00,25931.75,25931.75,25929.5,25931,330,25957.45,25929.63,0.00
2025-12-09,17:20:00,25931.5,25933.75,25931.25,25932.5,299,25957.41,25929.64,0.00
2025-12-09,17:21:00,25932.75,25937.5,25931.5,25935.5,436,25957.36,25929.64,0.00
2025-12-09,17:22:00,25935.25,25939.25,25934.75,25937.75,293,25957.33,25929.64,0.00
2025-12-09,17:23:00,25937.5,25938,25935.75,25936.5,183,25957.31,25929.64,0.00
2025-12-09,17:24:00,25936.75,25939.75,25936.25,25937.25,256,25957.28,25929.64,0.00
2025-12-09,17:25:00,25937.25,25939.25,25935,25935.25,211,25957.26,25929.65,0.00
2025-12-09,17:26:00,25935.5,25935.75,25931.5,25931.75,244,25957.22,25929.65,0.00
2025-12-09,17:27:00,25932,25935.5,25928.25,25935,494,25957.16,25929.65,0.00
2025-12-09,17:28:00,25934.75,25935.25,25932.75,25934.5,208,25957.14,25929.65,0.00
2025-12-09,17:29:00,25934.5,25934.75,25932.75,25933,114,25957.12,25929.65,0.00
2025-12-09,17:30:00,25933,25934.25,25931.25,25933.75,278,25957.09,25929.65,0.00
2025-12-09,17:31:00,25933.5,25934.5,25932.75,25934.5,261,25957.05,25929.65,0.00
2025-12-09,17:32:00,25934,25936.5,25933.25,25933.75,297,25957.02,25929.65,0.00
2025-12-09,17:33:00,25933.75,25934,25931.25,25933.5,224,25956.99,25929.66,0.00
2025-12-09,17:34:00,25932.5,25934.25,25932.5,25933.75,136,25956.97,25929.66,0.00
2025-12-09,17:35:00,25933.5,25934.5,25932.25,25934,234,25956.94,25929.66,0.00
2025-12-09,17:36:00,25934,25934.25,25929.75,25934.25,430,25956.89,25929.66,0.00
2025-12-09,17:37:00,25934,25936.5,25934,25934.75,292,25956.86,25929.66,0.00
2025-12-09,17:38:00,25934.75,25935.25,25933.75,25935.25,153,25956.84,25929.66,0.00
2025-12-09,17:39:00,25935.5,25935.75,25932.75,25932.75,147,25956.82,25929.66,0.00
2025-12-09,17:40:00,25932.75,25934,25930.75,25934,204,25956.79,25929.66,0.00
2025-12-09,17:41:00,25933.5,25939,25933.5,25937.75,366,25956.76,25929.67,0.00
2025-12-09,17:42:00,25937.75,25939,25936.75,25937,263,25956.73,25929.67,0.00
2025-12-09,17:43:00,25936.75,25937.25,25933.75,25934.25,137,25956.71,25929.67,0.00
2025-12-09,17:44:00,25934.25,25934.25,25932.25,25933.75,160,25956.70,25929.67,0.00
2025-12-09,17:45:00,25933.75,25936.5,25932.25,25932.25,281,25956.66,25929.67,0.00
2025-12-09,17:46:00,25932.25,25934,25931.25,25932.75,470,25956.60,25929.67,0.00
2025-12-09,17:47:00,25932.75,25934,25932,25933,172,25956.58,25929.67,0.00
2025-12-09,17:48:00,25932.75,25934,25932.5,25933.25,208,25956.56,25929.67,0.00
2025-12-09,17:49:00,25933.25,25934,25930.5,25931,232,25956.53,25929.68,0.00
2025-12-09,17:50:00,25930.75,25934,25930.5,25934,152,25956.51,25929.68,0.00
2025-12-09,17:51:00,25933.75,25936.5,25933.25,25934.5,329,25956.47,25929.68,0.00
2025-12-09,17:52:00,25934.5,25935,25930.25,25930.25,300,25956.43,25929.68,0.00
2025-12-09,17:53:00,25930.25,25931.75,25929,25929,248,25956.40,25929.68,0.00
2025-12-09,17:54:00,25929,25930.25,25928,25928.25,114,25956.38,25929.68,0.00
2025-12-09,17:55:00,25928,25930,25928,25930,93,25956.37,25929.68,0.00
2025-12-09,17:56:00,25929.75,25931,25928,25930,273,25956.33,25929.68,0.00
2025-12-09,17:57:00,25930,25932,25929.25,25931.25,135,25956.32,25929.68,0.00
2025-12-09,17:58:00,25931,25932,25930.5,25931.25,75,25956.31,25929.68,0.00
2025-12-09,17:59:00,25931.5,25933.75,25930.5,25932.5,130,25956.29,25929.68,0.00
2025-12-09,18:00:00,25932.5,25935.5,25929.25,25929.75,419,25956.24,25929.68,0.00
2025-12-09,19:01:00,25934.25,25942.5,25932.5,25938.75,1017,25937.92,25937.92,0.00
2025-12-09,19:02:00,25936.75,25938.75,25931.5,25935.5,643,25936.88,25935.25,0.00
2025-12-09,19:03:00,25936.25,25937.75,25930.25,25936,427,25936.43,25934.67,0.00
2025-12-09,19:04:00,25936,25937.75,25934.75,25937,264,25936.44,25935.37,0.00
2025-12-09,19:05:00,25937,25938.25,25934.75,25937.5,183,25936.47,25935.67,0.00
2025-12-09,19:06:00,25937.5,25938.25,25935,25936,273,25936.46,25935.85,0.00
2025-12-09,19:07:00,25936.25,25938.75,25935.25,25935.75,182,25936.47,25935.95,0.00
2025-12-09,19:08:00,25935.25,25935.75,25933.25,25935,139,25936.39,25935.83,0.00
2025-12-09,19:09:00,25934.75,25935.5,25930.75,25931.75,357,25936.01,25935.21,0.00
2025-12-09,19:10:00,25932,25934,25929.75,25932.25,274,25935.72,25932.00,0.00
2025-12-09,19:11:00,25932.5,25934.75,25930,25930,156,25935.55,25931.85,0.00
2025-12-09,19:12:00,25931,25932.5,25930,25930.75,127,25935.41,25931.67,0.00
2025-12-09,19:13:00,25931,25932.75,25927.25,25932,338,25935.04,25930.67,0.00
2025-12-09,19:14:00,25932,25932.25,25930.25,25930.5,109,25934.95,25930.75,0.00
2025-12-09,19:15:00,25930.75,25931.5,25929.75,25930.75,90,25934.86,25930.73,0.00
2025-12-09,19:16:00,25930.25,25932.25,25927.25,25929,317,25934.51,25930.28,0.00
2025-12-09,19:17:00,25928.75,25929.5,25923,25928,698,25933.56,25926.83,0.00
2025-12-09,19:18:00,25929,25930.5,25926.75,25930,294,25933.33,25927.50,0.00
2025-12-09,19:19:00,25930,25930.75,25926.25,25926.25,166,25933.18,25927.54,0.00
2025-12-09,19:20:00,25926.25,25929.75,25923.5,25928.25,282,25932.91,25927.46,0.00
2025-12-09,19:21:00,25927.5,25929.25,25925.75,25926.5,167,25932.76,25927.43,0.00
2025-12-09,19:22:00,25926.5,25928.5,25925.25,25925.5,166,25932.61,25927.34,0.00
2025-12-09,19:23:00,25925.5,25926.5,25923.5,25926.5,270,25932.33,25927.09,0.00
2025-12-09,19:24:00,25926,25926.75,25924.5,25926,154,25932.19,25927.00,0.00
2025-12-09,19:25:00,25926,25928,25925.25,25926.5,173,25932.05,25926.97,0.00
2025-12-09,19:26:00,25926.75,25930,25926,25929,263,25931.92,25927.11,0.00
2025-12-09,19:27:00,25929.5,25931,25927.75,25929.25,270,25931.83,25927.31,0.00
2025-12-09,19:28:00,25928.75,25931,25928,25931,126,25931.81,25927.43,0.00
2025-12-09,19:29:00,25930.25,25931.25,25928.75,25929.75,144,25931.77,25927.54,0.00
2025-12-09,19:30:00,25929.5,25931.25,25929.5,25929.75,106,25931.75,25927.62,0.00
2025-12-09,19:31:00,25929.25,25930,25927.25,25929.25,146,25931.70,25927.67,0.00
2025-12-09,19:32:00,25930,25930.5,25927.5,25929.25,105,25931.67,25927.72,0.00
2025-12-09,19:33:00,25929.25,25929.25,25927.75,25927.75,50,25931.65,25927.72,0.00
2025-12-09,19:34:00,25928.75,25930,25927.5,25928.75,84,25931.62,25927.75,0.00
2025-12-09,19:35:00,25929,25929.75,25927,25927.75,110,25931.57,25927.76,0.00
2025-12-09,19:36:00,25927.75,25928,25925.75,25926,147,25931.49,25927.72,0.00
2025-12-09,19:37:00,25926,25930.25,25926,25929.5,185,25931.43,25927.75,0.00
2025-12-09,19:38:00,25930,25931,25928.75,25931,96,25931.42,25927.81,0.00
2025-12-09,19:39:00,25930.5,25931.25,25929,25929,68,25931.41,25927.84,0.00
2025-12-09,19:40:00,25929.5,25930.5,25928.5,25930,77,25931.39,25927.88,0.00
2025-12-09,19:41:00,25930.75,25932.25,25930,25932.25,129,25931.39,25927.98,0.00
2025-12-09,19:42:00,25931.75,25934,25931.25,25932,255,25931.42,25928.22,0.00
2025-12-09,19:43:00,25931.75,25932.75,25928.75,25930,142,25931.41,25928.29,0.00
2025-12-09,19:44:00,25929.5,25930.5,25929,25929.25,75,25931.39,25928.30,0.00
2025-12-09,19:45:00,25929.75,25932.5,25928.25,25932.5,115,25931.39,25928.37,0.00
2025-12-09,19:46:00,25932,25933.5,25929.75,25930.75,185,25931.39,25928.47,0.00
2025-12-09,19:47:00,25931,25931.5,25929.25,25931,94,25931.38,25928.51,0.00
2025-12-09,19:48:00,25931,25932.25,25930.25,25931.5,58,25931.38,25928.54,0.00
2025-12-09,19:49:00,25931.5,25932.5,25930.5,25931.25,87,25931.38,25928.59,0.00
2025-12-09,19:50:00,25931.75,25933,25930.5,25932.5,69,25931.39,25928.63,0.00
2025-12-09,19:51:00,25932.75,25934.5,25929,25929.75,214,25931.38,25928.72,0.00
2025-12-09,19:52:00,25930.5,25931,25927.25,25928,135,25931.35,25928.72,0.00
2025-12-09,19:53:00,25928,25928.25,25925.25,25926.25,181,25931.27,25928.66,0.00
2025-12-09,19:54:00,25926.5,25926.75,25920.25,25922.75,457,25930.95,25923.25,0.00
2025-12-09,19:55:00,25923.75,25927,25923.25,25926.75,189,25930.86,25923.96,0.00
2025-12-09,19:56:00,25927,25927.25,25924.5,25925,93,25930.82,25924.16,0.00
2025-12-09,19:57:00,25924.75,25926.25,25923.5,25926.25,158,25930.75,25924.37,0.00
2025-12-09,19:58:00,25926.25,25926.75,25924.25,25925,51,25930.72,25924.42,0.00
2025-12-09,19:59:00,25924.5,25926.5,25923.75,25926.25,77,25930.69,25924.50,0.00
2025-12-09,20:00:00,25926,25926.5,25925.25,25925.25,74,25930.66,25924.58,0.00
2025-12-09,20:01:00,25925.25,25926,25921.75,25922.25,377,25930.44,25924.26,0.00
2025-12-09,20:02:00,25922.5,25925.75,25922.25,25924.5,178,25930.35,25924.25,0.00
2025-12-09,20:03:00,25924.5,25927.75,25924.25,25925.5,147,25930.30,25924.38,0.00
2025-12-09,20:04:00,25926.25,25928.25,25925.25,25926,144,25930.26,25924.54,0.00
2025-12-09,20:05:00,25926.5,25927.75,25926.25,25927.25,79,25930.24,25924.64,0.00
2025-12-09,20:06:00,25928,25928.75,25927,25928.5,155,25930.21,25924.88,0.00
2025-12-09,20:07:00,25929,25935.75,25928.25,25934.75,561,25930.32,25926.53,0.00
2025-12-09,20:08:00,25935,25941.25,25934,25939.25,584,25930.64,25928.57,0.00
2025-12-09,20:09:00,25939.25,25941.5,25937.5,25938.75,330,25930.84,25929.54,0.00
2025-12-09,20:10:00,25938.5,25941.25,25938.25,25940,250,25930.99,25930.20,0.00
2025-12-09,20:11:00,25940,25941,25939.25,25940.25,214,25931.12,25930.71,0.00
2025-12-09,20:12:00,25940.5,25942,25939.25,25940.5,191,25931.24,25931.15,0.00
2025-12-09,20:13:00,25940.5,25946.5,25938.75,25945.75,732,25943.67,25932.97,0.00
2025-12-09,20:14:00,25945.75,25947,25941.75,25942,447,25943.58,25933.83,0.00
2025-12-09,20:15:00,25941.5,25943.25,25937.75,25938.75,472,25941.70,25934.31,0.00
2025-12-09,20:16:00,25938.25,25939.5,25933.25,25936.25,591,25939.60,25934.50,0.00
2025-12-09,20:17:00,25936.5,25936.5,25931.5,25932.75,287,25938.64,25934.46,0.00
2025-12-09,20:18:00,25932.25,25932.75,25924.5,25928.75,649,25935.99,25933.96,0.00
2025-12-09,20:19:00,25928.5,25930.25,25926.75,25928.75,391,25934.97,25933.69,0.00
2025-12-09,20:20:00,25928,25928,25924,25924.25,211,25934.31,25933.47,0.00
2025-12-09,20:21:00,25924.25,25926.5,25922,25925,370,25933.25,25933.08,0.00
2025-12-09,20:22:00,25924,25926.5,25923,25926.5,208,25932.79,25932.90,0.00
2025-12-09,20:23:00,25926.75,25930,25925,25927.75,261,25932.44,25932.74,0.00
2025-12-09,20:24:00,25927,25927.5,25924,25924.25,163,25932.15,25932.61,0.00
2025-12-09,20:25:00,25924.25,25924.25,25914.75,25919,1170,25929.28,25919.33,0.00
2025-12-09,20:26:00,25918.75,25924.25,25918.75,25924.25,300,25928.91,25919.96,0.00
2025-12-09,20:27:00,25924.25,25927.5,25924.25,25926.5,244,25928.79,25920.83,0.00
2025-12-09,20:28:00,25926.25,25926.75,25922.5,25924.25,174,25928.66,25921.17,0.00
2025-12-09,20:29:00,25923.75,25926,25923.75,25924.5,81,25928.61,25921.32,0.00
2025-12-09,20:30:00,25923.5,25925.5,25923,25925.5,95,25928.55,25921.47,0.00
2025-12-09,20:31:00,25925.25,25926.5,25923.75,25924.75,171,25928.45,25921.74,0.00
2025-12-09,20:32:00,25924.5,25930.75,25924,25926.25,428,25928.36,25922.59,0.00
2025-12-09,20:33:00,25926.5,25928.25,25926.5,25927.5,72,25928.35,25922.71,0.00
2025-12-09,20:34:00,25927.5,25928.25,25926.25,25926.25,119,25928.32,25922.89,0.00
2025-12-09,20:35:00,25926,25926.75,25924.25,25926.5,93,25928.29,25922.98,0.00
2025-12-09,20:36:00,25926.25,25929.25,25926.25,25929,337,25928.29,25923.51,0.00
2025-12-09,20:37:00,25928.5,25928.5,25926,25928.25,42,25928.28,25923.57,0.00
2025-12-09,20:38:00,25927.75,25928,25926,25927.25,77,25928.27,25923.65,0.00
2025-12-09,20:39:00,25926.25,25928,25926,25927.75,57,25928.26,25923.71,0.00
2025-12-09,20:40:00,25927.75,25928,25923.25,25923.75,203,25928.18,25923.78,0.00
2025-12-09,20:41:00,25924,25924.25,25921,25922.25,392,25927.90,25923.65,0.00
2025-12-09,20:42:00,25922.25,25925.25,25920,25923.25,204,25927.78,25923.61,0.00
2025-12-09,20:43:00,25922.75,25922.75,25920.5,25921.75,71,25927.73,25923.58,0.00
2025-12-09,20:44:00,25922.25,25924,25921.5,25923.25,87,25927.68,25923.57,0.00
2025-12-09,20:45:00,25922.25,25923.5,25921.25,25923.25,72,25927.63,25923.55,0.00
2025-12-09,20:46:00,25922.5,25923.5,25918.5,25920.25,254,25927.43,25923.40,0.00
2025-12-09,20:47:00,25920,25920,25910.5,25911,1190,25925.81,25913.83,0.00
2025-12-09,20:48:00,25911.25,25914.75,25911,25914,278,25925.47,25913.72,0.00
2025-12-09,20:49:00,25914,25916.5,25913.25,25913.75,232,25925.23,25913.83,0.00
2025-12-09,20:50:00,25913.75,25914.25,25912,25913.25,154,25925.06,25913.77,0.00
2025-12-09,20:51:00,25913,25913.75,25908.75,25910.5,494,25924.43,25911.00,0.00
2025-12-09,20:52:00,25911.25,25915.5,25911,25914,294,25924.15,25911.93,0.00
2025-12-09,20:53:00,25914,25915.25,25912.75,25914.5,107,25924.06,25912.20,0.00
2025-12-09,20:54:00,25914.5,25914.5,25909.5,25910.5,281,25923.76,25912.03,0.00
2025-12-09,20:55:00,25910.5,25911.75,25909.25,25909.5,141,25923.60,25911.83,0.00
2025-12-09,20:56:00,25910,25910,25906,25908.5,649,25922.81,25908.17,0.00
2025-12-09,20:57:00,25908.5,25911,25907.75,25909.5,249,25922.55,25908.51,0.00
2025-12-09,20:58:00,25909.25,25911,25908.5,25910.5,107,25922.44,25908.67,0.00
2025-12-09,20:59:00,25910.5,25912,25909.75,25910.5,168,25922.29,25908.97,0.00
2025-12-09,21:00:00,25910.25,25910.5,25903.5,25904.25,349,25921.87,25906.08,0.00
2025-12-09,21:01:00,25903.75,25912.25,25903.5,25909,434,25921.45,25907.28,0.00
2025-12-09,21:02:00,25909,25911,25906,25910.5,323,25921.17,25907.83,0.00
2025-12-09,21:03:00,25910.75,25915.75,25909,25915.75,491,25920.92,25909.58,0.00
2025-12-09,21:04:00,25915.5,25917.25,25913.5,25915.75,410,25920.77,25910.79,0.00
2025-12-09,21:05:00,25916,25916,25912.75,25915,197,25920.69,25911.13,0.00
2025-12-09,21:06:00,25914.75,25916.5,25913,25914.75,259,25920.59,25911.51,0.00
2025-12-09,21:07:00,25914.75,25915.5,25912.75,25912.75,156,25920.52,25911.64,0.00
2025-12-09,21:08:00,25912.5,25912.75,25905.5,25906.25,629,25920.05,25910.96,0.00
2025-12-09,21:09:00,25906.5,25906.75,25895.5,25900.5,1358,25918.58,25900.92,0.00
2025-12-09,21:10:00,25899.75,25901.5,25894,25895,502,25917.99,25896.83,0.00
2025-12-09,21:11:00,25895,25898,25893.25,25896.25,572,25917.31,25895.83,0.00
2025-12-09,21:12:00,25896.5,25903.25,25896.5,25900.75,489,25916.88,25897.83,0.00
2025-12-09,21:13:00,25901,25904,25898.5,25902,378,25916.58,25898.79,0.00
2025-12-09,21:14:00,25901.75,25902,25896.5,25898.75,281,25916.34,25898.84,0.00
2025-12-09,21:15:00,25899.5,25903.25,25899.5,25903.25,229,25916.17,25899.21,0.00
2025-12-09,21:16:00,25903.5,25905,25900.5,25900.75,258,25916.00,25899.55,0.00
2025-12-09,21:17:00,25900.5,25902.5,25898.5,25902.5,264,25915.81,25899.72,0.00
2025-12-09,21:18:00,25902.75,25906,25901.5,25905.25,394,25915.59,25900.34,0.00
2025-12-09,21:19:00,25905.25,25907.75,25901.25,25903.75,355,25915.40,25900.77,0.00
2025-12-09,21:20:00,25903.75,25905.5,25900,25900.25,235,25915.26,25900.85,0.00
2025-12-09,21:21:00,25900.25,25903.5,25898.75,25902.5,253,25915.10,25900.90,0.00
2025-12-09,21:22:00,25902.5,25904.25,25901,25902,202,25914.98,25900.98,0.00
2025-12-09,21:23:00,25902,25904.75,25899.75,25900,229,25914.85,25901.01,0.00
2025-12-09,21:24:00,25899.5,25904,25899.5,25899.5,151,25914.75,25901.01,0.00
2025-12-09,21:25:00,25899.25,25901.25,25899,25899.75,140,25914.66,25900.98,0.00
2025-12-09,21:26:00,25899.25,25901.75,25896.75,25901.75,388,25914.42,25900.91,0.00
2025-12-09,21:27:00,25901.5,25903.5,25900.5,25901.75,224,25914.30,25900.95,0.00
2025-12-09,21:28:00,25901.75,25905.25,25900.75,25904.5,214,25914.20,25901.05,0.00
2025-12-09,21:29:00,25905,25906.75,25902.25,25905.75,182,25914.13,25901.18,0.00
2025-12-09,21:30:00,25905,25908.25,25903.75,25906.75,248,25914.05,25901.40,0.00
2025-12-09,21:31:00,25907,25910,25903.25,25904.75,461,25913.89,25901.75,0.00
2025-12-09,21:32:00,25904.5,25904.5,25901,25902.25,238,25913.78,25901.78,0.00
2025-12-09,21:33:00,25902.25,25903,25899.25,25901.75,205,25913.68,25901.77,0.00
2025-12-09,21:34:00,25902,25902.5,25898.25,25900.75,119,25913.62,25901.74,0.00
2025-12-09,21:35:00,25900,25901.25,25898,25900.75,154,25913.54,25901.70,0.00
2025-12-09,21:36:00,25899.5,25905.25,25899.5,25904.75,190,25913.46,25901.74,0.00
2025-12-09,21:37:00,25904.75,25910.25,25904.75,25907.25,461,25913.35,25902.09,0.00
2025-12-09,21:38:00,25907.5,25907.5,25905,25905.75,195,25913.29,25902.19,0.00
2025-12-09,21:39:00,25905.75,25906.25,25903.25,25904.5,115,25913.26,25902.23,0.00
2025-12-09,21:40:00,25904.75,25908.75,25904,25907.75,163,25913.22,25902.32,0.00
2025-12-09,21:41:00,25907.25,25908.5,25905.5,25908.5,108,25913.19,25902.39,0.00
2025-12-09,21:42:00,25908,25909,25906.25,25906.75,69,25913.18,25902.43,0.00
2025-12-09,21:43:00,25905.75,25907,25904,25905.5,208,25913.12,25902.51,0.00
2025-12-09,21:44:00,25905.25,25907.75,25903.75,25907.5,202,25913.07,25902.60,0.00
2025-12-09,21:45:00,25906.5,25911,25905.75,25909.25,238,25913.03,25902.76,0.00
2025-12-09,21:46:00,25909.25,25912.25,25908.5,25910.5,248,25913.00,25902.97,0.00
2025-12-09,21:47:00,25910.75,25911.25,25908.25,25909.75,167,25912.98,25903.10,0.00
2025-12-09,21:48:00,25909.25,25913.75,25908.25,25911,401,25912.96,25903.43,0.00
2025-12-09,21:49:00,25911.25,25911.25,25907,25909,161,25912.93,25903.52,0.00
2025-12-09,21:50:00,25909,25910.75,25908.25,25909,67,25912.93,25903.56,0.00
2025-12-09,21:51:00,25908,25909.5,25907.25,25908.25,104,25912.91,25903.61,0.00
2025-12-09,21:52:00,25908.25,25908.75,25905.5,25907.75,167,25912.88,25903.67,0.00
2025-12-09,21:53:00,25908.25,25908.75,25906.5,25907.75,96,25912.86,25903.71,0.00
2025-12-09,21:54:00,25908,25910,25906.75,25908.5,104,25912.84,25903.75,0.00
2025-12-09,21:55:00,25909,25909,25907,25907.5,86,25912.83,25903.79,0.00
2025-12-09,21:56:00,25907.75,25907.75,25905,25906.25,150,25912.79,25903.82,0.00
2025-12-09,21:57:00,25906,25910,25906,25908.25,98,25912.78,25903.86,0.00
2025-12-09,21:58:00,25908.5,25909.75,25907.5,25909.75,67,25912.77,25903.90,0.00
2025-12-09,21:59:00,25909.25,25911,25908.75,25909.5,119,25912.76,25903.96,0.00
2025-12-09,22:00:00,25909.75,25910.75,25908.75,25909,77,25912.75,25904.00,0.00
2025-12-09,22:01:00,25909.5,25916,25908.5,25912.25,528,25912.74,25904.38,0.00
2025-12-09,22:02:00,25912.5,25913.5,25910.25,25911.5,137,25912.73,25904.47,0.00
2025-12-09,22:03:00,25911.5,25913.5,25910.5,25912.75,166,25912.73,25904.58,0.00
2025-12-09,22:04:00,25912.25,25912.5,25909.75,25910.5,105,25912.72,25904.63,0.00
2025-12-09,22:05:00,25910.5,25911,25907.5,25908.75,123,25912.71,25904.68,0.00
2025-12-09,22:06:00,25909,25912,25909,25910.75,175,25912.70,25904.76,0.00
2025-12-09,22:07:00,25910.75,25912.25,25910.25,25911.5,51,25912.70,25904.79,0.00
2025-12-09,22:08:00,25911.75,25916,25911.5,25912.5,389,25912.70,25905.05,0.00
2025-12-09,22:09:00,25912.5,25913.25,25910.5,25911.5,74,25912.70,25905.09,0.00
2025-12-09,22:10:00,25912.25,25913.5,25911,25913.5,123,25912.70,25905.17,0.00
2025-12-09,22:11:00,25913.25,25915.25,25912.5,25913,148,25912.71,25905.26,0.00
2025-12-09,22:12:00,25913.25,25916.25,25913,25914,212,25912.72,25905.41,0.00
2025-12-09,22:13:00,25913.75,25915,25912.75,25913.25,99,25912.72,25905.47,0.00
2025-12-09,22:14:00,25913.75,25914.75,25912.5,25914.75,123,25912.72,25905.55,0.00
2025-12-09,22:15:00,25914.75,25915,25913.75,25914,69,25912.73,25905.59,0.00
2025-12-09,22:16:00,25914.25,25914.75,25912.75,25914.5,98,25912.73,25905.66,0.00
2025-12-09,22:17:00,25914,25914.75,25911,25911.75,147,25912.73,25905.73,0.00
2025-12-09,22:18:00,25911.75,25913.5,25911.25,25913.5,85,25912.73,25905.77,0.00
2025-12-09,22:19:00,25913.5,25919.75,25913.5,25919,575,25912.81,25906.24,0.00
2025-12-09,22:20:00,25919.5,25922.5,25917.75,25922.25,374,25912.90,25906.61,0.00
2025-12-09,22:21:00,25922,25926.5,25921.75,25924.75,445,25913.06,25907.13,0.00
2025-12-09,22:22:00,25925,25926.5,25923.75,25925,295,25913.16,25907.47,0.00
2025-12-09,22:23:00,25925,25925.75,25923.25,25924,168,25913.22,25907.65,0.00
2025-12-09,22:24:00,25924,25925.25,25923.25,25924,145,25913.26,25907.80,0.00
2025-12-09,22:25:00,25923.5,25925.25,25922.5,25923,114,25913.30,25907.92,0.00
2025-12-09,22:26:00,25922.75,25924.5,25922.75,25923.5,130,25913.34,25908.05,0.00
2025-12-09,22:27:00,25923.5,25924,25920,25921.75,199,25913.39,25908.22,0.00
2025-12-09,22:28:00,25922,25924,25921,25923.5,152,25913.43,25908.35,0.00
2025-12-09,22:29:00,25923.5,25926.75,25923.5,25924.75,284,25913.52,25908.63,0.00
2025-12-09,22:30:00,25924.5,25925,25921.5,25921.75,127,25913.56,25908.74,0.00
2025-12-09,22:31:00,25921.5,25925,25921,25924.5,210,25913.62,25908.92,0.00
2025-12-09,22:32:00,25924.75,25926.5,25924,25926.25,179,25913.68,25909.10,0.00
2025-12-09,22:33:00,25926,25926.5,25922,25923.25,163,25913.72,25909.24,0.00
2025-12-09,22:34:00,25923.25,25926,25922.25,25925,124,25913.76,25909.34,0.00
2025-12-09,22:35:00,25924.25,25926.5,25924.25,25926.25,106,25913.80,25909.44,0.00
2025-12-09,22:36:00,25926.25,25932.25,25926,25929.75,468,25914.00,25909.96,0.00
2025-12-09,22:37:00,25929.5,25930.25,25927.75,25928,145,25914.05,25910.11,0.00
2025-12-09,22:38:00,25928.5,25929,25926.25,25927,98,25914.09,25910.20,0.00
2025-12-09,22:39:00,25927,25927,25924.75,25926,123,25914.13,25910.31,0.00
2025-12-09,22:40:00,25926,25928,25925.75,25926.75,84,25914.16,25910.38,0.00
2025-12-09,22:41:00,25927.25,25928.75,25923.25,25926,253,25914.24,25910.59,0.00
2025-12-09,22:42:00,25925.75,25928,25925.5,25927,108,25914.28,25910.69,0.00
2025-12-09,22:43:00,25928.25,25929,25925.75,25926,150,25914.33,25910.81,0.00
2025-12-09,22:44:00,25927,25928,25926,25926.5,116,25914.37,25910.91,0.00
2025-12-09,22:45:00,25926.5,25926.5,25924,25924.5,162,25914.41,25911.03,0.00
2025-12-09,22:46:00,25924.5,25926,25922.25,25924,220,25914.47,25911.18,0.00
2025-12-09,22:47:00,25924.25,25926.5,25923.25,25925.75,124,25914.50,25911.27,0.00
2025-12-09,22:48:00,25925.75,25928.5,25925.25,25927.25,114,25914.54,25911.36,0.00
2025-12-09,22:49:00,25927.25,25927.75,25925.75,25926.5,100,25914.57,25911.43,0.00
2025-12-09,22:50:00,25927.25,25927.5,25925.5,25925.5,133,25914.61,25911.53,0.00
2025-12-09,22:51:00,25925.5,25927.25,25925,25926,94,25914.64,25911.60,0.00
2025-12-09,22:52:00,25925.75,25931.75,25925.75,25929.75,271,25914.74,25911.83,0.00
2025-12-09,22:53:00,25930.25,25930.75,25928,25929.25,177,25914.81,25911.98,0.00
2025-12-09,22:54:00,25929.25,25929.5,25927.5,25928.5,88,25914.84,25912.05,0.00
2025-12-09,22:55:00,25929,25929.25,25925.75,25926.5,118,25914.88,25912.14,0.00
2025-12-09,22:56:00,25926,25926.5,25924.75,25924.75,206,25914.93,25912.27,0.00
2025-12-09,22:57:00,25925.25,25928.25,25923.5,25928,167,25914.98,25912.38,0.00
2025-12-09,22:58:00,25928.25,25928.5,25925.5,25926.75,115,25915.02,25912.46,0.00
2025-12-09,22:59:00,25926.75,25927.5,25925.75,25926.75,54,25915.03,25912.50,0.00
2025-12-09,23:00:00,25927,25927.5,25926.5,25926.75,83,25915.06,25912.55,0.00
2025-12-09,23:01:00,25926.75,25934.5,25926.75,25932.5,517,25915.27,25913.00,0.00
2025-12-09,23:02:00,25932.5,25935.25,25930.75,25931.5,262,25915.38,25913.23,0.00
2025-12-09,23:03:00,25931.5,25933.75,25929.5,25932.75,234,25915.47,25913.42,0.00
2025-12-09,23:04:00,25932,25935.5,25931.5,25933,254,25915.59,25913.65,0.00
2025-12-09,23:05:00,25933,25933.75,25930.5,25933.75,117,25915.63,25913.75,0.00
2025-12-09,23:06:00,25934.5,25935.25,25933.25,25934.75,186,25915.72,25913.91,0.00
2025-12-09,23:07:00,25934,25934,25929.75,25932.75,163,25915.78,25914.04,0.00
2025-12-09,23:08:00,25933,25934.25,25932.5,25933.25,81,25915.82,25914.11,0.00
2025-12-09,23:09:00,25933.5,25935.75,25933,25935,146,25915.88,25914.24,0.00
2025-12-09,23:10:00,25935.5,25938.25,25935.25,25936.75,296,25916.03,25914.52,0.00
2025-12-09,23:11:00,25937,25938,25933,25935.75,394,25916.21,25914.87,0.00
2025-12-09,23:12:00,25936,25936.5,25933.25,25933.25,168,25916.29,25915.00,0.00
2025-12-09,23:13:00,25933.25,25935,25931.5,25931.5,132,25916.34,25915.10,0.00
2025-12-09,23:14:00,25931.75,25933.5,25931.25,25932.75,131,25916.39,25915.19,0.00
2025-12-09,23:15:00,25932.75,25932.75,25929.75,25930.75,102,25916.42,25915.26,0.00
2025-12-09,23:16:00,25930,25931,25924.5,25927.25,436,25916.53,25915.47,0.00
2025-12-09,23:17:00,25927.25,25927.75,25925.5,25926.25,158,25916.57,25915.54,0.00
2025-12-09,23:18:00,25926.5,25927.75,25924.5,25925.75,106,25916.59,25915.59,0.00
2025-12-09,23:19:00,25925.25,25925.25,25921.5,25922.5,335,25916.64,25915.69,0.00
2025-12-09,23:20:00,25922.25,25923.75,25920.5,25920.5,218,25916.67,25915.73,0.00
2025-12-09,23:21:00,25920.25,25924.75,25919.5,25923.25,353,25916.71,25915.83,0.00
2025-12-09,23:22:00,25923.25,25925.75,25923.25,25925,174,25916.75,25915.88,0.00
2025-12-09,23:23:00,25924.25,25925.75,25921.75,25922.25,200,25916.77,25915.94,0.00
2025-12-09,23:24:00,25922,25924.25,25922,25923,135,25916.79,25915.98,0.00
2025-12-09,23:25:00,25924,25924.75,25922.75,25922.75,104,25916.81,25916.01,0.00
2025-12-09,23:26:00,25922.75,25923.75,25920.25,25920.5,198,25916.83,25916.05,0.00
2025-12-09,23:27:00,25920.5,25921.75,25918.5,25920.75,305,25916.85,25916.09,0.00
2025-12-09,23:28:00,25920.5,25921.75,25919.5,25919.5,103,25916.86,25916.11,0.00
2025-12-09,23:29:00,25920.5,25921.75,25919.25,25921.25,159,25916.87,25916.14,0.00
2025-12-09,23:30:00,25921,25922.5,25920.5,25921,83,25916.88,25916.15,0.00
2025-12-09,23:31:00,25920.75,25921.5,25918.75,25919.25,252,25916.90,25916.19,0.00
2025-12-09,23:32:00,25919.25,25923.25,25919.25,25922.5,185,25916.92,25916.22,0.00
2025-12-09,23:33:00,25922.75,25923.25,25919.5,25920,100,25916.93,25916.24,0.00
2025-12-09,23:34:00,25920,25920.5,25916.5,25918.25,249,25916.93,25916.26,0.00
2025-12-09,23:35:00,25918.75,25920.5,25918,25920.25,138,25916.94,25916.27,0.00
2025-12-09,23:36:00,25920,25922,25919.5,25922,89,25916.95,25916.29,0.00
2025-12-09,23:37:00,25922,25928.25,25921.25,25924.5,515,25917.03,25916.44,0.00
2025-12-09,23:38:00,25925.25,25926,25924.5,25925.5,124,25917.06,25916.47,0.00
2025-12-09,23:39:00,25925,25925.75,25923.75,25924.5,94,25917.07,25916.50,0.00
2025-12-09,23:40:00,25924.5,25925.75,25923.75,25925.75,108,25917.09,25916.53,0.00
2025-12-09,23:41:00,25924.75,25925.75,25922.75,25925.25,152,25917.11,25916.57,0.00
2025-12-09,23:42:00,25926,25926.5,25923.75,25925.25,149,25917.14,25916.62,0.00
2025-12-09,23:43:00,25925.5,25926.5,25924.25,25925.25,132,25917.16,25916.66,0.00
2025-12-09,23:44:00,25925.25,25926.25,25924.25,25924.5,54,25917.17,25916.67,0.00
2025-12-09,23:45:00,25924.25,25925.5,25921.5,25922,145,25917.19,25916.70,0.00
2025-12-09,23:46:00,25922.25,25923.75,25919.25,25920.75,225,25917.20,25916.73,0.00
2025-12-09,23:47:00,25920.5,25921.25,25919,25921,180,25917.22,25916.76,0.00
2025-12-09,23:48:00,25921.25,25925.25,25921.25,25924,233,25917.25,25916.81,0.00
2025-12-09,23:49:00,25924,25924.5,25921.75,25922.75,80,25917.26,25916.82,0.00
2025-12-09,23:50:00,25922.75,25924.25,25921.25,25921.25,73,25917.26,25916.84,0.00
2025-12-09,23:51:00,25921.5,25921.5,25919.5,25920.5,116,25917.27,25916.85,0.00
2025-12-09,23:52:00,25920.25,25921.75,25918.75,25919.25,161,25917.28,25916.87,0.00
2025-12-09,23:53:00,25919.25,25920.5,25917.5,25919,158,25917.28,25916.88,0.00
2025-12-09,23:54:00,25919.5,25920.5,25918.75,25919.75,75,25917.29,25916.88,0.00
2025-12-09,23:55:00,25919.75,25921.75,25919.5,25920,85,25917.29,25916.89,0.00
2025-12-09,23:56:00,25919.75,25923,25919.75,25922.75,118,25917.30,25916.91,0.00
2025-12-09,23:57:00,25923,25926.25,25921.75,25926.25,177,25917.33,25916.96,0.00
2025-12-09,23:58:00,25926.5,25927.5,25925.25,25927,542,25917.43,25917.12,0.00
2025-12-09,23:59:00,25927,25927.75,25925.25,25927,119,25917.45,25917.15,0.00
2025-12-09,00:00:00,25951.5,25953.25,25951.5,25951.5,120,25949.74,25948.01,0.00
2025-12-09,00:01:00,25952,25952.75,25948.5,25951.5,211,25949.75,25948.04,0.00
2025-12-09,00:02:00,25951.5,25952.5,25948,25949,134,25949.75,25948.05,0.00
2025-12-09,00:03:00,25949.25,25953.25,25949.25,25952.25,89,25949.75,25948.06,0.00
2025-12-09,00:04:00,25952.25,25952.75,25945,25945,388,25949.73,25948.06,0.00
2025-12-09,00:05:00,25947,25949.5,25945.25,25947.25,189,25949.72,25948.05,0.00
2025-12-09,00:06:00,25947,25948.25,25946.5,25947,72,25949.72,25948.05,0.00
2025-12-09,00:07:00,25947,25948.75,25945.5,25946,68,25949.71,25948.04,0.00
2025-12-09,00:08:00,25946.25,25953.75,25946,25950,291,25949.72,25948.07,0.00
2025-12-09,00:09:00,25950,25950.25,25947.5,25947.75,105,25949.71,25948.07,0.00
2025-12-09,00:10:00,25947.5,25949.75,25947.5,25948.75,68,25949.71,25948.07,0.00
2025-12-09,00:11:00,25949.25,25949.75,25947.25,25947.25,74,25949.71,25948.07,0.00
2025-12-09,00:12:00,25947.25,25950.5,25947.25,25949,100,25949.71,25948.07,0.00
2025-12-09,00:13:00,25949.25,25951,25948.5,25948.5,103,25949.71,25948.08,0.00
2025-12-09,00:14:00,25948.25,25949,25946.75,25946.75,57,25949.70,25948.08,0.00
2025-12-09,00:15:00,25946.25,25946.75,25945,25945,90,25949.69,25948.07,0.00
2025-12-09,00:16:00,25945.75,25946,25942.75,25944.5,292,25949.66,25948.03,0.00
2025-12-09,00:17:00,25944,25948.25,25943.25,25947,245,25949.64,25948.01,0.00
2025-12-09,00:18:00,25947.25,25948.25,25946.5,25947.25,90,25949.64,25948.01,0.00
2025-12-09,00:19:00,25947.25,25948.25,25946.25,25946.5,59,25949.63,25948.00,0.00
2025-12-09,00:20:00,25946.5,25950,25946.5,25948.75,87,25949.63,25948.01,0.00
2025-12-09,00:21:00,25949.25,25950.25,25947,25947.75,97,25949.63,25948.01,0.00
2025-12-09,00:22:00,25947.75,25948.25,25946.75,25948.25,80,25949.63,25948.01,0.00
2025-12-09,00:23:00,25948.25,25949.5,25947.75,25948,54,25949.62,25948.01,0.00
2025-12-09,00:24:00,25948.25,25950,25942.25,25943.5,275,25949.60,25947.98,0.00
2025-12-09,00:25:00,25943.75,25944.5,25942.25,25943.25,152,25949.58,25947.95,0.00
2025-12-09,00:26:00,25943,25944,25942.25,25943.25,72,25949.57,25947.94,0.00
2025-12-09,00:27:00,25943,25946.25,25942.5,25944.75,147,25949.55,25947.92,0.00
2025-12-09,00:28:00,25944.75,25945.5,25943.75,25944.25,79,25949.54,25947.91,0.00
2025-12-09,00:29:00,25944,25947,25943.5,25946,154,25949.53,25947.90,0.00
2025-12-09,00:30:00,25946,25946.75,25944,25946,86,25949.52,25947.89,0.00
2025-12-09,00:31:00,25945.25,25946,25940.5,25941.5,171,25949.50,25947.86,0.00
2025-12-09,00:32:00,25941.75,25943.75,25940.5,25942.5,115,25949.48,25947.83,0.00
2025-12-09,00:33:00,25942.75,25944.25,25941,25941.5,121,25949.46,25947.81,0.00
2025-12-09,00:34:00,25941.25,25942.75,25940.75,25941.25,122,25949.44,25947.78,0.00
2025-12-09,00:35:00,25941,25942.5,25939.25,25939.75,153,25949.41,25947.74,0.00
2025-12-09,00:36:00,25940.25,25942,25937.5,25937.75,215,25949.36,25947.67,0.00
2025-12-09,00:37:00,25937.5,25941.25,25936.25,25939.25,188,25949.32,25947.62,0.00
2025-12-09,00:38:00,25940,25941.75,25939.5,25941.25,74,25949.31,25947.60,0.00
2025-12-09,00:39:00,25941.75,25942.75,25940.75,25942.75,39,25949.30,25947.59,0.00
2025-12-09,00:40:00,25942.75,25944.5,25941,25942.75,152,25949.28,25947.56,0.00
2025-12-09,00:41:00,25942.75,25945.5,25942.25,25944.75,85,25949.28,25947.55,0.00
2025-12-09,00:42:00,25944.25,25947.75,25944.25,25946.5,129,25949.27,25947.55,0.00
2025-12-09,00:43:00,25947,25948.25,25945,25945.75,146,25949.26,25947.54,0.00
2025-12-09,00:44:00,25945.5,25946,25941.75,25943.25,115,25949.24,25947.53,0.00
2025-12-09,00:45:00,25943.25,25944.5,25942.5,25944.25,70,25949.24,25947.52,0.00
2025-12-09,00:46:00,25944.25,25946,25943.5,25944.5,89,25949.23,25947.51,0.00
2025-12-09,00:47:00,25944.5,25944.5,25941.75,25942.5,70,25949.22,25947.50,0.00
2025-12-09,00:48:00,25942.25,25943.25,25942.25,25942.25,98,25949.21,25947.48,0.00
2025-12-09,00:49:00,25942.5,25943.75,25942.25,25942.75,68,25949.20,25947.47,0.00
2025-12-09,00:50:00,25943,25944,25941,25941.5,93,25949.18,25947.45,0.00
2025-12-09,00:51:00,25941.5,25942.5,25940.5,25942.5,71,25949.17,25947.44,0.00
2025-12-09,00:52:00,25942.25,25943,25939.75,25940,86,25949.16,25947.42,0.00
2025-12-09,00:53:00,25939.75,25941.25,25939.75,25940.75,137,25949.14,25947.39,0.00
2025-12-09,00:54:00,25941,25941.75,25939.5,25941.5,101,25949.12,25947.37,0.00
2025-12-09,00:55:00,25941.5,25942,25940.75,25941,80,25949.11,25947.35,0.00
2025-12-09,00:56:00,25941.25,25942.5,25940.75,25941.25,93,25949.09,25947.33,0.00
2025-12-09,00:57:00,25941.5,25943.25,25940.75,25942.5,71,25949.08,25947.32,0.00
2025-12-09,00:58:00,25943,25943,25941,25941,87,25949.07,25947.31,0.00
2025-12-09,00:59:00,25940.75,25941.75,25939.75,25939.75,76,25949.06,25947.29,0.00
2025-12-09,01:00:00,25939.75,25941,25939.75,25940.5,51,25949.05,25947.28,0.00
2025-12-09,01:01:00,25941.25,25941.5,25936.75,25937.25,275,25948.99,25947.20,0.00
2025-12-09,01:02:00,25937.5,25940.25,25936.5,25939.5,122,25948.96,25947.16,0.00
2025-12-09,01:03:00,25939.25,25942.75,25939,25942.5,120,25948.95,25947.14,0.00
2025-12-09,01:04:00,25942.75,25942.75,25938.75,25939,115,25948.93,25947.12,0.00
2025-12-09,01:05:00,25939,25939.5,25933,25935,437,25948.81,25946.96,0.00
2025-12-09,01:06:00,25935,25935.5,25926.25,25929.5,774,25948.54,25930.42,0.00
2025-12-09,01:07:00,25930,25934.25,25929.25,25933.5,271,25948.45,25930.91,0.00
2025-12-09,01:08:00,25933.25,25934.25,25931,25932.5,169,25948.40,25931.15,0.00
2025-12-09,01:09:00,25933.25,25934.75,25930,25930.5,125,25948.36,25931.20,0.00
2025-12-09,01:10:00,25930,25931.5,25926.25,25930.25,330,25948.24,25930.83,0.00
2025-12-09,01:11:00,25930.25,25931.5,25925.5,25926,128,25948.19,25927.67,0.00
2025-12-09,01:12:00,25926,25928.5,25923.75,25928.5,444,25948.02,25926.92,0.00
2025-12-09,01:13:00,25928.25,25930.75,25928,25930.75,146,25947.97,25927.64,0.00
2025-12-09,01:14:00,25930.5,25932.5,25930,25930.75,126,25947.93,25928.24,0.00
2025-12-09,01:15:00,25930.75,25930.75,25928,25928.5,90,25947.90,25928.34,0.00
2025-12-09,01:16:00,25928.5,25928.75,25926.5,25928,129,25947.85,25928.26,0.00
2025-12-09,01:17:00,25928.25,25928.75,25925.75,25926.5,134,25947.80,25928.10,0.00
2025-12-09,01:18:00,25926.25,25928.5,25926.25,25927.75,107,25947.76,25928.04,0.00
2025-12-09,01:19:00,25928,25930.25,25928,25930,178,25947.70,25928.23,0.00
2025-12-09,01:20:00,25930.25,25931.75,25927.75,25928,177,25947.64,25928.33,0.00
2025-12-09,01:21:00,25928,25928.5,25922,25922.5,336,25947.49,25924.33,0.00
2025-12-09,01:22:00,25922.5,25925.75,25920.75,25925.75,303,25947.36,25924.08,0.00
2025-12-09,01:23:00,25926,25926.5,25923.5,25923.75,223,25947.27,25924.30,0.00
2025-12-09,01:24:00,25924,25926.25,25921.25,25921.25,299,25947.14,25923.80,0.00
2025-12-09,01:25:00,25921.5,25923.75,25920,25921.5,349,25946.98,25921.75,0.00
2025-12-09,01:26:00,25921.5,25924.5,25920.5,25922,259,25946.87,25922.00,0.00
2025-12-09,01:27:00,25921.75,25923.25,25918.25,25919.75,336,25946.71,25920.42,0.00
2025-12-09,01:28:00,25920,25923.25,25919,25919.75,310,25946.57,25920.54,0.00
2025-12-09,01:29:00,25920,25922.75,25920,25921.75,152,25946.50,25920.72,0.00
2025-12-09,01:30:00,25921.25,25921.75,25919.25,25921.5,121,25946.45,25920.74,0.00
2025-12-09,01:31:00,25921,25924.5,25917.5,25923,381,25946.28,25921.67,0.00
2025-12-09,01:32:00,25923,25923.75,25920,25920.75,144,25946.22,25921.62,0.00
2025-12-09,01:33:00,25921.25,25922.5,25920.5,25922.5,111,25946.17,25921.66,0.00
2025-12-09,01:34:00,25922.5,25923.75,25920.5,25922.75,155,25946.11,25921.79,0.00
2025-12-09,01:35:00,25922.5,25923,25920.5,25922.25,105,25946.07,25921.81,0.00
2025-12-09,01:36:00,25922.25,25926.5,25922.25,25925.75,260,25945.97,25922.49,0.00
2025-12-09,01:37:00,25926.25,25930.25,25926,25929.25,510,25945.82,25924.33,0.00
2025-12-09,01:38:00,25929.5,25930.5,25928.75,25929.25,188,25945.77,25924.85,0.00
2025-12-09,01:39:00,25929.5,25929.5,25927.75,25928.5,114,25945.73,25925.07,0.00
2025-12-09,01:40:00,25928.5,25931,25928.25,25931,206,25945.68,25925.54,0.00
2025-12-09,01:41:00,25930,25930,25928.5,25929,150,25945.64,25925.78,0.00
2025-12-09,01:42:00,25929.25,25929.75,25924.5,25925.25,230,25945.56,25925.84,0.00
2025-12-09,01:43:00,25925,25928.25,25924.75,25928,136,25945.52,25925.90,0.00
2025-12-09,01:44:00,25928.25,25930.5,25927.75,25928.75,219,25945.46,25926.13,0.00
2025-12-09,01:45:00,25929.5,25929.75,25926.5,25926.5,134,25945.42,25926.20,0.00
2025-12-09,01:46:00,25926.75,25929.25,25926.5,25928.75,109,25945.39,25926.27,0.00
2025-12-09,01:47:00,25928.75,25932.5,25928,25931.5,250,25945.33,25926.59,0.00
2025-12-09,01:48:00,25931.25,25932.5,25926.5,25927.25,211,25945.27,25926.72,0.00
2025-12-09,01:49:00,25927.5,25928.75,25925.75,25925.75,144,25945.23,25926.72,0.00
2025-12-09,01:50:00,25925.75,25925.75,25922.75,25923.5,252,25945.14,25926.55,0.00
2025-12-09,01:51:00,25923.5,25926,25921.5,25923,164,25945.08,25926.43,0.00
2025-12-09,01:52:00,25922.75,25923.75,25921.25,25921.75,170,25945.02,25926.26,0.00
2025-12-09,01:53:00,25921.75,25924,25919,25919.75,207,25944.94,25926.02,0.00
2025-12-09,01:54:00,25919.75,25919.75,25916.5,25919,382,25944.77,25918.42,0.00
2025-12-09,01:55:00,25918.75,25919.75,25917.5,25918,174,25944.70,25918.42,0.00
2025-12-09,01:56:00,25917.75,25921.25,25917.25,25920.75,158,25944.64,25918.71,0.00
2025-12-09,01:57:00,25919.5,25921,25919,25919.5,143,25944.58,25918.90,0.00
2025-12-09,01:58:00,25920,25920.25,25917,25917.5,107,25944.53,25918.83,0.00
2025-12-09,01:59:00,25918,25919.5,25916.75,25917.5,99,25944.49,25918.74,0.00
2025-12-09,02:00:00,25917.5,25918.25,25915.75,25916.5,241,25944.39,25916.83,0.00
2025-12-09,02:01:00,25917.25,25918,25912.25,25912.5,497,25944.15,25914.25,0.00
2025-12-09,02:02:00,25912.75,25914,25904.75,25909.75,795,25943.72,25909.50,0.00
2025-12-09,02:03:00,25909.5,25911.75,25907.25,25909.25,274,25943.58,25909.48,0.00
2025-12-09,02:04:00,25908.75,25912.75,25908.25,25908.75,216,25943.46,25909.55,0.00
2025-12-09,02:05:00,25908.75,25911,25907.5,25909,200,25943.36,25909.50,0.00
2025-12-09,02:06:00,25909.25,25914.5,25908.5,25914,228,25943.25,25909.88,0.00
2025-12-09,02:07:00,25914,25916.75,25914,25914.5,176,25943.17,25910.36,0.00
2025-12-09,02:08:00,25914,25914.25,25910,25910.25,242,25943.06,25910.49,0.00
2025-12-09,02:09:00,25910,25911,25908.25,25911,111,25943.00,25910.47,0.00
2025-12-09,02:10:00,25911,25912.25,25909.25,25909.5,113,25942.94,25910.46,0.00
2025-12-09,02:11:00,25909.25,25910,25907.25,25908.75,175,25942.85,25910.34,0.00
2025-12-09,02:12:00,25908.25,25909,25903.5,25906.5,353,25942.66,25906.33,0.00
2025-12-09,02:13:00,25906.25,25906.25,25900.75,25903.5,505,25942.36,25903.50,0.00
2025-12-09,02:14:00,25903,25908.5,25901,25907.5,328,25942.18,25904.35,0.00
2025-12-09,02:15:00,25907.75,25910.25,25907.5,25910,225,25942.07,25905.39,0.00
2025-12-09,02:16:00,25909.75,25910.75,25907.5,25909.5,157,25942.00,25905.89,0.00
2025-12-09,02:17:00,25909.25,25914.25,25907,25913.5,249,25941.88,25906.86,0.00
2025-12-09,02:18:00,25913.75,25914,25909.5,25909.75,208,25941.79,25907.39,0.00
2025-12-09,02:19:00,25909.75,25911.25,25907.75,25911.25,152,25941.72,25907.61,0.00
2025-12-09,02:20:00,25911.5,25911.75,25908.5,25908.75,141,25941.65,25907.76,0.00
2025-12-09,02:21:00,25908.75,25910,25906.25,25909.75,238,25941.54,25907.86,0.00
2025-12-09,02:22:00,25909.75,25910.75,25900,25900,481,25941.27,25903.58,0.00
2025-12-09,02:23:00,25900.5,25905.75,25900.5,25905.75,224,25941.15,25903.72,0.00
2025-12-09,02:24:00,25905,25906.75,25902.25,25906.25,119,25941.09,25903.91,0.00
2025-12-09,02:25:00,25906.5,25907.75,25904.25,25904.5,155,25941.01,25904.16,0.00
2025-12-09,02:26:00,25904,25904.5,25901.25,25903.75,173,25940.92,25904.01,0.00
2025-12-09,02:27:00,25903.25,25904.5,25901.75,25904,138,25940.84,25903.95,0.00
2025-12-09,02:28:00,25904,25908.75,25903.25,25908.75,181,25940.76,25904.32,0.00
2025-12-09,02:29:00,25908.75,25909.75,25906.75,25906.75,162,25940.68,25904.66,0.00
2025-12-09,02:30:00,25906.5,25911,25906.5,25908.75,342,25940.52,25905.37,0.00
2025-12-09,02:31:00,25908.75,25916,25907.25,25913.25,531,25940.31,25906.81,0.00
2025-12-09,02:32:00,25913.25,25913.5,25908,25910.25,290,25940.19,25907.20,0.00
2025-12-09,02:33:00,25909.75,25914.25,25908.75,25912.75,168,25940.12,25907.47,0.00
2025-12-09,02:34:00,25913,25914.75,25911.25,25912.25,144,25940.07,25907.71,0.00
2025-12-09,02:35:00,25911.5,25913.5,25910.75,25913.25,161,25940.01,25907.95,0.00
2025-12-09,02:36:00,25913,25916.25,25911.5,25914.25,214,25939.93,25908.32,0.00
2025-12-09,02:37:00,25914.5,25915,25912.5,25913.25,95,25939.90,25908.46,0.00
2025-12-09,02:38:00,25913.25,25913.75,25908.25,25909.25,220,25939.81,25908.57,0.00
2025-12-09,02:39:00,25909.25,25910.25,25907.25,25909,173,25939.73,25908.58,0.00
2025-12-09,02:40:00,25908.5,25913,25908.5,25913,155,25939.67,25908.69,0.00
2025-12-09,02:41:00,25913,25917,25912.5,25916,268,25939.58,25909.09,0.00
2025-12-09,02:42:00,25915.5,25919,25915,25918.5,284,25939.50,25909.60,0.00
2025-12-09,02:43:00,25918.5,25921.25,25917.5,25920,322,25939.41,25910.24,0.00
2025-12-09,02:44:00,25920,25928.25,25920,25928.25,500,25939.31,25911.63,0.00
2025-12-09,02:45:00,25928,25935,25927.75,25933.75,727,25939.24,25914.03,0.00
2025-12-09,02:46:00,25933.75,25941.25,25929.75,25930,794,25939.19,25916.25,0.00
2025-12-09,02:47:00,25930,25932.25,25928.75,25931.25,235,25939.16,25916.72,0.00
2025-12-09,02:48:00,25931.25,25935.5,25930.75,25935.5,188,25939.15,25917.15,0.00
2025-12-09,02:49:00,25935.75,25935.75,25931.5,25934.25,206,25939.13,25917.60,0.00
2025-12-09,02:50:00,25934.5,25935,25926.75,25927,262,25939.10,25918.00,0.00
2025-12-09,02:51:00,25927.5,25928.75,25923.5,25925,433,25939.02,25918.40,0.00
2025-12-09,02:52:00,25925.5,25930.25,25924.25,25928.25,259,25938.99,25918.68,0.00
2025-12-09,02:53:00,25928.75,25931.75,25926.5,25927.25,138,25938.97,25918.83,0.00
2025-12-09,02:54:00,25928,25931.75,25928,25931.25,176,25938.95,25919.06,0.00
2025-12-09,02:55:00,25930.5,25933.25,25929.5,25930,143,25938.93,25919.25,0.00
2025-12-09,02:56:00,25930.25,25930.5,25927,25927.5,200,25938.91,25919.44,0.00
2025-12-09,02:57:00,25927.5,25935,25925.25,25934.25,243,25938.88,25919.75,0.00
2025-12-09,02:58:00,25934.5,25935.75,25932.75,25934.25,194,25938.87,25920.04,0.00
2025-12-09,02:59:00,25934.75,25935.5,25932.75,25934.25,139,25938.86,25920.24,0.00
2025-12-09,03:00:00,25934.5,25937.25,25934.5,25936.75,205,25938.86,25920.56,0.00
2025-12-09,03:01:00,25936.5,25941,25934.75,25937,429,25938.85,25921.26,0.00
2025-12-09,03:02:00,25936.75,25942.75,25935.75,25941.75,342,25938.85,25921.86,0.00
2025-12-09,03:03:00,25941.75,25942.75,25935.5,25938.25,283,25938.85,25922.29,0.00
2025-12-09,03:04:00,25939.75,25941.5,25938.75,25940.75,112,25938.86,25922.47,0.00
2025-12-09,03:05:00,25941.25,25943,25935.25,25942.25,231,25938.86,25922.83,0.00
2025-12-09,03:06:00,25943,25945.5,25941.75,25943,372,25938.88,25923.48,0.00
2025-12-09,03:07:00,25943.25,25945,25941.25,25941.25,228,25938.89,25923.84,0.00
2025-12-09,03:08:00,25941,25947.25,25941,25945.75,279,25938.91,25924.31,0.00
2025-12-09,03:09:00,25945.75,25947,25943.25,25946.5,131,25938.92,25924.53,0.00
2025-12-09,03:10:00,25946,25946.75,25943,25943.75,146,25938.93,25924.76,0.00
2025-12-09,03:11:00,25943.5,25948,25941.75,25946.5,283,25938.95,25925.22,0.00
2025-12-09,03:12:00,25946,25946.75,25943.25,25944.5,287,25938.97,25925.65,0.00
2025-12-09,03:13:00,25944.5,25945.75,25942,25943,202,25938.99,25925.92,0.00
2025-12-09,03:14:00,25943,25943.5,25939,25942.25,262,25938.99,25926.22,0.00
2025-12-09,03:15:00,25942,25942.5,25939,25941,184,25939.00,25926.41,0.00
2025-12-09,03:16:00,25940.75,25941,25938,25939.75,255,25939.00,25926.65,0.00
2025-12-09,03:17:00,25940.25,25940.75,25937,25937.25,285,25939.00,25926.88,0.00
2025-12-09,03:18:00,25937.75,25941.75,25937.75,25940.75,189,25939.00,25927.05,0.00
2025-12-09,03:19:00,25940.5,25940.5,25934.75,25935,313,25938.99,25927.26,0.00
2025-12-09,03:20:00,25935,25937.5,25934.25,25935.5,186,25938.98,25927.36,0.00
2025-12-09,03:21:00,25935.25,25938,25935.25,25936.75,154,25938.98,25927.46,0.00
2025-12-09,03:22:00,25937,25941,25936.75,25938.75,205,25938.98,25927.61,0.00
2025-12-09,03:23:00,25938.75,25942.25,25938.25,25941.5,187,25938.98,25927.77,0.00
2025-12-09,03:24:00,25941.75,25944,25941.5,25941.5,224,25938.99,25927.97,0.00
2025-12-09,03:25:00,25941.25,25941.25,25937.5,25940.25,137,25938.99,25928.07,0.00
2025-12-09,03:26:00,25940.25,25940.75,25937.5,25938,107,25938.99,25928.14,0.00
2025-12-09,03:27:00,25938,25940.5,25935.5,25940.5,200,25938.99,25928.28,0.00
2025-12-09,03:28:00,25940.5,25941.25,25938,25939.25,116,25938.99,25928.36,0.00
2025-12-09,03:29:00,25939.25,25939.25,25936.25,25936.5,111,25938.99,25928.42,0.00
2025-12-09,03:30:00,25936.5,25940.75,25934,25940.25,214,25938.99,25928.54,0.00
2025-12-09,03:31:00,25940.25,25941.75,25937.75,25940,206,25938.99,25928.68,0.00
2025-12-09,03:32:00,25940.25,25941.5,25937.25,25938.5,137,25938.99,25928.76,0.00
2025-12-09,03:33:00,25938.75,25941,25937.25,25940.75,154,25938.99,25928.86,0.00
2025-12-09,03:34:00,25941,25941.75,25940.25,25941.75,99,25939.00,25928.93,0.00
2025-12-09,03:35:00,25941.75,25942.5,25939.5,25940.5,179,25939.00,25929.05,0.00
2025-12-09,03:36:00,25940.75,25943.5,25940.25,25941,220,25939.01,25929.21,0.00
2025-12-09,03:37:00,25940.75,25941,25937.5,25938.25,131,25939.01,25929.28,0.00
2025-12-09,03:38:00,25938.25,25938.75,25934.25,25934.5,294,25939.00,25929.39,0.00
2025-12-09,03:39:00,25934.25,25935.5,25929.5,25933,676,25938.95,25929.51,0.00
2025-12-09,03:40:00,25932,25937,25931.25,25935.5,314,25938.93,25929.59,0.00
2025-12-09,03:41:00,25935.5,25936.75,25933.75,25933.75,172,25938.92,25929.64,0.00
2025-12-09,03:42:00,25934,25937.25,25930.75,25936.75,378,25938.91,25929.74,0.00
2025-12-09,03:43:00,25936.75,25946,25936.75,25944.75,555,25938.93,25930.09,0.00
2025-12-09,03:44:00,25944.75,25944.75,25940,25940.25,175,25938.93,25930.19,0.00
2025-12-09,03:45:00,25940,25941.5,25939.25,25940.25,90,25938.94,25930.23,0.00
2025-12-09,03:46:00,25940.25,25943.75,25939,25942.5,154,25938.94,25930.32,0.00
2025-12-09,03:47:00,25942.75,25943.75,25939.75,25940.5,177,25938.94,25930.41,0.00
2025-12-09,03:48:00,25940.75,25944,25940.25,25943.25,81,25938.95,25930.46,0.00
2025-12-09,03:49:00,25943,25943.25,25939.5,25939.5,139,25938.95,25930.53,0.00
2025-12-09,03:50:00,25940.25,25944.5,25940.25,25944,116,25938.96,25930.59,0.00
2025-12-09,03:51:00,25944.25,25950.25,25944.25,25948.5,472,25939.00,25930.97,0.00
2025-12-09,03:52:00,25948.5,25950.75,25944.25,25944.25,237,25939.02,25931.13,0.00
2025-12-09,03:53:00,25944.25,25944.25,25940.25,25942.25,215,25939.03,25931.24,0.00
2025-12-09,03:54:00,25942.25,25944.5,25941.75,25944.5,82,25939.03,25931.29,0.00
2025-12-09,03:55:00,25944,25944.5,25942.5,25942.5,126,25939.04,25931.36,0.00
2025-12-09,03:56:00,25942.75,25945.75,25941.75,25944.5,155,25939.05,25931.44,0.00
2025-12-09,03:57:00,25944.25,25944.25,25940.75,25941,158,25939.05,25931.52,0.00
2025-12-09,03:58:00,25941,25943.5,25940.25,25942,152,25939.06,25931.59,0.00
2025-12-09,03:59:00,25942.25,25945.75,25941.25,25945.25,149,25939.07,25931.67,0.00
2025-12-09,04:00:00,25945.25,25945.5,25940.5,25945.25,257,25939.08,25931.80,0.00
2025-12-09,04:01:00,25945.25,25951.5,25940,25950.75,890,25939.16,25932.38,0.00
2025-12-09,04:02:00,25950,25951.5,25942.25,25945.5,327,25939.18,25932.57,0.00
2025-12-09,04:03:00,25946,25949,25943.25,25948.25,216,25939.20,25932.69,0.00
2025-12-09,04:04:00,25948.5,25959.5,25948,25958,806,25939.34,25933.41,0.00
2025-12-09,04:05:00,25958.25,25959,25953.25,25954.25,356,25939.40,25933.71,0.00
2025-12-09,04:06:00,25954.5,25955.75,25949.75,25953.5,353,25939.45,25933.97,0.00
2025-12-09,04:07:00,25953.5,25958,25953.25,25955.5,262,25939.50,25934.19,0.00
2025-12-09,04:08:00,25954.75,25955.75,25947.75,25947.75,283,25939.53,25934.36,0.00
2025-12-09,04:09:00,25948,25950.75,25945,25949.75,454,25939.57,25934.60,0.00
2025-12-09,04:10:00,25949.25,25956.75,25947.25,25952.75,538,25939.64,25934.94,0.00
2025-12-09,04:11:00,25952.75,25954,25947.25,25952.25,364,25939.68,25935.15,0.00
2025-12-09,04:12:00,25953.25,25954.5,25950,25953.25,158,25939.71,25935.25,0.00
2025-12-09,04:13:00,25952.5,25955.25,25951.5,25951.5,124,25939.72,25935.33,0.00
2025-12-09,04:14:00,25951.75,25954.5,25949.75,25952.75,181,25939.75,25935.44,0.00
2025-12-09,04:15:00,25953,25953.5,25951.5,25953.25,92,25939.76,25935.49,0.00
2025-12-09,04:16:00,25954.25,25956.75,25949,25953,230,25939.79,25935.63,0.00
2025-12-09,04:17:00,25953,25957,25953,25955,132,25939.81,25935.72,0.00
2025-12-09,04:18:00,25955.75,25956.5,25952.5,25954.25,125,25939.83,25935.80,0.00
2025-12-09,04:19:00,25954,25956.5,25951,25956,92,25939.84,25935.86,0.00
2025-12-09,04:20:00,25956.25,25961.75,25956.25,25960.5,479,25939.94,25936.24,0.00
2025-12-09,04:21:00,25960.25,25960.75,25956,25958.75,195,25939.98,25936.39,0.00
2025-12-09,04:22:00,25959.25,25960,25954.25,25956.5,199,25940.01,25936.52,0.00
2025-12-09,04:23:00,25956,25957.75,25953.75,25955.25,154,25940.03,25936.62,0.00
2025-12-09,04:24:00,25956.25,25960.75,25954,25960,264,25940.08,25936.81,0.00
2025-12-09,04:25:00,25960.25,25965.75,25960,25962.5,595,25940.22,25937.31,0.00
2025-12-09,04:26:00,25962.5,25963,25954.5,25956.25,415,25940.29,25937.58,0.00
2025-12-09,04:27:00,25955.5,25957,25952.75,25956.75,375,25940.35,25937.79,0.00
2025-12-09,04:28:00,25956.75,25958,25947,25947,421,25940.39,25937.96,0.00
2025-12-09,04:29:00,25947,25953,25945.5,25950,388,25940.43,25938.09,0.00
2025-12-09,04:30:00,25949.25,25950.25,25944.5,25947.75,271,25940.45,25938.17,0.00
2025-12-09,04:31:00,25947.5,25949.75,25941.25,25949.25,503,25940.48,25938.30,0.00
2025-12-09,04:32:00,25948.75,25952.75,25947.25,25947.5,300,25940.50,25938.40,0.00
2025-12-09,04:33:00,25947.5,25949.75,25944.5,25947.5,261,25940.52,25938.47,0.00
2025-12-09,04:34:00,25947,25950.25,25945.75,25948.75,223,25940.54,25938.53,0.00
2025-12-09,04:35:00,25948.75,25948.75,25943.5,25943.75,251,25940.55,25938.58,0.00
2025-12-09,04:36:00,25944,25945.5,25940.75,25942.25,311,25940.56,25938.62,0.00
2025-12-09,04:37:00,25942.25,25942.5,25936.75,25940.25,380,25940.55,25938.63,0.00
2025-12-09,04:38:00,25940.25,25943.5,25939.75,25940.5,112,25940.55,25938.64,0.00
2025-12-09,04:39:00,25940.25,25945.25,25937.25,25943.75,218,25940.56,25938.66,0.00
2025-12-09,04:40:00,25944,25946,25943.25,25944.75,166,25940.56,25938.69,0.00
2025-12-09,04:41:00,25944.25,25944.75,25937.5,25938.25,248,25940.56,25938.70,0.00
2025-12-09,04:42:00,25938.25,25941,25935.5,25938.5,325,25940.56,25938.70,0.00
2025-12-09,04:43:00,25937.75,25944.75,25937.75,25944.75,371,25940.56,25938.73,0.00
2025-12-09,04:44:00,25944.5,25947,25942.25,25945.5,218,25940.57,25938.77,0.00
2025-12-09,04:45:00,25945.75,25948.25,25944.75,25946,193,25940.58,25938.81,0.00
2025-12-09,04:46:00,25946.5,25953.25,25945.75,25951.25,474,25940.62,25938.95,0.00
2025-12-09,04:47:00,25950.5,25951,25946.5,25950.75,206,25940.64,25939.01,0.00
2025-12-09,04:48:00,25951,25952.75,25948.5,25948.5,145,25940.65,25939.05,0.00
2025-12-09,04:49:00,25948.5,25955,25948.25,25953.75,215,25940.68,25939.13,0.00
2025-12-09,04:50:00,25954.25,25956.75,25949,25951,221,25940.70,25939.20,0.00
2025-12-09,04:51:00,25952,25954.25,25950.5,25953.5,106,25940.71,25939.24,0.00
2025-12-09,04:52:00,25953.5,25954.5,25952,25953.75,75,25940.72,25939.27,0.00
2025-12-09,04:53:00,25953.75,25956.25,25952.5,25955.75,153,25940.74,25939.33,0.00
2025-12-09,04:54:00,25956.25,25957,25955,25955.25,114,25940.76,25939.38,0.00
2025-12-09,04:55:00,25955.25,25958,25954.75,25956.25,111,25940.77,25939.43,0.00
2025-12-09,04:56:00,25957.5,25958.25,25954,25955.5,163,25940.80,25939.49,0.00
2025-12-09,04:57:00,25954.75,25956.5,25951.5,25951.75,134,25940.81,25939.54,0.00
2025-12-09,04:58:00,25951.5,25952.25,25947.75,25949.75,229,25940.83,25939.60,0.00
2025-12-09,04:59:00,25949.5,25951,25947.5,25949.25,147,25940.84,25939.64,0.00
2025-12-09,05:00:00,25950.5,25951,25945,25948.75,266,25940.86,25939.70,0.00
2025-12-09,05:01:00,25948.75,25949.75,25938.75,25941.25,576,25940.87,25939.75,0.00
2025-12-09,05:02:00,25941,25942.75,25932.25,25934.5,633,25940.85,25939.70,0.00
2025-12-09,05:03:00,25934.25,25940.5,25933.25,25938.5,378,25940.84,25939.68,0.00
2025-12-09,05:04:00,25939,25939.75,25932.5,25934.5,343,25940.82,25939.64,0.00
2025-12-09,05:05:00,25934.5,25941.25,25930.25,25940.75,559,25940.80,25939.61,0.00
2025-12-09,05:06:00,25941.25,25943.25,25929.5,25929.5,457,25940.78,25939.55,0.00
2025-12-09,05:07:00,25930,25930.5,25925.5,25929,773,25940.69,25939.35,0.00
2025-12-09,05:08:00,25929.25,25931.25,25925.75,25927.5,270,25940.66,25939.28,0.00
2025-12-09,05:09:00,25927.25,25935,25926.5,25928.75,262,25940.64,25939.23,0.00
2025-12-09,05:10:00,25928.25,25931.25,25926.5,25927.25,174,25940.62,25939.19,0.00
2025-12-09,05:11:00,25927,25934.75,25926,25933.75,326,25940.59,25939.13,0.00
2025-12-09,05:12:00,25933.5,25935.25,25931.25,25932.25,186,25940.58,25939.10,0.00
2025-12-09,05:13:00,25932.25,25937.25,25929.75,25936.25,297,25940.56,25939.07,0.00
2025-12-09,05:14:00,25936,25937,25933.75,25934,127,25940.55,25939.06,0.00
2025-12-09,05:15:00,25934.25,25934.75,25930.75,25934,164,25940.54,25939.04,0.00
2025-12-09,05:16:00,25934,25936,25930.75,25932,191,25940.53,25939.01,0.00
2025-12-09,05:17:00,25932.75,25932.75,25928.25,25932,190,25940.52,25938.98,0.00
2025-12-09,05:18:00,25931.75,25932,25924.25,25926.75,248,25940.49,25938.92,0.00
2025-12-09,05:19:00,25927.25,25929.5,25924.5,25924.75,254,25940.46,25938.85,0.00
2025-12-09,05:20:00,25924.25,25926,25922.5,25925.5,366,25940.41,25938.74,0.00
2025-12-09,05:21:00,25925.25,25925.75,25919.25,25922,464,25940.33,25938.58,0.00
2025-12-09,05:22:00,25922.5,25926.5,25922.5,25926,269,25940.30,25938.50,0.00
2025-12-09,05:23:00,25925.75,25925.75,25920.75,25920.75,184,25940.27,25938.44,0.00
2025-12-09,05:24:00,25920.5,25922,25919.5,25920.5,210,25940.23,25938.36,0.00
2025-12-09,05:25:00,25921,25925,25920,25923.75,300,25940.19,25938.26,0.00
2025-12-09,05:26:00,25923.75,25923.75,25915.75,25920.75,485,25940.11,25938.08,0.00
2025-12-09,05:27:00,25921,25921.5,25918.25,25919.25,146,25940.08,25938.02,0.00
2025-12-09,05:28:00,25918.5,25919.25,25913.5,25913.75,592,25939.96,25937.75,0.00
2025-12-09,05:29:00,25913.25,25919.75,25913.25,25919,294,25939.90,25937.63,0.00
2025-12-09,05:30:00,25919.25,25920.75,25915.75,25920.25,374,25939.83,25937.49,0.00
2025-12-09,05:31:00,25920.25,25925.5,25918.25,25921.5,527,25939.75,25937.33,0.00
2025-12-09,05:32:00,25921,25924.75,25920.5,25924,296,25939.71,25937.24,0.00
2025-12-09,05:33:00,25924.5,25929,25921.25,25927.5,492,25939.66,25937.13,0.00
2025-12-09,05:34:00,25928,25928.25,25923.25,25926,233,25939.63,25937.08,0.00
2025-12-09,05:35:00,25926.5,25926.5,25924,25925,101,25939.62,25937.06,0.00
2025-12-09,05:36:00,25925.5,25927.25,25922.75,25924,156,25939.60,25937.02,0.00
2025-12-09,05:37:00,25924,25925.5,25920.25,25925,195,25939.57,25936.97,0.00
2025-12-09,05:38:00,25923.75,25923.75,25916.5,25919.75,309,25939.52,25936.87,0.00
2025-12-09,05:39:00,25919.5,25921,25916.25,25916.5,215,25939.48,25936.79,0.00
2025-12-09,05:40:00,25916.25,25916.5,25907.25,25907.25,605,25939.34,25936.49,0.00
2025-12-09,05:41:00,25907.75,25908.75,25903.25,25908.25,739,25939.14,25936.08,0.00
2025-12-09,05:42:00,25908.5,25911.5,25905.75,25908.75,324,25939.06,25935.92,0.00
2025-12-09,05:43:00,25909,25912.75,25908.25,25912,185,25939.02,25935.83,0.00
2025-12-09,05:44:00,25912.25,25915.75,25911,25911,335,25938.94,25935.69,0.00
2025-12-09,05:45:00,25911,25912.75,25908.75,25910.75,257,25938.89,25935.57,0.00
2025-12-09,05:46:00,25910.75,25916.25,25909.75,25916.25,317,25938.82,25935.45,0.00
2025-12-09,05:47:00,25915.25,25916.25,25909.5,25912.75,330,25938.75,25935.31,0.00
2025-12-09,05:48:00,25912.75,25916.5,25910.5,25914.5,149,25938.72,25935.26,0.00
2025-12-09,05:49:00,25914,25919.75,25914,25918.25,207,25938.69,25935.19,0.00
2025-12-09,05:50:00,25918.5,25919.5,25916,25916.25,124,25938.67,25935.15,0.00
2025-12-09,05:51:00,25916.25,25918.75,25914,25915.5,158,25938.64,25935.10,0.00
2025-12-09,05:52:00,25915.25,25916.75,25913.75,25916.75,103,25938.62,25935.06,0.00
2025-12-09,05:53:00,25916.5,25919.75,25916.5,25919.25,134,25938.60,25935.02,0.00
2025-12-09,05:54:00,25919,25919,25914,25919,85,25938.58,25934.99,0.00
2025-12-09,05:55:00,25918.75,25920.75,25916.25,25916.25,109,25938.56,25934.96,0.00
2025-12-09,05:56:00,25915.75,25916.75,25912,25912,150,25938.53,25934.90,0.00
2025-12-09,05:57:00,25912.5,25916.25,25912.25,25913,98,25938.52,25934.87,0.00
2025-12-09,05:58:00,25913.25,25913.5,25910.25,25910.5,128,25938.49,25934.82,0.00
2025-12-09,05:59:00,25910.5,25911.75,25906.25,25907.75,309,25938.41,25934.67,0.00
2025-12-09,06:00:00,25908.5,25910.5,25906.25,25910.25,242,25938.36,25934.57,0.00
2025-12-09,06:01:00,25909.5,25912.75,25908.5,25912,296,25938.29,25934.45,0.00
2025-12-09,06:02:00,25911.5,25912.5,25908.25,25908.75,172,25938.25,25934.37,0.00
2025-12-09,06:03:00,25909,25912.25,25908.5,25912,144,25938.22,25934.31,0.00
2025-12-09,06:04:00,25912.5,25915.25,25910.75,25913.25,297,25938.16,25934.21,0.00
2025-12-09,06:05:00,25912.25,25914,25909.75,25913.25,134,25938.14,25934.16,0.00
2025-12-09,06:06:00,25912.25,25914.75,25912.25,25913.5,99,25938.12,25934.12,0.00
2025-12-09,06:07:00,25914,25914.5,25907.75,25911.75,177,25938.08,25934.05,0.00
2025-12-09,06:08:00,25912,25916.75,25912,25916,234,25938.04,25933.98,0.00
2025-12-09,06:09:00,25916.75,25917.5,25914,25914.5,145,25938.01,25933.93,0.00
2025-12-09,06:10:00,25914.5,25916.75,25913,25916.75,131,25937.99,25933.89,0.00
2025-12-09,06:11:00,25916.75,25925,25916.5,25924,478,25937.93,25933.79,0.00
2025-12-09,06:12:00,25924.25,25928.25,25923.25,25925.5,414,25937.89,25933.74,0.00
2025-12-09,06:13:00,25925.25,25928,25924.5,25926.5,214,25937.87,25933.71,0.00
2025-12-09,06:14:00,25926.25,25929.5,25921.5,25921.75,352,25937.83,25933.66,0.00
2025-12-09,06:15:00,25922.25,25925.5,25922,25925.25,175,25937.82,25933.63,0.00
2025-12-09,06:16:00,25925.5,25928.25,25924.25,25926.5,157,25937.80,25933.61,0.00
2025-12-09,06:17:00,25927.5,25930.25,25925.75,25929.25,184,25937.79,25933.59,0.00
2025-12-09,06:18:00,25929.25,25931,25926.25,25927.25,253,25937.77,25933.57,0.00
2025-12-09,06:19:00,25926.75,25929.75,25926.5,25929.25,101,25937.76,25933.56,0.00
2025-12-09,06:20:00,25929.75,25931.75,25928.75,25931,184,25937.75,25933.56,0.00
2025-12-09,06:21:00,25931,25932.5,25928.25,25929.25,245,25937.74,25933.54,0.00
2025-12-09,06:22:00,25929.5,25929.5,25920.75,25927,613,25937.68,25933.46,0.00
2025-12-09,06:23:00,25928,25932,25927.5,25929,295,25937.66,25933.45,0.00
2025-12-09,06:24:00,25929.5,25933,25929,25932.5,180,25937.65,25933.44,0.00
2025-12-09,06:25:00,25932.75,25936.5,25931.5,25934,432,25937.64,25933.44,0.00
2025-12-09,06:26:00,25934.25,25938.25,25933.75,25938,276,25937.64,25933.46,0.00
2025-12-09,06:27:00,25938.25,25942.25,25937.75,25941.5,465,25937.65,25933.51,0.00
2025-12-09,06:28:00,25942.25,25945.75,25940.25,25944,445,25937.67,25933.58,0.00
2025-12-09,06:29:00,25944,25945,25940,25941.25,280,25937.68,25933.61,0.00
2025-12-09,06:30:00,25941.5,25943.25,25938.5,25941,268,25937.69,25933.64,0.00
2025-12-09,06:31:00,25941.75,25942.25,25938.25,25938.75,251,25937.69,25933.67,0.00
2025-12-09,06:32:00,25938.75,25941.5,25937.75,25940.25,156,25937.69,25933.68,0.00
2025-12-09,06:33:00,25940.5,25944.75,25940.25,25941.75,234,25937.70,25933.71,0.00
2025-12-09,06:34:00,25942,25942.5,25939.25,25941,136,25937.70,25933.73,0.00
2025-12-09,06:35:00,25941,25941.5,25938.5,25938.75,106,25937.70,25933.74,0.00
2025-12-09,06:36:00,25938.75,25940.75,25936.75,25940.75,223,25937.71,25933.76,0.00
2025-12-09,06:37:00,25940.5,25942.75,25940,25941.5,204,25937.71,25933.78,0.00
2025-12-09,06:38:00,25941.5,25945,25940.75,25941.25,238,25937.72,25933.81,0.00
2025-12-09,06:39:00,25941.5,25942.5,25938.75,25939.5,167,25937.72,25933.83,0.00
2025-12-09,06:40:00,25939,25941,25854.25,25887.5,9133,25934.98,25894.25,0.00
2025-12-09,06:41:00,25886,25917.25,25874.75,25915.25,2852,25934.35,25896.19,0.00
2025-12-09,06:42:00,25917.5,25919.25,25892.75,25899,1734,25933.99,25897.14,0.00
2025-12-09,06:43:00,25898.75,25910.25,25892.25,25904,1120,25933.75,25897.52,0.00
2025-12-09,06:44:00,25903.5,25909.75,25901.25,25906,633,25933.64,25897.85,0.00
2025-12-09,06:45:00,25905.75,25912.5,25902.5,25910.25,688,25933.52,25898.30,0.00
2025-12-09,06:46:00,25910.5,25913.25,25907,25909.5,621,25933.43,25898.73,0.00
2025-12-09,06:47:00,25910.5,25911.5,25897.75,25897.75,581,25933.31,25898.85,0.00
2025-12-09,06:48:00,25898,25901.25,25890.5,25896.5,1154,25933.03,25898.68,0.00
2025-12-09,06:49:00,25896.25,25901.5,25890.5,25892.25,677,25932.86,25898.54,0.00
2025-12-09,06:50:00,25893,25899.75,25890.5,25898.75,542,25932.73,25898.48,0.00
2025-12-09,06:51:00,25899,25905.25,25896.75,25904.25,717,25932.59,25898.61,0.00
2025-12-09,06:52:00,25905,25910.25,25902.5,25906,758,25932.46,25898.88,0.00
2025-12-09,06:53:00,25905.75,25916.25,25904.25,25907.75,894,25932.33,25899.31,0.00
2025-12-09,06:54:00,25907.75,25917.25,25907.75,25913.25,567,25932.26,25899.64,0.00
2025-12-09,06:55:00,25912.75,25920.25,25912.75,25919.75,488,25932.22,25900.02,0.00
2025-12-09,06:56:00,25920.25,25928.75,25920.25,25923.25,861,25932.17,25900.88,0.00
2025-12-09,06:57:00,25923.75,25924.75,25916.25,25916.25,532,25932.13,25901.28,0.00
2025-12-09,06:58:00,25916.75,25918.75,25911.25,25918.75,596,25932.07,25901.63,0.00
2025-12-09,06:59:00,25917.25,25920.25,25916.75,25918.25,250,25932.05,25901.80,0.00
2025-12-09,07:00:00,25917.75,25925.75,25917.25,25921,440,25932.02,25902.13,0.00
2025-12-09,07:01:00,25921.25,25925,25906.75,25911.75,1106,25931.90,25902.64,0.00
2025-12-09,07:02:00,25911.25,25915.5,25900.25,25901.75,1064,25931.73,25902.76,0.00
2025-12-09,07:03:00,25901.25,25908.75,25899,25908.25,723,25931.62,25902.82,0.00
2025-12-09,07:04:00,25909,25921,25908.25,25920,875,25931.54,25903.23,0.00
2025-12-09,07:05:00,25920,25921.5,25910.5,25912.75,459,25931.49,25903.40,0.00
2025-12-09,07:06:00,25914.25,25916,25910.75,25914.25,231,25931.46,25903.48,0.00
2025-12-09,07:07:00,25914,25916,25909.5,25910,246,25931.44,25903.55,0.00
2025-12-09,07:08:00,25909.75,25910.75,25905.75,25906.25,381,25931.38,25903.60,0.00
2025-12-09,07:09:00,25905.75,25910.25,25903.5,25910,380,25931.33,25903.65,0.00
2025-12-09,07:10:00,25909,25911.75,25907.5,25908.5,256,25931.29,25903.70,0.00
2025-12-09,07:11:00,25908.25,25911,25905.75,25908.75,362,25931.24,25903.75,0.00
2025-12-09,07:12:00,25909.25,25909.5,25901,25901.75,287,25931.20,25903.75,0.00
2025-12-09,07:13:00,25901.75,25902.75,25895.75,25898.25,774,25931.05,25903.64,0.00
2025-12-09,07:14:00,25898.5,25899.75,25891.75,25893.75,628,25930.92,25903.48,0.00
2025-12-09,07:15:00,25894,25901.75,25892,25898.5,651,25930.79,25903.37,0.00
2025-12-09,07:16:00,25899.25,25902,25895.5,25896.5,366,25930.72,25903.31,0.00
2025-12-09,07:17:00,25896.75,25897,25883.75,25888,1015,25930.47,25902.92,0.00
2025-12-09,07:18:00,25888,25901.5,25886.25,25891.5,1363,25930.18,25902.56,0.00
2025-12-09,07:19:00,25892,25897.75,25888.75,25896.25,466,25930.08,25902.45,0.00
2025-12-09,07:20:00,25896.5,25900.75,25892.5,25899,420,25930.00,25902.40,0.00
2025-12-09,07:21:00,25899.25,25910.25,25899,25908.25,839,25929.89,25902.47,0.00
2025-12-09,07:22:00,25909,25913,25907.75,25910.75,492,25929.83,25902.57,0.00
2025-12-09,07:23:00,25910.5,25911.25,25902.75,25907.25,490,25929.77,25902.63,0.00
2025-12-09,07:24:00,25907,25908.5,25903.5,25904.5,195,25929.74,25902.64,0.00
2025-12-09,07:25:00,25904.25,25908.5,25900.5,25904.5,367,25929.69,25902.66,0.00
2025-12-09,07:26:00,25905.5,25906.25,25902.25,25903,222,25929.65,25902.66,0.00
2025-12-09,07:27:00,25902,25908,25899.25,25907.5,311,25929.61,25902.68,0.00
2025-12-09,07:28:00,25907.75,25915.25,25906.75,25914.5,484,25929.56,25902.79,0.00
2025-12-09,07:29:00,25914.5,25918.25,25912.25,25916.25,580,25929.52,25902.97,0.00
2025-12-09,07:30:00,25916.25,25922,25916.25,25920.75,661,25929.48,25903.23,0.00
2025-12-09,07:31:00,25921,25922,25914.75,25918.75,480,25929.45,25903.40,0.00
2025-12-09,07:32:00,25918.25,25920.5,25912.25,25918.25,358,25929.43,25903.51,0.00
2025-12-09,07:33:00,25919,25919.5,25914.5,25915.25,201,25929.41,25903.57,0.00
2025-12-09,07:34:00,25915,25917.5,25911,25915.25,326,25929.38,25903.65,0.00
2025-12-09,07:35:00,25915.75,25917.75,25913.75,25915.75,249,25929.37,25903.72,0.00
2025-12-09,07:36:00,25916.75,25919,25916,25918.75,233,25929.35,25903.80,0.00
2025-12-09,07:37:00,25917.75,25918.25,25913,25915.75,239,25929.33,25903.86,0.00
2025-12-09,07:38:00,25915.75,25919.25,25915.75,25918.75,167,25929.32,25903.91,0.00
2025-12-09,07:39:00,25918.75,25920.25,25916,25917.5,136,25929.31,25903.95,0.00
2025-12-09,07:40:00,25917.75,25921,25916.75,25918.5,234,25929.30,25904.03,0.00
2025-12-09,07:41:00,25917.75,25919.25,25916.75,25918.5,125,25929.29,25904.07,0.00
2025-12-09,07:42:00,25918.5,25924.75,25917.5,25924.75,336,25929.28,25904.21,0.00
2025-12-09,07:43:00,25924.5,25934.75,25924.5,25931.75,789,25929.28,25904.65,0.00
2025-12-09,07:44:00,25932.5,25933.5,25927.75,25930.5,364,25929.29,25904.85,0.00
2025-12-09,07:45:00,25930.75,25931.75,25925.5,25928.75,266,25929.29,25904.99,0.00
2025-12-09,07:46:00,25929,25930.5,25928.25,25928.5,145,25929.29,25905.06,0.00
2025-12-09,07:47:00,25928.25,25933.25,25927,25930.75,256,25929.29,25905.20,0.00
2025-12-09,07:48:00,25931.5,25932.75,25924.25,25924.25,264,25929.28,25905.32,0.00
2025-12-09,07:49:00,25924.75,25928.5,25923.75,25928.25,141,25929.28,25905.38,0.00
2025-12-09,07:50:00,25928.25,25930.5,25925.5,25929.75,286,25929.28,25905.52,0.00
2025-12-09,07:51:00,25930,25932,25926.5,25926.75,262,25929.28,25905.64,0.00
2025-12-09,07:52:00,25926.5,25931.75,25922.5,25928.5,338,25929.28,25905.79,0.00
2025-12-09,07:53:00,25929,25930,25925,25925.75,84,25929.28,25905.83,0.00
2025-12-09,07:54:00,25926.75,25930.5,25926.25,25926.75,184,25929.27,25905.91,0.00
2025-12-09,07:55:00,25926.75,25929.5,25926.25,25927.5,89,25929.27,25905.95,0.00
2025-12-09,07:56:00,25928,25929.75,25926,25926,133,25929.27,25906.01,0.00
2025-12-09,07:57:00,25926.5,25927.75,25922.25,25924.25,216,25929.27,25906.09,0.00
2025-12-09,07:58:00,25924.25,25925,25922.25,25922.75,165,25929.26,25906.15,0.00
2025-12-09,07:59:00,25923,25927,25921.75,25925,205,25929.26,25906.23,0.00
2025-12-09,08:00:00,25925,25925.75,25922,25925.75,249,25929.25,25906.32,0.00
2025-12-09,08:01:00,25926.25,25929.75,25923.25,25926,500,25929.24,25906.52,0.00
2025-12-09,08:02:00,25926,25928.25,25920,25924.5,352,25929.23,25906.64,0.00
2025-12-09,08:03:00,25924.75,25928.75,25917.25,25920.5,520,25929.21,25906.79,0.00
2025-12-09,08:04:00,25920,25924.75,25913.25,25924.75,707,25929.18,25906.99,0.00
2025-12-09,08:05:00,25924,25926,25921.5,25922.5,229,25929.17,25907.06,0.00
2025-12-09,08:06:00,25922,25924.25,25918,25923.75,228,25929.17,25907.12,0.00
2025-12-09,08:07:00,25923,25927.5,25922.5,25927,199,25929.16,25907.19,0.00
2025-12-09,08:08:00,25927.25,25928.25,25921.5,25921.5,297,25929.15,25907.29,0.00
2025-12-09,08:09:00,25921.25,25923.25,25919.75,25920.5,185,25929.15,25907.33,0.00
2025-12-09,08:10:00,25920.5,25924.25,25919,25922.25,111,25929.14,25907.36,0.00
2025-12-09,08:11:00,25922.75,25923,25917.25,25922.75,244,25929.13,25907.43,0.00
2025-12-09,08:12:00,25922.25,25925.5,25920.75,25923.75,231,25929.12,25907.49,0.00
2025-12-09,08:13:00,25923.5,25925.75,25917.75,25925.25,257,25929.12,25907.57,0.00
2025-12-09,08:14:00,25925,25927.25,25920.25,25920.25,211,25929.11,25907.63,0.00
2025-12-09,08:15:00,25921,25922.5,25918.75,25920,154,25929.10,25907.66,0.00
2025-12-09,08:16:00,25920,25921.25,25914,25917,382,25929.08,25907.73,0.00
2025-12-09,08:17:00,25917,25919,25914.25,25919,221,25929.06,25907.77,0.00
2025-12-09,08:18:00,25919,25920.75,25917,25917.75,133,25929.06,25907.79,0.00
2025-12-09,08:19:00,25917.5,25918.5,25916.5,25918,109,25929.05,25907.81,0.00
2025-12-09,08:20:00,25918,25918.25,25913.5,25914.5,256,25929.03,25907.85,0.00
2025-12-09,08:21:00,25914,25915,25911,25912.5,410,25929.00,25907.89,0.00
2025-12-09,08:22:00,25912.25,25921.75,25912.25,25920,410,25928.97,25907.96,0.00
2025-12-09,08:23:00,25920.25,25923,25914.5,25918.75,286,25928.96,25908.01,0.00
2025-12-09,08:24:00,25918.5,25921,25915.5,25916,309,25928.94,25908.06,0.00
2025-12-09,08:25:00,25916.25,25918,25914.75,25917.25,153,25928.93,25908.09,0.00
2025-12-09,08:26:00,25917.75,25921.5,25915,25916,262,25928.91,25908.13,0.00
2025-12-09,08:27:00,25915.5,25919.75,25911.75,25919.25,302,25928.90,25908.18,0.00
2025-12-09,08:28:00,25919.5,25920.5,25917.75,25920,173,25928.89,25908.21,0.00
2025-12-09,08:29:00,25920.25,25920.5,25916.75,25917.5,93,25928.88,25908.23,0.00
2025-12-09,08:30:00,25917,25919,25916.25,25916.5,131,25928.87,25908.25,0.00
2025-12-09,08:31:00,25916.5,25920.5,25916.25,25917.25,249,25928.86,25908.29,0.00
2025-12-09,08:32:00,25917,25918.75,25913.75,25918.25,345,25928.84,25908.34,0.00
2025-12-09,08:33:00,25917.5,25919.75,25914.5,25914.5,143,25928.83,25908.36,0.00
2025-12-09,08:34:00,25914.5,25916,25911.25,25914.75,246,25928.81,25908.38,0.00
2025-12-09,08:35:00,25914.25,25918.75,25913.5,25918.25,186,25928.80,25908.41,0.00
2025-12-09,08:36:00,25918.25,25918.5,25911.5,25914,321,25928.78,25908.44,0.00
2025-12-09,08:37:00,25915,25919.5,25914,25917,274,25928.76,25908.48,0.00
2025-12-09,08:38:00,25916.75,25917.25,25913,25913.5,221,25928.74,25908.50,0.00
2025-12-09,08:39:00,25913.75,25916.5,25912.75,25916.5,197,25928.73,25908.52,0.00
2025-12-09,08:40:00,25915.75,25917.5,25912.25,25913.75,286,25928.71,25908.55,0.00
2025-12-09,08:41:00,25914,25917,25908.5,25913.5,805,25928.65,25908.61,0.00
2025-12-09,08:42:00,25913.25,25913.75,25905,25910.25,653,25928.58,25908.62,0.00
2025-12-09,08:43:00,25909.5,25912.75,25907,25908.5,346,25928.55,25908.63,0.00
2025-12-09,08:44:00,25908.75,25911.25,25902.5,25905.25,519,25928.49,25908.61,0.00
2025-12-09,08:45:00,25905.75,25908,25903,25906.75,305,25928.46,25908.59,0.00
2025-12-09,08:46:00,25906.5,25906.5,25901,25903.25,670,25928.37,25908.54,0.00
2025-12-09,08:47:00,25903.75,25906.5,25898.5,25906.5,555,25928.30,25908.50,0.00
2025-12-09,08:48:00,25905.75,25910,25905.5,25909.5,389,25928.27,25908.50,0.00
2025-12-09,08:49:00,25910,25917,25910,25913,509,25928.23,25908.54,0.00
2025-12-09,08:50:00,25913,25917.5,25913,25915.5,391,25928.20,25908.58,0.00
2025-12-09,08:51:00,25915,25919,25910.75,25917.5,423,25928.18,25908.62,0.00
2025-12-09,08:52:00,25918.25,25925.5,25918.25,25924.25,638,25928.16,25908.76,0.00
2025-12-09,08:53:00,25925,25925.25,25921,25922,281,25928.15,25908.82,0.00
2025-12-09,08:54:00,25922.25,25925.25,25919.5,25920.25,304,25928.14,25908.88,0.00
2025-12-09,08:55:00,25920.5,25924.5,25919.25,25923,429,25928.13,25908.96,0.00
2025-12-09,08:56:00,25922.5,25926,25920.25,25925.5,288,25928.12,25909.02,0.00
2025-12-09,08:57:00,25925.5,25926,25918.5,25919.75,532,25928.11,25909.12,0.00
2025-12-09,08:58:00,25919.5,25920,25915.25,25916.75,397,25928.09,25909.17,0.00
2025-12-09,08:59:00,25917.25,25918.75,25915.25,25918.75,149,25928.08,25909.18,0.00
2025-12-09,09:00:00,25919,25919,25912.75,25917.5,410,25928.05,25909.23,0.00
2025-12-09,09:01:00,25917,25917,25909.5,25909.5,584,25928.01,25909.25,0.00
2025-12-09,09:02:00,25909.5,25912.25,25901.75,25906.5,772,25927.93,25909.22,0.00
2025-12-09,09:03:00,25906.75,25909,25904.75,25907.25,379,25927.89,25909.21,0.00
2025-12-09,09:04:00,25907.5,25911,25905.25,25907.75,343,25927.86,25909.21,0.00
2025-12-09,09:05:00,25908,25912.75,25907.5,25911,321,25927.83,25909.21,0.00
2025-12-09,09:06:00,25911.25,25914.75,25908.75,25911.75,306,25927.81,25909.22,0.00
2025-12-09,09:07:00,25911.25,25912.25,25907.5,25909.75,303,25927.78,25909.23,0.00
2025-12-09,09:08:00,25910,25917,25908.5,25916.25,322,25927.76,25909.25,0.00
2025-12-09,09:09:00,25915.75,25919.25,25913.25,25914.75,481,25927.73,25909.29,0.00
2025-12-09,09:10:00,25914.5,25917.5,25914,25916,161,25927.72,25909.30,0.00
2025-12-09,09:11:00,25916,25917,25910,25910.25,516,25927.69,25909.32,0.00
2025-12-09,09:12:00,25910,25914.75,25909.75,25911.75,266,25927.67,25909.33,0.00
2025-12-09,09:13:00,25910.5,25912.5,25909.75,25911,162,25927.65,25909.34,0.00
2025-12-09,09:14:00,25910.5,25912,25909.5,25909.5,191,25927.64,25909.34,0.00
2025-12-09,09:15:00,25910.25,25910.25,25907,25909,294,25927.61,25909.34,0.00
2025-12-09,09:16:00,25909,25909.5,25899.25,25899.5,716,25927.53,25909.28,0.00
2025-12-09,09:17:00,25900,25906.25,25898,25903,877,25927.42,25909.20,0.00
2025-12-09,09:18:00,25902.75,25910.5,25902.25,25906.75,759,25927.35,25909.17,0.00
2025-12-09,09:19:00,25906.75,25907.5,25903.75,25907.25,328,25927.32,25909.16,0.00
2025-12-09,09:20:00,25907.5,25912.5,25906.75,25908.5,463,25927.28,25909.16,0.00
2025-12-09,09:21:00,25908.5,25910.25,25904,25905.75,394,25927.24,25909.15,0.00
2025-12-09,09:22:00,25905.25,25909.75,25903.75,25906.25,496,25927.19,25909.13,0.00
2025-12-09,09:23:00,25906.5,25906.75,25899.75,25900.5,501,25927.13,25909.09,0.00
2025-12-09,09:24:00,25900.75,25902.75,25886.75,25894.25,1366,25926.93,25908.84,0.00
2025-12-09,09:25:00,25894.75,25898.75,25893.25,25894.75,582,25926.84,25908.75,0.00
2025-12-09,09:26:00,25895,25901.75,25892.5,25899.25,630,25926.76,25908.66,0.00
2025-12-09,09:27:00,25899,25904.25,25899,25903,557,25926.70,25908.62,0.00
2025-12-09,09:28:00,25903.25,25906.25,25902.5,25906.25,409,25926.66,25908.60,0.00
2025-12-09,09:29:00,25905.75,25908.25,25902.75,25904.75,383,25926.62,25908.59,0.00
2025-12-09,09:30:00,25904.5,25905.75,25902.25,25902.5,269,25926.59,25908.57,0.00
2025-12-09,09:31:00,25903,25903.25,25895.5,25902,685,25926.51,25908.50,0.00
2025-12-09,09:32:00,25902,25905,25898,25898.5,495,25926.45,25908.46,0.00
2025-12-09,09:33:00,25898.5,25899.25,25886.75,25887.5,894,25926.31,25908.28,0.00
2025-12-09,09:34:00,25886.75,25888,25880.75,25881.75,1086,25926.10,25907.97,0.00
2025-12-09,09:35:00,25881.25,25883.75,25875.75,25876.25,1161,25925.85,25907.58,0.00
2025-12-09,09:36:00,25877,25877.25,25871.25,25873,1159,25925.58,25907.14,0.00
2025-12-09,09:37:00,25872.5,25873,25860.25,25865.5,1611,25925.16,25906.41,0.00
2025-12-09,09:38:00,25864.75,25877.25,25864.25,25876.75,1299,25924.86,25905.94,0.00
2025-12-09,09:39:00,25876.5,25881.75,25876,25877.5,942,25924.67,25905.66,0.00
2025-12-09,09:40:00,25877.75,25885.25,25874.75,25884.25,804,25924.52,25905.45,0.00
2025-12-09,09:41:00,25884,25884.5,25878.25,25881,663,25924.39,25905.28,0.00
2025-12-09,09:42:00,25881,25884,25878.25,25881.75,583,25924.28,25905.14,0.00
2025-12-09,09:43:00,25881.25,25883.25,25874.25,25883.25,770,25924.14,25904.94,0.00
2025-12-09,09:44:00,25883,25883.5,25878.5,25881.25,457,25924.05,25904.82,0.00
2025-12-09,09:45:00,25880.75,25883,25877.25,25878.5,356,25923.98,25904.73,0.00
2025-12-09,09:46:00,25878.5,25892.5,25878,25882,1350,25923.75,25904.45,0.00
2025-12-09,09:47:00,25882,25884,25879.25,25884,488,25923.67,25904.34,0.00
2025-12-09,09:48:00,25883.5,25884,25880.75,25882.75,257,25923.62,25904.28,0.00
2025-12-09,09:49:00,25882.75,25883.25,25874.75,25877,648,25923.50,25904.11,0.00
2025-12-09,09:50:00,25876.5,25878.5,25872.25,25874.25,795,25923.33,25903.88,0.00
2025-12-09,09:51:00,25874,25875,25868.5,25870,852,25923.15,25903.61,0.00
2025-12-09,09:52:00,25870,25874,25868.75,25873.25,613,25923.01,25903.41,0.00
2025-12-09,09:53:00,25873.5,25877.25,25870,25876.5,681,25922.87,25903.22,0.00
2025-12-09,09:54:00,25876.25,25877.25,25870,25871,488,25922.77,25903.08,0.00
2025-12-09,09:55:00,25871,25872.5,25861.25,25863.5,1010,25922.53,25902.72,0.00
2025-12-09,09:56:00,25863,25873.5,25862.75,25868.75,1005,25922.30,25902.39,0.00
2025-12-09,09:57:00,25868.75,25870.5,25865,25869.75,528,25922.19,25902.22,0.00
2025-12-09,09:58:00,25869.25,25871.5,25868,25868.25,356,25922.11,25902.10,0.00
2025-12-09,09:59:00,25868.75,25870.75,25862.25,25866.75,664,25921.96,25901.88,0.00
2025-12-09,10:00:00,25866,25872,25865.25,25869.25,594,25921.83,25901.70,0.00
2025-12-09,10:01:00,25869.75,25877.25,25868.25,25873,1329,25921.56,25901.34,0.00
2025-12-09,10:02:00,25873,25878,25871.75,25876,720,25921.42,25901.17,0.00
2025-12-09,10:03:00,25875.5,25876.25,25869.75,25875.5,563,25921.31,25901.03,0.00
2025-12-09,10:04:00,25876,25878.75,25870,25870.25,764,25921.16,25900.84,0.00
2025-12-09,10:05:00,25870,25870.75,25866,25866.75,876,25920.97,25900.58,0.00
2025-12-09,10:06:00,25867.25,25870.75,25865.25,25868.5,588,25920.85,25900.41,0.00
2025-12-09,10:07:00,25869.25,25869.75,25861.75,25864.25,1129,25920.60,25900.06,0.00
2025-12-09,10:08:00,25864.5,25868.75,25862.5,25867.75,476,25920.49,25899.92,0.00
2025-12-09,10:09:00,25868,25868,25858.5,25860,862,25920.29,25899.63,0.00
2025-12-09,10:10:00,25860.25,25861,25856,25860,969,25920.05,25899.29,0.00
2025-12-09,10:11:00,25859.5,25864,25850.75,25862.75,1931,25919.59,25859.17,0.00
2025-12-09,10:12:00,25862.75,25867.5,25860.5,25865.25,1016,25919.37,25860.98,0.00
2025-12-09,10:13:00,25865.5,25871.25,25864,25871,956,25919.18,25862.88,0.00
2025-12-09,10:14:00,25870.75,25871.5,25864.75,25870.25,616,25919.06,25863.69,0.00
2025-12-09,10:15:00,25869.75,25871.25,25858.75,25859.25,804,25918.88,25863.60,0.00
2025-12-09,10:16:00,25859,25866.25,25858,25864,681,25918.73,25863.50,0.00
2025-12-09,10:17:00,25864.5,25866.75,25861.25,25861.75,562,25918.61,25863.48,0.00
2025-12-09,10:18:00,25861.25,25862,25856.25,25858.75,635,25918.46,25863.09,0.00
2025-12-09,10:19:00,25858.5,25864.5,25858,25862,462,25918.36,25862.99,0.00
2025-12-09,10:20:00,25862,25863,25858.25,25858.5,314,25918.29,25862.87,0.00
2025-12-09,10:21:00,25859,25862.25,25856.75,25859.75,511,25918.17,25862.67,0.00
2025-12-09,10:22:00,25860,25865,25859.25,25863.5,513,25918.06,25862.67,0.00
2025-12-09,10:23:00,25863.5,25867,25861,25864.25,525,25917.96,25862.75,0.00
2025-12-09,10:24:00,25865,25865,25856.75,25857.25,509,25917.84,25862.59,0.00
2025-12-09,10:25:00,25856.75,25857.75,25846,25854,2236,25917.29,25852.58,0.00
2025-12-09,10:26:00,25854.5,25860.75,25850.75,25856,1660,25916.90,25853.97,0.00
2025-12-09,10:27:00,25856.5,25858.25,25844.5,25845.75,1169,25916.60,25849.50,0.00
2025-12-09,10:28:00,25845.75,25858.5,25842.25,25856.5,1594,25916.22,25852.42,0.00
2025-12-09,10:29:00,25856,25863,25848,25861.25,1749,25915.84,25855.03,0.00
2025-12-09,10:30:00,25861.25,25874.25,25858.75,25871.5,2799,25915.35,25861.02,0.00
2025-12-09,10:31:00,25872,25892.25,25849.75,25855,11424,25913.35,25864.04,0.00
2025-12-09,10:32:00,25855.25,25864.5,25820,25836.25,12537,25910.25,25840.25,0.00
2025-12-09,10:33:00,25836,25840.5,25822.5,25823.5,5861,25908.67,25836.61,0.00
2025-12-09,10:34:00,25823.25,25844.75,25813.25,25842.25,9190,25906.44,25833.42,0.00
2025-12-09,10:35:00,25842,25854.25,25824.25,25833.75,7976,25904.72,25835.28,0.00
2025-12-09,10:36:00,25833.5,25862,25828.75,25854.75,7428,25903.44,25839.27,0.00
2025-12-09,10:37:00,25854.75,25861,25846,25851.25,5062,25902.67,25841.57,0.00
2025-12-09,10:38:00,25850,25879,25843.25,25878.25,6929,25901.93,25846.36,0.00
2025-12-09,10:39:00,25878.5,25888.25,25865.25,25887.75,6372,25901.53,25851.41,0.00
2025-12-09,10:40:00,25888.25,25900,25886.5,25893.5,8818,25901.33,25858.55,0.00
2025-12-09,10:41:00,25893.5,25906.5,25859.5,25861,11203,25900.54,25861.59,0.00
2025-12-09,10:42:00,25861.75,25877.75,25861.25,25875.75,5614,25900.10,25862.41,0.00
2025-12-09,10:43:00,25876,25885.5,25869,25880,4370,25899.85,25863.35,0.00
2025-12-09,10:44:00,25880,25882.5,25861.5,25868.25,4180,25899.53,25863.76,0.00
2025-12-09,10:45:00,25868.25,25876,25861,25865.25,4347,25899.16,25863.95,0.00
2025-12-09,10:46:00,25865.75,25875.75,25855.75,25865.5,4629,25898.76,25864.04,0.00
2025-12-09,10:47:00,25865.25,25887,25861.25,25886.25,4895,25898.50,25864.80,0.00
2025-12-09,10:48:00,25886.25,25888.25,25858.75,25862.75,4771,25898.16,25865.06,0.00
2025-12-09,10:49:00,25863,25867.5,25849,25865.25,5857,25897.62,25864.80,0.00
2025-12-09,10:50:00,25865.25,25876.5,25862.5,25871,3765,25897.36,25864.99,0.00
2025-12-09,10:51:00,25871.25,25880.75,25863,25879.5,3456,25897.17,25865.28,0.00
2025-12-09,10:52:00,25879.5,25886,25869.25,25873.25,3746,25896.98,25865.65,0.00
2025-12-09,10:53:00,25873.5,25879.75,25864.25,25873.5,2429,25896.84,25865.79,0.00
2025-12-09,10:54:00,25874,25880.25,25857.25,25857.25,3119,25896.60,25865.77,0.00
2025-12-09,10:55:00,25857.5,25866.5,25853.25,25865,3594,25896.30,25865.64,0.00
2025-12-09,10:56:00,25865.5,25871.25,25853.75,25869,3766,25896.02,25865.62,0.00
2025-12-09,10:57:00,25869,25879.75,25868,25877,3118,25895.87,25865.84,0.00
2025-12-09,10:58:00,25877,25878.5,25861.5,25865,2498,25895.71,25865.89,0.00
2025-12-09,10:59:00,25864.25,25875.5,25863,25872.5,1285,25895.64,25865.93,0.00
2025-12-09,11:00:00,25872.25,25890.75,25872.25,25883.5,3264,25895.53,25866.32,0.00
2025-12-09,11:01:00,25884,25895.25,25870.75,25892.5,5414,25895.42,25867.08,0.00
2025-12-09,11:02:00,25892.5,25895,25879.5,25881.75,3552,25895.34,25867.53,0.00
2025-12-09,11:03:00,25882,25922.75,25878.5,25920.5,9320,25895.58,25869.94,0.00
2025-12-09,11:04:00,25920.25,25923.25,25900.75,25903.5,5764,25895.75,25871.35,0.00
2025-12-09,11:05:00,25904,25906.25,25887.25,25891.75,5176,25895.75,25872.10,0.00
2025-12-09,11:06:00,25891.25,25900.75,25876,25878.25,6324,25895.60,25872.57,0.00
2025-12-09,11:07:00,25878,25890.75,25876.25,25886.5,5077,25895.48,25872.92,0.00
2025-12-09,11:08:00,25886.5,25899.25,25885.75,25893,3537,25895.46,25873.31,0.00
2025-12-09,11:09:00,25893,25893.5,25868.5,25874.25,5244,25895.28,25873.46,0.00
2025-12-09,11:10:00,25874.25,25891.5,25871.5,25891,3940,25895.20,25873.69,0.00
2025-12-09,11:11:00,25891.25,25898.25,25882.5,25890,3702,25895.16,25874.01,0.00
2025-12-09,11:12:00,25889.75,25895.5,25882.5,25885.25,3449,25895.11,25874.25,0.00
2025-12-09,11:13:00,25885.75,25896.25,25885.5,25893.75,1858,25895.10,25874.42,0.00
2025-12-09,11:14:00,25893.5,25903.25,25889.25,25892,3681,25895.10,25874.79,0.00
2025-12-09,11:15:00,25891.75,25897,25887.5,25889,1592,25895.08,25874.92,0.00
2025-12-09,11:16:00,25889,25892.25,25877.25,25891.75,4061,25895.02,25875.16,0.00
2025-12-09,11:17:00,25891.5,25893.75,25883.75,25893.75,2152,25895.00,25875.31,0.00
2025-12-09,11:18:00,25893.25,25901.75,25888.25,25895.5,2764,25895.00,25875.57,0.00
2025-12-09,11:19:00,25895.75,25896.75,25884.25,25887.75,2203,25894.98,25875.72,0.00
2025-12-09,11:20:00,25888.25,25892.25,25881,25888.25,2062,25894.95,25875.83,0.00
2025-12-09,11:21:00,25889,25893,25881.5,25891.5,1761,25894.93,25875.93,0.00
2025-12-09,11:22:00,25891.25,25897.75,25886.75,25888.25,1780,25894.91,25876.05,0.00
2025-12-09,11:23:00,25887.75,25891.5,25881.25,25889.5,2203,25894.88,25876.16,0.00
2025-12-09,11:24:00,25890.5,25897.75,25886,25893.5,1977,25894.87,25876.31,0.00
2025-12-09,11:25:00,25893.5,25904.75,25890.75,25901.75,3101,25894.90,25876.62,0.00
2025-12-09,11:26:00,25901.5,25906.25,25896.25,25903.5,2453,25894.93,25876.89,0.00
2025-12-09,11:27:00,25904.25,25905.75,25898.5,25900.75,2471,25894.96,25877.15,0.00
2025-12-09,11:28:00,25900.5,25901.5,25881.5,25889,4970,25894.92,25877.43,0.00
2025-12-09,11:29:00,25888.5,25898.25,25885.75,25898,2395,25894.92,25877.60,0.00
2025-12-09,11:30:00,25898.5,25917.25,25898.5,25910.25,6754,25895.09,25878.45,0.00
2025-12-09,11:31:00,25910.25,25915,25901.5,25911.75,4251,25895.20,25878.98,0.00
2025-12-09,11:32:00,25912,25920.25,25908.5,25911.5,4189,25895.33,25879.54,0.00
2025-12-09,11:33:00,25911.25,25913,25892.5,25900,4403,25895.38,25879.92,0.00
2025-12-09,11:34:00,25899.5,25906.25,25894.5,25900.25,2297,25895.40,25880.10,0.00
2025-12-09,11:35:00,25900.75,25911.5,25900.25,25908.75,2028,25895.45,25880.31,0.00
2025-12-09,11:36:00,25909,25910.25,25895,25900.75,2549,25895.48,25880.51,0.00
2025-12-09,11:37:00,25901.25,25908.25,25898,25904.25,1798,25895.50,25880.67,0.00
2025-12-09,11:38:00,25904,25909.25,25898.25,25899.75,1466,25895.52,25880.79,0.00
2025-12-09,11:39:00,25900.25,25903.25,25893.5,25896.25,2270,25895.53,25880.93,0.00
2025-12-09,11:40:00,25896,25906.25,25893.75,25906,1878,25895.55,25881.07,0.00
2025-12-09,11:41:00,25906,25909.5,25900,25906,1931,25895.58,25881.24,0.00
2025-12-09,11:42:00,25906.25,25922.25,25904.25,25914.25,4442,25895.72,25881.75,0.00
2025-12-09,11:43:00,25914.5,25917,25908.5,25915.75,1883,25895.78,25881.97,0.00
2025-12-09,11:44:00,25915.75,25930.25,25913.5,25930.25,4445,25895.99,25882.63,0.00
2025-12-09,11:45:00,25929.75,25934,25921.75,25933,3766,25896.21,25883.24,0.00
2025-12-09,11:46:00,25933.25,25936,25926.75,25928.25,4106,25896.44,25883.90,0.00
2025-12-09,11:47:00,25928.75,25929.25,25911.5,25915.75,5080,25896.63,25884.49,0.00
2025-12-09,11:48:00,25916,25920.75,25895.75,25896.75,5288,25896.70,25884.84,0.00
2025-12-09,11:49:00,25896.75,25901.5,25889,25892,5183,25896.68,25884.99,0.00
2025-12-09,11:50:00,25891.5,25906,25888.75,25905,4147,25896.70,25885.19,0.00
2025-12-09,11:51:00,25904.75,25924.25,25901.5,25922.5,5285,25896.87,25885.70,0.00
2025-12-09,11:52:00,25922.5,25931.5,25920,25929,3683,25897.04,25886.17,0.00
2025-12-09,11:53:00,25929.5,25932.25,25921,25925.25,2726,25897.17,25886.51,0.00
2025-12-09,11:54:00,25925.25,25928,25919.5,25925.5,1961,25897.25,25886.73,0.00
2025-12-09,11:55:00,25924.75,25928.25,25920.75,25925.5,1480,25897.32,25886.90,0.00
2025-12-09,11:56:00,25925.75,25940.25,25925.75,25932.75,4957,25897.60,25887.59,0.00
2025-12-09,11:57:00,25932.75,25934,25926.25,25928.25,1763,25897.68,25887.81,0.00
2025-12-09,11:58:00,25928.25,25935,25926.25,25933.5,1307,25897.75,25887.98,0.00
2025-12-09,11:59:00,25933.75,25935.25,25928.5,25933.5,1476,25897.83,25888.17,0.00
2025-12-09,12:00:00,25934,25938.25,25932.5,25937.25,1335,25897.91,25888.36,0.00
2025-12-09,12:01:00,25937,25944.75,25933.75,25942.25,4624,25898.22,25889.06,0.00
2025-12-09,12:02:00,25942.5,25949.25,25941.25,25947.75,3569,25898.48,25889.64,0.00
2025-12-09,12:03:00,25947.75,25957,25945.5,25951.25,4441,25898.84,25890.42,0.00
2025-12-09,12:04:00,25951.25,25951.25,25938.75,25941.25,3221,25899.06,25890.90,0.00
2025-12-09,12:05:00,25941.25,25947.25,25938.75,25944,1941,25899.19,25891.19,0.00
2025-12-09,12:06:00,25944.25,25956,25943.5,25953.5,2564,25899.39,25891.61,0.00
2025-12-09,12:07:00,25953.75,25954.75,25941.5,25942.25,2168,25899.54,25891.94,0.00
2025-12-09,12:08:00,25942,25944.75,25931,25938.75,3640,25899.75,25892.40,0.00
2025-12-09,12:09:00,25939,25940.25,25934,25936.5,1380,25899.83,25892.56,0.00
2025-12-09,12:10:00,25936.75,25942,25934,25938.75,1716,25899.93,25892.78,0.00
2025-12-09,12:11:00,25938.5,25942.5,25937.25,25939,1261,25900.00,25892.94,0.00
2025-12-09,12:12:00,25938.75,25945.75,25938,25942.5,2095,25900.13,25893.21,0.00
2025-12-09,12:13:00,25943,25948.75,25941.5,25941.75,1596,25900.23,25893.43,0.00
2025-12-09,12:14:00,25942,25945.5,25938,25941.25,1324,25900.32,25893.60,0.00
2025-12-09,12:15:00,25941.75,25947.25,25939.5,25944.5,1007,25900.38,25893.73,0.00
2025-12-09,12:16:00,25945,25952.75,25944.25,25950.5,2458,25900.56,25894.09,0.00
2025-12-09,12:17:00,25950.75,25963,25950.5,25957.5,4996,25900.97,25894.91,0.00
2025-12-09,12:18:00,25957.5,25961.25,25949.5,25950.5,2641,25901.17,25895.31,0.00
2025-12-09,12:19:00,25950.75,25954.5,25948.5,25952.5,1876,25901.31,25895.59,0.00
2025-12-09,12:20:00,25952.25,25958,25952.25,25954.5,1668,25901.44,25895.84,0.00
2025-12-09,12:21:00,25954.75,25956.5,25942.75,25947.75,3024,25901.64,25896.25,0.00
2025-12-09,12:22:00,25947.75,25951.75,25944.5,25949.25,1641,25901.75,25896.47,0.00
2025-12-09,12:23:00,25949.25,25954,25943,25947.25,1983,25901.89,25896.73,0.00
2025-12-09,12:24:00,25947.5,25950.75,25946,25948.75,943,25901.95,25896.85,0.00
2025-12-09,12:25:00,25949,25953.25,25944.25,25952,1428,25902.05,25897.04,0.00
2025-12-09,12:26:00,25952.25,25953.5,25949.5,25950.25,941,25902.11,25897.17,0.00
2025-12-09,12:27:00,25950.5,25951.75,25944.75,25946.75,1419,25902.20,25897.34,0.00
2025-12-09,12:28:00,25946.75,25954.75,25946.75,25951.5,1547,25902.31,25897.55,0.00
2025-12-09,12:29:00,25951.75,25953,25946,25947,1148,25902.39,25897.70,0.00
2025-12-09,12:30:00,25947,25949.5,25941.25,25943,2081,25902.51,25897.94,0.00
2025-12-09,12:31:00,25943.25,25951.75,25942,25948.5,2273,25902.65,25898.21,0.00
2025-12-09,12:32:00,25948.75,25949.5,25923.25,25941.25,5640,25902.93,25898.75,0.00
2025-12-09,12:33:00,25941.5,25952,25940.25,25948.5,2765,25903.10,25899.07,0.00
2025-12-09,12:34:00,25948.5,25957.5,25947,25957.5,2250,25903.26,25899.37,0.00
2025-12-09,12:35:00,25957.75,25961.25,25956,25960.75,2650,25903.47,25899.74,0.00
2025-12-09,12:36:00,25960.25,25967,25958.25,25962,3976,25903.79,25900.33,0.00
2025-12-09,12:37:00,25961.75,25962.25,25954.5,25955.25,2275,25903.96,25900.63,0.00
2025-12-09,12:38:00,25955.5,25958.5,25948.25,25953.5,2381,25904.12,25900.92,0.00
2025-12-09,12:39:00,25954,25954.5,25949.25,25951,1227,25904.20,25901.07,0.00
2025-12-09,12:40:00,25951,25953.5,25947.5,25951.5,1351,25904.28,25901.22,0.00
2025-12-09,12:41:00,25951.75,25953,25936.75,25937.5,3506,25904.46,25901.55,0.00
2025-12-09,12:42:00,25937.5,25944,25935.75,25937.75,2951,25904.60,25901.81,0.00
2025-12-09,12:43:00,25938,25939.5,25930.25,25932.25,2801,25904.71,25902.01,0.00
2025-12-09,12:44:00,25932.75,25936,25927.75,25930.5,2647,25904.81,25902.19,0.00
2025-12-09,12:45:00,25930.75,25932.5,25920.25,25927,3656,25904.91,25902.39,0.00
2025-12-09,12:46:00,25926.75,25938.25,25926.75,25937,3003,25905.03,25902.60,0.00
2025-12-09,12:47:00,25937,25937.5,25925.5,25928,2184,25905.10,25902.73,0.00
2025-12-09,12:48:00,25928.75,25937.5,25926.75,25930,1922,25905.17,25902.85,0.00
2025-12-09,12:49:00,25930.25,25946.5,25929.75,25945.75,2796,25905.30,25903.08,0.00
2025-12-09,12:50:00,25946.25,25952.25,25946,25946.5,2619,25905.45,25903.34,0.00
2025-12-09,12:51:00,25947,25960.75,25946.75,25960,2982,25905.64,25903.67,0.00
2025-12-09,12:52:00,25960.25,25964.25,25957.25,25961.75,2440,25905.82,25903.97,0.00
2025-12-09,12:53:00,25961.75,25966.25,25955.75,25956.75,2713,25906.01,25904.30,0.00
2025-12-09,12:54:00,25956.5,25961.75,25953.75,25961,1729,25906.13,25904.50,0.00
2025-12-09,12:55:00,25960.5,25967.75,25958.5,25966.25,1984,25906.27,25904.75,0.00
2025-12-09,12:56:00,25966.5,25969,25962,25966.5,2225,25906.45,25905.03,0.00
2025-12-09,12:57:00,25966.5,25969,25961,25963.75,1753,25906.58,25905.25,0.00
2025-12-09,12:58:00,25963.25,25967.5,25958.75,25966.75,1612,25906.70,25905.45,0.00
2025-12-09,12:59:00,25967,25967.5,25962.5,25965.75,1168,25906.78,25905.60,0.00
2025-12-09,13:00:00,25965.75,25968.25,25961.5,25962,1610,25906.90,25905.79,0.00
2025-12-09,13:01:00,25961.75,25965,25957.75,25961.75,2449,25907.07,25906.07,0.00
2025-12-09,13:02:00,25961.25,25962.5,25953.75,25960.25,2512,25907.24,25906.35,0.00
2025-12-09,13:03:00,25960,25972.75,25958.5,25968.75,2811,25907.45,25906.69,0.00
2025-12-09,13:04:00,25968.75,25980.75,25968.75,25980.25,4129,25907.81,25907.28,0.00
2025-12-09,13:05:00,25980,25981.75,25976.75,25978.25,2303,25908.01,25907.61,0.00
2025-12-09,13:06:00,25978.75,25985.75,25977,25983.5,2568,25982.08,25908.00,0.00
2025-12-09,13:07:00,25984.25,25986.25,25979.5,25982.25,1743,25982.67,25908.26,0.00
2025-12-09,13:08:00,25982.75,25984.5,25975,25975.25,1766,25980.44,25908.50,0.00
2025-12-09,13:09:00,25975.5,25977.75,25970.75,25975.75,1550,25978.70,25908.71,0.00
2025-12-09,13:10:00,25976,25979.75,25974.25,25977.25,1012,25978.43,25908.84,0.00
2025-12-09,13:11:00,25977.25,25978.25,25973,25975,1281,25977.90,25909.01,0.00
2025-12-09,13:12:00,25975.75,25979,25974.5,25977,919,25977.79,25909.14,0.00
2025-12-09,13:13:00,25977,25977.5,25965.75,25970.25,2419,25976.29,25909.43,0.00
2025-12-09,13:14:00,25970,25973,25969.75,25971.75,1020,25975.87,25909.56,0.00
2025-12-09,13:15:00,25972,25979.5,25972,25974,1542,25975.79,25909.75,0.00
2025-12-09,13:16:00,25974.25,25975.5,25968.5,25970,1112,25975.44,25909.89,0.00
2025-12-09,13:17:00,25970,25973.5,25968,25969.25,1023,25975.10,25910.01,0.00
2025-12-09,13:18:00,25970,25970.25,25965.25,25969,1269,25974.57,25910.15,0.00
2025-12-09,13:19:00,25969,25969.75,25965.25,25965.25,887,25974.18,25910.25,0.00
2025-12-09,13:20:00,25965,25966,25959.75,25960.25,1885,25972.99,25910.44,0.00
2025-12-09,13:21:00,25959.75,25960.25,25950.25,25955.5,3405,25970.36,25910.73,0.00
2025-12-09,13:22:00,25955.5,25960.25,25953.5,25956.75,1554,25969.50,25910.87,0.00
2025-12-09,13:23:00,25956.25,25958.25,25950,25951.5,1614,25968.49,25911.00,0.00
2025-12-09,13:24:00,25952,25953.75,25943.25,25953.5,2943,25966.63,25911.22,0.00
2025-12-09,13:25:00,25953.25,25956.5,25949.75,25956,1499,25966.01,25911.34,0.00
2025-12-09,13:26:00,25956.25,25965.25,25954.75,25964.25,3155,25965.58,25911.63,0.00
2025-12-09,13:27:00,25964.25,25966.75,25955.5,25961.5,2245,25965.31,25911.84,0.00
2025-12-09,13:28:00,25961.5,25962.5,25954.75,25960.75,1260,25965.10,25911.96,0.00
2025-12-09,13:29:00,25961.25,25963.75,25959,25961.5,850,25965.02,25912.03,0.00
2025-12-09,13:30:00,25961.5,25962.75,25959,25960.75,559,25964.96,25912.08,0.00
2025-12-09,13:31:00,25960.75,25970.25,25960.5,25966.25,2532,25965.00,25912.34,0.00
2025-12-09,13:32:00,25966.75,25968.25,25961,25966.25,1476,25965.01,25912.48,0.00
2025-12-09,13:33:00,25966.75,25967.25,25957.75,25958.25,1324,25964.89,25912.60,0.00
2025-12-09,13:34:00,25958.25,25964.5,25956.25,25960,1630,25964.72,25912.74,0.00
2025-12-09,13:35:00,25960.25,25961.25,25954.25,25958,1862,25964.45,25912.90,0.00
2025-12-09,13:36:00,25957.75,25960.25,25954.25,25957.75,1234,25964.27,25913.00,0.00
2025-12-09,13:37:00,25957.75,25958.75,25947.75,25950.25,3089,25963.56,25913.22,0.00
2025-12-09,13:38:00,25950,25957.5,25946.75,25957.5,2099,25963.18,25913.37,0.00
2025-12-09,13:39:00,25957.75,25963.5,25954.25,25961.75,2075,25963.06,25913.55,0.00
2025-12-09,13:40:00,25962,25967.75,25961.5,25963.75,1903,25963.10,25913.72,0.00
2025-12-09,13:41:00,25963.75,25968.75,25961.5,25961.75,1440,25963.12,25913.85,0.00
2025-12-09,13:42:00,25961.5,25962,25957.25,25958.5,1344,25963.03,25913.96,0.00
2025-12-09,13:43:00,25959.25,25961.5,25951,25951.75,1640,25962.81,25914.08,0.00
2025-12-09,13:44:00,25952,25959.25,25950,25955.75,1673,25962.61,25914.20,0.00
2025-12-09,13:45:00,25955.5,25958.5,25952.5,25956,763,25962.53,25914.26,0.00
2025-12-09,13:46:00,25956.5,25957,25951.5,25953.5,1027,25962.39,25914.33,0.00
2025-12-09,13:47:00,25953,25954,25948.75,25950.75,1300,25962.18,25914.41,0.00
2025-12-09,13:48:00,25950.5,25955,25947.5,25951.75,1425,25961.95,25914.51,0.00
2025-12-09,13:49:00,25952.5,25955.5,25949.75,25950.5,921,25961.82,25914.57,0.00
2025-12-09,13:50:00,25950,25950.75,25942.25,25945,2417,25961.29,25914.70,0.00
2025-12-09,13:51:00,25945,25954.25,25943.5,25953.75,1516,25961.06,25914.80,0.00
2025-12-09,13:52:00,25953.75,25959.25,25953.75,25956,1690,25960.96,25914.92,0.00
2025-12-09,13:53:00,25956,25956.5,25950.25,25952.75,1101,25960.84,25914.99,0.00
2025-12-09,13:54:00,25952.25,25960.75,25952.25,25960.25,1546,25960.78,25915.11,0.00
2025-12-09,13:55:00,25960.25,25961.5,25954,25960.75,1051,25960.75,25915.19,0.00
2025-12-09,13:56:00,25960.5,25964.5,25956.25,25959.75,1966,25960.74,25915.34,0.00
2025-12-09,13:57:00,25959.75,25960,25951,25954.75,1974,25960.61,25915.48,0.00
2025-12-09,13:58:00,25954.25,25962,25952,25959,1055,25960.57,25915.55,0.00
2025-12-09,13:59:00,25959,25968,25959,25966.25,1694,25960.65,25915.69,0.00
2025-12-09,14:00:00,25966,25972.25,25966,25970.5,2194,25960.87,25915.90,0.00
2025-12-09,14:01:00,25970.25,25971.5,25963,25968.75,2151,25961.04,25916.09,0.00
2025-12-09,14:02:00,25969.25,25970.75,25963.5,25966.75,1030,25961.10,25916.17,0.00
2025-12-09,14:03:00,25966.75,25974.5,25966.25,25973.5,1503,25961.27,25916.32,0.00
2025-12-09,14:04:00,25973.5,25978,25971.25,25977.25,1840,25961.55,25916.50,0.00
2025-12-09,14:05:00,25977,25981.25,25973.5,25975.5,1808,25961.84,25916.68,0.00
2025-12-09,14:06:00,25975.75,25977,25973,25975.25,1026,25961.98,25916.78,0.00
2025-12-09,14:07:00,25975,25975.75,25970.5,25971.25,1256,25962.11,25916.90,0.00
2025-12-09,14:08:00,25971,25976.5,25969.25,25970.75,1222,25962.24,25917.01,0.00
2025-12-09,14:09:00,25971.25,25973,25965.25,25970.25,1336,25962.33,25917.13,0.00
2025-12-09,14:10:00,25970,25971.5,25967.25,25967.5,931,25962.39,25917.21,0.00
2025-12-09,14:11:00,25967.75,25968.5,25963,25964.5,1553,25962.44,25917.34,0.00
2025-12-09,14:12:00,25965,25965.25,25957.25,25958.75,1632,25962.40,25917.45,0.00
2025-12-09,14:13:00,25958.5,25968.75,25957.5,25968.5,1490,25962.44,25917.57,0.00
2025-12-09,14:14:00,25968.75,25972.5,25965.5,25967,1603,25962.53,25917.70,0.00
2025-12-09,14:15:00,25966.5,25971.25,25966.25,25970.25,715,25962.57,25917.76,0.00
2025-12-09,14:16:00,25970.5,25976,25970.25,25974.75,1475,25962.72,25917.90,0.00
2025-12-09,14:17:00,25974.5,25976.5,25970.25,25973.5,1153,25962.83,25918.00,0.00
2025-12-09,14:18:00,25973.25,25981.25,25970.5,25980,1684,25963.05,25918.17,0.00
2025-12-09,14:19:00,25980.25,25984.75,25977.75,25978.25,2195,25963.37,25918.39,0.00
2025-12-09,14:20:00,25978.25,25981.5,25974.75,25981,1167,25963.53,25918.51,0.00
2025-12-09,14:21:00,25981,25981.5,25975.25,25977.75,849,25963.64,25918.59,0.00
2025-12-09,14:22:00,25978.25,25978.5,25972,25972,1048,25963.73,25918.68,0.00
2025-12-09,14:23:00,25972.75,25976,25970.25,25970.75,992,25963.80,25918.77,0.00
2025-12-09,14:24:00,25971,25974,25969,25970.5,1065,25963.87,25918.86,0.00
2025-12-09,14:25:00,25970.25,25978,25969.25,25976.5,1149,25963.97,25918.96,0.00
2025-12-09,14:26:00,25976.5,25977.75,25971.75,25975.25,1032,25964.06,25919.06,0.00
2025-12-09,14:27:00,25975,25976.25,25969.25,25972,751,25964.11,25919.12,0.00
2025-12-09,14:28:00,25971.5,25978.75,25970.5,25977.25,794,25964.19,25919.19,0.00
2025-12-09,14:29:00,25977.5,25984.25,25976,25983.5,1380,25964.37,25919.33,0.00
2025-12-09,14:30:00,25983.5,25985,25978,25979.25,1130,25964.52,25919.44,0.00
2025-12-09,14:31:00,25979.5,25981.75,25976.5,25980.5,1215,25964.66,25919.56,0.00
2025-12-09,14:32:00,25981.25,25983,25977.75,25980.5,718,25964.75,25919.63,0.00
2025-12-09,14:33:00,25980.5,25981.75,25977.75,25978.75,581,25964.82,25919.68,0.00
2025-12-09,14:34:00,25979,25981.25,25976,25976.25,746,25964.89,25919.75,0.00
2025-12-09,14:35:00,25976.5,25978.5,25972.5,25973,1030,25964.97,25919.84,0.00
2025-12-09,14:36:00,25973.25,25973.75,25966.5,25967.25,1640,25965.02,25919.97,0.00
2025-12-09,14:37:00,25967.75,25968.75,25966,25966.5,851,25965.04,25920.03,0.00
2025-12-09,14:38:00,25966.5,25969.25,25963.5,25968.75,1389,25965.06,25920.14,0.00
2025-12-09,14:39:00,25968.75,25972.5,25965.75,25966.25,1185,25965.08,25920.23,0.00
2025-12-09,14:40:00,25966.75,25966.75,25959.75,25966.5,2065,25965.07,25920.37,0.00
2025-12-09,14:41:00,25966.5,25969.5,25964.5,25967.25,1169,25965.09,25920.46,0.00
2025-12-09,14:42:00,25967.25,25969.25,25960,25960.25,909,25965.08,25920.52,0.00
2025-12-09,14:43:00,25960,25965.5,25958.5,25965,1257,25965.06,25920.60,0.00
2025-12-09,14:44:00,25965.25,25966.25,25955.75,25960.5,1566,25965.01,25920.70,0.00
2025-12-09,14:45:00,25961.25,25962,25954.75,25957.25,1987,25964.92,25920.81,0.00
2025-12-09,14:46:00,25956.75,25958.25,25943.75,25945.5,4260,25964.47,25921.00,0.00
2025-12-09,14:47:00,25945.25,25950.75,25944.25,25946.75,1716,25964.27,25921.07,0.00
2025-12-09,14:48:00,25946.5,25952.5,25945,25947.25,1622,25964.10,25921.14,0.00
2025-12-09,14:49:00,25947.75,25965.25,25947.75,25964.5,2724,25964.01,25921.30,0.00
2025-12-09,14:50:00,25964.75,25971.25,25964.5,25967.75,2139,25964.07,25921.45,0.00
2025-12-09,14:51:00,25967.5,25970.5,25963.25,25968,1633,25964.10,25921.56,0.00
2025-12-09,14:52:00,25968,25974,25965.25,25970.75,1892,25964.17,25921.70,0.00
2025-12-09,14:53:00,25971.25,25977.75,25968.5,25977.5,1367,25964.26,25921.81,0.00
2025-12-09,14:54:00,25977.5,25991.75,25975.75,25985.75,4261,25984.42,25922.21,0.00
2025-12-09,14:55:00,25985.5,25989,25982.75,25984.25,2144,25984.72,25922.42,0.00
2025-12-09,14:56:00,25984.5,25986.5,25976.25,25980.75,2730,25983.66,25922.66,0.00
2025-12-09,14:57:00,25980.75,25988,25978.75,25987,1342,25983.78,25922.78,0.00
2025-12-09,14:58:00,25987.25,25987.5,25983.25,25984,1068,25983.88,25922.88,0.00
2025-12-09,14:59:00,25984,25985.75,25978.25,25980.25,990,25983.69,25922.96,0.00
2025-12-09,15:00:00,25980.25,25981.25,25974,25975,1718,25982.85,25923.10,0.00
2025-12-09,15:01:00,25975.25,25977.5,25971.25,25971.5,1567,25981.92,25923.22,0.00
2025-12-09,15:02:00,25971.5,25973,25966.25,25967.25,1703,25980.65,25923.33,0.00
2025-12-09,15:03:00,25967.5,25969,25959,25965.75,2857,25978.39,25923.51,0.00
2025-12-09,15:04:00,25965.25,25969.75,25960.5,25967.5,1485,25977.55,25923.60,0.00
2025-12-09,15:05:00,25967,25970,25963,25965.5,950,25977.07,25923.66,0.00
2025-12-09,15:06:00,25965.5,25970,25963.25,25963.75,1072,25976.56,25923.72,0.00
2025-12-09,15:07:00,25964,25965.75,25959,25962,1372,25975.78,25923.80,0.00
2025-12-09,15:08:00,25962.25,25964,25954.5,25955.75,1835,25974.59,25923.89,0.00
2025-12-09,15:09:00,25956,25961,25952,25958.5,2967,25972.87,25924.03,0.00
2025-12-09,15:10:00,25958.5,25963,25955.75,25961.25,1159,25972.39,25924.10,0.00
2025-12-09,15:11:00,25961,25966.25,25952.25,25957.5,2666,25971.31,25924.23,0.00
2025-12-09,15:12:00,25958.25,25958.5,25953.75,25957,915,25970.92,25924.27,0.00
2025-12-09,15:13:00,25957,25957.25,25952.25,25953,930,25970.48,25924.31,0.00
2025-12-09,15:14:00,25952.5,25956.5,25950.75,25952.75,1331,25969.87,25924.37,0.00
2025-12-09,15:15:00,25953,25958,25952.5,25957.75,752,25969.59,25924.40,0.00
2025-12-09,15:16:00,25957.5,25960.5,25954.25,25959.25,1300,25969.21,25924.46,0.00
2025-12-09,15:17:00,25959.25,25960.25,25954.5,25956.25,722,25968.98,25924.50,0.00
2025-12-09,15:18:00,25955.75,25960.75,25954.5,25958.75,796,25968.77,25924.53,0.00
2025-12-09,15:19:00,25959.25,25968.25,25957.5,25967.75,1717,25968.60,25924.63,0.00
2025-12-09,15:20:00,25967.75,25970,25963.5,25966,1249,25968.54,25924.71,0.00
2025-12-09,15:21:00,25965.75,25970.75,25965.25,25969.75,1147,25968.54,25924.78,0.00
2025-12-09,15:22:00,25969.75,25970.5,25965.5,25966.25,808,25968.52,25924.83,0.00
2025-12-09,15:23:00,25965.75,25967.5,25960.75,25963.75,1135,25968.41,25924.89,0.00
2025-12-09,15:24:00,25963.5,25966.5,25962,25965.75,571,25968.36,25924.92,0.00
2025-12-09,15:25:00,25965.75,25967.25,25963,25963.75,450,25968.33,25924.95,0.00
2025-12-09,15:26:00,25963.5,25968.5,25962.75,25968,784,25968.30,25924.99,0.00
2025-12-09,15:27:00,25968.5,25970.25,25964.25,25964.25,935,25968.26,25925.05,0.00
2025-12-09,15:28:00,25964.25,25966.5,25962.75,25964.75,838,25968.20,25925.09,0.00
2025-12-09,15:29:00,25964.75,25966.75,25962.5,25965.5,652,25968.16,25925.13,0.00
2025-12-09,15:30:00,25965.75,25965.75,25961.5,25964.25,629,25968.10,25925.16,0.00
2025-12-09,15:31:00,25964.5,25966,25960.5,25964.75,1003,25968.02,25925.22,0.00
2025-12-09,15:32:00,25964.75,25966.5,25960.75,25965.5,834,25967.96,25925.26,0.00
2025-12-09,15:33:00,25965.75,25970,25964.75,25967.25,969,25967.95,25925.32,0.00
2025-12-09,15:34:00,25967.75,25969,25962.5,25964.25,974,25967.90,25925.38,0.00
2025-12-09,15:35:00,25964.5,25965.5,25962.5,25963.25,581,25967.86,25925.41,0.00
2025-12-09,15:36:00,25963.25,25964.25,25957.75,25958.25,1319,25967.68,25925.47,0.00
2025-12-09,15:37:00,25958.25,25958.75,25953,25955,2099,25967.25,25925.56,0.00
2025-12-09,15:38:00,25955.25,25962,25954.5,25957,1192,25967.07,25925.61,0.00
2025-12-09,15:39:00,25956.75,25959,25953.5,25957.75,879,25966.92,25925.65,0.00
2025-12-09,15:40:00,25957.5,25961.75,25956,25956.25,884,25966.79,25925.69,0.00
2025-12-09,15:41:00,25956.25,25958.25,25954.75,25957.25,635,25966.69,25925.72,0.00
2025-12-09,15:42:00,25956.5,25956.75,25950.5,25951,1222,25966.43,25925.76,0.00
2025-12-09,15:43:00,25951.5,25953.5,25947.25,25950.25,1562,25966.04,25925.82,0.00
2025-12-09,15:44:00,25950,25954.75,25949.75,25950.25,686,25965.89,25925.84,0.00
2025-12-09,15:45:00,25950.75,25951,25936,25944.5,3974,25964.65,25925.94,0.00
2025-12-09,15:46:00,25944.75,25946.5,25941,25944,1554,25964.20,25925.98,0.00
2025-12-09,15:47:00,25944.25,25951.25,25943.25,25948.5,1589,25963.84,25926.02,0.00
2025-12-09,15:48:00,25948.75,25950.5,25942.5,25944.25,1065,25963.58,25926.05,0.00
2025-12-09,15:49:00,25944.25,25949.25,25943.25,25947.75,791,25963.41,25926.07,0.00
2025-12-09,15:50:00,25947.25,25951.5,25947,25948.75,937,25963.23,25926.10,0.00
2025-12-09,15:51:00,25949,25956.75,25948.25,25955,2290,25962.94,25926.19,0.00
2025-12-09,15:52:00,25955.25,25958.25,25953.5,25957.5,1116,25962.85,25926.23,0.00
2025-12-09,15:53:00,25957,25959,25951.75,25951.75,1115,25962.73,25926.27,0.00
2025-12-09,15:54:00,25951.75,25959,25950.5,25958.5,1313,25962.62,25926.33,0.00
2025-12-09,15:55:00,25958.25,25960,25956,25956.25,1103,25962.55,25926.37,0.00
2025-12-09,15:56:00,25956,25961,25955,25960.25,970,25962.51,25926.42,0.00
2025-12-09,15:57:00,25960,25961.75,25956,25958,934,25962.47,25926.46,0.00
2025-12-09,15:58:00,25958,25959.75,25952,25954,1129,25962.37,25926.50,0.00
2025-12-09,15:59:00,25954,25958.5,25952.75,25958.5,750,25962.32,25926.53,0.00
2025-12-09,16:00:00,25958.5,25960.25,25954.5,25955.75,1001,25962.26,25926.57,0.00
2025-12-09,16:01:00,25955.25,25956.75,25951.75,25953,1237,25962.14,25926.62,0.00
2025-12-09,16:02:00,25953.25,25953.5,25948.75,25952.25,1216,25962.00,25926.66,0.00
2025-12-09,16:03:00,25952.5,25958.25,25951,25958.25,885,25961.94,25926.69,0.00
2025-12-09,16:04:00,25958,25959,25954.25,25956,670,25961.90,25926.72,0.00
2025-12-09,16:05:00,25956.25,25959.75,25956,25957,655,25961.87,25926.74,0.00
2025-12-09,16:06:00,25957,25959.25,25953.25,25958.25,814,25961.83,25926.78,0.00
2025-12-09,16:07:00,25958.25,25958.5,25954.75,25956,582,25961.79,25926.80,0.00
2025-12-09,16:08:00,25956.5,25964,25955.75,25962.25,1613,25961.77,25926.87,0.00
2025-12-09,16:09:00,25962.25,25966.5,25961.5,25962,1780,25961.80,25926.96,0.00
2025-12-09,16:10:00,25962.25,25963,25958.5,25959.75,828,25961.79,25926.99,0.00
2025-12-09,16:11:00,25959.75,25962.25,25957.25,25957.75,912,25961.77,25927.03,0.00
2025-12-09,16:12:00,25958,25960,25956.5,25956.75,612,25961.74,25927.06,0.00
2025-12-09,16:13:00,25956.5,25960.5,25956,25959,859,25961.71,25927.09,0.00
2025-12-09,16:14:00,25959.25,25959.25,25953.75,25954.75,974,25961.66,25927.13,0.00
2025-12-09,16:15:00,25954.75,25956.5,25953.25,25954.5,937,25961.60,25927.16,0.00
2025-12-09,16:16:00,25954.25,25955,25951,25954.75,1351,25961.49,25927.21,0.00
2025-12-09,16:17:00,25955,25956.25,25951.75,25952.5,864,25961.43,25927.24,0.00
2025-12-09,16:18:00,25952.5,25957,25950,25956.5,1107,25961.35,25927.28,0.00
2025-12-09,16:19:00,25957,25958,25953.5,25957,723,25961.32,25927.31,0.00
2025-12-09,16:20:00,25957,25958,25954.25,25956.25,573,25961.29,25927.33,0.00
2025-12-09,16:21:00,25956,25962.75,25956,25959.75,1462,25961.27,25927.39,0.00
2025-12-09,16:22:00,25959.5,25960.5,25955.25,25957.5,851,25961.24,25927.42,0.00
2025-12-09,16:23:00,25957.5,25959.25,25955.75,25957.75,522,25961.22,25927.44,0.00
2025-12-09,16:24:00,25957.75,25959.5,25954.25,25955.5,767,25961.19,25927.47,0.00
2025-12-09,16:25:00,25955.25,25956.75,25953.75,25954.5,507,25961.16,25927.49,0.00
2025-12-09,16:26:00,25954.5,25955,25951.5,25952.5,1106,25961.08,25927.53,0.00
2025-12-09,16:27:00,25952.75,25954.75,25950.25,25950.75,823,25961.01,25927.55,0.00
2025-12-09,16:28:00,25950.25,25953,25946.75,25952.75,1572,25960.87,25927.60,0.00
2025-12-09,16:29:00,25952.75,25955.75,25951.75,25953.75,985,25960.81,25927.63,0.00
2025-12-09,16:30:00,25953.75,25954,25949.75,25950,830,25960.75,25927.66,0.00
2025-12-09,16:31:00,25949.75,25954.5,25947.75,25952.75,1528,25960.63,25927.70,0.00
2025-12-09,16:32:00,25952.5,25955,25949.75,25950,756,25960.57,25927.73,0.00
2025-12-09,16:33:00,25949.75,25952,25948.25,25950.25,691,25960.51,25927.75,0.00
2025-12-09,16:34:00,25950.5,25952.75,25947.25,25948,948,25960.42,25927.77,0.00
2025-12-09,16:35:00,25947.5,25948.25,25941.25,25943.75,2259,25960.13,25927.82,0.00
2025-12-09,16:36:00,25943.75,25947.5,25940.5,25946.25,1313,25959.97,25927.85,0.00
2025-12-09,16:37:00,25946.5,25953.25,25946,25953,1568,25959.85,25927.90,0.00
2025-12-09,16:38:00,25953.5,25954.5,25950,25952.25,858,25959.80,25927.92,0.00
2025-12-09,16:39:00,25952.25,25954.25,25951,25951.25,535,25959.77,25927.94,0.00
2025-12-09,16:40:00,25951.5,25956.75,25950,25954.25,955,25959.72,25927.97,0.00
2025-12-09,16:41:00,25954.25,25959,25952.75,25956,1365,25959.68,25928.02,0.00
2025-12-09,16:42:00,25955.75,25956.5,25949,25949.25,1231,25959.60,25928.06,0.00
2025-12-09,16:43:00,25949,25955,25948.5,25954.25,898,25959.56,25928.08,0.00
2025-12-09,16:44:00,25954.25,25955.5,25951.75,25951.75,636,25959.53,25928.10,0.00
2025-12-09,16:45:00,25952.25,25960,25952,25959.5,924,25959.51,25928.14,0.00
2025-12-09,16:46:00,25959.75,25962.25,25958.25,25959.5,1450,25959.51,25928.19,0.00
2025-12-09,16:47:00,25959.5,25959.5,25954.25,25957,1123,25959.49,25928.24,0.00
2025-12-09,16:48:00,25956.75,25957.25,25952.25,25956.25,1003,25959.46,25928.27,0.00
2025-12-09,16:49:00,25956.5,25961.75,25955.5,25961.75,787,25959.46,25928.30,0.00
2025-12-09,16:50:00,25961.75,25963.25,25959,25960.75,1372,25959.48,25928.36,0.00
2025-12-09,16:51:00,25960.5,25975.25,25960,25968.25,4304,25959.73,25928.57,0.00
2025-12-09,16:52:00,25968.25,25973.5,25965.25,25968.75,2020,25959.86,25928.67,0.00
2025-12-09,16:53:00,25969,25969,25960,25960.25,1756,25959.90,25928.74,0.00
2025-12-09,16:54:00,25961,25965.75,25950.75,25952.25,2650,25959.83,25928.83,0.00
2025-12-09,16:55:00,25952.25,25961,25943.75,25948,5131,25959.54,25928.97,0.00
2025-12-09,16:56:00,25948.25,25954.5,25944,25953,3795,25959.32,25929.07,0.00
2025-12-09,16:57:00,25952.5,25965,25950.25,25952,3325,25959.25,25929.18,0.00
2025-12-09,16:58:00,25952,25952.75,25946.5,25950.75,1794,25959.15,25929.23,0.00
2025-12-09,16:59:00,25950.75,25951.5,25942.5,25944,2099,25958.98,25929.27,0.00
2025-12-09,17:00:00,25943.75,25958,25939.25,25956.25,6190,25958.70,25929.43,0.00
2025-12-09,17:01:00,25956.5,25957.25,25945.5,25947.75,2449,25958.58,25929.49,0.00
2025-12-09,17:02:00,25948,25948,25939.75,25939.75,1605,25958.43,25929.52,0.00
2025-12-09,17:03:00,25939.75,25947,25939.25,25943.5,1340,25958.32,25929.54,0.00
2025-12-09,17:04:00,25943.5,25945.5,25941,25942,600,25958.27,25929.55,0.00
2025-12-09,17:05:00,25941.75,25942.75,25939,25942.75,970,25958.17,25929.56,0.00
2025-12-09,17:06:00,25942.5,25945.25,25940.5,25944.75,590,25958.13,25929.57,0.00
2025-12-09,17:07:00,25945,25945,25938.5,25939.5,539,25958.08,25929.58,0.00
2025-12-09,17:08:00,25939.25,25940.75,25938.5,25939.25,348,25958.04,25929.58,0.00
2025-12-09,17:09:00,25940,25941.5,25938.25,25938.75,452,25957.99,25929.59,0.00
2025-12-09,17:10:00,25938.5,25941.75,25937.5,25937.75,557,25957.93,25929.60,0.00
2025-12-09,17:11:00,25938.25,25940.75,25936,25940.5,623,25957.87,25929.60,0.00
2025-12-09,17:12:00,25940.5,25943.75,25939.75,25943.75,527,25957.83,25929.61,0.00
2025-12-09,17:13:00,25943.5,25943.75,25940.5,25940.75,365,25957.79,25929.62,0.00
2025-12-09,17:14:00,25940.5,25940.75,25935,25935,514,25957.73,25929.62,0.00
2025-12-09,17:15:00,25935.25,25939.5,25934.25,25937.5,506,25957.68,25929.63,0.00
2025-12-09,17:16:00,25937.5,25938.25,25935,25936.25,456,25957.63,25929.63,0.00
2025-12-09,17:17:00,25936.5,25937.75,25935,25935.25,237,25957.60,25929.63,0.00
2025-12-09,17:18:00,25935.25,25935.25,25930,25932.25,736,25957.50,25929.63,0.00
2025-12-09,17:19:00,25931.75,25931.75,25929.5,25931,330,25957.45,25929.63,0.00
2025-12-09,17:20:00,25931.5,25933.75,25931.25,25932.5,299,25957.41,25929.64,0.00
2025-12-09,17:21:00,25932.75,25937.5,25931.5,25935.5,436,25957.36,25929.64,0.00
2025-12-09,17:22:00,25935.25,25939.25,25934.75,25937.75,293,25957.33,25929.64,0.00
2025-12-09,17:23:00,25937.5,25938,25935.75,25936.5,183,25957.31,25929.64,0.00
2025-12-09,17:24:00,25936.75,25939.75,25936.25,25937.25,256,25957.28,25929.64,0.00
2025-12-09,17:25:00,25937.25,25939.25,25935,25935.25,211,25957.26,25929.65,0.00
2025-12-09,17:26:00,25935.5,25935.75,25931.5,25931.75,244,25957.22,25929.65,0.00
2025-12-09,17:27:00,25932,25935.5,25928.25,25935,494,25957.16,25929.65,0.00
2025-12-09,17:28:00,25934.75,25935.25,25932.75,25934.5,208,25957.14,25929.65,0.00
2025-12-09,17:29:00,25934.5,25934.75,25932.75,25933,114,25957.12,25929.65,0.00
2025-12-09,17:30:00,25933,25934.25,25931.25,25933.75,278,25957.09,25929.65,0.00
2025-12-09,17:31:00,25933.5,25934.5,25932.75,25934.5,261,25957.05,25929.65,0.00
2025-12-09,17:32:00,25934,25936.5,25933.25,25933.75,297,25957.02,25929.65,0.00
2025-12-09,17:33:00,25933.75,25934,25931.25,25933.5,224,25956.99,25929.66,0.00
2025-12-09,17:34:00,25932.5,25934.25,25932.5,25933.75,136,25956.97,25929.66,0.00
2025-12-09,17:35:00,25933.5,25934.5,25932.25,25934,234,25956.94,25929.66,0.00
2025-12-09,17:36:00,25934,25934.25,25929.75,25934.25,430,25956.89,25929.66,0.00
2025-12-09,17:37:00,25934,25936.5,25934,25934.75,292,25956.86,25929.66,0.00
2025-12-09,17:38:00,25934.75,25935.25,25933.75,25935.25,153,25956.84,25929.66,0.00
2025-12-09,17:39:00,25935.5,25935.75,25932.75,25932.75,147,25956.82,25929.66,0.00
2025-12-09,17:40:00,25932.75,25934,25930.75,25934,204,25956.79,25929.66,0.00
2025-12-09,17:41:00,25933.5,25939,25933.5,25937.75,366,25956.76,25929.67,0.00
2025-12-09,17:42:00,25937.75,25939,25936.75,25937,263,25956.73,25929.67,0.00
2025-12-09,17:43:00,25936.75,25937.25,25933.75,25934.25,137,25956.71,25929.67,0.00
2025-12-09,17:44:00,25934.25,25934.25,25932.25,25933.75,160,25956.70,25929.67,0.00
2025-12-09,17:45:00,25933.75,25936.5,25932.25,25932.25,281,25956.66,25929.67,0.00
2025-12-09,17:46:00,25932.25,25934,25931.25,25932.75,470,25956.60,25929.67,0.00
2025-12-09,17:47:00,25932.75,25934,25932,25933,172,25956.58,25929.67,0.00
2025-12-09,17:48:00,25932.75,25934,25932.5,25933.25,208,25956.56,25929.67,0.00
2025-12-09,17:49:00,25933.25,25934,25930.5,25931,232,25956.53,25929.68,0.00
2025-12-09,17:50:00,25930.75,25934,25930.5,25934,152,25956.51,25929.68,0.00
2025-12-09,17:51:00,25933.75,25936.5,25933.25,25934.5,329,25956.47,25929.68,0.00
2025-12-09,17:52:00,25934.5,25935,25930.25,25930.25,300,25956.43,25929.68,0.00
2025-12-09,17:53:00,25930.25,25931.75,25929,25929,248,25956.40,25929.68,0.00
2025-12-09,17:54:00,25929,25930.25,25928,25928.25,114,25956.38,25929.68,0.00
2025-12-09,17:55:00,25928,25930,25928,25930,93,25956.37,25929.68,0.00
2025-12-09,17:56:00,25929.75,25931,25928,25930,273,25956.33,25929.68,0.00
2025-12-09,17:57:00,25930,25932,25929.25,25931.25,135,25956.32,25929.68,0.00
2025-12-09,17:58:00,25931,25932,25930.5,25931.25,75,25956.31,25929.68,0.00
2025-12-09,17:59:00,25931.5,25933.75,25930.5,25932.5,130,25956.29,25929.68,0.00
2025-12-09,18:00:00,25932.5,25935.5,25929.25,25929.75,419,25956.24,25929.68,0.00
2025-12-09,19:01:00,25934.25,25942.5,25932.5,25938.75,1017,25937.92,25937.92,0.00
2025-12-09,19:02:00,25936.75,25938.75,25931.5,25935.5,643,25936.88,25935.25,0.00
2025-12-09,19:03:00,25936.25,25937.75,25930.25,25936,427,25936.43,25934.67,0.00
2025-12-09,19:04:00,25936,25937.75,25934.75,25937,264,25936.44,25935.37,0.00
2025-12-09,19:05:00,25937,25938.25,25934.75,25937.5,183,25936.47,25935.67,0.00
2025-12-09,19:06:00,25937.5,25938.25,25935,25936,273,25936.46,25935.85,0.00
2025-12-09,19:07:00,25936.25,25938.75,25935.25,25935.75,182,25936.47,25935.95,0.00
2025-12-09,19:08:00,25935.25,25935.75,25933.25,25935,139,25936.39,25935.83,0.00
2025-12-09,19:09:00,25934.75,25935.5,25930.75,25931.75,357,25936.01,25935.21,0.00
2025-12-09,19:10:00,25932,25934,25929.75,25932.25,274,25935.72,25932.00,0.00
2025-12-09,19:11:00,25932.5,25934.75,25930,25930,156,25935.55,25931.85,0.00
2025-12-09,19:12:00,25931,25932.5,25930,25930.75,127,25935.41,25931.67,0.00
2025-12-09,19:13:00,25931,25932.75,25927.25,25932,338,25935.04,25930.67,0.00
2025-12-09,19:14:00,25932,25932.25,25930.25,25930.5,109,25934.95,25930.75,0.00
2025-12-09,19:15:00,25930.75,25931.5,25929.75,25930.75,90,25934.86,25930.73,0.00
2025-12-09,19:16:00,25930.25,25932.25,25927.25,25929,317,25934.51,25930.28,0.00
2025-12-09,19:17:00,25928.75,25929.5,25923,25928,698,25933.56,25926.83,0.00
2025-12-09,19:18:00,25929,25930.5,25926.75,25930,294,25933.33,25927.50,0.00
2025-12-09,19:19:00,25930,25930.75,25926.25,25926.25,166,25933.18,25927.54,0.00
2025-12-09,19:20:00,25926.25,25929.75,25923.5,25928.25,282,25932.91,25927.46,0.00
2025-12-09,19:21:00,25927.5,25929.25,25925.75,25926.5,167,25932.76,25927.43,0.00
2025-12-09,19:22:00,25926.5,25928.5,25925.25,25925.5,166,25932.61,25927.34,0.00
2025-12-09,19:23:00,25925.5,25926.5,25923.5,25926.5,270,25932.33,25927.09,0.00
2025-12-09,19:24:00,25926,25926.75,25924.5,25926,154,25932.19,25927.00,0.00
2025-12-09,19:25:00,25926,25928,25925.25,25926.5,173,25932.05,25926.97,0.00
2025-12-09,19:26:00,25926.75,25930,25926,25929,263,25931.92,25927.11,0.00
2025-12-09,19:27:00,25929.5,25931,25927.75,25929.25,270,25931.83,25927.31,0.00
2025-12-09,19:28:00,25928.75,25931,25928,25931,126,25931.81,25927.43,0.00
2025-12-09,19:29:00,25930.25,25931.25,25928.75,25929.75,144,25931.77,25927.54,0.00
2025-12-09,19:30:00,25929.5,25931.25,25929.5,25929.75,106,25931.75,25927.62,0.00
2025-12-09,19:31:00,25929.25,25930,25927.25,25929.25,146,25931.70,25927.67,0.00
2025-12-09,19:32:00,25930,25930.5,25927.5,25929.25,105,25931.67,25927.72,0.00
2025-12-09,19:33:00,25929.25,25929.25,25927.75,25927.75,50,25931.65,25927.72,0.00
2025-12-09,19:34:00,25928.75,25930,25927.5,25928.75,84,25931.62,25927.75,0.00
2025-12-09,19:35:00,25929,25929.75,25927,25927.75,110,25931.57,25927.76,0.00
2025-12-09,19:36:00,25927.75,25928,25925.75,25926,147,25931.49,25927.72,0.00
2025-12-09,19:37:00,25926,25930.25,25926,25929.5,185,25931.43,25927.75,0.00
2025-12-09,19:38:00,25930,25931,25928.75,25931,96,25931.42,25927.81,0.00
2025-12-09,19:39:00,25930.5,25931.25,25929,25929,68,25931.41,25927.84,0.00
2025-12-09,19:40:00,25929.5,25930.5,25928.5,25930,77,25931.39,25927.88,0.00
2025-12-09,19:41:00,25930.75,25932.25,25930,25932.25,129,25931.39,25927.98,0.00
2025-12-09,19:42:00,25931.75,25934,25931.25,25932,255,25931.42,25928.22,0.00
2025-12-09,19:43:00,25931.75,25932.75,25928.75,25930,142,25931.41,25928.29,0.00
2025-12-09,19:44:00,25929.5,25930.5,25929,25929.25,75,25931.39,25928.30,0.00
2025-12-09,19:45:00,25929.75,25932.5,25928.25,25932.5,115,25931.39,25928.37,0.00
2025-12-09,19:46:00,25932,25933.5,25929.75,25930.75,185,25931.39,25928.47,0.00
2025-12-09,19:47:00,25931,25931.5,25929.25,25931,94,25931.38,25928.51,0.00
2025-12-09,19:48:00,25931,25932.25,25930.25,25931.5,58,25931.38,25928.54,0.00
2025-12-09,19:49:00,25931.5,25932.5,25930.5,25931.25,87,25931.38,25928.59,0.00
2025-12-09,19:50:00,25931.75,25933,25930.5,25932.5,69,25931.39,25928.63,0.00
2025-12-09,19:51:00,25932.75,25934.5,25929,25929.75,214,25931.38,25928.72,0.00
2025-12-09,19:52:00,25930.5,25931,25927.25,25928,135,25931.35,25928.72,0.00
2025-12-09,19:53:00,25928,25928.25,25925.25,25926.25,181,25931.27,25928.66,0.00
2025-12-09,19:54:00,25926.5,25926.75,25920.25,25922.75,457,25930.95,25923.25,0.00
2025-12-09,19:55:00,25923.75,25927,25923.25,25926.75,189,25930.86,25923.96,0.00
2025-12-09,19:56:00,25927,25927.25,25924.5,25925,93,25930.82,25924.16,0.00
2025-12-09,19:57:00,25924.75,25926.25,25923.5,25926.25,158,25930.75,25924.37,0.00
2025-12-09,19:58:00,25926.25,25926.75,25924.25,25925,51,25930.72,25924.42,0.00
2025-12-09,19:59:00,25924.5,25926.5,25923.75,25926.25,77,25930.69,25924.50,0.00
2025-12-09,20:00:00,25926,25926.5,25925.25,25925.25,74,25930.66,25924.58,0.00
2025-12-09,20:01:00,25925.25,25926,25921.75,25922.25,377,25930.44,25924.26,0.00
2025-12-09,20:02:00,25922.5,25925.75,25922.25,25924.5,178,25930.35,25924.25,0.00
2025-12-09,20:03:00,25924.5,25927.75,25924.25,25925.5,147,25930.30,25924.38,0.00
2025-12-09,20:04:00,25926.25,25928.25,25925.25,25926,144,25930.26,25924.54,0.00
2025-12-09,20:05:00,25926.5,25927.75,25926.25,25927.25,79,25930.24,25924.64,0.00
2025-12-09,20:06:00,25928,25928.75,25927,25928.5,155,25930.21,25924.88,0.00
2025-12-09,20:07:00,25929,25935.75,25928.25,25934.75,561,25930.32,25926.53,0.00
2025-12-09,20:08:00,25935,25941.25,25934,25939.25,584,25930.64,25928.57,0.00
2025-12-09,20:09:00,25939.25,25941.5,25937.5,25938.75,330,25930.84,25929.54,0.00
2025-12-09,20:10:00,25938.5,25941.25,25938.25,25940,250,25930.99,25930.20,0.00
2025-12-09,20:11:00,25940,25941,25939.25,25940.25,214,25931.12,25930.71,0.00
2025-12-09,20:12:00,25940.5,25942,25939.25,25940.5,191,25931.24,25931.15,0.00
2025-12-09,20:13:00,25940.5,25946.5,25938.75,25945.75,732,25943.67,25932.97,0.00
2025-12-09,20:14:00,25945.75,25947,25941.75,25942,447,25943.58,25933.83,0.00
2025-12-09,20:15:00,25941.5,25943.25,25937.75,25938.75,472,25941.70,25934.31,0.00
2025-12-09,20:16:00,25938.25,25939.5,25933.25,25936.25,591,25939.60,25934.50,0.00
2025-12-09,20:17:00,25936.5,25936.5,25931.5,25932.75,287,25938.64,25934.46,0.00
2025-12-09,20:18:00,25932.25,25932.75,25924.5,25928.75,649,25935.99,25933.96,0.00
2025-12-09,20:19:00,25928.5,25930.25,25926.75,25928.75,391,25934.97,25933.69,0.00
2025-12-09,20:20:00,25928,25928,25924,25924.25,211,25934.31,25933.47,0.00
2025-12-09,20:21:00,25924.25,25926.5,25922,25925,370,25933.25,25933.08,0.00
2025-12-09,20:22:00,25924,25926.5,25923,25926.5,208,25932.79,25932.90,0.00
2025-12-09,20:23:00,25926.75,25930,25925,25927.75,261,25932.44,25932.74,0.00
2025-12-09,20:24:00,25927,25927.5,25924,25924.25,163,25932.15,25932.61,0.00
2025-12-09,20:25:00,25924.25,25924.25,25914.75,25919,1170,25929.28,25919.33,0.00
2025-12-09,20:26:00,25918.75,25924.25,25918.75,25924.25,300,25928.91,25919.96,0.00
2025-12-09,20:27:00,25924.25,25927.5,25924.25,25926.5,244,25928.79,25920.83,0.00
2025-12-09,20:28:00,25926.25,25926.75,25922.5,25924.25,174,25928.66,25921.17,0.00
2025-12-09,20:29:00,25923.75,25926,25923.75,25924.5,81,25928.61,25921.32,0.00
2025-12-09,20:30:00,25923.5,25925.5,25923,25925.5,95,25928.55,25921.47,0.00
2025-12-09,20:31:00,25925.25,25926.5,25923.75,25924.75,171,25928.45,25921.74,0.00
2025-12-09,20:32:00,25924.5,25930.75,25924,25926.25,428,25928.36,25922.59,0.00
2025-12-09,20:33:00,25926.5,25928.25,25926.5,25927.5,72,25928.35,25922.71,0.00
2025-12-09,20:34:00,25927.5,25928.25,25926.25,25926.25,119,25928.32,25922.89,0.00
2025-12-09,20:35:00,25926,25926.75,25924.25,25926.5,93,25928.29,25922.98,0.00
2025-12-09,20:36:00,25926.25,25929.25,25926.25,25929,337,25928.29,25923.51,0.00
2025-12-09,20:37:00,25928.5,25928.5,25926,25928.25,42,25928.28,25923.57,0.00
2025-12-09,20:38:00,25927.75,25928,25926,25927.25,77,25928.27,25923.65,0.00
2025-12-09,20:39:00,25926.25,25928,25926,25927.75,57,25928.26,25923.71,0.00
2025-12-09,20:40:00,25927.75,25928,25923.25,25923.75,203,25928.18,25923.78,0.00
2025-12-09,20:41:00,25924,25924.25,25921,25922.25,392,25927.90,25923.65,0.00
2025-12-09,20:42:00,25922.25,25925.25,25920,25923.25,204,25927.78,25923.61,0.00
2025-12-09,20:43:00,25922.75,25922.75,25920.5,25921.75,71,25927.73,25923.58,0.00
2025-12-09,20:44:00,25922.25,25924,25921.5,25923.25,87,25927.68,25923.57,0.00
2025-12-09,20:45:00,25922.25,25923.5,25921.25,25923.25,72,25927.63,25923.55,0.00
2025-12-09,20:46:00,25922.5,25923.5,25918.5,25920.25,254,25927.43,25923.40,0.00
2025-12-09,20:47:00,25920,25920,25910.5,25911,1190,25925.81,25913.83,0.00
2025-12-09,20:48:00,25911.25,25914.75,25911,25914,278,25925.47,25913.72,0.00
2025-12-09,20:49:00,25914,25916.5,25913.25,25913.75,232,25925.23,25913.83,0.00
2025-12-09,20:50:00,25913.75,25914.25,25912,25913.25,154,25925.06,25913.77,0.00
2025-12-09,20:51:00,25913,25913.75,25908.75,25910.5,494,25924.43,25911.00,0.00
2025-12-09,20:52:00,25911.25,25915.5,25911,25914,294,25924.15,25911.93,0.00
2025-12-09,20:53:00,25914,25915.25,25912.75,25914.5,107,25924.06,25912.20,0.00
2025-12-09,20:54:00,25914.5,25914.5,25909.5,25910.5,281,25923.76,25912.03,0.00
2025-12-09,20:55:00,25910.5,25911.75,25909.25,25909.5,141,25923.60,25911.83,0.00
2025-12-09,20:56:00,25910,25910,25906,25908.5,649,25922.81,25908.17,0.00
2025-12-09,20:57:00,25908.5,25911,25907.75,25909.5,249,25922.55,25908.51,0.00
2025-12-09,20:58:00,25909.25,25911,25908.5,25910.5,107,25922.44,25908.67,0.00
2025-12-09,20:59:00,25910.5,25912,25909.75,25910.5,168,25922.29,25908.97,0.00
2025-12-09,21:00:00,25910.25,25910.5,25903.5,25904.25,349,25921.87,25906.08,0.00
2025-12-09,21:01:00,25903.75,25912.25,25903.5,25909,434,25921.45,25907.28,0.00
2025-12-09,21:02:00,25909,25911,25906,25910.5,323,25921.17,25907.83,0.00
2025-12-09,21:03:00,25910.75,25915.75,25909,25915.75,491,25920.92,25909.58,0.00
2025-12-09,21:04:00,25915.5,25917.25,25913.5,25915.75,410,25920.77,25910.79,0.00
2025-12-09,21:05:00,25916,25916,25912.75,25915,197,25920.69,25911.13,0.00
2025-12-09,21:06:00,25914.75,25916.5,25913,25914.75,259,25920.59,25911.51,0.00
2025-12-09,21:07:00,25914.75,25915.5,25912.75,25912.75,156,25920.52,25911.64,0.00
2025-12-09,21:08:00,25912.5,25912.75,25905.5,25906.25,629,25920.05,25910.96,0.00
2025-12-09,21:09:00,25906.5,25906.75,25895.5,25900.5,1358,25918.58,25900.92,0.00
2025-12-09,21:10:00,25899.75,25901.5,25894,25895,502,25917.99,25896.83,0.00
2025-12-09,21:11:00,25895,25898,25893.25,25896.25,572,25917.31,25895.83,0.00
2025-12-09,21:12:00,25896.5,25903.25,25896.5,25900.75,489,25916.88,25897.83,0.00
2025-12-09,21:13:00,25901,25904,25898.5,25902,378,25916.58,25898.79,0.00
2025-12-09,21:14:00,25901.75,25902,25896.5,25898.75,281,25916.34,25898.84,0.00
2025-12-09,21:15:00,25899.5,25903.25,25899.5,25903.25,229,25916.17,25899.21,0.00
2025-12-09,21:16:00,25903.5,25905,25900.5,25900.75,258,25916.00,25899.55,0.00
2025-12-09,21:17:00,25900.5,25902.5,25898.5,25902.5,264,25915.81,25899.72,0.00
2025-12-09,21:18:00,25902.75,25906,25901.5,25905.25,394,25915.59,25900.34,0.00
2025-12-09,21:19:00,25905.25,25907.75,25901.25,25903.75,355,25915.40,25900.77,0.00
2025-12-09,21:20:00,25903.75,25905.5,25900,25900.25,235,25915.26,25900.85,0.00
2025-12-09,21:21:00,25900.25,25903.5,25898.75,25902.5,253,25915.10,25900.90,0.00
2025-12-09,21:22:00,25902.5,25904.25,25901,25902,202,25914.98,25900.98,0.00
2025-12-09,21:23:00,25902,25904.75,25899.75,25900,229,25914.85,25901.01,0.00
2025-12-09,21:24:00,25899.5,25904,25899.5,25899.5,151,25914.75,25901.01,0.00
2025-12-09,21:25:00,25899.25,25901.25,25899,25899.75,140,25914.66,25900.98,0.00
2025-12-09,21:26:00,25899.25,25901.75,25896.75,25901.75,388,25914.42,25900.91,0.00
2025-12-09,21:27:00,25901.5,25903.5,25900.5,25901.75,224,25914.30,25900.95,0.00
2025-12-09,21:28:00,25901.75,25905.25,25900.75,25904.5,214,25914.20,25901.05,0.00
2025-12-09,21:29:00,25905,25906.75,25902.25,25905.75,182,25914.13,25901.18,0.00
2025-12-09,21:30:00,25905,25908.25,25903.75,25906.75,248,25914.05,25901.40,0.00
2025-12-09,21:31:00,25907,25910,25903.25,25904.75,461,25913.89,25901.75,0.00
2025-12-09,21:32:00,25904.5,25904.5,25901,25902.25,238,25913.78,25901.78,0.00
2025-12-09,21:33:00,25902.25,25903,25899.25,25901.75,205,25913.68,25901.77,0.00
2025-12-09,21:34:00,25902,25902.5,25898.25,25900.75,119,25913.62,25901.74,0.00
2025-12-09,21:35:00,25900,25901.25,25898,25900.75,154,25913.54,25901.70,0.00
2025-12-09,21:36:00,25899.5,25905.25,25899.5,25904.75,190,25913.46,25901.74,0.00
2025-12-09,21:37:00,25904.75,25910.25,25904.75,25907.25,461,25913.35,25902.09,0.00
2025-12-09,21:38:00,25907.5,25907.5,25905,25905.75,195,25913.29,25902.19,0.00
2025-12-09,21:39:00,25905.75,25906.25,25903.25,25904.5,115,25913.26,25902.23,0.00
2025-12-09,21:40:00,25904.75,25908.75,25904,25907.75,163,25913.22,25902.32,0.00
2025-12-09,21:41:00,25907.25,25908.5,25905.5,25908.5,108,25913.19,25902.39,0.00
2025-12-09,21:42:00,25908,25909,25906.25,25906.75,69,25913.18,25902.43,0.00
2025-12-09,21:43:00,25905.75,25907,25904,25905.5,208,25913.12,25902.51,0.00
2025-12-09,21:44:00,25905.25,25907.75,25903.75,25907.5,202,25913.07,25902.60,0.00
2025-12-09,21:45:00,25906.5,25911,25905.75,25909.25,238,25913.03,25902.76,0.00
2025-12-09,21:46:00,25909.25,25912.25,25908.5,25910.5,248,25913.00,25902.97,0.00
2025-12-09,21:47:00,25910.75,25911.25,25908.25,25909.75,167,25912.98,25903.10,0.00
2025-12-09,21:48:00,25909.25,25913.75,25908.25,25911,401,25912.96,25903.43,0.00
2025-12-09,21:49:00,25911.25,25911.25,25907,25909,161,25912.93,25903.52,0.00
2025-12-09,21:50:00,25909,25910.75,25908.25,25909,67,25912.93,25903.56,0.00
2025-12-09,21:51:00,25908,25909.5,25907.25,25908.25,104,25912.91,25903.61,0.00
2025-12-09,21:52:00,25908.25,25908.75,25905.5,25907.75,167,25912.88,25903.67,0.00
2025-12-09,21:53:00,25908.25,25908.75,25906.5,25907.75,96,25912.86,25903.71,0.00
2025-12-09,21:54:00,25908,25910,25906.75,25908.5,104,25912.84,25903.75,0.00
2025-12-09,21:55:00,25909,25909,25907,25907.5,86,25912.83,25903.79,0.00
2025-12-09,21:56:00,25907.75,25907.75,25905,25906.25,150,25912.79,25903.82,0.00
2025-12-09,21:57:00,25906,25910,25906,25908.25,98,25912.78,25903.86,0.00
2025-12-09,21:58:00,25908.5,25909.75,25907.5,25909.75,67,25912.77,25903.90,0.00
2025-12-09,21:59:00,25909.25,25911,25908.75,25909.5,119,25912.76,25903.96,0.00
2025-12-09,22:00:00,25909.75,25910.75,25908.75,25909,77,25912.75,25904.00,0.00
2025-12-09,22:01:00,25909.5,25916,25908.5,25912.25,528,25912.74,25904.38,0.00
2025-12-09,22:02:00,25912.5,25913.5,25910.25,25911.5,137,25912.73,25904.47,0.00
2025-12-09,22:03:00,25911.5,25913.5,25910.5,25912.75,166,25912.73,25904.58,0.00
2025-12-09,22:04:00,25912.25,25912.5,25909.75,25910.5,105,25912.72,25904.63,0.00
2025-12-09,22:05:00,25910.5,25911,25907.5,25908.75,123,25912.71,25904.68,0.00
2025-12-09,22:06:00,25909,25912,25909,25910.75,175,25912.70,25904.76,0.00
2025-12-09,22:07:00,25910.75,25912.25,25910.25,25911.5,51,25912.70,25904.79,0.00
2025-12-09,22:08:00,25911.75,25916,25911.5,25912.5,389,25912.70,25905.05,0.00
2025-12-09,22:09:00,25912.5,25913.25,25910.5,25911.5,74,25912.70,25905.09,0.00
2025-12-09,22:10:00,25912.25,25913.5,25911,25913.5,123,25912.70,25905.17,0.00
2025-12-09,22:11:00,25913.25,25915.25,25912.5,25913,148,25912.71,25905.26,0.00
2025-12-09,22:12:00,25913.25,25916.25,25913,25914,212,25912.72,25905.41,0.00
2025-12-09,22:13:00,25913.75,25915,25912.75,25913.25,99,25912.72,25905.47,0.00
2025-12-09,22:14:00,25913.75,25914.75,25912.5,25914.75,123,25912.72,25905.55,0.00
2025-12-09,22:15:00,25914.75,25915,25913.75,25914,69,25912.73,25905.59,0.00
2025-12-09,22:16:00,25914.25,25914.75,25912.75,25914.5,98,25912.73,25905.66,0.00
2025-12-09,22:17:00,25914,25914.75,25911,25911.75,147,25912.73,25905.73,0.00
2025-12-09,22:18:00,25911.75,25913.5,25911.25,25913.5,85,25912.73,25905.77,0.00
2025-12-09,22:19:00,25913.5,25919.75,25913.5,25919,575,25912.81,25906.24,0.00
2025-12-09,22:20:00,25919.5,25922.5,25917.75,25922.25,374,25912.90,25906.61,0.00
2025-12-09,22:21:00,25922,25926.5,25921.75,25924.75,445,25913.06,25907.13,0.00
2025-12-09,22:22:00,25925,25926.5,25923.75,25925,295,25913.16,25907.47,0.00
2025-12-09,22:23:00,25925,25925.75,25923.25,25924,168,25913.22,25907.65,0.00
2025-12-09,22:24:00,25924,25925.25,25923.25,25924,145,25913.26,25907.80,0.00
2025-12-09,22:25:00,25923.5,25925.25,25922.5,25923,114,25913.30,25907.92,0.00
2025-12-09,22:26:00,25922.75,25924.5,25922.75,25923.5,130,25913.34,25908.05,0.00
2025-12-09,22:27:00,25923.5,25924,25920,25921.75,199,25913.39,25908.22,0.00
2025-12-09,22:28:00,25922,25924,25921,25923.5,152,25913.43,25908.35,0.00
2025-12-09,22:29:00,25923.5,25926.75,25923.5,25924.75,284,25913.52,25908.63,0.00
2025-12-09,22:30:00,25924.5,25925,25921.5,25921.75,127,25913.56,25908.74,0.00
2025-12-09,22:31:00,25921.5,25925,25921,25924.5,210,25913.62,25908.92,0.00
2025-12-09,22:32:00,25924.75,25926.5,25924,25926.25,179,25913.68,25909.10,0.00
2025-12-09,22:33:00,25926,25926.5,25922,25923.25,163,25913.72,25909.24,0.00
2025-12-09,22:34:00,25923.25,25926,25922.25,25925,124,25913.76,25909.34,0.00
2025-12-09,22:35:00,25924.25,25926.5,25924.25,25926.25,106,25913.80,25909.44,0.00
2025-12-09,22:36:00,25926.25,25932.25,25926,25929.75,468,25914.00,25909.96,0.00
2025-12-09,22:37:00,25929.5,25930.25,25927.75,25928,145,25914.05,25910.11,0.00
2025-12-09,22:38:00,25928.5,25929,25926.25,25927,98,25914.09,25910.20,0.00
2025-12-09,22:39:00,25927,25927,25924.75,25926,123,25914.13,25910.31,0.00
2025-12-09,22:40:00,25926,25928,25925.75,25926.75,84,25914.16,25910.38,0.00
2025-12-09,22:41:00,25927.25,25928.75,25923.25,25926,253,25914.24,25910.59,0.00
2025-12-09,22:42:00,25925.75,25928,25925.5,25927,108,25914.28,25910.69,0.00
2025-12-09,22:43:00,25928.25,25929,25925.75,25926,150,25914.33,25910.81,0.00
2025-12-09,22:44:00,25927,25928,25926,25926.5,116,25914.37,25910.91,0.00
2025-12-09,22:45:00,25926.5,25926.5,25924,25924.5,162,25914.41,25911.03,0.00
2025-12-09,22:46:00,25924.5,25926,25922.25,25924,220,25914.47,25911.18,0.00
2025-12-09,22:47:00,25924.25,25926.5,25923.25,25925.75,124,25914.50,25911.27,0.00
2025-12-09,22:48:00,25925.75,25928.5,25925.25,25927.25,114,25914.54,25911.36,0.00
2025-12-09,22:49:00,25927.25,25927.75,25925.75,25926.5,100,25914.57,25911.43,0.00
2025-12-09,22:50:00,25927.25,25927.5,25925.5,25925.5,133,25914.61,25911.53,0.00
2025-12-09,22:51:00,25925.5,25927.25,25925,25926,94,25914.64,25911.60,0.00
2025-12-09,22:52:00,25925.75,25931.75,25925.75,25929.75,271,25914.74,25911.83,0.00
2025-12-09,22:53:00,25930.25,25930.75,25928,25929.25,177,25914.81,25911.98,0.00
2025-12-09,22:54:00,25929.25,25929.5,25927.5,25928.5,88,25914.84,25912.05,0.00
2025-12-09,22:55:00,25929,25929.25,25925.75,25926.5,118,25914.88,25912.14,0.00
2025-12-09,22:56:00,25926,25926.5,25924.75,25924.75,206,25914.93,25912.27,0.00
2025-12-09,22:57:00,25925.25,25928.25,25923.5,25928,167,25914.98,25912.38,0.00
2025-12-09,22:58:00,25928.25,25928.5,25925.5,25926.75,115,25915.02,25912.46,0.00
2025-12-09,22:59:00,25926.75,25927.5,25925.75,25926.75,54,25915.03,25912.50,0.00
2025-12-09,23:00:00,25927,25927.5,25926.5,25926.75,83,25915.06,25912.55,0.00
2025-12-09,23:01:00,25926.75,25934.5,25926.75,25932.5,517,25915.27,25913.00,0.00
2025-12-09,23:02:00,25932.5,25935.25,25930.75,25931.5,262,25915.38,25913.23,0.00
2025-12-09,23:03:00,25931.5,25933.75,25929.5,25932.75,234,25915.47,25913.42,0.00
2025-12-09,23:04:00,25932,25935.5,25931.5,25933,254,25915.59,25913.65,0.00
2025-12-09,23:05:00,25933,25933.75,25930.5,25933.75,117,25915.63,25913.75,0.00
2025-12-09,23:06:00,25934.5,25935.25,25933.25,25934.75,186,25915.72,25913.91,0.00
2025-12-09,23:07:00,25934,25934,25929.75,25932.75,163,25915.78,25914.04,0.00
2025-12-09,23:08:00,25933,25934.25,25932.5,25933.25,81,25915.82,25914.11,0.00
2025-12-09,23:09:00,25933.5,25935.75,25933,25935,146,25915.88,25914.24,0.00
2025-12-09,23:10:00,25935.5,25938.25,25935.25,25936.75,296,25916.03,25914.52,0.00
2025-12-09,23:11:00,25937,25938,25933,25935.75,394,25916.21,25914.87,0.00
2025-12-09,23:12:00,25936,25936.5,25933.25,25933.25,168,25916.29,25915.00,0.00
2025-12-09,23:13:00,25933.25,25935,25931.5,25931.5,132,25916.34,25915.10,0.00
2025-12-09,23:14:00,25931.75,25933.5,25931.25,25932.75,131,25916.39,25915.19,0.00
2025-12-09,23:15:00,25932.75,25932.75,25929.75,25930.75,102,25916.42,25915.26,0.00
2025-12-09,23:16:00,25930,25931,25924.5,25927.25,436,25916.53,25915.47,0.00
2025-12-09,23:17:00,25927.25,25927.75,25925.5,25926.25,158,25916.57,25915.54,0.00
2025-12-09,23:18:00,25926.5,25927.75,25924.5,25925.75,106,25916.59,25915.59,0.00
2025-12-09,23:19:00,25925.25,25925.25,25921.5,25922.5,335,25916.64,25915.69,0.00
2025-12-09,23:20:00,25922.25,25923.75,25920.5,25920.5,218,25916.67,25915.73,0.00
2025-12-09,23:21:00,25920.25,25924.75,25919.5,25923.25,353,25916.71,25915.83,0.00
2025-12-09,23:22:00,25923.25,25925.75,25923.25,25925,174,25916.75,25915.88,0.00
2025-12-09,23:23:00,25924.25,25925.75,25921.75,25922.25,200,25916.77,25915.94,0.00
2025-12-09,23:24:00,25922,25924.25,25922,25923,135,25916.79,25915.98,0.00
2025-12-09,23:25:00,25924,25924.75,25922.75,25922.75,104,25916.81,25916.01,0.00
2025-12-09,23:26:00,25922.75,25923.75,25920.25,25920.5,198,25916.83,25916.05,0.00
2025-12-09,23:27:00,25920.5,25921.75,25918.5,25920.75,305,25916.85,25916.09,0.00
2025-12-09,23:28:00,25920.5,25921.75,25919.5,25919.5,103,25916.86,25916.11,0.00
2025-12-09,23:29:00,25920.5,25921.75,25919.25,25921.25,159,25916.87,25916.14,0.00
2025-12-09,23:30:00,25921,25922.5,25920.5,25921,83,25916.88,25916.15,0.00
2025-12-09,23:31:00,25920.75,25921.5,25918.75,25919.25,252,25916.90,25916.19,0.00
2025-12-09,23:32:00,25919.25,25923.25,25919.25,25922.5,185,25916.92,25916.22,0.00
2025-12-09,23:33:00,25922.75,25923.25,25919.5,25920,100,25916.93,25916.24,0.00
2025-12-09,23:34:00,25920,25920.5,25916.5,25918.25,249,25916.93,25916.26,0.00
2025-12-09,23:35:00,25918.75,25920.5,25918,25920.25,138,25916.94,25916.27,0.00
2025-12-09,23:36:00,25920,25922,25919.5,25922,89,25916.95,25916.29,0.00
2025-12-09,23:37:00,25922,25928.25,25921.25,25924.5,515,25917.03,25916.44,0.00
2025-12-09,23:38:00,25925.25,25926,25924.5,25925.5,124,25917.06,25916.47,0.00
2025-12-09,23:39:00,25925,25925.75,25923.75,25924.5,94,25917.07,25916.50,0.00
2025-12-09,23:40:00,25924.5,25925.75,25923.75,25925.75,108,25917.09,25916.53,0.00
2025-12-09,23:41:00,25924.75,25925.75,25922.75,25925.25,152,25917.11,25916.57,0.00
2025-12-09,23:42:00,25926,25926.5,25923.75,25925.25,149,25917.14,25916.62,0.00
2025-12-09,23:43:00,25925.5,25926.5,25924.25,25925.25,132,25917.16,25916.66,0.00
2025-12-09,23:44:00,25925.25,25926.25,25924.25,25924.5,54,25917.17,25916.67,0.00
2025-12-09,23:45:00,25924.25,25925.5,25921.5,25922,145,25917.19,25916.70,0.00
2025-12-09,23:46:00,25922.25,25923.75,25919.25,25920.75,225,25917.20,25916.73,0.00
2025-12-09,23:47:00,25920.5,25921.25,25919,25921,180,25917.22,25916.76,0.00
2025-12-09,23:48:00,25921.25,25925.25,25921.25,25924,233,25917.25,25916.81,0.00
2025-12-09,23:49:00,25924,25924.5,25921.75,25922.75,80,25917.26,25916.82,0.00
2025-12-09,23:50:00,25922.75,25924.25,25921.25,25921.25,73,25917.26,25916.84,0.00
2025-12-09,23:51:00,25921.5,25921.5,25919.5,25920.5,116,25917.27,25916.85,0.00
2025-12-09,23:52:00,25920.25,25921.75,25918.75,25919.25,161,25917.28,25916.87,0.00
2025-12-09,23:53:00,25919.25,25920.5,25917.5,25919,158,25917.28,25916.88,0.00
2025-12-09,23:54:00,25919.5,25920.5,25918.75,25919.75,75,25917.29,25916.88,0.00
2025-12-09,23:55:00,25919.75,25921.75,25919.5,25920,85,25917.29,25916.89,0.00
2025-12-09,23:56:00,25919.75,25923,25919.75,25922.75,118,25917.30,25916.91,0.00
2025-12-09,23:57:00,25923,25926.25,25921.75,25926.25,177,25917.33,25916.96,0.00
2025-12-09,23:58:00,25926.5,25927.5,25925.25,25927,542,25917.43,25917.12,0.00
2025-12-09,23:59:00,25927,25927.75,25925.25,25927,119,25917.45,25917.15,0.00
2025-12-09,00:00:00,25951.5,25953.25,25951.5,25951.5,120,25949.74,25948.01,0.00
2025-12-09,00:01:00,25952,25952.75,25948.5,25951.5,211,25949.75,25948.04,0.00
2025-12-09,00:02:00,25951.5,25952.5,25948,25949,134,25949.75,25948.05,0.00
2025-12-09,00:03:00,25949.25,25953.25,25949.25,25952.25,89,25949.75,25948.06,0.00
2025-12-09,00:04:00,25952.25,25952.75,25945,25945,388,25949.73,25948.06,0.00
2025-12-09,00:05:00,25947,25949.5,25945.25,25947.25,189,25949.72,25948.05,0.00
2025-12-09,00:06:00,25947,25948.25,25946.5,25947,72,25949.72,25948.05,0.00
2025-12-09,00:07:00,25947,25948.75,25945.5,25946,68,25949.71,25948.04,0.00
2025-12-09,00:08:00,25946.25,25953.75,25946,25950,291,25949.72,25948.07,0.00
2025-12-09,00:09:00,25950,25950.25,25947.5,25947.75,105,25949.71,25948.07,0.00
2025-12-09,00:10:00,25947.5,25949.75,25947.5,25948.75,68,25949.71,25948.07,0.00
2025-12-09,00:11:00,25949.25,25949.75,25947.25,25947.25,74,25949.71,25948.07,0.00
2025-12-09,00:12:00,25947.25,25950.5,25947.25,25949,100,25949.71,25948.07,0.00
2025-12-09,00:13:00,25949.25,25951,25948.5,25948.5,103,25949.71,25948.08,0.00
2025-12-09,00:14:00,25948.25,25949,25946.75,25946.75,57,25949.70,25948.08,0.00
2025-12-09,00:15:00,25946.25,25946.75,25945,25945,90,25949.69,25948.07,0.00
2025-12-09,00:16:00,25945.75,25946,25942.75,25944.5,292,25949.66,25948.03,0.00
2025-12-09,00:17:00,25944,25948.25,25943.25,25947,245,25949.64,25948.01,0.00
2025-12-09,00:18:00,25947.25,25948.25,25946.5,25947.25,90,25949.64,25948.01,0.00
2025-12-09,00:19:00,25947.25,25948.25,25946.25,25946.5,59,25949.63,25948.00,0.00
2025-12-09,00:20:00,25946.5,25950,25946.5,25948.75,87,25949.63,25948.01,0.00
2025-12-09,00:21:00,25949.25,25950.25,25947,25947.75,97,25949.63,25948.01,0.00
2025-12-09,00:22:00,25947.75,25948.25,25946.75,25948.25,80,25949.63,25948.01,0.00
2025-12-09,00:23:00,25948.25,25949.5,25947.75,25948,54,25949.62,25948.01,0.00
2025-12-09,00:24:00,25948.25,25950,25942.25,25943.5,275,25949.60,25947.98,0.00
2025-12-09,00:25:00,25943.75,25944.5,25942.25,25943.25,152,25949.58,25947.95,0.00
2025-12-09,00:26:00,25943,25944,25942.25,25943.25,72,25949.57,25947.94,0.00
2025-12-09,00:27:00,25943,25946.25,25942.5,25944.75,147,25949.55,25947.92,0.00
2025-12-09,00:28:00,25944.75,25945.5,25943.75,25944.25,79,25949.54,25947.91,0.00
2025-12-09,00:29:00,25944,25947,25943.5,25946,154,25949.53,25947.90,0.00
2025-12-09,00:30:00,25946,25946.75,25944,25946,86,25949.52,25947.89,0.00
2025-12-09,00:31:00,25945.25,25946,25940.5,25941.5,171,25949.50,25947.86,0.00
2025-12-09,00:32:00,25941.75,25943.75,25940.5,25942.5,115,25949.48,25947.83,0.00
2025-12-09,00:33:00,25942.75,25944.25,25941,25941.5,121,25949.46,25947.81,0.00
2025-12-09,00:34:00,25941.25,25942.75,25940.75,25941.25,122,25949.44,25947.78,0.00
2025-12-09,00:35:00,25941,25942.5,25939.25,25939.75,153,25949.41,25947.74,0.00
2025-12-09,00:36:00,25940.25,25942,25937.5,25937.75,215,25949.36,25947.67,0.00
2025-12-09,00:37:00,25937.5,25941.25,25936.25,25939.25,188,25949.32,25947.62,0.00
2025-12-09,00:38:00,25940,25941.75,25939.5,25941.25,74,25949.31,25947.60,0.00
2025-12-09,00:39:00,25941.75,25942.75,25940.75,25942.75,39,25949.30,25947.59,0.00
2025-12-09,00:40:00,25942.75,25944.5,25941,25942.75,152,25949.28,25947.56,0.00
2025-12-09,00:41:00,25942.75,25945.5,25942.25,25944.75,85,25949.28,25947.55,0.00
2025-12-09,00:42:00,25944.25,25947.75,25944.25,25946.5,129,25949.27,25947.55,0.00
2025-12-09,00:43:00,25947,25948.25,25945,25945.75,146,25949.26,25947.54,0.00
2025-12-09,00:44:00,25945.5,25946,25941.75,25943.25,115,25949.24,25947.53,0.00
2025-12-09,00:45:00,25943.25,25944.5,25942.5,25944.25,70,25949.24,25947.52,0.00
2025-12-09,00:46:00,25944.25,25946,25943.5,25944.5,89,25949.23,25947.51,0.00
2025-12-09,00:47:00,25944.5,25944.5,25941.75,25942.5,70,25949.22,25947.50,0.00
2025-12-09,00:48:00,25942.25,25943.25,25942.25,25942.25,98,25949.21,25947.48,0.00
2025-12-09,00:49:00,25942.5,25943.75,25942.25,25942.75,68,25949.20,25947.47,0.00
2025-12-09,00:50:00,25943,25944,25941,25941.5,93,25949.18,25947.45,0.00
2025-12-09,00:51:00,25941.5,25942.5,25940.5,25942.5,71,25949.17,25947.44,0.00
2025-12-09,00:52:00,25942.25,25943,25939.75,25940,86,25949.16,25947.42,0.00
2025-12-09,00:53:00,25939.75,25941.25,25939.75,25940.75,137,25949.14,25947.39,0.00
2025-12-09,00:54:00,25941,25941.75,25939.5,25941.5,101,25949.12,25947.37,0.00
2025-12-09,00:55:00,25941.5,25942,25940.75,25941,80,25949.11,25947.35,0.00
2025-12-09,00:56:00,25941.25,25942.5,25940.75,25941.25,93,25949.09,25947.33,0.00
2025-12-09,00:57:00,25941.5,25943.25,25940.75,25942.5,71,25949.08,25947.32,0.00
2025-12-09,00:58:00,25943,25943,25941,25941,87,25949.07,25947.31,0.00
2025-12-09,00:59:00,25940.75,25941.75,25939.75,25939.75,76,25949.06,25947.29,0.00
2025-12-09,01:00:00,25939.75,25941,25939.75,25940.5,51,25949.05,25947.28,0.00
2025-12-09,01:01:00,25941.25,25941.5,25936.75,25937.25,275,25948.99,25947.20,0.00
2025-12-09,01:02:00,25937.5,25940.25,25936.5,25939.5,122,25948.96,25947.16,0.00
2025-12-09,01:03:00,25939.25,25942.75,25939,25942.5,120,25948.95,25947.14,0.00
2025-12-09,01:04:00,25942.75,25942.75,25938.75,25939,115,25948.93,25947.12,0.00
2025-12-09,01:05:00,25939,25939.5,25933,25935,437,25948.81,25946.96,0.00
2025-12-09,01:06:00,25935,25935.5,25926.25,25929.5,774,25948.54,25930.42,0.00
2025-12-09,01:07:00,25930,25934.25,25929.25,25933.5,271,25948.45,25930.91,0.00
2025-12-09,01:08:00,25933.25,25934.25,25931,25932.5,169,25948.40,25931.15,0.00
2025-12-09,01:09:00,25933.25,25934.75,25930,25930.5,125,25948.36,25931.20,0.00
2025-12-09,01:10:00,25930,25931.5,25926.25,25930.25,330,25948.24,25930.83,0.00
2025-12-09,01:11:00,25930.25,25931.5,25925.5,25926,128,25948.19,25927.67,0.00
2025-12-09,01:12:00,25926,25928.5,25923.75,25928.5,444,25948.02,25926.92,0.00
2025-12-09,01:13:00,25928.25,25930.75,25928,25930.75,146,25947.97,25927.64,0.00
2025-12-09,01:14:00,25930.5,25932.5,25930,25930.75,126,25947.93,25928.24,0.00
2025-12-09,01:15:00,25930.75,25930.75,25928,25928.5,90,25947.90,25928.34,0.00
2025-12-09,01:16:00,25928.5,25928.75,25926.5,25928,129,25947.85,25928.26,0.00
2025-12-09,01:17:00,25928.25,25928.75,25925.75,25926.5,134,25947.80,25928.10,0.00
2025-12-09,01:18:00,25926.25,25928.5,25926.25,25927.75,107,25947.76,25928.04,0.00
2025-12-09,01:19:00,25928,25930.25,25928,25930,178,25947.70,25928.23,0.00
2025-12-09,01:20:00,25930.25,25931.75,25927.75,25928,177,25947.64,25928.33,0.00
2025-12-09,01:21:00,25928,25928.5,25922,25922.5,336,25947.49,25924.33,0.00
2025-12-09,01:22:00,25922.5,25925.75,25920.75,25925.75,303,25947.36,25924.08,0.00
2025-12-09,01:23:00,25926,25926.5,25923.5,25923.75,223,25947.27,25924.30,0.00
2025-12-09,01:24:00,25924,25926.25,25921.25,25921.25,299,25947.14,25923.80,0.00
2025-12-09,01:25:00,25921.5,25923.75,25920,25921.5,349,25946.98,25921.75,0.00
2025-12-09,01:26:00,25921.5,25924.5,25920.5,25922,259,25946.87,25922.00,0.00
2025-12-09,01:27:00,25921.75,25923.25,25918.25,25919.75,336,25946.71,25920.42,0.00
2025-12-09,01:28:00,25920,25923.25,25919,25919.75,310,25946.57,25920.54,0.00
2025-12-09,01:29:00,25920,25922.75,25920,25921.75,152,25946.50,25920.72,0.00
2025-12-09,01:30:00,25921.25,25921.75,25919.25,25921.5,121,25946.45,25920.74,0.00
2025-12-09,01:31:00,25921,25924.5,25917.5,25923,381,25946.28,25921.67,0.00
2025-12-09,01:32:00,25923,25923.75,25920,25920.75,144,25946.22,25921.62,0.00
2025-12-09,01:33:00,25921.25,25922.5,25920.5,25922.5,111,25946.17,25921.66,0.00
2025-12-09,01:34:00,25922.5,25923.75,25920.5,25922.75,155,25946.11,25921.79,0.00
2025-12-09,01:35:00,25922.5,25923,25920.5,25922.25,105,25946.07,25921.81,0.00
2025-12-09,01:36:00,25922.25,25926.5,25922.25,25925.75,260,25945.97,25922.49,0.00
2025-12-09,01:37:00,25926.25,25930.25,25926,25929.25,510,25945.82,25924.33,0.00
2025-12-09,01:38:00,25929.5,25930.5,25928.75,25929.25,188,25945.77,25924.85,0.00
2025-12-09,01:39:00,25929.5,25929.5,25927.75,25928.5,114,25945.73,25925.07,0.00
2025-12-09,01:40:00,25928.5,25931,25928.25,25931,206,25945.68,25925.54,0.00
2025-12-09,01:41:00,25930,25930,25928.5,25929,150,25945.64,25925.78,0.00
2025-12-09,01:42:00,25929.25,25929.75,25924.5,25925.25,230,25945.56,25925.84,0.00
2025-12-09,01:43:00,25925,25928.25,25924.75,25928,136,25945.52,25925.90,0.00
2025-12-09,01:44:00,25928.25,25930.5,25927.75,25928.75,219,25945.46,25926.13,0.00
2025-12-09,01:45:00,25929.5,25929.75,25926.5,25926.5,134,25945.42,25926.20,0.00
2025-12-09,01:46:00,25926.75,25929.25,25926.5,25928.75,109,25945.39,25926.27,0.00
2025-12-09,01:47:00,25928.75,25932.5,25928,25931.5,250,25945.33,25926.59,0.00
2025-12-09,01:48:00,25931.25,25932.5,25926.5,25927.25,211,25945.27,25926.72,0.00
2025-12-09,01:49:00,25927.5,25928.75,25925.75,25925.75,144,25945.23,25926.72,0.00
2025-12-09,01:50:00,25925.75,25925.75,25922.75,25923.5,252,25945.14,25926.55,0.00
2025-12-09,01:51:00,25923.5,25926,25921.5,25923,164,25945.08,25926.43,0.00
2025-12-09,01:52:00,25922.75,25923.75,25921.25,25921.75,170,25945.02,25926.26,0.00
2025-12-09,01:53:00,25921.75,25924,25919,25919.75,207,25944.94,25926.02,0.00
2025-12-09,01:54:00,25919.75,25919.75,25916.5,25919,382,25944.77,25918.42,0.00
2025-12-09,01:55:00,25918.75,25919.75,25917.5,25918,174,25944.70,25918.42,0.00
2025-12-09,01:56:00,25917.75,25921.25,25917.25,25920.75,158,25944.64,25918.71,0.00
2025-12-09,01:57:00,25919.5,25921,25919,25919.5,143,25944.58,25918.90,0.00
2025-12-09,01:58:00,25920,25920.25,25917,25917.5,107,25944.53,25918.83,0.00
2025-12-09,01:59:00,25918,25919.5,25916.75,25917.5,99,25944.49,25918.74,0.00
2025-12-09,02:00:00,25917.5,25918.25,25915.75,25916.5,241,25944.39,25916.83,0.00
2025-12-09,02:01:00,25917.25,25918,25912.25,25912.5,497,25944.15,25914.25,0.00
2025-12-09,02:02:00,25912.75,25914,25904.75,25909.75,795,25943.72,25909.50,0.00
2025-12-09,02:03:00,25909.5,25911.75,25907.25,25909.25,274,25943.58,25909.48,0.00
2025-12-09,02:04:00,25908.75,25912.75,25908.25,25908.75,216,25943.46,25909.55,0.00
2025-12-09,02:05:00,25908.75,25911,25907.5,25909,200,25943.36,25909.50,0.00
2025-12-09,02:06:00,25909.25,25914.5,25908.5,25914,228,25943.25,25909.88,0.00
2025-12-09,02:07:00,25914,25916.75,25914,25914.5,176,25943.17,25910.36,0.00
2025-12-09,02:08:00,25914,25914.25,25910,25910.25,242,25943.06,25910.49,0.00
2025-12-09,02:09:00,25910,25911,25908.25,25911,111,25943.00,25910.47,0.00
2025-12-09,02:10:00,25911,25912.25,25909.25,25909.5,113,25942.94,25910.46,0.00
2025-12-09,02:11:00,25909.25,25910,25907.25,25908.75,175,25942.85,25910.34,0.00
2025-12-09,02:12:00,25908.25,25909,25903.5,25906.5,353,25942.66,25906.33,0.00
2025-12-09,02:13:00,25906.25,25906.25,25900.75,25903.5,505,25942.36,25903.50,0.00
2025-12-09,02:14:00,25903,25908.5,25901,25907.5,328,25942.18,25904.35,0.00
2025-12-09,02:15:00,25907.75,25910.25,25907.5,25910,225,25942.07,25905.39,0.00
2025-12-09,02:16:00,25909.75,25910.75,25907.5,25909.5,157,25942.00,25905.89,0.00
2025-12-09,02:17:00,25909.25,25914.25,25907,25913.5,249,25941.88,25906.86,0.00
2025-12-09,02:18:00,25913.75,25914,25909.5,25909.75,208,25941.79,25907.39,0.00
2025-12-09,02:19:00,25909.75,25911.25,25907.75,25911.25,152,25941.72,25907.61,0.00
2025-12-09,02:20:00,25911.5,25911.75,25908.5,25908.75,141,25941.65,25907.76,0.00
2025-12-09,02:21:00,25908.75,25910,25906.25,25909.75,238,25941.54,25907.86,0.00
2025-12-09,02:22:00,25909.75,25910.75,25900,25900,481,25941.27,25903.58,0.00
2025-12-09,02:23:00,25900.5,25905.75,25900.5,25905.75,224,25941.15,25903.72,0.00
2025-12-09,02:24:00,25905,25906.75,25902.25,25906.25,119,25941.09,25903.91,0.00
2025-12-09,02:25:00,25906.5,25907.75,25904.25,25904.5,155,25941.01,25904.16,0.00
2025-12-09,02:26:00,25904,25904.5,25901.25,25903.75,173,25940.92,25904.01,0.00
2025-12-09,02:27:00,25903.25,25904.5,25901.75,25904,138,25940.84,25903.95,0.00
2025-12-09,02:28:00,25904,25908.75,25903.25,25908.75,181,25940.76,25904.32,0.00
2025-12-09,02:29:00,25908.75,25909.75,25906.75,25906.75,162,25940.68,25904.66,0.00
2025-12-09,02:30:00,25906.5,25911,25906.5,25908.75,342,25940.52,25905.37,0.00
2025-12-09,02:31:00,25908.75,25916,25907.25,25913.25,531,25940.31,25906.81,0.00
2025-12-09,02:32:00,25913.25,25913.5,25908,25910.25,290,25940.19,25907.20,0.00
2025-12-09,02:33:00,25909.75,25914.25,25908.75,25912.75,168,25940.12,25907.47,0.00
2025-12-09,02:34:00,25913,25914.75,25911.25,25912.25,144,25940.07,25907.71,0.00
2025-12-09,02:35:00,25911.5,25913.5,25910.75,25913.25,161,25940.01,25907.95,0.00
2025-12-09,02:36:00,25913,25916.25,25911.5,25914.25,214,25939.93,25908.32,0.00
2025-12-09,02:37:00,25914.5,25915,25912.5,25913.25,95,25939.90,25908.46,0.00
2025-12-09,02:38:00,25913.25,25913.75,25908.25,25909.25,220,25939.81,25908.57,0.00
2025-12-09,02:39:00,25909.25,25910.25,25907.25,25909,173,25939.73,25908.58,0.00
2025-12-09,02:40:00,25908.5,25913,25908.5,25913,155,25939.67,25908.69,0.00
2025-12-09,02:41:00,25913,25917,25912.5,25916,268,25939.58,25909.09,0.00
2025-12-09,02:42:00,25915.5,25919,25915,25918.5,284,25939.50,25909.60,0.00
2025-12-09,02:43:00,25918.5,25921.25,25917.5,25920,322,25939.41,25910.24,0.00
2025-12-09,02:44:00,25920,25928.25,25920,25928.25,500,25939.31,25911.63,0.00
2025-12-09,02:45:00,25928,25935,25927.75,25933.75,727,25939.24,25914.03,0.00
2025-12-09,02:46:00,25933.75,25941.25,25929.75,25930,794,25939.19,25916.25,0.00
2025-12-09,02:47:00,25930,25932.25,25928.75,25931.25,235,25939.16,25916.72,0.00
2025-12-09,02:48:00,25931.25,25935.5,25930.75,25935.5,188,25939.15,25917.15,0.00
2025-12-09,02:49:00,25935.75,25935.75,25931.5,25934.25,206,25939.13,25917.60,0.00
2025-12-09,02:50:00,25934.5,25935,25926.75,25927,262,25939.10,25918.00,0.00
2025-12-09,02:51:00,25927.5,25928.75,25923.5,25925,433,25939.02,25918.40,0.00
2025-12-09,02:52:00,25925.5,25930.25,25924.25,25928.25,259,25938.99,25918.68,0.00
2025-12-09,02:53:00,25928.75,25931.75,25926.5,25927.25,138,25938.97,25918.83,0.00
2025-12-09,02:54:00,25928,25931.75,25928,25931.25,176,25938.95,25919.06,0.00
2025-12-09,02:55:00,25930.5,25933.25,25929.5,25930,143,25938.93,25919.25,0.00
2025-12-09,02:56:00,25930.25,25930.5,25927,25927.5,200,25938.91,25919.44,0.00
2025-12-09,02:57:00,25927.5,25935,25925.25,25934.25,243,25938.88,25919.75,0.00
2025-12-09,02:58:00,25934.5,25935.75,25932.75,25934.25,194,25938.87,25920.04,0.00
2025-12-09,02:59:00,25934.75,25935.5,25932.75,25934.25,139,25938.86,25920.24,0.00
2025-12-09,03:00:00,25934.5,25937.25,25934.5,25936.75,205,25938.86,25920.56,0.00
2025-12-09,03:01:00,25936.5,25941,25934.75,25937,429,25938.85,25921.26,0.00
2025-12-09,03:02:00,25936.75,25942.75,25935.75,25941.75,342,25938.85,25921.86,0.00
2025-12-09,03:03:00,25941.75,25942.75,25935.5,25938.25,283,25938.85,25922.29,0.00
2025-12-09,03:04:00,25939.75,25941.5,25938.75,25940.75,112,25938.86,25922.47,0.00
2025-12-09,03:05:00,25941.25,25943,25935.25,25942.25,231,25938.86,25922.83,0.00
2025-12-09,03:06:00,25943,25945.5,25941.75,25943,372,25938.88,25923.48,0.00
2025-12-09,03:07:00,25943.25,25945,25941.25,25941.25,228,25938.89,25923.84,0.00
2025-12-09,03:08:00,25941,25947.25,25941,25945.75,279,25938.91,25924.31,0.00
2025-12-09,03:09:00,25945.75,25947,25943.25,25946.5,131,25938.92,25924.53,0.00
2025-12-09,03:10:00,25946,25946.75,25943,25943.75,146,25938.93,25924.76,0.00
2025-12-09,03:11:00,25943.5,25948,25941.75,25946.5,283,25938.95,25925.22,0.00
2025-12-09,03:12:00,25946,25946.75,25943.25,25944.5,287,25938.97,25925.65,0.00
2025-12-09,03:13:00,25944.5,25945.75,25942,25943,202,25938.99,25925.92,0.00
2025-12-09,03:14:00,25943,25943.5,25939,25942.25,262,25938.99,25926.22,0.00
2025-12-09,03:15:00,25942,25942.5,25939,25941,184,25939.00,25926.41,0.00
2025-12-09,03:16:00,25940.75,25941,25938,25939.75,255,25939.00,25926.65,0.00
2025-12-09,03:17:00,25940.25,25940.75,25937,25937.25,285,25939.00,25926.88,0.00
2025-12-09,03:18:00,25937.75,25941.75,25937.75,25940.75,189,25939.00,25927.05,0.00
2025-12-09,03:19:00,25940.5,25940.5,25934.75,25935,313,25938.99,25927.26,0.00
2025-12-09,03:20:00,25935,25937.5,25934.25,25935.5,186,25938.98,25927.36,0.00
2025-12-09,03:21:00,25935.25,25938,25935.25,25936.75,154,25938.98,25927.46,0.00
2025-12-09,03:22:00,25937,25941,25936.75,25938.75,205,25938.98,25927.61,0.00
2025-12-09,03:23:00,25938.75,25942.25,25938.25,25941.5,187,25938.98,25927.77,0.00
2025-12-09,03:24:00,25941.75,25944,25941.5,25941.5,224,25938.99,25927.97,0.00
2025-12-09,03:25:00,25941.25,25941.25,25937.5,25940.25,137,25938.99,25928.07,0.00
2025-12-09,03:26:00,25940.25,25940.75,25937.5,25938,107,25938.99,25928.14,0.00
2025-12-09,03:27:00,25938,25940.5,25935.5,25940.5,200,25938.99,25928.28,0.00
2025-12-09,03:28:00,25940.5,25941.25,25938,25939.25,116,25938.99,25928.36,0.00
2025-12-09,03:29:00,25939.25,25939.25,25936.25,25936.5,111,25938.99,25928.42,0.00
2025-12-09,03:30:00,25936.5,25940.75,25934,25940.25,214,25938.99,25928.54,0.00
2025-12-09,03:31:00,25940.25,25941.75,25937.75,25940,206,25938.99,25928.68,0.00
2025-12-09,03:32:00,25940.25,25941.5,25937.25,25938.5,137,25938.99,25928.76,0.00
2025-12-09,03:33:00,25938.75,25941,25937.25,25940.75,154,25938.99,25928.86,0.00
2025-12-09,03:34:00,25941,25941.75,25940.25,25941.75,99,25939.00,25928.93,0.00
2025-12-09,03:35:00,25941.75,25942.5,25939.5,25940.5,179,25939.00,25929.05,0.00
2025-12-09,03:36:00,25940.75,25943.5,25940.25,25941,220,25939.01,25929.21,0.00
2025-12-09,03:37:00,25940.75,25941,25937.5,25938.25,131,25939.01,25929.28,0.00
2025-12-09,03:38:00,25938.25,25938.75,25934.25,25934.5,294,25939.00,25929.39,0.00
2025-12-09,03:39:00,25934.25,25935.5,25929.5,25933,676,25938.95,25929.51,0.00
2025-12-09,03:40:00,25932,25937,25931.25,25935.5,314,25938.93,25929.59,0.00
2025-12-09,03:41:00,25935.5,25936.75,25933.75,25933.75,172,25938.92,25929.64,0.00
2025-12-09,03:42:00,25934,25937.25,25930.75,25936.75,378,25938.91,25929.74,0.00
2025-12-09,03:43:00,25936.75,25946,25936.75,25944.75,555,25938.93,25930.09,0.00
2025-12-09,03:44:00,25944.75,25944.75,25940,25940.25,175,25938.93,25930.19,0.00
2025-12-09,03:45:00,25940,25941.5,25939.25,25940.25,90,25938.94,25930.23,0.00
2025-12-09,03:46:00,25940.25,25943.75,25939,25942.5,154,25938.94,25930.32,0.00
2025-12-09,03:47:00,25942.75,25943.75,25939.75,25940.5,177,25938.94,25930.41,0.00
2025-12-09,03:48:00,25940.75,25944,25940.25,25943.25,81,25938.95,25930.46,0.00
2025-12-09,03:49:00,25943,25943.25,25939.5,25939.5,139,25938.95,25930.53,0.00
2025-12-09,03:50:00,25940.25,25944.5,25940.25,25944,116,25938.96,25930.59,0.00
2025-12-09,03:51:00,25944.25,25950.25,25944.25,25948.5,472,25939.00,25930.97,0.00
2025-12-09,03:52:00,25948.5,25950.75,25944.25,25944.25,237,25939.02,25931.13,0.00
2025-12-09,03:53:00,25944.25,25944.25,25940.25,25942.25,215,25939.03,25931.24,0.00
2025-12-09,03:54:00,25942.25,25944.5,25941.75,25944.5,82,25939.03,25931.29,0.00
2025-12-09,03:55:00,25944,25944.5,25942.5,25942.5,126,25939.04,25931.36,0.00
2025-12-09,03:56:00,25942.75,25945.75,25941.75,25944.5,155,25939.05,25931.44,0.00
2025-12-09,03:57:00,25944.25,25944.25,25940.75,25941,158,25939.05,25931.52,0.00
2025-12-09,03:58:00,25941,25943.5,25940.25,25942,152,25939.06,25931.59,0.00
2025-12-09,03:59:00,25942.25,25945.75,25941.25,25945.25,149,25939.07,25931.67,0.00
2025-12-09,04:00:00,25945.25,25945.5,25940.5,25945.25,257,25939.08,25931.80,0.00
2025-12-09,04:01:00,25945.25,25951.5,25940,25950.75,890,25939.16,25932.38,0.00
2025-12-09,04:02:00,25950,25951.5,25942.25,25945.5,327,25939.18,25932.57,0.00
2025-12-09,04:03:00,25946,25949,25943.25,25948.25,216,25939.20,25932.69,0.00
2025-12-09,04:04:00,25948.5,25959.5,25948,25958,806,25939.34,25933.41,0.00
2025-12-09,04:05:00,25958.25,25959,25953.25,25954.25,356,25939.40,25933.71,0.00
2025-12-09,04:06:00,25954.5,25955.75,25949.75,25953.5,353,25939.45,25933.97,0.00
2025-12-09,04:07:00,25953.5,25958,25953.25,25955.5,262,25939.50,25934.19,0.00
2025-12-09,04:08:00,25954.75,25955.75,25947.75,25947.75,283,25939.53,25934.36,0.00
2025-12-09,04:09:00,25948,25950.75,25945,25949.75,454,25939.57,25934.60,0.00
2025-12-09,04:10:00,25949.25,25956.75,25947.25,25952.75,538,25939.64,25934.94,0.00
2025-12-09,04:11:00,25952.75,25954,25947.25,25952.25,364,25939.68,25935.15,0.00
2025-12-09,04:12:00,25953.25,25954.5,25950,25953.25,158,25939.71,25935.25,0.00
2025-12-09,04:13:00,25952.5,25955.25,25951.5,25951.5,124,25939.72,25935.33,0.00
2025-12-09,04:14:00,25951.75,25954.5,25949.75,25952.75,181,25939.75,25935.44,0.00
2025-12-09,04:15:00,25953,25953.5,25951.5,25953.25,92,25939.76,25935.49,0.00
2025-12-09,04:16:00,25954.25,25956.75,25949,25953,230,25939.79,25935.63,0.00
2025-12-09,04:17:00,25953,25957,25953,25955,132,25939.81,25935.72,0.00
2025-12-09,04:18:00,25955.75,25956.5,25952.5,25954.25,125,25939.83,25935.80,0.00
2025-12-09,04:19:00,25954,25956.5,25951,25956,92,25939.84,25935.86,0.00
2025-12-09,04:20:00,25956.25,25961.75,25956.25,25960.5,479,25939.94,25936.24,0.00
2025-12-09,04:21:00,25960.25,25960.75,25956,25958.75,195,25939.98,25936.39,0.00
2025-12-09,04:22:00,25959.25,25960,25954.25,25956.5,199,25940.01,25936.52,0.00
2025-12-09,04:23:00,25956,25957.75,25953.75,25955.25,154,25940.03,25936.62,0.00
2025-12-09,04:24:00,25956.25,25960.75,25954,25960,264,25940.08,25936.81,0.00
2025-12-09,04:25:00,25960.25,25965.75,25960,25962.5,595,25940.22,25937.31,0.00
2025-12-09,04:26:00,25962.5,25963,25954.5,25956.25,415,25940.29,25937.58,0.00
2025-12-09,04:27:00,25955.5,25957,25952.75,25956.75,375,25940.35,25937.79,0.00
2025-12-09,04:28:00,25956.75,25958,25947,25947,421,25940.39,25937.96,0.00
2025-12-09,04:29:00,25947,25953,25945.5,25950,388,25940.43,25938.09,0.00
2025-12-09,04:30:00,25949.25,25950.25,25944.5,25947.75,271,25940.45,25938.17,0.00
2025-12-09,04:31:00,25947.5,25949.75,25941.25,25949.25,503,25940.48,25938.30,0.00
2025-12-09,04:32:00,25948.75,25952.75,25947.25,25947.5,300,25940.50,25938.40,0.00
2025-12-09,04:33:00,25947.5,25949.75,25944.5,25947.5,261,25940.52,25938.47,0.00
2025-12-09,04:34:00,25947,25950.25,25945.75,25948.75,223,25940.54,25938.53,0.00
2025-12-09,04:35:00,25948.75,25948.75,25943.5,25943.75,251,25940.55,25938.58,0.00
2025-12-09,04:36:00,25944,25945.5,25940.75,25942.25,311,25940.56,25938.62,0.00
2025-12-09,04:37:00,25942.25,25942.5,25936.75,25940.25,380,25940.55,25938.63,0.00
2025-12-09,04:38:00,25940.25,25943.5,25939.75,25940.5,112,25940.55,25938.64,0.00
2025-12-09,04:39:00,25940.25,25945.25,25937.25,25943.75,218,25940.56,25938.66,0.00
2025-12-09,04:40:00,25944,25946,25943.25,25944.75,166,25940.56,25938.69,0.00
2025-12-09,04:41:00,25944.25,25944.75,25937.5,25938.25,248,25940.56,25938.70,0.00
2025-12-09,04:42:00,25938.25,25941,25935.5,25938.5,325,25940.56,25938.70,0.00
2025-12-09,04:43:00,25937.75,25944.75,25937.75,25944.75,371,25940.56,25938.73,0.00
2025-12-09,04:44:00,25944.5,25947,25942.25,25945.5,218,25940.57,25938.77,0.00
2025-12-09,04:45:00,25945.75,25948.25,25944.75,25946,193,25940.58,25938.81,0.00
2025-12-09,04:46:00,25946.5,25953.25,25945.75,25951.25,474,25940.62,25938.95,0.00
2025-12-09,04:47:00,25950.5,25951,25946.5,25950.75,206,25940.64,25939.01,0.00
2025-12-09,04:48:00,25951,25952.75,25948.5,25948.5,145,25940.65,25939.05,0.00
2025-12-09,04:49:00,25948.5,25955,25948.25,25953.75,215,25940.68,25939.13,0.00
2025-12-09,04:50:00,25954.25,25956.75,25949,25951,221,25940.70,25939.20,0.00
2025-12-09,04:51:00,25952,25954.25,25950.5,25953.5,106,25940.71,25939.24,0.00
2025-12-09,04:52:00,25953.5,25954.5,25952,25953.75,75,25940.72,25939.27,0.00
2025-12-09,04:53:00,25953.75,25956.25,25952.5,25955.75,153,25940.74,25939.33,0.00
2025-12-09,04:54:00,25956.25,25957,25955,25955.25,114,25940.76,25939.38,0.00
2025-12-09,04:55:00,25955.25,25958,25954.75,25956.25,111,25940.77,25939.43,0.00
2025-12-09,04:56:00,25957.5,25958.25,25954,25955.5,163,25940.80,25939.49,0.00
2025-12-09,04:57:00,25954.75,25956.5,25951.5,25951.75,134,25940.81,25939.54,0.00
2025-12-09,04:58:00,25951.5,25952.25,25947.75,25949.75,229,25940.83,25939.60,0.00
2025-12-09,04:59:00,25949.5,25951,25947.5,25949.25,147,25940.84,25939.64,0.00
2025-12-09,05:00:00,25950.5,25951,25945,25948.75,266,25940.86,25939.70,0.00
2025-12-09,05:01:00,25948.75,25949.75,25938.75,25941.25,576,25940.87,25939.75,0.00
2025-12-09,05:02:00,25941,25942.75,25932.25,25934.5,633,25940.85,25939.70,0.00
2025-12-09,05:03:00,25934.25,25940.5,25933.25,25938.5,378,25940.84,25939.68,0.00
2025-12-09,05:04:00,25939,25939.75,25932.5,25934.5,343,25940.82,25939.64,0.00
2025-12-09,05:05:00,25934.5,25941.25,25930.25,25940.75,559,25940.80,25939.61,0.00
2025-12-09,05:06:00,25941.25,25943.25,25929.5,25929.5,457,25940.78,25939.55,0.00
2025-12-09,05:07:00,25930,25930.5,25925.5,25929,773,25940.69,25939.35,0.00
2025-12-09,05:08:00,25929.25,25931.25,25925.75,25927.5,270,25940.66,25939.28,0.00
2025-12-09,05:09:00,25927.25,25935,25926.5,25928.75,262,25940.64,25939.23,0.00
2025-12-09,05:10:00,25928.25,25931.25,25926.5,25927.25,174,25940.62,25939.19,0.00
2025-12-09,05:11:00,25927,25934.75,25926,25933.75,326,25940.59,25939.13,0.00
2025-12-09,05:12:00,25933.5,25935.25,25931.25,25932.25,186,25940.58,25939.10,0.00
2025-12-09,05:13:00,25932.25,25937.25,25929.75,25936.25,297,25940.56,25939.07,0.00
2025-12-09,05:14:00,25936,25937,25933.75,25934,127,25940.55,25939.06,0.00
2025-12-09,05:15:00,25934.25,25934.75,25930.75,25934,164,25940.54,25939.04,0.00
2025-12-09,05:16:00,25934,25936,25930.75,25932,191,25940.53,25939.01,0.00
2025-12-09,05:17:00,25932.75,25932.75,25928.25,25932,190,25940.52,25938.98,0.00
2025-12-09,05:18:00,25931.75,25932,25924.25,25926.75,248,25940.49,25938.92,0.00
2025-12-09,05:19:00,25927.25,25929.5,25924.5,25924.75,254,25940.46,25938.85,0.00
2025-12-09,05:20:00,25924.25,25926,25922.5,25925.5,366,25940.41,25938.74,0.00
2025-12-09,05:21:00,25925.25,25925.75,25919.25,25922,464,25940.33,25938.58,0.00
2025-12-09,05:22:00,25922.5,25926.5,25922.5,25926,269,25940.30,25938.50,0.00
2025-12-09,05:23:00,25925.75,25925.75,25920.75,25920.75,184,25940.27,25938.44,0.00
2025-12-09,05:24:00,25920.5,25922,25919.5,25920.5,210,25940.23,25938.36,0.00
2025-12-09,05:25:00,25921,25925,25920,25923.75,300,25940.19,25938.26,0.00
2025-12-09,05:26:00,25923.75,25923.75,25915.75,25920.75,485,25940.11,25938.08,0.00
2025-12-09,05:27:00,25921,25921.5,25918.25,25919.25,146,25940.08,25938.02,0.00
2025-12-09,05:28:00,25918.5,25919.25,25913.5,25913.75,592,25939.96,25937.75,0.00
2025-12-09,05:29:00,25913.25,25919.75,25913.25,25919,294,25939.90,25937.63,0.00
2025-12-09,05:30:00,25919.25,25920.75,25915.75,25920.25,374,25939.83,25937.49,0.00
2025-12-09,05:31:00,25920.25,25925.5,25918.25,25921.5,527,25939.75,25937.33,0.00
2025-12-09,05:32:00,25921,25924.75,25920.5,25924,296,25939.71,25937.24,0.00
2025-12-09,05:33:00,25924.5,25929,25921.25,25927.5,492,25939.66,25937.13,0.00
2025-12-09,05:34:00,25928,25928.25,25923.25,25926,233,25939.63,25937.08,0.00
2025-12-09,05:35:00,25926.5,25926.5,25924,25925,101,25939.62,25937.06,0.00
2025-12-09,05:36:00,25925.5,25927.25,25922.75,25924,156,25939.60,25937.02,0.00
2025-12-09,05:37:00,25924,25925.5,25920.25,25925,195,25939.57,25936.97,0.00
2025-12-09,05:38:00,25923.75,25923.75,25916.5,25919.75,309,25939.52,25936.87,0.00
2025-12-09,05:39:00,25919.5,25921,25916.25,25916.5,215,25939.48,25936.79,0.00
2025-12-09,05:40:00,25916.25,25916.5,25907.25,25907.25,605,25939.34,25936.49,0.00
2025-12-09,05:41:00,25907.75,25908.75,25903.25,25908.25,739,25939.14,25936.08,0.00
2025-12-09,05:42:00,25908.5,25911.5,25905.75,25908.75,324,25939.06,25935.92,0.00
2025-12-09,05:43:00,25909,25912.75,25908.25,25912,185,25939.02,25935.83,0.00
2025-12-09,05:44:00,25912.25,25915.75,25911,25911,335,25938.94,25935.69,0.00
2025-12-09,05:45:00,25911,25912.75,25908.75,25910.75,257,25938.89,25935.57,0.00
2025-12-09,05:46:00,25910.75,25916.25,25909.75,25916.25,317,25938.82,25935.45,0.00
2025-12-09,05:47:00,25915.25,25916.25,25909.5,25912.75,330,25938.75,25935.31,0.00
2025-12-09,05:48:00,25912.75,25916.5,25910.5,25914.5,149,25938.72,25935.26,0.00
2025-12-09,05:49:00,25914,25919.75,25914,25918.25,207,25938.69,25935.19,0.00
2025-12-09,05:50:00,25918.5,25919.5,25916,25916.25,124,25938.67,25935.15,0.00
2025-12-09,05:51:00,25916.25,25918.75,25914,25915.5,158,25938.64,25935.10,0.00
2025-12-09,05:52:00,25915.25,25916.75,25913.75,25916.75,103,25938.62,25935.06,0.00
2025-12-09,05:53:00,25916.5,25919.75,25916.5,25919.25,134,25938.60,25935.02,0.00
2025-12-09,05:54:00,25919,25919,25914,25919,85,25938.58,25934.99,0.00
2025-12-09,05:55:00,25918.75,25920.75,25916.25,25916.25,109,25938.56,25934.96,0.00
2025-12-09,05:56:00,25915.75,25916.75,25912,25912,150,25938.53,25934.90,0.00
2025-12-09,05:57:00,25912.5,25916.25,25912.25,25913,98,25938.52,25934.87,0.00
2025-12-09,05:58:00,25913.25,25913.5,25910.25,25910.5,128,25938.49,25934.82,0.00
2025-12-09,05:59:00,25910.5,25911.75,25906.25,25907.75,309,25938.41,25934.67,0.00
2025-12-09,06:00:00,25908.5,25910.5,25906.25,25910.25,242,25938.36,25934.57,0.00
2025-12-09,06:01:00,25909.5,25912.75,25908.5,25912,296,25938.29,25934.45,0.00
2025-12-09,06:02:00,25911.5,25912.5,25908.25,25908.75,172,25938.25,25934.37,0.00
2025-12-09,06:03:00,25909,25912.25,25908.5,25912,144,25938.22,25934.31,0.00
2025-12-09,06:04:00,25912.5,25915.25,25910.75,25913.25,297,25938.16,25934.21,0.00
2025-12-09,06:05:00,25912.25,25914,25909.75,25913.25,134,25938.14,25934.16,0.00
2025-12-09,06:06:00,25912.25,25914.75,25912.25,25913.5,99,25938.12,25934.12,0.00
2025-12-09,06:07:00,25914,25914.5,25907.75,25911.75,177,25938.08,25934.05,0.00
2025-12-09,06:08:00,25912,25916.75,25912,25916,234,25938.04,25933.98,0.00
2025-12-09,06:09:00,25916.75,25917.5,25914,25914.5,145,25938.01,25933.93,0.00
2025-12-09,06:10:00,25914.5,25916.75,25913,25916.75,131,25937.99,25933.89,0.00
2025-12-09,06:11:00,25916.75,25925,25916.5,25924,478,25937.93,25933.79,0.00
2025-12-09,06:12:00,25924.25,25928.25,25923.25,25925.5,414,25937.89,25933.74,0.00
2025-12-09,06:13:00,25925.25,25928,25924.5,25926.5,214,25937.87,25933.71,0.00
2025-12-09,06:14:00,25926.25,25929.5,25921.5,25921.75,352,25937.83,25933.66,0.00
2025-12-09,06:15:00,25922.25,25925.5,25922,25925.25,175,25937.82,25933.63,0.00
2025-12-09,06:16:00,25925.5,25928.25,25924.25,25926.5,157,25937.80,25933.61,0.00
2025-12-09,06:17:00,25927.5,25930.25,25925.75,25929.25,184,25937.79,25933.59,0.00
2025-12-09,06:18:00,25929.25,25931,25926.25,25927.25,253,25937.77,25933.57,0.00
2025-12-09,06:19:00,25926.75,25929.75,25926.5,25929.25,101,25937.76,25933.56,0.00
2025-12-09,06:20:00,25929.75,25931.75,25928.75,25931,184,25937.75,25933.56,0.00
2025-12-09,06:21:00,25931,25932.5,25928.25,25929.25,245,25937.74,25933.54,0.00
2025-12-09,06:22:00,25929.5,25929.5,25920.75,25927,613,25937.68,25933.46,0.00
2025-12-09,06:23:00,25928,25932,25927.5,25929,295,25937.66,25933.45,0.00
2025-12-09,06:24:00,25929.5,25933,25929,25932.5,180,25937.65,25933.44,0.00
2025-12-09,06:25:00,25932.75,25936.5,25931.5,25934,432,25937.64,25933.44,0.00
2025-12-09,06:26:00,25934.25,25938.25,25933.75,25938,276,25937.64,25933.46,0.00
2025-12-09,06:27:00,25938.25,25942.25,25937.75,25941.5,465,25937.65,25933.51,0.00
2025-12-09,06:28:00,25942.25,25945.75,25940.25,25944,445,25937.67,25933.58,0.00
2025-12-09,06:29:00,25944,25945,25940,25941.25,280,25937.68,25933.61,0.00
2025-12-09,06:30:00,25941.5,25943.25,25938.5,25941,268,25937.69,25933.64,0.00
2025-12-09,06:31:00,25941.75,25942.25,25938.25,25938.75,251,25937.69,25933.67,0.00
2025-12-09,06:32:00,25938.75,25941.5,25937.75,25940.25,156,25937.69,25933.68,0.00
2025-12-09,06:33:00,25940.5,25944.75,25940.25,25941.75,234,25937.70,25933.71,0.00
2025-12-09,06:34:00,25942,25942.5,25939.25,25941,136,25937.70,25933.73,0.00
2025-12-09,06:35:00,25941,25941.5,25938.5,25938.75,106,25937.70,25933.74,0.00
2025-12-09,06:36:00,25938.75,25940.75,25936.75,25940.75,223,25937.71,25933.76,0.00
2025-12-09,06:37:00,25940.5,25942.75,25940,25941.5,204,25937.71,25933.78,0.00
2025-12-09,06:38:00,25941.5,25945,25940.75,25941.25,238,25937.72,25933.81,0.00
2025-12-09,06:39:00,25941.5,25942.5,25938.75,25939.5,167,25937.72,25933.83,0.00
2025-12-09,06:40:00,25939,25941,25854.25,25887.5,9133,25934.98,25894.25,0.00
2025-12-09,06:41:00,25886,25917.25,25874.75,25915.25,2852,25934.35,25896.19,0.00
2025-12-09,06:42:00,25917.5,25919.25,25892.75,25899,1734,25933.99,25897.14,0.00
2025-12-09,06:43:00,25898.75,25910.25,25892.25,25904,1120,25933.75,25897.52,0.00
2025-12-09,06:44:00,25903.5,25909.75,25901.25,25906,633,25933.64,25897.85,0.00
2025-12-09,06:45:00,25905.75,25912.5,25902.5,25910.25,688,25933.52,25898.30,0.00
2025-12-09,06:46:00,25910.5,25913.25,25907,25909.5,621,25933.43,25898.73,0.00
2025-12-09,06:47:00,25910.5,25911.5,25897.75,25897.75,581,25933.31,25898.85,0.00
2025-12-09,06:48:00,25898,25901.25,25890.5,25896.5,1154,25933.03,25898.68,0.00
2025-12-09,06:49:00,25896.25,25901.5,25890.5,25892.25,677,25932.86,25898.54,0.00
2025-12-09,06:50:00,25893,25899.75,25890.5,25898.75,542,25932.73,25898.48,0.00
2025-12-09,06:51:00,25899,25905.25,25896.75,25904.25,717,25932.59,25898.61,0.00
2025-12-09,06:52:00,25905,25910.25,25902.5,25906,758,25932.46,25898.88,0.00
2025-12-09,06:53:00,25905.75,25916.25,25904.25,25907.75,894,25932.33,25899.31,0.00
2025-12-09,06:54:00,25907.75,25917.25,25907.75,25913.25,567,25932.26,25899.64,0.00
2025-12-09,06:55:00,25912.75,25920.25,25912.75,25919.75,488,25932.22,25900.02,0.00
2025-12-09,06:56:00,25920.25,25928.75,25920.25,25923.25,861,25932.17,25900.88,0.00
2025-12-09,06:57:00,25923.75,25924.75,25916.25,25916.25,532,25932.13,25901.28,0.00
2025-12-09,06:58:00,25916.75,25918.75,25911.25,25918.75,596,25932.07,25901.63,0.00
2025-12-09,06:59:00,25917.25,25920.25,25916.75,25918.25,250,25932.05,25901.80,0.00
2025-12-09,07:00:00,25917.75,25925.75,25917.25,25921,440,25932.02,25902.13,0.00
2025-12-09,07:01:00,25921.25,25925,25906.75,25911.75,1106,25931.90,25902.64,0.00
2025-12-09,07:02:00,25911.25,25915.5,25900.25,25901.75,1064,25931.73,25902.76,0.00
2025-12-09,07:03:00,25901.25,25908.75,25899,25908.25,723,25931.62,25902.82,0.00
2025-12-09,07:04:00,25909,25921,25908.25,25920,875,25931.54,25903.23,0.00
2025-12-09,07:05:00,25920,25921.5,25910.5,25912.75,459,25931.49,25903.40,0.00
2025-12-09,07:06:00,25914.25,25916,25910.75,25914.25,231,25931.46,25903.48,0.00
2025-12-09,07:07:00,25914,25916,25909.5,25910,246,25931.44,25903.55,0.00
2025-12-09,07:08:00,25909.75,25910.75,25905.75,25906.25,381,25931.38,25903.60,0.00
2025-12-09,07:09:00,25905.75,25910.25,25903.5,25910,380,25931.33,25903.65,0.00
2025-12-09,07:10:00,25909,25911.75,25907.5,25908.5,256,25931.29,25903.70,0.00
2025-12-09,07:11:00,25908.25,25911,25905.75,25908.75,362,25931.24,25903.75,0.00
2025-12-09,07:12:00,25909.25,25909.5,25901,25901.75,287,25931.20,25903.75,0.00
2025-12-09,07:13:00,25901.75,25902.75,25895.75,25898.25,774,25931.05,25903.64,0.00
2025-12-09,07:14:00,25898.5,25899.75,25891.75,25893.75,628,25930.92,25903.48,0.00
2025-12-09,07:15:00,25894,25901.75,25892,25898.5,651,25930.79,25903.37,0.00
2025-12-09,07:16:00,25899.25,25902,25895.5,25896.5,366,25930.72,25903.31,0.00
2025-12-09,07:17:00,25896.75,25897,25883.75,25888,1015,25930.47,25902.92,0.00
2025-12-09,07:18:00,25888,25901.5,25886.25,25891.5,1363,25930.18,25902.56,0.00
2025-12-09,07:19:00,25892,25897.75,25888.75,25896.25,466,25930.08,25902.45,0.00
2025-12-09,07:20:00,25896.5,25900.75,25892.5,25899,420,25930.00,25902.40,0.00
2025-12-09,07:21:00,25899.25,25910.25,25899,25908.25,839,25929.89,25902.47,0.00
2025-12-09,07:22:00,25909,25913,25907.75,25910.75,492,25929.83,25902.57,0.00
2025-12-09,07:23:00,25910.5,25911.25,25902.75,25907.25,490,25929.77,25902.63,0.00
2025-12-09,07:24:00,25907,25908.5,25903.5,25904.5,195,25929.74,25902.64,0.00
2025-12-09,07:25:00,25904.25,25908.5,25900.5,25904.5,367,25929.69,25902.66,0.00
2025-12-09,07:26:00,25905.5,25906.25,25902.25,25903,222,25929.65,25902.66,0.00
2025-12-09,07:27:00,25902,25908,25899.25,25907.5,311,25929.61,25902.68,0.00
2025-12-09,07:28:00,25907.75,25915.25,25906.75,25914.5,484,25929.56,25902.79,0.00
2025-12-09,07:29:00,25914.5,25918.25,25912.25,25916.25,580,25929.52,25902.97,0.00
2025-12-09,07:30:00,25916.25,25922,25916.25,25920.75,661,25929.48,25903.23,0.00
2025-12-09,07:31:00,25921,25922,25914.75,25918.75,480,25929.45,25903.40,0.00
2025-12-09,07:32:00,25918.25,25920.5,25912.25,25918.25,358,25929.43,25903.51,0.00
2025-12-09,07:33:00,25919,25919.5,25914.5,25915.25,201,25929.41,25903.57,0.00
2025-12-09,07:34:00,25915,25917.5,25911,25915.25,326,25929.38,25903.65,0.00
2025-12-09,07:35:00,25915.75,25917.75,25913.75,25915.75,249,25929.37,25903.72,0.00
2025-12-09,07:36:00,25916.75,25919,25916,25918.75,233,25929.35,25903.80,0.00
2025-12-09,07:37:00,25917.75,25918.25,25913,25915.75,239,25929.33,25903.86,0.00
2025-12-09,07:38:00,25915.75,25919.25,25915.75,25918.75,167,25929.32,25903.91,0.00
2025-12-09,07:39:00,25918.75,25920.25,25916,25917.5,136,25929.31,25903.95,0.00
2025-12-09,07:40:00,25917.75,25921,25916.75,25918.5,234,25929.30,25904.03,0.00
2025-12-09,07:41:00,25917.75,25919.25,25916.75,25918.5,125,25929.29,25904.07,0.00
2025-12-09,07:42:00,25918.5,25924.75,25917.5,25924.75,336,25929.28,25904.21,0.00
2025-12-09,07:43:00,25924.5,25934.75,25924.5,25931.75,789,25929.28,25904.65,0.00
2025-12-09,07:44:00,25932.5,25933.5,25927.75,25930.5,364,25929.29,25904.85,0.00
2025-12-09,07:45:00,25930.75,25931.75,25925.5,25928.75,266,25929.29,25904.99,0.00
2025-12-09,07:46:00,25929,25930.5,25928.25,25928.5,145,25929.29,25905.06,0.00
2025-12-09,07:47:00,25928.25,25933.25,25927,25930.75,256,25929.29,25905.20,0.00
2025-12-09,07:48:00,25931.5,25932.75,25924.25,25924.25,264,25929.28,25905.32,0.00
2025-12-09,07:49:00,25924.75,25928.5,25923.75,25928.25,141,25929.28,25905.38,0.00
2025-12-09,07:50:00,25928.25,25930.5,25925.5,25929.75,286,25929.28,25905.52,0.00
2025-12-09,07:51:00,25930,25932,25926.5,25926.75,262,25929.28,25905.64,0.00
2025-12-09,07:52:00,25926.5,25931.75,25922.5,25928.5,338,25929.28,25905.79,0.00
2025-12-09,07:53:00,25929,25930,25925,25925.75,84,25929.28,25905.83,0.00
2025-12-09,07:54:00,25926.75,25930.5,25926.25,25926.75,184,25929.27,25905.91,0.00
2025-12-09,07:55:00,25926.75,25929.5,25926.25,25927.5,89,25929.27,25905.95,0.00
2025-12-09,07:56:00,25928,25929.75,25926,25926,133,25929.27,25906.01,0.00
2025-12-09,07:57:00,25926.5,25927.75,25922.25,25924.25,216,25929.27,25906.09,0.00
2025-12-09,07:58:00,25924.25,25925,25922.25,25922.75,165,25929.26,25906.15,0.00
2025-12-09,07:59:00,25923,25927,25921.75,25925,205,25929.26,25906.23,0.00
2025-12-09,08:00:00,25925,25925.75,25922,25925.75,249,25929.25,25906.32,0.00
2025-12-09,08:01:00,25926.25,25929.75,25923.25,25926,500,25929.24,25906.52,0.00
2025-12-09,08:02:00,25926,25928.25,25920,25924.5,352,25929.23,25906.64,0.00
2025-12-09,08:03:00,25924.75,25928.75,25917.25,25920.5,520,25929.21,25906.79,0.00
2025-12-09,08:04:00,25920,25924.75,25913.25,25924.75,707,25929.18,25906.99,0.00
2025-12-09,08:05:00,25924,25926,25921.5,25922.5,229,25929.17,25907.06,0.00
2025-12-09,08:06:00,25922,25924.25,25918,25923.75,228,25929.17,25907.12,0.00
2025-12-09,08:07:00,25923,25927.5,25922.5,25927,199,25929.16,25907.19,0.00
2025-12-09,08:08:00,25927.25,25928.25,25921.5,25921.5,297,25929.15,25907.29,0.00
2025-12-09,08:09:00,25921.25,25923.25,25919.75,25920.5,185,25929.15,25907.33,0.00
2025-12-09,08:10:00,25920.5,25924.25,25919,25922.25,111,25929.14,25907.36,0.00
2025-12-09,08:11:00,25922.75,25923,25917.25,25922.75,244,25929.13,25907.43,0.00
2025-12-09,08:12:00,25922.25,25925.5,25920.75,25923.75,231,25929.12,25907.49,0.00
2025-12-09,08:13:00,25923.5,25925.75,25917.75,25925.25,257,25929.12,25907.57,0.00
2025-12-09,08:14:00,25925,25927.25,25920.25,25920.25,211,25929.11,25907.63,0.00
2025-12-09,08:15:00,25921,25922.5,25918.75,25920,154,25929.10,25907.66,0.00
2025-12-09,08:16:00,25920,25921.25,25914,25917,382,25929.08,25907.73,0.00
2025-12-09,08:17:00,25917,25919,25914.25,25919,221,25929.06,25907.77,0.00
2025-12-09,08:18:00,25919,25920.75,25917,25917.75,133,25929.06,25907.79,0.00
2025-12-09,08:19:00,25917.5,25918.5,25916.5,25918,109,25929.05,25907.81,0.00
2025-12-09,08:20:00,25918,25918.25,25913.5,25914.5,256,25929.03,25907.85,0.00
2025-12-09,08:21:00,25914,25915,25911,25912.5,410,25929.00,25907.89,0.00
2025-12-09,08:22:00,25912.25,25921.75,25912.25,25920,410,25928.97,25907.96,0.00
2025-12-09,08:23:00,25920.25,25923,25914.5,25918.75,286,25928.96,25908.01,0.00
2025-12-09,08:24:00,25918.5,25921,25915.5,25916,309,25928.94,25908.06,0.00
2025-12-09,08:25:00,25916.25,25918,25914.75,25917.25,153,25928.93,25908.09,0.00
2025-12-09,08:26:00,25917.75,25921.5,25915,25916,262,25928.91,25908.13,0.00
2025-12-09,08:27:00,25915.5,25919.75,25911.75,25919.25,302,25928.90,25908.18,0.00
2025-12-09,08:28:00,25919.5,25920.5,25917.75,25920,173,25928.89,25908.21,0.00
2025-12-09,08:29:00,25920.25,25920.5,25916.75,25917.5,93,25928.88,25908.23,0.00
2025-12-09,08:30:00,25917,25919,25916.25,25916.5,131,25928.87,25908.25,0.00
2025-12-09,08:31:00,25916.5,25920.5,25916.25,25917.25,249,25928.86,25908.29,0.00
2025-12-09,08:32:00,25917,25918.75,25913.75,25918.25,345,25928.84,25908.34,0.00
2025-12-09,08:33:00,25917.5,25919.75,25914.5,25914.5,143,25928.83,25908.36,0.00
2025-12-09,08:34:00,25914.5,25916,25911.25,25914.75,246,25928.81,25908.38,0.00
2025-12-09,08:35:00,25914.25,25918.75,25913.5,25918.25,186,25928.80,25908.41,0.00
2025-12-09,08:36:00,25918.25,25918.5,25911.5,25914,321,25928.78,25908.44,0.00
2025-12-09,08:37:00,25915,25919.5,25914,25917,274,25928.76,25908.48,0.00
2025-12-09,08:38:00,25916.75,25917.25,25913,25913.5,221,25928.74,25908.50,0.00
2025-12-09,08:39:00,25913.75,25916.5,25912.75,25916.5,197,25928.73,25908.52,0.00
2025-12-09,08:40:00,25915.75,25917.5,25912.25,25913.75,286,25928.71,25908.55,0.00
2025-12-09,08:41:00,25914,25917,25908.5,25913.5,805,25928.65,25908.61,0.00
2025-12-09,08:42:00,25913.25,25913.75,25905,25910.25,653,25928.58,25908.62,0.00
2025-12-09,08:43:00,25909.5,25912.75,25907,25908.5,346,25928.55,25908.63,0.00
2025-12-09,08:44:00,25908.75,25911.25,25902.5,25905.25,519,25928.49,25908.61,0.00
2025-12-09,08:45:00,25905.75,25908,25903,25906.75,305,25928.46,25908.59,0.00
2025-12-09,08:46:00,25906.5,25906.5,25901,25903.25,670,25928.37,25908.54,0.00
2025-12-09,08:47:00,25903.75,25906.5,25898.5,25906.5,555,25928.30,25908.50,0.00
2025-12-09,08:48:00,25905.75,25910,25905.5,25909.5,389,25928.27,25908.50,0.00
2025-12-09,08:49:00,25910,25917,25910,25913,509,25928.23,25908.54,0.00
2025-12-09,08:50:00,25913,25917.5,25913,25915.5,391,25928.20,25908.58,0.00
2025-12-09,08:51:00,25915,25919,25910.75,25917.5,423,25928.18,25908.62,0.00
2025-12-09,08:52:00,25918.25,25925.5,25918.25,25924.25,638,25928.16,25908.76,0.00
2025-12-09,08:53:00,25925,25925.25,25921,25922,281,25928.15,25908.82,0.00
2025-12-09,08:54:00,25922.25,25925.25,25919.5,25920.25,304,25928.14,25908.88,0.00
2025-12-09,08:55:00,25920.5,25924.5,25919.25,25923,429,25928.13,25908.96,0.00
2025-12-09,08:56:00,25922.5,25926,25920.25,25925.5,288,25928.12,25909.02,0.00
2025-12-09,08:57:00,25925.5,25926,25918.5,25919.75,532,25928.11,25909.12,0.00
2025-12-09,08:58:00,25919.5,25920,25915.25,25916.75,397,25928.09,25909.17,0.00
2025-12-09,08:59:00,25917.25,25918.75,25915.25,25918.75,149,25928.08,25909.18,0.00
2025-12-09,09:00:00,25919,25919,25912.75,25917.5,410,25928.05,25909.23,0.00
2025-12-09,09:01:00,25917,25917,25909.5,25909.5,584,25928.01,25909.25,0.00
2025-12-09,09:02:00,25909.5,25912.25,25901.75,25906.5,772,25927.93,25909.22,0.00
2025-12-09,09:03:00,25906.75,25909,25904.75,25907.25,379,25927.89,25909.21,0.00
2025-12-09,09:04:00,25907.5,25911,25905.25,25907.75,343,25927.86,25909.21,0.00
2025-12-09,09:05:00,25908,25912.75,25907.5,25911,321,25927.83,25909.21,0.00
2025-12-09,09:06:00,25911.25,25914.75,25908.75,25911.75,306,25927.81,25909.22,0.00
2025-12-09,09:07:00,25911.25,25912.25,25907.5,25909.75,303,25927.78,25909.23,0.00
2025-12-09,09:08:00,25910,25917,25908.5,25916.25,322,25927.76,25909.25,0.00
2025-12-09,09:09:00,25915.75,25919.25,25913.25,25914.75,481,25927.73,25909.29,0.00
2025-12-09,09:10:00,25914.5,25917.5,25914,25916,161,25927.72,25909.30,0.00
2025-12-09,09:11:00,25916,25917,25910,25910.25,516,25927.69,25909.32,0.00
2025-12-09,09:12:00,25910,25914.75,25909.75,25911.75,266,25927.67,25909.33,0.00
2025-12-09,09:13:00,25910.5,25912.5,25909.75,25911,162,25927.65,25909.34,0.00
2025-12-09,09:14:00,25910.5,25912,25909.5,25909.5,191,25927.64,25909.34,0.00
2025-12-09,09:15:00,25910.25,25910.25,25907,25909,294,25927.61,25909.34,0.00
2025-12-09,09:16:00,25909,25909.5,25899.25,25899.5,716,25927.53,25909.28,0.00
2025-12-09,09:17:00,25900,25906.25,25898,25903,877,25927.42,25909.20,0.00
2025-12-09,09:18:00,25902.75,25910.5,25902.25,25906.75,759,25927.35,25909.17,0.00
2025-12-09,09:19:00,25906.75,25907.5,25903.75,25907.25,328,25927.32,25909.16,0.00
2025-12-09,09:20:00,25907.5,25912.5,25906.75,25908.5,463,25927.28,25909.16,0.00
2025-12-09,09:21:00,25908.5,25910.25,25904,25905.75,394,25927.24,25909.15,0.00
2025-12-09,09:22:00,25905.25,25909.75,25903.75,25906.25,496,25927.19,25909.13,0.00
2025-12-09,09:23:00,25906.5,25906.75,25899.75,25900.5,501,25927.13,25909.09,0.00
2025-12-09,09:24:00,25900.75,25902.75,25886.75,25894.25,1366,25926.93,25908.84,0.00
2025-12-09,09:25:00,25894.75,25898.75,25893.25,25894.75,582,25926.84,25908.75,0.00
2025-12-09,09:26:00,25895,25901.75,25892.5,25899.25,630,25926.76,25908.66,0.00
2025-12-09,09:27:00,25899,25904.25,25899,25903,557,25926.70,25908.62,0.00
2025-12-09,09:28:00,25903.25,25906.25,25902.5,25906.25,409,25926.66,25908.60,0.00
2025-12-09,09:29:00,25905.75,25908.25,25902.75,25904.75,383,25926.62,25908.59,0.00
2025-12-09,09:30:00,25904.5,25905.75,25902.25,25902.5,269,25926.59,25908.57,0.00
2025-12-09,09:31:00,25903,25903.25,25895.5,25902,685,25926.51,25908.50,0.00
2025-12-09,09:32:00,25902,25905,25898,25898.5,495,25926.45,25908.46,0.00
2025-12-09,09:33:00,25898.5,25899.25,25886.75,25887.5,894,25926.31,25908.28,0.00
2025-12-09,09:34:00,25886.75,25888,25880.75,25881.75,1086,25926.10,25907.97,0.00
2025-12-09,09:35:00,25881.25,25883.75,25875.75,25876.25,1161,25925.85,25907.58,0.00
2025-12-09,09:36:00,25877,25877.25,25871.25,25873,1159,25925.58,25907.14,0.00
2025-12-09,09:37:00,25872.5,25873,25860.25,25865.5,1611,25925.16,25906.41,0.00
2025-12-09,09:38:00,25864.75,25877.25,25864.25,25876.75,1299,25924.86,25905.94,0.00
2025-12-09,09:39:00,25876.5,25881.75,25876,25877.5,942,25924.67,25905.66,0.00
2025-12-09,09:40:00,25877.75,25885.25,25874.75,25884.25,804,25924.52,25905.45,0.00
2025-12-09,09:41:00,25884,25884.5,25878.25,25881,663,25924.39,25905.28,0.00
2025-12-09,09:42:00,25881,25884,25878.25,25881.75,583,25924.28,25905.14,0.00
2025-12-09,09:43:00,25881.25,25883.25,25874.25,25883.25,770,25924.14,25904.94,0.00
2025-12-09,09:44:00,25883,25883.5,25878.5,25881.25,457,25924.05,25904.82,0.00
2025-12-09,09:45:00,25880.75,25883,25877.25,25878.5,356,25923.98,25904.73,0.00
2025-12-09,09:46:00,25878.5,25892.5,25878,25882,1350,25923.75,25904.45,0.00
2025-12-09,09:47:00,25882,25884,25879.25,25884,488,25923.67,25904.34,0.00
2025-12-09,09:48:00,25883.5,25884,25880.75,25882.75,257,25923.62,25904.28,0.00
2025-12-09,09:49:00,25882.75,25883.25,25874.75,25877,648,25923.50,25904.11,0.00
2025-12-09,09:50:00,25876.5,25878.5,25872.25,25874.25,795,25923.33,25903.88,0.00
2025-12-09,09:51:00,25874,25875,25868.5,25870,852,25923.15,25903.61,0.00
2025-12-09,09:52:00,25870,25874,25868.75,25873.25,613,25923.01,25903.41,0.00
2025-12-09,09:53:00,25873.5,25877.25,25870,25876.5,681,25922.87,25903.22,0.00
2025-12-09,09:54:00,25876.25,25877.25,25870,25871,488,25922.77,25903.08,0.00
2025-12-09,09:55:00,25871,25872.5,25861.25,25863.5,1010,25922.53,25902.72,0.00
2025-12-09,09:56:00,25863,25873.5,25862.75,25868.75,1005,25922.30,25902.39,0.00
2025-12-09,09:57:00,25868.75,25870.5,25865,25869.75,528,25922.19,25902.22,0.00
2025-12-09,09:58:00,25869.25,25871.5,25868,25868.25,356,25922.11,25902.10,0.00
2025-12-09,09:59:00,25868.75,25870.75,25862.25,25866.75,664,25921.96,25901.88,0.00
2025-12-09,10:00:00,25866,25872,25865.25,25869.25,594,25921.83,25901.70,0.00
2025-12-09,10:01:00,25869.75,25877.25,25868.25,25873,1329,25921.56,25901.34,0.00
2025-12-09,10:02:00,25873,25878,25871.75,25876,720,25921.42,25901.17,0.00
2025-12-09,10:03:00,25875.5,25876.25,25869.75,25875.5,563,25921.31,25901.03,0.00
2025-12-09,10:04:00,25876,25878.75,25870,25870.25,764,25921.16,25900.84,0.00
2025-12-09,10:05:00,25870,25870.75,25866,25866.75,876,25920.97,25900.58,0.00
2025-12-09,10:06:00,25867.25,25870.75,25865.25,25868.5,588,25920.85,25900.41,0.00
2025-12-09,10:07:00,25869.25,25869.75,25861.75,25864.25,1129,25920.60,25900.06,0.00
2025-12-09,10:08:00,25864.5,25868.75,25862.5,25867.75,476,25920.49,25899.92,0.00
2025-12-09,10:09:00,25868,25868,25858.5,25860,862,25920.29,25899.63,0.00
2025-12-09,10:10:00,25860.25,25861,25856,25860,969,25920.05,25899.29,0.00
2025-12-09,10:11:00,25859.5,25864,25850.75,25862.75,1931,25919.59,25859.17,0.00
2025-12-09,10:12:00,25862.75,25867.5,25860.5,25865.25,1016,25919.37,25860.98,0.00
2025-12-09,10:13:00,25865.5,25871.25,25864,25871,956,25919.18,25862.88,0.00
2025-12-09,10:14:00,25870.75,25871.5,25864.75,25870.25,616,25919.06,25863.69,0.00
2025-12-09,10:15:00,25869.75,25871.25,25858.75,25859.25,804,25918.88,25863.60,0.00
2025-12-09,10:16:00,25859,25866.25,25858,25864,681,25918.73,25863.50,0.00
2025-12-09,10:17:00,25864.5,25866.75,25861.25,25861.75,562,25918.61,25863.48,0.00
2025-12-09,10:18:00,25861.25,25862,25856.25,25858.75,635,25918.46,25863.09,0.00
2025-12-09,10:19:00,25858.5,25864.5,25858,25862,462,25918.36,25862.99,0.00
2025-12-09,10:20:00,25862,25863,25858.25,25858.5,314,25918.29,25862.87,0.00
2025-12-09,10:21:00,25859,25862.25,25856.75,25859.75,511,25918.17,25862.67,0.00
2025-12-09,10:22:00,25860,25865,25859.25,25863.5,513,25918.06,25862.67,0.00
2025-12-09,10:23:00,25863.5,25867,25861,25864.25,525,25917.96,25862.75,0.00
2025-12-09,10:24:00,25865,25865,25856.75,25857.25,509,25917.84,25862.59,0.00
2025-12-09,10:25:00,25856.75,25857.75,25846,25854,2236,25917.29,25852.58,0.00
2025-12-09,10:26:00,25854.5,25860.75,25850.75,25856,1660,25916.90,25853.97,0.00
2025-12-09,10:27:00,25856.5,25858.25,25844.5,25845.75,1169,25916.60,25849.50,0.00
2025-12-09,10:28:00,25845.75,25858.5,25842.25,25856.5,1594,25916.22,25852.42,0.00
2025-12-09,10:29:00,25856,25863,25848,25861.25,1749,25915.84,25855.03,0.00
2025-12-09,10:30:00,25861.25,25874.25,25858.75,25871.5,2799,25915.35,25861.02,0.00
2025-12-09,10:31:00,25872,25892.25,25849.75,25855,11424,25913.35,25864.04,0.00
2025-12-09,10:32:00,25855.25,25864.5,25820,25836.25,12537,25910.25,25840.25,0.00
2025-12-09,10:33:00,25836,25840.5,25822.5,25823.5,5861,25908.67,25836.61,0.00
2025-12-09,10:34:00,25823.25,25844.75,25813.25,25842.25,9190,25906.44,25833.42,0.00
2025-12-09,10:35:00,25842,25854.25,25824.25,25833.75,7976,25904.72,25835.28,0.00
2025-12-09,10:36:00,25833.5,25862,25828.75,25854.75,7428,25903.44,25839.27,0.00
2025-12-09,10:37:00,25854.75,25861,25846,25851.25,5062,25902.67,25841.57,0.00
2025-12-09,10:38:00,25850,25879,25843.25,25878.25,6929,25901.93,25846.36,0.00
2025-12-09,10:39:00,25878.5,25888.25,25865.25,25887.75,6372,25901.53,25851.41,0.00
2025-12-09,10:40:00,25888.25,25900,25886.5,25893.5,8818,25901.33,25858.55,0.00
2025-12-09,10:41:00,25893.5,25906.5,25859.5,25861,11203,25900.54,25861.59,0.00
2025-12-09,10:42:00,25861.75,25877.75,25861.25,25875.75,5614,25900.10,25862.41,0.00
2025-12-09,10:43:00,25876,25885.5,25869,25880,4370,25899.85,25863.35,0.00
2025-12-09,10:44:00,25880,25882.5,25861.5,25868.25,4180,25899.53,25863.76,0.00
2025-12-09,10:45:00,25868.25,25876,25861,25865.25,4347,25899.16,25863.95,0.00
2025-12-09,10:46:00,25865.75,25875.75,25855.75,25865.5,4629,25898.76,25864.04,0.00
2025-12-09,10:47:00,25865.25,25887,25861.25,25886.25,4895,25898.50,25864.80,0.00
2025-12-09,10:48:00,25886.25,25888.25,25858.75,25862.75,4771,25898.16,25865.06,0.00
2025-12-09,10:49:00,25863,25867.5,25849,25865.25,5857,25897.62,25864.80,0.00
2025-12-09,10:50:00,25865.25,25876.5,25862.5,25871,3765,25897.36,25864.99,0.00
2025-12-09,10:51:00,25871.25,25880.75,25863,25879.5,3456,25897.17,25865.28,0.00
2025-12-09,10:52:00,25879.5,25886,25869.25,25873.25,3746,25896.98,25865.65,0.00
2025-12-09,10:53:00,25873.5,25879.75,25864.25,25873.5,2429,25896.84,25865.79,0.00
2025-12-09,10:54:00,25874,25880.25,25857.25,25857.25,3119,25896.60,25865.77,0.00
2025-12-09,10:55:00,25857.5,25866.5,25853.25,25865,3594,25896.30,25865.64,0.00
2025-12-09,10:56:00,25865.5,25871.25,25853.75,25869,3766,25896.02,25865.62,0.00
2025-12-09,10:57:00,25869,25879.75,25868,25877,3118,25895.87,25865.84,0.00
2025-12-09,10:58:00,25877,25878.5,25861.5,25865,2498,25895.71,25865.89,0.00
2025-12-09,10:59:00,25864.25,25875.5,25863,25872.5,1285,25895.64,25865.93,0.00
2025-12-09,11:00:00,25872.25,25890.75,25872.25,25883.5,3264,25895.53,25866.32,0.00
2025-12-09,11:01:00,25884,25895.25,25870.75,25892.5,5414,25895.42,25867.08,0.00
2025-12-09,11:02:00,25892.5,25895,25879.5,25881.75,3552,25895.34,25867.53,0.00
2025-12-09,11:03:00,25882,25922.75,25878.5,25920.5,9320,25895.58,25869.94,0.00
2025-12-09,11:04:00,25920.25,25923.25,25900.75,25903.5,5764,25895.75,25871.35,0.00
2025-12-09,11:05:00,25904,25906.25,25887.25,25891.75,5176,25895.75,25872.10,0.00
2025-12-09,11:06:00,25891.25,25900.75,25876,25878.25,6324,25895.60,25872.57,0.00
2025-12-09,11:07:00,25878,25890.75,25876.25,25886.5,5077,25895.48,25872.92,0.00
2025-12-09,11:08:00,25886.5,25899.25,25885.75,25893,3537,25895.46,25873.31,0.00
2025-12-09,11:09:00,25893,25893.5,25868.5,25874.25,5244,25895.28,25873.46,0.00
2025-12-09,11:10:00,25874.25,25891.5,25871.5,25891,3940,25895.20,25873.69,0.00
2025-12-09,11:11:00,25891.25,25898.25,25882.5,25890,3702,25895.16,25874.01,0.00
2025-12-09,11:12:00,25889.75,25895.5,25882.5,25885.25,3449,25895.11,25874.25,0.00
2025-12-09,11:13:00,25885.75,25896.25,25885.5,25893.75,1858,25895.10,25874.42,0.00
2025-12-09,11:14:00,25893.5,25903.25,25889.25,25892,3681,25895.10,25874.79,0.00
2025-12-09,11:15:00,25891.75,25897,25887.5,25889,1592,25895.08,25874.92,0.00
2025-12-09,11:16:00,25889,25892.25,25877.25,25891.75,4061,25895.02,25875.16,0.00
2025-12-09,11:17:00,25891.5,25893.75,25883.75,25893.75,2152,25895.00,25875.31,0.00
2025-12-09,11:18:00,25893.25,25901.75,25888.25,25895.5,2764,25895.00,25875.57,0.00
2025-12-09,11:19:00,25895.75,25896.75,25884.25,25887.75,2203,25894.98,25875.72,0.00
2025-12-09,11:20:00,25888.25,25892.25,25881,25888.25,2062,25894.95,25875.83,0.00
2025-12-09,11:21:00,25889,25893,25881.5,25891.5,1761,25894.93,25875.93,0.00
2025-12-09,11:22:00,25891.25,25897.75,25886.75,25888.25,1780,25894.91,25876.05,0.00
2025-12-09,11:23:00,25887.75,25891.5,25881.25,25889.5,2203,25894.88,25876.16,0.00
2025-12-09,11:24:00,25890.5,25897.75,25886,25893.5,1977,25894.87,25876.31,0.00
2025-12-09,11:25:00,25893.5,25904.75,25890.75,25901.75,3101,25894.90,25876.62,0.00
2025-12-09,11:26:00,25901.5,25906.25,25896.25,25903.5,2453,25894.93,25876.89,0.00
2025-12-09,11:27:00,25904.25,25905.75,25898.5,25900.75,2471,25894.96,25877.15,0.00
2025-12-09,11:28:00,25900.5,25901.5,25881.5,25889,4970,25894.92,25877.43,0.00
2025-12-09,11:29:00,25888.5,25898.25,25885.75,25898,2395,25894.92,25877.60,0.00
2025-12-09,11:30:00,25898.5,25917.25,25898.5,25910.25,6754,25895.09,25878.45,0.00
2025-12-09,11:31:00,25910.25,25915,25901.5,25911.75,4251,25895.20,25878.98,0.00
2025-12-09,11:32:00,25912,25920.25,25908.5,25911.5,4189,25895.33,25879.54,0.00
2025-12-09,11:33:00,25911.25,25913,25892.5,25900,4403,25895.38,25879.92,0.00
2025-12-09,11:34:00,25899.5,25906.25,25894.5,25900.25,2297,25895.40,25880.10,0.00
2025-12-09,11:35:00,25900.75,25911.5,25900.25,25908.75,2028,25895.45,25880.31,0.00
2025-12-09,11:36:00,25909,25910.25,25895,25900.75,2549,25895.48,25880.51,0.00
2025-12-09,11:37:00,25901.25,25908.25,25898,25904.25,1798,25895.50,25880.67,0.00
2025-12-09,11:38:00,25904,25909.25,25898.25,25899.75,1466,25895.52,25880.79,0.00
2025-12-09,11:39:00,25900.25,25903.25,25893.5,25896.25,2270,25895.53,25880.93,0.00
2025-12-09,11:40:00,25896,25906.25,25893.75,25906,1878,25895.55,25881.07,0.00
2025-12-09,11:41:00,25906,25909.5,25900,25906,1931,25895.58,25881.24,0.00
2025-12-09,11:42:00,25906.25,25922.25,25904.25,25914.25,4442,25895.72,25881.75,0.00
2025-12-09,11:43:00,25914.5,25917,25908.5,25915.75,1883,25895.78,25881.97,0.00
2025-12-09,11:44:00,25915.75,25930.25,25913.5,25930.25,4445,25895.99,25882.63,0.00
2025-12-09,11:45:00,25929.75,25934,25921.75,25933,3766,25896.21,25883.24,0.00
2025-12-09,11:46:00,25933.25,25936,25926.75,25928.25,4106,25896.44,25883.90,0.00
2025-12-09,11:47:00,25928.75,25929.25,25911.5,25915.75,5080,25896.63,25884.49,0.00
2025-12-09,11:48:00,25916,25920.75,25895.75,25896.75,5288,25896.70,25884.84,0.00
2025-12-09,11:49:00,25896.75,25901.5,25889,25892,5183,25896.68,25884.99,0.00
2025-12-09,11:50:00,25891.5,25906,25888.75,25905,4147,25896.70,25885.19,0.00
2025-12-09,11:51:00,25904.75,25924.25,25901.5,25922.5,5285,25896.87,25885.70,0.00
2025-12-09,11:52:00,25922.5,25931.5,25920,25929,3683,25897.04,25886.17,0.00
2025-12-09,11:53:00,25929.5,25932.25,25921,25925.25,2726,25897.17,25886.51,0.00
2025-12-09,11:54:00,25925.25,25928,25919.5,25925.5,1961,25897.25,25886.73,0.00
2025-12-09,11:55:00,25924.75,25928.25,25920.75,25925.5,1480,25897.32,25886.90,0.00
2025-12-09,11:56:00,25925.75,25940.25,25925.75,25932.75,4957,25897.60,25887.59,0.00
2025-12-09,11:57:00,25932.75,25934,25926.25,25928.25,1763,25897.68,25887.81,0.00
2025-12-09,11:58:00,25928.25,25935,25926.25,25933.5,1307,25897.75,25887.98,0.00
2025-12-09,11:59:00,25933.75,25935.25,25928.5,25933.5,1476,25897.83,25888.17,0.00
2025-12-09,12:00:00,25934,25938.25,25932.5,25937.25,1335,25897.91,25888.36,0.00
2025-12-09,12:01:00,25937,25944.75,25933.75,25942.25,4624,25898.22,25889.06,0.00
2025-12-09,12:02:00,25942.5,25949.25,25941.25,25947.75,3569,25898.48,25889.64,0.00
2025-12-09,12:03:00,25947.75,25957,25945.5,25951.25,4441,25898.84,25890.42,0.00
2025-12-09,12:04:00,25951.25,25951.25,25938.75,25941.25,3221,25899.06,25890.90,0.00
2025-12-09,12:05:00,25941.25,25947.25,25938.75,25944,1941,25899.19,25891.19,0.00
2025-12-09,12:06:00,25944.25,25956,25943.5,25953.5,2564,25899.39,25891.61,0.00
2025-12-09,12:07:00,25953.75,25954.75,25941.5,25942.25,2168,25899.54,25891.94,0.00
2025-12-09,12:08:00,25942,25944.75,25931,25938.75,3640,25899.75,25892.40,0.00
2025-12-09,12:09:00,25939,25940.25,25934,25936.5,1380,25899.83,25892.56,0.00
2025-12-09,12:10:00,25936.75,25942,25934,25938.75,1716,25899.93,25892.78,0.00
2025-12-09,12:11:00,25938.5,25942.5,25937.25,25939,1261,25900.00,25892.94,0.00
2025-12-09,12:12:00,25938.75,25945.75,25938,25942.5,2095,25900.13,25893.21,0.00
2025-12-09,12:13:00,25943,25948.75,25941.5,25941.75,1596,25900.23,25893.43,0.00
2025-12-09,12:14:00,25942,25945.5,25938,25941.25,1324,25900.32,25893.60,0.00
2025-12-09,12:15:00,25941.75,25947.25,25939.5,25944.5,1007,25900.38,25893.73,0.00
2025-12-09,12:16:00,25945,25952.75,25944.25,25950.5,2458,25900.56,25894.09,0.00
2025-12-09,12:17:00,25950.75,25963,25950.5,25957.5,4996,25900.97,25894.91,0.00
2025-12-09,12:18:00,25957.5,25961.25,25949.5,25950.5,2641,25901.17,25895.31,0.00
2025-12-09,12:19:00,25950.75,25954.5,25948.5,25952.5,1876,25901.31,25895.59,0.00
2025-12-09,12:20:00,25952.25,25958,25952.25,25954.5,1668,25901.44,25895.84,0.00
2025-12-09,12:21:00,25954.75,25956.5,25942.75,25947.75,3024,25901.64,25896.25,0.00
2025-12-09,12:22:00,25947.75,25951.75,25944.5,25949.25,1641,25901.75,25896.47,0.00
2025-12-09,12:23:00,25949.25,25954,25943,25947.25,1983,25901.89,25896.73,0.00
2025-12-09,12:24:00,25947.5,25950.75,25946,25948.75,943,25901.95,25896.85,0.00
2025-12-09,12:25:00,25949,25953.25,25944.25,25952,1428,25902.05,25897.04,0.00
2025-12-09,12:26:00,25952.25,25953.5,25949.5,25950.25,941,25902.11,25897.17,0.00
2025-12-09,12:27:00,25950.5,25951.75,25944.75,25946.75,1419,25902.20,25897.34,0.00
2025-12-09,12:28:00,25946.75,25954.75,25946.75,25951.5,1547,25902.31,25897.55,0.00
2025-12-09,12:29:00,25951.75,25953,25946,25947,1148,25902.39,25897.70,0.00
2025-12-09,12:30:00,25947,25949.5,25941.25,25943,2081,25902.51,25897.94,0.00
2025-12-09,12:31:00,25943.25,25951.75,25942,25948.5,2273,25902.65,25898.21,0.00
2025-12-09,12:32:00,25948.75,25949.5,25923.25,25941.25,5640,25902.93,25898.75,0.00
2025-12-09,12:33:00,25941.5,25952,25940.25,25948.5,2765,25903.10,25899.07,0.00
2025-12-09,12:34:00,25948.5,25957.5,25947,25957.5,2250,25903.26,25899.37,0.00
2025-12-09,12:35:00,25957.75,25961.25,25956,25960.75,2650,25903.47,25899.74,0.00
2025-12-09,12:36:00,25960.25,25967,25958.25,25962,3976,25903.79,25900.33,0.00
2025-12-09,12:37:00,25961.75,25962.25,25954.5,25955.25,2275,25903.96,25900.63,0.00
2025-12-09,12:38:00,25955.5,25958.5,25948.25,25953.5,2381,25904.12,25900.92,0.00
2025-12-09,12:39:00,25954,25954.5,25949.25,25951,1227,25904.20,25901.07,0.00
2025-12-09,12:40:00,25951,25953.5,25947.5,25951.5,1351,25904.28,25901.22,0.00
2025-12-09,12:41:00,25951.75,25953,25936.75,25937.5,3506,25904.46,25901.55,0.00
2025-12-09,12:42:00,25937.5,25944,25935.75,25937.75,2951,25904.60,25901.81,0.00
2025-12-09,12:43:00,25938,25939.5,25930.25,25932.25,2801,25904.71,25902.01,0.00
2025-12-09,12:44:00,25932.75,25936,25927.75,25930.5,2647,25904.81,25902.19,0.00
2025-12-09,12:45:00,25930.75,25932.5,25920.25,25927,3656,25904.91,25902.39,0.00
2025-12-09,12:46:00,25926.75,25938.25,25926.75,25937,3003,25905.03,25902.60,0.00
2025-12-09,12:47:00,25937,25937.5,25925.5,25928,2184,25905.10,25902.73,0.00
2025-12-09,12:48:00,25928.75,25937.5,25926.75,25930,1922,25905.17,25902.85,0.00
2025-12-09,12:49:00,25930.25,25946.5,25929.75,25945.75,2796,25905.30,25903.08,0.00
2025-12-09,12:50:00,25946.25,25952.25,25946,25946.5,2619,25905.45,25903.34,0.00
2025-12-09,12:51:00,25947,25960.75,25946.75,25960,2982,25905.64,25903.67,0.00
2025-12-09,12:52:00,25960.25,25964.25,25957.25,25961.75,2440,25905.82,25903.97,0.00
2025-12-09,12:53:00,25961.75,25966.25,25955.75,25956.75,2713,25906.01,25904.30,0.00
2025-12-09,12:54:00,25956.5,25961.75,25953.75,25961,1729,25906.13,25904.50,0.00
2025-12-09,12:55:00,25960.5,25967.75,25958.5,25966.25,1984,25906.27,25904.75,0.00
2025-12-09,12:56:00,25966.5,25969,25962,25966.5,2225,25906.45,25905.03,0.00
2025-12-09,12:57:00,25966.5,25969,25961,25963.75,1753,25906.58,25905.25,0.00
2025-12-09,12:58:00,25963.25,25967.5,25958.75,25966.75,1612,25906.70,25905.45,0.00
2025-12-09,12:59:00,25967,25967.5,25962.5,25965.75,1168,25906.78,25905.60,0.00
2025-12-09,13:00:00,25965.75,25968.25,25961.5,25962,1610,25906.90,25905.79,0.00
2025-12-09,13:01:00,25961.75,25965,25957.75,25961.75,2449,25907.07,25906.07,0.00
2025-12-09,13:02:00,25961.25,25962.5,25953.75,25960.25,2512,25907.24,25906.35,0.00
2025-12-09,13:03:00,25960,25972.75,25958.5,25968.75,2811,25907.45,25906.69,0.00
2025-12-09,13:04:00,25968.75,25980.75,25968.75,25980.25,4129,25907.81,25907.28,0.00
2025-12-09,13:05:00,25980,25981.75,25976.75,25978.25,2303,25908.01,25907.61,0.00
2025-12-09,13:06:00,25978.75,25985.75,25977,25983.5,2568,25982.08,25908.00,0.00
2025-12-09,13:07:00,25984.25,25986.25,25979.5,25982.25,1743,25982.67,25908.26,0.00
2025-12-09,13:08:00,25982.75,25984.5,25975,25975.25,1766,25980.44,25908.50,0.00
2025-12-09,13:09:00,25975.5,25977.75,25970.75,25975.75,1550,25978.70,25908.71,0.00
2025-12-09,13:10:00,25976,25979.75,25974.25,25977.25,1012,25978.43,25908.84,0.00
2025-12-09,13:11:00,25977.25,25978.25,25973,25975,1281,25977.90,25909.01,0.00
2025-12-09,13:12:00,25975.75,25979,25974.5,25977,919,25977.79,25909.14,0.00
2025-12-09,13:13:00,25977,25977.5,25965.75,25970.25,2419,25976.29,25909.43,0.00
2025-12-09,13:14:00,25970,25973,25969.75,25971.75,1020,25975.87,25909.56,0.00
2025-12-09,13:15:00,25972,25979.5,25972,25974,1542,25975.79,25909.75,0.00
2025-12-09,13:16:00,25974.25,25975.5,25968.5,25970,1112,25975.44,25909.89,0.00
2025-12-09,13:17:00,25970,25973.5,25968,25969.25,1023,25975.10,25910.01,0.00
2025-12-09,13:18:00,25970,25970.25,25965.25,25969,1269,25974.57,25910.15,0.00
2025-12-09,13:19:00,25969,25969.75,25965.25,25965.25,887,25974.18,25910.25,0.00
2025-12-09,13:20:00,25965,25966,25959.75,25960.25,1885,25972.99,25910.44,0.00
2025-12-09,13:21:00,25959.75,25960.25,25950.25,25955.5,3405,25970.36,25910.73,0.00
2025-12-09,13:22:00,25955.5,25960.25,25953.5,25956.75,1554,25969.50,25910.87,0.00
2025-12-09,13:23:00,25956.25,25958.25,25950,25951.5,1614,25968.49,25911.00,0.00
2025-12-09,13:24:00,25952,25953.75,25943.25,25953.5,2943,25966.63,25911.22,0.00
2025-12-09,13:25:00,25953.25,25956.5,25949.75,25956,1499,25966.01,25911.34,0.00
2025-12-09,13:26:00,25956.25,25965.25,25954.75,25964.25,3155,25965.58,25911.63,0.00
2025-12-09,13:27:00,25964.25,25966.75,25955.5,25961.5,2245,25965.31,25911.84,0.00
2025-12-09,13:28:00,25961.5,25962.5,25954.75,25960.75,1260,25965.10,25911.96,0.00
2025-12-09,13:29:00,25961.25,25963.75,25959,25961.5,850,25965.02,25912.03,0.00
2025-12-09,13:30:00,25961.5,25962.75,25959,25960.75,559,25964.96,25912.08,0.00
2025-12-09,13:31:00,25960.75,25970.25,25960.5,25966.25,2532,25965.00,25912.34,0.00
2025-12-09,13:32:00,25966.75,25968.25,25961,25966.25,1476,25965.01,25912.48,0.00
2025-12-09,13:33:00,25966.75,25967.25,25957.75,25958.25,1324,25964.89,25912.60,0.00
2025-12-09,13:34:00,25958.25,25964.5,25956.25,25960,1630,25964.72,25912.74,0.00
2025-12-09,13:35:00,25960.25,25961.25,25954.25,25958,1862,25964.45,25912.90,0.00
2025-12-09,13:36:00,25957.75,25960.25,25954.25,25957.75,1234,25964.27,25913.00,0.00
2025-12-09,13:37:00,25957.75,25958.75,25947.75,25950.25,3089,25963.56,25913.22,0.00
2025-12-09,13:38:00,25950,25957.5,25946.75,25957.5,2099,25963.18,25913.37,0.00
2025-12-09,13:39:00,25957.75,25963.5,25954.25,25961.75,2075,25963.06,25913.55,0.00
2025-12-09,13:40:00,25962,25967.75,25961.5,25963.75,1903,25963.10,25913.72,0.00
2025-12-09,13:41:00,25963.75,25968.75,25961.5,25961.75,1440,25963.12,25913.85,0.00
2025-12-09,13:42:00,25961.5,25962,25957.25,25958.5,1344,25963.03,25913.96,0.00
2025-12-09,13:43:00,25959.25,25961.5,25951,25951.75,1640,25962.81,25914.08,0.00
2025-12-09,13:44:00,25952,25959.25,25950,25955.75,1673,25962.61,25914.20,0.00
2025-12-09,13:45:00,25955.5,25958.5,25952.5,25956,763,25962.53,25914.26,0.00
2025-12-09,13:46:00,25956.5,25957,25951.5,25953.5,1027,25962.39,25914.33,0.00
2025-12-09,13:47:00,25953,25954,25948.75,25950.75,1300,25962.18,25914.41,0.00
2025-12-09,13:48:00,25950.5,25955,25947.5,25951.75,1425,25961.95,25914.51,0.00
2025-12-09,13:49:00,25952.5,25955.5,25949.75,25950.5,921,25961.82,25914.57,0.00
2025-12-09,13:50:00,25950,25950.75,25942.25,25945,2417,25961.29,25914.70,0.00
2025-12-09,13:51:00,25945,25954.25,25943.5,25953.75,1516,25961.06,25914.80,0.00
2025-12-09,13:52:00,25953.75,25959.25,25953.75,25956,1690,25960.96,25914.92,0.00
2025-12-09,13:53:00,25956,25956.5,25950.25,25952.75,1101,25960.84,25914.99,0.00
2025-12-09,13:54:00,25952.25,25960.75,25952.25,25960.25,1546,25960.78,25915.11,0.00
2025-12-09,13:55:00,25960.25,25961.5,25954,25960.75,1051,25960.75,25915.19,0.00
2025-12-09,13:56:00,25960.5,25964.5,25956.25,25959.75,1966,25960.74,25915.34,0.00
2025-12-09,13:57:00,25959.75,25960,25951,25954.75,1974,25960.61,25915.48,0.00
2025-12-09,13:58:00,25954.25,25962,25952,25959,1055,25960.57,25915.55,0.00
2025-12-09,13:59:00,25959,25968,25959,25966.25,1694,25960.65,25915.69,0.00
2025-12-09,14:00:00,25966,25972.25,25966,25970.5,2194,25960.87,25915.90,0.00
2025-12-09,14:01:00,25970.25,25971.5,25963,25968.75,2151,25961.04,25916.09,0.00
2025-12-09,14:02:00,25969.25,25970.75,25963.5,25966.75,1030,25961.10,25916.17,0.00
2025-12-09,14:03:00,25966.75,25974.5,25966.25,25973.5,1503,25961.27,25916.32,0.00
2025-12-09,14:04:00,25973.5,25978,25971.25,25977.25,1840,25961.55,25916.50,0.00
2025-12-09,14:05:00,25977,25981.25,25973.5,25975.5,1808,25961.84,25916.68,0.00
2025-12-09,14:06:00,25975.75,25977,25973,25975.25,1026,25961.98,25916.78,0.00
2025-12-09,14:07:00,25975,25975.75,25970.5,25971.25,1256,25962.11,25916.90,0.00
2025-12-09,14:08:00,25971,25976.5,25969.25,25970.75,1222,25962.24,25917.01,0.00
2025-12-09,14:09:00,25971.25,25973,25965.25,25970.25,1336,25962.33,25917.13,0.00
2025-12-09,14:10:00,25970,25971.5,25967.25,25967.5,931,25962.39,25917.21,0.00
2025-12-09,14:11:00,25967.75,25968.5,25963,25964.5,1553,25962.44,25917.34,0.00
2025-12-09,14:12:00,25965,25965.25,25957.25,25958.75,1632,25962.40,25917.45,0.00
2025-12-09,14:13:00,25958.5,25968.75,25957.5,25968.5,1490,25962.44,25917.57,0.00
2025-12-09,14:14:00,25968.75,25972.5,25965.5,25967,1603,25962.53,25917.70,0.00
2025-12-09,14:15:00,25966.5,25971.25,25966.25,25970.25,715,25962.57,25917.76,0.00
2025-12-09,14:16:00,25970.5,25976,25970.25,25974.75,1475,25962.72,25917.90,0.00
2025-12-09,14:17:00,25974.5,25976.5,25970.25,25973.5,1153,25962.83,25918.00,0.00
2025-12-09,14:18:00,25973.25,25981.25,25970.5,25980,1684,25963.05,25918.17,0.00
2025-12-09,14:19:00,25980.25,25984.75,25977.75,25978.25,2195,25963.37,25918.39,0.00
2025-12-09,14:20:00,25978.25,25981.5,25974.75,25981,1167,25963.53,25918.51,0.00
2025-12-09,14:21:00,25981,25981.5,25975.25,25977.75,849,25963.64,25918.59,0.00
2025-12-09,14:22:00,25978.25,25978.5,25972,25972,1048,25963.73,25918.68,0.00
2025-12-09,14:23:00,25972.75,25976,25970.25,25970.75,992,25963.80,25918.77,0.00
2025-12-09,14:24:00,25971,25974,25969,25970.5,1065,25963.87,25918.86,0.00
2025-12-09,14:25:00,25970.25,25978,25969.25,25976.5,1149,25963.97,25918.96,0.00
2025-12-09,14:26:00,25976.5,25977.75,25971.75,25975.25,1032,25964.06,25919.06,0.00
2025-12-09,14:27:00,25975,25976.25,25969.25,25972,751,25964.11,25919.12,0.00
2025-12-09,14:28:00,25971.5,25978.75,25970.5,25977.25,794,25964.19,25919.19,0.00
2025-12-09,14:29:00,25977.5,25984.25,25976,25983.5,1380,25964.37,25919.33,0.00
2025-12-09,14:30:00,25983.5,25985,25978,25979.25,1130,25964.52,25919.44,0.00
2025-12-09,14:31:00,25979.5,25981.75,25976.5,25980.5,1215,25964.66,25919.56,0.00
2025-12-09,14:32:00,25981.25,25983,25977.75,25980.5,718,25964.75,25919.63,0.00
2025-12-09,14:33:00,25980.5,25981.75,25977.75,25978.75,581,25964.82,25919.68,0.00
2025-12-09,14:34:00,25979,25981.25,25976,25976.25,746,25964.89,25919.75,0.00
2025-12-09,14:35:00,25976.5,25978.5,25972.5,25973,1030,25964.97,25919.84,0.00
2025-12-09,14:36:00,25973.25,25973.75,25966.5,25967.25,1640,25965.02,25919.97,0.00
2025-12-09,14:37:00,25967.75,25968.75,25966,25966.5,851,25965.04,25920.03,0.00
2025-12-09,14:38:00,25966.5,25969.25,25963.5,25968.75,1389,25965.06,25920.14,0.00
2025-12-09,14:39:00,25968.75,25972.5,25965.75,25966.25,1185,25965.08,25920.23,0.00
2025-12-09,14:40:00,25966.75,25966.75,25959.75,25966.5,2065,25965.07,25920.37,0.00
2025-12-09,14:41:00,25966.5,25969.5,25964.5,25967.25,1169,25965.09,25920.46,0.00
2025-12-09,14:42:00,25967.25,25969.25,25960,25960.25,909,25965.08,25920.52,0.00
2025-12-09,14:43:00,25960,25965.5,25958.5,25965,1257,25965.06,25920.60,0.00
2025-12-09,14:44:00,25965.25,25966.25,25955.75,25960.5,1566,25965.01,25920.70,0.00
2025-12-09,14:45:00,25961.25,25962,25954.75,25957.25,1987,25964.92,25920.81,0.00
2025-12-09,14:46:00,25956.75,25958.25,25943.75,25945.5,4260,25964.47,25921.00,0.00
2025-12-09,14:47:00,25945.25,25950.75,25944.25,25946.75,1716,25964.27,25921.07,0.00
2025-12-09,14:48:00,25946.5,25952.5,25945,25947.25,1622,25964.10,25921.14,0.00
2025-12-09,14:49:00,25947.75,25965.25,25947.75,25964.5,2724,25964.01,25921.30,0.00
2025-12-09,14:50:00,25964.75,25971.25,25964.5,25967.75,2139,25964.07,25921.45,0.00
2025-12-09,14:51:00,25967.5,25970.5,25963.25,25968,1633,25964.10,25921.56,0.00
2025-12-09,14:52:00,25968,25974,25965.25,25970.75,1892,25964.17,25921.70,0.00
2025-12-09,14:53:00,25971.25,25977.75,25968.5,25977.5,1367,25964.26,25921.81,0.00
2025-12-09,14:54:00,25977.5,25991.75,25975.75,25985.75,4261,25984.42,25922.21,0.00
2025-12-09,14:55:00,25985.5,25989,25982.75,25984.25,2144,25984.72,25922.42,0.00
2025-12-09,14:56:00,25984.5,25986.5,25976.25,25980.75,2730,25983.66,25922.66,0.00
2025-12-09,14:57:00,25980.75,25988,25978.75,25987,1342,25983.78,25922.78,0.00
2025-12-09,14:58:00,25987.25,25987.5,25983.25,25984,1068,25983.88,25922.88,0.00
2025-12-09,14:59:00,25984,25985.75,25978.25,25980.25,990,25983.69,25922.96,0.00
2025-12-09,15:00:00,25980.25,25981.25,25974,25975,1718,25982.85,25923.10,0.00
2025-12-09,15:01:00,25975.25,25977.5,25971.25,25971.5,1567,25981.92,25923.22,0.00
2025-12-09,15:02:00,25971.5,25973,25966.25,25967.25,1703,25980.65,25923.33,0.00
2025-12-09,15:03:00,25967.5,25969,25959,25965.75,2857,25978.39,25923.51,0.00
2025-12-09,15:04:00,25965.25,25969.75,25960.5,25967.5,1485,25977.55,25923.60,0.00
2025-12-09,15:05:00,25967,25970,25963,25965.5,950,25977.07,25923.66,0.00
2025-12-09,15:06:00,25965.5,25970,25963.25,25963.75,1072,25976.56,25923.72,0.00
2025-12-09,15:07:00,25964,25965.75,25959,25962,1372,25975.78,25923.80,0.00
2025-12-09,15:08:00,25962.25,25964,25954.5,25955.75,1835,25974.59,25923.89,0.00
2025-12-09,15:09:00,25956,25961,25952,25958.5,2967,25972.87,25924.03,0.00
2025-12-09,15:10:00,25958.5,25963,25955.75,25961.25,1159,25972.39,25924.10,0.00
2025-12-09,15:11:00,25961,25966.25,25952.25,25957.5,2666,25971.31,25924.23,0.00
2025-12-09,15:12:00,25958.25,25958.5,25953.75,25957,915,25970.92,25924.27,0.00
2025-12-09,15:13:00,25957,25957.25,25952.25,25953,930,25970.48,25924.31,0.00
2025-12-09,15:14:00,25952.5,25956.5,25950.75,25952.75,1331,25969.87,25924.37,0.00
2025-12-09,15:15:00,25953,25958,25952.5,25957.75,752,25969.59,25924.40,0.00
2025-12-09,15:16:00,25957.5,25960.5,25954.25,25959.25,1300,25969.21,25924.46,0.00
2025-12-09,15:17:00,25959.25,25960.25,25954.5,25956.25,722,25968.98,25924.50,0.00
2025-12-09,15:18:00,25955.75,25960.75,25954.5,25958.75,796,25968.77,25924.53,0.00
2025-12-09,15:19:00,25959.25,25968.25,25957.5,25967.75,1717,25968.60,25924.63,0.00
2025-12-09,15:20:00,25967.75,25970,25963.5,25966,1249,25968.54,25924.71,0.00
2025-12-09,15:21:00,25965.75,25970.75,25965.25,25969.75,1147,25968.54,25924.78,0.00
2025-12-09,15:22:00,25969.75,25970.5,25965.5,25966.25,808,25968.52,25924.83,0.00
2025-12-09,15:23:00,25965.75,25967.5,25960.75,25963.75,1135,25968.41,25924.89,0.00
2025-12-09,15:24:00,25963.5,25966.5,25962,25965.75,571,25968.36,25924.92,0.00
2025-12-09,15:25:00,25965.75,25967.25,25963,25963.75,450,25968.33,25924.95,0.00
2025-12-09,15:26:00,25963.5,25968.5,25962.75,25968,784,25968.30,25924.99,0.00
2025-12-09,15:27:00,25968.5,25970.25,25964.25,25964.25,935,25968.26,25925.05,0.00
2025-12-09,15:28:00,25964.25,25966.5,25962.75,25964.75,838,25968.20,25925.09,0.00
2025-12-09,15:29:00,25964.75,25966.75,25962.5,25965.5,652,25968.16,25925.13,0.00
2025-12-09,15:30:00,25965.75,25965.75,25961.5,25964.25,629,25968.10,25925.16,0.00
2025-12-09,15:31:00,25964.5,25966,25960.5,25964.75,1003,25968.02,25925.22,0.00
2025-12-09,15:32:00,25964.75,25966.5,25960.75,25965.5,834,25967.96,25925.26,0.00
2025-12-09,15:33:00,25965.75,25970,25964.75,25967.25,969,25967.95,25925.32,0.00
2025-12-09,15:34:00,25967.75,25969,25962.5,25964.25,974,25967.90,25925.38,0.00
2025-12-09,15:35:00,25964.5,25965.5,25962.5,25963.25,581,25967.86,25925.41,0.00
2025-12-09,15:36:00,25963.25,25964.25,25957.75,25958.25,1319,25967.68,25925.47,0.00
2025-12-09,15:37:00,25958.25,25958.75,25953,25955,2099,25967.25,25925.56,0.00
2025-12-09,15:38:00,25955.25,25962,25954.5,25957,1192,25967.07,25925.61,0.00
2025-12-09,15:39:00,25956.75,25959,25953.5,25957.75,879,25966.92,25925.65,0.00
2025-12-09,15:40:00,25957.5,25961.75,25956,25956.25,884,25966.79,25925.69,0.00
2025-12-09,15:41:00,25956.25,25958.25,25954.75,25957.25,635,25966.69,25925.72,0.00
2025-12-09,15:42:00,25956.5,25956.75,25950.5,25951,1222,25966.43,25925.76,0.00
2025-12-09,15:43:00,25951.5,25953.5,25947.25,25950.25,1562,25966.04,25925.82,0.00
2025-12-09,15:44:00,25950,25954.75,25949.75,25950.25,686,25965.89,25925.84,0.00
2025-12-09,15:45:00,25950.75,25951,25936,25944.5,3974,25964.65,25925.94,0.00
2025-12-09,15:46:00,25944.75,25946.5,25941,25944,1554,25964.20,25925.98,0.00
2025-12-09,15:47:00,25944.25,25951.25,25943.25,25948.5,1589,25963.84,25926.02,0.00
2025-12-09,15:48:00,25948.75,25950.5,25942.5,25944.25,1065,25963.58,25926.05,0.00
2025-12-09,15:49:00,25944.25,25949.25,25943.25,25947.75,791,25963.41,25926.07,0.00
2025-12-09,15:50:00,25947.25,25951.5,25947,25948.75,937,25963.23,25926.10,0.00
2025-12-09,15:51:00,25949,25956.75,25948.25,25955,2290,25962.94,25926.19,0.00
2025-12-09,15:52:00,25955.25,25958.25,25953.5,25957.5,1116,25962.85,25926.23,0.00
2025-12-09,15:53:00,25957,25959,25951.75,25951.75,1115,25962.73,25926.27,0.00
2025-12-09,15:54:00,25951.75,25959,25950.5,25958.5,1313,25962.62,25926.33,0.00
2025-12-09,15:55:00,25958.25,25960,25956,25956.25,1103,25962.55,25926.37,0.00
2025-12-09,15:56:00,25956,25961,25955,25960.25,970,25962.51,25926.42,0.00
2025-12-09,15:57:00,25960,25961.75,25956,25958,934,25962.47,25926.46,0.00
2025-12-09,15:58:00,25958,25959.75,25952,25954,1129,25962.37,25926.50,0.00
2025-12-09,15:59:00,25954,25958.5,25952.75,25958.5,750,25962.32,25926.53,0.00
2025-12-09,16:00:00,25958.5,25960.25,25954.5,25955.75,1001,25962.26,25926.57,0.00
2025-12-09,16:01:00,25955.25,25956.75,25951.75,25953,1237,25962.14,25926.62,0.00
2025-12-09,16:02:00,25953.25,25953.5,25948.75,25952.25,1216,25962.00,25926.66,0.00
2025-12-09,16:03:00,25952.5,25958.25,25951,25958.25,885,25961.94,25926.69,0.00
2025-12-09,16:04:00,25958,25959,25954.25,25956,670,25961.90,25926.72,0.00
2025-12-09,16:05:00,25956.25,25959.75,25956,25957,655,25961.87,25926.74,0.00
2025-12-09,16:06:00,25957,25959.25,25953.25,25958.25,814,25961.83,25926.78,0.00
2025-12-09,16:07:00,25958.25,25958.5,25954.75,25956,582,25961.79,25926.80,0.00
2025-12-09,16:08:00,25956.5,25964,25955.75,25962.25,1613,25961.77,25926.87,0.00
2025-12-09,16:09:00,25962.25,25966.5,25961.5,25962,1780,25961.80,25926.96,0.00
2025-12-09,16:10:00,25962.25,25963,25958.5,25959.75,828,25961.79,25926.99,0.00
2025-12-09,16:11:00,25959.75,25962.25,25957.25,25957.75,912,25961.77,25927.03,0.00
2025-12-09,16:12:00,25958,25960,25956.5,25956.75,612,25961.74,25927.06,0.00
2025-12-09,16:13:00,25956.5,25960.5,25956,25959,859,25961.71,25927.09,0.00
2025-12-09,16:14:00,25959.25,25959.25,25953.75,25954.75,974,25961.66,25927.13,0.00
2025-12-09,16:15:00,25954.75,25956.5,25953.25,25954.5,937,25961.60,25927.16,0.00
2025-12-09,16:16:00,25954.25,25955,25951,25954.75,1351,25961.49,25927.21,0.00
2025-12-09,16:17:00,25955,25956.25,25951.75,25952.5,864,25961.43,25927.24,0.00
2025-12-09,16:18:00,25952.5,25957,25950,25956.5,1107,25961.35,25927.28,0.00
2025-12-09,16:19:00,25957,25958,25953.5,25957,723,25961.32,25927.31,0.00
2025-12-09,16:20:00,25957,25958,25954.25,25956.25,573,25961.29,25927.33,0.00
2025-12-09,16:21:00,25956,25962.75,25956,25959.75,1462,25961.27,25927.39,0.00
2025-12-09,16:22:00,25959.5,25960.5,25955.25,25957.5,851,25961.24,25927.42,0.00
2025-12-09,16:23:00,25957.5,25959.25,25955.75,25957.75,522,25961.22,25927.44,0.00
2025-12-09,16:24:00,25957.75,25959.5,25954.25,25955.5,767,25961.19,25927.47,0.00
2025-12-09,16:25:00,25955.25,25956.75,25953.75,25954.5,507,25961.16,25927.49,0.00
2025-12-09,16:26:00,25954.5,25955,25951.5,25952.5,1106,25961.08,25927.53,0.00
2025-12-09,16:27:00,25952.75,25954.75,25950.25,25950.75,823,25961.01,25927.55,0.00
2025-12-09,16:28:00,25950.25,25953,25946.75,25952.75,1572,25960.87,25927.60,0.00
2025-12-09,16:29:00,25952.75,25955.75,25951.75,25953.75,985,25960.81,25927.63,0.00
2025-12-09,16:30:00,25953.75,25954,25949.75,25950,830,25960.75,25927.66,0.00
2025-12-09,16:31:00,25949.75,25954.5,25947.75,25952.75,1528,25960.63,25927.70,0.00
2025-12-09,16:32:00,25952.5,25955,25949.75,25950,756,25960.57,25927.73,0.00
2025-12-09,16:33:00,25949.75,25952,25948.25,25950.25,691,25960.51,25927.75,0.00
2025-12-09,16:34:00,25950.5,25952.75,25947.25,25948,948,25960.42,25927.77,0.00
2025-12-09,16:35:00,25947.5,25948.25,25941.25,25943.75,2259,25960.13,25927.82,0.00
2025-12-09,16:36:00,25943.75,25947.5,25940.5,25946.25,1313,25959.97,25927.85,0.00
2025-12-09,16:37:00,25946.5,25953.25,25946,25953,1568,25959.85,25927.90,0.00
2025-12-09,16:38:00,25953.5,25954.5,25950,25952.25,858,25959.80,25927.92,0.00
2025-12-09,16:39:00,25952.25,25954.25,25951,25951.25,535,25959.77,25927.94,0.00
2025-12-09,16:40:00,25951.5,25956.75,25950,25954.25,955,25959.72,25927.97,0.00
2025-12-09,16:41:00,25954.25,25959,25952.75,25956,1365,25959.68,25928.02,0.00
2025-12-09,16:42:00,25955.75,25956.5,25949,25949.25,1231,25959.60,25928.06,0.00
2025-12-09,16:43:00,25949,25955,25948.5,25954.25,898,25959.56,25928.08,0.00
2025-12-09,16:44:00,25954.25,25955.5,25951.75,25951.75,636,25959.53,25928.10,0.00
2025-12-09,16:45:00,25952.25,25960,25952,25959.5,924,25959.51,25928.14,0.00
2025-12-09,16:46:00,25959.75,25962.25,25958.25,25959.5,1450,25959.51,25928.19,0.00
2025-12-09,16:47:00,25959.5,25959.5,25954.25,25957,1123,25959.49,25928.24,0.00
2025-12-09,16:48:00,25956.75,25957.25,25952.25,25956.25,1003,25959.46,25928.27,0.00
2025-12-09,16:49:00,25956.5,25961.75,25955.5,25961.75,787,25959.46,25928.30,0.00
2025-12-09,16:50:00,25961.75,25963.25,25959,25960.75,1372,25959.48,25928.36,0.00
2025-12-09,16:51:00,25960.5,25975.25,25960,25968.25,4304,25959.73,25928.57,0.00
2025-12-09,16:52:00,25968.25,25973.5,25965.25,25968.75,2020,25959.86,25928.67,0.00
2025-12-09,16:53:00,25969,25969,25960,25960.25,1756,25959.90,25928.74,0.00
2025-12-09,16:54:00,25961,25965.75,25950.75,25952.25,2650,25959.83,25928.83,0.00
2025-12-09,16:55:00,25952.25,25961,25943.75,25948,5131,25959.54,25928.97,0.00
2025-12-09,16:56:00,25948.25,25954.5,25944,25953,3795,25959.32,25929.07,0.00
2025-12-09,16:57:00,25952.5,25965,25950.25,25952,3325,25959.25,25929.18,0.00
2025-12-09,16:58:00,25952,25952.75,25946.5,25950.75,1794,25959.15,25929.23,0.00
2025-12-09,16:59:00,25950.75,25951.5,25942.5,25944,2099,25958.98,25929.27,0.00
2025-12-09,17:00:00,25943.75,25958,25939.25,25956.25,6190,25958.70,25929.43,0.00
2025-12-09,17:01:00,25956.5,25957.25,25945.5,25947.75,2449,25958.58,25929.49,0.00
2025-12-09,17:02:00,25948,25948,25939.75,25939.75,1605,25958.43,25929.52,0.00
2025-12-09,17:03:00,25939.75,25947,25939.25,25943.5,1340,25958.32,25929.54,0.00
2025-12-09,17:04:00,25943.5,25945.5,25941,25942,600,25958.27,25929.55,0.00
2025-12-09,17:05:00,25941.75,25942.75,25939,25942.75,970,25958.17,25929.56,0.00
2025-12-09,17:06:00,25942.5,25945.25,25940.5,25944.75,590,25958.13,25929.57,0.00
2025-12-09,17:07:00,25945,25945,25938.5,25939.5,539,25958.08,25929.58,0.00
2025-12-09,17:08:00,25939.25,25940.75,25938.5,25939.25,348,25958.04,25929.58,0.00
2025-12-09,17:09:00,25940,25941.5,25938.25,25938.75,452,25957.99,25929.59,0.00
2025-12-09,17:10:00,25938.5,25941.75,25937.5,25937.75,557,25957.93,25929.60,0.00
2025-12-09,17:11:00,25938.25,25940.75,25936,25940.5,623,25957.87,25929.60,0.00
2025-12-09,17:12:00,25940.5,25943.75,25939.75,25943.75,527,25957.83,25929.61,0.00
2025-12-09,17:13:00,25943.5,25943.75,25940.5,25940.75,365,25957.79,25929.62,0.00
2025-12-09,17:14:00,25940.5,25940.75,25935,25935,514,25957.73,25929.62,0.00
2025-12-09,17:15:00,25935.25,25939.5,25934.25,25937.5,506,25957.68,25929.63,0.00
2025-12-09,17:16:00,25937.5,25938.25,25935,25936.25,456,25957.63,25929.63,0.00
2025-12-09,17:17:00,25936.5,25937.75,25935,25935.25,237,25957.60,25929.63,0.00
2025-12-09,17:18:00,25935.25,25935.25,25930,25932.25,736,25957.50,25929.63,0.00
2025-12-09,17:19:00,25931.75,25931.75,25929.5,25931,330,25957.45,25929.63,0.00
2025-12-09,17:20:00,25931.5,25933.75,25931.25,25932.5,299,25957.41,25929.64,0.00
2025-12-09,17:21:00,25932.75,25937.5,25931.5,25935.5,436,25957.36,25929.64,0.00
2025-12-09,17:22:00,25935.25,25939.25,25934.75,25937.75,293,25957.33,25929.64,0.00
2025-12-09,17:23:00,25937.5,25938,25935.75,25936.5,183,25957.31,25929.64,0.00
2025-12-09,17:24:00,25936.75,25939.75,25936.25,25937.25,256,25957.28,25929.64,0.00
2025-12-09,17:25:00,25937.25,25939.25,25935,25935.25,211,25957.26,25929.65,0.00
2025-12-09,17:26:00,25935.5,25935.75,25931.5,25931.75,244,25957.22,25929.65,0.00
2025-12-09,17:27:00,25932,25935.5,25928.25,25935,494,25957.16,25929.65,0.00
2025-12-09,17:28:00,25934.75,25935.25,25932.75,25934.5,208,25957.14,25929.65,0.00
2025-12-09,17:29:00,25934.5,25934.75,25932.75,25933,114,25957.12,25929.65,0.00
2025-12-09,17:30:00,25933,25934.25,25931.25,25933.75,278,25957.09,25929.65,0.00
2025-12-09,17:31:00,25933.5,25934.5,25932.75,25934.5,261,25957.05,25929.65,0.00
2025-12-09,17:32:00,25934,25936.5,25933.25,25933.75,297,25957.02,25929.65,0.00
2025-12-09,17:33:00,25933.75,25934,25931.25,25933.5,224,25956.99,25929.66,0.00
2025-12-09,17:34:00,25932.5,25934.25,25932.5,25933.75,136,25956.97,25929.66,0.00
2025-12-09,17:35:00,25933.5,25934.5,25932.25,25934,234,25956.94,25929.66,0.00
2025-12-09,17:36:00,25934,25934.25,25929.75,25934.25,430,25956.89,25929.66,0.00
2025-12-09,17:37:00,25934,25936.5,25934,25934.75,292,25956.86,25929.66,0.00
2025-12-09,17:38:00,25934.75,25935.25,25933.75,25935.25,153,25956.84,25929.66,0.00
2025-12-09,17:39:00,25935.5,25935.75,25932.75,25932.75,147,25956.82,25929.66,0.00
2025-12-09,17:40:00,25932.75,25934,25930.75,25934,204,25956.79,25929.66,0.00
2025-12-09,17:41:00,25933.5,25939,25933.5,25937.75,366,25956.76,25929.67,0.00
2025-12-09,17:42:00,25937.75,25939,25936.75,25937,263,25956.73,25929.67,0.00
2025-12-09,17:43:00,25936.75,25937.25,25933.75,25934.25,137,25956.71,25929.67,0.00
2025-12-09,17:44:00,25934.25,25934.25,25932.25,25933.75,160,25956.70,25929.67,0.00
2025-12-09,17:45:00,25933.75,25936.5,25932.25,25932.25,281,25956.66,25929.67,0.00
2025-12-09,17:46:00,25932.25,25934,25931.25,25932.75,470,25956.60,25929.67,0.00
2025-12-09,17:47:00,25932.75,25934,25932,25933,172,25956.58,25929.67,0.00
2025-12-09,17:48:00,25932.75,25934,25932.5,25933.25,208,25956.56,25929.67,0.00
2025-12-09,17:49:00,25933.25,25934,25930.5,25931,232,25956.53,25929.68,0.00
2025-12-09,17:50:00,25930.75,25934,25930.5,25934,152,25956.51,25929.68,0.00
2025-12-09,17:51:00,25933.75,25936.5,25933.25,25934.5,329,25956.47,25929.68,0.00
2025-12-09,17:52:00,25934.5,25935,25930.25,25930.25,300,25956.43,25929.68,0.00
2025-12-09,17:53:00,25930.25,25931.75,25929,25929,248,25956.40,25929.68,0.00
2025-12-09,17:54:00,25929,25930.25,25928,25928.25,114,25956.38,25929.68,0.00
2025-12-09,17:55:00,25928,25930,25928,25930,93,25956.37,25929.68,0.00
2025-12-09,17:56:00,25929.75,25931,25928,25930,273,25956.33,25929.68,0.00
2025-12-09,17:57:00,25930,25932,25929.25,25931.25,135,25956.32,25929.68,0.00
2025-12-09,17:58:00,25931,25932,25930.5,25931.25,75,25956.31,25929.68,0.00
2025-12-09,17:59:00,25931.5,25933.75,25930.5,25932.5,130,25956.29,25929.68,0.00
2025-12-09,18:00:00,25932.5,25935.5,25929.25,25929.75,419,25956.24,25929.68,0.00
2025-12-09,19:01:00,25934.25,25942.5,25932.5,25938.75,1017,25937.92,25937.92,0.00
2025-12-09,19:02:00,25936.75,25938.75,25931.5,25935.5,643,25936.88,25935.25,0.00
2025-12-09,19:03:00,25936.25,25937.75,25930.25,25936,427,25936.43,25934.67,0.00
2025-12-09,19:04:00,25936,25937.75,25934.75,25937,264,25936.44,25935.37,0.00
2025-12-09,19:05:00,25937,25938.25,25934.75,25937.5,183,25936.47,25935.67,0.00
2025-12-09,19:06:00,25937.5,25938.25,25935,25936,273,25936.46,25935.85,0.00
2025-12-09,19:07:00,25936.25,25938.75,25935.25,25935.75,182,25936.47,25935.95,0.00
2025-12-09,19:08:00,25935.25,25935.75,25933.25,25935,139,25936.39,25935.83,0.00
2025-12-09,19:09:00,25934.75,25935.5,25930.75,25931.75,357,25936.01,25935.21,0.00
2025-12-09,19:10:00,25932,25934,25929.75,25932.25,274,25935.72,25932.00,0.00
2025-12-09,19:11:00,25932.5,25934.75,25930,25930,156,25935.55,25931.85,0.00
2025-12-09,19:12:00,25931,25932.5,25930,25930.75,127,25935.41,25931.67,0.00
2025-12-09,19:13:00,25931,25932.75,25927.25,25932,338,25935.04,25930.67,0.00
2025-12-09,19:14:00,25932,25932.25,25930.25,25930.5,109,25934.95,25930.75,0.00
2025-12-09,19:15:00,25930.75,25931.5,25929.75,25930.75,90,25934.86,25930.73,0.00
2025-12-09,19:16:00,25930.25,25932.25,25927.25,25929,317,25934.51,25930.28,0.00
2025-12-09,19:17:00,25928.75,25929.5,25923,25928,698,25933.56,25926.83,0.00
2025-12-09,19:18:00,25929,25930.5,25926.75,25930,294,25933.33,25927.50,0.00
2025-12-09,19:19:00,25930,25930.75,25926.25,25926.25,166,25933.18,25927.54,0.00
2025-12-09,19:20:00,25926.25,25929.75,25923.5,25928.25,282,25932.91,25927.46,0.00
2025-12-09,19:21:00,25927.5,25929.25,25925.75,25926.5,167,25932.76,25927.43,0.00
2025-12-09,19:22:00,25926.5,25928.5,25925.25,25925.5,166,25932.61,25927.34,0.00
2025-12-09,19:23:00,25925.5,25926.5,25923.5,25926.5,270,25932.33,25927.09,0.00
2025-12-09,19:24:00,25926,25926.75,25924.5,25926,154,25932.19,25927.00,0.00
2025-12-09,19:25:00,25926,25928,25925.25,25926.5,173,25932.05,25926.97,0.00
2025-12-09,19:26:00,25926.75,25930,25926,25929,263,25931.92,25927.11,0.00
2025-12-09,19:27:00,25929.5,25931,25927.75,25929.25,270,25931.83,25927.31,0.00
2025-12-09,19:28:00,25928.75,25931,25928,25931,126,25931.81,25927.43,0.00
2025-12-09,19:29:00,25930.25,25931.25,25928.75,25929.75,144,25931.77,25927.54,0.00
2025-12-09,19:30:00,25929.5,25931.25,25929.5,25929.75,106,25931.75,25927.62,0.00
2025-12-09,19:31:00,25929.25,25930,25927.25,25929.25,146,25931.70,25927.67,0.00
2025-12-09,19:32:00,25930,25930.5,25927.5,25929.25,105,25931.67,25927.72,0.00
2025-12-09,19:33:00,25929.25,25929.25,25927.75,25927.75,50,25931.65,25927.72,0.00
2025-12-09,19:34:00,25928.75,25930,25927.5,25928.75,84,25931.62,25927.75,0.00
2025-12-09,19:35:00,25929,25929.75,25927,25927.75,110,25931.57,25927.76,0.00
2025-12-09,19:36:00,25927.75,25928,25925.75,25926,147,25931.49,25927.72,0.00
2025-12-09,19:37:00,25926,25930.25,25926,25929.5,185,25931.43,25927.75,0.00
2025-12-09,19:38:00,25930,25931,25928.75,25931,96,25931.42,25927.81,0.00
2025-12-09,19:39:00,25930.5,25931.25,25929,25929,68,25931.41,25927.84,0.00
2025-12-09,19:40:00,25929.5,25930.5,25928.5,25930,77,25931.39,25927.88,0.00
2025-12-09,19:41:00,25930.75,25932.25,25930,25932.25,129,25931.39,25927.98,0.00
2025-12-09,19:42:00,25931.75,25934,25931.25,25932,255,25931.42,25928.22,0.00
2025-12-09,19:43:00,25931.75,25932.75,25928.75,25930,142,25931.41,25928.29,0.00
2025-12-09,19:44:00,25929.5,25930.5,25929,25929.25,75,25931.39,25928.30,0.00
2025-12-09,19:45:00,25929.75,25932.5,25928.25,25932.5,115,25931.39,25928.37,0.00
2025-12-09,19:46:00,25932,25933.5,25929.75,25930.75,185,25931.39,25928.47,0.00
2025-12-09,19:47:00,25931,25931.5,25929.25,25931,94,25931.38,25928.51,0.00
2025-12-09,19:48:00,25931,25932.25,25930.25,25931.5,58,25931.38,25928.54,0.00
2025-12-09,19:49:00,25931.5,25932.5,25930.5,25931.25,87,25931.38,25928.59,0.00
2025-12-09,19:50:00,25931.75,25933,25930.5,25932.5,69,25931.39,25928.63,0.00
2025-12-09,19:51:00,25932.75,25934.5,25929,25929.75,214,25931.38,25928.72,0.00
2025-12-09,19:52:00,25930.5,25931,25927.25,25928,135,25931.35,25928.72,0.00
2025-12-09,19:53:00,25928,25928.25,25925.25,25926.25,181,25931.27,25928.66,0.00
2025-12-09,19:54:00,25926.5,25926.75,25920.25,25922.75,457,25930.95,25923.25,0.00
2025-12-09,19:55:00,25923.75,25927,25923.25,25926.75,189,25930.86,25923.96,0.00
2025-12-09,19:56:00,25927,25927.25,25924.5,25925,93,25930.82,25924.16,0.00
2025-12-09,19:57:00,25924.75,25926.25,25923.5,25926.25,158,25930.75,25924.37,0.00
2025-12-09,19:58:00,25926.25,25926.75,25924.25,25925,51,25930.72,25924.42,0.00
2025-12-09,19:59:00,25924.5,25926.5,25923.75,25926.25,77,25930.69,25924.50,0.00
2025-12-09,20:00:00,25926,25926.5,25925.25,25925.25,74,25930.66,25924.58,0.00
2025-12-09,20:01:00,25925.25,25926,25921.75,25922.25,377,25930.44,25924.26,0.00
2025-12-09,20:02:00,25922.5,25925.75,25922.25,25924.5,178,25930.35,25924.25,0.00
2025-12-09,20:03:00,25924.5,25927.75,25924.25,25925.5,147,25930.30,25924.38,0.00
2025-12-09,20:04:00,25926.25,25928.25,25925.25,25926,144,25930.26,25924.54,0.00
2025-12-09,20:05:00,25926.5,25927.75,25926.25,25927.25,79,25930.24,25924.64,0.00
2025-12-09,20:06:00,25928,25928.75,25927,25928.5,155,25930.21,25924.88,0.00
2025-12-09,20:07:00,25929,25935.75,25928.25,25934.75,561,25930.32,25926.53,0.00
2025-12-09,20:08:00,25935,25941.25,25934,25939.25,584,25930.64,25928.57,0.00
2025-12-09,20:09:00,25939.25,25941.5,25937.5,25938.75,330,25930.84,25929.54,0.00
2025-12-09,20:10:00,25938.5,25941.25,25938.25,25940,250,25930.99,25930.20,0.00
2025-12-09,20:11:00,25940,25941,25939.25,25940.25,214,25931.12,25930.71,0.00
2025-12-09,20:12:00,25940.5,25942,25939.25,25940.5,191,25931.24,25931.15,0.00
2025-12-09,20:13:00,25940.5,25946.5,25938.75,25945.75,732,25943.67,25932.97,0.00
2025-12-09,20:14:00,25945.75,25947,25941.75,25942,447,25943.58,25933.83,0.00
2025-12-09,20:15:00,25941.5,25943.25,25937.75,25938.75,472,25941.70,25934.31,0.00
2025-12-09,20:16:00,25938.25,25939.5,25933.25,25936.25,591,25939.60,25934.50,0.00
2025-12-09,20:17:00,25936.5,25936.5,25931.5,25932.75,287,25938.64,25934.46,0.00
2025-12-09,20:18:00,25932.25,25932.75,25924.5,25928.75,649,25935.99,25933.96,0.00
2025-12-09,20:19:00,25928.5,25930.25,25926.75,25928.75,391,25934.97,25933.69,0.00
2025-12-09,20:20:00,25928,25928,25924,25924.25,211,25934.31,25933.47,0.00
2025-12-09,20:21:00,25924.25,25926.5,25922,25925,370,25933.25,25933.08,0.00
2025-12-09,20:22:00,25924,25926.5,25923,25926.5,208,25932.79,25932.90,0.00
2025-12-09,20:23:00,25926.75,25930,25925,25927.75,261,25932.44,25932.74,0.00
2025-12-09,20:24:00,25927,25927.5,25924,25924.25,163,25932.15,25932.61,0.00
2025-12-09,20:25:00,25924.25,25924.25,25914.75,25919,1170,25929.28,25919.33,0.00
2025-12-09,20:26:00,25918.75,25924.25,25918.75,25924.25,300,25928.91,25919.96,0.00
2025-12-09,20:27:00,25924.25,25927.5,25924.25,25926.5,244,25928.79,25920.83,0.00
2025-12-09,20:28:00,25926.25,25926.75,25922.5,25924.25,174,25928.66,25921.17,0.00
2025-12-09,20:29:00,25923.75,25926,25923.75,25924.5,81,25928.61,25921.32,0.00
2025-12-09,20:30:00,25923.5,25925.5,25923,25925.5,95,25928.55,25921.47,0.00
2025-12-09,20:31:00,25925.25,25926.5,25923.75,25924.75,171,25928.45,25921.74,0.00
2025-12-09,20:32:00,25924.5,25930.75,25924,25926.25,428,25928.36,25922.59,0.00
2025-12-09,20:33:00,25926.5,25928.25,25926.5,25927.5,72,25928.35,25922.71,0.00
2025-12-09,20:34:00,25927.5,25928.25,25926.25,25926.25,119,25928.32,25922.89,0.00
2025-12-09,20:35:00,25926,25926.75,25924.25,25926.5,93,25928.29,25922.98,0.00
2025-12-09,20:36:00,25926.25,25929.25,25926.25,25929,337,25928.29,25923.51,0.00
2025-12-09,20:37:00,25928.5,25928.5,25926,25928.25,42,25928.28,25923.57,0.00
2025-12-09,20:38:00,25927.75,25928,25926,25927.25,77,25928.27,25923.65,0.00
2025-12-09,20:39:00,25926.25,25928,25926,25927.75,57,25928.26,25923.71,0.00
2025-12-09,20:40:00,25927.75,25928,25923.25,25923.75,203,25928.18,25923.78,0.00
2025-12-09,20:41:00,25924,25924.25,25921,25922.25,392,25927.90,25923.65,0.00
2025-12-09,20:42:00,25922.25,25925.25,25920,25923.25,204,25927.78,25923.61,0.00
2025-12-09,20:43:00,25922.75,25922.75,25920.5,25921.75,71,25927.73,25923.58,0.00
2025-12-09,20:44:00,25922.25,25924,25921.5,25923.25,87,25927.68,25923.57,0.00
2025-12-09,20:45:00,25922.25,25923.5,25921.25,25923.25,72,25927.63,25923.55,0.00
2025-12-09,20:46:00,25922.5,25923.5,25918.5,25920.25,254,25927.43,25923.40,0.00
2025-12-09,20:47:00,25920,25920,25910.5,25911,1190,25925.81,25913.83,0.00
2025-12-09,20:48:00,25911.25,25914.75,25911,25914,278,25925.47,25913.72,0.00
2025-12-09,20:49:00,25914,25916.5,25913.25,25913.75,232,25925.23,25913.83,0.00
2025-12-09,20:50:00,25913.75,25914.25,25912,25913.25,154,25925.06,25913.77,0.00
2025-12-09,20:51:00,25913,25913.75,25908.75,25910.5,494,25924.43,25911.00,0.00
2025-12-09,20:52:00,25911.25,25915.5,25911,25914,294,25924.15,25911.93,0.00
2025-12-09,20:53:00,25914,25915.25,25912.75,25914.5,107,25924.06,25912.20,0.00
2025-12-09,20:54:00,25914.5,25914.5,25909.5,25910.5,281,25923.76,25912.03,0.00
2025-12-09,20:55:00,25910.5,25911.75,25909.25,25909.5,141,25923.60,25911.83,0.00
2025-12-09,20:56:00,25910,25910,25906,25908.5,649,25922.81,25908.17,0.00
2025-12-09,20:57:00,25908.5,25911,25907.75,25909.5,249,25922.55,25908.51,0.00
2025-12-09,20:58:00,25909.25,25911,25908.5,25910.5,107,25922.44,25908.67,0.00
2025-12-09,20:59:00,25910.5,25912,25909.75,25910.5,168,25922.29,25908.97,0.00
2025-12-09,21:00:00,25910.25,25910.5,25903.5,25904.25,349,25921.87,25906.08,0.00
2025-12-09,21:01:00,25903.75,25912.25,25903.5,25909,434,25921.45,25907.28,0.00
2025-12-09,21:02:00,25909,25911,25906,25910.5,323,25921.17,25907.83,0.00
2025-12-09,21:03:00,25910.75,25915.75,25909,25915.75,491,25920.92,25909.58,0.00
2025-12-09,21:04:00,25915.5,25917.25,25913.5,25915.75,410,25920.77,25910.79,0.00
2025-12-09,21:05:00,25916,25916,25912.75,25915,197,25920.69,25911.13,0.00
2025-12-09,21:06:00,25914.75,25916.5,25913,25914.75,259,25920.59,25911.51,0.00
2025-12-09,21:07:00,25914.75,25915.5,25912.75,25912.75,156,25920.52,25911.64,0.00
2025-12-09,21:08:00,25912.5,25912.75,25905.5,25906.25,629,25920.05,25910.96,0.00
2025-12-09,21:09:00,25906.5,25906.75,25895.5,25900.5,1358,25918.58,25900.92,0.00
2025-12-09,21:10:00,25899.75,25901.5,25894,25895,502,25917.99,25896.83,0.00
2025-12-09,21:11:00,25895,25898,25893.25,25896.25,572,25917.31,25895.83,0.00
2025-12-09,21:12:00,25896.5,25903.25,25896.5,25900.75,489,25916.88,25897.83,0.00
2025-12-09,21:13:00,25901,25904,25898.5,25902,378,25916.58,25898.79,0.00
2025-12-09,21:14:00,25901.75,25902,25896.5,25898.75,281,25916.34,25898.84,0.00
2025-12-09,21:15:00,25899.5,25903.25,25899.5,25903.25,229,25916.17,25899.21,0.00
2025-12-09,21:16:00,25903.5,25905,25900.5,25900.75,258,25916.00,25899.55,0.00
2025-12-09,21:17:00,25900.5,25902.5,25898.5,25902.5,264,25915.81,25899.72,0.00
2025-12-09,21:18:00,25902.75,25906,25901.5,25905.25,394,25915.59,25900.34,0.00
2025-12-09,21:19:00,25905.25,25907.75,25901.25,25903.75,355,25915.40,25900.77,0.00
2025-12-09,21:20:00,25903.75,25905.5,25900,25900.25,235,25915.26,25900.85,0.00
2025-12-09,21:21:00,25900.25,25903.5,25898.75,25902.5,253,25915.10,25900.90,0.00
2025-12-09,21:22:00,25902.5,25904.25,25901,25902,202,25914.98,25900.98,0.00
2025-12-09,21:23:00,25902,25904.75,25899.75,25900,229,25914.85,25901.01,0.00
2025-12-09,21:24:00,25899.5,25904,25899.5,25899.5,151,25914.75,25901.01,0.00
2025-12-09,21:25:00,25899.25,25901.25,25899,25899.75,140,25914.66,25900.98,0.00
2025-12-09,21:26:00,25899.25,25901.75,25896.75,25901.75,388,25914.42,25900.91,0.00
2025-12-09,21:27:00,25901.5,25903.5,25900.5,25901.75,224,25914.30,25900.95,0.00
2025-12-09,21:28:00,25901.75,25905.25,25900.75,25904.5,214,25914.20,25901.05,0.00
2025-12-09,21:29:00,25905,25906.75,25902.25,25905.75,182,25914.13,25901.18,0.00
2025-12-09,21:30:00,25905,25908.25,25903.75,25906.75,248,25914.05,25901.40,0.00
2025-12-09,21:31:00,25907,25910,25903.25,25904.75,461,25913.89,25901.75,0.00
2025-12-09,21:32:00,25904.5,25904.5,25901,25902.25,238,25913.78,25901.78,0.00
2025-12-09,21:33:00,25902.25,25903,25899.25,25901.75,205,25913.68,25901.77,0.00
2025-12-09,21:34:00,25902,25902.5,25898.25,25900.75,119,25913.62,25901.74,0.00
2025-12-09,21:35:00,25900,25901.25,25898,25900.75,154,25913.54,25901.70,0.00
2025-12-09,21:36:00,25899.5,25905.25,25899.5,25904.75,190,25913.46,25901.74,0.00
2025-12-09,21:37:00,25904.75,25910.25,25904.75,25907.25,461,25913.35,25902.09,0.00
2025-12-09,21:38:00,25907.5,25907.5,25905,25905.75,195,25913.29,25902.19,0.00
2025-12-09,21:39:00,25905.75,25906.25,25903.25,25904.5,115,25913.26,25902.23,0.00
2025-12-09,21:40:00,25904.75,25908.75,25904,25907.75,163,25913.22,25902.32,0.00
2025-12-09,21:41:00,25907.25,25908.5,25905.5,25908.5,108,25913.19,25902.39,0.00
2025-12-09,21:42:00,25908,25909,25906.25,25906.75,69,25913.18,25902.43,0.00
2025-12-09,21:43:00,25905.75,25907,25904,25905.5,208,25913.12,25902.51,0.00
2025-12-09,21:44:00,25905.25,25907.75,25903.75,25907.5,202,25913.07,25902.60,0.00
2025-12-09,21:45:00,25906.5,25911,25905.75,25909.25,238,25913.03,25902.76,0.00
2025-12-09,21:46:00,25909.25,25912.25,25908.5,25910.5,248,25913.00,25902.97,0.00
2025-12-09,21:47:00,25910.75,25911.25,25908.25,25909.75,167,25912.98,25903.10,0.00
2025-12-09,21:48:00,25909.25,25913.75,25908.25,25911,401,25912.96,25903.43,0.00
2025-12-09,21:49:00,25911.25,25911.25,25907,25909,161,25912.93,25903.52,0.00
2025-12-09,21:50:00,25909,25910.75,25908.25,25909,67,25912.93,25903.56,0.00
2025-12-09,21:51:00,25908,25909.5,25907.25,25908.25,104,25912.91,25903.61,0.00
2025-12-09,21:52:00,25908.25,25908.75,25905.5,25907.75,167,25912.88,25903.67,0.00
2025-12-09,21:53:00,25908.25,25908.75,25906.5,25907.75,96,25912.86,25903.71,0.00
2025-12-09,21:54:00,25908,25910,25906.75,25908.5,104,25912.84,25903.75,0.00
2025-12-09,21:55:00,25909,25909,25907,25907.5,86,25912.83,25903.79,0.00
2025-12-09,21:56:00,25907.75,25907.75,25905,25906.25,150,25912.79,25903.82,0.00
2025-12-09,21:57:00,25906,25910,25906,25908.25,98,25912.78,25903.86,0.00
2025-12-09,21:58:00,25908.5,25909.75,25907.5,25909.75,67,25912.77,25903.90,0.00
2025-12-09,21:59:00,25909.25,25911,25908.75,25909.5,119,25912.76,25903.96,0.00
2025-12-09,22:00:00,25909.75,25910.75,25908.75,25909,77,25912.75,25904.00,0.00
2025-12-09,22:01:00,25909.5,25916,25908.5,25912.25,528,25912.74,25904.38,0.00
2025-12-09,22:02:00,25912.5,25913.5,25910.25,25911.5,137,25912.73,25904.47,0.00
2025-12-09,22:03:00,25911.5,25913.5,25910.5,25912.75,166,25912.73,25904.58,0.00
2025-12-09,22:04:00,25912.25,25912.5,25909.75,25910.5,105,25912.72,25904.63,0.00
2025-12-09,22:05:00,25910.5,25911,25907.5,25908.75,123,25912.71,25904.68,0.00
2025-12-09,22:06:00,25909,25912,25909,25910.75,175,25912.70,25904.76,0.00
2025-12-09,22:07:00,25910.75,25912.25,25910.25,25911.5,51,25912.70,25904.79,0.00
2025-12-09,22:08:00,25911.75,25916,25911.5,25912.5,389,25912.70,25905.05,0.00
2025-12-09,22:09:00,25912.5,25913.25,25910.5,25911.5,74,25912.70,25905.09,0.00
2025-12-09,22:10:00,25912.25,25913.5,25911,25913.5,123,25912.70,25905.17,0.00
2025-12-09,22:11:00,25913.25,25915.25,25912.5,25913,148,25912.71,25905.26,0.00
2025-12-09,22:12:00,25913.25,25916.25,25913,25914,212,25912.72,25905.41,0.00
2025-12-09,22:13:00,25913.75,25915,25912.75,25913.25,99,25912.72,25905.47,0.00
2025-12-09,22:14:00,25913.75,25914.75,25912.5,25914.75,123,25912.72,25905.55,0.00
2025-12-09,22:15:00,25914.75,25915,25913.75,25914,69,25912.73,25905.59,0.00
2025-12-09,22:16:00,25914.25,25914.75,25912.75,25914.5,98,25912.73,25905.66,0.00
2025-12-09,22:17:00,25914,25914.75,25911,25911.75,147,25912.73,25905.73,0.00
2025-12-09,22:18:00,25911.75,25913.5,25911.25,25913.5,85,25912.73,25905.77,0.00
2025-12-09,22:19:00,25913.5,25919.75,25913.5,25919,575,25912.81,25906.24,0.00
2025-12-09,22:20:00,25919.5,25922.5,25917.75,25922.25,374,25912.90,25906.61,0.00
2025-12-09,22:21:00,25922,25926.5,25921.75,25924.75,445,25913.06,25907.13,0.00
2025-12-09,22:22:00,25925,25926.5,25923.75,25925,295,25913.16,25907.47,0.00
2025-12-09,22:23:00,25925,25925.75,25923.25,25924,168,25913.22,25907.65,0.00
2025-12-09,22:24:00,25924,25925.25,25923.25,25924,145,25913.26,25907.80,0.00
2025-12-09,22:25:00,25923.5,25925.25,25922.5,25923,114,25913.30,25907.92,0.00
2025-12-09,22:26:00,25922.75,25924.5,25922.75,25923.5,130,25913.34,25908.05,0.00
2025-12-09,22:27:00,25923.5,25924,25920,25921.75,199,25913.39,25908.22,0.00
2025-12-09,22:28:00,25922,25924,25921,25923.5,152,25913.43,25908.35,0.00
2025-12-09,22:29:00,25923.5,25926.75,25923.5,25924.75,284,25913.52,25908.63,0.00
2025-12-09,22:30:00,25924.5,25925,25921.5,25921.75,127,25913.56,25908.74,0.00
2025-12-09,22:31:00,25921.5,25925,25921,25924.5,210,25913.62,25908.92,0.00
2025-12-09,22:32:00,25924.75,25926.5,25924,25926.25,179,25913.68,25909.10,0.00
2025-12-09,22:33:00,25926,25926.5,25922,25923.25,163,25913.72,25909.24,0.00
2025-12-09,22:34:00,25923.25,25926,25922.25,25925,124,25913.76,25909.34,0.00
2025-12-09,22:35:00,25924.25,25926.5,25924.25,25926.25,106,25913.80,25909.44,0.00
2025-12-09,22:36:00,25926.25,25932.25,25926,25929.75,468,25914.00,25909.96,0.00
2025-12-09,22:37:00,25929.5,25930.25,25927.75,25928,145,25914.05,25910.11,0.00
2025-12-09,22:38:00,25928.5,25929,25926.25,25927,98,25914.09,25910.20,0.00
2025-12-09,22:39:00,25927,25927,25924.75,25926,123,25914.13,25910.31,0.00
2025-12-09,22:40:00,25926,25928,25925.75,25926.75,84,25914.16,25910.38,0.00
2025-12-09,22:41:00,25927.25,25928.75,25923.25,25926,253,25914.24,25910.59,0.00
2025-12-09,22:42:00,25925.75,25928,25925.5,25927,108,25914.28,25910.69,0.00
2025-12-09,22:43:00,25928.25,25929,25925.75,25926,150,25914.33,25910.81,0.00
2025-12-09,22:44:00,25927,25928,25926,25926.5,116,25914.37,25910.91,0.00
2025-12-09,22:45:00,25926.5,25926.5,25924,25924.5,162,25914.41,25911.03,0.00
2025-12-09,22:46:00,25924.5,25926,25922.25,25924,220,25914.47,25911.18,0.00
2025-12-09,22:47:00,25924.25,25926.5,25923.25,25925.75,124,25914.50,25911.27,0.00
2025-12-09,22:48:00,25925.75,25928.5,25925.25,25927.25,114,25914.54,25911.36,0.00
2025-12-09,22:49:00,25927.25,25927.75,25925.75,25926.5,100,25914.57,25911.43,0.00
2025-12-09,22:50:00,25927.25,25927.5,25925.5,25925.5,133,25914.61,25911.53,0.00
2025-12-09,22:51:00,25925.5,25927.25,25925,25926,94,25914.64,25911.60,0.00
2025-12-09,22:52:00,25925.75,25931.75,25925.75,25929.75,271,25914.74,25911.83,0.00
2025-12-09,22:53:00,25930.25,25930.75,25928,25929.25,177,25914.81,25911.98,0.00
2025-12-09,22:54:00,25929.25,25929.5,25927.5,25928.5,88,25914.84,25912.05,0.00
2025-12-09,22:55:00,25929,25929.25,25925.75,25926.5,118,25914.88,25912.14,0.00
2025-12-09,22:56:00,25926,25926.5,25924.75,25924.75,206,25914.93,25912.27,0.00
2025-12-09,22:57:00,25925.25,25928.25,25923.5,25928,167,25914.98,25912.38,0.00
2025-12-09,22:58:00,25928.25,25928.5,25925.5,25926.75,115,25915.02,25912.46,0.00
2025-12-09,22:59:00,25926.75,25927.5,25925.75,25926.75,54,25915.03,25912.50,0.00
2025-12-09,23:00:00,25927,25927.5,25926.5,25926.75,83,25915.06,25912.55,0.00
2025-12-09,23:01:00,25926.75,25934.5,25926.75,25932.5,517,25915.27,25913.00,0.00
2025-12-09,23:02:00,25932.5,25935.25,25930.75,25931.5,262,25915.38,25913.23,0.00
2025-12-09,23:03:00,25931.5,25933.75,25929.5,25932.75,234,25915.47,25913.42,0.00
2025-12-09,23:04:00,25932,25935.5,25931.5,25933,254,25915.59,25913.65,0.00
2025-12-09,23:05:00,25933,25933.75,25930.5,25933.75,117,25915.63,25913.75,0.00
2025-12-09,23:06:00,25934.5,25935.25,25933.25,25934.75,186,25915.72,25913.91,0.00
2025-12-09,23:07:00,25934,25934,25929.75,25932.75,163,25915.78,25914.04,0.00
2025-12-09,23:08:00,25933,25934.25,25932.5,25933.25,81,25915.82,25914.11,0.00
2025-12-09,23:09:00,25933.5,25935.75,25933,25935,146,25915.88,25914.24,0.00
2025-12-09,23:10:00,25935.5,25938.25,25935.25,25936.75,296,25916.03,25914.52,0.00
2025-12-09,23:11:00,25937,25938,25933,25935.75,394,25916.21,25914.87,0.00
2025-12-09,23:12:00,25936,25936.5,25933.25,25933.25,168,25916.29,25915.00,0.00
2025-12-09,23:13:00,25933.25,25935,25931.5,25931.5,132,25916.34,25915.10,0.00
2025-12-09,23:14:00,25931.75,25933.5,25931.25,25932.75,131,25916.39,25915.19,0.00
2025-12-09,23:15:00,25932.75,25932.75,25929.75,25930.75,102,25916.42,25915.26,0.00
2025-12-09,23:16:00,25930,25931,25924.5,25927.25,436,25916.53,25915.47,0.00
2025-12-09,23:17:00,25927.25,25927.75,25925.5,25926.25,158,25916.57,25915.54,0.00
2025-12-09,23:18:00,25926.5,25927.75,25924.5,25925.75,106,25916.59,25915.59,0.00
2025-12-09,23:19:00,25925.25,25925.25,25921.5,25922.5,335,25916.64,25915.69,0.00
2025-12-09,23:20:00,25922.25,25923.75,25920.5,25920.5,218,25916.67,25915.73,0.00
2025-12-09,23:21:00,25920.25,25924.75,25919.5,25923.25,353,25916.71,25915.83,0.00
2025-12-09,23:22:00,25923.25,25925.75,25923.25,25925,174,25916.75,25915.88,0.00
2025-12-09,23:23:00,25924.25,25925.75,25921.75,25922.25,200,25916.77,25915.94,0.00
2025-12-09,23:24:00,25922,25924.25,25922,25923,135,25916.79,25915.98,0.00
2025-12-09,23:25:00,25924,25924.75,25922.75,25922.75,104,25916.81,25916.01,0.00
2025-12-09,23:26:00,25922.75,25923.75,25920.25,25920.5,198,25916.83,25916.05,0.00
2025-12-09,23:27:00,25920.5,25921.75,25918.5,25920.75,305,25916.85,25916.09,0.00
2025-12-09,23:28:00,25920.5,25921.75,25919.5,25919.5,103,25916.86,25916.11,0.00
2025-12-09,23:29:00,25920.5,25921.75,25919.25,25921.25,159,25916.87,25916.14,0.00
2025-12-09,23:30:00,25921,25922.5,25920.5,25921,83,25916.88,25916.15,0.00
2025-12-09,23:31:00,25920.75,25921.5,25918.75,25919.25,252,25916.90,25916.19,0.00
2025-12-09,23:32:00,25919.25,25923.25,25919.25,25922.5,185,25916.92,25916.22,0.00
2025-12-09,23:33:00,25922.75,25923.25,25919.5,25920,100,25916.93,25916.24,0.00
2025-12-09,23:34:00,25920,25920.5,25916.5,25918.25,249,25916.93,25916.26,0.00
2025-12-09,23:35:00,25918.75,25920.5,25918,25920.25,138,25916.94,25916.27,0.00
2025-12-09,23:36:00,25920,25922,25919.5,25922,89,25916.95,25916.29,0.00
2025-12-09,23:37:00,25922,25928.25,25921.25,25924.5,515,25917.03,25916.44,0.00
2025-12-09,23:38:00,25925.25,25926,25924.5,25925.5,124,25917.06,25916.47,0.00
2025-12-09,23:39:00,25925,25925.75,25923.75,25924.5,94,25917.07,25916.50,0.00
2025-12-09,23:40:00,25924.5,25925.75,25923.75,25925.75,108,25917.09,25916.53,0.00
2025-12-09,23:41:00,25924.75,25925.75,25922.75,25925.25,152,25917.11,25916.57,0.00
2025-12-09,23:42:00,25926,25926.5,25923.75,25925.25,149,25917.14,25916.62,0.00
2025-12-09,23:43:00,25925.5,25926.5,25924.25,25925.25,132,25917.16,25916.66,0.00
2025-12-09,23:44:00,25925.25,25926.25,25924.25,25924.5,54,25917.17,25916.67,0.00
2025-12-09,23:45:00,25924.25,25925.5,25921.5,25922,145,25917.19,25916.70,0.00
2025-12-09,23:46:00,25922.25,25923.75,25919.25,25920.75,225,25917.20,25916.73,0.00
2025-12-09,23:47:00,25920.5,25921.25,25919,25921,180,25917.22,25916.76,0.00
2025-12-09,23:48:00,25921.25,25925.25,25921.25,25924,233,25917.25,25916.81,0.00
2025-12-09,23:49:00,25924,25924.5,25921.75,25922.75,80,25917.26,25916.82,0.00
2025-12-09,23:50:00,25922.75,25924.25,25921.25,25921.25,73,25917.26,25916.84,0.00
2025-12-09,23:51:00,25921.5,25921.5,25919.5,25920.5,116,25917.27,25916.85,0.00
2025-12-09,23:52:00,25920.25,25921.75,25918.75,25919.25,161,25917.28,25916.87,0.00
2025-12-09,23:53:00,25919.25,25920.5,25917.5,25919,158,25917.28,25916.88,0.00
2025-12-09,23:54:00,25919.5,25920.5,25918.75,25919.75,75,25917.29,25916.88,0.00
2025-12-09,23:55:00,25919.75,25921.75,25919.5,25920,85,25917.29,25916.89,0.00
2025-12-09,23:56:00,25919.75,25923,25919.75,25922.75,118,25917.30,25916.91,0.00
2025-12-09,23:57:00,25923,25926.25,25921.75,25926.25,177,25917.33,25916.96,0.00
2025-12-09,23:58:00,25926.5,25927.5,25925.25,25927,542,25917.43,25917.12,0.00
2025-12-09,23:59:00,25927,25927.75,25925.25,25927,119,25917.45,25917.15,0.00
2025-12-09,00:00:00,25951.5,25953.25,25951.5,25951.5,120,25949.74,25948.01,0.00
2025-12-09,00:01:00,25952,25952.75,25948.5,25951.5,211,25949.75,25948.04,0.00
2025-12-09,00:02:00,25951.5,25952.5,25948,25949,134,25949.75,25948.05,0.00
2025-12-09,00:03:00,25949.25,25953.25,25949.25,25952.25,89,25949.75,25948.06,0.00
2025-12-09,00:04:00,25952.25,25952.75,25945,25945,388,25949.73,25948.06,0.00
2025-12-09,00:05:00,25947,25949.5,25945.25,25947.25,189,25949.72,25948.05,0.00
2025-12-09,00:06:00,25947,25948.25,25946.5,25947,72,25949.72,25948.05,0.00
2025-12-09,00:07:00,25947,25948.75,25945.5,25946,68,25949.71,25948.04,0.00
2025-12-09,00:08:00,25946.25,25953.75,25946,25950,291,25949.72,25948.07,0.00
2025-12-09,00:09:00,25950,25950.25,25947.5,25947.75,105,25949.71,25948.07,0.00
2025-12-09,00:10:00,25947.5,25949.75,25947.5,25948.75,68,25949.71,25948.07,0.00
2025-12-09,00:11:00,25949.25,25949.75,25947.25,25947.25,74,25949.71,25948.07,0.00
2025-12-09,00:12:00,25947.25,25950.5,25947.25,25949,100,25949.71,25948.07,0.00
2025-12-09,00:13:00,25949.25,25951,25948.5,25948.5,103,25949.71,25948.08,0.00
2025-12-09,00:14:00,25948.25,25949,25946.75,25946.75,57,25949.70,25948.08,0.00
2025-12-09,00:15:00,25946.25,25946.75,25945,25945,90,25949.69,25948.07,0.00
2025-12-09,00:16:00,25945.75,25946,25942.75,25944.5,292,25949.66,25948.03,0.00
2025-12-09,00:17:00,25944,25948.25,25943.25,25947,245,25949.64,25948.01,0.00
2025-12-09,00:18:00,25947.25,25948.25,25946.5,25947.25,90,25949.64,25948.01,0.00
2025-12-09,00:19:00,25947.25,25948.25,25946.25,25946.5,59,25949.63,25948.00,0.00
2025-12-09,00:20:00,25946.5,25950,25946.5,25948.75,87,25949.63,25948.01,0.00
2025-12-09,00:21:00,25949.25,25950.25,25947,25947.75,97,25949.63,25948.01,0.00
2025-12-09,00:22:00,25947.75,25948.25,25946.75,25948.25,80,25949.63,25948.01,0.00
2025-12-09,00:23:00,25948.25,25949.5,25947.75,25948,54,25949.62,25948.01,0.00
2025-12-09,00:24:00,25948.25,25950,25942.25,25943.5,275,25949.60,25947.98,0.00
2025-12-09,00:25:00,25943.75,25944.5,25942.25,25943.25,152,25949.58,25947.95,0.00
2025-12-09,00:26:00,25943,25944,25942.25,25943.25,72,25949.57,25947.94,0.00
2025-12-09,00:27:00,25943,25946.25,25942.5,25944.75,147,25949.55,25947.92,0.00
2025-12-09,00:28:00,25944.75,25945.5,25943.75,25944.25,79,25949.54,25947.91,0.00
2025-12-09,00:29:00,25944,25947,25943.5,25946,154,25949.53,25947.90,0.00
2025-12-09,00:30:00,25946,25946.75,25944,25946,86,25949.52,25947.89,0.00
2025-12-09,00:31:00,25945.25,25946,25940.5,25941.5,171,25949.50,25947.86,0.00
2025-12-09,00:32:00,25941.75,25943.75,25940.5,25942.5,115,25949.48,25947.83,0.00
2025-12-09,00:33:00,25942.75,25944.25,25941,25941.5,121,25949.46,25947.81,0.00
2025-12-09,00:34:00,25941.25,25942.75,25940.75,25941.25,122,25949.44,25947.78,0.00
2025-12-09,00:35:00,25941,25942.5,25939.25,25939.75,153,25949.41,25947.74,0.00
2025-12-09,00:36:00,25940.25,25942,25937.5,25937.75,215,25949.36,25947.67,0.00
2025-12-09,00:37:00,25937.5,25941.25,25936.25,25939.25,188,25949.32,25947.62,0.00
2025-12-09,00:38:00,25940,25941.75,25939.5,25941.25,74,25949.31,25947.60,0.00
2025-12-09,00:39:00,25941.75,25942.75,25940.75,25942.75,39,25949.30,25947.59,0.00
2025-12-09,00:40:00,25942.75,25944.5,25941,25942.75,152,25949.28,25947.56,0.00
2025-12-09,00:41:00,25942.75,25945.5,25942.25,25944.75,85,25949.28,25947.55,0.00
2025-12-09,00:42:00,25944.25,25947.75,25944.25,25946.5,129,25949.27,25947.55,0.00
2025-12-09,00:43:00,25947,25948.25,25945,25945.75,146,25949.26,25947.54,0.00
2025-12-09,00:44:00,25945.5,25946,25941.75,25943.25,115,25949.24,25947.53,0.00
2025-12-09,00:45:00,25943.25,25944.5,25942.5,25944.25,70,25949.24,25947.52,0.00
2025-12-09,00:46:00,25944.25,25946,25943.5,25944.5,89,25949.23,25947.51,0.00
2025-12-09,00:47:00,25944.5,25944.5,25941.75,25942.5,70,25949.22,25947.50,0.00
2025-12-09,00:48:00,25942.25,25943.25,25942.25,25942.25,98,25949.21,25947.48,0.00
2025-12-09,00:49:00,25942.5,25943.75,25942.25,25942.75,68,25949.20,25947.47,0.00
2025-12-09,00:50:00,25943,25944,25941,25941.5,93,25949.18,25947.45,0.00
2025-12-09,00:51:00,25941.5,25942.5,25940.5,25942.5,71,25949.17,25947.44,0.00
2025-12-09,00:52:00,25942.25,25943,25939.75,25940,86,25949.16,25947.42,0.00
2025-12-09,00:53:00,25939.75,25941.25,25939.75,25940.75,137,25949.14,25947.39,0.00
2025-12-09,00:54:00,25941,25941.75,25939.5,25941.5,101,25949.12,25947.37,0.00
2025-12-09,00:55:00,25941.5,25942,25940.75,25941,80,25949.11,25947.35,0.00
2025-12-09,00:56:00,25941.25,25942.5,25940.75,25941.25,93,25949.09,25947.33,0.00
2025-12-09,00:57:00,25941.5,25943.25,25940.75,25942.5,71,25949.08,25947.32,0.00
2025-12-09,00:58:00,25943,25943,25941,25941,87,25949.07,25947.31,0.00
2025-12-09,00:59:00,25940.75,25941.75,25939.75,25939.75,76,25949.06,25947.29,0.00
2025-12-09,01:00:00,25939.75,25941,25939.75,25940.5,51,25949.05,25947.28,0.00
2025-12-09,01:01:00,25941.25,25941.5,25936.75,25937.25,275,25948.99,25947.20,0.00
2025-12-09,01:02:00,25937.5,25940.25,25936.5,25939.5,122,25948.96,25947.16,0.00
2025-12-09,01:03:00,25939.25,25942.75,25939,25942.5,120,25948.95,25947.14,0.00
2025-12-09,01:04:00,25942.75,25942.75,25938.75,25939,115,25948.93,25947.12,0.00
2025-12-09,01:05:00,25939,25939.5,25933,25935,437,25948.81,25946.96,0.00
2025-12-09,01:06:00,25935,25935.5,25926.25,25929.5,774,25948.54,25930.42,0.00
2025-12-09,01:07:00,25930,25934.25,25929.25,25933.5,271,25948.45,25930.91,0.00
2025-12-09,01:08:00,25933.25,25934.25,25931,25932.5,169,25948.40,25931.15,0.00
2025-12-09,01:09:00,25933.25,25934.75,25930,25930.5,125,25948.36,25931.20,0.00
2025-12-09,01:10:00,25930,25931.5,25926.25,25930.25,330,25948.24,25930.83,0.00
2025-12-09,01:11:00,25930.25,25931.5,25925.5,25926,128,25948.19,25927.67,0.00
2025-12-09,01:12:00,25926,25928.5,25923.75,25928.5,444,25948.02,25926.92,0.00
2025-12-09,01:13:00,25928.25,25930.75,25928,25930.75,146,25947.97,25927.64,0.00
2025-12-09,01:14:00,25930.5,25932.5,25930,25930.75,126,25947.93,25928.24,0.00
2025-12-09,01:15:00,25930.75,25930.75,25928,25928.5,90,25947.90,25928.34,0.00
2025-12-09,01:16:00,25928.5,25928.75,25926.5,25928,129,25947.85,25928.26,0.00
2025-12-09,01:17:00,25928.25,25928.75,25925.75,25926.5,134,25947.80,25928.10,0.00
2025-12-09,01:18:00,25926.25,25928.5,25926.25,25927.75,107,25947.76,25928.04,0.00
2025-12-09,01:19:00,25928,25930.25,25928,25930,178,25947.70,25928.23,0.00
2025-12-09,01:20:00,25930.25,25931.75,25927.75,25928,177,25947.64,25928.33,0.00
2025-12-09,01:21:00,25928,25928.5,25922,25922.5,336,25947.49,25924.33,0.00
2025-12-09,01:22:00,25922.5,25925.75,25920.75,25925.75,303,25947.36,25924.08,0.00
2025-12-09,01:23:00,25926,25926.5,25923.5,25923.75,223,25947.27,25924.30,0.00
2025-12-09,01:24:00,25924,25926.25,25921.25,25921.25,299,25947.14,25923.80,0.00
2025-12-09,01:25:00,25921.5,25923.75,25920,25921.5,349,25946.98,25921.75,0.00
2025-12-09,01:26:00,25921.5,25924.5,25920.5,25922,259,25946.87,25922.00,0.00
2025-12-09,01:27:00,25921.75,25923.25,25918.25,25919.75,336,25946.71,25920.42,0.00
2025-12-09,01:28:00,25920,25923.25,25919,25919.75,310,25946.57,25920.54,0.00
2025-12-09,01:29:00,25920,25922.75,25920,25921.75,152,25946.50,25920.72,0.00
2025-12-09,01:30:00,25921.25,25921.75,25919.25,25921.5,121,25946.45,25920.74,0.00
2025-12-09,01:31:00,25921,25924.5,25917.5,25923,381,25946.28,25921.67,0.00
2025-12-09,01:32:00,25923,25923.75,25920,25920.75,144,25946.22,25921.62,0.00
2025-12-09,01:33:00,25921.25,25922.5,25920.5,25922.5,111,25946.17,25921.66,0.00
2025-12-09,01:34:00,25922.5,25923.75,25920.5,25922.75,155,25946.11,25921.79,0.00
2025-12-09,01:35:00,25922.5,25923,25920.5,25922.25,105,25946.07,25921.81,0.00
2025-12-09,01:36:00,25922.25,25926.5,25922.25,25925.75,260,25945.97,25922.49,0.00
2025-12-09,01:37:00,25926.25,25930.25,25926,25929.25,510,25945.82,25924.33,0.00
2025-12-09,01:38:00,25929.5,25930.5,25928.75,25929.25,188,25945.77,25924.85,0.00
2025-12-09,01:39:00,25929.5,25929.5,25927.75,25928.5,114,25945.73,25925.07,0.00
2025-12-09,01:40:00,25928.5,25931,25928.25,25931,206,25945.68,25925.54,0.00
2025-12-09,01:41:00,25930,25930,25928.5,25929,150,25945.64,25925.78,0.00
2025-12-09,01:42:00,25929.25,25929.75,25924.5,25925.25,230,25945.56,25925.84,0.00
2025-12-09,01:43:00,25925,25928.25,25924.75,25928,136,25945.52,25925.90,0.00
2025-12-09,01:44:00,25928.25,25930.5,25927.75,25928.75,219,25945.46,25926.13,0.00
2025-12-09,01:45:00,25929.5,25929.75,25926.5,25926.5,134,25945.42,25926.20,0.00
2025-12-09,01:46:00,25926.75,25929.25,25926.5,25928.75,109,25945.39,25926.27,0.00
2025-12-09,01:47:00,25928.75,25932.5,25928,25931.5,250,25945.33,25926.59,0.00
2025-12-09,01:48:00,25931.25,25932.5,25926.5,25927.25,211,25945.27,25926.72,0.00
2025-12-09,01:49:00,25927.5,25928.75,25925.75,25925.75,144,25945.23,25926.72,0.00
2025-12-09,01:50:00,25925.75,25925.75,25922.75,25923.5,252,25945.14,25926.55,0.00
2025-12-09,01:51:00,25923.5,25926,25921.5,25923,164,25945.08,25926.43,0.00
2025-12-09,01:52:00,25922.75,25923.75,25921.25,25921.75,170,25945.02,25926.26,0.00
2025-12-09,01:53:00,25921.75,25924,25919,25919.75,207,25944.94,25926.02,0.00
2025-12-09,01:54:00,25919.75,25919.75,25916.5,25919,382,25944.77,25918.42,0.00
2025-12-09,01:55:00,25918.75,25919.75,25917.5,25918,174,25944.70,25918.42,0.00
2025-12-09,01:56:00,25917.75,25921.25,25917.25,25920.75,158,25944.64,25918.71,0.00
2025-12-09,01:57:00,25919.5,25921,25919,25919.5,143,25944.58,25918.90,0.00
2025-12-09,01:58:00,25920,25920.25,25917,25917.5,107,25944.53,25918.83,0.00
2025-12-09,01:59:00,25918,25919.5,25916.75,25917.5,99,25944.49,25918.74,0.00
2025-12-09,02:00:00,25917.5,25918.25,25915.75,25916.5,241,25944.39,25916.83,0.00
2025-12-09,02:01:00,25917.25,25918,25912.25,25912.5,497,25944.15,25914.25,0.00
2025-12-09,02:02:00,25912.75,25914,25904.75,25909.75,795,25943.72,25909.50,0.00
2025-12-09,02:03:00,25909.5,25911.75,25907.25,25909.25,274,25943.58,25909.48,0.00
2025-12-09,02:04:00,25908.75,25912.75,25908.25,25908.75,216,25943.46,25909.55,0.00
2025-12-09,02:05:00,25908.75,25911,25907.5,25909,200,25943.36,25909.50,0.00
2025-12-09,02:06:00,25909.25,25914.5,25908.5,25914,228,25943.25,25909.88,0.00
2025-12-09,02:07:00,25914,25916.75,25914,25914.5,176,25943.17,25910.36,0.00
2025-12-09,02:08:00,25914,25914.25,25910,25910.25,242,25943.06,25910.49,0.00
2025-12-09,02:09:00,25910,25911,25908.25,25911,111,25943.00,25910.47,0.00
2025-12-09,02:10:00,25911,25912.25,25909.25,25909.5,113,25942.94,25910.46,0.00
2025-12-09,02:11:00,25909.25,25910,25907.25,25908.75,175,25942.85,25910.34,0.00
2025-12-09,02:12:00,25908.25,25909,25903.5,25906.5,353,25942.66,25906.33,0.00
2025-12-09,02:13:00,25906.25,25906.25,25900.75,25903.5,505,25942.36,25903.50,0.00
2025-12-09,02:14:00,25903,25908.5,25901,25907.5,328,25942.18,25904.35,0.00
2025-12-09,02:15:00,25907.75,25910.25,25907.5,25910,225,25942.07,25905.39,0.00
2025-12-09,02:16:00,25909.75,25910.75,25907.5,25909.5,157,25942.00,25905.89,0.00
2025-12-09,02:17:00,25909.25,25914.25,25907,25913.5,249,25941.88,25906.86,0.00
2025-12-09,02:18:00,25913.75,25914,25909.5,25909.75,208,25941.79,25907.39,0.00
2025-12-09,02:19:00,25909.75,25911.25,25907.75,25911.25,152,25941.72,25907.61,0.00
2025-12-09,02:20:00,25911.5,25911.75,25908.5,25908.75,141,25941.65,25907.76,0.00
2025-12-09,02:21:00,25908.75,25910,25906.25,25909.75,238,25941.54,25907.86,0.00
2025-12-09,02:22:00,25909.75,25910.75,25900,25900,481,25941.27,25903.58,0.00
2025-12-09,02:23:00,25900.5,25905.75,25900.5,25905.75,224,25941.15,25903.72,0.00
2025-12-09,02:24:00,25905,25906.75,25902.25,25906.25,119,25941.09,25903.91,0.00
2025-12-09,02:25:00,25906.5,25907.75,25904.25,25904.5,155,25941.01,25904.16,0.00
2025-12-09,02:26:00,25904,25904.5,25901.25,25903.75,173,25940.92,25904.01,0.00
2025-12-09,02:27:00,25903.25,25904.5,25901.75,25904,138,25940.84,25903.95,0.00
2025-12-09,02:28:00,25904,25908.75,25903.25,25908.75,181,25940.76,25904.32,0.00
2025-12-09,02:29:00,25908.75,25909.75,25906.75,25906.75,162,25940.68,25904.66,0.00
2025-12-09,02:30:00,25906.5,25911,25906.5,25908.75,342,25940.52,25905.37,0.00
2025-12-09,02:31:00,25908.75,25916,25907.25,25913.25,531,25940.31,25906.81,0.00
2025-12-09,02:32:00,25913.25,25913.5,25908,25910.25,290,25940.19,25907.20,0.00
2025-12-09,02:33:00,25909.75,25914.25,25908.75,25912.75,168,25940.12,25907.47,0.00
2025-12-09,02:34:00,25913,25914.75,25911.25,25912.25,144,25940.07,25907.71,0.00
2025-12-09,02:35:00,25911.5,25913.5,25910.75,25913.25,161,25940.01,25907.95,0.00
2025-12-09,02:36:00,25913,25916.25,25911.5,25914.25,214,25939.93,25908.32,0.00
2025-12-09,02:37:00,25914.5,25915,25912.5,25913.25,95,25939.90,25908.46,0.00
2025-12-09,02:38:00,25913.25,25913.75,25908.25,25909.25,220,25939.81,25908.57,0.00
2025-12-09,02:39:00,25909.25,25910.25,25907.25,25909,173,25939.73,25908.58,0.00
2025-12-09,02:40:00,25908.5,25913,25908.5,25913,155,25939.67,25908.69,0.00
2025-12-09,02:41:00,25913,25917,25912.5,25916,268,25939.58,25909.09,0.00
2025-12-09,02:42:00,25915.5,25919,25915,25918.5,284,25939.50,25909.60,0.00
2025-12-09,02:43:00,25918.5,25921.25,25917.5,25920,322,25939.41,25910.24,0.00
2025-12-09,02:44:00,25920,25928.25,25920,25928.25,500,25939.31,25911.63,0.00
2025-12-09,02:45:00,25928,25935,25927.75,25933.75,727,25939.24,25914.03,0.00
2025-12-09,02:46:00,25933.75,25941.25,25929.75,25930,794,25939.19,25916.25,0.00
2025-12-09,02:47:00,25930,25932.25,25928.75,25931.25,235,25939.16,25916.72,0.00
2025-12-09,02:48:00,25931.25,25935.5,25930.75,25935.5,188,25939.15,25917.15,0.00
2025-12-09,02:49:00,25935.75,25935.75,25931.5,25934.25,206,25939.13,25917.60,0.00
2025-12-09,02:50:00,25934.5,25935,25926.75,25927,262,25939.10,25918.00,0.00
2025-12-09,02:51:00,25927.5,25928.75,25923.5,25925,433,25939.02,25918.40,0.00
2025-12-09,02:52:00,25925.5,25930.25,25924.25,25928.25,259,25938.99,25918.68,0.00
2025-12-09,02:53:00,25928.75,25931.75,25926.5,25927.25,138,25938.97,25918.83,0.00
2025-12-09,02:54:00,25928,25931.75,25928,25931.25,176,25938.95,25919.06,0.00
2025-12-09,02:55:00,25930.5,25933.25,25929.5,25930,143,25938.93,25919.25,0.00
2025-12-09,02:56:00,25930.25,25930.5,25927,25927.5,200,25938.91,25919.44,0.00
2025-12-09,02:57:00,25927.5,25935,25925.25,25934.25,243,25938.88,25919.75,0.00
2025-12-09,02:58:00,25934.5,25935.75,25932.75,25934.25,194,25938.87,25920.04,0.00
2025-12-09,02:59:00,25934.75,25935.5,25932.75,25934.25,139,25938.86,25920.24,0.00
2025-12-09,03:00:00,25934.5,25937.25,25934.5,25936.75,205,25938.86,25920.56,0.00
2025-12-09,03:01:00,25936.5,25941,25934.75,25937,429,25938.85,25921.26,0.00
2025-12-09,03:02:00,25936.75,25942.75,25935.75,25941.75,342,25938.85,25921.86,0.00
2025-12-09,03:03:00,25941.75,25942.75,25935.5,25938.25,283,25938.85,25922.29,0.00
2025-12-09,03:04:00,25939.75,25941.5,25938.75,25940.75,112,25938.86,25922.47,0.00
2025-12-09,03:05:00,25941.25,25943,25935.25,25942.25,231,25938.86,25922.83,0.00
2025-12-09,03:06:00,25943,25945.5,25941.75,25943,372,25938.88,25923.48,0.00
2025-12-09,03:07:00,25943.25,25945,25941.25,25941.25,228,25938.89,25923.84,0.00
2025-12-09,03:08:00,25941,25947.25,25941,25945.75,279,25938.91,25924.31,0.00
2025-12-09,03:09:00,25945.75,25947,25943.25,25946.5,131,25938.92,25924.53,0.00
2025-12-09,03:10:00,25946,25946.75,25943,25943.75,146,25938.93,25924.76,0.00
2025-12-09,03:11:00,25943.5,25948,25941.75,25946.5,283,25938.95,25925.22,0.00
2025-12-09,03:12:00,25946,25946.75,25943.25,25944.5,287,25938.97,25925.65,0.00
2025-12-09,03:13:00,25944.5,25945.75,25942,25943,202,25938.99,25925.92,0.00
2025-12-09,03:14:00,25943,25943.5,25939,25942.25,262,25938.99,25926.22,0.00
2025-12-09,03:15:00,25942,25942.5,25939,25941,184,25939.00,25926.41,0.00
2025-12-09,03:16:00,25940.75,25941,25938,25939.75,255,25939.00,25926.65,0.00
2025-12-09,03:17:00,25940.25,25940.75,25937,25937.25,285,25939.00,25926.88,0.00
2025-12-09,03:18:00,25937.75,25941.75,25937.75,25940.75,189,25939.00,25927.05,0.00
2025-12-09,03:19:00,25940.5,25940.5,25934.75,25935,313,25938.99,25927.26,0.00
2025-12-09,03:20:00,25935,25937.5,25934.25,25935.5,186,25938.98,25927.36,0.00
2025-12-09,03:21:00,25935.25,25938,25935.25,25936.75,154,25938.98,25927.46,0.00
2025-12-09,03:22:00,25937,25941,25936.75,25938.75,205,25938.98,25927.61,0.00
2025-12-09,03:23:00,25938.75,25942.25,25938.25,25941.5,187,25938.98,25927.77,0.00
2025-12-09,03:24:00,25941.75,25944,25941.5,25941.5,224,25938.99,25927.97,0.00
2025-12-09,03:25:00,25941.25,25941.25,25937.5,25940.25,137,25938.99,25928.07,0.00
2025-12-09,03:26:00,25940.25,25940.75,25937.5,25938,107,25938.99,25928.14,0.00
2025-12-09,03:27:00,25938,25940.5,25935.5,25940.5,200,25938.99,25928.28,0.00
2025-12-09,03:28:00,25940.5,25941.25,25938,25939.25,116,25938.99,25928.36,0.00
2025-12-09,03:29:00,25939.25,25939.25,25936.25,25936.5,111,25938.99,25928.42,0.00
2025-12-09,03:30:00,25936.5,25940.75,25934,25940.25,214,25938.99,25928.54,0.00
2025-12-09,03:31:00,25940.25,25941.75,25937.75,25940,206,25938.99,25928.68,0.00
2025-12-09,03:32:00,25940.25,25941.5,25937.25,25938.5,137,25938.99,25928.76,0.00
2025-12-09,03:33:00,25938.75,25941,25937.25,25940.75,154,25938.99,25928.86,0.00
2025-12-09,03:34:00,25941,25941.75,25940.25,25941.75,99,25939.00,25928.93,0.00
2025-12-09,03:35:00,25941.75,25942.5,25939.5,25940.5,179,25939.00,25929.05,0.00
2025-12-09,03:36:00,25940.75,25943.5,25940.25,25941,220,25939.01,25929.21,0.00
2025-12-09,03:37:00,25940.75,25941,25937.5,25938.25,131,25939.01,25929.28,0.00
2025-12-09,03:38:00,25938.25,25938.75,25934.25,25934.5,294,25939.00,25929.39,0.00
2025-12-09,03:39:00,25934.25,25935.5,25929.5,25933,676,25938.95,25929.51,0.00
2025-12-09,03:40:00,25932,25937,25931.25,25935.5,314,25938.93,25929.59,0.00
2025-12-09,03:41:00,25935.5,25936.75,25933.75,25933.75,172,25938.92,25929.64,0.00
2025-12-09,03:42:00,25934,25937.25,25930.75,25936.75,378,25938.91,25929.74,0.00
2025-12-09,03:43:00,25936.75,25946,25936.75,25944.75,555,25938.93,25930.09,0.00
2025-12-09,03:44:00,25944.75,25944.75,25940,25940.25,175,25938.93,25930.19,0.00
2025-12-09,03:45:00,25940,25941.5,25939.25,25940.25,90,25938.94,25930.23,0.00
2025-12-09,03:46:00,25940.25,25943.75,25939,25942.5,154,25938.94,25930.32,0.00
2025-12-09,03:47:00,25942.75,25943.75,25939.75,25940.5,177,25938.94,25930.41,0.00
2025-12-09,03:48:00,25940.75,25944,25940.25,25943.25,81,25938.95,25930.46,0.00
2025-12-09,03:49:00,25943,25943.25,25939.5,25939.5,139,25938.95,25930.53,0.00
2025-12-09,03:50:00,25940.25,25944.5,25940.25,25944,116,25938.96,25930.59,0.00
2025-12-09,03:51:00,25944.25,25950.25,25944.25,25948.5,472,25939.00,25930.97,0.00
2025-12-09,03:52:00,25948.5,25950.75,25944.25,25944.25,237,25939.02,25931.13,0.00
2025-12-09,03:53:00,25944.25,25944.25,25940.25,25942.25,215,25939.03,25931.24,0.00
2025-12-09,03:54:00,25942.25,25944.5,25941.75,25944.5,82,25939.03,25931.29,0.00
2025-12-09,03:55:00,25944,25944.5,25942.5,25942.5,126,25939.04,25931.36,0.00
2025-12-09,03:56:00,25942.75,25945.75,25941.75,25944.5,155,25939.05,25931.44,0.00
2025-12-09,03:57:00,25944.25,25944.25,25940.75,25941,158,25939.05,25931.52,0.00
2025-12-09,03:58:00,25941,25943.5,25940.25,25942,152,25939.06,25931.59,0.00
2025-12-09,03:59:00,25942.25,25945.75,25941.25,25945.25,149,25939.07,25931.67,0.00
2025-12-09,04:00:00,25945.25,25945.5,25940.5,25945.25,257,25939.08,25931.80,0.00
2025-12-09,04:01:00,25945.25,25951.5,25940,25950.75,890,25939.16,25932.38,0.00
2025-12-09,04:02:00,25950,25951.5,25942.25,25945.5,327,25939.18,25932.57,0.00
2025-12-09,04:03:00,25946,25949,25943.25,25948.25,216,25939.20,25932.69,0.00
2025-12-09,04:04:00,25948.5,25959.5,25948,25958,806,25939.34,25933.41,0.00
2025-12-09,04:05:00,25958.25,25959,25953.25,25954.25,356,25939.40,25933.71,0.00
2025-12-09,04:06:00,25954.5,25955.75,25949.75,25953.5,353,25939.45,25933.97,0.00
2025-12-09,04:07:00,25953.5,25958,25953.25,25955.5,262,25939.50,25934.19,0.00
2025-12-09,04:08:00,25954.75,25955.75,25947.75,25947.75,283,25939.53,25934.36,0.00
2025-12-09,04:09:00,25948,25950.75,25945,25949.75,454,25939.57,25934.60,0.00
2025-12-09,04:10:00,25949.25,25956.75,25947.25,25952.75,538,25939.64,25934.94,0.00
2025-12-09,04:11:00,25952.75,25954,25947.25,25952.25,364,25939.68,25935.15,0.00
2025-12-09,04:12:00,25953.25,25954.5,25950,25953.25,158,25939.71,25935.25,0.00
2025-12-09,04:13:00,25952.5,25955.25,25951.5,25951.5,124,25939.72,25935.33,0.00
2025-12-09,04:14:00,25951.75,25954.5,25949.75,25952.75,181,25939.75,25935.44,0.00
2025-12-09,04:15:00,25953,25953.5,25951.5,25953.25,92,25939.76,25935.49,0.00
2025-12-09,04:16:00,25954.25,25956.75,25949,25953,230,25939.79,25935.63,0.00
2025-12-09,04:17:00,25953,25957,25953,25955,132,25939.81,25935.72,0.00
2025-12-09,04:18:00,25955.75,25956.5,25952.5,25954.25,125,25939.83,25935.80,0.00
2025-12-09,04:19:00,25954,25956.5,25951,25956,92,25939.84,25935.86,0.00
2025-12-09,04:20:00,25956.25,25961.75,25956.25,25960.5,479,25939.94,25936.24,0.00
2025-12-09,04:21:00,25960.25,25960.75,25956,25958.75,195,25939.98,25936.39,0.00
2025-12-09,04:22:00,25959.25,25960,25954.25,25956.5,199,25940.01,25936.52,0.00
2025-12-09,04:23:00,25956,25957.75,25953.75,25955.25,154,25940.03,25936.62,0.00
2025-12-09,04:24:00,25956.25,25960.75,25954,25960,264,25940.08,25936.81,0.00
2025-12-09,04:25:00,25960.25,25965.75,25960,25962.5,595,25940.22,25937.31,0.00
2025-12-09,04:26:00,25962.5,25963,25954.5,25956.25,415,25940.29,25937.58,0.00
2025-12-09,04:27:00,25955.5,25957,25952.75,25956.75,375,25940.35,25937.79,0.00
2025-12-09,04:28:00,25956.75,25958,25947,25947,421,25940.39,25937.96,0.00
2025-12-09,04:29:00,25947,25953,25945.5,25950,388,25940.43,25938.09,0.00
2025-12-09,04:30:00,25949.25,25950.25,25944.5,25947.75,271,25940.45,25938.17,0.00
2025-12-09,04:31:00,25947.5,25949.75,25941.25,25949.25,503,25940.48,25938.30,0.00
2025-12-09,04:32:00,25948.75,25952.75,25947.25,25947.5,300,25940.50,25938.40,0.00
2025-12-09,04:33:00,25947.5,25949.75,25944.5,25947.5,261,25940.52,25938.47,0.00
2025-12-09,04:34:00,25947,25950.25,25945.75,25948.75,223,25940.54,25938.53,0.00
2025-12-09,04:35:00,25948.75,25948.75,25943.5,25943.75,251,25940.55,25938.58,0.00
2025-12-09,04:36:00,25944,25945.5,25940.75,25942.25,311,25940.56,25938.62,0.00
2025-12-09,04:37:00,25942.25,25942.5,25936.75,25940.25,380,25940.55,25938.63,0.00
2025-12-09,04:38:00,25940.25,25943.5,25939.75,25940.5,112,25940.55,25938.64,0.00
2025-12-09,04:39:00,25940.25,25945.25,25937.25,25943.75,218,25940.56,25938.66,0.00
2025-12-09,04:40:00,25944,25946,25943.25,25944.75,166,25940.56,25938.69,0.00
2025-12-09,04:41:00,25944.25,25944.75,25937.5,25938.25,248,25940.56,25938.70,0.00
2025-12-09,04:42:00,25938.25,25941,25935.5,25938.5,325,25940.56,25938.70,0.00
2025-12-09,04:43:00,25937.75,25944.75,25937.75,25944.75,371,25940.56,25938.73,0.00
2025-12-09,04:44:00,25944.5,25947,25942.25,25945.5,218,25940.57,25938.77,0.00
2025-12-09,04:45:00,25945.75,25948.25,25944.75,25946,193,25940.58,25938.81,0.00
2025-12-09,04:46:00,25946.5,25953.25,25945.75,25951.25,474,25940.62,25938.95,0.00
2025-12-09,04:47:00,25950.5,25951,25946.5,25950.75,206,25940.64,25939.01,0.00
2025-12-09,04:48:00,25951,25952.75,25948.5,25948.5,145,25940.65,25939.05,0.00
2025-12-09,04:49:00,25948.5,25955,25948.25,25953.75,215,25940.68,25939.13,0.00
2025-12-09,04:50:00,25954.25,25956.75,25949,25951,221,25940.70,25939.20,0.00
2025-12-09,04:51:00,25952,25954.25,25950.5,25953.5,106,25940.71,25939.24,0.00
2025-12-09,04:52:00,25953.5,25954.5,25952,25953.75,75,25940.72,25939.27,0.00
2025-12-09,04:53:00,25953.75,25956.25,25952.5,25955.75,153,25940.74,25939.33,0.00
2025-12-09,04:54:00,25956.25,25957,25955,25955.25,114,25940.76,25939.38,0.00
2025-12-09,04:55:00,25955.25,25958,25954.75,25956.25,111,25940.77,25939.43,0.00
2025-12-09,04:56:00,25957.5,25958.25,25954,25955.5,163,25940.80,25939.49,0.00
2025-12-09,04:57:00,25954.75,25956.5,25951.5,25951.75,134,25940.81,25939.54,0.00
2025-12-09,04:58:00,25951.5,25952.25,25947.75,25949.75,229,25940.83,25939.60,0.00
2025-12-09,04:59:00,25949.5,25951,25947.5,25949.25,147,25940.84,25939.64,0.00
2025-12-09,05:00:00,25950.5,25951,25945,25948.75,266,25940.86,25939.70,0.00
2025-12-09,05:01:00,25948.75,25949.75,25938.75,25941.25,576,25940.87,25939.75,0.00
2025-12-09,05:02:00,25941,25942.75,25932.25,25934.5,633,25940.85,25939.70,0.00
2025-12-09,05:03:00,25934.25,25940.5,25933.25,25938.5,378,25940.84,25939.68,0.00
2025-12-09,05:04:00,25939,25939.75,25932.5,25934.5,343,25940.82,25939.64,0.00
2025-12-09,05:05:00,25934.5,25941.25,25930.25,25940.75,559,25940.80,25939.61,0.00
2025-12-09,05:06:00,25941.25,25943.25,25929.5,25929.5,457,25940.78,25939.55,0.00
2025-12-09,05:07:00,25930,25930.5,25925.5,25929,773,25940.69,25939.35,0.00
2025-12-09,05:08:00,25929.25,25931.25,25925.75,25927.5,270,25940.66,25939.28,0.00
2025-12-09,05:09:00,25927.25,25935,25926.5,25928.75,262,25940.64,25939.23,0.00
2025-12-09,05:10:00,25928.25,25931.25,25926.5,25927.25,174,25940.62,25939.19,0.00
2025-12-09,05:11:00,25927,25934.75,25926,25933.75,326,25940.59,25939.13,0.00
2025-12-09,05:12:00,25933.5,25935.25,25931.25,25932.25,186,25940.58,25939.10,0.00
2025-12-09,05:13:00,25932.25,25937.25,25929.75,25936.25,297,25940.56,25939.07,0.00
2025-12-09,05:14:00,25936,25937,25933.75,25934,127,25940.55,25939.06,0.00
2025-12-09,05:15:00,25934.25,25934.75,25930.75,25934,164,25940.54,25939.04,0.00
2025-12-09,05:16:00,25934,25936,25930.75,25932,191,25940.53,25939.01,0.00
2025-12-09,05:17:00,25932.75,25932.75,25928.25,25932,190,25940.52,25938.98,0.00
2025-12-09,05:18:00,25931.75,25932,25924.25,25926.75,248,25940.49,25938.92,0.00
2025-12-09,05:19:00,25927.25,25929.5,25924.5,25924.75,254,25940.46,25938.85,0.00
2025-12-09,05:20:00,25924.25,25926,25922.5,25925.5,366,25940.41,25938.74,0.00
2025-12-09,05:21:00,25925.25,25925.75,25919.25,25922,464,25940.33,25938.58,0.00
2025-12-09,05:22:00,25922.5,25926.5,25922.5,25926,269,25940.30,25938.50,0.00
2025-12-09,05:23:00,25925.75,25925.75,25920.75,25920.75,184,25940.27,25938.44,0.00
2025-12-09,05:24:00,25920.5,25922,25919.5,25920.5,210,25940.23,25938.36,0.00
2025-12-09,05:25:00,25921,25925,25920,25923.75,300,25940.19,25938.26,0.00
2025-12-09,05:26:00,25923.75,25923.75,25915.75,25920.75,485,25940.11,25938.08,0.00
2025-12-09,05:27:00,25921,25921.5,25918.25,25919.25,146,25940.08,25938.02,0.00
2025-12-09,05:28:00,25918.5,25919.25,25913.5,25913.75,592,25939.96,25937.75,0.00
2025-12-09,05:29:00,25913.25,25919.75,25913.25,25919,294,25939.90,25937.63,0.00
2025-12-09,05:30:00,25919.25,25920.75,25915.75,25920.25,374,25939.83,25937.49,0.00
2025-12-09,05:31:00,25920.25,25925.5,25918.25,25921.5,527,25939.75,25937.33,0.00
2025-12-09,05:32:00,25921,25924.75,25920.5,25924,296,25939.71,25937.24,0.00
2025-12-09,05:33:00,25924.5,25929,25921.25,25927.5,492,25939.66,25937.13,0.00
2025-12-09,05:34:00,25928,25928.25,25923.25,25926,233,25939.63,25937.08,0.00
2025-12-09,05:35:00,25926.5,25926.5,25924,25925,101,25939.62,25937.06,0.00
2025-12-09,05:36:00,25925.5,25927.25,25922.75,25924,156,25939.60,25937.02,0.00
2025-12-09,05:37:00,25924,25925.5,25920.25,25925,195,25939.57,25936.97,0.00
2025-12-09,05:38:00,25923.75,25923.75,25916.5,25919.75,309,25939.52,25936.87,0.00
2025-12-09,05:39:00,25919.5,25921,25916.25,25916.5,215,25939.48,25936.79,0.00
2025-12-09,05:40:00,25916.25,25916.5,25907.25,25907.25,605,25939.34,25936.49,0.00
2025-12-09,05:41:00,25907.75,25908.75,25903.25,25908.25,739,25939.14,25936.08,0.00
2025-12-09,05:42:00,25908.5,25911.5,25905.75,25908.75,324,25939.06,25935.92,0.00
2025-12-09,05:43:00,25909,25912.75,25908.25,25912,185,25939.02,25935.83,0.00
2025-12-09,05:44:00,25912.25,25915.75,25911,25911,335,25938.94,25935.69,0.00
2025-12-09,05:45:00,25911,25912.75,25908.75,25910.75,257,25938.89,25935.57,0.00
2025-12-09,05:46:00,25910.75,25916.25,25909.75,25916.25,317,25938.82,25935.45,0.00
2025-12-09,05:47:00,25915.25,25916.25,25909.5,25912.75,330,25938.75,25935.31,0.00
2025-12-09,05:48:00,25912.75,25916.5,25910.5,25914.5,149,25938.72,25935.26,0.00
2025-12-09,05:49:00,25914,25919.75,25914,25918.25,207,25938.69,25935.19,0.00
2025-12-09,05:50:00,25918.5,25919.5,25916,25916.25,124,25938.67,25935.15,0.00
2025-12-09,05:51:00,25916.25,25918.75,25914,25915.5,158,25938.64,25935.10,0.00
2025-12-09,05:52:00,25915.25,25916.75,25913.75,25916.75,103,25938.62,25935.06,0.00
2025-12-09,05:53:00,25916.5,25919.75,25916.5,25919.25,134,25938.60,25935.02,0.00
2025-12-09,05:54:00,25919,25919,25914,25919,85,25938.58,25934.99,0.00
2025-12-09,05:55:00,25918.75,25920.75,25916.25,25916.25,109,25938.56,25934.96,0.00
2025-12-09,05:56:00,25915.75,25916.75,25912,25912,150,25938.53,25934.90,0.00
2025-12-09,05:57:00,25912.5,25916.25,25912.25,25913,98,25938.52,25934.87,0.00
2025-12-09,05:58:00,25913.25,25913.5,25910.25,25910.5,128,25938.49,25934.82,0.00
2025-12-09,05:59:00,25910.5,25911.75,25906.25,25907.75,309,25938.41,25934.67,0.00
2025-12-09,06:00:00,25908.5,25910.5,25906.25,25910.25,242,25938.36,25934.57,0.00
2025-12-09,06:01:00,25909.5,25912.75,25908.5,25912,296,25938.29,25934.45,0.00
2025-12-09,06:02:00,25911.5,25912.5,25908.25,25908.75,172,25938.25,25934.37,0.00
2025-12-09,06:03:00,25909,25912.25,25908.5,25912,144,25938.22,25934.31,0.00
2025-12-09,06:04:00,25912.5,25915.25,25910.75,25913.25,297,25938.16,25934.21,0.00
2025-12-09,06:05:00,25912.25,25914,25909.75,25913.25,134,25938.14,25934.16,0.00
2025-12-09,06:06:00,25912.25,25914.75,25912.25,25913.5,99,25938.12,25934.12,0.00
2025-12-09,06:07:00,25914,25914.5,25907.75,25911.75,177,25938.08,25934.05,0.00
2025-12-09,06:08:00,25912,25916.75,25912,25916,234,25938.04,25933.98,0.00
2025-12-09,06:09:00,25916.75,25917.5,25914,25914.5,145,25938.01,25933.93,0.00
2025-12-09,06:10:00,25914.5,25916.75,25913,25916.75,131,25937.99,25933.89,0.00
2025-12-09,06:11:00,25916.75,25925,25916.5,25924,478,25937.93,25933.79,0.00
2025-12-09,06:12:00,25924.25,25928.25,25923.25,25925.5,414,25937.89,25933.74,0.00
2025-12-09,06:13:00,25925.25,25928,25924.5,25926.5,214,25937.87,25933.71,0.00
2025-12-09,06:14:00,25926.25,25929.5,25921.5,25921.75,352,25937.83,25933.66,0.00
2025-12-09,06:15:00,25922.25,25925.5,25922,25925.25,175,25937.82,25933.63,0.00
2025-12-09,06:16:00,25925.5,25928.25,25924.25,25926.5,157,25937.80,25933.61,0.00
2025-12-09,06:17:00,25927.5,25930.25,25925.75,25929.25,184,25937.79,25933.59,0.00
2025-12-09,06:18:00,25929.25,25931,25926.25,25927.25,253,25937.77,25933.57,0.00
2025-12-09,06:19:00,25926.75,25929.75,25926.5,25929.25,101,25937.76,25933.56,0.00
2025-12-09,06:20:00,25929.75,25931.75,25928.75,25931,184,25937.75,25933.56,0.00
2025-12-09,06:21:00,25931,25932.5,25928.25,25929.25,245,25937.74,25933.54,0.00
2025-12-09,06:22:00,25929.5,25929.5,25920.75,25927,613,25937.68,25933.46,0.00
2025-12-09,06:23:00,25928,25932,25927.5,25929,295,25937.66,25933.45,0.00
2025-12-09,06:24:00,25929.5,25933,25929,25932.5,180,25937.65,25933.44,0.00
2025-12-09,06:25:00,25932.75,25936.5,25931.5,25934,432,25937.64,25933.44,0.00
2025-12-09,06:26:00,25934.25,25938.25,25933.75,25938,276,25937.64,25933.46,0.00
2025-12-09,06:27:00,25938.25,25942.25,25937.75,25941.5,465,25937.65,25933.51,0.00
2025-12-09,06:28:00,25942.25,25945.75,25940.25,25944,445,25937.67,25933.58,0.00
2025-12-09,06:29:00,25944,25945,25940,25941.25,280,25937.68,25933.61,0.00
2025-12-09,06:30:00,25941.5,25943.25,25938.5,25941,268,25937.69,25933.64,0.00
2025-12-09,06:31:00,25941.75,25942.25,25938.25,25938.75,251,25937.69,25933.67,0.00
2025-12-09,06:32:00,25938.75,25941.5,25937.75,25940.25,156,25937.69,25933.68,0.00
2025-12-09,06:33:00,25940.5,25944.75,25940.25,25941.75,234,25937.70,25933.71,0.00
2025-12-09,06:34:00,25942,25942.5,25939.25,25941,136,25937.70,25933.73,0.00
2025-12-09,06:35:00,25941,25941.5,25938.5,25938.75,106,25937.70,25933.74,0.00
2025-12-09,06:36:00,25938.75,25940.75,25936.75,25940.75,223,25937.71,25933.76,0.00
2025-12-09,06:37:00,25940.5,25942.75,25940,25941.5,204,25937.71,25933.78,0.00
2025-12-09,06:38:00,25941.5,25945,25940.75,25941.25,238,25937.72,25933.81,0.00
2025-12-09,06:39:00,25941.5,25942.5,25938.75,25939.5,167,25937.72,25933.83,0.00
2025-12-09,06:40:00,25939,25941,25854.25,25887.5,9133,25934.98,25894.25,0.00
2025-12-09,06:41:00,25886,25917.25,25874.75,25915.25,2852,25934.35,25896.19,0.00
2025-12-09,06:42:00,25917.5,25919.25,25892.75,25899,1734,25933.99,25897.14,0.00
2025-12-09,06:43:00,25898.75,25910.25,25892.25,25904,1120,25933.75,25897.52,0.00
2025-12-09,06:44:00,25903.5,25909.75,25901.25,25906,633,25933.64,25897.85,0.00
2025-12-09,06:45:00,25905.75,25912.5,25902.5,25910.25,688,25933.52,25898.30,0.00
2025-12-09,06:46:00,25910.5,25913.25,25907,25909.5,621,25933.43,25898.73,0.00
2025-12-09,06:47:00,25910.5,25911.5,25897.75,25897.75,581,25933.31,25898.85,0.00
2025-12-09,06:48:00,25898,25901.25,25890.5,25896.5,1154,25933.03,25898.68,0.00
2025-12-09,06:49:00,25896.25,25901.5,25890.5,25892.25,677,25932.86,25898.54,0.00
2025-12-09,06:50:00,25893,25899.75,25890.5,25898.75,542,25932.73,25898.48,0.00
2025-12-09,06:51:00,25899,25905.25,25896.75,25904.25,717,25932.59,25898.61,0.00
2025-12-09,06:52:00,25905,25910.25,25902.5,25906,758,25932.46,25898.88,0.00
2025-12-09,06:53:00,25905.75,25916.25,25904.25,25907.75,894,25932.33,25899.31,0.00
2025-12-09,06:54:00,25907.75,25917.25,25907.75,25913.25,567,25932.26,25899.64,0.00
2025-12-09,06:55:00,25912.75,25920.25,25912.75,25919.75,488,25932.22,25900.02,0.00
2025-12-09,06:56:00,25920.25,25928.75,25920.25,25923.25,861,25932.17,25900.88,0.00
2025-12-09,06:57:00,25923.75,25924.75,25916.25,25916.25,532,25932.13,25901.28,0.00
2025-12-09,06:58:00,25916.75,25918.75,25911.25,25918.75,596,25932.07,25901.63,0.00
2025-12-09,06:59:00,25917.25,25920.25,25916.75,25918.25,250,25932.05,25901.80,0.00
2025-12-09,07:00:00,25917.75,25925.75,25917.25,25921,440,25932.02,25902.13,0.00
2025-12-09,07:01:00,25921.25,25925,25906.75,25911.75,1106,25931.90,25902.64,0.00
2025-12-09,07:02:00,25911.25,25915.5,25900.25,25901.75,1064,25931.73,25902.76,0.00
2025-12-09,07:03:00,25901.25,25908.75,25899,25908.25,723,25931.62,25902.82,0.00
2025-12-09,07:04:00,25909,25921,25908.25,25920,875,25931.54,25903.23,0.00
2025-12-09,07:05:00,25920,25921.5,25910.5,25912.75,459,25931.49,25903.40,0.00
2025-12-09,07:06:00,25914.25,25916,25910.75,25914.25,231,25931.46,25903.48,0.00
2025-12-09,07:07:00,25914,25916,25909.5,25910,246,25931.44,25903.55,0.00
2025-12-09,07:08:00,25909.75,25910.75,25905.75,25906.25,381,25931.38,25903.60,0.00
2025-12-09,07:09:00,25905.75,25910.25,25903.5,25910,380,25931.33,25903.65,0.00
2025-12-09,07:10:00,25909,25911.75,25907.5,25908.5,256,25931.29,25903.70,0.00
2025-12-09,07:11:00,25908.25,25911,25905.75,25908.75,362,25931.24,25903.75,0.00
2025-12-09,07:12:00,25909.25,25909.5,25901,25901.75,287,25931.20,25903.75,0.00
2025-12-09,07:13:00,25901.75,25902.75,25895.75,25898.25,774,25931.05,25903.64,0.00
2025-12-09,07:14:00,25898.5,25899.75,25891.75,25893.75,628,25930.92,25903.48,0.00
2025-12-09,07:15:00,25894,25901.75,25892,25898.5,651,25930.79,25903.37,0.00
2025-12-09,07:16:00,25899.25,25902,25895.5,25896.5,366,25930.72,25903.31,0.00
2025-12-09,07:17:00,25896.75,25897,25883.75,25888,1015,25930.47,25902.92,0.00
2025-12-09,07:18:00,25888,25901.5,25886.25,25891.5,1363,25930.18,25902.56,0.00
2025-12-09,07:19:00,25892,25897.75,25888.75,25896.25,466,25930.08,25902.45,0.00
2025-12-09,07:20:00,25896.5,25900.75,25892.5,25899,420,25930.00,25902.40,0.00
2025-12-09,07:21:00,25899.25,25910.25,25899,25908.25,839,25929.89,25902.47,0.00
2025-12-09,07:22:00,25909,25913,25907.75,25910.75,492,25929.83,25902.57,0.00
2025-12-09,07:23:00,25910.5,25911.25,25902.75,25907.25,490,25929.77,25902.63,0.00
2025-12-09,07:24:00,25907,25908.5,25903.5,25904.5,195,25929.74,25902.64,0.00
2025-12-09,07:25:00,25904.25,25908.5,25900.5,25904.5,367,25929.69,25902.66,0.00
2025-12-09,07:26:00,25905.5,25906.25,25902.25,25903,222,25929.65,25902.66,0.00
2025-12-09,07:27:00,25902,25908,25899.25,25907.5,311,25929.61,25902.68,0.00
2025-12-09,07:28:00,25907.75,25915.25,25906.75,25914.5,484,25929.56,25902.79,0.00
2025-12-09,07:29:00,25914.5,25918.25,25912.25,25916.25,580,25929.52,25902.97,0.00
2025-12-09,07:30:00,25916.25,25922,25916.25,25920.75,661,25929.48,25903.23,0.00
2025-12-09,07:31:00,25921,25922,25914.75,25918.75,480,25929.45,25903.40,0.00
2025-12-09,07:32:00,25918.25,25920.5,25912.25,25918.25,358,25929.43,25903.51,0.00
2025-12-09,07:33:00,25919,25919.5,25914.5,25915.25,201,25929.41,25903.57,0.00
2025-12-09,07:34:00,25915,25917.5,25911,25915.25,326,25929.38,25903.65,0.00
2025-12-09,07:35:00,25915.75,25917.75,25913.75,25915.75,249,25929.37,25903.72,0.00
2025-12-09,07:36:00,25916.75,25919,25916,25918.75,233,25929.35,25903.80,0.00
2025-12-09,07:37:00,25917.75,25918.25,25913,25915.75,239,25929.33,25903.86,0.00
2025-12-09,07:38:00,25915.75,25919.25,25915.75,25918.75,167,25929.32,25903.91,0.00
2025-12-09,07:39:00,25918.75,25920.25,25916,25917.5,136,25929.31,25903.95,0.00
2025-12-09,07:40:00,25917.75,25921,25916.75,25918.5,234,25929.30,25904.03,0.00
2025-12-09,07:41:00,25917.75,25919.25,25916.75,25918.5,125,25929.29,25904.07,0.00
2025-12-09,07:42:00,25918.5,25924.75,25917.5,25924.75,336,25929.28,25904.21,0.00
2025-12-09,07:43:00,25924.5,25934.75,25924.5,25931.75,789,25929.28,25904.65,0.00
2025-12-09,07:44:00,25932.5,25933.5,25927.75,25930.5,364,25929.29,25904.85,0.00
2025-12-09,07:45:00,25930.75,25931.75,25925.5,25928.75,266,25929.29,25904.99,0.00
2025-12-09,07:46:00,25929,25930.5,25928.25,25928.5,145,25929.29,25905.06,0.00
2025-12-09,07:47:00,25928.25,25933.25,25927,25930.75,256,25929.29,25905.20,0.00
2025-12-09,07:48:00,25931.5,25932.75,25924.25,25924.25,264,25929.28,25905.32,0.00
2025-12-09,07:49:00,25924.75,25928.5,25923.75,25928.25,141,25929.28,25905.38,0.00
2025-12-09,07:50:00,25928.25,25930.5,25925.5,25929.75,286,25929.28,25905.52,0.00
2025-12-09,07:51:00,25930,25932,25926.5,25926.75,262,25929.28,25905.64,0.00
2025-12-09,07:52:00,25926.5,25931.75,25922.5,25928.5,338,25929.28,25905.79,0.00
2025-12-09,07:53:00,25929,25930,25925,25925.75,84,25929.28,25905.83,0.00
2025-12-09,07:54:00,25926.75,25930.5,25926.25,25926.75,184,25929.27,25905.91,0.00
2025-12-09,07:55:00,25926.75,25929.5,25926.25,25927.5,89,25929.27,25905.95,0.00
2025-12-09,07:56:00,25928,25929.75,25926,25926,133,25929.27,25906.01,0.00
2025-12-09,07:57:00,25926.5,25927.75,25922.25,25924.25,216,25929.27,25906.09,0.00
2025-12-09,07:58:00,25924.25,25925,25922.25,25922.75,165,25929.26,25906.15,0.00
2025-12-09,07:59:00,25923,25927,25921.75,25925,205,25929.26,25906.23,0.00
2025-12-09,08:00:00,25925,25925.75,25922,25925.75,249,25929.25,25906.32,0.00
2025-12-09,08:01:00,25926.25,25929.75,25923.25,25926,500,25929.24,25906.52,0.00
2025-12-09,08:02:00,25926,25928.25,25920,25924.5,352,25929.23,25906.64,0.00
2025-12-09,08:03:00,25924.75,25928.75,25917.25,25920.5,520,25929.21,25906.79,0.00
2025-12-09,08:04:00,25920,25924.75,25913.25,25924.75,707,25929.18,25906.99,0.00
2025-12-09,08:05:00,25924,25926,25921.5,25922.5,229,25929.17,25907.06,0.00
2025-12-09,08:06:00,25922,25924.25,25918,25923.75,228,25929.17,25907.12,0.00
2025-12-09,08:07:00,25923,25927.5,25922.5,25927,199,25929.16,25907.19,0.00
2025-12-09,08:08:00,25927.25,25928.25,25921.5,25921.5,297,25929.15,25907.29,0.00
2025-12-09,08:09:00,25921.25,25923.25,25919.75,25920.5,185,25929.15,25907.33,0.00
2025-12-09,08:10:00,25920.5,25924.25,25919,25922.25,111,25929.14,25907.36,0.00
2025-12-09,08:11:00,25922.75,25923,25917.25,25922.75,244,25929.13,25907.43,0.00
2025-12-09,08:12:00,25922.25,25925.5,25920.75,25923.75,231,25929.12,25907.49,0.00
2025-12-09,08:13:00,25923.5,25925.75,25917.75,25925.25,257,25929.12,25907.57,0.00
2025-12-09,08:14:00,25925,25927.25,25920.25,25920.25,211,25929.11,25907.63,0.00
2025-12-09,08:15:00,25921,25922.5,25918.75,25920,154,25929.10,25907.66,0.00
2025-12-09,08:16:00,25920,25921.25,25914,25917,382,25929.08,25907.73,0.00
2025-12-09,08:17:00,25917,25919,25914.25,25919,221,25929.06,25907.77,0.00
2025-12-09,08:18:00,25919,25920.75,25917,25917.75,133,25929.06,25907.79,0.00
2025-12-09,08:19:00,25917.5,25918.5,25916.5,25918,109,25929.05,25907.81,0.00
2025-12-09,08:20:00,25918,25918.25,25913.5,25914.5,256,25929.03,25907.85,0.00
2025-12-09,08:21:00,25914,25915,25911,25912.5,410,25929.00,25907.89,0.00
2025-12-09,08:22:00,25912.25,25921.75,25912.25,25920,410,25928.97,25907.96,0.00
2025-12-09,08:23:00,25920.25,25923,25914.5,25918.75,286,25928.96,25908.01,0.00
2025-12-09,08:24:00,25918.5,25921,25915.5,25916,309,25928.94,25908.06,0.00
2025-12-09,08:25:00,25916.25,25918,25914.75,25917.25,153,25928.93,25908.09,0.00
2025-12-09,08:26:00,25917.75,25921.5,25915,25916,262,25928.91,25908.13,0.00
2025-12-09,08:27:00,25915.5,25919.75,25911.75,25919.25,302,25928.90,25908.18,0.00
2025-12-09,08:28:00,25919.5,25920.5,25917.75,25920,173,25928.89,25908.21,0.00
2025-12-09,08:29:00,25920.25,25920.5,25916.75,25917.5,93,25928.88,25908.23,0.00
2025-12-09,08:30:00,25917,25919,25916.25,25916.5,131,25928.87,25908.25,0.00
2025-12-09,08:31:00,25916.5,25920.5,25916.25,25917.25,249,25928.86,25908.29,0.00
2025-12-09,08:32:00,25917,25918.75,25913.75,25918.25,345,25928.84,25908.34,0.00
2025-12-09,08:33:00,25917.5,25919.75,25914.5,25914.5,143,25928.83,25908.36,0.00
2025-12-09,08:34:00,25914.5,25916,25911.25,25914.75,246,25928.81,25908.38,0.00
2025-12-09,08:35:00,25914.25,25918.75,25913.5,25918.25,186,25928.80,25908.41,0.00
2025-12-09,08:36:00,25918.25,25918.5,25911.5,25914,321,25928.78,25908.44,0.00
2025-12-09,08:37:00,25915,25919.5,25914,25917,274,25928.76,25908.48,0.00
2025-12-09,08:38:00,25916.75,25917.25,25913,25913.5,221,25928.74,25908.50,0.00
2025-12-09,08:39:00,25913.75,25916.5,25912.75,25916.5,197,25928.73,25908.52,0.00
2025-12-09,08:40:00,25915.75,25917.5,25912.25,25913.75,286,25928.71,25908.55,0.00
2025-12-09,08:41:00,25914,25917,25908.5,25913.5,805,25928.65,25908.61,0.00
2025-12-09,08:42:00,25913.25,25913.75,25905,25910.25,653,25928.58,25908.62,0.00
2025-12-09,08:43:00,25909.5,25912.75,25907,25908.5,346,25928.55,25908.63,0.00
2025-12-09,08:44:00,25908.75,25911.25,25902.5,25905.25,519,25928.49,25908.61,0.00
2025-12-09,08:45:00,25905.75,25908,25903,25906.75,305,25928.46,25908.59,0.00
2025-12-09,08:46:00,25906.5,25906.5,25901,25903.25,670,25928.37,25908.54,0.00
2025-12-09,08:47:00,25903.75,25906.5,25898.5,25906.5,555,25928.30,25908.50,0.00
2025-12-09,08:48:00,25905.75,25910,25905.5,25909.5,389,25928.27,25908.50,0.00
2025-12-09,08:49:00,25910,25917,25910,25913,509,25928.23,25908.54,0.00
2025-12-09,08:50:00,25913,25917.5,25913,25915.5,391,25928.20,25908.58,0.00
2025-12-09,08:51:00,25915,25919,25910.75,25917.5,423,25928.18,25908.62,0.00
2025-12-09,08:52:00,25918.25,25925.5,25918.25,25924.25,638,25928.16,25908.76,0.00
2025-12-09,08:53:00,25925,25925.25,25921,25922,281,25928.15,25908.82,0.00
2025-12-09,08:54:00,25922.25,25925.25,25919.5,25920.25,304,25928.14,25908.88,0.00
2025-12-09,08:55:00,25920.5,25924.5,25919.25,25923,429,25928.13,25908.96,0.00
2025-12-09,08:56:00,25922.5,25926,25920.25,25925.5,288,25928.12,25909.02,0.00
2025-12-09,08:57:00,25925.5,25926,25918.5,25919.75,532,25928.11,25909.12,0.00
2025-12-09,08:58:00,25919.5,25920,25915.25,25916.75,397,25928.09,25909.17,0.00
2025-12-09,08:59:00,25917.25,25918.75,25915.25,25918.75,149,25928.08,25909.18,0.00
2025-12-09,09:00:00,25919,25919,25912.75,25917.5,410,25928.05,25909.23,0.00
2025-12-09,09:01:00,25917,25917,25909.5,25909.5,584,25928.01,25909.25,0.00
2025-12-09,09:02:00,25909.5,25912.25,25901.75,25906.5,772,25927.93,25909.22,0.00
2025-12-09,09:03:00,25906.75,25909,25904.75,25907.25,379,25927.89,25909.21,0.00
2025-12-09,09:04:00,25907.5,25911,25905.25,25907.75,343,25927.86,25909.21,0.00
2025-12-09,09:05:00,25908,25912.75,25907.5,25911,321,25927.83,25909.21,0.00
2025-12-09,09:06:00,25911.25,25914.75,25908.75,25911.75,306,25927.81,25909.22,0.00
2025-12-09,09:07:00,25911.25,25912.25,25907.5,25909.75,303,25927.78,25909.23,0.00
2025-12-09,09:08:00,25910,25917,25908.5,25916.25,322,25927.76,25909.25,0.00
2025-12-09,09:09:00,25915.75,25919.25,25913.25,25914.75,481,25927.73,25909.29,0.00
2025-12-09,09:10:00,25914.5,25917.5,25914,25916,161,25927.72,25909.30,0.00
2025-12-09,09:11:00,25916,25917,25910,25910.25,516,25927.69,25909.32,0.00
2025-12-09,09:12:00,25910,25914.75,25909.75,25911.75,266,25927.67,25909.33,0.00
2025-12-09,09:13:00,25910.5,25912.5,25909.75,25911,162,25927.65,25909.34,0.00
2025-12-09,09:14:00,25910.5,25912,25909.5,25909.5,191,25927.64,25909.34,0.00
2025-12-09,09:15:00,25910.25,25910.25,25907,25909,294,25927.61,25909.34,0.00
2025-12-09,09:16:00,25909,25909.5,25899.25,25899.5,716,25927.53,25909.28,0.00
2025-12-09,09:17:00,25900,25906.25,25898,25903,877,25927.42,25909.20,0.00
2025-12-09,09:18:00,25902.75,25910.5,25902.25,25906.75,759,25927.35,25909.17,0.00
2025-12-09,09:19:00,25906.75,25907.5,25903.75,25907.25,328,25927.32,25909.16,0.00
2025-12-09,09:20:00,25907.5,25912.5,25906.75,25908.5,463,25927.28,25909.16,0.00
2025-12-09,09:21:00,25908.5,25910.25,25904,25905.75,394,25927.24,25909.15,0.00
2025-12-09,09:22:00,25905.25,25909.75,25903.75,25906.25,496,25927.19,25909.13,0.00
2025-12-09,09:23:00,25906.5,25906.75,25899.75,25900.5,501,25927.13,25909.09,0.00
2025-12-09,09:24:00,25900.75,25902.75,25886.75,25894.25,1366,25926.93,25908.84,0.00
2025-12-09,09:25:00,25894.75,25898.75,25893.25,25894.75,582,25926.84,25908.75,0.00
2025-12-09,09:26:00,25895,25901.75,25892.5,25899.25,630,25926.76,25908.66,0.00
2025-12-09,09:27:00,25899,25904.25,25899,25903,557,25926.70,25908.62,0.00
2025-12-09,09:28:00,25903.25,25906.25,25902.5,25906.25,409,25926.66,25908.60,0.00
2025-12-09,09:29:00,25905.75,25908.25,25902.75,25904.75,383,25926.62,25908.59,0.00
2025-12-09,09:30:00,25904.5,25905.75,25902.25,25902.5,269,25926.59,25908.57,0.00
2025-12-09,09:31:00,25903,25903.25,25895.5,25902,685,25926.51,25908.50,0.00
2025-12-09,09:32:00,25902,25905,25898,25898.5,495,25926.45,25908.46,0.00
2025-12-09,09:33:00,25898.5,25899.25,25886.75,25887.5,894,25926.31,25908.28,0.00
2025-12-09,09:34:00,25886.75,25888,25880.75,25881.75,1086,25926.10,25907.97,0.00
2025-12-09,09:35:00,25881.25,25883.75,25875.75,25876.25,1161,25925.85,25907.58,0.00
2025-12-09,09:36:00,25877,25877.25,25871.25,25873,1159,25925.58,25907.14,0.00
2025-12-09,09:37:00,25872.5,25873,25860.25,25865.5,1611,25925.16,25906.41,0.00
2025-12-09,09:38:00,25864.75,25877.25,25864.25,25876.75,1299,25924.86,25905.94,0.00
2025-12-09,09:39:00,25876.5,25881.75,25876,25877.5,942,25924.67,25905.66,0.00
2025-12-09,09:40:00,25877.75,25885.25,25874.75,25884.25,804,25924.52,25905.45,0.00
2025-12-09,09:41:00,25884,25884.5,25878.25,25881,663,25924.39,25905.28,0.00
2025-12-09,09:42:00,25881,25884,25878.25,25881.75,583,25924.28,25905.14,0.00
2025-12-09,09:43:00,25881.25,25883.25,25874.25,25883.25,770,25924.14,25904.94,0.00
2025-12-09,09:44:00,25883,25883.5,25878.5,25881.25,457,25924.05,25904.82,0.00
2025-12-09,09:45:00,25880.75,25883,25877.25,25878.5,356,25923.98,25904.73,0.00
2025-12-09,09:46:00,25878.5,25892.5,25878,25882,1350,25923.75,25904.45,0.00
2025-12-09,09:47:00,25882,25884,25879.25,25884,488,25923.67,25904.34,0.00
2025-12-09,09:48:00,25883.5,25884,25880.75,25882.75,257,25923.62,25904.28,0.00
2025-12-09,09:49:00,25882.75,25883.25,25874.75,25877,648,25923.50,25904.11,0.00
2025-12-09,09:50:00,25876.5,25878.5,25872.25,25874.25,795,25923.33,25903.88,0.00
2025-12-09,09:51:00,25874,25875,25868.5,25870,852,25923.15,25903.61,0.00
2025-12-09,09:52:00,25870,25874,25868.75,25873.25,613,25923.01,25903.41,0.00
2025-12-09,09:53:00,25873.5,25877.25,25870,25876.5,681,25922.87,25903.22,0.00
2025-12-09,09:54:00,25876.25,25877.25,25870,25871,488,25922.77,25903.08,0.00
2025-12-09,09:55:00,25871,25872.5,25861.25,25863.5,1010,25922.53,25902.72,0.00
2025-12-09,09:56:00,25863,25873.5,25862.75,25868.75,1005,25922.30,25902.39,0.00
2025-12-09,09:57:00,25868.75,25870.5,25865,25869.75,528,25922.19,25902.22,0.00
2025-12-09,09:58:00,25869.25,25871.5,25868,25868.25,356,25922.11,25902.10,0.00
2025-12-09,09:59:00,25868.75,25870.75,25862.25,25866.75,664,25921.96,25901.88,0.00
2025-12-09,10:00:00,25866,25872,25865.25,25869.25,594,25921.83,25901.70,0.00
2025-12-09,10:01:00,25869.75,25877.25,25868.25,25873,1329,25921.56,25901.34,0.00
2025-12-09,10:02:00,25873,25878,25871.75,25876,720,25921.42,25901.17,0.00
2025-12-09,10:03:00,25875.5,25876.25,25869.75,25875.5,563,25921.31,25901.03,0.00
2025-12-09,10:04:00,25876,25878.75,25870,25870.25,764,25921.16,25900.84,0.00
2025-12-09,10:05:00,25870,25870.75,25866,25866.75,876,25920.97,25900.58,0.00
2025-12-09,10:06:00,25867.25,25870.75,25865.25,25868.5,588,25920.85,25900.41,0.00
2025-12-09,10:07:00,25869.25,25869.75,25861.75,25864.25,1129,25920.60,25900.06,0.00
2025-12-09,10:08:00,25864.5,25868.75,25862.5,25867.75,476,25920.49,25899.92,0.00
2025-12-09,10:09:00,25868,25868,25858.5,25860,862,25920.29,25899.63,0.00
2025-12-09,10:10:00,25860.25,25861,25856,25860,969,25920.05,25899.29,0.00
2025-12-09,10:11:00,25859.5,25864,25850.75,25862.75,1931,25919.59,25859.17,0.00
2025-12-09,10:12:00,25862.75,25867.5,25860.5,25865.25,1016,25919.37,25860.98,0.00
2025-12-09,10:13:00,25865.5,25871.25,25864,25871,956,25919.18,25862.88,0.00
2025-12-09,10:14:00,25870.75,25871.5,25864.75,25870.25,616,25919.06,25863.69,0.00
2025-12-09,10:15:00,25869.75,25871.25,25858.75,25859.25,804,25918.88,25863.60,0.00
2025-12-09,10:16:00,25859,25866.25,25858,25864,681,25918.73,25863.50,0.00
2025-12-09,10:17:00,25864.5,25866.75,25861.25,25861.75,562,25918.61,25863.48,0.00
2025-12-09,10:18:00,25861.25,25862,25856.25,25858.75,635,25918.46,25863.09,0.00
2025-12-09,10:19:00,25858.5,25864.5,25858,25862,462,25918.36,25862.99,0.00
2025-12-09,10:20:00,25862,25863,25858.25,25858.5,314,25918.29,25862.87,0.00
2025-12-09,10:21:00,25859,25862.25,25856.75,25859.75,511,25918.17,25862.67,0.00
2025-12-09,10:22:00,25860,25865,25859.25,25863.5,513,25918.06,25862.67,0.00
2025-12-09,10:23:00,25863.5,25867,25861,25864.25,525,25917.96,25862.75,0.00
2025-12-09,10:24:00,25865,25865,25856.75,25857.25,509,25917.84,25862.59,0.00
2025-12-09,10:25:00,25856.75,25857.75,25846,25854,2236,25917.29,25852.58,0.00
2025-12-09,10:26:00,25854.5,25860.75,25850.75,25856,1660,25916.90,25853.97,0.00
2025-12-09,10:27:00,25856.5,25858.25,25844.5,25845.75,1169,25916.60,25849.50,0.00
2025-12-09,10:28:00,25845.75,25858.5,25842.25,25856.5,1594,25916.22,25852.42,0.00
2025-12-09,10:29:00,25856,25863,25848,25861.25,1749,25915.84,25855.03,0.00
2025-12-09,10:30:00,25861.25,25874.25,25858.75,25871.5,2799,25915.35,25861.02,0.00
2025-12-09,10:31:00,25872,25892.25,25849.75,25855,11424,25913.35,25864.04,0.00
2025-12-09,10:32:00,25855.25,25864.5,25820,25836.25,12537,25910.25,25840.25,0.00
2025-12-09,10:33:00,25836,25840.5,25822.5,25823.5,5861,25908.67,25836.61,0.00
2025-12-09,10:34:00,25823.25,25844.75,25813.25,25842.25,9190,25906.44,25833.42,0.00
2025-12-09,10:35:00,25842,25854.25,25824.25,25833.75,7976,25904.72,25835.28,0.00
2025-12-09,10:36:00,25833.5,25862,25828.75,25854.75,7428,25903.44,25839.27,0.00
2025-12-09,10:37:00,25854.75,25861,25846,25851.25,5062,25902.67,25841.57,0.00
2025-12-09,10:38:00,25850,25879,25843.25,25878.25,6929,25901.93,25846.36,0.00
2025-12-09,10:39:00,25878.5,25888.25,25865.25,25887.75,6372,25901.53,25851.41,0.00
2025-12-09,10:40:00,25888.25,25900,25886.5,25893.5,8818,25901.33,25858.55,0.00
2025-12-09,10:41:00,25893.5,25906.5,25859.5,25861,11203,25900.54,25861.59,0.00
2025-12-09,10:42:00,25861.75,25877.75,25861.25,25875.75,5614,25900.10,25862.41,0.00
2025-12-09,10:43:00,25876,25885.5,25869,25880,4370,25899.85,25863.35,0.00
2025-12-09,10:44:00,25880,25882.5,25861.5,25868.25,4180,25899.53,25863.76,0.00
2025-12-09,10:45:00,25868.25,25876,25861,25865.25,4347,25899.16,25863.95,0.00
2025-12-09,10:46:00,25865.75,25875.75,25855.75,25865.5,4629,25898.76,25864.04,0.00
2025-12-09,10:47:00,25865.25,25887,25861.25,25886.25,4895,25898.50,25864.80,0.00
2025-12-09,10:48:00,25886.25,25888.25,25858.75,25862.75,4771,25898.16,25865.06,0.00
2025-12-09,10:49:00,25863,25867.5,25849,25865.25,5857,25897.62,25864.80,0.00
2025-12-09,10:50:00,25865.25,25876.5,25862.5,25871,3765,25897.36,25864.99,0.00
2025-12-09,10:51:00,25871.25,25880.75,25863,25879.5,3456,25897.17,25865.28,0.00
2025-12-09,10:52:00,25879.5,25886,25869.25,25873.25,3746,25896.98,25865.65,0.00
2025-12-09,10:53:00,25873.5,25879.75,25864.25,25873.5,2429,25896.84,25865.79,0.00
2025-12-09,10:54:00,25874,25880.25,25857.25,25857.25,3119,25896.60,25865.77,0.00
2025-12-09,10:55:00,25857.5,25866.5,25853.25,25865,3594,25896.30,25865.64,0.00
2025-12-09,10:56:00,25865.5,25871.25,25853.75,25869,3766,25896.02,25865.62,0.00
2025-12-09,10:57:00,25869,25879.75,25868,25877,3118,25895.87,25865.84,0.00
2025-12-09,10:58:00,25877,25878.5,25861.5,25865,2498,25895.71,25865.89,0.00
2025-12-09,10:59:00,25864.25,25875.5,25863,25872.5,1285,25895.64,25865.93,0.00
2025-12-09,11:00:00,25872.25,25890.75,25872.25,25883.5,3264,25895.53,25866.32,0.00
2025-12-09,11:01:00,25884,25895.25,25870.75,25892.5,5414,25895.42,25867.08,0.00
2025-12-09,11:02:00,25892.5,25895,25879.5,25881.75,3552,25895.34,25867.53,0.00
2025-12-09,11:03:00,25882,25922.75,25878.5,25920.5,9320,25895.58,25869.94,0.00
2025-12-09,11:04:00,25920.25,25923.25,25900.75,25903.5,5764,25895.75,25871.35,0.00
2025-12-09,11:05:00,25904,25906.25,25887.25,25891.75,5176,25895.75,25872.10,0.00
2025-12-09,11:06:00,25891.25,25900.75,25876,25878.25,6324,25895.60,25872.57,0.00
2025-12-09,11:07:00,25878,25890.75,25876.25,25886.5,5077,25895.48,25872.92,0.00
2025-12-09,11:08:00,25886.5,25899.25,25885.75,25893,3537,25895.46,25873.31,0.00
2025-12-09,11:09:00,25893,25893.5,25868.5,25874.25,5244,25895.28,25873.46,0.00
2025-12-09,11:10:00,25874.25,25891.5,25871.5,25891,3940,25895.20,25873.69,0.00
2025-12-09,11:11:00,25891.25,25898.25,25882.5,25890,3702,25895.16,25874.01,0.00
2025-12-09,11:12:00,25889.75,25895.5,25882.5,25885.25,3449,25895.11,25874.25,0.00
2025-12-09,11:13:00,25885.75,25896.25,25885.5,25893.75,1858,25895.10,25874.42,0.00
2025-12-09,11:14:00,25893.5,25903.25,25889.25,25892,3681,25895.10,25874.79,0.00
2025-12-09,11:15:00,25891.75,25897,25887.5,25889,1592,25895.08,25874.92,0.00
2025-12-09,11:16:00,25889,25892.25,25877.25,25891.75,4061,25895.02,25875.16,0.00
2025-12-09,11:17:00,25891.5,25893.75,25883.75,25893.75,2152,25895.00,25875.31,0.00
2025-12-09,11:18:00,25893.25,25901.75,25888.25,25895.5,2764,25895.00,25875.57,0.00
2025-12-09,11:19:00,25895.75,25896.75,25884.25,25887.75,2203,25894.98,25875.72,0.00
2025-12-09,11:20:00,25888.25,25892.25,25881,25888.25,2062,25894.95,25875.83,0.00
2025-12-09,11:21:00,25889,25893,25881.5,25891.5,1761,25894.93,25875.93,0.00
2025-12-09,11:22:00,25891.25,25897.75,25886.75,25888.25,1780,25894.91,25876.05,0.00
2025-12-09,11:23:00,25887.75,25891.5,25881.25,25889.5,2203,25894.88,25876.16,0.00
2025-12-09,11:24:00,25890.5,25897.75,25886,25893.5,1977,25894.87,25876.31,0.00
2025-12-09,11:25:00,25893.5,25904.75,25890.75,25901.75,3101,25894.90,25876.62,0.00
2025-12-09,11:26:00,25901.5,25906.25,25896.25,25903.5,2453,25894.93,25876.89,0.00
2025-12-09,11:27:00,25904.25,25905.75,25898.5,25900.75,2471,25894.96,25877.15,0.00
2025-12-09,11:28:00,25900.5,25901.5,25881.5,25889,4970,25894.92,25877.43,0.00
2025-12-09,11:29:00,25888.5,25898.25,25885.75,25898,2395,25894.92,25877.60,0.00
2025-12-09,11:30:00,25898.5,25917.25,25898.5,25910.25,6754,25895.09,25878.45,0.00
2025-12-09,11:31:00,25910.25,25915,25901.5,25911.75,4251,25895.20,25878.98,0.00
2025-12-09,11:32:00,25912,25920.25,25908.5,25911.5,4189,25895.33,25879.54,0.00
2025-12-09,11:33:00,25911.25,25913,25892.5,25900,4403,25895.38,25879.92,0.00
2025-12-09,11:34:00,25899.5,25906.25,25894.5,25900.25,2297,25895.40,25880.10,0.00
2025-12-09,11:35:00,25900.75,25911.5,25900.25,25908.75,2028,25895.45,25880.31,0.00
2025-12-09,11:36:00,25909,25910.25,25895,25900.75,2549,25895.48,25880.51,0.00
2025-12-09,11:37:00,25901.25,25908.25,25898,25904.25,1798,25895.50,25880.67,0.00
2025-12-09,11:38:00,25904,25909.25,25898.25,25899.75,1466,25895.52,25880.79,0.00
2025-12-09,11:39:00,25900.25,25903.25,25893.5,25896.25,2270,25895.53,25880.93,0.00
2025-12-09,11:40:00,25896,25906.25,25893.75,25906,1878,25895.55,25881.07,0.00
2025-12-09,11:41:00,25906,25909.5,25900,25906,1931,25895.58,25881.24,0.00
2025-12-09,11:42:00,25906.25,25922.25,25904.25,25914.25,4442,25895.72,25881.75,0.00
2025-12-09,11:43:00,25914.5,25917,25908.5,25915.75,1883,25895.78,25881.97,0.00
2025-12-09,11:44:00,25915.75,25930.25,25913.5,25930.25,4445,25895.99,25882.63,0.00
2025-12-09,11:45:00,25929.75,25934,25921.75,25933,3766,25896.21,25883.24,0.00
2025-12-09,11:46:00,25933.25,25936,25926.75,25928.25,4106,25896.44,25883.90,0.00
2025-12-09,11:47:00,25928.75,25929.25,25911.5,25915.75,5080,25896.63,25884.49,0.00
2025-12-09,11:48:00,25916,25920.75,25895.75,25896.75,5288,25896.70,25884.84,0.00
2025-12-09,11:49:00,25896.75,25901.5,25889,25892,5183,25896.68,25884.99,0.00
2025-12-09,11:50:00,25891.5,25906,25888.75,25905,4147,25896.70,25885.19,0.00
2025-12-09,11:51:00,25904.75,25924.25,25901.5,25922.5,5285,25896.87,25885.70,0.00
2025-12-09,11:52:00,25922.5,25931.5,25920,25929,3683,25897.04,25886.17,0.00
2025-12-09,11:53:00,25929.5,25932.25,25921,25925.25,2726,25897.17,25886.51,0.00
2025-12-09,11:54:00,25925.25,25928,25919.5,25925.5,1961,25897.25,25886.73,0.00
2025-12-09,11:55:00,25924.75,25928.25,25920.75,25925.5,1480,25897.32,25886.90,0.00
2025-12-09,11:56:00,25925.75,25940.25,25925.75,25932.75,4957,25897.60,25887.59,0.00
2025-12-09,11:57:00,25932.75,25934,25926.25,25928.25,1763,25897.68,25887.81,0.00
2025-12-09,11:58:00,25928.25,25935,25926.25,25933.5,1307,25897.75,25887.98,0.00
2025-12-09,11:59:00,25933.75,25935.25,25928.5,25933.5,1476,25897.83,25888.17,0.00
2025-12-09,12:00:00,25934,25938.25,25932.5,25937.25,1335,25897.91,25888.36,0.00
2025-12-09,12:01:00,25937,25944.75,25933.75,25942.25,4624,25898.22,25889.06,0.00
2025-12-09,12:02:00,25942.5,25949.25,25941.25,25947.75,3569,25898.48,25889.64,0.00
2025-12-09,12:03:00,25947.75,25957,25945.5,25951.25,4441,25898.84,25890.42,0.00
2025-12-09,12:04:00,25951.25,25951.25,25938.75,25941.25,3221,25899.06,25890.90,0.00
2025-12-09,12:05:00,25941.25,25947.25,25938.75,25944,1941,25899.19,25891.19,0.00
2025-12-09,12:06:00,25944.25,25956,25943.5,25953.5,2564,25899.39,25891.61,0.00
2025-12-09,12:07:00,25953.75,25954.75,25941.5,25942.25,2168,25899.54,25891.94,0.00
2025-12-09,12:08:00,25942,25944.75,25931,25938.75,3640,25899.75,25892.40,0.00
2025-12-09,12:09:00,25939,25940.25,25934,25936.5,1380,25899.83,25892.56,0.00
2025-12-09,12:10:00,25936.75,25942,25934,25938.75,1716,25899.93,25892.78,0.00
2025-12-09,12:11:00,25938.5,25942.5,25937.25,25939,1261,25900.00,25892.94,0.00
2025-12-09,12:12:00,25938.75,25945.75,25938,25942.5,2095,25900.13,25893.21,0.00
2025-12-09,12:13:00,25943,25948.75,25941.5,25941.75,1596,25900.23,25893.43,0.00
2025-12-09,12:14:00,25942,25945.5,25938,25941.25,1324,25900.32,25893.60,0.00
2025-12-09,12:15:00,25941.75,25947.25,25939.5,25944.5,1007,25900.38,25893.73,0.00
2025-12-09,12:16:00,25945,25952.75,25944.25,25950.5,2458,25900.56,25894.09,0.00
2025-12-09,12:17:00,25950.75,25963,25950.5,25957.5,4996,25900.97,25894.91,0.00
2025-12-09,12:18:00,25957.5,25961.25,25949.5,25950.5,2641,25901.17,25895.31,0.00
2025-12-09,12:19:00,25950.75,25954.5,25948.5,25952.5,1876,25901.31,25895.59,0.00
2025-12-09,12:20:00,25952.25,25958,25952.25,25954.5,1668,25901.44,25895.84,0.00
2025-12-09,12:21:00,25954.75,25956.5,25942.75,25947.75,3024,25901.64,25896.25,0.00
2025-12-09,12:22:00,25947.75,25951.75,25944.5,25949.25,1641,25901.75,25896.47,0.00
2025-12-09,12:23:00,25949.25,25954,25943,25947.25,1983,25901.89,25896.73,0.00
2025-12-09,12:24:00,25947.5,25950.75,25946,25948.75,943,25901.95,25896.85,0.00
2025-12-09,12:25:00,25949,25953.25,25944.25,25952,1428,25902.05,25897.04,0.00
2025-12-09,12:26:00,25952.25,25953.5,25949.5,25950.25,941,25902.11,25897.17,0.00
2025-12-09,12:27:00,25950.5,25951.75,25944.75,25946.75,1419,25902.20,25897.34,0.00
2025-12-09,12:28:00,25946.75,25954.75,25946.75,25951.5,1547,25902.31,25897.55,0.00
2025-12-09,12:29:00,25951.75,25953,25946,25947,1148,25902.39,25897.70,0.00
2025-12-09,12:30:00,25947,25949.5,25941.25,25943,2081,25902.51,25897.94,0.00
2025-12-09,12:31:00,25943.25,25951.75,25942,25948.5,2273,25902.65,25898.21,0.00
2025-12-09,12:32:00,25948.75,25949.5,25923.25,25941.25,5640,25902.93,25898.75,0.00
2025-12-09,12:33:00,25941.5,25952,25940.25,25948.5,2765,25903.10,25899.07,0.00
2025-12-09,12:34:00,25948.5,25957.5,25947,25957.5,2250,25903.26,25899.37,0.00
2025-12-09,12:35:00,25957.75,25961.25,25956,25960.75,2650,25903.47,25899.74,0.00
2025-12-09,12:36:00,25960.25,25967,25958.25,25962,3976,25903.79,25900.33,0.00
2025-12-09,12:37:00,25961.75,25962.25,25954.5,25955.25,2275,25903.96,25900.63,0.00
2025-12-09,12:38:00,25955.5,25958.5,25948.25,25953.5,2381,25904.12,25900.92,0.00
2025-12-09,12:39:00,25954,25954.5,25949.25,25951,1227,25904.20,25901.07,0.00
2025-12-09,12:40:00,25951,25953.5,25947.5,25951.5,1351,25904.28,25901.22,0.00
2025-12-09,12:41:00,25951.75,25953,25936.75,25937.5,3506,25904.46,25901.55,0.00
2025-12-09,12:42:00,25937.5,25944,25935.75,25937.75,2951,25904.60,25901.81,0.00
2025-12-09,12:43:00,25938,25939.5,25930.25,25932.25,2801,25904.71,25902.01,0.00
2025-12-09,12:44:00,25932.75,25936,25927.75,25930.5,2647,25904.81,25902.19,0.00
2025-12-09,12:45:00,25930.75,25932.5,25920.25,25927,3656,25904.91,25902.39,0.00
2025-12-09,12:46:00,25926.75,25938.25,25926.75,25937,3003,25905.03,25902.60,0.00
2025-12-09,12:47:00,25937,25937.5,25925.5,25928,2184,25905.10,25902.73,0.00
2025-12-09,12:48:00,25928.75,25937.5,25926.75,25930,1922,25905.17,25902.85,0.00
2025-12-09,12:49:00,25930.25,25946.5,25929.75,25945.75,2796,25905.30,25903.08,0.00
2025-12-09,12:50:00,25946.25,25952.25,25946,25946.5,2619,25905.45,25903.34,0.00
2025-12-09,12:51:00,25947,25960.75,25946.75,25960,2982,25905.64,25903.67,0.00
2025-12-09,12:52:00,25960.25,25964.25,25957.25,25961.75,2440,25905.82,25903.97,0.00
2025-12-09,12:53:00,25961.75,25966.25,25955.75,25956.75,2713,25906.01,25904.30,0.00
2025-12-09,12:54:00,25956.5,25961.75,25953.75,25961,1729,25906.13,25904.50,0.00
2025-12-09,12:55:00,25960.5,25967.75,25958.5,25966.25,1984,25906.27,25904.75,0.00
2025-12-09,12:56:00,25966.5,25969,25962,25966.5,2225,25906.45,25905.03,0.00
2025-12-09,12:57:00,25966.5,25969,25961,25963.75,1753,25906.58,25905.25,0.00
2025-12-09,12:58:00,25963.25,25967.5,25958.75,25966.75,1612,25906.70,25905.45,0.00
2025-12-09,12:59:00,25967,25967.5,25962.5,25965.75,1168,25906.78,25905.60,0.00
2025-12-09,13:00:00,25965.75,25968.25,25961.5,25962,1610,25906.90,25905.79,0.00
2025-12-09,13:01:00,25961.75,25965,25957.75,25961.75,2449,25907.07,25906.07,0.00
2025-12-09,13:02:00,25961.25,25962.5,25953.75,25960.25,2512,25907.24,25906.35,0.00
2025-12-09,13:03:00,25960,25972.75,25958.5,25968.75,2811,25907.45,25906.69,0.00
2025-12-09,13:04:00,25968.75,25980.75,25968.75,25980.25,4129,25907.81,25907.28,0.00
2025-12-09,13:05:00,25980,25981.75,25976.75,25978.25,2303,25908.01,25907.61,0.00
2025-12-09,13:06:00,25978.75,25985.75,25977,25983.5,2568,25982.08,25908.00,0.00
2025-12-09,13:07:00,25984.25,25986.25,25979.5,25982.25,1743,25982.67,25908.26,0.00
2025-12-09,13:08:00,25982.75,25984.5,25975,25975.25,1766,25980.44,25908.50,0.00
2025-12-09,13:09:00,25975.5,25977.75,25970.75,25975.75,1550,25978.70,25908.71,0.00
2025-12-09,13:10:00,25976,25979.75,25974.25,25977.25,1012,25978.43,25908.84,0.00
2025-12-09,13:11:00,25977.25,25978.25,25973,25975,1281,25977.90,25909.01,0.00
2025-12-09,13:12:00,25975.75,25979,25974.5,25977,919,25977.79,25909.14,0.00
2025-12-09,13:13:00,25977,25977.5,25965.75,25970.25,2419,25976.29,25909.43,0.00
2025-12-09,13:14:00,25970,25973,25969.75,25971.75,1020,25975.87,25909.56,0.00
2025-12-09,13:15:00,25972,25979.5,25972,25974,1542,25975.79,25909.75,0.00
2025-12-09,13:16:00,25974.25,25975.5,25968.5,25970,1112,25975.44,25909.89,0.00
2025-12-09,13:17:00,25970,25973.5,25968,25969.25,1023,25975.10,25910.01,0.00
2025-12-09,13:18:00,25970,25970.25,25965.25,25969,1269,25974.57,25910.15,0.00
2025-12-09,13:19:00,25969,25969.75,25965.25,25965.25,887,25974.18,25910.25,0.00
2025-12-09,13:20:00,25965,25966,25959.75,25960.25,1885,25972.99,25910.44,0.00
2025-12-09,13:21:00,25959.75,25960.25,25950.25,25955.5,3405,25970.36,25910.73,0.00
2025-12-09,13:22:00,25955.5,25960.25,25953.5,25956.75,1554,25969.50,25910.87,0.00
2025-12-09,13:23:00,25956.25,25958.25,25950,25951.5,1614,25968.49,25911.00,0.00
2025-12-09,13:24:00,25952,25953.75,25943.25,25953.5,2943,25966.63,25911.22,0.00
2025-12-09,13:25:00,25953.25,25956.5,25949.75,25956,1499,25966.01,25911.34,0.00
2025-12-09,13:26:00,25956.25,25965.25,25954.75,25964.25,3155,25965.58,25911.63,0.00
2025-12-09,13:27:00,25964.25,25966.75,25955.5,25961.5,2245,25965.31,25911.84,0.00
2025-12-09,13:28:00,25961.5,25962.5,25954.75,25960.75,1260,25965.10,25911.96,0.00
2025-12-09,13:29:00,25961.25,25963.75,25959,25961.5,850,25965.02,25912.03,0.00
2025-12-09,13:30:00,25961.5,25962.75,25959,25960.75,559,25964.96,25912.08,0.00
2025-12-09,13:31:00,25960.75,25970.25,25960.5,25966.25,2532,25965.00,25912.34,0.00
2025-12-09,13:32:00,25966.75,25968.25,25961,25966.25,1476,25965.01,25912.48,0.00
2025-12-09,13:33:00,25966.75,25967.25,25957.75,25958.25,1324,25964.89,25912.60,0.00
2025-12-09,13:34:00,25958.25,25964.5,25956.25,25960,1630,25964.72,25912.74,0.00
2025-12-09,13:35:00,25960.25,25961.25,25954.25,25958,1862,25964.45,25912.90,0.00
2025-12-09,13:36:00,25957.75,25960.25,25954.25,25957.75,1234,25964.27,25913.00,0.00
2025-12-09,13:37:00,25957.75,25958.75,25947.75,25950.25,3089,25963.56,25913.22,0.00
2025-12-09,13:38:00,25950,25957.5,25946.75,25957.5,2099,25963.18,25913.37,0.00
2025-12-09,13:39:00,25957.75,25963.5,25954.25,25961.75,2075,25963.06,25913.55,0.00
2025-12-09,13:40:00,25962,25967.75,25961.5,25963.75,1903,25963.10,25913.72,0.00
2025-12-09,13:41:00,25963.75,25968.75,25961.5,25961.75,1440,25963.12,25913.85,0.00
2025-12-09,13:42:00,25961.5,25962,25957.25,25958.5,1344,25963.03,25913.96,0.00
2025-12-09,13:43:00,25959.25,25961.5,25951,25951.75,1640,25962.81,25914.08,0.00
2025-12-09,13:44:00,25952,25959.25,25950,25955.75,1673,25962.61,25914.20,0.00
2025-12-09,13:45:00,25955.5,25958.5,25952.5,25956,763,25962.53,25914.26,0.00
2025-12-09,13:46:00,25956.5,25957,25951.5,25953.5,1027,25962.39,25914.33,0.00
2025-12-09,13:47:00,25953,25954,25948.75,25950.75,1300,25962.18,25914.41,0.00
2025-12-09,13:48:00,25950.5,25955,25947.5,25951.75,1425,25961.95,25914.51,0.00
2025-12-09,13:49:00,25952.5,25955.5,25949.75,25950.5,921,25961.82,25914.57,0.00
2025-12-09,13:50:00,25950,25950.75,25942.25,25945,2417,25961.29,25914.70,0.00
2025-12-09,13:51:00,25945,25954.25,25943.5,25953.75,1516,25961.06,25914.80,0.00
2025-12-09,13:52:00,25953.75,25959.25,25953.75,25956,1690,25960.96,25914.92,0.00
2025-12-09,13:53:00,25956,25956.5,25950.25,25952.75,1101,25960.84,25914.99,0.00
2025-12-09,13:54:00,25952.25,25960.75,25952.25,25960.25,1546,25960.78,25915.11,0.00
2025-12-09,13:55:00,25960.25,25961.5,25954,25960.75,1051,25960.75,25915.19,0.00
2025-12-09,13:56:00,25960.5,25964.5,25956.25,25959.75,1966,25960.74,25915.34,0.00
2025-12-09,13:57:00,25959.75,25960,25951,25954.75,1974,25960.61,25915.48,0.00
2025-12-09,13:58:00,25954.25,25962,25952,25959,1055,25960.57,25915.55,0.00
2025-12-09,13:59:00,25959,25968,25959,25966.25,1694,25960.65,25915.69,0.00
2025-12-09,14:00:00,25966,25972.25,25966,25970.5,2194,25960.87,25915.90,0.00
2025-12-09,14:01:00,25970.25,25971.5,25963,25968.75,2151,25961.04,25916.09,0.00
2025-12-09,14:02:00,25969.25,25970.75,25963.5,25966.75,1030,25961.10,25916.17,0.00
2025-12-09,14:03:00,25966.75,25974.5,25966.25,25973.5,1503,25961.27,25916.32,0.00
2025-12-09,14:04:00,25973.5,25978,25971.25,25977.25,1840,25961.55,25916.50,0.00
2025-12-09,14:05:00,25977,25981.25,25973.5,25975.5,1808,25961.84,25916.68,0.00
2025-12-09,14:06:00,25975.75,25977,25973,25975.25,1026,25961.98,25916.78,0.00
2025-12-09,14:07:00,25975,25975.75,25970.5,25971.25,1256,25962.11,25916.90,0.00
2025-12-09,14:08:00,25971,25976.5,25969.25,25970.75,1222,25962.24,25917.01,0.00
2025-12-09,14:09:00,25971.25,25973,25965.25,25970.25,1336,25962.33,25917.13,0.00
2025-12-09,14:10:00,25970,25971.5,25967.25,25967.5,931,25962.39,25917.21,0.00
2025-12-09,14:11:00,25967.75,25968.5,25963,25964.5,1553,25962.44,25917.34,0.00
2025-12-09,14:12:00,25965,25965.25,25957.25,25958.75,1632,25962.40,25917.45,0.00
2025-12-09,14:13:00,25958.5,25968.75,25957.5,25968.5,1490,25962.44,25917.57,0.00
2025-12-09,14:14:00,25968.75,25972.5,25965.5,25967,1603,25962.53,25917.70,0.00
2025-12-09,14:15:00,25966.5,25971.25,25966.25,25970.25,715,25962.57,25917.76,0.00
2025-12-09,14:16:00,25970.5,25976,25970.25,25974.75,1475,25962.72,25917.90,0.00
2025-12-09,14:17:00,25974.5,25976.5,25970.25,25973.5,1153,25962.83,25918.00,0.00
2025-12-09,14:18:00,25973.25,25981.25,25970.5,25980,1684,25963.05,25918.17,0.00
2025-12-09,14:19:00,25980.25,25984.75,25977.75,25978.25,2195,25963.37,25918.39,0.00
2025-12-09,14:20:00,25978.25,25981.5,25974.75,25981,1167,25963.53,25918.51,0.00
2025-12-09,14:21:00,25981,25981.5,25975.25,25977.75,849,25963.64,25918.59,0.00
2025-12-09,14:22:00,25978.25,25978.5,25972,25972,1048,25963.73,25918.68,0.00
2025-12-09,14:23:00,25972.75,25976,25970.25,25970.75,992,25963.80,25918.77,0.00
2025-12-09,14:24:00,25971,25974,25969,25970.5,1065,25963.87,25918.86,0.00
2025-12-09,14:25:00,25970.25,25978,25969.25,25976.5,1149,25963.97,25918.96,0.00
2025-12-09,14:26:00,25976.5,25977.75,25971.75,25975.25,1032,25964.06,25919.06,0.00
2025-12-09,14:27:00,25975,25976.25,25969.25,25972,751,25964.11,25919.12,0.00
2025-12-09,14:28:00,25971.5,25978.75,25970.5,25977.25,794,25964.19,25919.19,0.00
2025-12-09,14:29:00,25977.5,25984.25,25976,25983.5,1380,25964.37,25919.33,0.00
2025-12-09,14:30:00,25983.5,25985,25978,25979.25,1130,25964.52,25919.44,0.00
2025-12-09,14:31:00,25979.5,25981.75,25976.5,25980.5,1215,25964.66,25919.56,0.00
2025-12-09,14:32:00,25981.25,25983,25977.75,25980.5,718,25964.75,25919.63,0.00
2025-12-09,14:33:00,25980.5,25981.75,25977.75,25978.75,581,25964.82,25919.68,0.00
2025-12-09,14:34:00,25979,25981.25,25976,25976.25,746,25964.89,25919.75,0.00
2025-12-09,14:35:00,25976.5,25978.5,25972.5,25973,1030,25964.97,25919.84,0.00
2025-12-09,14:36:00,25973.25,25973.75,25966.5,25967.25,1640,25965.02,25919.97,0.00
2025-12-09,14:37:00,25967.75,25968.75,25966,25966.5,851,25965.04,25920.03,0.00
2025-12-09,14:38:00,25966.5,25969.25,25963.5,25968.75,1389,25965.06,25920.14,0.00
2025-12-09,14:39:00,25968.75,25972.5,25965.75,25966.25,1185,25965.08,25920.23,0.00
2025-12-09,14:40:00,25966.75,25966.75,25959.75,25966.5,2065,25965.07,25920.37,0.00
2025-12-09,14:41:00,25966.5,25969.5,25964.5,25967.25,1169,25965.09,25920.46,0.00
2025-12-09,14:42:00,25967.25,25969.25,25960,25960.25,909,25965.08,25920.52,0.00
2025-12-09,14:43:00,25960,25965.5,25958.5,25965,1257,25965.06,25920.60,0.00
2025-12-09,14:44:00,25965.25,25966.25,25955.75,25960.5,1566,25965.01,25920.70,0.00
2025-12-09,14:45:00,25961.25,25962,25954.75,25957.25,1987,25964.92,25920.81,0.00
2025-12-09,14:46:00,25956.75,25958.25,25943.75,25945.5,4260,25964.47,25921.00,0.00
2025-12-09,14:47:00,25945.25,25950.75,25944.25,25946.75,1716,25964.27,25921.07,0.00
2025-12-09,14:48:00,25946.5,25952.5,25945,25947.25,1622,25964.10,25921.14,0.00
2025-12-09,14:49:00,25947.75,25965.25,25947.75,25964.5,2724,25964.01,25921.30,0.00
2025-12-09,14:50:00,25964.75,25971.25,25964.5,25967.75,2139,25964.07,25921.45,0.00
2025-12-09,14:51:00,25967.5,25970.5,25963.25,25968,1633,25964.10,25921.56,0.00
2025-12-09,14:52:00,25968,25974,25965.25,25970.75,1892,25964.17,25921.70,0.00
2025-12-09,14:53:00,25971.25,25977.75,25968.5,25977.5,1367,25964.26,25921.81,0.00
2025-12-09,14:54:00,25977.5,25991.75,25975.75,25985.75,4261,25984.42,25922.21,0.00
2025-12-09,14:55:00,25985.5,25989,25982.75,25984.25,2144,25984.72,25922.42,0.00
2025-12-09,14:56:00,25984.5,25986.5,25976.25,25980.75,2730,25983.66,25922.66,0.00
2025-12-09,14:57:00,25980.75,25988,25978.75,25987,1342,25983.78,25922.78,0.00
2025-12-09,14:58:00,25987.25,25987.5,25983.25,25984,1068,25983.88,25922.88,0.00
2025-12-09,14:59:00,25984,25985.75,25978.25,25980.25,990,25983.69,25922.96,0.00
2025-12-09,15:00:00,25980.25,25981.25,25974,25975,1718,25982.85,25923.10,0.00
2025-12-09,15:01:00,25975.25,25977.5,25971.25,25971.5,1567,25981.92,25923.22,0.00
2025-12-09,15:02:00,25971.5,25973,25966.25,25967.25,1703,25980.65,25923.33,0.00
2025-12-09,15:03:00,25967.5,25969,25959,25965.75,2857,25978.39,25923.51,0.00
2025-12-09,15:04:00,25965.25,25969.75,25960.5,25967.5,1485,25977.55,25923.60,0.00
2025-12-09,15:05:00,25967,25970,25963,25965.5,950,25977.07,25923.66,0.00
2025-12-09,15:06:00,25965.5,25970,25963.25,25963.75,1072,25976.56,25923.72,0.00
2025-12-09,15:07:00,25964,25965.75,25959,25962,1372,25975.78,25923.80,0.00
2025-12-09,15:08:00,25962.25,25964,25954.5,25955.75,1835,25974.59,25923.89,0.00
2025-12-09,15:09:00,25956,25961,25952,25958.5,2967,25972.87,25924.03,0.00
2025-12-09,15:10:00,25958.5,25963,25955.75,25961.25,1159,25972.39,25924.10,0.00
2025-12-09,15:11:00,25961,25966.25,25952.25,25957.5,2666,25971.31,25924.23,0.00
2025-12-09,15:12:00,25958.25,25958.5,25953.75,25957,915,25970.92,25924.27,0.00
2025-12-09,15:13:00,25957,25957.25,25952.25,25953,930,25970.48,25924.31,0.00
2025-12-09,15:14:00,25952.5,25956.5,25950.75,25952.75,1331,25969.87,25924.37,0.00
2025-12-09,15:15:00,25953,25958,25952.5,25957.75,752,25969.59,25924.40,0.00
2025-12-09,15:16:00,25957.5,25960.5,25954.25,25959.25,1300,25969.21,25924.46,0.00
2025-12-09,15:17:00,25959.25,25960.25,25954.5,25956.25,722,25968.98,25924.50,0.00
2025-12-09,15:18:00,25955.75,25960.75,25954.5,25958.75,796,25968.77,25924.53,0.00
2025-12-09,15:19:00,25959.25,25968.25,25957.5,25967.75,1717,25968.60,25924.63,0.00
2025-12-09,15:20:00,25967.75,25970,25963.5,25966,1249,25968.54,25924.71,0.00
2025-12-09,15:21:00,25965.75,25970.75,25965.25,25969.75,1147,25968.54,25924.78,0.00
2025-12-09,15:22:00,25969.75,25970.5,25965.5,25966.25,808,25968.52,25924.83,0.00
2025-12-09,15:23:00,25965.75,25967.5,25960.75,25963.75,1135,25968.41,25924.89,0.00
2025-12-09,15:24:00,25963.5,25966.5,25962,25965.75,571,25968.36,25924.92,0.00
2025-12-09,15:25:00,25965.75,25967.25,25963,25963.75,450,25968.33,25924.95,0.00
2025-12-09,15:26:00,25963.5,25968.5,25962.75,25968,784,25968.30,25924.99,0.00
2025-12-09,15:27:00,25968.5,25970.25,25964.25,25964.25,935,25968.26,25925.05,0.00
2025-12-09,15:28:00,25964.25,25966.5,25962.75,25964.75,838,25968.20,25925.09,0.00
2025-12-09,15:29:00,25964.75,25966.75,25962.5,25965.5,652,25968.16,25925.13,0.00
2025-12-09,15:30:00,25965.75,25965.75,25961.5,25964.25,629,25968.10,25925.16,0.00
2025-12-09,15:31:00,25964.5,25966,25960.5,25964.75,1003,25968.02,25925.22,0.00
2025-12-09,15:32:00,25964.75,25966.5,25960.75,25965.5,834,25967.96,25925.26,0.00
2025-12-09,15:33:00,25965.75,25970,25964.75,25967.25,969,25967.95,25925.32,0.00
2025-12-09,15:34:00,25967.75,25969,25962.5,25964.25,974,25967.90,25925.38,0.00
2025-12-09,15:35:00,25964.5,25965.5,25962.5,25963.25,581,25967.86,25925.41,0.00
2025-12-09,15:36:00,25963.25,25964.25,25957.75,25958.25,1319,25967.68,25925.47,0.00
2025-12-09,15:37:00,25958.25,25958.75,25953,25955,2099,25967.25,25925.56,0.00
2025-12-09,15:38:00,25955.25,25962,25954.5,25957,1192,25967.07,25925.61,0.00
2025-12-09,15:39:00,25956.75,25959,25953.5,25957.75,879,25966.92,25925.65,0.00
2025-12-09,15:40:00,25957.5,25961.75,25956,25956.25,884,25966.79,25925.69,0.00
2025-12-09,15:41:00,25956.25,25958.25,25954.75,25957.25,635,25966.69,25925.72,0.00
2025-12-09,15:42:00,25956.5,25956.75,25950.5,25951,1222,25966.43,25925.76,0.00
2025-12-09,15:43:00,25951.5,25953.5,25947.25,25950.25,1562,25966.04,25925.82,0.00
2025-12-09,15:44:00,25950,25954.75,25949.75,25950.25,686,25965.89,25925.84,0.00
2025-12-09,15:45:00,25950.75,25951,25936,25944.5,3974,25964.65,25925.94,0.00
2025-12-09,15:46:00,25944.75,25946.5,25941,25944,1554,25964.20,25925.98,0.00
2025-12-09,15:47:00,25944.25,25951.25,25943.25,25948.5,1589,25963.84,25926.02,0.00
2025-12-09,15:48:00,25948.75,25950.5,25942.5,25944.25,1065,25963.58,25926.05,0.00
2025-12-09,15:49:00,25944.25,25949.25,25943.25,25947.75,791,25963.41,25926.07,0.00
2025-12-09,15:50:00,25947.25,25951.5,25947,25948.75,937,25963.23,25926.10,0.00
2025-12-09,15:51:00,25949,25956.75,25948.25,25955,2290,25962.94,25926.19,0.00
2025-12-09,15:52:00,25955.25,25958.25,25953.5,25957.5,1116,25962.85,25926.23,0.00
2025-12-09,15:53:00,25957,25959,25951.75,25951.75,1115,25962.73,25926.27,0.00
2025-12-09,15:54:00,25951.75,25959,25950.5,25958.5,1313,25962.62,25926.33,0.00
2025-12-09,15:55:00,25958.25,25960,25956,25956.25,1103,25962.55,25926.37,0.00
2025-12-09,15:56:00,25956,25961,25955,25960.25,970,25962.51,25926.42,0.00
2025-12-09,15:57:00,25960,25961.75,25956,25958,934,25962.47,25926.46,0.00
2025-12-09,15:58:00,25958,25959.75,25952,25954,1129,25962.37,25926.50,0.00
2025-12-09,15:59:00,25954,25958.5,25952.75,25958.5,750,25962.32,25926.53,0.00
2025-12-09,16:00:00,25958.5,25960.25,25954.5,25955.75,1001,25962.26,25926.57,0.00
2025-12-09,16:01:00,25955.25,25956.75,25951.75,25953,1237,25962.14,25926.62,0.00
2025-12-09,16:02:00,25953.25,25953.5,25948.75,25952.25,1216,25962.00,25926.66,0.00
2025-12-09,16:03:00,25952.5,25958.25,25951,25958.25,885,25961.94,25926.69,0.00
2025-12-09,16:04:00,25958,25959,25954.25,25956,670,25961.90,25926.72,0.00
2025-12-09,16:05:00,25956.25,25959.75,25956,25957,655,25961.87,25926.74,0.00
2025-12-09,16:06:00,25957,25959.25,25953.25,25958.25,814,25961.83,25926.78,0.00
2025-12-09,16:07:00,25958.25,25958.5,25954.75,25956,582,25961.79,25926.80,0.00
2025-12-09,16:08:00,25956.5,25964,25955.75,25962.25,1613,25961.77,25926.87,0.00
2025-12-09,16:09:00,25962.25,25966.5,25961.5,25962,1780,25961.80,25926.96,0.00
2025-12-09,16:10:00,25962.25,25963,25958.5,25959.75,828,25961.79,25926.99,0.00
2025-12-09,16:11:00,25959.75,25962.25,25957.25,25957.75,912,25961.77,25927.03,0.00
2025-12-09,16:12:00,25958,25960,25956.5,25956.75,612,25961.74,25927.06,0.00
2025-12-09,16:13:00,25956.5,25960.5,25956,25959,859,25961.71,25927.09,0.00
2025-12-09,16:14:00,25959.25,25959.25,25953.75,25954.75,974,25961.66,25927.13,0.00
2025-12-09,16:15:00,25954.75,25956.5,25953.25,25954.5,937,25961.60,25927.16,0.00
2025-12-09,16:16:00,25954.25,25955,25951,25954.75,1351,25961.49,25927.21,0.00
2025-12-09,16:17:00,25955,25956.25,25951.75,25952.5,864,25961.43,25927.24,0.00
2025-12-09,16:18:00,25952.5,25957,25950,25956.5,1107,25961.35,25927.28,0.00
2025-12-09,16:19:00,25957,25958,25953.5,25957,723,25961.32,25927.31,0.00
2025-12-09,16:20:00,25957,25958,25954.25,25956.25,573,25961.29,25927.33,0.00
2025-12-09,16:21:00,25956,25962.75,25956,25959.75,1462,25961.27,25927.39,0.00
2025-12-09,16:22:00,25959.5,25960.5,25955.25,25957.5,851,25961.24,25927.42,0.00
2025-12-09,16:23:00,25957.5,25959.25,25955.75,25957.75,522,25961.22,25927.44,0.00
2025-12-09,16:24:00,25957.75,25959.5,25954.25,25955.5,767,25961.19,25927.47,0.00
2025-12-09,16:25:00,25955.25,25956.75,25953.75,25954.5,507,25961.16,25927.49,0.00
2025-12-09,16:26:00,25954.5,25955,25951.5,25952.5,1106,25961.08,25927.53,0.00
2025-12-09,16:27:00,25952.75,25954.75,25950.25,25950.75,823,25961.01,25927.55,0.00
2025-12-09,16:28:00,25950.25,25953,25946.75,25952.75,1572,25960.87,25927.60,0.00
2025-12-09,16:29:00,25952.75,25955.75,25951.75,25953.75,985,25960.81,25927.63,0.00
2025-12-09,16:30:00,25953.75,25954,25949.75,25950,830,25960.75,25927.66,0.00
2025-12-09,16:31:00,25949.75,25954.5,25947.75,25952.75,1528,25960.63,25927.70,0.00
2025-12-09,16:32:00,25952.5,25955,25949.75,25950,756,25960.57,25927.73,0.00
2025-12-09,16:33:00,25949.75,25952,25948.25,25950.25,691,25960.51,25927.75,0.00
2025-12-09,16:34:00,25950.5,25952.75,25947.25,25948,948,25960.42,25927.77,0.00
2025-12-09,16:35:00,25947.5,25948.25,25941.25,25943.75,2259,25960.13,25927.82,0.00
2025-12-09,16:36:00,25943.75,25947.5,25940.5,25946.25,1313,25959.97,25927.85,0.00
2025-12-09,16:37:00,25946.5,25953.25,25946,25953,1568,25959.85,25927.90,0.00
2025-12-09,16:38:00,25953.5,25954.5,25950,25952.25,858,25959.80,25927.92,0.00
2025-12-09,16:39:00,25952.25,25954.25,25951,25951.25,535,25959.77,25927.94,0.00
2025-12-09,16:40:00,25951.5,25956.75,25950,25954.25,955,25959.72,25927.97,0.00
2025-12-09,16:41:00,25954.25,25959,25952.75,25956,1365,25959.68,25928.02,0.00
2025-12-09,16:42:00,25955.75,25956.5,25949,25949.25,1231,25959.60,25928.06,0.00
2025-12-09,16:43:00,25949,25955,25948.5,25954.25,898,25959.56,25928.08,0.00
2025-12-09,16:44:00,25954.25,25955.5,25951.75,25951.75,636,25959.53,25928.10,0.00
2025-12-09,16:45:00,25952.25,25960,25952,25959.5,924,25959.51,25928.14,0.00
2025-12-09,16:46:00,25959.75,25962.25,25958.25,25959.5,1450,25959.51,25928.19,0.00
2025-12-09,16:47:00,25959.5,25959.5,25954.25,25957,1123,25959.49,25928.24,0.00
2025-12-09,16:48:00,25956.75,25957.25,25952.25,25956.25,1003,25959.46,25928.27,0.00
2025-12-09,16:49:00,25956.5,25961.75,25955.5,25961.75,787,25959.46,25928.30,0.00
2025-12-09,16:50:00,25961.75,25963.25,25959,25960.75,1372,25959.48,25928.36,0.00
2025-12-09,16:51:00,25960.5,25975.25,25960,25968.25,4304,25959.73,25928.57,0.00
2025-12-09,16:52:00,25968.25,25973.5,25965.25,25968.75,2020,25959.86,25928.67,0.00
2025-12-09,16:53:00,25969,25969,25960,25960.25,1756,25959.90,25928.74,0.00
2025-12-09,16:54:00,25961,25965.75,25950.75,25952.25,2650,25959.83,25928.83,0.00
2025-12-09,16:55:00,25952.25,25961,25943.75,25948,5131,25959.54,25928.97,0.00
2025-12-09,16:56:00,25948.25,25954.5,25944,25953,3795,25959.32,25929.07,0.00
2025-12-09,16:57:00,25952.5,25965,25950.25,25952,3325,25959.25,25929.18,0.00
2025-12-09,16:58:00,25952,25952.75,25946.5,25950.75,1794,25959.15,25929.23,0.00
2025-12-09,16:59:00,25950.75,25951.5,25942.5,25944,2099,25958.98,25929.27,0.00
2025-12-09,17:00:00,25943.75,25958,25939.25,25956.25,6190,25958.70,25929.43,0.00
2025-12-09,17:01:00,25956.5,25957.25,25945.5,25947.75,2449,25958.58,25929.49,0.00
2025-12-09,17:02:00,25948,25948,25939.75,25939.75,1605,25958.43,25929.52,0.00
2025-12-09,17:03:00,25939.75,25947,25939.25,25943.5,1340,25958.32,25929.54,0.00
2025-12-09,17:04:00,25943.5,25945.5,25941,25942,600,25958.27,25929.55,0.00
2025-12-09,17:05:00,25941.75,25942.75,25939,25942.75,970,25958.17,25929.56,0.00
2025-12-09,17:06:00,25942.5,25945.25,25940.5,25944.75,590,25958.13,25929.57,0.00
2025-12-09,17:07:00,25945,25945,25938.5,25939.5,539,25958.08,25929.58,0.00
2025-12-09,17:08:00,25939.25,25940.75,25938.5,25939.25,348,25958.04,25929.58,0.00
2025-12-09,17:09:00,25940,25941.5,25938.25,25938.75,452,25957.99,25929.59,0.00
2025-12-09,17:10:00,25938.5,25941.75,25937.5,25937.75,557,25957.93,25929.60,0.00
2025-12-09,17:11:00,25938.25,25940.75,25936,25940.5,623,25957.87,25929.60,0.00
2025-12-09,17:12:00,25940.5,25943.75,25939.75,25943.75,527,25957.83,25929.61,0.00
2025-12-09,17:13:00,25943.5,25943.75,25940.5,25940.75,365,25957.79,25929.62,0.00
2025-12-09,17:14:00,25940.5,25940.75,25935,25935,514,25957.73,25929.62,0.00
2025-12-09,17:15:00,25935.25,25939.5,25934.25,25937.5,506,25957.68,25929.63,0.00
2025-12-09,17:16:00,25937.5,25938.25,25935,25936.25,456,25957.63,25929.63,0.00
2025-12-09,17:17:00,25936.5,25937.75,25935,25935.25,237,25957.60,25929.63,0.00
2025-12-09,17:18:00,25935.25,25935.25,25930,25932.25,736,25957.50,25929.63,0.00
2025-12-09,17:19:00,25931.75,25931.75,25929.5,25931,330,25957.45,25929.63,0.00
2025-12-09,17:20:00,25931.5,25933.75,25931.25,25932.5,299,25957.41,25929.64,0.00
2025-12-09,17:21:00,25932.75,25937.5,25931.5,25935.5,436,25957.36,25929.64,0.00
2025-12-09,17:22:00,25935.25,25939.25,25934.75,25937.75,293,25957.33,25929.64,0.00
2025-12-09,17:23:00,25937.5,25938,25935.75,25936.5,183,25957.31,25929.64,0.00
2025-12-09,17:24:00,25936.75,25939.75,25936.25,25937.25,256,25957.28,25929.64,0.00
2025-12-09,17:25:00,25937.25,25939.25,25935,25935.25,211,25957.26,25929.65,0.00
2025-12-09,17:26:00,25935.5,25935.75,25931.5,25931.75,244,25957.22,25929.65,0.00
2025-12-09,17:27:00,25932,25935.5,25928.25,25935,494,25957.16,25929.65,0.00
2025-12-09,17:28:00,25934.75,25935.25,25932.75,25934.5,208,25957.14,25929.65,0.00
2025-12-09,17:29:00,25934.5,25934.75,25932.75,25933,114,25957.12,25929.65,0.00
2025-12-09,17:30:00,25933,25934.25,25931.25,25933.75,278,25957.09,25929.65,0.00
2025-12-09,17:31:00,25933.5,25934.5,25932.75,25934.5,261,25957.05,25929.65,0.00
2025-12-09,17:32:00,25934,25936.5,25933.25,25933.75,297,25957.02,25929.65,0.00
2025-12-09,17:33:00,25933.75,25934,25931.25,25933.5,224,25956.99,25929.66,0.00
2025-12-09,17:34:00,25932.5,25934.25,25932.5,25933.75,136,25956.97,25929.66,0.00
2025-12-09,17:35:00,25933.5,25934.5,25932.25,25934,234,25956.94,25929.66,0.00
2025-12-09,17:36:00,25934,25934.25,25929.75,25934.25,430,25956.89,25929.66,0.00
2025-12-09,17:37:00,25934,25936.5,25934,25934.75,292,25956.86,25929.66,0.00
2025-12-09,17:38:00,25934.75,25935.25,25933.75,25935.25,153,25956.84,25929.66,0.00
2025-12-09,17:39:00,25935.5,25935.75,25932.75,25932.75,147,25956.82,25929.66,0.00
2025-12-09,17:40:00,25932.75,25934,25930.75,25934,204,25956.79,25929.66,0.00
2025-12-09,17:41:00,25933.5,25939,25933.5,25937.75,366,25956.76,25929.67,0.00
2025-12-09,17:42:00,25937.75,25939,25936.75,25937,263,25956.73,25929.67,0.00
2025-12-09,17:43:00,25936.75,25937.25,25933.75,25934.25,137,25956.71,25929.67,0.00
2025-12-09,17:44:00,25934.25,25934.25,25932.25,25933.75,160,25956.70,25929.67,0.00
2025-12-09,17:45:00,25933.75,25936.5,25932.25,25932.25,281,25956.66,25929.67,0.00
2025-12-09,17:46:00,25932.25,25934,25931.25,25932.75,470,25956.60,25929.67,0.00
2025-12-09,17:47:00,25932.75,25934,25932,25933,172,25956.58,25929.67,0.00
2025-12-09,17:48:00,25932.75,25934,25932.5,25933.25,208,25956.56,25929.67,0.00
2025-12-09,17:49:00,25933.25,25934,25930.5,25931,232,25956.53,25929.68,0.00
2025-12-09,17:50:00,25930.75,25934,25930.5,25934,152,25956.51,25929.68,0.00
2025-12-09,17:51:00,25933.75,25936.5,25933.25,25934.5,329,25956.47,25929.68,0.00
2025-12-09,17:52:00,25934.5,25935,25930.25,25930.25,300,25956.43,25929.68,0.00
2025-12-09,17:53:00,25930.25,25931.75,25929,25929,248,25956.40,25929.68,0.00
2025-12-09,17:54:00,25929,25930.25,25928,25928.25,114,25956.38,25929.68,0.00
2025-12-09,17:55:00,25928,25930,25928,25930,93,25956.37,25929.68,0.00
2025-12-09,17:56:00,25929.75,25931,25928,25930,273,25956.33,25929.68,0.00
2025-12-09,17:57:00,25930,25932,25929.25,25931.25,135,25956.32,25929.68,0.00
2025-12-09,17:58:00,25931,25932,25930.5,25931.25,75,25956.31,25929.68,0.00
2025-12-09,17:59:00,25931.5,25933.75,25930.5,25932.5,130,25956.29,25929.68,0.00
2025-12-09,18:00:00,25932.5,25935.5,25929.25,25929.75,419,25956.24,25929.68,0.00
2025-12-09,19:01:00,25934.25,25942.5,25932.5,25938.75,1017,25937.92,25937.92,0.00
2025-12-09,19:02:00,25936.75,25938.75,25931.5,25935.5,643,25936.88,25935.25,0.00
2025-12-09,19:03:00,25936.25,25937.75,25930.25,25936,427,25936.43,25934.67,0.00
2025-12-09,19:04:00,25936,25937.75,25934.75,25937,264,25936.44,25935.37,0.00
2025-12-09,19:05:00,25937,25938.25,25934.75,25937.5,183,25936.47,25935.67,0.00
2025-12-09,19:06:00,25937.5,25938.25,25935,25936,273,25936.46,25935.85,0.00
2025-12-09,19:07:00,25936.25,25938.75,25935.25,25935.75,182,25936.47,25935.95,0.00
2025-12-09,19:08:00,25935.25,25935.75,25933.25,25935,139,25936.39,25935.83,0.00
2025-12-09,19:09:00,25934.75,25935.5,25930.75,25931.75,357,25936.01,25935.21,0.00
2025-12-09,19:10:00,25932,25934,25929.75,25932.25,274,25935.72,25932.00,0.00
2025-12-09,19:11:00,25932.5,25934.75,25930,25930,156,25935.55,25931.85,0.00
2025-12-09,19:12:00,25931,25932.5,25930,25930.75,127,25935.41,25931.67,0.00
2025-12-09,19:13:00,25931,25932.75,25927.25,25932,338,25935.04,25930.67,0.00
2025-12-09,19:14:00,25932,25932.25,25930.25,25930.5,109,25934.95,25930.75,0.00
2025-12-09,19:15:00,25930.75,25931.5,25929.75,25930.75,90,25934.86,25930.73,0.00
2025-12-09,19:16:00,25930.25,25932.25,25927.25,25929,317,25934.51,25930.28,0.00
2025-12-09,19:17:00,25928.75,25929.5,25923,25928,698,25933.56,25926.83,0.00
2025-12-09,19:18:00,25929,25930.5,25926.75,25930,294,25933.33,25927.50,0.00
2025-12-09,19:19:00,25930,25930.75,25926.25,25926.25,166,25933.18,25927.54,0.00
2025-12-09,19:20:00,25926.25,25929.75,25923.5,25928.25,282,25932.91,25927.46,0.00
2025-12-09,19:21:00,25927.5,25929.25,25925.75,25926.5,167,25932.76,25927.43,0.00
2025-12-09,19:22:00,25926.5,25928.5,25925.25,25925.5,166,25932.61,25927.34,0.00
2025-12-09,19:23:00,25925.5,25926.5,25923.5,25926.5,270,25932.33,25927.09,0.00
2025-12-09,19:24:00,25926,25926.75,25924.5,25926,154,25932.19,25927.00,0.00
2025-12-09,19:25:00,25926,25928,25925.25,25926.5,173,25932.05,25926.97,0.00
2025-12-09,19:26:00,25926.75,25930,25926,25929,263,25931.92,25927.11,0.00
2025-12-09,19:27:00,25929.5,25931,25927.75,25929.25,270,25931.83,25927.31,0.00
2025-12-09,19:28:00,25928.75,25931,25928,25931,126,25931.81,25927.43,0.00
2025-12-09,19:29:00,25930.25,25931.25,25928.75,25929.75,144,25931.77,25927.54,0.00
2025-12-09,19:30:00,25929.5,25931.25,25929.5,25929.75,106,25931.75,25927.62,0.00
2025-12-09,19:31:00,25929.25,25930,25927.25,25929.25,146,25931.70,25927.67,0.00
2025-12-09,19:32:00,25930,25930.5,25927.5,25929.25,105,25931.67,25927.72,0.00
2025-12-09,19:33:00,25929.25,25929.25,25927.75,25927.75,50,25931.65,25927.72,0.00
2025-12-09,19:34:00,25928.75,25930,25927.5,25928.75,84,25931.62,25927.75,0.00
2025-12-09,19:35:00,25929,25929.75,25927,25927.75,110,25931.57,25927.76,0.00
2025-12-09,19:36:00,25927.75,25928,25925.75,25926,147,25931.49,25927.72,0.00
2025-12-09,19:37:00,25926,25930.25,25926,25929.5,185,25931.43,25927.75,0.00
2025-12-09,19:38:00,25930,25931,25928.75,25931,96,25931.42,25927.81,0.00
2025-12-09,19:39:00,25930.5,25931.25,25929,25929,68,25931.41,25927.84,0.00
2025-12-09,19:40:00,25929.5,25930.5,25928.5,25930,77,25931.39,25927.88,0.00
2025-12-09,19:41:00,25930.75,25932.25,25930,25932.25,129,25931.39,25927.98,0.00
2025-12-09,19:42:00,25931.75,25934,25931.25,25932,255,25931.42,25928.22,0.00
2025-12-09,19:43:00,25931.75,25932.75,25928.75,25930,142,25931.41,25928.29,0.00
2025-12-09,19:44:00,25929.5,25930.5,25929,25929.25,75,25931.39,25928.30,0.00
2025-12-09,19:45:00,25929.75,25932.5,25928.25,25932.5,115,25931.39,25928.37,0.00
2025-12-09,19:46:00,25932,25933.5,25929.75,25930.75,185,25931.39,25928.47,0.00
2025-12-09,19:47:00,25931,25931.5,25929.25,25931,94,25931.38,25928.51,0.00
2025-12-09,19:48:00,25931,25932.25,25930.25,25931.5,58,25931.38,25928.54,0.00
2025-12-09,19:49:00,25931.5,25932.5,25930.5,25931.25,87,25931.38,25928.59,0.00
2025-12-09,19:50:00,25931.75,25933,25930.5,25932.5,69,25931.39,25928.63,0.00
2025-12-09,19:51:00,25932.75,25934.5,25929,25929.75,214,25931.38,25928.72,0.00
2025-12-09,19:52:00,25930.5,25931,25927.25,25928,135,25931.35,25928.72,0.00
2025-12-09,19:53:00,25928,25928.25,25925.25,25926.25,181,25931.27,25928.66,0.00
2025-12-09,19:54:00,25926.5,25926.75,25920.25,25922.75,457,25930.95,25923.25,0.00
2025-12-09,19:55:00,25923.75,25927,25923.25,25926.75,189,25930.86,25923.96,0.00
2025-12-09,19:56:00,25927,25927.25,25924.5,25925,93,25930.82,25924.16,0.00
2025-12-09,19:57:00,25924.75,25926.25,25923.5,25926.25,158,25930.75,25924.37,0.00
2025-12-09,19:58:00,25926.25,25926.75,25924.25,25925,51,25930.72,25924.42,0.00
2025-12-09,19:59:00,25924.5,25926.5,25923.75,25926.25,77,25930.69,25924.50,0.00
2025-12-09,20:00:00,25926,25926.5,25925.25,25925.25,74,25930.66,25924.58,0.00
2025-12-09,20:01:00,25925.25,25926,25921.75,25922.25,377,25930.44,25924.26,0.00
2025-12-09,20:02:00,25922.5,25925.75,25922.25,25924.5,178,25930.35,25924.25,0.00
2025-12-09,20:03:00,25924.5,25927.75,25924.25,25925.5,147,25930.30,25924.38,0.00
2025-12-09,20:04:00,25926.25,25928.25,25925.25,25926,144,25930.26,25924.54,0.00
2025-12-09,20:05:00,25926.5,25927.75,25926.25,25927.25,79,25930.24,25924.64,0.00
2025-12-09,20:06:00,25928,25928.75,25927,25928.5,155,25930.21,25924.88,0.00
2025-12-09,20:07:00,25929,25935.75,25928.25,25934.75,561,25930.32,25926.53,0.00
2025-12-09,20:08:00,25935,25941.25,25934,25939.25,584,25930.64,25928.57,0.00
2025-12-09,20:09:00,25939.25,25941.5,25937.5,25938.75,330,25930.84,25929.54,0.00
2025-12-09,20:10:00,25938.5,25941.25,25938.25,25940,250,25930.99,25930.20,0.00
2025-12-09,20:11:00,25940,25941,25939.25,25940.25,214,25931.12,25930.71,0.00
2025-12-09,20:12:00,25940.5,25942,25939.25,25940.5,191,25931.24,25931.15,0.00
2025-12-09,20:13:00,25940.5,25946.5,25938.75,25945.75,732,25943.67,25932.97,0.00
2025-12-09,20:14:00,25945.75,25947,25941.75,25942,447,25943.58,25933.83,0.00
2025-12-09,20:15:00,25941.5,25943.25,25937.75,25938.75,472,25941.70,25934.31,0.00
2025-12-09,20:16:00,25938.25,25939.5,25933.25,25936.25,591,25939.60,25934.50,0.00
2025-12-09,20:17:00,25936.5,25936.5,25931.5,25932.75,287,25938.64,25934.46,0.00
2025-12-09,20:18:00,25932.25,25932.75,25924.5,25928.75,649,25935.99,25933.96,0.00
2025-12-09,20:19:00,25928.5,25930.25,25926.75,25928.75,391,25934.97,25933.69,0.00
2025-12-09,20:20:00,25928,25928,25924,25924.25,211,25934.31,25933.47,0.00
2025-12-09,20:21:00,25924.25,25926.5,25922,25925,370,25933.25,25933.08,0.00
2025-12-09,20:22:00,25924,25926.5,25923,25926.5,208,25932.79,25932.90,0.00
2025-12-09,20:23:00,25926.75,25930,25925,25927.75,261,25932.44,25932.74,0.00
2025-12-09,20:24:00,25927,25927.5,25924,25924.25,163,25932.15,25932.61,0.00
2025-12-09,20:25:00,25924.25,25924.25,25914.75,25919,1170,25929.28,25919.33,0.00
2025-12-09,20:26:00,25918.75,25924.25,25918.75,25924.25,300,25928.91,25919.96,0.00
2025-12-09,20:27:00,25924.25,25927.5,25924.25,25926.5,244,25928.79,25920.83,0.00
2025-12-09,20:28:00,25926.25,25926.75,25922.5,25924.25,174,25928.66,25921.17,0.00
2025-12-09,20:29:00,25923.75,25926,25923.75,25924.5,81,25928.61,25921.32,0.00
2025-12-09,20:30:00,25923.5,25925.5,25923,25925.5,95,25928.55,25921.47,0.00
2025-12-09,20:31:00,25925.25,25926.5,25923.75,25924.75,171,25928.45,25921.74,0.00
2025-12-09,20:32:00,25924.5,25930.75,25924,25926.25,428,25928.36,25922.59,0.00
2025-12-09,20:33:00,25926.5,25928.25,25926.5,25927.5,72,25928.35,25922.71,0.00
2025-12-09,20:34:00,25927.5,25928.25,25926.25,25926.25,119,25928.32,25922.89,0.00
2025-12-09,20:35:00,25926,25926.75,25924.25,25926.5,93,25928.29,25922.98,0.00
2025-12-09,20:36:00,25926.25,25929.25,25926.25,25929,337,25928.29,25923.51,0.00
2025-12-09,20:37:00,25928.5,25928.5,25926,25928.25,42,25928.28,25923.57,0.00
2025-12-09,20:38:00,25927.75,25928,25926,25927.25,77,25928.27,25923.65,0.00
2025-12-09,20:39:00,25926.25,25928,25926,25927.75,57,25928.26,25923.71,0.00
2025-12-09,20:40:00,25927.75,25928,25923.25,25923.75,203,25928.18,25923.78,0.00
2025-12-09,20:41:00,25924,25924.25,25921,25922.25,392,25927.90,25923.65,0.00
2025-12-09,20:42:00,25922.25,25925.25,25920,25923.25,204,25927.78,25923.61,0.00
2025-12-09,20:43:00,25922.75,25922.75,25920.5,25921.75,71,25927.73,25923.58,0.00
2025-12-09,20:44:00,25922.25,25924,25921.5,25923.25,87,25927.68,25923.57,0.00
2025-12-09,20:45:00,25922.25,25923.5,25921.25,25923.25,72,25927.63,25923.55,0.00
2025-12-09,20:46:00,25922.5,25923.5,25918.5,25920.25,254,25927.43,25923.40,0.00
2025-12-09,20:47:00,25920,25920,25910.5,25911,1190,25925.81,25913.83,0.00
2025-12-09,20:48:00,25911.25,25914.75,25911,25914,278,25925.47,25913.72,0.00
2025-12-09,20:49:00,25914,25916.5,25913.25,25913.75,232,25925.23,25913.83,0.00
2025-12-09,20:50:00,25913.75,25914.25,25912,25913.25,154,25925.06,25913.77,0.00
2025-12-09,20:51:00,25913,25913.75,25908.75,25910.5,494,25924.43,25911.00,0.00
2025-12-09,20:52:00,25911.25,25915.5,25911,25914,294,25924.15,25911.93,0.00
2025-12-09,20:53:00,25914,25915.25,25912.75,25914.5,107,25924.06,25912.20,0.00
2025-12-09,20:54:00,25914.5,25914.5,25909.5,25910.5,281,25923.76,25912.03,0.00
2025-12-09,20:55:00,25910.5,25911.75,25909.25,25909.5,141,25923.60,25911.83,0.00
2025-12-09,20:56:00,25910,25910,25906,25908.5,649,25922.81,25908.17,0.00
2025-12-09,20:57:00,25908.5,25911,25907.75,25909.5,249,25922.55,25908.51,0.00
2025-12-09,20:58:00,25909.25,25911,25908.5,25910.5,107,25922.44,25908.67,0.00
2025-12-09,20:59:00,25910.5,25912,25909.75,25910.5,168,25922.29,25908.97,0.00
2025-12-09,21:00:00,25910.25,25910.5,25903.5,25904.25,349,25921.87,25906.08,0.00
2025-12-09,21:01:00,25903.75,25912.25,25903.5,25909,434,25921.45,25907.28,0.00
2025-12-09,21:02:00,25909,25911,25906,25910.5,323,25921.17,25907.83,0.00
2025-12-09,21:03:00,25910.75,25915.75,25909,25915.75,491,25920.92,25909.58,0.00
2025-12-09,21:04:00,25915.5,25917.25,25913.5,25915.75,410,25920.77,25910.79,0.00
2025-12-09,21:05:00,25916,25916,25912.75,25915,197,25920.69,25911.13,0.00
2025-12-09,21:06:00,25914.75,25916.5,25913,25914.75,259,25920.59,25911.51,0.00
2025-12-09,21:07:00,25914.75,25915.5,25912.75,25912.75,156,25920.52,25911.64,0.00
2025-12-09,21:08:00,25912.5,25912.75,25905.5,25906.25,629,25920.05,25910.96,0.00
2025-12-09,21:09:00,25906.5,25906.75,25895.5,25900.5,1358,25918.58,25900.92,0.00
2025-12-09,21:10:00,25899.75,25901.5,25894,25895,502,25917.99,25896.83,0.00
2025-12-09,21:11:00,25895,25898,25893.25,25896.25,572,25917.31,25895.83,0.00
2025-12-09,21:12:00,25896.5,25903.25,25896.5,25900.75,489,25916.88,25897.83,0.00
2025-12-09,21:13:00,25901,25904,25898.5,25902,378,25916.58,25898.79,0.00
2025-12-09,21:14:00,25901.75,25902,25896.5,25898.75,281,25916.34,25898.84,0.00
2025-12-09,21:15:00,25899.5,25903.25,25899.5,25903.25,229,25916.17,25899.21,0.00
2025-12-09,21:16:00,25903.5,25905,25900.5,25900.75,258,25916.00,25899.55,0.00
2025-12-09,21:17:00,25900.5,25902.5,25898.5,25902.5,264,25915.81,25899.72,0.00
2025-12-09,21:18:00,25902.75,25906,25901.5,25905.25,394,25915.59,25900.34,0.00
2025-12-09,21:19:00,25905.25,25907.75,25901.25,25903.75,355,25915.40,25900.77,0.00
2025-12-09,21:20:00,25903.75,25905.5,25900,25900.25,235,25915.26,25900.85,0.00
2025-12-09,21:21:00,25900.25,25903.5,25898.75,25902.5,253,25915.10,25900.90,0.00
2025-12-09,21:22:00,25902.5,25904.25,25901,25902,202,25914.98,25900.98,0.00
2025-12-09,21:23:00,25902,25904.75,25899.75,25900,229,25914.85,25901.01,0.00
2025-12-09,21:24:00,25899.5,25904,25899.5,25899.5,151,25914.75,25901.01,0.00
2025-12-09,21:25:00,25899.25,25901.25,25899,25899.75,140,25914.66,25900.98,0.00
2025-12-09,21:26:00,25899.25,25901.75,25896.75,25901.75,388,25914.42,25900.91,0.00
2025-12-09,21:27:00,25901.5,25903.5,25900.5,25901.75,224,25914.30,25900.95,0.00
2025-12-09,21:28:00,25901.75,25905.25,25900.75,25904.5,214,25914.20,25901.05,0.00
2025-12-09,21:29:00,25905,25906.75,25902.25,25905.75,182,25914.13,25901.18,0.00
2025-12-09,21:30:00,25905,25908.25,25903.75,25906.75,248,25914.05,25901.40,0.00
2025-12-09,21:31:00,25907,25910,25903.25,25904.75,461,25913.89,25901.75,0.00
2025-12-09,21:32:00,25904.5,25904.5,25901,25902.25,238,25913.78,25901.78,0.00
2025-12-09,21:33:00,25902.25,25903,25899.25,25901.75,205,25913.68,25901.77,0.00
2025-12-09,21:34:00,25902,25902.5,25898.25,25900.75,119,25913.62,25901.74,0.00
2025-12-09,21:35:00,25900,25901.25,25898,25900.75,154,25913.54,25901.70,0.00
2025-12-09,21:36:00,25899.5,25905.25,25899.5,25904.75,190,25913.46,25901.74,0.00
2025-12-09,21:37:00,25904.75,25910.25,25904.75,25907.25,461,25913.35,25902.09,0.00
2025-12-09,21:38:00,25907.5,25907.5,25905,25905.75,195,25913.29,25902.19,0.00
2025-12-09,21:39:00,25905.75,25906.25,25903.25,25904.5,115,25913.26,25902.23,0.00
2025-12-09,21:40:00,25904.75,25908.75,25904,25907.75,163,25913.22,25902.32,0.00
2025-12-09,21:41:00,25907.25,25908.5,25905.5,25908.5,108,25913.19,25902.39,0.00
2025-12-09,21:42:00,25908,25909,25906.25,25906.75,69,25913.18,25902.43,0.00
2025-12-09,21:43:00,25905.75,25907,25904,25905.5,208,25913.12,25902.51,0.00
2025-12-09,21:44:00,25905.25,25907.75,25903.75,25907.5,202,25913.07,25902.60,0.00
2025-12-09,21:45:00,25906.5,25911,25905.75,25909.25,238,25913.03,25902.76,0.00
2025-12-09,21:46:00,25909.25,25912.25,25908.5,25910.5,248,25913.00,25902.97,0.00
2025-12-09,21:47:00,25910.75,25911.25,25908.25,25909.75,167,25912.98,25903.10,0.00
2025-12-09,21:48:00,25909.25,25913.75,25908.25,25911,401,25912.96,25903.43,0.00
2025-12-09,21:49:00,25911.25,25911.25,25907,25909,161,25912.93,25903.52,0.00
2025-12-09,21:50:00,25909,25910.75,25908.25,25909,67,25912.93,25903.56,0.00
2025-12-09,21:51:00,25908,25909.5,25907.25,25908.25,104,25912.91,25903.61,0.00
2025-12-09,21:52:00,25908.25,25908.75,25905.5,25907.75,167,25912.88,25903.67,0.00
2025-12-09,21:53:00,25908.25,25908.75,25906.5,25907.75,96,25912.86,25903.71,0.00
2025-12-09,21:54:00,25908,25910,25906.75,25908.5,104,25912.84,25903.75,0.00
2025-12-09,21:55:00,25909,25909,25907,25907.5,86,25912.83,25903.79,0.00
2025-12-09,21:56:00,25907.75,25907.75,25905,25906.25,150,25912.79,25903.82,0.00
2025-12-09,21:57:00,25906,25910,25906,25908.25,98,25912.78,25903.86,0.00
2025-12-09,21:58:00,25908.5,25909.75,25907.5,25909.75,67,25912.77,25903.90,0.00
2025-12-09,21:59:00,25909.25,25911,25908.75,25909.5,119,25912.76,25903.96,0.00
2025-12-09,22:00:00,25909.75,25910.75,25908.75,25909,77,25912.75,25904.00,0.00
2025-12-09,22:01:00,25909.5,25916,25908.5,25912.25,528,25912.74,25904.38,0.00
2025-12-09,22:02:00,25912.5,25913.5,25910.25,25911.5,137,25912.73,25904.47,0.00
2025-12-09,22:03:00,25911.5,25913.5,25910.5,25912.75,166,25912.73,25904.58,0.00
2025-12-09,22:04:00,25912.25,25912.5,25909.75,25910.5,105,25912.72,25904.63,0.00
2025-12-09,22:05:00,25910.5,25911,25907.5,25908.75,123,25912.71,25904.68,0.00
2025-12-09,22:06:00,25909,25912,25909,25910.75,175,25912.70,25904.76,0.00
2025-12-09,22:07:00,25910.75,25912.25,25910.25,25911.5,51,25912.70,25904.79,0.00
2025-12-09,22:08:00,25911.75,25916,25911.5,25912.5,389,25912.70,25905.05,0.00
2025-12-09,22:09:00,25912.5,25913.25,25910.5,25911.5,74,25912.70,25905.09,0.00
2025-12-09,22:10:00,25912.25,25913.5,25911,25913.5,123,25912.70,25905.17,0.00
2025-12-09,22:11:00,25913.25,25915.25,25912.5,25913,148,25912.71,25905.26,0.00
2025-12-09,22:12:00,25913.25,25916.25,25913,25914,212,25912.72,25905.41,0.00
2025-12-09,22:13:00,25913.75,25915,25912.75,25913.25,99,25912.72,25905.47,0.00
2025-12-09,22:14:00,25913.75,25914.75,25912.5,25914.75,123,25912.72,25905.55,0.00
2025-12-09,22:15:00,25914.75,25915,25913.75,25914,69,25912.73,25905.59,0.00
2025-12-09,22:16:00,25914.25,25914.75,25912.75,25914.5,98,25912.73,25905.66,0.00
2025-12-09,22:17:00,25914,25914.75,25911,25911.75,147,25912.73,25905.73,0.00
2025-12-09,22:18:00,25911.75,25913.5,25911.25,25913.5,85,25912.73,25905.77,0.00
2025-12-09,22:19:00,25913.5,25919.75,25913.5,25919,575,25912.81,25906.24,0.00
2025-12-09,22:20:00,25919.5,25922.5,25917.75,25922.25,374,25912.90,25906.61,0.00
2025-12-09,22:21:00,25922,25926.5,25921.75,25924.75,445,25913.06,25907.13,0.00
2025-12-09,22:22:00,25925,25926.5,25923.75,25925,295,25913.16,25907.47,0.00
2025-12-09,22:23:00,25925,25925.75,25923.25,25924,168,25913.22,25907.65,0.00
2025-12-09,22:24:00,25924,25925.25,25923.25,25924,145,25913.26,25907.80,0.00
2025-12-09,22:25:00,25923.5,25925.25,25922.5,25923,114,25913.30,25907.92,0.00
2025-12-09,22:26:00,25922.75,25924.5,25922.75,25923.5,130,25913.34,25908.05,0.00
2025-12-09,22:27:00,25923.5,25924,25920,25921.75,199,25913.39,25908.22,0.00
2025-12-09,22:28:00,25922,25924,25921,25923.5,152,25913.43,25908.35,0.00
2025-12-09,22:29:00,25923.5,25926.75,25923.5,25924.75,284,25913.52,25908.63,0.00
2025-12-09,22:30:00,25924.5,25925,25921.5,25921.75,127,25913.56,25908.74,0.00
2025-12-09,22:31:00,25921.5,25925,25921,25924.5,210,25913.62,25908.92,0.00
2025-12-09,22:32:00,25924.75,25926.5,25924,25926.25,179,25913.68,25909.10,0.00
2025-12-09,22:33:00,25926,25926.5,25922,25923.25,163,25913.72,25909.24,0.00
2025-12-09,22:34:00,25923.25,25926,25922.25,25925,124,25913.76,25909.34,0.00
2025-12-09,22:35:00,25924.25,25926.5,25924.25,25926.25,106,25913.80,25909.44,0.00
2025-12-09,22:36:00,25926.25,25932.25,25926,25929.75,468,25914.00,25909.96,0.00
2025-12-09,22:37:00,25929.5,25930.25,25927.75,25928,145,25914.05,25910.11,0.00
2025-12-09,22:38:00,25928.5,25929,25926.25,25927,98,25914.09,25910.20,0.00
2025-12-09,22:39:00,25927,25927,25924.75,25926,123,25914.13,25910.31,0.00
2025-12-09,22:40:00,25926,25928,25925.75,25926.75,84,25914.16,25910.38,0.00
2025-12-09,22:41:00,25927.25,25928.75,25923.25,25926,253,25914.24,25910.59,0.00
2025-12-09,22:42:00,25925.75,25928,25925.5,25927,108,25914.28,25910.69,0.00
2025-12-09,22:43:00,25928.25,25929,25925.75,25926,150,25914.33,25910.81,0.00
2025-12-09,22:44:00,25927,25928,25926,25926.5,116,25914.37,25910.91,0.00
2025-12-09,22:45:00,25926.5,25926.5,25924,25924.5,162,25914.41,25911.03,0.00
2025-12-09,22:46:00,25924.5,25926,25922.25,25924,220,25914.47,25911.18,0.00
2025-12-09,22:47:00,25924.25,25926.5,25923.25,25925.75,124,25914.50,25911.27,0.00
2025-12-09,22:48:00,25925.75,25928.5,25925.25,25927.25,114,25914.54,25911.36,0.00
2025-12-09,22:49:00,25927.25,25927.75,25925.75,25926.5,100,25914.57,25911.43,0.00
2025-12-09,22:50:00,25927.25,25927.5,25925.5,25925.5,133,25914.61,25911.53,0.00
2025-12-09,22:51:00,25925.5,25927.25,25925,25926,94,25914.64,25911.60,0.00
2025-12-09,22:52:00,25925.75,25931.75,25925.75,25929.75,271,25914.74,25911.83,0.00
2025-12-09,22:53:00,25930.25,25930.75,25928,25929.25,177,25914.81,25911.98,0.00
2025-12-09,22:54:00,25929.25,25929.5,25927.5,25928.5,88,25914.84,25912.05,0.00
2025-12-09,22:55:00,25929,25929.25,25925.75,25926.5,118,25914.88,25912.14,0.00
2025-12-09,22:56:00,25926,25926.5,25924.75,25924.75,206,25914.93,25912.27,0.00
2025-12-09,22:57:00,25925.25,25928.25,25923.5,25928,167,25914.98,25912.38,0.00
2025-12-09,22:58:00,25928.25,25928.5,25925.5,25926.75,115,25915.02,25912.46,0.00
2025-12-09,22:59:00,25926.75,25927.5,25925.75,25926.75,54,25915.03,25912.50,0.00
2025-12-09,23:00:00,25927,25927.5,25926.5,25926.75,83,25915.06,25912.55,0.00
2025-12-09,23:01:00,25926.75,25934.5,25926.75,25932.5,517,25915.27,25913.00,0.00
2025-12-09,23:02:00,25932.5,25935.25,25930.75,25931.5,262,25915.38,25913.23,0.00
2025-12-09,23:03:00,25931.5,25933.75,25929.5,25932.75,234,25915.47,25913.42,0.00
2025-12-09,23:04:00,25932,25935.5,25931.5,25933,254,25915.59,25913.65,0.00
2025-12-09,23:05:00,25933,25933.75,25930.5,25933.75,117,25915.63,25913.75,0.00
2025-12-09,23:06:00,25934.5,25935.25,25933.25,25934.75,186,25915.72,25913.91,0.00
2025-12-09,23:07:00,25934,25934,25929.75,25932.75,163,25915.78,25914.04,0.00
2025-12-09,23:08:00,25933,25934.25,25932.5,25933.25,81,25915.82,25914.11,0.00
2025-12-09,23:09:00,25933.5,25935.75,25933,25935,146,25915.88,25914.24,0.00
2025-12-09,23:10:00,25935.5,25938.25,25935.25,25936.75,296,25916.03,25914.52,0.00
2025-12-09,23:11:00,25937,25938,25933,25935.75,394,25916.21,25914.87,0.00
2025-12-09,23:12:00,25936,25936.5,25933.25,25933.25,168,25916.29,25915.00,0.00
2025-12-09,23:13:00,25933.25,25935,25931.5,25931.5,132,25916.34,25915.10,0.00
2025-12-09,23:14:00,25931.75,25933.5,25931.25,25932.75,131,25916.39,25915.19,0.00
2025-12-09,23:15:00,25932.75,25932.75,25929.75,25930.75,102,25916.42,25915.26,0.00
2025-12-09,23:16:00,25930,25931,25924.5,25927.25,436,25916.53,25915.47,0.00
2025-12-09,23:17:00,25927.25,25927.75,25925.5,25926.25,158,25916.57,25915.54,0.00
2025-12-09,23:18:00,25926.5,25927.75,25924.5,25925.75,106,25916.59,25915.59,0.00
2025-12-09,23:19:00,25925.25,25925.25,25921.5,25922.5,335,25916.64,25915.69,0.00
2025-12-09,23:20:00,25922.25,25923.75,25920.5,25920.5,218,25916.67,25915.73,0.00
2025-12-09,23:21:00,25920.25,25924.75,25919.5,25923.25,353,25916.71,25915.83,0.00
2025-12-09,23:22:00,25923.25,25925.75,25923.25,25925,174,25916.75,25915.88,0.00
2025-12-09,23:23:00,25924.25,25925.75,25921.75,25922.25,200,25916.77,25915.94,0.00
2025-12-09,23:24:00,25922,25924.25,25922,25923,135,25916.79,25915.98,0.00
2025-12-09,23:25:00,25924,25924.75,25922.75,25922.75,104,25916.81,25916.01,0.00
2025-12-09,23:26:00,25922.75,25923.75,25920.25,25920.5,198,25916.83,25916.05,0.00
2025-12-09,23:27:00,25920.5,25921.75,25918.5,25920.75,305,25916.85,25916.09,0.00
2025-12-09,23:28:00,25920.5,25921.75,25919.5,25919.5,103,25916.86,25916.11,0.00
2025-12-09,23:29:00,25920.5,25921.75,25919.25,25921.25,159,25916.87,25916.14,0.00
2025-12-09,23:30:00,25921,25922.5,25920.5,25921,83,25916.88,25916.15,0.00
2025-12-09,23:31:00,25920.75,25921.5,25918.75,25919.25,252,25916.90,25916.19,0.00
2025-12-09,23:32:00,25919.25,25923.25,25919.25,25922.5,185,25916.92,25916.22,0.00
2025-12-09,23:33:00,25922.75,25923.25,25919.5,25920,100,25916.93,25916.24,0.00
2025-12-09,23:34:00,25920,25920.5,25916.5,25918.25,249,25916.93,25916.26,0.00
2025-12-09,23:35:00,25918.75,25920.5,25918,25920.25,138,25916.94,25916.27,0.00
2025-12-09,23:36:00,25920,25922,25919.5,25922,89,25916.95,25916.29,0.00
2025-12-09,23:37:00,25922,25928.25,25921.25,25924.5,515,25917.03,25916.44,0.00
2025-12-09,23:38:00,25925.25,25926,25924.5,25925.5,124,25917.06,25916.47,0.00
2025-12-09,23:39:00,25925,25925.75,25923.75,25924.5,94,25917.07,25916.50,0.00
2025-12-09,23:40:00,25924.5,25925.75,25923.75,25925.75,108,25917.09,25916.53,0.00
2025-12-09,23:41:00,25924.75,25925.75,25922.75,25925.25,152,25917.11,25916.57,0.00
2025-12-09,23:42:00,25926,25926.5,25923.75,25925.25,149,25917.14,25916.62,0.00
2025-12-09,23:43:00,25925.5,25926.5,25924.25,25925.25,132,25917.16,25916.66,0.00
2025-12-09,23:44:00,25925.25,25926.25,25924.25,25924.5,54,25917.17,25916.67,0.00
2025-12-09,23:45:00,25924.25,25925.5,25921.5,25922,145,25917.19,25916.70,0.00
2025-12-09,23:46:00,25922.25,25923.75,25919.25,25920.75,225,25917.20,25916.73,0.00
2025-12-09,23:47:00,25920.5,25921.25,25919,25921,180,25917.22,25916.76,0.00
2025-12-09,23:48:00,25921.25,25925.25,25921.25,25924,233,25917.25,25916.81,0.00
2025-12-09,23:49:00,25924,25924.5,25921.75,25922.75,80,25917.26,25916.82,0.00
2025-12-09,23:50:00,25922.75,25924.25,25921.25,25921.25,73,25917.26,25916.84,0.00
2025-12-09,23:51:00,25921.5,25921.5,25919.5,25920.5,116,25917.27,25916.85,0.00
2025-12-09,23:52:00,25920.25,25921.75,25918.75,25919.25,161,25917.28,25916.87,0.00
2025-12-09,23:53:00,25919.25,25920.5,25917.5,25919,158,25917.28,25916.88,0.00
2025-12-09,23:54:00,25919.5,25920.5,25918.75,25919.75,75,25917.29,25916.88,0.00
2025-12-09,23:55:00,25919.75,25921.75,25919.5,25920,85,25917.29,25916.89,0.00
2025-12-09,23:56:00,25919.75,25923,25919.75,25922.75,118,25917.30,25916.91,0.00
2025-12-09,23:57:00,25923,25926.25,25921.75,25926.25,177,25917.33,25916.96,0.00
2025-12-09,23:58:00,25926.5,25927.5,25925.25,25927,542,25917.43,25917.12,0.00
2025-12-09,23:59:00,25927,25927.75,25925.25,25927,119,25917.45,25917.15,0.00
2025-12-09,19:20:00,25926.25,25929.75,25923.5,25928.25,282,0.00,0.00,0.00
2025-12-09,19:21:00,25927.5,25929.25,25925.75,25926.5,167,25927.17,25927.17,0.00
2025-12-09,19:22:00,25926.5,25928.5,25925.25,25925.5,166,25926.79,25926.42,0.00
2025-12-09,19:23:00,25925.5,25926.5,25923.5,25926.5,270,25926.21,25925.50,0.00
2025-12-09,19:24:00,25926,25926.75,25924.5,25926,154,25926.12,25925.59,0.00
2025-12-09,19:25:00,25926,25928,25925.25,25926.5,173,25926.21,25925.88,0.00
2025-12-09,19:26:00,25926.75,25930,25926,25929,263,25928.33,25926.63,0.00
2025-12-09,19:27:00,25929.5,25931,25927.75,25929.25,270,25929.33,25927.28,0.00
2025-12-09,19:28:00,25928.75,25931,25928,25931,126,25929.55,25927.55,0.00
2025-12-09,19:29:00,25930.25,25931.25,25928.75,25929.75,144,25929.92,25927.79,0.00
2025-12-09,19:30:00,25929.5,25931.25,25929.5,25929.75,106,25930.02,25927.96,0.00
2025-12-09,19:31:00,25929.25,25930,25927.25,25929.25,146,25929.58,25928.04,0.00
2025-12-09,19:32:00,25930,25930.5,25927.5,25929.25,105,25929.48,25928.10,0.00
2025-12-09,19:33:00,25929.25,25929.25,25927.75,25927.75,50,25929.37,25928.10,0.00
2025-12-09,19:34:00,25928.75,25930,25927.5,25928.75,84,25929.29,25928.13,0.00
2025-12-09,19:35:00,25929,25929.75,25927,25927.75,110,25929.12,25928.13,0.00
2025-12-09,19:36:00,25927.75,25928,25925.75,25926,147,25928.70,25928.03,0.00
2025-12-09,19:37:00,25926,25930.25,25926,25929.5,185,25928.68,25928.07,0.00
2025-12-09,19:38:00,25930,25931,25928.75,25931,96,25928.81,25928.16,0.00
2025-12-09,19:39:00,25930.5,25931.25,25929,25929,68,25928.86,25928.20,0.00
2025-12-09,19:40:00,25929.5,25930.5,25928.5,25930,77,25928.91,25928.25,0.00
2025-12-09,19:41:00,25930.75,25932.25,25930,25932.25,129,25931.50,25928.40,0.00
2025-12-09,19:42:00,25931.75,25934,25931.25,25932,255,25932.42,25928.75,0.00
2025-12-09,19:43:00,25931.75,25932.75,25928.75,25930,142,25931.73,25928.83,0.00
2025-12-09,19:44:00,25929.5,25930.5,25929,25929.25,75,25931.39,25928.84,0.00
2025-12-09,19:45:00,25929.75,25932.5,25928.25,25932.5,115,25931.33,25928.92,0.00
2025-12-09,19:46:00,25932,25933.5,25929.75,25930.75,185,25931.33,25929.05,0.00
2025-12-09,19:47:00,25931,25931.5,25929.25,25931,94,25931.25,25929.09,0.00
2025-12-09,19:48:00,25931,25932.25,25930.25,25931.5,58,25931.25,25929.13,0.00
2025-12-09,19:49:00,25931.5,25932.5,25930.5,25931.25,87,25931.27,25929.18,0.00
2025-12-09,19:50:00,25931.75,25933,25930.5,25932.5,69,25931.32,25929.23,0.00
2025-12-09,19:51:00,25932.75,25934.5,25929,25929.75,214,25931.08,25929.33,0.00
2025-12-09,19:52:00,25930.5,25931,25927.25,25928,135,25930.18,25929.31,0.00
2025-12-09,19:53:00,25928,25928.25,25925.25,25926.25,181,25928.95,25929.20,0.00
2025-12-09,19:54:00,25926.5,25926.75,25920.25,25922.75,457,25926.31,25923.25,0.00
2025-12-09,19:55:00,25923.75,25927,25923.25,25926.75,189,25926.21,25923.96,0.00
2025-12-09,19:56:00,25927,25927.25,25924.5,25925,93,25926.16,25924.16,0.00
2025-12-09,19:57:00,25924.75,25926.25,25923.5,25926.25,158,25926.07,25924.37,0.00
2025-12-09,19:58:00,25926.25,25926.75,25924.25,25925,51,25926.05,25924.42,0.00
2025-12-09,19:59:00,25924.5,25926.5,25923.75,25926.25,77,25926.02,25924.50,0.00
2025-12-09,20:00:00,25926,25926.5,25925.25,25925.25,74,25926.00,25924.58,0.00
2025-12-09,20:01:00,25925.25,25926,25921.75,25922.25,377,25925.50,25924.26,0.00
2025-12-09,20:02:00,25922.5,25925.75,25922.25,25924.5,178,25925.39,25924.25,0.00
2025-12-09,20:03:00,25924.5,25927.75,25924.25,25925.5,147,25925.42,25924.38,0.00
2025-12-09,20:04:00,25926.25,25928.25,25925.25,25926,144,25925.48,25924.54,0.00
2025-12-09,20:05:00,25926.5,25927.75,25926.25,25927.25,79,25925.53,25924.64,0.00
2025-12-09,20:06:00,25928,25928.75,25927,25928.5,155,25925.68,25924.88,0.00
2025-12-09,20:07:00,25929,25935.75,25928.25,25934.75,561,25932.92,25926.53,0.00
2025-12-09,20:08:00,25935,25941.25,25934,25939.25,584,25938.17,25928.57,0.00
2025-12-09,20:09:00,25939.25,25941.5,25937.5,25938.75,330,25939.25,25929.54,0.00
2025-12-09,20:10:00,25938.5,25941.25,25938.25,25940,250,25939.50,25930.20,0.00
2025-12-09,20:11:00,25940,25941,25939.25,25940.25,214,25939.68,25930.71,0.00
2025-12-09,20:12:00,25940.5,25942,25939.25,25940.5,191,25940.58,25931.15,0.00
2025-12-09,20:13:00,25940.5,25946.5,25938.75,25945.75,732,25943.67,25932.97,0.00
2025-12-09,20:14:00,25945.75,25947,25941.75,25942,447,25943.58,25933.83,0.00
2025-12-09,20:15:00,25941.5,25943.25,25937.75,25938.75,472,25941.70,25934.31,0.00
2025-12-09,20:16:00,25938.25,25939.5,25933.25,25936.25,591,25939.60,25934.50,0.00
2025-12-09,20:17:00,25936.5,25936.5,25931.5,25932.75,287,25938.64,25934.46,0.00
2025-12-09,20:18:00,25932.25,25932.75,25924.5,25928.75,649,25935.99,25933.96,0.00
2025-12-09,20:19:00,25928.5,25930.25,25926.75,25928.75,391,25934.97,25933.69,0.00
2025-12-09,20:20:00,25928,25928,25924,25924.25,211,25934.31,25933.47,0.00
2025-12-09,20:21:00,25924.25,25926.5,25922,25925,370,25933.25,25933.08,0.00
2025-12-09,20:22:00,25924,25926.5,25923,25926.5,208,25932.79,25932.90,0.00
2025-12-09,20:23:00,25926.75,25930,25925,25927.75,261,25932.44,25932.74,0.00
2025-12-09,20:24:00,25927,25927.5,25924,25924.25,163,25932.15,25932.61,0.00
2025-12-09,20:25:00,25924.25,25924.25,25914.75,25919,1170,25929.28,25919.33,0.00
2025-12-09,20:26:00,25918.75,25924.25,25918.75,25924.25,300,25928.91,25919.96,0.00
2025-12-09,20:27:00,25924.25,25927.5,25924.25,25926.5,244,25928.79,25920.83,0.00
2025-12-09,20:28:00,25926.25,25926.75,25922.5,25924.25,174,25928.66,25921.17,0.00
2025-12-09,20:29:00,25923.75,25926,25923.75,25924.5,81,25928.61,25921.32,0.00
2025-12-09,20:30:00,25923.5,25925.5,25923,25925.5,95,25928.55,25921.47,0.00
2025-12-09,20:31:00,25925.25,25926.5,25923.75,25924.75,171,25928.45,25921.74,0.00
2025-12-09,20:32:00,25924.5,25930.75,25924,25926.25,428,25928.36,25922.59,0.00
2025-12-09,20:33:00,25926.5,25928.25,25926.5,25927.5,72,25928.35,25922.71,0.00
2025-12-09,20:34:00,25927.5,25928.25,25926.25,25926.25,119,25928.32,25922.89,0.00
2025-12-09,20:35:00,25926,25926.75,25924.25,25926.5,93,25928.29,25922.98,0.00
2025-12-09,20:36:00,25926.25,25929.25,25926.25,25929,337,25928.29,25923.51,0.00
2025-12-09,20:37:00,25928.5,25928.5,25926,25928.25,42,25928.28,25923.57,0.00
2025-12-09,20:38:00,25927.75,25928,25926,25927.25,77,25928.27,25923.65,0.00
2025-12-09,20:39:00,25926.25,25928,25926,25927.75,57,25928.26,25923.71,0.00
2025-12-09,20:40:00,25927.75,25928,25923.25,25923.75,203,25928.18,25923.78,0.00
2025-12-09,20:41:00,25924,25924.25,25921,25922.25,392,25927.90,25923.65,0.00
2025-12-09,20:42:00,25922.25,25925.25,25920,25923.25,204,25927.78,25923.61,0.00
2025-12-09,20:43:00,25922.75,25922.75,25920.5,25921.75,71,25927.73,25923.58,0.00
2025-12-09,20:44:00,25922.25,25924,25921.5,25923.25,87,25927.68,25923.57,0.00
2025-12-09,20:45:00,25922.25,25923.5,25921.25,25923.25,72,25927.63,25923.55,0.00
2025-12-09,20:46:00,25922.5,25923.5,25918.5,25920.25,254,25927.43,25923.40,0.00
2025-12-09,20:47:00,25920,25920,25910.5,25911,1190,25925.81,25913.83,0.00
2025-12-09,20:48:00,25911.25,25914.75,25911,25914,278,25925.47,25913.72,0.00
2025-12-09,20:49:00,25914,25916.5,25913.25,25913.75,232,25925.23,25913.83,0.00
2025-12-09,20:50:00,25913.75,25914.25,25912,25913.25,154,25925.06,25913.77,0.00
2025-12-09,20:51:00,25913,25913.75,25908.75,25910.5,494,25924.43,25911.00,0.00
2025-12-09,20:52:00,25911.25,25915.5,25911,25914,294,25924.15,25911.93,0.00
2025-12-09,20:53:00,25914,25915.25,25912.75,25914.5,107,25924.06,25912.20,0.00
2025-12-09,20:54:00,25914.5,25914.5,25909.5,25910.5,281,25923.76,25912.03,0.00
2025-12-09,20:55:00,25910.5,25911.75,25909.25,25909.5,141,25923.60,25911.83,0.00
2025-12-09,20:56:00,25910,25910,25906,25908.5,649,25922.81,25908.17,0.00
2025-12-09,20:57:00,25908.5,25911,25907.75,25909.5,249,25922.55,25908.51,0.00
2025-12-09,20:58:00,25909.25,25911,25908.5,25910.5,107,25922.44,25908.67,0.00
2025-12-09,20:59:00,25910.5,25912,25909.75,25910.5,168,25922.29,25908.97,0.00
2025-12-09,21:00:00,25910.25,25910.5,25903.5,25904.25,349,25921.87,25906.08,0.00
2025-12-09,21:01:00,25903.75,25912.25,25903.5,25909,434,25921.45,25907.28,0.00
2025-12-09,21:02:00,25909,25911,25906,25910.5,323,25921.17,25907.83,0.00
2025-12-09,21:03:00,25910.75,25915.75,25909,25915.75,491,25920.92,25909.58,0.00
2025-12-09,21:04:00,25915.5,25917.25,25913.5,25915.75,410,25920.77,25910.79,0.00
2025-12-09,21:05:00,25916,25916,25912.75,25915,197,25920.69,25911.13,0.00
2025-12-09,21:06:00,25914.75,25916.5,25913,25914.75,259,25920.59,25911.51,0.00
2025-12-09,21:07:00,25914.75,25915.5,25912.75,25912.75,156,25920.52,25911.64,0.00
2025-12-09,21:08:00,25912.5,25912.75,25905.5,25906.25,629,25920.05,25910.96,0.00
2025-12-09,21:09:00,25906.5,25906.75,25895.5,25900.5,1358,25918.58,25900.92,0.00
2025-12-09,21:10:00,25899.75,25901.5,25894,25895,502,25917.99,25896.83,0.00
2025-12-09,21:11:00,25895,25898,25893.25,25896.25,572,25917.31,25895.83,0.00
2025-12-09,21:12:00,25896.5,25903.25,25896.5,25900.75,489,25916.88,25897.83,0.00
2025-12-09,21:13:00,25901,25904,25898.5,25902,378,25916.58,25898.79,0.00
2025-12-09,21:14:00,25901.75,25902,25896.5,25898.75,281,25916.34,25898.84,0.00
2025-12-09,21:15:00,25899.5,25903.25,25899.5,25903.25,229,25916.17,25899.21,0.00
2025-12-09,21:16:00,25903.5,25905,25900.5,25900.75,258,25916.00,25899.55,0.00
2025-12-09,21:17:00,25900.5,25902.5,25898.5,25902.5,264,25915.81,25899.72,0.00
2025-12-09,21:18:00,25902.75,25906,25901.5,25905.25,394,25915.59,25900.34,0.00
2025-12-09,21:19:00,25905.25,25907.75,25901.25,25903.75,355,25915.40,25900.77,0.00
2025-12-09,21:20:00,25903.75,25905.5,25900,25900.25,235,25915.26,25900.85,0.00
2025-12-09,21:21:00,25900.25,25903.5,25898.75,25902.5,253,25915.10,25900.90,0.00
2025-12-09,21:22:00,25902.5,25904.25,25901,25902,202,25914.98,25900.98,0.00
2025-12-09,21:23:00,25902,25904.75,25899.75,25900,229,25914.85,25901.01,0.00
2025-12-09,21:24:00,25899.5,25904,25899.5,25899.5,151,25914.75,25901.01,0.00
2025-12-09,21:25:00,25899.25,25901.25,25899,25899.75,140,25914.66,25900.98,0.00
2025-12-09,21:26:00,25899.25,25901.75,25896.75,25901.75,388,25914.42,25900.91,0.00
2025-12-09,21:27:00,25901.5,25903.5,25900.5,25901.75,224,25914.30,25900.95,0.00
2025-12-09,21:28:00,25901.75,25905.25,25900.75,25904.5,214,25914.20,25901.05,0.00
2025-12-09,21:29:00,25905,25906.75,25902.25,25905.75,182,25914.13,25901.18,0.00
2025-12-09,21:30:00,25905,25908.25,25903.75,25906.75,248,25914.05,25901.40,0.00
2025-12-09,21:31:00,25907,25910,25903.25,25904.75,461,25913.89,25901.75,0.00
2025-12-09,21:32:00,25904.5,25904.5,25901,25902.25,238,25913.78,25901.78,0.00
2025-12-09,21:33:00,25902.25,25903,25899.25,25901.75,205,25913.68,25901.77,0.00
2025-12-09,21:34:00,25902,25902.5,25898.25,25900.75,119,25913.62,25901.74,0.00
2025-12-09,21:35:00,25900,25901.25,25898,25900.75,154,25913.54,25901.70,0.00
2025-12-09,21:36:00,25899.5,25905.25,25899.5,25904.75,190,25913.46,25901.74,0.00
2025-12-09,21:37:00,25904.75,25910.25,25904.75,25907.25,461,25913.35,25902.09,0.00
2025-12-09,21:38:00,25907.5,25907.5,25905,25905.75,195,25913.29,25902.19,0.00
2025-12-09,21:39:00,25905.75,25906.25,25903.25,25904.5,115,25913.26,25902.23,0.00
2025-12-09,21:40:00,25904.75,25908.75,25904,25907.75,163,25913.22,25902.32,0.00
2025-12-09,21:41:00,25907.25,25908.5,25905.5,25908.5,108,25913.19,25902.39,0.00
2025-12-09,21:42:00,25908,25909,25906.25,25906.75,69,25913.18,25902.43,0.00
2025-12-09,21:43:00,25905.75,25907,25904,25905.5,208,25913.12,25902.51,0.00
2025-12-09,21:44:00,25905.25,25907.75,25903.75,25907.5,202,25913.07,25902.60,0.00
2025-12-09,21:45:00,25906.5,25911,25905.75,25909.25,238,25913.03,25902.76,0.00
2025-12-09,21:46:00,25909.25,25912.25,25908.5,25910.5,248,25913.00,25902.97,0.00
2025-12-09,21:47:00,25910.75,25911.25,25908.25,25909.75,167,25912.98,25903.10,0.00
2025-12-09,21:48:00,25909.25,25913.75,25908.25,25911,401,25912.96,25903.43,0.00
2025-12-09,21:49:00,25911.25,25911.25,25907,25909,161,25912.93,25903.52,0.00
2025-12-09,21:50:00,25909,25910.75,25908.25,25909,67,25912.93,25903.56,0.00
2025-12-09,21:51:00,25908,25909.5,25907.25,25908.25,104,25912.91,25903.61,0.00
2025-12-09,21:52:00,25908.25,25908.75,25905.5,25907.75,167,25912.88,25903.67,0.00
2025-12-09,21:53:00,25908.25,25908.75,25906.5,25907.75,96,25912.86,25903.71,0.00
2025-12-09,21:54:00,25908,25910,25906.75,25908.5,104,25912.84,25903.75,0.00
2025-12-09,21:55:00,25909,25909,25907,25907.5,86,25912.83,25903.79,0.00
2025-12-09,21:56:00,25907.75,25907.75,25905,25906.25,150,25912.79,25903.82,0.00
2025-12-09,21:57:00,25906,25910,25906,25908.25,98,25912.78,25903.86,0.00
2025-12-09,21:58:00,25908.5,25909.75,25907.5,25909.75,67,25912.77,25903.90,0.00
2025-12-09,21:59:00,25909.25,25911,25908.75,25909.5,119,25912.76,25903.96,0.00
2025-12-09,22:00:00,25909.75,25910.75,25908.75,25909,77,25912.75,25904.00,0.00
2025-12-09,22:01:00,25909.5,25916,25908.5,25912.25,528,25912.74,25904.38,0.00
2025-12-09,22:02:00,25912.5,25913.5,25910.25,25911.5,137,25912.73,25904.47,0.00
2025-12-09,22:03:00,25911.5,25913.5,25910.5,25912.75,166,25912.73,25904.58,0.00
2025-12-09,22:04:00,25912.25,25912.5,25909.75,25910.5,105,25912.72,25904.63,0.00
2025-12-09,22:05:00,25910.5,25911,25907.5,25908.75,123,25912.71,25904.68,0.00
2025-12-09,22:06:00,25909,25912,25909,25910.75,175,25912.70,25904.76,0.00
2025-12-09,22:07:00,25910.75,25912.25,25910.25,25911.5,51,25912.70,25904.79,0.00
2025-12-09,22:08:00,25911.75,25916,25911.5,25912.5,389,25912.70,25905.05,0.00
2025-12-09,22:09:00,25912.5,25913.25,25910.5,25911.5,74,25912.70,25905.09,0.00
2025-12-09,22:10:00,25912.25,25913.5,25911,25913.5,123,25912.70,25905.17,0.00
2025-12-09,22:11:00,25913.25,25915.25,25912.5,25913,148,25912.71,25905.26,0.00
2025-12-09,22:12:00,25913.25,25916.25,25913,25914,212,25912.72,25905.41,0.00
2025-12-09,22:13:00,25913.75,25915,25912.75,25913.25,99,25912.72,25905.47,0.00
2025-12-09,22:14:00,25913.75,25914.75,25912.5,25914.75,123,25912.72,25905.55,0.00
2025-12-09,22:15:00,25914.75,25915,25913.75,25914,69,25912.73,25905.59,0.00
2025-12-09,22:16:00,25914.25,25914.75,25912.75,25914.5,98,25912.73,25905.66,0.00
2025-12-09,22:17:00,25914,25914.75,25911,25911.75,147,25912.73,25905.73,0.00
2025-12-09,22:18:00,25911.75,25913.5,25911.25,25913.5,85,25912.73,25905.77,0.00
2025-12-09,22:19:00,25913.5,25919.75,25913.5,25919,575,25912.81,25906.24,0.00
2025-12-09,22:20:00,25919.5,25922.5,25917.75,25922.25,374,25912.90,25906.61,0.00
2025-12-09,22:21:00,25922,25926.5,25921.75,25924.75,445,25913.06,25907.13,0.00
2025-12-09,22:22:00,25925,25926.5,25923.75,25925,295,25913.16,25907.47,0.00
2025-12-09,22:23:00,25925,25925.75,25923.25,25924,168,25913.22,25907.65,0.00
2025-12-09,22:24:00,25924,25925.25,25923.25,25924,145,25913.26,25907.80,0.00
2025-12-09,22:25:00,25923.5,25925.25,25922.5,25923,114,25913.30,25907.92,0.00
2025-12-09,22:26:00,25922.75,25924.5,25922.75,25923.5,130,25913.34,25908.05,0.00
2025-12-09,22:27:00,25923.5,25924,25920,25921.75,199,25913.39,25908.22,0.00
2025-12-09,22:28:00,25922,25924,25921,25923.5,152,25913.43,25908.35,0.00
2025-12-09,22:29:00,25923.5,25926.75,25923.5,25924.75,284,25913.52,25908.63,0.00
2025-12-09,22:30:00,25924.5,25925,25921.5,25921.75,127,25913.56,25908.74,0.00
2025-12-09,22:31:00,25921.5,25925,25921,25924.5,210,25913.62,25908.92,0.00
2025-12-09,22:32:00,25924.75,25926.5,25924,25926.25,179,25913.68,25909.10,0.00
2025-12-09,22:33:00,25926,25926.5,25922,25923.25,163,25913.72,25909.24,0.00
2025-12-09,22:34:00,25923.25,25926,25922.25,25925,124,25913.76,25909.34,0.00
2025-12-09,22:35:00,25924.25,25926.5,25924.25,25926.25,106,25913.80,25909.44,0.00
2025-12-09,22:36:00,25926.25,25932.25,25926,25929.75,468,25914.00,25909.96,0.00
2025-12-09,22:37:00,25929.5,25930.25,25927.75,25928,145,25914.05,25910.11,0.00
2025-12-09,22:38:00,25928.5,25929,25926.25,25927,98,25914.09,25910.20,0.00
2025-12-09,22:39:00,25927,25927,25924.75,25926,123,25914.13,25910.31,0.00
2025-12-09,22:40:00,25926,25928,25925.75,25926.75,84,25914.16,25910.38,0.00
2025-12-09,22:41:00,25927.25,25928.75,25923.25,25926,253,25914.24,25910.59,0.00
2025-12-09,22:42:00,25925.75,25928,25925.5,25927,108,25914.28,25910.69,0.00
2025-12-09,22:43:00,25928.25,25929,25925.75,25926,150,25914.33,25910.81,0.00
2025-12-09,22:44:00,25927,25928,25926,25926.5,116,25914.37,25910.91,0.00
2025-12-09,22:45:00,25926.5,25926.5,25924,25924.5,162,25914.41,25911.03,0.00
2025-12-09,22:46:00,25924.5,25926,25922.25,25924,220,25914.47,25911.18,0.00
2025-12-09,22:47:00,25924.25,25926.5,25923.25,25925.75,124,25914.50,25911.27,0.00
2025-12-09,22:48:00,25925.75,25928.5,25925.25,25927.25,114,25914.54,25911.36,0.00
2025-12-09,22:49:00,25927.25,25927.75,25925.75,25926.5,100,25914.57,25911.43,0.00
2025-12-09,22:50:00,25927.25,25927.5,25925.5,25925.5,133,25914.61,25911.53,0.00
2025-12-09,22:51:00,25925.5,25927.25,25925,25926,94,25914.64,25911.60,0.00
2025-12-09,22:52:00,25925.75,25931.75,25925.75,25929.75,271,25914.74,25911.83,0.00
2025-12-09,22:53:00,25930.25,25930.75,25928,25929.25,177,25914.81,25911.98,0.00
2025-12-09,22:54:00,25929.25,25929.5,25927.5,25928.5,88,25914.84,25912.05,0.00
2025-12-09,22:55:00,25929,25929.25,25925.75,25926.5,118,25914.88,25912.14,0.00
2025-12-09,22:56:00,25926,25926.5,25924.75,25924.75,206,25914.93,25912.27,0.00
2025-12-09,22:57:00,25925.25,25928.25,25923.5,25928,167,25914.98,25912.38,0.00
2025-12-09,22:58:00,25928.25,25928.5,25925.5,25926.75,115,25915.02,25912.46,0.00
2025-12-09,22:59:00,25926.75,25927.5,25925.75,25926.75,54,25915.03,25912.50,0.00
2025-12-09,23:00:00,25927,25927.5,25926.5,25926.75,83,25915.06,25912.55,0.00
2025-12-09,23:01:00,25926.75,25934.5,25926.75,25932.5,517,25915.27,25913.00,0.00
2025-12-09,23:02:00,25932.5,25935.25,25930.75,25931.5,262,25915.38,25913.23,0.00
2025-12-09,23:03:00,25931.5,25933.75,25929.5,25932.75,234,25915.47,25913.42,0.00
2025-12-09,23:04:00,25932,25935.5,25931.5,25933,254,25915.59,25913.65,0.00
2025-12-09,23:05:00,25933,25933.75,25930.5,25933.75,117,25915.63,25913.75,0.00
2025-12-09,23:06:00,25934.5,25935.25,25933.25,25934.75,186,25915.72,25913.91,0.00
2025-12-09,23:07:00,25934,25934,25929.75,25932.75,163,25915.78,25914.04,0.00
2025-12-09,23:08:00,25933,25934.25,25932.5,25933.25,81,25915.82,25914.11,0.00
2025-12-09,23:09:00,25933.5,25935.75,25933,25935,146,25915.88,25914.24,0.00
2025-12-09,23:10:00,25935.5,25938.25,25935.25,25936.75,296,25916.03,25914.52,0.00
2025-12-09,23:11:00,25937,25938,25933,25935.75,394,25916.21,25914.87,0.00
2025-12-09,23:12:00,25936,25936.5,25933.25,25933.25,168,25916.29,25915.00,0.00
2025-12-09,23:13:00,25933.25,25935,25931.5,25931.5,132,25916.34,25915.10,0.00
2025-12-09,23:14:00,25931.75,25933.5,25931.25,25932.75,131,25916.39,25915.19,0.00
2025-12-09,23:15:00,25932.75,25932.75,25929.75,25930.75,102,25916.42,25915.26,0.00
2025-12-09,23:16:00,25930,25931,25924.5,25927.25,436,25916.53,25915.47,0.00
2025-12-09,23:17:00,25927.25,25927.75,25925.5,25926.25,158,25916.57,25915.54,0.00
2025-12-09,23:18:00,25926.5,25927.75,25924.5,25925.75,106,25916.59,25915.59,0.00
2025-12-09,23:19:00,25925.25,25925.25,25921.5,25922.5,335,25916.64,25915.69,0.00
2025-12-09,23:20:00,25922.25,25923.75,25920.5,25920.5,218,25916.67,25915.73,0.00
2025-12-09,23:21:00,25920.25,25924.75,25919.5,25923.25,353,25916.71,25915.83,0.00
2025-12-09,23:22:00,25923.25,25925.75,25923.25,25925,174,25916.75,25915.88,0.00
2025-12-09,23:23:00,25924.25,25925.75,25921.75,25922.25,200,25916.77,25915.94,0.00
2025-12-09,23:24:00,25922,25924.25,25922,25923,135,25916.79,25915.98,0.00
2025-12-09,23:25:00,25924,25924.75,25922.75,25922.75,104,25916.81,25916.01,0.00
2025-12-09,23:26:00,25922.75,25923.75,25920.25,25920.5,198,25916.83,25916.05,0.00
2025-12-09,23:27:00,25920.5,25921.75,25918.5,25920.75,305,25916.85,25916.09,0.00
2025-12-09,23:28:00,25920.5,25921.75,25919.5,25919.5,103,25916.86,25916.11,0.00
2025-12-09,23:29:00,25920.5,25921.75,25919.25,25921.25,159,25916.87,25916.14,0.00
2025-12-09,23:30:00,25921,25922.5,25920.5,25921,83,25916.88,25916.15,0.00
2025-12-09,23:31:00,25920.75,25921.5,25918.75,25919.25,252,25916.90,25916.19,0.00
2025-12-09,23:32:00,25919.25,25923.25,25919.25,25922.5,185,25916.92,25916.22,0.00
2025-12-09,23:33:00,25922.75,25923.25,25919.5,25920,100,25916.93,25916.24,0.00
2025-12-09,23:34:00,25920,25920.5,25916.5,25918.25,249,25916.93,25916.26,0.00
2025-12-09,23:35:00,25918.75,25920.5,25918,25920.25,138,25916.94,25916.27,0.00
2025-12-09,23:36:00,25920,25922,25919.5,25922,89,25916.95,25916.29,0.00
2025-12-09,23:37:00,25922,25928.25,25921.25,25924.5,515,25917.03,25916.44,0.00
2025-12-09,23:38:00,25925.25,25926,25924.5,25925.5,124,25917.06,25916.47,0.00
2025-12-09,23:39:00,25925,25925.75,25923.75,25924.5,94,25917.07,25916.50,0.00
2025-12-09,23:40:00,25924.5,25925.75,25923.75,25925.75,108,25917.09,25916.53,0.00
2025-12-09,23:41:00,25924.75,25925.75,25922.75,25925.25,152,25917.11,25916.57,0.00
2025-12-09,23:42:00,25926,25926.5,25923.75,25925.25,149,25917.14,25916.62,0.00
2025-12-09,23:43:00,25925.5,25926.5,25924.25,25925.25,132,25917.16,25916.66,0.00
2025-12-09,23:44:00,25925.25,25926.25,25924.25,25924.5,54,25917.17,25916.67,0.00
2025-12-09,23:45:00,25924.25,25925.5,25921.5,25922,145,25917.19,25916.70,0.00
2025-12-09,23:46:00,25922.25,25923.75,25919.25,25920.75,225,25917.20,25916.73,0.00
2025-12-09,23:47:00,25920.5,25921.25,25919,25921,180,25917.22,25916.76,0.00
2025-12-09,23:48:00,25921.25,25925.25,25921.25,25924,233,25917.25,25916.81,0.00
2025-12-09,23:49:00,25924,25924.5,25921.75,25922.75,80,25917.26,25916.82,0.00
2025-12-09,23:50:00,25922.75,25924.25,25921.25,25921.25,73,25917.26,25916.84,0.00
2025-12-09,23:51:00,25921.5,25921.5,25919.5,25920.5,116,25917.27,25916.85,0.00
2025-12-09,23:52:00,25920.25,25921.75,25918.75,25919.25,161,25917.28,25916.87,0.00
2025-12-09,23:53:00,25919.25,25920.5,25917.5,25919,158,25917.28,25916.88,0.00
2025-12-09,23:54:00,25919.5,25920.5,25918.75,25919.75,75,25917.29,25916.88,0.00
2025-12-09,23:55:00,25919.75,25921.75,25919.5,25920,85,25917.29,25916.89,0.00
2025-12-09,23:56:00,25919.75,25923,25919.75,25922.75,118,25917.30,25916.91,0.00
2025-12-09,23:57:00,25923,25926.25,25921.75,25926.25,177,25917.33,25916.96,0.00
2025-12-09,23:58:00,25926.5,25927.5,25925.25,25927,542,25917.43,25917.12,0.00
2025-12-09,23:59:00,25927,25927.75,25925.25,25927,119,25917.45,25917.15,0.00
2025-12-09,19:20:00,25926.25,25929.75,25923.5,25928.25,282,0.00,0.00,0.00
2025-12-09,19:21:00,25927.5,25929.25,25925.75,25926.5,167,25927.17,25927.17,0.00
2025-12-09,19:22:00,25926.5,25928.5,25925.25,25925.5,166,25926.79,25926.42,0.00
2025-12-09,19:23:00,25925.5,25926.5,25923.5,25926.5,270,25926.21,25925.50,0.00
2025-12-09,19:24:00,25926,25926.75,25924.5,25926,154,25926.12,25925.59,0.00
2025-12-09,19:25:00,25926,25928,25925.25,25926.5,173,25926.21,25925.88,0.00
2025-12-09,19:26:00,25926.75,25930,25926,25929,263,25928.33,25926.63,0.00
2025-12-09,19:27:00,25929.5,25931,25927.75,25929.25,270,25929.33,25927.28,0.00
2025-12-09,19:28:00,25928.75,25931,25928,25931,126,25929.55,25927.55,0.00
2025-12-09,19:29:00,25930.25,25931.25,25928.75,25929.75,144,25929.92,25927.79,0.00
2025-12-09,19:30:00,25929.5,25931.25,25929.5,25929.75,106,25930.02,25927.96,0.00
2025-12-09,19:31:00,25929.25,25930,25927.25,25929.25,146,25929.58,25928.04,0.00
2025-12-09,19:32:00,25930,25930.5,25927.5,25929.25,105,25929.48,25928.10,0.00
2025-12-09,19:33:00,25929.25,25929.25,25927.75,25927.75,50,25929.37,25928.10,0.00
2025-12-09,19:34:00,25928.75,25930,25927.5,25928.75,84,25929.29,25928.13,0.00
2025-12-09,19:35:00,25929,25929.75,25927,25927.75,110,25929.12,25928.13,0.00
2025-12-09,19:36:00,25927.75,25928,25925.75,25926,147,25928.70,25928.03,0.00
2025-12-09,19:37:00,25926,25930.25,25926,25929.5,185,25928.68,25928.07,0.00
2025-12-09,19:38:00,25930,25931,25928.75,25931,96,25928.81,25928.16,0.00
2025-12-09,19:39:00,25930.5,25931.25,25929,25929,68,25928.86,25928.20,0.00
2025-12-09,19:40:00,25929.5,25930.5,25928.5,25930,77,25928.91,25928.25,0.00
2025-12-09,19:41:00,25930.75,25932.25,25930,25932.25,129,25931.50,25928.40,0.00
2025-12-09,19:42:00,25931.75,25934,25931.25,25932,255,25932.42,25928.75,0.00
2025-12-09,19:43:00,25931.75,25932.75,25928.75,25930,142,25931.73,25928.83,0.00
2025-12-09,19:44:00,25929.5,25930.5,25929,25929.25,75,25931.39,25928.84,0.00
2025-12-09,19:45:00,25929.75,25932.5,25928.25,25932.5,115,25931.33,25928.92,0.00
2025-12-09,19:46:00,25932,25933.5,25929.75,25930.75,185,25931.33,25929.05,0.00
2025-12-09,19:47:00,25931,25931.5,25929.25,25931,94,25931.25,25929.09,0.00
2025-12-09,19:48:00,25931,25932.25,25930.25,25931.5,58,25931.25,25929.13,0.00
2025-12-09,19:49:00,25931.5,25932.5,25930.5,25931.25,87,25931.27,25929.18,0.00
2025-12-09,19:50:00,25931.75,25933,25930.5,25932.5,69,25931.32,25929.23,0.00
2025-12-09,19:51:00,25932.75,25934.5,25929,25929.75,214,25931.08,25929.33,0.00
2025-12-09,19:52:00,25930.5,25931,25927.25,25928,135,25930.18,25929.31,0.00
2025-12-09,19:53:00,25928,25928.25,25925.25,25926.25,181,25928.95,25929.20,0.00
2025-12-09,19:54:00,25926.5,25926.75,25920.25,25922.75,457,25926.31,25923.25,0.00
2025-12-09,19:55:00,25923.75,25927,25923.25,25926.75,189,25926.21,25923.96,0.00
2025-12-09,19:56:00,25927,25927.25,25924.5,25925,93,25926.16,25924.16,0.00
2025-12-09,19:57:00,25924.75,25926.25,25923.5,25926.25,158,25926.07,25924.37,0.00
2025-12-09,19:58:00,25926.25,25926.75,25924.25,25925,51,25926.05,25924.42,0.00
2025-12-09,19:59:00,25924.5,25926.5,25923.75,25926.25,77,25926.02,25924.50,0.00
2025-12-09,20:00:00,25926,25926.5,25925.25,25925.25,74,25926.00,25924.58,0.00
2025-12-09,20:01:00,25925.25,25926,25921.75,25922.25,377,25925.50,25924.26,0.00
2025-12-09,20:02:00,25922.5,25925.75,25922.25,25924.5,178,25925.39,25924.25,0.00
2025-12-09,20:03:00,25924.5,25927.75,25924.25,25925.5,147,25925.42,25924.38,0.00
2025-12-09,20:04:00,25926.25,25928.25,25925.25,25926,144,25925.48,25924.54,0.00
2025-12-09,20:05:00,25926.5,25927.75,25926.25,25927.25,79,25925.53,25924.64,0.00
2025-12-09,20:06:00,25928,25928.75,25927,25928.5,155,25925.68,25924.88,0.00
2025-12-09,20:07:00,25929,25935.75,25928.25,25934.75,561,25932.92,25926.53,0.00
2025-12-09,20:08:00,25935,25941.25,25934,25939.25,584,25938.17,25928.57,0.00
2025-12-09,20:09:00,25939.25,25941.5,25937.5,25938.75,330,25939.25,25929.54,0.00
2025-12-09,20:10:00,25938.5,25941.25,25938.25,25940,250,25939.50,25930.20,0.00
2025-12-09,20:11:00,25940,25941,25939.25,25940.25,214,25939.68,25930.71,0.00
2025-12-09,20:12:00,25940.5,25942,25939.25,25940.5,191,25940.58,25931.15,0.00
2025-12-09,20:13:00,25940.5,25946.5,25938.75,25945.75,732,25943.67,25932.97,0.00
2025-12-09,20:14:00,25945.75,25947,25941.75,25942,447,25943.58,25933.83,0.00
2025-12-09,20:15:00,25941.5,25943.25,25937.75,25938.75,472,25941.70,25934.31,0.00
2025-12-09,20:16:00,25938.25,25939.5,25933.25,25936.25,591,25939.60,25934.50,0.00
2025-12-09,20:17:00,25936.5,25936.5,25931.5,25932.75,287,25938.64,25934.46,0.00
2025-12-09,20:18:00,25932.25,25932.75,25924.5,25928.75,649,25935.99,25933.96,0.00
2025-12-09,20:19:00,25928.5,25930.25,25926.75,25928.75,391,25934.97,25933.69,0.00
2025-12-09,20:20:00,25928,25928,25924,25924.25,211,25934.31,25933.47,0.00
2025-12-09,20:21:00,25924.25,25926.5,25922,25925,370,25933.25,25933.08,0.00
2025-12-09,20:22:00,25924,25926.5,25923,25926.5,208,25932.79,25932.90,0.00
2025-12-09,20:23:00,25926.75,25930,25925,25927.75,261,25932.44,25932.74,0.00
2025-12-09,20:24:00,25927,25927.5,25924,25924.25,163,25932.15,25932.61,0.00
2025-12-09,20:25:00,25924.25,25924.25,25914.75,25919,1170,25929.28,25919.33,0.00
2025-12-09,20:26:00,25918.75,25924.25,25918.75,25924.25,300,25928.91,25919.96,0.00
2025-12-09,20:27:00,25924.25,25927.5,25924.25,25926.5,244,25928.79,25920.83,0.00
2025-12-09,20:28:00,25926.25,25926.75,25922.5,25924.25,174,25928.66,25921.17,0.00
2025-12-09,20:29:00,25923.75,25926,25923.75,25924.5,81,25928.61,25921.32,0.00
2025-12-09,20:30:00,25923.5,25925.5,25923,25925.5,95,25928.55,25921.47,0.00
2025-12-09,20:31:00,25925.25,25926.5,25923.75,25924.75,171,25928.45,25921.74,0.00
2025-12-09,20:32:00,25924.5,25930.75,25924,25926.25,428,25928.36,25922.59,0.00
2025-12-09,20:33:00,25926.5,25928.25,25926.5,25927.5,72,25928.35,25922.71,0.00
2025-12-09,20:34:00,25927.5,25928.25,25926.25,25926.25,119,25928.32,25922.89,0.00
2025-12-09,20:35:00,25926,25926.75,25924.25,25926.5,93,25928.29,25922.98,0.00
2025-12-09,20:36:00,25926.25,25929.25,25926.25,25929,337,25928.29,25923.51,0.00
2025-12-09,20:37:00,25928.5,25928.5,25926,25928.25,42,25928.28,25923.57,0.00
2025-12-09,20:38:00,25927.75,25928,25926,25927.25,77,25928.27,25923.65,0.00
2025-12-09,20:39:00,25926.25,25928,25926,25927.75,57,25928.26,25923.71,0.00
2025-12-09,20:40:00,25927.75,25928,25923.25,25923.75,203,25928.18,25923.78,0.00
2025-12-09,20:41:00,25924,25924.25,25921,25922.25,392,25927.90,25923.65,0.00
2025-12-09,20:42:00,25922.25,25925.25,25920,25923.25,204,25927.78,25923.61,0.00
2025-12-09,20:43:00,25922.75,25922.75,25920.5,25921.75,71,25927.73,25923.58,0.00
2025-12-09,20:44:00,25922.25,25924,25921.5,25923.25,87,25927.68,25923.57,0.00
2025-12-09,20:45:00,25922.25,25923.5,25921.25,25923.25,72,25927.63,25923.55,0.00
2025-12-09,20:46:00,25922.5,25923.5,25918.5,25920.25,254,25927.43,25923.40,0.00
2025-12-09,20:47:00,25920,25920,25910.5,25911,1190,25925.81,25913.83,0.00
2025-12-09,20:48:00,25911.25,25914.75,25911,25914,278,25925.47,25913.72,0.00
2025-12-09,20:49:00,25914,25916.5,25913.25,25913.75,232,25925.23,25913.83,0.00
2025-12-09,20:50:00,25913.75,25914.25,25912,25913.25,154,25925.06,25913.77,0.00
2025-12-09,20:51:00,25913,25913.75,25908.75,25910.5,494,25924.43,25911.00,0.00
2025-12-09,20:52:00,25911.25,25915.5,25911,25914,294,25924.15,25911.93,0.00
2025-12-09,20:53:00,25914,25915.25,25912.75,25914.5,107,25924.06,25912.20,0.00
2025-12-09,20:54:00,25914.5,25914.5,25909.5,25910.5,281,25923.76,25912.03,0.00
2025-12-09,20:55:00,25910.5,25911.75,25909.25,25909.5,141,25923.60,25911.83,0.00
2025-12-09,20:56:00,25910,25910,25906,25908.5,649,25922.81,25908.17,0.00
2025-12-09,20:57:00,25908.5,25911,25907.75,25909.5,249,25922.55,25908.51,0.00
2025-12-09,20:58:00,25909.25,25911,25908.5,25910.5,107,25922.44,25908.67,0.00
2025-12-09,20:59:00,25910.5,25912,25909.75,25910.5,168,25922.29,25908.97,0.00
2025-12-09,21:00:00,25910.25,25910.5,25903.5,25904.25,349,25921.87,25906.08,0.00
2025-12-09,21:01:00,25903.75,25912.25,25903.5,25909,434,25921.45,25907.28,0.00
2025-12-09,21:02:00,25909,25911,25906,25910.5,323,25921.17,25907.83,0.00
2025-12-09,21:03:00,25910.75,25915.75,25909,25915.75,491,25920.92,25909.58,0.00
2025-12-09,21:04:00,25915.5,25917.25,25913.5,25915.75,410,25920.77,25910.79,0.00
2025-12-09,21:05:00,25916,25916,25912.75,25915,197,25920.69,25911.13,0.00
2025-12-09,21:06:00,25914.75,25916.5,25913,25914.75,259,25920.59,25911.51,0.00
2025-12-09,21:07:00,25914.75,25915.5,25912.75,25912.75,156,25920.52,25911.64,0.00
2025-12-09,21:08:00,25912.5,25912.75,25905.5,25906.25,629,25920.05,25910.96,0.00
2025-12-09,21:09:00,25906.5,25906.75,25895.5,25900.5,1358,25918.58,25900.92,0.00
2025-12-09,21:10:00,25899.75,25901.5,25894,25895,502,25917.99,25896.83,0.00
2025-12-09,21:11:00,25895,25898,25893.25,25896.25,572,25917.31,25895.83,0.00
2025-12-09,21:12:00,25896.5,25903.25,25896.5,25900.75,489,25916.88,25897.83,0.00
2025-12-09,21:13:00,25901,25904,25898.5,25902,378,25916.58,25898.79,0.00
2025-12-09,21:14:00,25901.75,25902,25896.5,25898.75,281,25916.34,25898.84,0.00
2025-12-09,21:15:00,25899.5,25903.25,25899.5,25903.25,229,25916.17,25899.21,0.00
2025-12-09,21:16:00,25903.5,25905,25900.5,25900.75,258,25916.00,25899.55,0.00
2025-12-09,21:17:00,25900.5,25902.5,25898.5,25902.5,264,25915.81,25899.72,0.00
2025-12-09,21:18:00,25902.75,25906,25901.5,25905.25,394,25915.59,25900.34,0.00
2025-12-09,21:19:00,25905.25,25907.75,25901.25,25903.75,355,25915.40,25900.77,0.00
2025-12-09,21:20:00,25903.75,25905.5,25900,25900.25,235,25915.26,25900.85,0.00
2025-12-09,21:21:00,25900.25,25903.5,25898.75,25902.5,253,25915.10,25900.90,0.00
2025-12-09,21:22:00,25902.5,25904.25,25901,25902,202,25914.98,25900.98,0.00
2025-12-09,21:23:00,25902,25904.75,25899.75,25900,229,25914.85,25901.01,0.00
2025-12-09,21:24:00,25899.5,25904,25899.5,25899.5,151,25914.75,25901.01,0.00
2025-12-09,21:25:00,25899.25,25901.25,25899,25899.75,140,25914.66,25900.98,0.00
2025-12-09,21:26:00,25899.25,25901.75,25896.75,25901.75,388,25914.42,25900.91,0.00
2025-12-09,21:27:00,25901.5,25903.5,25900.5,25901.75,224,25914.30,25900.95,0.00
2025-12-09,21:28:00,25901.75,25905.25,25900.75,25904.5,214,25914.20,25901.05,0.00
2025-12-09,21:29:00,25905,25906.75,25902.25,25905.75,182,25914.13,25901.18,0.00
2025-12-09,21:30:00,25905,25908.25,25903.75,25906.75,248,25914.05,25901.40,0.00
2025-12-09,21:31:00,25907,25910,25903.25,25904.75,461,25913.89,25901.75,0.00
2025-12-09,21:32:00,25904.5,25904.5,25901,25902.25,238,25913.78,25901.78,0.00
2025-12-09,21:33:00,25902.25,25903,25899.25,25901.75,205,25913.68,25901.77,0.00
2025-12-09,21:34:00,25902,25902.5,25898.25,25900.75,119,25913.62,25901.74,0.00
2025-12-09,21:35:00,25900,25901.25,25898,25900.75,154,25913.54,25901.70,0.00
2025-12-09,21:36:00,25899.5,25905.25,25899.5,25904.75,190,25913.46,25901.74,0.00
2025-12-09,21:37:00,25904.75,25910.25,25904.75,25907.25,461,25913.35,25902.09,0.00
2025-12-09,21:38:00,25907.5,25907.5,25905,25905.75,195,25913.29,25902.19,0.00
2025-12-09,21:39:00,25905.75,25906.25,25903.25,25904.5,115,25913.26,25902.23,0.00
2025-12-09,21:40:00,25904.75,25908.75,25904,25907.75,163,25913.22,25902.32,0.00
2025-12-09,21:41:00,25907.25,25908.5,25905.5,25908.5,108,25913.19,25902.39,0.00
2025-12-09,21:42:00,25908,25909,25906.25,25906.75,69,25913.18,25902.43,0.00
2025-12-09,21:43:00,25905.75,25907,25904,25905.5,208,25913.12,25902.51,0.00
2025-12-09,21:44:00,25905.25,25907.75,25903.75,25907.5,202,25913.07,25902.60,0.00
2025-12-09,21:45:00,25906.5,25911,25905.75,25909.25,238,25913.03,25902.76,0.00
2025-12-09,21:46:00,25909.25,25912.25,25908.5,25910.5,248,25913.00,25902.97,0.00
2025-12-09,21:47:00,25910.75,25911.25,25908.25,25909.75,167,25912.98,25903.10,0.00
2025-12-09,21:48:00,25909.25,25913.75,25908.25,25911,401,25912.96,25903.43,0.00
2025-12-09,21:49:00,25911.25,25911.25,25907,25909,161,25912.93,25903.52,0.00
2025-12-09,21:50:00,25909,25910.75,25908.25,25909,67,25912.93,25903.56,0.00
2025-12-09,21:51:00,25908,25909.5,25907.25,25908.25,104,25912.91,25903.61,0.00
2025-12-09,21:52:00,25908.25,25908.75,25905.5,25907.75,167,25912.88,25903.67,0.00
2025-12-09,21:53:00,25908.25,25908.75,25906.5,25907.75,96,25912.86,25903.71,0.00
2025-12-09,21:54:00,25908,25910,25906.75,25908.5,104,25912.84,25903.75,0.00
2025-12-09,21:55:00,25909,25909,25907,25907.5,86,25912.83,25903.79,0.00
2025-12-09,21:56:00,25907.75,25907.75,25905,25906.25,150,25912.79,25903.82,0.00
2025-12-09,21:57:00,25906,25910,25906,25908.25,98,25912.78,25903.86,0.00
2025-12-09,21:58:00,25908.5,25909.75,25907.5,25909.75,67,25912.77,25903.90,0.00
2025-12-09,21:59:00,25909.25,25911,25908.75,25909.5,119,25912.76,25903.96,0.00
2025-12-09,22:00:00,25909.75,25910.75,25908.75,25909,77,25912.75,25904.00,0.00
2025-12-09,22:01:00,25909.5,25916,25908.5,25912.25,528,25912.74,25904.38,0.00
2025-12-09,22:02:00,25912.5,25913.5,25910.25,25911.5,137,25912.73,25904.47,0.00
2025-12-09,22:03:00,25911.5,25913.5,25910.5,25912.75,166,25912.73,25904.58,0.00
2025-12-09,22:04:00,25912.25,25912.5,25909.75,25910.5,105,25912.72,25904.63,0.00
2025-12-09,22:05:00,25910.5,25911,25907.5,25908.75,123,25912.71,25904.68,0.00
2025-12-09,22:06:00,25909,25912,25909,25910.75,175,25912.70,25904.76,0.00
2025-12-09,22:07:00,25910.75,25912.25,25910.25,25911.5,51,25912.70,25904.79,0.00
2025-12-09,22:08:00,25911.75,25916,25911.5,25912.5,389,25912.70,25905.05,0.00
2025-12-09,22:09:00,25912.5,25913.25,25910.5,25911.5,74,25912.70,25905.09,0.00
2025-12-09,22:10:00,25912.25,25913.5,25911,25913.5,123,25912.70,25905.17,0.00
2025-12-09,22:11:00,25913.25,25915.25,25912.5,25913,148,25912.71,25905.26,0.00
2025-12-09,22:12:00,25913.25,25916.25,25913,25914,212,25912.72,25905.41,0.00
2025-12-09,22:13:00,25913.75,25915,25912.75,25913.25,99,25912.72,25905.47,0.00
2025-12-09,22:14:00,25913.75,25914.75,25912.5,25914.75,123,25912.72,25905.55,0.00
2025-12-09,22:15:00,25914.75,25915,25913.75,25914,69,25912.73,25905.59,0.00
2025-12-09,22:16:00,25914.25,25914.75,25912.75,25914.5,98,25912.73,25905.66,0.00
2025-12-09,22:17:00,25914,25914.75,25911,25911.75,147,25912.73,25905.73,0.00
2025-12-09,22:18:00,25911.75,25913.5,25911.25,25913.5,85,25912.73,25905.77,0.00
2025-12-09,22:19:00,25913.5,25919.75,25913.5,25919,575,25912.81,25906.24,0.00
2025-12-09,22:20:00,25919.5,25922.5,25917.75,25922.25,374,25912.90,25906.61,0.00
2025-12-09,22:21:00,25922,25926.5,25921.75,25924.75,445,25913.06,25907.13,0.00
2025-12-09,22:22:00,25925,25926.5,25923.75,25925,295,25913.16,25907.47,0.00
2025-12-09,22:23:00,25925,25925.75,25923.25,25924,168,25913.22,25907.65,0.00
2025-12-09,22:24:00,25924,25925.25,25923.25,25924,145,25913.26,25907.80,0.00
2025-12-09,22:25:00,25923.5,25925.25,25922.5,25923,114,25913.30,25907.92,0.00
2025-12-09,22:26:00,25922.75,25924.5,25922.75,25923.5,130,25913.34,25908.05,0.00
2025-12-09,22:27:00,25923.5,25924,25920,25921.75,199,25913.39,25908.22,0.00
2025-12-09,22:28:00,25922,25924,25921,25923.5,152,25913.43,25908.35,0.00
2025-12-09,22:29:00,25923.5,25926.75,25923.5,25924.75,284,25913.52,25908.63,0.00
2025-12-09,22:30:00,25924.5,25925,25921.5,25921.75,127,25913.56,25908.74,0.00
2025-12-09,22:31:00,25921.5,25925,25921,25924.5,210,25913.62,25908.92,0.00
2025-12-09,22:32:00,25924.75,25926.5,25924,25926.25,179,25913.68,25909.10,0.00
2025-12-09,22:33:00,25926,25926.5,25922,25923.25,163,25913.72,25909.24,0.00
2025-12-09,22:34:00,25923.25,25926,25922.25,25925,124,25913.76,25909.34,0.00
2025-12-09,22:35:00,25924.25,25926.5,25924.25,25926.25,106,25913.80,25909.44,0.00
2025-12-09,22:36:00,25926.25,25932.25,25926,25929.75,468,25914.00,25909.96,0.00
2025-12-09,22:37:00,25929.5,25930.25,25927.75,25928,145,25914.05,25910.11,0.00
2025-12-09,22:38:00,25928.5,25929,25926.25,25927,98,25914.09,25910.20,0.00
2025-12-09,22:39:00,25927,25927,25924.75,25926,123,25914.13,25910.31,0.00
2025-12-09,22:40:00,25926,25928,25925.75,25926.75,84,25914.16,25910.38,0.00
2025-12-09,22:41:00,25927.25,25928.75,25923.25,25926,253,25914.24,25910.59,0.00
2025-12-09,22:42:00,25925.75,25928,25925.5,25927,108,25914.28,25910.69,0.00
2025-12-09,22:43:00,25928.25,25929,25925.75,25926,150,25914.33,25910.81,0.00
2025-12-09,22:44:00,25927,25928,25926,25926.5,116,25914.37,25910.91,0.00
2025-12-09,22:45:00,25926.5,25926.5,25924,25924.5,162,25914.41,25911.03,0.00
2025-12-09,22:46:00,25924.5,25926,25922.25,25924,220,25914.47,25911.18,0.00
2025-12-09,22:47:00,25924.25,25926.5,25923.25,25925.75,124,25914.50,25911.27,0.00
2025-12-09,22:48:00,25925.75,25928.5,25925.25,25927.25,114,25914.54,25911.36,0.00
2025-12-09,22:49:00,25927.25,25927.75,25925.75,25926.5,100,25914.57,25911.43,0.00
2025-12-09,22:50:00,25927.25,25927.5,25925.5,25925.5,133,25914.61,25911.53,0.00
2025-12-09,22:51:00,25925.5,25927.25,25925,25926,94,25914.64,25911.60,0.00
2025-12-09,22:52:00,25925.75,25931.75,25925.75,25929.75,271,25914.74,25911.83,0.00
2025-12-09,22:53:00,25930.25,25930.75,25928,25929.25,177,25914.81,25911.98,0.00
2025-12-09,22:54:00,25929.25,25929.5,25927.5,25928.5,88,25914.84,25912.05,0.00
2025-12-09,22:55:00,25929,25929.25,25925.75,25926.5,118,25914.88,25912.14,0.00
2025-12-09,22:56:00,25926,25926.5,25924.75,25924.75,206,25914.93,25912.27,0.00
2025-12-09,22:57:00,25925.25,25928.25,25923.5,25928,167,25914.98,25912.38,0.00
2025-12-09,22:58:00,25928.25,25928.5,25925.5,25926.75,115,25915.02,25912.46,0.00
2025-12-09,22:59:00,25926.75,25927.5,25925.75,25926.75,54,25915.03,25912.50,0.00
2025-12-09,23:00:00,25927,25927.5,25926.5,25926.75,83,25915.06,25912.55,0.00
2025-12-09,23:01:00,25926.75,25934.5,25926.75,25932.5,517,25915.27,25913.00,0.00
2025-12-09,23:02:00,25932.5,25935.25,25930.75,25931.5,262,25915.38,25913.23,0.00
2025-12-09,23:03:00,25931.5,25933.75,25929.5,25932.75,234,25915.47,25913.42,0.00
2025-12-09,23:04:00,25932,25935.5,25931.5,25933,254,25915.59,25913.65,0.00
2025-12-09,23:05:00,25933,25933.75,25930.5,25933.75,117,25915.63,25913.75,0.00
2025-12-09,23:06:00,25934.5,25935.25,25933.25,25934.75,186,25915.72,25913.91,0.00
2025-12-09,23:07:00,25934,25934,25929.75,25932.75,163,25915.78,25914.04,0.00
2025-12-09,23:08:00,25933,25934.25,25932.5,25933.25,81,25915.82,25914.11,0.00
2025-12-09,23:09:00,25933.5,25935.75,25933,25935,146,25915.88,25914.24,0.00
2025-12-09,23:10:00,25935.5,25938.25,25935.25,25936.75,296,25916.03,25914.52,0.00
2025-12-09,23:11:00,25937,25938,25933,25935.75,394,25916.21,25914.87,0.00
2025-12-09,23:12:00,25936,25936.5,25933.25,25933.25,168,25916.29,25915.00,0.00
2025-12-09,23:13:00,25933.25,25935,25931.5,25931.5,132,25916.34,25915.10,0.00
2025-12-09,23:14:00,25931.75,25933.5,25931.25,25932.75,131,25916.39,25915.19,0.00
2025-12-09,23:15:00,25932.75,25932.75,25929.75,25930.75,102,25916.42,25915.26,0.00
2025-12-09,23:16:00,25930,25931,25924.5,25927.25,436,25916.53,25915.47,0.00
2025-12-09,23:17:00,25927.25,25927.75,25925.5,25926.25,158,25916.57,25915.54,0.00
2025-12-09,23:18:00,25926.5,25927.75,25924.5,25925.75,106,25916.59,25915.59,0.00
2025-12-09,23:19:00,25925.25,25925.25,25921.5,25922.5,335,25916.64,25915.69,0.00
2025-12-09,23:20:00,25922.25,25923.75,25920.5,25920.5,218,25916.67,25915.73,0.00
2025-12-09,23:21:00,25920.25,25924.75,25919.5,25923.25,353,25916.71,25915.83,0.00
2025-12-09,23:22:00,25923.25,25925.75,25923.25,25925,174,25916.75,25915.88,0.00
2025-12-09,23:23:00,25924.25,25925.75,25921.75,25922.25,200,25916.77,25915.94,0.00
2025-12-09,23:24:00,25922,25924.25,25922,25923,135,25916.79,25915.98,0.00
2025-12-09,23:25:00,25924,25924.75,25922.75,25922.75,104,25916.81,25916.01,0.00
2025-12-09,23:26:00,25922.75,25923.75,25920.25,25920.5,198,25916.83,25916.05,0.00
2025-12-09,23:27:00,25920.5,25921.75,25918.5,25920.75,305,25916.85,25916.09,0.00
2025-12-09,23:28:00,25920.5,25921.75,25919.5,25919.5,103,25916.86,25916.11,0.00
2025-12-09,23:29:00,25920.5,25921.75,25919.25,25921.25,159,25916.87,25916.14,0.00
2025-12-09,23:30:00,25921,25922.5,25920.5,25921,83,25916.88,25916.15,0.00
2025-12-09,23:31:00,25920.75,25921.5,25918.75,25919.25,252,25916.90,25916.19,0.00
2025-12-09,23:32:00,25919.25,25923.25,25919.25,25922.5,185,25916.92,25916.22,0.00
2025-12-09,23:33:00,25922.75,25923.25,25919.5,25920,100,25916.93,25916.24,0.00
2025-12-09,23:34:00,25920,25920.5,25916.5,25918.25,249,25916.93,25916.26,0.00
2025-12-09,23:35:00,25918.75,25920.5,25918,25920.25,138,25916.94,25916.27,0.00
2025-12-09,23:36:00,25920,25922,25919.5,25922,89,25916.95,25916.29,0.00
2025-12-09,23:37:00,25922,25928.25,25921.25,25924.5,515,25917.03,25916.44,0.00
2025-12-09,23:38:00,25925.25,25926,25924.5,25925.5,124,25917.06,25916.47,0.00
2025-12-09,23:39:00,25925,25925.75,25923.75,25924.5,94,25917.07,25916.50,0.00
2025-12-09,23:40:00,25924.5,25925.75,25923.75,25925.75,108,25917.09,25916.53,0.00
2025-12-09,23:41:00,25924.75,25925.75,25922.75,25925.25,152,25917.11,25916.57,0.00
2025-12-09,23:42:00,25926,25926.5,25923.75,25925.25,149,25917.14,25916.62,0.00
2025-12-09,23:43:00,25925.5,25926.5,25924.25,25925.25,132,25917.16,25916.66,0.00
2025-12-09,23:44:00,25925.25,25926.25,25924.25,25924.5,54,25917.17,25916.67,0.00
2025-12-09,23:45:00,25924.25,25925.5,25921.5,25922,145,25917.19,25916.70,0.00
2025-12-09,23:46:00,25922.25,25923.75,25919.25,25920.75,225,25917.20,25916.73,0.00
2025-12-09,23:47:00,25920.5,25921.25,25919,25921,180,25917.22,25916.76,0.00
2025-12-09,23:48:00,25921.25,25925.25,25921.25,25924,233,25917.25,25916.81,0.00
2025-12-09,23:49:00,25924,25924.5,25921.75,25922.75,80,25917.26,25916.82,0.00
2025-12-09,23:50:00,25922.75,25924.25,25921.25,25921.25,73,25917.26,25916.84,0.00
2025-12-09,23:51:00,25921.5,25921.5,25919.5,25920.5,116,25917.27,25916.85,0.00
2025-12-09,23:52:00,25920.25,25921.75,25918.75,25919.25,161,25917.28,25916.87,0.00
2025-12-09,23:53:00,25919.25,25920.5,25917.5,25919,158,25917.28,25916.88,0.00
2025-12-09,23:54:00,25919.5,25920.5,25918.75,25919.75,75,25917.29,25916.88,0.00
2025-12-09,23:55:00,25919.75,25921.75,25919.5,25920,85,25917.29,25916.89,0.00
2025-12-09,23:56:00,25919.75,25923,25919.75,25922.75,118,25917.30,25916.91,0.00
2025-12-09,23:57:00,25923,25926.25,25921.75,25926.25,177,25917.33,25916.96,0.00
2025-12-09,23:58:00,25926.5,25927.5,25925.25,25927,542,25917.43,25917.12,0.00
2025-12-09,23:59:00,25927,25927.75,25925.25,25927,119,25917.45,25917.15,0.00
2025-12-09,19:20:00,25926.25,25929.75,25923.5,25928.25,282,0.00,0.00,0.00
2025-12-09,19:21:00,25927.5,25929.25,25925.75,25926.5,167,25927.17,25927.17,0.00
2025-12-09,19:22:00,25926.5,25928.5,25925.25,25925.5,166,25926.79,25926.42,0.00
2025-12-09,19:23:00,25925.5,25926.5,25923.5,25926.5,270,25926.21,25925.50,0.00
2025-12-09,19:24:00,25926,25926.75,25924.5,25926,154,25926.12,25925.59,0.00
2025-12-09,19:25:00,25926,25928,25925.25,25926.5,173,25926.21,25925.88,0.00
2025-12-09,19:26:00,25926.75,25930,25926,25929,263,25928.33,25926.63,0.00
2025-12-09,19:27:00,25929.5,25931,25927.75,25929.25,270,25929.33,25927.28,0.00
2025-12-09,19:28:00,25928.75,25931,25928,25931,126,25929.55,25927.55,0.00
2025-12-09,19:29:00,25930.25,25931.25,25928.75,25929.75,144,25929.92,25927.79,0.00
2025-12-09,19:30:00,25929.5,25931.25,25929.5,25929.75,106,25930.02,25927.96,0.00
2025-12-09,19:31:00,25929.25,25930,25927.25,25929.25,146,25929.58,25928.04,0.00
2025-12-09,19:32:00,25930,25930.5,25927.5,25929.25,105,25929.48,25928.10,0.00
2025-12-09,19:33:00,25929.25,25929.25,25927.75,25927.75,50,25929.37,25928.10,0.00
2025-12-09,19:34:00,25928.75,25930,25927.5,25928.75,84,25929.29,25928.13,0.00
2025-12-09,19:35:00,25929,25929.75,25927,25927.75,110,25929.12,25928.13,0.00
2025-12-09,19:36:00,25927.75,25928,25925.75,25926,147,25928.70,25928.03,0.00
2025-12-09,19:37:00,25926,25930.25,25926,25929.5,185,25928.68,25928.07,0.00
2025-12-09,19:38:00,25930,25931,25928.75,25931,96,25928.81,25928.16,0.00
2025-12-09,19:39:00,25930.5,25931.25,25929,25929,68,25928.86,25928.20,0.00
2025-12-09,19:40:00,25929.5,25930.5,25928.5,25930,77,25928.91,25928.25,0.00
2025-12-09,19:41:00,25930.75,25932.25,25930,25932.25,129,25931.50,25928.40,0.00
2025-12-09,19:42:00,25931.75,25934,25931.25,25932,255,25932.42,25928.75,0.00
2025-12-09,19:43:00,25931.75,25932.75,25928.75,25930,142,25931.73,25928.83,0.00
2025-12-09,19:44:00,25929.5,25930.5,25929,25929.25,75,25931.39,25928.84,0.00
2025-12-09,19:45:00,25929.75,25932.5,25928.25,25932.5,115,25931.33,25928.92,0.00
2025-12-09,19:46:00,25932,25933.5,25929.75,25930.75,185,25931.33,25929.05,0.00
2025-12-09,19:47:00,25931,25931.5,25929.25,25931,94,25931.25,25929.09,0.00
2025-12-09,19:48:00,25931,25932.25,25930.25,25931.5,58,25931.25,25929.13,0.00
2025-12-09,19:49:00,25931.5,25932.5,25930.5,25931.25,87,25931.27,25929.18,0.00
2025-12-09,19:50:00,25931.75,25933,25930.5,25932.5,69,25931.32,25929.23,0.00
2025-12-09,19:51:00,25932.75,25934.5,25929,25929.75,214,25931.08,25929.33,0.00
2025-12-09,19:52:00,25930.5,25931,25927.25,25928,135,25930.18,25929.31,0.00
2025-12-09,19:53:00,25928,25928.25,25925.25,25926.25,181,25928.95,25929.20,0.00
2025-12-09,19:54:00,25926.5,25926.75,25920.25,25922.75,457,25926.31,25923.25,0.00
2025-12-09,19:55:00,25923.75,25927,25923.25,25926.75,189,25926.21,25923.96,0.00
2025-12-09,19:56:00,25927,25927.25,25924.5,25925,93,25926.16,25924.16,0.00
2025-12-09,19:57:00,25924.75,25926.25,25923.5,25926.25,158,25926.07,25924.37,0.00
2025-12-09,19:58:00,25926.25,25926.75,25924.25,25925,51,25926.05,25924.42,0.00
2025-12-09,19:59:00,25924.5,25926.5,25923.75,25926.25,77,25926.02,25924.50,0.00
2025-12-09,20:00:00,25926,25926.5,25925.25,25925.25,74,25926.00,25924.58,0.00
2025-12-09,20:01:00,25925.25,25926,25921.75,25922.25,377,25925.50,25924.26,0.00
2025-12-09,20:02:00,25922.5,25925.75,25922.25,25924.5,178,25925.39,25924.25,0.00
2025-12-09,20:03:00,25924.5,25927.75,25924.25,25925.5,147,25925.42,25924.38,0.00
2025-12-09,20:04:00,25926.25,25928.25,25925.25,25926,144,25925.48,25924.54,0.00
2025-12-09,20:05:00,25926.5,25927.75,25926.25,25927.25,79,25925.53,25924.64,0.00
2025-12-09,20:06:00,25928,25928.75,25927,25928.5,155,25925.68,25924.88,0.00
2025-12-09,20:07:00,25929,25935.75,25928.25,25934.75,561,25932.92,25926.53,0.00
2025-12-09,20:08:00,25935,25941.25,25934,25939.25,584,25938.17,25928.57,0.00
2025-12-09,20:09:00,25939.25,25941.5,25937.5,25938.75,330,25939.25,25929.54,0.00
2025-12-09,20:10:00,25938.5,25941.25,25938.25,25940,250,25939.50,25930.20,0.00
2025-12-09,20:11:00,25940,25941,25939.25,25940.25,214,25939.68,25930.71,0.00
2025-12-09,20:12:00,25940.5,25942,25939.25,25940.5,191,25940.58,25931.15,0.00
2025-12-09,20:13:00,25940.5,25946.5,25938.75,25945.75,732,25943.67,25932.97,0.00
2025-12-09,20:14:00,25945.75,25947,25941.75,25942,447,25943.58,25933.83,0.00
2025-12-09,20:15:00,25941.5,25943.25,25937.75,25938.75,472,25941.70,25934.31,0.00
2025-12-09,20:16:00,25938.25,25939.5,25933.25,25936.25,591,25939.60,25934.50,0.00
2025-12-09,20:17:00,25936.5,25936.5,25931.5,25932.75,287,25938.64,25934.46,0.00
2025-12-09,20:18:00,25932.25,25932.75,25924.5,25928.75,649,25935.99,25933.96,0.00
2025-12-09,20:19:00,25928.5,25930.25,25926.75,25928.75,391,25934.97,25933.69,0.00
2025-12-09,20:20:00,25928,25928,25924,25924.25,211,25934.31,25933.47,0.00
2025-12-09,20:21:00,25924.25,25926.5,25922,25925,370,25933.25,25933.08,0.00
2025-12-09,20:22:00,25924,25926.5,25923,25926.5,208,25932.79,25932.90,0.00
2025-12-09,20:23:00,25926.75,25930,25925,25927.75,261,25932.44,25932.74,0.00
2025-12-09,20:24:00,25927,25927.5,25924,25924.25,163,25932.15,25932.61,0.00
2025-12-09,20:25:00,25924.25,25924.25,25914.75,25919,1170,25929.28,25919.33,0.00
2025-12-09,20:26:00,25918.75,25924.25,25918.75,25924.25,300,25928.91,25919.96,0.00
2025-12-09,20:27:00,25924.25,25927.5,25924.25,25926.5,244,25928.79,25920.83,0.00
2025-12-09,20:28:00,25926.25,25926.75,25922.5,25924.25,174,25928.66,25921.17,0.00
2025-12-09,20:29:00,25923.75,25926,25923.75,25924.5,81,25928.61,25921.32,0.00
2025-12-09,20:30:00,25923.5,25925.5,25923,25925.5,95,25928.55,25921.47,0.00
2025-12-09,20:31:00,25925.25,25926.5,25923.75,25924.75,171,25928.45,25921.74,0.00
2025-12-09,20:32:00,25924.5,25930.75,25924,25926.25,428,25928.36,25922.59,0.00
2025-12-09,20:33:00,25926.5,25928.25,25926.5,25927.5,72,25928.35,25922.71,0.00
2025-12-09,20:34:00,25927.5,25928.25,25926.25,25926.25,119,25928.32,25922.89,0.00
2025-12-09,20:35:00,25926,25926.75,25924.25,25926.5,93,25928.29,25922.98,0.00
2025-12-09,20:36:00,25926.25,25929.25,25926.25,25929,337,25928.29,25923.51,0.00
2025-12-09,20:37:00,25928.5,25928.5,25926,25928.25,42,25928.28,25923.57,0.00
2025-12-09,20:38:00,25927.75,25928,25926,25927.25,77,25928.27,25923.65,0.00
2025-12-09,20:39:00,25926.25,25928,25926,25927.75,57,25928.26,25923.71,0.00
2025-12-09,20:40:00,25927.75,25928,25923.25,25923.75,203,25928.18,25923.78,0.00
2025-12-09,20:41:00,25924,25924.25,25921,25922.25,392,25927.90,25923.65,0.00
2025-12-09,20:42:00,25922.25,25925.25,25920,25923.25,204,25927.78,25923.61,0.00
2025-12-09,20:43:00,25922.75,25922.75,25920.5,25921.75,71,25927.73,25923.58,0.00
2025-12-09,20:44:00,25922.25,25924,25921.5,25923.25,87,25927.68,25923.57,0.00
2025-12-09,20:45:00,25922.25,25923.5,25921.25,25923.25,72,25927.63,25923.55,0.00
2025-12-09,20:46:00,25922.5,25923.5,25918.5,25920.25,254,25927.43,25923.40,0.00
2025-12-09,20:47:00,25920,25920,25910.5,25911,1190,25925.81,25913.83,0.00
2025-12-09,20:48:00,25911.25,25914.75,25911,25914,278,25925.47,25913.72,0.00
2025-12-09,20:49:00,25914,25916.5,25913.25,25913.75,232,25925.23,25913.83,0.00
2025-12-09,20:50:00,25913.75,25914.25,25912,25913.25,154,25925.06,25913.77,0.00
2025-12-09,20:51:00,25913,25913.75,25908.75,25910.5,494,25924.43,25911.00,0.00
2025-12-09,20:52:00,25911.25,25915.5,25911,25914,294,25924.15,25911.93,0.00
2025-12-09,20:53:00,25914,25915.25,25912.75,25914.5,107,25924.06,25912.20,0.00
2025-12-09,20:54:00,25914.5,25914.5,25909.5,25910.5,281,25923.76,25912.03,0.00
2025-12-09,20:55:00,25910.5,25911.75,25909.25,25909.5,141,25923.60,25911.83,0.00
2025-12-09,20:56:00,25910,25910,25906,25908.5,649,25922.81,25908.17,0.00
2025-12-09,20:57:00,25908.5,25911,25907.75,25909.5,249,25922.55,25908.51,0.00
2025-12-09,20:58:00,25909.25,25911,25908.5,25910.5,107,25922.44,25908.67,0.00
2025-12-09,20:59:00,25910.5,25912,25909.75,25910.5,168,25922.29,25908.97,0.00
2025-12-09,21:00:00,25910.25,25910.5,25903.5,25904.25,349,25921.87,25906.08,0.00
2025-12-09,21:01:00,25903.75,25912.25,25903.5,25909,434,25921.45,25907.28,0.00
2025-12-09,21:02:00,25909,25911,25906,25910.5,323,25921.17,25907.83,0.00
2025-12-09,21:03:00,25910.75,25915.75,25909,25915.75,491,25920.92,25909.58,0.00
2025-12-09,21:04:00,25915.5,25917.25,25913.5,25915.75,410,25920.77,25910.79,0.00
2025-12-09,21:05:00,25916,25916,25912.75,25915,197,25920.69,25911.13,0.00
2025-12-09,21:06:00,25914.75,25916.5,25913,25914.75,259,25920.59,25911.51,0.00
2025-12-09,21:07:00,25914.75,25915.5,25912.75,25912.75,156,25920.52,25911.64,0.00
2025-12-09,21:08:00,25912.5,25912.75,25905.5,25906.25,629,25920.05,25910.96,0.00
2025-12-09,21:09:00,25906.5,25906.75,25895.5,25900.5,1358,25918.58,25900.92,0.00
2025-12-09,21:10:00,25899.75,25901.5,25894,25895,502,25917.99,25896.83,0.00
2025-12-09,21:11:00,25895,25898,25893.25,25896.25,572,25917.31,25895.83,0.00
2025-12-09,21:12:00,25896.5,25903.25,25896.5,25900.75,489,25916.88,25897.83,0.00
2025-12-09,21:13:00,25901,25904,25898.5,25902,378,25916.58,25898.79,0.00
2025-12-09,21:14:00,25901.75,25902,25896.5,25898.75,281,25916.34,25898.84,0.00
2025-12-09,21:15:00,25899.5,25903.25,25899.5,25903.25,229,25916.17,25899.21,0.00
2025-12-09,21:16:00,25903.5,25905,25900.5,25900.75,258,25916.00,25899.55,0.00
2025-12-09,21:17:00,25900.5,25902.5,25898.5,25902.5,264,25915.81,25899.72,0.00
2025-12-09,21:18:00,25902.75,25906,25901.5,25905.25,394,25915.59,25900.34,0.00
2025-12-09,21:19:00,25905.25,25907.75,25901.25,25903.75,355,25915.40,25900.77,0.00
2025-12-09,21:20:00,25903.75,25905.5,25900,25900.25,235,25915.26,25900.85,0.00
2025-12-09,21:21:00,25900.25,25903.5,25898.75,25902.5,253,25915.10,25900.90,0.00
2025-12-09,21:22:00,25902.5,25904.25,25901,25902,202,25914.98,25900.98,0.00
2025-12-09,21:23:00,25902,25904.75,25899.75,25900,229,25914.85,25901.01,0.00
2025-12-09,21:24:00,25899.5,25904,25899.5,25899.5,151,25914.75,25901.01,0.00
2025-12-09,21:25:00,25899.25,25901.25,25899,25899.75,140,25914.66,25900.98,0.00
2025-12-09,21:26:00,25899.25,25901.75,25896.75,25901.75,388,25914.42,25900.91,0.00
2025-12-09,21:27:00,25901.5,25903.5,25900.5,25901.75,224,25914.30,25900.95,0.00
2025-12-09,21:28:00,25901.75,25905.25,25900.75,25904.5,214,25914.20,25901.05,0.00
2025-12-09,21:29:00,25905,25906.75,25902.25,25905.75,182,25914.13,25901.18,0.00
2025-12-09,21:30:00,25905,25908.25,25903.75,25906.75,248,25914.05,25901.40,0.00
2025-12-09,21:31:00,25907,25910,25903.25,25904.75,461,25913.89,25901.75,0.00
2025-12-09,21:32:00,25904.5,25904.5,25901,25902.25,238,25913.78,25901.78,0.00
2025-12-09,21:33:00,25902.25,25903,25899.25,25901.75,205,25913.68,25901.77,0.00
2025-12-09,21:34:00,25902,25902.5,25898.25,25900.75,119,25913.62,25901.74,0.00
2025-12-09,21:35:00,25900,25901.25,25898,25900.75,154,25913.54,25901.70,0.00
2025-12-09,21:36:00,25899.5,25905.25,25899.5,25904.75,190,25913.46,25901.74,0.00
2025-12-09,21:37:00,25904.75,25910.25,25904.75,25907.25,461,25913.35,25902.09,0.00
2025-12-09,21:38:00,25907.5,25907.5,25905,25905.75,195,25913.29,25902.19,0.00
2025-12-09,21:39:00,25905.75,25906.25,25903.25,25904.5,115,25913.26,25902.23,0.00
2025-12-09,21:40:00,25904.75,25908.75,25904,25907.75,163,25913.22,25902.32,0.00
2025-12-09,21:41:00,25907.25,25908.5,25905.5,25908.5,108,25913.19,25902.39,0.00
2025-12-09,21:42:00,25908,25909,25906.25,25906.75,69,25913.18,25902.43,0.00
2025-12-09,21:43:00,25905.75,25907,25904,25905.5,208,25913.12,25902.51,0.00
2025-12-09,21:44:00,25905.25,25907.75,25903.75,25907.5,202,25913.07,25902.60,0.00
2025-12-09,21:45:00,25906.5,25911,25905.75,25909.25,238,25913.03,25902.76,0.00
2025-12-09,21:46:00,25909.25,25912.25,25908.5,25910.5,248,25913.00,25902.97,0.00
2025-12-09,21:47:00,25910.75,25911.25,25908.25,25909.75,167,25912.98,25903.10,0.00
2025-12-09,21:48:00,25909.25,25913.75,25908.25,25911,401,25912.96,25903.43,0.00
2025-12-09,21:49:00,25911.25,25911.25,25907,25909,161,25912.93,25903.52,0.00
2025-12-09,21:50:00,25909,25910.75,25908.25,25909,67,25912.93,25903.56,0.00
2025-12-09,21:51:00,25908,25909.5,25907.25,25908.25,104,25912.91,25903.61,0.00
2025-12-09,21:52:00,25908.25,25908.75,25905.5,25907.75,167,25912.88,25903.67,0.00
2025-12-09,21:53:00,25908.25,25908.75,25906.5,25907.75,96,25912.86,25903.71,0.00
2025-12-09,21:54:00,25908,25910,25906.75,25908.5,104,25912.84,25903.75,0.00
2025-12-09,21:55:00,25909,25909,25907,25907.5,86,25912.83,25903.79,0.00
2025-12-09,21:56:00,25907.75,25907.75,25905,25906.25,150,25912.79,25903.82,0.00
2025-12-09,21:57:00,25906,25910,25906,25908.25,98,25912.78,25903.86,0.00
2025-12-09,21:58:00,25908.5,25909.75,25907.5,25909.75,67,25912.77,25903.90,0.00
2025-12-09,21:59:00,25909.25,25911,25908.75,25909.5,119,25912.76,25903.96,0.00
2025-12-09,22:00:00,25909.75,25910.75,25908.75,25909,77,25912.75,25904.00,0.00
2025-12-09,22:01:00,25909.5,25916,25908.5,25912.25,528,25912.74,25904.38,0.00
2025-12-09,22:02:00,25912.5,25913.5,25910.25,25911.5,137,25912.73,25904.47,0.00
2025-12-09,22:03:00,25911.5,25913.5,25910.5,25912.75,166,25912.73,25904.58,0.00
2025-12-09,22:04:00,25912.25,25912.5,25909.75,25910.5,105,25912.72,25904.63,0.00
2025-12-09,22:05:00,25910.5,25911,25907.5,25908.75,123,25912.71,25904.68,0.00
2025-12-09,22:06:00,25909,25912,25909,25910.75,175,25912.70,25904.76,0.00
2025-12-09,22:07:00,25910.75,25912.25,25910.25,25911.5,51,25912.70,25904.79,0.00
2025-12-09,22:08:00,25911.75,25916,25911.5,25912.5,389,25912.70,25905.05,0.00
2025-12-09,22:09:00,25912.5,25913.25,25910.5,25911.5,74,25912.70,25905.09,0.00
2025-12-09,22:10:00,25912.25,25913.5,25911,25913.5,123,25912.70,25905.17,0.00
2025-12-09,22:11:00,25913.25,25915.25,25912.5,25913,148,25912.71,25905.26,0.00
2025-12-09,22:12:00,25913.25,25916.25,25913,25914,212,25912.72,25905.41,0.00
2025-12-09,22:13:00,25913.75,25915,25912.75,25913.25,99,25912.72,25905.47,0.00
2025-12-09,22:14:00,25913.75,25914.75,25912.5,25914.75,123,25912.72,25905.55,0.00
2025-12-09,22:15:00,25914.75,25915,25913.75,25914,69,25912.73,25905.59,0.00
2025-12-09,22:16:00,25914.25,25914.75,25912.75,25914.5,98,25912.73,25905.66,0.00
2025-12-09,22:17:00,25914,25914.75,25911,25911.75,147,25912.73,25905.73,0.00
2025-12-09,22:18:00,25911.75,25913.5,25911.25,25913.5,85,25912.73,25905.77,0.00
2025-12-09,22:19:00,25913.5,25919.75,25913.5,25919,575,25912.81,25906.24,0.00
2025-12-09,22:20:00,25919.5,25922.5,25917.75,25922.25,374,25912.90,25906.61,0.00
2025-12-09,22:21:00,25922,25926.5,25921.75,25924.75,445,25913.06,25907.13,0.00
2025-12-09,22:22:00,25925,25926.5,25923.75,25925,295,25913.16,25907.47,0.00
2025-12-09,22:23:00,25925,25925.75,25923.25,25924,168,25913.22,25907.65,0.00
2025-12-09,22:24:00,25924,25925.25,25923.25,25924,145,25913.26,25907.80,0.00
2025-12-09,22:25:00,25923.5,25925.25,25922.5,25923,114,25913.30,25907.92,0.00
2025-12-09,22:26:00,25922.75,25924.5,25922.75,25923.5,130,25913.34,25908.05,0.00
2025-12-09,22:27:00,25923.5,25924,25920,25921.75,199,25913.39,25908.22,0.00
2025-12-09,22:28:00,25922,25924,25921,25923.5,152,25913.43,25908.35,0.00
2025-12-09,22:29:00,25923.5,25926.75,25923.5,25924.75,284,25913.52,25908.63,0.00
2025-12-09,22:30:00,25924.5,25925,25921.5,25921.75,127,25913.56,25908.74,0.00
2025-12-09,22:31:00,25921.5,25925,25921,25924.5,210,25913.62,25908.92,0.00
2025-12-09,22:32:00,25924.75,25926.5,25924,25926.25,179,25913.68,25909.10,0.00
2025-12-09,22:33:00,25926,25926.5,25922,25923.25,163,25913.72,25909.24,0.00
2025-12-09,22:34:00,25923.25,25926,25922.25,25925,124,25913.76,25909.34,0.00
2025-12-09,22:35:00,25924.25,25926.5,25924.25,25926.25,106,25913.80,25909.44,0.00
2025-12-09,22:36:00,25926.25,25932.25,25926,25929.75,468,25914.00,25909.96,0.00
2025-12-09,22:37:00,25929.5,25930.25,25927.75,25928,145,25914.05,25910.11,0.00
2025-12-09,22:38:00,25928.5,25929,25926.25,25927,98,25914.09,25910.20,0.00
2025-12-09,22:39:00,25927,25927,25924.75,25926,123,25914.13,25910.31,0.00
2025-12-09,22:40:00,25926,25928,25925.75,25926.75,84,25914.16,25910.38,0.00
2025-12-09,22:41:00,25927.25,25928.75,25923.25,25926,253,25914.24,25910.59,0.00
2025-12-09,22:42:00,25925.75,25928,25925.5,25927,108,25914.28,25910.69,0.00
2025-12-09,22:43:00,25928.25,25929,25925.75,25926,150,25914.33,25910.81,0.00
2025-12-09,22:44:00,25927,25928,25926,25926.5,116,25914.37,25910.91,0.00
2025-12-09,22:45:00,25926.5,25926.5,25924,25924.5,162,25914.41,25911.03,0.00
2025-12-09,22:46:00,25924.5,25926,25922.25,25924,220,25914.47,25911.18,0.00
2025-12-09,22:47:00,25924.25,25926.5,25923.25,25925.75,124,25914.50,25911.27,0.00
2025-12-09,22:48:00,25925.75,25928.5,25925.25,25927.25,114,25914.54,25911.36,0.00
2025-12-09,22:49:00,25927.25,25927.75,25925.75,25926.5,100,25914.57,25911.43,0.00
2025-12-09,22:50:00,25927.25,25927.5,25925.5,25925.5,133,25914.61,25911.53,0.00
2025-12-09,22:51:00,25925.5,25927.25,25925,25926,94,25914.64,25911.60,0.00
2025-12-09,22:52:00,25925.75,25931.75,25925.75,25929.75,271,25914.74,25911.83,0.00
2025-12-09,22:53:00,25930.25,25930.75,25928,25929.25,177,25914.81,25911.98,0.00
2025-12-09,22:54:00,25929.25,25929.5,25927.5,25928.5,88,25914.84,25912.05,0.00
2025-12-09,22:55:00,25929,25929.25,25925.75,25926.5,118,25914.88,25912.14,0.00
2025-12-09,22:56:00,25926,25926.5,25924.75,25924.75,206,25914.93,25912.27,0.00
2025-12-09,22:57:00,25925.25,25928.25,25923.5,25928,167,25914.98,25912.38,0.00
2025-12-09,22:58:00,25928.25,25928.5,25925.5,25926.75,115,25915.02,25912.46,0.00
2025-12-09,22:59:00,25926.75,25927.5,25925.75,25926.75,54,25915.03,25912.50,0.00
2025-12-09,23:00:00,25927,25927.5,25926.5,25926.75,83,25915.06,25912.55,0.00
2025-12-09,23:01:00,25926.75,25934.5,25926.75,25932.5,517,25915.27,25913.00,0.00
2025-12-09,23:02:00,25932.5,25935.25,25930.75,25931.5,262,25915.38,25913.23,0.00
2025-12-09,23:03:00,25931.5,25933.75,25929.5,25932.75,234,25915.47,25913.42,0.00
2025-12-09,23:04:00,25932,25935.5,25931.5,25933,254,25915.59,25913.65,0.00
2025-12-09,23:05:00,25933,25933.75,25930.5,25933.75,117,25915.63,25913.75,0.00
2025-12-09,23:06:00,25934.5,25935.25,25933.25,25934.75,186,25915.72,25913.91,0.00
2025-12-09,23:07:00,25934,25934,25929.75,25932.75,163,25915.78,25914.04,0.00
2025-12-09,23:08:00,25933,25934.25,25932.5,25933.25,81,25915.82,25914.11,0.00
2025-12-09,23:09:00,25933.5,25935.75,25933,25935,146,25915.88,25914.24,0.00
2025-12-09,23:10:00,25935.5,25938.25,25935.25,25936.75,296,25916.03,25914.52,0.00
2025-12-09,23:11:00,25937,25938,25933,25935.75,394,25916.21,25914.87,0.00
2025-12-09,23:12:00,25936,25936.5,25933.25,25933.25,168,25916.29,25915.00,0.00
2025-12-09,23:13:00,25933.25,25935,25931.5,25931.5,132,25916.34,25915.10,0.00
2025-12-09,23:14:00,25931.75,25933.5,25931.25,25932.75,131,25916.39,25915.19,0.00
2025-12-09,23:15:00,25932.75,25932.75,25929.75,25930.75,102,25916.42,25915.26,0.00
2025-12-09,23:16:00,25930,25931,25924.5,25927.25,436,25916.53,25915.47,0.00
2025-12-09,23:17:00,25927.25,25927.75,25925.5,25926.25,158,25916.57,25915.54,0.00
2025-12-09,23:18:00,25926.5,25927.75,25924.5,25925.75,106,25916.59,25915.59,0.00
2025-12-09,23:19:00,25925.25,25925.25,25921.5,25922.5,335,25916.64,25915.69,0.00
2025-12-09,23:20:00,25922.25,25923.75,25920.5,25920.5,218,25916.67,25915.73,0.00
2025-12-09,23:21:00,25920.25,25924.75,25919.5,25923.25,353,25916.71,25915.83,0.00
2025-12-09,23:22:00,25923.25,25925.75,25923.25,25925,174,25916.75,25915.88,0.00
2025-12-09,23:23:00,25924.25,25925.75,25921.75,25922.25,200,25916.77,25915.94,0.00
2025-12-09,23:24:00,25922,25924.25,25922,25923,135,25916.79,25915.98,0.00
2025-12-09,23:25:00,25924,25924.75,25922.75,25922.75,104,25916.81,25916.01,0.00
2025-12-09,23:26:00,25922.75,25923.75,25920.25,25920.5,198,25916.83,25916.05,0.00
2025-12-09,23:27:00,25920.5,25921.75,25918.5,25920.75,305,25916.85,25916.09,0.00
2025-12-09,23:28:00,25920.5,25921.75,25919.5,25919.5,103,25916.86,25916.11,0.00
2025-12-09,23:29:00,25920.5,25921.75,25919.25,25921.25,159,25916.87,25916.14,0.00
2025-12-09,23:30:00,25921,25922.5,25920.5,25921,83,25916.88,25916.15,0.00
2025-12-09,23:31:00,25920.75,25921.5,25918.75,25919.25,252,25916.90,25916.19,0.00
2025-12-09,23:32:00,25919.25,25923.25,25919.25,25922.5,185,25916.92,25916.22,0.00
2025-12-09,23:33:00,25922.75,25923.25,25919.5,25920,100,25916.93,25916.24,0.00
2025-12-09,23:34:00,25920,25920.5,25916.5,25918.25,249,25916.93,25916.26,0.00
2025-12-09,23:35:00,25918.75,25920.5,25918,25920.25,138,25916.94,25916.27,0.00
2025-12-09,23:36:00,25920,25922,25919.5,25922,89,25916.95,25916.29,0.00
2025-12-09,23:37:00,25922,25928.25,25921.25,25924.5,515,25917.03,25916.44,0.00
2025-12-09,23:38:00,25925.25,25926,25924.5,25925.5,124,25917.06,25916.47,0.00
2025-12-09,23:39:00,25925,25925.75,25923.75,25924.5,94,25917.07,25916.50,0.00
2025-12-09,23:40:00,25924.5,25925.75,25923.75,25925.75,108,25917.09,25916.53,0.00
2025-12-09,23:41:00,25924.75,25925.75,25922.75,25925.25,152,25917.11,25916.57,0.00
2025-12-09,23:42:00,25926,25926.5,25923.75,25925.25,149,25917.14,25916.62,0.00
2025-12-09,23:43:00,25925.5,25926.5,25924.25,25925.25,132,25917.16,25916.66,0.00
2025-12-09,23:44:00,25925.25,25926.25,25924.25,25924.5,54,25917.17,25916.67,0.00
2025-12-09,23:45:00,25924.25,25925.5,25921.5,25922,145,25917.19,25916.70,0.00
2025-12-09,23:46:00,25922.25,25923.75,25919.25,25920.75,225,25917.20,25916.73,0.00
2025-12-09,23:47:00,25920.5,25921.25,25919,25921,180,25917.22,25916.76,0.00
2025-12-09,23:48:00,25921.25,25925.25,25921.25,25924,233,25917.25,25916.81,0.00
2025-12-09,23:49:00,25924,25924.5,25921.75,25922.75,80,25917.26,25916.82,0.00
2025-12-09,23:50:00,25922.75,25924.25,25921.25,25921.25,73,25917.26,25916.84,0.00
2025-12-09,23:51:00,25921.5,25921.5,25919.5,25920.5,116,25917.27,25916.85,0.00
2025-12-09,23:52:00,25920.25,25921.75,25918.75,25919.25,161,25917.28,25916.87,0.00
2025-12-09,23:53:00,25919.25,25920.5,25917.5,25919,158,25917.28,25916.88,0.00
2025-12-09,23:54:00,25919.5,25920.5,25918.75,25919.75,75,25917.29,25916.88,0.00
2025-12-09,23:55:00,25919.75,25921.75,25919.5,25920,85,25917.29,25916.89,0.00
2025-12-09,23:56:00,25919.75,25923,25919.75,25922.75,118,25917.30,25916.91,0.00
2025-12-09,23:57:00,25923,25926.25,25921.75,25926.25,177,25917.33,25916.96,0.00
2025-12-09,23:58:00,25926.5,25927.5,25925.25,25927,542,25917.43,25917.12,0.00
2025-12-09,23:59:00,25927,25927.75,25925.25,25927,119,25917.45,25917.15,0.00
2025-12-09,19:20:00,25926.25,25929.75,25923.5,25928.25,282,0.00,0.00,0.00
2025-12-09,19:21:00,25927.5,25929.25,25925.75,25926.5,167,25927.17,25927.17,0.00
2025-12-09,19:22:00,25926.5,25928.5,25925.25,25925.5,166,25926.79,25926.42,0.00
2025-12-09,19:23:00,25925.5,25926.5,25923.5,25926.5,270,25926.21,25925.50,0.00
2025-12-09,19:24:00,25926,25926.75,25924.5,25926,154,25926.12,25925.59,0.00
2025-12-09,19:25:00,25926,25928,25925.25,25926.5,173,25926.21,25925.88,0.00
2025-12-09,19:26:00,25926.75,25930,25926,25929,263,25928.33,25926.63,0.00
2025-12-09,19:27:00,25929.5,25931,25927.75,25929.25,270,25929.33,25927.28,0.00
2025-12-09,19:28:00,25928.75,25931,25928,25931,126,25929.55,25927.55,0.00
2025-12-09,19:29:00,25930.25,25931.25,25928.75,25929.75,144,25929.92,25927.79,0.00
2025-12-09,19:30:00,25929.5,25931.25,25929.5,25929.75,106,25930.02,25927.96,0.00
2025-12-09,19:31:00,25929.25,25930,25927.25,25929.25,146,25929.58,25928.04,0.00
2025-12-09,19:32:00,25930,25930.5,25927.5,25929.25,105,25929.48,25928.10,0.00
2025-12-09,19:33:00,25929.25,25929.25,25927.75,25927.75,50,25929.37,25928.10,0.00
2025-12-09,19:34:00,25928.75,25930,25927.5,25928.75,84,25929.29,25928.13,0.00
2025-12-09,19:35:00,25929,25929.75,25927,25927.75,110,25929.12,25928.13,0.00
2025-12-09,19:36:00,25927.75,25928,25925.75,25926,147,25928.70,25928.03,0.00
2025-12-09,19:37:00,25926,25930.25,25926,25929.5,185,25928.68,25928.07,0.00
2025-12-09,19:38:00,25930,25931,25928.75,25931,96,25928.81,25928.16,0.00
2025-12-09,19:39:00,25930.5,25931.25,25929,25929,68,25928.86,25928.20,0.00
2025-12-09,19:40:00,25929.5,25930.5,25928.5,25930,77,25928.91,25928.25,0.00
2025-12-09,19:41:00,25930.75,25932.25,25930,25932.25,129,25931.50,25928.40,0.00
2025-12-09,19:42:00,25931.75,25934,25931.25,25932,255,25932.42,25928.75,0.00
2025-12-09,19:43:00,25931.75,25932.75,25928.75,25930,142,25931.73,25928.83,0.00
2025-12-09,19:44:00,25929.5,25930.5,25929,25929.25,75,25931.39,25928.84,0.00
2025-12-09,19:45:00,25929.75,25932.5,25928.25,25932.5,115,25931.33,25928.92,0.00
2025-12-09,19:46:00,25932,25933.5,25929.75,25930.75,185,25931.33,25929.05,0.00
2025-12-09,19:47:00,25931,25931.5,25929.25,25931,94,25931.25,25929.09,0.00
2025-12-09,19:48:00,25931,25932.25,25930.25,25931.5,58,25931.25,25929.13,0.00
2025-12-09,19:49:00,25931.5,25932.5,25930.5,25931.25,87,25931.27,25929.18,0.00
2025-12-09,19:50:00,25931.75,25933,25930.5,25932.5,69,25931.32,25929.23,0.00
2025-12-09,19:51:00,25932.75,25934.5,25929,25929.75,214,25931.08,25929.33,0.00
2025-12-09,19:52:00,25930.5,25931,25927.25,25928,135,25930.18,25929.31,0.00
2025-12-09,19:53:00,25928,25928.25,25925.25,25926.25,181,25928.95,25929.20,0.00
2025-12-09,19:54:00,25926.5,25926.75,25920.25,25922.75,457,25926.31,25923.25,0.00
2025-12-09,19:55:00,25923.75,25927,25923.25,25926.75,189,25926.21,25923.96,0.00
2025-12-09,19:56:00,25927,25927.25,25924.5,25925,93,25926.16,25924.16,0.00
2025-12-09,19:57:00,25924.75,25926.25,25923.5,25926.25,158,25926.07,25924.37,0.00
2025-12-09,19:58:00,25926.25,25926.75,25924.25,25925,51,25926.05,25924.42,0.00
2025-12-09,19:59:00,25924.5,25926.5,25923.75,25926.25,77,25926.02,25924.50,0.00
2025-12-09,20:00:00,25926,25926.5,25925.25,25925.25,74,25926.00,25924.58,0.00
2025-12-09,20:01:00,25925.25,25926,25921.75,25922.25,377,25925.50,25924.26,0.00
2025-12-09,20:02:00,25922.5,25925.75,25922.25,25924.5,178,25925.39,25924.25,0.00
2025-12-09,20:03:00,25924.5,25927.75,25924.25,25925.5,147,25925.42,25924.38,0.00
2025-12-09,20:04:00,25926.25,25928.25,25925.25,25926,144,25925.48,25924.54,0.00
2025-12-09,20:05:00,25926.5,25927.75,25926.25,25927.25,79,25925.53,25924.64,0.00
2025-12-09,20:06:00,25928,25928.75,25927,25928.5,155,25925.68,25924.88,0.00
2025-12-09,20:07:00,25929,25935.75,25928.25,25934.75,561,25932.92,25926.53,0.00
2025-12-09,20:08:00,25935,25941.25,25934,25939.25,584,25938.17,25928.57,0.00
2025-12-09,20:09:00,25939.25,25941.5,25937.5,25938.75,330,25939.25,25929.54,0.00
2025-12-09,20:10:00,25938.5,25941.25,25938.25,25940,250,25939.50,25930.20,0.00
2025-12-09,20:11:00,25940,25941,25939.25,25940.25,214,25939.68,25930.71,0.00
2025-12-09,20:12:00,25940.5,25942,25939.25,25940.5,191,25940.58,25931.15,0.00
2025-12-09,20:13:00,25940.5,25946.5,25938.75,25945.75,732,25943.67,25932.97,0.00
2025-12-09,20:14:00,25945.75,25947,25941.75,25942,447,25943.58,25933.83,0.00
2025-12-09,20:15:00,25941.5,25943.25,25937.75,25938.75,472,25941.70,25934.31,0.00
2025-12-09,20:16:00,25938.25,25939.5,25933.25,25936.25,591,25939.60,25934.50,0.00
2025-12-09,20:17:00,25936.5,25936.5,25931.5,25932.75,287,25938.64,25934.46,0.00
2025-12-09,20:18:00,25932.25,25932.75,25924.5,25928.75,649,25935.99,25933.96,0.00
2025-12-09,20:19:00,25928.5,25930.25,25926.75,25928.75,391,25934.97,25933.69,0.00
2025-12-09,20:20:00,25928,25928,25924,25924.25,211,25934.31,25933.47,0.00
2025-12-09,20:21:00,25924.25,25926.5,25922,25925,370,25933.25,25933.08,0.00
2025-12-09,20:22:00,25924,25926.5,25923,25926.5,208,25932.79,25932.90,0.00
2025-12-09,20:23:00,25926.75,25930,25925,25927.75,261,25932.44,25932.74,0.00
2025-12-09,20:24:00,25927,25927.5,25924,25924.25,163,25932.15,25932.61,0.00
2025-12-09,20:25:00,25924.25,25924.25,25914.75,25919,1170,25929.28,25919.33,0.00
2025-12-09,20:26:00,25918.75,25924.25,25918.75,25924.25,300,25928.91,25919.96,0.00
2025-12-09,20:27:00,25924.25,25927.5,25924.25,25926.5,244,25928.79,25920.83,0.00
2025-12-09,20:28:00,25926.25,25926.75,25922.5,25924.25,174,25928.66,25921.17,0.00
2025-12-09,20:29:00,25923.75,25926,25923.75,25924.5,81,25928.61,25921.32,0.00
2025-12-09,20:30:00,25923.5,25925.5,25923,25925.5,95,25928.55,25921.47,0.00
2025-12-09,20:31:00,25925.25,25926.5,25923.75,25924.75,171,25928.45,25921.74,0.00
2025-12-09,20:32:00,25924.5,25930.75,25924,25926.25,428,25928.36,25922.59,0.00
2025-12-09,20:33:00,25926.5,25928.25,25926.5,25927.5,72,25928.35,25922.71,0.00
2025-12-09,20:34:00,25927.5,25928.25,25926.25,25926.25,119,25928.32,25922.89,0.00
2025-12-09,20:35:00,25926,25926.75,25924.25,25926.5,93,25928.29,25922.98,0.00
2025-12-09,20:36:00,25926.25,25929.25,25926.25,25929,337,25928.29,25923.51,0.00
2025-12-09,20:37:00,25928.5,25928.5,25926,25928.25,42,25928.28,25923.57,0.00
2025-12-09,20:38:00,25927.75,25928,25926,25927.25,77,25928.27,25923.65,0.00
2025-12-09,20:39:00,25926.25,25928,25926,25927.75,57,25928.26,25923.71,0.00
2025-12-09,20:40:00,25927.75,25928,25923.25,25923.75,203,25928.18,25923.78,0.00
2025-12-09,20:41:00,25924,25924.25,25921,25922.25,392,25927.90,25923.65,0.00
2025-12-09,20:42:00,25922.25,25925.25,25920,25923.25,204,25927.78,25923.61,0.00
2025-12-09,20:43:00,25922.75,25922.75,25920.5,25921.75,71,25927.73,25923.58,0.00
2025-12-09,20:44:00,25922.25,25924,25921.5,25923.25,87,25927.68,25923.57,0.00
2025-12-09,20:45:00,25922.25,25923.5,25921.25,25923.25,72,25927.63,25923.55,0.00
2025-12-09,20:46:00,25922.5,25923.5,25918.5,25920.25,254,25927.43,25923.40,0.00
2025-12-09,20:47:00,25920,25920,25910.5,25911,1190,25925.81,25913.83,0.00
2025-12-09,20:48:00,25911.25,25914.75,25911,25914,278,25925.47,25913.72,0.00
2025-12-09,20:49:00,25914,25916.5,25913.25,25913.75,232,25925.23,25913.83,0.00
2025-12-09,20:50:00,25913.75,25914.25,25912,25913.25,154,25925.06,25913.77,0.00
2025-12-09,20:51:00,25913,25913.75,25908.75,25910.5,494,25924.43,25911.00,0.00
2025-12-09,20:52:00,25911.25,25915.5,25911,25914,294,25924.15,25911.93,0.00
2025-12-09,20:53:00,25914,25915.25,25912.75,25914.5,107,25924.06,25912.20,0.00
2025-12-09,20:54:00,25914.5,25914.5,25909.5,25910.5,281,25923.76,25912.03,0.00
2025-12-09,20:55:00,25910.5,25911.75,25909.25,25909.5,141,25923.60,25911.83,0.00
2025-12-09,20:56:00,25910,25910,25906,25908.5,649,25922.81,25908.17,0.00
2025-12-09,20:57:00,25908.5,25911,25907.75,25909.5,249,25922.55,25908.51,0.00
2025-12-09,20:58:00,25909.25,25911,25908.5,25910.5,107,25922.44,25908.67,0.00
2025-12-09,20:59:00,25910.5,25912,25909.75,25910.5,168,25922.29,25908.97,0.00
2025-12-09,21:00:00,25910.25,25910.5,25903.5,25904.25,349,25921.87,25906.08,0.00
2025-12-09,21:01:00,25903.75,25912.25,25903.5,25909,434,25921.45,25907.28,0.00
2025-12-09,21:02:00,25909,25911,25906,25910.5,323,25921.17,25907.83,0.00
2025-12-09,21:03:00,25910.75,25915.75,25909,25915.75,491,25920.92,25909.58,0.00
2025-12-09,21:04:00,25915.5,25917.25,25913.5,25915.75,410,25920.77,25910.79,0.00
2025-12-09,21:05:00,25916,25916,25912.75,25915,197,25920.69,25911.13,0.00
2025-12-09,21:06:00,25914.75,25916.5,25913,25914.75,259,25920.59,25911.51,0.00
2025-12-09,21:07:00,25914.75,25915.5,25912.75,25912.75,156,25920.52,25911.64,0.00
2025-12-09,21:08:00,25912.5,25912.75,25905.5,25906.25,629,25920.05,25910.96,0.00
2025-12-09,21:09:00,25906.5,25906.75,25895.5,25900.5,1358,25918.58,25900.92,0.00
2025-12-09,21:10:00,25899.75,25901.5,25894,25895,502,25917.99,25896.83,0.00
2025-12-09,21:11:00,25895,25898,25893.25,25896.25,572,25917.31,25895.83,0.00
2025-12-09,21:12:00,25896.5,25903.25,25896.5,25900.75,489,25916.88,25897.83,0.00
2025-12-09,21:13:00,25901,25904,25898.5,25902,378,25916.58,25898.79,0.00
2025-12-09,21:14:00,25901.75,25902,25896.5,25898.75,281,25916.34,25898.84,0.00
2025-12-09,21:15:00,25899.5,25903.25,25899.5,25903.25,229,25916.17,25899.21,0.00
2025-12-09,21:16:00,25903.5,25905,25900.5,25900.75,258,25916.00,25899.55,0.00
2025-12-09,21:17:00,25900.5,25902.5,25898.5,25902.5,264,25915.81,25899.72,0.00
2025-12-09,21:18:00,25902.75,25906,25901.5,25905.25,394,25915.59,25900.34,0.00
2025-12-09,21:19:00,25905.25,25907.75,25901.25,25903.75,355,25915.40,25900.77,0.00
2025-12-09,21:20:00,25903.75,25905.5,25900,25900.25,235,25915.26,25900.85,0.00
2025-12-09,21:21:00,25900.25,25903.5,25898.75,25902.5,253,25915.10,25900.90,0.00
2025-12-09,21:22:00,25902.5,25904.25,25901,25902,202,25914.98,25900.98,0.00
2025-12-09,21:23:00,25902,25904.75,25899.75,25900,229,25914.85,25901.01,0.00
2025-12-09,21:24:00,25899.5,25904,25899.5,25899.5,151,25914.75,25901.01,0.00
2025-12-09,21:25:00,25899.25,25901.25,25899,25899.75,140,25914.66,25900.98,0.00
2025-12-09,21:26:00,25899.25,25901.75,25896.75,25901.75,388,25914.42,25900.91,0.00
2025-12-09,21:27:00,25901.5,25903.5,25900.5,25901.75,224,25914.30,25900.95,0.00
2025-12-09,21:28:00,25901.75,25905.25,25900.75,25904.5,214,25914.20,25901.05,0.00
2025-12-09,21:29:00,25905,25906.75,25902.25,25905.75,182,25914.13,25901.18,0.00
2025-12-09,21:30:00,25905,25908.25,25903.75,25906.75,248,25914.05,25901.40,0.00
2025-12-09,21:31:00,25907,25910,25903.25,25904.75,461,25913.89,25901.75,0.00
2025-12-09,21:32:00,25904.5,25904.5,25901,25902.25,238,25913.78,25901.78,0.00
2025-12-09,21:33:00,25902.25,25903,25899.25,25901.75,205,25913.68,25901.77,0.00
2025-12-09,21:34:00,25902,25902.5,25898.25,25900.75,119,25913.62,25901.74,0.00
2025-12-09,21:35:00,25900,25901.25,25898,25900.75,154,25913.54,25901.70,0.00
2025-12-09,21:36:00,25899.5,25905.25,25899.5,25904.75,190,25913.46,25901.74,0.00
2025-12-09,21:37:00,25904.75,25910.25,25904.75,25907.25,461,25913.35,25902.09,0.00
2025-12-09,21:38:00,25907.5,25907.5,25905,25905.75,195,25913.29,25902.19,0.00
2025-12-09,21:39:00,25905.75,25906.25,25903.25,25904.5,115,25913.26,25902.23,0.00
2025-12-09,21:40:00,25904.75,25908.75,25904,25907.75,163,25913.22,25902.32,0.00
2025-12-09,21:41:00,25907.25,25908.5,25905.5,25908.5,108,25913.19,25902.39,0.00
2025-12-09,21:42:00,25908,25909,25906.25,25906.75,69,25913.18,25902.43,0.00
2025-12-09,21:43:00,25905.75,25907,25904,25905.5,208,25913.12,25902.51,0.00
2025-12-09,21:44:00,25905.25,25907.75,25903.75,25907.5,202,25913.07,25902.60,0.00
2025-12-09,21:45:00,25906.5,25911,25905.75,25909.25,238,25913.03,25902.76,0.00
2025-12-09,21:46:00,25909.25,25912.25,25908.5,25910.5,248,25913.00,25902.97,0.00
2025-12-09,21:47:00,25910.75,25911.25,25908.25,25909.75,167,25912.98,25903.10,0.00
2025-12-09,21:48:00,25909.25,25913.75,25908.25,25911,401,25912.96,25903.43,0.00
2025-12-09,21:49:00,25911.25,25911.25,25907,25909,161,25912.93,25903.52,0.00
2025-12-09,21:50:00,25909,25910.75,25908.25,25909,67,25912.93,25903.56,0.00
2025-12-09,21:51:00,25908,25909.5,25907.25,25908.25,104,25912.91,25903.61,0.00
2025-12-09,21:52:00,25908.25,25908.75,25905.5,25907.75,167,25912.88,25903.67,0.00
2025-12-09,21:53:00,25908.25,25908.75,25906.5,25907.75,96,25912.86,25903.71,0.00
2025-12-09,21:54:00,25908,25910,25906.75,25908.5,104,25912.84,25903.75,0.00
2025-12-09,21:55:00,25909,25909,25907,25907.5,86,25912.83,25903.79,0.00
2025-12-09,21:56:00,25907.75,25907.75,25905,25906.25,150,25912.79,25903.82,0.00
2025-12-09,21:57:00,25906,25910,25906,25908.25,98,25912.78,25903.86,0.00
2025-12-09,21:58:00,25908.5,25909.75,25907.5,25909.75,67,25912.77,25903.90,0.00
2025-12-09,21:59:00,25909.25,25911,25908.75,25909.5,119,25912.76,25903.96,0.00
2025-12-09,22:00:00,25909.75,25910.75,25908.75,25909,77,25912.75,25904.00,0.00
2025-12-09,22:01:00,25909.5,25916,25908.5,25912.25,528,25912.74,25904.38,0.00
2025-12-09,22:02:00,25912.5,25913.5,25910.25,25911.5,137,25912.73,25904.47,0.00
2025-12-09,22:03:00,25911.5,25913.5,25910.5,25912.75,166,25912.73,25904.58,0.00
2025-12-09,22:04:00,25912.25,25912.5,25909.75,25910.5,105,25912.72,25904.63,0.00
2025-12-09,22:05:00,25910.5,25911,25907.5,25908.75,123,25912.71,25904.68,0.00
2025-12-09,22:06:00,25909,25912,25909,25910.75,175,25912.70,25904.76,0.00
2025-12-09,22:07:00,25910.75,25912.25,25910.25,25911.5,51,25912.70,25904.79,0.00
2025-12-09,22:08:00,25911.75,25916,25911.5,25912.5,389,25912.70,25905.05,0.00
2025-12-09,22:09:00,25912.5,25913.25,25910.5,25911.5,74,25912.70,25905.09,0.00
2025-12-09,22:10:00,25912.25,25913.5,25911,25913.5,123,25912.70,25905.17,0.00
2025-12-09,22:11:00,25913.25,25915.25,25912.5,25913,148,25912.71,25905.26,0.00
2025-12-09,22:12:00,25913.25,25916.25,25913,25914,212,25912.72,25905.41,0.00
2025-12-09,22:13:00,25913.75,25915,25912.75,25913.25,99,25912.72,25905.47,0.00
2025-12-09,22:14:00,25913.75,25914.75,25912.5,25914.75,123,25912.72,25905.55,0.00
2025-12-09,22:15:00,25914.75,25915,25913.75,25914,69,25912.73,25905.59,0.00
2025-12-09,22:16:00,25914.25,25914.75,25912.75,25914.5,98,25912.73,25905.66,0.00
2025-12-09,22:17:00,25914,25914.75,25911,25911.75,147,25912.73,25905.73,0.00
2025-12-09,22:18:00,25911.75,25913.5,25911.25,25913.5,85,25912.73,25905.77,0.00
2025-12-09,22:19:00,25913.5,25919.75,25913.5,25919,575,25912.81,25906.24,0.00
2025-12-09,22:20:00,25919.5,25922.5,25917.75,25922.25,374,25912.90,25906.61,0.00
2025-12-09,22:21:00,25922,25926.5,25921.75,25924.75,445,25913.06,25907.13,0.00
2025-12-09,22:22:00,25925,25926.5,25923.75,25925,295,25913.16,25907.47,0.00
2025-12-09,22:23:00,25925,25925.75,25923.25,25924,168,25913.22,25907.65,0.00
2025-12-09,22:24:00,25924,25925.25,25923.25,25924,145,25913.26,25907.80,0.00
2025-12-09,22:25:00,25923.5,25925.25,25922.5,25923,114,25913.30,25907.92,0.00
2025-12-09,22:26:00,25922.75,25924.5,25922.75,25923.5,130,25913.34,25908.05,0.00
2025-12-09,22:27:00,25923.5,25924,25920,25921.75,199,25913.39,25908.22,0.00
2025-12-09,22:28:00,25922,25924,25921,25923.5,152,25913.43,25908.35,0.00
2025-12-09,22:29:00,25923.5,25926.75,25923.5,25924.75,284,25913.52,25908.63,0.00
2025-12-09,22:30:00,25924.5,25925,25921.5,25921.75,127,25913.56,25908.74,0.00
2025-12-09,22:31:00,25921.5,25925,25921,25924.5,210,25913.62,25908.92,0.00
2025-12-09,22:32:00,25924.75,25926.5,25924,25926.25,179,25913.68,25909.10,0.00
2025-12-09,22:33:00,25926,25926.5,25922,25923.25,163,25913.72,25909.24,0.00
2025-12-09,22:34:00,25923.25,25926,25922.25,25925,124,25913.76,25909.34,0.00
2025-12-09,22:35:00,25924.25,25926.5,25924.25,25926.25,106,25913.80,25909.44,0.00
2025-12-09,22:36:00,25926.25,25932.25,25926,25929.75,468,25914.00,25909.96,0.00
2025-12-09,22:37:00,25929.5,25930.25,25927.75,25928,145,25914.05,25910.11,0.00
2025-12-09,22:38:00,25928.5,25929,25926.25,25927,98,25914.09,25910.20,0.00
2025-12-09,22:39:00,25927,25927,25924.75,25926,123,25914.13,25910.31,0.00
2025-12-09,22:40:00,25926,25928,25925.75,25926.75,84,25914.16,25910.38,0.00
2025-12-09,22:41:00,25927.25,25928.75,25923.25,25926,253,25914.24,25910.59,0.00
2025-12-09,22:42:00,25925.75,25928,25925.5,25927,108,25914.28,25910.69,0.00
2025-12-09,22:43:00,25928.25,25929,25925.75,25926,150,25914.33,25910.81,0.00
2025-12-09,22:44:00,25927,25928,25926,25926.5,116,25914.37,25910.91,0.00
2025-12-09,22:45:00,25926.5,25926.5,25924,25924.5,162,25914.41,25911.03,0.00
2025-12-09,22:46:00,25924.5,25926,25922.25,25924,220,25914.47,25911.18,0.00
2025-12-09,22:47:00,25924.25,25926.5,25923.25,25925.75,124,25914.50,25911.27,0.00
2025-12-09,22:48:00,25925.75,25928.5,25925.25,25927.25,114,25914.54,25911.36,0.00
2025-12-09,22:49:00,25927.25,25927.75,25925.75,25926.5,100,25914.57,25911.43,0.00
2025-12-09,22:50:00,25927.25,25927.5,25925.5,25925.5,133,25914.61,25911.53,0.00
2025-12-09,22:51:00,25925.5,25927.25,25925,25926,94,25914.64,25911.60,0.00
2025-12-09,22:52:00,25925.75,25931.75,25925.75,25929.75,271,25914.74,25911.83,0.00
2025-12-09,22:53:00,25930.25,25930.75,25928,25929.25,177,25914.81,25911.98,0.00
2025-12-09,22:54:00,25929.25,25929.5,25927.5,25928.5,88,25914.84,25912.05,0.00
2025-12-09,22:55:00,25929,25929.25,25925.75,25926.5,118,25914.88,25912.14,0.00
2025-12-09,22:56:00,25926,25926.5,25924.75,25924.75,206,25914.93,25912.27,0.00
2025-12-09,22:57:00,25925.25,25928.25,25923.5,25928,167,25914.98,25912.38,0.00
2025-12-09,22:58:00,25928.25,25928.5,25925.5,25926.75,115,25915.02,25912.46,0.00
2025-12-09,22:59:00,25926.75,25927.5,25925.75,25926.75,54,25915.03,25912.50,0.00
2025-12-09,23:00:00,25927,25927.5,25926.5,25926.75,83,25915.06,25912.55,0.00
2025-12-09,23:01:00,25926.75,25934.5,25926.75,25932.5,517,25915.27,25913.00,0.00
2025-12-09,23:02:00,25932.5,25935.25,25930.75,25931.5,262,25915.38,25913.23,0.00
2025-12-09,23:03:00,25931.5,25933.75,25929.5,25932.75,234,25915.47,25913.42,0.00
2025-12-09,23:04:00,25932,25935.5,25931.5,25933,254,25915.59,25913.65,0.00
2025-12-09,23:05:00,25933,25933.75,25930.5,25933.75,117,25915.63,25913.75,0.00
2025-12-09,23:06:00,25934.5,25935.25,25933.25,25934.75,186,25915.72,25913.91,0.00
2025-12-09,23:07:00,25934,25934,25929.75,25932.75,163,25915.78,25914.04,0.00
2025-12-09,23:08:00,25933,25934.25,25932.5,25933.25,81,25915.82,25914.11,0.00
2025-12-09,23:09:00,25933.5,25935.75,25933,25935,146,25915.88,25914.24,0.00
2025-12-09,23:10:00,25935.5,25938.25,25935.25,25936.75,296,25916.03,25914.52,0.00
2025-12-09,23:11:00,25937,25938,25933,25935.75,394,25916.21,25914.87,0.00
2025-12-09,23:12:00,25936,25936.5,25933.25,25933.25,168,25916.29,25915.00,0.00
2025-12-09,23:13:00,25933.25,25935,25931.5,25931.5,132,25916.34,25915.10,0.00
2025-12-09,23:14:00,25931.75,25933.5,25931.25,25932.75,131,25916.39,25915.19,0.00
2025-12-09,23:15:00,25932.75,25932.75,25929.75,25930.75,102,25916.42,25915.26,0.00
2025-12-09,23:16:00,25930,25931,25924.5,25927.25,436,25916.53,25915.47,0.00
2025-12-09,23:17:00,25927.25,25927.75,25925.5,25926.25,158,25916.57,25915.54,0.00
2025-12-09,23:18:00,25926.5,25927.75,25924.5,25925.75,106,25916.59,25915.59,0.00
2025-12-09,23:19:00,25925.25,25925.25,25921.5,25922.5,335,25916.64,25915.69,0.00
2025-12-09,23:20:00,25922.25,25923.75,25920.5,25920.5,218,25916.67,25915.73,0.00
2025-12-09,23:21:00,25920.25,25924.75,25919.5,25923.25,353,25916.71,25915.83,0.00
2025-12-09,23:22:00,25923.25,25925.75,25923.25,25925,174,25916.75,25915.88,0.00
2025-12-09,23:23:00,25924.25,25925.75,25921.75,25922.25,200,25916.77,25915.94,0.00
2025-12-09,23:24:00,25922,25924.25,25922,25923,135,25916.79,25915.98,0.00
2025-12-09,23:25:00,25924,25924.75,25922.75,25922.75,104,25916.81,25916.01,0.00
2025-12-09,23:26:00,25922.75,25923.75,25920.25,25920.5,198,25916.83,25916.05,0.00
2025-12-09,23:27:00,25920.5,25921.75,25918.5,25920.75,305,25916.85,25916.09,0.00
2025-12-09,23:28:00,25920.5,25921.75,25919.5,25919.5,103,25916.86,25916.11,0.00
2025-12-09,23:29:00,25920.5,25921.75,25919.25,25921.25,159,25916.87,25916.14,0.00
2025-12-09,23:30:00,25921,25922.5,25920.5,25921,83,25916.88,25916.15,0.00
2025-12-09,23:31:00,25920.75,25921.5,25918.75,25919.25,252,25916.90,25916.19,0.00
2025-12-09,23:32:00,25919.25,25923.25,25919.25,25922.5,185,25916.92,25916.22,0.00
2025-12-09,23:33:00,25922.75,25923.25,25919.5,25920,100,25916.93,25916.24,0.00
2025-12-09,23:34:00,25920,25920.5,25916.5,25918.25,249,25916.93,25916.26,0.00
2025-12-09,23:35:00,25918.75,25920.5,25918,25920.25,138,25916.94,25916.27,0.00
2025-12-09,23:36:00,25920,25922,25919.5,25922,89,25916.95,25916.29,0.00
2025-12-09,23:37:00,25922,25928.25,25921.25,25924.5,515,25917.03,25916.44,0.00
2025-12-09,23:38:00,25925.25,25926,25924.5,25925.5,124,25917.06,25916.47,0.00
2025-12-09,23:39:00,25925,25925.75,25923.75,25924.5,94,25917.07,25916.50,0.00
2025-12-09,23:40:00,25924.5,25925.75,25923.75,25925.75,108,25917.09,25916.53,0.00
2025-12-09,23:41:00,25924.75,25925.75,25922.75,25925.25,152,25917.11,25916.57,0.00
2025-12-09,23:42:00,25926,25926.5,25923.75,25925.25,149,25917.14,25916.62,0.00
2025-12-09,23:43:00,25925.5,25926.5,25924.25,25925.25,132,25917.16,25916.66,0.00
2025-12-09,23:44:00,25925.25,25926.25,25924.25,25924.5,54,25917.17,25916.67,0.00
2025-12-09,23:45:00,25924.25,25925.5,25921.5,25922,145,25917.19,25916.70,0.00
2025-12-09,23:46:00,25922.25,25923.75,25919.25,25920.75,225,25917.20,25916.73,0.00
2025-12-09,23:47:00,25920.5,25921.25,25919,25921,180,25917.22,25916.76,0.00
2025-12-09,23:48:00,25921.25,25925.25,25921.25,25924,233,25917.25,25916.81,0.00
2025-12-09,23:49:00,25924,25924.5,25921.75,25922.75,80,25917.26,25916.82,0.00
2025-12-09,23:50:00,25922.75,25924.25,25921.25,25921.25,73,25917.26,25916.84,0.00
2025-12-09,23:51:00,25921.5,25921.5,25919.5,25920.5,116,25917.27,25916.85,0.00
2025-12-09,23:52:00,25920.25,25921.75,25918.75,25919.25,161,25917.28,25916.87,0.00
2025-12-09,23:53:00,25919.25,25920.5,25917.5,25919,158,25917.28,25916.88,0.00
2025-12-09,23:54:00,25919.5,25920.5,25918.75,25919.75,75,25917.29,25916.88,0.00
2025-12-09,23:55:00,25919.75,25921.75,25919.5,25920,85,25917.29,25916.89,0.00
2025-12-09,23:56:00,25919.75,25923,25919.75,25922.75,118,25917.30,25916.91,0.00
2025-12-09,23:57:00,25923,25926.25,25921.75,25926.25,177,25917.33,25916.96,0.00
2025-12-09,23:58:00,25926.5,25927.5,25925.25,25927,542,25917.43,25917.12,0.00
2025-12-09,23:59:00,25927,25927.75,25925.25,25927,119,25917.45,25917.15,0.00
2025-12-09,19:20:00,25926.25,25929.75,25923.5,25928.25,282,0.00,0.00,0.00
2025-12-09,19:21:00,25927.5,25929.25,25925.75,25926.5,167,25927.17,25927.17,0.00
2025-12-09,19:22:00,25926.5,25928.5,25925.25,25925.5,166,25926.79,25926.42,0.00
2025-12-09,19:23:00,25925.5,25926.5,25923.5,25926.5,270,25926.21,25925.50,0.00
2025-12-09,19:24:00,25926,25926.75,25924.5,25926,154,25926.12,25925.59,0.00
2025-12-09,19:25:00,25926,25928,25925.25,25926.5,173,25926.21,25925.88,0.00
2025-12-09,19:26:00,25926.75,25930,25926,25929,263,25928.33,25926.63,0.00
2025-12-09,19:27:00,25929.5,25931,25927.75,25929.25,270,25929.33,25927.28,0.00
2025-12-09,19:28:00,25928.75,25931,25928,25931,126,25929.55,25927.55,0.00
2025-12-09,19:29:00,25930.25,25931.25,25928.75,25929.75,144,25929.92,25927.79,0.00
2025-12-09,19:30:00,25929.5,25931.25,25929.5,25929.75,106,25930.02,25927.96,0.00
2025-12-09,19:31:00,25929.25,25930,25927.25,25929.25,146,25929.58,25928.04,0.00
2025-12-09,19:32:00,25930,25930.5,25927.5,25929.25,105,25929.48,25928.10,0.00
2025-12-09,19:33:00,25929.25,25929.25,25927.75,25927.75,50,25929.37,25928.10,0.00
2025-12-09,19:34:00,25928.75,25930,25927.5,25928.75,84,25929.29,25928.13,0.00
2025-12-09,19:35:00,25929,25929.75,25927,25927.75,110,25929.12,25928.13,0.00
2025-12-09,19:36:00,25927.75,25928,25925.75,25926,147,25928.70,25928.03,0.00
2025-12-09,19:37:00,25926,25930.25,25926,25929.5,185,25928.68,25928.07,0.00
2025-12-09,19:38:00,25930,25931,25928.75,25931,96,25928.81,25928.16,0.00
2025-12-09,19:39:00,25930.5,25931.25,25929,25929,68,25928.86,25928.20,0.00
2025-12-09,19:40:00,25929.5,25930.5,25928.5,25930,77,25928.91,25928.25,0.00
2025-12-09,19:41:00,25930.75,25932.25,25930,25932.25,129,25931.50,25928.40,0.00
2025-12-09,19:42:00,25931.75,25934,25931.25,25932,255,25932.42,25928.75,0.00
2025-12-09,19:43:00,25931.75,25932.75,25928.75,25930,142,25931.73,25928.83,0.00
2025-12-09,19:44:00,25929.5,25930.5,25929,25929.25,75,25931.39,25928.84,0.00
2025-12-09,19:45:00,25929.75,25932.5,25928.25,25932.5,115,25931.33,25928.92,0.00
2025-12-09,19:46:00,25932,25933.5,25929.75,25930.75,185,25931.33,25929.05,0.00
2025-12-09,19:47:00,25931,25931.5,25929.25,25931,94,25931.25,25929.09,0.00
2025-12-09,19:48:00,25931,25932.25,25930.25,25931.5,58,25931.25,25929.13,0.00
2025-12-09,19:49:00,25931.5,25932.5,25930.5,25931.25,87,25931.27,25929.18,0.00
2025-12-09,19:50:00,25931.75,25933,25930.5,25932.5,69,25931.32,25929.23,0.00
2025-12-09,19:51:00,25932.75,25934.5,25929,25929.75,214,25931.08,25929.33,0.00
2025-12-09,19:52:00,25930.5,25931,25927.25,25928,135,25930.18,25929.31,0.00
2025-12-09,19:53:00,25928,25928.25,25925.25,25926.25,181,25928.95,25929.20,0.00
2025-12-09,19:54:00,25926.5,25926.75,25920.25,25922.75,457,25926.31,25923.25,0.00
2025-12-09,19:55:00,25923.75,25927,25923.25,25926.75,189,25926.21,25923.96,0.00
2025-12-09,19:56:00,25927,25927.25,25924.5,25925,93,25926.16,25924.16,0.00
2025-12-09,19:57:00,25924.75,25926.25,25923.5,25926.25,158,25926.07,25924.37,0.00
2025-12-09,19:58:00,25926.25,25926.75,25924.25,25925,51,25926.05,25924.42,0.00
2025-12-09,19:59:00,25924.5,25926.5,25923.75,25926.25,77,25926.02,25924.50,0.00
2025-12-09,20:00:00,25926,25926.5,25925.25,25925.25,74,25926.00,25924.58,0.00
2025-12-09,20:01:00,25925.25,25926,25921.75,25922.25,377,25925.50,25924.26,0.00
2025-12-09,20:02:00,25922.5,25925.75,25922.25,25924.5,178,25925.39,25924.25,0.00
2025-12-09,20:03:00,25924.5,25927.75,25924.25,25925.5,147,25925.42,25924.38,0.00
2025-12-09,20:04:00,25926.25,25928.25,25925.25,25926,144,25925.48,25924.54,0.00
2025-12-09,20:05:00,25926.5,25927.75,25926.25,25927.25,79,25925.53,25924.64,0.00
2025-12-09,20:06:00,25928,25928.75,25927,25928.5,155,25925.68,25924.88,0.00
2025-12-09,20:07:00,25929,25935.75,25928.25,25934.75,561,25932.92,25926.53,0.00
2025-12-09,20:08:00,25935,25941.25,25934,25939.25,584,25938.17,25928.57,0.00
2025-12-09,20:09:00,25939.25,25941.5,25937.5,25938.75,330,25939.25,25929.54,0.00
2025-12-09,20:10:00,25938.5,25941.25,25938.25,25940,250,25939.50,25930.20,0.00
2025-12-09,20:11:00,25940,25941,25939.25,25940.25,214,25939.68,25930.71,0.00
2025-12-09,20:12:00,25940.5,25942,25939.25,25940.5,191,25940.58,25931.15,0.00
2025-12-09,20:13:00,25940.5,25946.5,25938.75,25945.75,732,25943.67,25932.97,0.00
2025-12-09,20:14:00,25945.75,25947,25941.75,25942,447,25943.58,25933.83,0.00
2025-12-09,20:15:00,25941.5,25943.25,25937.75,25938.75,472,25941.70,25934.31,0.00
2025-12-09,20:16:00,25938.25,25939.5,25933.25,25936.25,591,25939.60,25934.50,0.00
2025-12-09,20:17:00,25936.5,25936.5,25931.5,25932.75,287,25938.64,25934.46,0.00
2025-12-09,20:18:00,25932.25,25932.75,25924.5,25928.75,649,25935.99,25933.96,0.00
2025-12-09,20:19:00,25928.5,25930.25,25926.75,25928.75,391,25934.97,25933.69,0.00
2025-12-09,20:20:00,25928,25928,25924,25924.25,211,25934.31,25933.47,0.00
2025-12-09,20:21:00,25924.25,25926.5,25922,25925,370,25933.25,25933.08,0.00
2025-12-09,20:22:00,25924,25926.5,25923,25926.5,208,25932.79,25932.90,0.00
2025-12-09,20:23:00,25926.75,25930,25925,25927.75,261,25932.44,25932.74,0.00
2025-12-09,20:24:00,25927,25927.5,25924,25924.25,163,25932.15,25932.61,0.00
2025-12-09,20:25:00,25924.25,25924.25,25914.75,25919,1170,25929.28,25919.33,0.00
2025-12-09,20:26:00,25918.75,25924.25,25918.75,25924.25,300,25928.91,25919.96,0.00
2025-12-09,20:27:00,25924.25,25927.5,25924.25,25926.5,244,25928.79,25920.83,0.00
2025-12-09,20:28:00,25926.25,25926.75,25922.5,25924.25,174,25928.66,25921.17,0.00
2025-12-09,20:29:00,25923.75,25926,25923.75,25924.5,81,25928.61,25921.32,0.00
2025-12-09,20:30:00,25923.5,25925.5,25923,25925.5,95,25928.55,25921.47,0.00
2025-12-09,20:31:00,25925.25,25926.5,25923.75,25924.75,171,25928.45,25921.74,0.00
2025-12-09,20:32:00,25924.5,25930.75,25924,25926.25,428,25928.36,25922.59,0.00
2025-12-09,20:33:00,25926.5,25928.25,25926.5,25927.5,72,25928.35,25922.71,0.00
2025-12-09,20:34:00,25927.5,25928.25,25926.25,25926.25,119,25928.32,25922.89,0.00
2025-12-09,20:35:00,25926,25926.75,25924.25,25926.5,93,25928.29,25922.98,0.00
2025-12-09,20:36:00,25926.25,25929.25,25926.25,25929,337,25928.29,25923.51,0.00
2025-12-09,20:37:00,25928.5,25928.5,25926,25928.25,42,25928.28,25923.57,0.00
2025-12-09,20:38:00,25927.75,25928,25926,25927.25,77,25928.27,25923.65,0.00
2025-12-09,20:39:00,25926.25,25928,25926,25927.75,57,25928.26,25923.71,0.00
2025-12-09,20:40:00,25927.75,25928,25923.25,25923.75,203,25928.18,25923.78,0.00
2025-12-09,20:41:00,25924,25924.25,25921,25922.25,392,25927.90,25923.65,0.00
2025-12-09,20:42:00,25922.25,25925.25,25920,25923.25,204,25927.78,25923.61,0.00
2025-12-09,20:43:00,25922.75,25922.75,25920.5,25921.75,71,25927.73,25923.58,0.00
2025-12-09,20:44:00,25922.25,25924,25921.5,25923.25,87,25927.68,25923.57,0.00
2025-12-09,20:45:00,25922.25,25923.5,25921.25,25923.25,72,25927.63,25923.55,0.00
2025-12-09,20:46:00,25922.5,25923.5,25918.5,25920.25,254,25927.43,25923.40,0.00
2025-12-09,20:47:00,25920,25920,25910.5,25911,1190,25925.81,25913.83,0.00
2025-12-09,20:48:00,25911.25,25914.75,25911,25914,278,25925.47,25913.72,0.00
2025-12-09,20:49:00,25914,25916.5,25913.25,25913.75,232,25925.23,25913.83,0.00
2025-12-09,20:50:00,25913.75,25914.25,25912,25913.25,154,25925.06,25913.77,0.00
2025-12-09,20:51:00,25913,25913.75,25908.75,25910.5,494,25924.43,25911.00,0.00
2025-12-09,20:52:00,25911.25,25915.5,25911,25914,294,25924.15,25911.93,0.00
2025-12-09,20:53:00,25914,25915.25,25912.75,25914.5,107,25924.06,25912.20,0.00
2025-12-09,20:54:00,25914.5,25914.5,25909.5,25910.5,281,25923.76,25912.03,0.00
2025-12-09,20:55:00,25910.5,25911.75,25909.25,25909.5,141,25923.60,25911.83,0.00
2025-12-09,20:56:00,25910,25910,25906,25908.5,649,25922.81,25908.17,0.00
2025-12-09,20:57:00,25908.5,25911,25907.75,25909.5,249,25922.55,25908.51,0.00
2025-12-09,20:58:00,25909.25,25911,25908.5,25910.5,107,25922.44,25908.67,0.00
2025-12-09,20:59:00,25910.5,25912,25909.75,25910.5,168,25922.29,25908.97,0.00
2025-12-09,21:00:00,25910.25,25910.5,25903.5,25904.25,349,25921.87,25906.08,0.00
2025-12-09,21:01:00,25903.75,25912.25,25903.5,25909,434,25921.45,25907.28,0.00
2025-12-09,21:02:00,25909,25911,25906,25910.5,323,25921.17,25907.83,0.00
2025-12-09,21:03:00,25910.75,25915.75,25909,25915.75,491,25920.92,25909.58,0.00
2025-12-09,21:04:00,25915.5,25917.25,25913.5,25915.75,410,25920.77,25910.79,0.00
2025-12-09,21:05:00,25916,25916,25912.75,25915,197,25920.69,25911.13,0.00
2025-12-09,21:06:00,25914.75,25916.5,25913,25914.75,259,25920.59,25911.51,0.00
2025-12-09,21:07:00,25914.75,25915.5,25912.75,25912.75,156,25920.52,25911.64,0.00
2025-12-09,21:08:00,25912.5,25912.75,25905.5,25906.25,629,25920.05,25910.96,0.00
2025-12-09,21:09:00,25906.5,25906.75,25895.5,25900.5,1358,25918.58,25900.92,0.00
2025-12-09,21:10:00,25899.75,25901.5,25894,25895,502,25917.99,25896.83,0.00
2025-12-09,21:11:00,25895,25898,25893.25,25896.25,572,25917.31,25895.83,0.00
2025-12-09,21:12:00,25896.5,25903.25,25896.5,25900.75,489,25916.88,25897.83,0.00
2025-12-09,21:13:00,25901,25904,25898.5,25902,378,25916.58,25898.79,0.00
2025-12-09,21:14:00,25901.75,25902,25896.5,25898.75,281,25916.34,25898.84,0.00
2025-12-09,21:15:00,25899.5,25903.25,25899.5,25903.25,229,25916.17,25899.21,0.00
2025-12-09,21:16:00,25903.5,25905,25900.5,25900.75,258,25916.00,25899.55,0.00
2025-12-09,21:17:00,25900.5,25902.5,25898.5,25902.5,264,25915.81,25899.72,0.00
2025-12-09,21:18:00,25902.75,25906,25901.5,25905.25,394,25915.59,25900.34,0.00
2025-12-09,21:19:00,25905.25,25907.75,25901.25,25903.75,355,25915.40,25900.77,0.00
2025-12-09,21:20:00,25903.75,25905.5,25900,25900.25,235,25915.26,25900.85,0.00
2025-12-09,21:21:00,25900.25,25903.5,25898.75,25902.5,253,25915.10,25900.90,0.00
2025-12-09,21:22:00,25902.5,25904.25,25901,25902,202,25914.98,25900.98,0.00
2025-12-09,21:23:00,25902,25904.75,25899.75,25900,229,25914.85,25901.01,0.00
2025-12-09,21:24:00,25899.5,25904,25899.5,25899.5,151,25914.75,25901.01,0.00
2025-12-09,21:25:00,25899.25,25901.25,25899,25899.75,140,25914.66,25900.98,0.00
2025-12-09,21:26:00,25899.25,25901.75,25896.75,25901.75,388,25914.42,25900.91,0.00
2025-12-09,21:27:00,25901.5,25903.5,25900.5,25901.75,224,25914.30,25900.95,0.00
2025-12-09,21:28:00,25901.75,25905.25,25900.75,25904.5,214,25914.20,25901.05,0.00
2025-12-09,21:29:00,25905,25906.75,25902.25,25905.75,182,25914.13,25901.18,0.00
2025-12-09,21:30:00,25905,25908.25,25903.75,25906.75,248,25914.05,25901.40,0.00
2025-12-09,21:31:00,25907,25910,25903.25,25904.75,461,25913.89,25901.75,0.00
2025-12-09,21:32:00,25904.5,25904.5,25901,25902.25,238,25913.78,25901.78,0.00
2025-12-09,21:33:00,25902.25,25903,25899.25,25901.75,205,25913.68,25901.77,0.00
2025-12-09,21:34:00,25902,25902.5,25898.25,25900.75,119,25913.62,25901.74,0.00
2025-12-09,21:35:00,25900,25901.25,25898,25900.75,154,25913.54,25901.70,0.00
2025-12-09,21:36:00,25899.5,25905.25,25899.5,25904.75,190,25913.46,25901.74,0.00
2025-12-09,21:37:00,25904.75,25910.25,25904.75,25907.25,461,25913.35,25902.09,0.00
2025-12-09,21:38:00,25907.5,25907.5,25905,25905.75,195,25913.29,25902.19,0.00
2025-12-09,21:39:00,25905.75,25906.25,25903.25,25904.5,115,25913.26,25902.23,0.00
2025-12-09,21:40:00,25904.75,25908.75,25904,25907.75,163,25913.22,25902.32,0.00
2025-12-09,21:41:00,25907.25,25908.5,25905.5,25908.5,108,25913.19,25902.39,0.00
2025-12-09,21:42:00,25908,25909,25906.25,25906.75,69,25913.18,25902.43,0.00
2025-12-09,21:43:00,25905.75,25907,25904,25905.5,208,25913.12,25902.51,0.00
2025-12-09,21:44:00,25905.25,25907.75,25903.75,25907.5,202,25913.07,25902.60,0.00
2025-12-09,21:45:00,25906.5,25911,25905.75,25909.25,238,25913.03,25902.76,0.00
2025-12-09,21:46:00,25909.25,25912.25,25908.5,25910.5,248,25913.00,25902.97,0.00
2025-12-09,21:47:00,25910.75,25911.25,25908.25,25909.75,167,25912.98,25903.10,0.00
2025-12-09,21:48:00,25909.25,25913.75,25908.25,25911,401,25912.96,25903.43,0.00
2025-12-09,21:49:00,25911.25,25911.25,25907,25909,161,25912.93,25903.52,0.00
2025-12-09,21:50:00,25909,25910.75,25908.25,25909,67,25912.93,25903.56,0.00
2025-12-09,21:51:00,25908,25909.5,25907.25,25908.25,104,25912.91,25903.61,0.00
2025-12-09,21:52:00,25908.25,25908.75,25905.5,25907.75,167,25912.88,25903.67,0.00
2025-12-09,21:53:00,25908.25,25908.75,25906.5,25907.75,96,25912.86,25903.71,0.00
2025-12-09,21:54:00,25908,25910,25906.75,25908.5,104,25912.84,25903.75,0.00
2025-12-09,21:55:00,25909,25909,25907,25907.5,86,25912.83,25903.79,0.00
2025-12-09,21:56:00,25907.75,25907.75,25905,25906.25,150,25912.79,25903.82,0.00
2025-12-09,21:57:00,25906,25910,25906,25908.25,98,25912.78,25903.86,0.00
2025-12-09,21:58:00,25908.5,25909.75,25907.5,25909.75,67,25912.77,25903.90,0.00
2025-12-09,21:59:00,25909.25,25911,25908.75,25909.5,119,25912.76,25903.96,0.00
2025-12-09,22:00:00,25909.75,25910.75,25908.75,25909,77,25912.75,25904.00,0.00
2025-12-09,22:01:00,25909.5,25916,25908.5,25912.25,528,25912.74,25904.38,0.00
2025-12-09,22:02:00,25912.5,25913.5,25910.25,25911.5,137,25912.73,25904.47,0.00
2025-12-09,22:03:00,25911.5,25913.5,25910.5,25912.75,166,25912.73,25904.58,0.00
2025-12-09,22:04:00,25912.25,25912.5,25909.75,25910.5,105,25912.72,25904.63,0.00
2025-12-09,22:05:00,25910.5,25911,25907.5,25908.75,123,25912.71,25904.68,0.00
2025-12-09,22:06:00,25909,25912,25909,25910.75,175,25912.70,25904.76,0.00
2025-12-09,22:07:00,25910.75,25912.25,25910.25,25911.5,51,25912.70,25904.79,0.00
2025-12-09,22:08:00,25911.75,25916,25911.5,25912.5,389,25912.70,25905.05,0.00
2025-12-09,22:09:00,25912.5,25913.25,25910.5,25911.5,74,25912.70,25905.09,0.00
2025-12-09,22:10:00,25912.25,25913.5,25911,25913.5,123,25912.70,25905.17,0.00
2025-12-09,22:11:00,25913.25,25915.25,25912.5,25913,148,25912.71,25905.26,0.00
2025-12-09,22:12:00,25913.25,25916.25,25913,25914,212,25912.72,25905.41,0.00
2025-12-09,22:13:00,25913.75,25915,25912.75,25913.25,99,25912.72,25905.47,0.00
2025-12-09,22:14:00,25913.75,25914.75,25912.5,25914.75,123,25912.72,25905.55,0.00
2025-12-09,22:15:00,25914.75,25915,25913.75,25914,69,25912.73,25905.59,0.00
2025-12-09,22:16:00,25914.25,25914.75,25912.75,25914.5,98,25912.73,25905.66,0.00
2025-12-09,22:17:00,25914,25914.75,25911,25911.75,147,25912.73,25905.73,0.00
2025-12-09,22:18:00,25911.75,25913.5,25911.25,25913.5,85,25912.73,25905.77,0.00
2025-12-09,22:19:00,25913.5,25919.75,25913.5,25919,575,25912.81,25906.24,0.00
2025-12-09,22:20:00,25919.5,25922.5,25917.75,25922.25,374,25912.90,25906.61,0.00
2025-12-09,22:21:00,25922,25926.5,25921.75,25924.75,445,25913.06,25907.13,0.00
2025-12-09,22:22:00,25925,25926.5,25923.75,25925,295,25913.16,25907.47,0.00
2025-12-09,22:23:00,25925,25925.75,25923.25,25924,168,25913.22,25907.65,0.00
2025-12-09,22:24:00,25924,25925.25,25923.25,25924,145,25913.26,25907.80,0.00
2025-12-09,22:25:00,25923.5,25925.25,25922.5,25923,114,25913.30,25907.92,0.00
2025-12-09,22:26:00,25922.75,25924.5,25922.75,25923.5,130,25913.34,25908.05,0.00
2025-12-09,22:27:00,25923.5,25924,25920,25921.75,199,25913.39,25908.22,0.00
2025-12-09,22:28:00,25922,25924,25921,25923.5,152,25913.43,25908.35,0.00
2025-12-09,22:29:00,25923.5,25926.75,25923.5,25924.75,284,25913.52,25908.63,0.00
2025-12-09,22:30:00,25924.5,25925,25921.5,25921.75,127,25913.56,25908.74,0.00
2025-12-09,22:31:00,25921.5,25925,25921,25924.5,210,25913.62,25908.92,0.00
2025-12-09,22:32:00,25924.75,25926.5,25924,25926.25,179,25913.68,25909.10,0.00
2025-12-09,22:33:00,25926,25926.5,25922,25923.25,163,25913.72,25909.24,0.00
2025-12-09,22:34:00,25923.25,25926,25922.25,25925,124,25913.76,25909.34,0.00
2025-12-09,22:35:00,25924.25,25926.5,25924.25,25926.25,106,25913.80,25909.44,0.00
2025-12-09,22:36:00,25926.25,25932.25,25926,25929.75,468,25914.00,25909.96,0.00
2025-12-09,22:37:00,25929.5,25930.25,25927.75,25928,145,25914.05,25910.11,0.00
2025-12-09,22:38:00,25928.5,25929,25926.25,25927,98,25914.09,25910.20,0.00
2025-12-09,22:39:00,25927,25927,25924.75,25926,123,25914.13,25910.31,0.00
2025-12-09,22:40:00,25926,25928,25925.75,25926.75,84,25914.16,25910.38,0.00
2025-12-09,22:41:00,25927.25,25928.75,25923.25,25926,253,25914.24,25910.59,0.00
2025-12-09,22:42:00,25925.75,25928,25925.5,25927,108,25914.28,25910.69,0.00
2025-12-09,22:43:00,25928.25,25929,25925.75,25926,150,25914.33,25910.81,0.00
2025-12-09,22:44:00,25927,25928,25926,25926.5,116,25914.37,25910.91,0.00
2025-12-09,22:45:00,25926.5,25926.5,25924,25924.5,162,25914.41,25911.03,0.00
2025-12-09,22:46:00,25924.5,25926,25922.25,25924,220,25914.47,25911.18,0.00
2025-12-09,22:47:00,25924.25,25926.5,25923.25,25925.75,124,25914.50,25911.27,0.00
2025-12-09,22:48:00,25925.75,25928.5,25925.25,25927.25,114,25914.54,25911.36,0.00
2025-12-09,22:49:00,25927.25,25927.75,25925.75,25926.5,100,25914.57,25911.43,0.00
2025-12-09,22:50:00,25927.25,25927.5,25925.5,25925.5,133,25914.61,25911.53,0.00
2025-12-09,22:51:00,25925.5,25927.25,25925,25926,94,25914.64,25911.60,0.00
2025-12-09,22:52:00,25925.75,25931.75,25925.75,25929.75,271,25914.74,25911.83,0.00
2025-12-09,22:53:00,25930.25,25930.75,25928,25929.25,177,25914.81,25911.98,0.00
2025-12-09,22:54:00,25929.25,25929.5,25927.5,25928.5,88,25914.84,25912.05,0.00
2025-12-09,22:55:00,25929,25929.25,25925.75,25926.5,118,25914.88,25912.14,0.00
2025-12-09,22:56:00,25926,25926.5,25924.75,25924.75,206,25914.93,25912.27,0.00
2025-12-09,22:57:00,25925.25,25928.25,25923.5,25928,167,25914.98,25912.38,0.00
2025-12-09,22:58:00,25928.25,25928.5,25925.5,25926.75,115,25915.02,25912.46,0.00
2025-12-09,22:59:00,25926.75,25927.5,25925.75,25926.75,54,25915.03,25912.50,0.00
2025-12-09,23:00:00,25927,25927.5,25926.5,25926.75,83,25915.06,25912.55,0.00
2025-12-09,23:01:00,25926.75,25934.5,25926.75,25932.5,517,25915.27,25913.00,0.00
2025-12-09,23:02:00,25932.5,25935.25,25930.75,25931.5,262,25915.38,25913.23,0.00
2025-12-09,23:03:00,25931.5,25933.75,25929.5,25932.75,234,25915.47,25913.42,0.00
2025-12-09,23:04:00,25932,25935.5,25931.5,25933,254,25915.59,25913.65,0.00
2025-12-09,23:05:00,25933,25933.75,25930.5,25933.75,117,25915.63,25913.75,0.00
2025-12-09,23:06:00,25934.5,25935.25,25933.25,25934.75,186,25915.72,25913.91,0.00
2025-12-09,23:07:00,25934,25934,25929.75,25932.75,163,25915.78,25914.04,0.00
2025-12-09,23:08:00,25933,25934.25,25932.5,25933.25,81,25915.82,25914.11,0.00
2025-12-09,23:09:00,25933.5,25935.75,25933,25935,146,25915.88,25914.24,0.00
2025-12-09,23:10:00,25935.5,25938.25,25935.25,25936.75,296,25916.03,25914.52,0.00
2025-12-09,23:11:00,25937,25938,25933,25935.75,394,25916.21,25914.87,0.00
2025-12-09,23:12:00,25936,25936.5,25933.25,25933.25,168,25916.29,25915.00,0.00
2025-12-09,23:13:00,25933.25,25935,25931.5,25931.5,132,25916.34,25915.10,0.00
2025-12-09,23:14:00,25931.75,25933.5,25931.25,25932.75,131,25916.39,25915.19,0.00
2025-12-09,23:15:00,25932.75,25932.75,25929.75,25930.75,102,25916.42,25915.26,0.00
2025-12-09,23:16:00,25930,25931,25924.5,25927.25,436,25916.53,25915.47,0.00
2025-12-09,23:17:00,25927.25,25927.75,25925.5,25926.25,158,25916.57,25915.54,0.00
2025-12-09,23:18:00,25926.5,25927.75,25924.5,25925.75,106,25916.59,25915.59,0.00
2025-12-09,23:19:00,25925.25,25925.25,25921.5,25922.5,335,25916.64,25915.69,0.00
2025-12-09,23:20:00,25922.25,25923.75,25920.5,25920.5,218,25916.67,25915.73,0.00
2025-12-09,23:21:00,25920.25,25924.75,25919.5,25923.25,353,25916.71,25915.83,0.00
2025-12-09,23:22:00,25923.25,25925.75,25923.25,25925,174,25916.75,25915.88,0.00
2025-12-09,23:23:00,25924.25,25925.75,25921.75,25922.25,200,25916.77,25915.94,0.00
2025-12-09,23:24:00,25922,25924.25,25922,25923,135,25916.79,25915.98,0.00
2025-12-09,23:25:00,25924,25924.75,25922.75,25922.75,104,25916.81,25916.01,0.00
2025-12-09,23:26:00,25922.75,25923.75,25920.25,25920.5,198,25916.83,25916.05,0.00
2025-12-09,23:27:00,25920.5,25921.75,25918.5,25920.75,305,25916.85,25916.09,0.00
2025-12-09,23:28:00,25920.5,25921.75,25919.5,25919.5,103,25916.86,25916.11,0.00
2025-12-09,23:29:00,25920.5,25921.75,25919.25,25921.25,159,25916.87,25916.14,0.00
2025-12-09,23:30:00,25921,25922.5,25920.5,25921,83,25916.88,25916.15,0.00
2025-12-09,23:31:00,25920.75,25921.5,25918.75,25919.25,252,25916.90,25916.19,0.00
2025-12-09,23:32:00,25919.25,25923.25,25919.25,25922.5,185,25916.92,25916.22,0.00
2025-12-09,23:33:00,25922.75,25923.25,25919.5,25920,100,25916.93,25916.24,0.00
2025-12-09,23:34:00,25920,25920.5,25916.5,25918.25,249,25916.93,25916.26,0.00
2025-12-09,23:35:00,25918.75,25920.5,25918,25920.25,138,25916.94,25916.27,0.00
2025-12-09,23:36:00,25920,25922,25919.5,25922,89,25916.95,25916.29,0.00
2025-12-09,23:37:00,25922,25928.25,25921.25,25924.5,515,25917.03,25916.44,0.00
2025-12-09,23:38:00,25925.25,25926,25924.5,25925.5,124,25917.06,25916.47,0.00
2025-12-09,23:39:00,25925,25925.75,25923.75,25924.5,94,25917.07,25916.50,0.00
2025-12-09,23:40:00,25924.5,25925.75,25923.75,25925.75,108,25917.09,25916.53,0.00
2025-12-09,23:41:00,25924.75,25925.75,25922.75,25925.25,152,25917.11,25916.57,0.00
2025-12-09,23:42:00,25926,25926.5,25923.75,25925.25,149,25917.14,25916.62,0.00
2025-12-09,23:43:00,25925.5,25926.5,25924.25,25925.25,132,25917.16,25916.66,0.00
2025-12-09,23:44:00,25925.25,25926.25,25924.25,25924.5,54,25917.17,25916.67,0.00
2025-12-09,23:45:00,25924.25,25925.5,25921.5,25922,145,25917.19,25916.70,0.00
2025-12-09,23:46:00,25922.25,25923.75,25919.25,25920.75,225,25917.20,25916.73,0.00
2025-12-09,23:47:00,25920.5,25921.25,25919,25921,180,25917.22,25916.76,0.00
2025-12-09,23:48:00,25921.25,25925.25,25921.25,25924,233,25917.25,25916.81,0.00
2025-12-09,23:49:00,25924,25924.5,25921.75,25922.75,80,25917.26,25916.82,0.00
2025-12-09,23:50:00,25922.75,25924.25,25921.25,25921.25,73,25917.26,25916.84,0.00
2025-12-09,23:51:00,25921.5,25921.5,25919.5,25920.5,116,25917.27,25916.85,0.00
2025-12-09,23:52:00,25920.25,25921.75,25918.75,25919.25,161,25917.28,25916.87,0.00
2025-12-09,23:53:00,25919.25,25920.5,25917.5,25919,158,25917.28,25916.88,0.00
2025-12-09,23:54:00,25919.5,25920.5,25918.75,25919.75,75,25917.29,25916.88,0.00
2025-12-09,23:55:00,25919.75,25921.75,25919.5,25920,85,25917.29,25916.89,0.00
2025-12-09,23:56:00,25919.75,25923,25919.75,25922.75,118,25917.30,25916.91,0.00
2025-12-09,23:57:00,25923,25926.25,25921.75,25926.25,177,25917.33,25916.96,0.00
2025-12-09,23:58:00,25926.5,25927.5,25925.25,25927,542,25917.43,25917.12,0.00
2025-12-09,23:59:00,25927,25927.75,25925.25,25927,119,25917.45,25917.15,0.00
2025-12-09,19:20:00,25926.25,25929.75,25923.5,25928.25,282,0.00,0.00,0.00
2025-12-09,19:21:00,25927.5,25929.25,25925.75,25926.5,167,25927.17,25927.17,0.00
2025-12-09,19:22:00,25926.5,25928.5,25925.25,25925.5,166,25926.79,25926.42,0.00
2025-12-09,19:23:00,25925.5,25926.5,25923.5,25926.5,270,25926.21,25925.50,0.00
2025-12-09,19:24:00,25926,25926.75,25924.5,25926,154,25926.12,25925.59,0.00
2025-12-09,19:25:00,25926,25928,25925.25,25926.5,173,25926.21,25925.88,0.00
2025-12-09,19:26:00,25926.75,25930,25926,25929,263,25928.33,25926.63,0.00
2025-12-09,19:27:00,25929.5,25931,25927.75,25929.25,270,25929.33,25927.28,0.00
2025-12-09,19:28:00,25928.75,25931,25928,25931,126,25929.55,25927.55,0.00
2025-12-09,19:29:00,25930.25,25931.25,25928.75,25929.75,144,25929.92,25927.79,0.00
2025-12-09,19:30:00,25929.5,25931.25,25929.5,25929.75,106,25930.02,25927.96,0.00
2025-12-09,19:31:00,25929.25,25930,25927.25,25929.25,146,25929.58,25928.04,0.00
2025-12-09,19:32:00,25930,25930.5,25927.5,25929.25,105,25929.48,25928.10,0.00
2025-12-09,19:33:00,25929.25,25929.25,25927.75,25927.75,50,25929.37,25928.10,0.00
2025-12-09,19:34:00,25928.75,25930,25927.5,25928.75,84,25929.29,25928.13,0.00
2025-12-09,19:35:00,25929,25929.75,25927,25927.75,110,25929.12,25928.13,0.00
2025-12-09,19:36:00,25927.75,25928,25925.75,25926,147,25928.70,25928.03,0.00
2025-12-09,19:37:00,25926,25930.25,25926,25929.5,185,25928.68,25928.07,0.00
2025-12-09,19:38:00,25930,25931,25928.75,25931,96,25928.81,25928.16,0.00
2025-12-09,19:39:00,25930.5,25931.25,25929,25929,68,25928.86,25928.20,0.00
2025-12-09,19:40:00,25929.5,25930.5,25928.5,25930,77,25928.91,25928.25,0.00
2025-12-09,19:41:00,25930.75,25932.25,25930,25932.25,129,25931.50,25928.40,0.00
2025-12-09,19:42:00,25931.75,25934,25931.25,25932,255,25932.42,25928.75,0.00
2025-12-09,19:43:00,25931.75,25932.75,25928.75,25930,142,25931.73,25928.83,0.00
2025-12-09,19:44:00,25929.5,25930.5,25929,25929.25,75,25931.39,25928.84,0.00
2025-12-09,19:45:00,25929.75,25932.5,25928.25,25932.5,115,25931.33,25928.92,0.00
2025-12-09,19:46:00,25932,25933.5,25929.75,25930.75,185,25931.33,25929.05,0.00
2025-12-09,19:47:00,25931,25931.5,25929.25,25931,94,25931.25,25929.09,0.00
2025-12-09,19:48:00,25931,25932.25,25930.25,25931.5,58,25931.25,25929.13,0.00
2025-12-09,19:49:00,25931.5,25932.5,25930.5,25931.25,87,25931.27,25929.18,0.00
2025-12-09,19:50:00,25931.75,25933,25930.5,25932.5,69,25931.32,25929.23,0.00
2025-12-09,19:51:00,25932.75,25934.5,25929,25929.75,214,25931.08,25929.33,0.00
2025-12-09,19:52:00,25930.5,25931,25927.25,25928,135,25930.18,25929.31,0.00
2025-12-09,19:53:00,25928,25928.25,25925.25,25926.25,181,25928.95,25929.20,0.00
2025-12-09,19:54:00,25926.5,25926.75,25920.25,25922.75,457,25926.31,25923.25,0.00
2025-12-09,19:55:00,25923.75,25927,25923.25,25926.75,189,25926.21,25923.96,0.00
2025-12-09,19:56:00,25927,25927.25,25924.5,25925,93,25926.16,25924.16,0.00
2025-12-09,19:57:00,25924.75,25926.25,25923.5,25926.25,158,25926.07,25924.37,0.00
2025-12-09,19:58:00,25926.25,25926.75,25924.25,25925,51,25926.05,25924.42,0.00
2025-12-09,19:59:00,25924.5,25926.5,25923.75,25926.25,77,25926.02,25924.50,0.00
2025-12-09,20:00:00,25926,25926.5,25925.25,25925.25,74,25926.00,25924.58,0.00
2025-12-09,20:01:00,25925.25,25926,25921.75,25922.25,377,25925.50,25924.26,0.00
2025-12-09,20:02:00,25922.5,25925.75,25922.25,25924.5,178,25925.39,25924.25,0.00
2025-12-09,20:03:00,25924.5,25927.75,25924.25,25925.5,147,25925.42,25924.38,0.00
2025-12-09,20:04:00,25926.25,25928.25,25925.25,25926,144,25925.48,25924.54,0.00
2025-12-09,20:05:00,25926.5,25927.75,25926.25,25927.25,79,25925.53,25924.64,0.00
2025-12-09,20:06:00,25928,25928.75,25927,25928.5,155,25925.68,25924.88,0.00
2025-12-09,20:07:00,25929,25935.75,25928.25,25934.75,561,25932.92,25926.53,0.00
2025-12-09,20:08:00,25935,25941.25,25934,25939.25,584,25938.17,25928.57,0.00
2025-12-09,20:09:00,25939.25,25941.5,25937.5,25938.75,330,25939.25,25929.54,0.00
2025-12-09,20:10:00,25938.5,25941.25,25938.25,25940,250,25939.50,25930.20,0.00
2025-12-09,20:11:00,25940,25941,25939.25,25940.25,214,25939.68,25930.71,0.00
2025-12-09,20:12:00,25940.5,25942,25939.25,25940.5,191,25940.58,25931.15,0.00
2025-12-09,20:13:00,25940.5,25946.5,25938.75,25945.75,732,25943.67,25932.97,0.00
2025-12-09,20:14:00,25945.75,25947,25941.75,25942,447,25943.58,25933.83,0.00
2025-12-09,20:15:00,25941.5,25943.25,25937.75,25938.75,472,25941.70,25934.31,0.00
2025-12-09,20:16:00,25938.25,25939.5,25933.25,25936.25,591,25939.60,25934.50,0.00
2025-12-09,20:17:00,25936.5,25936.5,25931.5,25932.75,287,25938.64,25934.46,0.00
2025-12-09,20:18:00,25932.25,25932.75,25924.5,25928.75,649,25935.99,25933.96,0.00
2025-12-09,20:19:00,25928.5,25930.25,25926.75,25928.75,391,25934.97,25933.69,0.00
2025-12-09,20:20:00,25928,25928,25924,25924.25,211,25934.31,25933.47,0.00
2025-12-09,20:21:00,25924.25,25926.5,25922,25925,370,25933.25,25933.08,0.00
2025-12-09,20:22:00,25924,25926.5,25923,25926.5,208,25932.79,25932.90,0.00
2025-12-09,20:23:00,25926.75,25930,25925,25927.75,261,25932.44,25932.74,0.00
2025-12-09,20:24:00,25927,25927.5,25924,25924.25,163,25932.15,25932.61,0.00
2025-12-09,20:25:00,25924.25,25924.25,25914.75,25919,1170,25929.28,25919.33,0.00
2025-12-09,20:26:00,25918.75,25924.25,25918.75,25924.25,300,25928.91,25919.96,0.00
2025-12-09,20:27:00,25924.25,25927.5,25924.25,25926.5,244,25928.79,25920.83,0.00
2025-12-09,20:28:00,25926.25,25926.75,25922.5,25924.25,174,25928.66,25921.17,0.00
2025-12-09,20:29:00,25923.75,25926,25923.75,25924.5,81,25928.61,25921.32,0.00
2025-12-09,20:30:00,25923.5,25925.5,25923,25925.5,95,25928.55,25921.47,0.00
2025-12-09,20:31:00,25925.25,25926.5,25923.75,25924.75,171,25928.45,25921.74,0.00
2025-12-09,20:32:00,25924.5,25930.75,25924,25926.25,428,25928.36,25922.59,0.00
2025-12-09,20:33:00,25926.5,25928.25,25926.5,25927.5,72,25928.35,25922.71,0.00
2025-12-09,20:34:00,25927.5,25928.25,25926.25,25926.25,119,25928.32,25922.89,0.00
2025-12-09,20:35:00,25926,25926.75,25924.25,25926.5,93,25928.29,25922.98,0.00
2025-12-09,20:36:00,25926.25,25929.25,25926.25,25929,337,25928.29,25923.51,0.00
2025-12-09,20:37:00,25928.5,25928.5,25926,25928.25,42,25928.28,25923.57,0.00
2025-12-09,20:38:00,25927.75,25928,25926,25927.25,77,25928.27,25923.65,0.00
2025-12-09,20:39:00,25926.25,25928,25926,25927.75,57,25928.26,25923.71,0.00
2025-12-09,20:40:00,25927.75,25928,25923.25,25923.75,203,25928.18,25923.78,0.00
2025-12-09,20:41:00,25924,25924.25,25921,25922.25,392,25927.90,25923.65,0.00
2025-12-09,20:42:00,25922.25,25925.25,25920,25923.25,204,25927.78,25923.61,0.00
2025-12-09,20:43:00,25922.75,25922.75,25920.5,25921.75,71,25927.73,25923.58,0.00
2025-12-09,20:44:00,25922.25,25924,25921.5,25923.25,87,25927.68,25923.57,0.00
2025-12-09,20:45:00,25922.25,25923.5,25921.25,25923.25,72,25927.63,25923.55,0.00
2025-12-09,20:46:00,25922.5,25923.5,25918.5,25920.25,254,25927.43,25923.40,0.00
2025-12-09,20:47:00,25920,25920,25910.5,25911,1190,25925.81,25913.83,0.00
2025-12-09,20:48:00,25911.25,25914.75,25911,25914,278,25925.47,25913.72,0.00
2025-12-09,20:49:00,25914,25916.5,25913.25,25913.75,232,25925.23,25913.83,0.00
2025-12-09,20:50:00,25913.75,25914.25,25912,25913.25,154,25925.06,25913.77,0.00
2025-12-09,20:51:00,25913,25913.75,25908.75,25910.5,494,25924.43,25911.00,0.00
2025-12-09,20:52:00,25911.25,25915.5,25911,25914,294,25924.15,25911.93,0.00
2025-12-09,20:53:00,25914,25915.25,25912.75,25914.5,107,25924.06,25912.20,0.00
2025-12-09,20:54:00,25914.5,25914.5,25909.5,25910.5,281,25923.76,25912.03,0.00
2025-12-09,20:55:00,25910.5,25911.75,25909.25,25909.5,141,25923.60,25911.83,0.00
2025-12-09,20:56:00,25910,25910,25906,25908.5,649,25922.81,25908.17,0.00
2025-12-09,20:57:00,25908.5,25911,25907.75,25909.5,249,25922.55,25908.51,0.00
2025-12-09,20:58:00,25909.25,25911,25908.5,25910.5,107,25922.44,25908.67,0.00
2025-12-09,20:59:00,25910.5,25912,25909.75,25910.5,168,25922.29,25908.97,0.00
2025-12-09,21:00:00,25910.25,25910.5,25903.5,25904.25,349,25921.87,25906.08,0.00
2025-12-09,21:01:00,25903.75,25912.25,25903.5,25909,434,25921.45,25907.28,0.00
2025-12-09,21:02:00,25909,25911,25906,25910.5,323,25921.17,25907.83,0.00
2025-12-09,21:03:00,25910.75,25915.75,25909,25915.75,491,25920.92,25909.58,0.00
2025-12-09,21:04:00,25915.5,25917.25,25913.5,25915.75,410,25920.77,25910.79,0.00
2025-12-09,21:05:00,25916,25916,25912.75,25915,197,25920.69,25911.13,0.00
2025-12-09,21:06:00,25914.75,25916.5,25913,25914.75,259,25920.59,25911.51,0.00
2025-12-09,21:07:00,25914.75,25915.5,25912.75,25912.75,156,25920.52,25911.64,0.00
2025-12-09,21:08:00,25912.5,25912.75,25905.5,25906.25,629,25920.05,25910.96,0.00
2025-12-09,21:09:00,25906.5,25906.75,25895.5,25900.5,1358,25918.58,25900.92,0.00
2025-12-09,21:10:00,25899.75,25901.5,25894,25895,502,25917.99,25896.83,0.00
2025-12-09,21:11:00,25895,25898,25893.25,25896.25,572,25917.31,25895.83,0.00
2025-12-09,21:12:00,25896.5,25903.25,25896.5,25900.75,489,25916.88,25897.83,0.00
2025-12-09,21:13:00,25901,25904,25898.5,25902,378,25916.58,25898.79,0.00
2025-12-09,21:14:00,25901.75,25902,25896.5,25898.75,281,25916.34,25898.84,0.00
2025-12-09,21:15:00,25899.5,25903.25,25899.5,25903.25,229,25916.17,25899.21,0.00
2025-12-09,21:16:00,25903.5,25905,25900.5,25900.75,258,25916.00,25899.55,0.00
2025-12-09,21:17:00,25900.5,25902.5,25898.5,25902.5,264,25915.81,25899.72,0.00
2025-12-09,21:18:00,25902.75,25906,25901.5,25905.25,394,25915.59,25900.34,0.00
2025-12-09,21:19:00,25905.25,25907.75,25901.25,25903.75,355,25915.40,25900.77,0.00
2025-12-09,21:20:00,25903.75,25905.5,25900,25900.25,235,25915.26,25900.85,0.00
2025-12-09,21:21:00,25900.25,25903.5,25898.75,25902.5,253,25915.10,25900.90,0.00
2025-12-09,21:22:00,25902.5,25904.25,25901,25902,202,25914.98,25900.98,0.00
2025-12-09,21:23:00,25902,25904.75,25899.75,25900,229,25914.85,25901.01,0.00
2025-12-09,21:24:00,25899.5,25904,25899.5,25899.5,151,25914.75,25901.01,0.00
2025-12-09,21:25:00,25899.25,25901.25,25899,25899.75,140,25914.66,25900.98,0.00
2025-12-09,21:26:00,25899.25,25901.75,25896.75,25901.75,388,25914.42,25900.91,0.00
2025-12-09,21:27:00,25901.5,25903.5,25900.5,25901.75,224,25914.30,25900.95,0.00
2025-12-09,21:28:00,25901.75,25905.25,25900.75,25904.5,214,25914.20,25901.05,0.00
2025-12-09,21:29:00,25905,25906.75,25902.25,25905.75,182,25914.13,25901.18,0.00
2025-12-09,21:30:00,25905,25908.25,25903.75,25906.75,248,25914.05,25901.40,0.00
2025-12-09,21:31:00,25907,25910,25903.25,25904.75,461,25913.89,25901.75,0.00
2025-12-09,21:32:00,25904.5,25904.5,25901,25902.25,238,25913.78,25901.78,0.00
2025-12-09,21:33:00,25902.25,25903,25899.25,25901.75,205,25913.68,25901.77,0.00
2025-12-09,21:34:00,25902,25902.5,25898.25,25900.75,119,25913.62,25901.74,0.00
2025-12-09,21:35:00,25900,25901.25,25898,25900.75,154,25913.54,25901.70,0.00
2025-12-09,21:36:00,25899.5,25905.25,25899.5,25904.75,190,25913.46,25901.74,0.00
2025-12-09,21:37:00,25904.75,25910.25,25904.75,25907.25,461,25913.35,25902.09,0.00
2025-12-09,21:38:00,25907.5,25907.5,25905,25905.75,195,25913.29,25902.19,0.00
2025-12-09,21:39:00,25905.75,25906.25,25903.25,25904.5,115,25913.26,25902.23,0.00
2025-12-09,21:40:00,25904.75,25908.75,25904,25907.75,163,25913.22,25902.32,0.00
2025-12-09,21:41:00,25907.25,25908.5,25905.5,25908.5,108,25913.19,25902.39,0.00
2025-12-09,21:42:00,25908,25909,25906.25,25906.75,69,25913.18,25902.43,0.00
2025-12-09,21:43:00,25905.75,25907,25904,25905.5,208,25913.12,25902.51,0.00
2025-12-09,21:44:00,25905.25,25907.75,25903.75,25907.5,202,25913.07,25902.60,0.00
2025-12-09,21:45:00,25906.5,25911,25905.75,25909.25,238,25913.03,25902.76,0.00
2025-12-09,21:46:00,25909.25,25912.25,25908.5,25910.5,248,25913.00,25902.97,0.00
2025-12-09,21:47:00,25910.75,25911.25,25908.25,25909.75,167,25912.98,25903.10,0.00
2025-12-09,21:48:00,25909.25,25913.75,25908.25,25911,401,25912.96,25903.43,0.00
2025-12-09,21:49:00,25911.25,25911.25,25907,25909,161,25912.93,25903.52,0.00
2025-12-09,21:50:00,25909,25910.75,25908.25,25909,67,25912.93,25903.56,0.00
2025-12-09,21:51:00,25908,25909.5,25907.25,25908.25,104,25912.91,25903.61,0.00
2025-12-09,21:52:00,25908.25,25908.75,25905.5,25907.75,167,25912.88,25903.67,0.00
2025-12-09,21:53:00,25908.25,25908.75,25906.5,25907.75,96,25912.86,25903.71,0.00
2025-12-09,21:54:00,25908,25910,25906.75,25908.5,104,25912.84,25903.75,0.00
2025-12-09,21:55:00,25909,25909,25907,25907.5,86,25912.83,25903.79,0.00
2025-12-09,21:56:00,25907.75,25907.75,25905,25906.25,150,25912.79,25903.82,0.00
2025-12-09,21:57:00,25906,25910,25906,25908.25,98,25912.78,25903.86,0.00
2025-12-09,21:58:00,25908.5,25909.75,25907.5,25909.75,67,25912.77,25903.90,0.00
2025-12-09,21:59:00,25909.25,25911,25908.75,25909.5,119,25912.76,25903.96,0.00
2025-12-09,22:00:00,25909.75,25910.75,25908.75,25909,77,25912.75,25904.00,0.00
2025-12-09,22:01:00,25909.5,25916,25908.5,25912.25,528,25912.74,25904.38,0.00
2025-12-09,22:02:00,25912.5,25913.5,25910.25,25911.5,137,25912.73,25904.47,0.00
2025-12-09,22:03:00,25911.5,25913.5,25910.5,25912.75,166,25912.73,25904.58,0.00
2025-12-09,22:04:00,25912.25,25912.5,25909.75,25910.5,105,25912.72,25904.63,0.00
2025-12-09,22:05:00,25910.5,25911,25907.5,25908.75,123,25912.71,25904.68,0.00
2025-12-09,22:06:00,25909,25912,25909,25910.75,175,25912.70,25904.76,0.00
2025-12-09,22:07:00,25910.75,25912.25,25910.25,25911.5,51,25912.70,25904.79,0.00
2025-12-09,22:08:00,25911.75,25916,25911.5,25912.5,389,25912.70,25905.05,0.00
2025-12-09,22:09:00,25912.5,25913.25,25910.5,25911.5,74,25912.70,25905.09,0.00
2025-12-09,22:10:00,25912.25,25913.5,25911,25913.5,123,25912.70,25905.17,0.00
2025-12-09,22:11:00,25913.25,25915.25,25912.5,25913,148,25912.71,25905.26,0.00
2025-12-09,22:12:00,25913.25,25916.25,25913,25914,212,25912.72,25905.41,0.00
2025-12-09,22:13:00,25913.75,25915,25912.75,25913.25,99,25912.72,25905.47,0.00
2025-12-09,22:14:00,25913.75,25914.75,25912.5,25914.75,123,25912.72,25905.55,0.00
2025-12-09,22:15:00,25914.75,25915,25913.75,25914,69,25912.73,25905.59,0.00
2025-12-09,22:16:00,25914.25,25914.75,25912.75,25914.5,98,25912.73,25905.66,0.00
2025-12-09,22:17:00,25914,25914.75,25911,25911.75,147,25912.73,25905.73,0.00
2025-12-09,22:18:00,25911.75,25913.5,25911.25,25913.5,85,25912.73,25905.77,0.00
2025-12-09,22:19:00,25913.5,25919.75,25913.5,25919,575,25912.81,25906.24,0.00
2025-12-09,22:20:00,25919.5,25922.5,25917.75,25922.25,374,25912.90,25906.61,0.00
2025-12-09,22:21:00,25922,25926.5,25921.75,25924.75,445,25913.06,25907.13,0.00
2025-12-09,22:22:00,25925,25926.5,25923.75,25925,295,25913.16,25907.47,0.00
2025-12-09,22:23:00,25925,25925.75,25923.25,25924,168,25913.22,25907.65,0.00
2025-12-09,22:24:00,25924,25925.25,25923.25,25924,145,25913.26,25907.80,0.00
2025-12-09,22:25:00,25923.5,25925.25,25922.5,25923,114,25913.30,25907.92,0.00
2025-12-09,22:26:00,25922.75,25924.5,25922.75,25923.5,130,25913.34,25908.05,0.00
2025-12-09,22:27:00,25923.5,25924,25920,25921.75,199,25913.39,25908.22,0.00
2025-12-09,22:28:00,25922,25924,25921,25923.5,152,25913.43,25908.35,0.00
2025-12-09,22:29:00,25923.5,25926.75,25923.5,25924.75,284,25913.52,25908.63,0.00
2025-12-09,22:30:00,25924.5,25925,25921.5,25921.75,127,25913.56,25908.74,0.00
2025-12-09,22:31:00,25921.5,25925,25921,25924.5,210,25913.62,25908.92,0.00
2025-12-09,22:32:00,25924.75,25926.5,25924,25926.25,179,25913.68,25909.10,0.00
2025-12-09,22:33:00,25926,25926.5,25922,25923.25,163,25913.72,25909.24,0.00
2025-12-09,22:34:00,25923.25,25926,25922.25,25925,124,25913.76,25909.34,0.00
2025-12-09,22:35:00,25924.25,25926.5,25924.25,25926.25,106,25913.80,25909.44,0.00
2025-12-09,22:36:00,25926.25,25932.25,25926,25929.75,468,25914.00,25909.96,0.00
2025-12-09,22:37:00,25929.5,25930.25,25927.75,25928,145,25914.05,25910.11,0.00
2025-12-09,22:38:00,25928.5,25929,25926.25,25927,98,25914.09,25910.20,0.00
2025-12-09,22:39:00,25927,25927,25924.75,25926,123,25914.13,25910.31,0.00
2025-12-09,22:40:00,25926,25928,25925.75,25926.75,84,25914.16,25910.38,0.00
2025-12-09,22:41:00,25927.25,25928.75,25923.25,25926,253,25914.24,25910.59,0.00
2025-12-09,22:42:00,25925.75,25928,25925.5,25927,108,25914.28,25910.69,0.00
2025-12-09,22:43:00,25928.25,25929,25925.75,25926,150,25914.33,25910.81,0.00
2025-12-09,22:44:00,25927,25928,25926,25926.5,116,25914.37,25910.91,0.00
2025-12-09,22:45:00,25926.5,25926.5,25924,25924.5,162,25914.41,25911.03,0.00
2025-12-09,22:46:00,25924.5,25926,25922.25,25924,220,25914.47,25911.18,0.00
2025-12-09,22:47:00,25924.25,25926.5,25923.25,25925.75,124,25914.50,25911.27,0.00
2025-12-09,22:48:00,25925.75,25928.5,25925.25,25927.25,114,25914.54,25911.36,0.00
2025-12-09,22:49:00,25927.25,25927.75,25925.75,25926.5,100,25914.57,25911.43,0.00
2025-12-09,22:50:00,25927.25,25927.5,25925.5,25925.5,133,25914.61,25911.53,0.00
2025-12-09,22:51:00,25925.5,25927.25,25925,25926,94,25914.64,25911.60,0.00
2025-12-09,22:52:00,25925.75,25931.75,25925.75,25929.75,271,25914.74,25911.83,0.00
2025-12-09,22:53:00,25930.25,25930.75,25928,25929.25,177,25914.81,25911.98,0.00
2025-12-09,22:54:00,25929.25,25929.5,25927.5,25928.5,88,25914.84,25912.05,0.00
2025-12-09,22:55:00,25929,25929.25,25925.75,25926.5,118,25914.88,25912.14,0.00
2025-12-09,22:56:00,25926,25926.5,25924.75,25924.75,206,25914.93,25912.27,0.00
2025-12-09,22:57:00,25925.25,25928.25,25923.5,25928,167,25914.98,25912.38,0.00
2025-12-09,22:58:00,25928.25,25928.5,25925.5,25926.75,115,25915.02,25912.46,0.00
2025-12-09,22:59:00,25926.75,25927.5,25925.75,25926.75,54,25915.03,25912.50,0.00
2025-12-09,23:00:00,25927,25927.5,25926.5,25926.75,83,25915.06,25912.55,0.00
2025-12-09,23:01:00,25926.75,25934.5,25926.75,25932.5,517,25915.27,25913.00,0.00
2025-12-09,23:02:00,25932.5,25935.25,25930.75,25931.5,262,25915.38,25913.23,0.00
2025-12-09,23:03:00,25931.5,25933.75,25929.5,25932.75,234,25915.47,25913.42,0.00
2025-12-09,23:04:00,25932,25935.5,25931.5,25933,254,25915.59,25913.65,0.00
2025-12-09,23:05:00,25933,25933.75,25930.5,25933.75,117,25915.63,25913.75,0.00
2025-12-09,23:06:00,25934.5,25935.25,25933.25,25934.75,186,25915.72,25913.91,0.00
2025-12-09,23:07:00,25934,25934,25929.75,25932.75,163,25915.78,25914.04,0.00
2025-12-09,23:08:00,25933,25934.25,25932.5,25933.25,81,25915.82,25914.11,0.00
2025-12-09,23:09:00,25933.5,25935.75,25933,25935,146,25915.88,25914.24,0.00
2025-12-09,23:10:00,25935.5,25938.25,25935.25,25936.75,296,25916.03,25914.52,0.00
2025-12-09,23:11:00,25937,25938,25933,25935.75,394,25916.21,25914.87,0.00
2025-12-09,23:12:00,25936,25936.5,25933.25,25933.25,168,25916.29,25915.00,0.00
2025-12-09,23:13:00,25933.25,25935,25931.5,25931.5,132,25916.34,25915.10,0.00
2025-12-09,23:14:00,25931.75,25933.5,25931.25,25932.75,131,25916.39,25915.19,0.00
2025-12-09,23:15:00,25932.75,25932.75,25929.75,25930.75,102,25916.42,25915.26,0.00
2025-12-09,23:16:00,25930,25931,25924.5,25927.25,436,25916.53,25915.47,0.00
2025-12-09,23:17:00,25927.25,25927.75,25925.5,25926.25,158,25916.57,25915.54,0.00
2025-12-09,23:18:00,25926.5,25927.75,25924.5,25925.75,106,25916.59,25915.59,0.00
2025-12-09,23:19:00,25925.25,25925.25,25921.5,25922.5,335,25916.64,25915.69,0.00
2025-12-09,23:20:00,25922.25,25923.75,25920.5,25920.5,218,25916.67,25915.73,0.00
2025-12-09,23:21:00,25920.25,25924.75,25919.5,25923.25,353,25916.71,25915.83,0.00
2025-12-09,23:22:00,25923.25,25925.75,25923.25,25925,174,25916.75,25915.88,0.00
2025-12-09,23:23:00,25924.25,25925.75,25921.75,25922.25,200,25916.77,25915.94,0.00
2025-12-09,23:24:00,25922,25924.25,25922,25923,135,25916.79,25915.98,0.00
2025-12-09,23:25:00,25924,25924.75,25922.75,25922.75,104,25916.81,25916.01,0.00
2025-12-09,23:26:00,25922.75,25923.75,25920.25,25920.5,198,25916.83,25916.05,0.00
2025-12-09,23:27:00,25920.5,25921.75,25918.5,25920.75,305,25916.85,25916.09,0.00
2025-12-09,23:28:00,25920.5,25921.75,25919.5,25919.5,103,25916.86,25916.11,0.00
2025-12-09,23:29:00,25920.5,25921.75,25919.25,25921.25,159,25916.87,25916.14,0.00
2025-12-09,23:30:00,25921,25922.5,25920.5,25921,83,25916.88,25916.15,0.00
2025-12-09,23:31:00,25920.75,25921.5,25918.75,25919.25,252,25916.90,25916.19,0.00
2025-12-09,23:32:00,25919.25,25923.25,25919.25,25922.5,185,25916.92,25916.22,0.00
2025-12-09,23:33:00,25922.75,25923.25,25919.5,25920,100,25916.93,25916.24,0.00
2025-12-09,23:34:00,25920,25920.5,25916.5,25918.25,249,25916.93,25916.26,0.00
2025-12-09,23:35:00,25918.75,25920.5,25918,25920.25,138,25916.94,25916.27,0.00
2025-12-09,23:36:00,25920,25922,25919.5,25922,89,25916.95,25916.29,0.00
2025-12-09,23:37:00,25922,25928.25,25921.25,25924.5,515,25917.03,25916.44,0.00
2025-12-09,23:38:00,25925.25,25926,25924.5,25925.5,124,25917.06,25916.47,0.00
2025-12-09,23:39:00,25925,25925.75,25923.75,25924.5,94,25917.07,25916.50,0.00
2025-12-09,23:40:00,25924.5,25925.75,25923.75,25925.75,108,25917.09,25916.53,0.00
2025-12-09,23:41:00,25924.75,25925.75,25922.75,25925.25,152,25917.11,25916.57,0.00
2025-12-09,23:42:00,25926,25926.5,25923.75,25925.25,149,25917.14,25916.62,0.00
2025-12-09,23:43:00,25925.5,25926.5,25924.25,25925.25,132,25917.16,25916.66,0.00
2025-12-09,23:44:00,25925.25,25926.25,25924.25,25924.5,54,25917.17,25916.67,0.00
2025-12-09,23:45:00,25924.25,25925.5,25921.5,25922,145,25917.19,25916.70,0.00
2025-12-09,23:46:00,25922.25,25923.75,25919.25,25920.75,225,25917.20,25916.73,0.00
2025-12-09,23:47:00,25920.5,25921.25,25919,25921,180,25917.22,25916.76,0.00
2025-12-09,23:48:00,25921.25,25925.25,25921.25,25924,233,25917.25,25916.81,0.00
2025-12-09,23:49:00,25924,25924.5,25921.75,25922.75,80,25917.26,25916.82,0.00
2025-12-09,23:50:00,25922.75,25924.25,25921.25,25921.25,73,25917.26,25916.84,0.00
2025-12-09,23:51:00,25921.5,25921.5,25919.5,25920.5,116,25917.27,25916.85,0.00
2025-12-09,23:52:00,25920.25,25921.75,25918.75,25919.25,161,25917.28,25916.87,0.00
2025-12-09,23:53:00,25919.25,25920.5,25917.5,25919,158,25917.28,25916.88,0.00
2025-12-09,23:54:00,25919.5,25920.5,25918.75,25919.75,75,25917.29,25916.88,0.00
2025-12-09,23:55:00,25919.75,25921.75,25919.5,25920,85,25917.29,25916.89,0.00
2025-12-09,23:56:00,25919.75,25923,25919.75,25922.75,118,25917.30,25916.91,0.00
2025-12-09,23:57:00,25923,25926.25,25921.75,25926.25,177,25917.33,25916.96,0.00
2025-12-09,23:58:00,25926.5,25927.5,25925.25,25927,542,25917.43,25917.12,0.00
2025-12-09,23:59:00,25927,25927.75,25925.25,25927,119,25917.45,25917.15,0.00
