Date,Time,Open,High,Low,Close,Volume,HighVWAP,LowVWAP,LevelPrice
2025-11-27,00:00:00,25567.25,25568.75,25566.5,25566.5,66,25574.57,25572.75,0.00
2025-11-27,00:01:00,25566.5,25567.5,25564.75,25566.75,95,25574.52,25572.73,0.00
2025-11-27,00:02:00,25566.5,25568.5,25566.5,25567.25,43,25574.50,25572.72,0.00
2025-11-27,00:03:00,25567.25,25568.25,25566.5,25568.25,15,25574.49,25572.72,0.00
2025-11-27,00:04:00,25568.5,25571.5,25568.5,25571.5,244,25574.44,25572.70,0.00
2025-11-27,00:05:00,25571.5,25571.75,25567.25,25568,138,25574.39,25572.68,0.00
2025-11-27,00:06:00,25568.5,25569.25,25567,25568.75,79,25574.36,25572.66,0.00
2025-11-27,00:07:00,25568,25568.25,25565.5,25566.25,107,25574.32,25572.64,0.00
2025-11-27,00:08:00,25566,25567.75,25564.25,25567.5,112,25574.27,25572.62,0.00
2025-11-27,00:09:00,25567,25567.5,25565.75,25565.75,43,25574.25,25572.60,0.00
2025-11-27,00:10:00,25566.25,25566.75,25564.5,25564.5,38,25574.23,25572.59,0.00
2025-11-27,00:11:00,25565,25566.5,25564.75,25565,49,25574.20,25572.58,0.00
2025-11-27,00:12:00,25565.5,25566,25564.75,25565.5,37,25574.18,25572.57,0.00
2025-11-27,00:13:00,25565.5,25565.75,25561.75,25563.75,355,25573.98,25572.46,0.00
2025-11-27,00:14:00,25564.5,25564.75,25562.75,25563.25,73,25573.93,25572.43,0.00
2025-11-27,00:15:00,25564.25,25567.75,25562.5,25564.75,284,25573.79,25572.36,0.00
2025-11-27,00:16:00,25564.75,25569.25,25564.25,25567.25,200,25573.72,25572.32,0.00
2025-11-27,00:17:00,25566.5,25567.5,25564.75,25567,76,25573.69,25572.30,0.00
2025-11-27,00:18:00,25567.5,25567.75,25565,25566,31,25573.68,25572.29,0.00
2025-11-27,00:19:00,25566,25566.25,25564.75,25565.25,23,25573.67,25572.29,0.00
2025-11-27,00:20:00,25565.5,25565.5,25560.5,25564,189,25573.56,25572.23,0.00
2025-11-27,00:21:00,25564.5,25567.75,25562.5,25566.25,132,25573.51,25572.20,0.00
2025-11-27,00:22:00,25565.25,25567,25564.5,25567,18,25573.50,25572.19,0.00
2025-11-27,00:23:00,25566.75,25569.75,25565.75,25568.25,196,25573.44,25572.16,0.00
2025-11-27,00:24:00,25568,25570.5,25567,25568.25,105,25573.42,25572.15,0.00
2025-11-27,00:25:00,25568.25,25569.5,25568,25569,36,25573.41,25572.15,0.00
2025-11-27,00:26:00,25569,25569.5,25568.5,25568.75,33,25573.40,25572.14,0.00
2025-11-27,00:27:00,25568.75,25569.25,25564.25,25568.75,274,25573.32,25572.10,0.00
2025-11-27,00:28:00,25568.75,25568.75,25567.25,25567.75,18,25573.31,25572.10,0.00
2025-11-27,00:29:00,25568.25,25571.5,25568.25,25570.75,266,25573.27,25572.08,0.00
2025-11-27,00:30:00,25571,25571.75,25570,25571.75,100,25573.26,25572.07,0.00
2025-11-27,00:31:00,25572,25573.25,25567.75,25571.75,431,25573.21,25572.06,0.00
2025-11-27,00:32:00,25572.5,25573.75,25570,25571,193,25573.19,25572.06,0.00
2025-11-27,00:33:00,25570.75,25572.75,25570.75,25572.25,16,25573.19,25572.05,0.00
2025-11-27,00:34:00,25572.25,25573.25,25570.5,25571,77,25573.19,25572.05,0.00
2025-11-27,00:35:00,25571,25572.5,25570.75,25572,26,25573.18,25572.05,0.00
2025-11-27,00:36:00,25572.75,25575.25,25572.25,25574.25,112,25573.19,25572.06,0.00
2025-11-27,00:37:00,25575,25577,25570,25575.5,646,25573.22,25572.10,0.00
2025-11-27,00:38:00,25576,25579.25,25569.5,25577.5,926,25573.31,25572.20,0.00
2025-11-27,00:39:00,25577.5,25580,25577.25,25578.5,203,25573.36,25572.24,0.00
2025-11-27,00:40:00,25579,25579.5,25577.5,25578.75,257,25573.41,25572.29,0.00
2025-11-27,00:41:00,25578.5,25579.25,25576.75,25577.5,91,25573.43,25572.31,0.00
2025-11-27,00:42:00,25577.75,25578.25,25576.25,25576.75,53,25573.44,25572.32,0.00
2025-11-27,00:43:00,25577,25578,25573.75,25574.25,105,25573.45,25572.33,0.00
2025-11-27,00:44:00,25573.75,25574.25,25572,25572.75,97,25573.45,25572.33,0.00
2025-11-27,00:45:00,25572.25,25573.75,25571.75,25571.75,51,25573.45,25572.33,0.00
2025-11-27,00:46:00,25572.25,25573.25,25571.25,25571.75,91,25573.44,25572.33,0.00
2025-11-27,00:47:00,25571.25,25571.75,25569.25,25570.5,125,25573.42,25572.32,0.00
2025-11-27,00:48:00,25570.75,25573.75,25570.75,25573.75,116,25573.42,25572.32,0.00
2025-11-27,00:49:00,25574.25,25575.75,25573.5,25575.25,79,25573.43,25572.33,0.00
2025-11-27,00:50:00,25575,25577.75,25575,25577.75,85,25573.44,25572.34,0.00
2025-11-27,00:51:00,25577.75,25578.25,25575.75,25576,74,25573.45,25572.35,0.00
2025-11-27,00:52:00,25575.75,25576,25574.5,25576,69,25573.45,25572.36,0.00
2025-11-27,00:53:00,25576,25576.5,25574,25575.25,50,25573.46,25572.36,0.00
2025-11-27,00:54:00,25575.5,25575.75,25574.25,25575,58,25573.46,25572.36,0.00
2025-11-27,00:55:00,25574.75,25575.75,25574.75,25575,31,25573.46,25572.37,0.00
2025-11-27,00:56:00,25575.25,25576.25,25574.5,25575.25,47,25573.47,25572.37,0.00
2025-11-27,00:57:00,25574.75,25574.75,25573.75,25574.5,28,25573.47,25572.37,0.00
2025-11-27,00:58:00,25574.75,25577.25,25574.75,25576,80,25573.48,25572.38,0.00
2025-11-27,00:59:00,25576.5,25577.5,25574.25,25577.25,77,25573.49,25572.39,0.00
2025-11-27,01:00:00,25576.5,25578.5,25576.5,25578.25,75,25573.50,25572.40,0.00
2025-11-27,01:01:00,25578.25,25579,25576.25,25578.5,162,25573.53,25572.43,0.00
2025-11-27,01:02:00,25579,25581,25578.25,25579.5,151,25573.57,25572.46,0.00
2025-11-27,01:03:00,25579,25582.75,25579,25581.5,139,25573.61,25572.50,0.00
2025-11-27,01:04:00,25581.75,25584,25581.75,25583.25,125,25573.65,25572.53,0.00
2025-11-27,01:05:00,25583.5,25585,25583,25584,88,25573.69,25572.56,0.00
2025-11-27,01:06:00,25584.25,25587,25582.75,25584.75,223,25573.79,25572.64,0.00
2025-11-27,01:07:00,25584.5,25585.25,25584.25,25584.5,45,25573.81,25572.66,0.00
2025-11-27,01:08:00,25584.25,25584.5,25582.25,25583.75,80,25573.84,25572.68,0.00
2025-11-27,01:09:00,25583.25,25583.75,25580.75,25581.25,66,25573.86,25572.70,0.00
2025-11-27,01:10:00,25582,25582,25579.75,25581.25,87,25573.89,25572.72,0.00
2025-11-27,01:11:00,25582,25586,25582,25585,169,25573.95,25572.78,0.00
2025-11-27,01:12:00,25584.75,25585,25583,25584.75,90,25573.99,25572.81,0.00
2025-11-27,01:13:00,25584.75,25587.25,25584,25584.75,186,25574.07,25572.87,0.00
2025-11-27,01:14:00,25586.25,25586.25,25584.75,25585.5,55,25574.10,25572.89,0.00
2025-11-27,01:15:00,25586,25588.25,25586,25586.5,103,25574.15,25572.93,0.00
2025-11-27,01:16:00,25586.25,25587.75,25585.75,25587,75,25574.18,25572.96,0.00
2025-11-27,01:17:00,25586.75,25588,25586.5,25587,49,25574.21,25572.98,0.00
2025-11-27,01:18:00,25587,25587.5,25586.25,25587,81,25574.25,25573.01,0.00
2025-11-27,01:19:00,25586.25,25588.75,25586.25,25587.5,131,25574.31,25573.07,0.00
2025-11-27,01:20:00,25587.25,25587.5,25585.25,25585.5,119,25574.37,25573.11,0.00
2025-11-27,01:21:00,25586.25,25586.25,25583.75,25584.75,110,25574.41,25573.15,0.00
2025-11-27,01:22:00,25584.75,25586.25,25584.5,25586.25,46,25574.43,25573.16,0.00
2025-11-27,01:23:00,25586.25,25588.5,25585.75,25588,52,25574.45,25573.18,0.00
2025-11-27,01:24:00,25588,25589,25586.75,25588.25,58,25574.48,25573.21,0.00
2025-11-27,01:25:00,25588.5,25590.25,25588.5,25589.75,115,25574.55,25573.26,0.00
2025-11-27,01:26:00,25589.75,25589.75,25588,25588,100,25574.60,25573.30,0.00
2025-11-27,01:27:00,25588.75,25590.25,25587.25,25587.75,85,25574.64,25573.34,0.00
2025-11-27,01:28:00,25587.25,25588.5,25585.75,25586.5,68,25574.67,25573.36,0.00
2025-11-27,01:29:00,25586,25586,25584.25,25585,70,25574.70,25573.38,0.00
2025-11-27,01:30:00,25585.5,25586.5,25584.5,25585.25,57,25574.72,25573.40,0.00
2025-11-27,01:31:00,25585,25586.25,25584.25,25585.25,66,25574.75,25573.42,0.00
2025-11-27,01:32:00,25585.25,25585.75,25583.5,25585.5,100,25574.78,25573.45,0.00
2025-11-27,01:33:00,25585.25,25586.5,25584.25,25585.5,41,25574.80,25573.47,0.00
2025-11-27,01:34:00,25585,25587,25584.75,25587,53,25574.82,25573.49,0.00
2025-11-27,01:35:00,25587,25588,25586.25,25586.5,48,25574.84,25573.50,0.00
2025-11-27,01:36:00,25586.5,25586.5,25584.25,25584.5,46,25574.86,25573.52,0.00
2025-11-27,01:37:00,25584.5,25586.5,25583.75,25585.5,122,25574.91,25573.56,0.00
2025-11-27,01:38:00,25586,25590,25585.75,25588,126,25574.97,25573.61,0.00
2025-11-27,01:39:00,25588,25590,25586.25,25589.5,153,25575.04,25573.67,0.00
2025-11-27,01:40:00,25589,25589.25,25588,25589.25,82,25575.08,25573.70,0.00
2025-11-27,01:41:00,25589.5,25590.25,25587.5,25589,101,25575.13,25573.74,0.00
2025-11-27,01:42:00,25588.25,25590,25588.25,25589,22,25575.14,25573.75,0.00
2025-11-27,01:43:00,25588.5,25588.5,25587.5,25588.25,24,25575.15,25573.76,0.00
2025-11-27,01:44:00,25588.5,25589,25587.25,25588,98,25575.20,25573.80,0.00
2025-11-27,01:45:00,25588.25,25588.25,25585.25,25586.75,111,25575.24,25573.83,0.00
2025-11-27,01:46:00,25586.5,25587,25585.25,25586.25,62,25575.26,25573.85,0.00
2025-11-27,01:47:00,25586,25586,25583.75,25583.75,79,25575.29,25573.88,0.00
2025-11-27,01:48:00,25584,25584.75,25581.25,25581.25,152,25575.33,25573.91,0.00
2025-11-27,01:49:00,25582,25583.75,25580.75,25581.5,145,25575.36,25573.94,0.00
2025-11-27,01:50:00,25581.75,25582.25,25579.5,25581,113,25575.38,25573.96,0.00
2025-11-27,01:51:00,25580.75,25583,25580.5,25581.25,157,25575.42,25573.99,0.00
2025-11-27,01:52:00,25581.5,25581.75,25577.25,25578.5,271,25575.45,25574.03,0.00
2025-11-27,01:53:00,25578.75,25578.75,25573.75,25575.5,288,25575.46,25574.04,0.00
2025-11-27,01:54:00,25576.25,25579.75,25576,25579,134,25575.47,25574.06,0.00
2025-11-27,01:55:00,25579,25579.5,25577.5,25579.5,113,25575.48,25574.07,0.00
2025-11-27,01:56:00,25579.25,25580,25576.25,25578,115,25575.49,25574.08,0.00
2025-11-27,01:57:00,25577.75,25579.25,25576.75,25577.25,77,25575.50,25574.09,0.00
2025-11-27,01:58:00,25577.5,25579.75,25577.25,25577.75,113,25575.51,25574.10,0.00
2025-11-27,01:59:00,25577,25579,25576,25578.75,80,25575.51,25574.11,0.00
2025-11-27,02:00:00,25578.75,25579.25,25577,25577.75,71,25575.52,25574.12,0.00
2025-11-27,02:01:00,25578,25581,25578,25578.5,129,25575.53,25574.13,0.00
2025-11-27,02:02:00,25578.5,25580.25,25577.75,25579.25,84,25575.54,25574.14,0.00
2025-11-27,02:03:00,25579,25579.25,25577.25,25578,108,25575.55,25574.15,0.00
2025-11-27,02:04:00,25577.5,25578.75,25574.5,25575,148,25575.56,25574.16,0.00
2025-11-27,02:05:00,25574.75,25575.5,25573.5,25573.5,97,25575.55,25574.16,0.00
2025-11-27,02:06:00,25574,25576.25,25573.75,25576,70,25575.55,25574.16,0.00
2025-11-27,02:07:00,25575.75,25575.75,25571.25,25573.25,229,25575.54,25574.16,0.00
2025-11-27,02:08:00,25573,25573.5,25571.5,25571.5,94,25575.53,25574.15,0.00
2025-11-27,02:09:00,25572.5,25572.75,25569.75,25570.25,200,25575.50,25574.14,0.00
2025-11-27,02:10:00,25570.25,25571.5,25568.5,25571,147,25575.47,25574.12,0.00
2025-11-27,02:11:00,25571.5,25573,25571,25571.75,130,25575.46,25574.12,0.00
2025-11-27,02:12:00,25572.25,25573,25571,25572.25,79,25575.45,25574.11,0.00
2025-11-27,02:13:00,25572.75,25574.25,25570.75,25571,76,25575.44,25574.11,0.00
2025-11-27,02:14:00,25571,25572,25570.5,25570.75,61,25575.43,25574.11,0.00
2025-11-27,02:15:00,25570.5,25571,25569,25569.75,73,25575.42,25574.10,0.00
2025-11-27,02:16:00,25569.75,25571.25,25568.5,25570.75,90,25575.41,25574.09,0.00
2025-11-27,02:17:00,25570.75,25572,25570,25570.5,63,25575.40,25574.08,0.00
2025-11-27,02:18:00,25570.5,25570.5,25568,25568,143,25575.37,25574.07,0.00
2025-11-27,02:19:00,25568,25568,25562.25,25564.75,507,25575.21,25573.96,0.00
2025-11-27,02:20:00,25564.75,25566,25564,25565,59,25575.19,25573.95,0.00
2025-11-27,02:21:00,25564.25,25564.25,25561.25,25561.75,307,25575.07,25573.86,0.00
2025-11-27,02:22:00,25562,25565.25,25562,25564.5,167,25575.02,25573.82,0.00
2025-11-27,02:23:00,25564.5,25567,25564.25,25565.5,171,25574.97,25573.79,0.00
2025-11-27,02:24:00,25566.25,25566.25,25563.5,25565.25,108,25574.94,25573.77,0.00
2025-11-27,02:25:00,25564.75,25569.75,25564.75,25569.75,155,25574.91,25573.75,0.00
2025-11-27,02:26:00,25569.25,25572.75,25569.25,25571.25,306,25574.87,25573.73,0.00
2025-11-27,02:27:00,25571.25,25573.25,25571,25572,131,25574.86,25573.73,0.00
2025-11-27,02:28:00,25572.5,25574.5,25571.75,25572.5,230,25574.85,25573.72,0.00
2025-11-27,02:29:00,25572.5,25574.25,25572.5,25573,54,25574.85,25573.72,0.00
2025-11-27,02:30:00,25572.75,25572.75,25570.5,25572.25,93,25574.84,25573.72,0.00
2025-11-27,02:31:00,25572.25,25573,25568.5,25569.25,154,25574.82,25573.70,0.00
2025-11-27,02:32:00,25568.75,25568.75,25566.25,25567.5,117,25574.79,25573.69,0.00
2025-11-27,02:33:00,25567.25,25569,25565.25,25567.75,141,25574.76,25573.67,0.00
2025-11-27,02:34:00,25567.75,25570.5,25567.75,25569.5,75,25574.75,25573.66,0.00
2025-11-27,02:35:00,25570,25570.75,25567.75,25569,50,25574.74,25573.66,0.00
2025-11-27,02:36:00,25568.25,25569.25,25564.25,25565,125,25574.71,25573.63,0.00
2025-11-27,02:37:00,25564.75,25568,25564,25564.5,110,25574.69,25573.61,0.00
2025-11-27,02:38:00,25564,25567.5,25564,25565.25,76,25574.67,25573.60,0.00
2025-11-27,02:39:00,25565.5,25565.5,25563.25,25563.75,129,25574.63,25573.57,0.00
2025-11-27,02:40:00,25564,25566.25,25564,25565,58,25574.61,25573.56,0.00
2025-11-27,02:41:00,25565.5,25566,25564.5,25565.75,51,25574.60,25573.55,0.00
2025-11-27,02:42:00,25565,25567,25564.75,25564.75,101,25574.57,25573.54,0.00
2025-11-27,02:43:00,25564.5,25567,25563.5,25566.25,118,25574.54,25573.52,0.00
2025-11-27,02:44:00,25566.5,25567.25,25564.5,25565.5,66,25574.53,25573.50,0.00
2025-11-27,02:45:00,25566,25567.5,25565.25,25565.25,57,25574.51,25573.49,0.00
2025-11-27,02:46:00,25566.5,25567.75,25565.75,25566,57,25574.50,25573.49,0.00
2025-11-27,02:47:00,25566,25566,25564.75,25565.5,58,25574.49,25573.48,0.00
2025-11-27,02:48:00,25564.25,25564.25,25559.5,25559.5,265,25574.39,25573.40,0.00
2025-11-27,02:49:00,25560,25563,25559.5,25560.5,122,25574.35,25573.37,0.00
2025-11-27,02:50:00,25560.25,25561.25,25559,25560.25,127,25574.30,25573.34,0.00
2025-11-27,02:51:00,25559.5,25559.5,25552,25553.75,728,25573.92,25555.08,0.00
2025-11-27,02:52:00,25553.75,25555.75,25552.25,25553.75,187,25573.83,25554.84,0.00
2025-11-27,02:53:00,25553,25558,25552,25558,203,25573.73,25555.05,0.00
2025-11-27,02:54:00,25558.25,25562.75,25558.25,25562.5,186,25573.67,25555.93,0.00
2025-11-27,02:55:00,25562.5,25565,25562.5,25565,129,25573.64,25556.67,0.00
2025-11-27,02:56:00,25565,25568.25,25564.75,25567.75,234,25573.60,25558.11,0.00
2025-11-27,02:57:00,25568,25568,25565,25565,131,25573.57,25558.68,0.00
2025-11-27,02:58:00,25565.75,25565.75,25558.75,25560,312,25573.47,25559.10,0.00
2025-11-27,02:59:00,25560.25,25560.25,25555.25,25556.25,239,25573.37,25558.91,0.00
2025-11-27,03:00:00,25556.5,25557.25,25553.25,25555.75,223,25573.27,25558.61,0.00
2025-11-27,03:01:00,25557.25,25559.25,25554.25,25556.75,303,25573.15,25558.41,0.00
2025-11-27,03:02:00,25558.25,25562.5,25558.25,25560.5,183,25573.09,25558.53,0.00
2025-11-27,03:03:00,25560.25,25560.75,25553.5,25555.5,203,25573.00,25558.41,0.00
2025-11-27,03:04:00,25555.75,25558,25555,25556.75,133,25572.95,25558.34,0.00
2025-11-27,03:05:00,25557.75,25557.75,25555.25,25557,95,25572.91,25558.29,0.00
2025-11-27,03:06:00,25557.25,25562,25557.25,25562,132,25572.87,25558.37,0.00
2025-11-27,03:07:00,25561.75,25562.5,25557,25559.75,160,25572.82,25558.43,0.00
2025-11-27,03:08:00,25560,25560.25,25558.5,25559.75,55,25572.80,25558.44,0.00
2025-11-27,03:09:00,25558.75,25558.75,25555,25556.25,82,25572.77,25558.41,0.00
2025-11-27,03:10:00,25555.75,25558,25555.75,25558,46,25572.75,25558.39,0.00
2025-11-27,03:11:00,25558.75,25559.75,25558,25558.25,74,25572.73,25558.40,0.00
2025-11-27,03:12:00,25558.75,25559.25,25554.75,25554.75,121,25572.68,25558.34,0.00
2025-11-27,03:13:00,25555.75,25559.5,25555.5,25558.5,94,25572.64,25558.33,0.00
2025-11-27,03:14:00,25558.75,25560.75,25558,25560.5,57,25572.62,25558.34,0.00
2025-11-27,03:15:00,25561.25,25565.75,25561,25563.75,202,25572.58,25558.57,0.00
2025-11-27,03:16:00,25563.75,25565.25,25562.75,25563,119,25572.55,25558.71,0.00
2025-11-27,03:17:00,25563,25567,25562.75,25566,118,25572.53,25558.87,0.00
2025-11-27,03:18:00,25565.75,25566.25,25564,25564.5,92,25572.52,25558.98,0.00
2025-11-27,03:19:00,25564,25566.25,25564,25566,87,25572.50,25559.10,0.00
2025-11-27,03:20:00,25565.25,25565.5,25562.25,25563.75,147,25572.47,25559.23,0.00
2025-11-27,03:21:00,25563.5,25565.25,25563.25,25563.75,33,25572.46,25559.27,0.00
2025-11-27,03:22:00,25563.25,25563.75,25561.5,25563.75,45,25572.45,25559.30,0.00
2025-11-27,03:23:00,25563.5,25565,25563,25564,64,25572.44,25559.36,0.00
2025-11-27,03:24:00,25564,25566.75,25564,25565,103,25572.42,25559.47,0.00
2025-11-27,03:25:00,25564.25,25566.25,25564.25,25565.5,35,25572.42,25559.51,0.00
2025-11-27,03:26:00,25565.25,25567.25,25565.25,25566.75,41,25572.41,25559.56,0.00
2025-11-27,03:27:00,25566.75,25571,25566.75,25569.75,333,25572.39,25560.12,0.00
2025-11-27,03:28:00,25569.75,25571.5,25568.75,25569.5,131,25572.38,25560.34,0.00
2025-11-27,03:29:00,25569,25569,25566.25,25566.5,132,25572.36,25560.49,0.00
2025-11-27,03:30:00,25566.5,25568.5,25565.5,25565.75,72,25572.35,25560.56,0.00
2025-11-27,03:31:00,25565.75,25566.75,25562.5,25563.75,265,25572.30,25560.72,0.00
2025-11-27,03:32:00,25563,25563,25559,25561.5,160,25572.26,25560.73,0.00
2025-11-27,03:33:00,25561,25563,25555.75,25556.5,220,25572.19,25560.66,0.00
2025-11-27,03:34:00,25556,25559,25553.25,25554.25,290,25572.08,25560.44,0.00
2025-11-27,03:35:00,25554.25,25556.25,25550,25555.25,474,25571.89,25553.83,0.00
2025-11-27,03:36:00,25556,25557.75,25549,25550.75,340,25571.74,25552.50,0.00
2025-11-27,03:37:00,25551,25553,25550.25,25551.5,134,25571.68,25552.24,0.00
2025-11-27,03:38:00,25551,25555,25550.75,25554,161,25571.61,25552.50,0.00
2025-11-27,03:39:00,25553.25,25557,25553.25,25556.75,81,25571.58,25552.86,0.00
2025-11-27,03:40:00,25556,25559.5,25555.5,25558.5,167,25571.53,25553.80,0.00
2025-11-27,03:41:00,25558.5,25559.25,25555.75,25556.5,132,25571.49,25554.24,0.00
2025-11-27,03:42:00,25556.5,25565.25,25556.5,25565.25,266,25571.44,25555.92,0.00
2025-11-27,03:43:00,25564.75,25569.5,25564.5,25568.5,186,25571.42,25557.39,0.00
2025-11-27,03:44:00,25568.75,25568.75,25566.75,25568,201,25571.41,25558.64,0.00
2025-11-27,03:45:00,25567.5,25567.75,25564,25565.5,130,25571.39,25559.16,0.00
2025-11-27,03:46:00,25565.25,25565.5,25563.75,25565.25,93,25571.38,25559.44,0.00
2025-11-27,03:47:00,25564.75,25567.75,25564.5,25566.75,108,25571.37,25559.81,0.00
2025-11-27,03:48:00,25566.75,25571,25566.75,25570.25,128,25571.36,25560.38,0.00
2025-11-27,03:49:00,25570.5,25575.75,25569.75,25575.75,417,25571.38,25562.57,0.00
2025-11-27,03:50:00,25575.75,25578.5,25574.5,25578.25,330,25571.42,25564.24,0.00
2025-11-27,03:51:00,25577.5,25578.75,25574,25576.25,252,25571.45,25565.21,0.00
2025-11-27,03:52:00,25576.25,25577.5,25574.75,25575.75,115,25571.46,25565.60,0.00
2025-11-27,03:53:00,25575,25578.5,25574.25,25576,146,25571.47,25566.06,0.00
2025-11-27,03:54:00,25576.25,25576.5,25571.75,25573.25,193,25571.48,25566.48,0.00
2025-11-27,03:55:00,25573.5,25575.25,25572.75,25573,117,25571.49,25566.70,0.00
2025-11-27,03:56:00,25572.25,25577.25,25572.25,25576.75,113,25571.50,25566.96,0.00
2025-11-27,03:57:00,25576.75,25579.5,25575.5,25576.25,141,25571.51,25567.32,0.00
2025-11-27,03:58:00,25577,25578.75,25576,25577.25,93,25571.53,25567.55,0.00
2025-11-27,03:59:00,25576.75,25577.25,25575.75,25575.75,83,25571.53,25567.73,0.00
2025-11-27,04:00:00,25576.75,25578.5,25575,25576,141,25571.55,25568.02,0.00
2025-11-27,04:01:00,25575.75,25576,25562,25563.5,806,25571.48,25567.88,0.00
2025-11-27,04:02:00,25563.5,25571.25,25562.25,25569.25,387,25571.45,25567.86,0.00
2025-11-27,04:03:00,25569.25,25574,25569,25569,259,25571.44,25567.99,0.00
2025-11-27,04:04:00,25568.5,25572.25,25567,25570.75,174,25571.44,25568.05,0.00
2025-11-27,04:05:00,25571.25,25575.25,25570,25571.5,288,25571.44,25568.24,0.00
2025-11-27,04:06:00,25571.75,25572.25,25559.5,25560.25,479,25571.37,25567.94,0.00
2025-11-27,04:07:00,25559.75,25562,25556,25559.5,446,25571.27,25567.39,0.00
2025-11-27,04:08:00,25559.25,25562,25557,25561,258,25571.21,25567.13,0.00
2025-11-27,04:09:00,25560.75,25560.75,25555.75,25557.75,244,25571.15,25566.84,0.00
2025-11-27,04:10:00,25557.75,25557.75,25550.25,25551.25,481,25570.98,25566.02,0.00
2025-11-27,04:11:00,25550.75,25551.5,25546,25548,645,25570.71,25548.50,0.00
2025-11-27,04:12:00,25547.75,25557.25,25547.75,25556.25,528,25570.54,25550.86,0.00
2025-11-27,04:13:00,25556.75,25562,25556.75,25561.5,514,25570.44,25553.67,0.00
2025-11-27,04:14:00,25561.5,25567.5,25560.75,25564.75,439,25570.39,25555.87,0.00
2025-11-27,04:15:00,25565,25566,25560.5,25564,225,25570.36,25556.60,0.00
2025-11-27,04:16:00,25563.75,25568.75,25562.75,25567.5,323,25570.34,25557.78,0.00
2025-11-27,04:17:00,25567.75,25571,25565.75,25570.5,229,25570.33,25558.67,0.00
2025-11-27,04:18:00,25570.25,25575.25,25569.75,25570.75,482,25570.35,25560.56,0.00
2025-11-27,04:19:00,25570.75,25573.5,25567.75,25573,222,25570.35,25561.23,0.00
2025-11-27,04:20:00,25573,25577.5,25570.5,25571,438,25570.37,25562.50,0.00
2025-11-27,04:21:00,25570.5,25572,25568,25571.25,326,25570.37,25563.09,0.00
2025-11-27,04:22:00,25571.25,25576,25570.25,25576,217,25570.39,25563.61,0.00
2025-11-27,04:23:00,25575.5,25579.25,25573,25574,364,25570.42,25564.48,0.00
2025-11-27,04:24:00,25574,25577.25,25569.75,25575.25,236,25570.43,25564.92,0.00
2025-11-27,04:25:00,25575,25577.25,25571.25,25574.25,203,25570.45,25565.27,0.00
2025-11-27,04:26:00,25574,25576,25572.25,25572.5,221,25570.46,25565.59,0.00
2025-11-27,04:27:00,25572.25,25574.75,25570.75,25574.5,163,25570.47,25565.81,0.00
2025-11-27,04:28:00,25574,25577.25,25572,25574.5,107,25570.48,25565.97,0.00
2025-11-27,04:29:00,25575,25577,25571.75,25574.75,120,25570.48,25566.14,0.00
2025-11-27,04:30:00,25574.75,25574.75,25571.5,25573.25,110,25570.49,25566.27,0.00
2025-11-27,04:31:00,25572.25,25572.75,25569,25570.75,292,25570.49,25566.48,0.00
2025-11-27,04:32:00,25571,25571.5,25567.5,25570,299,25570.49,25566.62,0.00
2025-11-27,04:33:00,25570.25,25570.25,25565.75,25569,154,25570.48,25566.66,0.00
2025-11-27,04:34:00,25568.25,25573.25,25568.25,25571.5,206,25570.48,25566.78,0.00
2025-11-27,04:35:00,25571.5,25574.75,25570,25573.5,200,25570.49,25566.95,0.00
2025-11-27,04:36:00,25573.25,25575.75,25570.75,25572.25,234,25570.50,25567.14,0.00
2025-11-27,04:37:00,25572.25,25575.25,25571.75,25572.5,105,25570.50,25567.22,0.00
2025-11-27,04:38:00,25573.25,25576.75,25573,25575,332,25570.53,25567.54,0.00
2025-11-27,04:39:00,25574.25,25582,25572.25,25579.25,574,25570.60,25568.24,0.00
2025-11-27,04:40:00,25580,25580,25576.25,25578.5,200,25570.62,25568.47,0.00
2025-11-27,04:41:00,25578.5,25579.25,25575.5,25578,231,25570.65,25568.70,0.00
2025-11-27,04:42:00,25577.5,25581,25576.25,25576.5,208,25570.67,25568.91,0.00
2025-11-27,04:43:00,25576,25577.25,25573.75,25574.5,245,25570.69,25569.07,0.00
2025-11-27,04:44:00,25574.25,25574.75,25568.25,25570,341,25570.69,25569.14,0.00
2025-11-27,04:45:00,25569.5,25571,25565.25,25568,302,25570.68,25569.11,0.00
2025-11-27,04:46:00,25567.75,25568.25,25562.25,25564.75,392,25570.65,25568.96,0.00
2025-11-27,04:47:00,25565,25565.75,25561.5,25564.75,279,25570.62,25568.83,0.00
2025-11-27,04:48:00,25564.75,25568.75,25563,25564.75,279,25570.59,25568.74,0.00
2025-11-27,04:49:00,25564.5,25566.25,25562,25562,226,25570.57,25568.64,0.00
2025-11-27,04:50:00,25561.75,25565.5,25559.5,25563.75,356,25570.53,25568.46,0.00
2025-11-27,04:51:00,25563,25569.25,25563,25568.5,247,25570.51,25568.43,0.00
2025-11-27,04:52:00,25568.5,25570.25,25565.25,25565.75,252,25570.50,25568.40,0.00
2025-11-27,04:53:00,25566.25,25569.75,25565.25,25568.75,259,25570.49,25568.39,0.00
2025-11-27,04:54:00,25569,25570.75,25566.5,25568.25,258,25570.48,25568.39,0.00
2025-11-27,04:55:00,25568.5,25570,25562,25564.5,282,25570.46,25568.33,0.00
2025-11-27,04:56:00,25564.5,25568.25,25563.25,25564.25,163,25570.45,25568.29,0.00
2025-11-27,04:57:00,25563.5,25564.25,25560,25563,186,25570.42,25568.21,0.00
2025-11-27,04:58:00,25563,25564,25559.75,25560.75,152,25570.40,25568.13,0.00
2025-11-27,04:59:00,25560.75,25561.25,25554.5,25554.5,393,25570.32,25567.81,0.00
2025-11-27,05:00:00,25554.5,25557.25,25553.75,25554.25,327,25570.25,25567.51,0.00
2025-11-27,05:01:00,25554,25555,25550.25,25554.75,499,25570.12,25567.03,0.00
2025-11-27,05:02:00,25554.5,25558.5,25550.5,25555,405,25570.03,25566.69,0.00
2025-11-27,05:03:00,25554.25,25558.25,25551.75,25557.25,271,25569.97,25566.50,0.00
2025-11-27,05:04:00,25556.75,25561.25,25556.25,25559.75,210,25569.94,25566.40,0.00
2025-11-27,05:05:00,25560,25561,25557.5,25560,157,25569.91,25566.33,0.00
2025-11-27,05:06:00,25559.25,25561,25555.75,25558.25,194,25569.88,25566.23,0.00
2025-11-27,05:07:00,25559,25562.75,25558.5,25559.5,318,25569.83,25566.11,0.00
2025-11-27,05:08:00,25558.75,25560,25553.5,25554.5,229,25569.79,25565.97,0.00
2025-11-27,05:09:00,25555,25556.5,25554.25,25554.5,139,25569.76,25565.88,0.00
2025-11-27,05:10:00,25554.5,25557.5,25553.5,25556,142,25569.73,25565.79,0.00
2025-11-27,05:11:00,25556.5,25560.75,25556,25558,163,25569.70,25565.72,0.00
2025-11-27,05:12:00,25558,25558.5,25555.25,25556.75,174,25569.67,25565.63,0.00
2025-11-27,05:13:00,25557.5,25559.5,25555.25,25556.25,207,25569.63,25565.52,0.00
2025-11-27,05:14:00,25556,25556.5,25552.75,25556.25,182,25569.59,25565.42,0.00
2025-11-27,05:15:00,25556.75,25557.5,25554.5,25555.5,107,25569.57,25565.36,0.00
2025-11-27,05:16:00,25554.5,25558.75,25552,25558,313,25569.51,25565.20,0.00
2025-11-27,05:17:00,25558,25562.5,25557,25558.25,210,25569.48,25565.13,0.00
2025-11-27,05:18:00,25558.75,25559.75,25554.5,25554.5,119,25569.46,25565.07,0.00
2025-11-27,05:19:00,25555.25,25557.5,25553.75,25554.75,111,25569.44,25565.01,0.00
2025-11-27,05:20:00,25555.5,25556.5,25554,25554.5,112,25569.42,25564.95,0.00
2025-11-27,05:21:00,25554.25,25554.5,25550.75,25554.5,198,25569.37,25564.82,0.00
2025-11-27,05:22:00,25554.75,25558,25554.25,25555.25,189,25569.34,25564.73,0.00
2025-11-27,05:23:00,25555,25555,25551.25,25552.5,128,25569.31,25564.65,0.00
2025-11-27,05:24:00,25552.25,25557.25,25550.5,25556.75,268,25569.25,25564.52,0.00
2025-11-27,05:25:00,25555.5,25557,25555,25555.75,80,25569.24,25564.48,0.00
2025-11-27,05:26:00,25555.75,25560.5,25555.75,25559.25,209,25569.21,25564.41,0.00
2025-11-27,05:27:00,25559.25,25565.75,25559.25,25564.5,317,25569.18,25564.39,0.00
2025-11-27,05:28:00,25565,25567,25562.5,25564,258,25569.16,25564.40,0.00
2025-11-27,05:29:00,25564.75,25568,25564.75,25566.5,210,25569.15,25564.42,0.00
2025-11-27,05:30:00,25566.5,25569.5,25564.75,25569.5,180,25569.15,25564.45,0.00
2025-11-27,05:31:00,25568.75,25571.25,25568.25,25570,258,25569.15,25564.52,0.00
2025-11-27,05:32:00,25570.5,25571.5,25568.75,25571,137,25569.16,25564.55,0.00
2025-11-27,05:33:00,25571.25,25575,25570.75,25574,330,25569.17,25564.69,0.00
2025-11-27,05:34:00,25573.75,25573.75,25568,25571.5,299,25569.18,25564.78,0.00
2025-11-27,05:35:00,25571.5,25574.25,25570.5,25572,183,25569.19,25564.84,0.00
2025-11-27,05:36:00,25572.5,25575,25570.75,25573.5,177,25569.20,25564.91,0.00
2025-11-27,05:37:00,25574,25578.25,25573.25,25576.5,238,25569.22,25565.03,0.00
2025-11-27,05:38:00,25577.25,25579.75,25577.25,25577.5,245,25569.25,25565.17,0.00
2025-11-27,05:39:00,25577,25577,25568.25,25568.5,392,25569.26,25565.28,0.00
2025-11-27,05:40:00,25568.5,25571.25,25566.75,25571.25,258,25569.26,25565.33,0.00
2025-11-27,05:41:00,25571.25,25573.25,25569.5,25572.5,150,25569.27,25565.37,0.00
2025-11-27,05:42:00,25572.5,25573.5,25569.5,25570.75,227,25569.27,25565.43,0.00
2025-11-27,05:43:00,25571.25,25574.75,25571.25,25573.75,161,25569.28,25565.48,0.00
2025-11-27,05:44:00,25574,25575,25572.25,25573,88,25569.29,25565.51,0.00
2025-11-27,05:45:00,25572.75,25575,25572,25574.5,115,25569.29,25565.55,0.00
2025-11-27,05:46:00,25574.5,25574.75,25571,25571,237,25569.30,25565.62,0.00
2025-11-27,05:47:00,25571.75,25574,25570.25,25573.25,99,25569.31,25565.65,0.00
2025-11-27,05:48:00,25573,25574,25570.5,25571.5,190,25569.31,25565.70,0.00
2025-11-27,05:49:00,25571,25571,25567.25,25569.25,132,25569.31,25565.72,0.00
2025-11-27,05:50:00,25569,25570.25,25564.25,25564.75,187,25569.31,25565.72,0.00
2025-11-27,05:51:00,25564.25,25564.5,25556.75,25559.25,633,25569.23,25565.58,0.00
2025-11-27,05:52:00,25559.5,25563,25558.75,25561,140,25569.22,25565.56,0.00
2025-11-27,05:53:00,25561,25563.75,25559.75,25560.75,173,25569.20,25565.53,0.00
2025-11-27,05:54:00,25561,25563.75,25559.75,25563.5,78,25569.19,25565.52,0.00
2025-11-27,05:55:00,25563.5,25563.5,25558,25560.25,204,25569.17,25565.48,0.00
2025-11-27,05:56:00,25560,25563.25,25559.75,25562.75,89,25569.16,25565.47,0.00
2025-11-27,05:57:00,25562.75,25563.5,25560.25,25560.5,87,25569.15,25565.45,0.00
2025-11-27,05:58:00,25560.25,25563.75,25560.25,25563.25,75,25569.15,25565.44,0.00
2025-11-27,05:59:00,25563.25,25564.75,25561,25562.75,98,25569.14,25565.43,0.00
2025-11-27,06:00:00,25562.75,25563,25556,25556.5,177,25569.11,25565.39,0.00
2025-11-27,06:01:00,25556.75,25558,25553.75,25555.25,334,25569.06,25565.27,0.00
2025-11-27,06:02:00,25554.75,25558.75,25552.5,25556.5,287,25569.01,25565.17,0.00
2025-11-27,06:03:00,25556.25,25560.25,25555.75,25558.5,197,25568.98,25565.11,0.00
2025-11-27,06:04:00,25558.5,25561,25556.75,25557.5,208,25568.96,25565.06,0.00
2025-11-27,06:05:00,25557.75,25559.5,25557.75,25558.25,60,25568.95,25565.05,0.00
2025-11-27,06:06:00,25558.5,25559.75,25555.75,25559.5,201,25568.92,25565.00,0.00
2025-11-27,06:07:00,25559,25562,25557.5,25562,156,25568.90,25564.97,0.00
2025-11-27,06:08:00,25561.75,25566,25561.5,25564.75,244,25568.89,25564.97,0.00
2025-11-27,06:09:00,25565.5,25567.5,25563.25,25564,201,25568.88,25564.97,0.00
2025-11-27,06:10:00,25563.75,25564.25,25561.25,25563.5,74,25568.87,25564.96,0.00
2025-11-27,06:11:00,25564.5,25566,25562.5,25563.25,80,25568.87,25564.96,0.00
2025-11-27,06:12:00,25563,25563.25,25559.75,25560.25,117,25568.86,25564.94,0.00
2025-11-27,06:13:00,25560.25,25562,25559.25,25559.75,89,25568.85,25564.93,0.00
2025-11-27,06:14:00,25560.25,25562.25,25559.75,25560.5,94,25568.84,25564.91,0.00
2025-11-27,06:15:00,25560.5,25560.5,25556.75,25557,100,25568.83,25564.89,0.00
2025-11-27,06:16:00,25556.75,25560.75,25556.25,25560,118,25568.81,25564.87,0.00
2025-11-27,06:17:00,25561,25562.25,25559.5,25560.25,111,25568.80,25564.85,0.00
2025-11-27,06:18:00,25560,25561.5,25559.75,25560,36,25568.80,25564.85,0.00
2025-11-27,06:19:00,25561,25561.75,25559.75,25561.75,84,25568.79,25564.83,0.00
2025-11-27,06:20:00,25561.75,25562,25558,25558.75,51,25568.78,25564.83,0.00
2025-11-27,06:21:00,25557.75,25560,25556.5,25558.75,149,25568.76,25564.79,0.00
2025-11-27,06:22:00,25558.5,25560.5,25558.25,25558.75,62,25568.76,25564.78,0.00
2025-11-27,06:23:00,25559.25,25559.75,25555.75,25557.25,194,25568.73,25564.73,0.00
2025-11-27,06:24:00,25557.25,25557.5,25553.75,25555.5,165,25568.70,25564.68,0.00
2025-11-27,06:25:00,25554.5,25557.25,25553.75,25557.25,123,25568.69,25564.65,0.00
2025-11-27,06:26:00,25557.25,25558.75,25556,25556,64,25568.68,25564.63,0.00
2025-11-27,06:27:00,25555.75,25557.75,25554.75,25556,96,25568.66,25564.60,0.00
2025-11-27,06:28:00,25556,25556.25,25554.5,25555.75,59,25568.65,25564.59,0.00
2025-11-27,06:29:00,25556.5,25559.75,25556,25559.5,85,25568.64,25564.57,0.00
2025-11-27,06:30:00,25559.5,25559.5,25557,25558,69,25568.63,25564.55,0.00
2025-11-27,06:31:00,25558,25558.5,25556.25,25557.5,93,25568.62,25564.53,0.00
2025-11-27,06:32:00,25557,25558.5,25556.25,25558.5,57,25568.61,25564.52,0.00
2025-11-27,06:33:00,25558.75,25559.75,25555,25555,144,25568.59,25564.48,0.00
2025-11-27,06:34:00,25555,25556,25553.25,25554.75,140,25568.57,25564.44,0.00
2025-11-27,06:35:00,25554.75,25556.5,25553,25555.25,164,25568.54,25564.39,0.00
2025-11-27,06:36:00,25555,25557.25,25554,25557.25,96,25568.53,25564.36,0.00
2025-11-27,06:37:00,25556.5,25558.25,25556,25556.25,110,25568.51,25564.33,0.00
2025-11-27,06:38:00,25556,25557.25,25554.25,25557.25,99,25568.50,25564.31,0.00
2025-11-27,06:39:00,25556.75,25560.5,25555.25,25559.5,174,25568.48,25564.27,0.00
2025-11-27,06:40:00,25560,25561.75,25560,25561.75,110,25568.47,25564.26,0.00
2025-11-27,06:41:00,25561.5,25562.75,25559.75,25562.75,98,25568.46,25564.26,0.00
2025-11-27,06:42:00,25562.75,25563.25,25561.25,25562.75,154,25568.45,25564.25,0.00
2025-11-27,06:43:00,25562.5,25563.75,25562.5,25563.25,97,25568.44,25564.24,0.00
2025-11-27,06:44:00,25562.75,25566.25,25562.75,25565.25,172,25568.43,25564.25,0.00
2025-11-27,06:45:00,25565.5,25565.5,25564.25,25564.75,147,25568.43,25564.25,0.00
2025-11-27,06:46:00,25564.75,25565.75,25563.5,25564.5,105,25568.42,25564.25,0.00
2025-11-27,06:47:00,25564.25,25565.25,25562.25,25564.25,111,25568.42,25564.25,0.00
2025-11-27,06:48:00,25563.75,25566,25563.75,25564.5,53,25568.41,25564.25,0.00
2025-11-27,06:49:00,25564.75,25567.25,25564.25,25566,146,25568.41,25564.26,0.00
2025-11-27,06:50:00,25566.5,25567.75,25565.25,25566.75,125,25568.41,25564.27,0.00
2025-11-27,06:51:00,25566.25,25568.25,25566.25,25567,122,25568.41,25564.28,0.00
2025-11-27,06:52:00,25566.5,25567.25,25563.75,25564.5,181,25568.40,25564.28,0.00
2025-11-27,06:53:00,25564.25,25566.5,25562.5,25562.75,151,25568.39,25564.28,0.00
2025-11-27,06:54:00,25563.25,25566.5,25562.75,25566,86,25568.39,25564.28,0.00
2025-11-27,06:55:00,25566.5,25568.25,25566.5,25567,87,25568.39,25564.29,0.00
2025-11-27,06:56:00,25567.75,25571.25,25567.5,25570.75,237,25568.39,25564.33,0.00
2025-11-27,06:57:00,25570.75,25571.25,25568.5,25569.5,141,25568.39,25564.35,0.00
2025-11-27,06:58:00,25569.25,25570.75,25568.75,25569,67,25568.39,25564.36,0.00
2025-11-27,06:59:00,25569.25,25571.75,25569,25571.5,84,25568.40,25564.38,0.00
2025-11-27,07:00:00,25571.75,25572.5,25569.75,25570.5,152,25568.40,25564.41,0.00
2025-11-27,07:01:00,25570.75,25572.25,25569.75,25571.25,183,25568.41,25564.44,0.00
2025-11-27,07:02:00,25570.75,25573.25,25570.5,25572.75,161,25568.41,25564.48,0.00
2025-11-27,07:03:00,25573.5,25575.25,25571.75,25572.25,185,25568.42,25564.53,0.00
2025-11-27,07:04:00,25572,25572.75,25570.75,25572.25,110,25568.43,25564.55,0.00
2025-11-27,07:05:00,25571.75,25572.75,25568.5,25569,133,25568.43,25564.57,0.00
2025-11-27,07:06:00,25569,25570.25,25567,25568,161,25568.43,25564.59,0.00
2025-11-27,07:07:00,25568.25,25568.75,25564.5,25566,198,25568.43,25564.60,0.00
2025-11-27,07:08:00,25566,25567.25,25565.25,25566.25,103,25568.42,25564.60,0.00
2025-11-27,07:09:00,25566,25566.75,25564.25,25564.75,106,25568.42,25564.61,0.00
2025-11-27,07:10:00,25564.5,25567.5,25564.25,25566.75,85,25568.42,25564.61,0.00
2025-11-27,07:11:00,25566.75,25566.75,25564.5,25565.25,69,25568.41,25564.61,0.00
2025-11-27,07:12:00,25566,25566.25,25563.75,25565,61,25568.41,25564.61,0.00
2025-11-27,07:13:00,25564.75,25565.25,25561.25,25562,199,25568.40,25564.60,0.00
2025-11-27,07:14:00,25562,25563.25,25561.25,25562.75,106,25568.39,25564.60,0.00
2025-11-27,07:15:00,25563,25567.5,25563,25566.75,157,25568.39,25564.60,0.00
2025-11-27,07:16:00,25566.75,25569.25,25566.5,25568.5,113,25568.39,25564.61,0.00
2025-11-27,07:17:00,25568.75,25568.75,25565.25,25565.25,85,25568.39,25564.62,0.00
2025-11-27,07:18:00,25565.5,25565.75,25563.75,25565,89,25568.38,25564.62,0.00
2025-11-27,07:19:00,25565.5,25566,25565,25566,38,25568.38,25564.62,0.00
2025-11-27,07:20:00,25566,25566.5,25562.5,25564.25,147,25568.37,25564.62,0.00
2025-11-27,07:21:00,25564.75,25565,25562.5,25564.75,69,25568.37,25564.62,0.00
2025-11-27,07:22:00,25564.75,25566.25,25562.25,25563.75,125,25568.36,25564.61,0.00
2025-11-27,07:23:00,25563.5,25563.75,25560.25,25561.5,154,25568.35,25564.60,0.00
2025-11-27,07:24:00,25561.5,25562.75,25560.75,25561,40,25568.35,25564.60,0.00
2025-11-27,07:25:00,25560.75,25565.25,25560.25,25564.75,137,25568.34,25564.59,0.00
2025-11-27,07:26:00,25564.5,25565.75,25563.5,25565.25,82,25568.34,25564.59,0.00
2025-11-27,07:27:00,25565.25,25567.5,25564.25,25567,182,25568.34,25564.60,0.00
2025-11-27,07:28:00,25567,25567.5,25565.25,25566.5,44,25568.33,25564.60,0.00
2025-11-27,07:29:00,25566,25566.25,25564,25564,33,25568.33,25564.60,0.00
2025-11-27,07:30:00,25563.75,25565.25,25563,25565.25,72,25568.33,25564.60,0.00
2025-11-27,07:31:00,25564.75,25565.5,25562,25562.75,90,25568.32,25564.60,0.00
2025-11-27,07:32:00,25562.5,25566.75,25561.75,25566.75,120,25568.32,25564.60,0.00
2025-11-27,07:33:00,25566.5,25569.75,25566.5,25568,132,25568.32,25564.62,0.00
2025-11-27,07:34:00,25568.75,25569.5,25565.25,25565.75,106,25568.32,25564.62,0.00
2025-11-27,07:35:00,25565.5,25566.25,25562.75,25565.5,167,25568.31,25564.62,0.00
2025-11-27,07:36:00,25565.25,25568.5,25565.25,25567.75,70,25568.31,25564.63,0.00
2025-11-27,07:37:00,25567.75,25569,25565.75,25567.25,83,25568.31,25564.63,0.00
2025-11-27,07:38:00,25567.5,25569.25,25566.25,25568.75,133,25568.31,25564.65,0.00
2025-11-27,07:39:00,25568.75,25572.75,25568.75,25572.5,217,25568.32,25564.68,0.00
2025-11-27,07:40:00,25573,25575.25,25572.5,25573.5,194,25568.33,25564.73,0.00
2025-11-27,07:41:00,25573.25,25574,25570.25,25572,153,25568.33,25564.76,0.00
2025-11-27,07:42:00,25571.75,25573,25570,25572.5,81,25568.34,25564.77,0.00
2025-11-27,07:43:00,25571.5,25576,25571.25,25574.75,175,25568.35,25564.81,0.00
2025-11-27,07:44:00,25575.25,25578.5,25574,25574.5,312,25568.37,25564.90,0.00
2025-11-27,07:45:00,25574.25,25576,25572.5,25573.75,117,25568.38,25564.93,0.00
2025-11-27,07:46:00,25574.25,25576.25,25572.25,25572.5,285,25568.40,25564.99,0.00
2025-11-27,07:47:00,25573,25574.75,25571,25571,143,25568.40,25565.02,0.00
2025-11-27,07:48:00,25571,25571.75,25568.5,25568.75,162,25568.41,25565.03,0.00
2025-11-27,07:49:00,25568.5,25571.5,25565.25,25567,231,25568.40,25565.05,0.00
2025-11-27,07:50:00,25567.5,25568.75,25565.75,25568,98,25568.40,25565.06,0.00
2025-11-27,07:51:00,25568.25,25569.75,25565,25566.75,228,25568.40,25565.07,0.00
2025-11-27,07:52:00,25567.25,25567.75,25565.75,25566,73,25568.40,25565.07,0.00
2025-11-27,07:53:00,25566.25,25567.75,25565,25566.5,119,25568.40,25565.08,0.00
2025-11-27,07:54:00,25566.5,25571,25565.5,25568.75,126,25568.40,25565.09,0.00
2025-11-27,07:55:00,25568.75,25568.75,25564.25,25564.5,123,25568.39,25565.09,0.00
2025-11-27,07:56:00,25565,25565.5,25562.25,25562.25,173,25568.38,25565.08,0.00
2025-11-27,07:57:00,25562.75,25562.75,25560.5,25561,271,25568.36,25565.06,0.00
2025-11-27,07:58:00,25561,25564,25559.75,25561.5,213,25568.35,25565.04,0.00
2025-11-27,07:59:00,25561.5,25562.5,25560,25561.5,105,25568.34,25565.03,0.00
2025-11-27,08:00:00,25561.25,25562.5,25558.75,25559.25,125,25568.33,25565.02,0.00
2025-11-27,08:01:00,25560,25562,25556.75,25557.25,343,25568.29,25564.96,0.00
2025-11-27,08:02:00,25557.25,25564.5,25556.25,25561.5,362,25568.27,25564.93,0.00
2025-11-27,08:03:00,25561.5,25562.5,25558.75,25559.25,134,25568.25,25564.91,0.00
2025-11-27,08:04:00,25559,25559.25,25556.5,25557.75,126,25568.24,25564.89,0.00
2025-11-27,08:05:00,25557.5,25561.5,25557.25,25560.75,103,25568.23,25564.88,0.00
2025-11-27,08:06:00,25560.75,25566.25,25560.75,25565.25,253,25568.22,25564.88,0.00
2025-11-27,08:07:00,25565,25568.25,25562.25,25564.25,447,25568.21,25564.88,0.00
2025-11-27,08:08:00,25564,25567.5,25563,25566.75,122,25568.20,25564.88,0.00
2025-11-27,08:09:00,25566.75,25568.75,25565.5,25566.25,193,25568.20,25564.89,0.00
2025-11-27,08:10:00,25566.25,25567,25564.25,25566.25,118,25568.20,25564.89,0.00
2025-11-27,08:11:00,25566.5,25568.5,25566,25567.75,182,25568.20,25564.90,0.00
2025-11-27,08:12:00,25567.75,25568.5,25567.25,25567.25,94,25568.19,25564.91,0.00
2025-11-27,08:13:00,25567.25,25568.25,25563.25,25565.75,159,25568.19,25564.91,0.00
2025-11-27,08:14:00,25566.25,25566.5,25564.5,25566.25,49,25568.19,25564.91,0.00
2025-11-27,08:15:00,25566,25568.5,25563.75,25563.75,116,25568.19,25564.91,0.00
2025-11-27,08:16:00,25564,25564.5,25561.75,25562.5,140,25568.18,25564.91,0.00
2025-11-27,08:17:00,25562.5,25564.25,25560,25560.25,146,25568.17,25564.89,0.00
2025-11-27,08:18:00,25560.25,25562,25559,25560,184,25568.15,25564.88,0.00
2025-11-27,08:19:00,25561,25562.5,25558.75,25559.75,88,25568.15,25564.87,0.00
2025-11-27,08:20:00,25559.75,25560.75,25559.25,25560.5,56,25568.14,25564.86,0.00
2025-11-27,08:21:00,25560.75,25561.75,25559,25560.5,86,25568.14,25564.85,0.00
2025-11-27,08:22:00,25560.25,25560.5,25558,25558.75,115,25568.12,25564.84,0.00
2025-11-27,08:23:00,25559,25560,25557.5,25557.75,117,25568.11,25564.82,0.00
2025-11-27,08:24:00,25557.5,25559.75,25557.5,25558.5,71,25568.11,25564.81,0.00
2025-11-27,08:25:00,25559,25561.25,25559,25560.25,85,25568.10,25564.80,0.00
2025-11-27,08:26:00,25560.25,25561,25558.25,25560.5,94,25568.09,25564.79,0.00
2025-11-27,08:27:00,25560,25560.25,25558.75,25558.75,43,25568.09,25564.79,0.00
2025-11-27,08:28:00,25558.5,25558.75,25557.25,25558.25,88,25568.08,25564.78,0.00
2025-11-27,08:29:00,25558,25558.5,25557.5,25557.5,61,25568.07,25564.77,0.00
2025-11-27,08:30:00,25557.5,25559,25557.5,25557.75,51,25568.07,25564.76,0.00
2025-11-27,08:31:00,25557.5,25560,25557,25559.25,154,25568.05,25564.74,0.00
2025-11-27,08:32:00,25558.75,25561,25558.25,25559.25,122,25568.04,25564.72,0.00
2025-11-27,08:33:00,25559,25560.5,25557,25558.5,139,25568.03,25564.71,0.00
2025-11-27,08:34:00,25558.25,25559,25556.75,25558,86,25568.02,25564.69,0.00
2025-11-27,08:35:00,25557.75,25561.25,25557.25,25560.25,113,25568.01,25564.68,0.00
2025-11-27,08:36:00,25560.75,25561.25,25557.5,25559,134,25568.00,25564.67,0.00
2025-11-27,08:37:00,25559.25,25561.75,25558.75,25558.75,76,25567.99,25564.66,0.00
2025-11-27,08:38:00,25558.75,25559.5,25556.5,25557.25,57,25567.99,25564.65,0.00
2025-11-27,08:39:00,25557.75,25560,25557.75,25559.75,59,25567.98,25564.64,0.00
2025-11-27,08:40:00,25559.75,25560.5,25558,25558.75,61,25567.98,25564.64,0.00
2025-11-27,08:41:00,25558,25559,25555.75,25556.25,135,25567.96,25564.61,0.00
2025-11-27,08:42:00,25556.25,25557.5,25554.5,25554.75,199,25567.94,25564.58,0.00
2025-11-27,08:43:00,25554.5,25555,25550.25,25550.75,605,25567.84,25564.42,0.00
2025-11-27,08:44:00,25550.25,25552.25,25547.25,25550,389,25567.77,25564.30,0.00
2025-11-27,08:45:00,25549.25,25551.75,25547.25,25551,304,25567.72,25564.21,0.00
2025-11-27,08:46:00,25551.5,25552.5,25549.5,25550.25,275,25567.67,25564.14,0.00
2025-11-27,08:47:00,25550.25,25551.25,25547.75,25549,193,25567.64,25564.08,0.00
2025-11-27,08:48:00,25548.5,25551,25547,25551,269,25567.59,25564.00,0.00
2025-11-27,08:49:00,25550.5,25552.25,25549.25,25551.75,136,25567.57,25563.96,0.00
2025-11-27,08:50:00,25551.5,25555.5,25551.5,25553.25,289,25567.53,25563.90,0.00
2025-11-27,08:51:00,25553.5,25554.75,25551.75,25554.5,153,25567.51,25563.87,0.00
2025-11-27,08:52:00,25554,25556,25553.75,25554.75,84,25567.50,25563.86,0.00
2025-11-27,08:53:00,25555.75,25555.75,25553.25,25554.25,76,25567.49,25563.84,0.00
2025-11-27,08:54:00,25553.75,25555.5,25551.25,25551.75,133,25567.47,25563.81,0.00
2025-11-27,08:55:00,25551.75,25552.75,25550.5,25552,121,25567.45,25563.78,0.00
2025-11-27,08:56:00,25551.75,25556.75,25551.75,25555,113,25567.43,25563.76,0.00
2025-11-27,08:57:00,25554.75,25555.75,25553.25,25554.25,72,25567.43,25563.75,0.00
2025-11-27,08:58:00,25554.25,25557,25554,25554.75,136,25567.41,25563.73,0.00
2025-11-27,08:59:00,25555,25555,25550,25550,154,25567.39,25563.69,0.00
2025-11-27,09:00:00,25550,25552.25,25548.75,25550.75,233,25567.35,25563.63,0.00
2025-11-27,09:01:00,25550.25,25552.5,25548.5,25551.25,256,25567.31,25563.57,0.00
2025-11-27,09:02:00,25551,25553.5,25549.25,25552.25,101,25567.29,25563.54,0.00
2025-11-27,09:03:00,25553.25,25555.75,25551.75,25554.75,208,25567.27,25563.51,0.00
2025-11-27,09:04:00,25554.75,25555.25,25552.5,25552.75,127,25567.25,25563.48,0.00
2025-11-27,09:05:00,25553,25554.25,25552.5,25554,155,25567.23,25563.45,0.00
2025-11-27,09:06:00,25553.75,25556.25,25553.5,25555.75,80,25567.22,25563.44,0.00
2025-11-27,09:07:00,25556.25,25558.25,25555.25,25557,328,25567.19,25563.40,0.00
2025-11-27,09:08:00,25556.75,25556.75,25553,25553.25,185,25567.16,25563.37,0.00
2025-11-27,09:09:00,25553,25554.25,25550.25,25552.25,157,25567.14,25563.33,0.00
2025-11-27,09:10:00,25551.75,25554.75,25551,25553.25,65,25567.13,25563.32,0.00
2025-11-27,09:11:00,25553.5,25554.75,25552,25554.25,59,25567.13,25563.31,0.00
2025-11-27,09:12:00,25553.75,25553.75,25549.75,25550,107,25567.11,25563.29,0.00
2025-11-27,09:13:00,25551,25552.25,25550,25550.25,65,25567.10,25563.27,0.00
2025-11-27,09:14:00,25550.25,25550.25,25543.75,25546,992,25566.91,25546.67,0.00
2025-11-27,09:15:00,25546,25549.75,25545.75,25548.25,249,25566.86,25546.92,0.00
2025-11-27,09:16:00,25547.75,25551,25546.25,25547.5,281,25566.82,25547.16,0.00
2025-11-27,09:17:00,25547.25,25547.25,25541.25,25544.75,550,25566.70,25544.42,0.00
2025-11-27,09:18:00,25544.75,25547,25544.5,25545.75,173,25566.67,25544.74,0.00
2025-11-27,09:19:00,25545.5,25547.75,25544.25,25545.75,162,25566.64,25544.95,0.00
2025-11-27,09:20:00,25545.75,25547,25544.25,25544.5,116,25566.61,25544.99,0.00
2025-11-27,09:21:00,25544.5,25545,25543.25,25545,141,25566.58,25544.92,0.00
2025-11-27,09:22:00,25544.5,25551.75,25544.5,25551.5,273,25566.54,25545.75,0.00
2025-11-27,09:23:00,25551.25,25554.5,25550.75,25550.75,328,25566.50,25546.93,0.00
2025-11-27,09:24:00,25551.25,25554.5,25549.25,25554,274,25566.46,25547.70,0.00
2025-11-27,09:25:00,25553.75,25555.25,25552.75,25553,154,25566.44,25548.12,0.00
2025-11-27,09:26:00,25552.5,25552.5,25548.75,25549.75,197,25566.41,25548.30,0.00
2025-11-27,09:27:00,25549.75,25550.5,25547,25549,191,25566.38,25548.34,0.00
2025-11-27,09:28:00,25548.5,25549.25,25545.75,25548,156,25566.36,25548.30,0.00
2025-11-27,09:29:00,25547.5,25551.5,25547.5,25550,140,25566.34,25548.37,0.00
2025-11-27,09:30:00,25549.75,25552.5,25548.25,25552.5,158,25566.31,25548.51,0.00
2025-11-27,09:31:00,25552,25568.5,25551.5,25563.5,1720,25566.24,25553.11,0.00
2025-11-27,09:32:00,25564.25,25566.25,25558.5,25561.5,1173,25566.19,25554.89,0.00
2025-11-27,09:33:00,25561.5,25568.25,25559.75,25565.75,538,25566.18,25555.70,0.00
2025-11-27,09:34:00,25565.75,25567.25,25556.75,25560.75,706,25566.16,25556.28,0.00
2025-11-27,09:35:00,25561,25563,25559,25561.25,232,25566.15,25556.43,0.00
2025-11-27,09:36:00,25561.25,25562.75,25554.75,25556.5,289,25566.13,25556.49,0.00
2025-11-27,09:37:00,25556.75,25561,25555.25,25561,196,25566.11,25556.56,0.00
2025-11-27,09:38:00,25561,25566.5,25558.5,25559.75,545,25566.09,25556.88,0.00
2025-11-27,09:39:00,25559.75,25561.5,25557,25557,121,25566.08,25556.91,0.00
2025-11-27,09:40:00,25557,25559.5,25555.5,25559.25,152,25566.07,25556.93,0.00
2025-11-27,09:41:00,25558.5,25559.5,25557,25558.25,103,25566.07,25556.94,0.00
2025-11-27,09:42:00,25558.25,25560.5,25557.5,25559.75,139,25566.06,25556.98,0.00
2025-11-27,09:43:00,25559.5,25564,25557.75,25564,143,25566.05,25557.06,0.00
2025-11-27,09:44:00,25564.25,25564.25,25562,25564.25,201,25566.05,25557.20,0.00
2025-11-27,09:45:00,25564.25,25565,25562.5,25564.25,167,25566.05,25557.31,0.00
2025-11-27,09:46:00,25564.25,25564.25,25560.5,25561.25,129,25566.04,25557.38,0.00
2025-11-27,09:47:00,25561,25561.5,25558.5,25559.75,249,25566.03,25557.44,0.00
2025-11-27,09:48:00,25559.75,25563,25559.75,25561,69,25566.03,25557.47,0.00
2025-11-27,09:49:00,25560.75,25561.5,25559.5,25559.75,74,25566.02,25557.49,0.00
2025-11-27,09:50:00,25559.5,25559.5,25557.75,25558.25,131,25566.01,25557.50,0.00
2025-11-27,09:51:00,25558.25,25559.25,25556.25,25557.25,224,25566.00,25557.50,0.00
2025-11-27,09:52:00,25557.25,25559.75,25556.75,25558,181,25565.99,25557.52,0.00
2025-11-27,09:53:00,25558.25,25560.25,25556.5,25558.75,117,25565.98,25557.53,0.00
2025-11-27,09:54:00,25558.75,25560.5,25557.25,25559.5,120,25565.97,25557.54,0.00
2025-11-27,09:55:00,25559.5,25561.75,25559.25,25560.75,101,25565.97,25557.57,0.00
2025-11-27,09:56:00,25561.5,25561.5,25558.5,25560,122,25565.96,25557.60,0.00
2025-11-27,09:57:00,25560.25,25562.5,25558.5,25558.5,230,25565.95,25557.65,0.00
2025-11-27,09:58:00,25559,25559.75,25556,25557.5,262,25565.93,25557.65,0.00
2025-11-27,09:59:00,25557.25,25558.75,25556.5,25557,158,25565.92,25557.64,0.00
2025-11-27,10:00:00,25556.75,25556.75,25553.25,25553.75,252,25565.89,25557.58,0.00
2025-11-27,10:01:00,25553.5,25557.25,25552.5,25556.25,298,25565.87,25557.52,0.00
2025-11-27,10:02:00,25555.5,25556,25553.25,25554.75,139,25565.85,25557.49,0.00
2025-11-27,10:03:00,25555,25555,25551.25,25552.25,264,25565.83,25557.39,0.00
2025-11-27,10:04:00,25552,25554.5,25550.5,25553.75,200,25565.80,25557.32,0.00
2025-11-27,10:05:00,25553.5,25555.75,25553.25,25553.75,159,25565.79,25557.29,0.00
2025-11-27,10:06:00,25554,25556,25553.75,25554.75,157,25565.77,25557.26,0.00
2025-11-27,10:07:00,25555,25559.5,25542,25555.25,2735,25565.47,25556.39,0.00
2025-11-27,10:08:00,25555.75,25557.25,25552.25,25553.75,280,25565.45,25556.36,0.00
2025-11-27,10:09:00,25554.25,25555.5,25548.5,25550.75,342,25565.41,25556.26,0.00
2025-11-27,10:10:00,25550.5,25555.25,25550.5,25553.25,217,25565.39,25556.21,0.00
2025-11-27,10:11:00,25553.25,25555.75,25552.75,25554.5,183,25565.37,25556.19,0.00
2025-11-27,10:12:00,25554.25,25556.5,25549.75,25551.75,254,25565.35,25556.14,0.00
2025-11-27,10:13:00,25552.25,25552.5,25545.75,25550,569,25565.27,25555.92,0.00
2025-11-27,10:14:00,25550.25,25551.5,25546.75,25549.5,435,25565.22,25555.76,0.00
2025-11-27,10:15:00,25549.5,25552.5,25549.25,25550.75,117,25565.20,25555.73,0.00
2025-11-27,10:16:00,25551.25,25553,25549.75,25551.25,243,25565.18,25555.67,0.00
2025-11-27,10:17:00,25550.75,25555.75,25550.75,25555.5,273,25565.15,25555.65,0.00
2025-11-27,10:18:00,25555.75,25556.75,25553,25553.75,295,25565.13,25555.63,0.00
2025-11-27,10:19:00,25554,25556,25553.75,25555.25,174,25565.11,25555.63,0.00
2025-11-27,10:20:00,25555.5,25557.25,25555,25555.75,191,25565.10,25555.63,0.00
2025-11-27,10:21:00,25555.75,25557.5,25554,25554.75,233,25565.08,25555.63,0.00
2025-11-27,10:22:00,25555,25563.5,25553.75,25557.75,785,25565.04,25555.73,0.00
2025-11-27,10:23:00,25557.75,25561,25556.25,25557.5,327,25565.02,25555.77,0.00
2025-11-27,10:24:00,25557.5,25559.25,25554.75,25555,177,25565.01,25555.78,0.00
2025-11-27,10:25:00,25555.5,25557,25552.5,25555.5,208,25565.00,25555.77,0.00
2025-11-27,10:26:00,25555.5,25560,25555.25,25559,297,25564.98,25555.80,0.00
2025-11-27,10:27:00,25559,25562.25,25559,25560.75,268,25564.97,25555.86,0.00
2025-11-27,10:28:00,25561,25561.5,25559,25559.25,195,25564.96,25555.90,0.00
2025-11-27,10:29:00,25559.75,25559.75,25554.25,25554.75,343,25564.94,25555.90,0.00
2025-11-27,10:30:00,25554.75,25556.25,25553.5,25554.25,262,25564.92,25555.89,0.00
2025-11-27,10:31:00,25554.75,25564.25,25554.5,25563.75,814,25564.89,25556.06,0.00
2025-11-27,10:32:00,25563.25,25569.25,25561.25,25565.25,1155,25564.90,25556.50,0.00
2025-11-27,10:33:00,25565.5,25567.5,25561.5,25565,571,25564.90,25556.68,0.00
2025-11-27,10:34:00,25565,25571.25,25564,25569.5,645,25564.91,25556.97,0.00
2025-11-27,10:35:00,25570.25,25570.25,25563,25564.25,546,25564.92,25557.16,0.00
2025-11-27,10:36:00,25564,25566.5,25562.5,25562.75,392,25564.91,25557.26,0.00
2025-11-27,10:37:00,25562.75,25564,25551.5,25553,1303,25564.83,25557.21,0.00
2025-11-27,10:38:00,25552.25,25555.25,25550.25,25552.5,678,25564.77,25557.10,0.00
2025-11-27,10:39:00,25553.25,25556.25,25550,25552,603,25564.71,25557.01,0.00
2025-11-27,10:40:00,25551.75,25552.25,25546,25548.5,542,25564.65,25556.86,0.00
2025-11-27,10:41:00,25548.25,25548.25,25540.25,25543,1381,25564.44,25543.83,0.00
2025-11-27,10:42:00,25543,25551,25541.25,25549.5,1086,25564.31,25545.34,0.00
2025-11-27,10:43:00,25549.25,25552.75,25548.5,25550.25,627,25564.25,25546.38,0.00
2025-11-27,10:44:00,25550.75,25551.75,25548.25,25548.75,344,25564.21,25546.70,0.00
2025-11-27,10:45:00,25549.25,25554.75,25548.75,25552.5,557,25564.16,25547.44,0.00
2025-11-27,10:46:00,25552.25,25553.25,25550.5,25551.5,267,25564.14,25547.71,0.00
2025-11-27,10:47:00,25551.75,25552,25548.25,25549.75,340,25564.11,25547.88,0.00
2025-11-27,10:48:00,25549.75,25551.5,25548.75,25549.5,208,25564.08,25547.97,0.00
2025-11-27,10:49:00,25550,25552,25549.5,25551.25,167,25564.07,25548.07,0.00
2025-11-27,10:50:00,25551,25553.5,25550,25551.5,239,25564.05,25548.23,0.00
2025-11-27,10:51:00,25551.75,25551.75,25547,25549.5,362,25564.01,25548.31,0.00
2025-11-27,10:52:00,25549.25,25551,25548,25549.5,116,25564.00,25548.33,0.00
2025-11-27,10:53:00,25549,25550,25543.5,25546.25,544,25563.93,25548.18,0.00
2025-11-27,10:54:00,25545.5,25547.5,25543.5,25544,385,25563.88,25548.00,0.00
2025-11-27,10:55:00,25544.25,25545.75,25541.25,25545,588,25563.80,25547.67,0.00
2025-11-27,10:56:00,25545,25549,25543.75,25547.5,404,25563.75,25547.62,0.00
2025-11-27,10:57:00,25547.25,25550.5,25547.25,25549.5,427,25563.71,25547.70,0.00
2025-11-27,10:58:00,25549.5,25551.25,25546.25,25547,384,25563.67,25547.72,0.00
2025-11-27,10:59:00,25546.75,25548.25,25545.25,25546.25,219,25563.64,25547.69,0.00
2025-11-27,11:00:00,25546.5,25550.5,25546,25549.5,290,25563.61,25547.72,0.00
2025-11-27,11:01:00,25549.5,25551.5,25546.5,25549.5,417,25563.57,25547.79,0.00
2025-11-27,11:02:00,25549,25551.25,25547.25,25547.25,176,25563.55,25547.80,0.00
2025-11-27,11:03:00,25547.75,25549.5,25546,25548.25,201,25563.53,25547.80,0.00
2025-11-27,11:04:00,25548.5,25549.75,25547.75,25548.75,122,25563.52,25547.82,0.00
2025-11-27,11:05:00,25548.75,25550.5,25547.25,25548.75,192,25563.50,25547.84,0.00
2025-11-27,11:06:00,25549,25549.25,25547.25,25549,146,25563.49,25547.85,0.00
2025-11-27,11:07:00,25548.75,25550.75,25548,25549.75,221,25563.46,25547.88,0.00
2025-11-27,11:08:00,25549.75,25551.75,25548,25549.25,299,25563.44,25547.93,0.00
2025-11-27,11:09:00,25549.25,25551,25547.25,25550.25,249,25563.41,25547.97,0.00
2025-11-27,11:10:00,25550.5,25554.25,25549.75,25553.25,444,25563.38,25548.14,0.00
2025-11-27,11:11:00,25553.75,25555.5,25550,25552.5,467,25563.35,25548.32,0.00
2025-11-27,11:12:00,25551.75,25553.5,25550,25552,196,25563.33,25548.37,0.00
2025-11-27,11:13:00,25552,25559,25552,25558.75,764,25563.30,25548.86,0.00
2025-11-27,11:14:00,25558.75,25561,25556.5,25558.25,722,25563.27,25549.38,0.00
2025-11-27,11:15:00,25558,25559.75,25556.25,25557.25,397,25563.26,25549.62,0.00
2025-11-27,11:16:00,25557.25,25559.5,25554,25558.25,552,25563.24,25549.91,0.00
2025-11-27,11:17:00,25557.75,25557.75,25554.75,25556.5,262,25563.23,25550.02,0.00
2025-11-27,11:18:00,25556.25,25557.5,25554.75,25556.5,262,25563.21,25550.13,0.00
2025-11-27,11:19:00,25557,25559,25556.5,25556.75,265,25563.20,25550.26,0.00
2025-11-27,11:20:00,25557.25,25557.75,25555.75,25556.75,140,25563.20,25550.32,0.00
2025-11-27,11:21:00,25557,25558.5,25556,25557.25,326,25563.18,25550.46,0.00
2025-11-27,11:22:00,25557.25,25560.25,25557.25,25559.25,225,25563.18,25550.58,0.00
2025-11-27,11:23:00,25559.25,25560.25,25554.25,25556.5,311,25563.17,25550.70,0.00
2025-11-27,11:24:00,25556.5,25558.25,25555.5,25557.25,184,25563.16,25550.77,0.00
2025-11-27,11:25:00,25557.25,25561,25555.75,25559.5,277,25563.15,25550.91,0.00
2025-11-27,11:26:00,25560,25560,25556.75,25557.5,230,25563.14,25551.00,0.00
2025-11-27,11:27:00,25557.5,25557.75,25555.25,25556.25,206,25563.13,25551.07,0.00
2025-11-27,11:28:00,25556.5,25558.5,25555.75,25557,179,25563.13,25551.13,0.00
2025-11-27,11:29:00,25556.5,25557.75,25555,25555.5,222,25563.12,25551.19,0.00
2025-11-27,11:30:00,25554.75,25556.75,25553.75,25556.5,417,25563.10,25551.30,0.00
2025-11-27,11:31:00,25556.75,25557.75,25553.25,25553.5,323,25563.08,25551.36,0.00
2025-11-27,11:32:00,25553.25,25553.75,25547.25,25548,747,25563.02,25551.29,0.00
2025-11-27,11:33:00,25547.5,25550.5,25547.25,25549,388,25562.98,25551.24,0.00
2025-11-27,11:34:00,25549,25550,25546.5,25548,319,25562.95,25551.19,0.00
2025-11-27,11:35:00,25548.25,25548.75,25544.75,25546,338,25562.91,25551.12,0.00
2025-11-27,11:36:00,25545.75,25548,25543.25,25546.5,565,25562.85,25550.97,0.00
2025-11-27,11:37:00,25546.25,25550.25,25546.25,25548,416,25562.81,25550.92,0.00
2025-11-27,11:38:00,25548,25549,25545.5,25549,251,25562.79,25550.88,0.00
2025-11-27,11:39:00,25549,25551.25,25547.75,25549.75,270,25562.77,25550.87,0.00
2025-11-27,11:40:00,25549.75,25550,25546.25,25549.5,229,25562.75,25550.84,0.00
2025-11-27,11:41:00,25549.5,25550.5,25547.5,25549.5,228,25562.73,25550.82,0.00
2025-11-27,11:42:00,25549.25,25553.75,25549.25,25552.75,488,25562.70,25550.85,0.00
2025-11-27,11:43:00,25552.5,25555,25552.5,25554.5,374,25562.68,25550.90,0.00
2025-11-27,11:44:00,25555,25556,25552.75,25554,262,25562.66,25550.94,0.00
2025-11-27,11:45:00,25553.5,25555,25552,25552,141,25562.65,25550.95,0.00
2025-11-27,11:46:00,25551.75,25553.5,25550.25,25552.75,310,25562.63,25550.97,0.00
2025-11-27,11:47:00,25553.25,25554.75,25552.5,25553,161,25562.62,25550.98,0.00
2025-11-27,11:48:00,25552.75,25554.25,25552.75,25553.25,108,25562.62,25550.99,0.00
2025-11-27,11:49:00,25553.25,25554,25552,25553.75,156,25562.61,25551.01,0.00
2025-11-27,11:50:00,25553.75,25555.25,25553.5,25554.5,136,25562.60,25551.03,0.00
2025-11-27,11:51:00,25554.5,25555.5,25553.75,25554.5,269,25562.59,25551.07,0.00
2025-11-27,11:52:00,25554.5,25554.5,25552,25553.5,269,25562.57,25551.09,0.00
2025-11-27,11:53:00,25553.25,25555,25553,25553.5,177,25562.56,25551.11,0.00
2025-11-27,11:54:00,25553.5,25554.75,25552,25554,181,25562.55,25551.13,0.00
2025-11-27,11:55:00,25554,25554.25,25551.25,25552.5,206,25562.54,25551.14,0.00
2025-11-27,11:56:00,25552.75,25554.5,25551.5,25553.5,230,25562.53,25551.16,0.00
2025-11-27,11:57:00,25553.25,25555.5,25553.25,25554.75,268,25562.51,25551.19,0.00
2025-11-27,11:58:00,25554.75,25555.25,25553,25553.25,167,25562.50,25551.21,0.00
2025-11-27,11:59:00,25553,25555.25,25553,25553.75,107,25562.50,25551.22,0.00
2025-11-27,12:00:00,25554,25554.75,25553,25554,241,25562.49,25551.25,0.00
2025-11-27,12:01:00,25554,25555.25,25553.25,25554.5,240,25562.47,25551.27,0.00
2025-11-27,12:02:00,25555,25555.75,25551.5,25552.25,441,25562.45,25551.31,0.00
2025-11-27,12:03:00,25552.25,25552.5,25548.25,25548.75,350,25562.42,25551.29,0.00
2025-11-27,12:04:00,25548.75,25549,25542.5,25544.25,680,25562.35,25551.14,0.00
2025-11-27,12:05:00,25543.75,25544.25,25539,25542,855,25562.25,25541.75,0.00
2025-11-27,12:06:00,25542.25,25548.25,25541.5,25547.5,567,25562.19,25543.34,0.00
2025-11-27,12:07:00,25547.75,25549,25546,25547,222,25562.17,25543.88,0.00
2025-11-27,12:08:00,25547,25547.75,25545,25547.75,174,25562.15,25544.17,0.00
2025-11-27,12:09:00,25547.25,25551,25546.75,25550,296,25562.13,25544.88,0.00
2025-11-27,12:10:00,25550.25,25551.5,25549.5,25550.5,181,25562.12,25545.32,0.00
2025-11-27,12:11:00,25550.75,25550.75,25548.25,25549.25,215,25562.10,25545.67,0.00
2025-11-27,12:12:00,25549.5,25550.5,25543.75,25545,334,25562.07,25545.76,0.00
2025-11-27,12:13:00,25544.75,25545.25,25543.25,25543.75,305,25562.04,25545.60,0.00
2025-11-27,12:14:00,25544,25547.25,25542.75,25544.75,291,25562.01,25545.54,0.00
2025-11-27,12:15:00,25545,25550,25543,25549.5,340,25561.98,25545.72,0.00
2025-11-27,12:16:00,25549.75,25550.25,25546.25,25547.5,182,25561.96,25545.82,0.00
2025-11-27,12:17:00,25547.75,25552.5,25546.5,25552.25,325,25561.94,25546.17,0.00
2025-11-27,12:18:00,25552.5,25553,25548.25,25549.75,285,25561.92,25546.43,0.00
2025-11-27,12:19:00,25549.5,25552,25549,25550,178,25561.91,25546.58,0.00
2025-11-27,12:20:00,25550.25,25551,25548,25549.5,119,25561.90,25546.65,0.00
2025-11-27,12:21:00,25549.25,25550.75,25548.5,25549.25,150,25561.89,25546.73,0.00
2025-11-27,12:22:00,25549.25,25552.5,25549,25552,148,25561.88,25546.86,0.00
2025-11-27,12:23:00,25552.25,25553,25550.75,25552.5,239,25561.87,25547.09,0.00
2025-11-27,12:24:00,25552.5,25553,25551.25,25552,105,25561.86,25547.18,0.00
2025-11-27,12:25:00,25551.75,25552.25,25549.5,25551.75,183,25561.85,25547.31,0.00
2025-11-27,12:26:00,25551.25,25554.25,25549.75,25552.5,354,25561.83,25547.60,0.00
2025-11-27,12:27:00,25552.5,25555,25551.25,25554.25,312,25561.81,25547.89,0.00
2025-11-27,12:28:00,25554.5,25557.75,25554.5,25557.75,477,25561.80,25548.50,0.00
2025-11-27,12:29:00,25557.25,25557.25,25554.25,25554.5,413,25561.78,25548.89,0.00
2025-11-27,12:30:00,25554.5,25555.5,25553.5,25554.75,258,25561.77,25549.08,0.00
2025-11-27,12:31:00,25555,25555.75,25552.25,25553.5,338,25561.76,25549.29,0.00
2025-11-27,12:32:00,25553,25554.5,25550.5,25552.75,373,25561.74,25549.44,0.00
2025-11-27,12:33:00,25553,25554.75,25552.5,25553.25,128,25561.73,25549.50,0.00
2025-11-27,12:34:00,25552.75,25552.75,25550,25551.5,254,25561.72,25549.56,0.00
2025-11-27,12:35:00,25551.5,25553,25551.25,25552.25,158,25561.71,25549.60,0.00
2025-11-27,12:36:00,25552.5,25555,25551.75,25553.5,267,25561.70,25549.72,0.00
2025-11-27,12:37:00,25553.5,25555,25553.5,25553.5,94,25561.69,25549.76,0.00
2025-11-27,12:38:00,25553.75,25554.25,25552,25553.5,118,25561.69,25549.81,0.00
2025-11-27,12:39:00,25553.5,25553.75,25551.5,25552.25,108,25561.68,25549.84,0.00
2025-11-27,12:40:00,25552,25553.5,25551,25551.75,158,25561.67,25549.87,0.00
2025-11-27,12:41:00,25551.5,25551.75,25549.25,25550.75,245,25561.66,25549.89,0.00
2025-11-27,12:42:00,25550.5,25552.25,25550.5,25551.75,118,25561.65,25549.91,0.00
2025-11-27,12:43:00,25551.75,25553.25,25550.75,25552.75,83,25561.64,25549.93,0.00
2025-11-27,12:44:00,25552.5,25554.5,25552.5,25554.25,159,25561.64,25549.99,0.00
2025-11-27,12:45:00,25554.25,25554.25,25552.25,25552.5,76,25561.63,25550.01,0.00
2025-11-27,12:46:00,25552,25552.75,25550.25,25552.25,107,25561.63,25550.03,0.00
2025-11-27,12:47:00,25552.75,25553,25551.25,25552.75,70,25561.62,25550.05,0.00
2025-11-27,12:48:00,25552.5,25552.5,25550.5,25550.5,44,25561.62,25550.05,0.00
2025-11-27,12:49:00,25550.75,25551.25,25548.25,25549.5,243,25561.60,25550.04,0.00
2025-11-27,12:50:00,25549.5,25549.5,25547,25548.5,251,25561.59,25550.00,0.00
2025-11-27,12:51:00,25549,25550.25,25548.75,25548.75,109,25561.58,25550.00,0.00
2025-11-27,12:52:00,25549,25549,25546.5,25547.5,103,25561.57,25549.97,0.00
2025-11-27,12:53:00,25547.75,25547.75,25544,25544,224,25561.55,25549.88,0.00
2025-11-27,12:54:00,25544,25547.25,25544,25547,260,25561.53,25549.80,0.00
2025-11-27,12:55:00,25546.75,25547.25,25546,25546.75,92,25561.52,25549.77,0.00
2025-11-27,12:56:00,25547,25549.5,25545.75,25549.25,200,25561.50,25549.74,0.00
2025-11-27,12:57:00,25549.5,25551.75,25549,25550.75,187,25561.49,25549.76,0.00
2025-11-27,12:58:00,25550.75,25551.5,25549.25,25551.25,115,25561.48,25549.76,0.00
2025-11-27,12:59:00,25550.75,25552.25,25548.75,25550.5,134,25561.48,25549.77,0.00
2025-11-27,13:00:00,25550.25,25550.75,25546.75,25549.5,191,25561.46,25549.76,0.00
2025-11-27,13:01:00,25549.75,25551.5,25549,25550.25,242,25561.45,25549.77,0.00
2025-11-27,13:02:00,25550.5,25553.25,25550.25,25552.5,165,25561.44,25549.80,0.00
2025-11-27,13:03:00,25552.75,25553,25549.25,25549.25,109,25561.43,25549.80,0.00
2025-11-27,13:04:00,25549.25,25549.25,25547.5,25548.25,159,25561.42,25549.79,0.00
2025-11-27,13:05:00,25548.5,25551,25548.5,25550.75,63,25561.42,25549.79,0.00
2025-11-27,13:06:00,25551.25,25552,25550,25550.25,107,25561.41,25549.80,0.00
2025-11-27,13:07:00,25550.75,25550.75,25549,25549.5,75,25561.40,25549.80,0.00
2025-11-27,13:08:00,25550.25,25551,25550.25,25550.75,49,25561.40,25549.80,0.00
2025-11-27,13:09:00,25550.75,25550.75,25549.25,25549.5,33,25561.40,25549.80,0.00
2025-11-27,13:10:00,25549.25,25549.75,25548.5,25549.5,51,25561.40,25549.80,0.00
2025-11-27,13:11:00,25549.5,25549.5,25547.25,25548.5,138,25561.39,25549.78,0.00
2025-11-27,13:12:00,25548.5,25550.25,25548,25550,81,25561.38,25549.78,0.00
2025-11-27,13:13:00,25550,25550.5,25549,25549.5,61,25561.38,25549.78,0.00
2025-11-27,13:14:00,25549.5,25550.25,25549,25550.25,69,25561.37,25549.78,0.00
2025-11-27,13:15:00,25550,25550,25549,25549.5,53,25561.37,25549.78,0.00
2025-11-27,13:16:00,25549.5,25552.25,25549.25,25551.75,124,25561.36,25549.79,0.00
2025-11-27,13:17:00,25552.25,25552.5,25551,25551.5,90,25561.36,25549.80,0.00
2025-11-27,13:18:00,25550.75,25552,25550.5,25551.25,28,25561.36,25549.81,0.00
2025-11-27,13:19:00,25551,25551.5,25550.25,25550.75,37,25561.35,25549.81,0.00
2025-11-27,13:20:00,25550.5,25551.25,25550.25,25551,32,25561.35,25549.81,0.00
2025-11-27,13:21:00,25551,25551,25549.25,25549.75,99,25561.34,25549.81,0.00
2025-11-27,13:22:00,25549.75,25550.5,25549,25549.25,68,25561.34,25549.81,0.00
2025-11-27,13:23:00,25549.5,25550.5,25549,25549.75,42,25561.34,25549.81,0.00
2025-11-27,13:24:00,25549.5,25551,25549.5,25550.25,52,25561.33,25549.81,0.00
2025-11-27,13:25:00,25550.25,25550.5,25549.25,25549.5,78,25561.33,25549.81,0.00
2025-11-27,13:26:00,25549.75,25550,25548.75,25549.75,72,25561.32,25549.81,0.00
2025-11-27,13:27:00,25549.25,25550,25548.5,25549.5,50,25561.32,25549.81,0.00
2025-11-27,13:28:00,25549.75,25549.75,25548.5,25549.5,80,25561.32,25549.81,0.00
2025-11-27,13:29:00,25549.25,25549.5,25548.5,25549,56,25561.31,25549.80,0.00
2025-11-27,13:30:00,25549,25549.75,25548.75,25549.75,47,25561.31,25549.80,0.00
2025-11-27,13:31:00,25549.25,25551.75,25548.5,25551,157,25561.30,25549.81,0.00
2025-11-27,13:32:00,25551,25551.5,25550.25,25550.5,121,25561.29,25549.82,0.00
2025-11-27,13:33:00,25550.5,25552,25550.5,25551,94,25561.29,25549.82,0.00
2025-11-27,13:34:00,25550.75,25552,25550,25552,81,25561.28,25549.83,0.00
2025-11-27,13:35:00,25552,25553.25,25551.5,25552.75,123,25561.28,25549.85,0.00
2025-11-27,13:36:00,25553,25554.75,25552.5,25554.25,113,25561.27,25549.88,0.00
2025-11-27,13:37:00,25554.25,25555.5,25554,25555,91,25561.27,25549.91,0.00
2025-11-27,13:38:00,25555,25555,25553.5,25554,82,25561.27,25549.93,0.00
2025-11-27,13:39:00,25554,25554,25552.25,25552.5,77,25561.26,25549.95,0.00
2025-11-27,13:40:00,25552.5,25553,25550.75,25550.75,68,25561.26,25549.95,0.00
2025-11-27,13:41:00,25551.25,25553.25,25549.75,25553,88,25561.25,25549.96,0.00
2025-11-27,13:42:00,25553.25,25554.25,25553,25553.25,62,25561.25,25549.98,0.00
2025-11-27,13:43:00,25552.75,25554.25,25552.5,25553.75,57,25561.25,25549.99,0.00
2025-11-27,13:44:00,25554.25,25554.5,25552.5,25552.75,70,25561.25,25550.00,0.00
2025-11-27,13:45:00,25553,25554.5,25553,25554.25,110,25561.24,25550.03,0.00
2025-11-27,13:46:00,25554,25555.75,25554,25555,295,25561.23,25550.12,0.00
2025-11-27,13:47:00,25555.25,25556.25,25552,25552.5,108,25561.23,25550.14,0.00
2025-11-27,13:48:00,25552.75,25555.5,25552.75,25555.25,47,25561.22,25550.15,0.00
2025-11-27,13:49:00,25555.25,25555.25,25554.25,25554.25,20,25561.22,25550.16,0.00
2025-11-27,13:50:00,25554,25554,25553,25553,21,25561.22,25550.16,0.00
2025-11-27,13:51:00,25553,25555,25553,25553.5,93,25561.22,25550.18,0.00
2025-11-27,13:52:00,25554.5,25554.5,25552.75,25553,51,25561.22,25550.19,0.00
2025-11-27,13:53:00,25553,25554.25,25552.75,25553,47,25561.21,25550.20,0.00
2025-11-27,13:54:00,25553.25,25553.25,25552.25,25552.25,23,25561.21,25550.20,0.00
2025-11-27,13:55:00,25552,25553,25551.5,25553,38,25561.21,25550.21,0.00
2025-11-27,13:56:00,25553,25553.75,25552.5,25553.75,49,25561.21,25550.22,0.00
2025-11-27,13:57:00,25554,25554.75,25553.25,25554.25,179,25561.20,25550.26,0.00
2025-11-27,13:58:00,25553.75,25554.25,25552.75,25553,50,25561.20,25550.27,0.00
2025-11-27,13:59:00,25552.75,25553.75,25552,25552,59,25561.20,25550.27,0.00
2025-11-27,14:00:00,25553,25555.25,25551,25553,242,25561.19,25550.31,0.00
2025-11-27,19:01:00,25556.75,25573.25,25556.25,25566,1282,25565.17,25565.17,0.00
2025-11-27,19:02:00,25566.25,25572,25559.25,25566,491,25565.33,25565.33,0.00
2025-11-27,19:03:00,25567,25570.75,25560.75,25570,468,25565.71,25565.71,0.00
2025-11-27,19:04:00,25570.75,25572,25568.25,25569.25,202,25566.05,25566.05,0.00
2025-11-27,19:05:00,25568.5,25569.25,25565.5,25567.75,158,25566.14,25566.14,0.00
2025-11-27,19:06:00,25567.75,25571.75,25567.25,25571.25,330,25566.58,25566.58,0.00
2025-11-27,19:07:00,25571,25573.25,25558.5,25570.25,896,25566.76,25566.76,0.00
2025-11-27,19:08:00,25570.5,25576.5,25568.75,25573,480,25572.75,25567.43,0.00
2025-11-27,19:09:00,25572.25,25581.75,25571.75,25577.25,543,25576.92,25568.49,0.00
2025-11-27,19:10:00,25576.25,25579,25573.25,25574.25,308,25576.40,25568.91,0.00
2025-11-27,19:11:00,25574.5,25579.5,25574.25,25576.5,174,25576.46,25569.16,0.00
2025-11-27,19:12:00,25576,25576.25,25569,25569.5,381,25575.14,25569.33,0.00
2025-11-27,19:13:00,25569.25,25574.75,25568.25,25572.25,278,25574.58,25569.44,0.00
2025-11-27,19:14:00,25571.5,25576.5,25570.5,25570.5,215,25574.35,25569.54,0.00
2025-11-27,19:15:00,25570.25,25572.25,25569,25570.25,95,25574.16,25569.56,0.00
2025-11-27,19:16:00,25569.25,25570.25,25565.25,25565.5,249,25573.37,25569.46,0.00
2025-11-27,19:17:00,25565.5,25566.25,25562,25565.25,322,25572.25,25569.23,0.00
2025-11-27,19:18:00,25564.5,25564.5,25559.5,25561.25,290,25571.19,25568.93,0.00
2025-11-27,19:19:00,25560.75,25563.75,25560.5,25562.5,143,25570.76,25568.80,0.00
2025-11-27,19:20:00,25562.5,25567.25,25562.25,25564.75,261,25570.28,25568.66,0.00
2025-11-27,19:21:00,25564,25570.5,25563.5,25568.75,321,25570.04,25568.61,0.00
2025-11-27,19:22:00,25569.25,25571.25,25567.75,25569.5,209,25570.01,25568.64,0.00
2025-11-27,19:23:00,25568.75,25570.5,25565,25569,174,25569.93,25568.63,0.00
2025-11-27,19:24:00,25568.5,25573,25567.75,25570.5,272,25569.96,25568.68,0.00
2025-11-27,19:25:00,25571.25,25575,25570.25,25573.75,170,25570.08,25568.77,0.00
2025-11-27,19:26:00,25573.5,25575.25,25572.25,25574.25,156,25570.21,25568.86,0.00
2025-11-27,19:27:00,25573.5,25576.25,25573.25,25575,175,25570.38,25568.97,0.00
2025-11-27,19:28:00,25574.5,25575.75,25569.75,25575.75,300,25570.58,25569.13,0.00
2025-11-27,19:29:00,25576,25578.25,25573.75,25575.25,364,25570.93,25569.37,0.00
2025-11-27,19:30:00,25574.5,25575.75,25571.75,25575.5,163,25571.03,25569.46,0.00
2025-11-27,19:31:00,25575.25,25576.5,25572,25572.75,169,25571.11,25569.53,0.00
2025-11-27,19:32:00,25572.75,25572.75,25569.75,25571.5,168,25571.11,25569.56,0.00
2025-11-27,19:33:00,25571.25,25571.5,25568.25,25570.25,152,25571.09,25569.56,0.00
2025-11-27,19:34:00,25569.5,25570,25566.5,25569.75,227,25571.00,25569.55,0.00
2025-11-27,19:35:00,25568.75,25572,25568.5,25570.25,110,25570.99,25569.55,0.00
2025-11-27,19:36:00,25570,25571.25,25569.75,25570.5,66,25570.98,25569.56,0.00
2025-11-27,19:37:00,25570.5,25572,25570.25,25570.75,65,25570.98,25569.57,0.00
2025-11-27,19:38:00,25570.25,25572,25569.5,25571.5,57,25570.98,25569.58,0.00
2025-11-27,19:39:00,25570.75,25574,25569.5,25572.25,81,25571.00,25569.59,0.00
2025-11-27,19:40:00,25572.5,25573.75,25572,25573,41,25571.01,25569.61,0.00
2025-11-27,19:41:00,25572.5,25575.5,25571.75,25574.25,91,25571.04,25569.64,0.00
2025-11-27,19:42:00,25574,25575.5,25572.5,25573.75,90,25571.08,25569.68,0.00
2025-11-27,19:43:00,25574,25574.25,25571.75,25571.75,60,25571.10,25569.69,0.00
2025-11-27,19:44:00,25572.75,25574.25,25571.75,25572.75,48,25571.11,25569.70,0.00
2025-11-27,19:45:00,25572.75,25574.75,25572.5,25573.75,70,25571.13,25569.73,0.00
2025-11-27,19:46:00,25573.5,25578,25572.5,25576.75,241,25571.29,25569.85,0.00
2025-11-27,19:47:00,25577,25581.25,25576.25,25579.75,575,25571.86,25570.29,0.00
2025-11-27,19:48:00,25579.75,25583.75,25579.25,25580,439,25581.00,25570.66,0.00
2025-11-27,19:49:00,25579.5,25584,25579.25,25581.25,246,25581.50,25570.87,0.00
2025-11-27,19:50:00,25581.25,25582.5,25580.25,25580.25,134,25581.32,25570.97,0.00
2025-11-27,19:51:00,25580.25,25583.25,25579,25582.75,166,25581.43,25571.11,0.00
2025-11-27,19:52:00,25583,25586.25,25582.25,25583.5,315,25584.00,25571.41,0.00
2025-11-27,19:53:00,25583.5,25584.75,25582.25,25584,154,25583.89,25571.55,0.00
2025-11-27,19:54:00,25583.75,25585.25,25582.75,25583.5,115,25583.88,25571.65,0.00
2025-11-27,19:55:00,25584.25,25584.25,25579.75,25582.5,143,25583.54,25571.76,0.00
2025-11-27,19:56:00,25582.25,25583.75,25581.75,25582,78,25583.44,25571.82,0.00
2025-11-27,19:57:00,25582.25,25583.25,25581,25581,46,25583.35,25571.85,0.00
2025-11-27,19:58:00,25581.5,25581.75,25580,25580.5,82,25583.12,25571.90,0.00
2025-11-27,19:59:00,25580.5,25584.5,25580.5,25583.25,113,25583.08,25571.99,0.00
2025-11-27,20:00:00,25584.25,25584.5,25581.25,25581.25,80,25583.03,25572.05,0.00
2025-11-27,20:01:00,25581.5,25584.5,25577.5,25579.75,315,25582.49,25572.23,0.00
2025-11-27,20:02:00,25579.75,25588.75,25579.75,25588.5,426,25585.67,25572.61,0.00
2025-11-27,20:03:00,25588,25588.75,25585.75,25586.5,193,25586.08,25572.79,0.00
2025-11-27,20:04:00,25587.25,25587.75,25583.75,25587.5,287,25586.16,25573.05,0.00
2025-11-27,20:05:00,25586.75,25590.5,25584.75,25588.5,254,25587.92,25573.28,0.00
2025-11-27,20:06:00,25589.25,25595.25,25587.25,25590.25,622,25590.92,25573.95,0.00
2025-11-27,20:07:00,25589.5,25596.75,25589.5,25594.5,361,25593.58,25574.38,0.00
2025-11-27,20:08:00,25594,25594.25,25588.5,25591.75,293,25592.65,25574.67,0.00
2025-11-27,20:09:00,25591.75,25595.75,25590,25595.25,148,25592.84,25574.84,0.00
2025-11-27,20:10:00,25594.5,25597.5,25593.25,25596,248,25595.58,25575.13,0.00
2025-11-27,20:11:00,25596.25,25597.5,25593.25,25596.25,193,25595.62,25575.35,0.00
2025-11-27,20:12:00,25596.25,25598.75,25593.5,25595,239,25595.75,25575.63,0.00
2025-11-27,20:13:00,25594.25,25602,25594,25601,490,25599.00,25576.25,0.00
2025-11-27,20:14:00,25600.75,25602,25598.75,25601.75,226,25599.58,25576.55,0.00
2025-11-27,20:15:00,25602.25,25603.25,25598.75,25600.25,307,25600.75,25576.94,0.00
2025-11-27,20:16:00,25600.5,25604,25599.75,25600.25,293,25601.33,25577.32,0.00
2025-11-27,20:17:00,25600.75,25605.25,25600.25,25601.5,294,25602.33,25577.69,0.00
2025-11-27,20:18:00,25601.25,25603,25600,25600.75,210,25601.88,25577.94,0.00
2025-11-27,20:19:00,25600.75,25602,25594.75,25598.25,409,25600.29,25578.36,0.00
2025-11-27,20:20:00,25598.25,25599.75,25596,25599,132,25600.03,25578.49,0.00
2025-11-27,20:21:00,25599.25,25600.25,25596,25597.75,158,25599.77,25578.64,0.00
2025-11-27,20:22:00,25598,25599.25,25596.5,25597.75,126,25599.58,25578.76,0.00
2025-11-27,20:23:00,25597.25,25598.25,25595.25,25595.25,100,25599.35,25578.84,0.00
2025-11-27,20:24:00,25595.25,25598.25,25593.5,25594,275,25598.69,25579.06,0.00
2025-11-27,20:25:00,25593.5,25594.5,25591.5,25594,288,25597.91,25579.25,0.00
2025-11-27,20:26:00,25593.75,25597.25,25592.75,25597,217,25597.69,25579.42,0.00
2025-11-27,20:27:00,25597.5,25598.25,25596.5,25597.5,98,25597.68,25579.50,0.00
2025-11-27,20:28:00,25597.5,25598.75,25596.75,25597.75,107,25597.68,25579.59,0.00
2025-11-27,20:29:00,25597.75,25598.5,25596.25,25597.5,63,25597.68,25579.64,0.00
2025-11-27,20:30:00,25597.25,25597.5,25592.25,25593.75,177,25597.47,25579.76,0.00
2025-11-27,20:31:00,25593.75,25599.5,25593.75,25597.75,245,25597.43,25579.96,0.00
2025-11-27,20:32:00,25597.5,25599,25595.75,25596,73,25597.41,25580.01,0.00
2025-11-27,20:33:00,25595.75,25596,25592.25,25594,190,25597.21,25580.13,0.00
2025-11-27,20:34:00,25594.75,25597.75,25594,25596.75,79,25597.19,25580.19,0.00
2025-11-27,20:35:00,25596.25,25597.75,25595.25,25596.5,78,25597.17,25580.24,0.00
2025-11-27,20:36:00,25596.75,25597,25594.5,25596,56,25597.15,25580.28,0.00
2025-11-27,20:37:00,25595.5,25596,25593.5,25593.5,65,25597.10,25580.32,0.00
2025-11-27,20:38:00,25593.5,25595,25591.25,25593.75,174,25596.92,25580.42,0.00
2025-11-27,20:39:00,25593.5,25594,25591.25,25593.25,132,25596.77,25580.49,0.00
2025-11-27,20:40:00,25593,25593.5,25591,25592.5,132,25596.62,25580.56,0.00
2025-11-27,20:41:00,25592.5,25592.5,25587,25588.25,308,25596.08,25580.68,0.00
2025-11-27,20:42:00,25588,25590.25,25587.75,25589,104,25595.91,25580.71,0.00
2025-11-27,20:43:00,25589,25591.25,25588.75,25588.75,115,25595.74,25580.76,0.00
2025-11-27,20:44:00,25590.25,25590.25,25588.5,25588.5,51,25595.67,25580.77,0.00
2025-11-27,20:45:00,25588.25,25590.75,25588,25590.5,85,25595.55,25580.81,0.00
2025-11-27,20:46:00,25589.75,25590.75,25588.25,25589.25,75,25595.46,25580.83,0.00
2025-11-27,20:47:00,25589.25,25591,25584.25,25587,226,25595.08,25580.90,0.00
2025-11-27,20:48:00,25587,25588.75,25586.25,25588.25,101,25594.93,25580.92,0.00
2025-11-27,20:49:00,25588.25,25596.25,25586.25,25596,309,25594.81,25581.07,0.00
2025-11-27,20:50:00,25596,25598,25593.25,25597.25,310,25594.88,25581.26,0.00
2025-11-27,20:51:00,25596.5,25598.25,25594,25596.25,187,25594.92,25581.38,0.00
2025-11-27,20:52:00,25595.5,25596.25,25592.25,25594.5,167,25594.91,25581.46,0.00
2025-11-27,20:53:00,25595,25596.5,25594,25595.25,78,25594.91,25581.50,0.00
2025-11-27,20:54:00,25596,25597.5,25595,25596.25,79,25594.93,25581.55,0.00
2025-11-27,20:55:00,25595.5,25597.25,25595.5,25596.75,42,25594.94,25581.58,0.00
2025-11-27,20:56:00,25596.75,25597.5,25595.25,25595.75,102,25594.96,25581.63,0.00
2025-11-27,20:57:00,25594.75,25598.75,25594.75,25595.5,185,25595.00,25581.74,0.00
2025-11-27,20:58:00,25595,25595,25589.25,25592,209,25594.91,25581.82,0.00
2025-11-27,20:59:00,25592,25595,25591.25,25595,110,25594.89,25581.87,0.00
2025-11-27,21:00:00,25595,25595.75,25593.5,25594.5,73,25594.89,25581.91,0.00
2025-11-27,21:01:00,25595.25,25595.75,25591,25591.75,95,25594.86,25581.95,0.00
2025-11-27,21:02:00,25591.5,25594,25589.75,25592.5,92,25594.82,25581.99,0.00
2025-11-27,21:03:00,25592.75,25594.75,25591.75,25594.5,76,25594.81,25582.02,0.00
2025-11-27,21:04:00,25593.5,25598.25,25593,25598.25,141,25594.84,25582.10,0.00
2025-11-27,21:05:00,25598,25599.25,25593.5,25597,173,25594.88,25582.19,0.00
2025-11-27,21:06:00,25596,25598,25595.25,25596.75,84,25594.90,25582.24,0.00
2025-11-27,21:07:00,25596.5,25608.25,25595.5,25605.75,523,25603.17,25582.64,0.00
2025-11-27,21:08:00,25605.75,25606.5,25602,25602.75,236,25603.35,25582.82,0.00
2025-11-27,21:09:00,25603.25,25609.25,25602.5,25608.5,304,25606.75,25583.08,0.00
2025-11-27,21:10:00,25606,25610,25604.25,25607.75,300,25607.33,25583.34,0.00
2025-11-27,21:11:00,25607.75,25614.25,25607.25,25610.5,393,25610.67,25583.72,0.00
2025-11-27,21:12:00,25612.75,25613.25,25609.25,25611,149,25610.80,25583.87,0.00
2025-11-27,21:13:00,25609,25611.25,25603.25,25608.25,262,25609.75,25584.08,0.00
2025-11-27,21:14:00,25607.75,25612.5,25605,25612.25,96,25609.77,25584.17,0.00
2025-11-27,21:15:00,25612.25,25612.25,25608,25611.25,126,25609.86,25584.28,0.00
2025-11-27,21:16:00,25611.25,25611.25,25607,25608.25,100,25609.77,25584.37,0.00
2025-11-27,21:17:00,25608.75,25611.25,25605.75,25609.25,100,25609.69,25584.45,0.00
2025-11-27,21:18:00,25609.25,25612.25,25608.25,25612.25,83,25609.76,25584.52,0.00
2025-11-27,21:19:00,25611.25,25611.5,25606.75,25606.75,85,25609.68,25584.59,0.00
2025-11-27,21:20:00,25609,25611.5,25606.75,25609.25,66,25609.65,25584.65,0.00
2025-11-27,21:21:00,25609.25,25610.75,25607.5,25607.75,59,25609.62,25584.70,0.00
2025-11-27,21:22:00,25609.75,25614.25,25608.25,25614.25,132,25609.83,25584.82,0.00
2025-11-27,21:23:00,25613.75,25617.25,25611.75,25616.75,213,25615.25,25585.04,0.00
2025-11-27,21:24:00,25615,25618.5,25614,25618.5,186,25617.00,25585.23,0.00
2025-11-27,21:25:00,25618.5,25619.25,25616,25616.25,95,25617.17,25585.33,0.00
2025-11-27,21:26:00,25618,25618.5,25614.25,25616.75,96,25616.83,25585.43,0.00
2025-11-27,21:27:00,25614.25,25617.5,25614,25617.25,94,25616.64,25585.53,0.00
2025-11-27,21:28:00,25617,25617.5,25614.5,25615.25,47,25616.51,25585.58,0.00
2025-11-27,21:29:00,25615.25,25617,25612.25,25614.25,125,25615.96,25585.69,0.00
2025-11-27,21:30:00,25614.25,25614.5,25609.75,25611.25,117,25615.12,25585.79,0.00
2025-11-27,21:31:00,25609.75,25611.5,25604,25604,270,25612.36,25585.97,0.00
2025-11-27,21:32:00,25606.75,25607,25603.25,25603.5,134,25611.30,25586.05,0.00
2025-11-27,21:33:00,25603.5,25604.75,25600.25,25604.25,207,25609.86,25586.17,0.00
2025-11-27,21:34:00,25603.25,25603.25,25599.5,25600.25,94,25609.21,25586.21,0.00
2025-11-27,21:35:00,25600.25,25601.75,25597,25599.5,227,25607.73,25586.31,0.00
2025-11-27,21:36:00,25601.75,25603.75,25599,25602.25,145,25607.20,25586.38,0.00
2025-11-27,21:37:00,25602.25,25602.5,25598.25,25599,103,25606.77,25586.42,0.00
2025-11-27,21:38:00,25599.75,25603.25,25598,25599.75,94,25606.45,25586.46,0.00
2025-11-27,21:39:00,25599.5,25603.5,25598.5,25602.75,70,25606.27,25586.50,0.00
2025-11-27,21:40:00,25599.5,25602.75,25598.75,25598.75,63,25606.07,25586.52,0.00
2025-11-27,21:41:00,25599,25601.75,25597.5,25597.75,99,25605.74,25586.56,0.00
2025-11-27,21:42:00,25597.25,25598.75,25593.25,25593.5,218,25604.73,25586.62,0.00
2025-11-27,21:43:00,25593.5,25597.5,25592.75,25593.75,143,25604.14,25586.65,0.00
2025-11-27,21:44:00,25592.75,25598,25589,25592.25,239,25603.16,25586.70,0.00
2025-11-27,21:45:00,25591.75,25595.25,25589.5,25592.5,80,25602.85,25586.71,0.00
2025-11-27,21:46:00,25595.5,25597,25592.5,25597,90,25602.61,25586.74,0.00
2025-11-27,21:47:00,25597,25597.5,25593.5,25596.75,48,25602.50,25586.75,0.00
2025-11-27,21:48:00,25596.25,25600.25,25594.75,25595.5,81,25602.35,25586.78,0.00
2025-11-27,21:49:00,25597.75,25601.25,25595.25,25596,160,25602.10,25586.83,0.00
2025-11-27,21:50:00,25600,25600,25596,25597.5,39,25602.05,25586.84,0.00
2025-11-27,21:51:00,25597.5,25600.25,25597.25,25599.75,49,25602.00,25586.86,0.00
2025-11-27,21:52:00,25598.25,25600.25,25596.5,25598.5,42,25601.96,25586.87,0.00
2025-11-27,21:53:00,25597,25600.25,25596.25,25598.5,41,25601.91,25586.89,0.00
2025-11-27,21:54:00,25599.25,25601.5,25597.5,25599.75,62,25601.87,25586.91,0.00
2025-11-27,21:55:00,25599.5,25602,25598.5,25598.5,60,25601.83,25586.93,0.00
2025-11-27,21:56:00,25601.75,25601.75,25596.5,25599.75,82,25601.77,25586.96,0.00
2025-11-27,21:57:00,25597.25,25601.25,25597.25,25600.5,34,25601.75,25586.98,0.00
2025-11-27,21:58:00,25598.25,25600.75,25598.25,25599.75,19,25601.74,25586.98,0.00
2025-11-27,21:59:00,25600.75,25600.75,25598,25599.25,17,25601.73,25586.99,0.00
2025-11-27,22:00:00,25599,25599.75,25596.5,25596.5,66,25601.66,25587.01,0.00
2025-11-27,22:01:00,25599.25,25600.25,25595.5,25595.5,60,25601.58,25587.03,0.00
2025-11-27,22:02:00,25595.5,25598,25594.75,25596.25,42,25601.52,25587.04,0.00
2025-11-27,22:03:00,25596.25,25598.25,25595.25,25598,38,25601.48,25587.05,0.00
2025-11-27,22:04:00,25598.25,25598.25,25596.25,25597.25,24,25601.45,25587.06,0.00
2025-11-27,22:05:00,25597.25,25598.25,25596,25596.25,23,25601.42,25587.07,0.00
2025-11-27,22:06:00,25598.25,25601.25,25595.75,25598.25,128,25601.33,25587.11,0.00
2025-11-27,22:07:00,25598.75,25601.75,25598.5,25601.75,44,25601.32,25587.13,0.00
2025-11-27,22:08:00,25599.5,25601.5,25598.25,25601,41,25601.31,25587.14,0.00
2025-11-27,22:09:00,25599,25601.25,25598.5,25601,39,25601.30,25587.16,0.00
2025-11-27,22:10:00,25601.25,25601.5,25599.25,25601.25,21,25601.30,25587.17,0.00
2025-11-27,22:11:00,25601.25,25601.25,25599.25,25599.25,20,25601.29,25587.17,0.00
2025-11-27,22:12:00,25599.25,25601.5,25599,25599,24,25601.28,25587.18,0.00
2025-11-27,22:13:00,25599,25599.25,25596.25,25598.25,60,25601.23,25587.20,0.00
2025-11-27,22:14:00,25598.75,25599,25594.25,25595,58,25601.16,25587.22,0.00
2025-11-27,22:15:00,25595,25597.5,25594.25,25594.25,43,25601.11,25587.23,0.00
2025-11-27,22:16:00,25594.25,25598.25,25594.25,25596,32,25601.07,25587.23,0.00
2025-11-27,22:17:00,25598,25598.25,25595,25597.25,21,25601.05,25587.24,0.00
2025-11-27,22:18:00,25596.75,25598,25595.75,25598,14,25601.04,25587.24,0.00
2025-11-27,22:19:00,25597.75,25598.25,25597.75,25597.75,8,25601.03,25587.25,0.00
2025-11-27,22:20:00,25596.75,25600,25595.25,25598.25,44,25601.00,25587.26,0.00
2025-11-27,22:21:00,25595.5,25598.5,25595.25,25596.25,29,25600.97,25587.27,0.00
2025-11-27,22:22:00,25596.25,25596.75,25593.5,25595.5,44,25600.91,25587.28,0.00
2025-11-27,22:23:00,25593.5,25598.25,25593.25,25597,33,25600.88,25587.29,0.00
2025-11-27,22:24:00,25594.5,25596.25,25593.75,25593.75,26,25600.84,25587.29,0.00
2025-11-27,22:25:00,25593.25,25595,25592.5,25593.25,40,25600.78,25587.30,0.00
2025-11-27,22:26:00,25593.25,25597.75,25592.5,25597.75,47,25600.73,25587.31,0.00
2025-11-27,22:27:00,25597.25,25598.5,25594.5,25598.5,33,25600.71,25587.32,0.00
2025-11-27,22:28:00,25598,25598.5,25596.25,25596.25,26,25600.69,25587.33,0.00
2025-11-27,22:29:00,25596.25,25598.5,25595.25,25596,20,25600.67,25587.33,0.00
2025-11-27,22:30:00,25597.75,25598.25,25595.25,25596,23,25600.65,25587.34,0.00
2025-11-27,22:31:00,25597.25,25599.75,25594.75,25599.75,55,25600.62,25587.36,0.00
2025-11-27,22:32:00,25599.75,25600.75,25597.25,25600.5,48,25600.61,25587.37,0.00
2025-11-27,22:33:00,25597.5,25601.75,25595.25,25597.25,60,25600.58,25587.39,0.00
2025-11-27,22:34:00,25599.25,25600,25596,25599,38,25600.56,25587.40,0.00
2025-11-27,22:35:00,25599,25599.5,25596,25596,38,25600.54,25587.41,0.00
2025-11-27,22:36:00,25596,25601.25,25595.75,25601.25,86,25600.52,25587.44,0.00
2025-11-27,22:37:00,25597,25601.25,25596.25,25599,42,25600.50,25587.46,0.00
2025-11-27,22:38:00,25596.5,25598.75,25594.75,25595.75,35,25600.48,25587.47,0.00
2025-11-27,22:39:00,25595.5,25598.5,25594.25,25597.25,43,25600.44,25587.48,0.00
2025-11-27,22:40:00,25596.5,25598.25,25594.25,25598.25,25,25600.43,25587.48,0.00
2025-11-27,22:41:00,25595,25602,25595,25600.25,86,25600.41,25587.51,0.00
2025-11-27,22:42:00,25600.25,25600.25,25596.75,25599.25,11,25600.40,25587.52,0.00
2025-11-27,22:43:00,25596.75,25596.75,25596.25,25596.25,6,25600.40,25587.52,0.00
2025-11-27,22:44:00,25596,25600,25595.25,25596.75,39,25600.37,25587.53,0.00
2025-11-27,22:45:00,25598.75,25598.75,25596.25,25598.25,6,25600.37,25587.53,0.00
2025-11-27,00:00:00,25567.25,25568.75,25566.5,25566.5,66,25574.57,25572.75,0.00
2025-11-27,00:01:00,25566.5,25567.5,25564.75,25566.75,95,25574.52,25572.73,0.00
2025-11-27,00:02:00,25566.5,25568.5,25566.5,25567.25,43,25574.50,25572.72,0.00
2025-11-27,00:03:00,25567.25,25568.25,25566.5,25568.25,15,25574.49,25572.72,0.00
2025-11-27,00:04:00,25568.5,25571.5,25568.5,25571.5,244,25574.44,25572.70,0.00
2025-11-27,00:05:00,25571.5,25571.75,25567.25,25568,138,25574.39,25572.68,0.00
2025-11-27,00:06:00,25568.5,25569.25,25567,25568.75,79,25574.36,25572.66,0.00
2025-11-27,00:07:00,25568,25568.25,25565.5,25566.25,107,25574.32,25572.64,0.00
2025-11-27,00:08:00,25566,25567.75,25564.25,25567.5,112,25574.27,25572.62,0.00
2025-11-27,00:09:00,25567,25567.5,25565.75,25565.75,43,25574.25,25572.60,0.00
2025-11-27,00:10:00,25566.25,25566.75,25564.5,25564.5,38,25574.23,25572.59,0.00
2025-11-27,00:11:00,25565,25566.5,25564.75,25565,49,25574.20,25572.58,0.00
2025-11-27,00:12:00,25565.5,25566,25564.75,25565.5,37,25574.18,25572.57,0.00
2025-11-27,00:13:00,25565.5,25565.75,25561.75,25563.75,355,25573.98,25572.46,0.00
2025-11-27,00:14:00,25564.5,25564.75,25562.75,25563.25,73,25573.93,25572.43,0.00
2025-11-27,00:15:00,25564.25,25567.75,25562.5,25564.75,284,25573.79,25572.36,0.00
2025-11-27,00:16:00,25564.75,25569.25,25564.25,25567.25,200,25573.72,25572.32,0.00
2025-11-27,00:17:00,25566.5,25567.5,25564.75,25567,76,25573.69,25572.30,0.00
2025-11-27,00:18:00,25567.5,25567.75,25565,25566,31,25573.68,25572.29,0.00
2025-11-27,00:19:00,25566,25566.25,25564.75,25565.25,23,25573.67,25572.29,0.00
2025-11-27,00:20:00,25565.5,25565.5,25560.5,25564,189,25573.56,25572.23,0.00
2025-11-27,00:21:00,25564.5,25567.75,25562.5,25566.25,132,25573.51,25572.20,0.00
2025-11-27,00:22:00,25565.25,25567,25564.5,25567,18,25573.50,25572.19,0.00
2025-11-27,00:23:00,25566.75,25569.75,25565.75,25568.25,196,25573.44,25572.16,0.00
2025-11-27,00:24:00,25568,25570.5,25567,25568.25,105,25573.42,25572.15,0.00
2025-11-27,00:25:00,25568.25,25569.5,25568,25569,36,25573.41,25572.15,0.00
2025-11-27,00:26:00,25569,25569.5,25568.5,25568.75,33,25573.40,25572.14,0.00
2025-11-27,00:27:00,25568.75,25569.25,25564.25,25568.75,274,25573.32,25572.10,0.00
2025-11-27,00:28:00,25568.75,25568.75,25567.25,25567.75,18,25573.31,25572.10,0.00
2025-11-27,00:29:00,25568.25,25571.5,25568.25,25570.75,266,25573.27,25572.08,0.00
2025-11-27,00:30:00,25571,25571.75,25570,25571.75,100,25573.26,25572.07,0.00
2025-11-27,00:31:00,25572,25573.25,25567.75,25571.75,431,25573.21,25572.06,0.00
2025-11-27,00:32:00,25572.5,25573.75,25570,25571,193,25573.19,25572.06,0.00
2025-11-27,00:33:00,25570.75,25572.75,25570.75,25572.25,16,25573.19,25572.05,0.00
2025-11-27,00:34:00,25572.25,25573.25,25570.5,25571,77,25573.19,25572.05,0.00
2025-11-27,00:35:00,25571,25572.5,25570.75,25572,26,25573.18,25572.05,0.00
2025-11-27,00:36:00,25572.75,25575.25,25572.25,25574.25,112,25573.19,25572.06,0.00
2025-11-27,00:37:00,25575,25577,25570,25575.5,646,25573.22,25572.10,0.00
2025-11-27,00:38:00,25576,25579.25,25569.5,25577.5,926,25573.31,25572.20,0.00
2025-11-27,00:39:00,25577.5,25580,25577.25,25578.5,203,25573.36,25572.24,0.00
2025-11-27,00:40:00,25579,25579.5,25577.5,25578.75,257,25573.41,25572.29,0.00
2025-11-27,00:41:00,25578.5,25579.25,25576.75,25577.5,91,25573.43,25572.31,0.00
2025-11-27,00:42:00,25577.75,25578.25,25576.25,25576.75,53,25573.44,25572.32,0.00
2025-11-27,00:43:00,25577,25578,25573.75,25574.25,105,25573.45,25572.33,0.00
2025-11-27,00:44:00,25573.75,25574.25,25572,25572.75,97,25573.45,25572.33,0.00
2025-11-27,00:45:00,25572.25,25573.75,25571.75,25571.75,51,25573.45,25572.33,0.00
2025-11-27,00:46:00,25572.25,25573.25,25571.25,25571.75,91,25573.44,25572.33,0.00
2025-11-27,00:47:00,25571.25,25571.75,25569.25,25570.5,125,25573.42,25572.32,0.00
2025-11-27,00:48:00,25570.75,25573.75,25570.75,25573.75,116,25573.42,25572.32,0.00
2025-11-27,00:49:00,25574.25,25575.75,25573.5,25575.25,79,25573.43,25572.33,0.00
2025-11-27,00:50:00,25575,25577.75,25575,25577.75,85,25573.44,25572.34,0.00
2025-11-27,00:51:00,25577.75,25578.25,25575.75,25576,74,25573.45,25572.35,0.00
2025-11-27,00:52:00,25575.75,25576,25574.5,25576,69,25573.45,25572.36,0.00
2025-11-27,00:53:00,25576,25576.5,25574,25575.25,50,25573.46,25572.36,0.00
2025-11-27,00:54:00,25575.5,25575.75,25574.25,25575,58,25573.46,25572.36,0.00
2025-11-27,00:55:00,25574.75,25575.75,25574.75,25575,31,25573.46,25572.37,0.00
2025-11-27,00:56:00,25575.25,25576.25,25574.5,25575.25,47,25573.47,25572.37,0.00
2025-11-27,00:57:00,25574.75,25574.75,25573.75,25574.5,28,25573.47,25572.37,0.00
2025-11-27,00:58:00,25574.75,25577.25,25574.75,25576,80,25573.48,25572.38,0.00
2025-11-27,00:59:00,25576.5,25577.5,25574.25,25577.25,77,25573.49,25572.39,0.00
2025-11-27,01:00:00,25576.5,25578.5,25576.5,25578.25,75,25573.50,25572.40,0.00
2025-11-27,01:01:00,25578.25,25579,25576.25,25578.5,162,25573.53,25572.43,0.00
2025-11-27,01:02:00,25579,25581,25578.25,25579.5,151,25573.57,25572.46,0.00
2025-11-27,01:03:00,25579,25582.75,25579,25581.5,139,25573.61,25572.50,0.00
2025-11-27,01:04:00,25581.75,25584,25581.75,25583.25,125,25573.65,25572.53,0.00
2025-11-27,01:05:00,25583.5,25585,25583,25584,88,25573.69,25572.56,0.00
2025-11-27,01:06:00,25584.25,25587,25582.75,25584.75,223,25573.79,25572.64,0.00
2025-11-27,01:07:00,25584.5,25585.25,25584.25,25584.5,45,25573.81,25572.66,0.00
2025-11-27,01:08:00,25584.25,25584.5,25582.25,25583.75,80,25573.84,25572.68,0.00
2025-11-27,01:09:00,25583.25,25583.75,25580.75,25581.25,66,25573.86,25572.70,0.00
2025-11-27,01:10:00,25582,25582,25579.75,25581.25,87,25573.89,25572.72,0.00
2025-11-27,01:11:00,25582,25586,25582,25585,169,25573.95,25572.78,0.00
2025-11-27,01:12:00,25584.75,25585,25583,25584.75,90,25573.99,25572.81,0.00
2025-11-27,01:13:00,25584.75,25587.25,25584,25584.75,186,25574.07,25572.87,0.00
2025-11-27,01:14:00,25586.25,25586.25,25584.75,25585.5,55,25574.10,25572.89,0.00
2025-11-27,01:15:00,25586,25588.25,25586,25586.5,103,25574.15,25572.93,0.00
2025-11-27,01:16:00,25586.25,25587.75,25585.75,25587,75,25574.18,25572.96,0.00
2025-11-27,01:17:00,25586.75,25588,25586.5,25587,49,25574.21,25572.98,0.00
2025-11-27,01:18:00,25587,25587.5,25586.25,25587,81,25574.25,25573.01,0.00
2025-11-27,01:19:00,25586.25,25588.75,25586.25,25587.5,131,25574.31,25573.07,0.00
2025-11-27,01:20:00,25587.25,25587.5,25585.25,25585.5,119,25574.37,25573.11,0.00
2025-11-27,01:21:00,25586.25,25586.25,25583.75,25584.75,110,25574.41,25573.15,0.00
2025-11-27,01:22:00,25584.75,25586.25,25584.5,25586.25,46,25574.43,25573.16,0.00
2025-11-27,01:23:00,25586.25,25588.5,25585.75,25588,52,25574.45,25573.18,0.00
2025-11-27,01:24:00,25588,25589,25586.75,25588.25,58,25574.48,25573.21,0.00
2025-11-27,01:25:00,25588.5,25590.25,25588.5,25589.75,115,25574.55,25573.26,0.00
2025-11-27,01:26:00,25589.75,25589.75,25588,25588,100,25574.60,25573.30,0.00
2025-11-27,01:27:00,25588.75,25590.25,25587.25,25587.75,85,25574.64,25573.34,0.00
2025-11-27,01:28:00,25587.25,25588.5,25585.75,25586.5,68,25574.67,25573.36,0.00
2025-11-27,01:29:00,25586,25586,25584.25,25585,70,25574.70,25573.38,0.00
2025-11-27,01:30:00,25585.5,25586.5,25584.5,25585.25,57,25574.72,25573.40,0.00
2025-11-27,01:31:00,25585,25586.25,25584.25,25585.25,66,25574.75,25573.42,0.00
2025-11-27,01:32:00,25585.25,25585.75,25583.5,25585.5,100,25574.78,25573.45,0.00
2025-11-27,01:33:00,25585.25,25586.5,25584.25,25585.5,41,25574.80,25573.47,0.00
2025-11-27,01:34:00,25585,25587,25584.75,25587,53,25574.82,25573.49,0.00
2025-11-27,01:35:00,25587,25588,25586.25,25586.5,48,25574.84,25573.50,0.00
2025-11-27,01:36:00,25586.5,25586.5,25584.25,25584.5,46,25574.86,25573.52,0.00
2025-11-27,01:37:00,25584.5,25586.5,25583.75,25585.5,122,25574.91,25573.56,0.00
2025-11-27,01:38:00,25586,25590,25585.75,25588,126,25574.97,25573.61,0.00
2025-11-27,01:39:00,25588,25590,25586.25,25589.5,153,25575.04,25573.67,0.00
2025-11-27,01:40:00,25589,25589.25,25588,25589.25,82,25575.08,25573.70,0.00
2025-11-27,01:41:00,25589.5,25590.25,25587.5,25589,101,25575.13,25573.74,0.00
2025-11-27,01:42:00,25588.25,25590,25588.25,25589,22,25575.14,25573.75,0.00
2025-11-27,01:43:00,25588.5,25588.5,25587.5,25588.25,24,25575.15,25573.76,0.00
2025-11-27,01:44:00,25588.5,25589,25587.25,25588,98,25575.20,25573.80,0.00
2025-11-27,01:45:00,25588.25,25588.25,25585.25,25586.75,111,25575.24,25573.83,0.00
2025-11-27,01:46:00,25586.5,25587,25585.25,25586.25,62,25575.26,25573.85,0.00
2025-11-27,01:47:00,25586,25586,25583.75,25583.75,79,25575.29,25573.88,0.00
2025-11-27,01:48:00,25584,25584.75,25581.25,25581.25,152,25575.33,25573.91,0.00
2025-11-27,01:49:00,25582,25583.75,25580.75,25581.5,145,25575.36,25573.94,0.00
2025-11-27,01:50:00,25581.75,25582.25,25579.5,25581,113,25575.38,25573.96,0.00
2025-11-27,01:51:00,25580.75,25583,25580.5,25581.25,157,25575.42,25573.99,0.00
2025-11-27,01:52:00,25581.5,25581.75,25577.25,25578.5,271,25575.45,25574.03,0.00
2025-11-27,01:53:00,25578.75,25578.75,25573.75,25575.5,288,25575.46,25574.04,0.00
2025-11-27,01:54:00,25576.25,25579.75,25576,25579,134,25575.47,25574.06,0.00
2025-11-27,01:55:00,25579,25579.5,25577.5,25579.5,113,25575.48,25574.07,0.00
2025-11-27,01:56:00,25579.25,25580,25576.25,25578,115,25575.49,25574.08,0.00
2025-11-27,01:57:00,25577.75,25579.25,25576.75,25577.25,77,25575.50,25574.09,0.00
2025-11-27,01:58:00,25577.5,25579.75,25577.25,25577.75,113,25575.51,25574.10,0.00
2025-11-27,01:59:00,25577,25579,25576,25578.75,80,25575.51,25574.11,0.00
2025-11-27,02:00:00,25578.75,25579.25,25577,25577.75,71,25575.52,25574.12,0.00
2025-11-27,02:01:00,25578,25581,25578,25578.5,129,25575.53,25574.13,0.00
2025-11-27,02:02:00,25578.5,25580.25,25577.75,25579.25,84,25575.54,25574.14,0.00
2025-11-27,02:03:00,25579,25579.25,25577.25,25578,108,25575.55,25574.15,0.00
2025-11-27,02:04:00,25577.5,25578.75,25574.5,25575,148,25575.56,25574.16,0.00
2025-11-27,02:05:00,25574.75,25575.5,25573.5,25573.5,97,25575.55,25574.16,0.00
2025-11-27,02:06:00,25574,25576.25,25573.75,25576,70,25575.55,25574.16,0.00
2025-11-27,02:07:00,25575.75,25575.75,25571.25,25573.25,229,25575.54,25574.16,0.00
2025-11-27,02:08:00,25573,25573.5,25571.5,25571.5,94,25575.53,25574.15,0.00
2025-11-27,02:09:00,25572.5,25572.75,25569.75,25570.25,200,25575.50,25574.14,0.00
2025-11-27,02:10:00,25570.25,25571.5,25568.5,25571,147,25575.47,25574.12,0.00
2025-11-27,02:11:00,25571.5,25573,25571,25571.75,130,25575.46,25574.12,0.00
2025-11-27,02:12:00,25572.25,25573,25571,25572.25,79,25575.45,25574.11,0.00
2025-11-27,02:13:00,25572.75,25574.25,25570.75,25571,76,25575.44,25574.11,0.00
2025-11-27,02:14:00,25571,25572,25570.5,25570.75,61,25575.43,25574.11,0.00
2025-11-27,02:15:00,25570.5,25571,25569,25569.75,73,25575.42,25574.10,0.00
2025-11-27,02:16:00,25569.75,25571.25,25568.5,25570.75,90,25575.41,25574.09,0.00
2025-11-27,02:17:00,25570.75,25572,25570,25570.5,63,25575.40,25574.08,0.00
2025-11-27,02:18:00,25570.5,25570.5,25568,25568,143,25575.37,25574.07,0.00
2025-11-27,02:19:00,25568,25568,25562.25,25564.75,507,25575.21,25573.96,0.00
2025-11-27,02:20:00,25564.75,25566,25564,25565,59,25575.19,25573.95,0.00
2025-11-27,02:21:00,25564.25,25564.25,25561.25,25561.75,307,25575.07,25573.86,0.00
2025-11-27,02:22:00,25562,25565.25,25562,25564.5,167,25575.02,25573.82,0.00
2025-11-27,02:23:00,25564.5,25567,25564.25,25565.5,171,25574.97,25573.79,0.00
2025-11-27,02:24:00,25566.25,25566.25,25563.5,25565.25,108,25574.94,25573.77,0.00
2025-11-27,02:25:00,25564.75,25569.75,25564.75,25569.75,155,25574.91,25573.75,0.00
2025-11-27,02:26:00,25569.25,25572.75,25569.25,25571.25,306,25574.87,25573.73,0.00
2025-11-27,02:27:00,25571.25,25573.25,25571,25572,131,25574.86,25573.73,0.00
2025-11-27,02:28:00,25572.5,25574.5,25571.75,25572.5,230,25574.85,25573.72,0.00
2025-11-27,02:29:00,25572.5,25574.25,25572.5,25573,54,25574.85,25573.72,0.00
2025-11-27,02:30:00,25572.75,25572.75,25570.5,25572.25,93,25574.84,25573.72,0.00
2025-11-27,02:31:00,25572.25,25573,25568.5,25569.25,154,25574.82,25573.70,0.00
2025-11-27,02:32:00,25568.75,25568.75,25566.25,25567.5,117,25574.79,25573.69,0.00
2025-11-27,02:33:00,25567.25,25569,25565.25,25567.75,141,25574.76,25573.67,0.00
2025-11-27,02:34:00,25567.75,25570.5,25567.75,25569.5,75,25574.75,25573.66,0.00
2025-11-27,02:35:00,25570,25570.75,25567.75,25569,50,25574.74,25573.66,0.00
2025-11-27,02:36:00,25568.25,25569.25,25564.25,25565,125,25574.71,25573.63,0.00
2025-11-27,02:37:00,25564.75,25568,25564,25564.5,110,25574.69,25573.61,0.00
2025-11-27,02:38:00,25564,25567.5,25564,25565.25,76,25574.67,25573.60,0.00
2025-11-27,02:39:00,25565.5,25565.5,25563.25,25563.75,129,25574.63,25573.57,0.00
2025-11-27,02:40:00,25564,25566.25,25564,25565,58,25574.61,25573.56,0.00
2025-11-27,02:41:00,25565.5,25566,25564.5,25565.75,51,25574.60,25573.55,0.00
2025-11-27,02:42:00,25565,25567,25564.75,25564.75,101,25574.57,25573.54,0.00
2025-11-27,02:43:00,25564.5,25567,25563.5,25566.25,118,25574.54,25573.52,0.00
2025-11-27,02:44:00,25566.5,25567.25,25564.5,25565.5,66,25574.53,25573.50,0.00
2025-11-27,02:45:00,25566,25567.5,25565.25,25565.25,57,25574.51,25573.49,0.00
2025-11-27,02:46:00,25566.5,25567.75,25565.75,25566,57,25574.50,25573.49,0.00
2025-11-27,02:47:00,25566,25566,25564.75,25565.5,58,25574.49,25573.48,0.00
2025-11-27,02:48:00,25564.25,25564.25,25559.5,25559.5,265,25574.39,25573.40,0.00
2025-11-27,02:49:00,25560,25563,25559.5,25560.5,122,25574.35,25573.37,0.00
2025-11-27,02:50:00,25560.25,25561.25,25559,25560.25,127,25574.30,25573.34,0.00
2025-11-27,02:51:00,25559.5,25559.5,25552,25553.75,728,25573.92,25555.08,0.00
2025-11-27,02:52:00,25553.75,25555.75,25552.25,25553.75,187,25573.83,25554.84,0.00
2025-11-27,02:53:00,25553,25558,25552,25558,203,25573.73,25555.05,0.00
2025-11-27,02:54:00,25558.25,25562.75,25558.25,25562.5,186,25573.67,25555.93,0.00
2025-11-27,02:55:00,25562.5,25565,25562.5,25565,129,25573.64,25556.67,0.00
2025-11-27,02:56:00,25565,25568.25,25564.75,25567.75,234,25573.60,25558.11,0.00
2025-11-27,02:57:00,25568,25568,25565,25565,131,25573.57,25558.68,0.00
2025-11-27,02:58:00,25565.75,25565.75,25558.75,25560,312,25573.47,25559.10,0.00
2025-11-27,02:59:00,25560.25,25560.25,25555.25,25556.25,239,25573.37,25558.91,0.00
2025-11-27,03:00:00,25556.5,25557.25,25553.25,25555.75,223,25573.27,25558.61,0.00
2025-11-27,03:01:00,25557.25,25559.25,25554.25,25556.75,303,25573.15,25558.41,0.00
2025-11-27,03:02:00,25558.25,25562.5,25558.25,25560.5,183,25573.09,25558.53,0.00
2025-11-27,03:03:00,25560.25,25560.75,25553.5,25555.5,203,25573.00,25558.41,0.00
2025-11-27,03:04:00,25555.75,25558,25555,25556.75,133,25572.95,25558.34,0.00
2025-11-27,03:05:00,25557.75,25557.75,25555.25,25557,95,25572.91,25558.29,0.00
2025-11-27,03:06:00,25557.25,25562,25557.25,25562,132,25572.87,25558.37,0.00
2025-11-27,03:07:00,25561.75,25562.5,25557,25559.75,160,25572.82,25558.43,0.00
2025-11-27,03:08:00,25560,25560.25,25558.5,25559.75,55,25572.80,25558.44,0.00
2025-11-27,03:09:00,25558.75,25558.75,25555,25556.25,82,25572.77,25558.41,0.00
2025-11-27,03:10:00,25555.75,25558,25555.75,25558,46,25572.75,25558.39,0.00
2025-11-27,03:11:00,25558.75,25559.75,25558,25558.25,74,25572.73,25558.40,0.00
2025-11-27,03:12:00,25558.75,25559.25,25554.75,25554.75,121,25572.68,25558.34,0.00
2025-11-27,03:13:00,25555.75,25559.5,25555.5,25558.5,94,25572.64,25558.33,0.00
2025-11-27,03:14:00,25558.75,25560.75,25558,25560.5,57,25572.62,25558.34,0.00
2025-11-27,03:15:00,25561.25,25565.75,25561,25563.75,202,25572.58,25558.57,0.00
2025-11-27,03:16:00,25563.75,25565.25,25562.75,25563,119,25572.55,25558.71,0.00
2025-11-27,03:17:00,25563,25567,25562.75,25566,118,25572.53,25558.87,0.00
2025-11-27,03:18:00,25565.75,25566.25,25564,25564.5,92,25572.52,25558.98,0.00
2025-11-27,03:19:00,25564,25566.25,25564,25566,87,25572.50,25559.10,0.00
2025-11-27,03:20:00,25565.25,25565.5,25562.25,25563.75,147,25572.47,25559.23,0.00
2025-11-27,03:21:00,25563.5,25565.25,25563.25,25563.75,33,25572.46,25559.27,0.00
2025-11-27,03:22:00,25563.25,25563.75,25561.5,25563.75,45,25572.45,25559.30,0.00
2025-11-27,03:23:00,25563.5,25565,25563,25564,64,25572.44,25559.36,0.00
2025-11-27,03:24:00,25564,25566.75,25564,25565,103,25572.42,25559.47,0.00
2025-11-27,03:25:00,25564.25,25566.25,25564.25,25565.5,35,25572.42,25559.51,0.00
2025-11-27,03:26:00,25565.25,25567.25,25565.25,25566.75,41,25572.41,25559.56,0.00
2025-11-27,03:27:00,25566.75,25571,25566.75,25569.75,333,25572.39,25560.12,0.00
2025-11-27,03:28:00,25569.75,25571.5,25568.75,25569.5,131,25572.38,25560.34,0.00
2025-11-27,03:29:00,25569,25569,25566.25,25566.5,132,25572.36,25560.49,0.00
2025-11-27,03:30:00,25566.5,25568.5,25565.5,25565.75,72,25572.35,25560.56,0.00
2025-11-27,03:31:00,25565.75,25566.75,25562.5,25563.75,265,25572.30,25560.72,0.00
2025-11-27,03:32:00,25563,25563,25559,25561.5,160,25572.26,25560.73,0.00
2025-11-27,03:33:00,25561,25563,25555.75,25556.5,220,25572.19,25560.66,0.00
2025-11-27,03:34:00,25556,25559,25553.25,25554.25,290,25572.08,25560.44,0.00
2025-11-27,03:35:00,25554.25,25556.25,25550,25555.25,474,25571.89,25553.83,0.00
2025-11-27,03:36:00,25556,25557.75,25549,25550.75,340,25571.74,25552.50,0.00
2025-11-27,03:37:00,25551,25553,25550.25,25551.5,134,25571.68,25552.24,0.00
2025-11-27,03:38:00,25551,25555,25550.75,25554,161,25571.61,25552.50,0.00
2025-11-27,03:39:00,25553.25,25557,25553.25,25556.75,81,25571.58,25552.86,0.00
2025-11-27,03:40:00,25556,25559.5,25555.5,25558.5,167,25571.53,25553.80,0.00
2025-11-27,03:41:00,25558.5,25559.25,25555.75,25556.5,132,25571.49,25554.24,0.00
2025-11-27,03:42:00,25556.5,25565.25,25556.5,25565.25,266,25571.44,25555.92,0.00
2025-11-27,03:43:00,25564.75,25569.5,25564.5,25568.5,186,25571.42,25557.39,0.00
2025-11-27,03:44:00,25568.75,25568.75,25566.75,25568,201,25571.41,25558.64,0.00
2025-11-27,03:45:00,25567.5,25567.75,25564,25565.5,130,25571.39,25559.16,0.00
2025-11-27,03:46:00,25565.25,25565.5,25563.75,25565.25,93,25571.38,25559.44,0.00
2025-11-27,03:47:00,25564.75,25567.75,25564.5,25566.75,108,25571.37,25559.81,0.00
2025-11-27,03:48:00,25566.75,25571,25566.75,25570.25,128,25571.36,25560.38,0.00
2025-11-27,03:49:00,25570.5,25575.75,25569.75,25575.75,417,25571.38,25562.57,0.00
2025-11-27,03:50:00,25575.75,25578.5,25574.5,25578.25,330,25571.42,25564.24,0.00
2025-11-27,03:51:00,25577.5,25578.75,25574,25576.25,252,25571.45,25565.21,0.00
2025-11-27,03:52:00,25576.25,25577.5,25574.75,25575.75,115,25571.46,25565.60,0.00
2025-11-27,03:53:00,25575,25578.5,25574.25,25576,146,25571.47,25566.06,0.00
2025-11-27,03:54:00,25576.25,25576.5,25571.75,25573.25,193,25571.48,25566.48,0.00
2025-11-27,03:55:00,25573.5,25575.25,25572.75,25573,117,25571.49,25566.70,0.00
2025-11-27,03:56:00,25572.25,25577.25,25572.25,25576.75,113,25571.50,25566.96,0.00
2025-11-27,03:57:00,25576.75,25579.5,25575.5,25576.25,141,25571.51,25567.32,0.00
2025-11-27,03:58:00,25577,25578.75,25576,25577.25,93,25571.53,25567.55,0.00
2025-11-27,03:59:00,25576.75,25577.25,25575.75,25575.75,83,25571.53,25567.73,0.00
2025-11-27,04:00:00,25576.75,25578.5,25575,25576,141,25571.55,25568.02,0.00
2025-11-27,04:01:00,25575.75,25576,25562,25563.5,806,25571.48,25567.88,0.00
2025-11-27,04:02:00,25563.5,25571.25,25562.25,25569.25,387,25571.45,25567.86,0.00
2025-11-27,04:03:00,25569.25,25574,25569,25569,259,25571.44,25567.99,0.00
2025-11-27,04:04:00,25568.5,25572.25,25567,25570.75,174,25571.44,25568.05,0.00
2025-11-27,04:05:00,25571.25,25575.25,25570,25571.5,288,25571.44,25568.24,0.00
2025-11-27,04:06:00,25571.75,25572.25,25559.5,25560.25,479,25571.37,25567.94,0.00
2025-11-27,04:07:00,25559.75,25562,25556,25559.5,446,25571.27,25567.39,0.00
2025-11-27,04:08:00,25559.25,25562,25557,25561,258,25571.21,25567.13,0.00
2025-11-27,04:09:00,25560.75,25560.75,25555.75,25557.75,244,25571.15,25566.84,0.00
2025-11-27,04:10:00,25557.75,25557.75,25550.25,25551.25,481,25570.98,25566.02,0.00
2025-11-27,04:11:00,25550.75,25551.5,25546,25548,645,25570.71,25548.50,0.00
2025-11-27,04:12:00,25547.75,25557.25,25547.75,25556.25,528,25570.54,25550.86,0.00
2025-11-27,04:13:00,25556.75,25562,25556.75,25561.5,514,25570.44,25553.67,0.00
2025-11-27,04:14:00,25561.5,25567.5,25560.75,25564.75,439,25570.39,25555.87,0.00
2025-11-27,04:15:00,25565,25566,25560.5,25564,225,25570.36,25556.60,0.00
2025-11-27,04:16:00,25563.75,25568.75,25562.75,25567.5,323,25570.34,25557.78,0.00
2025-11-27,04:17:00,25567.75,25571,25565.75,25570.5,229,25570.33,25558.67,0.00
2025-11-27,04:18:00,25570.25,25575.25,25569.75,25570.75,482,25570.35,25560.56,0.00
2025-11-27,04:19:00,25570.75,25573.5,25567.75,25573,222,25570.35,25561.23,0.00
2025-11-27,04:20:00,25573,25577.5,25570.5,25571,438,25570.37,25562.50,0.00
2025-11-27,04:21:00,25570.5,25572,25568,25571.25,326,25570.37,25563.09,0.00
2025-11-27,04:22:00,25571.25,25576,25570.25,25576,217,25570.39,25563.61,0.00
2025-11-27,04:23:00,25575.5,25579.25,25573,25574,364,25570.42,25564.48,0.00
2025-11-27,04:24:00,25574,25577.25,25569.75,25575.25,236,25570.43,25564.92,0.00
2025-11-27,04:25:00,25575,25577.25,25571.25,25574.25,203,25570.45,25565.27,0.00
2025-11-27,04:26:00,25574,25576,25572.25,25572.5,221,25570.46,25565.59,0.00
2025-11-27,04:27:00,25572.25,25574.75,25570.75,25574.5,163,25570.47,25565.81,0.00
2025-11-27,04:28:00,25574,25577.25,25572,25574.5,107,25570.48,25565.97,0.00
2025-11-27,04:29:00,25575,25577,25571.75,25574.75,120,25570.48,25566.14,0.00
2025-11-27,04:30:00,25574.75,25574.75,25571.5,25573.25,110,25570.49,25566.27,0.00
2025-11-27,04:31:00,25572.25,25572.75,25569,25570.75,292,25570.49,25566.48,0.00
2025-11-27,04:32:00,25571,25571.5,25567.5,25570,299,25570.49,25566.62,0.00
2025-11-27,04:33:00,25570.25,25570.25,25565.75,25569,154,25570.48,25566.66,0.00
2025-11-27,04:34:00,25568.25,25573.25,25568.25,25571.5,206,25570.48,25566.78,0.00
2025-11-27,04:35:00,25571.5,25574.75,25570,25573.5,200,25570.49,25566.95,0.00
2025-11-27,04:36:00,25573.25,25575.75,25570.75,25572.25,234,25570.50,25567.14,0.00
2025-11-27,04:37:00,25572.25,25575.25,25571.75,25572.5,105,25570.50,25567.22,0.00
2025-11-27,04:38:00,25573.25,25576.75,25573,25575,332,25570.53,25567.54,0.00
2025-11-27,04:39:00,25574.25,25582,25572.25,25579.25,574,25570.60,25568.24,0.00
2025-11-27,04:40:00,25580,25580,25576.25,25578.5,200,25570.62,25568.47,0.00
2025-11-27,04:41:00,25578.5,25579.25,25575.5,25578,231,25570.65,25568.70,0.00
2025-11-27,04:42:00,25577.5,25581,25576.25,25576.5,208,25570.67,25568.91,0.00
2025-11-27,04:43:00,25576,25577.25,25573.75,25574.5,245,25570.69,25569.07,0.00
2025-11-27,04:44:00,25574.25,25574.75,25568.25,25570,341,25570.69,25569.14,0.00
2025-11-27,04:45:00,25569.5,25571,25565.25,25568,302,25570.68,25569.11,0.00
2025-11-27,04:46:00,25567.75,25568.25,25562.25,25564.75,392,25570.65,25568.96,0.00
2025-11-27,04:47:00,25565,25565.75,25561.5,25564.75,279,25570.62,25568.83,0.00
2025-11-27,04:48:00,25564.75,25568.75,25563,25564.75,279,25570.59,25568.74,0.00
2025-11-27,04:49:00,25564.5,25566.25,25562,25562,226,25570.57,25568.64,0.00
2025-11-27,04:50:00,25561.75,25565.5,25559.5,25563.75,356,25570.53,25568.46,0.00
2025-11-27,04:51:00,25563,25569.25,25563,25568.5,247,25570.51,25568.43,0.00
2025-11-27,04:52:00,25568.5,25570.25,25565.25,25565.75,252,25570.50,25568.40,0.00
2025-11-27,04:53:00,25566.25,25569.75,25565.25,25568.75,259,25570.49,25568.39,0.00
2025-11-27,04:54:00,25569,25570.75,25566.5,25568.25,258,25570.48,25568.39,0.00
2025-11-27,04:55:00,25568.5,25570,25562,25564.5,282,25570.46,25568.33,0.00
2025-11-27,04:56:00,25564.5,25568.25,25563.25,25564.25,163,25570.45,25568.29,0.00
2025-11-27,04:57:00,25563.5,25564.25,25560,25563,186,25570.42,25568.21,0.00
2025-11-27,04:58:00,25563,25564,25559.75,25560.75,152,25570.40,25568.13,0.00
2025-11-27,04:59:00,25560.75,25561.25,25554.5,25554.5,393,25570.32,25567.81,0.00
2025-11-27,05:00:00,25554.5,25557.25,25553.75,25554.25,327,25570.25,25567.51,0.00
2025-11-27,05:01:00,25554,25555,25550.25,25554.75,499,25570.12,25567.03,0.00
2025-11-27,05:02:00,25554.5,25558.5,25550.5,25555,405,25570.03,25566.69,0.00
2025-11-27,05:03:00,25554.25,25558.25,25551.75,25557.25,271,25569.97,25566.50,0.00
2025-11-27,05:04:00,25556.75,25561.25,25556.25,25559.75,210,25569.94,25566.40,0.00
2025-11-27,05:05:00,25560,25561,25557.5,25560,157,25569.91,25566.33,0.00
2025-11-27,05:06:00,25559.25,25561,25555.75,25558.25,194,25569.88,25566.23,0.00
2025-11-27,05:07:00,25559,25562.75,25558.5,25559.5,318,25569.83,25566.11,0.00
2025-11-27,05:08:00,25558.75,25560,25553.5,25554.5,229,25569.79,25565.97,0.00
2025-11-27,05:09:00,25555,25556.5,25554.25,25554.5,139,25569.76,25565.88,0.00
2025-11-27,05:10:00,25554.5,25557.5,25553.5,25556,142,25569.73,25565.79,0.00
2025-11-27,05:11:00,25556.5,25560.75,25556,25558,163,25569.70,25565.72,0.00
2025-11-27,05:12:00,25558,25558.5,25555.25,25556.75,174,25569.67,25565.63,0.00
2025-11-27,05:13:00,25557.5,25559.5,25555.25,25556.25,207,25569.63,25565.52,0.00
2025-11-27,05:14:00,25556,25556.5,25552.75,25556.25,182,25569.59,25565.42,0.00
2025-11-27,05:15:00,25556.75,25557.5,25554.5,25555.5,107,25569.57,25565.36,0.00
2025-11-27,05:16:00,25554.5,25558.75,25552,25558,313,25569.51,25565.20,0.00
2025-11-27,05:17:00,25558,25562.5,25557,25558.25,210,25569.48,25565.13,0.00
2025-11-27,05:18:00,25558.75,25559.75,25554.5,25554.5,119,25569.46,25565.07,0.00
2025-11-27,05:19:00,25555.25,25557.5,25553.75,25554.75,111,25569.44,25565.01,0.00
2025-11-27,05:20:00,25555.5,25556.5,25554,25554.5,112,25569.42,25564.95,0.00
2025-11-27,05:21:00,25554.25,25554.5,25550.75,25554.5,198,25569.37,25564.82,0.00
2025-11-27,05:22:00,25554.75,25558,25554.25,25555.25,189,25569.34,25564.73,0.00
2025-11-27,05:23:00,25555,25555,25551.25,25552.5,128,25569.31,25564.65,0.00
2025-11-27,05:24:00,25552.25,25557.25,25550.5,25556.75,268,25569.25,25564.52,0.00
2025-11-27,05:25:00,25555.5,25557,25555,25555.75,80,25569.24,25564.48,0.00
2025-11-27,05:26:00,25555.75,25560.5,25555.75,25559.25,209,25569.21,25564.41,0.00
2025-11-27,05:27:00,25559.25,25565.75,25559.25,25564.5,317,25569.18,25564.39,0.00
2025-11-27,05:28:00,25565,25567,25562.5,25564,258,25569.16,25564.40,0.00
2025-11-27,05:29:00,25564.75,25568,25564.75,25566.5,210,25569.15,25564.42,0.00
2025-11-27,05:30:00,25566.5,25569.5,25564.75,25569.5,180,25569.15,25564.45,0.00
2025-11-27,05:31:00,25568.75,25571.25,25568.25,25570,258,25569.15,25564.52,0.00
2025-11-27,05:32:00,25570.5,25571.5,25568.75,25571,137,25569.16,25564.55,0.00
2025-11-27,05:33:00,25571.25,25575,25570.75,25574,330,25569.17,25564.69,0.00
2025-11-27,05:34:00,25573.75,25573.75,25568,25571.5,299,25569.18,25564.78,0.00
2025-11-27,05:35:00,25571.5,25574.25,25570.5,25572,183,25569.19,25564.84,0.00
2025-11-27,05:36:00,25572.5,25575,25570.75,25573.5,177,25569.20,25564.91,0.00
2025-11-27,05:37:00,25574,25578.25,25573.25,25576.5,238,25569.22,25565.03,0.00
2025-11-27,05:38:00,25577.25,25579.75,25577.25,25577.5,245,25569.25,25565.17,0.00
2025-11-27,05:39:00,25577,25577,25568.25,25568.5,392,25569.26,25565.28,0.00
2025-11-27,05:40:00,25568.5,25571.25,25566.75,25571.25,258,25569.26,25565.33,0.00
2025-11-27,05:41:00,25571.25,25573.25,25569.5,25572.5,150,25569.27,25565.37,0.00
2025-11-27,05:42:00,25572.5,25573.5,25569.5,25570.75,227,25569.27,25565.43,0.00
2025-11-27,05:43:00,25571.25,25574.75,25571.25,25573.75,161,25569.28,25565.48,0.00
2025-11-27,05:44:00,25574,25575,25572.25,25573,88,25569.29,25565.51,0.00
2025-11-27,05:45:00,25572.75,25575,25572,25574.5,115,25569.29,25565.55,0.00
2025-11-27,05:46:00,25574.5,25574.75,25571,25571,237,25569.30,25565.62,0.00
2025-11-27,05:47:00,25571.75,25574,25570.25,25573.25,99,25569.31,25565.65,0.00
2025-11-27,05:48:00,25573,25574,25570.5,25571.5,190,25569.31,25565.70,0.00
2025-11-27,05:49:00,25571,25571,25567.25,25569.25,132,25569.31,25565.72,0.00
2025-11-27,05:50:00,25569,25570.25,25564.25,25564.75,187,25569.31,25565.72,0.00
2025-11-27,05:51:00,25564.25,25564.5,25556.75,25559.25,633,25569.23,25565.58,0.00
2025-11-27,05:52:00,25559.5,25563,25558.75,25561,140,25569.22,25565.56,0.00
2025-11-27,05:53:00,25561,25563.75,25559.75,25560.75,173,25569.20,25565.53,0.00
2025-11-27,05:54:00,25561,25563.75,25559.75,25563.5,78,25569.19,25565.52,0.00
2025-11-27,05:55:00,25563.5,25563.5,25558,25560.25,204,25569.17,25565.48,0.00
2025-11-27,05:56:00,25560,25563.25,25559.75,25562.75,89,25569.16,25565.47,0.00
2025-11-27,05:57:00,25562.75,25563.5,25560.25,25560.5,87,25569.15,25565.45,0.00
2025-11-27,05:58:00,25560.25,25563.75,25560.25,25563.25,75,25569.15,25565.44,0.00
2025-11-27,05:59:00,25563.25,25564.75,25561,25562.75,98,25569.14,25565.43,0.00
2025-11-27,06:00:00,25562.75,25563,25556,25556.5,177,25569.11,25565.39,0.00
2025-11-27,06:01:00,25556.75,25558,25553.75,25555.25,334,25569.06,25565.27,0.00
2025-11-27,06:02:00,25554.75,25558.75,25552.5,25556.5,287,25569.01,25565.17,0.00
2025-11-27,06:03:00,25556.25,25560.25,25555.75,25558.5,197,25568.98,25565.11,0.00
2025-11-27,06:04:00,25558.5,25561,25556.75,25557.5,208,25568.96,25565.06,0.00
2025-11-27,06:05:00,25557.75,25559.5,25557.75,25558.25,60,25568.95,25565.05,0.00
2025-11-27,06:06:00,25558.5,25559.75,25555.75,25559.5,201,25568.92,25565.00,0.00
2025-11-27,06:07:00,25559,25562,25557.5,25562,156,25568.90,25564.97,0.00
2025-11-27,06:08:00,25561.75,25566,25561.5,25564.75,244,25568.89,25564.97,0.00
2025-11-27,06:09:00,25565.5,25567.5,25563.25,25564,201,25568.88,25564.97,0.00
2025-11-27,06:10:00,25563.75,25564.25,25561.25,25563.5,74,25568.87,25564.96,0.00
2025-11-27,06:11:00,25564.5,25566,25562.5,25563.25,80,25568.87,25564.96,0.00
2025-11-27,06:12:00,25563,25563.25,25559.75,25560.25,117,25568.86,25564.94,0.00
2025-11-27,06:13:00,25560.25,25562,25559.25,25559.75,89,25568.85,25564.93,0.00
2025-11-27,06:14:00,25560.25,25562.25,25559.75,25560.5,94,25568.84,25564.91,0.00
2025-11-27,06:15:00,25560.5,25560.5,25556.75,25557,100,25568.83,25564.89,0.00
2025-11-27,06:16:00,25556.75,25560.75,25556.25,25560,118,25568.81,25564.87,0.00
2025-11-27,06:17:00,25561,25562.25,25559.5,25560.25,111,25568.80,25564.85,0.00
2025-11-27,06:18:00,25560,25561.5,25559.75,25560,36,25568.80,25564.85,0.00
2025-11-27,06:19:00,25561,25561.75,25559.75,25561.75,84,25568.79,25564.83,0.00
2025-11-27,06:20:00,25561.75,25562,25558,25558.75,51,25568.78,25564.83,0.00
2025-11-27,06:21:00,25557.75,25560,25556.5,25558.75,149,25568.76,25564.79,0.00
2025-11-27,06:22:00,25558.5,25560.5,25558.25,25558.75,62,25568.76,25564.78,0.00
2025-11-27,06:23:00,25559.25,25559.75,25555.75,25557.25,194,25568.73,25564.73,0.00
2025-11-27,06:24:00,25557.25,25557.5,25553.75,25555.5,165,25568.70,25564.68,0.00
2025-11-27,06:25:00,25554.5,25557.25,25553.75,25557.25,123,25568.69,25564.65,0.00
2025-11-27,06:26:00,25557.25,25558.75,25556,25556,64,25568.68,25564.63,0.00
2025-11-27,06:27:00,25555.75,25557.75,25554.75,25556,96,25568.66,25564.60,0.00
2025-11-27,06:28:00,25556,25556.25,25554.5,25555.75,59,25568.65,25564.59,0.00
2025-11-27,06:29:00,25556.5,25559.75,25556,25559.5,85,25568.64,25564.57,0.00
2025-11-27,06:30:00,25559.5,25559.5,25557,25558,69,25568.63,25564.55,0.00
2025-11-27,06:31:00,25558,25558.5,25556.25,25557.5,93,25568.62,25564.53,0.00
2025-11-27,06:32:00,25557,25558.5,25556.25,25558.5,57,25568.61,25564.52,0.00
2025-11-27,06:33:00,25558.75,25559.75,25555,25555,144,25568.59,25564.48,0.00
2025-11-27,06:34:00,25555,25556,25553.25,25554.75,140,25568.57,25564.44,0.00
2025-11-27,06:35:00,25554.75,25556.5,25553,25555.25,164,25568.54,25564.39,0.00
2025-11-27,06:36:00,25555,25557.25,25554,25557.25,96,25568.53,25564.36,0.00
2025-11-27,06:37:00,25556.5,25558.25,25556,25556.25,110,25568.51,25564.33,0.00
2025-11-27,06:38:00,25556,25557.25,25554.25,25557.25,99,25568.50,25564.31,0.00
2025-11-27,06:39:00,25556.75,25560.5,25555.25,25559.5,174,25568.48,25564.27,0.00
2025-11-27,06:40:00,25560,25561.75,25560,25561.75,110,25568.47,25564.26,0.00
2025-11-27,06:41:00,25561.5,25562.75,25559.75,25562.75,98,25568.46,25564.26,0.00
2025-11-27,06:42:00,25562.75,25563.25,25561.25,25562.75,154,25568.45,25564.25,0.00
2025-11-27,06:43:00,25562.5,25563.75,25562.5,25563.25,97,25568.44,25564.24,0.00
2025-11-27,06:44:00,25562.75,25566.25,25562.75,25565.25,172,25568.43,25564.25,0.00
2025-11-27,06:45:00,25565.5,25565.5,25564.25,25564.75,147,25568.43,25564.25,0.00
2025-11-27,06:46:00,25564.75,25565.75,25563.5,25564.5,105,25568.42,25564.25,0.00
2025-11-27,06:47:00,25564.25,25565.25,25562.25,25564.25,111,25568.42,25564.25,0.00
2025-11-27,06:48:00,25563.75,25566,25563.75,25564.5,53,25568.41,25564.25,0.00
2025-11-27,06:49:00,25564.75,25567.25,25564.25,25566,146,25568.41,25564.26,0.00
2025-11-27,06:50:00,25566.5,25567.75,25565.25,25566.75,125,25568.41,25564.27,0.00
2025-11-27,06:51:00,25566.25,25568.25,25566.25,25567,122,25568.41,25564.28,0.00
2025-11-27,06:52:00,25566.5,25567.25,25563.75,25564.5,181,25568.40,25564.28,0.00
2025-11-27,06:53:00,25564.25,25566.5,25562.5,25562.75,151,25568.39,25564.28,0.00
2025-11-27,06:54:00,25563.25,25566.5,25562.75,25566,86,25568.39,25564.28,0.00
2025-11-27,06:55:00,25566.5,25568.25,25566.5,25567,87,25568.39,25564.29,0.00
2025-11-27,06:56:00,25567.75,25571.25,25567.5,25570.75,237,25568.39,25564.33,0.00
2025-11-27,06:57:00,25570.75,25571.25,25568.5,25569.5,141,25568.39,25564.35,0.00
2025-11-27,06:58:00,25569.25,25570.75,25568.75,25569,67,25568.39,25564.36,0.00
2025-11-27,06:59:00,25569.25,25571.75,25569,25571.5,84,25568.40,25564.38,0.00
2025-11-27,07:00:00,25571.75,25572.5,25569.75,25570.5,152,25568.40,25564.41,0.00
2025-11-27,07:01:00,25570.75,25572.25,25569.75,25571.25,183,25568.41,25564.44,0.00
2025-11-27,07:02:00,25570.75,25573.25,25570.5,25572.75,161,25568.41,25564.48,0.00
2025-11-27,07:03:00,25573.5,25575.25,25571.75,25572.25,185,25568.42,25564.53,0.00
2025-11-27,07:04:00,25572,25572.75,25570.75,25572.25,110,25568.43,25564.55,0.00
2025-11-27,07:05:00,25571.75,25572.75,25568.5,25569,133,25568.43,25564.57,0.00
2025-11-27,07:06:00,25569,25570.25,25567,25568,161,25568.43,25564.59,0.00
2025-11-27,07:07:00,25568.25,25568.75,25564.5,25566,198,25568.43,25564.60,0.00
2025-11-27,07:08:00,25566,25567.25,25565.25,25566.25,103,25568.42,25564.60,0.00
2025-11-27,07:09:00,25566,25566.75,25564.25,25564.75,106,25568.42,25564.61,0.00
2025-11-27,07:10:00,25564.5,25567.5,25564.25,25566.75,85,25568.42,25564.61,0.00
2025-11-27,07:11:00,25566.75,25566.75,25564.5,25565.25,69,25568.41,25564.61,0.00
2025-11-27,07:12:00,25566,25566.25,25563.75,25565,61,25568.41,25564.61,0.00
2025-11-27,07:13:00,25564.75,25565.25,25561.25,25562,199,25568.40,25564.60,0.00
2025-11-27,07:14:00,25562,25563.25,25561.25,25562.75,106,25568.39,25564.60,0.00
2025-11-27,07:15:00,25563,25567.5,25563,25566.75,157,25568.39,25564.60,0.00
2025-11-27,07:16:00,25566.75,25569.25,25566.5,25568.5,113,25568.39,25564.61,0.00
2025-11-27,07:17:00,25568.75,25568.75,25565.25,25565.25,85,25568.39,25564.62,0.00
2025-11-27,07:18:00,25565.5,25565.75,25563.75,25565,89,25568.38,25564.62,0.00
2025-11-27,07:19:00,25565.5,25566,25565,25566,38,25568.38,25564.62,0.00
2025-11-27,07:20:00,25566,25566.5,25562.5,25564.25,147,25568.37,25564.62,0.00
2025-11-27,07:21:00,25564.75,25565,25562.5,25564.75,69,25568.37,25564.62,0.00
2025-11-27,07:22:00,25564.75,25566.25,25562.25,25563.75,125,25568.36,25564.61,0.00
2025-11-27,07:23:00,25563.5,25563.75,25560.25,25561.5,154,25568.35,25564.60,0.00
2025-11-27,07:24:00,25561.5,25562.75,25560.75,25561,40,25568.35,25564.60,0.00
2025-11-27,07:25:00,25560.75,25565.25,25560.25,25564.75,137,25568.34,25564.59,0.00
2025-11-27,07:26:00,25564.5,25565.75,25563.5,25565.25,82,25568.34,25564.59,0.00
2025-11-27,07:27:00,25565.25,25567.5,25564.25,25567,182,25568.34,25564.60,0.00
2025-11-27,07:28:00,25567,25567.5,25565.25,25566.5,44,25568.33,25564.60,0.00
2025-11-27,07:29:00,25566,25566.25,25564,25564,33,25568.33,25564.60,0.00
2025-11-27,07:30:00,25563.75,25565.25,25563,25565.25,72,25568.33,25564.60,0.00
2025-11-27,07:31:00,25564.75,25565.5,25562,25562.75,90,25568.32,25564.60,0.00
2025-11-27,07:32:00,25562.5,25566.75,25561.75,25566.75,120,25568.32,25564.60,0.00
2025-11-27,07:33:00,25566.5,25569.75,25566.5,25568,132,25568.32,25564.62,0.00
2025-11-27,07:34:00,25568.75,25569.5,25565.25,25565.75,106,25568.32,25564.62,0.00
2025-11-27,07:35:00,25565.5,25566.25,25562.75,25565.5,167,25568.31,25564.62,0.00
2025-11-27,07:36:00,25565.25,25568.5,25565.25,25567.75,70,25568.31,25564.63,0.00
2025-11-27,07:37:00,25567.75,25569,25565.75,25567.25,83,25568.31,25564.63,0.00
2025-11-27,07:38:00,25567.5,25569.25,25566.25,25568.75,133,25568.31,25564.65,0.00
2025-11-27,07:39:00,25568.75,25572.75,25568.75,25572.5,217,25568.32,25564.68,0.00
2025-11-27,07:40:00,25573,25575.25,25572.5,25573.5,194,25568.33,25564.73,0.00
2025-11-27,07:41:00,25573.25,25574,25570.25,25572,153,25568.33,25564.76,0.00
2025-11-27,07:42:00,25571.75,25573,25570,25572.5,81,25568.34,25564.77,0.00
2025-11-27,07:43:00,25571.5,25576,25571.25,25574.75,175,25568.35,25564.81,0.00
2025-11-27,07:44:00,25575.25,25578.5,25574,25574.5,312,25568.37,25564.90,0.00
2025-11-27,07:45:00,25574.25,25576,25572.5,25573.75,117,25568.38,25564.93,0.00
2025-11-27,07:46:00,25574.25,25576.25,25572.25,25572.5,285,25568.40,25564.99,0.00
2025-11-27,07:47:00,25573,25574.75,25571,25571,143,25568.40,25565.02,0.00
2025-11-27,07:48:00,25571,25571.75,25568.5,25568.75,162,25568.41,25565.03,0.00
2025-11-27,07:49:00,25568.5,25571.5,25565.25,25567,231,25568.40,25565.05,0.00
2025-11-27,07:50:00,25567.5,25568.75,25565.75,25568,98,25568.40,25565.06,0.00
2025-11-27,07:51:00,25568.25,25569.75,25565,25566.75,228,25568.40,25565.07,0.00
2025-11-27,07:52:00,25567.25,25567.75,25565.75,25566,73,25568.40,25565.07,0.00
2025-11-27,07:53:00,25566.25,25567.75,25565,25566.5,119,25568.40,25565.08,0.00
2025-11-27,07:54:00,25566.5,25571,25565.5,25568.75,126,25568.40,25565.09,0.00
2025-11-27,07:55:00,25568.75,25568.75,25564.25,25564.5,123,25568.39,25565.09,0.00
2025-11-27,07:56:00,25565,25565.5,25562.25,25562.25,173,25568.38,25565.08,0.00
2025-11-27,07:57:00,25562.75,25562.75,25560.5,25561,271,25568.36,25565.06,0.00
2025-11-27,07:58:00,25561,25564,25559.75,25561.5,213,25568.35,25565.04,0.00
2025-11-27,07:59:00,25561.5,25562.5,25560,25561.5,105,25568.34,25565.03,0.00
2025-11-27,08:00:00,25561.25,25562.5,25558.75,25559.25,125,25568.33,25565.02,0.00
2025-11-27,08:01:00,25560,25562,25556.75,25557.25,343,25568.29,25564.96,0.00
2025-11-27,08:02:00,25557.25,25564.5,25556.25,25561.5,362,25568.27,25564.93,0.00
2025-11-27,08:03:00,25561.5,25562.5,25558.75,25559.25,134,25568.25,25564.91,0.00
2025-11-27,08:04:00,25559,25559.25,25556.5,25557.75,126,25568.24,25564.89,0.00
2025-11-27,08:05:00,25557.5,25561.5,25557.25,25560.75,103,25568.23,25564.88,0.00
2025-11-27,08:06:00,25560.75,25566.25,25560.75,25565.25,253,25568.22,25564.88,0.00
2025-11-27,08:07:00,25565,25568.25,25562.25,25564.25,447,25568.21,25564.88,0.00
2025-11-27,08:08:00,25564,25567.5,25563,25566.75,122,25568.20,25564.88,0.00
2025-11-27,08:09:00,25566.75,25568.75,25565.5,25566.25,193,25568.20,25564.89,0.00
2025-11-27,08:10:00,25566.25,25567,25564.25,25566.25,118,25568.20,25564.89,0.00
2025-11-27,08:11:00,25566.5,25568.5,25566,25567.75,182,25568.20,25564.90,0.00
2025-11-27,08:12:00,25567.75,25568.5,25567.25,25567.25,94,25568.19,25564.91,0.00
2025-11-27,08:13:00,25567.25,25568.25,25563.25,25565.75,159,25568.19,25564.91,0.00
2025-11-27,08:14:00,25566.25,25566.5,25564.5,25566.25,49,25568.19,25564.91,0.00
2025-11-27,08:15:00,25566,25568.5,25563.75,25563.75,116,25568.19,25564.91,0.00
2025-11-27,08:16:00,25564,25564.5,25561.75,25562.5,140,25568.18,25564.91,0.00
2025-11-27,08:17:00,25562.5,25564.25,25560,25560.25,146,25568.17,25564.89,0.00
2025-11-27,08:18:00,25560.25,25562,25559,25560,184,25568.15,25564.88,0.00
2025-11-27,08:19:00,25561,25562.5,25558.75,25559.75,88,25568.15,25564.87,0.00
2025-11-27,08:20:00,25559.75,25560.75,25559.25,25560.5,56,25568.14,25564.86,0.00
2025-11-27,08:21:00,25560.75,25561.75,25559,25560.5,86,25568.14,25564.85,0.00
2025-11-27,08:22:00,25560.25,25560.5,25558,25558.75,115,25568.12,25564.84,0.00
2025-11-27,08:23:00,25559,25560,25557.5,25557.75,117,25568.11,25564.82,0.00
2025-11-27,08:24:00,25557.5,25559.75,25557.5,25558.5,71,25568.11,25564.81,0.00
2025-11-27,08:25:00,25559,25561.25,25559,25560.25,85,25568.10,25564.80,0.00
2025-11-27,08:26:00,25560.25,25561,25558.25,25560.5,94,25568.09,25564.79,0.00
2025-11-27,08:27:00,25560,25560.25,25558.75,25558.75,43,25568.09,25564.79,0.00
2025-11-27,08:28:00,25558.5,25558.75,25557.25,25558.25,88,25568.08,25564.78,0.00
2025-11-27,08:29:00,25558,25558.5,25557.5,25557.5,61,25568.07,25564.77,0.00
2025-11-27,08:30:00,25557.5,25559,25557.5,25557.75,51,25568.07,25564.76,0.00
2025-11-27,08:31:00,25557.5,25560,25557,25559.25,154,25568.05,25564.74,0.00
2025-11-27,08:32:00,25558.75,25561,25558.25,25559.25,122,25568.04,25564.72,0.00
2025-11-27,08:33:00,25559,25560.5,25557,25558.5,139,25568.03,25564.71,0.00
2025-11-27,08:34:00,25558.25,25559,25556.75,25558,86,25568.02,25564.69,0.00
2025-11-27,08:35:00,25557.75,25561.25,25557.25,25560.25,113,25568.01,25564.68,0.00
2025-11-27,08:36:00,25560.75,25561.25,25557.5,25559,134,25568.00,25564.67,0.00
2025-11-27,08:37:00,25559.25,25561.75,25558.75,25558.75,76,25567.99,25564.66,0.00
2025-11-27,08:38:00,25558.75,25559.5,25556.5,25557.25,57,25567.99,25564.65,0.00
2025-11-27,08:39:00,25557.75,25560,25557.75,25559.75,59,25567.98,25564.64,0.00
2025-11-27,08:40:00,25559.75,25560.5,25558,25558.75,61,25567.98,25564.64,0.00
2025-11-27,08:41:00,25558,25559,25555.75,25556.25,135,25567.96,25564.61,0.00
2025-11-27,08:42:00,25556.25,25557.5,25554.5,25554.75,199,25567.94,25564.58,0.00
2025-11-27,08:43:00,25554.5,25555,25550.25,25550.75,605,25567.84,25564.42,0.00
2025-11-27,08:44:00,25550.25,25552.25,25547.25,25550,389,25567.77,25564.30,0.00
2025-11-27,08:45:00,25549.25,25551.75,25547.25,25551,304,25567.72,25564.21,0.00
2025-11-27,08:46:00,25551.5,25552.5,25549.5,25550.25,275,25567.67,25564.14,0.00
2025-11-27,08:47:00,25550.25,25551.25,25547.75,25549,193,25567.64,25564.08,0.00
2025-11-27,08:48:00,25548.5,25551,25547,25551,269,25567.59,25564.00,0.00
2025-11-27,08:49:00,25550.5,25552.25,25549.25,25551.75,136,25567.57,25563.96,0.00
2025-11-27,08:50:00,25551.5,25555.5,25551.5,25553.25,289,25567.53,25563.90,0.00
2025-11-27,08:51:00,25553.5,25554.75,25551.75,25554.5,153,25567.51,25563.87,0.00
2025-11-27,08:52:00,25554,25556,25553.75,25554.75,84,25567.50,25563.86,0.00
2025-11-27,08:53:00,25555.75,25555.75,25553.25,25554.25,76,25567.49,25563.84,0.00
2025-11-27,08:54:00,25553.75,25555.5,25551.25,25551.75,133,25567.47,25563.81,0.00
2025-11-27,08:55:00,25551.75,25552.75,25550.5,25552,121,25567.45,25563.78,0.00
2025-11-27,08:56:00,25551.75,25556.75,25551.75,25555,113,25567.43,25563.76,0.00
2025-11-27,08:57:00,25554.75,25555.75,25553.25,25554.25,72,25567.43,25563.75,0.00
2025-11-27,08:58:00,25554.25,25557,25554,25554.75,136,25567.41,25563.73,0.00
2025-11-27,08:59:00,25555,25555,25550,25550,154,25567.39,25563.69,0.00
2025-11-27,09:00:00,25550,25552.25,25548.75,25550.75,233,25567.35,25563.63,0.00
2025-11-27,09:01:00,25550.25,25552.5,25548.5,25551.25,256,25567.31,25563.57,0.00
2025-11-27,09:02:00,25551,25553.5,25549.25,25552.25,101,25567.29,25563.54,0.00
2025-11-27,09:03:00,25553.25,25555.75,25551.75,25554.75,208,25567.27,25563.51,0.00
2025-11-27,09:04:00,25554.75,25555.25,25552.5,25552.75,127,25567.25,25563.48,0.00
2025-11-27,09:05:00,25553,25554.25,25552.5,25554,155,25567.23,25563.45,0.00
2025-11-27,09:06:00,25553.75,25556.25,25553.5,25555.75,80,25567.22,25563.44,0.00
2025-11-27,09:07:00,25556.25,25558.25,25555.25,25557,328,25567.19,25563.40,0.00
2025-11-27,09:08:00,25556.75,25556.75,25553,25553.25,185,25567.16,25563.37,0.00
2025-11-27,09:09:00,25553,25554.25,25550.25,25552.25,157,25567.14,25563.33,0.00
2025-11-27,09:10:00,25551.75,25554.75,25551,25553.25,65,25567.13,25563.32,0.00
2025-11-27,09:11:00,25553.5,25554.75,25552,25554.25,59,25567.13,25563.31,0.00
2025-11-27,09:12:00,25553.75,25553.75,25549.75,25550,107,25567.11,25563.29,0.00
2025-11-27,09:13:00,25551,25552.25,25550,25550.25,65,25567.10,25563.27,0.00
2025-11-27,09:14:00,25550.25,25550.25,25543.75,25546,992,25566.91,25546.67,0.00
2025-11-27,09:15:00,25546,25549.75,25545.75,25548.25,249,25566.86,25546.92,0.00
2025-11-27,09:16:00,25547.75,25551,25546.25,25547.5,281,25566.82,25547.16,0.00
2025-11-27,09:17:00,25547.25,25547.25,25541.25,25544.75,550,25566.70,25544.42,0.00
2025-11-27,09:18:00,25544.75,25547,25544.5,25545.75,173,25566.67,25544.74,0.00
2025-11-27,09:19:00,25545.5,25547.75,25544.25,25545.75,162,25566.64,25544.95,0.00
2025-11-27,09:20:00,25545.75,25547,25544.25,25544.5,116,25566.61,25544.99,0.00
2025-11-27,09:21:00,25544.5,25545,25543.25,25545,141,25566.58,25544.92,0.00
2025-11-27,09:22:00,25544.5,25551.75,25544.5,25551.5,273,25566.54,25545.75,0.00
2025-11-27,09:23:00,25551.25,25554.5,25550.75,25550.75,328,25566.50,25546.93,0.00
2025-11-27,09:24:00,25551.25,25554.5,25549.25,25554,274,25566.46,25547.70,0.00
2025-11-27,09:25:00,25553.75,25555.25,25552.75,25553,154,25566.44,25548.12,0.00
2025-11-27,09:26:00,25552.5,25552.5,25548.75,25549.75,197,25566.41,25548.30,0.00
2025-11-27,09:27:00,25549.75,25550.5,25547,25549,191,25566.38,25548.34,0.00
2025-11-27,09:28:00,25548.5,25549.25,25545.75,25548,156,25566.36,25548.30,0.00
2025-11-27,09:29:00,25547.5,25551.5,25547.5,25550,140,25566.34,25548.37,0.00
2025-11-27,09:30:00,25549.75,25552.5,25548.25,25552.5,158,25566.31,25548.51,0.00
2025-11-27,09:31:00,25552,25568.5,25551.5,25563.5,1720,25566.24,25553.11,0.00
2025-11-27,09:32:00,25564.25,25566.25,25558.5,25561.5,1173,25566.19,25554.89,0.00
2025-11-27,09:33:00,25561.5,25568.25,25559.75,25565.75,538,25566.18,25555.70,0.00
2025-11-27,09:34:00,25565.75,25567.25,25556.75,25560.75,706,25566.16,25556.28,0.00
2025-11-27,09:35:00,25561,25563,25559,25561.25,232,25566.15,25556.43,0.00
2025-11-27,09:36:00,25561.25,25562.75,25554.75,25556.5,289,25566.13,25556.49,0.00
2025-11-27,09:37:00,25556.75,25561,25555.25,25561,196,25566.11,25556.56,0.00
2025-11-27,09:38:00,25561,25566.5,25558.5,25559.75,545,25566.09,25556.88,0.00
2025-11-27,09:39:00,25559.75,25561.5,25557,25557,121,25566.08,25556.91,0.00
2025-11-27,09:40:00,25557,25559.5,25555.5,25559.25,152,25566.07,25556.93,0.00
2025-11-27,09:41:00,25558.5,25559.5,25557,25558.25,103,25566.07,25556.94,0.00
2025-11-27,09:42:00,25558.25,25560.5,25557.5,25559.75,139,25566.06,25556.98,0.00
2025-11-27,09:43:00,25559.5,25564,25557.75,25564,143,25566.05,25557.06,0.00
2025-11-27,09:44:00,25564.25,25564.25,25562,25564.25,201,25566.05,25557.20,0.00
2025-11-27,09:45:00,25564.25,25565,25562.5,25564.25,167,25566.05,25557.31,0.00
2025-11-27,09:46:00,25564.25,25564.25,25560.5,25561.25,129,25566.04,25557.38,0.00
2025-11-27,09:47:00,25561,25561.5,25558.5,25559.75,249,25566.03,25557.44,0.00
2025-11-27,09:48:00,25559.75,25563,25559.75,25561,69,25566.03,25557.47,0.00
2025-11-27,09:49:00,25560.75,25561.5,25559.5,25559.75,74,25566.02,25557.49,0.00
2025-11-27,09:50:00,25559.5,25559.5,25557.75,25558.25,131,25566.01,25557.50,0.00
2025-11-27,09:51:00,25558.25,25559.25,25556.25,25557.25,224,25566.00,25557.50,0.00
2025-11-27,09:52:00,25557.25,25559.75,25556.75,25558,181,25565.99,25557.52,0.00
2025-11-27,09:53:00,25558.25,25560.25,25556.5,25558.75,117,25565.98,25557.53,0.00
2025-11-27,09:54:00,25558.75,25560.5,25557.25,25559.5,120,25565.97,25557.54,0.00
2025-11-27,09:55:00,25559.5,25561.75,25559.25,25560.75,101,25565.97,25557.57,0.00
2025-11-27,09:56:00,25561.5,25561.5,25558.5,25560,122,25565.96,25557.60,0.00
2025-11-27,09:57:00,25560.25,25562.5,25558.5,25558.5,230,25565.95,25557.65,0.00
2025-11-27,09:58:00,25559,25559.75,25556,25557.5,262,25565.93,25557.65,0.00
2025-11-27,09:59:00,25557.25,25558.75,25556.5,25557,158,25565.92,25557.64,0.00
2025-11-27,10:00:00,25556.75,25556.75,25553.25,25553.75,252,25565.89,25557.58,0.00
2025-11-27,10:01:00,25553.5,25557.25,25552.5,25556.25,298,25565.87,25557.52,0.00
2025-11-27,10:02:00,25555.5,25556,25553.25,25554.75,139,25565.85,25557.49,0.00
2025-11-27,10:03:00,25555,25555,25551.25,25552.25,264,25565.83,25557.39,0.00
2025-11-27,10:04:00,25552,25554.5,25550.5,25553.75,200,25565.80,25557.32,0.00
2025-11-27,10:05:00,25553.5,25555.75,25553.25,25553.75,159,25565.79,25557.29,0.00
2025-11-27,10:06:00,25554,25556,25553.75,25554.75,157,25565.77,25557.26,0.00
2025-11-27,10:07:00,25555,25559.5,25542,25555.25,2735,25565.47,25556.39,0.00
2025-11-27,10:08:00,25555.75,25557.25,25552.25,25553.75,280,25565.45,25556.36,0.00
2025-11-27,10:09:00,25554.25,25555.5,25548.5,25550.75,342,25565.41,25556.26,0.00
2025-11-27,10:10:00,25550.5,25555.25,25550.5,25553.25,217,25565.39,25556.21,0.00
2025-11-27,10:11:00,25553.25,25555.75,25552.75,25554.5,183,25565.37,25556.19,0.00
2025-11-27,10:12:00,25554.25,25556.5,25549.75,25551.75,254,25565.35,25556.14,0.00
2025-11-27,10:13:00,25552.25,25552.5,25545.75,25550,569,25565.27,25555.92,0.00
2025-11-27,10:14:00,25550.25,25551.5,25546.75,25549.5,435,25565.22,25555.76,0.00
2025-11-27,10:15:00,25549.5,25552.5,25549.25,25550.75,117,25565.20,25555.73,0.00
2025-11-27,10:16:00,25551.25,25553,25549.75,25551.25,243,25565.18,25555.67,0.00
2025-11-27,10:17:00,25550.75,25555.75,25550.75,25555.5,273,25565.15,25555.65,0.00
2025-11-27,10:18:00,25555.75,25556.75,25553,25553.75,295,25565.13,25555.63,0.00
2025-11-27,10:19:00,25554,25556,25553.75,25555.25,174,25565.11,25555.63,0.00
2025-11-27,10:20:00,25555.5,25557.25,25555,25555.75,191,25565.10,25555.63,0.00
2025-11-27,10:21:00,25555.75,25557.5,25554,25554.75,233,25565.08,25555.63,0.00
2025-11-27,10:22:00,25555,25563.5,25553.75,25557.75,785,25565.04,25555.73,0.00
2025-11-27,10:23:00,25557.75,25561,25556.25,25557.5,327,25565.02,25555.77,0.00
2025-11-27,10:24:00,25557.5,25559.25,25554.75,25555,177,25565.01,25555.78,0.00
2025-11-27,10:25:00,25555.5,25557,25552.5,25555.5,208,25565.00,25555.77,0.00
2025-11-27,10:26:00,25555.5,25560,25555.25,25559,297,25564.98,25555.80,0.00
2025-11-27,10:27:00,25559,25562.25,25559,25560.75,268,25564.97,25555.86,0.00
2025-11-27,10:28:00,25561,25561.5,25559,25559.25,195,25564.96,25555.90,0.00
2025-11-27,10:29:00,25559.75,25559.75,25554.25,25554.75,343,25564.94,25555.90,0.00
2025-11-27,10:30:00,25554.75,25556.25,25553.5,25554.25,262,25564.92,25555.89,0.00
2025-11-27,10:31:00,25554.75,25564.25,25554.5,25563.75,814,25564.89,25556.06,0.00
2025-11-27,10:32:00,25563.25,25569.25,25561.25,25565.25,1155,25564.90,25556.50,0.00
2025-11-27,10:33:00,25565.5,25567.5,25561.5,25565,571,25564.90,25556.68,0.00
2025-11-27,10:34:00,25565,25571.25,25564,25569.5,645,25564.91,25556.97,0.00
2025-11-27,10:35:00,25570.25,25570.25,25563,25564.25,546,25564.92,25557.16,0.00
2025-11-27,10:36:00,25564,25566.5,25562.5,25562.75,392,25564.91,25557.26,0.00
2025-11-27,10:37:00,25562.75,25564,25551.5,25553,1303,25564.83,25557.21,0.00
2025-11-27,10:38:00,25552.25,25555.25,25550.25,25552.5,678,25564.77,25557.10,0.00
2025-11-27,10:39:00,25553.25,25556.25,25550,25552,603,25564.71,25557.01,0.00
2025-11-27,10:40:00,25551.75,25552.25,25546,25548.5,542,25564.65,25556.86,0.00
2025-11-27,10:41:00,25548.25,25548.25,25540.25,25543,1381,25564.44,25543.83,0.00
2025-11-27,10:42:00,25543,25551,25541.25,25549.5,1086,25564.31,25545.34,0.00
2025-11-27,10:43:00,25549.25,25552.75,25548.5,25550.25,627,25564.25,25546.38,0.00
2025-11-27,10:44:00,25550.75,25551.75,25548.25,25548.75,344,25564.21,25546.70,0.00
2025-11-27,10:45:00,25549.25,25554.75,25548.75,25552.5,557,25564.16,25547.44,0.00
2025-11-27,10:46:00,25552.25,25553.25,25550.5,25551.5,267,25564.14,25547.71,0.00
2025-11-27,10:47:00,25551.75,25552,25548.25,25549.75,340,25564.11,25547.88,0.00
2025-11-27,10:48:00,25549.75,25551.5,25548.75,25549.5,208,25564.08,25547.97,0.00
2025-11-27,10:49:00,25550,25552,25549.5,25551.25,167,25564.07,25548.07,0.00
2025-11-27,10:50:00,25551,25553.5,25550,25551.5,239,25564.05,25548.23,0.00
2025-11-27,10:51:00,25551.75,25551.75,25547,25549.5,362,25564.01,25548.31,0.00
2025-11-27,10:52:00,25549.25,25551,25548,25549.5,116,25564.00,25548.33,0.00
2025-11-27,10:53:00,25549,25550,25543.5,25546.25,544,25563.93,25548.18,0.00
2025-11-27,10:54:00,25545.5,25547.5,25543.5,25544,385,25563.88,25548.00,0.00
2025-11-27,10:55:00,25544.25,25545.75,25541.25,25545,588,25563.80,25547.67,0.00
2025-11-27,10:56:00,25545,25549,25543.75,25547.5,404,25563.75,25547.62,0.00
2025-11-27,10:57:00,25547.25,25550.5,25547.25,25549.5,427,25563.71,25547.70,0.00
2025-11-27,10:58:00,25549.5,25551.25,25546.25,25547,384,25563.67,25547.72,0.00
2025-11-27,10:59:00,25546.75,25548.25,25545.25,25546.25,219,25563.64,25547.69,0.00
2025-11-27,11:00:00,25546.5,25550.5,25546,25549.5,290,25563.61,25547.72,0.00
2025-11-27,11:01:00,25549.5,25551.5,25546.5,25549.5,417,25563.57,25547.79,0.00
2025-11-27,11:02:00,25549,25551.25,25547.25,25547.25,176,25563.55,25547.80,0.00
2025-11-27,11:03:00,25547.75,25549.5,25546,25548.25,201,25563.53,25547.80,0.00
2025-11-27,11:04:00,25548.5,25549.75,25547.75,25548.75,122,25563.52,25547.82,0.00
2025-11-27,11:05:00,25548.75,25550.5,25547.25,25548.75,192,25563.50,25547.84,0.00
2025-11-27,11:06:00,25549,25549.25,25547.25,25549,146,25563.49,25547.85,0.00
2025-11-27,11:07:00,25548.75,25550.75,25548,25549.75,221,25563.46,25547.88,0.00
2025-11-27,11:08:00,25549.75,25551.75,25548,25549.25,299,25563.44,25547.93,0.00
2025-11-27,11:09:00,25549.25,25551,25547.25,25550.25,249,25563.41,25547.97,0.00
2025-11-27,11:10:00,25550.5,25554.25,25549.75,25553.25,444,25563.38,25548.14,0.00
2025-11-27,11:11:00,25553.75,25555.5,25550,25552.5,467,25563.35,25548.32,0.00
2025-11-27,11:12:00,25551.75,25553.5,25550,25552,196,25563.33,25548.37,0.00
2025-11-27,11:13:00,25552,25559,25552,25558.75,764,25563.30,25548.86,0.00
2025-11-27,11:14:00,25558.75,25561,25556.5,25558.25,722,25563.27,25549.38,0.00
2025-11-27,11:15:00,25558,25559.75,25556.25,25557.25,397,25563.26,25549.62,0.00
2025-11-27,11:16:00,25557.25,25559.5,25554,25558.25,552,25563.24,25549.91,0.00
2025-11-27,11:17:00,25557.75,25557.75,25554.75,25556.5,262,25563.23,25550.02,0.00
2025-11-27,11:18:00,25556.25,25557.5,25554.75,25556.5,262,25563.21,25550.13,0.00
2025-11-27,11:19:00,25557,25559,25556.5,25556.75,265,25563.20,25550.26,0.00
2025-11-27,11:20:00,25557.25,25557.75,25555.75,25556.75,140,25563.20,25550.32,0.00
2025-11-27,11:21:00,25557,25558.5,25556,25557.25,326,25563.18,25550.46,0.00
2025-11-27,11:22:00,25557.25,25560.25,25557.25,25559.25,225,25563.18,25550.58,0.00
2025-11-27,11:23:00,25559.25,25560.25,25554.25,25556.5,311,25563.17,25550.70,0.00
2025-11-27,11:24:00,25556.5,25558.25,25555.5,25557.25,184,25563.16,25550.77,0.00
2025-11-27,11:25:00,25557.25,25561,25555.75,25559.5,277,25563.15,25550.91,0.00
2025-11-27,11:26:00,25560,25560,25556.75,25557.5,230,25563.14,25551.00,0.00
2025-11-27,11:27:00,25557.5,25557.75,25555.25,25556.25,206,25563.13,25551.07,0.00
2025-11-27,11:28:00,25556.5,25558.5,25555.75,25557,179,25563.13,25551.13,0.00
2025-11-27,11:29:00,25556.5,25557.75,25555,25555.5,222,25563.12,25551.19,0.00
2025-11-27,11:30:00,25554.75,25556.75,25553.75,25556.5,417,25563.10,25551.30,0.00
2025-11-27,11:31:00,25556.75,25557.75,25553.25,25553.5,323,25563.08,25551.36,0.00
2025-11-27,11:32:00,25553.25,25553.75,25547.25,25548,747,25563.02,25551.29,0.00
2025-11-27,11:33:00,25547.5,25550.5,25547.25,25549,388,25562.98,25551.24,0.00
2025-11-27,11:34:00,25549,25550,25546.5,25548,319,25562.95,25551.19,0.00
2025-11-27,11:35:00,25548.25,25548.75,25544.75,25546,338,25562.91,25551.12,0.00
2025-11-27,11:36:00,25545.75,25548,25543.25,25546.5,565,25562.85,25550.97,0.00
2025-11-27,11:37:00,25546.25,25550.25,25546.25,25548,416,25562.81,25550.92,0.00
2025-11-27,11:38:00,25548,25549,25545.5,25549,251,25562.79,25550.88,0.00
2025-11-27,11:39:00,25549,25551.25,25547.75,25549.75,270,25562.77,25550.87,0.00
2025-11-27,11:40:00,25549.75,25550,25546.25,25549.5,229,25562.75,25550.84,0.00
2025-11-27,11:41:00,25549.5,25550.5,25547.5,25549.5,228,25562.73,25550.82,0.00
2025-11-27,11:42:00,25549.25,25553.75,25549.25,25552.75,488,25562.70,25550.85,0.00
2025-11-27,11:43:00,25552.5,25555,25552.5,25554.5,374,25562.68,25550.90,0.00
2025-11-27,11:44:00,25555,25556,25552.75,25554,262,25562.66,25550.94,0.00
2025-11-27,11:45:00,25553.5,25555,25552,25552,141,25562.65,25550.95,0.00
2025-11-27,11:46:00,25551.75,25553.5,25550.25,25552.75,310,25562.63,25550.97,0.00
2025-11-27,11:47:00,25553.25,25554.75,25552.5,25553,161,25562.62,25550.98,0.00
2025-11-27,11:48:00,25552.75,25554.25,25552.75,25553.25,108,25562.62,25550.99,0.00
2025-11-27,11:49:00,25553.25,25554,25552,25553.75,156,25562.61,25551.01,0.00
2025-11-27,11:50:00,25553.75,25555.25,25553.5,25554.5,136,25562.60,25551.03,0.00
2025-11-27,11:51:00,25554.5,25555.5,25553.75,25554.5,269,25562.59,25551.07,0.00
2025-11-27,11:52:00,25554.5,25554.5,25552,25553.5,269,25562.57,25551.09,0.00
2025-11-27,11:53:00,25553.25,25555,25553,25553.5,177,25562.56,25551.11,0.00
2025-11-27,11:54:00,25553.5,25554.75,25552,25554,181,25562.55,25551.13,0.00
2025-11-27,11:55:00,25554,25554.25,25551.25,25552.5,206,25562.54,25551.14,0.00
2025-11-27,11:56:00,25552.75,25554.5,25551.5,25553.5,230,25562.53,25551.16,0.00
2025-11-27,11:57:00,25553.25,25555.5,25553.25,25554.75,268,25562.51,25551.19,0.00
2025-11-27,11:58:00,25554.75,25555.25,25553,25553.25,167,25562.50,25551.21,0.00
2025-11-27,11:59:00,25553,25555.25,25553,25553.75,107,25562.50,25551.22,0.00
2025-11-27,12:00:00,25554,25554.75,25553,25554,241,25562.49,25551.25,0.00
2025-11-27,12:01:00,25554,25555.25,25553.25,25554.5,240,25562.47,25551.27,0.00
2025-11-27,12:02:00,25555,25555.75,25551.5,25552.25,441,25562.45,25551.31,0.00
2025-11-27,12:03:00,25552.25,25552.5,25548.25,25548.75,350,25562.42,25551.29,0.00
2025-11-27,12:04:00,25548.75,25549,25542.5,25544.25,680,25562.35,25551.14,0.00
2025-11-27,12:05:00,25543.75,25544.25,25539,25542,855,25562.25,25541.75,0.00
2025-11-27,12:06:00,25542.25,25548.25,25541.5,25547.5,567,25562.19,25543.34,0.00
2025-11-27,12:07:00,25547.75,25549,25546,25547,222,25562.17,25543.88,0.00
2025-11-27,12:08:00,25547,25547.75,25545,25547.75,174,25562.15,25544.17,0.00
2025-11-27,12:09:00,25547.25,25551,25546.75,25550,296,25562.13,25544.88,0.00
2025-11-27,12:10:00,25550.25,25551.5,25549.5,25550.5,181,25562.12,25545.32,0.00
2025-11-27,12:11:00,25550.75,25550.75,25548.25,25549.25,215,25562.10,25545.67,0.00
2025-11-27,12:12:00,25549.5,25550.5,25543.75,25545,334,25562.07,25545.76,0.00
2025-11-27,12:13:00,25544.75,25545.25,25543.25,25543.75,305,25562.04,25545.60,0.00
2025-11-27,12:14:00,25544,25547.25,25542.75,25544.75,291,25562.01,25545.54,0.00
2025-11-27,12:15:00,25545,25550,25543,25549.5,340,25561.98,25545.72,0.00
2025-11-27,12:16:00,25549.75,25550.25,25546.25,25547.5,182,25561.96,25545.82,0.00
2025-11-27,12:17:00,25547.75,25552.5,25546.5,25552.25,325,25561.94,25546.17,0.00
2025-11-27,12:18:00,25552.5,25553,25548.25,25549.75,285,25561.92,25546.43,0.00
2025-11-27,12:19:00,25549.5,25552,25549,25550,178,25561.91,25546.58,0.00
2025-11-27,12:20:00,25550.25,25551,25548,25549.5,119,25561.90,25546.65,0.00
2025-11-27,12:21:00,25549.25,25550.75,25548.5,25549.25,150,25561.89,25546.73,0.00
2025-11-27,12:22:00,25549.25,25552.5,25549,25552,148,25561.88,25546.86,0.00
2025-11-27,12:23:00,25552.25,25553,25550.75,25552.5,239,25561.87,25547.09,0.00
2025-11-27,12:24:00,25552.5,25553,25551.25,25552,105,25561.86,25547.18,0.00
2025-11-27,12:25:00,25551.75,25552.25,25549.5,25551.75,183,25561.85,25547.31,0.00
2025-11-27,12:26:00,25551.25,25554.25,25549.75,25552.5,354,25561.83,25547.60,0.00
2025-11-27,12:27:00,25552.5,25555,25551.25,25554.25,312,25561.81,25547.89,0.00
2025-11-27,12:28:00,25554.5,25557.75,25554.5,25557.75,477,25561.80,25548.50,0.00
2025-11-27,12:29:00,25557.25,25557.25,25554.25,25554.5,413,25561.78,25548.89,0.00
2025-11-27,12:30:00,25554.5,25555.5,25553.5,25554.75,258,25561.77,25549.08,0.00
2025-11-27,12:31:00,25555,25555.75,25552.25,25553.5,338,25561.76,25549.29,0.00
2025-11-27,12:32:00,25553,25554.5,25550.5,25552.75,373,25561.74,25549.44,0.00
2025-11-27,12:33:00,25553,25554.75,25552.5,25553.25,128,25561.73,25549.50,0.00
2025-11-27,12:34:00,25552.75,25552.75,25550,25551.5,254,25561.72,25549.56,0.00
2025-11-27,12:35:00,25551.5,25553,25551.25,25552.25,158,25561.71,25549.60,0.00
2025-11-27,12:36:00,25552.5,25555,25551.75,25553.5,267,25561.70,25549.72,0.00
2025-11-27,12:37:00,25553.5,25555,25553.5,25553.5,94,25561.69,25549.76,0.00
2025-11-27,12:38:00,25553.75,25554.25,25552,25553.5,118,25561.69,25549.81,0.00
2025-11-27,12:39:00,25553.5,25553.75,25551.5,25552.25,108,25561.68,25549.84,0.00
2025-11-27,12:40:00,25552,25553.5,25551,25551.75,158,25561.67,25549.87,0.00
2025-11-27,12:41:00,25551.5,25551.75,25549.25,25550.75,245,25561.66,25549.89,0.00
2025-11-27,12:42:00,25550.5,25552.25,25550.5,25551.75,118,25561.65,25549.91,0.00
2025-11-27,12:43:00,25551.75,25553.25,25550.75,25552.75,83,25561.64,25549.93,0.00
2025-11-27,12:44:00,25552.5,25554.5,25552.5,25554.25,159,25561.64,25549.99,0.00
2025-11-27,12:45:00,25554.25,25554.25,25552.25,25552.5,76,25561.63,25550.01,0.00
2025-11-27,12:46:00,25552,25552.75,25550.25,25552.25,107,25561.63,25550.03,0.00
2025-11-27,12:47:00,25552.75,25553,25551.25,25552.75,70,25561.62,25550.05,0.00
2025-11-27,12:48:00,25552.5,25552.5,25550.5,25550.5,44,25561.62,25550.05,0.00
2025-11-27,12:49:00,25550.75,25551.25,25548.25,25549.5,243,25561.60,25550.04,0.00
2025-11-27,12:50:00,25549.5,25549.5,25547,25548.5,251,25561.59,25550.00,0.00
2025-11-27,12:51:00,25549,25550.25,25548.75,25548.75,109,25561.58,25550.00,0.00
2025-11-27,12:52:00,25549,25549,25546.5,25547.5,103,25561.57,25549.97,0.00
2025-11-27,12:53:00,25547.75,25547.75,25544,25544,224,25561.55,25549.88,0.00
2025-11-27,12:54:00,25544,25547.25,25544,25547,260,25561.53,25549.80,0.00
2025-11-27,12:55:00,25546.75,25547.25,25546,25546.75,92,25561.52,25549.77,0.00
2025-11-27,12:56:00,25547,25549.5,25545.75,25549.25,200,25561.50,25549.74,0.00
2025-11-27,12:57:00,25549.5,25551.75,25549,25550.75,187,25561.49,25549.76,0.00
2025-11-27,12:58:00,25550.75,25551.5,25549.25,25551.25,115,25561.48,25549.76,0.00
2025-11-27,12:59:00,25550.75,25552.25,25548.75,25550.5,134,25561.48,25549.77,0.00
2025-11-27,13:00:00,25550.25,25550.75,25546.75,25549.5,191,25561.46,25549.76,0.00
2025-11-27,13:01:00,25549.75,25551.5,25549,25550.25,242,25561.45,25549.77,0.00
2025-11-27,13:02:00,25550.5,25553.25,25550.25,25552.5,165,25561.44,25549.80,0.00
2025-11-27,13:03:00,25552.75,25553,25549.25,25549.25,109,25561.43,25549.80,0.00
2025-11-27,13:04:00,25549.25,25549.25,25547.5,25548.25,159,25561.42,25549.79,0.00
2025-11-27,13:05:00,25548.5,25551,25548.5,25550.75,63,25561.42,25549.79,0.00
2025-11-27,13:06:00,25551.25,25552,25550,25550.25,107,25561.41,25549.80,0.00
2025-11-27,13:07:00,25550.75,25550.75,25549,25549.5,75,25561.40,25549.80,0.00
2025-11-27,13:08:00,25550.25,25551,25550.25,25550.75,49,25561.40,25549.80,0.00
2025-11-27,13:09:00,25550.75,25550.75,25549.25,25549.5,33,25561.40,25549.80,0.00
2025-11-27,13:10:00,25549.25,25549.75,25548.5,25549.5,51,25561.40,25549.80,0.00
2025-11-27,13:11:00,25549.5,25549.5,25547.25,25548.5,138,25561.39,25549.78,0.00
2025-11-27,13:12:00,25548.5,25550.25,25548,25550,81,25561.38,25549.78,0.00
2025-11-27,13:13:00,25550,25550.5,25549,25549.5,61,25561.38,25549.78,0.00
2025-11-27,13:14:00,25549.5,25550.25,25549,25550.25,69,25561.37,25549.78,0.00
2025-11-27,13:15:00,25550,25550,25549,25549.5,53,25561.37,25549.78,0.00
2025-11-27,13:16:00,25549.5,25552.25,25549.25,25551.75,124,25561.36,25549.79,0.00
2025-11-27,13:17:00,25552.25,25552.5,25551,25551.5,90,25561.36,25549.80,0.00
2025-11-27,13:18:00,25550.75,25552,25550.5,25551.25,28,25561.36,25549.81,0.00
2025-11-27,13:19:00,25551,25551.5,25550.25,25550.75,37,25561.35,25549.81,0.00
2025-11-27,13:20:00,25550.5,25551.25,25550.25,25551,32,25561.35,25549.81,0.00
2025-11-27,13:21:00,25551,25551,25549.25,25549.75,99,25561.34,25549.81,0.00
2025-11-27,13:22:00,25549.75,25550.5,25549,25549.25,68,25561.34,25549.81,0.00
2025-11-27,13:23:00,25549.5,25550.5,25549,25549.75,42,25561.34,25549.81,0.00
2025-11-27,13:24:00,25549.5,25551,25549.5,25550.25,52,25561.33,25549.81,0.00
2025-11-27,13:25:00,25550.25,25550.5,25549.25,25549.5,78,25561.33,25549.81,0.00
2025-11-27,13:26:00,25549.75,25550,25548.75,25549.75,72,25561.32,25549.81,0.00
2025-11-27,13:27:00,25549.25,25550,25548.5,25549.5,50,25561.32,25549.81,0.00
2025-11-27,13:28:00,25549.75,25549.75,25548.5,25549.5,80,25561.32,25549.81,0.00
2025-11-27,13:29:00,25549.25,25549.5,25548.5,25549,56,25561.31,25549.80,0.00
2025-11-27,13:30:00,25549,25549.75,25548.75,25549.75,47,25561.31,25549.80,0.00
2025-11-27,13:31:00,25549.25,25551.75,25548.5,25551,157,25561.30,25549.81,0.00
2025-11-27,13:32:00,25551,25551.5,25550.25,25550.5,121,25561.29,25549.82,0.00
2025-11-27,13:33:00,25550.5,25552,25550.5,25551,94,25561.29,25549.82,0.00
2025-11-27,13:34:00,25550.75,25552,25550,25552,81,25561.28,25549.83,0.00
2025-11-27,13:35:00,25552,25553.25,25551.5,25552.75,123,25561.28,25549.85,0.00
2025-11-27,13:36:00,25553,25554.75,25552.5,25554.25,113,25561.27,25549.88,0.00
2025-11-27,13:37:00,25554.25,25555.5,25554,25555,91,25561.27,25549.91,0.00
2025-11-27,13:38:00,25555,25555,25553.5,25554,82,25561.27,25549.93,0.00
2025-11-27,13:39:00,25554,25554,25552.25,25552.5,77,25561.26,25549.95,0.00
2025-11-27,13:40:00,25552.5,25553,25550.75,25550.75,68,25561.26,25549.95,0.00
2025-11-27,13:41:00,25551.25,25553.25,25549.75,25553,88,25561.25,25549.96,0.00
2025-11-27,13:42:00,25553.25,25554.25,25553,25553.25,62,25561.25,25549.98,0.00
2025-11-27,13:43:00,25552.75,25554.25,25552.5,25553.75,57,25561.25,25549.99,0.00
2025-11-27,13:44:00,25554.25,25554.5,25552.5,25552.75,70,25561.25,25550.00,0.00
2025-11-27,13:45:00,25553,25554.5,25553,25554.25,110,25561.24,25550.03,0.00
2025-11-27,13:46:00,25554,25555.75,25554,25555,295,25561.23,25550.12,0.00
2025-11-27,13:47:00,25555.25,25556.25,25552,25552.5,108,25561.23,25550.14,0.00
2025-11-27,13:48:00,25552.75,25555.5,25552.75,25555.25,47,25561.22,25550.15,0.00
2025-11-27,13:49:00,25555.25,25555.25,25554.25,25554.25,20,25561.22,25550.16,0.00
2025-11-27,13:50:00,25554,25554,25553,25553,21,25561.22,25550.16,0.00
2025-11-27,13:51:00,25553,25555,25553,25553.5,93,25561.22,25550.18,0.00
2025-11-27,13:52:00,25554.5,25554.5,25552.75,25553,51,25561.22,25550.19,0.00
2025-11-27,13:53:00,25553,25554.25,25552.75,25553,47,25561.21,25550.20,0.00
2025-11-27,13:54:00,25553.25,25553.25,25552.25,25552.25,23,25561.21,25550.20,0.00
2025-11-27,13:55:00,25552,25553,25551.5,25553,38,25561.21,25550.21,0.00
2025-11-27,13:56:00,25553,25553.75,25552.5,25553.75,49,25561.21,25550.22,0.00
2025-11-27,13:57:00,25554,25554.75,25553.25,25554.25,179,25561.20,25550.26,0.00
2025-11-27,13:58:00,25553.75,25554.25,25552.75,25553,50,25561.20,25550.27,0.00
2025-11-27,13:59:00,25552.75,25553.75,25552,25552,59,25561.20,25550.27,0.00
2025-11-27,14:00:00,25553,25555.25,25551,25553,242,25561.19,25550.31,0.00
2025-11-27,19:01:00,25556.75,25573.25,25556.25,25566,1282,25565.17,25565.17,0.00
2025-11-27,19:02:00,25566.25,25572,25559.25,25566,491,25565.33,25565.33,0.00
2025-11-27,19:03:00,25567,25570.75,25560.75,25570,468,25565.71,25565.71,0.00
2025-11-27,19:04:00,25570.75,25572,25568.25,25569.25,202,25566.05,25566.05,0.00
2025-11-27,19:05:00,25568.5,25569.25,25565.5,25567.75,158,25566.14,25566.14,0.00
2025-11-27,19:06:00,25567.75,25571.75,25567.25,25571.25,330,25566.58,25566.58,0.00
2025-11-27,19:07:00,25571,25573.25,25558.5,25570.25,896,25566.76,25566.76,0.00
2025-11-27,19:08:00,25570.5,25576.5,25568.75,25573,480,25572.75,25567.43,0.00
2025-11-27,19:09:00,25572.25,25581.75,25571.75,25577.25,543,25576.92,25568.49,0.00
2025-11-27,19:10:00,25576.25,25579,25573.25,25574.25,308,25576.40,25568.91,0.00
2025-11-27,19:11:00,25574.5,25579.5,25574.25,25576.5,174,25576.46,25569.16,0.00
2025-11-27,19:12:00,25576,25576.25,25569,25569.5,381,25575.14,25569.33,0.00
2025-11-27,19:13:00,25569.25,25574.75,25568.25,25572.25,278,25574.58,25569.44,0.00
2025-11-27,19:14:00,25571.5,25576.5,25570.5,25570.5,215,25574.35,25569.54,0.00
2025-11-27,19:15:00,25570.25,25572.25,25569,25570.25,95,25574.16,25569.56,0.00
2025-11-27,19:16:00,25569.25,25570.25,25565.25,25565.5,249,25573.37,25569.46,0.00
2025-11-27,19:17:00,25565.5,25566.25,25562,25565.25,322,25572.25,25569.23,0.00
2025-11-27,19:18:00,25564.5,25564.5,25559.5,25561.25,290,25571.19,25568.93,0.00
2025-11-27,19:19:00,25560.75,25563.75,25560.5,25562.5,143,25570.76,25568.80,0.00
2025-11-27,19:20:00,25562.5,25567.25,25562.25,25564.75,261,25570.28,25568.66,0.00
2025-11-27,19:21:00,25564,25570.5,25563.5,25568.75,321,25570.04,25568.61,0.00
2025-11-27,19:22:00,25569.25,25571.25,25567.75,25569.5,209,25570.01,25568.64,0.00
2025-11-27,19:23:00,25568.75,25570.5,25565,25569,174,25569.93,25568.63,0.00
2025-11-27,19:24:00,25568.5,25573,25567.75,25570.5,272,25569.96,25568.68,0.00
2025-11-27,19:25:00,25571.25,25575,25570.25,25573.75,170,25570.08,25568.77,0.00
2025-11-27,19:26:00,25573.5,25575.25,25572.25,25574.25,156,25570.21,25568.86,0.00
2025-11-27,19:27:00,25573.5,25576.25,25573.25,25575,175,25570.38,25568.97,0.00
2025-11-27,19:28:00,25574.5,25575.75,25569.75,25575.75,300,25570.58,25569.13,0.00
2025-11-27,19:29:00,25576,25578.25,25573.75,25575.25,364,25570.93,25569.37,0.00
2025-11-27,19:30:00,25574.5,25575.75,25571.75,25575.5,163,25571.03,25569.46,0.00
2025-11-27,19:31:00,25575.25,25576.5,25572,25572.75,169,25571.11,25569.53,0.00
2025-11-27,19:32:00,25572.75,25572.75,25569.75,25571.5,168,25571.11,25569.56,0.00
2025-11-27,19:33:00,25571.25,25571.5,25568.25,25570.25,152,25571.09,25569.56,0.00
2025-11-27,19:34:00,25569.5,25570,25566.5,25569.75,227,25571.00,25569.55,0.00
2025-11-27,19:35:00,25568.75,25572,25568.5,25570.25,110,25570.99,25569.55,0.00
2025-11-27,19:36:00,25570,25571.25,25569.75,25570.5,66,25570.98,25569.56,0.00
2025-11-27,19:37:00,25570.5,25572,25570.25,25570.75,65,25570.98,25569.57,0.00
2025-11-27,19:38:00,25570.25,25572,25569.5,25571.5,57,25570.98,25569.58,0.00
2025-11-27,19:39:00,25570.75,25574,25569.5,25572.25,81,25571.00,25569.59,0.00
2025-11-27,19:40:00,25572.5,25573.75,25572,25573,41,25571.01,25569.61,0.00
2025-11-27,19:41:00,25572.5,25575.5,25571.75,25574.25,91,25571.04,25569.64,0.00
2025-11-27,19:42:00,25574,25575.5,25572.5,25573.75,90,25571.08,25569.68,0.00
2025-11-27,19:43:00,25574,25574.25,25571.75,25571.75,60,25571.10,25569.69,0.00
2025-11-27,19:44:00,25572.75,25574.25,25571.75,25572.75,48,25571.11,25569.70,0.00
2025-11-27,19:45:00,25572.75,25574.75,25572.5,25573.75,70,25571.13,25569.73,0.00
2025-11-27,19:46:00,25573.5,25578,25572.5,25576.75,241,25571.29,25569.85,0.00
2025-11-27,19:47:00,25577,25581.25,25576.25,25579.75,575,25571.86,25570.29,0.00
2025-11-27,19:48:00,25579.75,25583.75,25579.25,25580,439,25581.00,25570.66,0.00
2025-11-27,19:49:00,25579.5,25584,25579.25,25581.25,246,25581.50,25570.87,0.00
2025-11-27,19:50:00,25581.25,25582.5,25580.25,25580.25,134,25581.32,25570.97,0.00
2025-11-27,19:51:00,25580.25,25583.25,25579,25582.75,166,25581.43,25571.11,0.00
2025-11-27,19:52:00,25583,25586.25,25582.25,25583.5,315,25584.00,25571.41,0.00
2025-11-27,19:53:00,25583.5,25584.75,25582.25,25584,154,25583.89,25571.55,0.00
2025-11-27,19:54:00,25583.75,25585.25,25582.75,25583.5,115,25583.88,25571.65,0.00
2025-11-27,19:55:00,25584.25,25584.25,25579.75,25582.5,143,25583.54,25571.76,0.00
2025-11-27,19:56:00,25582.25,25583.75,25581.75,25582,78,25583.44,25571.82,0.00
2025-11-27,19:57:00,25582.25,25583.25,25581,25581,46,25583.35,25571.85,0.00
2025-11-27,19:58:00,25581.5,25581.75,25580,25580.5,82,25583.12,25571.90,0.00
2025-11-27,19:59:00,25580.5,25584.5,25580.5,25583.25,113,25583.08,25571.99,0.00
2025-11-27,20:00:00,25584.25,25584.5,25581.25,25581.25,80,25583.03,25572.05,0.00
2025-11-27,20:01:00,25581.5,25584.5,25577.5,25579.75,315,25582.49,25572.23,0.00
2025-11-27,20:02:00,25579.75,25588.75,25579.75,25588.5,426,25585.67,25572.61,0.00
2025-11-27,20:03:00,25588,25588.75,25585.75,25586.5,193,25586.08,25572.79,0.00
2025-11-27,20:04:00,25587.25,25587.75,25583.75,25587.5,287,25586.16,25573.05,0.00
2025-11-27,20:05:00,25586.75,25590.5,25584.75,25588.5,254,25587.92,25573.28,0.00
2025-11-27,20:06:00,25589.25,25595.25,25587.25,25590.25,622,25590.92,25573.95,0.00
2025-11-27,20:07:00,25589.5,25596.75,25589.5,25594.5,361,25593.58,25574.38,0.00
2025-11-27,20:08:00,25594,25594.25,25588.5,25591.75,293,25592.65,25574.67,0.00
2025-11-27,20:09:00,25591.75,25595.75,25590,25595.25,148,25592.84,25574.84,0.00
2025-11-27,20:10:00,25594.5,25597.5,25593.25,25596,248,25595.58,25575.13,0.00
2025-11-27,20:11:00,25596.25,25597.5,25593.25,25596.25,193,25595.62,25575.35,0.00
2025-11-27,20:12:00,25596.25,25598.75,25593.5,25595,239,25595.75,25575.63,0.00
2025-11-27,20:13:00,25594.25,25602,25594,25601,490,25599.00,25576.25,0.00
2025-11-27,20:14:00,25600.75,25602,25598.75,25601.75,226,25599.58,25576.55,0.00
2025-11-27,20:15:00,25602.25,25603.25,25598.75,25600.25,307,25600.75,25576.94,0.00
2025-11-27,20:16:00,25600.5,25604,25599.75,25600.25,293,25601.33,25577.32,0.00
2025-11-27,20:17:00,25600.75,25605.25,25600.25,25601.5,294,25602.33,25577.69,0.00
2025-11-27,20:18:00,25601.25,25603,25600,25600.75,210,25601.88,25577.94,0.00
2025-11-27,20:19:00,25600.75,25602,25594.75,25598.25,409,25600.29,25578.36,0.00
2025-11-27,20:20:00,25598.25,25599.75,25596,25599,132,25600.03,25578.49,0.00
2025-11-27,20:21:00,25599.25,25600.25,25596,25597.75,158,25599.77,25578.64,0.00
2025-11-27,20:22:00,25598,25599.25,25596.5,25597.75,126,25599.58,25578.76,0.00
2025-11-27,20:23:00,25597.25,25598.25,25595.25,25595.25,100,25599.35,25578.84,0.00
2025-11-27,20:24:00,25595.25,25598.25,25593.5,25594,275,25598.69,25579.06,0.00
2025-11-27,20:25:00,25593.5,25594.5,25591.5,25594,288,25597.91,25579.25,0.00
2025-11-27,20:26:00,25593.75,25597.25,25592.75,25597,217,25597.69,25579.42,0.00
2025-11-27,20:27:00,25597.5,25598.25,25596.5,25597.5,98,25597.68,25579.50,0.00
2025-11-27,20:28:00,25597.5,25598.75,25596.75,25597.75,107,25597.68,25579.59,0.00
2025-11-27,20:29:00,25597.75,25598.5,25596.25,25597.5,63,25597.68,25579.64,0.00
2025-11-27,20:30:00,25597.25,25597.5,25592.25,25593.75,177,25597.47,25579.76,0.00
2025-11-27,20:31:00,25593.75,25599.5,25593.75,25597.75,245,25597.43,25579.96,0.00
2025-11-27,20:32:00,25597.5,25599,25595.75,25596,73,25597.41,25580.01,0.00
2025-11-27,20:33:00,25595.75,25596,25592.25,25594,190,25597.21,25580.13,0.00
2025-11-27,20:34:00,25594.75,25597.75,25594,25596.75,79,25597.19,25580.19,0.00
2025-11-27,20:35:00,25596.25,25597.75,25595.25,25596.5,78,25597.17,25580.24,0.00
2025-11-27,20:36:00,25596.75,25597,25594.5,25596,56,25597.15,25580.28,0.00
2025-11-27,20:37:00,25595.5,25596,25593.5,25593.5,65,25597.10,25580.32,0.00
2025-11-27,20:38:00,25593.5,25595,25591.25,25593.75,174,25596.92,25580.42,0.00
2025-11-27,20:39:00,25593.5,25594,25591.25,25593.25,132,25596.77,25580.49,0.00
2025-11-27,20:40:00,25593,25593.5,25591,25592.5,132,25596.62,25580.56,0.00
2025-11-27,20:41:00,25592.5,25592.5,25587,25588.25,308,25596.08,25580.68,0.00
2025-11-27,20:42:00,25588,25590.25,25587.75,25589,104,25595.91,25580.71,0.00
2025-11-27,20:43:00,25589,25591.25,25588.75,25588.75,115,25595.74,25580.76,0.00
2025-11-27,20:44:00,25590.25,25590.25,25588.5,25588.5,51,25595.67,25580.77,0.00
2025-11-27,20:45:00,25588.25,25590.75,25588,25590.5,85,25595.55,25580.81,0.00
2025-11-27,20:46:00,25589.75,25590.75,25588.25,25589.25,75,25595.46,25580.83,0.00
2025-11-27,20:47:00,25589.25,25591,25584.25,25587,226,25595.08,25580.90,0.00
2025-11-27,20:48:00,25587,25588.75,25586.25,25588.25,101,25594.93,25580.92,0.00
2025-11-27,20:49:00,25588.25,25596.25,25586.25,25596,309,25594.81,25581.07,0.00
2025-11-27,20:50:00,25596,25598,25593.25,25597.25,310,25594.88,25581.26,0.00
2025-11-27,20:51:00,25596.5,25598.25,25594,25596.25,187,25594.92,25581.38,0.00
2025-11-27,20:52:00,25595.5,25596.25,25592.25,25594.5,167,25594.91,25581.46,0.00
2025-11-27,20:53:00,25595,25596.5,25594,25595.25,78,25594.91,25581.50,0.00
2025-11-27,20:54:00,25596,25597.5,25595,25596.25,79,25594.93,25581.55,0.00
2025-11-27,20:55:00,25595.5,25597.25,25595.5,25596.75,42,25594.94,25581.58,0.00
2025-11-27,20:56:00,25596.75,25597.5,25595.25,25595.75,102,25594.96,25581.63,0.00
2025-11-27,20:57:00,25594.75,25598.75,25594.75,25595.5,185,25595.00,25581.74,0.00
2025-11-27,20:58:00,25595,25595,25589.25,25592,209,25594.91,25581.82,0.00
2025-11-27,20:59:00,25592,25595,25591.25,25595,110,25594.89,25581.87,0.00
2025-11-27,21:00:00,25595,25595.75,25593.5,25594.5,73,25594.89,25581.91,0.00
2025-11-27,21:01:00,25595.25,25595.75,25591,25591.75,95,25594.86,25581.95,0.00
2025-11-27,21:02:00,25591.5,25594,25589.75,25592.5,92,25594.82,25581.99,0.00
2025-11-27,21:03:00,25592.75,25594.75,25591.75,25594.5,76,25594.81,25582.02,0.00
2025-11-27,21:04:00,25593.5,25598.25,25593,25598.25,141,25594.84,25582.10,0.00
2025-11-27,21:05:00,25598,25599.25,25593.5,25597,173,25594.88,25582.19,0.00
2025-11-27,21:06:00,25596,25598,25595.25,25596.75,84,25594.90,25582.24,0.00
2025-11-27,21:07:00,25596.5,25608.25,25595.5,25605.75,523,25603.17,25582.64,0.00
2025-11-27,21:08:00,25605.75,25606.5,25602,25602.75,236,25603.35,25582.82,0.00
2025-11-27,21:09:00,25603.25,25609.25,25602.5,25608.5,304,25606.75,25583.08,0.00
2025-11-27,21:10:00,25606,25610,25604.25,25607.75,300,25607.33,25583.34,0.00
2025-11-27,21:11:00,25607.75,25614.25,25607.25,25610.5,393,25610.67,25583.72,0.00
2025-11-27,21:12:00,25612.75,25613.25,25609.25,25611,149,25610.80,25583.87,0.00
2025-11-27,21:13:00,25609,25611.25,25603.25,25608.25,262,25609.75,25584.08,0.00
2025-11-27,21:14:00,25607.75,25612.5,25605,25612.25,96,25609.77,25584.17,0.00
2025-11-27,21:15:00,25612.25,25612.25,25608,25611.25,126,25609.86,25584.28,0.00
2025-11-27,21:16:00,25611.25,25611.25,25607,25608.25,100,25609.77,25584.37,0.00
2025-11-27,21:17:00,25608.75,25611.25,25605.75,25609.25,100,25609.69,25584.45,0.00
2025-11-27,21:18:00,25609.25,25612.25,25608.25,25612.25,83,25609.76,25584.52,0.00
2025-11-27,21:19:00,25611.25,25611.5,25606.75,25606.75,85,25609.68,25584.59,0.00
2025-11-27,21:20:00,25609,25611.5,25606.75,25609.25,66,25609.65,25584.65,0.00
2025-11-27,21:21:00,25609.25,25610.75,25607.5,25607.75,59,25609.62,25584.70,0.00
2025-11-27,21:22:00,25609.75,25614.25,25608.25,25614.25,132,25609.83,25584.82,0.00
2025-11-27,21:23:00,25613.75,25617.25,25611.75,25616.75,213,25615.25,25585.04,0.00
2025-11-27,21:24:00,25615,25618.5,25614,25618.5,186,25617.00,25585.23,0.00
2025-11-27,21:25:00,25618.5,25619.25,25616,25616.25,95,25617.17,25585.33,0.00
2025-11-27,21:26:00,25618,25618.5,25614.25,25616.75,96,25616.83,25585.43,0.00
2025-11-27,21:27:00,25614.25,25617.5,25614,25617.25,94,25616.64,25585.53,0.00
2025-11-27,21:28:00,25617,25617.5,25614.5,25615.25,47,25616.51,25585.58,0.00
2025-11-27,21:29:00,25615.25,25617,25612.25,25614.25,125,25615.96,25585.69,0.00
2025-11-27,21:30:00,25614.25,25614.5,25609.75,25611.25,117,25615.12,25585.79,0.00
2025-11-27,21:31:00,25609.75,25611.5,25604,25604,270,25612.36,25585.97,0.00
2025-11-27,21:32:00,25606.75,25607,25603.25,25603.5,134,25611.30,25586.05,0.00
2025-11-27,21:33:00,25603.5,25604.75,25600.25,25604.25,207,25609.86,25586.17,0.00
2025-11-27,21:34:00,25603.25,25603.25,25599.5,25600.25,94,25609.21,25586.21,0.00
2025-11-27,21:35:00,25600.25,25601.75,25597,25599.5,227,25607.73,25586.31,0.00
2025-11-27,21:36:00,25601.75,25603.75,25599,25602.25,145,25607.20,25586.38,0.00
2025-11-27,21:37:00,25602.25,25602.5,25598.25,25599,103,25606.77,25586.42,0.00
2025-11-27,21:38:00,25599.75,25603.25,25598,25599.75,94,25606.45,25586.46,0.00
2025-11-27,21:39:00,25599.5,25603.5,25598.5,25602.75,70,25606.27,25586.50,0.00
2025-11-27,21:40:00,25599.5,25602.75,25598.75,25598.75,63,25606.07,25586.52,0.00
2025-11-27,21:41:00,25599,25601.75,25597.5,25597.75,99,25605.74,25586.56,0.00
2025-11-27,21:42:00,25597.25,25598.75,25593.25,25593.5,218,25604.73,25586.62,0.00
2025-11-27,21:43:00,25593.5,25597.5,25592.75,25593.75,143,25604.14,25586.65,0.00
2025-11-27,21:44:00,25592.75,25598,25589,25592.25,239,25603.16,25586.70,0.00
2025-11-27,21:45:00,25591.75,25595.25,25589.5,25592.5,80,25602.85,25586.71,0.00
2025-11-27,21:46:00,25595.5,25597,25592.5,25597,90,25602.61,25586.74,0.00
2025-11-27,21:47:00,25597,25597.5,25593.5,25596.75,48,25602.50,25586.75,0.00
2025-11-27,21:48:00,25596.25,25600.25,25594.75,25595.5,81,25602.35,25586.78,0.00
2025-11-27,21:49:00,25597.75,25601.25,25595.25,25596,160,25602.10,25586.83,0.00
2025-11-27,21:50:00,25600,25600,25596,25597.5,39,25602.05,25586.84,0.00
2025-11-27,21:51:00,25597.5,25600.25,25597.25,25599.75,49,25602.00,25586.86,0.00
2025-11-27,21:52:00,25598.25,25600.25,25596.5,25598.5,42,25601.96,25586.87,0.00
2025-11-27,21:53:00,25597,25600.25,25596.25,25598.5,41,25601.91,25586.89,0.00
2025-11-27,21:54:00,25599.25,25601.5,25597.5,25599.75,62,25601.87,25586.91,0.00
2025-11-27,21:55:00,25599.5,25602,25598.5,25598.5,60,25601.83,25586.93,0.00
2025-11-27,21:56:00,25601.75,25601.75,25596.5,25599.75,82,25601.77,25586.96,0.00
2025-11-27,21:57:00,25597.25,25601.25,25597.25,25600.5,34,25601.75,25586.98,0.00
2025-11-27,21:58:00,25598.25,25600.75,25598.25,25599.75,19,25601.74,25586.98,0.00
2025-11-27,21:59:00,25600.75,25600.75,25598,25599.25,17,25601.73,25586.99,0.00
2025-11-27,22:00:00,25599,25599.75,25596.5,25596.5,66,25601.66,25587.01,0.00
2025-11-27,22:01:00,25599.25,25600.25,25595.5,25595.5,60,25601.58,25587.03,0.00
2025-11-27,22:02:00,25595.5,25598,25594.75,25596.25,42,25601.52,25587.04,0.00
2025-11-27,22:03:00,25596.25,25598.25,25595.25,25598,38,25601.48,25587.05,0.00
2025-11-27,22:04:00,25598.25,25598.25,25596.25,25597.25,24,25601.45,25587.06,0.00
2025-11-27,22:05:00,25597.25,25598.25,25596,25596.25,23,25601.42,25587.07,0.00
2025-11-27,22:06:00,25598.25,25601.25,25595.75,25598.25,128,25601.33,25587.11,0.00
2025-11-27,22:07:00,25598.75,25601.75,25598.5,25601.75,44,25601.32,25587.13,0.00
2025-11-27,22:08:00,25599.5,25601.5,25598.25,25601,41,25601.31,25587.14,0.00
2025-11-27,22:09:00,25599,25601.25,25598.5,25601,39,25601.30,25587.16,0.00
2025-11-27,22:10:00,25601.25,25601.5,25599.25,25601.25,21,25601.30,25587.17,0.00
2025-11-27,22:11:00,25601.25,25601.25,25599.25,25599.25,20,25601.29,25587.17,0.00
2025-11-27,22:12:00,25599.25,25601.5,25599,25599,24,25601.28,25587.18,0.00
2025-11-27,22:13:00,25599,25599.25,25596.25,25598.25,60,25601.23,25587.20,0.00
2025-11-27,22:14:00,25598.75,25599,25594.25,25595,58,25601.16,25587.22,0.00
2025-11-27,22:15:00,25595,25597.5,25594.25,25594.25,43,25601.11,25587.23,0.00
2025-11-27,22:16:00,25594.25,25598.25,25594.25,25596,32,25601.07,25587.23,0.00
2025-11-27,22:17:00,25598,25598.25,25595,25597.25,21,25601.05,25587.24,0.00
2025-11-27,22:18:00,25596.75,25598,25595.75,25598,14,25601.04,25587.24,0.00
2025-11-27,22:19:00,25597.75,25598.25,25597.75,25597.75,8,25601.03,25587.25,0.00
2025-11-27,22:20:00,25596.75,25600,25595.25,25598.25,44,25601.00,25587.26,0.00
2025-11-27,22:21:00,25595.5,25598.5,25595.25,25596.25,29,25600.97,25587.27,0.00
2025-11-27,22:22:00,25596.25,25596.75,25593.5,25595.5,44,25600.91,25587.28,0.00
2025-11-27,22:23:00,25593.5,25598.25,25593.25,25597,33,25600.88,25587.29,0.00
2025-11-27,22:24:00,25594.5,25596.25,25593.75,25593.75,26,25600.84,25587.29,0.00
2025-11-27,22:25:00,25593.25,25595,25592.5,25593.25,40,25600.78,25587.30,0.00
2025-11-27,22:26:00,25593.25,25597.75,25592.5,25597.75,47,25600.73,25587.31,0.00
2025-11-27,22:27:00,25597.25,25598.5,25594.5,25598.5,33,25600.71,25587.32,0.00
2025-11-27,22:28:00,25598,25598.5,25596.25,25596.25,26,25600.69,25587.33,0.00
2025-11-27,22:29:00,25596.25,25598.5,25595.25,25596,20,25600.67,25587.33,0.00
2025-11-27,22:30:00,25597.75,25598.25,25595.25,25596,23,25600.65,25587.34,0.00
2025-11-27,22:31:00,25597.25,25599.75,25594.75,25599.75,55,25600.62,25587.36,0.00
2025-11-27,22:32:00,25599.75,25600.75,25597.25,25600.5,48,25600.61,25587.37,0.00
2025-11-27,22:33:00,25597.5,25601.75,25595.25,25597.25,60,25600.58,25587.39,0.00
2025-11-27,22:34:00,25599.25,25600,25596,25599,38,25600.56,25587.40,0.00
2025-11-27,22:35:00,25599,25599.5,25596,25596,38,25600.54,25587.41,0.00
2025-11-27,22:36:00,25596,25601.25,25595.75,25601.25,86,25600.52,25587.44,0.00
2025-11-27,22:37:00,25597,25601.25,25596.25,25599,42,25600.50,25587.46,0.00
2025-11-27,22:38:00,25596.5,25598.75,25594.75,25595.75,35,25600.48,25587.47,0.00
2025-11-27,22:39:00,25595.5,25598.5,25594.25,25597.25,43,25600.44,25587.48,0.00
2025-11-27,22:40:00,25596.5,25598.25,25594.25,25598.25,25,25600.43,25587.48,0.00
2025-11-27,22:41:00,25595,25602,25595,25600.25,86,25600.41,25587.51,0.00
2025-11-27,22:42:00,25600.25,25600.25,25596.75,25599.25,11,25600.40,25587.52,0.00
2025-11-27,22:43:00,25596.75,25596.75,25596.25,25596.25,6,25600.40,25587.52,0.00
2025-11-27,22:44:00,25596,25600,25595.25,25596.75,39,25600.37,25587.53,0.00
2025-11-27,22:45:00,25598.75,25598.75,25596.25,25598.25,6,25600.37,25587.53,0.00
2025-11-27,00:00:00,25567.25,25568.75,25566.5,25566.5,66,25574.57,25572.75,0.00
2025-11-27,00:01:00,25566.5,25567.5,25564.75,25566.75,95,25574.52,25572.73,0.00
2025-11-27,00:02:00,25566.5,25568.5,25566.5,25567.25,43,25574.50,25572.72,0.00
2025-11-27,00:03:00,25567.25,25568.25,25566.5,25568.25,15,25574.49,25572.72,0.00
2025-11-27,00:04:00,25568.5,25571.5,25568.5,25571.5,244,25574.44,25572.70,0.00
2025-11-27,00:05:00,25571.5,25571.75,25567.25,25568,138,25574.39,25572.68,0.00
2025-11-27,00:06:00,25568.5,25569.25,25567,25568.75,79,25574.36,25572.66,0.00
2025-11-27,00:07:00,25568,25568.25,25565.5,25566.25,107,25574.32,25572.64,0.00
2025-11-27,00:08:00,25566,25567.75,25564.25,25567.5,112,25574.27,25572.62,0.00
2025-11-27,00:09:00,25567,25567.5,25565.75,25565.75,43,25574.25,25572.60,0.00
2025-11-27,00:10:00,25566.25,25566.75,25564.5,25564.5,38,25574.23,25572.59,0.00
2025-11-27,00:11:00,25565,25566.5,25564.75,25565,49,25574.20,25572.58,0.00
2025-11-27,00:12:00,25565.5,25566,25564.75,25565.5,37,25574.18,25572.57,0.00
2025-11-27,00:13:00,25565.5,25565.75,25561.75,25563.75,355,25573.98,25572.46,0.00
2025-11-27,00:14:00,25564.5,25564.75,25562.75,25563.25,73,25573.93,25572.43,0.00
2025-11-27,00:15:00,25564.25,25567.75,25562.5,25564.75,284,25573.79,25572.36,0.00
2025-11-27,00:16:00,25564.75,25569.25,25564.25,25567.25,200,25573.72,25572.32,0.00
2025-11-27,00:17:00,25566.5,25567.5,25564.75,25567,76,25573.69,25572.30,0.00
2025-11-27,00:18:00,25567.5,25567.75,25565,25566,31,25573.68,25572.29,0.00
2025-11-27,00:19:00,25566,25566.25,25564.75,25565.25,23,25573.67,25572.29,0.00
2025-11-27,00:20:00,25565.5,25565.5,25560.5,25564,189,25573.56,25572.23,0.00
2025-11-27,00:21:00,25564.5,25567.75,25562.5,25566.25,132,25573.51,25572.20,0.00
2025-11-27,00:22:00,25565.25,25567,25564.5,25567,18,25573.50,25572.19,0.00
2025-11-27,00:23:00,25566.75,25569.75,25565.75,25568.25,196,25573.44,25572.16,0.00
2025-11-27,00:24:00,25568,25570.5,25567,25568.25,105,25573.42,25572.15,0.00
2025-11-27,00:25:00,25568.25,25569.5,25568,25569,36,25573.41,25572.15,0.00
2025-11-27,00:26:00,25569,25569.5,25568.5,25568.75,33,25573.40,25572.14,0.00
2025-11-27,00:27:00,25568.75,25569.25,25564.25,25568.75,274,25573.32,25572.10,0.00
2025-11-27,00:28:00,25568.75,25568.75,25567.25,25567.75,18,25573.31,25572.10,0.00
2025-11-27,00:29:00,25568.25,25571.5,25568.25,25570.75,266,25573.27,25572.08,0.00
2025-11-27,00:30:00,25571,25571.75,25570,25571.75,100,25573.26,25572.07,0.00
2025-11-27,00:31:00,25572,25573.25,25567.75,25571.75,431,25573.21,25572.06,0.00
2025-11-27,00:32:00,25572.5,25573.75,25570,25571,193,25573.19,25572.06,0.00
2025-11-27,00:33:00,25570.75,25572.75,25570.75,25572.25,16,25573.19,25572.05,0.00
2025-11-27,00:34:00,25572.25,25573.25,25570.5,25571,77,25573.19,25572.05,0.00
2025-11-27,00:35:00,25571,25572.5,25570.75,25572,26,25573.18,25572.05,0.00
2025-11-27,00:36:00,25572.75,25575.25,25572.25,25574.25,112,25573.19,25572.06,0.00
2025-11-27,00:37:00,25575,25577,25570,25575.5,646,25573.22,25572.10,0.00
2025-11-27,00:38:00,25576,25579.25,25569.5,25577.5,926,25573.31,25572.20,0.00
2025-11-27,00:39:00,25577.5,25580,25577.25,25578.5,203,25573.36,25572.24,0.00
2025-11-27,00:40:00,25579,25579.5,25577.5,25578.75,257,25573.41,25572.29,0.00
2025-11-27,00:41:00,25578.5,25579.25,25576.75,25577.5,91,25573.43,25572.31,0.00
2025-11-27,00:42:00,25577.75,25578.25,25576.25,25576.75,53,25573.44,25572.32,0.00
2025-11-27,00:43:00,25577,25578,25573.75,25574.25,105,25573.45,25572.33,0.00
2025-11-27,00:44:00,25573.75,25574.25,25572,25572.75,97,25573.45,25572.33,0.00
2025-11-27,00:45:00,25572.25,25573.75,25571.75,25571.75,51,25573.45,25572.33,0.00
2025-11-27,00:46:00,25572.25,25573.25,25571.25,25571.75,91,25573.44,25572.33,0.00
2025-11-27,00:47:00,25571.25,25571.75,25569.25,25570.5,125,25573.42,25572.32,0.00
2025-11-27,00:48:00,25570.75,25573.75,25570.75,25573.75,116,25573.42,25572.32,0.00
2025-11-27,00:49:00,25574.25,25575.75,25573.5,25575.25,79,25573.43,25572.33,0.00
2025-11-27,00:50:00,25575,25577.75,25575,25577.75,85,25573.44,25572.34,0.00
2025-11-27,00:51:00,25577.75,25578.25,25575.75,25576,74,25573.45,25572.35,0.00
2025-11-27,00:52:00,25575.75,25576,25574.5,25576,69,25573.45,25572.36,0.00
2025-11-27,00:53:00,25576,25576.5,25574,25575.25,50,25573.46,25572.36,0.00
2025-11-27,00:54:00,25575.5,25575.75,25574.25,25575,58,25573.46,25572.36,0.00
2025-11-27,00:55:00,25574.75,25575.75,25574.75,25575,31,25573.46,25572.37,0.00
2025-11-27,00:56:00,25575.25,25576.25,25574.5,25575.25,47,25573.47,25572.37,0.00
2025-11-27,00:57:00,25574.75,25574.75,25573.75,25574.5,28,25573.47,25572.37,0.00
2025-11-27,00:58:00,25574.75,25577.25,25574.75,25576,80,25573.48,25572.38,0.00
2025-11-27,00:59:00,25576.5,25577.5,25574.25,25577.25,77,25573.49,25572.39,0.00
2025-11-27,01:00:00,25576.5,25578.5,25576.5,25578.25,75,25573.50,25572.40,0.00
2025-11-27,01:01:00,25578.25,25579,25576.25,25578.5,162,25573.53,25572.43,0.00
2025-11-27,01:02:00,25579,25581,25578.25,25579.5,151,25573.57,25572.46,0.00
2025-11-27,01:03:00,25579,25582.75,25579,25581.5,139,25573.61,25572.50,0.00
2025-11-27,01:04:00,25581.75,25584,25581.75,25583.25,125,25573.65,25572.53,0.00
2025-11-27,01:05:00,25583.5,25585,25583,25584,88,25573.69,25572.56,0.00
2025-11-27,01:06:00,25584.25,25587,25582.75,25584.75,223,25573.79,25572.64,0.00
2025-11-27,01:07:00,25584.5,25585.25,25584.25,25584.5,45,25573.81,25572.66,0.00
2025-11-27,01:08:00,25584.25,25584.5,25582.25,25583.75,80,25573.84,25572.68,0.00
2025-11-27,01:09:00,25583.25,25583.75,25580.75,25581.25,66,25573.86,25572.70,0.00
2025-11-27,01:10:00,25582,25582,25579.75,25581.25,87,25573.89,25572.72,0.00
2025-11-27,01:11:00,25582,25586,25582,25585,169,25573.95,25572.78,0.00
2025-11-27,01:12:00,25584.75,25585,25583,25584.75,90,25573.99,25572.81,0.00
2025-11-27,01:13:00,25584.75,25587.25,25584,25584.75,186,25574.07,25572.87,0.00
2025-11-27,01:14:00,25586.25,25586.25,25584.75,25585.5,55,25574.10,25572.89,0.00
2025-11-27,01:15:00,25586,25588.25,25586,25586.5,103,25574.15,25572.93,0.00
2025-11-27,01:16:00,25586.25,25587.75,25585.75,25587,75,25574.18,25572.96,0.00
2025-11-27,01:17:00,25586.75,25588,25586.5,25587,49,25574.21,25572.98,0.00
2025-11-27,01:18:00,25587,25587.5,25586.25,25587,81,25574.25,25573.01,0.00
2025-11-27,01:19:00,25586.25,25588.75,25586.25,25587.5,131,25574.31,25573.07,0.00
2025-11-27,01:20:00,25587.25,25587.5,25585.25,25585.5,119,25574.37,25573.11,0.00
2025-11-27,01:21:00,25586.25,25586.25,25583.75,25584.75,110,25574.41,25573.15,0.00
2025-11-27,01:22:00,25584.75,25586.25,25584.5,25586.25,46,25574.43,25573.16,0.00
2025-11-27,01:23:00,25586.25,25588.5,25585.75,25588,52,25574.45,25573.18,0.00
2025-11-27,01:24:00,25588,25589,25586.75,25588.25,58,25574.48,25573.21,0.00
2025-11-27,01:25:00,25588.5,25590.25,25588.5,25589.75,115,25574.55,25573.26,0.00
2025-11-27,01:26:00,25589.75,25589.75,25588,25588,100,25574.60,25573.30,0.00
2025-11-27,01:27:00,25588.75,25590.25,25587.25,25587.75,85,25574.64,25573.34,0.00
2025-11-27,01:28:00,25587.25,25588.5,25585.75,25586.5,68,25574.67,25573.36,0.00
2025-11-27,01:29:00,25586,25586,25584.25,25585,70,25574.70,25573.38,0.00
2025-11-27,01:30:00,25585.5,25586.5,25584.5,25585.25,57,25574.72,25573.40,0.00
2025-11-27,01:31:00,25585,25586.25,25584.25,25585.25,66,25574.75,25573.42,0.00
2025-11-27,01:32:00,25585.25,25585.75,25583.5,25585.5,100,25574.78,25573.45,0.00
2025-11-27,01:33:00,25585.25,25586.5,25584.25,25585.5,41,25574.80,25573.47,0.00
2025-11-27,01:34:00,25585,25587,25584.75,25587,53,25574.82,25573.49,0.00
2025-11-27,01:35:00,25587,25588,25586.25,25586.5,48,25574.84,25573.50,0.00
2025-11-27,01:36:00,25586.5,25586.5,25584.25,25584.5,46,25574.86,25573.52,0.00
2025-11-27,01:37:00,25584.5,25586.5,25583.75,25585.5,122,25574.91,25573.56,0.00
2025-11-27,01:38:00,25586,25590,25585.75,25588,126,25574.97,25573.61,0.00
2025-11-27,01:39:00,25588,25590,25586.25,25589.5,153,25575.04,25573.67,0.00
2025-11-27,01:40:00,25589,25589.25,25588,25589.25,82,25575.08,25573.70,0.00
2025-11-27,01:41:00,25589.5,25590.25,25587.5,25589,101,25575.13,25573.74,0.00
2025-11-27,01:42:00,25588.25,25590,25588.25,25589,22,25575.14,25573.75,0.00
2025-11-27,01:43:00,25588.5,25588.5,25587.5,25588.25,24,25575.15,25573.76,0.00
2025-11-27,01:44:00,25588.5,25589,25587.25,25588,98,25575.20,25573.80,0.00
2025-11-27,01:45:00,25588.25,25588.25,25585.25,25586.75,111,25575.24,25573.83,0.00
2025-11-27,01:46:00,25586.5,25587,25585.25,25586.25,62,25575.26,25573.85,0.00
2025-11-27,01:47:00,25586,25586,25583.75,25583.75,79,25575.29,25573.88,0.00
2025-11-27,01:48:00,25584,25584.75,25581.25,25581.25,152,25575.33,25573.91,0.00
2025-11-27,01:49:00,25582,25583.75,25580.75,25581.5,145,25575.36,25573.94,0.00
2025-11-27,01:50:00,25581.75,25582.25,25579.5,25581,113,25575.38,25573.96,0.00
2025-11-27,01:51:00,25580.75,25583,25580.5,25581.25,157,25575.42,25573.99,0.00
2025-11-27,01:52:00,25581.5,25581.75,25577.25,25578.5,271,25575.45,25574.03,0.00
2025-11-27,01:53:00,25578.75,25578.75,25573.75,25575.5,288,25575.46,25574.04,0.00
2025-11-27,01:54:00,25576.25,25579.75,25576,25579,134,25575.47,25574.06,0.00
2025-11-27,01:55:00,25579,25579.5,25577.5,25579.5,113,25575.48,25574.07,0.00
2025-11-27,01:56:00,25579.25,25580,25576.25,25578,115,25575.49,25574.08,0.00
2025-11-27,01:57:00,25577.75,25579.25,25576.75,25577.25,77,25575.50,25574.09,0.00
2025-11-27,01:58:00,25577.5,25579.75,25577.25,25577.75,113,25575.51,25574.10,0.00
2025-11-27,01:59:00,25577,25579,25576,25578.75,80,25575.51,25574.11,0.00
2025-11-27,02:00:00,25578.75,25579.25,25577,25577.75,71,25575.52,25574.12,0.00
2025-11-27,02:01:00,25578,25581,25578,25578.5,129,25575.53,25574.13,0.00
2025-11-27,02:02:00,25578.5,25580.25,25577.75,25579.25,84,25575.54,25574.14,0.00
2025-11-27,02:03:00,25579,25579.25,25577.25,25578,108,25575.55,25574.15,0.00
2025-11-27,02:04:00,25577.5,25578.75,25574.5,25575,148,25575.56,25574.16,0.00
2025-11-27,02:05:00,25574.75,25575.5,25573.5,25573.5,97,25575.55,25574.16,0.00
2025-11-27,02:06:00,25574,25576.25,25573.75,25576,70,25575.55,25574.16,0.00
2025-11-27,02:07:00,25575.75,25575.75,25571.25,25573.25,229,25575.54,25574.16,0.00
2025-11-27,02:08:00,25573,25573.5,25571.5,25571.5,94,25575.53,25574.15,0.00
2025-11-27,02:09:00,25572.5,25572.75,25569.75,25570.25,200,25575.50,25574.14,0.00
2025-11-27,02:10:00,25570.25,25571.5,25568.5,25571,147,25575.47,25574.12,0.00
2025-11-27,02:11:00,25571.5,25573,25571,25571.75,130,25575.46,25574.12,0.00
2025-11-27,02:12:00,25572.25,25573,25571,25572.25,79,25575.45,25574.11,0.00
2025-11-27,02:13:00,25572.75,25574.25,25570.75,25571,76,25575.44,25574.11,0.00
2025-11-27,02:14:00,25571,25572,25570.5,25570.75,61,25575.43,25574.11,0.00
2025-11-27,02:15:00,25570.5,25571,25569,25569.75,73,25575.42,25574.10,0.00
2025-11-27,02:16:00,25569.75,25571.25,25568.5,25570.75,90,25575.41,25574.09,0.00
2025-11-27,02:17:00,25570.75,25572,25570,25570.5,63,25575.40,25574.08,0.00
2025-11-27,02:18:00,25570.5,25570.5,25568,25568,143,25575.37,25574.07,0.00
2025-11-27,02:19:00,25568,25568,25562.25,25564.75,507,25575.21,25573.96,0.00
2025-11-27,02:20:00,25564.75,25566,25564,25565,59,25575.19,25573.95,0.00
2025-11-27,02:21:00,25564.25,25564.25,25561.25,25561.75,307,25575.07,25573.86,0.00
2025-11-27,02:22:00,25562,25565.25,25562,25564.5,167,25575.02,25573.82,0.00
2025-11-27,02:23:00,25564.5,25567,25564.25,25565.5,171,25574.97,25573.79,0.00
2025-11-27,02:24:00,25566.25,25566.25,25563.5,25565.25,108,25574.94,25573.77,0.00
2025-11-27,02:25:00,25564.75,25569.75,25564.75,25569.75,155,25574.91,25573.75,0.00
2025-11-27,02:26:00,25569.25,25572.75,25569.25,25571.25,306,25574.87,25573.73,0.00
2025-11-27,02:27:00,25571.25,25573.25,25571,25572,131,25574.86,25573.73,0.00
2025-11-27,02:28:00,25572.5,25574.5,25571.75,25572.5,230,25574.85,25573.72,0.00
2025-11-27,02:29:00,25572.5,25574.25,25572.5,25573,54,25574.85,25573.72,0.00
2025-11-27,02:30:00,25572.75,25572.75,25570.5,25572.25,93,25574.84,25573.72,0.00
2025-11-27,02:31:00,25572.25,25573,25568.5,25569.25,154,25574.82,25573.70,0.00
2025-11-27,02:32:00,25568.75,25568.75,25566.25,25567.5,117,25574.79,25573.69,0.00
2025-11-27,02:33:00,25567.25,25569,25565.25,25567.75,141,25574.76,25573.67,0.00
2025-11-27,02:34:00,25567.75,25570.5,25567.75,25569.5,75,25574.75,25573.66,0.00
2025-11-27,02:35:00,25570,25570.75,25567.75,25569,50,25574.74,25573.66,0.00
2025-11-27,02:36:00,25568.25,25569.25,25564.25,25565,125,25574.71,25573.63,0.00
2025-11-27,02:37:00,25564.75,25568,25564,25564.5,110,25574.69,25573.61,0.00
2025-11-27,02:38:00,25564,25567.5,25564,25565.25,76,25574.67,25573.60,0.00
2025-11-27,02:39:00,25565.5,25565.5,25563.25,25563.75,129,25574.63,25573.57,0.00
2025-11-27,02:40:00,25564,25566.25,25564,25565,58,25574.61,25573.56,0.00
2025-11-27,02:41:00,25565.5,25566,25564.5,25565.75,51,25574.60,25573.55,0.00
2025-11-27,02:42:00,25565,25567,25564.75,25564.75,101,25574.57,25573.54,0.00
2025-11-27,02:43:00,25564.5,25567,25563.5,25566.25,118,25574.54,25573.52,0.00
2025-11-27,02:44:00,25566.5,25567.25,25564.5,25565.5,66,25574.53,25573.50,0.00
2025-11-27,02:45:00,25566,25567.5,25565.25,25565.25,57,25574.51,25573.49,0.00
2025-11-27,02:46:00,25566.5,25567.75,25565.75,25566,57,25574.50,25573.49,0.00
2025-11-27,02:47:00,25566,25566,25564.75,25565.5,58,25574.49,25573.48,0.00
2025-11-27,02:48:00,25564.25,25564.25,25559.5,25559.5,265,25574.39,25573.40,0.00
2025-11-27,02:49:00,25560,25563,25559.5,25560.5,122,25574.35,25573.37,0.00
2025-11-27,02:50:00,25560.25,25561.25,25559,25560.25,127,25574.30,25573.34,0.00
2025-11-27,02:51:00,25559.5,25559.5,25552,25553.75,728,25573.92,25555.08,0.00
2025-11-27,02:52:00,25553.75,25555.75,25552.25,25553.75,187,25573.83,25554.84,0.00
2025-11-27,02:53:00,25553,25558,25552,25558,203,25573.73,25555.05,0.00
2025-11-27,02:54:00,25558.25,25562.75,25558.25,25562.5,186,25573.67,25555.93,0.00
2025-11-27,02:55:00,25562.5,25565,25562.5,25565,129,25573.64,25556.67,0.00
2025-11-27,02:56:00,25565,25568.25,25564.75,25567.75,234,25573.60,25558.11,0.00
2025-11-27,02:57:00,25568,25568,25565,25565,131,25573.57,25558.68,0.00
2025-11-27,02:58:00,25565.75,25565.75,25558.75,25560,312,25573.47,25559.10,0.00
2025-11-27,02:59:00,25560.25,25560.25,25555.25,25556.25,239,25573.37,25558.91,0.00
2025-11-27,03:00:00,25556.5,25557.25,25553.25,25555.75,223,25573.27,25558.61,0.00
2025-11-27,03:01:00,25557.25,25559.25,25554.25,25556.75,303,25573.15,25558.41,0.00
2025-11-27,03:02:00,25558.25,25562.5,25558.25,25560.5,183,25573.09,25558.53,0.00
2025-11-27,03:03:00,25560.25,25560.75,25553.5,25555.5,203,25573.00,25558.41,0.00
2025-11-27,03:04:00,25555.75,25558,25555,25556.75,133,25572.95,25558.34,0.00
2025-11-27,03:05:00,25557.75,25557.75,25555.25,25557,95,25572.91,25558.29,0.00
2025-11-27,03:06:00,25557.25,25562,25557.25,25562,132,25572.87,25558.37,0.00
2025-11-27,03:07:00,25561.75,25562.5,25557,25559.75,160,25572.82,25558.43,0.00
2025-11-27,03:08:00,25560,25560.25,25558.5,25559.75,55,25572.80,25558.44,0.00
2025-11-27,03:09:00,25558.75,25558.75,25555,25556.25,82,25572.77,25558.41,0.00
2025-11-27,03:10:00,25555.75,25558,25555.75,25558,46,25572.75,25558.39,0.00
2025-11-27,03:11:00,25558.75,25559.75,25558,25558.25,74,25572.73,25558.40,0.00
2025-11-27,03:12:00,25558.75,25559.25,25554.75,25554.75,121,25572.68,25558.34,0.00
2025-11-27,03:13:00,25555.75,25559.5,25555.5,25558.5,94,25572.64,25558.33,0.00
2025-11-27,03:14:00,25558.75,25560.75,25558,25560.5,57,25572.62,25558.34,0.00
2025-11-27,03:15:00,25561.25,25565.75,25561,25563.75,202,25572.58,25558.57,0.00
2025-11-27,03:16:00,25563.75,25565.25,25562.75,25563,119,25572.55,25558.71,0.00
2025-11-27,03:17:00,25563,25567,25562.75,25566,118,25572.53,25558.87,0.00
2025-11-27,03:18:00,25565.75,25566.25,25564,25564.5,92,25572.52,25558.98,0.00
2025-11-27,03:19:00,25564,25566.25,25564,25566,87,25572.50,25559.10,0.00
2025-11-27,03:20:00,25565.25,25565.5,25562.25,25563.75,147,25572.47,25559.23,0.00
2025-11-27,03:21:00,25563.5,25565.25,25563.25,25563.75,33,25572.46,25559.27,0.00
2025-11-27,03:22:00,25563.25,25563.75,25561.5,25563.75,45,25572.45,25559.30,0.00
2025-11-27,03:23:00,25563.5,25565,25563,25564,64,25572.44,25559.36,0.00
2025-11-27,03:24:00,25564,25566.75,25564,25565,103,25572.42,25559.47,0.00
2025-11-27,03:25:00,25564.25,25566.25,25564.25,25565.5,35,25572.42,25559.51,0.00
2025-11-27,03:26:00,25565.25,25567.25,25565.25,25566.75,41,25572.41,25559.56,0.00
2025-11-27,03:27:00,25566.75,25571,25566.75,25569.75,333,25572.39,25560.12,0.00
2025-11-27,03:28:00,25569.75,25571.5,25568.75,25569.5,131,25572.38,25560.34,0.00
2025-11-27,03:29:00,25569,25569,25566.25,25566.5,132,25572.36,25560.49,0.00
2025-11-27,03:30:00,25566.5,25568.5,25565.5,25565.75,72,25572.35,25560.56,0.00
2025-11-27,03:31:00,25565.75,25566.75,25562.5,25563.75,265,25572.30,25560.72,0.00
2025-11-27,03:32:00,25563,25563,25559,25561.5,160,25572.26,25560.73,0.00
2025-11-27,03:33:00,25561,25563,25555.75,25556.5,220,25572.19,25560.66,0.00
2025-11-27,03:34:00,25556,25559,25553.25,25554.25,290,25572.08,25560.44,0.00
2025-11-27,03:35:00,25554.25,25556.25,25550,25555.25,474,25571.89,25553.83,0.00
2025-11-27,03:36:00,25556,25557.75,25549,25550.75,340,25571.74,25552.50,0.00
2025-11-27,03:37:00,25551,25553,25550.25,25551.5,134,25571.68,25552.24,0.00
2025-11-27,03:38:00,25551,25555,25550.75,25554,161,25571.61,25552.50,0.00
2025-11-27,03:39:00,25553.25,25557,25553.25,25556.75,81,25571.58,25552.86,0.00
2025-11-27,03:40:00,25556,25559.5,25555.5,25558.5,167,25571.53,25553.80,0.00
2025-11-27,03:41:00,25558.5,25559.25,25555.75,25556.5,132,25571.49,25554.24,0.00
2025-11-27,03:42:00,25556.5,25565.25,25556.5,25565.25,266,25571.44,25555.92,0.00
2025-11-27,03:43:00,25564.75,25569.5,25564.5,25568.5,186,25571.42,25557.39,0.00
2025-11-27,03:44:00,25568.75,25568.75,25566.75,25568,201,25571.41,25558.64,0.00
2025-11-27,03:45:00,25567.5,25567.75,25564,25565.5,130,25571.39,25559.16,0.00
2025-11-27,03:46:00,25565.25,25565.5,25563.75,25565.25,93,25571.38,25559.44,0.00
2025-11-27,03:47:00,25564.75,25567.75,25564.5,25566.75,108,25571.37,25559.81,0.00
2025-11-27,03:48:00,25566.75,25571,25566.75,25570.25,128,25571.36,25560.38,0.00
2025-11-27,03:49:00,25570.5,25575.75,25569.75,25575.75,417,25571.38,25562.57,0.00
2025-11-27,03:50:00,25575.75,25578.5,25574.5,25578.25,330,25571.42,25564.24,0.00
2025-11-27,03:51:00,25577.5,25578.75,25574,25576.25,252,25571.45,25565.21,0.00
2025-11-27,03:52:00,25576.25,25577.5,25574.75,25575.75,115,25571.46,25565.60,0.00
2025-11-27,03:53:00,25575,25578.5,25574.25,25576,146,25571.47,25566.06,0.00
2025-11-27,03:54:00,25576.25,25576.5,25571.75,25573.25,193,25571.48,25566.48,0.00
2025-11-27,03:55:00,25573.5,25575.25,25572.75,25573,117,25571.49,25566.70,0.00
2025-11-27,03:56:00,25572.25,25577.25,25572.25,25576.75,113,25571.50,25566.96,0.00
2025-11-27,03:57:00,25576.75,25579.5,25575.5,25576.25,141,25571.51,25567.32,0.00
2025-11-27,03:58:00,25577,25578.75,25576,25577.25,93,25571.53,25567.55,0.00
2025-11-27,03:59:00,25576.75,25577.25,25575.75,25575.75,83,25571.53,25567.73,0.00
2025-11-27,04:00:00,25576.75,25578.5,25575,25576,141,25571.55,25568.02,0.00
2025-11-27,04:01:00,25575.75,25576,25562,25563.5,806,25571.48,25567.88,0.00
2025-11-27,04:02:00,25563.5,25571.25,25562.25,25569.25,387,25571.45,25567.86,0.00
2025-11-27,04:03:00,25569.25,25574,25569,25569,259,25571.44,25567.99,0.00
2025-11-27,04:04:00,25568.5,25572.25,25567,25570.75,174,25571.44,25568.05,0.00
2025-11-27,04:05:00,25571.25,25575.25,25570,25571.5,288,25571.44,25568.24,0.00
2025-11-27,04:06:00,25571.75,25572.25,25559.5,25560.25,479,25571.37,25567.94,0.00
2025-11-27,04:07:00,25559.75,25562,25556,25559.5,446,25571.27,25567.39,0.00
2025-11-27,04:08:00,25559.25,25562,25557,25561,258,25571.21,25567.13,0.00
2025-11-27,04:09:00,25560.75,25560.75,25555.75,25557.75,244,25571.15,25566.84,0.00
2025-11-27,04:10:00,25557.75,25557.75,25550.25,25551.25,481,25570.98,25566.02,0.00
2025-11-27,04:11:00,25550.75,25551.5,25546,25548,645,25570.71,25548.50,0.00
2025-11-27,04:12:00,25547.75,25557.25,25547.75,25556.25,528,25570.54,25550.86,0.00
2025-11-27,04:13:00,25556.75,25562,25556.75,25561.5,514,25570.44,25553.67,0.00
2025-11-27,04:14:00,25561.5,25567.5,25560.75,25564.75,439,25570.39,25555.87,0.00
2025-11-27,04:15:00,25565,25566,25560.5,25564,225,25570.36,25556.60,0.00
2025-11-27,04:16:00,25563.75,25568.75,25562.75,25567.5,323,25570.34,25557.78,0.00
2025-11-27,04:17:00,25567.75,25571,25565.75,25570.5,229,25570.33,25558.67,0.00
2025-11-27,04:18:00,25570.25,25575.25,25569.75,25570.75,482,25570.35,25560.56,0.00
2025-11-27,04:19:00,25570.75,25573.5,25567.75,25573,222,25570.35,25561.23,0.00
2025-11-27,04:20:00,25573,25577.5,25570.5,25571,438,25570.37,25562.50,0.00
2025-11-27,04:21:00,25570.5,25572,25568,25571.25,326,25570.37,25563.09,0.00
2025-11-27,04:22:00,25571.25,25576,25570.25,25576,217,25570.39,25563.61,0.00
2025-11-27,04:23:00,25575.5,25579.25,25573,25574,364,25570.42,25564.48,0.00
2025-11-27,04:24:00,25574,25577.25,25569.75,25575.25,236,25570.43,25564.92,0.00
2025-11-27,04:25:00,25575,25577.25,25571.25,25574.25,203,25570.45,25565.27,0.00
2025-11-27,04:26:00,25574,25576,25572.25,25572.5,221,25570.46,25565.59,0.00
2025-11-27,04:27:00,25572.25,25574.75,25570.75,25574.5,163,25570.47,25565.81,0.00
2025-11-27,04:28:00,25574,25577.25,25572,25574.5,107,25570.48,25565.97,0.00
2025-11-27,04:29:00,25575,25577,25571.75,25574.75,120,25570.48,25566.14,0.00
2025-11-27,04:30:00,25574.75,25574.75,25571.5,25573.25,110,25570.49,25566.27,0.00
2025-11-27,04:31:00,25572.25,25572.75,25569,25570.75,292,25570.49,25566.48,0.00
2025-11-27,04:32:00,25571,25571.5,25567.5,25570,299,25570.49,25566.62,0.00
2025-11-27,04:33:00,25570.25,25570.25,25565.75,25569,154,25570.48,25566.66,0.00
2025-11-27,04:34:00,25568.25,25573.25,25568.25,25571.5,206,25570.48,25566.78,0.00
2025-11-27,04:35:00,25571.5,25574.75,25570,25573.5,200,25570.49,25566.95,0.00
2025-11-27,04:36:00,25573.25,25575.75,25570.75,25572.25,234,25570.50,25567.14,0.00
2025-11-27,04:37:00,25572.25,25575.25,25571.75,25572.5,105,25570.50,25567.22,0.00
2025-11-27,04:38:00,25573.25,25576.75,25573,25575,332,25570.53,25567.54,0.00
2025-11-27,04:39:00,25574.25,25582,25572.25,25579.25,574,25570.60,25568.24,0.00
2025-11-27,04:40:00,25580,25580,25576.25,25578.5,200,25570.62,25568.47,0.00
2025-11-27,04:41:00,25578.5,25579.25,25575.5,25578,231,25570.65,25568.70,0.00
2025-11-27,04:42:00,25577.5,25581,25576.25,25576.5,208,25570.67,25568.91,0.00
2025-11-27,04:43:00,25576,25577.25,25573.75,25574.5,245,25570.69,25569.07,0.00
2025-11-27,04:44:00,25574.25,25574.75,25568.25,25570,341,25570.69,25569.14,0.00
2025-11-27,04:45:00,25569.5,25571,25565.25,25568,302,25570.68,25569.11,0.00
2025-11-27,04:46:00,25567.75,25568.25,25562.25,25564.75,392,25570.65,25568.96,0.00
2025-11-27,04:47:00,25565,25565.75,25561.5,25564.75,279,25570.62,25568.83,0.00
2025-11-27,04:48:00,25564.75,25568.75,25563,25564.75,279,25570.59,25568.74,0.00
2025-11-27,04:49:00,25564.5,25566.25,25562,25562,226,25570.57,25568.64,0.00
2025-11-27,04:50:00,25561.75,25565.5,25559.5,25563.75,356,25570.53,25568.46,0.00
2025-11-27,04:51:00,25563,25569.25,25563,25568.5,247,25570.51,25568.43,0.00
2025-11-27,04:52:00,25568.5,25570.25,25565.25,25565.75,252,25570.50,25568.40,0.00
2025-11-27,04:53:00,25566.25,25569.75,25565.25,25568.75,259,25570.49,25568.39,0.00
2025-11-27,04:54:00,25569,25570.75,25566.5,25568.25,258,25570.48,25568.39,0.00
2025-11-27,04:55:00,25568.5,25570,25562,25564.5,282,25570.46,25568.33,0.00
2025-11-27,04:56:00,25564.5,25568.25,25563.25,25564.25,163,25570.45,25568.29,0.00
2025-11-27,04:57:00,25563.5,25564.25,25560,25563,186,25570.42,25568.21,0.00
2025-11-27,04:58:00,25563,25564,25559.75,25560.75,152,25570.40,25568.13,0.00
2025-11-27,04:59:00,25560.75,25561.25,25554.5,25554.5,393,25570.32,25567.81,0.00
2025-11-27,05:00:00,25554.5,25557.25,25553.75,25554.25,327,25570.25,25567.51,0.00
2025-11-27,05:01:00,25554,25555,25550.25,25554.75,499,25570.12,25567.03,0.00
2025-11-27,05:02:00,25554.5,25558.5,25550.5,25555,405,25570.03,25566.69,0.00
2025-11-27,05:03:00,25554.25,25558.25,25551.75,25557.25,271,25569.97,25566.50,0.00
2025-11-27,05:04:00,25556.75,25561.25,25556.25,25559.75,210,25569.94,25566.40,0.00
2025-11-27,05:05:00,25560,25561,25557.5,25560,157,25569.91,25566.33,0.00
2025-11-27,05:06:00,25559.25,25561,25555.75,25558.25,194,25569.88,25566.23,0.00
2025-11-27,05:07:00,25559,25562.75,25558.5,25559.5,318,25569.83,25566.11,0.00
2025-11-27,05:08:00,25558.75,25560,25553.5,25554.5,229,25569.79,25565.97,0.00
2025-11-27,05:09:00,25555,25556.5,25554.25,25554.5,139,25569.76,25565.88,0.00
2025-11-27,05:10:00,25554.5,25557.5,25553.5,25556,142,25569.73,25565.79,0.00
2025-11-27,05:11:00,25556.5,25560.75,25556,25558,163,25569.70,25565.72,0.00
2025-11-27,05:12:00,25558,25558.5,25555.25,25556.75,174,25569.67,25565.63,0.00
2025-11-27,05:13:00,25557.5,25559.5,25555.25,25556.25,207,25569.63,25565.52,0.00
2025-11-27,05:14:00,25556,25556.5,25552.75,25556.25,182,25569.59,25565.42,0.00
2025-11-27,05:15:00,25556.75,25557.5,25554.5,25555.5,107,25569.57,25565.36,0.00
2025-11-27,05:16:00,25554.5,25558.75,25552,25558,313,25569.51,25565.20,0.00
2025-11-27,05:17:00,25558,25562.5,25557,25558.25,210,25569.48,25565.13,0.00
2025-11-27,05:18:00,25558.75,25559.75,25554.5,25554.5,119,25569.46,25565.07,0.00
2025-11-27,05:19:00,25555.25,25557.5,25553.75,25554.75,111,25569.44,25565.01,0.00
2025-11-27,05:20:00,25555.5,25556.5,25554,25554.5,112,25569.42,25564.95,0.00
2025-11-27,05:21:00,25554.25,25554.5,25550.75,25554.5,198,25569.37,25564.82,0.00
2025-11-27,05:22:00,25554.75,25558,25554.25,25555.25,189,25569.34,25564.73,0.00
2025-11-27,05:23:00,25555,25555,25551.25,25552.5,128,25569.31,25564.65,0.00
2025-11-27,05:24:00,25552.25,25557.25,25550.5,25556.75,268,25569.25,25564.52,0.00
2025-11-27,05:25:00,25555.5,25557,25555,25555.75,80,25569.24,25564.48,0.00
2025-11-27,05:26:00,25555.75,25560.5,25555.75,25559.25,209,25569.21,25564.41,0.00
2025-11-27,05:27:00,25559.25,25565.75,25559.25,25564.5,317,25569.18,25564.39,0.00
2025-11-27,05:28:00,25565,25567,25562.5,25564,258,25569.16,25564.40,0.00
2025-11-27,05:29:00,25564.75,25568,25564.75,25566.5,210,25569.15,25564.42,0.00
2025-11-27,05:30:00,25566.5,25569.5,25564.75,25569.5,180,25569.15,25564.45,0.00
2025-11-27,05:31:00,25568.75,25571.25,25568.25,25570,258,25569.15,25564.52,0.00
2025-11-27,05:32:00,25570.5,25571.5,25568.75,25571,137,25569.16,25564.55,0.00
2025-11-27,05:33:00,25571.25,25575,25570.75,25574,330,25569.17,25564.69,0.00
2025-11-27,05:34:00,25573.75,25573.75,25568,25571.5,299,25569.18,25564.78,0.00
2025-11-27,05:35:00,25571.5,25574.25,25570.5,25572,183,25569.19,25564.84,0.00
2025-11-27,05:36:00,25572.5,25575,25570.75,25573.5,177,25569.20,25564.91,0.00
2025-11-27,05:37:00,25574,25578.25,25573.25,25576.5,238,25569.22,25565.03,0.00
2025-11-27,05:38:00,25577.25,25579.75,25577.25,25577.5,245,25569.25,25565.17,0.00
2025-11-27,05:39:00,25577,25577,25568.25,25568.5,392,25569.26,25565.28,0.00
2025-11-27,05:40:00,25568.5,25571.25,25566.75,25571.25,258,25569.26,25565.33,0.00
2025-11-27,05:41:00,25571.25,25573.25,25569.5,25572.5,150,25569.27,25565.37,0.00
2025-11-27,05:42:00,25572.5,25573.5,25569.5,25570.75,227,25569.27,25565.43,0.00
2025-11-27,05:43:00,25571.25,25574.75,25571.25,25573.75,161,25569.28,25565.48,0.00
2025-11-27,05:44:00,25574,25575,25572.25,25573,88,25569.29,25565.51,0.00
2025-11-27,05:45:00,25572.75,25575,25572,25574.5,115,25569.29,25565.55,0.00
2025-11-27,05:46:00,25574.5,25574.75,25571,25571,237,25569.30,25565.62,0.00
2025-11-27,05:47:00,25571.75,25574,25570.25,25573.25,99,25569.31,25565.65,0.00
2025-11-27,05:48:00,25573,25574,25570.5,25571.5,190,25569.31,25565.70,0.00
2025-11-27,05:49:00,25571,25571,25567.25,25569.25,132,25569.31,25565.72,0.00
2025-11-27,05:50:00,25569,25570.25,25564.25,25564.75,187,25569.31,25565.72,0.00
2025-11-27,05:51:00,25564.25,25564.5,25556.75,25559.25,633,25569.23,25565.58,0.00
2025-11-27,05:52:00,25559.5,25563,25558.75,25561,140,25569.22,25565.56,0.00
2025-11-27,05:53:00,25561,25563.75,25559.75,25560.75,173,25569.20,25565.53,0.00
2025-11-27,05:54:00,25561,25563.75,25559.75,25563.5,78,25569.19,25565.52,0.00
2025-11-27,05:55:00,25563.5,25563.5,25558,25560.25,204,25569.17,25565.48,0.00
2025-11-27,05:56:00,25560,25563.25,25559.75,25562.75,89,25569.16,25565.47,0.00
2025-11-27,05:57:00,25562.75,25563.5,25560.25,25560.5,87,25569.15,25565.45,0.00
2025-11-27,05:58:00,25560.25,25563.75,25560.25,25563.25,75,25569.15,25565.44,0.00
2025-11-27,05:59:00,25563.25,25564.75,25561,25562.75,98,25569.14,25565.43,0.00
2025-11-27,06:00:00,25562.75,25563,25556,25556.5,177,25569.11,25565.39,0.00
2025-11-27,06:01:00,25556.75,25558,25553.75,25555.25,334,25569.06,25565.27,0.00
2025-11-27,06:02:00,25554.75,25558.75,25552.5,25556.5,287,25569.01,25565.17,0.00
2025-11-27,06:03:00,25556.25,25560.25,25555.75,25558.5,197,25568.98,25565.11,0.00
2025-11-27,06:04:00,25558.5,25561,25556.75,25557.5,208,25568.96,25565.06,0.00
2025-11-27,06:05:00,25557.75,25559.5,25557.75,25558.25,60,25568.95,25565.05,0.00
2025-11-27,06:06:00,25558.5,25559.75,25555.75,25559.5,201,25568.92,25565.00,0.00
2025-11-27,06:07:00,25559,25562,25557.5,25562,156,25568.90,25564.97,0.00
2025-11-27,06:08:00,25561.75,25566,25561.5,25564.75,244,25568.89,25564.97,0.00
2025-11-27,06:09:00,25565.5,25567.5,25563.25,25564,201,25568.88,25564.97,0.00
2025-11-27,06:10:00,25563.75,25564.25,25561.25,25563.5,74,25568.87,25564.96,0.00
2025-11-27,06:11:00,25564.5,25566,25562.5,25563.25,80,25568.87,25564.96,0.00
2025-11-27,06:12:00,25563,25563.25,25559.75,25560.25,117,25568.86,25564.94,0.00
2025-11-27,06:13:00,25560.25,25562,25559.25,25559.75,89,25568.85,25564.93,0.00
2025-11-27,06:14:00,25560.25,25562.25,25559.75,25560.5,94,25568.84,25564.91,0.00
2025-11-27,06:15:00,25560.5,25560.5,25556.75,25557,100,25568.83,25564.89,0.00
2025-11-27,06:16:00,25556.75,25560.75,25556.25,25560,118,25568.81,25564.87,0.00
2025-11-27,06:17:00,25561,25562.25,25559.5,25560.25,111,25568.80,25564.85,0.00
2025-11-27,06:18:00,25560,25561.5,25559.75,25560,36,25568.80,25564.85,0.00
2025-11-27,06:19:00,25561,25561.75,25559.75,25561.75,84,25568.79,25564.83,0.00
2025-11-27,06:20:00,25561.75,25562,25558,25558.75,51,25568.78,25564.83,0.00
2025-11-27,06:21:00,25557.75,25560,25556.5,25558.75,149,25568.76,25564.79,0.00
2025-11-27,06:22:00,25558.5,25560.5,25558.25,25558.75,62,25568.76,25564.78,0.00
2025-11-27,06:23:00,25559.25,25559.75,25555.75,25557.25,194,25568.73,25564.73,0.00
2025-11-27,06:24:00,25557.25,25557.5,25553.75,25555.5,165,25568.70,25564.68,0.00
2025-11-27,06:25:00,25554.5,25557.25,25553.75,25557.25,123,25568.69,25564.65,0.00
2025-11-27,06:26:00,25557.25,25558.75,25556,25556,64,25568.68,25564.63,0.00
2025-11-27,06:27:00,25555.75,25557.75,25554.75,25556,96,25568.66,25564.60,0.00
2025-11-27,06:28:00,25556,25556.25,25554.5,25555.75,59,25568.65,25564.59,0.00
2025-11-27,06:29:00,25556.5,25559.75,25556,25559.5,85,25568.64,25564.57,0.00
2025-11-27,06:30:00,25559.5,25559.5,25557,25558,69,25568.63,25564.55,0.00
2025-11-27,06:31:00,25558,25558.5,25556.25,25557.5,93,25568.62,25564.53,0.00
2025-11-27,06:32:00,25557,25558.5,25556.25,25558.5,57,25568.61,25564.52,0.00
2025-11-27,06:33:00,25558.75,25559.75,25555,25555,144,25568.59,25564.48,0.00
2025-11-27,06:34:00,25555,25556,25553.25,25554.75,140,25568.57,25564.44,0.00
2025-11-27,06:35:00,25554.75,25556.5,25553,25555.25,164,25568.54,25564.39,0.00
2025-11-27,06:36:00,25555,25557.25,25554,25557.25,96,25568.53,25564.36,0.00
2025-11-27,06:37:00,25556.5,25558.25,25556,25556.25,110,25568.51,25564.33,0.00
2025-11-27,06:38:00,25556,25557.25,25554.25,25557.25,99,25568.50,25564.31,0.00
2025-11-27,06:39:00,25556.75,25560.5,25555.25,25559.5,174,25568.48,25564.27,0.00
2025-11-27,06:40:00,25560,25561.75,25560,25561.75,110,25568.47,25564.26,0.00
2025-11-27,06:41:00,25561.5,25562.75,25559.75,25562.75,98,25568.46,25564.26,0.00
2025-11-27,06:42:00,25562.75,25563.25,25561.25,25562.75,154,25568.45,25564.25,0.00
2025-11-27,06:43:00,25562.5,25563.75,25562.5,25563.25,97,25568.44,25564.24,0.00
2025-11-27,06:44:00,25562.75,25566.25,25562.75,25565.25,172,25568.43,25564.25,0.00
2025-11-27,06:45:00,25565.5,25565.5,25564.25,25564.75,147,25568.43,25564.25,0.00
2025-11-27,06:46:00,25564.75,25565.75,25563.5,25564.5,105,25568.42,25564.25,0.00
2025-11-27,06:47:00,25564.25,25565.25,25562.25,25564.25,111,25568.42,25564.25,0.00
2025-11-27,06:48:00,25563.75,25566,25563.75,25564.5,53,25568.41,25564.25,0.00
2025-11-27,06:49:00,25564.75,25567.25,25564.25,25566,146,25568.41,25564.26,0.00
2025-11-27,06:50:00,25566.5,25567.75,25565.25,25566.75,125,25568.41,25564.27,0.00
2025-11-27,06:51:00,25566.25,25568.25,25566.25,25567,122,25568.41,25564.28,0.00
2025-11-27,06:52:00,25566.5,25567.25,25563.75,25564.5,181,25568.40,25564.28,0.00
2025-11-27,06:53:00,25564.25,25566.5,25562.5,25562.75,151,25568.39,25564.28,0.00
2025-11-27,06:54:00,25563.25,25566.5,25562.75,25566,86,25568.39,25564.28,0.00
2025-11-27,06:55:00,25566.5,25568.25,25566.5,25567,87,25568.39,25564.29,0.00
2025-11-27,06:56:00,25567.75,25571.25,25567.5,25570.75,237,25568.39,25564.33,0.00
2025-11-27,06:57:00,25570.75,25571.25,25568.5,25569.5,141,25568.39,25564.35,0.00
2025-11-27,06:58:00,25569.25,25570.75,25568.75,25569,67,25568.39,25564.36,0.00
2025-11-27,06:59:00,25569.25,25571.75,25569,25571.5,84,25568.40,25564.38,0.00
2025-11-27,07:00:00,25571.75,25572.5,25569.75,25570.5,152,25568.40,25564.41,0.00
2025-11-27,07:01:00,25570.75,25572.25,25569.75,25571.25,183,25568.41,25564.44,0.00
2025-11-27,07:02:00,25570.75,25573.25,25570.5,25572.75,161,25568.41,25564.48,0.00
2025-11-27,07:03:00,25573.5,25575.25,25571.75,25572.25,185,25568.42,25564.53,0.00
2025-11-27,07:04:00,25572,25572.75,25570.75,25572.25,110,25568.43,25564.55,0.00
2025-11-27,07:05:00,25571.75,25572.75,25568.5,25569,133,25568.43,25564.57,0.00
2025-11-27,07:06:00,25569,25570.25,25567,25568,161,25568.43,25564.59,0.00
2025-11-27,07:07:00,25568.25,25568.75,25564.5,25566,198,25568.43,25564.60,0.00
2025-11-27,07:08:00,25566,25567.25,25565.25,25566.25,103,25568.42,25564.60,0.00
2025-11-27,07:09:00,25566,25566.75,25564.25,25564.75,106,25568.42,25564.61,0.00
2025-11-27,07:10:00,25564.5,25567.5,25564.25,25566.75,85,25568.42,25564.61,0.00
2025-11-27,07:11:00,25566.75,25566.75,25564.5,25565.25,69,25568.41,25564.61,0.00
2025-11-27,07:12:00,25566,25566.25,25563.75,25565,61,25568.41,25564.61,0.00
2025-11-27,07:13:00,25564.75,25565.25,25561.25,25562,199,25568.40,25564.60,0.00
2025-11-27,07:14:00,25562,25563.25,25561.25,25562.75,106,25568.39,25564.60,0.00
2025-11-27,07:15:00,25563,25567.5,25563,25566.75,157,25568.39,25564.60,0.00
2025-11-27,07:16:00,25566.75,25569.25,25566.5,25568.5,113,25568.39,25564.61,0.00
2025-11-27,07:17:00,25568.75,25568.75,25565.25,25565.25,85,25568.39,25564.62,0.00
2025-11-27,07:18:00,25565.5,25565.75,25563.75,25565,89,25568.38,25564.62,0.00
2025-11-27,07:19:00,25565.5,25566,25565,25566,38,25568.38,25564.62,0.00
2025-11-27,07:20:00,25566,25566.5,25562.5,25564.25,147,25568.37,25564.62,0.00
2025-11-27,07:21:00,25564.75,25565,25562.5,25564.75,69,25568.37,25564.62,0.00
2025-11-27,07:22:00,25564.75,25566.25,25562.25,25563.75,125,25568.36,25564.61,0.00
2025-11-27,07:23:00,25563.5,25563.75,25560.25,25561.5,154,25568.35,25564.60,0.00
2025-11-27,07:24:00,25561.5,25562.75,25560.75,25561,40,25568.35,25564.60,0.00
2025-11-27,07:25:00,25560.75,25565.25,25560.25,25564.75,137,25568.34,25564.59,0.00
2025-11-27,07:26:00,25564.5,25565.75,25563.5,25565.25,82,25568.34,25564.59,0.00
2025-11-27,07:27:00,25565.25,25567.5,25564.25,25567,182,25568.34,25564.60,0.00
2025-11-27,07:28:00,25567,25567.5,25565.25,25566.5,44,25568.33,25564.60,0.00
2025-11-27,07:29:00,25566,25566.25,25564,25564,33,25568.33,25564.60,0.00
2025-11-27,07:30:00,25563.75,25565.25,25563,25565.25,72,25568.33,25564.60,0.00
2025-11-27,07:31:00,25564.75,25565.5,25562,25562.75,90,25568.32,25564.60,0.00
2025-11-27,07:32:00,25562.5,25566.75,25561.75,25566.75,120,25568.32,25564.60,0.00
2025-11-27,07:33:00,25566.5,25569.75,25566.5,25568,132,25568.32,25564.62,0.00
2025-11-27,07:34:00,25568.75,25569.5,25565.25,25565.75,106,25568.32,25564.62,0.00
2025-11-27,07:35:00,25565.5,25566.25,25562.75,25565.5,167,25568.31,25564.62,0.00
2025-11-27,07:36:00,25565.25,25568.5,25565.25,25567.75,70,25568.31,25564.63,0.00
2025-11-27,07:37:00,25567.75,25569,25565.75,25567.25,83,25568.31,25564.63,0.00
2025-11-27,07:38:00,25567.5,25569.25,25566.25,25568.75,133,25568.31,25564.65,0.00
2025-11-27,07:39:00,25568.75,25572.75,25568.75,25572.5,217,25568.32,25564.68,0.00
2025-11-27,07:40:00,25573,25575.25,25572.5,25573.5,194,25568.33,25564.73,0.00
2025-11-27,07:41:00,25573.25,25574,25570.25,25572,153,25568.33,25564.76,0.00
2025-11-27,07:42:00,25571.75,25573,25570,25572.5,81,25568.34,25564.77,0.00
2025-11-27,07:43:00,25571.5,25576,25571.25,25574.75,175,25568.35,25564.81,0.00
2025-11-27,07:44:00,25575.25,25578.5,25574,25574.5,312,25568.37,25564.90,0.00
2025-11-27,07:45:00,25574.25,25576,25572.5,25573.75,117,25568.38,25564.93,0.00
2025-11-27,07:46:00,25574.25,25576.25,25572.25,25572.5,285,25568.40,25564.99,0.00
2025-11-27,07:47:00,25573,25574.75,25571,25571,143,25568.40,25565.02,0.00
2025-11-27,07:48:00,25571,25571.75,25568.5,25568.75,162,25568.41,25565.03,0.00
2025-11-27,07:49:00,25568.5,25571.5,25565.25,25567,231,25568.40,25565.05,0.00
2025-11-27,07:50:00,25567.5,25568.75,25565.75,25568,98,25568.40,25565.06,0.00
2025-11-27,07:51:00,25568.25,25569.75,25565,25566.75,228,25568.40,25565.07,0.00
2025-11-27,07:52:00,25567.25,25567.75,25565.75,25566,73,25568.40,25565.07,0.00
2025-11-27,07:53:00,25566.25,25567.75,25565,25566.5,119,25568.40,25565.08,0.00
2025-11-27,07:54:00,25566.5,25571,25565.5,25568.75,126,25568.40,25565.09,0.00
2025-11-27,07:55:00,25568.75,25568.75,25564.25,25564.5,123,25568.39,25565.09,0.00
2025-11-27,07:56:00,25565,25565.5,25562.25,25562.25,173,25568.38,25565.08,0.00
2025-11-27,07:57:00,25562.75,25562.75,25560.5,25561,271,25568.36,25565.06,0.00
2025-11-27,07:58:00,25561,25564,25559.75,25561.5,213,25568.35,25565.04,0.00
2025-11-27,07:59:00,25561.5,25562.5,25560,25561.5,105,25568.34,25565.03,0.00
2025-11-27,08:00:00,25561.25,25562.5,25558.75,25559.25,125,25568.33,25565.02,0.00
2025-11-27,08:01:00,25560,25562,25556.75,25557.25,343,25568.29,25564.96,0.00
2025-11-27,08:02:00,25557.25,25564.5,25556.25,25561.5,362,25568.27,25564.93,0.00
2025-11-27,08:03:00,25561.5,25562.5,25558.75,25559.25,134,25568.25,25564.91,0.00
2025-11-27,08:04:00,25559,25559.25,25556.5,25557.75,126,25568.24,25564.89,0.00
2025-11-27,08:05:00,25557.5,25561.5,25557.25,25560.75,103,25568.23,25564.88,0.00
2025-11-27,08:06:00,25560.75,25566.25,25560.75,25565.25,253,25568.22,25564.88,0.00
2025-11-27,08:07:00,25565,25568.25,25562.25,25564.25,447,25568.21,25564.88,0.00
2025-11-27,08:08:00,25564,25567.5,25563,25566.75,122,25568.20,25564.88,0.00
2025-11-27,08:09:00,25566.75,25568.75,25565.5,25566.25,193,25568.20,25564.89,0.00
2025-11-27,08:10:00,25566.25,25567,25564.25,25566.25,118,25568.20,25564.89,0.00
2025-11-27,08:11:00,25566.5,25568.5,25566,25567.75,182,25568.20,25564.90,0.00
2025-11-27,08:12:00,25567.75,25568.5,25567.25,25567.25,94,25568.19,25564.91,0.00
2025-11-27,08:13:00,25567.25,25568.25,25563.25,25565.75,159,25568.19,25564.91,0.00
2025-11-27,08:14:00,25566.25,25566.5,25564.5,25566.25,49,25568.19,25564.91,0.00
2025-11-27,08:15:00,25566,25568.5,25563.75,25563.75,116,25568.19,25564.91,0.00
2025-11-27,08:16:00,25564,25564.5,25561.75,25562.5,140,25568.18,25564.91,0.00
2025-11-27,08:17:00,25562.5,25564.25,25560,25560.25,146,25568.17,25564.89,0.00
2025-11-27,08:18:00,25560.25,25562,25559,25560,184,25568.15,25564.88,0.00
2025-11-27,08:19:00,25561,25562.5,25558.75,25559.75,88,25568.15,25564.87,0.00
2025-11-27,08:20:00,25559.75,25560.75,25559.25,25560.5,56,25568.14,25564.86,0.00
2025-11-27,08:21:00,25560.75,25561.75,25559,25560.5,86,25568.14,25564.85,0.00
2025-11-27,08:22:00,25560.25,25560.5,25558,25558.75,115,25568.12,25564.84,0.00
2025-11-27,08:23:00,25559,25560,25557.5,25557.75,117,25568.11,25564.82,0.00
2025-11-27,08:24:00,25557.5,25559.75,25557.5,25558.5,71,25568.11,25564.81,0.00
2025-11-27,08:25:00,25559,25561.25,25559,25560.25,85,25568.10,25564.80,0.00
2025-11-27,08:26:00,25560.25,25561,25558.25,25560.5,94,25568.09,25564.79,0.00
2025-11-27,08:27:00,25560,25560.25,25558.75,25558.75,43,25568.09,25564.79,0.00
2025-11-27,08:28:00,25558.5,25558.75,25557.25,25558.25,88,25568.08,25564.78,0.00
2025-11-27,08:29:00,25558,25558.5,25557.5,25557.5,61,25568.07,25564.77,0.00
2025-11-27,08:30:00,25557.5,25559,25557.5,25557.75,51,25568.07,25564.76,0.00
2025-11-27,08:31:00,25557.5,25560,25557,25559.25,154,25568.05,25564.74,0.00
2025-11-27,08:32:00,25558.75,25561,25558.25,25559.25,122,25568.04,25564.72,0.00
2025-11-27,08:33:00,25559,25560.5,25557,25558.5,139,25568.03,25564.71,0.00
2025-11-27,08:34:00,25558.25,25559,25556.75,25558,86,25568.02,25564.69,0.00
2025-11-27,08:35:00,25557.75,25561.25,25557.25,25560.25,113,25568.01,25564.68,0.00
2025-11-27,08:36:00,25560.75,25561.25,25557.5,25559,134,25568.00,25564.67,0.00
2025-11-27,08:37:00,25559.25,25561.75,25558.75,25558.75,76,25567.99,25564.66,0.00
2025-11-27,08:38:00,25558.75,25559.5,25556.5,25557.25,57,25567.99,25564.65,0.00
2025-11-27,08:39:00,25557.75,25560,25557.75,25559.75,59,25567.98,25564.64,0.00
2025-11-27,08:40:00,25559.75,25560.5,25558,25558.75,61,25567.98,25564.64,0.00
2025-11-27,08:41:00,25558,25559,25555.75,25556.25,135,25567.96,25564.61,0.00
2025-11-27,08:42:00,25556.25,25557.5,25554.5,25554.75,199,25567.94,25564.58,0.00
2025-11-27,08:43:00,25554.5,25555,25550.25,25550.75,605,25567.84,25564.42,0.00
2025-11-27,08:44:00,25550.25,25552.25,25547.25,25550,389,25567.77,25564.30,0.00
2025-11-27,08:45:00,25549.25,25551.75,25547.25,25551,304,25567.72,25564.21,0.00
2025-11-27,08:46:00,25551.5,25552.5,25549.5,25550.25,275,25567.67,25564.14,0.00
2025-11-27,08:47:00,25550.25,25551.25,25547.75,25549,193,25567.64,25564.08,0.00
2025-11-27,08:48:00,25548.5,25551,25547,25551,269,25567.59,25564.00,0.00
2025-11-27,08:49:00,25550.5,25552.25,25549.25,25551.75,136,25567.57,25563.96,0.00
2025-11-27,08:50:00,25551.5,25555.5,25551.5,25553.25,289,25567.53,25563.90,0.00
2025-11-27,08:51:00,25553.5,25554.75,25551.75,25554.5,153,25567.51,25563.87,0.00
2025-11-27,08:52:00,25554,25556,25553.75,25554.75,84,25567.50,25563.86,0.00
2025-11-27,08:53:00,25555.75,25555.75,25553.25,25554.25,76,25567.49,25563.84,0.00
2025-11-27,08:54:00,25553.75,25555.5,25551.25,25551.75,133,25567.47,25563.81,0.00
2025-11-27,08:55:00,25551.75,25552.75,25550.5,25552,121,25567.45,25563.78,0.00
2025-11-27,08:56:00,25551.75,25556.75,25551.75,25555,113,25567.43,25563.76,0.00
2025-11-27,08:57:00,25554.75,25555.75,25553.25,25554.25,72,25567.43,25563.75,0.00
2025-11-27,08:58:00,25554.25,25557,25554,25554.75,136,25567.41,25563.73,0.00
2025-11-27,08:59:00,25555,25555,25550,25550,154,25567.39,25563.69,0.00
2025-11-27,09:00:00,25550,25552.25,25548.75,25550.75,233,25567.35,25563.63,0.00
2025-11-27,09:01:00,25550.25,25552.5,25548.5,25551.25,256,25567.31,25563.57,0.00
2025-11-27,09:02:00,25551,25553.5,25549.25,25552.25,101,25567.29,25563.54,0.00
2025-11-27,09:03:00,25553.25,25555.75,25551.75,25554.75,208,25567.27,25563.51,0.00
2025-11-27,09:04:00,25554.75,25555.25,25552.5,25552.75,127,25567.25,25563.48,0.00
2025-11-27,09:05:00,25553,25554.25,25552.5,25554,155,25567.23,25563.45,0.00
2025-11-27,09:06:00,25553.75,25556.25,25553.5,25555.75,80,25567.22,25563.44,0.00
2025-11-27,09:07:00,25556.25,25558.25,25555.25,25557,328,25567.19,25563.40,0.00
2025-11-27,09:08:00,25556.75,25556.75,25553,25553.25,185,25567.16,25563.37,0.00
2025-11-27,09:09:00,25553,25554.25,25550.25,25552.25,157,25567.14,25563.33,0.00
2025-11-27,09:10:00,25551.75,25554.75,25551,25553.25,65,25567.13,25563.32,0.00
2025-11-27,09:11:00,25553.5,25554.75,25552,25554.25,59,25567.13,25563.31,0.00
2025-11-27,09:12:00,25553.75,25553.75,25549.75,25550,107,25567.11,25563.29,0.00
2025-11-27,09:13:00,25551,25552.25,25550,25550.25,65,25567.10,25563.27,0.00
2025-11-27,09:14:00,25550.25,25550.25,25543.75,25546,992,25566.91,25546.67,0.00
2025-11-27,09:15:00,25546,25549.75,25545.75,25548.25,249,25566.86,25546.92,0.00
2025-11-27,09:16:00,25547.75,25551,25546.25,25547.5,281,25566.82,25547.16,0.00
2025-11-27,09:17:00,25547.25,25547.25,25541.25,25544.75,550,25566.70,25544.42,0.00
2025-11-27,09:18:00,25544.75,25547,25544.5,25545.75,173,25566.67,25544.74,0.00
2025-11-27,09:19:00,25545.5,25547.75,25544.25,25545.75,162,25566.64,25544.95,0.00
2025-11-27,09:20:00,25545.75,25547,25544.25,25544.5,116,25566.61,25544.99,0.00
2025-11-27,09:21:00,25544.5,25545,25543.25,25545,141,25566.58,25544.92,0.00
2025-11-27,09:22:00,25544.5,25551.75,25544.5,25551.5,273,25566.54,25545.75,0.00
2025-11-27,09:23:00,25551.25,25554.5,25550.75,25550.75,328,25566.50,25546.93,0.00
2025-11-27,09:24:00,25551.25,25554.5,25549.25,25554,274,25566.46,25547.70,0.00
2025-11-27,09:25:00,25553.75,25555.25,25552.75,25553,154,25566.44,25548.12,0.00
2025-11-27,09:26:00,25552.5,25552.5,25548.75,25549.75,197,25566.41,25548.30,0.00
2025-11-27,09:27:00,25549.75,25550.5,25547,25549,191,25566.38,25548.34,0.00
2025-11-27,09:28:00,25548.5,25549.25,25545.75,25548,156,25566.36,25548.30,0.00
2025-11-27,09:29:00,25547.5,25551.5,25547.5,25550,140,25566.34,25548.37,0.00
2025-11-27,09:30:00,25549.75,25552.5,25548.25,25552.5,158,25566.31,25548.51,0.00
2025-11-27,09:31:00,25552,25568.5,25551.5,25563.5,1720,25566.24,25553.11,0.00
2025-11-27,09:32:00,25564.25,25566.25,25558.5,25561.5,1173,25566.19,25554.89,0.00
2025-11-27,09:33:00,25561.5,25568.25,25559.75,25565.75,538,25566.18,25555.70,0.00
2025-11-27,09:34:00,25565.75,25567.25,25556.75,25560.75,706,25566.16,25556.28,0.00
2025-11-27,09:35:00,25561,25563,25559,25561.25,232,25566.15,25556.43,0.00
2025-11-27,09:36:00,25561.25,25562.75,25554.75,25556.5,289,25566.13,25556.49,0.00
2025-11-27,09:37:00,25556.75,25561,25555.25,25561,196,25566.11,25556.56,0.00
2025-11-27,09:38:00,25561,25566.5,25558.5,25559.75,545,25566.09,25556.88,0.00
2025-11-27,09:39:00,25559.75,25561.5,25557,25557,121,25566.08,25556.91,0.00
2025-11-27,09:40:00,25557,25559.5,25555.5,25559.25,152,25566.07,25556.93,0.00
2025-11-27,09:41:00,25558.5,25559.5,25557,25558.25,103,25566.07,25556.94,0.00
2025-11-27,09:42:00,25558.25,25560.5,25557.5,25559.75,139,25566.06,25556.98,0.00
2025-11-27,09:43:00,25559.5,25564,25557.75,25564,143,25566.05,25557.06,0.00
2025-11-27,09:44:00,25564.25,25564.25,25562,25564.25,201,25566.05,25557.20,0.00
2025-11-27,09:45:00,25564.25,25565,25562.5,25564.25,167,25566.05,25557.31,0.00
2025-11-27,09:46:00,25564.25,25564.25,25560.5,25561.25,129,25566.04,25557.38,0.00
2025-11-27,09:47:00,25561,25561.5,25558.5,25559.75,249,25566.03,25557.44,0.00
2025-11-27,09:48:00,25559.75,25563,25559.75,25561,69,25566.03,25557.47,0.00
2025-11-27,09:49:00,25560.75,25561.5,25559.5,25559.75,74,25566.02,25557.49,0.00
2025-11-27,09:50:00,25559.5,25559.5,25557.75,25558.25,131,25566.01,25557.50,0.00
2025-11-27,09:51:00,25558.25,25559.25,25556.25,25557.25,224,25566.00,25557.50,0.00
2025-11-27,09:52:00,25557.25,25559.75,25556.75,25558,181,25565.99,25557.52,0.00
2025-11-27,09:53:00,25558.25,25560.25,25556.5,25558.75,117,25565.98,25557.53,0.00
2025-11-27,09:54:00,25558.75,25560.5,25557.25,25559.5,120,25565.97,25557.54,0.00
2025-11-27,09:55:00,25559.5,25561.75,25559.25,25560.75,101,25565.97,25557.57,0.00
2025-11-27,09:56:00,25561.5,25561.5,25558.5,25560,122,25565.96,25557.60,0.00
2025-11-27,09:57:00,25560.25,25562.5,25558.5,25558.5,230,25565.95,25557.65,0.00
2025-11-27,09:58:00,25559,25559.75,25556,25557.5,262,25565.93,25557.65,0.00
2025-11-27,09:59:00,25557.25,25558.75,25556.5,25557,158,25565.92,25557.64,0.00
2025-11-27,10:00:00,25556.75,25556.75,25553.25,25553.75,252,25565.89,25557.58,0.00
2025-11-27,10:01:00,25553.5,25557.25,25552.5,25556.25,298,25565.87,25557.52,0.00
2025-11-27,10:02:00,25555.5,25556,25553.25,25554.75,139,25565.85,25557.49,0.00
2025-11-27,10:03:00,25555,25555,25551.25,25552.25,264,25565.83,25557.39,0.00
2025-11-27,10:04:00,25552,25554.5,25550.5,25553.75,200,25565.80,25557.32,0.00
2025-11-27,10:05:00,25553.5,25555.75,25553.25,25553.75,159,25565.79,25557.29,0.00
2025-11-27,10:06:00,25554,25556,25553.75,25554.75,157,25565.77,25557.26,0.00
2025-11-27,10:07:00,25555,25559.5,25542,25555.25,2735,25565.47,25556.39,0.00
2025-11-27,10:08:00,25555.75,25557.25,25552.25,25553.75,280,25565.45,25556.36,0.00
2025-11-27,10:09:00,25554.25,25555.5,25548.5,25550.75,342,25565.41,25556.26,0.00
2025-11-27,10:10:00,25550.5,25555.25,25550.5,25553.25,217,25565.39,25556.21,0.00
2025-11-27,10:11:00,25553.25,25555.75,25552.75,25554.5,183,25565.37,25556.19,0.00
2025-11-27,10:12:00,25554.25,25556.5,25549.75,25551.75,254,25565.35,25556.14,0.00
2025-11-27,10:13:00,25552.25,25552.5,25545.75,25550,569,25565.27,25555.92,0.00
2025-11-27,10:14:00,25550.25,25551.5,25546.75,25549.5,435,25565.22,25555.76,0.00
2025-11-27,10:15:00,25549.5,25552.5,25549.25,25550.75,117,25565.20,25555.73,0.00
2025-11-27,10:16:00,25551.25,25553,25549.75,25551.25,243,25565.18,25555.67,0.00
2025-11-27,10:17:00,25550.75,25555.75,25550.75,25555.5,273,25565.15,25555.65,0.00
2025-11-27,10:18:00,25555.75,25556.75,25553,25553.75,295,25565.13,25555.63,0.00
2025-11-27,10:19:00,25554,25556,25553.75,25555.25,174,25565.11,25555.63,0.00
2025-11-27,10:20:00,25555.5,25557.25,25555,25555.75,191,25565.10,25555.63,0.00
2025-11-27,10:21:00,25555.75,25557.5,25554,25554.75,233,25565.08,25555.63,0.00
2025-11-27,10:22:00,25555,25563.5,25553.75,25557.75,785,25565.04,25555.73,0.00
2025-11-27,10:23:00,25557.75,25561,25556.25,25557.5,327,25565.02,25555.77,0.00
2025-11-27,10:24:00,25557.5,25559.25,25554.75,25555,177,25565.01,25555.78,0.00
2025-11-27,10:25:00,25555.5,25557,25552.5,25555.5,208,25565.00,25555.77,0.00
2025-11-27,10:26:00,25555.5,25560,25555.25,25559,297,25564.98,25555.80,0.00
2025-11-27,10:27:00,25559,25562.25,25559,25560.75,268,25564.97,25555.86,0.00
2025-11-27,10:28:00,25561,25561.5,25559,25559.25,195,25564.96,25555.90,0.00
2025-11-27,10:29:00,25559.75,25559.75,25554.25,25554.75,343,25564.94,25555.90,0.00
2025-11-27,10:30:00,25554.75,25556.25,25553.5,25554.25,262,25564.92,25555.89,0.00
2025-11-27,10:31:00,25554.75,25564.25,25554.5,25563.75,814,25564.89,25556.06,0.00
2025-11-27,10:32:00,25563.25,25569.25,25561.25,25565.25,1155,25564.90,25556.50,0.00
2025-11-27,10:33:00,25565.5,25567.5,25561.5,25565,571,25564.90,25556.68,0.00
2025-11-27,10:34:00,25565,25571.25,25564,25569.5,645,25564.91,25556.97,0.00
2025-11-27,10:35:00,25570.25,25570.25,25563,25564.25,546,25564.92,25557.16,0.00
2025-11-27,10:36:00,25564,25566.5,25562.5,25562.75,392,25564.91,25557.26,0.00
2025-11-27,10:37:00,25562.75,25564,25551.5,25553,1303,25564.83,25557.21,0.00
2025-11-27,10:38:00,25552.25,25555.25,25550.25,25552.5,678,25564.77,25557.10,0.00
2025-11-27,10:39:00,25553.25,25556.25,25550,25552,603,25564.71,25557.01,0.00
2025-11-27,10:40:00,25551.75,25552.25,25546,25548.5,542,25564.65,25556.86,0.00
2025-11-27,10:41:00,25548.25,25548.25,25540.25,25543,1381,25564.44,25543.83,0.00
2025-11-27,10:42:00,25543,25551,25541.25,25549.5,1086,25564.31,25545.34,0.00
2025-11-27,10:43:00,25549.25,25552.75,25548.5,25550.25,627,25564.25,25546.38,0.00
2025-11-27,10:44:00,25550.75,25551.75,25548.25,25548.75,344,25564.21,25546.70,0.00
2025-11-27,10:45:00,25549.25,25554.75,25548.75,25552.5,557,25564.16,25547.44,0.00
2025-11-27,10:46:00,25552.25,25553.25,25550.5,25551.5,267,25564.14,25547.71,0.00
2025-11-27,10:47:00,25551.75,25552,25548.25,25549.75,340,25564.11,25547.88,0.00
2025-11-27,10:48:00,25549.75,25551.5,25548.75,25549.5,208,25564.08,25547.97,0.00
2025-11-27,10:49:00,25550,25552,25549.5,25551.25,167,25564.07,25548.07,0.00
2025-11-27,10:50:00,25551,25553.5,25550,25551.5,239,25564.05,25548.23,0.00
2025-11-27,10:51:00,25551.75,25551.75,25547,25549.5,362,25564.01,25548.31,0.00
2025-11-27,10:52:00,25549.25,25551,25548,25549.5,116,25564.00,25548.33,0.00
2025-11-27,10:53:00,25549,25550,25543.5,25546.25,544,25563.93,25548.18,0.00
2025-11-27,10:54:00,25545.5,25547.5,25543.5,25544,385,25563.88,25548.00,0.00
2025-11-27,10:55:00,25544.25,25545.75,25541.25,25545,588,25563.80,25547.67,0.00
2025-11-27,10:56:00,25545,25549,25543.75,25547.5,404,25563.75,25547.62,0.00
2025-11-27,10:57:00,25547.25,25550.5,25547.25,25549.5,427,25563.71,25547.70,0.00
2025-11-27,10:58:00,25549.5,25551.25,25546.25,25547,384,25563.67,25547.72,0.00
2025-11-27,10:59:00,25546.75,25548.25,25545.25,25546.25,219,25563.64,25547.69,0.00
2025-11-27,11:00:00,25546.5,25550.5,25546,25549.5,290,25563.61,25547.72,0.00
2025-11-27,11:01:00,25549.5,25551.5,25546.5,25549.5,417,25563.57,25547.79,0.00
2025-11-27,11:02:00,25549,25551.25,25547.25,25547.25,176,25563.55,25547.80,0.00
2025-11-27,11:03:00,25547.75,25549.5,25546,25548.25,201,25563.53,25547.80,0.00
2025-11-27,11:04:00,25548.5,25549.75,25547.75,25548.75,122,25563.52,25547.82,0.00
2025-11-27,11:05:00,25548.75,25550.5,25547.25,25548.75,192,25563.50,25547.84,0.00
2025-11-27,11:06:00,25549,25549.25,25547.25,25549,146,25563.49,25547.85,0.00
2025-11-27,11:07:00,25548.75,25550.75,25548,25549.75,221,25563.46,25547.88,0.00
2025-11-27,11:08:00,25549.75,25551.75,25548,25549.25,299,25563.44,25547.93,0.00
2025-11-27,11:09:00,25549.25,25551,25547.25,25550.25,249,25563.41,25547.97,0.00
2025-11-27,11:10:00,25550.5,25554.25,25549.75,25553.25,444,25563.38,25548.14,0.00
2025-11-27,11:11:00,25553.75,25555.5,25550,25552.5,467,25563.35,25548.32,0.00
2025-11-27,11:12:00,25551.75,25553.5,25550,25552,196,25563.33,25548.37,0.00
2025-11-27,11:13:00,25552,25559,25552,25558.75,764,25563.30,25548.86,0.00
2025-11-27,11:14:00,25558.75,25561,25556.5,25558.25,722,25563.27,25549.38,0.00
2025-11-27,11:15:00,25558,25559.75,25556.25,25557.25,397,25563.26,25549.62,0.00
2025-11-27,11:16:00,25557.25,25559.5,25554,25558.25,552,25563.24,25549.91,0.00
2025-11-27,11:17:00,25557.75,25557.75,25554.75,25556.5,262,25563.23,25550.02,0.00
2025-11-27,11:18:00,25556.25,25557.5,25554.75,25556.5,262,25563.21,25550.13,0.00
2025-11-27,11:19:00,25557,25559,25556.5,25556.75,265,25563.20,25550.26,0.00
2025-11-27,11:20:00,25557.25,25557.75,25555.75,25556.75,140,25563.20,25550.32,0.00
2025-11-27,11:21:00,25557,25558.5,25556,25557.25,326,25563.18,25550.46,0.00
2025-11-27,11:22:00,25557.25,25560.25,25557.25,25559.25,225,25563.18,25550.58,0.00
2025-11-27,11:23:00,25559.25,25560.25,25554.25,25556.5,311,25563.17,25550.70,0.00
2025-11-27,11:24:00,25556.5,25558.25,25555.5,25557.25,184,25563.16,25550.77,0.00
2025-11-27,11:25:00,25557.25,25561,25555.75,25559.5,277,25563.15,25550.91,0.00
2025-11-27,11:26:00,25560,25560,25556.75,25557.5,230,25563.14,25551.00,0.00
2025-11-27,11:27:00,25557.5,25557.75,25555.25,25556.25,206,25563.13,25551.07,0.00
2025-11-27,11:28:00,25556.5,25558.5,25555.75,25557,179,25563.13,25551.13,0.00
2025-11-27,11:29:00,25556.5,25557.75,25555,25555.5,222,25563.12,25551.19,0.00
2025-11-27,11:30:00,25554.75,25556.75,25553.75,25556.5,417,25563.10,25551.30,0.00
2025-11-27,11:31:00,25556.75,25557.75,25553.25,25553.5,323,25563.08,25551.36,0.00
2025-11-27,11:32:00,25553.25,25553.75,25547.25,25548,747,25563.02,25551.29,0.00
2025-11-27,11:33:00,25547.5,25550.5,25547.25,25549,388,25562.98,25551.24,0.00
2025-11-27,11:34:00,25549,25550,25546.5,25548,319,25562.95,25551.19,0.00
2025-11-27,11:35:00,25548.25,25548.75,25544.75,25546,338,25562.91,25551.12,0.00
2025-11-27,11:36:00,25545.75,25548,25543.25,25546.5,565,25562.85,25550.97,0.00
2025-11-27,11:37:00,25546.25,25550.25,25546.25,25548,416,25562.81,25550.92,0.00
2025-11-27,11:38:00,25548,25549,25545.5,25549,251,25562.79,25550.88,0.00
2025-11-27,11:39:00,25549,25551.25,25547.75,25549.75,270,25562.77,25550.87,0.00
2025-11-27,11:40:00,25549.75,25550,25546.25,25549.5,229,25562.75,25550.84,0.00
2025-11-27,11:41:00,25549.5,25550.5,25547.5,25549.5,228,25562.73,25550.82,0.00
2025-11-27,11:42:00,25549.25,25553.75,25549.25,25552.75,488,25562.70,25550.85,0.00
2025-11-27,11:43:00,25552.5,25555,25552.5,25554.5,374,25562.68,25550.90,0.00
2025-11-27,11:44:00,25555,25556,25552.75,25554,262,25562.66,25550.94,0.00
2025-11-27,11:45:00,25553.5,25555,25552,25552,141,25562.65,25550.95,0.00
2025-11-27,11:46:00,25551.75,25553.5,25550.25,25552.75,310,25562.63,25550.97,0.00
2025-11-27,11:47:00,25553.25,25554.75,25552.5,25553,161,25562.62,25550.98,0.00
2025-11-27,11:48:00,25552.75,25554.25,25552.75,25553.25,108,25562.62,25550.99,0.00
2025-11-27,11:49:00,25553.25,25554,25552,25553.75,156,25562.61,25551.01,0.00
2025-11-27,11:50:00,25553.75,25555.25,25553.5,25554.5,136,25562.60,25551.03,0.00
2025-11-27,11:51:00,25554.5,25555.5,25553.75,25554.5,269,25562.59,25551.07,0.00
2025-11-27,11:52:00,25554.5,25554.5,25552,25553.5,269,25562.57,25551.09,0.00
2025-11-27,11:53:00,25553.25,25555,25553,25553.5,177,25562.56,25551.11,0.00
2025-11-27,11:54:00,25553.5,25554.75,25552,25554,181,25562.55,25551.13,0.00
2025-11-27,11:55:00,25554,25554.25,25551.25,25552.5,206,25562.54,25551.14,0.00
2025-11-27,11:56:00,25552.75,25554.5,25551.5,25553.5,230,25562.53,25551.16,0.00
2025-11-27,11:57:00,25553.25,25555.5,25553.25,25554.75,268,25562.51,25551.19,0.00
2025-11-27,11:58:00,25554.75,25555.25,25553,25553.25,167,25562.50,25551.21,0.00
2025-11-27,11:59:00,25553,25555.25,25553,25553.75,107,25562.50,25551.22,0.00
2025-11-27,12:00:00,25554,25554.75,25553,25554,241,25562.49,25551.25,0.00
2025-11-27,12:01:00,25554,25555.25,25553.25,25554.5,240,25562.47,25551.27,0.00
2025-11-27,12:02:00,25555,25555.75,25551.5,25552.25,441,25562.45,25551.31,0.00
2025-11-27,12:03:00,25552.25,25552.5,25548.25,25548.75,350,25562.42,25551.29,0.00
2025-11-27,12:04:00,25548.75,25549,25542.5,25544.25,680,25562.35,25551.14,0.00
2025-11-27,12:05:00,25543.75,25544.25,25539,25542,855,25562.25,25541.75,0.00
2025-11-27,12:06:00,25542.25,25548.25,25541.5,25547.5,567,25562.19,25543.34,0.00
2025-11-27,12:07:00,25547.75,25549,25546,25547,222,25562.17,25543.88,0.00
2025-11-27,12:08:00,25547,25547.75,25545,25547.75,174,25562.15,25544.17,0.00
2025-11-27,12:09:00,25547.25,25551,25546.75,25550,296,25562.13,25544.88,0.00
2025-11-27,12:10:00,25550.25,25551.5,25549.5,25550.5,181,25562.12,25545.32,0.00
2025-11-27,12:11:00,25550.75,25550.75,25548.25,25549.25,215,25562.10,25545.67,0.00
2025-11-27,12:12:00,25549.5,25550.5,25543.75,25545,334,25562.07,25545.76,0.00
2025-11-27,12:13:00,25544.75,25545.25,25543.25,25543.75,305,25562.04,25545.60,0.00
2025-11-27,12:14:00,25544,25547.25,25542.75,25544.75,291,25562.01,25545.54,0.00
2025-11-27,12:15:00,25545,25550,25543,25549.5,340,25561.98,25545.72,0.00
2025-11-27,12:16:00,25549.75,25550.25,25546.25,25547.5,182,25561.96,25545.82,0.00
2025-11-27,12:17:00,25547.75,25552.5,25546.5,25552.25,325,25561.94,25546.17,0.00
2025-11-27,12:18:00,25552.5,25553,25548.25,25549.75,285,25561.92,25546.43,0.00
2025-11-27,12:19:00,25549.5,25552,25549,25550,178,25561.91,25546.58,0.00
2025-11-27,12:20:00,25550.25,25551,25548,25549.5,119,25561.90,25546.65,0.00
2025-11-27,12:21:00,25549.25,25550.75,25548.5,25549.25,150,25561.89,25546.73,0.00
2025-11-27,12:22:00,25549.25,25552.5,25549,25552,148,25561.88,25546.86,0.00
2025-11-27,12:23:00,25552.25,25553,25550.75,25552.5,239,25561.87,25547.09,0.00
2025-11-27,12:24:00,25552.5,25553,25551.25,25552,105,25561.86,25547.18,0.00
2025-11-27,12:25:00,25551.75,25552.25,25549.5,25551.75,183,25561.85,25547.31,0.00
2025-11-27,12:26:00,25551.25,25554.25,25549.75,25552.5,354,25561.83,25547.60,0.00
2025-11-27,12:27:00,25552.5,25555,25551.25,25554.25,312,25561.81,25547.89,0.00
2025-11-27,12:28:00,25554.5,25557.75,25554.5,25557.75,477,25561.80,25548.50,0.00
2025-11-27,12:29:00,25557.25,25557.25,25554.25,25554.5,413,25561.78,25548.89,0.00
2025-11-27,12:30:00,25554.5,25555.5,25553.5,25554.75,258,25561.77,25549.08,0.00
2025-11-27,12:31:00,25555,25555.75,25552.25,25553.5,338,25561.76,25549.29,0.00
2025-11-27,12:32:00,25553,25554.5,25550.5,25552.75,373,25561.74,25549.44,0.00
2025-11-27,12:33:00,25553,25554.75,25552.5,25553.25,128,25561.73,25549.50,0.00
2025-11-27,12:34:00,25552.75,25552.75,25550,25551.5,254,25561.72,25549.56,0.00
2025-11-27,12:35:00,25551.5,25553,25551.25,25552.25,158,25561.71,25549.60,0.00
2025-11-27,12:36:00,25552.5,25555,25551.75,25553.5,267,25561.70,25549.72,0.00
2025-11-27,12:37:00,25553.5,25555,25553.5,25553.5,94,25561.69,25549.76,0.00
2025-11-27,12:38:00,25553.75,25554.25,25552,25553.5,118,25561.69,25549.81,0.00
2025-11-27,12:39:00,25553.5,25553.75,25551.5,25552.25,108,25561.68,25549.84,0.00
2025-11-27,12:40:00,25552,25553.5,25551,25551.75,158,25561.67,25549.87,0.00
2025-11-27,12:41:00,25551.5,25551.75,25549.25,25550.75,245,25561.66,25549.89,0.00
2025-11-27,12:42:00,25550.5,25552.25,25550.5,25551.75,118,25561.65,25549.91,0.00
2025-11-27,12:43:00,25551.75,25553.25,25550.75,25552.75,83,25561.64,25549.93,0.00
2025-11-27,12:44:00,25552.5,25554.5,25552.5,25554.25,159,25561.64,25549.99,0.00
2025-11-27,12:45:00,25554.25,25554.25,25552.25,25552.5,76,25561.63,25550.01,0.00
2025-11-27,12:46:00,25552,25552.75,25550.25,25552.25,107,25561.63,25550.03,0.00
2025-11-27,12:47:00,25552.75,25553,25551.25,25552.75,70,25561.62,25550.05,0.00
2025-11-27,12:48:00,25552.5,25552.5,25550.5,25550.5,44,25561.62,25550.05,0.00
2025-11-27,12:49:00,25550.75,25551.25,25548.25,25549.5,243,25561.60,25550.04,0.00
2025-11-27,12:50:00,25549.5,25549.5,25547,25548.5,251,25561.59,25550.00,0.00
2025-11-27,12:51:00,25549,25550.25,25548.75,25548.75,109,25561.58,25550.00,0.00
2025-11-27,12:52:00,25549,25549,25546.5,25547.5,103,25561.57,25549.97,0.00
2025-11-27,12:53:00,25547.75,25547.75,25544,25544,224,25561.55,25549.88,0.00
2025-11-27,12:54:00,25544,25547.25,25544,25547,260,25561.53,25549.80,0.00
2025-11-27,12:55:00,25546.75,25547.25,25546,25546.75,92,25561.52,25549.77,0.00
2025-11-27,12:56:00,25547,25549.5,25545.75,25549.25,200,25561.50,25549.74,0.00
2025-11-27,12:57:00,25549.5,25551.75,25549,25550.75,187,25561.49,25549.76,0.00
2025-11-27,12:58:00,25550.75,25551.5,25549.25,25551.25,115,25561.48,25549.76,0.00
2025-11-27,12:59:00,25550.75,25552.25,25548.75,25550.5,134,25561.48,25549.77,0.00
2025-11-27,13:00:00,25550.25,25550.75,25546.75,25549.5,191,25561.46,25549.76,0.00
2025-11-27,13:01:00,25549.75,25551.5,25549,25550.25,242,25561.45,25549.77,0.00
2025-11-27,13:02:00,25550.5,25553.25,25550.25,25552.5,165,25561.44,25549.80,0.00
2025-11-27,13:03:00,25552.75,25553,25549.25,25549.25,109,25561.43,25549.80,0.00
2025-11-27,13:04:00,25549.25,25549.25,25547.5,25548.25,159,25561.42,25549.79,0.00
2025-11-27,13:05:00,25548.5,25551,25548.5,25550.75,63,25561.42,25549.79,0.00
2025-11-27,13:06:00,25551.25,25552,25550,25550.25,107,25561.41,25549.80,0.00
2025-11-27,13:07:00,25550.75,25550.75,25549,25549.5,75,25561.40,25549.80,0.00
2025-11-27,13:08:00,25550.25,25551,25550.25,25550.75,49,25561.40,25549.80,0.00
2025-11-27,13:09:00,25550.75,25550.75,25549.25,25549.5,33,25561.40,25549.80,0.00
2025-11-27,13:10:00,25549.25,25549.75,25548.5,25549.5,51,25561.40,25549.80,0.00
2025-11-27,13:11:00,25549.5,25549.5,25547.25,25548.5,138,25561.39,25549.78,0.00
2025-11-27,13:12:00,25548.5,25550.25,25548,25550,81,25561.38,25549.78,0.00
2025-11-27,13:13:00,25550,25550.5,25549,25549.5,61,25561.38,25549.78,0.00
2025-11-27,13:14:00,25549.5,25550.25,25549,25550.25,69,25561.37,25549.78,0.00
2025-11-27,13:15:00,25550,25550,25549,25549.5,53,25561.37,25549.78,0.00
2025-11-27,13:16:00,25549.5,25552.25,25549.25,25551.75,124,25561.36,25549.79,0.00
2025-11-27,13:17:00,25552.25,25552.5,25551,25551.5,90,25561.36,25549.80,0.00
2025-11-27,13:18:00,25550.75,25552,25550.5,25551.25,28,25561.36,25549.81,0.00
2025-11-27,13:19:00,25551,25551.5,25550.25,25550.75,37,25561.35,25549.81,0.00
2025-11-27,13:20:00,25550.5,25551.25,25550.25,25551,32,25561.35,25549.81,0.00
2025-11-27,13:21:00,25551,25551,25549.25,25549.75,99,25561.34,25549.81,0.00
2025-11-27,13:22:00,25549.75,25550.5,25549,25549.25,68,25561.34,25549.81,0.00
2025-11-27,13:23:00,25549.5,25550.5,25549,25549.75,42,25561.34,25549.81,0.00
2025-11-27,13:24:00,25549.5,25551,25549.5,25550.25,52,25561.33,25549.81,0.00
2025-11-27,13:25:00,25550.25,25550.5,25549.25,25549.5,78,25561.33,25549.81,0.00
2025-11-27,13:26:00,25549.75,25550,25548.75,25549.75,72,25561.32,25549.81,0.00
2025-11-27,13:27:00,25549.25,25550,25548.5,25549.5,50,25561.32,25549.81,0.00
2025-11-27,13:28:00,25549.75,25549.75,25548.5,25549.5,80,25561.32,25549.81,0.00
2025-11-27,13:29:00,25549.25,25549.5,25548.5,25549,56,25561.31,25549.80,0.00
2025-11-27,13:30:00,25549,25549.75,25548.75,25549.75,47,25561.31,25549.80,0.00
2025-11-27,13:31:00,25549.25,25551.75,25548.5,25551,157,25561.30,25549.81,0.00
2025-11-27,13:32:00,25551,25551.5,25550.25,25550.5,121,25561.29,25549.82,0.00
2025-11-27,13:33:00,25550.5,25552,25550.5,25551,94,25561.29,25549.82,0.00
2025-11-27,13:34:00,25550.75,25552,25550,25552,81,25561.28,25549.83,0.00
2025-11-27,13:35:00,25552,25553.25,25551.5,25552.75,123,25561.28,25549.85,0.00
2025-11-27,13:36:00,25553,25554.75,25552.5,25554.25,113,25561.27,25549.88,0.00
2025-11-27,13:37:00,25554.25,25555.5,25554,25555,91,25561.27,25549.91,0.00
2025-11-27,13:38:00,25555,25555,25553.5,25554,82,25561.27,25549.93,0.00
2025-11-27,13:39:00,25554,25554,25552.25,25552.5,77,25561.26,25549.95,0.00
2025-11-27,13:40:00,25552.5,25553,25550.75,25550.75,68,25561.26,25549.95,0.00
2025-11-27,13:41:00,25551.25,25553.25,25549.75,25553,88,25561.25,25549.96,0.00
2025-11-27,13:42:00,25553.25,25554.25,25553,25553.25,62,25561.25,25549.98,0.00
2025-11-27,13:43:00,25552.75,25554.25,25552.5,25553.75,57,25561.25,25549.99,0.00
2025-11-27,13:44:00,25554.25,25554.5,25552.5,25552.75,70,25561.25,25550.00,0.00
2025-11-27,13:45:00,25553,25554.5,25553,25554.25,110,25561.24,25550.03,0.00
2025-11-27,13:46:00,25554,25555.75,25554,25555,295,25561.23,25550.12,0.00
2025-11-27,13:47:00,25555.25,25556.25,25552,25552.5,108,25561.23,25550.14,0.00
2025-11-27,13:48:00,25552.75,25555.5,25552.75,25555.25,47,25561.22,25550.15,0.00
2025-11-27,13:49:00,25555.25,25555.25,25554.25,25554.25,20,25561.22,25550.16,0.00
2025-11-27,13:50:00,25554,25554,25553,25553,21,25561.22,25550.16,0.00
2025-11-27,13:51:00,25553,25555,25553,25553.5,93,25561.22,25550.18,0.00
2025-11-27,13:52:00,25554.5,25554.5,25552.75,25553,51,25561.22,25550.19,0.00
2025-11-27,13:53:00,25553,25554.25,25552.75,25553,47,25561.21,25550.20,0.00
2025-11-27,13:54:00,25553.25,25553.25,25552.25,25552.25,23,25561.21,25550.20,0.00
2025-11-27,13:55:00,25552,25553,25551.5,25553,38,25561.21,25550.21,0.00
2025-11-27,13:56:00,25553,25553.75,25552.5,25553.75,49,25561.21,25550.22,0.00
2025-11-27,13:57:00,25554,25554.75,25553.25,25554.25,179,25561.20,25550.26,0.00
2025-11-27,13:58:00,25553.75,25554.25,25552.75,25553,50,25561.20,25550.27,0.00
2025-11-27,13:59:00,25552.75,25553.75,25552,25552,59,25561.20,25550.27,0.00
2025-11-27,14:00:00,25553,25555.25,25551,25553,242,25561.19,25550.31,0.00
2025-11-27,19:01:00,25556.75,25573.25,25556.25,25566,1282,25565.17,25565.17,0.00
2025-11-27,19:02:00,25566.25,25572,25559.25,25566,491,25565.33,25565.33,0.00
2025-11-27,19:03:00,25567,25570.75,25560.75,25570,468,25565.71,25565.71,0.00
2025-11-27,19:04:00,25570.75,25572,25568.25,25569.25,202,25566.05,25566.05,0.00
2025-11-27,19:05:00,25568.5,25569.25,25565.5,25567.75,158,25566.14,25566.14,0.00
2025-11-27,19:06:00,25567.75,25571.75,25567.25,25571.25,330,25566.58,25566.58,0.00
2025-11-27,19:07:00,25571,25573.25,25558.5,25570.25,896,25566.76,25566.76,0.00
2025-11-27,19:08:00,25570.5,25576.5,25568.75,25573,480,25572.75,25567.43,0.00
2025-11-27,19:09:00,25572.25,25581.75,25571.75,25577.25,543,25576.92,25568.49,0.00
2025-11-27,19:10:00,25576.25,25579,25573.25,25574.25,308,25576.40,25568.91,0.00
2025-11-27,19:11:00,25574.5,25579.5,25574.25,25576.5,174,25576.46,25569.16,0.00
2025-11-27,19:12:00,25576,25576.25,25569,25569.5,381,25575.14,25569.33,0.00
2025-11-27,19:13:00,25569.25,25574.75,25568.25,25572.25,278,25574.58,25569.44,0.00
2025-11-27,19:14:00,25571.5,25576.5,25570.5,25570.5,215,25574.35,25569.54,0.00
2025-11-27,19:15:00,25570.25,25572.25,25569,25570.25,95,25574.16,25569.56,0.00
2025-11-27,19:16:00,25569.25,25570.25,25565.25,25565.5,249,25573.37,25569.46,0.00
2025-11-27,19:17:00,25565.5,25566.25,25562,25565.25,322,25572.25,25569.23,0.00
2025-11-27,19:18:00,25564.5,25564.5,25559.5,25561.25,290,25571.19,25568.93,0.00
2025-11-27,19:19:00,25560.75,25563.75,25560.5,25562.5,143,25570.76,25568.80,0.00
2025-11-27,19:20:00,25562.5,25567.25,25562.25,25564.75,261,25570.28,25568.66,0.00
2025-11-27,19:21:00,25564,25570.5,25563.5,25568.75,321,25570.04,25568.61,0.00
2025-11-27,19:22:00,25569.25,25571.25,25567.75,25569.5,209,25570.01,25568.64,0.00
2025-11-27,19:23:00,25568.75,25570.5,25565,25569,174,25569.93,25568.63,0.00
2025-11-27,19:24:00,25568.5,25573,25567.75,25570.5,272,25569.96,25568.68,0.00
2025-11-27,19:25:00,25571.25,25575,25570.25,25573.75,170,25570.08,25568.77,0.00
2025-11-27,19:26:00,25573.5,25575.25,25572.25,25574.25,156,25570.21,25568.86,0.00
2025-11-27,19:27:00,25573.5,25576.25,25573.25,25575,175,25570.38,25568.97,0.00
2025-11-27,19:28:00,25574.5,25575.75,25569.75,25575.75,300,25570.58,25569.13,0.00
2025-11-27,19:29:00,25576,25578.25,25573.75,25575.25,364,25570.93,25569.37,0.00
2025-11-27,19:30:00,25574.5,25575.75,25571.75,25575.5,163,25571.03,25569.46,0.00
2025-11-27,19:31:00,25575.25,25576.5,25572,25572.75,169,25571.11,25569.53,0.00
2025-11-27,19:32:00,25572.75,25572.75,25569.75,25571.5,168,25571.11,25569.56,0.00
2025-11-27,19:33:00,25571.25,25571.5,25568.25,25570.25,152,25571.09,25569.56,0.00
2025-11-27,19:34:00,25569.5,25570,25566.5,25569.75,227,25571.00,25569.55,0.00
2025-11-27,19:35:00,25568.75,25572,25568.5,25570.25,110,25570.99,25569.55,0.00
2025-11-27,19:36:00,25570,25571.25,25569.75,25570.5,66,25570.98,25569.56,0.00
2025-11-27,19:37:00,25570.5,25572,25570.25,25570.75,65,25570.98,25569.57,0.00
2025-11-27,19:38:00,25570.25,25572,25569.5,25571.5,57,25570.98,25569.58,0.00
2025-11-27,19:39:00,25570.75,25574,25569.5,25572.25,81,25571.00,25569.59,0.00
2025-11-27,19:40:00,25572.5,25573.75,25572,25573,41,25571.01,25569.61,0.00
2025-11-27,19:41:00,25572.5,25575.5,25571.75,25574.25,91,25571.04,25569.64,0.00
2025-11-27,19:42:00,25574,25575.5,25572.5,25573.75,90,25571.08,25569.68,0.00
2025-11-27,19:43:00,25574,25574.25,25571.75,25571.75,60,25571.10,25569.69,0.00
2025-11-27,19:44:00,25572.75,25574.25,25571.75,25572.75,48,25571.11,25569.70,0.00
2025-11-27,19:45:00,25572.75,25574.75,25572.5,25573.75,70,25571.13,25569.73,0.00
2025-11-27,19:46:00,25573.5,25578,25572.5,25576.75,241,25571.29,25569.85,0.00
2025-11-27,19:47:00,25577,25581.25,25576.25,25579.75,575,25571.86,25570.29,0.00
2025-11-27,19:48:00,25579.75,25583.75,25579.25,25580,439,25581.00,25570.66,0.00
2025-11-27,19:49:00,25579.5,25584,25579.25,25581.25,246,25581.50,25570.87,0.00
2025-11-27,19:50:00,25581.25,25582.5,25580.25,25580.25,134,25581.32,25570.97,0.00
2025-11-27,19:51:00,25580.25,25583.25,25579,25582.75,166,25581.43,25571.11,0.00
2025-11-27,19:52:00,25583,25586.25,25582.25,25583.5,315,25584.00,25571.41,0.00
2025-11-27,19:53:00,25583.5,25584.75,25582.25,25584,154,25583.89,25571.55,0.00
2025-11-27,19:54:00,25583.75,25585.25,25582.75,25583.5,115,25583.88,25571.65,0.00
2025-11-27,19:55:00,25584.25,25584.25,25579.75,25582.5,143,25583.54,25571.76,0.00
2025-11-27,19:56:00,25582.25,25583.75,25581.75,25582,78,25583.44,25571.82,0.00
2025-11-27,19:57:00,25582.25,25583.25,25581,25581,46,25583.35,25571.85,0.00
2025-11-27,19:58:00,25581.5,25581.75,25580,25580.5,82,25583.12,25571.90,0.00
2025-11-27,19:59:00,25580.5,25584.5,25580.5,25583.25,113,25583.08,25571.99,0.00
2025-11-27,20:00:00,25584.25,25584.5,25581.25,25581.25,80,25583.03,25572.05,0.00
2025-11-27,20:01:00,25581.5,25584.5,25577.5,25579.75,315,25582.49,25572.23,0.00
2025-11-27,20:02:00,25579.75,25588.75,25579.75,25588.5,426,25585.67,25572.61,0.00
2025-11-27,20:03:00,25588,25588.75,25585.75,25586.5,193,25586.08,25572.79,0.00
2025-11-27,20:04:00,25587.25,25587.75,25583.75,25587.5,287,25586.16,25573.05,0.00
2025-11-27,20:05:00,25586.75,25590.5,25584.75,25588.5,254,25587.92,25573.28,0.00
2025-11-27,20:06:00,25589.25,25595.25,25587.25,25590.25,622,25590.92,25573.95,0.00
2025-11-27,20:07:00,25589.5,25596.75,25589.5,25594.5,361,25593.58,25574.38,0.00
2025-11-27,20:08:00,25594,25594.25,25588.5,25591.75,293,25592.65,25574.67,0.00
2025-11-27,20:09:00,25591.75,25595.75,25590,25595.25,148,25592.84,25574.84,0.00
2025-11-27,20:10:00,25594.5,25597.5,25593.25,25596,248,25595.58,25575.13,0.00
2025-11-27,20:11:00,25596.25,25597.5,25593.25,25596.25,193,25595.62,25575.35,0.00
2025-11-27,20:12:00,25596.25,25598.75,25593.5,25595,239,25595.75,25575.63,0.00
2025-11-27,20:13:00,25594.25,25602,25594,25601,490,25599.00,25576.25,0.00
2025-11-27,20:14:00,25600.75,25602,25598.75,25601.75,226,25599.58,25576.55,0.00
2025-11-27,20:15:00,25602.25,25603.25,25598.75,25600.25,307,25600.75,25576.94,0.00
2025-11-27,20:16:00,25600.5,25604,25599.75,25600.25,293,25601.33,25577.32,0.00
2025-11-27,20:17:00,25600.75,25605.25,25600.25,25601.5,294,25602.33,25577.69,0.00
2025-11-27,20:18:00,25601.25,25603,25600,25600.75,210,25601.88,25577.94,0.00
2025-11-27,20:19:00,25600.75,25602,25594.75,25598.25,409,25600.29,25578.36,0.00
2025-11-27,20:20:00,25598.25,25599.75,25596,25599,132,25600.03,25578.49,0.00
2025-11-27,20:21:00,25599.25,25600.25,25596,25597.75,158,25599.77,25578.64,0.00
2025-11-27,20:22:00,25598,25599.25,25596.5,25597.75,126,25599.58,25578.76,0.00
2025-11-27,20:23:00,25597.25,25598.25,25595.25,25595.25,100,25599.35,25578.84,0.00
2025-11-27,20:24:00,25595.25,25598.25,25593.5,25594,275,25598.69,25579.06,0.00
2025-11-27,20:25:00,25593.5,25594.5,25591.5,25594,288,25597.91,25579.25,0.00
2025-11-27,20:26:00,25593.75,25597.25,25592.75,25597,217,25597.69,25579.42,0.00
2025-11-27,20:27:00,25597.5,25598.25,25596.5,25597.5,98,25597.68,25579.50,0.00
2025-11-27,20:28:00,25597.5,25598.75,25596.75,25597.75,107,25597.68,25579.59,0.00
2025-11-27,20:29:00,25597.75,25598.5,25596.25,25597.5,63,25597.68,25579.64,0.00
2025-11-27,20:30:00,25597.25,25597.5,25592.25,25593.75,177,25597.47,25579.76,0.00
2025-11-27,20:31:00,25593.75,25599.5,25593.75,25597.75,245,25597.43,25579.96,0.00
2025-11-27,20:32:00,25597.5,25599,25595.75,25596,73,25597.41,25580.01,0.00
2025-11-27,20:33:00,25595.75,25596,25592.25,25594,190,25597.21,25580.13,0.00
2025-11-27,20:34:00,25594.75,25597.75,25594,25596.75,79,25597.19,25580.19,0.00
2025-11-27,20:35:00,25596.25,25597.75,25595.25,25596.5,78,25597.17,25580.24,0.00
2025-11-27,20:36:00,25596.75,25597,25594.5,25596,56,25597.15,25580.28,0.00
2025-11-27,20:37:00,25595.5,25596,25593.5,25593.5,65,25597.10,25580.32,0.00
2025-11-27,20:38:00,25593.5,25595,25591.25,25593.75,174,25596.92,25580.42,0.00
2025-11-27,20:39:00,25593.5,25594,25591.25,25593.25,132,25596.77,25580.49,0.00
2025-11-27,20:40:00,25593,25593.5,25591,25592.5,132,25596.62,25580.56,0.00
2025-11-27,20:41:00,25592.5,25592.5,25587,25588.25,308,25596.08,25580.68,0.00
2025-11-27,20:42:00,25588,25590.25,25587.75,25589,104,25595.91,25580.71,0.00
2025-11-27,20:43:00,25589,25591.25,25588.75,25588.75,115,25595.74,25580.76,0.00
2025-11-27,20:44:00,25590.25,25590.25,25588.5,25588.5,51,25595.67,25580.77,0.00
2025-11-27,20:45:00,25588.25,25590.75,25588,25590.5,85,25595.55,25580.81,0.00
2025-11-27,20:46:00,25589.75,25590.75,25588.25,25589.25,75,25595.46,25580.83,0.00
2025-11-27,20:47:00,25589.25,25591,25584.25,25587,226,25595.08,25580.90,0.00
2025-11-27,20:48:00,25587,25588.75,25586.25,25588.25,101,25594.93,25580.92,0.00
2025-11-27,20:49:00,25588.25,25596.25,25586.25,25596,309,25594.81,25581.07,0.00
2025-11-27,20:50:00,25596,25598,25593.25,25597.25,310,25594.88,25581.26,0.00
2025-11-27,20:51:00,25596.5,25598.25,25594,25596.25,187,25594.92,25581.38,0.00
2025-11-27,20:52:00,25595.5,25596.25,25592.25,25594.5,167,25594.91,25581.46,0.00
2025-11-27,20:53:00,25595,25596.5,25594,25595.25,78,25594.91,25581.50,0.00
2025-11-27,20:54:00,25596,25597.5,25595,25596.25,79,25594.93,25581.55,0.00
2025-11-27,20:55:00,25595.5,25597.25,25595.5,25596.75,42,25594.94,25581.58,0.00
2025-11-27,20:56:00,25596.75,25597.5,25595.25,25595.75,102,25594.96,25581.63,0.00
2025-11-27,20:57:00,25594.75,25598.75,25594.75,25595.5,185,25595.00,25581.74,0.00
2025-11-27,20:58:00,25595,25595,25589.25,25592,209,25594.91,25581.82,0.00
2025-11-27,20:59:00,25592,25595,25591.25,25595,110,25594.89,25581.87,0.00
2025-11-27,21:00:00,25595,25595.75,25593.5,25594.5,73,25594.89,25581.91,0.00
2025-11-27,21:01:00,25595.25,25595.75,25591,25591.75,95,25594.86,25581.95,0.00
2025-11-27,21:02:00,25591.5,25594,25589.75,25592.5,92,25594.82,25581.99,0.00
2025-11-27,21:03:00,25592.75,25594.75,25591.75,25594.5,76,25594.81,25582.02,0.00
2025-11-27,21:04:00,25593.5,25598.25,25593,25598.25,141,25594.84,25582.10,0.00
2025-11-27,21:05:00,25598,25599.25,25593.5,25597,173,25594.88,25582.19,0.00
2025-11-27,21:06:00,25596,25598,25595.25,25596.75,84,25594.90,25582.24,0.00
2025-11-27,21:07:00,25596.5,25608.25,25595.5,25605.75,523,25603.17,25582.64,0.00
2025-11-27,21:08:00,25605.75,25606.5,25602,25602.75,236,25603.35,25582.82,0.00
2025-11-27,21:09:00,25603.25,25609.25,25602.5,25608.5,304,25606.75,25583.08,0.00
2025-11-27,21:10:00,25606,25610,25604.25,25607.75,300,25607.33,25583.34,0.00
2025-11-27,21:11:00,25607.75,25614.25,25607.25,25610.5,393,25610.67,25583.72,0.00
2025-11-27,21:12:00,25612.75,25613.25,25609.25,25611,149,25610.80,25583.87,0.00
2025-11-27,21:13:00,25609,25611.25,25603.25,25608.25,262,25609.75,25584.08,0.00
2025-11-27,21:14:00,25607.75,25612.5,25605,25612.25,96,25609.77,25584.17,0.00
2025-11-27,21:15:00,25612.25,25612.25,25608,25611.25,126,25609.86,25584.28,0.00
2025-11-27,21:16:00,25611.25,25611.25,25607,25608.25,100,25609.77,25584.37,0.00
2025-11-27,21:17:00,25608.75,25611.25,25605.75,25609.25,100,25609.69,25584.45,0.00
2025-11-27,21:18:00,25609.25,25612.25,25608.25,25612.25,83,25609.76,25584.52,0.00
2025-11-27,21:19:00,25611.25,25611.5,25606.75,25606.75,85,25609.68,25584.59,0.00
2025-11-27,21:20:00,25609,25611.5,25606.75,25609.25,66,25609.65,25584.65,0.00
2025-11-27,21:21:00,25609.25,25610.75,25607.5,25607.75,59,25609.62,25584.70,0.00
2025-11-27,21:22:00,25609.75,25614.25,25608.25,25614.25,132,25609.83,25584.82,0.00
2025-11-27,21:23:00,25613.75,25617.25,25611.75,25616.75,213,25615.25,25585.04,0.00
2025-11-27,21:24:00,25615,25618.5,25614,25618.5,186,25617.00,25585.23,0.00
2025-11-27,21:25:00,25618.5,25619.25,25616,25616.25,95,25617.17,25585.33,0.00
2025-11-27,21:26:00,25618,25618.5,25614.25,25616.75,96,25616.83,25585.43,0.00
2025-11-27,21:27:00,25614.25,25617.5,25614,25617.25,94,25616.64,25585.53,0.00
2025-11-27,21:28:00,25617,25617.5,25614.5,25615.25,47,25616.51,25585.58,0.00
2025-11-27,21:29:00,25615.25,25617,25612.25,25614.25,125,25615.96,25585.69,0.00
2025-11-27,21:30:00,25614.25,25614.5,25609.75,25611.25,117,25615.12,25585.79,0.00
2025-11-27,21:31:00,25609.75,25611.5,25604,25604,270,25612.36,25585.97,0.00
2025-11-27,21:32:00,25606.75,25607,25603.25,25603.5,134,25611.30,25586.05,0.00
2025-11-27,21:33:00,25603.5,25604.75,25600.25,25604.25,207,25609.86,25586.17,0.00
2025-11-27,21:34:00,25603.25,25603.25,25599.5,25600.25,94,25609.21,25586.21,0.00
2025-11-27,21:35:00,25600.25,25601.75,25597,25599.5,227,25607.73,25586.31,0.00
2025-11-27,21:36:00,25601.75,25603.75,25599,25602.25,145,25607.20,25586.38,0.00
2025-11-27,21:37:00,25602.25,25602.5,25598.25,25599,103,25606.77,25586.42,0.00
2025-11-27,21:38:00,25599.75,25603.25,25598,25599.75,94,25606.45,25586.46,0.00
2025-11-27,21:39:00,25599.5,25603.5,25598.5,25602.75,70,25606.27,25586.50,0.00
2025-11-27,21:40:00,25599.5,25602.75,25598.75,25598.75,63,25606.07,25586.52,0.00
2025-11-27,21:41:00,25599,25601.75,25597.5,25597.75,99,25605.74,25586.56,0.00
2025-11-27,21:42:00,25597.25,25598.75,25593.25,25593.5,218,25604.73,25586.62,0.00
2025-11-27,21:43:00,25593.5,25597.5,25592.75,25593.75,143,25604.14,25586.65,0.00
2025-11-27,21:44:00,25592.75,25598,25589,25592.25,239,25603.16,25586.70,0.00
2025-11-27,21:45:00,25591.75,25595.25,25589.5,25592.5,80,25602.85,25586.71,0.00
2025-11-27,21:46:00,25595.5,25597,25592.5,25597,90,25602.61,25586.74,0.00
2025-11-27,21:47:00,25597,25597.5,25593.5,25596.75,48,25602.50,25586.75,0.00
2025-11-27,21:48:00,25596.25,25600.25,25594.75,25595.5,81,25602.35,25586.78,0.00
2025-11-27,21:49:00,25597.75,25601.25,25595.25,25596,160,25602.10,25586.83,0.00
2025-11-27,21:50:00,25600,25600,25596,25597.5,39,25602.05,25586.84,0.00
2025-11-27,21:51:00,25597.5,25600.25,25597.25,25599.75,49,25602.00,25586.86,0.00
2025-11-27,21:52:00,25598.25,25600.25,25596.5,25598.5,42,25601.96,25586.87,0.00
2025-11-27,21:53:00,25597,25600.25,25596.25,25598.5,41,25601.91,25586.89,0.00
2025-11-27,21:54:00,25599.25,25601.5,25597.5,25599.75,62,25601.87,25586.91,0.00
2025-11-27,21:55:00,25599.5,25602,25598.5,25598.5,60,25601.83,25586.93,0.00
2025-11-27,21:56:00,25601.75,25601.75,25596.5,25599.75,82,25601.77,25586.96,0.00
2025-11-27,21:57:00,25597.25,25601.25,25597.25,25600.5,34,25601.75,25586.98,0.00
2025-11-27,21:58:00,25598.25,25600.75,25598.25,25599.75,19,25601.74,25586.98,0.00
2025-11-27,21:59:00,25600.75,25600.75,25598,25599.25,17,25601.73,25586.99,0.00
2025-11-27,22:00:00,25599,25599.75,25596.5,25596.5,66,25601.66,25587.01,0.00
2025-11-27,22:01:00,25599.25,25600.25,25595.5,25595.5,60,25601.58,25587.03,0.00
2025-11-27,22:02:00,25595.5,25598,25594.75,25596.25,42,25601.52,25587.04,0.00
2025-11-27,22:03:00,25596.25,25598.25,25595.25,25598,38,25601.48,25587.05,0.00
2025-11-27,22:04:00,25598.25,25598.25,25596.25,25597.25,24,25601.45,25587.06,0.00
2025-11-27,22:05:00,25597.25,25598.25,25596,25596.25,23,25601.42,25587.07,0.00
2025-11-27,22:06:00,25598.25,25601.25,25595.75,25598.25,128,25601.33,25587.11,0.00
2025-11-27,22:07:00,25598.75,25601.75,25598.5,25601.75,44,25601.32,25587.13,0.00
2025-11-27,22:08:00,25599.5,25601.5,25598.25,25601,41,25601.31,25587.14,0.00
2025-11-27,22:09:00,25599,25601.25,25598.5,25601,39,25601.30,25587.16,0.00
2025-11-27,22:10:00,25601.25,25601.5,25599.25,25601.25,21,25601.30,25587.17,0.00
2025-11-27,22:11:00,25601.25,25601.25,25599.25,25599.25,20,25601.29,25587.17,0.00
2025-11-27,22:12:00,25599.25,25601.5,25599,25599,24,25601.28,25587.18,0.00
2025-11-27,22:13:00,25599,25599.25,25596.25,25598.25,60,25601.23,25587.20,0.00
2025-11-27,22:14:00,25598.75,25599,25594.25,25595,58,25601.16,25587.22,0.00
2025-11-27,22:15:00,25595,25597.5,25594.25,25594.25,43,25601.11,25587.23,0.00
2025-11-27,22:16:00,25594.25,25598.25,25594.25,25596,32,25601.07,25587.23,0.00
2025-11-27,22:17:00,25598,25598.25,25595,25597.25,21,25601.05,25587.24,0.00
2025-11-27,22:18:00,25596.75,25598,25595.75,25598,14,25601.04,25587.24,0.00
2025-11-27,22:19:00,25597.75,25598.25,25597.75,25597.75,8,25601.03,25587.25,0.00
2025-11-27,22:20:00,25596.75,25600,25595.25,25598.25,44,25601.00,25587.26,0.00
2025-11-27,22:21:00,25595.5,25598.5,25595.25,25596.25,29,25600.97,25587.27,0.00
2025-11-27,22:22:00,25596.25,25596.75,25593.5,25595.5,44,25600.91,25587.28,0.00
2025-11-27,22:23:00,25593.5,25598.25,25593.25,25597,33,25600.88,25587.29,0.00
2025-11-27,22:24:00,25594.5,25596.25,25593.75,25593.75,26,25600.84,25587.29,0.00
2025-11-27,22:25:00,25593.25,25595,25592.5,25593.25,40,25600.78,25587.30,0.00
2025-11-27,22:26:00,25593.25,25597.75,25592.5,25597.75,47,25600.73,25587.31,0.00
2025-11-27,22:27:00,25597.25,25598.5,25594.5,25598.5,33,25600.71,25587.32,0.00
2025-11-27,22:28:00,25598,25598.5,25596.25,25596.25,26,25600.69,25587.33,0.00
2025-11-27,22:29:00,25596.25,25598.5,25595.25,25596,20,25600.67,25587.33,0.00
2025-11-27,22:30:00,25597.75,25598.25,25595.25,25596,23,25600.65,25587.34,0.00
2025-11-27,22:31:00,25597.25,25599.75,25594.75,25599.75,55,25600.62,25587.36,0.00
2025-11-27,22:32:00,25599.75,25600.75,25597.25,25600.5,48,25600.61,25587.37,0.00
2025-11-27,22:33:00,25597.5,25601.75,25595.25,25597.25,60,25600.58,25587.39,0.00
2025-11-27,22:34:00,25599.25,25600,25596,25599,38,25600.56,25587.40,0.00
2025-11-27,22:35:00,25599,25599.5,25596,25596,38,25600.54,25587.41,0.00
2025-11-27,22:36:00,25596,25601.25,25595.75,25601.25,86,25600.52,25587.44,0.00
2025-11-27,22:37:00,25597,25601.25,25596.25,25599,42,25600.50,25587.46,0.00
2025-11-27,22:38:00,25596.5,25598.75,25594.75,25595.75,35,25600.48,25587.47,0.00
2025-11-27,22:39:00,25595.5,25598.5,25594.25,25597.25,43,25600.44,25587.48,0.00
2025-11-27,22:40:00,25596.5,25598.25,25594.25,25598.25,25,25600.43,25587.48,0.00
2025-11-27,22:41:00,25595,25602,25595,25600.25,86,25600.41,25587.51,0.00
2025-11-27,22:42:00,25600.25,25600.25,25596.75,25599.25,11,25600.40,25587.52,0.00
2025-11-27,22:43:00,25596.75,25596.75,25596.25,25596.25,6,25600.40,25587.52,0.00
2025-11-27,22:44:00,25596,25600,25595.25,25596.75,39,25600.37,25587.53,0.00
2025-11-27,22:45:00,25598.75,25598.75,25596.25,25598.25,6,25600.37,25587.53,0.00
2025-11-27,00:00:00,25567.25,25568.75,25566.5,25566.5,66,25574.57,25572.75,0.00
2025-11-27,00:01:00,25566.5,25567.5,25564.75,25566.75,95,25574.52,25572.73,0.00
2025-11-27,00:02:00,25566.5,25568.5,25566.5,25567.25,43,25574.50,25572.72,0.00
2025-11-27,00:03:00,25567.25,25568.25,25566.5,25568.25,15,25574.49,25572.72,0.00
2025-11-27,00:04:00,25568.5,25571.5,25568.5,25571.5,244,25574.44,25572.70,0.00
2025-11-27,00:05:00,25571.5,25571.75,25567.25,25568,138,25574.39,25572.68,0.00
2025-11-27,00:06:00,25568.5,25569.25,25567,25568.75,79,25574.36,25572.66,0.00
2025-11-27,00:07:00,25568,25568.25,25565.5,25566.25,107,25574.32,25572.64,0.00
2025-11-27,00:08:00,25566,25567.75,25564.25,25567.5,112,25574.27,25572.62,0.00
2025-11-27,00:09:00,25567,25567.5,25565.75,25565.75,43,25574.25,25572.60,0.00
2025-11-27,00:10:00,25566.25,25566.75,25564.5,25564.5,38,25574.23,25572.59,0.00
2025-11-27,00:11:00,25565,25566.5,25564.75,25565,49,25574.20,25572.58,0.00
2025-11-27,00:12:00,25565.5,25566,25564.75,25565.5,37,25574.18,25572.57,0.00
2025-11-27,00:13:00,25565.5,25565.75,25561.75,25563.75,355,25573.98,25572.46,0.00
2025-11-27,00:14:00,25564.5,25564.75,25562.75,25563.25,73,25573.93,25572.43,0.00
2025-11-27,00:15:00,25564.25,25567.75,25562.5,25564.75,284,25573.79,25572.36,0.00
2025-11-27,00:16:00,25564.75,25569.25,25564.25,25567.25,200,25573.72,25572.32,0.00
2025-11-27,00:17:00,25566.5,25567.5,25564.75,25567,76,25573.69,25572.30,0.00
2025-11-27,00:18:00,25567.5,25567.75,25565,25566,31,25573.68,25572.29,0.00
2025-11-27,00:19:00,25566,25566.25,25564.75,25565.25,23,25573.67,25572.29,0.00
2025-11-27,00:20:00,25565.5,25565.5,25560.5,25564,189,25573.56,25572.23,0.00
2025-11-27,00:21:00,25564.5,25567.75,25562.5,25566.25,132,25573.51,25572.20,0.00
2025-11-27,00:22:00,25565.25,25567,25564.5,25567,18,25573.50,25572.19,0.00
2025-11-27,00:23:00,25566.75,25569.75,25565.75,25568.25,196,25573.44,25572.16,0.00
2025-11-27,00:24:00,25568,25570.5,25567,25568.25,105,25573.42,25572.15,0.00
2025-11-27,00:25:00,25568.25,25569.5,25568,25569,36,25573.41,25572.15,0.00
2025-11-27,00:26:00,25569,25569.5,25568.5,25568.75,33,25573.40,25572.14,0.00
2025-11-27,00:27:00,25568.75,25569.25,25564.25,25568.75,274,25573.32,25572.10,0.00
2025-11-27,00:28:00,25568.75,25568.75,25567.25,25567.75,18,25573.31,25572.10,0.00
2025-11-27,00:29:00,25568.25,25571.5,25568.25,25570.75,266,25573.27,25572.08,0.00
2025-11-27,00:30:00,25571,25571.75,25570,25571.75,100,25573.26,25572.07,0.00
2025-11-27,00:31:00,25572,25573.25,25567.75,25571.75,431,25573.21,25572.06,0.00
2025-11-27,00:32:00,25572.5,25573.75,25570,25571,193,25573.19,25572.06,0.00
2025-11-27,00:33:00,25570.75,25572.75,25570.75,25572.25,16,25573.19,25572.05,0.00
2025-11-27,00:34:00,25572.25,25573.25,25570.5,25571,77,25573.19,25572.05,0.00
2025-11-27,00:35:00,25571,25572.5,25570.75,25572,26,25573.18,25572.05,0.00
2025-11-27,00:36:00,25572.75,25575.25,25572.25,25574.25,112,25573.19,25572.06,0.00
2025-11-27,00:37:00,25575,25577,25570,25575.5,646,25573.22,25572.10,0.00
2025-11-27,00:38:00,25576,25579.25,25569.5,25577.5,926,25573.31,25572.20,0.00
2025-11-27,00:39:00,25577.5,25580,25577.25,25578.5,203,25573.36,25572.24,0.00
2025-11-27,00:40:00,25579,25579.5,25577.5,25578.75,257,25573.41,25572.29,0.00
2025-11-27,00:41:00,25578.5,25579.25,25576.75,25577.5,91,25573.43,25572.31,0.00
2025-11-27,00:42:00,25577.75,25578.25,25576.25,25576.75,53,25573.44,25572.32,0.00
2025-11-27,00:43:00,25577,25578,25573.75,25574.25,105,25573.45,25572.33,0.00
2025-11-27,00:44:00,25573.75,25574.25,25572,25572.75,97,25573.45,25572.33,0.00
2025-11-27,00:45:00,25572.25,25573.75,25571.75,25571.75,51,25573.45,25572.33,0.00
2025-11-27,00:46:00,25572.25,25573.25,25571.25,25571.75,91,25573.44,25572.33,0.00
2025-11-27,00:47:00,25571.25,25571.75,25569.25,25570.5,125,25573.42,25572.32,0.00
2025-11-27,00:48:00,25570.75,25573.75,25570.75,25573.75,116,25573.42,25572.32,0.00
2025-11-27,00:49:00,25574.25,25575.75,25573.5,25575.25,79,25573.43,25572.33,0.00
2025-11-27,00:50:00,25575,25577.75,25575,25577.75,85,25573.44,25572.34,0.00
2025-11-27,00:51:00,25577.75,25578.25,25575.75,25576,74,25573.45,25572.35,0.00
2025-11-27,00:52:00,25575.75,25576,25574.5,25576,69,25573.45,25572.36,0.00
2025-11-27,00:53:00,25576,25576.5,25574,25575.25,50,25573.46,25572.36,0.00
2025-11-27,00:54:00,25575.5,25575.75,25574.25,25575,58,25573.46,25572.36,0.00
2025-11-27,00:55:00,25574.75,25575.75,25574.75,25575,31,25573.46,25572.37,0.00
2025-11-27,00:56:00,25575.25,25576.25,25574.5,25575.25,47,25573.47,25572.37,0.00
2025-11-27,00:57:00,25574.75,25574.75,25573.75,25574.5,28,25573.47,25572.37,0.00
2025-11-27,00:58:00,25574.75,25577.25,25574.75,25576,80,25573.48,25572.38,0.00
2025-11-27,00:59:00,25576.5,25577.5,25574.25,25577.25,77,25573.49,25572.39,0.00
2025-11-27,01:00:00,25576.5,25578.5,25576.5,25578.25,75,25573.50,25572.40,0.00
2025-11-27,01:01:00,25578.25,25579,25576.25,25578.5,162,25573.53,25572.43,0.00
2025-11-27,01:02:00,25579,25581,25578.25,25579.5,151,25573.57,25572.46,0.00
2025-11-27,01:03:00,25579,25582.75,25579,25581.5,139,25573.61,25572.50,0.00
2025-11-27,01:04:00,25581.75,25584,25581.75,25583.25,125,25573.65,25572.53,0.00
2025-11-27,01:05:00,25583.5,25585,25583,25584,88,25573.69,25572.56,0.00
2025-11-27,01:06:00,25584.25,25587,25582.75,25584.75,223,25573.79,25572.64,0.00
2025-11-27,01:07:00,25584.5,25585.25,25584.25,25584.5,45,25573.81,25572.66,0.00
2025-11-27,01:08:00,25584.25,25584.5,25582.25,25583.75,80,25573.84,25572.68,0.00
2025-11-27,01:09:00,25583.25,25583.75,25580.75,25581.25,66,25573.86,25572.70,0.00
2025-11-27,01:10:00,25582,25582,25579.75,25581.25,87,25573.89,25572.72,0.00
2025-11-27,01:11:00,25582,25586,25582,25585,169,25573.95,25572.78,0.00
2025-11-27,01:12:00,25584.75,25585,25583,25584.75,90,25573.99,25572.81,0.00
2025-11-27,01:13:00,25584.75,25587.25,25584,25584.75,186,25574.07,25572.87,0.00
2025-11-27,01:14:00,25586.25,25586.25,25584.75,25585.5,55,25574.10,25572.89,0.00
2025-11-27,01:15:00,25586,25588.25,25586,25586.5,103,25574.15,25572.93,0.00
2025-11-27,01:16:00,25586.25,25587.75,25585.75,25587,75,25574.18,25572.96,0.00
2025-11-27,01:17:00,25586.75,25588,25586.5,25587,49,25574.21,25572.98,0.00
2025-11-27,01:18:00,25587,25587.5,25586.25,25587,81,25574.25,25573.01,0.00
2025-11-27,01:19:00,25586.25,25588.75,25586.25,25587.5,131,25574.31,25573.07,0.00
2025-11-27,01:20:00,25587.25,25587.5,25585.25,25585.5,119,25574.37,25573.11,0.00
2025-11-27,01:21:00,25586.25,25586.25,25583.75,25584.75,110,25574.41,25573.15,0.00
2025-11-27,01:22:00,25584.75,25586.25,25584.5,25586.25,46,25574.43,25573.16,0.00
2025-11-27,01:23:00,25586.25,25588.5,25585.75,25588,52,25574.45,25573.18,0.00
2025-11-27,01:24:00,25588,25589,25586.75,25588.25,58,25574.48,25573.21,0.00
2025-11-27,01:25:00,25588.5,25590.25,25588.5,25589.75,115,25574.55,25573.26,0.00
2025-11-27,01:26:00,25589.75,25589.75,25588,25588,100,25574.60,25573.30,0.00
2025-11-27,01:27:00,25588.75,25590.25,25587.25,25587.75,85,25574.64,25573.34,0.00
2025-11-27,01:28:00,25587.25,25588.5,25585.75,25586.5,68,25574.67,25573.36,0.00
2025-11-27,01:29:00,25586,25586,25584.25,25585,70,25574.70,25573.38,0.00
2025-11-27,01:30:00,25585.5,25586.5,25584.5,25585.25,57,25574.72,25573.40,0.00
2025-11-27,01:31:00,25585,25586.25,25584.25,25585.25,66,25574.75,25573.42,0.00
2025-11-27,01:32:00,25585.25,25585.75,25583.5,25585.5,100,25574.78,25573.45,0.00
2025-11-27,01:33:00,25585.25,25586.5,25584.25,25585.5,41,25574.80,25573.47,0.00
2025-11-27,01:34:00,25585,25587,25584.75,25587,53,25574.82,25573.49,0.00
2025-11-27,01:35:00,25587,25588,25586.25,25586.5,48,25574.84,25573.50,0.00
2025-11-27,01:36:00,25586.5,25586.5,25584.25,25584.5,46,25574.86,25573.52,0.00
2025-11-27,01:37:00,25584.5,25586.5,25583.75,25585.5,122,25574.91,25573.56,0.00
2025-11-27,01:38:00,25586,25590,25585.75,25588,126,25574.97,25573.61,0.00
2025-11-27,01:39:00,25588,25590,25586.25,25589.5,153,25575.04,25573.67,0.00
2025-11-27,01:40:00,25589,25589.25,25588,25589.25,82,25575.08,25573.70,0.00
2025-11-27,01:41:00,25589.5,25590.25,25587.5,25589,101,25575.13,25573.74,0.00
2025-11-27,01:42:00,25588.25,25590,25588.25,25589,22,25575.14,25573.75,0.00
2025-11-27,01:43:00,25588.5,25588.5,25587.5,25588.25,24,25575.15,25573.76,0.00
2025-11-27,01:44:00,25588.5,25589,25587.25,25588,98,25575.20,25573.80,0.00
2025-11-27,01:45:00,25588.25,25588.25,25585.25,25586.75,111,25575.24,25573.83,0.00
2025-11-27,01:46:00,25586.5,25587,25585.25,25586.25,62,25575.26,25573.85,0.00
2025-11-27,01:47:00,25586,25586,25583.75,25583.75,79,25575.29,25573.88,0.00
2025-11-27,01:48:00,25584,25584.75,25581.25,25581.25,152,25575.33,25573.91,0.00
2025-11-27,01:49:00,25582,25583.75,25580.75,25581.5,145,25575.36,25573.94,0.00
2025-11-27,01:50:00,25581.75,25582.25,25579.5,25581,113,25575.38,25573.96,0.00
2025-11-27,01:51:00,25580.75,25583,25580.5,25581.25,157,25575.42,25573.99,0.00
2025-11-27,01:52:00,25581.5,25581.75,25577.25,25578.5,271,25575.45,25574.03,0.00
2025-11-27,01:53:00,25578.75,25578.75,25573.75,25575.5,288,25575.46,25574.04,0.00
2025-11-27,01:54:00,25576.25,25579.75,25576,25579,134,25575.47,25574.06,0.00
2025-11-27,01:55:00,25579,25579.5,25577.5,25579.5,113,25575.48,25574.07,0.00
2025-11-27,01:56:00,25579.25,25580,25576.25,25578,115,25575.49,25574.08,0.00
2025-11-27,01:57:00,25577.75,25579.25,25576.75,25577.25,77,25575.50,25574.09,0.00
2025-11-27,01:58:00,25577.5,25579.75,25577.25,25577.75,113,25575.51,25574.10,0.00
2025-11-27,01:59:00,25577,25579,25576,25578.75,80,25575.51,25574.11,0.00
2025-11-27,02:00:00,25578.75,25579.25,25577,25577.75,71,25575.52,25574.12,0.00
2025-11-27,02:01:00,25578,25581,25578,25578.5,129,25575.53,25574.13,0.00
2025-11-27,02:02:00,25578.5,25580.25,25577.75,25579.25,84,25575.54,25574.14,0.00
2025-11-27,02:03:00,25579,25579.25,25577.25,25578,108,25575.55,25574.15,0.00
2025-11-27,02:04:00,25577.5,25578.75,25574.5,25575,148,25575.56,25574.16,0.00
2025-11-27,02:05:00,25574.75,25575.5,25573.5,25573.5,97,25575.55,25574.16,0.00
2025-11-27,02:06:00,25574,25576.25,25573.75,25576,70,25575.55,25574.16,0.00
2025-11-27,02:07:00,25575.75,25575.75,25571.25,25573.25,229,25575.54,25574.16,0.00
2025-11-27,02:08:00,25573,25573.5,25571.5,25571.5,94,25575.53,25574.15,0.00
2025-11-27,02:09:00,25572.5,25572.75,25569.75,25570.25,200,25575.50,25574.14,0.00
2025-11-27,02:10:00,25570.25,25571.5,25568.5,25571,147,25575.47,25574.12,0.00
2025-11-27,02:11:00,25571.5,25573,25571,25571.75,130,25575.46,25574.12,0.00
2025-11-27,02:12:00,25572.25,25573,25571,25572.25,79,25575.45,25574.11,0.00
2025-11-27,02:13:00,25572.75,25574.25,25570.75,25571,76,25575.44,25574.11,0.00
2025-11-27,02:14:00,25571,25572,25570.5,25570.75,61,25575.43,25574.11,0.00
2025-11-27,02:15:00,25570.5,25571,25569,25569.75,73,25575.42,25574.10,0.00
2025-11-27,02:16:00,25569.75,25571.25,25568.5,25570.75,90,25575.41,25574.09,0.00
2025-11-27,02:17:00,25570.75,25572,25570,25570.5,63,25575.40,25574.08,0.00
2025-11-27,02:18:00,25570.5,25570.5,25568,25568,143,25575.37,25574.07,0.00
2025-11-27,02:19:00,25568,25568,25562.25,25564.75,507,25575.21,25573.96,0.00
2025-11-27,02:20:00,25564.75,25566,25564,25565,59,25575.19,25573.95,0.00
2025-11-27,02:21:00,25564.25,25564.25,25561.25,25561.75,307,25575.07,25573.86,0.00
2025-11-27,02:22:00,25562,25565.25,25562,25564.5,167,25575.02,25573.82,0.00
2025-11-27,02:23:00,25564.5,25567,25564.25,25565.5,171,25574.97,25573.79,0.00
2025-11-27,02:24:00,25566.25,25566.25,25563.5,25565.25,108,25574.94,25573.77,0.00
2025-11-27,02:25:00,25564.75,25569.75,25564.75,25569.75,155,25574.91,25573.75,0.00
2025-11-27,02:26:00,25569.25,25572.75,25569.25,25571.25,306,25574.87,25573.73,0.00
2025-11-27,02:27:00,25571.25,25573.25,25571,25572,131,25574.86,25573.73,0.00
2025-11-27,02:28:00,25572.5,25574.5,25571.75,25572.5,230,25574.85,25573.72,0.00
2025-11-27,02:29:00,25572.5,25574.25,25572.5,25573,54,25574.85,25573.72,0.00
2025-11-27,02:30:00,25572.75,25572.75,25570.5,25572.25,93,25574.84,25573.72,0.00
2025-11-27,02:31:00,25572.25,25573,25568.5,25569.25,154,25574.82,25573.70,0.00
2025-11-27,02:32:00,25568.75,25568.75,25566.25,25567.5,117,25574.79,25573.69,0.00
2025-11-27,02:33:00,25567.25,25569,25565.25,25567.75,141,25574.76,25573.67,0.00
2025-11-27,02:34:00,25567.75,25570.5,25567.75,25569.5,75,25574.75,25573.66,0.00
2025-11-27,02:35:00,25570,25570.75,25567.75,25569,50,25574.74,25573.66,0.00
2025-11-27,02:36:00,25568.25,25569.25,25564.25,25565,125,25574.71,25573.63,0.00
2025-11-27,02:37:00,25564.75,25568,25564,25564.5,110,25574.69,25573.61,0.00
2025-11-27,02:38:00,25564,25567.5,25564,25565.25,76,25574.67,25573.60,0.00
2025-11-27,02:39:00,25565.5,25565.5,25563.25,25563.75,129,25574.63,25573.57,0.00
2025-11-27,02:40:00,25564,25566.25,25564,25565,58,25574.61,25573.56,0.00
2025-11-27,02:41:00,25565.5,25566,25564.5,25565.75,51,25574.60,25573.55,0.00
2025-11-27,02:42:00,25565,25567,25564.75,25564.75,101,25574.57,25573.54,0.00
2025-11-27,02:43:00,25564.5,25567,25563.5,25566.25,118,25574.54,25573.52,0.00
2025-11-27,02:44:00,25566.5,25567.25,25564.5,25565.5,66,25574.53,25573.50,0.00
2025-11-27,02:45:00,25566,25567.5,25565.25,25565.25,57,25574.51,25573.49,0.00
2025-11-27,02:46:00,25566.5,25567.75,25565.75,25566,57,25574.50,25573.49,0.00
2025-11-27,02:47:00,25566,25566,25564.75,25565.5,58,25574.49,25573.48,0.00
2025-11-27,02:48:00,25564.25,25564.25,25559.5,25559.5,265,25574.39,25573.40,0.00
2025-11-27,02:49:00,25560,25563,25559.5,25560.5,122,25574.35,25573.37,0.00
2025-11-27,02:50:00,25560.25,25561.25,25559,25560.25,127,25574.30,25573.34,0.00
2025-11-27,02:51:00,25559.5,25559.5,25552,25553.75,728,25573.92,25555.08,0.00
2025-11-27,02:52:00,25553.75,25555.75,25552.25,25553.75,187,25573.83,25554.84,0.00
2025-11-27,02:53:00,25553,25558,25552,25558,203,25573.73,25555.05,0.00
2025-11-27,02:54:00,25558.25,25562.75,25558.25,25562.5,186,25573.67,25555.93,0.00
2025-11-27,02:55:00,25562.5,25565,25562.5,25565,129,25573.64,25556.67,0.00
2025-11-27,02:56:00,25565,25568.25,25564.75,25567.75,234,25573.60,25558.11,0.00
2025-11-27,02:57:00,25568,25568,25565,25565,131,25573.57,25558.68,0.00
2025-11-27,02:58:00,25565.75,25565.75,25558.75,25560,312,25573.47,25559.10,0.00
2025-11-27,02:59:00,25560.25,25560.25,25555.25,25556.25,239,25573.37,25558.91,0.00
2025-11-27,03:00:00,25556.5,25557.25,25553.25,25555.75,223,25573.27,25558.61,0.00
2025-11-27,03:01:00,25557.25,25559.25,25554.25,25556.75,303,25573.15,25558.41,0.00
2025-11-27,03:02:00,25558.25,25562.5,25558.25,25560.5,183,25573.09,25558.53,0.00
2025-11-27,03:03:00,25560.25,25560.75,25553.5,25555.5,203,25573.00,25558.41,0.00
2025-11-27,03:04:00,25555.75,25558,25555,25556.75,133,25572.95,25558.34,0.00
2025-11-27,03:05:00,25557.75,25557.75,25555.25,25557,95,25572.91,25558.29,0.00
2025-11-27,03:06:00,25557.25,25562,25557.25,25562,132,25572.87,25558.37,0.00
2025-11-27,03:07:00,25561.75,25562.5,25557,25559.75,160,25572.82,25558.43,0.00
2025-11-27,03:08:00,25560,25560.25,25558.5,25559.75,55,25572.80,25558.44,0.00
2025-11-27,03:09:00,25558.75,25558.75,25555,25556.25,82,25572.77,25558.41,0.00
2025-11-27,03:10:00,25555.75,25558,25555.75,25558,46,25572.75,25558.39,0.00
2025-11-27,03:11:00,25558.75,25559.75,25558,25558.25,74,25572.73,25558.40,0.00
2025-11-27,03:12:00,25558.75,25559.25,25554.75,25554.75,121,25572.68,25558.34,0.00
2025-11-27,03:13:00,25555.75,25559.5,25555.5,25558.5,94,25572.64,25558.33,0.00
2025-11-27,03:14:00,25558.75,25560.75,25558,25560.5,57,25572.62,25558.34,0.00
2025-11-27,03:15:00,25561.25,25565.75,25561,25563.75,202,25572.58,25558.57,0.00
2025-11-27,03:16:00,25563.75,25565.25,25562.75,25563,119,25572.55,25558.71,0.00
2025-11-27,03:17:00,25563,25567,25562.75,25566,118,25572.53,25558.87,0.00
2025-11-27,03:18:00,25565.75,25566.25,25564,25564.5,92,25572.52,25558.98,0.00
2025-11-27,03:19:00,25564,25566.25,25564,25566,87,25572.50,25559.10,0.00
2025-11-27,03:20:00,25565.25,25565.5,25562.25,25563.75,147,25572.47,25559.23,0.00
2025-11-27,03:21:00,25563.5,25565.25,25563.25,25563.75,33,25572.46,25559.27,0.00
2025-11-27,03:22:00,25563.25,25563.75,25561.5,25563.75,45,25572.45,25559.30,0.00
2025-11-27,03:23:00,25563.5,25565,25563,25564,64,25572.44,25559.36,0.00
2025-11-27,03:24:00,25564,25566.75,25564,25565,103,25572.42,25559.47,0.00
2025-11-27,03:25:00,25564.25,25566.25,25564.25,25565.5,35,25572.42,25559.51,0.00
2025-11-27,03:26:00,25565.25,25567.25,25565.25,25566.75,41,25572.41,25559.56,0.00
2025-11-27,03:27:00,25566.75,25571,25566.75,25569.75,333,25572.39,25560.12,0.00
2025-11-27,03:28:00,25569.75,25571.5,25568.75,25569.5,131,25572.38,25560.34,0.00
2025-11-27,03:29:00,25569,25569,25566.25,25566.5,132,25572.36,25560.49,0.00
2025-11-27,03:30:00,25566.5,25568.5,25565.5,25565.75,72,25572.35,25560.56,0.00
2025-11-27,03:31:00,25565.75,25566.75,25562.5,25563.75,265,25572.30,25560.72,0.00
2025-11-27,03:32:00,25563,25563,25559,25561.5,160,25572.26,25560.73,0.00
2025-11-27,03:33:00,25561,25563,25555.75,25556.5,220,25572.19,25560.66,0.00
2025-11-27,03:34:00,25556,25559,25553.25,25554.25,290,25572.08,25560.44,0.00
2025-11-27,03:35:00,25554.25,25556.25,25550,25555.25,474,25571.89,25553.83,0.00
2025-11-27,03:36:00,25556,25557.75,25549,25550.75,340,25571.74,25552.50,0.00
2025-11-27,03:37:00,25551,25553,25550.25,25551.5,134,25571.68,25552.24,0.00
2025-11-27,03:38:00,25551,25555,25550.75,25554,161,25571.61,25552.50,0.00
2025-11-27,03:39:00,25553.25,25557,25553.25,25556.75,81,25571.58,25552.86,0.00
2025-11-27,03:40:00,25556,25559.5,25555.5,25558.5,167,25571.53,25553.80,0.00
2025-11-27,03:41:00,25558.5,25559.25,25555.75,25556.5,132,25571.49,25554.24,0.00
2025-11-27,03:42:00,25556.5,25565.25,25556.5,25565.25,266,25571.44,25555.92,0.00
2025-11-27,03:43:00,25564.75,25569.5,25564.5,25568.5,186,25571.42,25557.39,0.00
2025-11-27,03:44:00,25568.75,25568.75,25566.75,25568,201,25571.41,25558.64,0.00
2025-11-27,03:45:00,25567.5,25567.75,25564,25565.5,130,25571.39,25559.16,0.00
2025-11-27,03:46:00,25565.25,25565.5,25563.75,25565.25,93,25571.38,25559.44,0.00
2025-11-27,03:47:00,25564.75,25567.75,25564.5,25566.75,108,25571.37,25559.81,0.00
2025-11-27,03:48:00,25566.75,25571,25566.75,25570.25,128,25571.36,25560.38,0.00
2025-11-27,03:49:00,25570.5,25575.75,25569.75,25575.75,417,25571.38,25562.57,0.00
2025-11-27,03:50:00,25575.75,25578.5,25574.5,25578.25,330,25571.42,25564.24,0.00
2025-11-27,03:51:00,25577.5,25578.75,25574,25576.25,252,25571.45,25565.21,0.00
2025-11-27,03:52:00,25576.25,25577.5,25574.75,25575.75,115,25571.46,25565.60,0.00
2025-11-27,03:53:00,25575,25578.5,25574.25,25576,146,25571.47,25566.06,0.00
2025-11-27,03:54:00,25576.25,25576.5,25571.75,25573.25,193,25571.48,25566.48,0.00
2025-11-27,03:55:00,25573.5,25575.25,25572.75,25573,117,25571.49,25566.70,0.00
2025-11-27,03:56:00,25572.25,25577.25,25572.25,25576.75,113,25571.50,25566.96,0.00
2025-11-27,03:57:00,25576.75,25579.5,25575.5,25576.25,141,25571.51,25567.32,0.00
2025-11-27,03:58:00,25577,25578.75,25576,25577.25,93,25571.53,25567.55,0.00
2025-11-27,03:59:00,25576.75,25577.25,25575.75,25575.75,83,25571.53,25567.73,0.00
2025-11-27,04:00:00,25576.75,25578.5,25575,25576,141,25571.55,25568.02,0.00
2025-11-27,04:01:00,25575.75,25576,25562,25563.5,806,25571.48,25567.88,0.00
2025-11-27,04:02:00,25563.5,25571.25,25562.25,25569.25,387,25571.45,25567.86,0.00
2025-11-27,04:03:00,25569.25,25574,25569,25569,259,25571.44,25567.99,0.00
2025-11-27,04:04:00,25568.5,25572.25,25567,25570.75,174,25571.44,25568.05,0.00
2025-11-27,04:05:00,25571.25,25575.25,25570,25571.5,288,25571.44,25568.24,0.00
2025-11-27,04:06:00,25571.75,25572.25,25559.5,25560.25,479,25571.37,25567.94,0.00
2025-11-27,04:07:00,25559.75,25562,25556,25559.5,446,25571.27,25567.39,0.00
2025-11-27,04:08:00,25559.25,25562,25557,25561,258,25571.21,25567.13,0.00
2025-11-27,04:09:00,25560.75,25560.75,25555.75,25557.75,244,25571.15,25566.84,0.00
2025-11-27,04:10:00,25557.75,25557.75,25550.25,25551.25,481,25570.98,25566.02,0.00
2025-11-27,04:11:00,25550.75,25551.5,25546,25548,645,25570.71,25548.50,0.00
2025-11-27,04:12:00,25547.75,25557.25,25547.75,25556.25,528,25570.54,25550.86,0.00
2025-11-27,04:13:00,25556.75,25562,25556.75,25561.5,514,25570.44,25553.67,0.00
2025-11-27,04:14:00,25561.5,25567.5,25560.75,25564.75,439,25570.39,25555.87,0.00
2025-11-27,04:15:00,25565,25566,25560.5,25564,225,25570.36,25556.60,0.00
2025-11-27,04:16:00,25563.75,25568.75,25562.75,25567.5,323,25570.34,25557.78,0.00
2025-11-27,04:17:00,25567.75,25571,25565.75,25570.5,229,25570.33,25558.67,0.00
2025-11-27,04:18:00,25570.25,25575.25,25569.75,25570.75,482,25570.35,25560.56,0.00
2025-11-27,04:19:00,25570.75,25573.5,25567.75,25573,222,25570.35,25561.23,0.00
2025-11-27,04:20:00,25573,25577.5,25570.5,25571,438,25570.37,25562.50,0.00
2025-11-27,04:21:00,25570.5,25572,25568,25571.25,326,25570.37,25563.09,0.00
2025-11-27,04:22:00,25571.25,25576,25570.25,25576,217,25570.39,25563.61,0.00
2025-11-27,04:23:00,25575.5,25579.25,25573,25574,364,25570.42,25564.48,0.00
2025-11-27,04:24:00,25574,25577.25,25569.75,25575.25,236,25570.43,25564.92,0.00
2025-11-27,04:25:00,25575,25577.25,25571.25,25574.25,203,25570.45,25565.27,0.00
2025-11-27,04:26:00,25574,25576,25572.25,25572.5,221,25570.46,25565.59,0.00
2025-11-27,04:27:00,25572.25,25574.75,25570.75,25574.5,163,25570.47,25565.81,0.00
2025-11-27,04:28:00,25574,25577.25,25572,25574.5,107,25570.48,25565.97,0.00
2025-11-27,04:29:00,25575,25577,25571.75,25574.75,120,25570.48,25566.14,0.00
2025-11-27,04:30:00,25574.75,25574.75,25571.5,25573.25,110,25570.49,25566.27,0.00
2025-11-27,04:31:00,25572.25,25572.75,25569,25570.75,292,25570.49,25566.48,0.00
2025-11-27,04:32:00,25571,25571.5,25567.5,25570,299,25570.49,25566.62,0.00
2025-11-27,04:33:00,25570.25,25570.25,25565.75,25569,154,25570.48,25566.66,0.00
2025-11-27,04:34:00,25568.25,25573.25,25568.25,25571.5,206,25570.48,25566.78,0.00
2025-11-27,04:35:00,25571.5,25574.75,25570,25573.5,200,25570.49,25566.95,0.00
2025-11-27,04:36:00,25573.25,25575.75,25570.75,25572.25,234,25570.50,25567.14,0.00
2025-11-27,04:37:00,25572.25,25575.25,25571.75,25572.5,105,25570.50,25567.22,0.00
2025-11-27,04:38:00,25573.25,25576.75,25573,25575,332,25570.53,25567.54,0.00
2025-11-27,04:39:00,25574.25,25582,25572.25,25579.25,574,25570.60,25568.24,0.00
2025-11-27,04:40:00,25580,25580,25576.25,25578.5,200,25570.62,25568.47,0.00
2025-11-27,04:41:00,25578.5,25579.25,25575.5,25578,231,25570.65,25568.70,0.00
2025-11-27,04:42:00,25577.5,25581,25576.25,25576.5,208,25570.67,25568.91,0.00
2025-11-27,04:43:00,25576,25577.25,25573.75,25574.5,245,25570.69,25569.07,0.00
2025-11-27,04:44:00,25574.25,25574.75,25568.25,25570,341,25570.69,25569.14,0.00
2025-11-27,04:45:00,25569.5,25571,25565.25,25568,302,25570.68,25569.11,0.00
2025-11-27,04:46:00,25567.75,25568.25,25562.25,25564.75,392,25570.65,25568.96,0.00
2025-11-27,04:47:00,25565,25565.75,25561.5,25564.75,279,25570.62,25568.83,0.00
2025-11-27,04:48:00,25564.75,25568.75,25563,25564.75,279,25570.59,25568.74,0.00
2025-11-27,04:49:00,25564.5,25566.25,25562,25562,226,25570.57,25568.64,0.00
2025-11-27,04:50:00,25561.75,25565.5,25559.5,25563.75,356,25570.53,25568.46,0.00
2025-11-27,04:51:00,25563,25569.25,25563,25568.5,247,25570.51,25568.43,0.00
2025-11-27,04:52:00,25568.5,25570.25,25565.25,25565.75,252,25570.50,25568.40,0.00
2025-11-27,04:53:00,25566.25,25569.75,25565.25,25568.75,259,25570.49,25568.39,0.00
2025-11-27,04:54:00,25569,25570.75,25566.5,25568.25,258,25570.48,25568.39,0.00
2025-11-27,04:55:00,25568.5,25570,25562,25564.5,282,25570.46,25568.33,0.00
2025-11-27,04:56:00,25564.5,25568.25,25563.25,25564.25,163,25570.45,25568.29,0.00
2025-11-27,04:57:00,25563.5,25564.25,25560,25563,186,25570.42,25568.21,0.00
2025-11-27,04:58:00,25563,25564,25559.75,25560.75,152,25570.40,25568.13,0.00
2025-11-27,04:59:00,25560.75,25561.25,25554.5,25554.5,393,25570.32,25567.81,0.00
2025-11-27,05:00:00,25554.5,25557.25,25553.75,25554.25,327,25570.25,25567.51,0.00
2025-11-27,05:01:00,25554,25555,25550.25,25554.75,499,25570.12,25567.03,0.00
2025-11-27,05:02:00,25554.5,25558.5,25550.5,25555,405,25570.03,25566.69,0.00
2025-11-27,05:03:00,25554.25,25558.25,25551.75,25557.25,271,25569.97,25566.50,0.00
2025-11-27,05:04:00,25556.75,25561.25,25556.25,25559.75,210,25569.94,25566.40,0.00
2025-11-27,05:05:00,25560,25561,25557.5,25560,157,25569.91,25566.33,0.00
2025-11-27,05:06:00,25559.25,25561,25555.75,25558.25,194,25569.88,25566.23,0.00
2025-11-27,05:07:00,25559,25562.75,25558.5,25559.5,318,25569.83,25566.11,0.00
2025-11-27,05:08:00,25558.75,25560,25553.5,25554.5,229,25569.79,25565.97,0.00
2025-11-27,05:09:00,25555,25556.5,25554.25,25554.5,139,25569.76,25565.88,0.00
2025-11-27,05:10:00,25554.5,25557.5,25553.5,25556,142,25569.73,25565.79,0.00
2025-11-27,05:11:00,25556.5,25560.75,25556,25558,163,25569.70,25565.72,0.00
2025-11-27,05:12:00,25558,25558.5,25555.25,25556.75,174,25569.67,25565.63,0.00
2025-11-27,05:13:00,25557.5,25559.5,25555.25,25556.25,207,25569.63,25565.52,0.00
2025-11-27,05:14:00,25556,25556.5,25552.75,25556.25,182,25569.59,25565.42,0.00
2025-11-27,05:15:00,25556.75,25557.5,25554.5,25555.5,107,25569.57,25565.36,0.00
2025-11-27,05:16:00,25554.5,25558.75,25552,25558,313,25569.51,25565.20,0.00
2025-11-27,05:17:00,25558,25562.5,25557,25558.25,210,25569.48,25565.13,0.00
2025-11-27,05:18:00,25558.75,25559.75,25554.5,25554.5,119,25569.46,25565.07,0.00
2025-11-27,05:19:00,25555.25,25557.5,25553.75,25554.75,111,25569.44,25565.01,0.00
2025-11-27,05:20:00,25555.5,25556.5,25554,25554.5,112,25569.42,25564.95,0.00
2025-11-27,05:21:00,25554.25,25554.5,25550.75,25554.5,198,25569.37,25564.82,0.00
2025-11-27,05:22:00,25554.75,25558,25554.25,25555.25,189,25569.34,25564.73,0.00
2025-11-27,05:23:00,25555,25555,25551.25,25552.5,128,25569.31,25564.65,0.00
2025-11-27,05:24:00,25552.25,25557.25,25550.5,25556.75,268,25569.25,25564.52,0.00
2025-11-27,05:25:00,25555.5,25557,25555,25555.75,80,25569.24,25564.48,0.00
2025-11-27,05:26:00,25555.75,25560.5,25555.75,25559.25,209,25569.21,25564.41,0.00
2025-11-27,05:27:00,25559.25,25565.75,25559.25,25564.5,317,25569.18,25564.39,0.00
2025-11-27,05:28:00,25565,25567,25562.5,25564,258,25569.16,25564.40,0.00
2025-11-27,05:29:00,25564.75,25568,25564.75,25566.5,210,25569.15,25564.42,0.00
2025-11-27,05:30:00,25566.5,25569.5,25564.75,25569.5,180,25569.15,25564.45,0.00
2025-11-27,05:31:00,25568.75,25571.25,25568.25,25570,258,25569.15,25564.52,0.00
2025-11-27,05:32:00,25570.5,25571.5,25568.75,25571,137,25569.16,25564.55,0.00
2025-11-27,05:33:00,25571.25,25575,25570.75,25574,330,25569.17,25564.69,0.00
2025-11-27,05:34:00,25573.75,25573.75,25568,25571.5,299,25569.18,25564.78,0.00
2025-11-27,05:35:00,25571.5,25574.25,25570.5,25572,183,25569.19,25564.84,0.00
2025-11-27,05:36:00,25572.5,25575,25570.75,25573.5,177,25569.20,25564.91,0.00
2025-11-27,05:37:00,25574,25578.25,25573.25,25576.5,238,25569.22,25565.03,0.00
2025-11-27,05:38:00,25577.25,25579.75,25577.25,25577.5,245,25569.25,25565.17,0.00
2025-11-27,05:39:00,25577,25577,25568.25,25568.5,392,25569.26,25565.28,0.00
2025-11-27,05:40:00,25568.5,25571.25,25566.75,25571.25,258,25569.26,25565.33,0.00
2025-11-27,05:41:00,25571.25,25573.25,25569.5,25572.5,150,25569.27,25565.37,0.00
2025-11-27,05:42:00,25572.5,25573.5,25569.5,25570.75,227,25569.27,25565.43,0.00
2025-11-27,05:43:00,25571.25,25574.75,25571.25,25573.75,161,25569.28,25565.48,0.00
2025-11-27,05:44:00,25574,25575,25572.25,25573,88,25569.29,25565.51,0.00
2025-11-27,05:45:00,25572.75,25575,25572,25574.5,115,25569.29,25565.55,0.00
2025-11-27,05:46:00,25574.5,25574.75,25571,25571,237,25569.30,25565.62,0.00
2025-11-27,05:47:00,25571.75,25574,25570.25,25573.25,99,25569.31,25565.65,0.00
2025-11-27,05:48:00,25573,25574,25570.5,25571.5,190,25569.31,25565.70,0.00
2025-11-27,05:49:00,25571,25571,25567.25,25569.25,132,25569.31,25565.72,0.00
2025-11-27,05:50:00,25569,25570.25,25564.25,25564.75,187,25569.31,25565.72,0.00
2025-11-27,05:51:00,25564.25,25564.5,25556.75,25559.25,633,25569.23,25565.58,0.00
2025-11-27,05:52:00,25559.5,25563,25558.75,25561,140,25569.22,25565.56,0.00
2025-11-27,05:53:00,25561,25563.75,25559.75,25560.75,173,25569.20,25565.53,0.00
2025-11-27,05:54:00,25561,25563.75,25559.75,25563.5,78,25569.19,25565.52,0.00
2025-11-27,05:55:00,25563.5,25563.5,25558,25560.25,204,25569.17,25565.48,0.00
2025-11-27,05:56:00,25560,25563.25,25559.75,25562.75,89,25569.16,25565.47,0.00
2025-11-27,05:57:00,25562.75,25563.5,25560.25,25560.5,87,25569.15,25565.45,0.00
2025-11-27,05:58:00,25560.25,25563.75,25560.25,25563.25,75,25569.15,25565.44,0.00
2025-11-27,05:59:00,25563.25,25564.75,25561,25562.75,98,25569.14,25565.43,0.00
2025-11-27,06:00:00,25562.75,25563,25556,25556.5,177,25569.11,25565.39,0.00
2025-11-27,06:01:00,25556.75,25558,25553.75,25555.25,334,25569.06,25565.27,0.00
2025-11-27,06:02:00,25554.75,25558.75,25552.5,25556.5,287,25569.01,25565.17,0.00
2025-11-27,06:03:00,25556.25,25560.25,25555.75,25558.5,197,25568.98,25565.11,0.00
2025-11-27,06:04:00,25558.5,25561,25556.75,25557.5,208,25568.96,25565.06,0.00
2025-11-27,06:05:00,25557.75,25559.5,25557.75,25558.25,60,25568.95,25565.05,0.00
2025-11-27,06:06:00,25558.5,25559.75,25555.75,25559.5,201,25568.92,25565.00,0.00
2025-11-27,06:07:00,25559,25562,25557.5,25562,156,25568.90,25564.97,0.00
2025-11-27,06:08:00,25561.75,25566,25561.5,25564.75,244,25568.89,25564.97,0.00
2025-11-27,06:09:00,25565.5,25567.5,25563.25,25564,201,25568.88,25564.97,0.00
2025-11-27,06:10:00,25563.75,25564.25,25561.25,25563.5,74,25568.87,25564.96,0.00
2025-11-27,06:11:00,25564.5,25566,25562.5,25563.25,80,25568.87,25564.96,0.00
2025-11-27,06:12:00,25563,25563.25,25559.75,25560.25,117,25568.86,25564.94,0.00
2025-11-27,06:13:00,25560.25,25562,25559.25,25559.75,89,25568.85,25564.93,0.00
2025-11-27,06:14:00,25560.25,25562.25,25559.75,25560.5,94,25568.84,25564.91,0.00
2025-11-27,06:15:00,25560.5,25560.5,25556.75,25557,100,25568.83,25564.89,0.00
2025-11-27,06:16:00,25556.75,25560.75,25556.25,25560,118,25568.81,25564.87,0.00
2025-11-27,06:17:00,25561,25562.25,25559.5,25560.25,111,25568.80,25564.85,0.00
2025-11-27,06:18:00,25560,25561.5,25559.75,25560,36,25568.80,25564.85,0.00
2025-11-27,06:19:00,25561,25561.75,25559.75,25561.75,84,25568.79,25564.83,0.00
2025-11-27,06:20:00,25561.75,25562,25558,25558.75,51,25568.78,25564.83,0.00
2025-11-27,06:21:00,25557.75,25560,25556.5,25558.75,149,25568.76,25564.79,0.00
2025-11-27,06:22:00,25558.5,25560.5,25558.25,25558.75,62,25568.76,25564.78,0.00
2025-11-27,06:23:00,25559.25,25559.75,25555.75,25557.25,194,25568.73,25564.73,0.00
2025-11-27,06:24:00,25557.25,25557.5,25553.75,25555.5,165,25568.70,25564.68,0.00
2025-11-27,06:25:00,25554.5,25557.25,25553.75,25557.25,123,25568.69,25564.65,0.00
2025-11-27,06:26:00,25557.25,25558.75,25556,25556,64,25568.68,25564.63,0.00
2025-11-27,06:27:00,25555.75,25557.75,25554.75,25556,96,25568.66,25564.60,0.00
2025-11-27,06:28:00,25556,25556.25,25554.5,25555.75,59,25568.65,25564.59,0.00
2025-11-27,06:29:00,25556.5,25559.75,25556,25559.5,85,25568.64,25564.57,0.00
2025-11-27,06:30:00,25559.5,25559.5,25557,25558,69,25568.63,25564.55,0.00
2025-11-27,06:31:00,25558,25558.5,25556.25,25557.5,93,25568.62,25564.53,0.00
2025-11-27,06:32:00,25557,25558.5,25556.25,25558.5,57,25568.61,25564.52,0.00
2025-11-27,06:33:00,25558.75,25559.75,25555,25555,144,25568.59,25564.48,0.00
2025-11-27,06:34:00,25555,25556,25553.25,25554.75,140,25568.57,25564.44,0.00
2025-11-27,06:35:00,25554.75,25556.5,25553,25555.25,164,25568.54,25564.39,0.00
2025-11-27,06:36:00,25555,25557.25,25554,25557.25,96,25568.53,25564.36,0.00
2025-11-27,06:37:00,25556.5,25558.25,25556,25556.25,110,25568.51,25564.33,0.00
2025-11-27,06:38:00,25556,25557.25,25554.25,25557.25,99,25568.50,25564.31,0.00
2025-11-27,06:39:00,25556.75,25560.5,25555.25,25559.5,174,25568.48,25564.27,0.00
2025-11-27,06:40:00,25560,25561.75,25560,25561.75,110,25568.47,25564.26,0.00
2025-11-27,06:41:00,25561.5,25562.75,25559.75,25562.75,98,25568.46,25564.26,0.00
2025-11-27,06:42:00,25562.75,25563.25,25561.25,25562.75,154,25568.45,25564.25,0.00
2025-11-27,06:43:00,25562.5,25563.75,25562.5,25563.25,97,25568.44,25564.24,0.00
2025-11-27,06:44:00,25562.75,25566.25,25562.75,25565.25,172,25568.43,25564.25,0.00
2025-11-27,06:45:00,25565.5,25565.5,25564.25,25564.75,147,25568.43,25564.25,0.00
2025-11-27,06:46:00,25564.75,25565.75,25563.5,25564.5,105,25568.42,25564.25,0.00
2025-11-27,06:47:00,25564.25,25565.25,25562.25,25564.25,111,25568.42,25564.25,0.00
2025-11-27,06:48:00,25563.75,25566,25563.75,25564.5,53,25568.41,25564.25,0.00
2025-11-27,06:49:00,25564.75,25567.25,25564.25,25566,146,25568.41,25564.26,0.00
2025-11-27,06:50:00,25566.5,25567.75,25565.25,25566.75,125,25568.41,25564.27,0.00
2025-11-27,06:51:00,25566.25,25568.25,25566.25,25567,122,25568.41,25564.28,0.00
2025-11-27,06:52:00,25566.5,25567.25,25563.75,25564.5,181,25568.40,25564.28,0.00
2025-11-27,06:53:00,25564.25,25566.5,25562.5,25562.75,151,25568.39,25564.28,0.00
2025-11-27,06:54:00,25563.25,25566.5,25562.75,25566,86,25568.39,25564.28,0.00
2025-11-27,06:55:00,25566.5,25568.25,25566.5,25567,87,25568.39,25564.29,0.00
2025-11-27,06:56:00,25567.75,25571.25,25567.5,25570.75,237,25568.39,25564.33,0.00
2025-11-27,06:57:00,25570.75,25571.25,25568.5,25569.5,141,25568.39,25564.35,0.00
2025-11-27,06:58:00,25569.25,25570.75,25568.75,25569,67,25568.39,25564.36,0.00
2025-11-27,06:59:00,25569.25,25571.75,25569,25571.5,84,25568.40,25564.38,0.00
2025-11-27,07:00:00,25571.75,25572.5,25569.75,25570.5,152,25568.40,25564.41,0.00
2025-11-27,07:01:00,25570.75,25572.25,25569.75,25571.25,183,25568.41,25564.44,0.00
2025-11-27,07:02:00,25570.75,25573.25,25570.5,25572.75,161,25568.41,25564.48,0.00
2025-11-27,07:03:00,25573.5,25575.25,25571.75,25572.25,185,25568.42,25564.53,0.00
2025-11-27,07:04:00,25572,25572.75,25570.75,25572.25,110,25568.43,25564.55,0.00
2025-11-27,07:05:00,25571.75,25572.75,25568.5,25569,133,25568.43,25564.57,0.00
2025-11-27,07:06:00,25569,25570.25,25567,25568,161,25568.43,25564.59,0.00
2025-11-27,07:07:00,25568.25,25568.75,25564.5,25566,198,25568.43,25564.60,0.00
2025-11-27,07:08:00,25566,25567.25,25565.25,25566.25,103,25568.42,25564.60,0.00
2025-11-27,07:09:00,25566,25566.75,25564.25,25564.75,106,25568.42,25564.61,0.00
2025-11-27,07:10:00,25564.5,25567.5,25564.25,25566.75,85,25568.42,25564.61,0.00
2025-11-27,07:11:00,25566.75,25566.75,25564.5,25565.25,69,25568.41,25564.61,0.00
2025-11-27,07:12:00,25566,25566.25,25563.75,25565,61,25568.41,25564.61,0.00
2025-11-27,07:13:00,25564.75,25565.25,25561.25,25562,199,25568.40,25564.60,0.00
2025-11-27,07:14:00,25562,25563.25,25561.25,25562.75,106,25568.39,25564.60,0.00
2025-11-27,07:15:00,25563,25567.5,25563,25566.75,157,25568.39,25564.60,0.00
2025-11-27,07:16:00,25566.75,25569.25,25566.5,25568.5,113,25568.39,25564.61,0.00
2025-11-27,07:17:00,25568.75,25568.75,25565.25,25565.25,85,25568.39,25564.62,0.00
2025-11-27,07:18:00,25565.5,25565.75,25563.75,25565,89,25568.38,25564.62,0.00
2025-11-27,07:19:00,25565.5,25566,25565,25566,38,25568.38,25564.62,0.00
2025-11-27,07:20:00,25566,25566.5,25562.5,25564.25,147,25568.37,25564.62,0.00
2025-11-27,07:21:00,25564.75,25565,25562.5,25564.75,69,25568.37,25564.62,0.00
2025-11-27,07:22:00,25564.75,25566.25,25562.25,25563.75,125,25568.36,25564.61,0.00
2025-11-27,07:23:00,25563.5,25563.75,25560.25,25561.5,154,25568.35,25564.60,0.00
2025-11-27,07:24:00,25561.5,25562.75,25560.75,25561,40,25568.35,25564.60,0.00
2025-11-27,07:25:00,25560.75,25565.25,25560.25,25564.75,137,25568.34,25564.59,0.00
2025-11-27,07:26:00,25564.5,25565.75,25563.5,25565.25,82,25568.34,25564.59,0.00
2025-11-27,07:27:00,25565.25,25567.5,25564.25,25567,182,25568.34,25564.60,0.00
2025-11-27,07:28:00,25567,25567.5,25565.25,25566.5,44,25568.33,25564.60,0.00
2025-11-27,07:29:00,25566,25566.25,25564,25564,33,25568.33,25564.60,0.00
2025-11-27,07:30:00,25563.75,25565.25,25563,25565.25,72,25568.33,25564.60,0.00
2025-11-27,07:31:00,25564.75,25565.5,25562,25562.75,90,25568.32,25564.60,0.00
2025-11-27,07:32:00,25562.5,25566.75,25561.75,25566.75,120,25568.32,25564.60,0.00
2025-11-27,07:33:00,25566.5,25569.75,25566.5,25568,132,25568.32,25564.62,0.00
2025-11-27,07:34:00,25568.75,25569.5,25565.25,25565.75,106,25568.32,25564.62,0.00
2025-11-27,07:35:00,25565.5,25566.25,25562.75,25565.5,167,25568.31,25564.62,0.00
2025-11-27,07:36:00,25565.25,25568.5,25565.25,25567.75,70,25568.31,25564.63,0.00
2025-11-27,07:37:00,25567.75,25569,25565.75,25567.25,83,25568.31,25564.63,0.00
2025-11-27,07:38:00,25567.5,25569.25,25566.25,25568.75,133,25568.31,25564.65,0.00
2025-11-27,07:39:00,25568.75,25572.75,25568.75,25572.5,217,25568.32,25564.68,0.00
2025-11-27,07:40:00,25573,25575.25,25572.5,25573.5,194,25568.33,25564.73,0.00
2025-11-27,07:41:00,25573.25,25574,25570.25,25572,153,25568.33,25564.76,0.00
2025-11-27,07:42:00,25571.75,25573,25570,25572.5,81,25568.34,25564.77,0.00
2025-11-27,07:43:00,25571.5,25576,25571.25,25574.75,175,25568.35,25564.81,0.00
2025-11-27,07:44:00,25575.25,25578.5,25574,25574.5,312,25568.37,25564.90,0.00
2025-11-27,07:45:00,25574.25,25576,25572.5,25573.75,117,25568.38,25564.93,0.00
2025-11-27,07:46:00,25574.25,25576.25,25572.25,25572.5,285,25568.40,25564.99,0.00
2025-11-27,07:47:00,25573,25574.75,25571,25571,143,25568.40,25565.02,0.00
2025-11-27,07:48:00,25571,25571.75,25568.5,25568.75,162,25568.41,25565.03,0.00
2025-11-27,07:49:00,25568.5,25571.5,25565.25,25567,231,25568.40,25565.05,0.00
2025-11-27,07:50:00,25567.5,25568.75,25565.75,25568,98,25568.40,25565.06,0.00
2025-11-27,07:51:00,25568.25,25569.75,25565,25566.75,228,25568.40,25565.07,0.00
2025-11-27,07:52:00,25567.25,25567.75,25565.75,25566,73,25568.40,25565.07,0.00
2025-11-27,07:53:00,25566.25,25567.75,25565,25566.5,119,25568.40,25565.08,0.00
2025-11-27,07:54:00,25566.5,25571,25565.5,25568.75,126,25568.40,25565.09,0.00
2025-11-27,07:55:00,25568.75,25568.75,25564.25,25564.5,123,25568.39,25565.09,0.00
2025-11-27,07:56:00,25565,25565.5,25562.25,25562.25,173,25568.38,25565.08,0.00
2025-11-27,07:57:00,25562.75,25562.75,25560.5,25561,271,25568.36,25565.06,0.00
2025-11-27,07:58:00,25561,25564,25559.75,25561.5,213,25568.35,25565.04,0.00
2025-11-27,07:59:00,25561.5,25562.5,25560,25561.5,105,25568.34,25565.03,0.00
2025-11-27,08:00:00,25561.25,25562.5,25558.75,25559.25,125,25568.33,25565.02,0.00
2025-11-27,08:01:00,25560,25562,25556.75,25557.25,343,25568.29,25564.96,0.00
2025-11-27,08:02:00,25557.25,25564.5,25556.25,25561.5,362,25568.27,25564.93,0.00
2025-11-27,08:03:00,25561.5,25562.5,25558.75,25559.25,134,25568.25,25564.91,0.00
2025-11-27,08:04:00,25559,25559.25,25556.5,25557.75,126,25568.24,25564.89,0.00
2025-11-27,08:05:00,25557.5,25561.5,25557.25,25560.75,103,25568.23,25564.88,0.00
2025-11-27,08:06:00,25560.75,25566.25,25560.75,25565.25,253,25568.22,25564.88,0.00
2025-11-27,08:07:00,25565,25568.25,25562.25,25564.25,447,25568.21,25564.88,0.00
2025-11-27,08:08:00,25564,25567.5,25563,25566.75,122,25568.20,25564.88,0.00
2025-11-27,08:09:00,25566.75,25568.75,25565.5,25566.25,193,25568.20,25564.89,0.00
2025-11-27,08:10:00,25566.25,25567,25564.25,25566.25,118,25568.20,25564.89,0.00
2025-11-27,08:11:00,25566.5,25568.5,25566,25567.75,182,25568.20,25564.90,0.00
2025-11-27,08:12:00,25567.75,25568.5,25567.25,25567.25,94,25568.19,25564.91,0.00
2025-11-27,08:13:00,25567.25,25568.25,25563.25,25565.75,159,25568.19,25564.91,0.00
2025-11-27,08:14:00,25566.25,25566.5,25564.5,25566.25,49,25568.19,25564.91,0.00
2025-11-27,08:15:00,25566,25568.5,25563.75,25563.75,116,25568.19,25564.91,0.00
2025-11-27,08:16:00,25564,25564.5,25561.75,25562.5,140,25568.18,25564.91,0.00
2025-11-27,08:17:00,25562.5,25564.25,25560,25560.25,146,25568.17,25564.89,0.00
2025-11-27,08:18:00,25560.25,25562,25559,25560,184,25568.15,25564.88,0.00
2025-11-27,08:19:00,25561,25562.5,25558.75,25559.75,88,25568.15,25564.87,0.00
2025-11-27,08:20:00,25559.75,25560.75,25559.25,25560.5,56,25568.14,25564.86,0.00
2025-11-27,08:21:00,25560.75,25561.75,25559,25560.5,86,25568.14,25564.85,0.00
2025-11-27,08:22:00,25560.25,25560.5,25558,25558.75,115,25568.12,25564.84,0.00
2025-11-27,08:23:00,25559,25560,25557.5,25557.75,117,25568.11,25564.82,0.00
2025-11-27,08:24:00,25557.5,25559.75,25557.5,25558.5,71,25568.11,25564.81,0.00
2025-11-27,08:25:00,25559,25561.25,25559,25560.25,85,25568.10,25564.80,0.00
2025-11-27,08:26:00,25560.25,25561,25558.25,25560.5,94,25568.09,25564.79,0.00
2025-11-27,08:27:00,25560,25560.25,25558.75,25558.75,43,25568.09,25564.79,0.00
2025-11-27,08:28:00,25558.5,25558.75,25557.25,25558.25,88,25568.08,25564.78,0.00
2025-11-27,08:29:00,25558,25558.5,25557.5,25557.5,61,25568.07,25564.77,0.00
2025-11-27,08:30:00,25557.5,25559,25557.5,25557.75,51,25568.07,25564.76,0.00
2025-11-27,08:31:00,25557.5,25560,25557,25559.25,154,25568.05,25564.74,0.00
2025-11-27,08:32:00,25558.75,25561,25558.25,25559.25,122,25568.04,25564.72,0.00
2025-11-27,08:33:00,25559,25560.5,25557,25558.5,139,25568.03,25564.71,0.00
2025-11-27,08:34:00,25558.25,25559,25556.75,25558,86,25568.02,25564.69,0.00
2025-11-27,08:35:00,25557.75,25561.25,25557.25,25560.25,113,25568.01,25564.68,0.00
2025-11-27,08:36:00,25560.75,25561.25,25557.5,25559,134,25568.00,25564.67,0.00
2025-11-27,08:37:00,25559.25,25561.75,25558.75,25558.75,76,25567.99,25564.66,0.00
2025-11-27,08:38:00,25558.75,25559.5,25556.5,25557.25,57,25567.99,25564.65,0.00
2025-11-27,08:39:00,25557.75,25560,25557.75,25559.75,59,25567.98,25564.64,0.00
2025-11-27,08:40:00,25559.75,25560.5,25558,25558.75,61,25567.98,25564.64,0.00
2025-11-27,08:41:00,25558,25559,25555.75,25556.25,135,25567.96,25564.61,0.00
2025-11-27,08:42:00,25556.25,25557.5,25554.5,25554.75,199,25567.94,25564.58,0.00
2025-11-27,08:43:00,25554.5,25555,25550.25,25550.75,605,25567.84,25564.42,0.00
2025-11-27,08:44:00,25550.25,25552.25,25547.25,25550,389,25567.77,25564.30,0.00
2025-11-27,08:45:00,25549.25,25551.75,25547.25,25551,304,25567.72,25564.21,0.00
2025-11-27,08:46:00,25551.5,25552.5,25549.5,25550.25,275,25567.67,25564.14,0.00
2025-11-27,08:47:00,25550.25,25551.25,25547.75,25549,193,25567.64,25564.08,0.00
2025-11-27,08:48:00,25548.5,25551,25547,25551,269,25567.59,25564.00,0.00
2025-11-27,08:49:00,25550.5,25552.25,25549.25,25551.75,136,25567.57,25563.96,0.00
2025-11-27,08:50:00,25551.5,25555.5,25551.5,25553.25,289,25567.53,25563.90,0.00
2025-11-27,08:51:00,25553.5,25554.75,25551.75,25554.5,153,25567.51,25563.87,0.00
2025-11-27,08:52:00,25554,25556,25553.75,25554.75,84,25567.50,25563.86,0.00
2025-11-27,08:53:00,25555.75,25555.75,25553.25,25554.25,76,25567.49,25563.84,0.00
2025-11-27,08:54:00,25553.75,25555.5,25551.25,25551.75,133,25567.47,25563.81,0.00
2025-11-27,08:55:00,25551.75,25552.75,25550.5,25552,121,25567.45,25563.78,0.00
2025-11-27,08:56:00,25551.75,25556.75,25551.75,25555,113,25567.43,25563.76,0.00
2025-11-27,08:57:00,25554.75,25555.75,25553.25,25554.25,72,25567.43,25563.75,0.00
2025-11-27,08:58:00,25554.25,25557,25554,25554.75,136,25567.41,25563.73,0.00
2025-11-27,08:59:00,25555,25555,25550,25550,154,25567.39,25563.69,0.00
2025-11-27,09:00:00,25550,25552.25,25548.75,25550.75,233,25567.35,25563.63,0.00
2025-11-27,09:01:00,25550.25,25552.5,25548.5,25551.25,256,25567.31,25563.57,0.00
2025-11-27,09:02:00,25551,25553.5,25549.25,25552.25,101,25567.29,25563.54,0.00
2025-11-27,09:03:00,25553.25,25555.75,25551.75,25554.75,208,25567.27,25563.51,0.00
2025-11-27,09:04:00,25554.75,25555.25,25552.5,25552.75,127,25567.25,25563.48,0.00
2025-11-27,09:05:00,25553,25554.25,25552.5,25554,155,25567.23,25563.45,0.00
2025-11-27,09:06:00,25553.75,25556.25,25553.5,25555.75,80,25567.22,25563.44,0.00
2025-11-27,09:07:00,25556.25,25558.25,25555.25,25557,328,25567.19,25563.40,0.00
2025-11-27,09:08:00,25556.75,25556.75,25553,25553.25,185,25567.16,25563.37,0.00
2025-11-27,09:09:00,25553,25554.25,25550.25,25552.25,157,25567.14,25563.33,0.00
2025-11-27,09:10:00,25551.75,25554.75,25551,25553.25,65,25567.13,25563.32,0.00
2025-11-27,09:11:00,25553.5,25554.75,25552,25554.25,59,25567.13,25563.31,0.00
2025-11-27,09:12:00,25553.75,25553.75,25549.75,25550,107,25567.11,25563.29,0.00
2025-11-27,09:13:00,25551,25552.25,25550,25550.25,65,25567.10,25563.27,0.00
2025-11-27,09:14:00,25550.25,25550.25,25543.75,25546,992,25566.91,25546.67,0.00
2025-11-27,09:15:00,25546,25549.75,25545.75,25548.25,249,25566.86,25546.92,0.00
2025-11-27,09:16:00,25547.75,25551,25546.25,25547.5,281,25566.82,25547.16,0.00
2025-11-27,09:17:00,25547.25,25547.25,25541.25,25544.75,550,25566.70,25544.42,0.00
2025-11-27,09:18:00,25544.75,25547,25544.5,25545.75,173,25566.67,25544.74,0.00
2025-11-27,09:19:00,25545.5,25547.75,25544.25,25545.75,162,25566.64,25544.95,0.00
2025-11-27,09:20:00,25545.75,25547,25544.25,25544.5,116,25566.61,25544.99,0.00
2025-11-27,09:21:00,25544.5,25545,25543.25,25545,141,25566.58,25544.92,0.00
2025-11-27,09:22:00,25544.5,25551.75,25544.5,25551.5,273,25566.54,25545.75,0.00
2025-11-27,09:23:00,25551.25,25554.5,25550.75,25550.75,328,25566.50,25546.93,0.00
2025-11-27,09:24:00,25551.25,25554.5,25549.25,25554,274,25566.46,25547.70,0.00
2025-11-27,09:25:00,25553.75,25555.25,25552.75,25553,154,25566.44,25548.12,0.00
2025-11-27,09:26:00,25552.5,25552.5,25548.75,25549.75,197,25566.41,25548.30,0.00
2025-11-27,09:27:00,25549.75,25550.5,25547,25549,191,25566.38,25548.34,0.00
2025-11-27,09:28:00,25548.5,25549.25,25545.75,25548,156,25566.36,25548.30,0.00
2025-11-27,09:29:00,25547.5,25551.5,25547.5,25550,140,25566.34,25548.37,0.00
2025-11-27,09:30:00,25549.75,25552.5,25548.25,25552.5,158,25566.31,25548.51,0.00
2025-11-27,09:31:00,25552,25568.5,25551.5,25563.5,1720,25566.24,25553.11,0.00
2025-11-27,09:32:00,25564.25,25566.25,25558.5,25561.5,1173,25566.19,25554.89,0.00
2025-11-27,09:33:00,25561.5,25568.25,25559.75,25565.75,538,25566.18,25555.70,0.00
2025-11-27,09:34:00,25565.75,25567.25,25556.75,25560.75,706,25566.16,25556.28,0.00
2025-11-27,09:35:00,25561,25563,25559,25561.25,232,25566.15,25556.43,0.00
2025-11-27,09:36:00,25561.25,25562.75,25554.75,25556.5,289,25566.13,25556.49,0.00
2025-11-27,09:37:00,25556.75,25561,25555.25,25561,196,25566.11,25556.56,0.00
2025-11-27,09:38:00,25561,25566.5,25558.5,25559.75,545,25566.09,25556.88,0.00
2025-11-27,09:39:00,25559.75,25561.5,25557,25557,121,25566.08,25556.91,0.00
2025-11-27,09:40:00,25557,25559.5,25555.5,25559.25,152,25566.07,25556.93,0.00
2025-11-27,09:41:00,25558.5,25559.5,25557,25558.25,103,25566.07,25556.94,0.00
2025-11-27,09:42:00,25558.25,25560.5,25557.5,25559.75,139,25566.06,25556.98,0.00
2025-11-27,09:43:00,25559.5,25564,25557.75,25564,143,25566.05,25557.06,0.00
2025-11-27,09:44:00,25564.25,25564.25,25562,25564.25,201,25566.05,25557.20,0.00
2025-11-27,09:45:00,25564.25,25565,25562.5,25564.25,167,25566.05,25557.31,0.00
2025-11-27,09:46:00,25564.25,25564.25,25560.5,25561.25,129,25566.04,25557.38,0.00
2025-11-27,09:47:00,25561,25561.5,25558.5,25559.75,249,25566.03,25557.44,0.00
2025-11-27,09:48:00,25559.75,25563,25559.75,25561,69,25566.03,25557.47,0.00
2025-11-27,09:49:00,25560.75,25561.5,25559.5,25559.75,74,25566.02,25557.49,0.00
2025-11-27,09:50:00,25559.5,25559.5,25557.75,25558.25,131,25566.01,25557.50,0.00
2025-11-27,09:51:00,25558.25,25559.25,25556.25,25557.25,224,25566.00,25557.50,0.00
2025-11-27,09:52:00,25557.25,25559.75,25556.75,25558,181,25565.99,25557.52,0.00
2025-11-27,09:53:00,25558.25,25560.25,25556.5,25558.75,117,25565.98,25557.53,0.00
2025-11-27,09:54:00,25558.75,25560.5,25557.25,25559.5,120,25565.97,25557.54,0.00
2025-11-27,09:55:00,25559.5,25561.75,25559.25,25560.75,101,25565.97,25557.57,0.00
2025-11-27,09:56:00,25561.5,25561.5,25558.5,25560,122,25565.96,25557.60,0.00
2025-11-27,09:57:00,25560.25,25562.5,25558.5,25558.5,230,25565.95,25557.65,0.00
2025-11-27,09:58:00,25559,25559.75,25556,25557.5,262,25565.93,25557.65,0.00
2025-11-27,09:59:00,25557.25,25558.75,25556.5,25557,158,25565.92,25557.64,0.00
2025-11-27,10:00:00,25556.75,25556.75,25553.25,25553.75,252,25565.89,25557.58,0.00
2025-11-27,10:01:00,25553.5,25557.25,25552.5,25556.25,298,25565.87,25557.52,0.00
2025-11-27,10:02:00,25555.5,25556,25553.25,25554.75,139,25565.85,25557.49,0.00
2025-11-27,10:03:00,25555,25555,25551.25,25552.25,264,25565.83,25557.39,0.00
2025-11-27,10:04:00,25552,25554.5,25550.5,25553.75,200,25565.80,25557.32,0.00
2025-11-27,10:05:00,25553.5,25555.75,25553.25,25553.75,159,25565.79,25557.29,0.00
2025-11-27,10:06:00,25554,25556,25553.75,25554.75,157,25565.77,25557.26,0.00
2025-11-27,10:07:00,25555,25559.5,25542,25555.25,2735,25565.47,25556.39,0.00
2025-11-27,10:08:00,25555.75,25557.25,25552.25,25553.75,280,25565.45,25556.36,0.00
2025-11-27,10:09:00,25554.25,25555.5,25548.5,25550.75,342,25565.41,25556.26,0.00
2025-11-27,10:10:00,25550.5,25555.25,25550.5,25553.25,217,25565.39,25556.21,0.00
2025-11-27,10:11:00,25553.25,25555.75,25552.75,25554.5,183,25565.37,25556.19,0.00
2025-11-27,10:12:00,25554.25,25556.5,25549.75,25551.75,254,25565.35,25556.14,0.00
2025-11-27,10:13:00,25552.25,25552.5,25545.75,25550,569,25565.27,25555.92,0.00
2025-11-27,10:14:00,25550.25,25551.5,25546.75,25549.5,435,25565.22,25555.76,0.00
2025-11-27,10:15:00,25549.5,25552.5,25549.25,25550.75,117,25565.20,25555.73,0.00
2025-11-27,10:16:00,25551.25,25553,25549.75,25551.25,243,25565.18,25555.67,0.00
2025-11-27,10:17:00,25550.75,25555.75,25550.75,25555.5,273,25565.15,25555.65,0.00
2025-11-27,10:18:00,25555.75,25556.75,25553,25553.75,295,25565.13,25555.63,0.00
2025-11-27,10:19:00,25554,25556,25553.75,25555.25,174,25565.11,25555.63,0.00
2025-11-27,10:20:00,25555.5,25557.25,25555,25555.75,191,25565.10,25555.63,0.00
2025-11-27,10:21:00,25555.75,25557.5,25554,25554.75,233,25565.08,25555.63,0.00
2025-11-27,10:22:00,25555,25563.5,25553.75,25557.75,785,25565.04,25555.73,0.00
2025-11-27,10:23:00,25557.75,25561,25556.25,25557.5,327,25565.02,25555.77,0.00
2025-11-27,10:24:00,25557.5,25559.25,25554.75,25555,177,25565.01,25555.78,0.00
2025-11-27,10:25:00,25555.5,25557,25552.5,25555.5,208,25565.00,25555.77,0.00
2025-11-27,10:26:00,25555.5,25560,25555.25,25559,297,25564.98,25555.80,0.00
2025-11-27,10:27:00,25559,25562.25,25559,25560.75,268,25564.97,25555.86,0.00
2025-11-27,10:28:00,25561,25561.5,25559,25559.25,195,25564.96,25555.90,0.00
2025-11-27,10:29:00,25559.75,25559.75,25554.25,25554.75,343,25564.94,25555.90,0.00
2025-11-27,10:30:00,25554.75,25556.25,25553.5,25554.25,262,25564.92,25555.89,0.00
2025-11-27,10:31:00,25554.75,25564.25,25554.5,25563.75,814,25564.89,25556.06,0.00
2025-11-27,10:32:00,25563.25,25569.25,25561.25,25565.25,1155,25564.90,25556.50,0.00
2025-11-27,10:33:00,25565.5,25567.5,25561.5,25565,571,25564.90,25556.68,0.00
2025-11-27,10:34:00,25565,25571.25,25564,25569.5,645,25564.91,25556.97,0.00
2025-11-27,10:35:00,25570.25,25570.25,25563,25564.25,546,25564.92,25557.16,0.00
2025-11-27,10:36:00,25564,25566.5,25562.5,25562.75,392,25564.91,25557.26,0.00
2025-11-27,10:37:00,25562.75,25564,25551.5,25553,1303,25564.83,25557.21,0.00
2025-11-27,10:38:00,25552.25,25555.25,25550.25,25552.5,678,25564.77,25557.10,0.00
2025-11-27,10:39:00,25553.25,25556.25,25550,25552,603,25564.71,25557.01,0.00
2025-11-27,10:40:00,25551.75,25552.25,25546,25548.5,542,25564.65,25556.86,0.00
2025-11-27,10:41:00,25548.25,25548.25,25540.25,25543,1381,25564.44,25543.83,0.00
2025-11-27,10:42:00,25543,25551,25541.25,25549.5,1086,25564.31,25545.34,0.00
2025-11-27,10:43:00,25549.25,25552.75,25548.5,25550.25,627,25564.25,25546.38,0.00
2025-11-27,10:44:00,25550.75,25551.75,25548.25,25548.75,344,25564.21,25546.70,0.00
2025-11-27,10:45:00,25549.25,25554.75,25548.75,25552.5,557,25564.16,25547.44,0.00
2025-11-27,10:46:00,25552.25,25553.25,25550.5,25551.5,267,25564.14,25547.71,0.00
2025-11-27,10:47:00,25551.75,25552,25548.25,25549.75,340,25564.11,25547.88,0.00
2025-11-27,10:48:00,25549.75,25551.5,25548.75,25549.5,208,25564.08,25547.97,0.00
2025-11-27,10:49:00,25550,25552,25549.5,25551.25,167,25564.07,25548.07,0.00
2025-11-27,10:50:00,25551,25553.5,25550,25551.5,239,25564.05,25548.23,0.00
2025-11-27,10:51:00,25551.75,25551.75,25547,25549.5,362,25564.01,25548.31,0.00
2025-11-27,10:52:00,25549.25,25551,25548,25549.5,116,25564.00,25548.33,0.00
2025-11-27,10:53:00,25549,25550,25543.5,25546.25,544,25563.93,25548.18,0.00
2025-11-27,10:54:00,25545.5,25547.5,25543.5,25544,385,25563.88,25548.00,0.00
2025-11-27,10:55:00,25544.25,25545.75,25541.25,25545,588,25563.80,25547.67,0.00
2025-11-27,10:56:00,25545,25549,25543.75,25547.5,404,25563.75,25547.62,0.00
2025-11-27,10:57:00,25547.25,25550.5,25547.25,25549.5,427,25563.71,25547.70,0.00
2025-11-27,10:58:00,25549.5,25551.25,25546.25,25547,384,25563.67,25547.72,0.00
2025-11-27,10:59:00,25546.75,25548.25,25545.25,25546.25,219,25563.64,25547.69,0.00
2025-11-27,11:00:00,25546.5,25550.5,25546,25549.5,290,25563.61,25547.72,0.00
2025-11-27,11:01:00,25549.5,25551.5,25546.5,25549.5,417,25563.57,25547.79,0.00
2025-11-27,11:02:00,25549,25551.25,25547.25,25547.25,176,25563.55,25547.80,0.00
2025-11-27,11:03:00,25547.75,25549.5,25546,25548.25,201,25563.53,25547.80,0.00
2025-11-27,11:04:00,25548.5,25549.75,25547.75,25548.75,122,25563.52,25547.82,0.00
2025-11-27,11:05:00,25548.75,25550.5,25547.25,25548.75,192,25563.50,25547.84,0.00
2025-11-27,11:06:00,25549,25549.25,25547.25,25549,146,25563.49,25547.85,0.00
2025-11-27,11:07:00,25548.75,25550.75,25548,25549.75,221,25563.46,25547.88,0.00
2025-11-27,11:08:00,25549.75,25551.75,25548,25549.25,299,25563.44,25547.93,0.00
2025-11-27,11:09:00,25549.25,25551,25547.25,25550.25,249,25563.41,25547.97,0.00
2025-11-27,11:10:00,25550.5,25554.25,25549.75,25553.25,444,25563.38,25548.14,0.00
2025-11-27,11:11:00,25553.75,25555.5,25550,25552.5,467,25563.35,25548.32,0.00
2025-11-27,11:12:00,25551.75,25553.5,25550,25552,196,25563.33,25548.37,0.00
2025-11-27,11:13:00,25552,25559,25552,25558.75,764,25563.30,25548.86,0.00
2025-11-27,11:14:00,25558.75,25561,25556.5,25558.25,722,25563.27,25549.38,0.00
2025-11-27,11:15:00,25558,25559.75,25556.25,25557.25,397,25563.26,25549.62,0.00
2025-11-27,11:16:00,25557.25,25559.5,25554,25558.25,552,25563.24,25549.91,0.00
2025-11-27,11:17:00,25557.75,25557.75,25554.75,25556.5,262,25563.23,25550.02,0.00
2025-11-27,11:18:00,25556.25,25557.5,25554.75,25556.5,262,25563.21,25550.13,0.00
2025-11-27,11:19:00,25557,25559,25556.5,25556.75,265,25563.20,25550.26,0.00
2025-11-27,11:20:00,25557.25,25557.75,25555.75,25556.75,140,25563.20,25550.32,0.00
2025-11-27,11:21:00,25557,25558.5,25556,25557.25,326,25563.18,25550.46,0.00
2025-11-27,11:22:00,25557.25,25560.25,25557.25,25559.25,225,25563.18,25550.58,0.00
2025-11-27,11:23:00,25559.25,25560.25,25554.25,25556.5,311,25563.17,25550.70,0.00
2025-11-27,11:24:00,25556.5,25558.25,25555.5,25557.25,184,25563.16,25550.77,0.00
2025-11-27,11:25:00,25557.25,25561,25555.75,25559.5,277,25563.15,25550.91,0.00
2025-11-27,11:26:00,25560,25560,25556.75,25557.5,230,25563.14,25551.00,0.00
2025-11-27,11:27:00,25557.5,25557.75,25555.25,25556.25,206,25563.13,25551.07,0.00
2025-11-27,11:28:00,25556.5,25558.5,25555.75,25557,179,25563.13,25551.13,0.00
2025-11-27,11:29:00,25556.5,25557.75,25555,25555.5,222,25563.12,25551.19,0.00
2025-11-27,11:30:00,25554.75,25556.75,25553.75,25556.5,417,25563.10,25551.30,0.00
2025-11-27,11:31:00,25556.75,25557.75,25553.25,25553.5,323,25563.08,25551.36,0.00
2025-11-27,11:32:00,25553.25,25553.75,25547.25,25548,747,25563.02,25551.29,0.00
2025-11-27,11:33:00,25547.5,25550.5,25547.25,25549,388,25562.98,25551.24,0.00
2025-11-27,11:34:00,25549,25550,25546.5,25548,319,25562.95,25551.19,0.00
2025-11-27,11:35:00,25548.25,25548.75,25544.75,25546,338,25562.91,25551.12,0.00
2025-11-27,11:36:00,25545.75,25548,25543.25,25546.5,565,25562.85,25550.97,0.00
2025-11-27,11:37:00,25546.25,25550.25,25546.25,25548,416,25562.81,25550.92,0.00
2025-11-27,11:38:00,25548,25549,25545.5,25549,251,25562.79,25550.88,0.00
2025-11-27,11:39:00,25549,25551.25,25547.75,25549.75,270,25562.77,25550.87,0.00
2025-11-27,11:40:00,25549.75,25550,25546.25,25549.5,229,25562.75,25550.84,0.00
2025-11-27,11:41:00,25549.5,25550.5,25547.5,25549.5,228,25562.73,25550.82,0.00
2025-11-27,11:42:00,25549.25,25553.75,25549.25,25552.75,488,25562.70,25550.85,0.00
2025-11-27,11:43:00,25552.5,25555,25552.5,25554.5,374,25562.68,25550.90,0.00
2025-11-27,11:44:00,25555,25556,25552.75,25554,262,25562.66,25550.94,0.00
2025-11-27,11:45:00,25553.5,25555,25552,25552,141,25562.65,25550.95,0.00
2025-11-27,11:46:00,25551.75,25553.5,25550.25,25552.75,310,25562.63,25550.97,0.00
2025-11-27,11:47:00,25553.25,25554.75,25552.5,25553,161,25562.62,25550.98,0.00
2025-11-27,11:48:00,25552.75,25554.25,25552.75,25553.25,108,25562.62,25550.99,0.00
2025-11-27,11:49:00,25553.25,25554,25552,25553.75,156,25562.61,25551.01,0.00
2025-11-27,11:50:00,25553.75,25555.25,25553.5,25554.5,136,25562.60,25551.03,0.00
2025-11-27,11:51:00,25554.5,25555.5,25553.75,25554.5,269,25562.59,25551.07,0.00
2025-11-27,11:52:00,25554.5,25554.5,25552,25553.5,269,25562.57,25551.09,0.00
2025-11-27,11:53:00,25553.25,25555,25553,25553.5,177,25562.56,25551.11,0.00
2025-11-27,11:54:00,25553.5,25554.75,25552,25554,181,25562.55,25551.13,0.00
2025-11-27,11:55:00,25554,25554.25,25551.25,25552.5,206,25562.54,25551.14,0.00
2025-11-27,11:56:00,25552.75,25554.5,25551.5,25553.5,230,25562.53,25551.16,0.00
2025-11-27,11:57:00,25553.25,25555.5,25553.25,25554.75,268,25562.51,25551.19,0.00
2025-11-27,11:58:00,25554.75,25555.25,25553,25553.25,167,25562.50,25551.21,0.00
2025-11-27,11:59:00,25553,25555.25,25553,25553.75,107,25562.50,25551.22,0.00
2025-11-27,12:00:00,25554,25554.75,25553,25554,241,25562.49,25551.25,0.00
2025-11-27,12:01:00,25554,25555.25,25553.25,25554.5,240,25562.47,25551.27,0.00
2025-11-27,12:02:00,25555,25555.75,25551.5,25552.25,441,25562.45,25551.31,0.00
2025-11-27,12:03:00,25552.25,25552.5,25548.25,25548.75,350,25562.42,25551.29,0.00
2025-11-27,12:04:00,25548.75,25549,25542.5,25544.25,680,25562.35,25551.14,0.00
2025-11-27,12:05:00,25543.75,25544.25,25539,25542,855,25562.25,25541.75,0.00
2025-11-27,12:06:00,25542.25,25548.25,25541.5,25547.5,567,25562.19,25543.34,0.00
2025-11-27,12:07:00,25547.75,25549,25546,25547,222,25562.17,25543.88,0.00
2025-11-27,12:08:00,25547,25547.75,25545,25547.75,174,25562.15,25544.17,0.00
2025-11-27,12:09:00,25547.25,25551,25546.75,25550,296,25562.13,25544.88,0.00
2025-11-27,12:10:00,25550.25,25551.5,25549.5,25550.5,181,25562.12,25545.32,0.00
2025-11-27,12:11:00,25550.75,25550.75,25548.25,25549.25,215,25562.10,25545.67,0.00
2025-11-27,12:12:00,25549.5,25550.5,25543.75,25545,334,25562.07,25545.76,0.00
2025-11-27,12:13:00,25544.75,25545.25,25543.25,25543.75,305,25562.04,25545.60,0.00
2025-11-27,12:14:00,25544,25547.25,25542.75,25544.75,291,25562.01,25545.54,0.00
2025-11-27,12:15:00,25545,25550,25543,25549.5,340,25561.98,25545.72,0.00
2025-11-27,12:16:00,25549.75,25550.25,25546.25,25547.5,182,25561.96,25545.82,0.00
2025-11-27,12:17:00,25547.75,25552.5,25546.5,25552.25,325,25561.94,25546.17,0.00
2025-11-27,12:18:00,25552.5,25553,25548.25,25549.75,285,25561.92,25546.43,0.00
2025-11-27,12:19:00,25549.5,25552,25549,25550,178,25561.91,25546.58,0.00
2025-11-27,12:20:00,25550.25,25551,25548,25549.5,119,25561.90,25546.65,0.00
2025-11-27,12:21:00,25549.25,25550.75,25548.5,25549.25,150,25561.89,25546.73,0.00
2025-11-27,12:22:00,25549.25,25552.5,25549,25552,148,25561.88,25546.86,0.00
2025-11-27,12:23:00,25552.25,25553,25550.75,25552.5,239,25561.87,25547.09,0.00
2025-11-27,12:24:00,25552.5,25553,25551.25,25552,105,25561.86,25547.18,0.00
2025-11-27,12:25:00,25551.75,25552.25,25549.5,25551.75,183,25561.85,25547.31,0.00
2025-11-27,12:26:00,25551.25,25554.25,25549.75,25552.5,354,25561.83,25547.60,0.00
2025-11-27,12:27:00,25552.5,25555,25551.25,25554.25,312,25561.81,25547.89,0.00
2025-11-27,12:28:00,25554.5,25557.75,25554.5,25557.75,477,25561.80,25548.50,0.00
2025-11-27,12:29:00,25557.25,25557.25,25554.25,25554.5,413,25561.78,25548.89,0.00
2025-11-27,12:30:00,25554.5,25555.5,25553.5,25554.75,258,25561.77,25549.08,0.00
2025-11-27,12:31:00,25555,25555.75,25552.25,25553.5,338,25561.76,25549.29,0.00
2025-11-27,12:32:00,25553,25554.5,25550.5,25552.75,373,25561.74,25549.44,0.00
2025-11-27,12:33:00,25553,25554.75,25552.5,25553.25,128,25561.73,25549.50,0.00
2025-11-27,12:34:00,25552.75,25552.75,25550,25551.5,254,25561.72,25549.56,0.00
2025-11-27,12:35:00,25551.5,25553,25551.25,25552.25,158,25561.71,25549.60,0.00
2025-11-27,12:36:00,25552.5,25555,25551.75,25553.5,267,25561.70,25549.72,0.00
2025-11-27,12:37:00,25553.5,25555,25553.5,25553.5,94,25561.69,25549.76,0.00
2025-11-27,12:38:00,25553.75,25554.25,25552,25553.5,118,25561.69,25549.81,0.00
2025-11-27,12:39:00,25553.5,25553.75,25551.5,25552.25,108,25561.68,25549.84,0.00
2025-11-27,12:40:00,25552,25553.5,25551,25551.75,158,25561.67,25549.87,0.00
2025-11-27,12:41:00,25551.5,25551.75,25549.25,25550.75,245,25561.66,25549.89,0.00
2025-11-27,12:42:00,25550.5,25552.25,25550.5,25551.75,118,25561.65,25549.91,0.00
2025-11-27,12:43:00,25551.75,25553.25,25550.75,25552.75,83,25561.64,25549.93,0.00
2025-11-27,12:44:00,25552.5,25554.5,25552.5,25554.25,159,25561.64,25549.99,0.00
2025-11-27,12:45:00,25554.25,25554.25,25552.25,25552.5,76,25561.63,25550.01,0.00
2025-11-27,12:46:00,25552,25552.75,25550.25,25552.25,107,25561.63,25550.03,0.00
2025-11-27,12:47:00,25552.75,25553,25551.25,25552.75,70,25561.62,25550.05,0.00
2025-11-27,12:48:00,25552.5,25552.5,25550.5,25550.5,44,25561.62,25550.05,0.00
2025-11-27,12:49:00,25550.75,25551.25,25548.25,25549.5,243,25561.60,25550.04,0.00
2025-11-27,12:50:00,25549.5,25549.5,25547,25548.5,251,25561.59,25550.00,0.00
2025-11-27,12:51:00,25549,25550.25,25548.75,25548.75,109,25561.58,25550.00,0.00
2025-11-27,12:52:00,25549,25549,25546.5,25547.5,103,25561.57,25549.97,0.00
2025-11-27,12:53:00,25547.75,25547.75,25544,25544,224,25561.55,25549.88,0.00
2025-11-27,12:54:00,25544,25547.25,25544,25547,260,25561.53,25549.80,0.00
2025-11-27,12:55:00,25546.75,25547.25,25546,25546.75,92,25561.52,25549.77,0.00
2025-11-27,12:56:00,25547,25549.5,25545.75,25549.25,200,25561.50,25549.74,0.00
2025-11-27,12:57:00,25549.5,25551.75,25549,25550.75,187,25561.49,25549.76,0.00
2025-11-27,12:58:00,25550.75,25551.5,25549.25,25551.25,115,25561.48,25549.76,0.00
2025-11-27,12:59:00,25550.75,25552.25,25548.75,25550.5,134,25561.48,25549.77,0.00
2025-11-27,13:00:00,25550.25,25550.75,25546.75,25549.5,191,25561.46,25549.76,0.00
2025-11-27,13:01:00,25549.75,25551.5,25549,25550.25,242,25561.45,25549.77,0.00
2025-11-27,13:02:00,25550.5,25553.25,25550.25,25552.5,165,25561.44,25549.80,0.00
2025-11-27,13:03:00,25552.75,25553,25549.25,25549.25,109,25561.43,25549.80,0.00
2025-11-27,13:04:00,25549.25,25549.25,25547.5,25548.25,159,25561.42,25549.79,0.00
2025-11-27,13:05:00,25548.5,25551,25548.5,25550.75,63,25561.42,25549.79,0.00
2025-11-27,13:06:00,25551.25,25552,25550,25550.25,107,25561.41,25549.80,0.00
2025-11-27,13:07:00,25550.75,25550.75,25549,25549.5,75,25561.40,25549.80,0.00
2025-11-27,13:08:00,25550.25,25551,25550.25,25550.75,49,25561.40,25549.80,0.00
2025-11-27,13:09:00,25550.75,25550.75,25549.25,25549.5,33,25561.40,25549.80,0.00
2025-11-27,13:10:00,25549.25,25549.75,25548.5,25549.5,51,25561.40,25549.80,0.00
2025-11-27,13:11:00,25549.5,25549.5,25547.25,25548.5,138,25561.39,25549.78,0.00
2025-11-27,13:12:00,25548.5,25550.25,25548,25550,81,25561.38,25549.78,0.00
2025-11-27,13:13:00,25550,25550.5,25549,25549.5,61,25561.38,25549.78,0.00
2025-11-27,13:14:00,25549.5,25550.25,25549,25550.25,69,25561.37,25549.78,0.00
2025-11-27,13:15:00,25550,25550,25549,25549.5,53,25561.37,25549.78,0.00
2025-11-27,13:16:00,25549.5,25552.25,25549.25,25551.75,124,25561.36,25549.79,0.00
2025-11-27,13:17:00,25552.25,25552.5,25551,25551.5,90,25561.36,25549.80,0.00
2025-11-27,13:18:00,25550.75,25552,25550.5,25551.25,28,25561.36,25549.81,0.00
2025-11-27,13:19:00,25551,25551.5,25550.25,25550.75,37,25561.35,25549.81,0.00
2025-11-27,13:20:00,25550.5,25551.25,25550.25,25551,32,25561.35,25549.81,0.00
2025-11-27,13:21:00,25551,25551,25549.25,25549.75,99,25561.34,25549.81,0.00
2025-11-27,13:22:00,25549.75,25550.5,25549,25549.25,68,25561.34,25549.81,0.00
2025-11-27,13:23:00,25549.5,25550.5,25549,25549.75,42,25561.34,25549.81,0.00
2025-11-27,13:24:00,25549.5,25551,25549.5,25550.25,52,25561.33,25549.81,0.00
2025-11-27,13:25:00,25550.25,25550.5,25549.25,25549.5,78,25561.33,25549.81,0.00
2025-11-27,13:26:00,25549.75,25550,25548.75,25549.75,72,25561.32,25549.81,0.00
2025-11-27,13:27:00,25549.25,25550,25548.5,25549.5,50,25561.32,25549.81,0.00
2025-11-27,13:28:00,25549.75,25549.75,25548.5,25549.5,80,25561.32,25549.81,0.00
2025-11-27,13:29:00,25549.25,25549.5,25548.5,25549,56,25561.31,25549.80,0.00
2025-11-27,13:30:00,25549,25549.75,25548.75,25549.75,47,25561.31,25549.80,0.00
2025-11-27,13:31:00,25549.25,25551.75,25548.5,25551,157,25561.30,25549.81,0.00
2025-11-27,13:32:00,25551,25551.5,25550.25,25550.5,121,25561.29,25549.82,0.00
2025-11-27,13:33:00,25550.5,25552,25550.5,25551,94,25561.29,25549.82,0.00
2025-11-27,13:34:00,25550.75,25552,25550,25552,81,25561.28,25549.83,0.00
2025-11-27,13:35:00,25552,25553.25,25551.5,25552.75,123,25561.28,25549.85,0.00
2025-11-27,13:36:00,25553,25554.75,25552.5,25554.25,113,25561.27,25549.88,0.00
2025-11-27,13:37:00,25554.25,25555.5,25554,25555,91,25561.27,25549.91,0.00
2025-11-27,13:38:00,25555,25555,25553.5,25554,82,25561.27,25549.93,0.00
2025-11-27,13:39:00,25554,25554,25552.25,25552.5,77,25561.26,25549.95,0.00
2025-11-27,13:40:00,25552.5,25553,25550.75,25550.75,68,25561.26,25549.95,0.00
2025-11-27,13:41:00,25551.25,25553.25,25549.75,25553,88,25561.25,25549.96,0.00
2025-11-27,13:42:00,25553.25,25554.25,25553,25553.25,62,25561.25,25549.98,0.00
2025-11-27,13:43:00,25552.75,25554.25,25552.5,25553.75,57,25561.25,25549.99,0.00
2025-11-27,13:44:00,25554.25,25554.5,25552.5,25552.75,70,25561.25,25550.00,0.00
2025-11-27,13:45:00,25553,25554.5,25553,25554.25,110,25561.24,25550.03,0.00
2025-11-27,13:46:00,25554,25555.75,25554,25555,295,25561.23,25550.12,0.00
2025-11-27,13:47:00,25555.25,25556.25,25552,25552.5,108,25561.23,25550.14,0.00
2025-11-27,13:48:00,25552.75,25555.5,25552.75,25555.25,47,25561.22,25550.15,0.00
2025-11-27,13:49:00,25555.25,25555.25,25554.25,25554.25,20,25561.22,25550.16,0.00
2025-11-27,13:50:00,25554,25554,25553,25553,21,25561.22,25550.16,0.00
2025-11-27,13:51:00,25553,25555,25553,25553.5,93,25561.22,25550.18,0.00
2025-11-27,13:52:00,25554.5,25554.5,25552.75,25553,51,25561.22,25550.19,0.00
2025-11-27,13:53:00,25553,25554.25,25552.75,25553,47,25561.21,25550.20,0.00
2025-11-27,13:54:00,25553.25,25553.25,25552.25,25552.25,23,25561.21,25550.20,0.00
2025-11-27,13:55:00,25552,25553,25551.5,25553,38,25561.21,25550.21,0.00
2025-11-27,13:56:00,25553,25553.75,25552.5,25553.75,49,25561.21,25550.22,0.00
2025-11-27,13:57:00,25554,25554.75,25553.25,25554.25,179,25561.20,25550.26,0.00
2025-11-27,13:58:00,25553.75,25554.25,25552.75,25553,50,25561.20,25550.27,0.00
2025-11-27,13:59:00,25552.75,25553.75,25552,25552,59,25561.20,25550.27,0.00
2025-11-27,14:00:00,25553,25555.25,25551,25553,242,25561.19,25550.31,0.00
2025-11-27,19:01:00,25556.75,25573.25,25556.25,25566,1282,25565.17,25565.17,0.00
2025-11-27,19:02:00,25566.25,25572,25559.25,25566,491,25565.33,25565.33,0.00
2025-11-27,19:03:00,25567,25570.75,25560.75,25570,468,25565.71,25565.71,0.00
2025-11-27,19:04:00,25570.75,25572,25568.25,25569.25,202,25566.05,25566.05,0.00
2025-11-27,19:05:00,25568.5,25569.25,25565.5,25567.75,158,25566.14,25566.14,0.00
2025-11-27,19:06:00,25567.75,25571.75,25567.25,25571.25,330,25566.58,25566.58,0.00
2025-11-27,19:07:00,25571,25573.25,25558.5,25570.25,896,25566.76,25566.76,0.00
2025-11-27,19:08:00,25570.5,25576.5,25568.75,25573,480,25572.75,25567.43,0.00
2025-11-27,19:09:00,25572.25,25581.75,25571.75,25577.25,543,25576.92,25568.49,0.00
2025-11-27,19:10:00,25576.25,25579,25573.25,25574.25,308,25576.40,25568.91,0.00
2025-11-27,19:11:00,25574.5,25579.5,25574.25,25576.5,174,25576.46,25569.16,0.00
2025-11-27,19:12:00,25576,25576.25,25569,25569.5,381,25575.14,25569.33,0.00
2025-11-27,19:13:00,25569.25,25574.75,25568.25,25572.25,278,25574.58,25569.44,0.00
2025-11-27,19:14:00,25571.5,25576.5,25570.5,25570.5,215,25574.35,25569.54,0.00
2025-11-27,19:15:00,25570.25,25572.25,25569,25570.25,95,25574.16,25569.56,0.00
2025-11-27,19:16:00,25569.25,25570.25,25565.25,25565.5,249,25573.37,25569.46,0.00
2025-11-27,19:17:00,25565.5,25566.25,25562,25565.25,322,25572.25,25569.23,0.00
2025-11-27,19:18:00,25564.5,25564.5,25559.5,25561.25,290,25571.19,25568.93,0.00
2025-11-27,19:19:00,25560.75,25563.75,25560.5,25562.5,143,25570.76,25568.80,0.00
2025-11-27,19:20:00,25562.5,25567.25,25562.25,25564.75,261,25570.28,25568.66,0.00
2025-11-27,19:21:00,25564,25570.5,25563.5,25568.75,321,25570.04,25568.61,0.00
2025-11-27,19:22:00,25569.25,25571.25,25567.75,25569.5,209,25570.01,25568.64,0.00
2025-11-27,19:23:00,25568.75,25570.5,25565,25569,174,25569.93,25568.63,0.00
2025-11-27,19:24:00,25568.5,25573,25567.75,25570.5,272,25569.96,25568.68,0.00
2025-11-27,19:25:00,25571.25,25575,25570.25,25573.75,170,25570.08,25568.77,0.00
2025-11-27,19:26:00,25573.5,25575.25,25572.25,25574.25,156,25570.21,25568.86,0.00
2025-11-27,19:27:00,25573.5,25576.25,25573.25,25575,175,25570.38,25568.97,0.00
2025-11-27,19:28:00,25574.5,25575.75,25569.75,25575.75,300,25570.58,25569.13,0.00
2025-11-27,19:29:00,25576,25578.25,25573.75,25575.25,364,25570.93,25569.37,0.00
2025-11-27,19:30:00,25574.5,25575.75,25571.75,25575.5,163,25571.03,25569.46,0.00
2025-11-27,19:31:00,25575.25,25576.5,25572,25572.75,169,25571.11,25569.53,0.00
2025-11-27,19:32:00,25572.75,25572.75,25569.75,25571.5,168,25571.11,25569.56,0.00
2025-11-27,19:33:00,25571.25,25571.5,25568.25,25570.25,152,25571.09,25569.56,0.00
2025-11-27,19:34:00,25569.5,25570,25566.5,25569.75,227,25571.00,25569.55,0.00
2025-11-27,19:35:00,25568.75,25572,25568.5,25570.25,110,25570.99,25569.55,0.00
2025-11-27,19:36:00,25570,25571.25,25569.75,25570.5,66,25570.98,25569.56,0.00
2025-11-27,19:37:00,25570.5,25572,25570.25,25570.75,65,25570.98,25569.57,0.00
2025-11-27,19:38:00,25570.25,25572,25569.5,25571.5,57,25570.98,25569.58,0.00
2025-11-27,19:39:00,25570.75,25574,25569.5,25572.25,81,25571.00,25569.59,0.00
2025-11-27,19:40:00,25572.5,25573.75,25572,25573,41,25571.01,25569.61,0.00
2025-11-27,19:41:00,25572.5,25575.5,25571.75,25574.25,91,25571.04,25569.64,0.00
2025-11-27,19:42:00,25574,25575.5,25572.5,25573.75,90,25571.08,25569.68,0.00
2025-11-27,19:43:00,25574,25574.25,25571.75,25571.75,60,25571.10,25569.69,0.00
2025-11-27,19:44:00,25572.75,25574.25,25571.75,25572.75,48,25571.11,25569.70,0.00
2025-11-27,19:45:00,25572.75,25574.75,25572.5,25573.75,70,25571.13,25569.73,0.00
2025-11-27,19:46:00,25573.5,25578,25572.5,25576.75,241,25571.29,25569.85,0.00
2025-11-27,19:47:00,25577,25581.25,25576.25,25579.75,575,25571.86,25570.29,0.00
2025-11-27,19:48:00,25579.75,25583.75,25579.25,25580,439,25581.00,25570.66,0.00
2025-11-27,19:49:00,25579.5,25584,25579.25,25581.25,246,25581.50,25570.87,0.00
2025-11-27,19:50:00,25581.25,25582.5,25580.25,25580.25,134,25581.32,25570.97,0.00
2025-11-27,19:51:00,25580.25,25583.25,25579,25582.75,166,25581.43,25571.11,0.00
2025-11-27,19:52:00,25583,25586.25,25582.25,25583.5,315,25584.00,25571.41,0.00
2025-11-27,19:53:00,25583.5,25584.75,25582.25,25584,154,25583.89,25571.55,0.00
2025-11-27,19:54:00,25583.75,25585.25,25582.75,25583.5,115,25583.88,25571.65,0.00
2025-11-27,19:55:00,25584.25,25584.25,25579.75,25582.5,143,25583.54,25571.76,0.00
2025-11-27,19:56:00,25582.25,25583.75,25581.75,25582,78,25583.44,25571.82,0.00
2025-11-27,19:57:00,25582.25,25583.25,25581,25581,46,25583.35,25571.85,0.00
2025-11-27,19:58:00,25581.5,25581.75,25580,25580.5,82,25583.12,25571.90,0.00
2025-11-27,19:59:00,25580.5,25584.5,25580.5,25583.25,113,25583.08,25571.99,0.00
2025-11-27,20:00:00,25584.25,25584.5,25581.25,25581.25,80,25583.03,25572.05,0.00
2025-11-27,20:01:00,25581.5,25584.5,25577.5,25579.75,315,25582.49,25572.23,0.00
2025-11-27,20:02:00,25579.75,25588.75,25579.75,25588.5,426,25585.67,25572.61,0.00
2025-11-27,20:03:00,25588,25588.75,25585.75,25586.5,193,25586.08,25572.79,0.00
2025-11-27,20:04:00,25587.25,25587.75,25583.75,25587.5,287,25586.16,25573.05,0.00
2025-11-27,20:05:00,25586.75,25590.5,25584.75,25588.5,254,25587.92,25573.28,0.00
2025-11-27,20:06:00,25589.25,25595.25,25587.25,25590.25,622,25590.92,25573.95,0.00
2025-11-27,20:07:00,25589.5,25596.75,25589.5,25594.5,361,25593.58,25574.38,0.00
2025-11-27,20:08:00,25594,25594.25,25588.5,25591.75,293,25592.65,25574.67,0.00
2025-11-27,20:09:00,25591.75,25595.75,25590,25595.25,148,25592.84,25574.84,0.00
2025-11-27,20:10:00,25594.5,25597.5,25593.25,25596,248,25595.58,25575.13,0.00
2025-11-27,20:11:00,25596.25,25597.5,25593.25,25596.25,193,25595.62,25575.35,0.00
2025-11-27,20:12:00,25596.25,25598.75,25593.5,25595,239,25595.75,25575.63,0.00
2025-11-27,20:13:00,25594.25,25602,25594,25601,490,25599.00,25576.25,0.00
2025-11-27,20:14:00,25600.75,25602,25598.75,25601.75,226,25599.58,25576.55,0.00
2025-11-27,20:15:00,25602.25,25603.25,25598.75,25600.25,307,25600.75,25576.94,0.00
2025-11-27,20:16:00,25600.5,25604,25599.75,25600.25,293,25601.33,25577.32,0.00
2025-11-27,20:17:00,25600.75,25605.25,25600.25,25601.5,294,25602.33,25577.69,0.00
2025-11-27,20:18:00,25601.25,25603,25600,25600.75,210,25601.88,25577.94,0.00
2025-11-27,20:19:00,25600.75,25602,25594.75,25598.25,409,25600.29,25578.36,0.00
2025-11-27,20:20:00,25598.25,25599.75,25596,25599,132,25600.03,25578.49,0.00
2025-11-27,20:21:00,25599.25,25600.25,25596,25597.75,158,25599.77,25578.64,0.00
2025-11-27,20:22:00,25598,25599.25,25596.5,25597.75,126,25599.58,25578.76,0.00
2025-11-27,20:23:00,25597.25,25598.25,25595.25,25595.25,100,25599.35,25578.84,0.00
2025-11-27,20:24:00,25595.25,25598.25,25593.5,25594,275,25598.69,25579.06,0.00
2025-11-27,20:25:00,25593.5,25594.5,25591.5,25594,288,25597.91,25579.25,0.00
2025-11-27,20:26:00,25593.75,25597.25,25592.75,25597,217,25597.69,25579.42,0.00
2025-11-27,20:27:00,25597.5,25598.25,25596.5,25597.5,98,25597.68,25579.50,0.00
2025-11-27,20:28:00,25597.5,25598.75,25596.75,25597.75,107,25597.68,25579.59,0.00
2025-11-27,20:29:00,25597.75,25598.5,25596.25,25597.5,63,25597.68,25579.64,0.00
2025-11-27,20:30:00,25597.25,25597.5,25592.25,25593.75,177,25597.47,25579.76,0.00
2025-11-27,20:31:00,25593.75,25599.5,25593.75,25597.75,245,25597.43,25579.96,0.00
2025-11-27,20:32:00,25597.5,25599,25595.75,25596,73,25597.41,25580.01,0.00
2025-11-27,20:33:00,25595.75,25596,25592.25,25594,190,25597.21,25580.13,0.00
2025-11-27,20:34:00,25594.75,25597.75,25594,25596.75,79,25597.19,25580.19,0.00
2025-11-27,20:35:00,25596.25,25597.75,25595.25,25596.5,78,25597.17,25580.24,0.00
2025-11-27,20:36:00,25596.75,25597,25594.5,25596,56,25597.15,25580.28,0.00
2025-11-27,20:37:00,25595.5,25596,25593.5,25593.5,65,25597.10,25580.32,0.00
2025-11-27,20:38:00,25593.5,25595,25591.25,25593.75,174,25596.92,25580.42,0.00
2025-11-27,20:39:00,25593.5,25594,25591.25,25593.25,132,25596.77,25580.49,0.00
2025-11-27,20:40:00,25593,25593.5,25591,25592.5,132,25596.62,25580.56,0.00
2025-11-27,20:41:00,25592.5,25592.5,25587,25588.25,308,25596.08,25580.68,0.00
2025-11-27,20:42:00,25588,25590.25,25587.75,25589,104,25595.91,25580.71,0.00
2025-11-27,20:43:00,25589,25591.25,25588.75,25588.75,115,25595.74,25580.76,0.00
2025-11-27,20:44:00,25590.25,25590.25,25588.5,25588.5,51,25595.67,25580.77,0.00
2025-11-27,20:45:00,25588.25,25590.75,25588,25590.5,85,25595.55,25580.81,0.00
2025-11-27,20:46:00,25589.75,25590.75,25588.25,25589.25,75,25595.46,25580.83,0.00
2025-11-27,20:47:00,25589.25,25591,25584.25,25587,226,25595.08,25580.90,0.00
2025-11-27,20:48:00,25587,25588.75,25586.25,25588.25,101,25594.93,25580.92,0.00
2025-11-27,20:49:00,25588.25,25596.25,25586.25,25596,309,25594.81,25581.07,0.00
2025-11-27,20:50:00,25596,25598,25593.25,25597.25,310,25594.88,25581.26,0.00
2025-11-27,20:51:00,25596.5,25598.25,25594,25596.25,187,25594.92,25581.38,0.00
2025-11-27,20:52:00,25595.5,25596.25,25592.25,25594.5,167,25594.91,25581.46,0.00
2025-11-27,20:53:00,25595,25596.5,25594,25595.25,78,25594.91,25581.50,0.00
2025-11-27,20:54:00,25596,25597.5,25595,25596.25,79,25594.93,25581.55,0.00
2025-11-27,20:55:00,25595.5,25597.25,25595.5,25596.75,42,25594.94,25581.58,0.00
2025-11-27,20:56:00,25596.75,25597.5,25595.25,25595.75,102,25594.96,25581.63,0.00
2025-11-27,20:57:00,25594.75,25598.75,25594.75,25595.5,185,25595.00,25581.74,0.00
2025-11-27,20:58:00,25595,25595,25589.25,25592,209,25594.91,25581.82,0.00
2025-11-27,20:59:00,25592,25595,25591.25,25595,110,25594.89,25581.87,0.00
2025-11-27,21:00:00,25595,25595.75,25593.5,25594.5,73,25594.89,25581.91,0.00
2025-11-27,21:01:00,25595.25,25595.75,25591,25591.75,95,25594.86,25581.95,0.00
2025-11-27,21:02:00,25591.5,25594,25589.75,25592.5,92,25594.82,25581.99,0.00
2025-11-27,21:03:00,25592.75,25594.75,25591.75,25594.5,76,25594.81,25582.02,0.00
2025-11-27,21:04:00,25593.5,25598.25,25593,25598.25,141,25594.84,25582.10,0.00
2025-11-27,21:05:00,25598,25599.25,25593.5,25597,173,25594.88,25582.19,0.00
2025-11-27,21:06:00,25596,25598,25595.25,25596.75,84,25594.90,25582.24,0.00
2025-11-27,21:07:00,25596.5,25608.25,25595.5,25605.75,523,25603.17,25582.64,0.00
2025-11-27,21:08:00,25605.75,25606.5,25602,25602.75,236,25603.35,25582.82,0.00
2025-11-27,21:09:00,25603.25,25609.25,25602.5,25608.5,304,25606.75,25583.08,0.00
2025-11-27,21:10:00,25606,25610,25604.25,25607.75,300,25607.33,25583.34,0.00
2025-11-27,21:11:00,25607.75,25614.25,25607.25,25610.5,393,25610.67,25583.72,0.00
2025-11-27,21:12:00,25612.75,25613.25,25609.25,25611,149,25610.80,25583.87,0.00
2025-11-27,21:13:00,25609,25611.25,25603.25,25608.25,262,25609.75,25584.08,0.00
2025-11-27,21:14:00,25607.75,25612.5,25605,25612.25,96,25609.77,25584.17,0.00
2025-11-27,21:15:00,25612.25,25612.25,25608,25611.25,126,25609.86,25584.28,0.00
2025-11-27,21:16:00,25611.25,25611.25,25607,25608.25,100,25609.77,25584.37,0.00
2025-11-27,21:17:00,25608.75,25611.25,25605.75,25609.25,100,25609.69,25584.45,0.00
2025-11-27,21:18:00,25609.25,25612.25,25608.25,25612.25,83,25609.76,25584.52,0.00
2025-11-27,21:19:00,25611.25,25611.5,25606.75,25606.75,85,25609.68,25584.59,0.00
2025-11-27,21:20:00,25609,25611.5,25606.75,25609.25,66,25609.65,25584.65,0.00
2025-11-27,21:21:00,25609.25,25610.75,25607.5,25607.75,59,25609.62,25584.70,0.00
2025-11-27,21:22:00,25609.75,25614.25,25608.25,25614.25,132,25609.83,25584.82,0.00
2025-11-27,21:23:00,25613.75,25617.25,25611.75,25616.75,213,25615.25,25585.04,0.00
2025-11-27,21:24:00,25615,25618.5,25614,25618.5,186,25617.00,25585.23,0.00
2025-11-27,21:25:00,25618.5,25619.25,25616,25616.25,95,25617.17,25585.33,0.00
2025-11-27,21:26:00,25618,25618.5,25614.25,25616.75,96,25616.83,25585.43,0.00
2025-11-27,21:27:00,25614.25,25617.5,25614,25617.25,94,25616.64,25585.53,0.00
2025-11-27,21:28:00,25617,25617.5,25614.5,25615.25,47,25616.51,25585.58,0.00
2025-11-27,21:29:00,25615.25,25617,25612.25,25614.25,125,25615.96,25585.69,0.00
2025-11-27,21:30:00,25614.25,25614.5,25609.75,25611.25,117,25615.12,25585.79,0.00
2025-11-27,21:31:00,25609.75,25611.5,25604,25604,270,25612.36,25585.97,0.00
2025-11-27,21:32:00,25606.75,25607,25603.25,25603.5,134,25611.30,25586.05,0.00
2025-11-27,21:33:00,25603.5,25604.75,25600.25,25604.25,207,25609.86,25586.17,0.00
2025-11-27,21:34:00,25603.25,25603.25,25599.5,25600.25,94,25609.21,25586.21,0.00
2025-11-27,21:35:00,25600.25,25601.75,25597,25599.5,227,25607.73,25586.31,0.00
2025-11-27,21:36:00,25601.75,25603.75,25599,25602.25,145,25607.20,25586.38,0.00
2025-11-27,21:37:00,25602.25,25602.5,25598.25,25599,103,25606.77,25586.42,0.00
2025-11-27,21:38:00,25599.75,25603.25,25598,25599.75,94,25606.45,25586.46,0.00
2025-11-27,21:39:00,25599.5,25603.5,25598.5,25602.75,70,25606.27,25586.50,0.00
2025-11-27,21:40:00,25599.5,25602.75,25598.75,25598.75,63,25606.07,25586.52,0.00
2025-11-27,21:41:00,25599,25601.75,25597.5,25597.75,99,25605.74,25586.56,0.00
2025-11-27,21:42:00,25597.25,25598.75,25593.25,25593.5,218,25604.73,25586.62,0.00
2025-11-27,21:43:00,25593.5,25597.5,25592.75,25593.75,143,25604.14,25586.65,0.00
2025-11-27,21:44:00,25592.75,25598,25589,25592.25,239,25603.16,25586.70,0.00
2025-11-27,21:45:00,25591.75,25595.25,25589.5,25592.5,80,25602.85,25586.71,0.00
2025-11-27,21:46:00,25595.5,25597,25592.5,25597,90,25602.61,25586.74,0.00
2025-11-27,21:47:00,25597,25597.5,25593.5,25596.75,48,25602.50,25586.75,0.00
2025-11-27,21:48:00,25596.25,25600.25,25594.75,25595.5,81,25602.35,25586.78,0.00
2025-11-27,21:49:00,25597.75,25601.25,25595.25,25596,160,25602.10,25586.83,0.00
2025-11-27,21:50:00,25600,25600,25596,25597.5,39,25602.05,25586.84,0.00
2025-11-27,21:51:00,25597.5,25600.25,25597.25,25599.75,49,25602.00,25586.86,0.00
2025-11-27,21:52:00,25598.25,25600.25,25596.5,25598.5,42,25601.96,25586.87,0.00
2025-11-27,21:53:00,25597,25600.25,25596.25,25598.5,41,25601.91,25586.89,0.00
2025-11-27,21:54:00,25599.25,25601.5,25597.5,25599.75,62,25601.87,25586.91,0.00
2025-11-27,21:55:00,25599.5,25602,25598.5,25598.5,60,25601.83,25586.93,0.00
2025-11-27,21:56:00,25601.75,25601.75,25596.5,25599.75,82,25601.77,25586.96,0.00
2025-11-27,21:57:00,25597.25,25601.25,25597.25,25600.5,34,25601.75,25586.98,0.00
2025-11-27,21:58:00,25598.25,25600.75,25598.25,25599.75,19,25601.74,25586.98,0.00
2025-11-27,21:59:00,25600.75,25600.75,25598,25599.25,17,25601.73,25586.99,0.00
2025-11-27,22:00:00,25599,25599.75,25596.5,25596.5,66,25601.66,25587.01,0.00
2025-11-27,22:01:00,25599.25,25600.25,25595.5,25595.5,60,25601.58,25587.03,0.00
2025-11-27,22:02:00,25595.5,25598,25594.75,25596.25,42,25601.52,25587.04,0.00
2025-11-27,22:03:00,25596.25,25598.25,25595.25,25598,38,25601.48,25587.05,0.00
2025-11-27,22:04:00,25598.25,25598.25,25596.25,25597.25,24,25601.45,25587.06,0.00
2025-11-27,22:05:00,25597.25,25598.25,25596,25596.25,23,25601.42,25587.07,0.00
2025-11-27,22:06:00,25598.25,25601.25,25595.75,25598.25,128,25601.33,25587.11,0.00
2025-11-27,22:07:00,25598.75,25601.75,25598.5,25601.75,44,25601.32,25587.13,0.00
2025-11-27,22:08:00,25599.5,25601.5,25598.25,25601,41,25601.31,25587.14,0.00
2025-11-27,22:09:00,25599,25601.25,25598.5,25601,39,25601.30,25587.16,0.00
2025-11-27,22:10:00,25601.25,25601.5,25599.25,25601.25,21,25601.30,25587.17,0.00
2025-11-27,22:11:00,25601.25,25601.25,25599.25,25599.25,20,25601.29,25587.17,0.00
2025-11-27,22:12:00,25599.25,25601.5,25599,25599,24,25601.28,25587.18,0.00
2025-11-27,22:13:00,25599,25599.25,25596.25,25598.25,60,25601.23,25587.20,0.00
2025-11-27,22:14:00,25598.75,25599,25594.25,25595,58,25601.16,25587.22,0.00
2025-11-27,22:15:00,25595,25597.5,25594.25,25594.25,43,25601.11,25587.23,0.00
2025-11-27,22:16:00,25594.25,25598.25,25594.25,25596,32,25601.07,25587.23,0.00
2025-11-27,22:17:00,25598,25598.25,25595,25597.25,21,25601.05,25587.24,0.00
2025-11-27,22:18:00,25596.75,25598,25595.75,25598,14,25601.04,25587.24,0.00
2025-11-27,22:19:00,25597.75,25598.25,25597.75,25597.75,8,25601.03,25587.25,0.00
2025-11-27,22:20:00,25596.75,25600,25595.25,25598.25,44,25601.00,25587.26,0.00
2025-11-27,22:21:00,25595.5,25598.5,25595.25,25596.25,29,25600.97,25587.27,0.00
2025-11-27,22:22:00,25596.25,25596.75,25593.5,25595.5,44,25600.91,25587.28,0.00
2025-11-27,22:23:00,25593.5,25598.25,25593.25,25597,33,25600.88,25587.29,0.00
2025-11-27,22:24:00,25594.5,25596.25,25593.75,25593.75,26,25600.84,25587.29,0.00
2025-11-27,22:25:00,25593.25,25595,25592.5,25593.25,40,25600.78,25587.30,0.00
2025-11-27,22:26:00,25593.25,25597.75,25592.5,25597.75,47,25600.73,25587.31,0.00
2025-11-27,22:27:00,25597.25,25598.5,25594.5,25598.5,33,25600.71,25587.32,0.00
2025-11-27,22:28:00,25598,25598.5,25596.25,25596.25,26,25600.69,25587.33,0.00
2025-11-27,22:29:00,25596.25,25598.5,25595.25,25596,20,25600.67,25587.33,0.00
2025-11-27,22:30:00,25597.75,25598.25,25595.25,25596,23,25600.65,25587.34,0.00
2025-11-27,22:31:00,25597.25,25599.75,25594.75,25599.75,55,25600.62,25587.36,0.00
2025-11-27,22:32:00,25599.75,25600.75,25597.25,25600.5,48,25600.61,25587.37,0.00
2025-11-27,22:33:00,25597.5,25601.75,25595.25,25597.25,60,25600.58,25587.39,0.00
2025-11-27,22:34:00,25599.25,25600,25596,25599,38,25600.56,25587.40,0.00
2025-11-27,22:35:00,25599,25599.5,25596,25596,38,25600.54,25587.41,0.00
2025-11-27,22:36:00,25596,25601.25,25595.75,25601.25,86,25600.52,25587.44,0.00
2025-11-27,22:37:00,25597,25601.25,25596.25,25599,42,25600.50,25587.46,0.00
2025-11-27,22:38:00,25596.5,25598.75,25594.75,25595.75,35,25600.48,25587.47,0.00
2025-11-27,22:39:00,25595.5,25598.5,25594.25,25597.25,43,25600.44,25587.48,0.00
2025-11-27,22:40:00,25596.5,25598.25,25594.25,25598.25,25,25600.43,25587.48,0.00
2025-11-27,22:41:00,25595,25602,25595,25600.25,86,25600.41,25587.51,0.00
2025-11-27,22:42:00,25600.25,25600.25,25596.75,25599.25,11,25600.40,25587.52,0.00
2025-11-27,22:43:00,25596.75,25596.75,25596.25,25596.25,6,25600.40,25587.52,0.00
2025-11-27,22:44:00,25596,25600,25595.25,25596.75,39,25600.37,25587.53,0.00
2025-11-27,22:45:00,25598.75,25598.75,25596.25,25598.25,6,25600.37,25587.53,0.00
2025-11-27,00:00:00,25567.25,25568.75,25566.5,25566.5,66,25574.57,25572.75,0.00
2025-11-27,00:01:00,25566.5,25567.5,25564.75,25566.75,95,25574.52,25572.73,0.00
2025-11-27,00:02:00,25566.5,25568.5,25566.5,25567.25,43,25574.50,25572.72,0.00
2025-11-27,00:03:00,25567.25,25568.25,25566.5,25568.25,15,25574.49,25572.72,0.00
2025-11-27,00:04:00,25568.5,25571.5,25568.5,25571.5,244,25574.44,25572.70,0.00
2025-11-27,00:05:00,25571.5,25571.75,25567.25,25568,138,25574.39,25572.68,0.00
2025-11-27,00:06:00,25568.5,25569.25,25567,25568.75,79,25574.36,25572.66,0.00
2025-11-27,00:07:00,25568,25568.25,25565.5,25566.25,107,25574.32,25572.64,0.00
2025-11-27,00:08:00,25566,25567.75,25564.25,25567.5,112,25574.27,25572.62,0.00
2025-11-27,00:09:00,25567,25567.5,25565.75,25565.75,43,25574.25,25572.60,0.00
2025-11-27,00:10:00,25566.25,25566.75,25564.5,25564.5,38,25574.23,25572.59,0.00
2025-11-27,00:11:00,25565,25566.5,25564.75,25565,49,25574.20,25572.58,0.00
2025-11-27,00:12:00,25565.5,25566,25564.75,25565.5,37,25574.18,25572.57,0.00
2025-11-27,00:13:00,25565.5,25565.75,25561.75,25563.75,355,25573.98,25572.46,0.00
2025-11-27,00:14:00,25564.5,25564.75,25562.75,25563.25,73,25573.93,25572.43,0.00
2025-11-27,00:15:00,25564.25,25567.75,25562.5,25564.75,284,25573.79,25572.36,0.00
2025-11-27,00:16:00,25564.75,25569.25,25564.25,25567.25,200,25573.72,25572.32,0.00
2025-11-27,00:17:00,25566.5,25567.5,25564.75,25567,76,25573.69,25572.30,0.00
2025-11-27,00:18:00,25567.5,25567.75,25565,25566,31,25573.68,25572.29,0.00
2025-11-27,00:19:00,25566,25566.25,25564.75,25565.25,23,25573.67,25572.29,0.00
2025-11-27,00:20:00,25565.5,25565.5,25560.5,25564,189,25573.56,25572.23,0.00
2025-11-27,00:21:00,25564.5,25567.75,25562.5,25566.25,132,25573.51,25572.20,0.00
2025-11-27,00:22:00,25565.25,25567,25564.5,25567,18,25573.50,25572.19,0.00
2025-11-27,00:23:00,25566.75,25569.75,25565.75,25568.25,196,25573.44,25572.16,0.00
2025-11-27,00:24:00,25568,25570.5,25567,25568.25,105,25573.42,25572.15,0.00
2025-11-27,00:25:00,25568.25,25569.5,25568,25569,36,25573.41,25572.15,0.00
2025-11-27,00:26:00,25569,25569.5,25568.5,25568.75,33,25573.40,25572.14,0.00
2025-11-27,00:27:00,25568.75,25569.25,25564.25,25568.75,274,25573.32,25572.10,0.00
2025-11-27,00:28:00,25568.75,25568.75,25567.25,25567.75,18,25573.31,25572.10,0.00
2025-11-27,00:29:00,25568.25,25571.5,25568.25,25570.75,266,25573.27,25572.08,0.00
2025-11-27,00:30:00,25571,25571.75,25570,25571.75,100,25573.26,25572.07,0.00
2025-11-27,00:31:00,25572,25573.25,25567.75,25571.75,431,25573.21,25572.06,0.00
2025-11-27,00:32:00,25572.5,25573.75,25570,25571,193,25573.19,25572.06,0.00
2025-11-27,00:33:00,25570.75,25572.75,25570.75,25572.25,16,25573.19,25572.05,0.00
2025-11-27,00:34:00,25572.25,25573.25,25570.5,25571,77,25573.19,25572.05,0.00
2025-11-27,00:35:00,25571,25572.5,25570.75,25572,26,25573.18,25572.05,0.00
2025-11-27,00:36:00,25572.75,25575.25,25572.25,25574.25,112,25573.19,25572.06,0.00
2025-11-27,00:37:00,25575,25577,25570,25575.5,646,25573.22,25572.10,0.00
2025-11-27,00:38:00,25576,25579.25,25569.5,25577.5,926,25573.31,25572.20,0.00
2025-11-27,00:39:00,25577.5,25580,25577.25,25578.5,203,25573.36,25572.24,0.00
2025-11-27,00:40:00,25579,25579.5,25577.5,25578.75,257,25573.41,25572.29,0.00
2025-11-27,00:41:00,25578.5,25579.25,25576.75,25577.5,91,25573.43,25572.31,0.00
2025-11-27,00:42:00,25577.75,25578.25,25576.25,25576.75,53,25573.44,25572.32,0.00
2025-11-27,00:43:00,25577,25578,25573.75,25574.25,105,25573.45,25572.33,0.00
2025-11-27,00:44:00,25573.75,25574.25,25572,25572.75,97,25573.45,25572.33,0.00
2025-11-27,00:45:00,25572.25,25573.75,25571.75,25571.75,51,25573.45,25572.33,0.00
2025-11-27,00:46:00,25572.25,25573.25,25571.25,25571.75,91,25573.44,25572.33,0.00
2025-11-27,00:47:00,25571.25,25571.75,25569.25,25570.5,125,25573.42,25572.32,0.00
2025-11-27,00:48:00,25570.75,25573.75,25570.75,25573.75,116,25573.42,25572.32,0.00
2025-11-27,00:49:00,25574.25,25575.75,25573.5,25575.25,79,25573.43,25572.33,0.00
2025-11-27,00:50:00,25575,25577.75,25575,25577.75,85,25573.44,25572.34,0.00
2025-11-27,00:51:00,25577.75,25578.25,25575.75,25576,74,25573.45,25572.35,0.00
2025-11-27,00:52:00,25575.75,25576,25574.5,25576,69,25573.45,25572.36,0.00
2025-11-27,00:53:00,25576,25576.5,25574,25575.25,50,25573.46,25572.36,0.00
2025-11-27,00:54:00,25575.5,25575.75,25574.25,25575,58,25573.46,25572.36,0.00
2025-11-27,00:55:00,25574.75,25575.75,25574.75,25575,31,25573.46,25572.37,0.00
2025-11-27,00:56:00,25575.25,25576.25,25574.5,25575.25,47,25573.47,25572.37,0.00
2025-11-27,00:57:00,25574.75,25574.75,25573.75,25574.5,28,25573.47,25572.37,0.00
2025-11-27,00:58:00,25574.75,25577.25,25574.75,25576,80,25573.48,25572.38,0.00
2025-11-27,00:59:00,25576.5,25577.5,25574.25,25577.25,77,25573.49,25572.39,0.00
2025-11-27,01:00:00,25576.5,25578.5,25576.5,25578.25,75,25573.50,25572.40,0.00
2025-11-27,01:01:00,25578.25,25579,25576.25,25578.5,162,25573.53,25572.43,0.00
2025-11-27,01:02:00,25579,25581,25578.25,25579.5,151,25573.57,25572.46,0.00
2025-11-27,01:03:00,25579,25582.75,25579,25581.5,139,25573.61,25572.50,0.00
2025-11-27,01:04:00,25581.75,25584,25581.75,25583.25,125,25573.65,25572.53,0.00
2025-11-27,01:05:00,25583.5,25585,25583,25584,88,25573.69,25572.56,0.00
2025-11-27,01:06:00,25584.25,25587,25582.75,25584.75,223,25573.79,25572.64,0.00
2025-11-27,01:07:00,25584.5,25585.25,25584.25,25584.5,45,25573.81,25572.66,0.00
2025-11-27,01:08:00,25584.25,25584.5,25582.25,25583.75,80,25573.84,25572.68,0.00
2025-11-27,01:09:00,25583.25,25583.75,25580.75,25581.25,66,25573.86,25572.70,0.00
2025-11-27,01:10:00,25582,25582,25579.75,25581.25,87,25573.89,25572.72,0.00
2025-11-27,01:11:00,25582,25586,25582,25585,169,25573.95,25572.78,0.00
2025-11-27,01:12:00,25584.75,25585,25583,25584.75,90,25573.99,25572.81,0.00
2025-11-27,01:13:00,25584.75,25587.25,25584,25584.75,186,25574.07,25572.87,0.00
2025-11-27,01:14:00,25586.25,25586.25,25584.75,25585.5,55,25574.10,25572.89,0.00
2025-11-27,01:15:00,25586,25588.25,25586,25586.5,103,25574.15,25572.93,0.00
2025-11-27,01:16:00,25586.25,25587.75,25585.75,25587,75,25574.18,25572.96,0.00
2025-11-27,01:17:00,25586.75,25588,25586.5,25587,49,25574.21,25572.98,0.00
2025-11-27,01:18:00,25587,25587.5,25586.25,25587,81,25574.25,25573.01,0.00
2025-11-27,01:19:00,25586.25,25588.75,25586.25,25587.5,131,25574.31,25573.07,0.00
2025-11-27,01:20:00,25587.25,25587.5,25585.25,25585.5,119,25574.37,25573.11,0.00
2025-11-27,01:21:00,25586.25,25586.25,25583.75,25584.75,110,25574.41,25573.15,0.00
2025-11-27,01:22:00,25584.75,25586.25,25584.5,25586.25,46,25574.43,25573.16,0.00
2025-11-27,01:23:00,25586.25,25588.5,25585.75,25588,52,25574.45,25573.18,0.00
2025-11-27,01:24:00,25588,25589,25586.75,25588.25,58,25574.48,25573.21,0.00
2025-11-27,01:25:00,25588.5,25590.25,25588.5,25589.75,115,25574.55,25573.26,0.00
2025-11-27,01:26:00,25589.75,25589.75,25588,25588,100,25574.60,25573.30,0.00
2025-11-27,01:27:00,25588.75,25590.25,25587.25,25587.75,85,25574.64,25573.34,0.00
2025-11-27,01:28:00,25587.25,25588.5,25585.75,25586.5,68,25574.67,25573.36,0.00
2025-11-27,01:29:00,25586,25586,25584.25,25585,70,25574.70,25573.38,0.00
2025-11-27,01:30:00,25585.5,25586.5,25584.5,25585.25,57,25574.72,25573.40,0.00
2025-11-27,01:31:00,25585,25586.25,25584.25,25585.25,66,25574.75,25573.42,0.00
2025-11-27,01:32:00,25585.25,25585.75,25583.5,25585.5,100,25574.78,25573.45,0.00
2025-11-27,01:33:00,25585.25,25586.5,25584.25,25585.5,41,25574.80,25573.47,0.00
2025-11-27,01:34:00,25585,25587,25584.75,25587,53,25574.82,25573.49,0.00
2025-11-27,01:35:00,25587,25588,25586.25,25586.5,48,25574.84,25573.50,0.00
2025-11-27,01:36:00,25586.5,25586.5,25584.25,25584.5,46,25574.86,25573.52,0.00
2025-11-27,01:37:00,25584.5,25586.5,25583.75,25585.5,122,25574.91,25573.56,0.00
2025-11-27,01:38:00,25586,25590,25585.75,25588,126,25574.97,25573.61,0.00
2025-11-27,01:39:00,25588,25590,25586.25,25589.5,153,25575.04,25573.67,0.00
2025-11-27,01:40:00,25589,25589.25,25588,25589.25,82,25575.08,25573.70,0.00
2025-11-27,01:41:00,25589.5,25590.25,25587.5,25589,101,25575.13,25573.74,0.00
2025-11-27,01:42:00,25588.25,25590,25588.25,25589,22,25575.14,25573.75,0.00
2025-11-27,01:43:00,25588.5,25588.5,25587.5,25588.25,24,25575.15,25573.76,0.00
2025-11-27,01:44:00,25588.5,25589,25587.25,25588,98,25575.20,25573.80,0.00
2025-11-27,01:45:00,25588.25,25588.25,25585.25,25586.75,111,25575.24,25573.83,0.00
2025-11-27,01:46:00,25586.5,25587,25585.25,25586.25,62,25575.26,25573.85,0.00
2025-11-27,01:47:00,25586,25586,25583.75,25583.75,79,25575.29,25573.88,0.00
2025-11-27,01:48:00,25584,25584.75,25581.25,25581.25,152,25575.33,25573.91,0.00
2025-11-27,01:49:00,25582,25583.75,25580.75,25581.5,145,25575.36,25573.94,0.00
2025-11-27,01:50:00,25581.75,25582.25,25579.5,25581,113,25575.38,25573.96,0.00
2025-11-27,01:51:00,25580.75,25583,25580.5,25581.25,157,25575.42,25573.99,0.00
2025-11-27,01:52:00,25581.5,25581.75,25577.25,25578.5,271,25575.45,25574.03,0.00
2025-11-27,01:53:00,25578.75,25578.75,25573.75,25575.5,288,25575.46,25574.04,0.00
2025-11-27,01:54:00,25576.25,25579.75,25576,25579,134,25575.47,25574.06,0.00
2025-11-27,01:55:00,25579,25579.5,25577.5,25579.5,113,25575.48,25574.07,0.00
2025-11-27,01:56:00,25579.25,25580,25576.25,25578,115,25575.49,25574.08,0.00
2025-11-27,01:57:00,25577.75,25579.25,25576.75,25577.25,77,25575.50,25574.09,0.00
2025-11-27,01:58:00,25577.5,25579.75,25577.25,25577.75,113,25575.51,25574.10,0.00
2025-11-27,01:59:00,25577,25579,25576,25578.75,80,25575.51,25574.11,0.00
2025-11-27,02:00:00,25578.75,25579.25,25577,25577.75,71,25575.52,25574.12,0.00
2025-11-27,02:01:00,25578,25581,25578,25578.5,129,25575.53,25574.13,0.00
2025-11-27,02:02:00,25578.5,25580.25,25577.75,25579.25,84,25575.54,25574.14,0.00
2025-11-27,02:03:00,25579,25579.25,25577.25,25578,108,25575.55,25574.15,0.00
2025-11-27,02:04:00,25577.5,25578.75,25574.5,25575,148,25575.56,25574.16,0.00
2025-11-27,02:05:00,25574.75,25575.5,25573.5,25573.5,97,25575.55,25574.16,0.00
2025-11-27,02:06:00,25574,25576.25,25573.75,25576,70,25575.55,25574.16,0.00
2025-11-27,02:07:00,25575.75,25575.75,25571.25,25573.25,229,25575.54,25574.16,0.00
2025-11-27,02:08:00,25573,25573.5,25571.5,25571.5,94,25575.53,25574.15,0.00
2025-11-27,02:09:00,25572.5,25572.75,25569.75,25570.25,200,25575.50,25574.14,0.00
2025-11-27,02:10:00,25570.25,25571.5,25568.5,25571,147,25575.47,25574.12,0.00
2025-11-27,02:11:00,25571.5,25573,25571,25571.75,130,25575.46,25574.12,0.00
2025-11-27,02:12:00,25572.25,25573,25571,25572.25,79,25575.45,25574.11,0.00
2025-11-27,02:13:00,25572.75,25574.25,25570.75,25571,76,25575.44,25574.11,0.00
2025-11-27,02:14:00,25571,25572,25570.5,25570.75,61,25575.43,25574.11,0.00
2025-11-27,02:15:00,25570.5,25571,25569,25569.75,73,25575.42,25574.10,0.00
2025-11-27,02:16:00,25569.75,25571.25,25568.5,25570.75,90,25575.41,25574.09,0.00
2025-11-27,02:17:00,25570.75,25572,25570,25570.5,63,25575.40,25574.08,0.00
2025-11-27,02:18:00,25570.5,25570.5,25568,25568,143,25575.37,25574.07,0.00
2025-11-27,02:19:00,25568,25568,25562.25,25564.75,507,25575.21,25573.96,0.00
2025-11-27,02:20:00,25564.75,25566,25564,25565,59,25575.19,25573.95,0.00
2025-11-27,02:21:00,25564.25,25564.25,25561.25,25561.75,307,25575.07,25573.86,0.00
2025-11-27,02:22:00,25562,25565.25,25562,25564.5,167,25575.02,25573.82,0.00
2025-11-27,02:23:00,25564.5,25567,25564.25,25565.5,171,25574.97,25573.79,0.00
2025-11-27,02:24:00,25566.25,25566.25,25563.5,25565.25,108,25574.94,25573.77,0.00
2025-11-27,02:25:00,25564.75,25569.75,25564.75,25569.75,155,25574.91,25573.75,0.00
2025-11-27,02:26:00,25569.25,25572.75,25569.25,25571.25,306,25574.87,25573.73,0.00
2025-11-27,02:27:00,25571.25,25573.25,25571,25572,131,25574.86,25573.73,0.00
2025-11-27,02:28:00,25572.5,25574.5,25571.75,25572.5,230,25574.85,25573.72,0.00
2025-11-27,02:29:00,25572.5,25574.25,25572.5,25573,54,25574.85,25573.72,0.00
2025-11-27,02:30:00,25572.75,25572.75,25570.5,25572.25,93,25574.84,25573.72,0.00
2025-11-27,02:31:00,25572.25,25573,25568.5,25569.25,154,25574.82,25573.70,0.00
2025-11-27,02:32:00,25568.75,25568.75,25566.25,25567.5,117,25574.79,25573.69,0.00
2025-11-27,02:33:00,25567.25,25569,25565.25,25567.75,141,25574.76,25573.67,0.00
2025-11-27,02:34:00,25567.75,25570.5,25567.75,25569.5,75,25574.75,25573.66,0.00
2025-11-27,02:35:00,25570,25570.75,25567.75,25569,50,25574.74,25573.66,0.00
2025-11-27,02:36:00,25568.25,25569.25,25564.25,25565,125,25574.71,25573.63,0.00
2025-11-27,02:37:00,25564.75,25568,25564,25564.5,110,25574.69,25573.61,0.00
2025-11-27,02:38:00,25564,25567.5,25564,25565.25,76,25574.67,25573.60,0.00
2025-11-27,02:39:00,25565.5,25565.5,25563.25,25563.75,129,25574.63,25573.57,0.00
2025-11-27,02:40:00,25564,25566.25,25564,25565,58,25574.61,25573.56,0.00
2025-11-27,02:41:00,25565.5,25566,25564.5,25565.75,51,25574.60,25573.55,0.00
2025-11-27,02:42:00,25565,25567,25564.75,25564.75,101,25574.57,25573.54,0.00
2025-11-27,02:43:00,25564.5,25567,25563.5,25566.25,118,25574.54,25573.52,0.00
2025-11-27,02:44:00,25566.5,25567.25,25564.5,25565.5,66,25574.53,25573.50,0.00
2025-11-27,02:45:00,25566,25567.5,25565.25,25565.25,57,25574.51,25573.49,0.00
2025-11-27,02:46:00,25566.5,25567.75,25565.75,25566,57,25574.50,25573.49,0.00
2025-11-27,02:47:00,25566,25566,25564.75,25565.5,58,25574.49,25573.48,0.00
2025-11-27,02:48:00,25564.25,25564.25,25559.5,25559.5,265,25574.39,25573.40,0.00
2025-11-27,02:49:00,25560,25563,25559.5,25560.5,122,25574.35,25573.37,0.00
2025-11-27,02:50:00,25560.25,25561.25,25559,25560.25,127,25574.30,25573.34,0.00
2025-11-27,02:51:00,25559.5,25559.5,25552,25553.75,728,25573.92,25555.08,0.00
2025-11-27,02:52:00,25553.75,25555.75,25552.25,25553.75,187,25573.83,25554.84,0.00
2025-11-27,02:53:00,25553,25558,25552,25558,203,25573.73,25555.05,0.00
2025-11-27,02:54:00,25558.25,25562.75,25558.25,25562.5,186,25573.67,25555.93,0.00
2025-11-27,02:55:00,25562.5,25565,25562.5,25565,129,25573.64,25556.67,0.00
2025-11-27,02:56:00,25565,25568.25,25564.75,25567.75,234,25573.60,25558.11,0.00
2025-11-27,02:57:00,25568,25568,25565,25565,131,25573.57,25558.68,0.00
2025-11-27,02:58:00,25565.75,25565.75,25558.75,25560,312,25573.47,25559.10,0.00
2025-11-27,02:59:00,25560.25,25560.25,25555.25,25556.25,239,25573.37,25558.91,0.00
2025-11-27,03:00:00,25556.5,25557.25,25553.25,25555.75,223,25573.27,25558.61,0.00
2025-11-27,03:01:00,25557.25,25559.25,25554.25,25556.75,303,25573.15,25558.41,0.00
2025-11-27,03:02:00,25558.25,25562.5,25558.25,25560.5,183,25573.09,25558.53,0.00
2025-11-27,03:03:00,25560.25,25560.75,25553.5,25555.5,203,25573.00,25558.41,0.00
2025-11-27,03:04:00,25555.75,25558,25555,25556.75,133,25572.95,25558.34,0.00
2025-11-27,03:05:00,25557.75,25557.75,25555.25,25557,95,25572.91,25558.29,0.00
2025-11-27,03:06:00,25557.25,25562,25557.25,25562,132,25572.87,25558.37,0.00
2025-11-27,03:07:00,25561.75,25562.5,25557,25559.75,160,25572.82,25558.43,0.00
2025-11-27,03:08:00,25560,25560.25,25558.5,25559.75,55,25572.80,25558.44,0.00
2025-11-27,03:09:00,25558.75,25558.75,25555,25556.25,82,25572.77,25558.41,0.00
2025-11-27,03:10:00,25555.75,25558,25555.75,25558,46,25572.75,25558.39,0.00
2025-11-27,03:11:00,25558.75,25559.75,25558,25558.25,74,25572.73,25558.40,0.00
2025-11-27,03:12:00,25558.75,25559.25,25554.75,25554.75,121,25572.68,25558.34,0.00
2025-11-27,03:13:00,25555.75,25559.5,25555.5,25558.5,94,25572.64,25558.33,0.00
2025-11-27,03:14:00,25558.75,25560.75,25558,25560.5,57,25572.62,25558.34,0.00
2025-11-27,03:15:00,25561.25,25565.75,25561,25563.75,202,25572.58,25558.57,0.00
2025-11-27,03:16:00,25563.75,25565.25,25562.75,25563,119,25572.55,25558.71,0.00
2025-11-27,03:17:00,25563,25567,25562.75,25566,118,25572.53,25558.87,0.00
2025-11-27,03:18:00,25565.75,25566.25,25564,25564.5,92,25572.52,25558.98,0.00
2025-11-27,03:19:00,25564,25566.25,25564,25566,87,25572.50,25559.10,0.00
2025-11-27,03:20:00,25565.25,25565.5,25562.25,25563.75,147,25572.47,25559.23,0.00
2025-11-27,03:21:00,25563.5,25565.25,25563.25,25563.75,33,25572.46,25559.27,0.00
2025-11-27,03:22:00,25563.25,25563.75,25561.5,25563.75,45,25572.45,25559.30,0.00
2025-11-27,03:23:00,25563.5,25565,25563,25564,64,25572.44,25559.36,0.00
2025-11-27,03:24:00,25564,25566.75,25564,25565,103,25572.42,25559.47,0.00
2025-11-27,03:25:00,25564.25,25566.25,25564.25,25565.5,35,25572.42,25559.51,0.00
2025-11-27,03:26:00,25565.25,25567.25,25565.25,25566.75,41,25572.41,25559.56,0.00
2025-11-27,03:27:00,25566.75,25571,25566.75,25569.75,333,25572.39,25560.12,0.00
2025-11-27,03:28:00,25569.75,25571.5,25568.75,25569.5,131,25572.38,25560.34,0.00
2025-11-27,03:29:00,25569,25569,25566.25,25566.5,132,25572.36,25560.49,0.00
2025-11-27,03:30:00,25566.5,25568.5,25565.5,25565.75,72,25572.35,25560.56,0.00
2025-11-27,03:31:00,25565.75,25566.75,25562.5,25563.75,265,25572.30,25560.72,0.00
2025-11-27,03:32:00,25563,25563,25559,25561.5,160,25572.26,25560.73,0.00
2025-11-27,03:33:00,25561,25563,25555.75,25556.5,220,25572.19,25560.66,0.00
2025-11-27,03:34:00,25556,25559,25553.25,25554.25,290,25572.08,25560.44,0.00
2025-11-27,03:35:00,25554.25,25556.25,25550,25555.25,474,25571.89,25553.83,0.00
2025-11-27,03:36:00,25556,25557.75,25549,25550.75,340,25571.74,25552.50,0.00
2025-11-27,03:37:00,25551,25553,25550.25,25551.5,134,25571.68,25552.24,0.00
2025-11-27,03:38:00,25551,25555,25550.75,25554,161,25571.61,25552.50,0.00
2025-11-27,03:39:00,25553.25,25557,25553.25,25556.75,81,25571.58,25552.86,0.00
2025-11-27,03:40:00,25556,25559.5,25555.5,25558.5,167,25571.53,25553.80,0.00
2025-11-27,03:41:00,25558.5,25559.25,25555.75,25556.5,132,25571.49,25554.24,0.00
2025-11-27,03:42:00,25556.5,25565.25,25556.5,25565.25,266,25571.44,25555.92,0.00
2025-11-27,03:43:00,25564.75,25569.5,25564.5,25568.5,186,25571.42,25557.39,0.00
2025-11-27,03:44:00,25568.75,25568.75,25566.75,25568,201,25571.41,25558.64,0.00
2025-11-27,03:45:00,25567.5,25567.75,25564,25565.5,130,25571.39,25559.16,0.00
2025-11-27,03:46:00,25565.25,25565.5,25563.75,25565.25,93,25571.38,25559.44,0.00
2025-11-27,03:47:00,25564.75,25567.75,25564.5,25566.75,108,25571.37,25559.81,0.00
2025-11-27,03:48:00,25566.75,25571,25566.75,25570.25,128,25571.36,25560.38,0.00
2025-11-27,03:49:00,25570.5,25575.75,25569.75,25575.75,417,25571.38,25562.57,0.00
2025-11-27,03:50:00,25575.75,25578.5,25574.5,25578.25,330,25571.42,25564.24,0.00
2025-11-27,03:51:00,25577.5,25578.75,25574,25576.25,252,25571.45,25565.21,0.00
2025-11-27,03:52:00,25576.25,25577.5,25574.75,25575.75,115,25571.46,25565.60,0.00
2025-11-27,03:53:00,25575,25578.5,25574.25,25576,146,25571.47,25566.06,0.00
2025-11-27,03:54:00,25576.25,25576.5,25571.75,25573.25,193,25571.48,25566.48,0.00
2025-11-27,03:55:00,25573.5,25575.25,25572.75,25573,117,25571.49,25566.70,0.00
2025-11-27,03:56:00,25572.25,25577.25,25572.25,25576.75,113,25571.50,25566.96,0.00
2025-11-27,03:57:00,25576.75,25579.5,25575.5,25576.25,141,25571.51,25567.32,0.00
2025-11-27,03:58:00,25577,25578.75,25576,25577.25,93,25571.53,25567.55,0.00
2025-11-27,03:59:00,25576.75,25577.25,25575.75,25575.75,83,25571.53,25567.73,0.00
2025-11-27,04:00:00,25576.75,25578.5,25575,25576,141,25571.55,25568.02,0.00
2025-11-27,04:01:00,25575.75,25576,25562,25563.5,806,25571.48,25567.88,0.00
2025-11-27,04:02:00,25563.5,25571.25,25562.25,25569.25,387,25571.45,25567.86,0.00
2025-11-27,04:03:00,25569.25,25574,25569,25569,259,25571.44,25567.99,0.00
2025-11-27,04:04:00,25568.5,25572.25,25567,25570.75,174,25571.44,25568.05,0.00
2025-11-27,04:05:00,25571.25,25575.25,25570,25571.5,288,25571.44,25568.24,0.00
2025-11-27,04:06:00,25571.75,25572.25,25559.5,25560.25,479,25571.37,25567.94,0.00
2025-11-27,04:07:00,25559.75,25562,25556,25559.5,446,25571.27,25567.39,0.00
2025-11-27,04:08:00,25559.25,25562,25557,25561,258,25571.21,25567.13,0.00
2025-11-27,04:09:00,25560.75,25560.75,25555.75,25557.75,244,25571.15,25566.84,0.00
2025-11-27,04:10:00,25557.75,25557.75,25550.25,25551.25,481,25570.98,25566.02,0.00
2025-11-27,04:11:00,25550.75,25551.5,25546,25548,645,25570.71,25548.50,0.00
2025-11-27,04:12:00,25547.75,25557.25,25547.75,25556.25,528,25570.54,25550.86,0.00
2025-11-27,04:13:00,25556.75,25562,25556.75,25561.5,514,25570.44,25553.67,0.00
2025-11-27,04:14:00,25561.5,25567.5,25560.75,25564.75,439,25570.39,25555.87,0.00
2025-11-27,04:15:00,25565,25566,25560.5,25564,225,25570.36,25556.60,0.00
2025-11-27,04:16:00,25563.75,25568.75,25562.75,25567.5,323,25570.34,25557.78,0.00
2025-11-27,04:17:00,25567.75,25571,25565.75,25570.5,229,25570.33,25558.67,0.00
2025-11-27,04:18:00,25570.25,25575.25,25569.75,25570.75,482,25570.35,25560.56,0.00
2025-11-27,04:19:00,25570.75,25573.5,25567.75,25573,222,25570.35,25561.23,0.00
2025-11-27,04:20:00,25573,25577.5,25570.5,25571,438,25570.37,25562.50,0.00
2025-11-27,04:21:00,25570.5,25572,25568,25571.25,326,25570.37,25563.09,0.00
2025-11-27,04:22:00,25571.25,25576,25570.25,25576,217,25570.39,25563.61,0.00
2025-11-27,04:23:00,25575.5,25579.25,25573,25574,364,25570.42,25564.48,0.00
2025-11-27,04:24:00,25574,25577.25,25569.75,25575.25,236,25570.43,25564.92,0.00
2025-11-27,04:25:00,25575,25577.25,25571.25,25574.25,203,25570.45,25565.27,0.00
2025-11-27,04:26:00,25574,25576,25572.25,25572.5,221,25570.46,25565.59,0.00
2025-11-27,04:27:00,25572.25,25574.75,25570.75,25574.5,163,25570.47,25565.81,0.00
2025-11-27,04:28:00,25574,25577.25,25572,25574.5,107,25570.48,25565.97,0.00
2025-11-27,04:29:00,25575,25577,25571.75,25574.75,120,25570.48,25566.14,0.00
2025-11-27,04:30:00,25574.75,25574.75,25571.5,25573.25,110,25570.49,25566.27,0.00
2025-11-27,04:31:00,25572.25,25572.75,25569,25570.75,292,25570.49,25566.48,0.00
2025-11-27,04:32:00,25571,25571.5,25567.5,25570,299,25570.49,25566.62,0.00
2025-11-27,04:33:00,25570.25,25570.25,25565.75,25569,154,25570.48,25566.66,0.00
2025-11-27,04:34:00,25568.25,25573.25,25568.25,25571.5,206,25570.48,25566.78,0.00
2025-11-27,04:35:00,25571.5,25574.75,25570,25573.5,200,25570.49,25566.95,0.00
2025-11-27,04:36:00,25573.25,25575.75,25570.75,25572.25,234,25570.50,25567.14,0.00
2025-11-27,04:37:00,25572.25,25575.25,25571.75,25572.5,105,25570.50,25567.22,0.00
2025-11-27,04:38:00,25573.25,25576.75,25573,25575,332,25570.53,25567.54,0.00
2025-11-27,04:39:00,25574.25,25582,25572.25,25579.25,574,25570.60,25568.24,0.00
2025-11-27,04:40:00,25580,25580,25576.25,25578.5,200,25570.62,25568.47,0.00
2025-11-27,04:41:00,25578.5,25579.25,25575.5,25578,231,25570.65,25568.70,0.00
2025-11-27,04:42:00,25577.5,25581,25576.25,25576.5,208,25570.67,25568.91,0.00
2025-11-27,04:43:00,25576,25577.25,25573.75,25574.5,245,25570.69,25569.07,0.00
2025-11-27,04:44:00,25574.25,25574.75,25568.25,25570,341,25570.69,25569.14,0.00
2025-11-27,04:45:00,25569.5,25571,25565.25,25568,302,25570.68,25569.11,0.00
2025-11-27,04:46:00,25567.75,25568.25,25562.25,25564.75,392,25570.65,25568.96,0.00
2025-11-27,04:47:00,25565,25565.75,25561.5,25564.75,279,25570.62,25568.83,0.00
2025-11-27,04:48:00,25564.75,25568.75,25563,25564.75,279,25570.59,25568.74,0.00
2025-11-27,04:49:00,25564.5,25566.25,25562,25562,226,25570.57,25568.64,0.00
2025-11-27,04:50:00,25561.75,25565.5,25559.5,25563.75,356,25570.53,25568.46,0.00
2025-11-27,04:51:00,25563,25569.25,25563,25568.5,247,25570.51,25568.43,0.00
2025-11-27,04:52:00,25568.5,25570.25,25565.25,25565.75,252,25570.50,25568.40,0.00
2025-11-27,04:53:00,25566.25,25569.75,25565.25,25568.75,259,25570.49,25568.39,0.00
2025-11-27,04:54:00,25569,25570.75,25566.5,25568.25,258,25570.48,25568.39,0.00
2025-11-27,04:55:00,25568.5,25570,25562,25564.5,282,25570.46,25568.33,0.00
2025-11-27,04:56:00,25564.5,25568.25,25563.25,25564.25,163,25570.45,25568.29,0.00
2025-11-27,04:57:00,25563.5,25564.25,25560,25563,186,25570.42,25568.21,0.00
2025-11-27,04:58:00,25563,25564,25559.75,25560.75,152,25570.40,25568.13,0.00
2025-11-27,04:59:00,25560.75,25561.25,25554.5,25554.5,393,25570.32,25567.81,0.00
2025-11-27,05:00:00,25554.5,25557.25,25553.75,25554.25,327,25570.25,25567.51,0.00
2025-11-27,05:01:00,25554,25555,25550.25,25554.75,499,25570.12,25567.03,0.00
2025-11-27,05:02:00,25554.5,25558.5,25550.5,25555,405,25570.03,25566.69,0.00
2025-11-27,05:03:00,25554.25,25558.25,25551.75,25557.25,271,25569.97,25566.50,0.00
2025-11-27,05:04:00,25556.75,25561.25,25556.25,25559.75,210,25569.94,25566.40,0.00
2025-11-27,05:05:00,25560,25561,25557.5,25560,157,25569.91,25566.33,0.00
2025-11-27,05:06:00,25559.25,25561,25555.75,25558.25,194,25569.88,25566.23,0.00
2025-11-27,05:07:00,25559,25562.75,25558.5,25559.5,318,25569.83,25566.11,0.00
2025-11-27,05:08:00,25558.75,25560,25553.5,25554.5,229,25569.79,25565.97,0.00
2025-11-27,05:09:00,25555,25556.5,25554.25,25554.5,139,25569.76,25565.88,0.00
2025-11-27,05:10:00,25554.5,25557.5,25553.5,25556,142,25569.73,25565.79,0.00
2025-11-27,05:11:00,25556.5,25560.75,25556,25558,163,25569.70,25565.72,0.00
2025-11-27,05:12:00,25558,25558.5,25555.25,25556.75,174,25569.67,25565.63,0.00
2025-11-27,05:13:00,25557.5,25559.5,25555.25,25556.25,207,25569.63,25565.52,0.00
2025-11-27,05:14:00,25556,25556.5,25552.75,25556.25,182,25569.59,25565.42,0.00
2025-11-27,05:15:00,25556.75,25557.5,25554.5,25555.5,107,25569.57,25565.36,0.00
2025-11-27,05:16:00,25554.5,25558.75,25552,25558,313,25569.51,25565.20,0.00
2025-11-27,05:17:00,25558,25562.5,25557,25558.25,210,25569.48,25565.13,0.00
2025-11-27,05:18:00,25558.75,25559.75,25554.5,25554.5,119,25569.46,25565.07,0.00
2025-11-27,05:19:00,25555.25,25557.5,25553.75,25554.75,111,25569.44,25565.01,0.00
2025-11-27,05:20:00,25555.5,25556.5,25554,25554.5,112,25569.42,25564.95,0.00
2025-11-27,05:21:00,25554.25,25554.5,25550.75,25554.5,198,25569.37,25564.82,0.00
2025-11-27,05:22:00,25554.75,25558,25554.25,25555.25,189,25569.34,25564.73,0.00
2025-11-27,05:23:00,25555,25555,25551.25,25552.5,128,25569.31,25564.65,0.00
2025-11-27,05:24:00,25552.25,25557.25,25550.5,25556.75,268,25569.25,25564.52,0.00
2025-11-27,05:25:00,25555.5,25557,25555,25555.75,80,25569.24,25564.48,0.00
2025-11-27,05:26:00,25555.75,25560.5,25555.75,25559.25,209,25569.21,25564.41,0.00
2025-11-27,05:27:00,25559.25,25565.75,25559.25,25564.5,317,25569.18,25564.39,0.00
2025-11-27,05:28:00,25565,25567,25562.5,25564,258,25569.16,25564.40,0.00
2025-11-27,05:29:00,25564.75,25568,25564.75,25566.5,210,25569.15,25564.42,0.00
2025-11-27,05:30:00,25566.5,25569.5,25564.75,25569.5,180,25569.15,25564.45,0.00
2025-11-27,05:31:00,25568.75,25571.25,25568.25,25570,258,25569.15,25564.52,0.00
2025-11-27,05:32:00,25570.5,25571.5,25568.75,25571,137,25569.16,25564.55,0.00
2025-11-27,05:33:00,25571.25,25575,25570.75,25574,330,25569.17,25564.69,0.00
2025-11-27,05:34:00,25573.75,25573.75,25568,25571.5,299,25569.18,25564.78,0.00
2025-11-27,05:35:00,25571.5,25574.25,25570.5,25572,183,25569.19,25564.84,0.00
2025-11-27,05:36:00,25572.5,25575,25570.75,25573.5,177,25569.20,25564.91,0.00
2025-11-27,05:37:00,25574,25578.25,25573.25,25576.5,238,25569.22,25565.03,0.00
2025-11-27,05:38:00,25577.25,25579.75,25577.25,25577.5,245,25569.25,25565.17,0.00
2025-11-27,05:39:00,25577,25577,25568.25,25568.5,392,25569.26,25565.28,0.00
2025-11-27,05:40:00,25568.5,25571.25,25566.75,25571.25,258,25569.26,25565.33,0.00
2025-11-27,05:41:00,25571.25,25573.25,25569.5,25572.5,150,25569.27,25565.37,0.00
2025-11-27,05:42:00,25572.5,25573.5,25569.5,25570.75,227,25569.27,25565.43,0.00
2025-11-27,05:43:00,25571.25,25574.75,25571.25,25573.75,161,25569.28,25565.48,0.00
2025-11-27,05:44:00,25574,25575,25572.25,25573,88,25569.29,25565.51,0.00
2025-11-27,05:45:00,25572.75,25575,25572,25574.5,115,25569.29,25565.55,0.00
2025-11-27,05:46:00,25574.5,25574.75,25571,25571,237,25569.30,25565.62,0.00
2025-11-27,05:47:00,25571.75,25574,25570.25,25573.25,99,25569.31,25565.65,0.00
2025-11-27,05:48:00,25573,25574,25570.5,25571.5,190,25569.31,25565.70,0.00
2025-11-27,05:49:00,25571,25571,25567.25,25569.25,132,25569.31,25565.72,0.00
2025-11-27,05:50:00,25569,25570.25,25564.25,25564.75,187,25569.31,25565.72,0.00
2025-11-27,05:51:00,25564.25,25564.5,25556.75,25559.25,633,25569.23,25565.58,0.00
2025-11-27,05:52:00,25559.5,25563,25558.75,25561,140,25569.22,25565.56,0.00
2025-11-27,05:53:00,25561,25563.75,25559.75,25560.75,173,25569.20,25565.53,0.00
2025-11-27,05:54:00,25561,25563.75,25559.75,25563.5,78,25569.19,25565.52,0.00
2025-11-27,05:55:00,25563.5,25563.5,25558,25560.25,204,25569.17,25565.48,0.00
2025-11-27,05:56:00,25560,25563.25,25559.75,25562.75,89,25569.16,25565.47,0.00
2025-11-27,05:57:00,25562.75,25563.5,25560.25,25560.5,87,25569.15,25565.45,0.00
2025-11-27,05:58:00,25560.25,25563.75,25560.25,25563.25,75,25569.15,25565.44,0.00
2025-11-27,05:59:00,25563.25,25564.75,25561,25562.75,98,25569.14,25565.43,0.00
2025-11-27,06:00:00,25562.75,25563,25556,25556.5,177,25569.11,25565.39,0.00
2025-11-27,06:01:00,25556.75,25558,25553.75,25555.25,334,25569.06,25565.27,0.00
2025-11-27,06:02:00,25554.75,25558.75,25552.5,25556.5,287,25569.01,25565.17,0.00
2025-11-27,06:03:00,25556.25,25560.25,25555.75,25558.5,197,25568.98,25565.11,0.00
2025-11-27,06:04:00,25558.5,25561,25556.75,25557.5,208,25568.96,25565.06,0.00
2025-11-27,06:05:00,25557.75,25559.5,25557.75,25558.25,60,25568.95,25565.05,0.00
2025-11-27,06:06:00,25558.5,25559.75,25555.75,25559.5,201,25568.92,25565.00,0.00
2025-11-27,06:07:00,25559,25562,25557.5,25562,156,25568.90,25564.97,0.00
2025-11-27,06:08:00,25561.75,25566,25561.5,25564.75,244,25568.89,25564.97,0.00
2025-11-27,06:09:00,25565.5,25567.5,25563.25,25564,201,25568.88,25564.97,0.00
2025-11-27,06:10:00,25563.75,25564.25,25561.25,25563.5,74,25568.87,25564.96,0.00
2025-11-27,06:11:00,25564.5,25566,25562.5,25563.25,80,25568.87,25564.96,0.00
2025-11-27,06:12:00,25563,25563.25,25559.75,25560.25,117,25568.86,25564.94,0.00
2025-11-27,06:13:00,25560.25,25562,25559.25,25559.75,89,25568.85,25564.93,0.00
2025-11-27,06:14:00,25560.25,25562.25,25559.75,25560.5,94,25568.84,25564.91,0.00
2025-11-27,06:15:00,25560.5,25560.5,25556.75,25557,100,25568.83,25564.89,0.00
2025-11-27,06:16:00,25556.75,25560.75,25556.25,25560,118,25568.81,25564.87,0.00
2025-11-27,06:17:00,25561,25562.25,25559.5,25560.25,111,25568.80,25564.85,0.00
2025-11-27,06:18:00,25560,25561.5,25559.75,25560,36,25568.80,25564.85,0.00
2025-11-27,06:19:00,25561,25561.75,25559.75,25561.75,84,25568.79,25564.83,0.00
2025-11-27,06:20:00,25561.75,25562,25558,25558.75,51,25568.78,25564.83,0.00
2025-11-27,06:21:00,25557.75,25560,25556.5,25558.75,149,25568.76,25564.79,0.00
2025-11-27,06:22:00,25558.5,25560.5,25558.25,25558.75,62,25568.76,25564.78,0.00
2025-11-27,06:23:00,25559.25,25559.75,25555.75,25557.25,194,25568.73,25564.73,0.00
2025-11-27,06:24:00,25557.25,25557.5,25553.75,25555.5,165,25568.70,25564.68,0.00
2025-11-27,06:25:00,25554.5,25557.25,25553.75,25557.25,123,25568.69,25564.65,0.00
2025-11-27,06:26:00,25557.25,25558.75,25556,25556,64,25568.68,25564.63,0.00
2025-11-27,06:27:00,25555.75,25557.75,25554.75,25556,96,25568.66,25564.60,0.00
2025-11-27,06:28:00,25556,25556.25,25554.5,25555.75,59,25568.65,25564.59,0.00
2025-11-27,06:29:00,25556.5,25559.75,25556,25559.5,85,25568.64,25564.57,0.00
2025-11-27,06:30:00,25559.5,25559.5,25557,25558,69,25568.63,25564.55,0.00
2025-11-27,06:31:00,25558,25558.5,25556.25,25557.5,93,25568.62,25564.53,0.00
2025-11-27,06:32:00,25557,25558.5,25556.25,25558.5,57,25568.61,25564.52,0.00
2025-11-27,06:33:00,25558.75,25559.75,25555,25555,144,25568.59,25564.48,0.00
2025-11-27,06:34:00,25555,25556,25553.25,25554.75,140,25568.57,25564.44,0.00
2025-11-27,06:35:00,25554.75,25556.5,25553,25555.25,164,25568.54,25564.39,0.00
2025-11-27,06:36:00,25555,25557.25,25554,25557.25,96,25568.53,25564.36,0.00
2025-11-27,06:37:00,25556.5,25558.25,25556,25556.25,110,25568.51,25564.33,0.00
2025-11-27,06:38:00,25556,25557.25,25554.25,25557.25,99,25568.50,25564.31,0.00
2025-11-27,06:39:00,25556.75,25560.5,25555.25,25559.5,174,25568.48,25564.27,0.00
2025-11-27,06:40:00,25560,25561.75,25560,25561.75,110,25568.47,25564.26,0.00
2025-11-27,06:41:00,25561.5,25562.75,25559.75,25562.75,98,25568.46,25564.26,0.00
2025-11-27,06:42:00,25562.75,25563.25,25561.25,25562.75,154,25568.45,25564.25,0.00
2025-11-27,06:43:00,25562.5,25563.75,25562.5,25563.25,97,25568.44,25564.24,0.00
2025-11-27,06:44:00,25562.75,25566.25,25562.75,25565.25,172,25568.43,25564.25,0.00
2025-11-27,06:45:00,25565.5,25565.5,25564.25,25564.75,147,25568.43,25564.25,0.00
2025-11-27,06:46:00,25564.75,25565.75,25563.5,25564.5,105,25568.42,25564.25,0.00
2025-11-27,06:47:00,25564.25,25565.25,25562.25,25564.25,111,25568.42,25564.25,0.00
2025-11-27,06:48:00,25563.75,25566,25563.75,25564.5,53,25568.41,25564.25,0.00
2025-11-27,06:49:00,25564.75,25567.25,25564.25,25566,146,25568.41,25564.26,0.00
2025-11-27,06:50:00,25566.5,25567.75,25565.25,25566.75,125,25568.41,25564.27,0.00
2025-11-27,06:51:00,25566.25,25568.25,25566.25,25567,122,25568.41,25564.28,0.00
2025-11-27,06:52:00,25566.5,25567.25,25563.75,25564.5,181,25568.40,25564.28,0.00
2025-11-27,06:53:00,25564.25,25566.5,25562.5,25562.75,151,25568.39,25564.28,0.00
2025-11-27,06:54:00,25563.25,25566.5,25562.75,25566,86,25568.39,25564.28,0.00
2025-11-27,06:55:00,25566.5,25568.25,25566.5,25567,87,25568.39,25564.29,0.00
2025-11-27,06:56:00,25567.75,25571.25,25567.5,25570.75,237,25568.39,25564.33,0.00
2025-11-27,06:57:00,25570.75,25571.25,25568.5,25569.5,141,25568.39,25564.35,0.00
2025-11-27,06:58:00,25569.25,25570.75,25568.75,25569,67,25568.39,25564.36,0.00
2025-11-27,06:59:00,25569.25,25571.75,25569,25571.5,84,25568.40,25564.38,0.00
2025-11-27,07:00:00,25571.75,25572.5,25569.75,25570.5,152,25568.40,25564.41,0.00
2025-11-27,07:01:00,25570.75,25572.25,25569.75,25571.25,183,25568.41,25564.44,0.00
2025-11-27,07:02:00,25570.75,25573.25,25570.5,25572.75,161,25568.41,25564.48,0.00
2025-11-27,07:03:00,25573.5,25575.25,25571.75,25572.25,185,25568.42,25564.53,0.00
2025-11-27,07:04:00,25572,25572.75,25570.75,25572.25,110,25568.43,25564.55,0.00
2025-11-27,07:05:00,25571.75,25572.75,25568.5,25569,133,25568.43,25564.57,0.00
2025-11-27,07:06:00,25569,25570.25,25567,25568,161,25568.43,25564.59,0.00
2025-11-27,07:07:00,25568.25,25568.75,25564.5,25566,198,25568.43,25564.60,0.00
2025-11-27,07:08:00,25566,25567.25,25565.25,25566.25,103,25568.42,25564.60,0.00
2025-11-27,07:09:00,25566,25566.75,25564.25,25564.75,106,25568.42,25564.61,0.00
2025-11-27,07:10:00,25564.5,25567.5,25564.25,25566.75,85,25568.42,25564.61,0.00
2025-11-27,07:11:00,25566.75,25566.75,25564.5,25565.25,69,25568.41,25564.61,0.00
2025-11-27,07:12:00,25566,25566.25,25563.75,25565,61,25568.41,25564.61,0.00
2025-11-27,07:13:00,25564.75,25565.25,25561.25,25562,199,25568.40,25564.60,0.00
2025-11-27,07:14:00,25562,25563.25,25561.25,25562.75,106,25568.39,25564.60,0.00
2025-11-27,07:15:00,25563,25567.5,25563,25566.75,157,25568.39,25564.60,0.00
2025-11-27,07:16:00,25566.75,25569.25,25566.5,25568.5,113,25568.39,25564.61,0.00
2025-11-27,07:17:00,25568.75,25568.75,25565.25,25565.25,85,25568.39,25564.62,0.00
2025-11-27,07:18:00,25565.5,25565.75,25563.75,25565,89,25568.38,25564.62,0.00
2025-11-27,07:19:00,25565.5,25566,25565,25566,38,25568.38,25564.62,0.00
2025-11-27,07:20:00,25566,25566.5,25562.5,25564.25,147,25568.37,25564.62,0.00
2025-11-27,07:21:00,25564.75,25565,25562.5,25564.75,69,25568.37,25564.62,0.00
2025-11-27,07:22:00,25564.75,25566.25,25562.25,25563.75,125,25568.36,25564.61,0.00
2025-11-27,07:23:00,25563.5,25563.75,25560.25,25561.5,154,25568.35,25564.60,0.00
2025-11-27,07:24:00,25561.5,25562.75,25560.75,25561,40,25568.35,25564.60,0.00
2025-11-27,07:25:00,25560.75,25565.25,25560.25,25564.75,137,25568.34,25564.59,0.00
2025-11-27,07:26:00,25564.5,25565.75,25563.5,25565.25,82,25568.34,25564.59,0.00
2025-11-27,07:27:00,25565.25,25567.5,25564.25,25567,182,25568.34,25564.60,0.00
2025-11-27,07:28:00,25567,25567.5,25565.25,25566.5,44,25568.33,25564.60,0.00
2025-11-27,07:29:00,25566,25566.25,25564,25564,33,25568.33,25564.60,0.00
2025-11-27,07:30:00,25563.75,25565.25,25563,25565.25,72,25568.33,25564.60,0.00
2025-11-27,07:31:00,25564.75,25565.5,25562,25562.75,90,25568.32,25564.60,0.00
2025-11-27,07:32:00,25562.5,25566.75,25561.75,25566.75,120,25568.32,25564.60,0.00
2025-11-27,07:33:00,25566.5,25569.75,25566.5,25568,132,25568.32,25564.62,0.00
2025-11-27,07:34:00,25568.75,25569.5,25565.25,25565.75,106,25568.32,25564.62,0.00
2025-11-27,07:35:00,25565.5,25566.25,25562.75,25565.5,167,25568.31,25564.62,0.00
2025-11-27,07:36:00,25565.25,25568.5,25565.25,25567.75,70,25568.31,25564.63,0.00
2025-11-27,07:37:00,25567.75,25569,25565.75,25567.25,83,25568.31,25564.63,0.00
2025-11-27,07:38:00,25567.5,25569.25,25566.25,25568.75,133,25568.31,25564.65,0.00
2025-11-27,07:39:00,25568.75,25572.75,25568.75,25572.5,217,25568.32,25564.68,0.00
2025-11-27,07:40:00,25573,25575.25,25572.5,25573.5,194,25568.33,25564.73,0.00
2025-11-27,07:41:00,25573.25,25574,25570.25,25572,153,25568.33,25564.76,0.00
2025-11-27,07:42:00,25571.75,25573,25570,25572.5,81,25568.34,25564.77,0.00
2025-11-27,07:43:00,25571.5,25576,25571.25,25574.75,175,25568.35,25564.81,0.00
2025-11-27,07:44:00,25575.25,25578.5,25574,25574.5,312,25568.37,25564.90,0.00
2025-11-27,07:45:00,25574.25,25576,25572.5,25573.75,117,25568.38,25564.93,0.00
2025-11-27,07:46:00,25574.25,25576.25,25572.25,25572.5,285,25568.40,25564.99,0.00
2025-11-27,07:47:00,25573,25574.75,25571,25571,143,25568.40,25565.02,0.00
2025-11-27,07:48:00,25571,25571.75,25568.5,25568.75,162,25568.41,25565.03,0.00
2025-11-27,07:49:00,25568.5,25571.5,25565.25,25567,231,25568.40,25565.05,0.00
2025-11-27,07:50:00,25567.5,25568.75,25565.75,25568,98,25568.40,25565.06,0.00
2025-11-27,07:51:00,25568.25,25569.75,25565,25566.75,228,25568.40,25565.07,0.00
2025-11-27,07:52:00,25567.25,25567.75,25565.75,25566,73,25568.40,25565.07,0.00
2025-11-27,07:53:00,25566.25,25567.75,25565,25566.5,119,25568.40,25565.08,0.00
2025-11-27,07:54:00,25566.5,25571,25565.5,25568.75,126,25568.40,25565.09,0.00
2025-11-27,07:55:00,25568.75,25568.75,25564.25,25564.5,123,25568.39,25565.09,0.00
2025-11-27,07:56:00,25565,25565.5,25562.25,25562.25,173,25568.38,25565.08,0.00
2025-11-27,07:57:00,25562.75,25562.75,25560.5,25561,271,25568.36,25565.06,0.00
2025-11-27,07:58:00,25561,25564,25559.75,25561.5,213,25568.35,25565.04,0.00
2025-11-27,07:59:00,25561.5,25562.5,25560,25561.5,105,25568.34,25565.03,0.00
2025-11-27,08:00:00,25561.25,25562.5,25558.75,25559.25,125,25568.33,25565.02,0.00
2025-11-27,08:01:00,25560,25562,25556.75,25557.25,343,25568.29,25564.96,0.00
2025-11-27,08:02:00,25557.25,25564.5,25556.25,25561.5,362,25568.27,25564.93,0.00
2025-11-27,08:03:00,25561.5,25562.5,25558.75,25559.25,134,25568.25,25564.91,0.00
2025-11-27,08:04:00,25559,25559.25,25556.5,25557.75,126,25568.24,25564.89,0.00
2025-11-27,08:05:00,25557.5,25561.5,25557.25,25560.75,103,25568.23,25564.88,0.00
2025-11-27,08:06:00,25560.75,25566.25,25560.75,25565.25,253,25568.22,25564.88,0.00
2025-11-27,08:07:00,25565,25568.25,25562.25,25564.25,447,25568.21,25564.88,0.00
2025-11-27,08:08:00,25564,25567.5,25563,25566.75,122,25568.20,25564.88,0.00
2025-11-27,08:09:00,25566.75,25568.75,25565.5,25566.25,193,25568.20,25564.89,0.00
2025-11-27,08:10:00,25566.25,25567,25564.25,25566.25,118,25568.20,25564.89,0.00
2025-11-27,08:11:00,25566.5,25568.5,25566,25567.75,182,25568.20,25564.90,0.00
2025-11-27,08:12:00,25567.75,25568.5,25567.25,25567.25,94,25568.19,25564.91,0.00
2025-11-27,08:13:00,25567.25,25568.25,25563.25,25565.75,159,25568.19,25564.91,0.00
2025-11-27,08:14:00,25566.25,25566.5,25564.5,25566.25,49,25568.19,25564.91,0.00
2025-11-27,08:15:00,25566,25568.5,25563.75,25563.75,116,25568.19,25564.91,0.00
2025-11-27,08:16:00,25564,25564.5,25561.75,25562.5,140,25568.18,25564.91,0.00
2025-11-27,08:17:00,25562.5,25564.25,25560,25560.25,146,25568.17,25564.89,0.00
2025-11-27,08:18:00,25560.25,25562,25559,25560,184,25568.15,25564.88,0.00
2025-11-27,08:19:00,25561,25562.5,25558.75,25559.75,88,25568.15,25564.87,0.00
2025-11-27,08:20:00,25559.75,25560.75,25559.25,25560.5,56,25568.14,25564.86,0.00
2025-11-27,08:21:00,25560.75,25561.75,25559,25560.5,86,25568.14,25564.85,0.00
2025-11-27,08:22:00,25560.25,25560.5,25558,25558.75,115,25568.12,25564.84,0.00
2025-11-27,08:23:00,25559,25560,25557.5,25557.75,117,25568.11,25564.82,0.00
2025-11-27,08:24:00,25557.5,25559.75,25557.5,25558.5,71,25568.11,25564.81,0.00
2025-11-27,08:25:00,25559,25561.25,25559,25560.25,85,25568.10,25564.80,0.00
2025-11-27,08:26:00,25560.25,25561,25558.25,25560.5,94,25568.09,25564.79,0.00
2025-11-27,08:27:00,25560,25560.25,25558.75,25558.75,43,25568.09,25564.79,0.00
2025-11-27,08:28:00,25558.5,25558.75,25557.25,25558.25,88,25568.08,25564.78,0.00
2025-11-27,08:29:00,25558,25558.5,25557.5,25557.5,61,25568.07,25564.77,0.00
2025-11-27,08:30:00,25557.5,25559,25557.5,25557.75,51,25568.07,25564.76,0.00
2025-11-27,08:31:00,25557.5,25560,25557,25559.25,154,25568.05,25564.74,0.00
2025-11-27,08:32:00,25558.75,25561,25558.25,25559.25,122,25568.04,25564.72,0.00
2025-11-27,08:33:00,25559,25560.5,25557,25558.5,139,25568.03,25564.71,0.00
2025-11-27,08:34:00,25558.25,25559,25556.75,25558,86,25568.02,25564.69,0.00
2025-11-27,08:35:00,25557.75,25561.25,25557.25,25560.25,113,25568.01,25564.68,0.00
2025-11-27,08:36:00,25560.75,25561.25,25557.5,25559,134,25568.00,25564.67,0.00
2025-11-27,08:37:00,25559.25,25561.75,25558.75,25558.75,76,25567.99,25564.66,0.00
2025-11-27,08:38:00,25558.75,25559.5,25556.5,25557.25,57,25567.99,25564.65,0.00
2025-11-27,08:39:00,25557.75,25560,25557.75,25559.75,59,25567.98,25564.64,0.00
2025-11-27,08:40:00,25559.75,25560.5,25558,25558.75,61,25567.98,25564.64,0.00
2025-11-27,08:41:00,25558,25559,25555.75,25556.25,135,25567.96,25564.61,0.00
2025-11-27,08:42:00,25556.25,25557.5,25554.5,25554.75,199,25567.94,25564.58,0.00
2025-11-27,08:43:00,25554.5,25555,25550.25,25550.75,605,25567.84,25564.42,0.00
2025-11-27,08:44:00,25550.25,25552.25,25547.25,25550,389,25567.77,25564.30,0.00
2025-11-27,08:45:00,25549.25,25551.75,25547.25,25551,304,25567.72,25564.21,0.00
2025-11-27,08:46:00,25551.5,25552.5,25549.5,25550.25,275,25567.67,25564.14,0.00
2025-11-27,08:47:00,25550.25,25551.25,25547.75,25549,193,25567.64,25564.08,0.00
2025-11-27,08:48:00,25548.5,25551,25547,25551,269,25567.59,25564.00,0.00
2025-11-27,08:49:00,25550.5,25552.25,25549.25,25551.75,136,25567.57,25563.96,0.00
2025-11-27,08:50:00,25551.5,25555.5,25551.5,25553.25,289,25567.53,25563.90,0.00
2025-11-27,08:51:00,25553.5,25554.75,25551.75,25554.5,153,25567.51,25563.87,0.00
2025-11-27,08:52:00,25554,25556,25553.75,25554.75,84,25567.50,25563.86,0.00
2025-11-27,08:53:00,25555.75,25555.75,25553.25,25554.25,76,25567.49,25563.84,0.00
2025-11-27,08:54:00,25553.75,25555.5,25551.25,25551.75,133,25567.47,25563.81,0.00
2025-11-27,08:55:00,25551.75,25552.75,25550.5,25552,121,25567.45,25563.78,0.00
2025-11-27,08:56:00,25551.75,25556.75,25551.75,25555,113,25567.43,25563.76,0.00
2025-11-27,08:57:00,25554.75,25555.75,25553.25,25554.25,72,25567.43,25563.75,0.00
2025-11-27,08:58:00,25554.25,25557,25554,25554.75,136,25567.41,25563.73,0.00
2025-11-27,08:59:00,25555,25555,25550,25550,154,25567.39,25563.69,0.00
2025-11-27,09:00:00,25550,25552.25,25548.75,25550.75,233,25567.35,25563.63,0.00
2025-11-27,09:01:00,25550.25,25552.5,25548.5,25551.25,256,25567.31,25563.57,0.00
2025-11-27,09:02:00,25551,25553.5,25549.25,25552.25,101,25567.29,25563.54,0.00
2025-11-27,09:03:00,25553.25,25555.75,25551.75,25554.75,208,25567.27,25563.51,0.00
2025-11-27,09:04:00,25554.75,25555.25,25552.5,25552.75,127,25567.25,25563.48,0.00
2025-11-27,09:05:00,25553,25554.25,25552.5,25554,155,25567.23,25563.45,0.00
2025-11-27,09:06:00,25553.75,25556.25,25553.5,25555.75,80,25567.22,25563.44,0.00
2025-11-27,09:07:00,25556.25,25558.25,25555.25,25557,328,25567.19,25563.40,0.00
2025-11-27,09:08:00,25556.75,25556.75,25553,25553.25,185,25567.16,25563.37,0.00
2025-11-27,09:09:00,25553,25554.25,25550.25,25552.25,157,25567.14,25563.33,0.00
2025-11-27,09:10:00,25551.75,25554.75,25551,25553.25,65,25567.13,25563.32,0.00
2025-11-27,09:11:00,25553.5,25554.75,25552,25554.25,59,25567.13,25563.31,0.00
2025-11-27,09:12:00,25553.75,25553.75,25549.75,25550,107,25567.11,25563.29,0.00
2025-11-27,09:13:00,25551,25552.25,25550,25550.25,65,25567.10,25563.27,0.00
2025-11-27,09:14:00,25550.25,25550.25,25543.75,25546,992,25566.91,25546.67,0.00
2025-11-27,09:15:00,25546,25549.75,25545.75,25548.25,249,25566.86,25546.92,0.00
2025-11-27,09:16:00,25547.75,25551,25546.25,25547.5,281,25566.82,25547.16,0.00
2025-11-27,09:17:00,25547.25,25547.25,25541.25,25544.75,550,25566.70,25544.42,0.00
2025-11-27,09:18:00,25544.75,25547,25544.5,25545.75,173,25566.67,25544.74,0.00
2025-11-27,09:19:00,25545.5,25547.75,25544.25,25545.75,162,25566.64,25544.95,0.00
2025-11-27,09:20:00,25545.75,25547,25544.25,25544.5,116,25566.61,25544.99,0.00
2025-11-27,09:21:00,25544.5,25545,25543.25,25545,141,25566.58,25544.92,0.00
2025-11-27,09:22:00,25544.5,25551.75,25544.5,25551.5,273,25566.54,25545.75,0.00
2025-11-27,09:23:00,25551.25,25554.5,25550.75,25550.75,328,25566.50,25546.93,0.00
2025-11-27,09:24:00,25551.25,25554.5,25549.25,25554,274,25566.46,25547.70,0.00
2025-11-27,09:25:00,25553.75,25555.25,25552.75,25553,154,25566.44,25548.12,0.00
2025-11-27,09:26:00,25552.5,25552.5,25548.75,25549.75,197,25566.41,25548.30,0.00
2025-11-27,09:27:00,25549.75,25550.5,25547,25549,191,25566.38,25548.34,0.00
2025-11-27,09:28:00,25548.5,25549.25,25545.75,25548,156,25566.36,25548.30,0.00
2025-11-27,09:29:00,25547.5,25551.5,25547.5,25550,140,25566.34,25548.37,0.00
2025-11-27,09:30:00,25549.75,25552.5,25548.25,25552.5,158,25566.31,25548.51,0.00
2025-11-27,09:31:00,25552,25568.5,25551.5,25563.5,1720,25566.24,25553.11,0.00
2025-11-27,09:32:00,25564.25,25566.25,25558.5,25561.5,1173,25566.19,25554.89,0.00
2025-11-27,09:33:00,25561.5,25568.25,25559.75,25565.75,538,25566.18,25555.70,0.00
2025-11-27,09:34:00,25565.75,25567.25,25556.75,25560.75,706,25566.16,25556.28,0.00
2025-11-27,09:35:00,25561,25563,25559,25561.25,232,25566.15,25556.43,0.00
2025-11-27,09:36:00,25561.25,25562.75,25554.75,25556.5,289,25566.13,25556.49,0.00
2025-11-27,09:37:00,25556.75,25561,25555.25,25561,196,25566.11,25556.56,0.00
2025-11-27,09:38:00,25561,25566.5,25558.5,25559.75,545,25566.09,25556.88,0.00
2025-11-27,09:39:00,25559.75,25561.5,25557,25557,121,25566.08,25556.91,0.00
2025-11-27,09:40:00,25557,25559.5,25555.5,25559.25,152,25566.07,25556.93,0.00
2025-11-27,09:41:00,25558.5,25559.5,25557,25558.25,103,25566.07,25556.94,0.00
2025-11-27,09:42:00,25558.25,25560.5,25557.5,25559.75,139,25566.06,25556.98,0.00
2025-11-27,09:43:00,25559.5,25564,25557.75,25564,143,25566.05,25557.06,0.00
2025-11-27,09:44:00,25564.25,25564.25,25562,25564.25,201,25566.05,25557.20,0.00
2025-11-27,09:45:00,25564.25,25565,25562.5,25564.25,167,25566.05,25557.31,0.00
2025-11-27,09:46:00,25564.25,25564.25,25560.5,25561.25,129,25566.04,25557.38,0.00
2025-11-27,09:47:00,25561,25561.5,25558.5,25559.75,249,25566.03,25557.44,0.00
2025-11-27,09:48:00,25559.75,25563,25559.75,25561,69,25566.03,25557.47,0.00
2025-11-27,09:49:00,25560.75,25561.5,25559.5,25559.75,74,25566.02,25557.49,0.00
2025-11-27,09:50:00,25559.5,25559.5,25557.75,25558.25,131,25566.01,25557.50,0.00
2025-11-27,09:51:00,25558.25,25559.25,25556.25,25557.25,224,25566.00,25557.50,0.00
2025-11-27,09:52:00,25557.25,25559.75,25556.75,25558,181,25565.99,25557.52,0.00
2025-11-27,09:53:00,25558.25,25560.25,25556.5,25558.75,117,25565.98,25557.53,0.00
2025-11-27,09:54:00,25558.75,25560.5,25557.25,25559.5,120,25565.97,25557.54,0.00
2025-11-27,09:55:00,25559.5,25561.75,25559.25,25560.75,101,25565.97,25557.57,0.00
2025-11-27,09:56:00,25561.5,25561.5,25558.5,25560,122,25565.96,25557.60,0.00
2025-11-27,09:57:00,25560.25,25562.5,25558.5,25558.5,230,25565.95,25557.65,0.00
2025-11-27,09:58:00,25559,25559.75,25556,25557.5,262,25565.93,25557.65,0.00
2025-11-27,09:59:00,25557.25,25558.75,25556.5,25557,158,25565.92,25557.64,0.00
2025-11-27,10:00:00,25556.75,25556.75,25553.25,25553.75,252,25565.89,25557.58,0.00
2025-11-27,10:01:00,25553.5,25557.25,25552.5,25556.25,298,25565.87,25557.52,0.00
2025-11-27,10:02:00,25555.5,25556,25553.25,25554.75,139,25565.85,25557.49,0.00
2025-11-27,10:03:00,25555,25555,25551.25,25552.25,264,25565.83,25557.39,0.00
2025-11-27,10:04:00,25552,25554.5,25550.5,25553.75,200,25565.80,25557.32,0.00
2025-11-27,10:05:00,25553.5,25555.75,25553.25,25553.75,159,25565.79,25557.29,0.00
2025-11-27,10:06:00,25554,25556,25553.75,25554.75,157,25565.77,25557.26,0.00
2025-11-27,10:07:00,25555,25559.5,25542,25555.25,2735,25565.47,25556.39,0.00
2025-11-27,10:08:00,25555.75,25557.25,25552.25,25553.75,280,25565.45,25556.36,0.00
2025-11-27,10:09:00,25554.25,25555.5,25548.5,25550.75,342,25565.41,25556.26,0.00
2025-11-27,10:10:00,25550.5,25555.25,25550.5,25553.25,217,25565.39,25556.21,0.00
2025-11-27,10:11:00,25553.25,25555.75,25552.75,25554.5,183,25565.37,25556.19,0.00
2025-11-27,10:12:00,25554.25,25556.5,25549.75,25551.75,254,25565.35,25556.14,0.00
2025-11-27,10:13:00,25552.25,25552.5,25545.75,25550,569,25565.27,25555.92,0.00
2025-11-27,10:14:00,25550.25,25551.5,25546.75,25549.5,435,25565.22,25555.76,0.00
2025-11-27,10:15:00,25549.5,25552.5,25549.25,25550.75,117,25565.20,25555.73,0.00
2025-11-27,10:16:00,25551.25,25553,25549.75,25551.25,243,25565.18,25555.67,0.00
2025-11-27,10:17:00,25550.75,25555.75,25550.75,25555.5,273,25565.15,25555.65,0.00
2025-11-27,10:18:00,25555.75,25556.75,25553,25553.75,295,25565.13,25555.63,0.00
2025-11-27,10:19:00,25554,25556,25553.75,25555.25,174,25565.11,25555.63,0.00
2025-11-27,10:20:00,25555.5,25557.25,25555,25555.75,191,25565.10,25555.63,0.00
2025-11-27,10:21:00,25555.75,25557.5,25554,25554.75,233,25565.08,25555.63,0.00
2025-11-27,10:22:00,25555,25563.5,25553.75,25557.75,785,25565.04,25555.73,0.00
2025-11-27,10:23:00,25557.75,25561,25556.25,25557.5,327,25565.02,25555.77,0.00
2025-11-27,10:24:00,25557.5,25559.25,25554.75,25555,177,25565.01,25555.78,0.00
2025-11-27,10:25:00,25555.5,25557,25552.5,25555.5,208,25565.00,25555.77,0.00
2025-11-27,10:26:00,25555.5,25560,25555.25,25559,297,25564.98,25555.80,0.00
2025-11-27,10:27:00,25559,25562.25,25559,25560.75,268,25564.97,25555.86,0.00
2025-11-27,10:28:00,25561,25561.5,25559,25559.25,195,25564.96,25555.90,0.00
2025-11-27,10:29:00,25559.75,25559.75,25554.25,25554.75,343,25564.94,25555.90,0.00
2025-11-27,10:30:00,25554.75,25556.25,25553.5,25554.25,262,25564.92,25555.89,0.00
2025-11-27,10:31:00,25554.75,25564.25,25554.5,25563.75,814,25564.89,25556.06,0.00
2025-11-27,10:32:00,25563.25,25569.25,25561.25,25565.25,1155,25564.90,25556.50,0.00
2025-11-27,10:33:00,25565.5,25567.5,25561.5,25565,571,25564.90,25556.68,0.00
2025-11-27,10:34:00,25565,25571.25,25564,25569.5,645,25564.91,25556.97,0.00
2025-11-27,10:35:00,25570.25,25570.25,25563,25564.25,546,25564.92,25557.16,0.00
2025-11-27,10:36:00,25564,25566.5,25562.5,25562.75,392,25564.91,25557.26,0.00
2025-11-27,10:37:00,25562.75,25564,25551.5,25553,1303,25564.83,25557.21,0.00
2025-11-27,10:38:00,25552.25,25555.25,25550.25,25552.5,678,25564.77,25557.10,0.00
2025-11-27,10:39:00,25553.25,25556.25,25550,25552,603,25564.71,25557.01,0.00
2025-11-27,10:40:00,25551.75,25552.25,25546,25548.5,542,25564.65,25556.86,0.00
2025-11-27,10:41:00,25548.25,25548.25,25540.25,25543,1381,25564.44,25543.83,0.00
2025-11-27,10:42:00,25543,25551,25541.25,25549.5,1086,25564.31,25545.34,0.00
2025-11-27,10:43:00,25549.25,25552.75,25548.5,25550.25,627,25564.25,25546.38,0.00
2025-11-27,10:44:00,25550.75,25551.75,25548.25,25548.75,344,25564.21,25546.70,0.00
2025-11-27,10:45:00,25549.25,25554.75,25548.75,25552.5,557,25564.16,25547.44,0.00
2025-11-27,10:46:00,25552.25,25553.25,25550.5,25551.5,267,25564.14,25547.71,0.00
2025-11-27,10:47:00,25551.75,25552,25548.25,25549.75,340,25564.11,25547.88,0.00
2025-11-27,10:48:00,25549.75,25551.5,25548.75,25549.5,208,25564.08,25547.97,0.00
2025-11-27,10:49:00,25550,25552,25549.5,25551.25,167,25564.07,25548.07,0.00
2025-11-27,10:50:00,25551,25553.5,25550,25551.5,239,25564.05,25548.23,0.00
2025-11-27,10:51:00,25551.75,25551.75,25547,25549.5,362,25564.01,25548.31,0.00
2025-11-27,10:52:00,25549.25,25551,25548,25549.5,116,25564.00,25548.33,0.00
2025-11-27,10:53:00,25549,25550,25543.5,25546.25,544,25563.93,25548.18,0.00
2025-11-27,10:54:00,25545.5,25547.5,25543.5,25544,385,25563.88,25548.00,0.00
2025-11-27,10:55:00,25544.25,25545.75,25541.25,25545,588,25563.80,25547.67,0.00
2025-11-27,10:56:00,25545,25549,25543.75,25547.5,404,25563.75,25547.62,0.00
2025-11-27,10:57:00,25547.25,25550.5,25547.25,25549.5,427,25563.71,25547.70,0.00
2025-11-27,10:58:00,25549.5,25551.25,25546.25,25547,384,25563.67,25547.72,0.00
2025-11-27,10:59:00,25546.75,25548.25,25545.25,25546.25,219,25563.64,25547.69,0.00
2025-11-27,11:00:00,25546.5,25550.5,25546,25549.5,290,25563.61,25547.72,0.00
2025-11-27,11:01:00,25549.5,25551.5,25546.5,25549.5,417,25563.57,25547.79,0.00
2025-11-27,11:02:00,25549,25551.25,25547.25,25547.25,176,25563.55,25547.80,0.00
2025-11-27,11:03:00,25547.75,25549.5,25546,25548.25,201,25563.53,25547.80,0.00
2025-11-27,11:04:00,25548.5,25549.75,25547.75,25548.75,122,25563.52,25547.82,0.00
2025-11-27,11:05:00,25548.75,25550.5,25547.25,25548.75,192,25563.50,25547.84,0.00
2025-11-27,11:06:00,25549,25549.25,25547.25,25549,146,25563.49,25547.85,0.00
2025-11-27,11:07:00,25548.75,25550.75,25548,25549.75,221,25563.46,25547.88,0.00
2025-11-27,11:08:00,25549.75,25551.75,25548,25549.25,299,25563.44,25547.93,0.00
2025-11-27,11:09:00,25549.25,25551,25547.25,25550.25,249,25563.41,25547.97,0.00
2025-11-27,11:10:00,25550.5,25554.25,25549.75,25553.25,444,25563.38,25548.14,0.00
2025-11-27,11:11:00,25553.75,25555.5,25550,25552.5,467,25563.35,25548.32,0.00
2025-11-27,11:12:00,25551.75,25553.5,25550,25552,196,25563.33,25548.37,0.00
2025-11-27,11:13:00,25552,25559,25552,25558.75,764,25563.30,25548.86,0.00
2025-11-27,11:14:00,25558.75,25561,25556.5,25558.25,722,25563.27,25549.38,0.00
2025-11-27,11:15:00,25558,25559.75,25556.25,25557.25,397,25563.26,25549.62,0.00
2025-11-27,11:16:00,25557.25,25559.5,25554,25558.25,552,25563.24,25549.91,0.00
2025-11-27,11:17:00,25557.75,25557.75,25554.75,25556.5,262,25563.23,25550.02,0.00
2025-11-27,11:18:00,25556.25,25557.5,25554.75,25556.5,262,25563.21,25550.13,0.00
2025-11-27,11:19:00,25557,25559,25556.5,25556.75,265,25563.20,25550.26,0.00
2025-11-27,11:20:00,25557.25,25557.75,25555.75,25556.75,140,25563.20,25550.32,0.00
2025-11-27,11:21:00,25557,25558.5,25556,25557.25,326,25563.18,25550.46,0.00
2025-11-27,11:22:00,25557.25,25560.25,25557.25,25559.25,225,25563.18,25550.58,0.00
2025-11-27,11:23:00,25559.25,25560.25,25554.25,25556.5,311,25563.17,25550.70,0.00
2025-11-27,11:24:00,25556.5,25558.25,25555.5,25557.25,184,25563.16,25550.77,0.00
2025-11-27,11:25:00,25557.25,25561,25555.75,25559.5,277,25563.15,25550.91,0.00
2025-11-27,11:26:00,25560,25560,25556.75,25557.5,230,25563.14,25551.00,0.00
2025-11-27,11:27:00,25557.5,25557.75,25555.25,25556.25,206,25563.13,25551.07,0.00
2025-11-27,11:28:00,25556.5,25558.5,25555.75,25557,179,25563.13,25551.13,0.00
2025-11-27,11:29:00,25556.5,25557.75,25555,25555.5,222,25563.12,25551.19,0.00
2025-11-27,11:30:00,25554.75,25556.75,25553.75,25556.5,417,25563.10,25551.30,0.00
2025-11-27,11:31:00,25556.75,25557.75,25553.25,25553.5,323,25563.08,25551.36,0.00
2025-11-27,11:32:00,25553.25,25553.75,25547.25,25548,747,25563.02,25551.29,0.00
2025-11-27,11:33:00,25547.5,25550.5,25547.25,25549,388,25562.98,25551.24,0.00
2025-11-27,11:34:00,25549,25550,25546.5,25548,319,25562.95,25551.19,0.00
2025-11-27,11:35:00,25548.25,25548.75,25544.75,25546,338,25562.91,25551.12,0.00
2025-11-27,11:36:00,25545.75,25548,25543.25,25546.5,565,25562.85,25550.97,0.00
2025-11-27,11:37:00,25546.25,25550.25,25546.25,25548,416,25562.81,25550.92,0.00
2025-11-27,11:38:00,25548,25549,25545.5,25549,251,25562.79,25550.88,0.00
2025-11-27,11:39:00,25549,25551.25,25547.75,25549.75,270,25562.77,25550.87,0.00
2025-11-27,11:40:00,25549.75,25550,25546.25,25549.5,229,25562.75,25550.84,0.00
2025-11-27,11:41:00,25549.5,25550.5,25547.5,25549.5,228,25562.73,25550.82,0.00
2025-11-27,11:42:00,25549.25,25553.75,25549.25,25552.75,488,25562.70,25550.85,0.00
2025-11-27,11:43:00,25552.5,25555,25552.5,25554.5,374,25562.68,25550.90,0.00
2025-11-27,11:44:00,25555,25556,25552.75,25554,262,25562.66,25550.94,0.00
2025-11-27,11:45:00,25553.5,25555,25552,25552,141,25562.65,25550.95,0.00
2025-11-27,11:46:00,25551.75,25553.5,25550.25,25552.75,310,25562.63,25550.97,0.00
2025-11-27,11:47:00,25553.25,25554.75,25552.5,25553,161,25562.62,25550.98,0.00
2025-11-27,11:48:00,25552.75,25554.25,25552.75,25553.25,108,25562.62,25550.99,0.00
2025-11-27,11:49:00,25553.25,25554,25552,25553.75,156,25562.61,25551.01,0.00
2025-11-27,11:50:00,25553.75,25555.25,25553.5,25554.5,136,25562.60,25551.03,0.00
2025-11-27,11:51:00,25554.5,25555.5,25553.75,25554.5,269,25562.59,25551.07,0.00
2025-11-27,11:52:00,25554.5,25554.5,25552,25553.5,269,25562.57,25551.09,0.00
2025-11-27,11:53:00,25553.25,25555,25553,25553.5,177,25562.56,25551.11,0.00
2025-11-27,11:54:00,25553.5,25554.75,25552,25554,181,25562.55,25551.13,0.00
2025-11-27,11:55:00,25554,25554.25,25551.25,25552.5,206,25562.54,25551.14,0.00
2025-11-27,11:56:00,25552.75,25554.5,25551.5,25553.5,230,25562.53,25551.16,0.00
2025-11-27,11:57:00,25553.25,25555.5,25553.25,25554.75,268,25562.51,25551.19,0.00
2025-11-27,11:58:00,25554.75,25555.25,25553,25553.25,167,25562.50,25551.21,0.00
2025-11-27,11:59:00,25553,25555.25,25553,25553.75,107,25562.50,25551.22,0.00
2025-11-27,12:00:00,25554,25554.75,25553,25554,241,25562.49,25551.25,0.00
2025-11-27,12:01:00,25554,25555.25,25553.25,25554.5,240,25562.47,25551.27,0.00
2025-11-27,12:02:00,25555,25555.75,25551.5,25552.25,441,25562.45,25551.31,0.00
2025-11-27,12:03:00,25552.25,25552.5,25548.25,25548.75,350,25562.42,25551.29,0.00
2025-11-27,12:04:00,25548.75,25549,25542.5,25544.25,680,25562.35,25551.14,0.00
2025-11-27,12:05:00,25543.75,25544.25,25539,25542,855,25562.25,25541.75,0.00
2025-11-27,12:06:00,25542.25,25548.25,25541.5,25547.5,567,25562.19,25543.34,0.00
2025-11-27,12:07:00,25547.75,25549,25546,25547,222,25562.17,25543.88,0.00
2025-11-27,12:08:00,25547,25547.75,25545,25547.75,174,25562.15,25544.17,0.00
2025-11-27,12:09:00,25547.25,25551,25546.75,25550,296,25562.13,25544.88,0.00
2025-11-27,12:10:00,25550.25,25551.5,25549.5,25550.5,181,25562.12,25545.32,0.00
2025-11-27,12:11:00,25550.75,25550.75,25548.25,25549.25,215,25562.10,25545.67,0.00
2025-11-27,12:12:00,25549.5,25550.5,25543.75,25545,334,25562.07,25545.76,0.00
2025-11-27,12:13:00,25544.75,25545.25,25543.25,25543.75,305,25562.04,25545.60,0.00
2025-11-27,12:14:00,25544,25547.25,25542.75,25544.75,291,25562.01,25545.54,0.00
2025-11-27,12:15:00,25545,25550,25543,25549.5,340,25561.98,25545.72,0.00
2025-11-27,12:16:00,25549.75,25550.25,25546.25,25547.5,182,25561.96,25545.82,0.00
2025-11-27,12:17:00,25547.75,25552.5,25546.5,25552.25,325,25561.94,25546.17,0.00
2025-11-27,12:18:00,25552.5,25553,25548.25,25549.75,285,25561.92,25546.43,0.00
2025-11-27,12:19:00,25549.5,25552,25549,25550,178,25561.91,25546.58,0.00
2025-11-27,12:20:00,25550.25,25551,25548,25549.5,119,25561.90,25546.65,0.00
2025-11-27,12:21:00,25549.25,25550.75,25548.5,25549.25,150,25561.89,25546.73,0.00
2025-11-27,12:22:00,25549.25,25552.5,25549,25552,148,25561.88,25546.86,0.00
2025-11-27,12:23:00,25552.25,25553,25550.75,25552.5,239,25561.87,25547.09,0.00
2025-11-27,12:24:00,25552.5,25553,25551.25,25552,105,25561.86,25547.18,0.00
2025-11-27,12:25:00,25551.75,25552.25,25549.5,25551.75,183,25561.85,25547.31,0.00
2025-11-27,12:26:00,25551.25,25554.25,25549.75,25552.5,354,25561.83,25547.60,0.00
2025-11-27,12:27:00,25552.5,25555,25551.25,25554.25,312,25561.81,25547.89,0.00
2025-11-27,12:28:00,25554.5,25557.75,25554.5,25557.75,477,25561.80,25548.50,0.00
2025-11-27,12:29:00,25557.25,25557.25,25554.25,25554.5,413,25561.78,25548.89,0.00
2025-11-27,12:30:00,25554.5,25555.5,25553.5,25554.75,258,25561.77,25549.08,0.00
2025-11-27,12:31:00,25555,25555.75,25552.25,25553.5,338,25561.76,25549.29,0.00
2025-11-27,12:32:00,25553,25554.5,25550.5,25552.75,373,25561.74,25549.44,0.00
2025-11-27,12:33:00,25553,25554.75,25552.5,25553.25,128,25561.73,25549.50,0.00
2025-11-27,12:34:00,25552.75,25552.75,25550,25551.5,254,25561.72,25549.56,0.00
2025-11-27,12:35:00,25551.5,25553,25551.25,25552.25,158,25561.71,25549.60,0.00
2025-11-27,12:36:00,25552.5,25555,25551.75,25553.5,267,25561.70,25549.72,0.00
2025-11-27,12:37:00,25553.5,25555,25553.5,25553.5,94,25561.69,25549.76,0.00
2025-11-27,12:38:00,25553.75,25554.25,25552,25553.5,118,25561.69,25549.81,0.00
2025-11-27,12:39:00,25553.5,25553.75,25551.5,25552.25,108,25561.68,25549.84,0.00
2025-11-27,12:40:00,25552,25553.5,25551,25551.75,158,25561.67,25549.87,0.00
2025-11-27,12:41:00,25551.5,25551.75,25549.25,25550.75,245,25561.66,25549.89,0.00
2025-11-27,12:42:00,25550.5,25552.25,25550.5,25551.75,118,25561.65,25549.91,0.00
2025-11-27,12:43:00,25551.75,25553.25,25550.75,25552.75,83,25561.64,25549.93,0.00
2025-11-27,12:44:00,25552.5,25554.5,25552.5,25554.25,159,25561.64,25549.99,0.00
2025-11-27,12:45:00,25554.25,25554.25,25552.25,25552.5,76,25561.63,25550.01,0.00
2025-11-27,12:46:00,25552,25552.75,25550.25,25552.25,107,25561.63,25550.03,0.00
2025-11-27,12:47:00,25552.75,25553,25551.25,25552.75,70,25561.62,25550.05,0.00
2025-11-27,12:48:00,25552.5,25552.5,25550.5,25550.5,44,25561.62,25550.05,0.00
2025-11-27,12:49:00,25550.75,25551.25,25548.25,25549.5,243,25561.60,25550.04,0.00
2025-11-27,12:50:00,25549.5,25549.5,25547,25548.5,251,25561.59,25550.00,0.00
2025-11-27,12:51:00,25549,25550.25,25548.75,25548.75,109,25561.58,25550.00,0.00
2025-11-27,12:52:00,25549,25549,25546.5,25547.5,103,25561.57,25549.97,0.00
2025-11-27,12:53:00,25547.75,25547.75,25544,25544,224,25561.55,25549.88,0.00
2025-11-27,12:54:00,25544,25547.25,25544,25547,260,25561.53,25549.80,0.00
2025-11-27,12:55:00,25546.75,25547.25,25546,25546.75,92,25561.52,25549.77,0.00
2025-11-27,12:56:00,25547,25549.5,25545.75,25549.25,200,25561.50,25549.74,0.00
2025-11-27,12:57:00,25549.5,25551.75,25549,25550.75,187,25561.49,25549.76,0.00
2025-11-27,12:58:00,25550.75,25551.5,25549.25,25551.25,115,25561.48,25549.76,0.00
2025-11-27,12:59:00,25550.75,25552.25,25548.75,25550.5,134,25561.48,25549.77,0.00
2025-11-27,13:00:00,25550.25,25550.75,25546.75,25549.5,191,25561.46,25549.76,0.00
2025-11-27,13:01:00,25549.75,25551.5,25549,25550.25,242,25561.45,25549.77,0.00
2025-11-27,13:02:00,25550.5,25553.25,25550.25,25552.5,165,25561.44,25549.80,0.00
2025-11-27,13:03:00,25552.75,25553,25549.25,25549.25,109,25561.43,25549.80,0.00
2025-11-27,13:04:00,25549.25,25549.25,25547.5,25548.25,159,25561.42,25549.79,0.00
2025-11-27,13:05:00,25548.5,25551,25548.5,25550.75,63,25561.42,25549.79,0.00
2025-11-27,13:06:00,25551.25,25552,25550,25550.25,107,25561.41,25549.80,0.00
2025-11-27,13:07:00,25550.75,25550.75,25549,25549.5,75,25561.40,25549.80,0.00
2025-11-27,13:08:00,25550.25,25551,25550.25,25550.75,49,25561.40,25549.80,0.00
2025-11-27,13:09:00,25550.75,25550.75,25549.25,25549.5,33,25561.40,25549.80,0.00
2025-11-27,13:10:00,25549.25,25549.75,25548.5,25549.5,51,25561.40,25549.80,0.00
2025-11-27,13:11:00,25549.5,25549.5,25547.25,25548.5,138,25561.39,25549.78,0.00
2025-11-27,13:12:00,25548.5,25550.25,25548,25550,81,25561.38,25549.78,0.00
2025-11-27,13:13:00,25550,25550.5,25549,25549.5,61,25561.38,25549.78,0.00
2025-11-27,13:14:00,25549.5,25550.25,25549,25550.25,69,25561.37,25549.78,0.00
2025-11-27,13:15:00,25550,25550,25549,25549.5,53,25561.37,25549.78,0.00
2025-11-27,13:16:00,25549.5,25552.25,25549.25,25551.75,124,25561.36,25549.79,0.00
2025-11-27,13:17:00,25552.25,25552.5,25551,25551.5,90,25561.36,25549.80,0.00
2025-11-27,13:18:00,25550.75,25552,25550.5,25551.25,28,25561.36,25549.81,0.00
2025-11-27,13:19:00,25551,25551.5,25550.25,25550.75,37,25561.35,25549.81,0.00
2025-11-27,13:20:00,25550.5,25551.25,25550.25,25551,32,25561.35,25549.81,0.00
2025-11-27,13:21:00,25551,25551,25549.25,25549.75,99,25561.34,25549.81,0.00
2025-11-27,13:22:00,25549.75,25550.5,25549,25549.25,68,25561.34,25549.81,0.00
2025-11-27,13:23:00,25549.5,25550.5,25549,25549.75,42,25561.34,25549.81,0.00
2025-11-27,13:24:00,25549.5,25551,25549.5,25550.25,52,25561.33,25549.81,0.00
2025-11-27,13:25:00,25550.25,25550.5,25549.25,25549.5,78,25561.33,25549.81,0.00
2025-11-27,13:26:00,25549.75,25550,25548.75,25549.75,72,25561.32,25549.81,0.00
2025-11-27,13:27:00,25549.25,25550,25548.5,25549.5,50,25561.32,25549.81,0.00
2025-11-27,13:28:00,25549.75,25549.75,25548.5,25549.5,80,25561.32,25549.81,0.00
2025-11-27,13:29:00,25549.25,25549.5,25548.5,25549,56,25561.31,25549.80,0.00
2025-11-27,13:30:00,25549,25549.75,25548.75,25549.75,47,25561.31,25549.80,0.00
2025-11-27,13:31:00,25549.25,25551.75,25548.5,25551,157,25561.30,25549.81,0.00
2025-11-27,13:32:00,25551,25551.5,25550.25,25550.5,121,25561.29,25549.82,0.00
2025-11-27,13:33:00,25550.5,25552,25550.5,25551,94,25561.29,25549.82,0.00
2025-11-27,13:34:00,25550.75,25552,25550,25552,81,25561.28,25549.83,0.00
2025-11-27,13:35:00,25552,25553.25,25551.5,25552.75,123,25561.28,25549.85,0.00
2025-11-27,13:36:00,25553,25554.75,25552.5,25554.25,113,25561.27,25549.88,0.00
2025-11-27,13:37:00,25554.25,25555.5,25554,25555,91,25561.27,25549.91,0.00
2025-11-27,13:38:00,25555,25555,25553.5,25554,82,25561.27,25549.93,0.00
2025-11-27,13:39:00,25554,25554,25552.25,25552.5,77,25561.26,25549.95,0.00
2025-11-27,13:40:00,25552.5,25553,25550.75,25550.75,68,25561.26,25549.95,0.00
2025-11-27,13:41:00,25551.25,25553.25,25549.75,25553,88,25561.25,25549.96,0.00
2025-11-27,13:42:00,25553.25,25554.25,25553,25553.25,62,25561.25,25549.98,0.00
2025-11-27,13:43:00,25552.75,25554.25,25552.5,25553.75,57,25561.25,25549.99,0.00
2025-11-27,13:44:00,25554.25,25554.5,25552.5,25552.75,70,25561.25,25550.00,0.00
2025-11-27,13:45:00,25553,25554.5,25553,25554.25,110,25561.24,25550.03,0.00
2025-11-27,13:46:00,25554,25555.75,25554,25555,295,25561.23,25550.12,0.00
2025-11-27,13:47:00,25555.25,25556.25,25552,25552.5,108,25561.23,25550.14,0.00
2025-11-27,13:48:00,25552.75,25555.5,25552.75,25555.25,47,25561.22,25550.15,0.00
2025-11-27,13:49:00,25555.25,25555.25,25554.25,25554.25,20,25561.22,25550.16,0.00
2025-11-27,13:50:00,25554,25554,25553,25553,21,25561.22,25550.16,0.00
2025-11-27,13:51:00,25553,25555,25553,25553.5,93,25561.22,25550.18,0.00
2025-11-27,13:52:00,25554.5,25554.5,25552.75,25553,51,25561.22,25550.19,0.00
2025-11-27,13:53:00,25553,25554.25,25552.75,25553,47,25561.21,25550.20,0.00
2025-11-27,13:54:00,25553.25,25553.25,25552.25,25552.25,23,25561.21,25550.20,0.00
2025-11-27,13:55:00,25552,25553,25551.5,25553,38,25561.21,25550.21,0.00
2025-11-27,13:56:00,25553,25553.75,25552.5,25553.75,49,25561.21,25550.22,0.00
2025-11-27,13:57:00,25554,25554.75,25553.25,25554.25,179,25561.20,25550.26,0.00
2025-11-27,13:58:00,25553.75,25554.25,25552.75,25553,50,25561.20,25550.27,0.00
2025-11-27,13:59:00,25552.75,25553.75,25552,25552,59,25561.20,25550.27,0.00
2025-11-27,14:00:00,25553,25555.25,25551,25553,242,25561.19,25550.31,0.00
2025-11-27,19:01:00,25556.75,25573.25,25556.25,25566,1282,25565.17,25565.17,0.00
2025-11-27,19:02:00,25566.25,25572,25559.25,25566,491,25565.33,25565.33,0.00
2025-11-27,19:03:00,25567,25570.75,25560.75,25570,468,25565.71,25565.71,0.00
2025-11-27,19:04:00,25570.75,25572,25568.25,25569.25,202,25566.05,25566.05,0.00
2025-11-27,19:05:00,25568.5,25569.25,25565.5,25567.75,158,25566.14,25566.14,0.00
2025-11-27,19:06:00,25567.75,25571.75,25567.25,25571.25,330,25566.58,25566.58,0.00
2025-11-27,19:07:00,25571,25573.25,25558.5,25570.25,896,25566.76,25566.76,0.00
2025-11-27,19:08:00,25570.5,25576.5,25568.75,25573,480,25572.75,25567.43,0.00
2025-11-27,19:09:00,25572.25,25581.75,25571.75,25577.25,543,25576.92,25568.49,0.00
2025-11-27,19:10:00,25576.25,25579,25573.25,25574.25,308,25576.40,25568.91,0.00
2025-11-27,19:11:00,25574.5,25579.5,25574.25,25576.5,174,25576.46,25569.16,0.00
2025-11-27,19:12:00,25576,25576.25,25569,25569.5,381,25575.14,25569.33,0.00
2025-11-27,19:13:00,25569.25,25574.75,25568.25,25572.25,278,25574.58,25569.44,0.00
2025-11-27,19:14:00,25571.5,25576.5,25570.5,25570.5,215,25574.35,25569.54,0.00
2025-11-27,19:15:00,25570.25,25572.25,25569,25570.25,95,25574.16,25569.56,0.00
2025-11-27,19:16:00,25569.25,25570.25,25565.25,25565.5,249,25573.37,25569.46,0.00
2025-11-27,19:17:00,25565.5,25566.25,25562,25565.25,322,25572.25,25569.23,0.00
2025-11-27,19:18:00,25564.5,25564.5,25559.5,25561.25,290,25571.19,25568.93,0.00
2025-11-27,19:19:00,25560.75,25563.75,25560.5,25562.5,143,25570.76,25568.80,0.00
2025-11-27,19:20:00,25562.5,25567.25,25562.25,25564.75,261,25570.28,25568.66,0.00
2025-11-27,19:21:00,25564,25570.5,25563.5,25568.75,321,25570.04,25568.61,0.00
2025-11-27,19:22:00,25569.25,25571.25,25567.75,25569.5,209,25570.01,25568.64,0.00
2025-11-27,19:23:00,25568.75,25570.5,25565,25569,174,25569.93,25568.63,0.00
2025-11-27,19:24:00,25568.5,25573,25567.75,25570.5,272,25569.96,25568.68,0.00
2025-11-27,19:25:00,25571.25,25575,25570.25,25573.75,170,25570.08,25568.77,0.00
2025-11-27,19:26:00,25573.5,25575.25,25572.25,25574.25,156,25570.21,25568.86,0.00
2025-11-27,19:27:00,25573.5,25576.25,25573.25,25575,175,25570.38,25568.97,0.00
2025-11-27,19:28:00,25574.5,25575.75,25569.75,25575.75,300,25570.58,25569.13,0.00
2025-11-27,19:29:00,25576,25578.25,25573.75,25575.25,364,25570.93,25569.37,0.00
2025-11-27,19:30:00,25574.5,25575.75,25571.75,25575.5,163,25571.03,25569.46,0.00
2025-11-27,19:31:00,25575.25,25576.5,25572,25572.75,169,25571.11,25569.53,0.00
2025-11-27,19:32:00,25572.75,25572.75,25569.75,25571.5,168,25571.11,25569.56,0.00
2025-11-27,19:33:00,25571.25,25571.5,25568.25,25570.25,152,25571.09,25569.56,0.00
2025-11-27,19:34:00,25569.5,25570,25566.5,25569.75,227,25571.00,25569.55,0.00
2025-11-27,19:35:00,25568.75,25572,25568.5,25570.25,110,25570.99,25569.55,0.00
2025-11-27,19:36:00,25570,25571.25,25569.75,25570.5,66,25570.98,25569.56,0.00
2025-11-27,19:37:00,25570.5,25572,25570.25,25570.75,65,25570.98,25569.57,0.00
2025-11-27,19:38:00,25570.25,25572,25569.5,25571.5,57,25570.98,25569.58,0.00
2025-11-27,19:39:00,25570.75,25574,25569.5,25572.25,81,25571.00,25569.59,0.00
2025-11-27,19:40:00,25572.5,25573.75,25572,25573,41,25571.01,25569.61,0.00
2025-11-27,19:41:00,25572.5,25575.5,25571.75,25574.25,91,25571.04,25569.64,0.00
2025-11-27,19:42:00,25574,25575.5,25572.5,25573.75,90,25571.08,25569.68,0.00
2025-11-27,19:43:00,25574,25574.25,25571.75,25571.75,60,25571.10,25569.69,0.00
2025-11-27,19:44:00,25572.75,25574.25,25571.75,25572.75,48,25571.11,25569.70,0.00
2025-11-27,19:45:00,25572.75,25574.75,25572.5,25573.75,70,25571.13,25569.73,0.00
2025-11-27,19:46:00,25573.5,25578,25572.5,25576.75,241,25571.29,25569.85,0.00
2025-11-27,19:47:00,25577,25581.25,25576.25,25579.75,575,25571.86,25570.29,0.00
2025-11-27,19:48:00,25579.75,25583.75,25579.25,25580,439,25581.00,25570.66,0.00
2025-11-27,19:49:00,25579.5,25584,25579.25,25581.25,246,25581.50,25570.87,0.00
2025-11-27,19:50:00,25581.25,25582.5,25580.25,25580.25,134,25581.32,25570.97,0.00
2025-11-27,19:51:00,25580.25,25583.25,25579,25582.75,166,25581.43,25571.11,0.00
2025-11-27,19:52:00,25583,25586.25,25582.25,25583.5,315,25584.00,25571.41,0.00
2025-11-27,19:53:00,25583.5,25584.75,25582.25,25584,154,25583.89,25571.55,0.00
2025-11-27,19:54:00,25583.75,25585.25,25582.75,25583.5,115,25583.88,25571.65,0.00
2025-11-27,19:55:00,25584.25,25584.25,25579.75,25582.5,143,25583.54,25571.76,0.00
2025-11-27,19:56:00,25582.25,25583.75,25581.75,25582,78,25583.44,25571.82,0.00
2025-11-27,19:57:00,25582.25,25583.25,25581,25581,46,25583.35,25571.85,0.00
2025-11-27,19:58:00,25581.5,25581.75,25580,25580.5,82,25583.12,25571.90,0.00
2025-11-27,19:59:00,25580.5,25584.5,25580.5,25583.25,113,25583.08,25571.99,0.00
2025-11-27,20:00:00,25584.25,25584.5,25581.25,25581.25,80,25583.03,25572.05,0.00
2025-11-27,20:01:00,25581.5,25584.5,25577.5,25579.75,315,25582.49,25572.23,0.00
2025-11-27,20:02:00,25579.75,25588.75,25579.75,25588.5,426,25585.67,25572.61,0.00
2025-11-27,20:03:00,25588,25588.75,25585.75,25586.5,193,25586.08,25572.79,0.00
2025-11-27,20:04:00,25587.25,25587.75,25583.75,25587.5,287,25586.16,25573.05,0.00
2025-11-27,20:05:00,25586.75,25590.5,25584.75,25588.5,254,25587.92,25573.28,0.00
2025-11-27,20:06:00,25589.25,25595.25,25587.25,25590.25,622,25590.92,25573.95,0.00
2025-11-27,20:07:00,25589.5,25596.75,25589.5,25594.5,361,25593.58,25574.38,0.00
2025-11-27,20:08:00,25594,25594.25,25588.5,25591.75,293,25592.65,25574.67,0.00
2025-11-27,20:09:00,25591.75,25595.75,25590,25595.25,148,25592.84,25574.84,0.00
2025-11-27,20:10:00,25594.5,25597.5,25593.25,25596,248,25595.58,25575.13,0.00
2025-11-27,20:11:00,25596.25,25597.5,25593.25,25596.25,193,25595.62,25575.35,0.00
2025-11-27,20:12:00,25596.25,25598.75,25593.5,25595,239,25595.75,25575.63,0.00
2025-11-27,20:13:00,25594.25,25602,25594,25601,490,25599.00,25576.25,0.00
2025-11-27,20:14:00,25600.75,25602,25598.75,25601.75,226,25599.58,25576.55,0.00
2025-11-27,20:15:00,25602.25,25603.25,25598.75,25600.25,307,25600.75,25576.94,0.00
2025-11-27,20:16:00,25600.5,25604,25599.75,25600.25,293,25601.33,25577.32,0.00
2025-11-27,20:17:00,25600.75,25605.25,25600.25,25601.5,294,25602.33,25577.69,0.00
2025-11-27,20:18:00,25601.25,25603,25600,25600.75,210,25601.88,25577.94,0.00
2025-11-27,20:19:00,25600.75,25602,25594.75,25598.25,409,25600.29,25578.36,0.00
2025-11-27,20:20:00,25598.25,25599.75,25596,25599,132,25600.03,25578.49,0.00
2025-11-27,20:21:00,25599.25,25600.25,25596,25597.75,158,25599.77,25578.64,0.00
2025-11-27,20:22:00,25598,25599.25,25596.5,25597.75,126,25599.58,25578.76,0.00
2025-11-27,20:23:00,25597.25,25598.25,25595.25,25595.25,100,25599.35,25578.84,0.00
2025-11-27,20:24:00,25595.25,25598.25,25593.5,25594,275,25598.69,25579.06,0.00
2025-11-27,20:25:00,25593.5,25594.5,25591.5,25594,288,25597.91,25579.25,0.00
2025-11-27,20:26:00,25593.75,25597.25,25592.75,25597,217,25597.69,25579.42,0.00
2025-11-27,20:27:00,25597.5,25598.25,25596.5,25597.5,98,25597.68,25579.50,0.00
2025-11-27,20:28:00,25597.5,25598.75,25596.75,25597.75,107,25597.68,25579.59,0.00
2025-11-27,20:29:00,25597.75,25598.5,25596.25,25597.5,63,25597.68,25579.64,0.00
2025-11-27,20:30:00,25597.25,25597.5,25592.25,25593.75,177,25597.47,25579.76,0.00
2025-11-27,20:31:00,25593.75,25599.5,25593.75,25597.75,245,25597.43,25579.96,0.00
2025-11-27,20:32:00,25597.5,25599,25595.75,25596,73,25597.41,25580.01,0.00
2025-11-27,20:33:00,25595.75,25596,25592.25,25594,190,25597.21,25580.13,0.00
2025-11-27,20:34:00,25594.75,25597.75,25594,25596.75,79,25597.19,25580.19,0.00
2025-11-27,20:35:00,25596.25,25597.75,25595.25,25596.5,78,25597.17,25580.24,0.00
2025-11-27,20:36:00,25596.75,25597,25594.5,25596,56,25597.15,25580.28,0.00
2025-11-27,20:37:00,25595.5,25596,25593.5,25593.5,65,25597.10,25580.32,0.00
2025-11-27,20:38:00,25593.5,25595,25591.25,25593.75,174,25596.92,25580.42,0.00
2025-11-27,20:39:00,25593.5,25594,25591.25,25593.25,132,25596.77,25580.49,0.00
2025-11-27,20:40:00,25593,25593.5,25591,25592.5,132,25596.62,25580.56,0.00
2025-11-27,20:41:00,25592.5,25592.5,25587,25588.25,308,25596.08,25580.68,0.00
2025-11-27,20:42:00,25588,25590.25,25587.75,25589,104,25595.91,25580.71,0.00
2025-11-27,20:43:00,25589,25591.25,25588.75,25588.75,115,25595.74,25580.76,0.00
2025-11-27,20:44:00,25590.25,25590.25,25588.5,25588.5,51,25595.67,25580.77,0.00
2025-11-27,20:45:00,25588.25,25590.75,25588,25590.5,85,25595.55,25580.81,0.00
2025-11-27,20:46:00,25589.75,25590.75,25588.25,25589.25,75,25595.46,25580.83,0.00
2025-11-27,20:47:00,25589.25,25591,25584.25,25587,226,25595.08,25580.90,0.00
2025-11-27,20:48:00,25587,25588.75,25586.25,25588.25,101,25594.93,25580.92,0.00
2025-11-27,20:49:00,25588.25,25596.25,25586.25,25596,309,25594.81,25581.07,0.00
2025-11-27,20:50:00,25596,25598,25593.25,25597.25,310,25594.88,25581.26,0.00
2025-11-27,20:51:00,25596.5,25598.25,25594,25596.25,187,25594.92,25581.38,0.00
2025-11-27,20:52:00,25595.5,25596.25,25592.25,25594.5,167,25594.91,25581.46,0.00
2025-11-27,20:53:00,25595,25596.5,25594,25595.25,78,25594.91,25581.50,0.00
2025-11-27,20:54:00,25596,25597.5,25595,25596.25,79,25594.93,25581.55,0.00
2025-11-27,20:55:00,25595.5,25597.25,25595.5,25596.75,42,25594.94,25581.58,0.00
2025-11-27,20:56:00,25596.75,25597.5,25595.25,25595.75,102,25594.96,25581.63,0.00
2025-11-27,20:57:00,25594.75,25598.75,25594.75,25595.5,185,25595.00,25581.74,0.00
2025-11-27,20:58:00,25595,25595,25589.25,25592,209,25594.91,25581.82,0.00
2025-11-27,20:59:00,25592,25595,25591.25,25595,110,25594.89,25581.87,0.00
2025-11-27,21:00:00,25595,25595.75,25593.5,25594.5,73,25594.89,25581.91,0.00
2025-11-27,21:01:00,25595.25,25595.75,25591,25591.75,95,25594.86,25581.95,0.00
2025-11-27,21:02:00,25591.5,25594,25589.75,25592.5,92,25594.82,25581.99,0.00
2025-11-27,21:03:00,25592.75,25594.75,25591.75,25594.5,76,25594.81,25582.02,0.00
2025-11-27,21:04:00,25593.5,25598.25,25593,25598.25,141,25594.84,25582.10,0.00
2025-11-27,21:05:00,25598,25599.25,25593.5,25597,173,25594.88,25582.19,0.00
2025-11-27,21:06:00,25596,25598,25595.25,25596.75,84,25594.90,25582.24,0.00
2025-11-27,21:07:00,25596.5,25608.25,25595.5,25605.75,523,25603.17,25582.64,0.00
2025-11-27,21:08:00,25605.75,25606.5,25602,25602.75,236,25603.35,25582.82,0.00
2025-11-27,21:09:00,25603.25,25609.25,25602.5,25608.5,304,25606.75,25583.08,0.00
2025-11-27,21:10:00,25606,25610,25604.25,25607.75,300,25607.33,25583.34,0.00
2025-11-27,21:11:00,25607.75,25614.25,25607.25,25610.5,393,25610.67,25583.72,0.00
2025-11-27,21:12:00,25612.75,25613.25,25609.25,25611,149,25610.80,25583.87,0.00
2025-11-27,21:13:00,25609,25611.25,25603.25,25608.25,262,25609.75,25584.08,0.00
2025-11-27,21:14:00,25607.75,25612.5,25605,25612.25,96,25609.77,25584.17,0.00
2025-11-27,21:15:00,25612.25,25612.25,25608,25611.25,126,25609.86,25584.28,0.00
2025-11-27,21:16:00,25611.25,25611.25,25607,25608.25,100,25609.77,25584.37,0.00
2025-11-27,21:17:00,25608.75,25611.25,25605.75,25609.25,100,25609.69,25584.45,0.00
2025-11-27,21:18:00,25609.25,25612.25,25608.25,25612.25,83,25609.76,25584.52,0.00
2025-11-27,21:19:00,25611.25,25611.5,25606.75,25606.75,85,25609.68,25584.59,0.00
2025-11-27,21:20:00,25609,25611.5,25606.75,25609.25,66,25609.65,25584.65,0.00
2025-11-27,21:21:00,25609.25,25610.75,25607.5,25607.75,59,25609.62,25584.70,0.00
2025-11-27,21:22:00,25609.75,25614.25,25608.25,25614.25,132,25609.83,25584.82,0.00
2025-11-27,21:23:00,25613.75,25617.25,25611.75,25616.75,213,25615.25,25585.04,0.00
2025-11-27,21:24:00,25615,25618.5,25614,25618.5,186,25617.00,25585.23,0.00
2025-11-27,21:25:00,25618.5,25619.25,25616,25616.25,95,25617.17,25585.33,0.00
2025-11-27,21:26:00,25618,25618.5,25614.25,25616.75,96,25616.83,25585.43,0.00
2025-11-27,21:27:00,25614.25,25617.5,25614,25617.25,94,25616.64,25585.53,0.00
2025-11-27,21:28:00,25617,25617.5,25614.5,25615.25,47,25616.51,25585.58,0.00
2025-11-27,21:29:00,25615.25,25617,25612.25,25614.25,125,25615.96,25585.69,0.00
2025-11-27,21:30:00,25614.25,25614.5,25609.75,25611.25,117,25615.12,25585.79,0.00
2025-11-27,21:31:00,25609.75,25611.5,25604,25604,270,25612.36,25585.97,0.00
2025-11-27,21:32:00,25606.75,25607,25603.25,25603.5,134,25611.30,25586.05,0.00
2025-11-27,21:33:00,25603.5,25604.75,25600.25,25604.25,207,25609.86,25586.17,0.00
2025-11-27,21:34:00,25603.25,25603.25,25599.5,25600.25,94,25609.21,25586.21,0.00
2025-11-27,21:35:00,25600.25,25601.75,25597,25599.5,227,25607.73,25586.31,0.00
2025-11-27,21:36:00,25601.75,25603.75,25599,25602.25,145,25607.20,25586.38,0.00
2025-11-27,21:37:00,25602.25,25602.5,25598.25,25599,103,25606.77,25586.42,0.00
2025-11-27,21:38:00,25599.75,25603.25,25598,25599.75,94,25606.45,25586.46,0.00
2025-11-27,21:39:00,25599.5,25603.5,25598.5,25602.75,70,25606.27,25586.50,0.00
2025-11-27,21:40:00,25599.5,25602.75,25598.75,25598.75,63,25606.07,25586.52,0.00
2025-11-27,21:41:00,25599,25601.75,25597.5,25597.75,99,25605.74,25586.56,0.00
2025-11-27,21:42:00,25597.25,25598.75,25593.25,25593.5,218,25604.73,25586.62,0.00
2025-11-27,21:43:00,25593.5,25597.5,25592.75,25593.75,143,25604.14,25586.65,0.00
2025-11-27,21:44:00,25592.75,25598,25589,25592.25,239,25603.16,25586.70,0.00
2025-11-27,21:45:00,25591.75,25595.25,25589.5,25592.5,80,25602.85,25586.71,0.00
2025-11-27,21:46:00,25595.5,25597,25592.5,25597,90,25602.61,25586.74,0.00
2025-11-27,21:47:00,25597,25597.5,25593.5,25596.75,48,25602.50,25586.75,0.00
2025-11-27,21:48:00,25596.25,25600.25,25594.75,25595.5,81,25602.35,25586.78,0.00
2025-11-27,21:49:00,25597.75,25601.25,25595.25,25596,160,25602.10,25586.83,0.00
2025-11-27,21:50:00,25600,25600,25596,25597.5,39,25602.05,25586.84,0.00
2025-11-27,21:51:00,25597.5,25600.25,25597.25,25599.75,49,25602.00,25586.86,0.00
2025-11-27,21:52:00,25598.25,25600.25,25596.5,25598.5,42,25601.96,25586.87,0.00
2025-11-27,21:53:00,25597,25600.25,25596.25,25598.5,41,25601.91,25586.89,0.00
2025-11-27,21:54:00,25599.25,25601.5,25597.5,25599.75,62,25601.87,25586.91,0.00
2025-11-27,21:55:00,25599.5,25602,25598.5,25598.5,60,25601.83,25586.93,0.00
2025-11-27,21:56:00,25601.75,25601.75,25596.5,25599.75,82,25601.77,25586.96,0.00
2025-11-27,21:57:00,25597.25,25601.25,25597.25,25600.5,34,25601.75,25586.98,0.00
2025-11-27,21:58:00,25598.25,25600.75,25598.25,25599.75,19,25601.74,25586.98,0.00
2025-11-27,21:59:00,25600.75,25600.75,25598,25599.25,17,25601.73,25586.99,0.00
2025-11-27,22:00:00,25599,25599.75,25596.5,25596.5,66,25601.66,25587.01,0.00
2025-11-27,22:01:00,25599.25,25600.25,25595.5,25595.5,60,25601.58,25587.03,0.00
2025-11-27,22:02:00,25595.5,25598,25594.75,25596.25,42,25601.52,25587.04,0.00
2025-11-27,22:03:00,25596.25,25598.25,25595.25,25598,38,25601.48,25587.05,0.00
2025-11-27,22:04:00,25598.25,25598.25,25596.25,25597.25,24,25601.45,25587.06,0.00
2025-11-27,22:05:00,25597.25,25598.25,25596,25596.25,23,25601.42,25587.07,0.00
2025-11-27,22:06:00,25598.25,25601.25,25595.75,25598.25,128,25601.33,25587.11,0.00
2025-11-27,22:07:00,25598.75,25601.75,25598.5,25601.75,44,25601.32,25587.13,0.00
2025-11-27,22:08:00,25599.5,25601.5,25598.25,25601,41,25601.31,25587.14,0.00
2025-11-27,22:09:00,25599,25601.25,25598.5,25601,39,25601.30,25587.16,0.00
2025-11-27,22:10:00,25601.25,25601.5,25599.25,25601.25,21,25601.30,25587.17,0.00
2025-11-27,22:11:00,25601.25,25601.25,25599.25,25599.25,20,25601.29,25587.17,0.00
2025-11-27,22:12:00,25599.25,25601.5,25599,25599,24,25601.28,25587.18,0.00
2025-11-27,22:13:00,25599,25599.25,25596.25,25598.25,60,25601.23,25587.20,0.00
2025-11-27,22:14:00,25598.75,25599,25594.25,25595,58,25601.16,25587.22,0.00
2025-11-27,22:15:00,25595,25597.5,25594.25,25594.25,43,25601.11,25587.23,0.00
2025-11-27,22:16:00,25594.25,25598.25,25594.25,25596,32,25601.07,25587.23,0.00
2025-11-27,22:17:00,25598,25598.25,25595,25597.25,21,25601.05,25587.24,0.00
2025-11-27,22:18:00,25596.75,25598,25595.75,25598,14,25601.04,25587.24,0.00
2025-11-27,22:19:00,25597.75,25598.25,25597.75,25597.75,8,25601.03,25587.25,0.00
2025-11-27,22:20:00,25596.75,25600,25595.25,25598.25,44,25601.00,25587.26,0.00
2025-11-27,22:21:00,25595.5,25598.5,25595.25,25596.25,29,25600.97,25587.27,0.00
2025-11-27,22:22:00,25596.25,25596.75,25593.5,25595.5,44,25600.91,25587.28,0.00
2025-11-27,22:23:00,25593.5,25598.25,25593.25,25597,33,25600.88,25587.29,0.00
2025-11-27,22:24:00,25594.5,25596.25,25593.75,25593.75,26,25600.84,25587.29,0.00
2025-11-27,22:25:00,25593.25,25595,25592.5,25593.25,40,25600.78,25587.30,0.00
2025-11-27,22:26:00,25593.25,25597.75,25592.5,25597.75,47,25600.73,25587.31,0.00
2025-11-27,22:27:00,25597.25,25598.5,25594.5,25598.5,33,25600.71,25587.32,0.00
2025-11-27,22:28:00,25598,25598.5,25596.25,25596.25,26,25600.69,25587.33,0.00
2025-11-27,22:29:00,25596.25,25598.5,25595.25,25596,20,25600.67,25587.33,0.00
2025-11-27,22:30:00,25597.75,25598.25,25595.25,25596,23,25600.65,25587.34,0.00
2025-11-27,22:31:00,25597.25,25599.75,25594.75,25599.75,55,25600.62,25587.36,0.00
2025-11-27,22:32:00,25599.75,25600.75,25597.25,25600.5,48,25600.61,25587.37,0.00
2025-11-27,22:33:00,25597.5,25601.75,25595.25,25597.25,60,25600.58,25587.39,0.00
2025-11-27,22:34:00,25599.25,25600,25596,25599,38,25600.56,25587.40,0.00
2025-11-27,22:35:00,25599,25599.5,25596,25596,38,25600.54,25587.41,0.00
2025-11-27,22:36:00,25596,25601.25,25595.75,25601.25,86,25600.52,25587.44,0.00
2025-11-27,22:37:00,25597,25601.25,25596.25,25599,42,25600.50,25587.46,0.00
2025-11-27,22:38:00,25596.5,25598.75,25594.75,25595.75,35,25600.48,25587.47,0.00
2025-11-27,22:39:00,25595.5,25598.5,25594.25,25597.25,43,25600.44,25587.48,0.00
2025-11-27,22:40:00,25596.5,25598.25,25594.25,25598.25,25,25600.43,25587.48,0.00
2025-11-27,22:41:00,25595,25602,25595,25600.25,86,25600.41,25587.51,0.00
2025-11-27,22:42:00,25600.25,25600.25,25596.75,25599.25,11,25600.40,25587.52,0.00
2025-11-27,22:43:00,25596.75,25596.75,25596.25,25596.25,6,25600.40,25587.52,0.00
2025-11-27,22:44:00,25596,25600,25595.25,25596.75,39,25600.37,25587.53,0.00
2025-11-27,22:45:00,25598.75,25598.75,25596.25,25598.25,6,25600.37,25587.53,0.00
