Date,Time,Open,High,Low,Close,Volume,HighVWAP,LowVWAP,LevelPrice
2025-11-24,00:00:00,24740.75,24741.5,24736.25,24737.5,182,24723.61,24721.64,0.00
2025-11-24,00:01:00,24737.25,24737.25,24731,24735.75,533,24723.64,24721.70,0.00
2025-11-24,00:02:00,24736,24741,24727.75,24732.75,737,24723.68,24721.77,0.00
2025-11-24,00:03:00,24733,24734,24727.5,24730.75,377,24723.70,24721.80,0.00
2025-11-24,00:04:00,24730.75,24735.25,24730,24734,257,24723.71,24721.83,0.00
2025-11-24,00:05:00,24734.25,24744.25,24734.25,24743,664,24723.77,24721.93,0.00
2025-11-24,00:06:00,24742.5,24745,24736.75,24737.5,316,24723.80,24721.97,0.00
2025-11-24,00:07:00,24738,24742.25,24734.5,24739.75,297,24723.82,24722.01,0.00
2025-11-24,00:08:00,24739.25,24741.75,24736.75,24736.75,152,24723.84,24722.03,0.00
2025-11-24,00:09:00,24737,24742.75,24736.25,24739,251,24723.86,24722.07,0.00
2025-11-24,00:10:00,24738.5,24744.5,24737.25,24743.5,268,24723.88,24722.11,0.00
2025-11-24,00:11:00,24742.75,24744.25,24736.5,24737.75,513,24723.93,24722.18,0.00
2025-11-24,00:12:00,24737.75,24738.25,24723.25,24724.25,1118,24723.95,24722.24,0.00
2025-11-24,00:13:00,24724.5,24724.75,24708,24710.75,1635,24723.87,24722.14,0.00
2025-11-24,00:14:00,24710.5,24712,24699,24706.25,1172,24723.76,24721.99,0.00
2025-11-24,00:15:00,24705.75,24710.5,24701.25,24706.75,694,24723.69,24721.91,0.00
2025-11-24,00:16:00,24706.75,24706.75,24691.75,24701.75,1216,24723.54,24721.70,0.00
2025-11-24,00:17:00,24701.25,24709.75,24696.25,24707.25,803,24723.46,24721.60,0.00
2025-11-24,00:18:00,24707.25,24710.25,24693,24695.25,870,24723.35,24721.45,0.00
2025-11-24,00:19:00,24695.25,24700.25,24694.5,24697.25,446,24723.29,24721.37,0.00
2025-11-24,00:20:00,24697.75,24699,24692.75,24694.75,517,24723.22,24721.27,0.00
2025-11-24,00:21:00,24694.5,24707,24694.5,24704,755,24723.13,24721.16,0.00
2025-11-24,00:22:00,24703.5,24705.25,24698.25,24699.75,401,24723.09,24721.10,0.00
2025-11-24,00:23:00,24699.5,24704,24693.5,24703.25,425,24723.04,24721.04,0.00
2025-11-24,00:24:00,24702.75,24703.5,24696.25,24698,461,24722.98,24720.96,0.00
2025-11-24,00:25:00,24698.5,24698.5,24689.25,24693.5,637,24722.89,24720.83,0.00
2025-11-24,00:26:00,24693.75,24701.25,24692.25,24695,527,24722.81,24720.74,0.00
2025-11-24,00:27:00,24694.5,24700.75,24684.75,24690.5,936,24722.67,24720.54,0.00
2025-11-24,00:28:00,24690.5,24700.5,24687.75,24700.5,621,24722.58,24720.43,0.00
2025-11-24,00:29:00,24699.5,24705.5,24694.75,24703.25,853,24722.49,24720.32,0.00
2025-11-24,00:30:00,24703,24704.5,24699.5,24703.25,308,24722.46,24720.28,0.00
2025-11-24,00:31:00,24703.25,24713,24702.75,24707.5,833,24722.40,24720.20,0.00
2025-11-24,00:32:00,24707.75,24714.25,24705.75,24713,520,24722.37,24720.17,0.00
2025-11-24,00:33:00,24713,24716.25,24708.75,24713.25,630,24722.34,24720.13,0.00
2025-11-24,00:34:00,24713,24717.5,24710.75,24714.5,296,24722.33,24720.12,0.00
2025-11-24,00:35:00,24714,24714,24705.25,24705.5,618,24722.28,24720.07,0.00
2025-11-24,00:36:00,24704.75,24705.25,24695.5,24702.5,671,24722.21,24719.98,0.00
2025-11-24,00:37:00,24701.75,24708,24700.75,24702.25,411,24722.18,24719.93,0.00
2025-11-24,00:38:00,24701.25,24710,24701.25,24707.5,237,24722.16,24719.91,0.00
2025-11-24,00:39:00,24706.5,24721,24705.75,24717.75,938,24722.12,24719.88,0.00
2025-11-24,00:40:00,24717.25,24722.5,24716.25,24719.75,510,24722.12,24719.88,0.00
2025-11-24,00:41:00,24720.25,24722.5,24716,24717.5,291,24722.11,24719.88,0.00
2025-11-24,00:42:00,24717,24718.25,24713.75,24714.75,285,24722.10,24719.87,0.00
2025-11-24,00:43:00,24716,24724.5,24715.25,24721.75,442,24722.10,24719.87,0.00
2025-11-24,00:44:00,24721.5,24721.5,24711.25,24715.5,480,24722.09,24719.86,0.00
2025-11-24,00:45:00,24715.75,24717.75,24714.25,24716.75,197,24722.08,24719.85,0.00
2025-11-24,00:46:00,24717,24721.25,24716.75,24719.5,375,24722.08,24719.85,0.00
2025-11-24,00:47:00,24719.75,24726,24713.5,24716.5,664,24722.06,24719.84,0.00
2025-11-24,00:48:00,24716.25,24716.5,24701.75,24701.75,853,24722.00,24719.77,0.00
2025-11-24,00:49:00,24701.5,24706.5,24698,24701.75,536,24721.95,24719.71,0.00
2025-11-24,00:50:00,24701,24708.75,24701,24706.25,400,24721.92,24719.67,0.00
2025-11-24,00:51:00,24705.75,24711.75,24704.25,24710,308,24721.90,24719.64,0.00
2025-11-24,00:52:00,24709,24716,24706,24715.5,311,24721.88,24719.63,0.00
2025-11-24,00:53:00,24716,24722.25,24710,24720.25,581,24721.87,24719.62,0.00
2025-11-24,00:54:00,24720.75,24723.5,24718.25,24719.75,394,24721.87,24719.62,0.00
2025-11-24,00:55:00,24719.25,24720.5,24715.25,24717,284,24721.86,24719.62,0.00
2025-11-24,00:56:00,24718.25,24729.25,24718.25,24726.5,797,24721.87,24719.65,0.00
2025-11-24,00:57:00,24726.75,24728.5,24710,24715.5,754,24721.86,24719.64,0.00
2025-11-24,00:58:00,24715.25,24715.75,24707,24707,490,24721.83,24719.61,0.00
2025-11-24,00:59:00,24707,24711.5,24704,24707.5,476,24721.80,24719.57,0.00
2025-11-24,01:00:00,24706,24710,24704.75,24705.75,302,24721.78,24719.55,0.00
2025-11-24,01:01:00,24705.25,24711.25,24702.5,24706.75,629,24721.74,24719.49,0.00
2025-11-24,01:02:00,24707.5,24708.25,24698.75,24699.75,491,24721.69,24719.44,0.00
2025-11-24,01:03:00,24700,24714.75,24700,24713.5,541,24721.66,24719.40,0.00
2025-11-24,01:04:00,24713.25,24716.5,24702,24704.25,424,24721.63,24719.37,0.00
2025-11-24,01:05:00,24705.75,24711.75,24703.75,24709.25,382,24721.61,24719.34,0.00
2025-11-24,01:06:00,24709,24713.75,24707.75,24709.5,279,24721.59,24719.33,0.00
2025-11-24,01:07:00,24709.5,24724.5,24709.25,24721.75,602,24721.59,24719.33,0.00
2025-11-24,01:08:00,24721.25,24732.25,24721.25,24731.25,721,24721.61,24719.37,0.00
2025-11-24,01:09:00,24732,24735.25,24730.25,24734.75,587,24721.64,24719.42,0.00
2025-11-24,01:10:00,24734.5,24738.5,24733.25,24736,453,24721.67,24719.47,0.00
2025-11-24,01:11:00,24736.75,24742.25,24735.25,24741.5,538,24721.71,24719.53,0.00
2025-11-24,01:12:00,24742.25,24750.25,24741.5,24749,1006,24721.83,24719.70,0.00
2025-11-24,01:13:00,24748.5,24754,24746.75,24751.5,745,24721.93,24719.85,0.00
2025-11-24,01:14:00,24752.25,24758,24749.75,24755.5,720,24722.03,24720.00,0.00
2025-11-24,01:15:00,24755.25,24758.75,24750,24753.75,788,24722.15,24720.17,0.00
2025-11-24,01:16:00,24754.25,24762.25,24753.75,24755,648,24722.25,24720.31,0.00
2025-11-24,01:17:00,24754.25,24761,24753.75,24755.25,344,24722.30,24720.39,0.00
2025-11-24,01:18:00,24755,24757.25,24750.5,24751,378,24722.35,24720.46,0.00
2025-11-24,01:19:00,24750.75,24755,24749.5,24752.5,316,24722.40,24720.52,0.00
2025-11-24,01:20:00,24752,24755.75,24750.25,24752,212,24722.42,24720.57,0.00
2025-11-24,01:21:00,24752.5,24756.5,24751.75,24755.75,322,24722.47,24720.63,0.00
2025-11-24,01:22:00,24755.75,24760.75,24751.75,24753.75,503,24722.54,24720.74,0.00
2025-11-24,01:23:00,24753.5,24759.5,24753,24756.75,260,24722.58,24720.79,0.00
2025-11-24,01:24:00,24757,24759.75,24754.25,24758.5,219,24722.62,24720.84,0.00
2025-11-24,01:25:00,24757.5,24760.5,24754.75,24757.5,259,24722.66,24720.90,0.00
2025-11-24,01:26:00,24757.25,24763.75,24756,24760.5,515,24722.74,24721.02,0.00
2025-11-24,01:27:00,24760.25,24763,24758,24760,387,24722.81,24721.11,0.00
2025-11-24,01:28:00,24760.75,24765,24759.75,24763.5,278,24722.86,24721.18,0.00
2025-11-24,01:29:00,24762.75,24763.75,24757.5,24758.25,319,24722.91,24721.25,0.00
2025-11-24,01:30:00,24758,24761.25,24756.5,24757.25,280,24722.95,24721.31,0.00
2025-11-24,01:31:00,24757.5,24759.25,24749.5,24752.25,731,24723.05,24721.45,0.00
2025-11-24,01:32:00,24751.5,24754.75,24738,24738.5,1032,24723.14,24721.59,0.00
2025-11-24,01:33:00,24738.5,24739,24733.25,24736.75,839,24723.19,24721.66,0.00
2025-11-24,01:34:00,24738.25,24746.25,24736.5,24740.5,446,24723.23,24721.71,0.00
2025-11-24,01:35:00,24741.25,24743.5,24737,24737.5,246,24723.24,24721.74,0.00
2025-11-24,01:36:00,24736.75,24737.5,24732,24736.5,425,24723.26,24721.77,0.00
2025-11-24,01:37:00,24737,24741.5,24734.5,24735.75,305,24723.28,24721.80,0.00
2025-11-24,01:38:00,24735.75,24739.25,24732.25,24736.25,336,24723.30,24721.83,0.00
2025-11-24,01:39:00,24736,24739,24735.75,24737.5,205,24723.31,24721.84,0.00
2025-11-24,01:40:00,24737.75,24741,24737.75,24739.5,252,24723.33,24721.87,0.00
2025-11-24,01:41:00,24739.25,24745,24738,24744,419,24723.37,24721.92,0.00
2025-11-24,01:42:00,24743.75,24751.75,24743,24747.75,513,24723.42,24721.99,0.00
2025-11-24,01:43:00,24747.75,24748.75,24740.75,24747.25,257,24723.44,24722.03,0.00
2025-11-24,01:44:00,24748,24755,24747.5,24748,485,24723.50,24722.11,0.00
2025-11-24,01:45:00,24748,24749.75,24745.5,24747.25,195,24723.52,24722.14,0.00
2025-11-24,01:46:00,24747.25,24752,24744.5,24747.75,307,24723.55,24722.18,0.00
2025-11-24,01:47:00,24747.5,24753,24746,24751,198,24723.57,24722.21,0.00
2025-11-24,01:48:00,24751.5,24754.5,24745,24746.25,325,24723.61,24722.26,0.00
2025-11-24,01:49:00,24746.5,24749.75,24745,24749.25,145,24723.62,24722.28,0.00
2025-11-24,01:50:00,24749,24750.5,24744,24746.5,329,24723.66,24722.33,0.00
2025-11-24,01:51:00,24746.25,24747,24739.25,24742.25,411,24723.69,24722.38,0.00
2025-11-24,01:52:00,24742.25,24749.25,24742.25,24749,275,24723.72,24722.41,0.00
2025-11-24,01:53:00,24748.75,24753,24748.75,24751.25,278,24723.75,24722.46,0.00
2025-11-24,01:54:00,24750.75,24750.75,24743.75,24745.75,219,24723.77,24722.49,0.00
2025-11-24,01:55:00,24744.75,24748.75,24742.25,24743.25,180,24723.79,24722.51,0.00
2025-11-24,01:56:00,24742.75,24752.25,24742.75,24751.75,240,24723.81,24722.55,0.00
2025-11-24,01:57:00,24751.5,24752.5,24749,24750.75,165,24723.83,24722.57,0.00
2025-11-24,01:58:00,24751.5,24753.75,24750.5,24751,184,24723.85,24722.60,0.00
2025-11-24,01:59:00,24752.25,24753.5,24750.25,24752,180,24723.87,24722.63,0.00
2025-11-24,02:00:00,24751,24752.75,24747.5,24747.5,197,24723.89,24722.66,0.00
2025-11-24,02:01:00,24749.25,24753.25,24748.75,24748.75,431,24723.94,24722.73,0.00
2025-11-24,02:02:00,24748.25,24754,24747.5,24750.25,419,24723.99,24722.79,0.00
2025-11-24,02:03:00,24750.25,24754.75,24747.5,24752.25,520,24724.05,24722.88,0.00
2025-11-24,02:04:00,24751.5,24754,24749.75,24749.75,178,24724.07,24722.90,0.00
2025-11-24,02:05:00,24750.5,24751.75,24735.75,24740.5,882,24724.14,24723.00,0.00
2025-11-24,02:06:00,24741.25,24743.25,24736,24737.5,363,24724.16,24723.03,0.00
2025-11-24,02:07:00,24737.5,24741.75,24735.75,24739,287,24724.18,24723.06,0.00
2025-11-24,02:08:00,24739.25,24744.75,24738.75,24739.25,186,24724.19,24723.08,0.00
2025-11-24,02:09:00,24739,24741,24734,24739,323,24724.21,24723.10,0.00
2025-11-24,02:10:00,24738.5,24741.75,24737.25,24740.25,147,24724.22,24723.12,0.00
2025-11-24,02:11:00,24740.75,24742.25,24739,24740.75,144,24724.23,24723.13,0.00
2025-11-24,02:12:00,24740.25,24741.75,24733.5,24737.75,393,24724.25,24723.16,0.00
2025-11-24,02:13:00,24738.25,24740.5,24732.25,24740.5,326,24724.27,24723.19,0.00
2025-11-24,02:14:00,24740.5,24742.25,24734,24737.75,246,24724.28,24723.21,0.00
2025-11-24,02:15:00,24737.5,24737.5,24728.5,24730.5,447,24724.30,24723.23,0.00
2025-11-24,02:16:00,24730.25,24735.75,24729.25,24734.25,291,24724.31,24723.24,0.00
2025-11-24,02:17:00,24734.5,24734.75,24730.5,24731.5,206,24724.31,24723.25,0.00
2025-11-24,02:18:00,24731.5,24738.75,24730.25,24737.25,229,24724.32,24723.27,0.00
2025-11-24,02:19:00,24738,24743,24736,24739.75,352,24724.35,24723.30,0.00
2025-11-24,02:20:00,24739.75,24749,24739.75,24745,584,24724.39,24723.37,0.00
2025-11-24,02:21:00,24745,24746.75,24738.75,24746,378,24724.42,24723.41,0.00
2025-11-24,02:22:00,24746.25,24747.5,24738.25,24740.25,313,24724.45,24723.44,0.00
2025-11-24,02:23:00,24739.5,24743.25,24739,24740.25,147,24724.46,24723.45,0.00
2025-11-24,02:24:00,24739.5,24740.5,24732.5,24738.25,424,24724.48,24723.48,0.00
2025-11-24,02:25:00,24738.75,24740.5,24736,24737.25,211,24724.49,24723.50,0.00
2025-11-24,02:26:00,24737.5,24740,24736.75,24739,158,24724.50,24723.51,0.00
2025-11-24,02:27:00,24739,24739.5,24730.75,24732.25,294,24724.51,24723.53,0.00
2025-11-24,02:28:00,24732,24734.5,24728.25,24734.25,345,24724.52,24723.55,0.00
2025-11-24,02:29:00,24734,24740,24734,24736,386,24724.54,24723.57,0.00
2025-11-24,02:30:00,24736.25,24737,24733,24734.25,221,24724.55,24723.59,0.00
2025-11-24,02:31:00,24734,24738.5,24730,24737.25,434,24724.57,24723.61,0.00
2025-11-24,02:32:00,24737.75,24739.25,24732.25,24735.25,269,24724.58,24723.63,0.00
2025-11-24,02:33:00,24736.25,24736.75,24730.75,24732.75,158,24724.58,24723.64,0.00
2025-11-24,02:34:00,24733.75,24739,24733.5,24735.5,282,24724.60,24723.66,0.00
2025-11-24,02:35:00,24735.25,24736.5,24730.75,24734,177,24724.60,24723.67,0.00
2025-11-24,02:36:00,24733.75,24740.25,24730,24738.75,559,24724.63,24723.70,0.00
2025-11-24,02:37:00,24738.75,24739,24734,24736,178,24724.64,24723.72,0.00
2025-11-24,02:38:00,24737.25,24740.25,24734.75,24739.25,202,24724.65,24723.73,0.00
2025-11-24,02:39:00,24739.25,24743.5,24739,24741,407,24724.68,24723.77,0.00
2025-11-24,02:40:00,24740.5,24741,24734.25,24735,197,24724.69,24723.78,0.00
2025-11-24,02:41:00,24735,24743,24735,24742.25,222,24724.70,24723.80,0.00
2025-11-24,02:42:00,24742,24742.5,24735,24737.25,195,24724.71,24723.81,0.00
2025-11-24,02:43:00,24736.75,24737.25,24725.5,24725.5,504,24724.72,24723.83,0.00
2025-11-24,02:44:00,24725.5,24725.75,24720.25,24723.75,723,24724.72,24723.83,0.00
2025-11-24,02:45:00,24724.75,24727.5,24721.25,24724.25,268,24724.72,24723.83,0.00
2025-11-24,02:46:00,24724.25,24726.25,24721.5,24724.25,204,24724.71,24723.83,0.00
2025-11-24,02:47:00,24724.5,24728.5,24720.5,24721,381,24724.71,24723.83,0.00
2025-11-24,02:48:00,24721.25,24723.5,24710.75,24720,870,24724.69,24723.80,0.00
2025-11-24,02:49:00,24720,24728,24719,24725.5,313,24724.69,24723.80,0.00
2025-11-24,02:50:00,24724.75,24726.25,24724,24725.75,118,24724.69,24723.80,0.00
2025-11-24,02:51:00,24725.25,24730,24723.25,24725.5,307,24724.69,24723.81,0.00
2025-11-24,02:52:00,24726.25,24729,24724.75,24725.5,127,24724.69,24723.81,0.00
2025-11-24,02:53:00,24724.5,24727.25,24723.75,24726.5,168,24724.69,24723.81,0.00
2025-11-24,02:54:00,24726,24727.75,24720.5,24725.25,271,24724.69,24723.81,0.00
2025-11-24,02:55:00,24725.25,24730.75,24724.75,24730,207,24724.70,24723.82,0.00
2025-11-24,02:56:00,24730,24730.5,24723.25,24723.25,178,24724.70,24723.82,0.00
2025-11-24,02:57:00,24723.75,24727.5,24723.5,24725.5,200,24724.70,24723.82,0.00
2025-11-24,02:58:00,24725.75,24728.75,24725,24727.75,151,24724.70,24723.82,0.00
2025-11-24,02:59:00,24727.5,24728.5,24724,24726.25,157,24724.70,24723.82,0.00
2025-11-24,03:00:00,24726.25,24733.25,24726.25,24729.5,423,24724.71,24723.84,0.00
2025-11-24,03:01:00,24729,24731.5,24723.25,24724.75,589,24724.71,24723.84,0.00
2025-11-24,03:02:00,24724.25,24724.5,24715.75,24720.5,647,24724.70,24723.83,0.00
2025-11-24,03:03:00,24720.5,24720.5,24709.5,24711.75,779,24724.67,24723.79,0.00
2025-11-24,03:04:00,24712,24713.25,24703.5,24711.25,762,24724.62,24723.74,0.00
2025-11-24,03:05:00,24711,24718.5,24706.25,24707.75,608,24724.59,24723.70,0.00
2025-11-24,03:06:00,24707.5,24714.5,24705.75,24707.25,488,24724.56,24723.66,0.00
2025-11-24,03:07:00,24707.5,24712.75,24707.5,24712.25,336,24724.54,24723.64,0.00
2025-11-24,03:08:00,24712.75,24723.75,24712.5,24722,502,24724.53,24723.63,0.00
2025-11-24,03:09:00,24721.5,24724.75,24714.25,24721.25,531,24724.53,24723.62,0.00
2025-11-24,03:10:00,24722,24726.5,24714,24726,321,24724.52,24723.62,0.00
2025-11-24,03:11:00,24726.5,24739,24723.5,24738.75,1074,24724.56,24723.67,0.00
2025-11-24,03:12:00,24739.25,24743.5,24736.5,24740.5,655,24724.60,24723.73,0.00
2025-11-24,03:13:00,24740.25,24744.25,24729.25,24731.5,687,24724.63,24723.77,0.00
2025-11-24,03:14:00,24731.75,24733,24723.5,24725.75,546,24724.63,24723.77,0.00
2025-11-24,03:15:00,24725.5,24727.5,24721.25,24726.5,519,24724.63,24723.78,0.00
2025-11-24,03:16:00,24725.75,24731.75,24720.25,24729.5,647,24724.64,24723.79,0.00
2025-11-24,03:17:00,24729.25,24735.75,24728.25,24734.25,491,24724.65,24723.81,0.00
2025-11-24,03:18:00,24735,24737.25,24733.25,24735.25,265,24724.66,24723.82,0.00
2025-11-24,03:19:00,24735.5,24736.25,24729,24730,251,24724.67,24723.83,0.00
2025-11-24,03:20:00,24730.25,24734.25,24727.75,24734.25,256,24724.68,24723.84,0.00
2025-11-24,03:21:00,24734,24735,24729.5,24732,276,24724.69,24723.86,0.00
2025-11-24,03:22:00,24732,24735.25,24726.25,24734.25,378,24724.70,24723.87,0.00
2025-11-24,03:23:00,24734.5,24736,24727.25,24733.75,296,24724.70,24723.88,0.00
2025-11-24,03:24:00,24733.5,24734.75,24729.75,24732.25,121,24724.71,24723.89,0.00
2025-11-24,03:25:00,24732.5,24732.75,24730,24731.25,212,24724.71,24723.89,0.00
2025-11-24,03:26:00,24731.5,24733,24729,24729.25,147,24724.72,24723.90,0.00
2025-11-24,03:27:00,24729.5,24734.75,24729,24731.5,128,24724.72,24723.90,0.00
2025-11-24,03:28:00,24731,24732.25,24730,24732.25,129,24724.72,24723.91,0.00
2025-11-24,03:29:00,24732.5,24735.5,24730.5,24733.75,253,24724.73,24723.92,0.00
2025-11-24,03:30:00,24734,24738.25,24731.5,24736,455,24724.75,24723.94,0.00
2025-11-24,03:31:00,24736,24736.5,24725.75,24727.75,356,24724.76,24723.95,0.00
2025-11-24,03:32:00,24727,24732.25,24726.75,24729,213,24724.76,24723.96,0.00
2025-11-24,03:33:00,24728.5,24730.5,24723.75,24728.5,382,24724.76,24723.97,0.00
2025-11-24,03:34:00,24728.5,24731.5,24726.75,24728,204,24724.77,24723.97,0.00
2025-11-24,03:35:00,24727,24731.25,24725.75,24726.75,192,24724.77,24723.97,0.00
2025-11-24,03:36:00,24727,24731.5,24725.25,24727.25,213,24724.77,24723.98,0.00
2025-11-24,03:37:00,24728.5,24731,24725.25,24726.75,220,24724.77,24723.98,0.00
2025-11-24,03:38:00,24726.75,24730.75,24726.75,24729.75,147,24724.78,24723.99,0.00
2025-11-24,03:39:00,24730,24731.5,24726.25,24727.25,234,24724.78,24723.99,0.00
2025-11-24,03:40:00,24727.75,24729.5,24725.25,24726.75,171,24724.78,24723.99,0.00
2025-11-24,03:41:00,24726.25,24727.75,24722.75,24727.75,324,24724.78,24724.00,0.00
2025-11-24,03:42:00,24727.75,24729.25,24725.5,24727.5,242,24724.78,24724.00,0.00
2025-11-24,03:43:00,24727.75,24733.5,24725.75,24731.75,501,24724.79,24724.01,0.00
2025-11-24,03:44:00,24732.25,24756.5,24731.5,24751.75,1928,24724.95,24724.22,0.00
2025-11-24,03:45:00,24751.75,24768,24748.25,24761.75,1581,24725.14,24724.47,0.00
2025-11-24,03:46:00,24761.5,24770.5,24759,24769.75,1134,24725.31,24724.69,0.00
2025-11-24,03:47:00,24769.25,24770.75,24764.5,24767.5,878,24725.44,24724.86,0.00
2025-11-24,03:48:00,24767.25,24773,24761.25,24771,831,24725.57,24725.02,0.00
2025-11-24,03:49:00,24771,24772.25,24764.25,24772.25,457,24725.64,24725.12,0.00
2025-11-24,03:50:00,24771.75,24778.75,24769,24774.75,1118,24725.84,24725.36,0.00
2025-11-24,03:51:00,24775.25,24778,24770.25,24774,411,24725.91,24725.45,0.00
2025-11-24,03:52:00,24773.75,24775.5,24769.5,24774,237,24725.95,24725.50,0.00
2025-11-24,03:53:00,24774,24775.5,24763.75,24766.25,452,24726.02,24725.59,0.00
2025-11-24,03:54:00,24766.75,24773,24765.5,24772.25,230,24726.05,24725.64,0.00
2025-11-24,03:55:00,24772.75,24772.75,24762,24762.75,252,24726.09,24725.68,0.00
2025-11-24,03:56:00,24763.5,24764.75,24758.5,24761,452,24726.14,24725.75,0.00
2025-11-24,03:57:00,24761.25,24764.5,24757.5,24761.5,266,24726.18,24725.80,0.00
2025-11-24,03:58:00,24761,24766.75,24761,24765.25,375,24726.23,24725.86,0.00
2025-11-24,03:59:00,24764.75,24769.25,24764.5,24768.5,352,24726.28,24725.93,0.00
2025-11-24,04:00:00,24768.5,24769.5,24763.25,24766.5,302,24726.32,24725.98,0.00
2025-11-24,04:01:00,24766.25,24767,24733.25,24736,2547,24726.49,24726.20,0.00
2025-11-24,04:02:00,24735,24741.5,24727.75,24740.75,1399,24726.54,24726.26,0.00
2025-11-24,04:03:00,24740.5,24741.5,24725.5,24732.5,878,24726.56,24726.29,0.00
2025-11-24,04:04:00,24732.5,24742.75,24727.5,24729,839,24726.58,24726.31,0.00
2025-11-24,04:05:00,24728.75,24728.75,24716.25,24722.25,1148,24726.56,24726.29,0.00
2025-11-24,04:06:00,24721.5,24731.25,24717.5,24723.5,1256,24726.55,24726.28,0.00
2025-11-24,04:07:00,24723.25,24725,24709.25,24714.25,1221,24726.51,24726.23,0.00
2025-11-24,04:08:00,24712.75,24723.25,24709.25,24712,887,24726.47,24726.19,0.00
2025-11-24,04:09:00,24711.75,24723.25,24709.5,24720.25,678,24726.45,24726.16,0.00
2025-11-24,04:10:00,24720.75,24726.75,24718.75,24722.5,869,24726.44,24726.15,0.00
2025-11-24,04:11:00,24722.75,24724.75,24714.25,24723.75,697,24726.43,24726.13,0.00
2025-11-24,04:12:00,24723.75,24738.75,24721.75,24731.5,1081,24726.44,24726.15,0.00
2025-11-24,04:13:00,24732.5,24748,24732.25,24747.25,937,24726.49,24726.22,0.00
2025-11-24,04:14:00,24747.5,24756.25,24746.25,24752.5,905,24726.57,24726.31,0.00
2025-11-24,04:15:00,24751.75,24760,24747.5,24757.5,813,24726.65,24726.41,0.00
2025-11-24,04:16:00,24758.25,24770.25,24757.5,24767,1007,24726.78,24726.57,0.00
2025-11-24,04:17:00,24766.5,24775,24766,24770.5,1082,24726.93,24726.76,0.00
2025-11-24,04:18:00,24771.25,24785,24771.25,24782.75,1170,24727.13,24727.02,0.00
2025-11-24,04:19:00,24782.5,24794.75,24777.25,24789,1527,24787.00,24727.39,0.00
2025-11-24,04:20:00,24789,24792,24784,24789.75,697,24787.50,24727.56,0.00
2025-11-24,04:21:00,24789.25,24791,24781.25,24790.25,920,24787.50,24727.78,0.00
2025-11-24,04:22:00,24790.25,24793.25,24782.75,24783.75,728,24787.33,24727.96,0.00
2025-11-24,04:23:00,24783.5,24787.5,24781.5,24782.5,517,24786.91,24728.07,0.00
2025-11-24,04:24:00,24783,24787.75,24774.5,24787.5,908,24786.29,24728.27,0.00
2025-11-24,04:25:00,24787.75,24794.5,24785.75,24791.75,631,24786.75,24728.43,0.00
2025-11-24,04:26:00,24791.75,24797,24790,24790.75,764,24792.58,24728.63,0.00
2025-11-24,04:27:00,24792.75,24804.25,24788,24803,1002,24798.42,24728.90,0.00
2025-11-24,04:28:00,24803,24808.75,24799,24806.75,1111,24804.83,24729.24,0.00
2025-11-24,04:29:00,24806,24808.25,24799,24802.5,606,24804.27,24729.41,0.00
2025-11-24,04:30:00,24802.5,24802.75,24795.25,24798.25,655,24802.75,24729.59,0.00
2025-11-24,04:31:00,24797.25,24801.25,24791.25,24797.25,798,24801.20,24729.80,0.00
2025-11-24,04:32:00,24797,24804.25,24789.75,24802.25,854,24800.68,24730.03,0.00
2025-11-24,04:33:00,24801.75,24806,24796.25,24800,486,24800.69,24730.16,0.00
2025-11-24,04:34:00,24799.25,24800,24787,24789,635,24799.61,24730.31,0.00
2025-11-24,04:35:00,24789.25,24795,24785.75,24787.75,818,24798.23,24730.50,0.00
2025-11-24,04:36:00,24787.25,24790.25,24776.75,24783,1069,24795.96,24730.72,0.00
2025-11-24,04:37:00,24782,24800,24782,24794.75,851,24795.56,24730.92,0.00
2025-11-24,04:38:00,24794.25,24803.75,24792.5,24799.75,722,24795.82,24731.11,0.00
2025-11-24,04:39:00,24800,24809.25,24799.5,24800.5,807,24803.08,24731.33,0.00
2025-11-24,04:40:00,24801.25,24802.75,24783.5,24787.75,820,24797.16,24731.52,0.00
2025-11-24,04:41:00,24788.75,24800.5,24788.75,24794.25,516,24796.52,24731.64,0.00
2025-11-24,04:42:00,24794,24806.75,24792.5,24794,556,24796.77,24731.78,0.00
2025-11-24,04:43:00,24794.75,24801,24794.75,24797.75,244,24796.86,24731.84,0.00
2025-11-24,04:44:00,24798.5,24802.5,24796.5,24798,277,24797.05,24731.91,0.00
2025-11-24,04:45:00,24799.25,24804.75,24794.75,24795.25,365,24797.17,24732.00,0.00
2025-11-24,04:46:00,24795.5,24798.5,24791,24797,618,24796.92,24732.15,0.00
2025-11-24,04:47:00,24797.25,24803,24796,24797.5,364,24797.08,24732.24,0.00
2025-11-24,04:48:00,24797.25,24803.5,24792.5,24802,483,24797.29,24732.36,0.00
2025-11-24,04:49:00,24802.5,24805.75,24799,24805.25,388,24797.72,24732.47,0.00
2025-11-24,04:50:00,24804.75,24807.25,24793.5,24801.75,454,24797.96,24732.58,0.00
2025-11-24,04:51:00,24802,24805.75,24798.75,24799.75,212,24798.08,24732.64,0.00
2025-11-24,04:52:00,24798.5,24803.25,24796.25,24800.75,482,24798.23,24732.76,0.00
2025-11-24,04:53:00,24800.5,24804,24797,24800.25,407,24798.36,24732.86,0.00
2025-11-24,04:54:00,24800.5,24805.75,24800.5,24805,343,24798.61,24732.95,0.00
2025-11-24,04:55:00,24805.5,24809.75,24801.25,24809,532,24806.67,24733.10,0.00
2025-11-24,04:56:00,24809.75,24815.25,24807.5,24810.5,1042,24811.08,24733.40,0.00
2025-11-24,04:57:00,24809.5,24812.5,24806.5,24810.25,429,24810.69,24733.52,0.00
2025-11-24,04:58:00,24810.25,24814.5,24805.75,24813.5,243,24810.77,24733.59,0.00
2025-11-24,04:59:00,24813.5,24816.5,24809.75,24812,402,24812.75,24733.71,0.00
2025-11-24,05:00:00,24810,24811.5,24803,24805.5,340,24809.96,24733.80,0.00
2025-11-24,05:01:00,24805,24808.25,24800.5,24803,712,24807.00,24733.98,0.00
2025-11-24,05:02:00,24803.25,24811.75,24802.5,24810,532,24807.29,24734.13,0.00
2025-11-24,05:03:00,24811,24814.25,24806.75,24810.75,441,24807.89,24734.25,0.00
2025-11-24,05:04:00,24811.5,24816.5,24805.75,24807.5,459,24808.21,24734.38,0.00
2025-11-24,05:05:00,24807.5,24808.25,24801.5,24806.5,518,24807.79,24734.51,0.00
2025-11-24,05:06:00,24806.75,24813.25,24804.5,24811.5,276,24807.93,24734.59,0.00
2025-11-24,05:07:00,24811.5,24815.75,24805.75,24813.25,368,24808.27,24734.69,0.00
2025-11-24,05:08:00,24813,24815,24799.25,24803.75,576,24807.98,24734.84,0.00
2025-11-24,05:09:00,24803.25,24804.75,24792.5,24793.25,668,24806.58,24734.99,0.00
2025-11-24,05:10:00,24793.5,24793.5,24781,24785.75,980,24803.48,24735.17,0.00
2025-11-24,05:11:00,24785.75,24795,24780.75,24786.5,639,24801.99,24735.29,0.00
2025-11-24,05:12:00,24786.25,24793.75,24784,24792,385,24801.36,24735.37,0.00
2025-11-24,05:13:00,24791.5,24791.75,24780.25,24782.75,442,24800.42,24735.45,0.00
2025-11-24,05:14:00,24783.25,24783.75,24768.75,24771.5,1054,24797.33,24735.60,0.00
2025-11-24,05:15:00,24770.75,24774.5,24763.5,24769.5,670,24795.34,24735.68,0.00
2025-11-24,05:16:00,24770.5,24786.75,24769.75,24770.5,1235,24793.06,24735.85,0.00
2025-11-24,05:17:00,24771,24773.5,24753.25,24755,1358,24789.41,24735.97,0.00
2025-11-24,05:18:00,24755,24766.5,24752,24761,700,24787.78,24736.03,0.00
2025-11-24,05:19:00,24760.5,24760.5,24743.5,24745.5,819,24785.49,24736.07,0.00
2025-11-24,05:20:00,24745,24747.5,24737,24738.75,955,24782.57,24736.09,0.00
2025-11-24,05:21:00,24739,24742.75,24727.5,24733.75,1232,24778.83,24736.08,0.00
2025-11-24,05:22:00,24734.25,24736.25,24724,24734.5,967,24776.10,24736.07,0.00
2025-11-24,05:23:00,24734,24735.5,24704.75,24708,1435,24771.36,24735.97,0.00
2025-11-24,05:24:00,24707.25,24707.5,24697.75,24704.75,1654,24765.68,24735.78,0.00
2025-11-24,05:25:00,24703.25,24704.25,24687.75,24690.25,1612,24760.29,24735.55,0.00
2025-11-24,05:26:00,24690.75,24691.75,24645.5,24653.25,4033,24744.96,24663.50,0.00
2025-11-24,05:27:00,24653.5,24653.5,24627.75,24637.5,3218,24733.14,24639.58,0.00
2025-11-24,05:28:00,24636.75,24643,24620.25,24641,2202,24726.12,24634.75,0.00
2025-11-24,05:29:00,24640,24651.5,24631,24634,2272,24720.14,24636.82,0.00
2025-11-24,05:30:00,24633.75,24634,24621,24624.75,1902,24715.06,24633.77,0.00
2025-11-24,05:31:00,24624,24647.25,24619,24642.5,2341,24710.13,24636.25,0.00
2025-11-24,05:32:00,24641.75,24654.5,24636,24651,1518,24707.67,24640.54,0.00
2025-11-24,05:33:00,24650.75,24666,24645,24664.75,2002,24705.27,24646.71,0.00
2025-11-24,05:34:00,24665.75,24675.5,24659.25,24672.25,1422,24704.05,24651.06,0.00
2025-11-24,05:35:00,24672.25,24683.5,24652.25,24653.25,1565,24702.59,24653.17,0.00
2025-11-24,05:36:00,24653.25,24673.75,24652.5,24672,1298,24701.54,24654.82,0.00
2025-11-24,05:37:00,24672.25,24701.5,24672.25,24697,1597,24701.16,24659.64,0.00
2025-11-24,05:38:00,24697,24700.75,24673.75,24674.75,1414,24700.63,24662.16,0.00
2025-11-24,05:39:00,24675.5,24683,24666.5,24678.75,1057,24700.10,24663.20,0.00
2025-11-24,05:40:00,24679.25,24681,24661,24662.75,991,24699.47,24663.53,0.00
2025-11-24,05:41:00,24661.5,24662.75,24650.5,24652.5,987,24698.62,24663.02,0.00
2025-11-24,05:42:00,24651.5,24654,24638.25,24646.25,1223,24697.40,24661.84,0.00
2025-11-24,05:43:00,24645.25,24660.75,24642.75,24648.5,1074,24696.46,24661.19,0.00
2025-11-24,05:44:00,24648,24653.5,24641,24653,696,24695.85,24660.75,0.00
2025-11-24,05:45:00,24653.25,24667.75,24652.5,24666.5,1222,24695.11,24660.84,0.00
2025-11-24,05:46:00,24666,24691,24665.25,24688,1539,24694.74,24662.28,0.00
2025-11-24,05:47:00,24688.5,24696,24682.25,24683.75,1301,24694.58,24663.69,0.00
2025-11-24,05:48:00,24684.25,24684.75,24676.25,24678.5,880,24694.36,24664.28,0.00
2025-11-24,05:49:00,24678,24686,24678,24680,634,24694.22,24664.71,0.00
2025-11-24,05:50:00,24678.75,24693,24678.25,24688.25,784,24694.12,24665.38,0.00
2025-11-24,05:51:00,24688.5,24689,24667.25,24671.25,1212,24693.76,24665.85,0.00
2025-11-24,05:52:00,24670.5,24676.75,24662.75,24676.5,770,24693.50,24666.03,0.00
2025-11-24,05:53:00,24676.25,24691,24673.75,24688.25,1144,24693.33,24666.76,0.00
2025-11-24,05:54:00,24689.5,24695.5,24686.5,24688,1051,24693.28,24667.58,0.00
2025-11-24,05:55:00,24687.5,24688,24677.5,24679.5,761,24693.14,24667.93,0.00
2025-11-24,05:56:00,24679.75,24691.75,24676,24687.25,771,24693.05,24668.35,0.00
2025-11-24,05:57:00,24687.25,24694.5,24684,24684.5,705,24692.99,24668.78,0.00
2025-11-24,05:58:00,24684.5,24688.5,24680,24680.5,553,24692.91,24669.02,0.00
2025-11-24,05:59:00,24681,24684.5,24676.75,24683,558,24692.81,24669.23,0.00
2025-11-24,06:00:00,24683.25,24687.5,24674.5,24675.5,573,24692.70,24669.40,0.00
2025-11-24,06:01:00,24675.75,24677.75,24663.25,24670.25,1392,24692.26,24669.44,0.00
2025-11-24,06:02:00,24670.5,24684.5,24665.25,24683.25,710,24692.11,24669.60,0.00
2025-11-24,06:03:00,24683.5,24688.25,24676.5,24685,620,24692.04,24669.83,0.00
2025-11-24,06:04:00,24686.5,24691.75,24683.75,24686.5,622,24691.99,24670.13,0.00
2025-11-24,06:05:00,24686.75,24691,24679.5,24686.75,544,24691.95,24670.36,0.00
2025-11-24,06:06:00,24687.25,24688.5,24678.25,24684.25,493,24691.89,24670.53,0.00
2025-11-24,06:07:00,24684,24684,24675.5,24676.5,501,24691.80,24670.63,0.00
2025-11-24,06:08:00,24676.5,24682.5,24673.5,24676.5,523,24691.70,24670.73,0.00
2025-11-24,06:09:00,24676.25,24680.25,24672.75,24674.75,460,24691.60,24670.79,0.00
2025-11-24,06:10:00,24674.5,24679.25,24672.5,24678.25,396,24691.52,24670.84,0.00
2025-11-24,06:11:00,24677,24678,24667,24673.25,906,24691.30,24670.89,0.00
2025-11-24,06:12:00,24672.75,24674.75,24665.75,24666.25,617,24691.12,24670.86,0.00
2025-11-24,06:13:00,24667.25,24671,24658,24670.25,991,24690.80,24670.75,0.00
2025-11-24,06:14:00,24670,24670.5,24648.5,24650.75,921,24690.40,24670.45,0.00
2025-11-24,06:15:00,24650.75,24658.5,24641,24656,1456,24689.70,24669.85,0.00
2025-11-24,06:16:00,24656,24659.25,24643.5,24653.25,689,24689.38,24669.58,0.00
2025-11-24,06:17:00,24653.5,24663.5,24649,24656.75,777,24689.06,24669.36,0.00
2025-11-24,06:18:00,24656.75,24671.25,24656.25,24664.75,1003,24688.76,24669.24,0.00
2025-11-24,06:19:00,24665.25,24666.25,24655,24657.75,753,24688.49,24669.09,0.00
2025-11-24,06:20:00,24658.25,24672.25,24653,24667.25,856,24688.24,24669.01,0.00
2025-11-24,06:21:00,24667,24677.5,24662,24675,784,24688.09,24669.05,0.00
2025-11-24,06:22:00,24676,24683.75,24676,24680.5,928,24688.00,24669.25,0.00
2025-11-24,06:23:00,24681,24681.75,24657.75,24659.75,837,24687.79,24669.20,0.00
2025-11-24,06:24:00,24659.25,24662.25,24653.5,24654.25,542,24687.60,24669.07,0.00
2025-11-24,06:25:00,24654,24656.25,24643.25,24643.25,880,24687.20,24668.71,0.00
2025-11-24,06:26:00,24643.25,24654.75,24636,24650.75,1205,24686.66,24668.23,0.00
2025-11-24,06:27:00,24651.25,24657.5,24646.5,24657,657,24686.42,24668.06,0.00
2025-11-24,06:28:00,24656.5,24661.25,24649,24651.5,691,24686.17,24667.88,0.00
2025-11-24,06:29:00,24651.25,24655.75,24645.75,24649,844,24685.84,24667.62,0.00
2025-11-24,06:30:00,24648,24653.25,24640.25,24649.25,790,24685.51,24667.34,0.00
2025-11-24,06:31:00,24649.25,24652.5,24645,24645.25,552,24685.28,24667.15,0.00
2025-11-24,06:32:00,24645.75,24647.5,24633.5,24640.75,1147,24684.74,24666.63,0.00
2025-11-24,06:33:00,24641.5,24654,24637.5,24653,783,24684.43,24666.39,0.00
2025-11-24,06:34:00,24654,24655.5,24632.25,24634.25,1043,24683.95,24665.95,0.00
2025-11-24,06:35:00,24633.75,24637,24623.25,24624.25,1462,24683.11,24665.05,0.00
2025-11-24,06:36:00,24624.5,24649.25,24614.5,24640.25,2005,24682.13,24634.67,0.00
2025-11-24,06:37:00,24640,24660.25,24639.5,24657.75,1050,24681.82,24640.80,0.00
2025-11-24,06:38:00,24658.5,24662,24650,24659.25,938,24681.59,24644.62,0.00
2025-11-24,06:39:00,24660,24673.25,24659,24665.5,1002,24681.44,24648.89,0.00
2025-11-24,06:40:00,24667.25,24674.5,24664.75,24665.25,654,24681.36,24651.13,0.00
2025-11-24,06:41:00,24664.75,24671.25,24659.5,24667.5,607,24681.27,24652.58,0.00
2025-11-24,06:42:00,24667,24670,24662.25,24664.5,442,24681.20,24653.43,0.00
2025-11-24,06:43:00,24663.75,24675.25,24661.5,24671.25,606,24681.13,24654.75,0.00
2025-11-24,06:44:00,24672,24673,24657.25,24657.5,532,24681.04,24655.29,0.00
2025-11-24,06:45:00,24658.25,24672,24658.25,24667,441,24680.97,24655.84,0.00
2025-11-24,06:46:00,24666.75,24674,24659.25,24668.75,478,24680.91,24656.47,0.00
2025-11-24,06:47:00,24669.75,24679,24665,24673,663,24680.86,24657.59,0.00
2025-11-24,06:48:00,24673,24675.75,24664.75,24664.75,366,24680.81,24657.99,0.00
2025-11-24,06:49:00,24665.5,24669.5,24662.5,24668,482,24680.75,24658.40,0.00
2025-11-24,06:50:00,24667.75,24672.5,24664.25,24670,332,24680.71,24658.73,0.00
2025-11-24,06:51:00,24670.75,24672.25,24664.75,24671.5,296,24680.68,24659.02,0.00
2025-11-24,06:52:00,24672.5,24679,24665.75,24671.75,573,24680.64,24659.68,0.00
2025-11-24,06:53:00,24670.75,24674,24665.75,24668.5,277,24680.61,24659.91,0.00
2025-11-24,06:54:00,24667.75,24668.75,24655,24655,638,24680.49,24659.89,0.00
2025-11-24,06:55:00,24655.75,24656,24646.25,24655,974,24680.24,24659.35,0.00
2025-11-24,06:56:00,24655.75,24672.25,24647.5,24670.25,780,24680.12,24659.57,0.00
2025-11-24,06:57:00,24670.75,24676.25,24662.75,24665.5,642,24680.05,24659.94,0.00
2025-11-24,06:58:00,24665,24676.25,24664.25,24673.25,424,24680.02,24660.26,0.00
2025-11-24,06:59:00,24673.25,24681.5,24669.75,24673.25,812,24679.98,24660.99,0.00
2025-11-24,07:00:00,24674,24674.75,24651.75,24655.25,1064,24679.80,24660.97,0.00
2025-11-24,07:01:00,24654.75,24665.5,24651.25,24655.5,797,24679.65,24660.81,0.00
2025-11-24,07:02:00,24656,24660.75,24649,24657.5,715,24679.50,24660.62,0.00
2025-11-24,07:03:00,24657.5,24659.75,24651.25,24658.5,378,24679.42,24660.53,0.00
2025-11-24,07:04:00,24658.5,24666.5,24654.25,24659,643,24679.32,24660.51,0.00
2025-11-24,07:05:00,24659.75,24662.75,24649.25,24654.5,691,24679.18,24660.34,0.00
2025-11-24,07:06:00,24653.75,24657.75,24639,24645.75,1034,24678.90,24659.72,0.00
2025-11-24,07:07:00,24645,24655,24641.75,24652.5,873,24678.69,24659.33,0.00
2025-11-24,07:08:00,24653,24657.75,24646.5,24649.75,594,24678.55,24659.12,0.00
2025-11-24,07:09:00,24650,24650.25,24631.25,24634.25,1001,24678.22,24658.26,0.00
2025-11-24,07:10:00,24634,24644.75,24631.25,24639.75,541,24678.04,24657.82,0.00
2025-11-24,07:11:00,24640.5,24654.25,24639.75,24654.25,686,24677.88,24657.59,0.00
2025-11-24,07:12:00,24654.5,24656.75,24642.75,24644.25,493,24677.76,24657.40,0.00
2025-11-24,07:13:00,24644.5,24644.5,24633.5,24641.25,588,24677.58,24657.00,0.00
2025-11-24,07:14:00,24641.75,24652.75,24640.75,24650.25,396,24677.49,24656.87,0.00
2025-11-24,07:15:00,24650,24652.25,24640.5,24645,382,24677.39,24656.71,0.00
2025-11-24,07:16:00,24644.5,24645,24637.5,24640.75,399,24677.27,24656.49,0.00
2025-11-24,07:17:00,24640.25,24655.75,24636.75,24653.25,417,24677.18,24656.37,0.00
2025-11-24,07:18:00,24653.25,24660.25,24649.5,24658,499,24677.09,24656.36,0.00
2025-11-24,07:19:00,24658,24664.25,24657.75,24661.25,673,24677.01,24656.47,0.00
2025-11-24,07:20:00,24661.25,24668.5,24657.5,24666.5,479,24676.96,24656.59,0.00
2025-11-24,07:21:00,24666.25,24675.5,24664.75,24672.75,703,24676.92,24656.93,0.00
2025-11-24,07:22:00,24672.25,24681.25,24667.75,24670.5,1211,24676.89,24657.56,0.00
2025-11-24,07:23:00,24671.25,24672.75,24659,24665.5,729,24676.83,24657.75,0.00
2025-11-24,07:24:00,24665.25,24671.25,24662.75,24669.5,467,24676.79,24657.89,0.00
2025-11-24,07:25:00,24669.5,24678,24667.25,24667.5,605,24676.77,24658.13,0.00
2025-11-24,07:26:00,24668,24668.5,24655.25,24657.5,680,24676.68,24658.18,0.00
2025-11-24,07:27:00,24658.5,24661,24650,24660,680,24676.58,24658.15,0.00
2025-11-24,07:28:00,24660.5,24663.75,24653.5,24658,501,24676.51,24658.16,0.00
2025-11-24,07:29:00,24659,24659.5,24652.75,24656.5,370,24676.45,24658.14,0.00
2025-11-24,07:30:00,24656.25,24665.75,24654.75,24663.5,351,24676.41,24658.17,0.00
2025-11-24,07:31:00,24664.75,24676.25,24664.5,24676.25,769,24676.39,24658.47,0.00
2025-11-24,07:32:00,24676,24676,24658,24666,659,24676.34,24658.61,0.00
2025-11-24,07:33:00,24666.5,24672.75,24661,24669.5,420,24676.32,24658.71,0.00
2025-11-24,07:34:00,24668.75,24670.25,24651.5,24652.75,835,24676.20,24658.70,0.00
2025-11-24,07:35:00,24653,24657.25,24649.5,24653.25,345,24676.15,24658.65,0.00
2025-11-24,07:36:00,24653.25,24655.75,24649.5,24655,413,24676.08,24658.60,0.00
2025-11-24,07:37:00,24654.75,24664.75,24653,24661.25,534,24676.01,24658.61,0.00
2025-11-24,07:38:00,24660.5,24666.75,24657.75,24661.5,438,24675.97,24658.65,0.00
2025-11-24,07:39:00,24662.25,24663,24651.25,24654.75,410,24675.91,24658.63,0.00
2025-11-24,07:40:00,24654,24657.25,24650.5,24652.25,329,24675.85,24658.58,0.00
2025-11-24,07:41:00,24652.5,24661,24647,24656.75,542,24675.77,24658.54,0.00
2025-11-24,07:42:00,24656.75,24666,24652.75,24652.75,445,24675.71,24658.52,0.00
2025-11-24,07:43:00,24653.25,24657.25,24648.5,24655.25,370,24675.65,24658.48,0.00
2025-11-24,07:44:00,24655.25,24663.25,24654.75,24662.75,299,24675.62,24658.49,0.00
2025-11-24,07:45:00,24662.25,24687.5,24661,24680.25,1570,24675.63,24659.13,0.00
2025-11-24,07:46:00,24679.75,24684.75,24676.25,24677.5,628,24675.65,24659.41,0.00
2025-11-24,07:47:00,24678.25,24679.75,24669.5,24673.25,694,24675.64,24659.64,0.00
2025-11-24,07:48:00,24673,24678.25,24670.25,24674.75,520,24675.63,24659.81,0.00
2025-11-24,07:49:00,24675,24684.5,24675,24680.75,769,24675.66,24660.14,0.00
2025-11-24,07:50:00,24680.75,24688.5,24679.5,24687.25,577,24675.70,24660.44,0.00
2025-11-24,07:51:00,24687.5,24696.25,24684.25,24695,1046,24675.81,24661.12,0.00
2025-11-24,07:52:00,24695.25,24703.75,24693,24702.75,1024,24675.98,24661.93,0.00
2025-11-24,07:53:00,24703.25,24715.25,24702,24710.75,1495,24676.32,24663.32,0.00
2025-11-24,07:54:00,24710.5,24715.5,24705,24707.25,874,24676.51,24664.10,0.00
2025-11-24,07:55:00,24707.75,24710.25,24700.5,24701.25,596,24676.62,24664.56,0.00
2025-11-24,07:56:00,24701.5,24707.25,24697.75,24700.5,582,24676.72,24664.97,0.00
2025-11-24,07:57:00,24700,24708.25,24700,24706.25,376,24676.79,24665.25,0.00
2025-11-24,07:58:00,24705.75,24716.75,24702,24711.75,679,24676.94,24665.81,0.00
2025-11-24,07:59:00,24712.5,24713.75,24700.75,24701.5,542,24677.04,24666.21,0.00
2025-11-24,08:00:00,24701.25,24711.5,24701,24708.5,535,24677.15,24666.60,0.00
2025-11-24,08:01:00,24708.5,24708.5,24687.25,24694.25,1739,24677.37,24667.53,0.00
2025-11-24,08:02:00,24694.25,24698.75,24690,24697.25,567,24677.43,24667.80,0.00
2025-11-24,08:03:00,24697.5,24706.5,24692.5,24694.75,826,24677.54,24668.23,0.00
2025-11-24,08:04:00,24695.5,24703.5,24690.25,24698,592,24677.62,24668.52,0.00
2025-11-24,08:05:00,24697.25,24700,24685.25,24693.75,881,24677.70,24668.88,0.00
2025-11-24,08:06:00,24694,24704.25,24692,24699,695,24677.79,24669.23,0.00
2025-11-24,08:07:00,24698.5,24701.5,24692.75,24697.75,364,24677.84,24669.39,0.00
2025-11-24,08:08:00,24697,24703.25,24693.75,24702,260,24677.88,24669.52,0.00
2025-11-24,08:09:00,24702.75,24713.5,24702,24708,905,24678.05,24670.08,0.00
2025-11-24,08:10:00,24707.75,24707.75,24690.5,24703.25,1167,24678.21,24670.65,0.00
2025-11-24,08:11:00,24703.5,24707,24687,24698.5,1157,24678.35,24671.13,0.00
2025-11-24,08:12:00,24697.75,24702.5,24682.5,24686.75,994,24678.42,24671.43,0.00
2025-11-24,08:13:00,24687.5,24692.5,24676,24684,858,24678.45,24671.60,0.00
2025-11-24,08:14:00,24684.75,24689.75,24679.75,24686.5,577,24678.48,24671.71,0.00
2025-11-24,08:15:00,24686.75,24691.75,24683.25,24684.5,378,24678.50,24671.80,0.00
2025-11-24,08:16:00,24685.5,24688.25,24682.75,24687.25,381,24678.51,24671.88,0.00
2025-11-24,08:17:00,24688,24693.75,24686.25,24690.75,546,24678.55,24672.03,0.00
2025-11-24,08:18:00,24690.5,24701.5,24689.5,24698.25,580,24678.62,24672.23,0.00
2025-11-24,08:19:00,24698.25,24699.5,24685.25,24686.75,556,24678.66,24672.38,0.00
2025-11-24,08:20:00,24686.75,24687,24676,24678,793,24678.66,24672.47,0.00
2025-11-24,08:21:00,24678.25,24694.25,24676.5,24690.25,667,24678.70,24672.61,0.00
2025-11-24,08:22:00,24690.5,24701,24690.5,24695.25,520,24678.75,24672.78,0.00
2025-11-24,08:23:00,24694.75,24704.25,24686.25,24702.75,627,24678.82,24673.00,0.00
2025-11-24,08:24:00,24703.5,24706,24695.25,24696.25,453,24678.87,24673.16,0.00
2025-11-24,08:25:00,24697,24699.75,24692.75,24696.75,369,24678.91,24673.28,0.00
2025-11-24,08:26:00,24696.5,24714.25,24696.5,24712.5,737,24679.04,24673.63,0.00
2025-11-24,08:27:00,24712.25,24714.25,24707,24711.5,636,24679.16,24673.95,0.00
2025-11-24,08:28:00,24711.5,24725,24711.5,24725,1201,24679.44,24674.69,0.00
2025-11-24,08:29:00,24724.25,24730.25,24723.75,24728.25,1233,24679.79,24675.55,0.00
2025-11-24,08:30:00,24729,24742,24727,24734.75,2188,24680.47,24677.19,0.00
2025-11-24,08:31:00,24734.75,24742.5,24732.5,24742,1305,24680.90,24678.20,0.00
2025-11-24,08:32:00,24741.75,24749.75,24738.75,24746,1039,24681.27,24679.06,0.00
2025-11-24,08:33:00,24746.5,24752.25,24740.5,24747,1314,24681.75,24680.14,0.00
2025-11-24,08:34:00,24747.25,24750.25,24734,24744.5,1171,24682.15,24681.03,0.00
2025-11-24,08:35:00,24744.5,24750.75,24738.25,24740.5,798,24682.42,24681.62,0.00
2025-11-24,08:36:00,24740.5,24740.5,24731,24732.25,928,24682.69,24682.19,0.00
2025-11-24,08:37:00,24732.75,24735,24720.5,24722.5,1198,24682.97,24682.80,0.00
2025-11-24,08:38:00,24722.5,24732,24722.5,24729.25,606,24683.12,24683.12,0.00
2025-11-24,08:39:00,24729,24732,24725,24730,439,24683.23,24683.35,0.00
2025-11-24,08:40:00,24730,24733.25,24728.5,24730.75,380,24683.32,24683.56,0.00
2025-11-24,08:41:00,24731,24736.5,24728.25,24730,641,24683.49,24683.90,0.00
2025-11-24,08:42:00,24730.5,24732.75,24725.25,24729,483,24683.61,24684.15,0.00
2025-11-24,08:43:00,24728.5,24731.25,24717.25,24719.75,986,24683.82,24684.57,0.00
2025-11-24,08:44:00,24720,24737.25,24719,24729.25,892,24684.03,24685.01,0.00
2025-11-24,08:45:00,24728.75,24729,24719.75,24724.75,903,24684.22,24685.40,0.00
2025-11-24,08:46:00,24724.75,24736.25,24723.25,24735,572,24684.36,24685.68,0.00
2025-11-24,08:47:00,24734,24736.5,24725.5,24732.25,523,24684.49,24685.94,0.00
2025-11-24,08:48:00,24732,24736.75,24728,24729,457,24684.61,24686.16,0.00
2025-11-24,08:49:00,24730,24742.75,24729.5,24742.75,793,24684.83,24686.60,0.00
2025-11-24,08:50:00,24742.75,24747.25,24741,24745,669,24685.04,24687.01,0.00
2025-11-24,08:51:00,24744.5,24748.25,24738.75,24745.5,623,24685.23,24687.39,0.00
2025-11-24,08:52:00,24746,24746.5,24736.25,24738.5,681,24685.42,24687.76,0.00
2025-11-24,08:53:00,24738.5,24743.25,24732.75,24741,508,24685.57,24688.03,0.00
2025-11-24,08:54:00,24740.5,24740.75,24729,24740.75,844,24685.79,24688.46,0.00
2025-11-24,08:55:00,24741,24759.25,24739.75,24757.75,1549,24686.31,24689.46,0.00
2025-11-24,08:56:00,24757.5,24765.25,24748.25,24764,1585,24686.90,24690.56,0.00
2025-11-24,08:57:00,24764.5,24769.75,24755.5,24756,1342,24687.40,24691.48,0.00
2025-11-24,08:58:00,24756.75,24763.25,24755.75,24757.5,523,24687.58,24691.83,0.00
2025-11-24,08:59:00,24757.5,24765,24755.75,24764.75,488,24687.76,24692.16,0.00
2025-11-24,09:00:00,24765.25,24766.25,24757.75,24758.75,536,24687.96,24692.52,0.00
2025-11-24,09:01:00,24758.5,24763.75,24752.25,24762.75,915,24688.29,24693.11,0.00
2025-11-24,09:02:00,24763.75,24767,24757,24760.75,596,24688.50,24693.50,0.00
2025-11-24,09:03:00,24760.5,24764.75,24756.75,24764.25,428,24688.66,24693.78,0.00
2025-11-24,09:04:00,24764,24764,24757.25,24760.75,297,24688.76,24693.96,0.00
2025-11-24,09:05:00,24761.25,24774,24761.25,24767.5,1068,24689.18,24694.70,0.00
2025-11-24,09:06:00,24768.25,24778,24767.5,24771.75,794,24689.50,24695.28,0.00
2025-11-24,09:07:00,24771.75,24781.5,24771.75,24781.5,606,24689.76,24695.74,0.00
2025-11-24,09:08:00,24781.75,24791.25,24778.25,24790.5,1334,24690.39,24696.85,0.00
2025-11-24,09:09:00,24790,24792.25,24784,24790.75,1047,24690.89,24697.73,0.00
2025-11-24,09:10:00,24791.25,24797.5,24790.75,24794.75,1033,24691.40,24698.63,0.00
2025-11-24,09:11:00,24794.75,24802.75,24793.5,24797.25,1037,24691.93,24699.54,0.00
2025-11-24,09:12:00,24797.25,24800,24790.25,24797.25,1074,24692.46,24700.45,0.00
2025-11-24,09:13:00,24796.75,24799.75,24790.5,24794.5,755,24692.82,24701.08,0.00
2025-11-24,09:14:00,24794.75,24800.25,24793,24797.5,656,24693.15,24701.63,0.00
2025-11-24,09:15:00,24797.5,24801.25,24789.25,24800.25,780,24693.53,24702.27,0.00
2025-11-24,09:16:00,24800,24803,24796.5,24797.5,830,24693.94,24702.96,0.00
2025-11-24,09:17:00,24797.75,24801.5,24793.5,24793.5,463,24694.16,24703.33,0.00
2025-11-24,09:18:00,24794.25,24796.75,24784.5,24790,1307,24694.74,24704.29,0.00
2025-11-24,09:19:00,24789,24799.5,24789,24793.5,821,24695.12,24704.91,0.00
2025-11-24,09:20:00,24793.75,24798,24793.25,24797.25,477,24695.34,24705.27,0.00
2025-11-24,09:21:00,24797,24798.75,24790,24792.75,539,24695.59,24705.67,0.00
2025-11-24,09:22:00,24792.25,24794.5,24784.75,24787.5,965,24696.00,24706.33,0.00
2025-11-24,09:23:00,24788,24791.75,24782.75,24784.75,819,24696.34,24706.87,0.00
2025-11-24,09:24:00,24785.25,24793.25,24779.5,24791,1295,24696.88,24707.72,0.00
2025-11-24,09:25:00,24791.75,24799,24786.25,24795.5,947,24697.29,24708.38,0.00
2025-11-24,09:26:00,24795.5,24802,24794,24798,863,24697.68,24709.00,0.00
2025-11-24,09:27:00,24798.5,24812.5,24797.25,24808.25,1509,24698.41,24710.16,0.00
2025-11-24,09:28:00,24808.5,24809.75,24804.75,24808,560,24698.69,24710.59,0.00
2025-11-24,09:29:00,24808.5,24812.25,24803.75,24807,594,24698.97,24711.04,0.00
2025-11-24,09:30:00,24806.5,24807,24799.25,24805,632,24699.27,24711.49,0.00
2025-11-24,09:31:00,24806.25,24810.5,24802,24804,692,24699.59,24712.00,0.00
2025-11-24,09:32:00,24804.75,24811,24804.25,24809.25,518,24699.84,24712.38,0.00
2025-11-24,09:33:00,24809,24817.5,24803.5,24806,1470,24809.00,24713.47,0.00
2025-11-24,09:34:00,24805.5,24807.25,24796.25,24797.5,1002,24805.49,24714.13,0.00
2025-11-24,09:35:00,24798.25,24801.75,24793,24795.25,877,24803.18,24714.67,0.00
2025-11-24,09:36:00,24795.75,24800.5,24785.75,24795,1099,24800.85,24715.32,0.00
2025-11-24,09:37:00,24794.75,24801.25,24788,24795.75,767,24799.99,24715.78,0.00
2025-11-24,09:38:00,24795.75,24799,24791.25,24795.75,389,24799.66,24716.01,0.00
2025-11-24,09:39:00,24796,24800.5,24786.5,24790,717,24798.83,24716.41,0.00
2025-11-24,09:40:00,24789.75,24795,24784.25,24784.5,890,24797.49,24716.88,0.00
2025-11-24,09:41:00,24785.25,24792.25,24782.5,24792,780,24796.65,24717.28,0.00
2025-11-24,09:42:00,24791.5,24801,24790.75,24792,973,24796.43,24717.83,0.00
2025-11-24,09:43:00,24792.25,24795,24787.75,24793.75,534,24796.19,24718.11,0.00
2025-11-24,09:44:00,24793.75,24795,24787.75,24791.75,473,24795.96,24718.36,0.00
2025-11-24,09:45:00,24791.75,24792.25,24785.25,24790.5,642,24795.56,24718.69,0.00
2025-11-24,09:46:00,24790,24794.75,24788.5,24793.25,622,24795.37,24719.01,0.00
2025-11-24,09:47:00,24793.25,24794.5,24789.25,24790.75,447,24795.23,24719.24,0.00
2025-11-24,09:48:00,24791,24792,24777.75,24778.5,1425,24793.87,24719.88,0.00
2025-11-24,09:49:00,24778.5,24780.75,24769.25,24779.25,2366,24791.20,24720.80,0.00
2025-11-24,09:50:00,24778.75,24786.25,24777.75,24781.75,1021,24790.63,24721.23,0.00
2025-11-24,09:51:00,24782.5,24784.25,24767,24774,1389,24789.42,24721.74,0.00
2025-11-24,09:52:00,24774.75,24778,24768.25,24775,900,24788.67,24722.05,0.00
2025-11-24,09:53:00,24775.75,24782.25,24775,24779.5,628,24788.35,24722.29,0.00
2025-11-24,09:54:00,24778.75,24778.75,24767.5,24771,678,24787.81,24722.52,0.00
2025-11-24,09:55:00,24771.75,24773.5,24767.75,24770.25,689,24787.24,24722.74,0.00
2025-11-24,09:56:00,24770.75,24774.5,24769.25,24770.25,556,24786.83,24722.92,0.00
2025-11-24,09:57:00,24770,24771.25,24766.75,24767.25,726,24786.22,24723.14,0.00
2025-11-24,09:58:00,24768,24769.5,24754.25,24757,1932,24784.13,24723.60,0.00
2025-11-24,09:59:00,24757.25,24758.5,24748.75,24752.5,1405,24782.42,24723.87,0.00
2025-11-24,10:00:00,24752.5,24756,24744.25,24752.25,1504,24780.65,24724.13,0.00
2025-11-24,10:01:00,24751.75,24758.75,24748,24753.5,1700,24779.04,24724.45,0.00
2025-11-24,10:02:00,24754.5,24760.75,24750.75,24757.5,1138,24778.17,24724.67,0.00
2025-11-24,10:03:00,24758,24770.75,24757.25,24770.75,1649,24777.54,24725.10,0.00
2025-11-24,10:04:00,24770.5,24774,24766.25,24766.75,1166,24777.23,24725.42,0.00
2025-11-24,10:05:00,24767,24770.25,24763.75,24768,822,24776.99,24725.63,0.00
2025-11-24,10:06:00,24768.25,24776.5,24764.5,24776,1285,24776.82,24725.99,0.00
2025-11-24,10:07:00,24776,24786,24772.25,24774.25,2214,24776.86,24726.68,0.00
2025-11-24,10:08:00,24774.25,24778.5,24767.5,24775.25,1188,24776.76,24727.01,0.00
2025-11-24,10:09:00,24774.5,24787,24774.25,24786.5,1434,24776.97,24727.48,0.00
2025-11-24,10:10:00,24786.75,24796.25,24786,24795.75,2001,24777.73,24728.25,0.00
2025-11-24,10:11:00,24795.25,24807.5,24794.5,24804,1831,24778.76,24729.03,0.00
2025-11-24,10:12:00,24803.75,24815,24803.5,24812,1746,24779.97,24729.84,0.00
2025-11-24,10:13:00,24812,24815.5,24808.25,24809.5,1133,24780.74,24730.37,0.00
2025-11-24,10:14:00,24809.75,24827.25,24806.25,24824.5,2601,24819.33,24731.66,0.00
2025-11-24,10:15:00,24823.75,24827.75,24822.25,24823.25,1097,24824.42,24732.23,0.00
2025-11-24,10:16:00,24823.5,24823.5,24806.5,24811.25,2373,24817.12,24733.30,0.00
2025-11-24,10:17:00,24811.5,24820.5,24809.25,24820.25,995,24817.02,24733.75,0.00
2025-11-24,10:18:00,24820.25,24822,24813.25,24818.25,1038,24817.17,24734.22,0.00
2025-11-24,10:19:00,24818.25,24818.75,24798.5,24800.5,2101,24814.06,24735.03,0.00
2025-11-24,10:20:00,24801,24806.5,24796.25,24801,1419,24812.05,24735.54,0.00
2025-11-24,10:21:00,24801.25,24801.25,24790.75,24792.75,1713,24809.31,24736.07,0.00
2025-11-24,10:22:00,24792.75,24796.75,24788.5,24792,1190,24807.63,24736.43,0.00
2025-11-24,10:23:00,24792.5,24794.5,24787.25,24788.75,1096,24806.16,24736.74,0.00
2025-11-24,10:24:00,24789.5,24793.25,24784.25,24791.25,1112,24804.85,24737.04,0.00
2025-11-24,10:25:00,24792,24792.25,24782.75,24784.25,1053,24803.58,24737.31,0.00
2025-11-24,10:26:00,24784.5,24788.25,24773.75,24788.25,2350,24800.88,24737.86,0.00
2025-11-24,10:27:00,24787.25,24789,24780.75,24782,1164,24799.82,24738.14,0.00
2025-11-24,10:28:00,24781.75,24783.25,24774.5,24777.5,1464,24798.27,24738.43,0.00
2025-11-24,10:29:00,24777.5,24782.25,24775.75,24776.5,1548,24796.83,24738.74,0.00
2025-11-24,10:30:00,24776,24781.5,24771.75,24776,1878,24795.21,24739.09,0.00
2025-11-24,10:31:00,24775.5,24806.5,24766.75,24798,10706,24793.71,24741.68,0.00
2025-11-24,10:32:00,24798.25,24846.25,24796.25,24841.25,12778,24827.92,24746.57,0.00
2025-11-24,10:33:00,24840.5,24893,24838.5,24889.5,13678,24873.67,24753.84,0.00
2025-11-24,10:34:00,24890.5,24914.25,24883.25,24902.5,10902,24900.00,24760.22,0.00
2025-11-24,10:35:00,24903.25,24938,24901.75,24935.75,9878,24925.17,24766.49,0.00
2025-11-24,10:36:00,24936.25,24975.5,24936.25,24956.75,12909,24956.17,24775.47,0.00
2025-11-24,10:37:00,24957.5,24964.75,24936.75,24957,9436,24954.76,24781.40,0.00
2025-11-24,10:38:00,24956.75,24969.25,24928.25,24940.25,9047,24952.21,24786.51,0.00
2025-11-24,10:39:00,24939.75,24951.75,24916.75,24927,8356,24947.93,24790.57,0.00
2025-11-24,10:40:00,24927,24928.25,24899.25,24907.5,8922,24941.28,24794.07,0.00
2025-11-24,10:41:00,24908.25,24926.5,24876,24883.25,11651,24932.39,24797.75,0.00
2025-11-24,10:42:00,24883.25,24920.25,24870.75,24919,9732,24928.35,24800.87,0.00
2025-11-24,10:43:00,24919.5,24943.25,24915.5,24935.25,9523,24928.71,24804.53,0.00
2025-11-24,10:44:00,24934.75,24938.25,24883.5,24905.5,8634,24926.79,24807.12,0.00
2025-11-24,10:45:00,24905.5,24912.75,24862.5,24877.75,9027,24922.85,24809.07,0.00
2025-11-24,10:46:00,24877.25,24916.5,24864.75,24900,9357,24920.29,24811.24,0.00
2025-11-24,10:47:00,24898.25,24907.5,24873.25,24893.5,5924,24918.77,24812.51,0.00
2025-11-24,10:48:00,24893,24937,24880.75,24933.5,8748,24918.65,24814.91,0.00
2025-11-24,10:49:00,24934.25,24943.25,24918.75,24922,7590,24919.20,24817.12,0.00
2025-11-24,10:50:00,24922,24922.75,24866,24871,9386,24916.99,24818.76,0.00
2025-11-24,10:51:00,24871,24872.5,24832.5,24854,13547,24911.28,24819.89,0.00
2025-11-24,10:52:00,24853,24882,24837.25,24868.75,11078,24907.97,24821.01,0.00
2025-11-24,10:53:00,24868.75,24912.5,24868.75,24894.5,10207,24907.02,24822.68,0.00
2025-11-24,10:54:00,24894,24924.25,24886.25,24919.5,7656,24907.15,24824.20,0.00
2025-11-24,10:55:00,24919.5,24934.5,24885.75,24892.25,7819,24907.03,24825.59,0.00
2025-11-24,10:56:00,24893,24909.5,24878.75,24884.5,8325,24906.34,24826.78,0.00
2025-11-24,10:57:00,24885,24913,24882.5,24906,6593,24906.15,24827.83,0.00
2025-11-24,10:58:00,24905.25,24917.25,24892,24907.5,5443,24906.14,24828.73,0.00
2025-11-24,10:59:00,24907.5,24928.75,24896.25,24901,6828,24906.22,24829.88,0.00
2025-11-24,11:00:00,24900.75,24937.75,24893.75,24936.5,6278,24906.68,24831.09,0.00
2025-11-24,11:01:00,24937,24967.25,24931.5,24955.75,12313,24909.04,24834.09,0.00
2025-11-24,11:02:00,24956.75,24972.25,24947,24966,6799,24910.53,24835.82,0.00
2025-11-24,11:03:00,24966.75,24990.75,24965.5,24983.75,10412,24980.00,24838.76,0.00
2025-11-24,11:04:00,24984.25,25002,24976.5,24994.25,8306,24990.92,24841.19,0.00
2025-11-24,11:05:00,24994.5,24997,24977.5,24986.75,5561,24989.38,24842.74,0.00
2025-11-24,11:06:00,24987.5,25022.25,24984,25013.75,10189,25006.67,24845.86,0.00
2025-11-24,11:07:00,25014.5,25022.75,24984.75,25008.25,8687,25005.25,24848.40,0.00
2025-11-24,11:08:00,25007.75,25016.25,24977.5,24984.25,6657,24999.79,24850.15,0.00
2025-11-24,11:09:00,24983.25,24987.75,24961.75,24979.5,6514,24992.80,24851.62,0.00
2025-11-24,11:10:00,24979.25,24991.25,24957,24963.5,6134,24987.93,24852.92,0.00
2025-11-24,11:11:00,24963.25,24984.25,24953.75,24959.25,6472,24983.77,24854.20,0.00
2025-11-24,11:12:00,24959.25,24961,24918,24936.75,9987,24973.61,24855.65,0.00
2025-11-24,11:13:00,24936.75,24973.75,24917.25,24958.5,10119,24969.20,24857.27,0.00
2025-11-24,11:14:00,24958.75,24971.25,24948,24960.75,6128,24968.28,24858.32,0.00
2025-11-24,11:15:00,24960.75,24996.5,24957.25,24987.25,8686,24969.79,24860.08,0.00
2025-11-24,11:16:00,24987.75,25004.5,24984.25,24990,5626,24971.52,24861.30,0.00
2025-11-24,11:17:00,24991.25,24996.75,24962.25,24991.75,6014,24972.42,24862.49,0.00
2025-11-24,11:18:00,24991.75,24998.75,24974.5,24985.5,4044,24973.07,24863.30,0.00
2025-11-24,11:19:00,24985.5,24995.5,24964,24977.75,4671,24973.39,24864.16,0.00
2025-11-24,11:20:00,24977,24988,24948.5,24958.5,5712,24972.88,24865.08,0.00
2025-11-24,11:21:00,24958.25,24979.5,24954.5,24971.5,5096,24972.66,24865.91,0.00
2025-11-24,11:22:00,24972.25,24989.5,24953,24985.75,5118,24972.83,24866.79,0.00
2025-11-24,11:23:00,24984.5,24994.75,24969.25,24984.75,4963,24973.28,24867.68,0.00
2025-11-24,11:24:00,24984.75,25002.25,24976.75,24979,5208,24973.85,24868.62,0.00
2025-11-24,11:25:00,24979,24979.75,24946.25,24960.25,7548,24973.13,24869.70,0.00
2025-11-24,11:26:00,24960,24961.75,24934.25,24952.25,7667,24971.74,24870.61,0.00
2025-11-24,11:27:00,24952.75,24969,24940.5,24957.5,5204,24971.13,24871.27,0.00
2025-11-24,11:28:00,24958.25,24993,24949,24987.5,7362,24971.41,24872.41,0.00
2025-11-24,11:29:00,24987.5,25006.25,24981.75,24994,6547,24972.39,24873.57,0.00
2025-11-24,11:30:00,24994.25,25003.5,24979.25,24992.25,4879,24973.00,24874.41,0.00
2025-11-24,11:31:00,24991.5,24997.25,24963.5,24983.5,6518,24973.34,24875.41,0.00
2025-11-24,11:32:00,24983.75,25001,24981.75,24995.25,4482,24973.86,24876.16,0.00
2025-11-24,11:33:00,24995.75,25004,24986,24998.75,4613,24974.46,24876.94,0.00
2025-11-24,11:34:00,24999,25010.25,24987,24996.25,4127,24975.02,24877.65,0.00
2025-11-24,11:35:00,24996.25,25014.5,24996.25,25013.25,4650,24975.87,24878.49,0.00
2025-11-24,11:36:00,25013.25,25027.75,24999.75,25026.25,6086,25017.92,24879.67,0.00
2025-11-24,11:37:00,25025.5,25034.5,25013.25,25023,7017,25023.58,24881.06,0.00
2025-11-24,11:38:00,25023.25,25030.5,25003.25,25014.25,5506,25020.25,24882.07,0.00
2025-11-24,11:39:00,25013.5,25028.75,25001.75,25027,4452,25019.97,24882.90,0.00
2025-11-24,11:40:00,25027,25050,25027,25046,6465,25041.00,24884.27,0.00
2025-11-24,11:41:00,25046,25052,25030,25039.25,5711,25040.42,24885.46,0.00
2025-11-24,11:42:00,25038.75,25052.5,25034.25,25051,3534,25045.92,24886.21,0.00
2025-11-24,11:43:00,25051.25,25060,25048,25058,4213,25055.33,24887.15,0.00
2025-11-24,11:44:00,25058.25,25060.25,25046.75,25058,2814,25055.00,24887.77,0.00
2025-11-24,11:45:00,25058,25059.75,25047.75,25050.75,3078,25053.82,24888.44,0.00
2025-11-24,11:46:00,25050.75,25070.25,25047,25066.75,5099,25061.33,24889.59,0.00
2025-11-24,11:47:00,25067,25067.75,25049.25,25049.5,3942,25058.79,24890.43,0.00
2025-11-24,11:48:00,25049.75,25062,25048.75,25058.25,2615,25058.24,24890.99,0.00
2025-11-24,11:49:00,25057.25,25063.25,25050,25053,2227,25057.79,24891.46,0.00
2025-11-24,11:50:00,25053.5,25066,25053.5,25059,1998,25058.00,24891.89,0.00
2025-11-24,11:51:00,25059.25,25067.25,25054.25,25055.75,2428,25058.15,24892.41,0.00
2025-11-24,11:52:00,25056.25,25065.75,25048.75,25053.25,3061,25057.83,24893.05,0.00
2025-11-24,11:53:00,25053.25,25060.5,25032.5,25038.75,4540,25055.39,24893.92,0.00
2025-11-24,11:54:00,25039.25,25053.25,25039,25048.25,3022,25054.50,24894.50,0.00
2025-11-24,11:55:00,25048,25052.25,25035.5,25040.5,2584,25053.53,24894.98,0.00
2025-11-24,11:56:00,25039.75,25042.75,25017.5,25017.75,5476,25049.46,24895.88,0.00
2025-11-24,11:57:00,25017.75,25043.25,25014.75,25038.75,4209,25047.70,24896.59,0.00
2025-11-24,11:58:00,25038.75,25044.75,25024.25,25039,3260,25046.84,24897.15,0.00
2025-11-24,11:59:00,25038.75,25040,25023.5,25024.5,2054,25046.07,24897.49,0.00
2025-11-24,12:00:00,25024,25037.5,25024,25033.25,1810,25045.53,24897.79,0.00
2025-11-24,12:01:00,25033.25,25049,25032.75,25044.25,4032,25045.25,24898.50,0.00
2025-11-24,12:02:00,25043.75,25056,25040.75,25054,3418,25045.56,24899.13,0.00
2025-11-24,12:03:00,25054,25072.75,25046.75,25072,4580,25063.83,24900.05,0.00
2025-11-24,12:04:00,25072,25084.25,25072,25078,5492,25078.08,24901.23,0.00
2025-11-24,12:05:00,25077.75,25086.75,25072.25,25085.25,3332,25081.42,24901.95,0.00
2025-11-24,12:06:00,25084.75,25091,25076.5,25084.5,3598,25084.00,24902.73,0.00
2025-11-24,12:07:00,25084.5,25090.75,25079.75,25088.25,2483,25084.92,24903.27,0.00
2025-11-24,12:08:00,25088.5,25096,25086,25093.25,3077,25091.75,24903.96,0.00
2025-11-24,12:09:00,25094,25102.25,25091.25,25097.75,2840,25097.08,24904.61,0.00
2025-11-24,12:10:00,25098,25113.75,25093.75,25111,4515,25106.17,24905.68,0.00
2025-11-24,12:11:00,25111.25,25111.75,25094.5,25097.5,3872,25103.90,24906.57,0.00
2025-11-24,12:12:00,25097.75,25109.5,25094.25,25108.25,2455,25103.92,24907.14,0.00
2025-11-24,12:13:00,25108,25125.25,25107,25121.25,4993,25117.83,24908.36,0.00
2025-11-24,12:14:00,25121,25121.25,25109.5,25116.5,2527,25117.13,24908.97,0.00
2025-11-24,12:15:00,25116.5,25119.25,25112.5,25118.75,1951,25117.07,24909.44,0.00
2025-11-24,12:16:00,25119,25122.25,25100.25,25109.75,4196,25115.13,24910.41,0.00
2025-11-24,12:17:00,25109.75,25123,25107,25119.75,2216,25115.33,24910.93,0.00
2025-11-24,12:18:00,25119.75,25127.5,25114.5,25121.75,2857,25121.25,24911.62,0.00
2025-11-24,12:19:00,25122,25126.25,25117,25124.75,2125,25121.85,24912.13,0.00
2025-11-24,12:20:00,25124.5,25128.5,25117.75,25120.75,1944,25122.33,24912.59,0.00
2025-11-24,12:21:00,25120.75,25130.75,25118.5,25121.75,2638,25123.67,24913.23,0.00
2025-11-24,12:22:00,25121.5,25125.5,25115.25,25119.25,2294,25121.96,24913.76,0.00
2025-11-24,12:23:00,25120,25130.75,25119.5,25127.75,2151,25123.19,24914.28,0.00
2025-11-24,12:24:00,25128.25,25131.75,25124.25,25126.25,1707,25127.42,24914.69,0.00
2025-11-24,12:25:00,25126,25129.75,25121.75,25127.5,1722,25126.87,24915.10,0.00
2025-11-24,12:26:00,25126.75,25129,25114.25,25120.5,2447,25124.53,24915.67,0.00
2025-11-24,12:27:00,25120.5,25124.75,25112.25,25120,2416,25122.92,24916.21,0.00
2025-11-24,12:28:00,25120,25135.75,25116.5,25128,3479,25126.75,24917.03,0.00
2025-11-24,12:29:00,25128.25,25133,25120.5,25128,2446,25126.92,24917.60,0.00
2025-11-24,12:30:00,25128,25131.25,25113.75,25117.75,2519,25125.13,24918.17,0.00
2025-11-24,12:31:00,25117,25127,25111.5,25125.75,2933,25124.17,24918.83,0.00
2025-11-24,12:32:00,25125.75,25126.5,25111.75,25112.5,1962,25123.11,24919.26,0.00
2025-11-24,12:33:00,25112.75,25113.25,25097.75,25101.25,4557,25118.26,24920.18,0.00
2025-11-24,12:34:00,25101,25110,25093.25,25108.75,3362,25116.01,24920.86,0.00
2025-11-24,12:35:00,25109.75,25125.25,25109.75,25116.5,3310,25116.16,24921.56,0.00
2025-11-24,12:36:00,25117.25,25117.25,25099.5,25107,2706,25115.34,24922.11,0.00
2025-11-24,12:37:00,25107,25116.75,25104.25,25112.75,2082,25115.05,24922.54,0.00
2025-11-24,12:38:00,25112.75,25114,25102.75,25107.25,1582,25114.69,24922.85,0.00
2025-11-24,12:39:00,25106.75,25113.25,25101.25,25107.75,1591,25114.34,24923.17,0.00
2025-11-24,12:40:00,25107.5,25112,25098.25,25111.75,2282,25113.88,24923.62,0.00
2025-11-24,12:41:00,25111.75,25115.25,25101,25109.5,2152,25113.57,24924.05,0.00
2025-11-24,12:42:00,25110,25133,25107.75,25126.25,4072,25114.44,24924.92,0.00
2025-11-24,12:43:00,25126,25133.5,25122.25,25130.5,2353,25115.22,24925.43,0.00
2025-11-24,12:44:00,25129.75,25132,25121.75,25125.75,1783,25115.66,24925.81,0.00
2025-11-24,12:45:00,25126,25132.75,25124.25,25125.25,1918,25116.14,24926.22,0.00
2025-11-24,12:46:00,25125.25,25143.5,25122.25,25141.25,4712,25135.67,24927.26,0.00
2025-11-24,12:47:00,25141.5,25143,25130.5,25134.5,2350,25135.78,24927.78,0.00
2025-11-24,12:48:00,25134.75,25140,25126.25,25130.75,2215,25134.96,24928.26,0.00
2025-11-24,12:49:00,25131.25,25138.5,25129,25133.5,1374,25134.79,24928.55,0.00
2025-11-24,12:50:00,25132.75,25133.25,25125.75,25127.75,1267,25134.16,24928.82,0.00
2025-11-24,12:51:00,25127.75,25131,25119.75,25121,2500,25132.39,24929.33,0.00
2025-11-24,12:52:00,25120.75,25127.75,25112.5,25118.5,2851,25130.27,24929.90,0.00
2025-11-24,12:53:00,25118.5,25121,25112.75,25116.25,1507,25129.18,24930.19,0.00
2025-11-24,12:54:00,25115.25,25134.75,25114,25132.75,2692,25128.93,24930.74,0.00
2025-11-24,12:55:00,25132.25,25133.25,25121.75,25124.75,1562,25128.77,24931.06,0.00
2025-11-24,12:56:00,25124.25,25125,25104.5,25110,3030,25126.96,24931.63,0.00
2025-11-24,12:57:00,25110,25121.5,25105.5,25111.75,2090,25125.91,24932.02,0.00
2025-11-24,12:58:00,25111.5,25111.5,25096.25,25096.75,2959,25123.59,24932.54,0.00
2025-11-24,12:59:00,25097,25098.25,25087.25,25093.25,4193,25119.95,24933.22,0.00
2025-11-24,13:00:00,25093.25,25103.5,25091.5,25099.75,2351,25118.59,24933.62,0.00
2025-11-24,13:01:00,25100,25119.25,25098.75,25108.25,4033,25117.64,24934.34,0.00
2025-11-24,13:02:00,25108.5,25119.5,25104.5,25113.5,2028,25117.40,24934.71,0.00
2025-11-24,13:03:00,25114,25116.25,25100.75,25102,2487,25116.81,24935.14,0.00
2025-11-24,13:04:00,25102,25102.25,25085.75,25094,3213,25115.32,24935.65,0.00
2025-11-24,13:05:00,25094.5,25105.25,25091.5,25098.5,2400,25114.54,24936.05,0.00
2025-11-24,13:06:00,25098.75,25103.75,25090.5,25097.75,1869,25113.94,24936.35,0.00
2025-11-24,13:07:00,25097.75,25100.5,25087,25094,2002,25113.22,24936.67,0.00
2025-11-24,13:08:00,25093.5,25110.25,25093.5,25104.75,2549,25112.76,24937.09,0.00
2025-11-24,13:09:00,25105,25107.5,25095.25,25100.5,1814,25112.41,24937.39,0.00
2025-11-24,13:10:00,25101,25101.75,25086.5,25088.25,2162,25111.71,24937.72,0.00
2025-11-24,13:11:00,25088,25100.5,25084,25090.5,2585,25110.91,24938.12,0.00
2025-11-24,13:12:00,25090.5,25097.25,25084.25,25091.5,1724,25110.39,24938.38,0.00
2025-11-24,13:13:00,25092,25097,25083.25,25087,1680,25109.87,24938.63,0.00
2025-11-24,13:14:00,25087.5,25093.75,25082,25090.25,1729,25109.34,24938.89,0.00
2025-11-24,13:15:00,25089.5,25099.5,25088.75,25094.75,1508,25109.03,24939.12,0.00
2025-11-24,13:16:00,25094.25,25107,25089.25,25105.75,2540,25108.74,24939.52,0.00
2025-11-24,13:17:00,25106.25,25126.25,25106.25,25124.5,4267,25109.30,24940.27,0.00
2025-11-24,13:18:00,25124.25,25127,25116.5,25124,2230,25109.66,24940.67,0.00
2025-11-24,13:19:00,25124.5,25131.25,25119.25,25121.75,2882,25110.16,24941.19,0.00
2025-11-24,13:20:00,25122,25133,25121.75,25128.5,1913,25110.56,24941.54,0.00
2025-11-24,13:21:00,25129,25133.25,25123.5,25131.25,1694,25110.92,24941.85,0.00
2025-11-24,13:22:00,25131.25,25133.75,25128,25130,1459,25111.25,24942.11,0.00
2025-11-24,13:23:00,25129.5,25147,25129.5,25134.5,3476,25137.00,24942.77,0.00
2025-11-24,13:24:00,25134.75,25138.5,25122.75,25128.75,2914,25133.81,24943.30,0.00
2025-11-24,13:25:00,25129,25136.75,25124.5,25132.25,1641,25133.27,24943.59,0.00
2025-11-24,13:26:00,25132.25,25135.5,25122.25,25135.25,2160,25132.79,24943.98,0.00
2025-11-24,13:27:00,25135.5,25138.75,25126.25,25130.75,1347,25132.69,24944.22,0.00
2025-11-24,13:28:00,25130.75,25143.75,25130.25,25142.5,1819,25133.52,24944.56,0.00
2025-11-24,13:29:00,25142.25,25145.75,25132.25,25137,1529,25134.02,24944.85,0.00
2025-11-24,13:30:00,25136.75,25140.75,25132,25137,1039,25134.18,24945.04,0.00
2025-11-24,13:31:00,25137,25148.25,25135.5,25142,2621,25141.92,24945.53,0.00
2025-11-24,13:32:00,25142.75,25145.75,25134.25,25143.75,1532,25141.67,24945.82,0.00
2025-11-24,13:33:00,25143.25,25147,25139,25140.75,1544,25141.83,24946.11,0.00
2025-11-24,13:34:00,25141,25150.5,25136,25146,1828,25144.17,24946.45,0.00
2025-11-24,13:35:00,25145.25,25147.75,25141.25,25142.25,1011,25144.02,24946.64,0.00
2025-11-24,13:36:00,25142.75,25145.75,25137.75,25144.25,1462,25143.53,24946.91,0.00
2025-11-24,13:37:00,25144.25,25151.25,25141.5,25150.25,1453,25147.67,24947.19,0.00
2025-11-24,13:38:00,25150,25155.25,25144,25146,2430,25148.42,24947.65,0.00
2025-11-24,13:39:00,25146.25,25162.25,25142.25,25158.5,4002,25154.33,24948.43,0.00
2025-11-24,13:40:00,25158.5,25172.25,25156.25,25172.25,3788,25166.92,24949.20,0.00
2025-11-24,13:41:00,25172.25,25188.25,25167.25,25186,7931,25180.50,24950.91,0.00
2025-11-24,13:42:00,25186,25186.5,25172.75,25173.5,2995,25179.70,24951.54,0.00
2025-11-24,13:43:00,25173.75,25176,25162.75,25172.75,3128,25177.65,24952.17,0.00
2025-11-24,13:44:00,25173.5,25176,25167.5,25168.75,1444,25177.01,24952.46,0.00
2025-11-24,13:45:00,25169,25174,25166.5,25172.75,1201,25176.58,24952.71,0.00
2025-11-24,13:46:00,25173.25,25183,25169.25,25181.75,2752,25176.78,24953.28,0.00
2025-11-24,13:47:00,25181.75,25183.5,25174,25178.25,1840,25176.94,24953.66,0.00
2025-11-24,13:48:00,25178.75,25181.75,25175,25179.25,949,25177.01,24953.85,0.00
2025-11-24,13:49:00,25178.75,25188.25,25178.75,25181.25,2024,25177.49,24954.28,0.00
2025-11-24,13:50:00,25181.75,25186.25,25174.75,25183.5,1603,25177.74,24954.61,0.00
2025-11-24,13:51:00,25183.5,25187.5,25179.75,25181,1413,25178.00,24954.91,0.00
2025-11-24,13:52:00,25181,25181.75,25171,25174.75,2037,25177.85,24955.32,0.00
2025-11-24,13:53:00,25174.5,25179,25172.25,25174.75,1150,25177.75,24955.55,0.00
2025-11-24,13:54:00,25174.75,25187.25,25173.75,25186.5,1754,25178.01,24955.91,0.00
2025-11-24,13:55:00,25186.5,25193.25,25181.5,25183.5,2799,25186.08,24956.49,0.00
2025-11-24,13:56:00,25183.5,25184,25172,25174.75,2299,25181.95,24956.95,0.00
2025-11-24,13:57:00,25174.75,25177,25171.25,25176,1454,25180.35,24957.24,0.00
2025-11-24,13:58:00,25176.5,25178,25166.75,25167.5,2042,25178.07,24957.63,0.00
2025-11-24,13:59:00,25167.5,25175.75,25165.25,25172.25,1332,25177.13,24957.89,0.00
2025-11-24,14:00:00,25171.75,25178,25170.5,25173.25,1119,25176.81,24958.11,0.00
2025-11-24,14:01:00,25173,25182.5,25173,25175.75,1743,25176.84,24958.45,0.00
2025-11-24,14:02:00,25176.5,25183.5,25176.5,25181.5,1019,25177.11,24958.65,0.00
2025-11-24,14:03:00,25182,25185,25177,25182.5,1246,25177.48,24958.90,0.00
2025-11-24,14:04:00,25182.25,25188.25,25182.25,25184.75,1422,25178.13,24959.19,0.00
2025-11-24,14:05:00,25184.5,25186,25179,25181.75,1225,25178.42,24959.43,0.00
2025-11-24,14:06:00,25181.75,25188.75,25179.25,25188,1079,25178.82,24959.65,0.00
2025-11-24,14:07:00,25187.5,25188.75,25180.5,25184.75,970,25179.10,24959.85,0.00
2025-11-24,14:08:00,25185.75,25190.25,25185.25,25185.75,1382,25179.63,24960.13,0.00
2025-11-24,14:09:00,25186,25189.5,25181.75,25188.75,1489,25180.09,24960.43,0.00
2025-11-24,14:10:00,25188.5,25191,25184.25,25186,1153,25180.43,24960.66,0.00
2025-11-24,14:11:00,25186,25192.5,25182.75,25189,1348,25180.84,24960.93,0.00
2025-11-24,14:12:00,25189,25192,25185.75,25192,805,25181.12,24961.10,0.00
2025-11-24,14:13:00,25192.25,25198.75,25189.5,25195.25,2730,25194.50,24961.66,0.00
2025-11-24,14:14:00,25194.75,25207.5,25194,25202.25,3455,25201.25,24962.39,0.00
2025-11-24,14:15:00,25202.25,25204.5,25198.25,25198.75,1661,25201.01,24962.74,0.00
2025-11-24,14:16:00,25198.5,25203.25,25195.25,25197.75,1636,25200.46,24963.08,0.00
2025-11-24,14:17:00,25197.5,25200.25,25186.25,25187.75,2090,25198.32,24963.50,0.00
2025-11-24,14:18:00,25188,25188,25179.5,25184,2430,25195.20,24963.97,0.00
2025-11-24,14:19:00,25183.75,25186.75,25179,25183.5,1500,25193.78,24964.26,0.00
2025-11-24,14:20:00,25183.5,25195.25,25181.75,25192.75,2019,25193.25,24964.66,0.00
2025-11-24,14:21:00,25192.25,25200.75,25190,25199,2313,25193.70,24965.13,0.00
2025-11-24,14:22:00,25199.25,25201.5,25193,25194,1679,25193.92,24965.47,0.00
2025-11-24,14:23:00,25194.5,25195.5,25185,25189.75,2264,25193.51,24965.91,0.00
2025-11-24,14:24:00,25189.75,25200,25189.25,25199.25,1394,25193.67,24966.19,0.00
2025-11-24,14:25:00,25199.5,25202.25,25197.75,25200.5,1145,25193.99,24966.42,0.00
2025-11-24,14:26:00,25200.75,25201,25186.5,25189.75,1817,25193.88,24966.78,0.00
2025-11-24,14:27:00,25189.75,25198.25,25188.75,25194.75,940,25193.88,24966.96,0.00
2025-11-24,14:28:00,25195,25195.75,25184.75,25186.75,955,25193.71,24967.15,0.00
2025-11-24,14:29:00,25186.5,25188.75,25183,25186.5,926,25193.46,24967.32,0.00
2025-11-24,14:30:00,25186,25189,25180.75,25184.25,1461,25193.03,24967.60,0.00
2025-11-24,14:31:00,25184.25,25185.25,25166.75,25170.25,4202,25190.68,24968.34,0.00
2025-11-24,14:32:00,25170.25,25188.5,25168.5,25183,2529,25189.94,24968.80,0.00
2025-11-24,14:33:00,25182.5,25191.75,25179.25,25188.75,1806,25189.78,24969.14,0.00
2025-11-24,14:34:00,25188.25,25193,25186,25187.5,1155,25189.75,24969.36,0.00
2025-11-24,14:35:00,25186.75,25188,25178.5,25180.5,1565,25189.47,24969.64,0.00
2025-11-24,14:36:00,25180.25,25181.25,25172.5,25176.5,1570,25189.00,24969.92,0.00
2025-11-24,14:37:00,25177.25,25192.25,25176.25,25191.75,1632,25188.91,24970.22,0.00
2025-11-24,14:38:00,25191.5,25191.5,25178.75,25183.75,1539,25188.77,24970.50,0.00
2025-11-24,14:39:00,25183.5,25184.25,25177.75,25178.5,911,25188.60,24970.67,0.00
2025-11-24,14:40:00,25178.5,25189.25,25177,25187.75,952,25188.52,24970.84,0.00
2025-11-24,14:41:00,25187.5,25188.25,25174,25176,1635,25188.22,24971.13,0.00
2025-11-24,14:42:00,25176.75,25182.75,25170.5,25180.5,1664,25187.88,24971.42,0.00
2025-11-24,14:43:00,25180.75,25185.25,25178.5,25183.5,995,25187.78,24971.60,0.00
2025-11-24,14:44:00,25183.75,25187.75,25178.75,25182.5,913,25187.70,24971.76,0.00
2025-11-24,14:45:00,25182.75,25186.25,25179,25183.75,696,25187.63,24971.89,0.00
2025-11-24,14:46:00,25183.5,25188,25182.25,25186,954,25187.60,24972.06,0.00
2025-11-24,14:47:00,25187.75,25192.25,25179.25,25179.5,1635,25187.48,24972.35,0.00
2025-11-24,14:48:00,25179.75,25182.5,25173.75,25179.5,1767,25187.21,24972.66,0.00
2025-11-24,14:49:00,25179.75,25191.75,25178.5,25190.75,1180,25187.21,24972.87,0.00
2025-11-24,14:50:00,25191,25196.25,25184.75,25185.25,1896,25187.25,24973.22,0.00
2025-11-24,14:51:00,25185.25,25188.75,25181.75,25187.75,1346,25187.23,24973.46,0.00
2025-11-24,14:52:00,25187.75,25191.75,25182.75,25191,909,25187.25,24973.62,0.00
2025-11-24,14:53:00,25190.5,25191.5,25184.5,25188.25,824,25187.26,24973.77,0.00
2025-11-24,14:54:00,25187.75,25191.25,25183,25187.25,1008,25187.26,24973.95,0.00
2025-11-24,14:55:00,25187.75,25191.5,25180,25191.25,1383,25187.26,24974.20,0.00
2025-11-24,14:56:00,25190.75,25192.25,25182,25188.25,1396,25187.27,24974.45,0.00
2025-11-24,14:57:00,25188,25191.5,25180,25185.25,1362,25187.23,24974.69,0.00
2025-11-24,14:58:00,25185,25185,25179.5,25183.25,927,25187.17,24974.85,0.00
2025-11-24,14:59:00,25183,25187.25,25180,25183,796,25187.13,24974.99,0.00
2025-11-24,15:00:00,25183.5,25187.75,25178.5,25179.25,973,25187.06,24975.15,0.00
2025-11-24,15:01:00,25179.25,25189.75,25176.5,25187,1580,25187.00,24975.43,0.00
2025-11-24,15:02:00,25186.75,25193.75,25186.25,25192.5,1289,25187.07,24975.66,0.00
2025-11-24,15:03:00,25192.75,25204.25,25192.75,25197.25,2689,25187.45,24976.16,0.00
2025-11-24,15:04:00,25198,25200.25,25191,25195.5,1649,25187.62,24976.46,0.00
2025-11-24,15:05:00,25195.5,25199.25,25192,25195.5,1026,25187.72,24976.64,0.00
2025-11-24,15:06:00,25195.25,25201,25193.75,25199.5,1032,25187.85,24976.83,0.00
2025-11-24,15:07:00,25199.25,25205.25,25196.75,25201.5,1249,25188.06,24977.06,0.00
2025-11-24,15:08:00,25201.75,25204,25194.75,25203.5,1076,25188.22,24977.26,0.00
2025-11-24,15:09:00,25203.25,25213.75,25201.75,25208.75,3097,25208.08,24977.85,0.00
2025-11-24,15:10:00,25208.75,25211,25204,25206.75,1490,25207.81,24978.13,0.00
2025-11-24,15:11:00,25207,25212,25201.5,25209.5,1527,25207.78,24978.42,0.00
2025-11-24,15:12:00,25210,25210.25,25202.5,25203.5,976,25207.45,24978.60,0.00
2025-11-24,15:13:00,25203.75,25209,25201.75,25208.25,1028,25207.31,24978.79,0.00
2025-11-24,15:14:00,25208.75,25211.5,25198.25,25199,1509,25206.62,24979.07,0.00
2025-11-24,15:15:00,25198.75,25206,25198.75,25203.75,970,25206.27,24979.25,0.00
2025-11-24,15:16:00,25203.75,25209.75,25201.75,25205.75,1361,25206.21,24979.50,0.00
2025-11-24,15:17:00,25205.75,25209.5,25200.5,25206,1180,25206.14,24979.72,0.00
2025-11-24,15:18:00,25206.25,25206.25,25195.25,25196.25,1405,25205.47,24979.97,0.00
2025-11-24,15:19:00,25196.25,25199.75,25191.75,25198.75,1623,25204.59,24980.26,0.00
2025-11-24,15:20:00,25199,25206,25196.25,25204.5,1283,25204.42,24980.49,0.00
2025-11-24,15:21:00,25204.25,25204.75,25194.75,25197.25,1028,25204.12,24980.67,0.00
2025-11-24,15:22:00,25197.25,25204,25195.75,25199.75,967,25203.90,24980.84,0.00
2025-11-24,15:23:00,25199.75,25201.5,25192,25194.25,1198,25203.44,24981.05,0.00
2025-11-24,15:24:00,25195.25,25198.25,25193.25,25194.75,815,25203.13,24981.19,0.00
2025-11-24,15:25:00,25194.75,25199.25,25193.25,25195,865,25202.85,24981.34,0.00
2025-11-24,15:26:00,25194.5,25200.5,25190.5,25196,1135,25202.50,24981.54,0.00
2025-11-24,15:27:00,25195.75,25195.75,25187.75,25191.25,1186,25201.98,24981.74,0.00
2025-11-24,15:28:00,25191,25191.5,25182,25184.5,1990,25200.78,24982.07,0.00
2025-11-24,15:29:00,25184.5,25193.25,25182.5,25189.75,1522,25200.12,24982.32,0.00
2025-11-24,15:30:00,25190.5,25190.5,25181.5,25185.75,1197,25199.54,24982.52,0.00
2025-11-24,15:31:00,25186,25189.75,25171.75,25172.25,2573,25197.80,24982.92,0.00
2025-11-24,15:32:00,25172.5,25175,25164.25,25170,3198,25195.24,24983.40,0.00
2025-11-24,15:33:00,25170,25176.75,25164.25,25164.5,2159,25193.70,24983.72,0.00
2025-11-24,15:34:00,25165,25174,25158.5,25169.75,2708,25191.92,24984.12,0.00
2025-11-24,15:35:00,25169.25,25170.25,25159.75,25168.75,1849,25190.78,24984.39,0.00
2025-11-24,15:36:00,25169,25169,25156,25165,2743,25189.09,24984.78,0.00
2025-11-24,15:37:00,25165,25168,25155.25,25165.75,2381,25187.77,24985.12,0.00
2025-11-24,15:38:00,25166.5,25176.5,25163.25,25174.5,2201,25187.04,24985.44,0.00
2025-11-24,15:39:00,25174.5,25186.5,25173,25184.75,2716,25186.74,24985.86,0.00
2025-11-24,15:40:00,25184.75,25190,25182.5,25184,1815,25186.70,24986.15,0.00
2025-11-24,15:41:00,25184.25,25189.25,25178.5,25189,2872,25186.65,24986.60,0.00
2025-11-24,15:42:00,25188.5,25192,25180,25180.75,1642,25186.58,24986.86,0.00
2025-11-24,15:43:00,25180.5,25180.5,25172.25,25177.75,2082,25186.24,24987.17,0.00
2025-11-24,15:44:00,25177.5,25179.25,25170.25,25172.75,1102,25186.02,24987.33,0.00
2025-11-24,15:45:00,25172.5,25177,25168.25,25169,1218,25185.74,24987.51,0.00
2025-11-24,15:46:00,25169.25,25173.5,25161.5,25163.25,2370,25185.02,24987.84,0.00
2025-11-24,15:47:00,25163,25166.5,25159,25164,1730,25184.46,24988.08,0.00
2025-11-24,15:48:00,25164,25170,25159.5,25159.5,1489,25183.99,24988.28,0.00
2025-11-24,15:49:00,25159.75,25168,25159.75,25166,1030,25183.70,24988.42,0.00
2025-11-24,15:50:00,25166,25167.25,25160.25,25163.25,1011,25183.41,24988.56,0.00
2025-11-24,15:51:00,25163.75,25178.75,25163.25,25176.75,2295,25183.08,24988.89,0.00
2025-11-24,15:52:00,25176.75,25177.75,25163.25,25166.75,1395,25182.82,24989.09,0.00
2025-11-24,15:53:00,25166.5,25169.5,25155.5,25157.25,2037,25182.22,24989.36,0.00
2025-11-24,15:54:00,25157.75,25159.75,25146.5,25151.25,3355,25180.97,24989.78,0.00
2025-11-24,15:55:00,25151.75,25164,25147.75,25163.25,2153,25180.37,24990.06,0.00
2025-11-24,15:56:00,25163,25171.75,25161.5,25169.25,1868,25180.08,24990.32,0.00
2025-11-24,15:57:00,25169.5,25181.75,25164.5,25165.75,4066,25179.64,24990.88,0.00
2025-11-24,15:58:00,25165.25,25176.25,25157,25170,2661,25179.29,24991.24,0.00
2025-11-24,15:59:00,25170,25172,25162.75,25170.75,1211,25179.15,24991.41,0.00
2025-11-24,16:00:00,25170,25174.75,25161.5,25167,1729,25178.94,24991.64,0.00
2025-11-24,16:01:00,25167.5,25175.25,25166,25173,2072,25178.77,24991.93,0.00
2025-11-24,16:02:00,25172.25,25181,25171.5,25179.25,1906,25178.74,24992.20,0.00
2025-11-24,16:03:00,25178.75,25183.25,25174.25,25183,1722,25178.77,24992.45,0.00
2025-11-24,16:04:00,25183.25,25196.25,25181.5,25192,3325,25179.13,24992.94,0.00
2025-11-24,16:05:00,25192,25201.5,25189,25200.5,2608,25179.58,24993.35,0.00
2025-11-24,16:06:00,25200.25,25203,25194.75,25200.25,1983,25179.94,24993.66,0.00
2025-11-24,16:07:00,25199.5,25201.5,25193.75,25196.75,1286,25180.15,24993.86,0.00
2025-11-24,16:08:00,25196.75,25204.25,25194,25198.5,1744,25180.45,24994.13,0.00
2025-11-24,16:09:00,25198.75,25202,25194.25,25195.25,904,25180.59,24994.27,0.00
2025-11-24,16:10:00,25194.5,25198.5,25192.75,25194,1048,25180.72,24994.43,0.00
2025-11-24,16:11:00,25193.75,25193.75,25185.25,25187.5,1921,25180.86,24994.71,0.00
2025-11-24,16:12:00,25187.25,25194.25,25183.5,25193.25,1311,25180.97,24994.90,0.00
2025-11-24,16:13:00,25193.25,25199.5,25189,25199.25,1539,25181.16,24995.13,0.00
2025-11-24,16:14:00,25199.5,25206,25197.5,25198.5,1991,25181.49,24995.44,0.00
2025-11-24,16:15:00,25198,25198.25,25190.25,25193,1400,25181.64,24995.65,0.00
2025-11-24,16:16:00,25192.75,25197.25,25187.5,25196.25,1701,25181.81,24995.90,0.00
2025-11-24,16:17:00,25196,25202.25,25195.25,25201,1186,25181.98,24996.09,0.00
2025-11-24,16:18:00,25201.5,25217,25201,25209.25,3312,25209.08,24996.61,0.00
2025-11-24,16:19:00,25209.5,25212,25205.5,25207,1381,25208.81,24996.83,0.00
2025-11-24,16:20:00,25207.25,25212.5,25202.75,25203.75,1325,25208.27,24997.04,0.00
2025-11-24,16:21:00,25203.25,25205,25194.5,25197,2451,25205.54,24997.41,0.00
2025-11-24,16:22:00,25197.5,25209.75,25195,25206.25,1896,25205.20,24997.70,0.00
2025-11-24,16:23:00,25206.25,25210.5,25199.25,25199.75,1415,25204.95,24997.91,0.00
2025-11-24,16:24:00,25199.75,25204.75,25195.5,25200,1046,25204.55,24998.07,0.00
2025-11-24,16:25:00,25199.75,25199.75,25193.75,25196.5,1122,25203.92,24998.24,0.00
2025-11-24,16:26:00,25196,25197.5,25188.5,25189.5,1471,25202.77,24998.45,0.00
2025-11-24,16:27:00,25189,25189,25178.5,25184.25,2871,25199.81,24998.84,0.00
2025-11-24,16:28:00,25184.75,25194.75,25183.75,25191.75,1717,25198.97,24999.08,0.00
2025-11-24,16:29:00,25191.75,25194.75,25187.5,25189.5,1005,25198.57,24999.23,0.00
2025-11-24,16:30:00,25189.25,25193.25,25187.25,25189.25,860,25198.23,24999.35,0.00
2025-11-24,16:31:00,25189.5,25190.5,25179.75,25183.75,1971,25197.11,24999.62,0.00
2025-11-24,16:32:00,25183.5,25194,25183.25,25192,1584,25196.65,24999.84,0.00
2025-11-24,16:33:00,25191.75,25193.5,25187.5,25190,876,25196.44,24999.96,0.00
2025-11-24,16:34:00,25190.75,25204.25,25189.25,25197.75,2092,25196.49,25000.26,0.00
2025-11-24,16:35:00,25197.75,25200.5,25194.5,25197,1008,25196.52,25000.41,0.00
2025-11-24,16:36:00,25197,25201.75,25193.25,25195.5,1108,25196.53,25000.57,0.00
2025-11-24,16:37:00,25195.75,25206,25195.5,25201.75,1357,25196.72,25000.77,0.00
2025-11-24,16:38:00,25201.25,25207.75,25199,25207.25,1601,25197.10,25001.01,0.00
2025-11-24,16:39:00,25207.25,25209.25,25203.75,25207.25,1152,25197.42,25001.18,0.00
2025-11-24,16:40:00,25207.25,25207.5,25202,25205,843,25197.60,25001.30,0.00
2025-11-24,16:41:00,25204.75,25204.75,25198.5,25201.25,1177,25197.73,25001.48,0.00
2025-11-24,16:42:00,25201.25,25209.5,25201.25,25205.75,1328,25198.00,25001.67,0.00
2025-11-24,16:43:00,25205.75,25205.75,25196.25,25198.75,1664,25198.09,25001.91,0.00
2025-11-24,16:44:00,25198.5,25204.25,25193.5,25204,1492,25198.18,25002.13,0.00
2025-11-24,16:45:00,25204,25214.75,25203.75,25210.5,2256,25198.78,25002.47,0.00
2025-11-24,16:46:00,25210.75,25221.5,25210.75,25215.5,3599,25215.92,25003.03,0.00
2025-11-24,16:47:00,25215.25,25219.5,25209.25,25209.5,1804,25214.86,25003.30,0.00
2025-11-24,16:48:00,25209,25211.25,25204.25,25207,1802,25213.02,25003.57,0.00
2025-11-24,16:49:00,25206.5,25212,25203.5,25205.5,1517,25211.97,25003.79,0.00
2025-11-24,16:50:00,25205.5,25210.5,25197.25,25208,2594,25210.43,25004.16,0.00
2025-11-24,16:51:00,25208,25217,25182,25184.75,7006,25204.37,25005.12,0.00
2025-11-24,16:52:00,25185.5,25204,25184.5,25190.75,3450,25202.58,25005.58,0.00
2025-11-24,16:53:00,25190.5,25196.25,25181.5,25189,3006,25200.92,25005.98,0.00
2025-11-24,16:54:00,25189.25,25227,25184.5,25224.75,5313,25212.08,25006.75,0.00
2025-11-24,16:55:00,25225,25240.25,25221.5,25233.25,6593,25231.67,25007.80,0.00
2025-11-24,16:56:00,25233,25246.5,25230.75,25231.25,6330,25236.17,25008.82,0.00
2025-11-24,16:57:00,25231.5,25237.25,25218.25,25225.5,3958,25232.64,25009.43,0.00
2025-11-24,16:58:00,25225.25,25226.5,25194.75,25199,4955,25224.22,25010.11,0.00
2025-11-24,16:59:00,25199.25,25211.25,25196.75,25201.25,3645,25220.14,25010.60,0.00
2025-11-24,17:00:00,25201.5,25218,25187,25189.5,12638,25211.33,25012.24,0.00
2025-11-24,17:01:00,25190,25195.5,25178,25187,6783,25207.00,25013.06,0.00
2025-11-24,17:02:00,25188.25,25200,25186.75,25194.25,2722,25206.11,25013.40,0.00
2025-11-24,17:03:00,25194,25199.5,25187.75,25196,1731,25205.64,25013.61,0.00
2025-11-24,17:04:00,25195.25,25214,25194.25,25211.5,2070,25205.68,25013.88,0.00
2025-11-24,17:05:00,25211.25,25212,25203.5,25203.5,1280,25205.70,25014.05,0.00
2025-11-24,17:06:00,25204.25,25210,25201,25206.25,1138,25205.70,25014.20,0.00
2025-11-24,17:07:00,25206,25206.75,25199,25201.75,811,25205.65,25014.31,0.00
2025-11-24,17:08:00,25202.75,25214,25200.75,25212.75,983,25205.72,25014.44,0.00
2025-11-24,17:09:00,25213,25220.5,25212,25218.75,1478,25206.05,25014.64,0.00
2025-11-24,17:10:00,25218.5,25219.25,25210.5,25215,1071,25206.23,25014.79,0.00
2025-11-24,17:11:00,25215,25217,25206.25,25210.75,1126,25206.34,25014.94,0.00
2025-11-24,17:12:00,25211.25,25218.25,25210.25,25215.25,602,25206.44,25015.02,0.00
2025-11-24,17:13:00,25215.75,25223,25215,25219.75,793,25206.62,25015.13,0.00
2025-11-24,17:14:00,25219.75,25223,25218,25222,686,25206.80,25015.23,0.00
2025-11-24,17:15:00,25221.5,25224.75,25211.5,25213.25,1200,25207.01,25015.39,0.00
2025-11-24,17:16:00,25213,25218.75,25210.75,25217,553,25207.09,25015.47,0.00
2025-11-24,17:17:00,25217,25217,25208,25211,697,25207.15,25015.56,0.00
2025-11-24,17:18:00,25211.25,25214.5,25208,25209.5,352,25207.18,25015.61,0.00
2025-11-24,17:19:00,25209.5,25210.5,25205,25205.5,522,25207.17,25015.68,0.00
2025-11-24,17:20:00,25205,25206.5,25202,25203,588,25207.14,25015.75,0.00
2025-11-24,17:21:00,25203.75,25209.75,25201.5,25207.5,474,25207.13,25015.81,0.00
2025-11-24,17:22:00,25207.75,25210.5,25206.5,25207.25,267,25207.14,25015.85,0.00
2025-11-24,17:23:00,25207.25,25209.5,25204.5,25208.5,283,25207.14,25015.88,0.00
2025-11-24,17:24:00,25208.5,25215.25,25208.25,25212.75,677,25207.20,25015.97,0.00
2025-11-24,17:25:00,25212.5,25222,25212,25220.75,569,25207.30,25016.05,0.00
2025-11-24,17:26:00,25220.75,25226.25,25218,25225,670,25207.47,25016.15,0.00
2025-11-24,17:27:00,25225.25,25225.25,25216.25,25217.5,518,25207.57,25016.22,0.00
2025-11-24,17:28:00,25217.75,25222.75,25217,25221.25,325,25207.64,25016.26,0.00
2025-11-24,17:29:00,25220.75,25221.25,25214.25,25215.5,403,25207.70,25016.32,0.00
2025-11-24,17:30:00,25215.5,25217.5,25213.25,25215.75,418,25207.75,25016.37,0.00
2025-11-24,17:31:00,25215.5,25219.75,25215.5,25219.25,366,25207.81,25016.42,0.00
2025-11-24,17:32:00,25219,25219.75,25215,25215.75,380,25207.86,25016.47,0.00
2025-11-24,17:33:00,25215.25,25215.25,25212.25,25213.75,296,25207.89,25016.51,0.00
2025-11-24,17:34:00,25213.75,25215.75,25212.5,25214.25,242,25207.91,25016.55,0.00
2025-11-24,17:35:00,25213.75,25216.5,25209.25,25212,501,25207.95,25016.61,0.00
2025-11-24,17:36:00,25212,25213.75,25207.75,25213.75,443,25207.97,25016.67,0.00
2025-11-24,17:37:00,25214.25,25222.25,25214.25,25222,447,25208.05,25016.73,0.00
2025-11-24,17:38:00,25221.75,25228.5,25221.25,25227.25,631,25208.22,25016.82,0.00
2025-11-24,17:39:00,25227.25,25227.5,25219.25,25219.25,366,25208.30,25016.87,0.00
2025-11-24,17:40:00,25219,25226,25218.75,25224,312,25208.36,25016.92,0.00
2025-11-24,17:41:00,25224.75,25227.75,25223.75,25226.75,229,25208.42,25016.95,0.00
2025-11-24,17:42:00,25226.25,25226.5,25220,25220,287,25208.48,25016.99,0.00
2025-11-24,17:43:00,25219.75,25222,25216.75,25221.5,251,25208.52,25017.02,0.00
2025-11-24,17:44:00,25221.25,25223.5,25218.75,25222.25,208,25208.56,25017.05,0.00
2025-11-24,17:45:00,25222,25222.25,25217.75,25218,335,25208.62,25017.10,0.00
2025-11-24,17:46:00,25218,25218.25,25213.75,25214.75,378,25208.65,25017.15,0.00
2025-11-24,17:47:00,25214.5,25217.5,25214,25217.25,317,25208.69,25017.19,0.00
2025-11-24,17:48:00,25217,25218.75,25215.75,25217,191,25208.71,25017.22,0.00
2025-11-24,17:49:00,25217.5,25217.75,25214.25,25216.5,176,25208.73,25017.24,0.00
2025-11-24,17:50:00,25216.5,25222,25213.75,25220.5,330,25208.78,25017.28,0.00
2025-11-24,17:51:00,25220,25220.25,25215.75,25219.5,417,25208.84,25017.34,0.00
2025-11-24,17:52:00,25219.75,25223.25,25217.5,25221.5,461,25208.91,25017.40,0.00
2025-11-24,17:53:00,25222,25223.75,25219.75,25219.75,215,25208.95,25017.43,0.00
2025-11-24,17:54:00,25219.5,25222.25,25218.75,25219,121,25208.97,25017.45,0.00
2025-11-24,17:55:00,25218.5,25220.25,25217.75,25219.75,128,25208.99,25017.47,0.00
2025-11-24,17:56:00,25219.25,25219.75,25217,25218.75,438,25209.05,25017.53,0.00
2025-11-24,17:57:00,25218.5,25219.25,25216.75,25217.5,189,25209.07,25017.55,0.00
2025-11-24,17:58:00,25217,25218.25,25215.75,25216.75,191,25209.09,25017.58,0.00
2025-11-24,17:59:00,25216.75,25219,25215.5,25217.75,226,25209.12,25017.61,0.00
2025-11-24,18:00:00,25217.25,25218.25,25214,25215.75,504,25209.16,25017.67,0.00
2025-11-24,19:01:00,25226.5,25233,25215.5,25225.75,1380,25224.75,25224.75,0.00
2025-11-24,19:02:00,25227.25,25236,25221,25234.75,922,25230.58,25227.09,0.00
2025-11-24,19:03:00,25234.75,25235.75,25223.25,25230.5,701,25230.26,25227.73,0.00
2025-11-24,19:04:00,25230,25233,25224.25,25229.75,715,25229.87,25227.97,0.00
2025-11-24,19:05:00,25229.5,25230.5,25218.25,25220.5,475,25228.73,25227.42,0.00
2025-11-24,19:06:00,25221.5,25227,25219.5,25226.25,403,25228.17,25227.14,0.00
2025-11-24,19:07:00,25226.25,25230.25,25223.75,25225.75,340,25228.02,25227.10,0.00
2025-11-24,19:08:00,25225.75,25225.75,25218.25,25219.5,288,25227.50,25226.78,0.00
2025-11-24,19:09:00,25220.75,25222.25,25215.25,25216,480,25226.43,25217.83,0.00
2025-11-24,19:10:00,25216.25,25218.5,25209,25211.5,1028,25223.85,25213.00,0.00
2025-11-24,19:11:00,25211.75,25217.75,25208.75,25217,493,25223.06,25214.50,0.00
2025-11-24,19:12:00,25217,25217.25,25209.25,25212.25,355,25222.48,25213.84,0.00
2025-11-24,19:13:00,25213,25214.25,25209.25,25213.25,524,25221.68,25213.23,0.00
2025-11-24,19:14:00,25212.75,25218,25211.25,25216.75,241,25221.46,25213.55,0.00
2025-11-24,19:15:00,25216.75,25222.5,25214.5,25218.25,669,25221.20,25214.97,0.00
2025-11-24,19:16:00,25218.25,25218.25,25209.5,25209.75,446,25220.72,25214.57,0.00
2025-11-24,19:17:00,25209.75,25211,25204.25,25208.25,632,25219.78,25207.83,0.00
2025-11-24,19:18:00,25208.75,25213.5,25206.25,25211.75,241,25219.53,25208.57,0.00
2025-11-24,19:19:00,25212,25225.75,25210.5,25222,772,25219.52,25213.66,0.00
2025-11-24,19:20:00,25221.75,25223,25213.5,25213.5,395,25219.41,25214.24,0.00
2025-11-24,19:21:00,25214.25,25219,25214,25215.5,228,25219.34,25214.44,0.00
2025-11-24,19:22:00,25215.5,25220.25,25214.25,25219,172,25219.31,25214.68,0.00
2025-11-24,19:23:00,25218.25,25222.25,25214.5,25214.5,405,25219.23,25215.02,0.00
2025-11-24,19:24:00,25215.25,25217,25213.5,25214.25,154,25219.17,25215.01,0.00
2025-11-24,19:25:00,25215,25216,25213.5,25214.5,113,25219.13,25215.00,0.00
2025-11-24,19:26:00,25213.75,25218.25,25213.5,25216.25,209,25219.07,25215.06,0.00
2025-11-24,19:27:00,25216,25218,25214.25,25216.25,121,25219.04,25215.10,0.00
2025-11-24,19:28:00,25216.25,25218.75,25215.5,25217.5,213,25219.01,25215.23,0.00
2025-11-24,19:29:00,25218,25219,25214.5,25218,148,25218.98,25215.30,0.00
2025-11-24,19:30:00,25217,25218,25214,25215.25,111,25218.95,25215.32,0.00
2025-11-24,19:31:00,25216,25221,25214.5,25218.75,325,25218.93,25215.53,0.00
2025-11-24,19:32:00,25218.75,25219,25212.75,25214.25,306,25218.84,25215.51,0.00
2025-11-24,19:33:00,25214,25218.75,25212.75,25215.25,204,25218.79,25215.52,0.00
2025-11-24,19:34:00,25214.75,25217.25,25211.25,25216.25,196,25218.73,25215.49,0.00
2025-11-24,19:35:00,25215.5,25218.75,25215,25217,241,25218.70,25215.56,0.00
2025-11-24,19:36:00,25216.75,25220.25,25216.5,25218.25,150,25218.70,25215.64,0.00
2025-11-24,19:37:00,25218.25,25219.5,25216,25216.75,172,25218.68,25215.69,0.00
2025-11-24,19:38:00,25217.25,25221.5,25214.25,25219,239,25218.67,25215.80,0.00
2025-11-24,19:39:00,25218.5,25221,25218.5,25220.5,188,25218.69,25215.93,0.00
2025-11-24,19:40:00,25220.5,25224.25,25219.25,25223.5,333,25218.77,25216.27,0.00
2025-11-24,19:41:00,25223.5,25232,25223.5,25227,735,25219.20,25217.45,0.00
2025-11-24,19:42:00,25226.75,25229.5,25225.5,25227.5,403,25219.42,25218.00,0.00
2025-11-24,19:43:00,25227.5,25230,25223,25223.75,417,25219.58,25218.40,0.00
2025-11-24,19:44:00,25224.25,25227.5,25220.25,25225.75,268,25219.66,25218.60,0.00
2025-11-24,19:45:00,25225.5,25228,25224.75,25227.5,228,25219.76,25218.83,0.00
2025-11-24,19:46:00,25227,25228.75,25224,25228.75,158,25219.83,25218.98,0.00
2025-11-24,19:47:00,25228,25235.5,25226.25,25234.25,596,25220.25,25219.84,0.00
2025-11-24,19:48:00,25234.25,25240,25233.75,25236.25,707,25236.67,25221.05,0.00
2025-11-24,19:49:00,25236.5,25238,25232.25,25233.75,429,25235.91,25221.63,0.00
2025-11-24,19:50:00,25233.25,25234.5,25227,25230.25,391,25234.55,25221.96,0.00
2025-11-24,19:51:00,25230.75,25233.5,25229.75,25232,244,25234.16,25222.18,0.00
2025-11-24,19:52:00,25232.5,25237.5,25232.5,25233.5,382,25234.22,25222.60,0.00
2025-11-24,19:53:00,25233.25,25233.25,25228.25,25232,364,25233.78,25222.87,0.00
2025-11-24,19:54:00,25231.75,25232.75,25228.5,25228.75,196,25233.51,25222.98,0.00
2025-11-24,19:55:00,25229.25,25230.5,25226.5,25227,264,25233.02,25223.09,0.00
2025-11-24,19:56:00,25227.75,25231.25,25226.25,25226.75,256,25232.63,25223.20,0.00
2025-11-24,19:57:00,25226.5,25228.75,25224.25,25226.25,267,25232.15,25223.27,0.00
2025-11-24,19:58:00,25226.75,25227.5,25220.75,25221.5,314,25231.42,25223.27,0.00
2025-11-24,19:59:00,25221.5,25222.25,25216.75,25217.25,372,25230.29,25223.14,0.00
2025-11-24,20:00:00,25218,25218.25,25213,25213,538,25228.52,25222.81,0.00
2025-11-24,20:01:00,25213.25,25213.5,25206,25206.75,935,25225.26,25221.92,0.00
2025-11-24,20:02:00,25207.25,25209.5,25201.5,25203.25,720,25222.94,25204.75,0.00
2025-11-24,20:03:00,25203.5,25203.5,25191.5,25193.75,1109,25218.99,25196.25,0.00
2025-11-24,20:04:00,25194,25194,25186,25189.75,887,25215.91,25189.92,0.00
2025-11-24,20:05:00,25189.5,25197.5,25187.75,25193.5,686,25214.17,25191.22,0.00
2025-11-24,20:06:00,25193.75,25201.5,25191.75,25199.5,664,25213.04,25193.11,0.00
2025-11-24,20:07:00,25200,25203.5,25194.25,25195.5,787,25211.89,25194.32,0.00
2025-11-24,20:08:00,25197.25,25199.5,25190.25,25194.75,477,25211.15,25194.39,0.00
2025-11-24,20:09:00,25195.25,25196.75,25191.5,25193,354,25210.61,25194.33,0.00
2025-11-24,20:10:00,25193.5,25193.5,25186.75,25188.75,489,25209.74,25193.81,0.00
2025-11-24,20:11:00,25188.5,25191,25185.25,25186.75,712,25208.49,25187.67,0.00
2025-11-24,20:12:00,25186.75,25192.5,25184.75,25191.5,520,25207.74,25189.58,0.00
2025-11-24,20:13:00,25191.25,25198.5,25189.25,25196,711,25207.06,25192.47,0.00
2025-11-24,20:14:00,25195.75,25196.25,25187.25,25188.5,436,25206.56,25192.00,0.00
2025-11-24,20:15:00,25188.25,25191.75,25186,25190.5,477,25206.00,25191.42,0.00
2025-11-24,20:16:00,25190.25,25193.25,25186.75,25189.75,482,25205.49,25191.15,0.00
2025-11-24,20:17:00,25189.25,25193,25182,25187.5,872,25204.51,25187.50,0.00
2025-11-24,20:18:00,25187.5,25193,25183.75,25186.25,422,25204.08,25187.55,0.00
2025-11-24,20:19:00,25185.5,25186.25,25181,25183.75,416,25203.58,25183.67,0.00
2025-11-24,20:20:00,25183.25,25188.5,25181.5,25187.75,507,25203.06,25184.90,0.00
2025-11-24,20:21:00,25187.25,25195,25186.25,25190,511,25202.70,25186.87,0.00
2025-11-24,20:22:00,25191,25191.5,25185.25,25186,337,25202.42,25187.00,0.00
2025-11-24,20:23:00,25185.5,25187,25182.5,25183.25,338,25202.09,25186.56,0.00
2025-11-24,20:24:00,25184.5,25186.25,25183,25185.75,189,25201.92,25186.43,0.00
2025-11-24,20:25:00,25186.25,25190.5,25185.5,25189.5,349,25201.67,25186.71,0.00
2025-11-24,20:26:00,25189,25189.25,25183.25,25187,239,25201.49,25186.69,0.00
2025-11-24,20:27:00,25186.5,25186.5,25180.25,25181.25,481,25201.03,25182.67,0.00
2025-11-24,20:28:00,25181.25,25183.25,25179,25179.25,401,25200.62,25180.50,0.00
2025-11-24,20:29:00,25179,25184.5,25172,25184.5,1608,25199.13,25180.33,0.00
2025-11-24,20:30:00,25183.75,25183.75,25177.75,25179.5,355,25198.83,25180.33,0.00
2025-11-24,20:31:00,25180.25,25187,25179.75,25183.25,477,25198.50,25180.92,0.00
2025-11-24,20:32:00,25183,25186.25,25181,25183.5,283,25198.32,25181.20,0.00
2025-11-24,20:33:00,25183.5,25185.75,25180.25,25184.5,277,25198.14,25181.41,0.00
2025-11-24,20:34:00,25184,25192.25,25183.75,25191.25,485,25197.96,25182.48,0.00
2025-11-24,20:35:00,25191.75,25200.75,25190.5,25199.5,867,25197.92,25185.35,0.00
2025-11-24,20:36:00,25199.75,25205.25,25199.25,25203.75,711,25198.05,25187.80,0.00
2025-11-24,20:37:00,25203,25204.5,25199.75,25204,410,25198.13,25188.92,0.00
2025-11-24,20:38:00,25204.25,25205.25,25196,25198.5,460,25198.16,25189.77,0.00
2025-11-24,20:39:00,25198.75,25200.75,25197.5,25199.25,287,25198.17,25190.20,0.00
2025-11-24,20:40:00,25200.25,25200.25,25188.25,25193.25,659,25198.07,25190.56,0.00
2025-11-24,20:41:00,25193.25,25194.25,25184.75,25186,650,25197.84,25190.37,0.00
2025-11-24,20:42:00,25186.5,25190,25185.25,25186.5,351,25197.71,25190.23,0.00
2025-11-24,20:43:00,25186.5,25192,25184,25184.25,434,25197.54,25190.05,0.00
2025-11-24,20:44:00,25184.5,25185.75,25178.75,25179.25,530,25197.24,25189.52,0.00
2025-11-24,20:45:00,25179.25,25186.25,25177.75,25185.25,462,25197.02,25189.20,0.00
2025-11-24,20:46:00,25184.75,25193,25183.75,25191.5,485,25196.90,25189.21,0.00
2025-11-24,20:47:00,25191.25,25192.5,25188.25,25190.25,255,25196.85,25189.24,0.00
2025-11-24,20:48:00,25191,25195.25,25191,25191.75,348,25196.80,25189.35,0.00
2025-11-24,20:49:00,25192,25192,25184.75,25187.75,423,25196.68,25189.31,0.00
2025-11-24,20:50:00,25188.25,25192,25186.75,25190,385,25196.59,25189.32,0.00
2025-11-24,20:51:00,25189.25,25193.5,25186.25,25192.5,319,25196.53,25189.36,0.00
2025-11-24,20:52:00,25192.25,25200.25,25189.5,25199.25,661,25196.53,25189.74,0.00
2025-11-24,20:53:00,25199.25,25201,25196.25,25200.25,329,25196.56,25189.98,0.00
2025-11-24,20:54:00,25200.25,25201.75,25198.25,25200.5,227,25196.58,25190.16,0.00
2025-11-24,20:55:00,25200.25,25203.25,25200.25,25200.75,378,25196.64,25190.49,0.00
2025-11-24,20:56:00,25200.25,25210.5,25199.5,25207,783,25196.84,25191.34,0.00
2025-11-24,20:57:00,25206.75,25213,25205.25,25210.75,576,25197.06,25192.07,0.00
2025-11-24,20:58:00,25210.5,25217.25,25209.5,25214.5,745,25197.41,25193.13,0.00
2025-11-24,20:59:00,25215,25217,25212.25,25212.25,306,25197.55,25193.54,0.00
2025-11-24,21:00:00,25212.25,25213.5,25207.75,25211.25,441,25197.71,25194.02,0.00
2025-11-24,21:01:00,25210.75,25212.75,25202,25208,580,25197.87,25194.50,0.00
2025-11-24,21:02:00,25207.75,25211,25202.25,25210.5,456,25197.99,25194.86,0.00
2025-11-24,21:03:00,25210.75,25215,25208,25212,429,25198.14,25195.27,0.00
2025-11-24,21:04:00,25212,25213.5,25207.25,25210.5,236,25198.22,25195.47,0.00
2025-11-24,21:05:00,25210.5,25215.75,25207.75,25208.25,365,25198.34,25195.78,0.00
2025-11-24,21:06:00,25208.25,25214.5,25204.5,25205,335,25198.42,25196.00,0.00
2025-11-24,21:07:00,25205,25208.75,25201.5,25203.75,446,25198.49,25196.21,0.00
2025-11-24,21:08:00,25203.5,25209,25201.5,25202,292,25198.54,25196.33,0.00
2025-11-24,21:09:00,25201.5,25203.75,25196.75,25203.25,687,25198.58,25196.50,0.00
2025-11-24,21:10:00,25202.75,25207.25,25197.75,25197.75,365,25198.60,25196.58,0.00
2025-11-24,21:11:00,25197.25,25201.5,25195.75,25199.25,413,25198.61,25196.62,0.00
2025-11-24,21:12:00,25198.75,25205,25198.75,25200.5,303,25198.63,25196.69,0.00
2025-11-24,21:13:00,25200.25,25203.75,25200.25,25201.5,130,25198.64,25196.72,0.00
2025-11-24,21:14:00,25201.25,25203.25,25196,25199,268,25198.64,25196.76,0.00
2025-11-24,21:15:00,25199,25201.5,25194.75,25195.5,306,25198.63,25196.77,0.00
2025-11-24,21:16:00,25195.75,25199.5,25193.25,25195,368,25198.61,25196.75,0.00
2025-11-24,21:17:00,25195.25,25201,25193.75,25199.75,242,25198.61,25196.77,0.00
2025-11-24,21:18:00,25199.5,25199.5,25188.75,25191.75,690,25198.52,25196.66,0.00
2025-11-24,21:19:00,25191.5,25193.25,25184.5,25188.75,521,25198.41,25196.49,0.00
2025-11-24,21:20:00,25188,25196,25188,25194.25,374,25198.36,25196.43,0.00
2025-11-24,21:21:00,25194.25,25201,25193.25,25197.75,446,25198.35,25196.45,0.00
2025-11-24,21:22:00,25197.5,25200,25194,25199.25,313,25198.34,25196.46,0.00
2025-11-24,21:23:00,25198.75,25206,25196.75,25201,568,25198.38,25196.57,0.00
2025-11-24,21:24:00,25200.75,25205,25198.5,25199.5,269,25198.39,25196.62,0.00
2025-11-24,21:25:00,25199,25203.75,25196.25,25198.5,353,25198.40,25196.66,0.00
2025-11-24,21:26:00,25198.5,25206,25198.5,25203.5,336,25198.43,25196.74,0.00
2025-11-24,21:27:00,25203.75,25204.25,25198,25201,252,25198.45,25196.78,0.00
2025-11-24,21:28:00,25201.25,25205.25,25194.75,25195.75,345,25198.45,25196.80,0.00
2025-11-24,21:29:00,25195.25,25197.5,25192.75,25194,313,25198.42,25196.78,0.00
2025-11-24,21:30:00,25193.5,25197,25193,25195.25,196,25198.41,25196.76,0.00
2025-11-24,21:31:00,25195.5,25197.75,25192.75,25195,273,25198.39,25196.75,0.00
2025-11-24,21:32:00,25195,25195,25190.25,25191.75,315,25198.35,25196.70,0.00
2025-11-24,21:33:00,25191.5,25192.5,25186.25,25191.75,497,25198.27,25196.58,0.00
2025-11-24,21:34:00,25192,25200.25,25191.75,25199,537,25198.25,25196.59,0.00
2025-11-24,21:35:00,25199,25199.75,25190.75,25191,312,25198.23,25196.56,0.00
2025-11-24,21:36:00,25191.25,25195.75,25189.25,25191.5,260,25198.20,25196.52,0.00
2025-11-24,21:37:00,25192.25,25194,25188,25188.5,216,25198.16,25196.48,0.00
2025-11-24,21:38:00,25188.5,25192,25185.75,25187.75,221,25198.12,25196.42,0.00
2025-11-24,21:39:00,25187.5,25187.75,25183.5,25184,469,25198.00,25196.24,0.00
2025-11-24,21:40:00,25183.5,25186,25181.25,25182.5,376,25197.89,25196.08,0.00
2025-11-24,21:41:00,25182.5,25185,25179.75,25184,525,25197.73,25195.86,0.00
2025-11-24,21:42:00,25184,25186.75,25181,25182.75,390,25197.63,25195.71,0.00
2025-11-24,21:43:00,25182.75,25186,25180.75,25185.5,271,25197.56,25195.61,0.00
2025-11-24,21:44:00,25185.25,25187.5,25181.5,25183.25,307,25197.48,25195.50,0.00
2025-11-24,21:45:00,25183.5,25187,25182.5,25184,304,25197.40,25195.40,0.00
2025-11-24,21:46:00,25183.25,25186.5,25182.25,25183.75,203,25197.35,25195.33,0.00
2025-11-24,21:47:00,25184,25186.25,25177.75,25180.25,494,25197.20,25195.12,0.00
2025-11-24,21:48:00,25179.75,25181.25,25175.25,25176.25,513,25197.02,25194.85,0.00
2025-11-24,21:49:00,25176,25180.25,25175.5,25175.5,400,25196.87,25194.64,0.00
2025-11-24,21:50:00,25175.25,25178.5,25174,25178.25,530,25196.68,25194.37,0.00
2025-11-24,21:51:00,25178.25,25180.75,25175.75,25178.25,334,25196.57,25194.22,0.00
2025-11-24,21:52:00,25179,25181.25,25176.5,25178.5,261,25196.48,25194.10,0.00
2025-11-24,21:53:00,25178,25179.5,25176.5,25179.25,137,25196.44,25194.04,0.00
2025-11-24,21:54:00,25178.5,25182.25,25178,25182.25,228,25196.37,25193.96,0.00
2025-11-24,21:55:00,25181.75,25181.75,25176.5,25177.75,184,25196.32,25193.88,0.00
2025-11-24,21:56:00,25178,25178,25175,25177.5,249,25196.23,25193.76,0.00
2025-11-24,21:57:00,25178.25,25181,25176.75,25179.5,219,25196.16,25193.67,0.00
2025-11-24,21:58:00,25179.5,25179.75,25176.25,25176.5,222,25196.09,25193.57,0.00
2025-11-24,21:59:00,25176.25,25176.75,25173.75,25174.5,386,25195.95,25193.38,0.00
2025-11-24,22:00:00,25173.75,25176.75,25172.75,25176.5,344,25195.82,25193.21,0.00
2025-11-24,22:01:00,25176.5,25178.75,25174,25175.5,306,25195.72,25193.07,0.00
2025-11-24,22:02:00,25175.25,25184.75,25174,25184,570,25195.57,25192.89,0.00
2025-11-24,22:03:00,25185,25190.5,25183,25189,784,25195.47,25192.78,0.00
2025-11-24,22:04:00,25188.25,25191.75,25186.25,25189.5,401,25195.42,25192.74,0.00
2025-11-24,22:05:00,25189.75,25196.25,25189.75,25192.25,444,25195.40,25192.74,0.00
2025-11-24,22:06:00,25192.25,25192.75,25182,25182,529,25195.32,25192.65,0.00
2025-11-24,22:07:00,25182.25,25183.75,25178.75,25179.25,283,25195.25,25192.56,0.00
2025-11-24,22:08:00,25179.25,25182.75,25176.5,25177.75,302,25195.17,25192.46,0.00
2025-11-24,22:09:00,25177.75,25180.75,25177,25177,181,25195.12,25192.40,0.00
2025-11-24,22:10:00,25177.75,25181.75,25176.5,25181,254,25195.06,25192.32,0.00
2025-11-24,22:11:00,25181,25190,25181,25189,485,25194.99,25192.26,0.00
2025-11-24,22:12:00,25189,25191.25,25185,25186.5,356,25194.95,25192.22,0.00
2025-11-24,22:13:00,25186.75,25188.25,25184,25186,213,25194.92,25192.19,0.00
2025-11-24,22:14:00,25185.75,25190.25,25184.25,25189,371,25194.88,25192.15,0.00
2025-11-24,22:15:00,25189,25192.5,25188.25,25188.75,297,25194.85,25192.13,0.00
2025-11-24,22:16:00,25188.75,25201.75,25188.75,25198.25,708,25194.87,25192.20,0.00
2025-11-24,22:17:00,25198,25209,25196.75,25205.5,721,25194.97,25192.39,0.00
2025-11-24,22:18:00,25205.5,25208,25203.25,25207,334,25195.02,25192.49,0.00
2025-11-24,22:19:00,25206.25,25208.75,25202,25204.5,488,25195.10,25192.62,0.00
2025-11-24,22:20:00,25205,25205.5,25198.75,25200.25,236,25195.12,25192.67,0.00
2025-11-24,22:21:00,25200.5,25205.25,25199.75,25201,348,25195.16,25192.74,0.00
2025-11-24,22:22:00,25202,25203.25,25197,25202,293,25195.18,25192.79,0.00
2025-11-24,22:23:00,25202.75,25204.75,25201.5,25202.5,216,25195.21,25192.84,0.00
2025-11-24,22:24:00,25202.75,25204,25201.25,25203.25,121,25195.22,25192.87,0.00
2025-11-24,22:25:00,25203,25203.75,25197,25198.25,353,25195.25,25192.92,0.00
2025-11-24,22:26:00,25198.5,25199.5,25189.75,25191.25,502,25195.23,25192.92,0.00
2025-11-24,22:27:00,25191,25192.25,25181.25,25183,637,25195.14,25192.83,0.00
2025-11-24,22:28:00,25183.5,25189.25,25181.5,25188,382,25195.09,25192.77,0.00
2025-11-24,22:29:00,25187.5,25192.25,25186,25189,220,25195.07,25192.76,0.00
2025-11-24,22:30:00,25189.25,25189.75,25185.75,25187.25,147,25195.06,25192.74,0.00
2025-11-24,22:31:00,25186,25189.25,25183.75,25184.75,339,25195.01,25192.69,0.00
2025-11-24,22:32:00,25184.5,25186.5,25182.25,25185.25,198,25194.98,25192.66,0.00
2025-11-24,22:33:00,25184.75,25187,25182.25,25182.5,248,25194.94,25192.62,0.00
2025-11-24,22:34:00,25182.25,25187.75,25181.75,25185.25,225,25194.91,25192.58,0.00
2025-11-24,22:35:00,25184.5,25189,25183.25,25183.75,198,25194.88,25192.55,0.00
2025-11-24,22:36:00,25184.25,25186.5,25183.25,25185.75,189,25194.86,25192.53,0.00
2025-11-24,22:37:00,25185.75,25191,25184.25,25187.75,369,25194.82,25192.49,0.00
2025-11-24,22:38:00,25187.5,25189.5,25185.75,25187.5,138,25194.81,25192.48,0.00
2025-11-24,22:39:00,25187.5,25193,25187,25191.5,294,25194.79,25192.47,0.00
2025-11-24,22:40:00,25191.5,25196.75,25189.75,25196.25,316,25194.79,25192.48,0.00
2025-11-24,22:41:00,25196,25198.25,25195.75,25196.5,292,25194.79,25192.50,0.00
2025-11-24,22:42:00,25197,25197.25,25193.75,25195,275,25194.80,25192.52,0.00
2025-11-24,22:43:00,25195,25199.75,25194,25199,285,25194.81,25192.54,0.00
2025-11-24,22:44:00,25199,25201,25198.25,25200.25,239,25194.82,25192.58,0.00
2025-11-24,22:45:00,25201,25205.25,25200.25,25200.75,637,25194.89,25192.69,0.00
2025-11-24,22:46:00,25200.75,25201.75,25196.25,25199.25,490,25194.91,25192.75,0.00
2025-11-24,22:47:00,25199.75,25202.25,25192.25,25194.25,374,25194.92,25192.77,0.00
2025-11-24,22:48:00,25194,25200.25,25193.5,25193.5,391,25194.93,25192.80,0.00
2025-11-24,22:49:00,25193.25,25195,25189.5,25191.25,343,25194.91,25192.79,0.00
2025-11-24,22:50:00,25191,25195.25,25190.5,25192.25,289,25194.90,25192.79,0.00
2025-11-24,22:51:00,25192,25194.25,25189.25,25190.75,505,25194.88,25192.78,0.00
2025-11-24,22:52:00,25190.75,25190.75,25186.5,25190,285,25194.86,25192.76,0.00
2025-11-24,22:53:00,25190.25,25195.75,25189.25,25193.5,258,25194.85,25192.76,0.00
2025-11-24,22:54:00,25193.5,25197,25187,25190,377,25194.83,25192.75,0.00
2025-11-24,22:55:00,25190,25194.5,25190,25194.5,122,25194.83,25192.75,0.00
2025-11-24,22:56:00,25194.25,25199.25,25194.25,25197.75,214,25194.84,25192.77,0.00
2025-11-24,22:57:00,25198.25,25200,25195.75,25197.25,233,25194.85,25192.79,0.00
2025-11-24,22:58:00,25197.25,25201,25196.5,25199.75,206,25194.86,25192.81,0.00
2025-11-24,22:59:00,25199.5,25200,25195.75,25199,258,25194.87,25192.83,0.00
2025-11-24,23:00:00,25199,25202.75,25198.25,25200,372,25194.89,25192.88,0.00
2025-11-24,23:01:00,25200.5,25200.75,25196.25,25198.25,236,25194.91,25192.90,0.00
2025-11-24,23:02:00,25198.25,25201.5,25196.25,25199.75,216,25194.92,25192.93,0.00
2025-11-24,23:03:00,25200.5,25206.25,25198.5,25204,487,25194.97,25193.01,0.00
2025-11-24,23:04:00,25203.75,25205.75,25197.75,25201,344,25194.99,25193.06,0.00
2025-11-24,23:05:00,25199.75,25201.75,25197.25,25198.5,278,25195.01,25193.09,0.00
2025-11-24,23:06:00,25198.5,25204,25193.5,25203.5,376,25195.03,25193.14,0.00
2025-11-24,23:07:00,25203.75,25206,25201.5,25203.5,231,25195.06,25193.18,0.00
2025-11-24,23:08:00,25203.5,25205.5,25201,25201.75,195,25195.08,25193.21,0.00
2025-11-24,23:09:00,25201.5,25202.25,25197.25,25199.25,153,25195.09,25193.22,0.00
2025-11-24,23:10:00,25199.5,25201.75,25198,25201,139,25195.10,25193.24,0.00
2025-11-24,23:11:00,25201.5,25205,25201.25,25205,202,25195.12,25193.27,0.00
2025-11-24,23:12:00,25205,25205.75,25201.75,25204,153,25195.13,25193.30,0.00
2025-11-24,23:13:00,25204,25205.5,25200,25203,196,25195.15,25193.33,0.00
2025-11-24,23:14:00,25203.25,25208.25,25202.75,25207.75,426,25195.21,25193.42,0.00
2025-11-24,23:15:00,25207.75,25210,25204.25,25204.25,353,25195.26,25193.49,0.00
2025-11-24,23:16:00,25204.5,25207.25,25203.5,25205,178,25195.28,25193.53,0.00
2025-11-24,23:17:00,25205.75,25207,25201.5,25206,251,25195.31,25193.57,0.00
2025-11-24,23:18:00,25206.5,25210.5,25206.5,25210.25,240,25195.35,25193.63,0.00
2025-11-24,23:19:00,25210,25212.25,25208.5,25209,431,25195.42,25193.75,0.00
2025-11-24,23:20:00,25209,25210.75,25207.5,25209,268,25195.47,25193.81,0.00
2025-11-24,23:21:00,25209,25211.5,25206,25209.5,268,25195.51,25193.88,0.00
2025-11-24,23:22:00,25209.5,25211.25,25208,25208.25,130,25195.53,25193.91,0.00
2025-11-24,23:23:00,25208.25,25209.75,25206.25,25209.5,186,25195.56,25193.95,0.00
2025-11-24,23:24:00,25208.5,25211,25208.25,25211,163,25195.59,25193.99,0.00
2025-11-24,23:25:00,25210.75,25211.5,25206.75,25209,233,25195.63,25194.05,0.00
2025-11-24,23:26:00,25209,25209.25,25200,25200.75,493,25195.67,25194.12,0.00
2025-11-24,23:27:00,25200.75,25202,25198,25201.5,349,25195.69,25194.15,0.00
2025-11-24,23:28:00,25201.5,25206.75,25200.5,25200.75,370,25195.72,25194.20,0.00
2025-11-24,23:29:00,25200.75,25204,25200.5,25202.25,166,25195.74,25194.22,0.00
2025-11-24,23:30:00,25202,25204.5,25201.5,25202,148,25195.75,25194.24,0.00
2025-11-24,23:31:00,25202,25204.5,25196.5,25199.75,452,25195.77,25194.28,0.00
2025-11-24,23:32:00,25199,25199,25193.25,25193.75,414,25195.77,25194.29,0.00
2025-11-24,23:33:00,25193.75,25194.25,25187.5,25188.25,710,25195.72,25194.24,0.00
2025-11-24,23:34:00,25188,25188,25180.5,25183,724,25195.62,25194.13,0.00
2025-11-24,23:35:00,25182.75,25186.75,25180.25,25183,459,25195.56,25194.06,0.00
2025-11-24,23:36:00,25183,25193,25180.25,25189.75,982,25195.47,25193.97,0.00
2025-11-24,23:37:00,25189,25191.5,25185.75,25189.75,398,25195.44,25193.94,0.00
2025-11-24,23:38:00,25189.75,25190,25183.5,25186.5,268,25195.42,25193.91,0.00
2025-11-24,23:39:00,25186.5,25189.5,25184,25187.5,217,25195.40,25193.89,0.00
2025-11-24,23:40:00,25187,25190.75,25185,25185.75,173,25195.38,25193.87,0.00
2025-11-24,23:41:00,25185.25,25185.5,25177.25,25183,556,25195.30,25193.78,0.00
2025-11-24,23:42:00,25183.75,25187.5,25178.25,25179,528,25195.22,25193.69,0.00
2025-11-24,23:43:00,25179,25187.25,25176.5,25186.75,490,25195.16,25193.62,0.00
2025-11-24,23:44:00,25186.5,25191,25184.75,25188.5,361,25195.13,25193.59,0.00
2025-11-24,23:45:00,25188,25189.25,25186,25187.25,208,25195.11,25193.57,0.00
2025-11-24,23:46:00,25187.5,25188.5,25178.25,25184.5,345,25195.07,25193.53,0.00
2025-11-24,23:47:00,25184.5,25184.75,25179.5,25180.5,315,25195.03,25193.48,0.00
2025-11-24,23:48:00,25179.75,25182.5,25175.5,25175.75,417,25194.95,25193.39,0.00
2025-11-24,23:49:00,25175.5,25179.25,25174.25,25175.75,430,25194.87,25193.29,0.00
2025-11-24,23:50:00,25175.5,25181,25174.5,25178.5,398,25194.79,25193.21,0.00
2025-11-24,23:51:00,25178.75,25181.5,25176,25179.25,291,25194.75,25193.15,0.00
2025-11-24,23:52:00,25178.75,25178.75,25169.25,25172,966,25194.53,25173.33,0.00
2025-11-24,23:53:00,25172,25175.5,25168.75,25173.5,438,25194.43,25172.58,0.00
2025-11-24,23:54:00,25174,25175,25170.75,25172.5,220,25194.38,25172.64,0.00
2025-11-24,23:55:00,25172.25,25181.25,25171,25179.5,465,25194.30,25174.55,0.00
2025-11-24,23:56:00,25179.75,25183.5,25175.5,25176,369,25194.24,25175.48,0.00
2025-11-24,23:57:00,25176,25177.75,25170.75,25170.75,277,25194.18,25175.11,0.00
2025-11-24,23:58:00,25171.25,25172.25,25168.25,25171.75,355,25194.09,25170.75,0.00
2025-11-24,23:59:00,25172.5,25174,25170.75,25172.5,156,25194.06,25171.26,0.00
2025-11-24,00:00:00,24740.75,24741.5,24736.25,24737.5,182,24723.61,24721.64,0.00
2025-11-24,00:01:00,24737.25,24737.25,24731,24735.75,533,24723.64,24721.70,0.00
2025-11-24,00:02:00,24736,24741,24727.75,24732.75,737,24723.68,24721.77,0.00
2025-11-24,00:03:00,24733,24734,24727.5,24730.75,377,24723.70,24721.80,0.00
2025-11-24,00:04:00,24730.75,24735.25,24730,24734,257,24723.71,24721.83,0.00
2025-11-24,00:05:00,24734.25,24744.25,24734.25,24743,664,24723.77,24721.93,0.00
2025-11-24,00:06:00,24742.5,24745,24736.75,24737.5,316,24723.80,24721.97,0.00
2025-11-24,00:07:00,24738,24742.25,24734.5,24739.75,297,24723.82,24722.01,0.00
2025-11-24,00:08:00,24739.25,24741.75,24736.75,24736.75,152,24723.84,24722.03,0.00
2025-11-24,00:09:00,24737,24742.75,24736.25,24739,251,24723.86,24722.07,0.00
2025-11-24,00:10:00,24738.5,24744.5,24737.25,24743.5,268,24723.88,24722.11,0.00
2025-11-24,00:11:00,24742.75,24744.25,24736.5,24737.75,513,24723.93,24722.18,0.00
2025-11-24,00:12:00,24737.75,24738.25,24723.25,24724.25,1118,24723.95,24722.24,0.00
2025-11-24,00:13:00,24724.5,24724.75,24708,24710.75,1635,24723.87,24722.14,0.00
2025-11-24,00:14:00,24710.5,24712,24699,24706.25,1172,24723.76,24721.99,0.00
2025-11-24,00:15:00,24705.75,24710.5,24701.25,24706.75,694,24723.69,24721.91,0.00
2025-11-24,00:16:00,24706.75,24706.75,24691.75,24701.75,1216,24723.54,24721.70,0.00
2025-11-24,00:17:00,24701.25,24709.75,24696.25,24707.25,803,24723.46,24721.60,0.00
2025-11-24,00:18:00,24707.25,24710.25,24693,24695.25,870,24723.35,24721.45,0.00
2025-11-24,00:19:00,24695.25,24700.25,24694.5,24697.25,446,24723.29,24721.37,0.00
2025-11-24,00:20:00,24697.75,24699,24692.75,24694.75,517,24723.22,24721.27,0.00
2025-11-24,00:21:00,24694.5,24707,24694.5,24704,755,24723.13,24721.16,0.00
2025-11-24,00:22:00,24703.5,24705.25,24698.25,24699.75,401,24723.09,24721.10,0.00
2025-11-24,00:23:00,24699.5,24704,24693.5,24703.25,425,24723.04,24721.04,0.00
2025-11-24,00:24:00,24702.75,24703.5,24696.25,24698,461,24722.98,24720.96,0.00
2025-11-24,00:25:00,24698.5,24698.5,24689.25,24693.5,637,24722.89,24720.83,0.00
2025-11-24,00:26:00,24693.75,24701.25,24692.25,24695,527,24722.81,24720.74,0.00
2025-11-24,00:27:00,24694.5,24700.75,24684.75,24690.5,936,24722.67,24720.54,0.00
2025-11-24,00:28:00,24690.5,24700.5,24687.75,24700.5,621,24722.58,24720.43,0.00
2025-11-24,00:29:00,24699.5,24705.5,24694.75,24703.25,853,24722.49,24720.32,0.00
2025-11-24,00:30:00,24703,24704.5,24699.5,24703.25,308,24722.46,24720.28,0.00
2025-11-24,00:31:00,24703.25,24713,24702.75,24707.5,833,24722.40,24720.20,0.00
2025-11-24,00:32:00,24707.75,24714.25,24705.75,24713,520,24722.37,24720.17,0.00
2025-11-24,00:33:00,24713,24716.25,24708.75,24713.25,630,24722.34,24720.13,0.00
2025-11-24,00:34:00,24713,24717.5,24710.75,24714.5,296,24722.33,24720.12,0.00
2025-11-24,00:35:00,24714,24714,24705.25,24705.5,618,24722.28,24720.07,0.00
2025-11-24,00:36:00,24704.75,24705.25,24695.5,24702.5,671,24722.21,24719.98,0.00
2025-11-24,00:37:00,24701.75,24708,24700.75,24702.25,411,24722.18,24719.93,0.00
2025-11-24,00:38:00,24701.25,24710,24701.25,24707.5,237,24722.16,24719.91,0.00
2025-11-24,00:39:00,24706.5,24721,24705.75,24717.75,938,24722.12,24719.88,0.00
2025-11-24,00:40:00,24717.25,24722.5,24716.25,24719.75,510,24722.12,24719.88,0.00
2025-11-24,00:41:00,24720.25,24722.5,24716,24717.5,291,24722.11,24719.88,0.00
2025-11-24,00:42:00,24717,24718.25,24713.75,24714.75,285,24722.10,24719.87,0.00
2025-11-24,00:43:00,24716,24724.5,24715.25,24721.75,442,24722.10,24719.87,0.00
2025-11-24,00:44:00,24721.5,24721.5,24711.25,24715.5,480,24722.09,24719.86,0.00
2025-11-24,00:45:00,24715.75,24717.75,24714.25,24716.75,197,24722.08,24719.85,0.00
2025-11-24,00:46:00,24717,24721.25,24716.75,24719.5,375,24722.08,24719.85,0.00
2025-11-24,00:47:00,24719.75,24726,24713.5,24716.5,664,24722.06,24719.84,0.00
2025-11-24,00:48:00,24716.25,24716.5,24701.75,24701.75,853,24722.00,24719.77,0.00
2025-11-24,00:49:00,24701.5,24706.5,24698,24701.75,536,24721.95,24719.71,0.00
2025-11-24,00:50:00,24701,24708.75,24701,24706.25,400,24721.92,24719.67,0.00
2025-11-24,00:51:00,24705.75,24711.75,24704.25,24710,308,24721.90,24719.64,0.00
2025-11-24,00:52:00,24709,24716,24706,24715.5,311,24721.88,24719.63,0.00
2025-11-24,00:53:00,24716,24722.25,24710,24720.25,581,24721.87,24719.62,0.00
2025-11-24,00:54:00,24720.75,24723.5,24718.25,24719.75,394,24721.87,24719.62,0.00
2025-11-24,00:55:00,24719.25,24720.5,24715.25,24717,284,24721.86,24719.62,0.00
2025-11-24,00:56:00,24718.25,24729.25,24718.25,24726.5,797,24721.87,24719.65,0.00
2025-11-24,00:57:00,24726.75,24728.5,24710,24715.5,754,24721.86,24719.64,0.00
2025-11-24,00:58:00,24715.25,24715.75,24707,24707,490,24721.83,24719.61,0.00
2025-11-24,00:59:00,24707,24711.5,24704,24707.5,476,24721.80,24719.57,0.00
2025-11-24,01:00:00,24706,24710,24704.75,24705.75,302,24721.78,24719.55,0.00
2025-11-24,01:01:00,24705.25,24711.25,24702.5,24706.75,629,24721.74,24719.49,0.00
2025-11-24,01:02:00,24707.5,24708.25,24698.75,24699.75,491,24721.69,24719.44,0.00
2025-11-24,01:03:00,24700,24714.75,24700,24713.5,541,24721.66,24719.40,0.00
2025-11-24,01:04:00,24713.25,24716.5,24702,24704.25,424,24721.63,24719.37,0.00
2025-11-24,01:05:00,24705.75,24711.75,24703.75,24709.25,382,24721.61,24719.34,0.00
2025-11-24,01:06:00,24709,24713.75,24707.75,24709.5,279,24721.59,24719.33,0.00
2025-11-24,01:07:00,24709.5,24724.5,24709.25,24721.75,602,24721.59,24719.33,0.00
2025-11-24,01:08:00,24721.25,24732.25,24721.25,24731.25,721,24721.61,24719.37,0.00
2025-11-24,01:09:00,24732,24735.25,24730.25,24734.75,587,24721.64,24719.42,0.00
2025-11-24,01:10:00,24734.5,24738.5,24733.25,24736,453,24721.67,24719.47,0.00
2025-11-24,01:11:00,24736.75,24742.25,24735.25,24741.5,538,24721.71,24719.53,0.00
2025-11-24,01:12:00,24742.25,24750.25,24741.5,24749,1006,24721.83,24719.70,0.00
2025-11-24,01:13:00,24748.5,24754,24746.75,24751.5,745,24721.93,24719.85,0.00
2025-11-24,01:14:00,24752.25,24758,24749.75,24755.5,720,24722.03,24720.00,0.00
2025-11-24,01:15:00,24755.25,24758.75,24750,24753.75,788,24722.15,24720.17,0.00
2025-11-24,01:16:00,24754.25,24762.25,24753.75,24755,648,24722.25,24720.31,0.00
2025-11-24,01:17:00,24754.25,24761,24753.75,24755.25,344,24722.30,24720.39,0.00
2025-11-24,01:18:00,24755,24757.25,24750.5,24751,378,24722.35,24720.46,0.00
2025-11-24,01:19:00,24750.75,24755,24749.5,24752.5,316,24722.40,24720.52,0.00
2025-11-24,01:20:00,24752,24755.75,24750.25,24752,212,24722.42,24720.57,0.00
2025-11-24,01:21:00,24752.5,24756.5,24751.75,24755.75,322,24722.47,24720.63,0.00
2025-11-24,01:22:00,24755.75,24760.75,24751.75,24753.75,503,24722.54,24720.74,0.00
2025-11-24,01:23:00,24753.5,24759.5,24753,24756.75,260,24722.58,24720.79,0.00
2025-11-24,01:24:00,24757,24759.75,24754.25,24758.5,219,24722.62,24720.84,0.00
2025-11-24,01:25:00,24757.5,24760.5,24754.75,24757.5,259,24722.66,24720.90,0.00
2025-11-24,01:26:00,24757.25,24763.75,24756,24760.5,515,24722.74,24721.02,0.00
2025-11-24,01:27:00,24760.25,24763,24758,24760,387,24722.81,24721.11,0.00
2025-11-24,01:28:00,24760.75,24765,24759.75,24763.5,278,24722.86,24721.18,0.00
2025-11-24,01:29:00,24762.75,24763.75,24757.5,24758.25,319,24722.91,24721.25,0.00
2025-11-24,01:30:00,24758,24761.25,24756.5,24757.25,280,24722.95,24721.31,0.00
2025-11-24,01:31:00,24757.5,24759.25,24749.5,24752.25,731,24723.05,24721.45,0.00
2025-11-24,01:32:00,24751.5,24754.75,24738,24738.5,1032,24723.14,24721.59,0.00
2025-11-24,01:33:00,24738.5,24739,24733.25,24736.75,839,24723.19,24721.66,0.00
2025-11-24,01:34:00,24738.25,24746.25,24736.5,24740.5,446,24723.23,24721.71,0.00
2025-11-24,01:35:00,24741.25,24743.5,24737,24737.5,246,24723.24,24721.74,0.00
2025-11-24,01:36:00,24736.75,24737.5,24732,24736.5,425,24723.26,24721.77,0.00
2025-11-24,01:37:00,24737,24741.5,24734.5,24735.75,305,24723.28,24721.80,0.00
2025-11-24,01:38:00,24735.75,24739.25,24732.25,24736.25,336,24723.30,24721.83,0.00
2025-11-24,01:39:00,24736,24739,24735.75,24737.5,205,24723.31,24721.84,0.00
2025-11-24,01:40:00,24737.75,24741,24737.75,24739.5,252,24723.33,24721.87,0.00
2025-11-24,01:41:00,24739.25,24745,24738,24744,419,24723.37,24721.92,0.00
2025-11-24,01:42:00,24743.75,24751.75,24743,24747.75,513,24723.42,24721.99,0.00
2025-11-24,01:43:00,24747.75,24748.75,24740.75,24747.25,257,24723.44,24722.03,0.00
2025-11-24,01:44:00,24748,24755,24747.5,24748,485,24723.50,24722.11,0.00
2025-11-24,01:45:00,24748,24749.75,24745.5,24747.25,195,24723.52,24722.14,0.00
2025-11-24,01:46:00,24747.25,24752,24744.5,24747.75,307,24723.55,24722.18,0.00
2025-11-24,01:47:00,24747.5,24753,24746,24751,198,24723.57,24722.21,0.00
2025-11-24,01:48:00,24751.5,24754.5,24745,24746.25,325,24723.61,24722.26,0.00
2025-11-24,01:49:00,24746.5,24749.75,24745,24749.25,145,24723.62,24722.28,0.00
2025-11-24,01:50:00,24749,24750.5,24744,24746.5,329,24723.66,24722.33,0.00
2025-11-24,01:51:00,24746.25,24747,24739.25,24742.25,411,24723.69,24722.38,0.00
2025-11-24,01:52:00,24742.25,24749.25,24742.25,24749,275,24723.72,24722.41,0.00
2025-11-24,01:53:00,24748.75,24753,24748.75,24751.25,278,24723.75,24722.46,0.00
2025-11-24,01:54:00,24750.75,24750.75,24743.75,24745.75,219,24723.77,24722.49,0.00
2025-11-24,01:55:00,24744.75,24748.75,24742.25,24743.25,180,24723.79,24722.51,0.00
2025-11-24,01:56:00,24742.75,24752.25,24742.75,24751.75,240,24723.81,24722.55,0.00
2025-11-24,01:57:00,24751.5,24752.5,24749,24750.75,165,24723.83,24722.57,0.00
2025-11-24,01:58:00,24751.5,24753.75,24750.5,24751,184,24723.85,24722.60,0.00
2025-11-24,01:59:00,24752.25,24753.5,24750.25,24752,180,24723.87,24722.63,0.00
2025-11-24,02:00:00,24751,24752.75,24747.5,24747.5,197,24723.89,24722.66,0.00
2025-11-24,02:01:00,24749.25,24753.25,24748.75,24748.75,431,24723.94,24722.73,0.00
2025-11-24,02:02:00,24748.25,24754,24747.5,24750.25,419,24723.99,24722.79,0.00
2025-11-24,02:03:00,24750.25,24754.75,24747.5,24752.25,520,24724.05,24722.88,0.00
2025-11-24,02:04:00,24751.5,24754,24749.75,24749.75,178,24724.07,24722.90,0.00
2025-11-24,02:05:00,24750.5,24751.75,24735.75,24740.5,882,24724.14,24723.00,0.00
2025-11-24,02:06:00,24741.25,24743.25,24736,24737.5,363,24724.16,24723.03,0.00
2025-11-24,02:07:00,24737.5,24741.75,24735.75,24739,287,24724.18,24723.06,0.00
2025-11-24,02:08:00,24739.25,24744.75,24738.75,24739.25,186,24724.19,24723.08,0.00
2025-11-24,02:09:00,24739,24741,24734,24739,323,24724.21,24723.10,0.00
2025-11-24,02:10:00,24738.5,24741.75,24737.25,24740.25,147,24724.22,24723.12,0.00
2025-11-24,02:11:00,24740.75,24742.25,24739,24740.75,144,24724.23,24723.13,0.00
2025-11-24,02:12:00,24740.25,24741.75,24733.5,24737.75,393,24724.25,24723.16,0.00
2025-11-24,02:13:00,24738.25,24740.5,24732.25,24740.5,326,24724.27,24723.19,0.00
2025-11-24,02:14:00,24740.5,24742.25,24734,24737.75,246,24724.28,24723.21,0.00
2025-11-24,02:15:00,24737.5,24737.5,24728.5,24730.5,447,24724.30,24723.23,0.00
2025-11-24,02:16:00,24730.25,24735.75,24729.25,24734.25,291,24724.31,24723.24,0.00
2025-11-24,02:17:00,24734.5,24734.75,24730.5,24731.5,206,24724.31,24723.25,0.00
2025-11-24,02:18:00,24731.5,24738.75,24730.25,24737.25,229,24724.32,24723.27,0.00
2025-11-24,02:19:00,24738,24743,24736,24739.75,352,24724.35,24723.30,0.00
2025-11-24,02:20:00,24739.75,24749,24739.75,24745,584,24724.39,24723.37,0.00
2025-11-24,02:21:00,24745,24746.75,24738.75,24746,378,24724.42,24723.41,0.00
2025-11-24,02:22:00,24746.25,24747.5,24738.25,24740.25,313,24724.45,24723.44,0.00
2025-11-24,02:23:00,24739.5,24743.25,24739,24740.25,147,24724.46,24723.45,0.00
2025-11-24,02:24:00,24739.5,24740.5,24732.5,24738.25,424,24724.48,24723.48,0.00
2025-11-24,02:25:00,24738.75,24740.5,24736,24737.25,211,24724.49,24723.50,0.00
2025-11-24,02:26:00,24737.5,24740,24736.75,24739,158,24724.50,24723.51,0.00
2025-11-24,02:27:00,24739,24739.5,24730.75,24732.25,294,24724.51,24723.53,0.00
2025-11-24,02:28:00,24732,24734.5,24728.25,24734.25,345,24724.52,24723.55,0.00
2025-11-24,02:29:00,24734,24740,24734,24736,386,24724.54,24723.57,0.00
2025-11-24,02:30:00,24736.25,24737,24733,24734.25,221,24724.55,24723.59,0.00
2025-11-24,02:31:00,24734,24738.5,24730,24737.25,434,24724.57,24723.61,0.00
2025-11-24,02:32:00,24737.75,24739.25,24732.25,24735.25,269,24724.58,24723.63,0.00
2025-11-24,02:33:00,24736.25,24736.75,24730.75,24732.75,158,24724.58,24723.64,0.00
2025-11-24,02:34:00,24733.75,24739,24733.5,24735.5,282,24724.60,24723.66,0.00
2025-11-24,02:35:00,24735.25,24736.5,24730.75,24734,177,24724.60,24723.67,0.00
2025-11-24,02:36:00,24733.75,24740.25,24730,24738.75,559,24724.63,24723.70,0.00
2025-11-24,02:37:00,24738.75,24739,24734,24736,178,24724.64,24723.72,0.00
2025-11-24,02:38:00,24737.25,24740.25,24734.75,24739.25,202,24724.65,24723.73,0.00
2025-11-24,02:39:00,24739.25,24743.5,24739,24741,407,24724.68,24723.77,0.00
2025-11-24,02:40:00,24740.5,24741,24734.25,24735,197,24724.69,24723.78,0.00
2025-11-24,02:41:00,24735,24743,24735,24742.25,222,24724.70,24723.80,0.00
2025-11-24,02:42:00,24742,24742.5,24735,24737.25,195,24724.71,24723.81,0.00
2025-11-24,02:43:00,24736.75,24737.25,24725.5,24725.5,504,24724.72,24723.83,0.00
2025-11-24,02:44:00,24725.5,24725.75,24720.25,24723.75,723,24724.72,24723.83,0.00
2025-11-24,02:45:00,24724.75,24727.5,24721.25,24724.25,268,24724.72,24723.83,0.00
2025-11-24,02:46:00,24724.25,24726.25,24721.5,24724.25,204,24724.71,24723.83,0.00
2025-11-24,02:47:00,24724.5,24728.5,24720.5,24721,381,24724.71,24723.83,0.00
2025-11-24,02:48:00,24721.25,24723.5,24710.75,24720,870,24724.69,24723.80,0.00
2025-11-24,02:49:00,24720,24728,24719,24725.5,313,24724.69,24723.80,0.00
2025-11-24,02:50:00,24724.75,24726.25,24724,24725.75,118,24724.69,24723.80,0.00
2025-11-24,02:51:00,24725.25,24730,24723.25,24725.5,307,24724.69,24723.81,0.00
2025-11-24,02:52:00,24726.25,24729,24724.75,24725.5,127,24724.69,24723.81,0.00
2025-11-24,02:53:00,24724.5,24727.25,24723.75,24726.5,168,24724.69,24723.81,0.00
2025-11-24,02:54:00,24726,24727.75,24720.5,24725.25,271,24724.69,24723.81,0.00
2025-11-24,02:55:00,24725.25,24730.75,24724.75,24730,207,24724.70,24723.82,0.00
2025-11-24,02:56:00,24730,24730.5,24723.25,24723.25,178,24724.70,24723.82,0.00
2025-11-24,02:57:00,24723.75,24727.5,24723.5,24725.5,200,24724.70,24723.82,0.00
2025-11-24,02:58:00,24725.75,24728.75,24725,24727.75,151,24724.70,24723.82,0.00
2025-11-24,02:59:00,24727.5,24728.5,24724,24726.25,157,24724.70,24723.82,0.00
2025-11-24,03:00:00,24726.25,24733.25,24726.25,24729.5,423,24724.71,24723.84,0.00
2025-11-24,03:01:00,24729,24731.5,24723.25,24724.75,589,24724.71,24723.84,0.00
2025-11-24,03:02:00,24724.25,24724.5,24715.75,24720.5,647,24724.70,24723.83,0.00
2025-11-24,03:03:00,24720.5,24720.5,24709.5,24711.75,779,24724.67,24723.79,0.00
2025-11-24,03:04:00,24712,24713.25,24703.5,24711.25,762,24724.62,24723.74,0.00
2025-11-24,03:05:00,24711,24718.5,24706.25,24707.75,608,24724.59,24723.70,0.00
2025-11-24,03:06:00,24707.5,24714.5,24705.75,24707.25,488,24724.56,24723.66,0.00
2025-11-24,03:07:00,24707.5,24712.75,24707.5,24712.25,336,24724.54,24723.64,0.00
2025-11-24,03:08:00,24712.75,24723.75,24712.5,24722,502,24724.53,24723.63,0.00
2025-11-24,03:09:00,24721.5,24724.75,24714.25,24721.25,531,24724.53,24723.62,0.00
2025-11-24,03:10:00,24722,24726.5,24714,24726,321,24724.52,24723.62,0.00
2025-11-24,03:11:00,24726.5,24739,24723.5,24738.75,1074,24724.56,24723.67,0.00
2025-11-24,03:12:00,24739.25,24743.5,24736.5,24740.5,655,24724.60,24723.73,0.00
2025-11-24,03:13:00,24740.25,24744.25,24729.25,24731.5,687,24724.63,24723.77,0.00
2025-11-24,03:14:00,24731.75,24733,24723.5,24725.75,546,24724.63,24723.77,0.00
2025-11-24,03:15:00,24725.5,24727.5,24721.25,24726.5,519,24724.63,24723.78,0.00
2025-11-24,03:16:00,24725.75,24731.75,24720.25,24729.5,647,24724.64,24723.79,0.00
2025-11-24,03:17:00,24729.25,24735.75,24728.25,24734.25,491,24724.65,24723.81,0.00
2025-11-24,03:18:00,24735,24737.25,24733.25,24735.25,265,24724.66,24723.82,0.00
2025-11-24,03:19:00,24735.5,24736.25,24729,24730,251,24724.67,24723.83,0.00
2025-11-24,03:20:00,24730.25,24734.25,24727.75,24734.25,256,24724.68,24723.84,0.00
2025-11-24,03:21:00,24734,24735,24729.5,24732,276,24724.69,24723.86,0.00
2025-11-24,03:22:00,24732,24735.25,24726.25,24734.25,378,24724.70,24723.87,0.00
2025-11-24,03:23:00,24734.5,24736,24727.25,24733.75,296,24724.70,24723.88,0.00
2025-11-24,03:24:00,24733.5,24734.75,24729.75,24732.25,121,24724.71,24723.89,0.00
2025-11-24,03:25:00,24732.5,24732.75,24730,24731.25,212,24724.71,24723.89,0.00
2025-11-24,03:26:00,24731.5,24733,24729,24729.25,147,24724.72,24723.90,0.00
2025-11-24,03:27:00,24729.5,24734.75,24729,24731.5,128,24724.72,24723.90,0.00
2025-11-24,03:28:00,24731,24732.25,24730,24732.25,129,24724.72,24723.91,0.00
2025-11-24,03:29:00,24732.5,24735.5,24730.5,24733.75,253,24724.73,24723.92,0.00
2025-11-24,03:30:00,24734,24738.25,24731.5,24736,455,24724.75,24723.94,0.00
2025-11-24,03:31:00,24736,24736.5,24725.75,24727.75,356,24724.76,24723.95,0.00
2025-11-24,03:32:00,24727,24732.25,24726.75,24729,213,24724.76,24723.96,0.00
2025-11-24,03:33:00,24728.5,24730.5,24723.75,24728.5,382,24724.76,24723.97,0.00
2025-11-24,03:34:00,24728.5,24731.5,24726.75,24728,204,24724.77,24723.97,0.00
2025-11-24,03:35:00,24727,24731.25,24725.75,24726.75,192,24724.77,24723.97,0.00
2025-11-24,03:36:00,24727,24731.5,24725.25,24727.25,213,24724.77,24723.98,0.00
2025-11-24,03:37:00,24728.5,24731,24725.25,24726.75,220,24724.77,24723.98,0.00
2025-11-24,03:38:00,24726.75,24730.75,24726.75,24729.75,147,24724.78,24723.99,0.00
2025-11-24,03:39:00,24730,24731.5,24726.25,24727.25,234,24724.78,24723.99,0.00
2025-11-24,03:40:00,24727.75,24729.5,24725.25,24726.75,171,24724.78,24723.99,0.00
2025-11-24,03:41:00,24726.25,24727.75,24722.75,24727.75,324,24724.78,24724.00,0.00
2025-11-24,03:42:00,24727.75,24729.25,24725.5,24727.5,242,24724.78,24724.00,0.00
2025-11-24,03:43:00,24727.75,24733.5,24725.75,24731.75,501,24724.79,24724.01,0.00
2025-11-24,03:44:00,24732.25,24756.5,24731.5,24751.75,1928,24724.95,24724.22,0.00
2025-11-24,03:45:00,24751.75,24768,24748.25,24761.75,1581,24725.14,24724.47,0.00
2025-11-24,03:46:00,24761.5,24770.5,24759,24769.75,1134,24725.31,24724.69,0.00
2025-11-24,03:47:00,24769.25,24770.75,24764.5,24767.5,878,24725.44,24724.86,0.00
2025-11-24,03:48:00,24767.25,24773,24761.25,24771,831,24725.57,24725.02,0.00
2025-11-24,03:49:00,24771,24772.25,24764.25,24772.25,457,24725.64,24725.12,0.00
2025-11-24,03:50:00,24771.75,24778.75,24769,24774.75,1118,24725.84,24725.36,0.00
2025-11-24,03:51:00,24775.25,24778,24770.25,24774,411,24725.91,24725.45,0.00
2025-11-24,03:52:00,24773.75,24775.5,24769.5,24774,237,24725.95,24725.50,0.00
2025-11-24,03:53:00,24774,24775.5,24763.75,24766.25,452,24726.02,24725.59,0.00
2025-11-24,03:54:00,24766.75,24773,24765.5,24772.25,230,24726.05,24725.64,0.00
2025-11-24,03:55:00,24772.75,24772.75,24762,24762.75,252,24726.09,24725.68,0.00
2025-11-24,03:56:00,24763.5,24764.75,24758.5,24761,452,24726.14,24725.75,0.00
2025-11-24,03:57:00,24761.25,24764.5,24757.5,24761.5,266,24726.18,24725.80,0.00
2025-11-24,03:58:00,24761,24766.75,24761,24765.25,375,24726.23,24725.86,0.00
2025-11-24,03:59:00,24764.75,24769.25,24764.5,24768.5,352,24726.28,24725.93,0.00
2025-11-24,04:00:00,24768.5,24769.5,24763.25,24766.5,302,24726.32,24725.98,0.00
2025-11-24,04:01:00,24766.25,24767,24733.25,24736,2547,24726.49,24726.20,0.00
2025-11-24,04:02:00,24735,24741.5,24727.75,24740.75,1399,24726.54,24726.26,0.00
2025-11-24,04:03:00,24740.5,24741.5,24725.5,24732.5,878,24726.56,24726.29,0.00
2025-11-24,04:04:00,24732.5,24742.75,24727.5,24729,839,24726.58,24726.31,0.00
2025-11-24,04:05:00,24728.75,24728.75,24716.25,24722.25,1148,24726.56,24726.29,0.00
2025-11-24,04:06:00,24721.5,24731.25,24717.5,24723.5,1256,24726.55,24726.28,0.00
2025-11-24,04:07:00,24723.25,24725,24709.25,24714.25,1221,24726.51,24726.23,0.00
2025-11-24,04:08:00,24712.75,24723.25,24709.25,24712,887,24726.47,24726.19,0.00
2025-11-24,04:09:00,24711.75,24723.25,24709.5,24720.25,678,24726.45,24726.16,0.00
2025-11-24,04:10:00,24720.75,24726.75,24718.75,24722.5,869,24726.44,24726.15,0.00
2025-11-24,04:11:00,24722.75,24724.75,24714.25,24723.75,697,24726.43,24726.13,0.00
2025-11-24,04:12:00,24723.75,24738.75,24721.75,24731.5,1081,24726.44,24726.15,0.00
2025-11-24,04:13:00,24732.5,24748,24732.25,24747.25,937,24726.49,24726.22,0.00
2025-11-24,04:14:00,24747.5,24756.25,24746.25,24752.5,905,24726.57,24726.31,0.00
2025-11-24,04:15:00,24751.75,24760,24747.5,24757.5,813,24726.65,24726.41,0.00
2025-11-24,04:16:00,24758.25,24770.25,24757.5,24767,1007,24726.78,24726.57,0.00
2025-11-24,04:17:00,24766.5,24775,24766,24770.5,1082,24726.93,24726.76,0.00
2025-11-24,04:18:00,24771.25,24785,24771.25,24782.75,1170,24727.13,24727.02,0.00
2025-11-24,04:19:00,24782.5,24794.75,24777.25,24789,1527,24787.00,24727.39,0.00
2025-11-24,04:20:00,24789,24792,24784,24789.75,697,24787.50,24727.56,0.00
2025-11-24,04:21:00,24789.25,24791,24781.25,24790.25,920,24787.50,24727.78,0.00
2025-11-24,04:22:00,24790.25,24793.25,24782.75,24783.75,728,24787.33,24727.96,0.00
2025-11-24,04:23:00,24783.5,24787.5,24781.5,24782.5,517,24786.91,24728.07,0.00
2025-11-24,04:24:00,24783,24787.75,24774.5,24787.5,908,24786.29,24728.27,0.00
2025-11-24,04:25:00,24787.75,24794.5,24785.75,24791.75,631,24786.75,24728.43,0.00
2025-11-24,04:26:00,24791.75,24797,24790,24790.75,764,24792.58,24728.63,0.00
2025-11-24,04:27:00,24792.75,24804.25,24788,24803,1002,24798.42,24728.90,0.00
2025-11-24,04:28:00,24803,24808.75,24799,24806.75,1111,24804.83,24729.24,0.00
2025-11-24,04:29:00,24806,24808.25,24799,24802.5,606,24804.27,24729.41,0.00
2025-11-24,04:30:00,24802.5,24802.75,24795.25,24798.25,655,24802.75,24729.59,0.00
2025-11-24,04:31:00,24797.25,24801.25,24791.25,24797.25,798,24801.20,24729.80,0.00
2025-11-24,04:32:00,24797,24804.25,24789.75,24802.25,854,24800.68,24730.03,0.00
2025-11-24,04:33:00,24801.75,24806,24796.25,24800,486,24800.69,24730.16,0.00
2025-11-24,04:34:00,24799.25,24800,24787,24789,635,24799.61,24730.31,0.00
2025-11-24,04:35:00,24789.25,24795,24785.75,24787.75,818,24798.23,24730.50,0.00
2025-11-24,04:36:00,24787.25,24790.25,24776.75,24783,1069,24795.96,24730.72,0.00
2025-11-24,04:37:00,24782,24800,24782,24794.75,851,24795.56,24730.92,0.00
2025-11-24,04:38:00,24794.25,24803.75,24792.5,24799.75,722,24795.82,24731.11,0.00
2025-11-24,04:39:00,24800,24809.25,24799.5,24800.5,807,24803.08,24731.33,0.00
2025-11-24,04:40:00,24801.25,24802.75,24783.5,24787.75,820,24797.16,24731.52,0.00
2025-11-24,04:41:00,24788.75,24800.5,24788.75,24794.25,516,24796.52,24731.64,0.00
2025-11-24,04:42:00,24794,24806.75,24792.5,24794,556,24796.77,24731.78,0.00
2025-11-24,04:43:00,24794.75,24801,24794.75,24797.75,244,24796.86,24731.84,0.00
2025-11-24,04:44:00,24798.5,24802.5,24796.5,24798,277,24797.05,24731.91,0.00
2025-11-24,04:45:00,24799.25,24804.75,24794.75,24795.25,365,24797.17,24732.00,0.00
2025-11-24,04:46:00,24795.5,24798.5,24791,24797,618,24796.92,24732.15,0.00
2025-11-24,04:47:00,24797.25,24803,24796,24797.5,364,24797.08,24732.24,0.00
2025-11-24,04:48:00,24797.25,24803.5,24792.5,24802,483,24797.29,24732.36,0.00
2025-11-24,04:49:00,24802.5,24805.75,24799,24805.25,388,24797.72,24732.47,0.00
2025-11-24,04:50:00,24804.75,24807.25,24793.5,24801.75,454,24797.96,24732.58,0.00
2025-11-24,04:51:00,24802,24805.75,24798.75,24799.75,212,24798.08,24732.64,0.00
2025-11-24,04:52:00,24798.5,24803.25,24796.25,24800.75,482,24798.23,24732.76,0.00
2025-11-24,04:53:00,24800.5,24804,24797,24800.25,407,24798.36,24732.86,0.00
2025-11-24,04:54:00,24800.5,24805.75,24800.5,24805,343,24798.61,24732.95,0.00
2025-11-24,04:55:00,24805.5,24809.75,24801.25,24809,532,24806.67,24733.10,0.00
2025-11-24,04:56:00,24809.75,24815.25,24807.5,24810.5,1042,24811.08,24733.40,0.00
2025-11-24,04:57:00,24809.5,24812.5,24806.5,24810.25,429,24810.69,24733.52,0.00
2025-11-24,04:58:00,24810.25,24814.5,24805.75,24813.5,243,24810.77,24733.59,0.00
2025-11-24,04:59:00,24813.5,24816.5,24809.75,24812,402,24812.75,24733.71,0.00
2025-11-24,05:00:00,24810,24811.5,24803,24805.5,340,24809.96,24733.80,0.00
2025-11-24,05:01:00,24805,24808.25,24800.5,24803,712,24807.00,24733.98,0.00
2025-11-24,05:02:00,24803.25,24811.75,24802.5,24810,532,24807.29,24734.13,0.00
2025-11-24,05:03:00,24811,24814.25,24806.75,24810.75,441,24807.89,24734.25,0.00
2025-11-24,05:04:00,24811.5,24816.5,24805.75,24807.5,459,24808.21,24734.38,0.00
2025-11-24,05:05:00,24807.5,24808.25,24801.5,24806.5,518,24807.79,24734.51,0.00
2025-11-24,05:06:00,24806.75,24813.25,24804.5,24811.5,276,24807.93,24734.59,0.00
2025-11-24,05:07:00,24811.5,24815.75,24805.75,24813.25,368,24808.27,24734.69,0.00
2025-11-24,05:08:00,24813,24815,24799.25,24803.75,576,24807.98,24734.84,0.00
2025-11-24,05:09:00,24803.25,24804.75,24792.5,24793.25,668,24806.58,24734.99,0.00
2025-11-24,05:10:00,24793.5,24793.5,24781,24785.75,980,24803.48,24735.17,0.00
2025-11-24,05:11:00,24785.75,24795,24780.75,24786.5,639,24801.99,24735.29,0.00
2025-11-24,05:12:00,24786.25,24793.75,24784,24792,385,24801.36,24735.37,0.00
2025-11-24,05:13:00,24791.5,24791.75,24780.25,24782.75,442,24800.42,24735.45,0.00
2025-11-24,05:14:00,24783.25,24783.75,24768.75,24771.5,1054,24797.33,24735.60,0.00
2025-11-24,05:15:00,24770.75,24774.5,24763.5,24769.5,670,24795.34,24735.68,0.00
2025-11-24,05:16:00,24770.5,24786.75,24769.75,24770.5,1235,24793.06,24735.85,0.00
2025-11-24,05:17:00,24771,24773.5,24753.25,24755,1358,24789.41,24735.97,0.00
2025-11-24,05:18:00,24755,24766.5,24752,24761,700,24787.78,24736.03,0.00
2025-11-24,05:19:00,24760.5,24760.5,24743.5,24745.5,819,24785.49,24736.07,0.00
2025-11-24,05:20:00,24745,24747.5,24737,24738.75,955,24782.57,24736.09,0.00
2025-11-24,05:21:00,24739,24742.75,24727.5,24733.75,1232,24778.83,24736.08,0.00
2025-11-24,05:22:00,24734.25,24736.25,24724,24734.5,967,24776.10,24736.07,0.00
2025-11-24,05:23:00,24734,24735.5,24704.75,24708,1435,24771.36,24735.97,0.00
2025-11-24,05:24:00,24707.25,24707.5,24697.75,24704.75,1654,24765.68,24735.78,0.00
2025-11-24,05:25:00,24703.25,24704.25,24687.75,24690.25,1612,24760.29,24735.55,0.00
2025-11-24,05:26:00,24690.75,24691.75,24645.5,24653.25,4033,24744.96,24663.50,0.00
2025-11-24,05:27:00,24653.5,24653.5,24627.75,24637.5,3218,24733.14,24639.58,0.00
2025-11-24,05:28:00,24636.75,24643,24620.25,24641,2202,24726.12,24634.75,0.00
2025-11-24,05:29:00,24640,24651.5,24631,24634,2272,24720.14,24636.82,0.00
2025-11-24,05:30:00,24633.75,24634,24621,24624.75,1902,24715.06,24633.77,0.00
2025-11-24,05:31:00,24624,24647.25,24619,24642.5,2341,24710.13,24636.25,0.00
2025-11-24,05:32:00,24641.75,24654.5,24636,24651,1518,24707.67,24640.54,0.00
2025-11-24,05:33:00,24650.75,24666,24645,24664.75,2002,24705.27,24646.71,0.00
2025-11-24,05:34:00,24665.75,24675.5,24659.25,24672.25,1422,24704.05,24651.06,0.00
2025-11-24,05:35:00,24672.25,24683.5,24652.25,24653.25,1565,24702.59,24653.17,0.00
2025-11-24,05:36:00,24653.25,24673.75,24652.5,24672,1298,24701.54,24654.82,0.00
2025-11-24,05:37:00,24672.25,24701.5,24672.25,24697,1597,24701.16,24659.64,0.00
2025-11-24,05:38:00,24697,24700.75,24673.75,24674.75,1414,24700.63,24662.16,0.00
2025-11-24,05:39:00,24675.5,24683,24666.5,24678.75,1057,24700.10,24663.20,0.00
2025-11-24,05:40:00,24679.25,24681,24661,24662.75,991,24699.47,24663.53,0.00
2025-11-24,05:41:00,24661.5,24662.75,24650.5,24652.5,987,24698.62,24663.02,0.00
2025-11-24,05:42:00,24651.5,24654,24638.25,24646.25,1223,24697.40,24661.84,0.00
2025-11-24,05:43:00,24645.25,24660.75,24642.75,24648.5,1074,24696.46,24661.19,0.00
2025-11-24,05:44:00,24648,24653.5,24641,24653,696,24695.85,24660.75,0.00
2025-11-24,05:45:00,24653.25,24667.75,24652.5,24666.5,1222,24695.11,24660.84,0.00
2025-11-24,05:46:00,24666,24691,24665.25,24688,1539,24694.74,24662.28,0.00
2025-11-24,05:47:00,24688.5,24696,24682.25,24683.75,1301,24694.58,24663.69,0.00
2025-11-24,05:48:00,24684.25,24684.75,24676.25,24678.5,880,24694.36,24664.28,0.00
2025-11-24,05:49:00,24678,24686,24678,24680,634,24694.22,24664.71,0.00
2025-11-24,05:50:00,24678.75,24693,24678.25,24688.25,784,24694.12,24665.38,0.00
2025-11-24,05:51:00,24688.5,24689,24667.25,24671.25,1212,24693.76,24665.85,0.00
2025-11-24,05:52:00,24670.5,24676.75,24662.75,24676.5,770,24693.50,24666.03,0.00
2025-11-24,05:53:00,24676.25,24691,24673.75,24688.25,1144,24693.33,24666.76,0.00
2025-11-24,05:54:00,24689.5,24695.5,24686.5,24688,1051,24693.28,24667.58,0.00
2025-11-24,05:55:00,24687.5,24688,24677.5,24679.5,761,24693.14,24667.93,0.00
2025-11-24,05:56:00,24679.75,24691.75,24676,24687.25,771,24693.05,24668.35,0.00
2025-11-24,05:57:00,24687.25,24694.5,24684,24684.5,705,24692.99,24668.78,0.00
2025-11-24,05:58:00,24684.5,24688.5,24680,24680.5,553,24692.91,24669.02,0.00
2025-11-24,05:59:00,24681,24684.5,24676.75,24683,558,24692.81,24669.23,0.00
2025-11-24,06:00:00,24683.25,24687.5,24674.5,24675.5,573,24692.70,24669.40,0.00
2025-11-24,06:01:00,24675.75,24677.75,24663.25,24670.25,1392,24692.26,24669.44,0.00
2025-11-24,06:02:00,24670.5,24684.5,24665.25,24683.25,710,24692.11,24669.60,0.00
2025-11-24,06:03:00,24683.5,24688.25,24676.5,24685,620,24692.04,24669.83,0.00
2025-11-24,06:04:00,24686.5,24691.75,24683.75,24686.5,622,24691.99,24670.13,0.00
2025-11-24,06:05:00,24686.75,24691,24679.5,24686.75,544,24691.95,24670.36,0.00
2025-11-24,06:06:00,24687.25,24688.5,24678.25,24684.25,493,24691.89,24670.53,0.00
2025-11-24,06:07:00,24684,24684,24675.5,24676.5,501,24691.80,24670.63,0.00
2025-11-24,06:08:00,24676.5,24682.5,24673.5,24676.5,523,24691.70,24670.73,0.00
2025-11-24,06:09:00,24676.25,24680.25,24672.75,24674.75,460,24691.60,24670.79,0.00
2025-11-24,06:10:00,24674.5,24679.25,24672.5,24678.25,396,24691.52,24670.84,0.00
2025-11-24,06:11:00,24677,24678,24667,24673.25,906,24691.30,24670.89,0.00
2025-11-24,06:12:00,24672.75,24674.75,24665.75,24666.25,617,24691.12,24670.86,0.00
2025-11-24,06:13:00,24667.25,24671,24658,24670.25,991,24690.80,24670.75,0.00
2025-11-24,06:14:00,24670,24670.5,24648.5,24650.75,921,24690.40,24670.45,0.00
2025-11-24,06:15:00,24650.75,24658.5,24641,24656,1456,24689.70,24669.85,0.00
2025-11-24,06:16:00,24656,24659.25,24643.5,24653.25,689,24689.38,24669.58,0.00
2025-11-24,06:17:00,24653.5,24663.5,24649,24656.75,777,24689.06,24669.36,0.00
2025-11-24,06:18:00,24656.75,24671.25,24656.25,24664.75,1003,24688.76,24669.24,0.00
2025-11-24,06:19:00,24665.25,24666.25,24655,24657.75,753,24688.49,24669.09,0.00
2025-11-24,06:20:00,24658.25,24672.25,24653,24667.25,856,24688.24,24669.01,0.00
2025-11-24,06:21:00,24667,24677.5,24662,24675,784,24688.09,24669.05,0.00
2025-11-24,06:22:00,24676,24683.75,24676,24680.5,928,24688.00,24669.25,0.00
2025-11-24,06:23:00,24681,24681.75,24657.75,24659.75,837,24687.79,24669.20,0.00
2025-11-24,06:24:00,24659.25,24662.25,24653.5,24654.25,542,24687.60,24669.07,0.00
2025-11-24,06:25:00,24654,24656.25,24643.25,24643.25,880,24687.20,24668.71,0.00
2025-11-24,06:26:00,24643.25,24654.75,24636,24650.75,1205,24686.66,24668.23,0.00
2025-11-24,06:27:00,24651.25,24657.5,24646.5,24657,657,24686.42,24668.06,0.00
2025-11-24,06:28:00,24656.5,24661.25,24649,24651.5,691,24686.17,24667.88,0.00
2025-11-24,06:29:00,24651.25,24655.75,24645.75,24649,844,24685.84,24667.62,0.00
2025-11-24,06:30:00,24648,24653.25,24640.25,24649.25,790,24685.51,24667.34,0.00
2025-11-24,06:31:00,24649.25,24652.5,24645,24645.25,552,24685.28,24667.15,0.00
2025-11-24,06:32:00,24645.75,24647.5,24633.5,24640.75,1147,24684.74,24666.63,0.00
2025-11-24,06:33:00,24641.5,24654,24637.5,24653,783,24684.43,24666.39,0.00
2025-11-24,06:34:00,24654,24655.5,24632.25,24634.25,1043,24683.95,24665.95,0.00
2025-11-24,06:35:00,24633.75,24637,24623.25,24624.25,1462,24683.11,24665.05,0.00
2025-11-24,06:36:00,24624.5,24649.25,24614.5,24640.25,2005,24682.13,24634.67,0.00
2025-11-24,06:37:00,24640,24660.25,24639.5,24657.75,1050,24681.82,24640.80,0.00
2025-11-24,06:38:00,24658.5,24662,24650,24659.25,938,24681.59,24644.62,0.00
2025-11-24,06:39:00,24660,24673.25,24659,24665.5,1002,24681.44,24648.89,0.00
2025-11-24,06:40:00,24667.25,24674.5,24664.75,24665.25,654,24681.36,24651.13,0.00
2025-11-24,06:41:00,24664.75,24671.25,24659.5,24667.5,607,24681.27,24652.58,0.00
2025-11-24,06:42:00,24667,24670,24662.25,24664.5,442,24681.20,24653.43,0.00
2025-11-24,06:43:00,24663.75,24675.25,24661.5,24671.25,606,24681.13,24654.75,0.00
2025-11-24,06:44:00,24672,24673,24657.25,24657.5,532,24681.04,24655.29,0.00
2025-11-24,06:45:00,24658.25,24672,24658.25,24667,441,24680.97,24655.84,0.00
2025-11-24,06:46:00,24666.75,24674,24659.25,24668.75,478,24680.91,24656.47,0.00
2025-11-24,06:47:00,24669.75,24679,24665,24673,663,24680.86,24657.59,0.00
2025-11-24,06:48:00,24673,24675.75,24664.75,24664.75,366,24680.81,24657.99,0.00
2025-11-24,06:49:00,24665.5,24669.5,24662.5,24668,482,24680.75,24658.40,0.00
2025-11-24,06:50:00,24667.75,24672.5,24664.25,24670,332,24680.71,24658.73,0.00
2025-11-24,06:51:00,24670.75,24672.25,24664.75,24671.5,296,24680.68,24659.02,0.00
2025-11-24,06:52:00,24672.5,24679,24665.75,24671.75,573,24680.64,24659.68,0.00
2025-11-24,06:53:00,24670.75,24674,24665.75,24668.5,277,24680.61,24659.91,0.00
2025-11-24,06:54:00,24667.75,24668.75,24655,24655,638,24680.49,24659.89,0.00
2025-11-24,06:55:00,24655.75,24656,24646.25,24655,974,24680.24,24659.35,0.00
2025-11-24,06:56:00,24655.75,24672.25,24647.5,24670.25,780,24680.12,24659.57,0.00
2025-11-24,06:57:00,24670.75,24676.25,24662.75,24665.5,642,24680.05,24659.94,0.00
2025-11-24,06:58:00,24665,24676.25,24664.25,24673.25,424,24680.02,24660.26,0.00
2025-11-24,06:59:00,24673.25,24681.5,24669.75,24673.25,812,24679.98,24660.99,0.00
2025-11-24,07:00:00,24674,24674.75,24651.75,24655.25,1064,24679.80,24660.97,0.00
2025-11-24,07:01:00,24654.75,24665.5,24651.25,24655.5,797,24679.65,24660.81,0.00
2025-11-24,07:02:00,24656,24660.75,24649,24657.5,715,24679.50,24660.62,0.00
2025-11-24,07:03:00,24657.5,24659.75,24651.25,24658.5,378,24679.42,24660.53,0.00
2025-11-24,07:04:00,24658.5,24666.5,24654.25,24659,643,24679.32,24660.51,0.00
2025-11-24,07:05:00,24659.75,24662.75,24649.25,24654.5,691,24679.18,24660.34,0.00
2025-11-24,07:06:00,24653.75,24657.75,24639,24645.75,1034,24678.90,24659.72,0.00
2025-11-24,07:07:00,24645,24655,24641.75,24652.5,873,24678.69,24659.33,0.00
2025-11-24,07:08:00,24653,24657.75,24646.5,24649.75,594,24678.55,24659.12,0.00
2025-11-24,07:09:00,24650,24650.25,24631.25,24634.25,1001,24678.22,24658.26,0.00
2025-11-24,07:10:00,24634,24644.75,24631.25,24639.75,541,24678.04,24657.82,0.00
2025-11-24,07:11:00,24640.5,24654.25,24639.75,24654.25,686,24677.88,24657.59,0.00
2025-11-24,07:12:00,24654.5,24656.75,24642.75,24644.25,493,24677.76,24657.40,0.00
2025-11-24,07:13:00,24644.5,24644.5,24633.5,24641.25,588,24677.58,24657.00,0.00
2025-11-24,07:14:00,24641.75,24652.75,24640.75,24650.25,396,24677.49,24656.87,0.00
2025-11-24,07:15:00,24650,24652.25,24640.5,24645,382,24677.39,24656.71,0.00
2025-11-24,07:16:00,24644.5,24645,24637.5,24640.75,399,24677.27,24656.49,0.00
2025-11-24,07:17:00,24640.25,24655.75,24636.75,24653.25,417,24677.18,24656.37,0.00
2025-11-24,07:18:00,24653.25,24660.25,24649.5,24658,499,24677.09,24656.36,0.00
2025-11-24,07:19:00,24658,24664.25,24657.75,24661.25,673,24677.01,24656.47,0.00
2025-11-24,07:20:00,24661.25,24668.5,24657.5,24666.5,479,24676.96,24656.59,0.00
2025-11-24,07:21:00,24666.25,24675.5,24664.75,24672.75,703,24676.92,24656.93,0.00
2025-11-24,07:22:00,24672.25,24681.25,24667.75,24670.5,1211,24676.89,24657.56,0.00
2025-11-24,07:23:00,24671.25,24672.75,24659,24665.5,729,24676.83,24657.75,0.00
2025-11-24,07:24:00,24665.25,24671.25,24662.75,24669.5,467,24676.79,24657.89,0.00
2025-11-24,07:25:00,24669.5,24678,24667.25,24667.5,605,24676.77,24658.13,0.00
2025-11-24,07:26:00,24668,24668.5,24655.25,24657.5,680,24676.68,24658.18,0.00
2025-11-24,07:27:00,24658.5,24661,24650,24660,680,24676.58,24658.15,0.00
2025-11-24,07:28:00,24660.5,24663.75,24653.5,24658,501,24676.51,24658.16,0.00
2025-11-24,07:29:00,24659,24659.5,24652.75,24656.5,370,24676.45,24658.14,0.00
2025-11-24,07:30:00,24656.25,24665.75,24654.75,24663.5,351,24676.41,24658.17,0.00
2025-11-24,07:31:00,24664.75,24676.25,24664.5,24676.25,769,24676.39,24658.47,0.00
2025-11-24,07:32:00,24676,24676,24658,24666,659,24676.34,24658.61,0.00
2025-11-24,07:33:00,24666.5,24672.75,24661,24669.5,420,24676.32,24658.71,0.00
2025-11-24,07:34:00,24668.75,24670.25,24651.5,24652.75,835,24676.20,24658.70,0.00
2025-11-24,07:35:00,24653,24657.25,24649.5,24653.25,345,24676.15,24658.65,0.00
2025-11-24,07:36:00,24653.25,24655.75,24649.5,24655,413,24676.08,24658.60,0.00
2025-11-24,07:37:00,24654.75,24664.75,24653,24661.25,534,24676.01,24658.61,0.00
2025-11-24,07:38:00,24660.5,24666.75,24657.75,24661.5,438,24675.97,24658.65,0.00
2025-11-24,07:39:00,24662.25,24663,24651.25,24654.75,410,24675.91,24658.63,0.00
2025-11-24,07:40:00,24654,24657.25,24650.5,24652.25,329,24675.85,24658.58,0.00
2025-11-24,07:41:00,24652.5,24661,24647,24656.75,542,24675.77,24658.54,0.00
2025-11-24,07:42:00,24656.75,24666,24652.75,24652.75,445,24675.71,24658.52,0.00
2025-11-24,07:43:00,24653.25,24657.25,24648.5,24655.25,370,24675.65,24658.48,0.00
2025-11-24,07:44:00,24655.25,24663.25,24654.75,24662.75,299,24675.62,24658.49,0.00
2025-11-24,07:45:00,24662.25,24687.5,24661,24680.25,1570,24675.63,24659.13,0.00
2025-11-24,07:46:00,24679.75,24684.75,24676.25,24677.5,628,24675.65,24659.41,0.00
2025-11-24,07:47:00,24678.25,24679.75,24669.5,24673.25,694,24675.64,24659.64,0.00
2025-11-24,07:48:00,24673,24678.25,24670.25,24674.75,520,24675.63,24659.81,0.00
2025-11-24,07:49:00,24675,24684.5,24675,24680.75,769,24675.66,24660.14,0.00
2025-11-24,07:50:00,24680.75,24688.5,24679.5,24687.25,577,24675.70,24660.44,0.00
2025-11-24,07:51:00,24687.5,24696.25,24684.25,24695,1046,24675.81,24661.12,0.00
2025-11-24,07:52:00,24695.25,24703.75,24693,24702.75,1024,24675.98,24661.93,0.00
2025-11-24,07:53:00,24703.25,24715.25,24702,24710.75,1495,24676.32,24663.32,0.00
2025-11-24,07:54:00,24710.5,24715.5,24705,24707.25,874,24676.51,24664.10,0.00
2025-11-24,07:55:00,24707.75,24710.25,24700.5,24701.25,596,24676.62,24664.56,0.00
2025-11-24,07:56:00,24701.5,24707.25,24697.75,24700.5,582,24676.72,24664.97,0.00
2025-11-24,07:57:00,24700,24708.25,24700,24706.25,376,24676.79,24665.25,0.00
2025-11-24,07:58:00,24705.75,24716.75,24702,24711.75,679,24676.94,24665.81,0.00
2025-11-24,07:59:00,24712.5,24713.75,24700.75,24701.5,542,24677.04,24666.21,0.00
2025-11-24,08:00:00,24701.25,24711.5,24701,24708.5,535,24677.15,24666.60,0.00
2025-11-24,08:01:00,24708.5,24708.5,24687.25,24694.25,1739,24677.37,24667.53,0.00
2025-11-24,08:02:00,24694.25,24698.75,24690,24697.25,567,24677.43,24667.80,0.00
2025-11-24,08:03:00,24697.5,24706.5,24692.5,24694.75,826,24677.54,24668.23,0.00
2025-11-24,08:04:00,24695.5,24703.5,24690.25,24698,592,24677.62,24668.52,0.00
2025-11-24,08:05:00,24697.25,24700,24685.25,24693.75,881,24677.70,24668.88,0.00
2025-11-24,08:06:00,24694,24704.25,24692,24699,695,24677.79,24669.23,0.00
2025-11-24,08:07:00,24698.5,24701.5,24692.75,24697.75,364,24677.84,24669.39,0.00
2025-11-24,08:08:00,24697,24703.25,24693.75,24702,260,24677.88,24669.52,0.00
2025-11-24,08:09:00,24702.75,24713.5,24702,24708,905,24678.05,24670.08,0.00
2025-11-24,08:10:00,24707.75,24707.75,24690.5,24703.25,1167,24678.21,24670.65,0.00
2025-11-24,08:11:00,24703.5,24707,24687,24698.5,1157,24678.35,24671.13,0.00
2025-11-24,08:12:00,24697.75,24702.5,24682.5,24686.75,994,24678.42,24671.43,0.00
2025-11-24,08:13:00,24687.5,24692.5,24676,24684,858,24678.45,24671.60,0.00
2025-11-24,08:14:00,24684.75,24689.75,24679.75,24686.5,577,24678.48,24671.71,0.00
2025-11-24,08:15:00,24686.75,24691.75,24683.25,24684.5,378,24678.50,24671.80,0.00
2025-11-24,08:16:00,24685.5,24688.25,24682.75,24687.25,381,24678.51,24671.88,0.00
2025-11-24,08:17:00,24688,24693.75,24686.25,24690.75,546,24678.55,24672.03,0.00
2025-11-24,08:18:00,24690.5,24701.5,24689.5,24698.25,580,24678.62,24672.23,0.00
2025-11-24,08:19:00,24698.25,24699.5,24685.25,24686.75,556,24678.66,24672.38,0.00
2025-11-24,08:20:00,24686.75,24687,24676,24678,793,24678.66,24672.47,0.00
2025-11-24,08:21:00,24678.25,24694.25,24676.5,24690.25,667,24678.70,24672.61,0.00
2025-11-24,08:22:00,24690.5,24701,24690.5,24695.25,520,24678.75,24672.78,0.00
2025-11-24,08:23:00,24694.75,24704.25,24686.25,24702.75,627,24678.82,24673.00,0.00
2025-11-24,08:24:00,24703.5,24706,24695.25,24696.25,453,24678.87,24673.16,0.00
2025-11-24,08:25:00,24697,24699.75,24692.75,24696.75,369,24678.91,24673.28,0.00
2025-11-24,08:26:00,24696.5,24714.25,24696.5,24712.5,737,24679.04,24673.63,0.00
2025-11-24,08:27:00,24712.25,24714.25,24707,24711.5,636,24679.16,24673.95,0.00
2025-11-24,08:28:00,24711.5,24725,24711.5,24725,1201,24679.44,24674.69,0.00
2025-11-24,08:29:00,24724.25,24730.25,24723.75,24728.25,1233,24679.79,24675.55,0.00
2025-11-24,08:30:00,24729,24742,24727,24734.75,2188,24680.47,24677.19,0.00
2025-11-24,08:31:00,24734.75,24742.5,24732.5,24742,1305,24680.90,24678.20,0.00
2025-11-24,08:32:00,24741.75,24749.75,24738.75,24746,1039,24681.27,24679.06,0.00
2025-11-24,08:33:00,24746.5,24752.25,24740.5,24747,1314,24681.75,24680.14,0.00
2025-11-24,08:34:00,24747.25,24750.25,24734,24744.5,1171,24682.15,24681.03,0.00
2025-11-24,08:35:00,24744.5,24750.75,24738.25,24740.5,798,24682.42,24681.62,0.00
2025-11-24,08:36:00,24740.5,24740.5,24731,24732.25,928,24682.69,24682.19,0.00
2025-11-24,08:37:00,24732.75,24735,24720.5,24722.5,1198,24682.97,24682.80,0.00
2025-11-24,08:38:00,24722.5,24732,24722.5,24729.25,606,24683.12,24683.12,0.00
2025-11-24,08:39:00,24729,24732,24725,24730,439,24683.23,24683.35,0.00
2025-11-24,08:40:00,24730,24733.25,24728.5,24730.75,380,24683.32,24683.56,0.00
2025-11-24,08:41:00,24731,24736.5,24728.25,24730,641,24683.49,24683.90,0.00
2025-11-24,08:42:00,24730.5,24732.75,24725.25,24729,483,24683.61,24684.15,0.00
2025-11-24,08:43:00,24728.5,24731.25,24717.25,24719.75,986,24683.82,24684.57,0.00
2025-11-24,08:44:00,24720,24737.25,24719,24729.25,892,24684.03,24685.01,0.00
2025-11-24,08:45:00,24728.75,24729,24719.75,24724.75,903,24684.22,24685.40,0.00
2025-11-24,08:46:00,24724.75,24736.25,24723.25,24735,572,24684.36,24685.68,0.00
2025-11-24,08:47:00,24734,24736.5,24725.5,24732.25,523,24684.49,24685.94,0.00
2025-11-24,08:48:00,24732,24736.75,24728,24729,457,24684.61,24686.16,0.00
2025-11-24,08:49:00,24730,24742.75,24729.5,24742.75,793,24684.83,24686.60,0.00
2025-11-24,08:50:00,24742.75,24747.25,24741,24745,669,24685.04,24687.01,0.00
2025-11-24,08:51:00,24744.5,24748.25,24738.75,24745.5,623,24685.23,24687.39,0.00
2025-11-24,08:52:00,24746,24746.5,24736.25,24738.5,681,24685.42,24687.76,0.00
2025-11-24,08:53:00,24738.5,24743.25,24732.75,24741,508,24685.57,24688.03,0.00
2025-11-24,08:54:00,24740.5,24740.75,24729,24740.75,844,24685.79,24688.46,0.00
2025-11-24,08:55:00,24741,24759.25,24739.75,24757.75,1549,24686.31,24689.46,0.00
2025-11-24,08:56:00,24757.5,24765.25,24748.25,24764,1585,24686.90,24690.56,0.00
2025-11-24,08:57:00,24764.5,24769.75,24755.5,24756,1342,24687.40,24691.48,0.00
2025-11-24,08:58:00,24756.75,24763.25,24755.75,24757.5,523,24687.58,24691.83,0.00
2025-11-24,08:59:00,24757.5,24765,24755.75,24764.75,488,24687.76,24692.16,0.00
2025-11-24,09:00:00,24765.25,24766.25,24757.75,24758.75,536,24687.96,24692.52,0.00
2025-11-24,09:01:00,24758.5,24763.75,24752.25,24762.75,915,24688.29,24693.11,0.00
2025-11-24,09:02:00,24763.75,24767,24757,24760.75,596,24688.50,24693.50,0.00
2025-11-24,09:03:00,24760.5,24764.75,24756.75,24764.25,428,24688.66,24693.78,0.00
2025-11-24,09:04:00,24764,24764,24757.25,24760.75,297,24688.76,24693.96,0.00
2025-11-24,09:05:00,24761.25,24774,24761.25,24767.5,1068,24689.18,24694.70,0.00
2025-11-24,09:06:00,24768.25,24778,24767.5,24771.75,794,24689.50,24695.28,0.00
2025-11-24,09:07:00,24771.75,24781.5,24771.75,24781.5,606,24689.76,24695.74,0.00
2025-11-24,09:08:00,24781.75,24791.25,24778.25,24790.5,1334,24690.39,24696.85,0.00
2025-11-24,09:09:00,24790,24792.25,24784,24790.75,1047,24690.89,24697.73,0.00
2025-11-24,09:10:00,24791.25,24797.5,24790.75,24794.75,1033,24691.40,24698.63,0.00
2025-11-24,09:11:00,24794.75,24802.75,24793.5,24797.25,1037,24691.93,24699.54,0.00
2025-11-24,09:12:00,24797.25,24800,24790.25,24797.25,1074,24692.46,24700.45,0.00
2025-11-24,09:13:00,24796.75,24799.75,24790.5,24794.5,755,24692.82,24701.08,0.00
2025-11-24,09:14:00,24794.75,24800.25,24793,24797.5,656,24693.15,24701.63,0.00
2025-11-24,09:15:00,24797.5,24801.25,24789.25,24800.25,780,24693.53,24702.27,0.00
2025-11-24,09:16:00,24800,24803,24796.5,24797.5,830,24693.94,24702.96,0.00
2025-11-24,09:17:00,24797.75,24801.5,24793.5,24793.5,463,24694.16,24703.33,0.00
2025-11-24,09:18:00,24794.25,24796.75,24784.5,24790,1307,24694.74,24704.29,0.00
2025-11-24,09:19:00,24789,24799.5,24789,24793.5,821,24695.12,24704.91,0.00
2025-11-24,09:20:00,24793.75,24798,24793.25,24797.25,477,24695.34,24705.27,0.00
2025-11-24,09:21:00,24797,24798.75,24790,24792.75,539,24695.59,24705.67,0.00
2025-11-24,09:22:00,24792.25,24794.5,24784.75,24787.5,965,24696.00,24706.33,0.00
2025-11-24,09:23:00,24788,24791.75,24782.75,24784.75,819,24696.34,24706.87,0.00
2025-11-24,09:24:00,24785.25,24793.25,24779.5,24791,1295,24696.88,24707.72,0.00
2025-11-24,09:25:00,24791.75,24799,24786.25,24795.5,947,24697.29,24708.38,0.00
2025-11-24,09:26:00,24795.5,24802,24794,24798,863,24697.68,24709.00,0.00
2025-11-24,09:27:00,24798.5,24812.5,24797.25,24808.25,1509,24698.41,24710.16,0.00
2025-11-24,09:28:00,24808.5,24809.75,24804.75,24808,560,24698.69,24710.59,0.00
2025-11-24,09:29:00,24808.5,24812.25,24803.75,24807,594,24698.97,24711.04,0.00
2025-11-24,09:30:00,24806.5,24807,24799.25,24805,632,24699.27,24711.49,0.00
2025-11-24,09:31:00,24806.25,24810.5,24802,24804,692,24699.59,24712.00,0.00
2025-11-24,09:32:00,24804.75,24811,24804.25,24809.25,518,24699.84,24712.38,0.00
2025-11-24,09:33:00,24809,24817.5,24803.5,24806,1470,24809.00,24713.47,0.00
2025-11-24,09:34:00,24805.5,24807.25,24796.25,24797.5,1002,24805.49,24714.13,0.00
2025-11-24,09:35:00,24798.25,24801.75,24793,24795.25,877,24803.18,24714.67,0.00
2025-11-24,09:36:00,24795.75,24800.5,24785.75,24795,1099,24800.85,24715.32,0.00
2025-11-24,09:37:00,24794.75,24801.25,24788,24795.75,767,24799.99,24715.78,0.00
2025-11-24,09:38:00,24795.75,24799,24791.25,24795.75,389,24799.66,24716.01,0.00
2025-11-24,09:39:00,24796,24800.5,24786.5,24790,717,24798.83,24716.41,0.00
2025-11-24,09:40:00,24789.75,24795,24784.25,24784.5,890,24797.49,24716.88,0.00
2025-11-24,09:41:00,24785.25,24792.25,24782.5,24792,780,24796.65,24717.28,0.00
2025-11-24,09:42:00,24791.5,24801,24790.75,24792,973,24796.43,24717.83,0.00
2025-11-24,09:43:00,24792.25,24795,24787.75,24793.75,534,24796.19,24718.11,0.00
2025-11-24,09:44:00,24793.75,24795,24787.75,24791.75,473,24795.96,24718.36,0.00
2025-11-24,09:45:00,24791.75,24792.25,24785.25,24790.5,642,24795.56,24718.69,0.00
2025-11-24,09:46:00,24790,24794.75,24788.5,24793.25,622,24795.37,24719.01,0.00
2025-11-24,09:47:00,24793.25,24794.5,24789.25,24790.75,447,24795.23,24719.24,0.00
2025-11-24,09:48:00,24791,24792,24777.75,24778.5,1425,24793.87,24719.88,0.00
2025-11-24,09:49:00,24778.5,24780.75,24769.25,24779.25,2366,24791.20,24720.80,0.00
2025-11-24,09:50:00,24778.75,24786.25,24777.75,24781.75,1021,24790.63,24721.23,0.00
2025-11-24,09:51:00,24782.5,24784.25,24767,24774,1389,24789.42,24721.74,0.00
2025-11-24,09:52:00,24774.75,24778,24768.25,24775,900,24788.67,24722.05,0.00
2025-11-24,09:53:00,24775.75,24782.25,24775,24779.5,628,24788.35,24722.29,0.00
2025-11-24,09:54:00,24778.75,24778.75,24767.5,24771,678,24787.81,24722.52,0.00
2025-11-24,09:55:00,24771.75,24773.5,24767.75,24770.25,689,24787.24,24722.74,0.00
2025-11-24,09:56:00,24770.75,24774.5,24769.25,24770.25,556,24786.83,24722.92,0.00
2025-11-24,09:57:00,24770,24771.25,24766.75,24767.25,726,24786.22,24723.14,0.00
2025-11-24,09:58:00,24768,24769.5,24754.25,24757,1932,24784.13,24723.60,0.00
2025-11-24,09:59:00,24757.25,24758.5,24748.75,24752.5,1405,24782.42,24723.87,0.00
2025-11-24,10:00:00,24752.5,24756,24744.25,24752.25,1504,24780.65,24724.13,0.00
2025-11-24,10:01:00,24751.75,24758.75,24748,24753.5,1700,24779.04,24724.45,0.00
2025-11-24,10:02:00,24754.5,24760.75,24750.75,24757.5,1138,24778.17,24724.67,0.00
2025-11-24,10:03:00,24758,24770.75,24757.25,24770.75,1649,24777.54,24725.10,0.00
2025-11-24,10:04:00,24770.5,24774,24766.25,24766.75,1166,24777.23,24725.42,0.00
2025-11-24,10:05:00,24767,24770.25,24763.75,24768,822,24776.99,24725.63,0.00
2025-11-24,10:06:00,24768.25,24776.5,24764.5,24776,1285,24776.82,24725.99,0.00
2025-11-24,10:07:00,24776,24786,24772.25,24774.25,2214,24776.86,24726.68,0.00
2025-11-24,10:08:00,24774.25,24778.5,24767.5,24775.25,1188,24776.76,24727.01,0.00
2025-11-24,10:09:00,24774.5,24787,24774.25,24786.5,1434,24776.97,24727.48,0.00
2025-11-24,10:10:00,24786.75,24796.25,24786,24795.75,2001,24777.73,24728.25,0.00
2025-11-24,10:11:00,24795.25,24807.5,24794.5,24804,1831,24778.76,24729.03,0.00
2025-11-24,10:12:00,24803.75,24815,24803.5,24812,1746,24779.97,24729.84,0.00
2025-11-24,10:13:00,24812,24815.5,24808.25,24809.5,1133,24780.74,24730.37,0.00
2025-11-24,10:14:00,24809.75,24827.25,24806.25,24824.5,2601,24819.33,24731.66,0.00
2025-11-24,10:15:00,24823.75,24827.75,24822.25,24823.25,1097,24824.42,24732.23,0.00
2025-11-24,10:16:00,24823.5,24823.5,24806.5,24811.25,2373,24817.12,24733.30,0.00
2025-11-24,10:17:00,24811.5,24820.5,24809.25,24820.25,995,24817.02,24733.75,0.00
2025-11-24,10:18:00,24820.25,24822,24813.25,24818.25,1038,24817.17,24734.22,0.00
2025-11-24,10:19:00,24818.25,24818.75,24798.5,24800.5,2101,24814.06,24735.03,0.00
2025-11-24,10:20:00,24801,24806.5,24796.25,24801,1419,24812.05,24735.54,0.00
2025-11-24,10:21:00,24801.25,24801.25,24790.75,24792.75,1713,24809.31,24736.07,0.00
2025-11-24,10:22:00,24792.75,24796.75,24788.5,24792,1190,24807.63,24736.43,0.00
2025-11-24,10:23:00,24792.5,24794.5,24787.25,24788.75,1096,24806.16,24736.74,0.00
2025-11-24,10:24:00,24789.5,24793.25,24784.25,24791.25,1112,24804.85,24737.04,0.00
2025-11-24,10:25:00,24792,24792.25,24782.75,24784.25,1053,24803.58,24737.31,0.00
2025-11-24,10:26:00,24784.5,24788.25,24773.75,24788.25,2350,24800.88,24737.86,0.00
2025-11-24,10:27:00,24787.25,24789,24780.75,24782,1164,24799.82,24738.14,0.00
2025-11-24,10:28:00,24781.75,24783.25,24774.5,24777.5,1464,24798.27,24738.43,0.00
2025-11-24,10:29:00,24777.5,24782.25,24775.75,24776.5,1548,24796.83,24738.74,0.00
2025-11-24,10:30:00,24776,24781.5,24771.75,24776,1878,24795.21,24739.09,0.00
2025-11-24,10:31:00,24775.5,24806.5,24766.75,24798,10706,24793.71,24741.68,0.00
2025-11-24,10:32:00,24798.25,24846.25,24796.25,24841.25,12778,24827.92,24746.57,0.00
2025-11-24,10:33:00,24840.5,24893,24838.5,24889.5,13678,24873.67,24753.84,0.00
2025-11-24,10:34:00,24890.5,24914.25,24883.25,24902.5,10902,24900.00,24760.22,0.00
2025-11-24,10:35:00,24903.25,24938,24901.75,24935.75,9878,24925.17,24766.49,0.00
2025-11-24,10:36:00,24936.25,24975.5,24936.25,24956.75,12909,24956.17,24775.47,0.00
2025-11-24,10:37:00,24957.5,24964.75,24936.75,24957,9436,24954.76,24781.40,0.00
2025-11-24,10:38:00,24956.75,24969.25,24928.25,24940.25,9047,24952.21,24786.51,0.00
2025-11-24,10:39:00,24939.75,24951.75,24916.75,24927,8356,24947.93,24790.57,0.00
2025-11-24,10:40:00,24927,24928.25,24899.25,24907.5,8922,24941.28,24794.07,0.00
2025-11-24,10:41:00,24908.25,24926.5,24876,24883.25,11651,24932.39,24797.75,0.00
2025-11-24,10:42:00,24883.25,24920.25,24870.75,24919,9732,24928.35,24800.87,0.00
2025-11-24,10:43:00,24919.5,24943.25,24915.5,24935.25,9523,24928.71,24804.53,0.00
2025-11-24,10:44:00,24934.75,24938.25,24883.5,24905.5,8634,24926.79,24807.12,0.00
2025-11-24,10:45:00,24905.5,24912.75,24862.5,24877.75,9027,24922.85,24809.07,0.00
2025-11-24,10:46:00,24877.25,24916.5,24864.75,24900,9357,24920.29,24811.24,0.00
2025-11-24,10:47:00,24898.25,24907.5,24873.25,24893.5,5924,24918.77,24812.51,0.00
2025-11-24,10:48:00,24893,24937,24880.75,24933.5,8748,24918.65,24814.91,0.00
2025-11-24,10:49:00,24934.25,24943.25,24918.75,24922,7590,24919.20,24817.12,0.00
2025-11-24,10:50:00,24922,24922.75,24866,24871,9386,24916.99,24818.76,0.00
2025-11-24,10:51:00,24871,24872.5,24832.5,24854,13547,24911.28,24819.89,0.00
2025-11-24,10:52:00,24853,24882,24837.25,24868.75,11078,24907.97,24821.01,0.00
2025-11-24,10:53:00,24868.75,24912.5,24868.75,24894.5,10207,24907.02,24822.68,0.00
2025-11-24,10:54:00,24894,24924.25,24886.25,24919.5,7656,24907.15,24824.20,0.00
2025-11-24,10:55:00,24919.5,24934.5,24885.75,24892.25,7819,24907.03,24825.59,0.00
2025-11-24,10:56:00,24893,24909.5,24878.75,24884.5,8325,24906.34,24826.78,0.00
2025-11-24,10:57:00,24885,24913,24882.5,24906,6593,24906.15,24827.83,0.00
2025-11-24,10:58:00,24905.25,24917.25,24892,24907.5,5443,24906.14,24828.73,0.00
2025-11-24,10:59:00,24907.5,24928.75,24896.25,24901,6828,24906.22,24829.88,0.00
2025-11-24,11:00:00,24900.75,24937.75,24893.75,24936.5,6278,24906.68,24831.09,0.00
2025-11-24,11:01:00,24937,24967.25,24931.5,24955.75,12313,24909.04,24834.09,0.00
2025-11-24,11:02:00,24956.75,24972.25,24947,24966,6799,24910.53,24835.82,0.00
2025-11-24,11:03:00,24966.75,24990.75,24965.5,24983.75,10412,24980.00,24838.76,0.00
2025-11-24,11:04:00,24984.25,25002,24976.5,24994.25,8306,24990.92,24841.19,0.00
2025-11-24,11:05:00,24994.5,24997,24977.5,24986.75,5561,24989.38,24842.74,0.00
2025-11-24,11:06:00,24987.5,25022.25,24984,25013.75,10189,25006.67,24845.86,0.00
2025-11-24,11:07:00,25014.5,25022.75,24984.75,25008.25,8687,25005.25,24848.40,0.00
2025-11-24,11:08:00,25007.75,25016.25,24977.5,24984.25,6657,24999.79,24850.15,0.00
2025-11-24,11:09:00,24983.25,24987.75,24961.75,24979.5,6514,24992.80,24851.62,0.00
2025-11-24,11:10:00,24979.25,24991.25,24957,24963.5,6134,24987.93,24852.92,0.00
2025-11-24,11:11:00,24963.25,24984.25,24953.75,24959.25,6472,24983.77,24854.20,0.00
2025-11-24,11:12:00,24959.25,24961,24918,24936.75,9987,24973.61,24855.65,0.00
2025-11-24,11:13:00,24936.75,24973.75,24917.25,24958.5,10119,24969.20,24857.27,0.00
2025-11-24,11:14:00,24958.75,24971.25,24948,24960.75,6128,24968.28,24858.32,0.00
2025-11-24,11:15:00,24960.75,24996.5,24957.25,24987.25,8686,24969.79,24860.08,0.00
2025-11-24,11:16:00,24987.75,25004.5,24984.25,24990,5626,24971.52,24861.30,0.00
2025-11-24,11:17:00,24991.25,24996.75,24962.25,24991.75,6014,24972.42,24862.49,0.00
2025-11-24,11:18:00,24991.75,24998.75,24974.5,24985.5,4044,24973.07,24863.30,0.00
2025-11-24,11:19:00,24985.5,24995.5,24964,24977.75,4671,24973.39,24864.16,0.00
2025-11-24,11:20:00,24977,24988,24948.5,24958.5,5712,24972.88,24865.08,0.00
2025-11-24,11:21:00,24958.25,24979.5,24954.5,24971.5,5096,24972.66,24865.91,0.00
2025-11-24,11:22:00,24972.25,24989.5,24953,24985.75,5118,24972.83,24866.79,0.00
2025-11-24,11:23:00,24984.5,24994.75,24969.25,24984.75,4963,24973.28,24867.68,0.00
2025-11-24,11:24:00,24984.75,25002.25,24976.75,24979,5208,24973.85,24868.62,0.00
2025-11-24,11:25:00,24979,24979.75,24946.25,24960.25,7548,24973.13,24869.70,0.00
2025-11-24,11:26:00,24960,24961.75,24934.25,24952.25,7667,24971.74,24870.61,0.00
2025-11-24,11:27:00,24952.75,24969,24940.5,24957.5,5204,24971.13,24871.27,0.00
2025-11-24,11:28:00,24958.25,24993,24949,24987.5,7362,24971.41,24872.41,0.00
2025-11-24,11:29:00,24987.5,25006.25,24981.75,24994,6547,24972.39,24873.57,0.00
2025-11-24,11:30:00,24994.25,25003.5,24979.25,24992.25,4879,24973.00,24874.41,0.00
2025-11-24,11:31:00,24991.5,24997.25,24963.5,24983.5,6518,24973.34,24875.41,0.00
2025-11-24,11:32:00,24983.75,25001,24981.75,24995.25,4482,24973.86,24876.16,0.00
2025-11-24,11:33:00,24995.75,25004,24986,24998.75,4613,24974.46,24876.94,0.00
2025-11-24,11:34:00,24999,25010.25,24987,24996.25,4127,24975.02,24877.65,0.00
2025-11-24,11:35:00,24996.25,25014.5,24996.25,25013.25,4650,24975.87,24878.49,0.00
2025-11-24,11:36:00,25013.25,25027.75,24999.75,25026.25,6086,25017.92,24879.67,0.00
2025-11-24,11:37:00,25025.5,25034.5,25013.25,25023,7017,25023.58,24881.06,0.00
2025-11-24,11:38:00,25023.25,25030.5,25003.25,25014.25,5506,25020.25,24882.07,0.00
2025-11-24,11:39:00,25013.5,25028.75,25001.75,25027,4452,25019.97,24882.90,0.00
2025-11-24,11:40:00,25027,25050,25027,25046,6465,25041.00,24884.27,0.00
2025-11-24,11:41:00,25046,25052,25030,25039.25,5711,25040.42,24885.46,0.00
2025-11-24,11:42:00,25038.75,25052.5,25034.25,25051,3534,25045.92,24886.21,0.00
2025-11-24,11:43:00,25051.25,25060,25048,25058,4213,25055.33,24887.15,0.00
2025-11-24,11:44:00,25058.25,25060.25,25046.75,25058,2814,25055.00,24887.77,0.00
2025-11-24,11:45:00,25058,25059.75,25047.75,25050.75,3078,25053.82,24888.44,0.00
2025-11-24,11:46:00,25050.75,25070.25,25047,25066.75,5099,25061.33,24889.59,0.00
2025-11-24,11:47:00,25067,25067.75,25049.25,25049.5,3942,25058.79,24890.43,0.00
2025-11-24,11:48:00,25049.75,25062,25048.75,25058.25,2615,25058.24,24890.99,0.00
2025-11-24,11:49:00,25057.25,25063.25,25050,25053,2227,25057.79,24891.46,0.00
2025-11-24,11:50:00,25053.5,25066,25053.5,25059,1998,25058.00,24891.89,0.00
2025-11-24,11:51:00,25059.25,25067.25,25054.25,25055.75,2428,25058.15,24892.41,0.00
2025-11-24,11:52:00,25056.25,25065.75,25048.75,25053.25,3061,25057.83,24893.05,0.00
2025-11-24,11:53:00,25053.25,25060.5,25032.5,25038.75,4540,25055.39,24893.92,0.00
2025-11-24,11:54:00,25039.25,25053.25,25039,25048.25,3022,25054.50,24894.50,0.00
2025-11-24,11:55:00,25048,25052.25,25035.5,25040.5,2584,25053.53,24894.98,0.00
2025-11-24,11:56:00,25039.75,25042.75,25017.5,25017.75,5476,25049.46,24895.88,0.00
2025-11-24,11:57:00,25017.75,25043.25,25014.75,25038.75,4209,25047.70,24896.59,0.00
2025-11-24,11:58:00,25038.75,25044.75,25024.25,25039,3260,25046.84,24897.15,0.00
2025-11-24,11:59:00,25038.75,25040,25023.5,25024.5,2054,25046.07,24897.49,0.00
2025-11-24,12:00:00,25024,25037.5,25024,25033.25,1810,25045.53,24897.79,0.00
2025-11-24,12:01:00,25033.25,25049,25032.75,25044.25,4032,25045.25,24898.50,0.00
2025-11-24,12:02:00,25043.75,25056,25040.75,25054,3418,25045.56,24899.13,0.00
2025-11-24,12:03:00,25054,25072.75,25046.75,25072,4580,25063.83,24900.05,0.00
2025-11-24,12:04:00,25072,25084.25,25072,25078,5492,25078.08,24901.23,0.00
2025-11-24,12:05:00,25077.75,25086.75,25072.25,25085.25,3332,25081.42,24901.95,0.00
2025-11-24,12:06:00,25084.75,25091,25076.5,25084.5,3598,25084.00,24902.73,0.00
2025-11-24,12:07:00,25084.5,25090.75,25079.75,25088.25,2483,25084.92,24903.27,0.00
2025-11-24,12:08:00,25088.5,25096,25086,25093.25,3077,25091.75,24903.96,0.00
2025-11-24,12:09:00,25094,25102.25,25091.25,25097.75,2840,25097.08,24904.61,0.00
2025-11-24,12:10:00,25098,25113.75,25093.75,25111,4515,25106.17,24905.68,0.00
2025-11-24,12:11:00,25111.25,25111.75,25094.5,25097.5,3872,25103.90,24906.57,0.00
2025-11-24,12:12:00,25097.75,25109.5,25094.25,25108.25,2455,25103.92,24907.14,0.00
2025-11-24,12:13:00,25108,25125.25,25107,25121.25,4993,25117.83,24908.36,0.00
2025-11-24,12:14:00,25121,25121.25,25109.5,25116.5,2527,25117.13,24908.97,0.00
2025-11-24,12:15:00,25116.5,25119.25,25112.5,25118.75,1951,25117.07,24909.44,0.00
2025-11-24,12:16:00,25119,25122.25,25100.25,25109.75,4196,25115.13,24910.41,0.00
2025-11-24,12:17:00,25109.75,25123,25107,25119.75,2216,25115.33,24910.93,0.00
2025-11-24,12:18:00,25119.75,25127.5,25114.5,25121.75,2857,25121.25,24911.62,0.00
2025-11-24,12:19:00,25122,25126.25,25117,25124.75,2125,25121.85,24912.13,0.00
2025-11-24,12:20:00,25124.5,25128.5,25117.75,25120.75,1944,25122.33,24912.59,0.00
2025-11-24,12:21:00,25120.75,25130.75,25118.5,25121.75,2638,25123.67,24913.23,0.00
2025-11-24,12:22:00,25121.5,25125.5,25115.25,25119.25,2294,25121.96,24913.76,0.00
2025-11-24,12:23:00,25120,25130.75,25119.5,25127.75,2151,25123.19,24914.28,0.00
2025-11-24,12:24:00,25128.25,25131.75,25124.25,25126.25,1707,25127.42,24914.69,0.00
2025-11-24,12:25:00,25126,25129.75,25121.75,25127.5,1722,25126.87,24915.10,0.00
2025-11-24,12:26:00,25126.75,25129,25114.25,25120.5,2447,25124.53,24915.67,0.00
2025-11-24,12:27:00,25120.5,25124.75,25112.25,25120,2416,25122.92,24916.21,0.00
2025-11-24,12:28:00,25120,25135.75,25116.5,25128,3479,25126.75,24917.03,0.00
2025-11-24,12:29:00,25128.25,25133,25120.5,25128,2446,25126.92,24917.60,0.00
2025-11-24,12:30:00,25128,25131.25,25113.75,25117.75,2519,25125.13,24918.17,0.00
2025-11-24,12:31:00,25117,25127,25111.5,25125.75,2933,25124.17,24918.83,0.00
2025-11-24,12:32:00,25125.75,25126.5,25111.75,25112.5,1962,25123.11,24919.26,0.00
2025-11-24,12:33:00,25112.75,25113.25,25097.75,25101.25,4557,25118.26,24920.18,0.00
2025-11-24,12:34:00,25101,25110,25093.25,25108.75,3362,25116.01,24920.86,0.00
2025-11-24,12:35:00,25109.75,25125.25,25109.75,25116.5,3310,25116.16,24921.56,0.00
2025-11-24,12:36:00,25117.25,25117.25,25099.5,25107,2706,25115.34,24922.11,0.00
2025-11-24,12:37:00,25107,25116.75,25104.25,25112.75,2082,25115.05,24922.54,0.00
2025-11-24,12:38:00,25112.75,25114,25102.75,25107.25,1582,25114.69,24922.85,0.00
2025-11-24,12:39:00,25106.75,25113.25,25101.25,25107.75,1591,25114.34,24923.17,0.00
2025-11-24,12:40:00,25107.5,25112,25098.25,25111.75,2282,25113.88,24923.62,0.00
2025-11-24,12:41:00,25111.75,25115.25,25101,25109.5,2152,25113.57,24924.05,0.00
2025-11-24,12:42:00,25110,25133,25107.75,25126.25,4072,25114.44,24924.92,0.00
2025-11-24,12:43:00,25126,25133.5,25122.25,25130.5,2353,25115.22,24925.43,0.00
2025-11-24,12:44:00,25129.75,25132,25121.75,25125.75,1783,25115.66,24925.81,0.00
2025-11-24,12:45:00,25126,25132.75,25124.25,25125.25,1918,25116.14,24926.22,0.00
2025-11-24,12:46:00,25125.25,25143.5,25122.25,25141.25,4712,25135.67,24927.26,0.00
2025-11-24,12:47:00,25141.5,25143,25130.5,25134.5,2350,25135.78,24927.78,0.00
2025-11-24,12:48:00,25134.75,25140,25126.25,25130.75,2215,25134.96,24928.26,0.00
2025-11-24,12:49:00,25131.25,25138.5,25129,25133.5,1374,25134.79,24928.55,0.00
2025-11-24,12:50:00,25132.75,25133.25,25125.75,25127.75,1267,25134.16,24928.82,0.00
2025-11-24,12:51:00,25127.75,25131,25119.75,25121,2500,25132.39,24929.33,0.00
2025-11-24,12:52:00,25120.75,25127.75,25112.5,25118.5,2851,25130.27,24929.90,0.00
2025-11-24,12:53:00,25118.5,25121,25112.75,25116.25,1507,25129.18,24930.19,0.00
2025-11-24,12:54:00,25115.25,25134.75,25114,25132.75,2692,25128.93,24930.74,0.00
2025-11-24,12:55:00,25132.25,25133.25,25121.75,25124.75,1562,25128.77,24931.06,0.00
2025-11-24,12:56:00,25124.25,25125,25104.5,25110,3030,25126.96,24931.63,0.00
2025-11-24,12:57:00,25110,25121.5,25105.5,25111.75,2090,25125.91,24932.02,0.00
2025-11-24,12:58:00,25111.5,25111.5,25096.25,25096.75,2959,25123.59,24932.54,0.00
2025-11-24,12:59:00,25097,25098.25,25087.25,25093.25,4193,25119.95,24933.22,0.00
2025-11-24,13:00:00,25093.25,25103.5,25091.5,25099.75,2351,25118.59,24933.62,0.00
2025-11-24,13:01:00,25100,25119.25,25098.75,25108.25,4033,25117.64,24934.34,0.00
2025-11-24,13:02:00,25108.5,25119.5,25104.5,25113.5,2028,25117.40,24934.71,0.00
2025-11-24,13:03:00,25114,25116.25,25100.75,25102,2487,25116.81,24935.14,0.00
2025-11-24,13:04:00,25102,25102.25,25085.75,25094,3213,25115.32,24935.65,0.00
2025-11-24,13:05:00,25094.5,25105.25,25091.5,25098.5,2400,25114.54,24936.05,0.00
2025-11-24,13:06:00,25098.75,25103.75,25090.5,25097.75,1869,25113.94,24936.35,0.00
2025-11-24,13:07:00,25097.75,25100.5,25087,25094,2002,25113.22,24936.67,0.00
2025-11-24,13:08:00,25093.5,25110.25,25093.5,25104.75,2549,25112.76,24937.09,0.00
2025-11-24,13:09:00,25105,25107.5,25095.25,25100.5,1814,25112.41,24937.39,0.00
2025-11-24,13:10:00,25101,25101.75,25086.5,25088.25,2162,25111.71,24937.72,0.00
2025-11-24,13:11:00,25088,25100.5,25084,25090.5,2585,25110.91,24938.12,0.00
2025-11-24,13:12:00,25090.5,25097.25,25084.25,25091.5,1724,25110.39,24938.38,0.00
2025-11-24,13:13:00,25092,25097,25083.25,25087,1680,25109.87,24938.63,0.00
2025-11-24,13:14:00,25087.5,25093.75,25082,25090.25,1729,25109.34,24938.89,0.00
2025-11-24,13:15:00,25089.5,25099.5,25088.75,25094.75,1508,25109.03,24939.12,0.00
2025-11-24,13:16:00,25094.25,25107,25089.25,25105.75,2540,25108.74,24939.52,0.00
2025-11-24,13:17:00,25106.25,25126.25,25106.25,25124.5,4267,25109.30,24940.27,0.00
2025-11-24,13:18:00,25124.25,25127,25116.5,25124,2230,25109.66,24940.67,0.00
2025-11-24,13:19:00,25124.5,25131.25,25119.25,25121.75,2882,25110.16,24941.19,0.00
2025-11-24,13:20:00,25122,25133,25121.75,25128.5,1913,25110.56,24941.54,0.00
2025-11-24,13:21:00,25129,25133.25,25123.5,25131.25,1694,25110.92,24941.85,0.00
2025-11-24,13:22:00,25131.25,25133.75,25128,25130,1459,25111.25,24942.11,0.00
2025-11-24,13:23:00,25129.5,25147,25129.5,25134.5,3476,25137.00,24942.77,0.00
2025-11-24,13:24:00,25134.75,25138.5,25122.75,25128.75,2914,25133.81,24943.30,0.00
2025-11-24,13:25:00,25129,25136.75,25124.5,25132.25,1641,25133.27,24943.59,0.00
2025-11-24,13:26:00,25132.25,25135.5,25122.25,25135.25,2160,25132.79,24943.98,0.00
2025-11-24,13:27:00,25135.5,25138.75,25126.25,25130.75,1347,25132.69,24944.22,0.00
2025-11-24,13:28:00,25130.75,25143.75,25130.25,25142.5,1819,25133.52,24944.56,0.00
2025-11-24,13:29:00,25142.25,25145.75,25132.25,25137,1529,25134.02,24944.85,0.00
2025-11-24,13:30:00,25136.75,25140.75,25132,25137,1039,25134.18,24945.04,0.00
2025-11-24,13:31:00,25137,25148.25,25135.5,25142,2621,25141.92,24945.53,0.00
2025-11-24,13:32:00,25142.75,25145.75,25134.25,25143.75,1532,25141.67,24945.82,0.00
2025-11-24,13:33:00,25143.25,25147,25139,25140.75,1544,25141.83,24946.11,0.00
2025-11-24,13:34:00,25141,25150.5,25136,25146,1828,25144.17,24946.45,0.00
2025-11-24,13:35:00,25145.25,25147.75,25141.25,25142.25,1011,25144.02,24946.64,0.00
2025-11-24,13:36:00,25142.75,25145.75,25137.75,25144.25,1462,25143.53,24946.91,0.00
2025-11-24,13:37:00,25144.25,25151.25,25141.5,25150.25,1453,25147.67,24947.19,0.00
2025-11-24,13:38:00,25150,25155.25,25144,25146,2430,25148.42,24947.65,0.00
2025-11-24,13:39:00,25146.25,25162.25,25142.25,25158.5,4002,25154.33,24948.43,0.00
2025-11-24,13:40:00,25158.5,25172.25,25156.25,25172.25,3788,25166.92,24949.20,0.00
2025-11-24,13:41:00,25172.25,25188.25,25167.25,25186,7931,25180.50,24950.91,0.00
2025-11-24,13:42:00,25186,25186.5,25172.75,25173.5,2995,25179.70,24951.54,0.00
2025-11-24,13:43:00,25173.75,25176,25162.75,25172.75,3128,25177.65,24952.17,0.00
2025-11-24,13:44:00,25173.5,25176,25167.5,25168.75,1444,25177.01,24952.46,0.00
2025-11-24,13:45:00,25169,25174,25166.5,25172.75,1201,25176.58,24952.71,0.00
2025-11-24,13:46:00,25173.25,25183,25169.25,25181.75,2752,25176.78,24953.28,0.00
2025-11-24,13:47:00,25181.75,25183.5,25174,25178.25,1840,25176.94,24953.66,0.00
2025-11-24,13:48:00,25178.75,25181.75,25175,25179.25,949,25177.01,24953.85,0.00
2025-11-24,13:49:00,25178.75,25188.25,25178.75,25181.25,2024,25177.49,24954.28,0.00
2025-11-24,13:50:00,25181.75,25186.25,25174.75,25183.5,1603,25177.74,24954.61,0.00
2025-11-24,13:51:00,25183.5,25187.5,25179.75,25181,1413,25178.00,24954.91,0.00
2025-11-24,13:52:00,25181,25181.75,25171,25174.75,2037,25177.85,24955.32,0.00
2025-11-24,13:53:00,25174.5,25179,25172.25,25174.75,1150,25177.75,24955.55,0.00
2025-11-24,13:54:00,25174.75,25187.25,25173.75,25186.5,1754,25178.01,24955.91,0.00
2025-11-24,13:55:00,25186.5,25193.25,25181.5,25183.5,2799,25186.08,24956.49,0.00
2025-11-24,13:56:00,25183.5,25184,25172,25174.75,2299,25181.95,24956.95,0.00
2025-11-24,13:57:00,25174.75,25177,25171.25,25176,1454,25180.35,24957.24,0.00
2025-11-24,13:58:00,25176.5,25178,25166.75,25167.5,2042,25178.07,24957.63,0.00
2025-11-24,13:59:00,25167.5,25175.75,25165.25,25172.25,1332,25177.13,24957.89,0.00
2025-11-24,14:00:00,25171.75,25178,25170.5,25173.25,1119,25176.81,24958.11,0.00
2025-11-24,14:01:00,25173,25182.5,25173,25175.75,1743,25176.84,24958.45,0.00
2025-11-24,14:02:00,25176.5,25183.5,25176.5,25181.5,1019,25177.11,24958.65,0.00
2025-11-24,14:03:00,25182,25185,25177,25182.5,1246,25177.48,24958.90,0.00
2025-11-24,14:04:00,25182.25,25188.25,25182.25,25184.75,1422,25178.13,24959.19,0.00
2025-11-24,14:05:00,25184.5,25186,25179,25181.75,1225,25178.42,24959.43,0.00
2025-11-24,14:06:00,25181.75,25188.75,25179.25,25188,1079,25178.82,24959.65,0.00
2025-11-24,14:07:00,25187.5,25188.75,25180.5,25184.75,970,25179.10,24959.85,0.00
2025-11-24,14:08:00,25185.75,25190.25,25185.25,25185.75,1382,25179.63,24960.13,0.00
2025-11-24,14:09:00,25186,25189.5,25181.75,25188.75,1489,25180.09,24960.43,0.00
2025-11-24,14:10:00,25188.5,25191,25184.25,25186,1153,25180.43,24960.66,0.00
2025-11-24,14:11:00,25186,25192.5,25182.75,25189,1348,25180.84,24960.93,0.00
2025-11-24,14:12:00,25189,25192,25185.75,25192,805,25181.12,24961.10,0.00
2025-11-24,14:13:00,25192.25,25198.75,25189.5,25195.25,2730,25194.50,24961.66,0.00
2025-11-24,14:14:00,25194.75,25207.5,25194,25202.25,3455,25201.25,24962.39,0.00
2025-11-24,14:15:00,25202.25,25204.5,25198.25,25198.75,1661,25201.01,24962.74,0.00
2025-11-24,14:16:00,25198.5,25203.25,25195.25,25197.75,1636,25200.46,24963.08,0.00
2025-11-24,14:17:00,25197.5,25200.25,25186.25,25187.75,2090,25198.32,24963.50,0.00
2025-11-24,14:18:00,25188,25188,25179.5,25184,2430,25195.20,24963.97,0.00
2025-11-24,14:19:00,25183.75,25186.75,25179,25183.5,1500,25193.78,24964.26,0.00
2025-11-24,14:20:00,25183.5,25195.25,25181.75,25192.75,2019,25193.25,24964.66,0.00
2025-11-24,14:21:00,25192.25,25200.75,25190,25199,2313,25193.70,24965.13,0.00
2025-11-24,14:22:00,25199.25,25201.5,25193,25194,1679,25193.92,24965.47,0.00
2025-11-24,14:23:00,25194.5,25195.5,25185,25189.75,2264,25193.51,24965.91,0.00
2025-11-24,14:24:00,25189.75,25200,25189.25,25199.25,1394,25193.67,24966.19,0.00
2025-11-24,14:25:00,25199.5,25202.25,25197.75,25200.5,1145,25193.99,24966.42,0.00
2025-11-24,14:26:00,25200.75,25201,25186.5,25189.75,1817,25193.88,24966.78,0.00
2025-11-24,14:27:00,25189.75,25198.25,25188.75,25194.75,940,25193.88,24966.96,0.00
2025-11-24,14:28:00,25195,25195.75,25184.75,25186.75,955,25193.71,24967.15,0.00
2025-11-24,14:29:00,25186.5,25188.75,25183,25186.5,926,25193.46,24967.32,0.00
2025-11-24,14:30:00,25186,25189,25180.75,25184.25,1461,25193.03,24967.60,0.00
2025-11-24,14:31:00,25184.25,25185.25,25166.75,25170.25,4202,25190.68,24968.34,0.00
2025-11-24,14:32:00,25170.25,25188.5,25168.5,25183,2529,25189.94,24968.80,0.00
2025-11-24,14:33:00,25182.5,25191.75,25179.25,25188.75,1806,25189.78,24969.14,0.00
2025-11-24,14:34:00,25188.25,25193,25186,25187.5,1155,25189.75,24969.36,0.00
2025-11-24,14:35:00,25186.75,25188,25178.5,25180.5,1565,25189.47,24969.64,0.00
2025-11-24,14:36:00,25180.25,25181.25,25172.5,25176.5,1570,25189.00,24969.92,0.00
2025-11-24,14:37:00,25177.25,25192.25,25176.25,25191.75,1632,25188.91,24970.22,0.00
2025-11-24,14:38:00,25191.5,25191.5,25178.75,25183.75,1539,25188.77,24970.50,0.00
2025-11-24,14:39:00,25183.5,25184.25,25177.75,25178.5,911,25188.60,24970.67,0.00
2025-11-24,14:40:00,25178.5,25189.25,25177,25187.75,952,25188.52,24970.84,0.00
2025-11-24,14:41:00,25187.5,25188.25,25174,25176,1635,25188.22,24971.13,0.00
2025-11-24,14:42:00,25176.75,25182.75,25170.5,25180.5,1664,25187.88,24971.42,0.00
2025-11-24,14:43:00,25180.75,25185.25,25178.5,25183.5,995,25187.78,24971.60,0.00
2025-11-24,14:44:00,25183.75,25187.75,25178.75,25182.5,913,25187.70,24971.76,0.00
2025-11-24,14:45:00,25182.75,25186.25,25179,25183.75,696,25187.63,24971.89,0.00
2025-11-24,14:46:00,25183.5,25188,25182.25,25186,954,25187.60,24972.06,0.00
2025-11-24,14:47:00,25187.75,25192.25,25179.25,25179.5,1635,25187.48,24972.35,0.00
2025-11-24,14:48:00,25179.75,25182.5,25173.75,25179.5,1767,25187.21,24972.66,0.00
2025-11-24,14:49:00,25179.75,25191.75,25178.5,25190.75,1180,25187.21,24972.87,0.00
2025-11-24,14:50:00,25191,25196.25,25184.75,25185.25,1896,25187.25,24973.22,0.00
2025-11-24,14:51:00,25185.25,25188.75,25181.75,25187.75,1346,25187.23,24973.46,0.00
2025-11-24,14:52:00,25187.75,25191.75,25182.75,25191,909,25187.25,24973.62,0.00
2025-11-24,14:53:00,25190.5,25191.5,25184.5,25188.25,824,25187.26,24973.77,0.00
2025-11-24,14:54:00,25187.75,25191.25,25183,25187.25,1008,25187.26,24973.95,0.00
2025-11-24,14:55:00,25187.75,25191.5,25180,25191.25,1383,25187.26,24974.20,0.00
2025-11-24,14:56:00,25190.75,25192.25,25182,25188.25,1396,25187.27,24974.45,0.00
2025-11-24,14:57:00,25188,25191.5,25180,25185.25,1362,25187.23,24974.69,0.00
2025-11-24,14:58:00,25185,25185,25179.5,25183.25,927,25187.17,24974.85,0.00
2025-11-24,14:59:00,25183,25187.25,25180,25183,796,25187.13,24974.99,0.00
2025-11-24,15:00:00,25183.5,25187.75,25178.5,25179.25,973,25187.06,24975.15,0.00
2025-11-24,15:01:00,25179.25,25189.75,25176.5,25187,1580,25187.00,24975.43,0.00
2025-11-24,15:02:00,25186.75,25193.75,25186.25,25192.5,1289,25187.07,24975.66,0.00
2025-11-24,15:03:00,25192.75,25204.25,25192.75,25197.25,2689,25187.45,24976.16,0.00
2025-11-24,15:04:00,25198,25200.25,25191,25195.5,1649,25187.62,24976.46,0.00
2025-11-24,15:05:00,25195.5,25199.25,25192,25195.5,1026,25187.72,24976.64,0.00
2025-11-24,15:06:00,25195.25,25201,25193.75,25199.5,1032,25187.85,24976.83,0.00
2025-11-24,15:07:00,25199.25,25205.25,25196.75,25201.5,1249,25188.06,24977.06,0.00
2025-11-24,15:08:00,25201.75,25204,25194.75,25203.5,1076,25188.22,24977.26,0.00
2025-11-24,15:09:00,25203.25,25213.75,25201.75,25208.75,3097,25208.08,24977.85,0.00
2025-11-24,15:10:00,25208.75,25211,25204,25206.75,1490,25207.81,24978.13,0.00
2025-11-24,15:11:00,25207,25212,25201.5,25209.5,1527,25207.78,24978.42,0.00
2025-11-24,15:12:00,25210,25210.25,25202.5,25203.5,976,25207.45,24978.60,0.00
2025-11-24,15:13:00,25203.75,25209,25201.75,25208.25,1028,25207.31,24978.79,0.00
2025-11-24,15:14:00,25208.75,25211.5,25198.25,25199,1509,25206.62,24979.07,0.00
2025-11-24,15:15:00,25198.75,25206,25198.75,25203.75,970,25206.27,24979.25,0.00
2025-11-24,15:16:00,25203.75,25209.75,25201.75,25205.75,1361,25206.21,24979.50,0.00
2025-11-24,15:17:00,25205.75,25209.5,25200.5,25206,1180,25206.14,24979.72,0.00
2025-11-24,15:18:00,25206.25,25206.25,25195.25,25196.25,1405,25205.47,24979.97,0.00
2025-11-24,15:19:00,25196.25,25199.75,25191.75,25198.75,1623,25204.59,24980.26,0.00
2025-11-24,15:20:00,25199,25206,25196.25,25204.5,1283,25204.42,24980.49,0.00
2025-11-24,15:21:00,25204.25,25204.75,25194.75,25197.25,1028,25204.12,24980.67,0.00
2025-11-24,15:22:00,25197.25,25204,25195.75,25199.75,967,25203.90,24980.84,0.00
2025-11-24,15:23:00,25199.75,25201.5,25192,25194.25,1198,25203.44,24981.05,0.00
2025-11-24,15:24:00,25195.25,25198.25,25193.25,25194.75,815,25203.13,24981.19,0.00
2025-11-24,15:25:00,25194.75,25199.25,25193.25,25195,865,25202.85,24981.34,0.00
2025-11-24,15:26:00,25194.5,25200.5,25190.5,25196,1135,25202.50,24981.54,0.00
2025-11-24,15:27:00,25195.75,25195.75,25187.75,25191.25,1186,25201.98,24981.74,0.00
2025-11-24,15:28:00,25191,25191.5,25182,25184.5,1990,25200.78,24982.07,0.00
2025-11-24,15:29:00,25184.5,25193.25,25182.5,25189.75,1522,25200.12,24982.32,0.00
2025-11-24,15:30:00,25190.5,25190.5,25181.5,25185.75,1197,25199.54,24982.52,0.00
2025-11-24,15:31:00,25186,25189.75,25171.75,25172.25,2573,25197.80,24982.92,0.00
2025-11-24,15:32:00,25172.5,25175,25164.25,25170,3198,25195.24,24983.40,0.00
2025-11-24,15:33:00,25170,25176.75,25164.25,25164.5,2159,25193.70,24983.72,0.00
2025-11-24,15:34:00,25165,25174,25158.5,25169.75,2708,25191.92,24984.12,0.00
2025-11-24,15:35:00,25169.25,25170.25,25159.75,25168.75,1849,25190.78,24984.39,0.00
2025-11-24,15:36:00,25169,25169,25156,25165,2743,25189.09,24984.78,0.00
2025-11-24,15:37:00,25165,25168,25155.25,25165.75,2381,25187.77,24985.12,0.00
2025-11-24,15:38:00,25166.5,25176.5,25163.25,25174.5,2201,25187.04,24985.44,0.00
2025-11-24,15:39:00,25174.5,25186.5,25173,25184.75,2716,25186.74,24985.86,0.00
2025-11-24,15:40:00,25184.75,25190,25182.5,25184,1815,25186.70,24986.15,0.00
2025-11-24,15:41:00,25184.25,25189.25,25178.5,25189,2872,25186.65,24986.60,0.00
2025-11-24,15:42:00,25188.5,25192,25180,25180.75,1642,25186.58,24986.86,0.00
2025-11-24,15:43:00,25180.5,25180.5,25172.25,25177.75,2082,25186.24,24987.17,0.00
2025-11-24,15:44:00,25177.5,25179.25,25170.25,25172.75,1102,25186.02,24987.33,0.00
2025-11-24,15:45:00,25172.5,25177,25168.25,25169,1218,25185.74,24987.51,0.00
2025-11-24,15:46:00,25169.25,25173.5,25161.5,25163.25,2370,25185.02,24987.84,0.00
2025-11-24,15:47:00,25163,25166.5,25159,25164,1730,25184.46,24988.08,0.00
2025-11-24,15:48:00,25164,25170,25159.5,25159.5,1489,25183.99,24988.28,0.00
2025-11-24,15:49:00,25159.75,25168,25159.75,25166,1030,25183.70,24988.42,0.00
2025-11-24,15:50:00,25166,25167.25,25160.25,25163.25,1011,25183.41,24988.56,0.00
2025-11-24,15:51:00,25163.75,25178.75,25163.25,25176.75,2295,25183.08,24988.89,0.00
2025-11-24,15:52:00,25176.75,25177.75,25163.25,25166.75,1395,25182.82,24989.09,0.00
2025-11-24,15:53:00,25166.5,25169.5,25155.5,25157.25,2037,25182.22,24989.36,0.00
2025-11-24,15:54:00,25157.75,25159.75,25146.5,25151.25,3355,25180.97,24989.78,0.00
2025-11-24,15:55:00,25151.75,25164,25147.75,25163.25,2153,25180.37,24990.06,0.00
2025-11-24,15:56:00,25163,25171.75,25161.5,25169.25,1868,25180.08,24990.32,0.00
2025-11-24,15:57:00,25169.5,25181.75,25164.5,25165.75,4066,25179.64,24990.88,0.00
2025-11-24,15:58:00,25165.25,25176.25,25157,25170,2661,25179.29,24991.24,0.00
2025-11-24,15:59:00,25170,25172,25162.75,25170.75,1211,25179.15,24991.41,0.00
2025-11-24,16:00:00,25170,25174.75,25161.5,25167,1729,25178.94,24991.64,0.00
2025-11-24,16:01:00,25167.5,25175.25,25166,25173,2072,25178.77,24991.93,0.00
2025-11-24,16:02:00,25172.25,25181,25171.5,25179.25,1906,25178.74,24992.20,0.00
2025-11-24,16:03:00,25178.75,25183.25,25174.25,25183,1722,25178.77,24992.45,0.00
2025-11-24,16:04:00,25183.25,25196.25,25181.5,25192,3325,25179.13,24992.94,0.00
2025-11-24,16:05:00,25192,25201.5,25189,25200.5,2608,25179.58,24993.35,0.00
2025-11-24,16:06:00,25200.25,25203,25194.75,25200.25,1983,25179.94,24993.66,0.00
2025-11-24,16:07:00,25199.5,25201.5,25193.75,25196.75,1286,25180.15,24993.86,0.00
2025-11-24,16:08:00,25196.75,25204.25,25194,25198.5,1744,25180.45,24994.13,0.00
2025-11-24,16:09:00,25198.75,25202,25194.25,25195.25,904,25180.59,24994.27,0.00
2025-11-24,16:10:00,25194.5,25198.5,25192.75,25194,1048,25180.72,24994.43,0.00
2025-11-24,16:11:00,25193.75,25193.75,25185.25,25187.5,1921,25180.86,24994.71,0.00
2025-11-24,16:12:00,25187.25,25194.25,25183.5,25193.25,1311,25180.97,24994.90,0.00
2025-11-24,16:13:00,25193.25,25199.5,25189,25199.25,1539,25181.16,24995.13,0.00
2025-11-24,16:14:00,25199.5,25206,25197.5,25198.5,1991,25181.49,24995.44,0.00
2025-11-24,16:15:00,25198,25198.25,25190.25,25193,1400,25181.64,24995.65,0.00
2025-11-24,16:16:00,25192.75,25197.25,25187.5,25196.25,1701,25181.81,24995.90,0.00
2025-11-24,16:17:00,25196,25202.25,25195.25,25201,1186,25181.98,24996.09,0.00
2025-11-24,16:18:00,25201.5,25217,25201,25209.25,3312,25209.08,24996.61,0.00
2025-11-24,16:19:00,25209.5,25212,25205.5,25207,1381,25208.81,24996.83,0.00
2025-11-24,16:20:00,25207.25,25212.5,25202.75,25203.75,1325,25208.27,24997.04,0.00
2025-11-24,16:21:00,25203.25,25205,25194.5,25197,2451,25205.54,24997.41,0.00
2025-11-24,16:22:00,25197.5,25209.75,25195,25206.25,1896,25205.20,24997.70,0.00
2025-11-24,16:23:00,25206.25,25210.5,25199.25,25199.75,1415,25204.95,24997.91,0.00
2025-11-24,16:24:00,25199.75,25204.75,25195.5,25200,1046,25204.55,24998.07,0.00
2025-11-24,16:25:00,25199.75,25199.75,25193.75,25196.5,1122,25203.92,24998.24,0.00
2025-11-24,16:26:00,25196,25197.5,25188.5,25189.5,1471,25202.77,24998.45,0.00
2025-11-24,16:27:00,25189,25189,25178.5,25184.25,2871,25199.81,24998.84,0.00
2025-11-24,16:28:00,25184.75,25194.75,25183.75,25191.75,1717,25198.97,24999.08,0.00
2025-11-24,16:29:00,25191.75,25194.75,25187.5,25189.5,1005,25198.57,24999.23,0.00
2025-11-24,16:30:00,25189.25,25193.25,25187.25,25189.25,860,25198.23,24999.35,0.00
2025-11-24,16:31:00,25189.5,25190.5,25179.75,25183.75,1971,25197.11,24999.62,0.00
2025-11-24,16:32:00,25183.5,25194,25183.25,25192,1584,25196.65,24999.84,0.00
2025-11-24,16:33:00,25191.75,25193.5,25187.5,25190,876,25196.44,24999.96,0.00
2025-11-24,16:34:00,25190.75,25204.25,25189.25,25197.75,2092,25196.49,25000.26,0.00
2025-11-24,16:35:00,25197.75,25200.5,25194.5,25197,1008,25196.52,25000.41,0.00
2025-11-24,16:36:00,25197,25201.75,25193.25,25195.5,1108,25196.53,25000.57,0.00
2025-11-24,16:37:00,25195.75,25206,25195.5,25201.75,1357,25196.72,25000.77,0.00
2025-11-24,16:38:00,25201.25,25207.75,25199,25207.25,1601,25197.10,25001.01,0.00
2025-11-24,16:39:00,25207.25,25209.25,25203.75,25207.25,1152,25197.42,25001.18,0.00
2025-11-24,16:40:00,25207.25,25207.5,25202,25205,843,25197.60,25001.30,0.00
2025-11-24,16:41:00,25204.75,25204.75,25198.5,25201.25,1177,25197.73,25001.48,0.00
2025-11-24,16:42:00,25201.25,25209.5,25201.25,25205.75,1328,25198.00,25001.67,0.00
2025-11-24,16:43:00,25205.75,25205.75,25196.25,25198.75,1664,25198.09,25001.91,0.00
2025-11-24,16:44:00,25198.5,25204.25,25193.5,25204,1492,25198.18,25002.13,0.00
2025-11-24,16:45:00,25204,25214.75,25203.75,25210.5,2256,25198.78,25002.47,0.00
2025-11-24,16:46:00,25210.75,25221.5,25210.75,25215.5,3599,25215.92,25003.03,0.00
2025-11-24,16:47:00,25215.25,25219.5,25209.25,25209.5,1804,25214.86,25003.30,0.00
2025-11-24,16:48:00,25209,25211.25,25204.25,25207,1802,25213.02,25003.57,0.00
2025-11-24,16:49:00,25206.5,25212,25203.5,25205.5,1517,25211.97,25003.79,0.00
2025-11-24,16:50:00,25205.5,25210.5,25197.25,25208,2594,25210.43,25004.16,0.00
2025-11-24,16:51:00,25208,25217,25182,25184.75,7006,25204.37,25005.12,0.00
2025-11-24,16:52:00,25185.5,25204,25184.5,25190.75,3450,25202.58,25005.58,0.00
2025-11-24,16:53:00,25190.5,25196.25,25181.5,25189,3006,25200.92,25005.98,0.00
2025-11-24,16:54:00,25189.25,25227,25184.5,25224.75,5313,25212.08,25006.75,0.00
2025-11-24,16:55:00,25225,25240.25,25221.5,25233.25,6593,25231.67,25007.80,0.00
2025-11-24,16:56:00,25233,25246.5,25230.75,25231.25,6330,25236.17,25008.82,0.00
2025-11-24,16:57:00,25231.5,25237.25,25218.25,25225.5,3958,25232.64,25009.43,0.00
2025-11-24,16:58:00,25225.25,25226.5,25194.75,25199,4955,25224.22,25010.11,0.00
2025-11-24,16:59:00,25199.25,25211.25,25196.75,25201.25,3645,25220.14,25010.60,0.00
2025-11-24,17:00:00,25201.5,25218,25187,25189.5,12638,25211.33,25012.24,0.00
2025-11-24,17:01:00,25190,25195.5,25178,25187,6783,25207.00,25013.06,0.00
2025-11-24,17:02:00,25188.25,25200,25186.75,25194.25,2722,25206.11,25013.40,0.00
2025-11-24,17:03:00,25194,25199.5,25187.75,25196,1731,25205.64,25013.61,0.00
2025-11-24,17:04:00,25195.25,25214,25194.25,25211.5,2070,25205.68,25013.88,0.00
2025-11-24,17:05:00,25211.25,25212,25203.5,25203.5,1280,25205.70,25014.05,0.00
2025-11-24,17:06:00,25204.25,25210,25201,25206.25,1138,25205.70,25014.20,0.00
2025-11-24,17:07:00,25206,25206.75,25199,25201.75,811,25205.65,25014.31,0.00
2025-11-24,17:08:00,25202.75,25214,25200.75,25212.75,983,25205.72,25014.44,0.00
2025-11-24,17:09:00,25213,25220.5,25212,25218.75,1478,25206.05,25014.64,0.00
2025-11-24,17:10:00,25218.5,25219.25,25210.5,25215,1071,25206.23,25014.79,0.00
2025-11-24,17:11:00,25215,25217,25206.25,25210.75,1126,25206.34,25014.94,0.00
2025-11-24,17:12:00,25211.25,25218.25,25210.25,25215.25,602,25206.44,25015.02,0.00
2025-11-24,17:13:00,25215.75,25223,25215,25219.75,793,25206.62,25015.13,0.00
2025-11-24,17:14:00,25219.75,25223,25218,25222,686,25206.80,25015.23,0.00
2025-11-24,17:15:00,25221.5,25224.75,25211.5,25213.25,1200,25207.01,25015.39,0.00
2025-11-24,17:16:00,25213,25218.75,25210.75,25217,553,25207.09,25015.47,0.00
2025-11-24,17:17:00,25217,25217,25208,25211,697,25207.15,25015.56,0.00
2025-11-24,17:18:00,25211.25,25214.5,25208,25209.5,352,25207.18,25015.61,0.00
2025-11-24,17:19:00,25209.5,25210.5,25205,25205.5,522,25207.17,25015.68,0.00
2025-11-24,17:20:00,25205,25206.5,25202,25203,588,25207.14,25015.75,0.00
2025-11-24,17:21:00,25203.75,25209.75,25201.5,25207.5,474,25207.13,25015.81,0.00
2025-11-24,17:22:00,25207.75,25210.5,25206.5,25207.25,267,25207.14,25015.85,0.00
2025-11-24,17:23:00,25207.25,25209.5,25204.5,25208.5,283,25207.14,25015.88,0.00
2025-11-24,17:24:00,25208.5,25215.25,25208.25,25212.75,677,25207.20,25015.97,0.00
2025-11-24,17:25:00,25212.5,25222,25212,25220.75,569,25207.30,25016.05,0.00
2025-11-24,17:26:00,25220.75,25226.25,25218,25225,670,25207.47,25016.15,0.00
2025-11-24,17:27:00,25225.25,25225.25,25216.25,25217.5,518,25207.57,25016.22,0.00
2025-11-24,17:28:00,25217.75,25222.75,25217,25221.25,325,25207.64,25016.26,0.00
2025-11-24,17:29:00,25220.75,25221.25,25214.25,25215.5,403,25207.70,25016.32,0.00
2025-11-24,17:30:00,25215.5,25217.5,25213.25,25215.75,418,25207.75,25016.37,0.00
2025-11-24,17:31:00,25215.5,25219.75,25215.5,25219.25,366,25207.81,25016.42,0.00
2025-11-24,17:32:00,25219,25219.75,25215,25215.75,380,25207.86,25016.47,0.00
2025-11-24,17:33:00,25215.25,25215.25,25212.25,25213.75,296,25207.89,25016.51,0.00
2025-11-24,17:34:00,25213.75,25215.75,25212.5,25214.25,242,25207.91,25016.55,0.00
2025-11-24,17:35:00,25213.75,25216.5,25209.25,25212,501,25207.95,25016.61,0.00
2025-11-24,17:36:00,25212,25213.75,25207.75,25213.75,443,25207.97,25016.67,0.00
2025-11-24,17:37:00,25214.25,25222.25,25214.25,25222,447,25208.05,25016.73,0.00
2025-11-24,17:38:00,25221.75,25228.5,25221.25,25227.25,631,25208.22,25016.82,0.00
2025-11-24,17:39:00,25227.25,25227.5,25219.25,25219.25,366,25208.30,25016.87,0.00
2025-11-24,17:40:00,25219,25226,25218.75,25224,312,25208.36,25016.92,0.00
2025-11-24,17:41:00,25224.75,25227.75,25223.75,25226.75,229,25208.42,25016.95,0.00
2025-11-24,17:42:00,25226.25,25226.5,25220,25220,287,25208.48,25016.99,0.00
2025-11-24,17:43:00,25219.75,25222,25216.75,25221.5,251,25208.52,25017.02,0.00
2025-11-24,17:44:00,25221.25,25223.5,25218.75,25222.25,208,25208.56,25017.05,0.00
2025-11-24,17:45:00,25222,25222.25,25217.75,25218,335,25208.62,25017.10,0.00
2025-11-24,17:46:00,25218,25218.25,25213.75,25214.75,378,25208.65,25017.15,0.00
2025-11-24,17:47:00,25214.5,25217.5,25214,25217.25,317,25208.69,25017.19,0.00
2025-11-24,17:48:00,25217,25218.75,25215.75,25217,191,25208.71,25017.22,0.00
2025-11-24,17:49:00,25217.5,25217.75,25214.25,25216.5,176,25208.73,25017.24,0.00
2025-11-24,17:50:00,25216.5,25222,25213.75,25220.5,330,25208.78,25017.28,0.00
2025-11-24,17:51:00,25220,25220.25,25215.75,25219.5,417,25208.84,25017.34,0.00
2025-11-24,17:52:00,25219.75,25223.25,25217.5,25221.5,461,25208.91,25017.40,0.00
2025-11-24,17:53:00,25222,25223.75,25219.75,25219.75,215,25208.95,25017.43,0.00
2025-11-24,17:54:00,25219.5,25222.25,25218.75,25219,121,25208.97,25017.45,0.00
2025-11-24,17:55:00,25218.5,25220.25,25217.75,25219.75,128,25208.99,25017.47,0.00
2025-11-24,17:56:00,25219.25,25219.75,25217,25218.75,438,25209.05,25017.53,0.00
2025-11-24,17:57:00,25218.5,25219.25,25216.75,25217.5,189,25209.07,25017.55,0.00
2025-11-24,17:58:00,25217,25218.25,25215.75,25216.75,191,25209.09,25017.58,0.00
2025-11-24,17:59:00,25216.75,25219,25215.5,25217.75,226,25209.12,25017.61,0.00
2025-11-24,18:00:00,25217.25,25218.25,25214,25215.75,504,25209.16,25017.67,0.00
2025-11-24,19:01:00,25226.5,25233,25215.5,25225.75,1380,25224.75,25224.75,0.00
2025-11-24,19:02:00,25227.25,25236,25221,25234.75,922,25230.58,25227.09,0.00
2025-11-24,19:03:00,25234.75,25235.75,25223.25,25230.5,701,25230.26,25227.73,0.00
2025-11-24,19:04:00,25230,25233,25224.25,25229.75,715,25229.87,25227.97,0.00
2025-11-24,19:05:00,25229.5,25230.5,25218.25,25220.5,475,25228.73,25227.42,0.00
2025-11-24,19:06:00,25221.5,25227,25219.5,25226.25,403,25228.17,25227.14,0.00
2025-11-24,19:07:00,25226.25,25230.25,25223.75,25225.75,340,25228.02,25227.10,0.00
2025-11-24,19:08:00,25225.75,25225.75,25218.25,25219.5,288,25227.50,25226.78,0.00
2025-11-24,19:09:00,25220.75,25222.25,25215.25,25216,480,25226.43,25217.83,0.00
2025-11-24,19:10:00,25216.25,25218.5,25209,25211.5,1028,25223.85,25213.00,0.00
2025-11-24,19:11:00,25211.75,25217.75,25208.75,25217,493,25223.06,25214.50,0.00
2025-11-24,19:12:00,25217,25217.25,25209.25,25212.25,355,25222.48,25213.84,0.00
2025-11-24,19:13:00,25213,25214.25,25209.25,25213.25,524,25221.68,25213.23,0.00
2025-11-24,19:14:00,25212.75,25218,25211.25,25216.75,241,25221.46,25213.55,0.00
2025-11-24,19:15:00,25216.75,25222.5,25214.5,25218.25,669,25221.20,25214.97,0.00
2025-11-24,19:16:00,25218.25,25218.25,25209.5,25209.75,446,25220.72,25214.57,0.00
2025-11-24,19:17:00,25209.75,25211,25204.25,25208.25,632,25219.78,25207.83,0.00
2025-11-24,19:18:00,25208.75,25213.5,25206.25,25211.75,241,25219.53,25208.57,0.00
2025-11-24,19:19:00,25212,25225.75,25210.5,25222,772,25219.52,25213.66,0.00
2025-11-24,19:20:00,25221.75,25223,25213.5,25213.5,395,25219.41,25214.24,0.00
2025-11-24,19:21:00,25214.25,25219,25214,25215.5,228,25219.34,25214.44,0.00
2025-11-24,19:22:00,25215.5,25220.25,25214.25,25219,172,25219.31,25214.68,0.00
2025-11-24,19:23:00,25218.25,25222.25,25214.5,25214.5,405,25219.23,25215.02,0.00
2025-11-24,19:24:00,25215.25,25217,25213.5,25214.25,154,25219.17,25215.01,0.00
2025-11-24,19:25:00,25215,25216,25213.5,25214.5,113,25219.13,25215.00,0.00
2025-11-24,19:26:00,25213.75,25218.25,25213.5,25216.25,209,25219.07,25215.06,0.00
2025-11-24,19:27:00,25216,25218,25214.25,25216.25,121,25219.04,25215.10,0.00
2025-11-24,19:28:00,25216.25,25218.75,25215.5,25217.5,213,25219.01,25215.23,0.00
2025-11-24,19:29:00,25218,25219,25214.5,25218,148,25218.98,25215.30,0.00
2025-11-24,19:30:00,25217,25218,25214,25215.25,111,25218.95,25215.32,0.00
2025-11-24,19:31:00,25216,25221,25214.5,25218.75,325,25218.93,25215.53,0.00
2025-11-24,19:32:00,25218.75,25219,25212.75,25214.25,306,25218.84,25215.51,0.00
2025-11-24,19:33:00,25214,25218.75,25212.75,25215.25,204,25218.79,25215.52,0.00
2025-11-24,19:34:00,25214.75,25217.25,25211.25,25216.25,196,25218.73,25215.49,0.00
2025-11-24,19:35:00,25215.5,25218.75,25215,25217,241,25218.70,25215.56,0.00
2025-11-24,19:36:00,25216.75,25220.25,25216.5,25218.25,150,25218.70,25215.64,0.00
2025-11-24,19:37:00,25218.25,25219.5,25216,25216.75,172,25218.68,25215.69,0.00
2025-11-24,19:38:00,25217.25,25221.5,25214.25,25219,239,25218.67,25215.80,0.00
2025-11-24,19:39:00,25218.5,25221,25218.5,25220.5,188,25218.69,25215.93,0.00
2025-11-24,19:40:00,25220.5,25224.25,25219.25,25223.5,333,25218.77,25216.27,0.00
2025-11-24,19:41:00,25223.5,25232,25223.5,25227,735,25219.20,25217.45,0.00
2025-11-24,19:42:00,25226.75,25229.5,25225.5,25227.5,403,25219.42,25218.00,0.00
2025-11-24,19:43:00,25227.5,25230,25223,25223.75,417,25219.58,25218.40,0.00
2025-11-24,19:44:00,25224.25,25227.5,25220.25,25225.75,268,25219.66,25218.60,0.00
2025-11-24,19:45:00,25225.5,25228,25224.75,25227.5,228,25219.76,25218.83,0.00
2025-11-24,19:46:00,25227,25228.75,25224,25228.75,158,25219.83,25218.98,0.00
2025-11-24,19:47:00,25228,25235.5,25226.25,25234.25,596,25220.25,25219.84,0.00
2025-11-24,19:48:00,25234.25,25240,25233.75,25236.25,707,25236.67,25221.05,0.00
2025-11-24,19:49:00,25236.5,25238,25232.25,25233.75,429,25235.91,25221.63,0.00
2025-11-24,19:50:00,25233.25,25234.5,25227,25230.25,391,25234.55,25221.96,0.00
2025-11-24,19:51:00,25230.75,25233.5,25229.75,25232,244,25234.16,25222.18,0.00
2025-11-24,19:52:00,25232.5,25237.5,25232.5,25233.5,382,25234.22,25222.60,0.00
2025-11-24,19:53:00,25233.25,25233.25,25228.25,25232,364,25233.78,25222.87,0.00
2025-11-24,19:54:00,25231.75,25232.75,25228.5,25228.75,196,25233.51,25222.98,0.00
2025-11-24,19:55:00,25229.25,25230.5,25226.5,25227,264,25233.02,25223.09,0.00
2025-11-24,19:56:00,25227.75,25231.25,25226.25,25226.75,256,25232.63,25223.20,0.00
2025-11-24,19:57:00,25226.5,25228.75,25224.25,25226.25,267,25232.15,25223.27,0.00
2025-11-24,19:58:00,25226.75,25227.5,25220.75,25221.5,314,25231.42,25223.27,0.00
2025-11-24,19:59:00,25221.5,25222.25,25216.75,25217.25,372,25230.29,25223.14,0.00
2025-11-24,20:00:00,25218,25218.25,25213,25213,538,25228.52,25222.81,0.00
2025-11-24,20:01:00,25213.25,25213.5,25206,25206.75,935,25225.26,25221.92,0.00
2025-11-24,20:02:00,25207.25,25209.5,25201.5,25203.25,720,25222.94,25204.75,0.00
2025-11-24,20:03:00,25203.5,25203.5,25191.5,25193.75,1109,25218.99,25196.25,0.00
2025-11-24,20:04:00,25194,25194,25186,25189.75,887,25215.91,25189.92,0.00
2025-11-24,20:05:00,25189.5,25197.5,25187.75,25193.5,686,25214.17,25191.22,0.00
2025-11-24,20:06:00,25193.75,25201.5,25191.75,25199.5,664,25213.04,25193.11,0.00
2025-11-24,20:07:00,25200,25203.5,25194.25,25195.5,787,25211.89,25194.32,0.00
2025-11-24,20:08:00,25197.25,25199.5,25190.25,25194.75,477,25211.15,25194.39,0.00
2025-11-24,20:09:00,25195.25,25196.75,25191.5,25193,354,25210.61,25194.33,0.00
2025-11-24,20:10:00,25193.5,25193.5,25186.75,25188.75,489,25209.74,25193.81,0.00
2025-11-24,20:11:00,25188.5,25191,25185.25,25186.75,712,25208.49,25187.67,0.00
2025-11-24,20:12:00,25186.75,25192.5,25184.75,25191.5,520,25207.74,25189.58,0.00
2025-11-24,20:13:00,25191.25,25198.5,25189.25,25196,711,25207.06,25192.47,0.00
2025-11-24,20:14:00,25195.75,25196.25,25187.25,25188.5,436,25206.56,25192.00,0.00
2025-11-24,20:15:00,25188.25,25191.75,25186,25190.5,477,25206.00,25191.42,0.00
2025-11-24,20:16:00,25190.25,25193.25,25186.75,25189.75,482,25205.49,25191.15,0.00
2025-11-24,20:17:00,25189.25,25193,25182,25187.5,872,25204.51,25187.50,0.00
2025-11-24,20:18:00,25187.5,25193,25183.75,25186.25,422,25204.08,25187.55,0.00
2025-11-24,20:19:00,25185.5,25186.25,25181,25183.75,416,25203.58,25183.67,0.00
2025-11-24,20:20:00,25183.25,25188.5,25181.5,25187.75,507,25203.06,25184.90,0.00
2025-11-24,20:21:00,25187.25,25195,25186.25,25190,511,25202.70,25186.87,0.00
2025-11-24,20:22:00,25191,25191.5,25185.25,25186,337,25202.42,25187.00,0.00
2025-11-24,20:23:00,25185.5,25187,25182.5,25183.25,338,25202.09,25186.56,0.00
2025-11-24,20:24:00,25184.5,25186.25,25183,25185.75,189,25201.92,25186.43,0.00
2025-11-24,20:25:00,25186.25,25190.5,25185.5,25189.5,349,25201.67,25186.71,0.00
2025-11-24,20:26:00,25189,25189.25,25183.25,25187,239,25201.49,25186.69,0.00
2025-11-24,20:27:00,25186.5,25186.5,25180.25,25181.25,481,25201.03,25182.67,0.00
2025-11-24,20:28:00,25181.25,25183.25,25179,25179.25,401,25200.62,25180.50,0.00
2025-11-24,20:29:00,25179,25184.5,25172,25184.5,1608,25199.13,25180.33,0.00
2025-11-24,20:30:00,25183.75,25183.75,25177.75,25179.5,355,25198.83,25180.33,0.00
2025-11-24,20:31:00,25180.25,25187,25179.75,25183.25,477,25198.50,25180.92,0.00
2025-11-24,20:32:00,25183,25186.25,25181,25183.5,283,25198.32,25181.20,0.00
2025-11-24,20:33:00,25183.5,25185.75,25180.25,25184.5,277,25198.14,25181.41,0.00
2025-11-24,20:34:00,25184,25192.25,25183.75,25191.25,485,25197.96,25182.48,0.00
2025-11-24,20:35:00,25191.75,25200.75,25190.5,25199.5,867,25197.92,25185.35,0.00
2025-11-24,20:36:00,25199.75,25205.25,25199.25,25203.75,711,25198.05,25187.80,0.00
2025-11-24,20:37:00,25203,25204.5,25199.75,25204,410,25198.13,25188.92,0.00
2025-11-24,20:38:00,25204.25,25205.25,25196,25198.5,460,25198.16,25189.77,0.00
2025-11-24,20:39:00,25198.75,25200.75,25197.5,25199.25,287,25198.17,25190.20,0.00
2025-11-24,20:40:00,25200.25,25200.25,25188.25,25193.25,659,25198.07,25190.56,0.00
2025-11-24,20:41:00,25193.25,25194.25,25184.75,25186,650,25197.84,25190.37,0.00
2025-11-24,20:42:00,25186.5,25190,25185.25,25186.5,351,25197.71,25190.23,0.00
2025-11-24,20:43:00,25186.5,25192,25184,25184.25,434,25197.54,25190.05,0.00
2025-11-24,20:44:00,25184.5,25185.75,25178.75,25179.25,530,25197.24,25189.52,0.00
2025-11-24,20:45:00,25179.25,25186.25,25177.75,25185.25,462,25197.02,25189.20,0.00
2025-11-24,20:46:00,25184.75,25193,25183.75,25191.5,485,25196.90,25189.21,0.00
2025-11-24,20:47:00,25191.25,25192.5,25188.25,25190.25,255,25196.85,25189.24,0.00
2025-11-24,20:48:00,25191,25195.25,25191,25191.75,348,25196.80,25189.35,0.00
2025-11-24,20:49:00,25192,25192,25184.75,25187.75,423,25196.68,25189.31,0.00
2025-11-24,20:50:00,25188.25,25192,25186.75,25190,385,25196.59,25189.32,0.00
2025-11-24,20:51:00,25189.25,25193.5,25186.25,25192.5,319,25196.53,25189.36,0.00
2025-11-24,20:52:00,25192.25,25200.25,25189.5,25199.25,661,25196.53,25189.74,0.00
2025-11-24,20:53:00,25199.25,25201,25196.25,25200.25,329,25196.56,25189.98,0.00
2025-11-24,20:54:00,25200.25,25201.75,25198.25,25200.5,227,25196.58,25190.16,0.00
2025-11-24,20:55:00,25200.25,25203.25,25200.25,25200.75,378,25196.64,25190.49,0.00
2025-11-24,20:56:00,25200.25,25210.5,25199.5,25207,783,25196.84,25191.34,0.00
2025-11-24,20:57:00,25206.75,25213,25205.25,25210.75,576,25197.06,25192.07,0.00
2025-11-24,20:58:00,25210.5,25217.25,25209.5,25214.5,745,25197.41,25193.13,0.00
2025-11-24,20:59:00,25215,25217,25212.25,25212.25,306,25197.55,25193.54,0.00
2025-11-24,21:00:00,25212.25,25213.5,25207.75,25211.25,441,25197.71,25194.02,0.00
2025-11-24,21:01:00,25210.75,25212.75,25202,25208,580,25197.87,25194.50,0.00
2025-11-24,21:02:00,25207.75,25211,25202.25,25210.5,456,25197.99,25194.86,0.00
2025-11-24,21:03:00,25210.75,25215,25208,25212,429,25198.14,25195.27,0.00
2025-11-24,21:04:00,25212,25213.5,25207.25,25210.5,236,25198.22,25195.47,0.00
2025-11-24,21:05:00,25210.5,25215.75,25207.75,25208.25,365,25198.34,25195.78,0.00
2025-11-24,21:06:00,25208.25,25214.5,25204.5,25205,335,25198.42,25196.00,0.00
2025-11-24,21:07:00,25205,25208.75,25201.5,25203.75,446,25198.49,25196.21,0.00
2025-11-24,21:08:00,25203.5,25209,25201.5,25202,292,25198.54,25196.33,0.00
2025-11-24,21:09:00,25201.5,25203.75,25196.75,25203.25,687,25198.58,25196.50,0.00
2025-11-24,21:10:00,25202.75,25207.25,25197.75,25197.75,365,25198.60,25196.58,0.00
2025-11-24,21:11:00,25197.25,25201.5,25195.75,25199.25,413,25198.61,25196.62,0.00
2025-11-24,21:12:00,25198.75,25205,25198.75,25200.5,303,25198.63,25196.69,0.00
2025-11-24,21:13:00,25200.25,25203.75,25200.25,25201.5,130,25198.64,25196.72,0.00
2025-11-24,21:14:00,25201.25,25203.25,25196,25199,268,25198.64,25196.76,0.00
2025-11-24,21:15:00,25199,25201.5,25194.75,25195.5,306,25198.63,25196.77,0.00
2025-11-24,21:16:00,25195.75,25199.5,25193.25,25195,368,25198.61,25196.75,0.00
2025-11-24,21:17:00,25195.25,25201,25193.75,25199.75,242,25198.61,25196.77,0.00
2025-11-24,21:18:00,25199.5,25199.5,25188.75,25191.75,690,25198.52,25196.66,0.00
2025-11-24,21:19:00,25191.5,25193.25,25184.5,25188.75,521,25198.41,25196.49,0.00
2025-11-24,21:20:00,25188,25196,25188,25194.25,374,25198.36,25196.43,0.00
2025-11-24,21:21:00,25194.25,25201,25193.25,25197.75,446,25198.35,25196.45,0.00
2025-11-24,21:22:00,25197.5,25200,25194,25199.25,313,25198.34,25196.46,0.00
2025-11-24,21:23:00,25198.75,25206,25196.75,25201,568,25198.38,25196.57,0.00
2025-11-24,21:24:00,25200.75,25205,25198.5,25199.5,269,25198.39,25196.62,0.00
2025-11-24,21:25:00,25199,25203.75,25196.25,25198.5,353,25198.40,25196.66,0.00
2025-11-24,21:26:00,25198.5,25206,25198.5,25203.5,336,25198.43,25196.74,0.00
2025-11-24,21:27:00,25203.75,25204.25,25198,25201,252,25198.45,25196.78,0.00
2025-11-24,21:28:00,25201.25,25205.25,25194.75,25195.75,345,25198.45,25196.80,0.00
2025-11-24,21:29:00,25195.25,25197.5,25192.75,25194,313,25198.42,25196.78,0.00
2025-11-24,21:30:00,25193.5,25197,25193,25195.25,196,25198.41,25196.76,0.00
2025-11-24,21:31:00,25195.5,25197.75,25192.75,25195,273,25198.39,25196.75,0.00
2025-11-24,21:32:00,25195,25195,25190.25,25191.75,315,25198.35,25196.70,0.00
2025-11-24,21:33:00,25191.5,25192.5,25186.25,25191.75,497,25198.27,25196.58,0.00
2025-11-24,21:34:00,25192,25200.25,25191.75,25199,537,25198.25,25196.59,0.00
2025-11-24,21:35:00,25199,25199.75,25190.75,25191,312,25198.23,25196.56,0.00
2025-11-24,21:36:00,25191.25,25195.75,25189.25,25191.5,260,25198.20,25196.52,0.00
2025-11-24,21:37:00,25192.25,25194,25188,25188.5,216,25198.16,25196.48,0.00
2025-11-24,21:38:00,25188.5,25192,25185.75,25187.75,221,25198.12,25196.42,0.00
2025-11-24,21:39:00,25187.5,25187.75,25183.5,25184,469,25198.00,25196.24,0.00
2025-11-24,21:40:00,25183.5,25186,25181.25,25182.5,376,25197.89,25196.08,0.00
2025-11-24,21:41:00,25182.5,25185,25179.75,25184,525,25197.73,25195.86,0.00
2025-11-24,21:42:00,25184,25186.75,25181,25182.75,390,25197.63,25195.71,0.00
2025-11-24,21:43:00,25182.75,25186,25180.75,25185.5,271,25197.56,25195.61,0.00
2025-11-24,21:44:00,25185.25,25187.5,25181.5,25183.25,307,25197.48,25195.50,0.00
2025-11-24,21:45:00,25183.5,25187,25182.5,25184,304,25197.40,25195.40,0.00
2025-11-24,21:46:00,25183.25,25186.5,25182.25,25183.75,203,25197.35,25195.33,0.00
2025-11-24,21:47:00,25184,25186.25,25177.75,25180.25,494,25197.20,25195.12,0.00
2025-11-24,21:48:00,25179.75,25181.25,25175.25,25176.25,513,25197.02,25194.85,0.00
2025-11-24,21:49:00,25176,25180.25,25175.5,25175.5,400,25196.87,25194.64,0.00
2025-11-24,21:50:00,25175.25,25178.5,25174,25178.25,530,25196.68,25194.37,0.00
2025-11-24,21:51:00,25178.25,25180.75,25175.75,25178.25,334,25196.57,25194.22,0.00
2025-11-24,21:52:00,25179,25181.25,25176.5,25178.5,261,25196.48,25194.10,0.00
2025-11-24,21:53:00,25178,25179.5,25176.5,25179.25,137,25196.44,25194.04,0.00
2025-11-24,21:54:00,25178.5,25182.25,25178,25182.25,228,25196.37,25193.96,0.00
2025-11-24,21:55:00,25181.75,25181.75,25176.5,25177.75,184,25196.32,25193.88,0.00
2025-11-24,21:56:00,25178,25178,25175,25177.5,249,25196.23,25193.76,0.00
2025-11-24,21:57:00,25178.25,25181,25176.75,25179.5,219,25196.16,25193.67,0.00
2025-11-24,21:58:00,25179.5,25179.75,25176.25,25176.5,222,25196.09,25193.57,0.00
2025-11-24,21:59:00,25176.25,25176.75,25173.75,25174.5,386,25195.95,25193.38,0.00
2025-11-24,22:00:00,25173.75,25176.75,25172.75,25176.5,344,25195.82,25193.21,0.00
2025-11-24,22:01:00,25176.5,25178.75,25174,25175.5,306,25195.72,25193.07,0.00
2025-11-24,22:02:00,25175.25,25184.75,25174,25184,570,25195.57,25192.89,0.00
2025-11-24,22:03:00,25185,25190.5,25183,25189,784,25195.47,25192.78,0.00
2025-11-24,22:04:00,25188.25,25191.75,25186.25,25189.5,401,25195.42,25192.74,0.00
2025-11-24,22:05:00,25189.75,25196.25,25189.75,25192.25,444,25195.40,25192.74,0.00
2025-11-24,22:06:00,25192.25,25192.75,25182,25182,529,25195.32,25192.65,0.00
2025-11-24,22:07:00,25182.25,25183.75,25178.75,25179.25,283,25195.25,25192.56,0.00
2025-11-24,22:08:00,25179.25,25182.75,25176.5,25177.75,302,25195.17,25192.46,0.00
2025-11-24,22:09:00,25177.75,25180.75,25177,25177,181,25195.12,25192.40,0.00
2025-11-24,22:10:00,25177.75,25181.75,25176.5,25181,254,25195.06,25192.32,0.00
2025-11-24,22:11:00,25181,25190,25181,25189,485,25194.99,25192.26,0.00
2025-11-24,22:12:00,25189,25191.25,25185,25186.5,356,25194.95,25192.22,0.00
2025-11-24,22:13:00,25186.75,25188.25,25184,25186,213,25194.92,25192.19,0.00
2025-11-24,22:14:00,25185.75,25190.25,25184.25,25189,371,25194.88,25192.15,0.00
2025-11-24,22:15:00,25189,25192.5,25188.25,25188.75,297,25194.85,25192.13,0.00
2025-11-24,22:16:00,25188.75,25201.75,25188.75,25198.25,708,25194.87,25192.20,0.00
2025-11-24,22:17:00,25198,25209,25196.75,25205.5,721,25194.97,25192.39,0.00
2025-11-24,22:18:00,25205.5,25208,25203.25,25207,334,25195.02,25192.49,0.00
2025-11-24,22:19:00,25206.25,25208.75,25202,25204.5,488,25195.10,25192.62,0.00
2025-11-24,22:20:00,25205,25205.5,25198.75,25200.25,236,25195.12,25192.67,0.00
2025-11-24,22:21:00,25200.5,25205.25,25199.75,25201,348,25195.16,25192.74,0.00
2025-11-24,22:22:00,25202,25203.25,25197,25202,293,25195.18,25192.79,0.00
2025-11-24,22:23:00,25202.75,25204.75,25201.5,25202.5,216,25195.21,25192.84,0.00
2025-11-24,22:24:00,25202.75,25204,25201.25,25203.25,121,25195.22,25192.87,0.00
2025-11-24,22:25:00,25203,25203.75,25197,25198.25,353,25195.25,25192.92,0.00
2025-11-24,22:26:00,25198.5,25199.5,25189.75,25191.25,502,25195.23,25192.92,0.00
2025-11-24,22:27:00,25191,25192.25,25181.25,25183,637,25195.14,25192.83,0.00
2025-11-24,22:28:00,25183.5,25189.25,25181.5,25188,382,25195.09,25192.77,0.00
2025-11-24,22:29:00,25187.5,25192.25,25186,25189,220,25195.07,25192.76,0.00
2025-11-24,22:30:00,25189.25,25189.75,25185.75,25187.25,147,25195.06,25192.74,0.00
2025-11-24,22:31:00,25186,25189.25,25183.75,25184.75,339,25195.01,25192.69,0.00
2025-11-24,22:32:00,25184.5,25186.5,25182.25,25185.25,198,25194.98,25192.66,0.00
2025-11-24,22:33:00,25184.75,25187,25182.25,25182.5,248,25194.94,25192.62,0.00
2025-11-24,22:34:00,25182.25,25187.75,25181.75,25185.25,225,25194.91,25192.58,0.00
2025-11-24,22:35:00,25184.5,25189,25183.25,25183.75,198,25194.88,25192.55,0.00
2025-11-24,22:36:00,25184.25,25186.5,25183.25,25185.75,189,25194.86,25192.53,0.00
2025-11-24,22:37:00,25185.75,25191,25184.25,25187.75,369,25194.82,25192.49,0.00
2025-11-24,22:38:00,25187.5,25189.5,25185.75,25187.5,138,25194.81,25192.48,0.00
2025-11-24,22:39:00,25187.5,25193,25187,25191.5,294,25194.79,25192.47,0.00
2025-11-24,22:40:00,25191.5,25196.75,25189.75,25196.25,316,25194.79,25192.48,0.00
2025-11-24,22:41:00,25196,25198.25,25195.75,25196.5,292,25194.79,25192.50,0.00
2025-11-24,22:42:00,25197,25197.25,25193.75,25195,275,25194.80,25192.52,0.00
2025-11-24,22:43:00,25195,25199.75,25194,25199,285,25194.81,25192.54,0.00
2025-11-24,22:44:00,25199,25201,25198.25,25200.25,239,25194.82,25192.58,0.00
2025-11-24,22:45:00,25201,25205.25,25200.25,25200.75,637,25194.89,25192.69,0.00
2025-11-24,22:46:00,25200.75,25201.75,25196.25,25199.25,490,25194.91,25192.75,0.00
2025-11-24,22:47:00,25199.75,25202.25,25192.25,25194.25,374,25194.92,25192.77,0.00
2025-11-24,22:48:00,25194,25200.25,25193.5,25193.5,391,25194.93,25192.80,0.00
2025-11-24,22:49:00,25193.25,25195,25189.5,25191.25,343,25194.91,25192.79,0.00
2025-11-24,22:50:00,25191,25195.25,25190.5,25192.25,289,25194.90,25192.79,0.00
2025-11-24,22:51:00,25192,25194.25,25189.25,25190.75,505,25194.88,25192.78,0.00
2025-11-24,22:52:00,25190.75,25190.75,25186.5,25190,285,25194.86,25192.76,0.00
2025-11-24,22:53:00,25190.25,25195.75,25189.25,25193.5,258,25194.85,25192.76,0.00
2025-11-24,22:54:00,25193.5,25197,25187,25190,377,25194.83,25192.75,0.00
2025-11-24,22:55:00,25190,25194.5,25190,25194.5,122,25194.83,25192.75,0.00
2025-11-24,22:56:00,25194.25,25199.25,25194.25,25197.75,214,25194.84,25192.77,0.00
2025-11-24,22:57:00,25198.25,25200,25195.75,25197.25,233,25194.85,25192.79,0.00
2025-11-24,22:58:00,25197.25,25201,25196.5,25199.75,206,25194.86,25192.81,0.00
2025-11-24,22:59:00,25199.5,25200,25195.75,25199,258,25194.87,25192.83,0.00
2025-11-24,23:00:00,25199,25202.75,25198.25,25200,372,25194.89,25192.88,0.00
2025-11-24,23:01:00,25200.5,25200.75,25196.25,25198.25,236,25194.91,25192.90,0.00
2025-11-24,23:02:00,25198.25,25201.5,25196.25,25199.75,216,25194.92,25192.93,0.00
2025-11-24,23:03:00,25200.5,25206.25,25198.5,25204,487,25194.97,25193.01,0.00
2025-11-24,23:04:00,25203.75,25205.75,25197.75,25201,344,25194.99,25193.06,0.00
2025-11-24,23:05:00,25199.75,25201.75,25197.25,25198.5,278,25195.01,25193.09,0.00
2025-11-24,23:06:00,25198.5,25204,25193.5,25203.5,376,25195.03,25193.14,0.00
2025-11-24,23:07:00,25203.75,25206,25201.5,25203.5,231,25195.06,25193.18,0.00
2025-11-24,23:08:00,25203.5,25205.5,25201,25201.75,195,25195.08,25193.21,0.00
2025-11-24,23:09:00,25201.5,25202.25,25197.25,25199.25,153,25195.09,25193.22,0.00
2025-11-24,23:10:00,25199.5,25201.75,25198,25201,139,25195.10,25193.24,0.00
2025-11-24,23:11:00,25201.5,25205,25201.25,25205,202,25195.12,25193.27,0.00
2025-11-24,23:12:00,25205,25205.75,25201.75,25204,153,25195.13,25193.30,0.00
2025-11-24,23:13:00,25204,25205.5,25200,25203,196,25195.15,25193.33,0.00
2025-11-24,23:14:00,25203.25,25208.25,25202.75,25207.75,426,25195.21,25193.42,0.00
2025-11-24,23:15:00,25207.75,25210,25204.25,25204.25,353,25195.26,25193.49,0.00
2025-11-24,23:16:00,25204.5,25207.25,25203.5,25205,178,25195.28,25193.53,0.00
2025-11-24,23:17:00,25205.75,25207,25201.5,25206,251,25195.31,25193.57,0.00
2025-11-24,23:18:00,25206.5,25210.5,25206.5,25210.25,240,25195.35,25193.63,0.00
2025-11-24,23:19:00,25210,25212.25,25208.5,25209,431,25195.42,25193.75,0.00
2025-11-24,23:20:00,25209,25210.75,25207.5,25209,268,25195.47,25193.81,0.00
2025-11-24,23:21:00,25209,25211.5,25206,25209.5,268,25195.51,25193.88,0.00
2025-11-24,23:22:00,25209.5,25211.25,25208,25208.25,130,25195.53,25193.91,0.00
2025-11-24,23:23:00,25208.25,25209.75,25206.25,25209.5,186,25195.56,25193.95,0.00
2025-11-24,23:24:00,25208.5,25211,25208.25,25211,163,25195.59,25193.99,0.00
2025-11-24,23:25:00,25210.75,25211.5,25206.75,25209,233,25195.63,25194.05,0.00
2025-11-24,23:26:00,25209,25209.25,25200,25200.75,493,25195.67,25194.12,0.00
2025-11-24,23:27:00,25200.75,25202,25198,25201.5,349,25195.69,25194.15,0.00
2025-11-24,23:28:00,25201.5,25206.75,25200.5,25200.75,370,25195.72,25194.20,0.00
2025-11-24,23:29:00,25200.75,25204,25200.5,25202.25,166,25195.74,25194.22,0.00
2025-11-24,23:30:00,25202,25204.5,25201.5,25202,148,25195.75,25194.24,0.00
2025-11-24,23:31:00,25202,25204.5,25196.5,25199.75,452,25195.77,25194.28,0.00
2025-11-24,23:32:00,25199,25199,25193.25,25193.75,414,25195.77,25194.29,0.00
2025-11-24,23:33:00,25193.75,25194.25,25187.5,25188.25,710,25195.72,25194.24,0.00
2025-11-24,23:34:00,25188,25188,25180.5,25183,724,25195.62,25194.13,0.00
2025-11-24,23:35:00,25182.75,25186.75,25180.25,25183,459,25195.56,25194.06,0.00
2025-11-24,23:36:00,25183,25193,25180.25,25189.75,982,25195.47,25193.97,0.00
2025-11-24,23:37:00,25189,25191.5,25185.75,25189.75,398,25195.44,25193.94,0.00
2025-11-24,23:38:00,25189.75,25190,25183.5,25186.5,268,25195.42,25193.91,0.00
2025-11-24,23:39:00,25186.5,25189.5,25184,25187.5,217,25195.40,25193.89,0.00
2025-11-24,23:40:00,25187,25190.75,25185,25185.75,173,25195.38,25193.87,0.00
2025-11-24,23:41:00,25185.25,25185.5,25177.25,25183,556,25195.30,25193.78,0.00
2025-11-24,23:42:00,25183.75,25187.5,25178.25,25179,528,25195.22,25193.69,0.00
2025-11-24,23:43:00,25179,25187.25,25176.5,25186.75,490,25195.16,25193.62,0.00
2025-11-24,23:44:00,25186.5,25191,25184.75,25188.5,361,25195.13,25193.59,0.00
2025-11-24,23:45:00,25188,25189.25,25186,25187.25,208,25195.11,25193.57,0.00
2025-11-24,23:46:00,25187.5,25188.5,25178.25,25184.5,345,25195.07,25193.53,0.00
2025-11-24,23:47:00,25184.5,25184.75,25179.5,25180.5,315,25195.03,25193.48,0.00
2025-11-24,23:48:00,25179.75,25182.5,25175.5,25175.75,417,25194.95,25193.39,0.00
2025-11-24,23:49:00,25175.5,25179.25,25174.25,25175.75,430,25194.87,25193.29,0.00
2025-11-24,23:50:00,25175.5,25181,25174.5,25178.5,398,25194.79,25193.21,0.00
2025-11-24,23:51:00,25178.75,25181.5,25176,25179.25,291,25194.75,25193.15,0.00
2025-11-24,23:52:00,25178.75,25178.75,25169.25,25172,966,25194.53,25173.33,0.00
2025-11-24,23:53:00,25172,25175.5,25168.75,25173.5,438,25194.43,25172.58,0.00
2025-11-24,23:54:00,25174,25175,25170.75,25172.5,220,25194.38,25172.64,0.00
2025-11-24,23:55:00,25172.25,25181.25,25171,25179.5,465,25194.30,25174.55,0.00
2025-11-24,23:56:00,25179.75,25183.5,25175.5,25176,369,25194.24,25175.48,0.00
2025-11-24,23:57:00,25176,25177.75,25170.75,25170.75,277,25194.18,25175.11,0.00
2025-11-24,23:58:00,25171.25,25172.25,25168.25,25171.75,355,25194.09,25170.75,0.00
2025-11-24,23:59:00,25172.5,25174,25170.75,25172.5,156,25194.06,25171.26,0.00
2025-11-24,00:00:00,24740.75,24741.5,24736.25,24737.5,182,24723.61,24721.64,0.00
2025-11-24,00:01:00,24737.25,24737.25,24731,24735.75,533,24723.64,24721.70,0.00
2025-11-24,00:02:00,24736,24741,24727.75,24732.75,737,24723.68,24721.77,0.00
2025-11-24,00:03:00,24733,24734,24727.5,24730.75,377,24723.70,24721.80,0.00
2025-11-24,00:04:00,24730.75,24735.25,24730,24734,257,24723.71,24721.83,0.00
2025-11-24,00:05:00,24734.25,24744.25,24734.25,24743,664,24723.77,24721.93,0.00
2025-11-24,00:06:00,24742.5,24745,24736.75,24737.5,316,24723.80,24721.97,0.00
2025-11-24,00:07:00,24738,24742.25,24734.5,24739.75,297,24723.82,24722.01,0.00
2025-11-24,00:08:00,24739.25,24741.75,24736.75,24736.75,152,24723.84,24722.03,0.00
2025-11-24,00:09:00,24737,24742.75,24736.25,24739,251,24723.86,24722.07,0.00
2025-11-24,00:10:00,24738.5,24744.5,24737.25,24743.5,268,24723.88,24722.11,0.00
2025-11-24,00:11:00,24742.75,24744.25,24736.5,24737.75,513,24723.93,24722.18,0.00
2025-11-24,00:12:00,24737.75,24738.25,24723.25,24724.25,1118,24723.95,24722.24,0.00
2025-11-24,00:13:00,24724.5,24724.75,24708,24710.75,1635,24723.87,24722.14,0.00
2025-11-24,00:14:00,24710.5,24712,24699,24706.25,1172,24723.76,24721.99,0.00
2025-11-24,00:15:00,24705.75,24710.5,24701.25,24706.75,694,24723.69,24721.91,0.00
2025-11-24,00:16:00,24706.75,24706.75,24691.75,24701.75,1216,24723.54,24721.70,0.00
2025-11-24,00:17:00,24701.25,24709.75,24696.25,24707.25,803,24723.46,24721.60,0.00
2025-11-24,00:18:00,24707.25,24710.25,24693,24695.25,870,24723.35,24721.45,0.00
2025-11-24,00:19:00,24695.25,24700.25,24694.5,24697.25,446,24723.29,24721.37,0.00
2025-11-24,00:20:00,24697.75,24699,24692.75,24694.75,517,24723.22,24721.27,0.00
2025-11-24,00:21:00,24694.5,24707,24694.5,24704,755,24723.13,24721.16,0.00
2025-11-24,00:22:00,24703.5,24705.25,24698.25,24699.75,401,24723.09,24721.10,0.00
2025-11-24,00:23:00,24699.5,24704,24693.5,24703.25,425,24723.04,24721.04,0.00
2025-11-24,00:24:00,24702.75,24703.5,24696.25,24698,461,24722.98,24720.96,0.00
2025-11-24,00:25:00,24698.5,24698.5,24689.25,24693.5,637,24722.89,24720.83,0.00
2025-11-24,00:26:00,24693.75,24701.25,24692.25,24695,527,24722.81,24720.74,0.00
2025-11-24,00:27:00,24694.5,24700.75,24684.75,24690.5,936,24722.67,24720.54,0.00
2025-11-24,00:28:00,24690.5,24700.5,24687.75,24700.5,621,24722.58,24720.43,0.00
2025-11-24,00:29:00,24699.5,24705.5,24694.75,24703.25,853,24722.49,24720.32,0.00
2025-11-24,00:30:00,24703,24704.5,24699.5,24703.25,308,24722.46,24720.28,0.00
2025-11-24,00:31:00,24703.25,24713,24702.75,24707.5,833,24722.40,24720.20,0.00
2025-11-24,00:32:00,24707.75,24714.25,24705.75,24713,520,24722.37,24720.17,0.00
2025-11-24,00:33:00,24713,24716.25,24708.75,24713.25,630,24722.34,24720.13,0.00
2025-11-24,00:34:00,24713,24717.5,24710.75,24714.5,296,24722.33,24720.12,0.00
2025-11-24,00:35:00,24714,24714,24705.25,24705.5,618,24722.28,24720.07,0.00
2025-11-24,00:36:00,24704.75,24705.25,24695.5,24702.5,671,24722.21,24719.98,0.00
2025-11-24,00:37:00,24701.75,24708,24700.75,24702.25,411,24722.18,24719.93,0.00
2025-11-24,00:38:00,24701.25,24710,24701.25,24707.5,237,24722.16,24719.91,0.00
2025-11-24,00:39:00,24706.5,24721,24705.75,24717.75,938,24722.12,24719.88,0.00
2025-11-24,00:40:00,24717.25,24722.5,24716.25,24719.75,510,24722.12,24719.88,0.00
2025-11-24,00:41:00,24720.25,24722.5,24716,24717.5,291,24722.11,24719.88,0.00
2025-11-24,00:42:00,24717,24718.25,24713.75,24714.75,285,24722.10,24719.87,0.00
2025-11-24,00:43:00,24716,24724.5,24715.25,24721.75,442,24722.10,24719.87,0.00
2025-11-24,00:44:00,24721.5,24721.5,24711.25,24715.5,480,24722.09,24719.86,0.00
2025-11-24,00:45:00,24715.75,24717.75,24714.25,24716.75,197,24722.08,24719.85,0.00
2025-11-24,00:46:00,24717,24721.25,24716.75,24719.5,375,24722.08,24719.85,0.00
2025-11-24,00:47:00,24719.75,24726,24713.5,24716.5,664,24722.06,24719.84,0.00
2025-11-24,00:48:00,24716.25,24716.5,24701.75,24701.75,853,24722.00,24719.77,0.00
2025-11-24,00:49:00,24701.5,24706.5,24698,24701.75,536,24721.95,24719.71,0.00
2025-11-24,00:50:00,24701,24708.75,24701,24706.25,400,24721.92,24719.67,0.00
2025-11-24,00:51:00,24705.75,24711.75,24704.25,24710,308,24721.90,24719.64,0.00
2025-11-24,00:52:00,24709,24716,24706,24715.5,311,24721.88,24719.63,0.00
2025-11-24,00:53:00,24716,24722.25,24710,24720.25,581,24721.87,24719.62,0.00
2025-11-24,00:54:00,24720.75,24723.5,24718.25,24719.75,394,24721.87,24719.62,0.00
2025-11-24,00:55:00,24719.25,24720.5,24715.25,24717,284,24721.86,24719.62,0.00
2025-11-24,00:56:00,24718.25,24729.25,24718.25,24726.5,797,24721.87,24719.65,0.00
2025-11-24,00:57:00,24726.75,24728.5,24710,24715.5,754,24721.86,24719.64,0.00
2025-11-24,00:58:00,24715.25,24715.75,24707,24707,490,24721.83,24719.61,0.00
2025-11-24,00:59:00,24707,24711.5,24704,24707.5,476,24721.80,24719.57,0.00
2025-11-24,01:00:00,24706,24710,24704.75,24705.75,302,24721.78,24719.55,0.00
2025-11-24,01:01:00,24705.25,24711.25,24702.5,24706.75,629,24721.74,24719.49,0.00
2025-11-24,01:02:00,24707.5,24708.25,24698.75,24699.75,491,24721.69,24719.44,0.00
2025-11-24,01:03:00,24700,24714.75,24700,24713.5,541,24721.66,24719.40,0.00
2025-11-24,01:04:00,24713.25,24716.5,24702,24704.25,424,24721.63,24719.37,0.00
2025-11-24,01:05:00,24705.75,24711.75,24703.75,24709.25,382,24721.61,24719.34,0.00
2025-11-24,01:06:00,24709,24713.75,24707.75,24709.5,279,24721.59,24719.33,0.00
2025-11-24,01:07:00,24709.5,24724.5,24709.25,24721.75,602,24721.59,24719.33,0.00
2025-11-24,01:08:00,24721.25,24732.25,24721.25,24731.25,721,24721.61,24719.37,0.00
2025-11-24,01:09:00,24732,24735.25,24730.25,24734.75,587,24721.64,24719.42,0.00
2025-11-24,01:10:00,24734.5,24738.5,24733.25,24736,453,24721.67,24719.47,0.00
2025-11-24,01:11:00,24736.75,24742.25,24735.25,24741.5,538,24721.71,24719.53,0.00
2025-11-24,01:12:00,24742.25,24750.25,24741.5,24749,1006,24721.83,24719.70,0.00
2025-11-24,01:13:00,24748.5,24754,24746.75,24751.5,745,24721.93,24719.85,0.00
2025-11-24,01:14:00,24752.25,24758,24749.75,24755.5,720,24722.03,24720.00,0.00
2025-11-24,01:15:00,24755.25,24758.75,24750,24753.75,788,24722.15,24720.17,0.00
2025-11-24,01:16:00,24754.25,24762.25,24753.75,24755,648,24722.25,24720.31,0.00
2025-11-24,01:17:00,24754.25,24761,24753.75,24755.25,344,24722.30,24720.39,0.00
2025-11-24,01:18:00,24755,24757.25,24750.5,24751,378,24722.35,24720.46,0.00
2025-11-24,01:19:00,24750.75,24755,24749.5,24752.5,316,24722.40,24720.52,0.00
2025-11-24,01:20:00,24752,24755.75,24750.25,24752,212,24722.42,24720.57,0.00
2025-11-24,01:21:00,24752.5,24756.5,24751.75,24755.75,322,24722.47,24720.63,0.00
2025-11-24,01:22:00,24755.75,24760.75,24751.75,24753.75,503,24722.54,24720.74,0.00
2025-11-24,01:23:00,24753.5,24759.5,24753,24756.75,260,24722.58,24720.79,0.00
2025-11-24,01:24:00,24757,24759.75,24754.25,24758.5,219,24722.62,24720.84,0.00
2025-11-24,01:25:00,24757.5,24760.5,24754.75,24757.5,259,24722.66,24720.90,0.00
2025-11-24,01:26:00,24757.25,24763.75,24756,24760.5,515,24722.74,24721.02,0.00
2025-11-24,01:27:00,24760.25,24763,24758,24760,387,24722.81,24721.11,0.00
2025-11-24,01:28:00,24760.75,24765,24759.75,24763.5,278,24722.86,24721.18,0.00
2025-11-24,01:29:00,24762.75,24763.75,24757.5,24758.25,319,24722.91,24721.25,0.00
2025-11-24,01:30:00,24758,24761.25,24756.5,24757.25,280,24722.95,24721.31,0.00
2025-11-24,01:31:00,24757.5,24759.25,24749.5,24752.25,731,24723.05,24721.45,0.00
2025-11-24,01:32:00,24751.5,24754.75,24738,24738.5,1032,24723.14,24721.59,0.00
2025-11-24,01:33:00,24738.5,24739,24733.25,24736.75,839,24723.19,24721.66,0.00
2025-11-24,01:34:00,24738.25,24746.25,24736.5,24740.5,446,24723.23,24721.71,0.00
2025-11-24,01:35:00,24741.25,24743.5,24737,24737.5,246,24723.24,24721.74,0.00
2025-11-24,01:36:00,24736.75,24737.5,24732,24736.5,425,24723.26,24721.77,0.00
2025-11-24,01:37:00,24737,24741.5,24734.5,24735.75,305,24723.28,24721.80,0.00
2025-11-24,01:38:00,24735.75,24739.25,24732.25,24736.25,336,24723.30,24721.83,0.00
2025-11-24,01:39:00,24736,24739,24735.75,24737.5,205,24723.31,24721.84,0.00
2025-11-24,01:40:00,24737.75,24741,24737.75,24739.5,252,24723.33,24721.87,0.00
2025-11-24,01:41:00,24739.25,24745,24738,24744,419,24723.37,24721.92,0.00
2025-11-24,01:42:00,24743.75,24751.75,24743,24747.75,513,24723.42,24721.99,0.00
2025-11-24,01:43:00,24747.75,24748.75,24740.75,24747.25,257,24723.44,24722.03,0.00
2025-11-24,01:44:00,24748,24755,24747.5,24748,485,24723.50,24722.11,0.00
2025-11-24,01:45:00,24748,24749.75,24745.5,24747.25,195,24723.52,24722.14,0.00
2025-11-24,01:46:00,24747.25,24752,24744.5,24747.75,307,24723.55,24722.18,0.00
2025-11-24,01:47:00,24747.5,24753,24746,24751,198,24723.57,24722.21,0.00
2025-11-24,01:48:00,24751.5,24754.5,24745,24746.25,325,24723.61,24722.26,0.00
2025-11-24,01:49:00,24746.5,24749.75,24745,24749.25,145,24723.62,24722.28,0.00
2025-11-24,01:50:00,24749,24750.5,24744,24746.5,329,24723.66,24722.33,0.00
2025-11-24,01:51:00,24746.25,24747,24739.25,24742.25,411,24723.69,24722.38,0.00
2025-11-24,01:52:00,24742.25,24749.25,24742.25,24749,275,24723.72,24722.41,0.00
2025-11-24,01:53:00,24748.75,24753,24748.75,24751.25,278,24723.75,24722.46,0.00
2025-11-24,01:54:00,24750.75,24750.75,24743.75,24745.75,219,24723.77,24722.49,0.00
2025-11-24,01:55:00,24744.75,24748.75,24742.25,24743.25,180,24723.79,24722.51,0.00
2025-11-24,01:56:00,24742.75,24752.25,24742.75,24751.75,240,24723.81,24722.55,0.00
2025-11-24,01:57:00,24751.5,24752.5,24749,24750.75,165,24723.83,24722.57,0.00
2025-11-24,01:58:00,24751.5,24753.75,24750.5,24751,184,24723.85,24722.60,0.00
2025-11-24,01:59:00,24752.25,24753.5,24750.25,24752,180,24723.87,24722.63,0.00
2025-11-24,02:00:00,24751,24752.75,24747.5,24747.5,197,24723.89,24722.66,0.00
2025-11-24,02:01:00,24749.25,24753.25,24748.75,24748.75,431,24723.94,24722.73,0.00
2025-11-24,02:02:00,24748.25,24754,24747.5,24750.25,419,24723.99,24722.79,0.00
2025-11-24,02:03:00,24750.25,24754.75,24747.5,24752.25,520,24724.05,24722.88,0.00
2025-11-24,02:04:00,24751.5,24754,24749.75,24749.75,178,24724.07,24722.90,0.00
2025-11-24,02:05:00,24750.5,24751.75,24735.75,24740.5,882,24724.14,24723.00,0.00
2025-11-24,02:06:00,24741.25,24743.25,24736,24737.5,363,24724.16,24723.03,0.00
2025-11-24,02:07:00,24737.5,24741.75,24735.75,24739,287,24724.18,24723.06,0.00
2025-11-24,02:08:00,24739.25,24744.75,24738.75,24739.25,186,24724.19,24723.08,0.00
2025-11-24,02:09:00,24739,24741,24734,24739,323,24724.21,24723.10,0.00
2025-11-24,02:10:00,24738.5,24741.75,24737.25,24740.25,147,24724.22,24723.12,0.00
2025-11-24,02:11:00,24740.75,24742.25,24739,24740.75,144,24724.23,24723.13,0.00
2025-11-24,02:12:00,24740.25,24741.75,24733.5,24737.75,393,24724.25,24723.16,0.00
2025-11-24,02:13:00,24738.25,24740.5,24732.25,24740.5,326,24724.27,24723.19,0.00
2025-11-24,02:14:00,24740.5,24742.25,24734,24737.75,246,24724.28,24723.21,0.00
2025-11-24,02:15:00,24737.5,24737.5,24728.5,24730.5,447,24724.30,24723.23,0.00
2025-11-24,02:16:00,24730.25,24735.75,24729.25,24734.25,291,24724.31,24723.24,0.00
2025-11-24,02:17:00,24734.5,24734.75,24730.5,24731.5,206,24724.31,24723.25,0.00
2025-11-24,02:18:00,24731.5,24738.75,24730.25,24737.25,229,24724.32,24723.27,0.00
2025-11-24,02:19:00,24738,24743,24736,24739.75,352,24724.35,24723.30,0.00
2025-11-24,02:20:00,24739.75,24749,24739.75,24745,584,24724.39,24723.37,0.00
2025-11-24,02:21:00,24745,24746.75,24738.75,24746,378,24724.42,24723.41,0.00
2025-11-24,02:22:00,24746.25,24747.5,24738.25,24740.25,313,24724.45,24723.44,0.00
2025-11-24,02:23:00,24739.5,24743.25,24739,24740.25,147,24724.46,24723.45,0.00
2025-11-24,02:24:00,24739.5,24740.5,24732.5,24738.25,424,24724.48,24723.48,0.00
2025-11-24,02:25:00,24738.75,24740.5,24736,24737.25,211,24724.49,24723.50,0.00
2025-11-24,02:26:00,24737.5,24740,24736.75,24739,158,24724.50,24723.51,0.00
2025-11-24,02:27:00,24739,24739.5,24730.75,24732.25,294,24724.51,24723.53,0.00
2025-11-24,02:28:00,24732,24734.5,24728.25,24734.25,345,24724.52,24723.55,0.00
2025-11-24,02:29:00,24734,24740,24734,24736,386,24724.54,24723.57,0.00
2025-11-24,02:30:00,24736.25,24737,24733,24734.25,221,24724.55,24723.59,0.00
2025-11-24,02:31:00,24734,24738.5,24730,24737.25,434,24724.57,24723.61,0.00
2025-11-24,02:32:00,24737.75,24739.25,24732.25,24735.25,269,24724.58,24723.63,0.00
2025-11-24,02:33:00,24736.25,24736.75,24730.75,24732.75,158,24724.58,24723.64,0.00
2025-11-24,02:34:00,24733.75,24739,24733.5,24735.5,282,24724.60,24723.66,0.00
2025-11-24,02:35:00,24735.25,24736.5,24730.75,24734,177,24724.60,24723.67,0.00
2025-11-24,02:36:00,24733.75,24740.25,24730,24738.75,559,24724.63,24723.70,0.00
2025-11-24,02:37:00,24738.75,24739,24734,24736,178,24724.64,24723.72,0.00
2025-11-24,02:38:00,24737.25,24740.25,24734.75,24739.25,202,24724.65,24723.73,0.00
2025-11-24,02:39:00,24739.25,24743.5,24739,24741,407,24724.68,24723.77,0.00
2025-11-24,02:40:00,24740.5,24741,24734.25,24735,197,24724.69,24723.78,0.00
2025-11-24,02:41:00,24735,24743,24735,24742.25,222,24724.70,24723.80,0.00
2025-11-24,02:42:00,24742,24742.5,24735,24737.25,195,24724.71,24723.81,0.00
2025-11-24,02:43:00,24736.75,24737.25,24725.5,24725.5,504,24724.72,24723.83,0.00
2025-11-24,02:44:00,24725.5,24725.75,24720.25,24723.75,723,24724.72,24723.83,0.00
2025-11-24,02:45:00,24724.75,24727.5,24721.25,24724.25,268,24724.72,24723.83,0.00
2025-11-24,02:46:00,24724.25,24726.25,24721.5,24724.25,204,24724.71,24723.83,0.00
2025-11-24,02:47:00,24724.5,24728.5,24720.5,24721,381,24724.71,24723.83,0.00
2025-11-24,02:48:00,24721.25,24723.5,24710.75,24720,870,24724.69,24723.80,0.00
2025-11-24,02:49:00,24720,24728,24719,24725.5,313,24724.69,24723.80,0.00
2025-11-24,02:50:00,24724.75,24726.25,24724,24725.75,118,24724.69,24723.80,0.00
2025-11-24,02:51:00,24725.25,24730,24723.25,24725.5,307,24724.69,24723.81,0.00
2025-11-24,02:52:00,24726.25,24729,24724.75,24725.5,127,24724.69,24723.81,0.00
2025-11-24,02:53:00,24724.5,24727.25,24723.75,24726.5,168,24724.69,24723.81,0.00
2025-11-24,02:54:00,24726,24727.75,24720.5,24725.25,271,24724.69,24723.81,0.00
2025-11-24,02:55:00,24725.25,24730.75,24724.75,24730,207,24724.70,24723.82,0.00
2025-11-24,02:56:00,24730,24730.5,24723.25,24723.25,178,24724.70,24723.82,0.00
2025-11-24,02:57:00,24723.75,24727.5,24723.5,24725.5,200,24724.70,24723.82,0.00
2025-11-24,02:58:00,24725.75,24728.75,24725,24727.75,151,24724.70,24723.82,0.00
2025-11-24,02:59:00,24727.5,24728.5,24724,24726.25,157,24724.70,24723.82,0.00
2025-11-24,03:00:00,24726.25,24733.25,24726.25,24729.5,423,24724.71,24723.84,0.00
2025-11-24,03:01:00,24729,24731.5,24723.25,24724.75,589,24724.71,24723.84,0.00
2025-11-24,03:02:00,24724.25,24724.5,24715.75,24720.5,647,24724.70,24723.83,0.00
2025-11-24,03:03:00,24720.5,24720.5,24709.5,24711.75,779,24724.67,24723.79,0.00
2025-11-24,03:04:00,24712,24713.25,24703.5,24711.25,762,24724.62,24723.74,0.00
2025-11-24,03:05:00,24711,24718.5,24706.25,24707.75,608,24724.59,24723.70,0.00
2025-11-24,03:06:00,24707.5,24714.5,24705.75,24707.25,488,24724.56,24723.66,0.00
2025-11-24,03:07:00,24707.5,24712.75,24707.5,24712.25,336,24724.54,24723.64,0.00
2025-11-24,03:08:00,24712.75,24723.75,24712.5,24722,502,24724.53,24723.63,0.00
2025-11-24,03:09:00,24721.5,24724.75,24714.25,24721.25,531,24724.53,24723.62,0.00
2025-11-24,03:10:00,24722,24726.5,24714,24726,321,24724.52,24723.62,0.00
2025-11-24,03:11:00,24726.5,24739,24723.5,24738.75,1074,24724.56,24723.67,0.00
2025-11-24,03:12:00,24739.25,24743.5,24736.5,24740.5,655,24724.60,24723.73,0.00
2025-11-24,03:13:00,24740.25,24744.25,24729.25,24731.5,687,24724.63,24723.77,0.00
2025-11-24,03:14:00,24731.75,24733,24723.5,24725.75,546,24724.63,24723.77,0.00
2025-11-24,03:15:00,24725.5,24727.5,24721.25,24726.5,519,24724.63,24723.78,0.00
2025-11-24,03:16:00,24725.75,24731.75,24720.25,24729.5,647,24724.64,24723.79,0.00
2025-11-24,03:17:00,24729.25,24735.75,24728.25,24734.25,491,24724.65,24723.81,0.00
2025-11-24,03:18:00,24735,24737.25,24733.25,24735.25,265,24724.66,24723.82,0.00
2025-11-24,03:19:00,24735.5,24736.25,24729,24730,251,24724.67,24723.83,0.00
2025-11-24,03:20:00,24730.25,24734.25,24727.75,24734.25,256,24724.68,24723.84,0.00
2025-11-24,03:21:00,24734,24735,24729.5,24732,276,24724.69,24723.86,0.00
2025-11-24,03:22:00,24732,24735.25,24726.25,24734.25,378,24724.70,24723.87,0.00
2025-11-24,03:23:00,24734.5,24736,24727.25,24733.75,296,24724.70,24723.88,0.00
2025-11-24,03:24:00,24733.5,24734.75,24729.75,24732.25,121,24724.71,24723.89,0.00
2025-11-24,03:25:00,24732.5,24732.75,24730,24731.25,212,24724.71,24723.89,0.00
2025-11-24,03:26:00,24731.5,24733,24729,24729.25,147,24724.72,24723.90,0.00
2025-11-24,03:27:00,24729.5,24734.75,24729,24731.5,128,24724.72,24723.90,0.00
2025-11-24,03:28:00,24731,24732.25,24730,24732.25,129,24724.72,24723.91,0.00
2025-11-24,03:29:00,24732.5,24735.5,24730.5,24733.75,253,24724.73,24723.92,0.00
2025-11-24,03:30:00,24734,24738.25,24731.5,24736,455,24724.75,24723.94,0.00
2025-11-24,03:31:00,24736,24736.5,24725.75,24727.75,356,24724.76,24723.95,0.00
2025-11-24,03:32:00,24727,24732.25,24726.75,24729,213,24724.76,24723.96,0.00
2025-11-24,03:33:00,24728.5,24730.5,24723.75,24728.5,382,24724.76,24723.97,0.00
2025-11-24,03:34:00,24728.5,24731.5,24726.75,24728,204,24724.77,24723.97,0.00
2025-11-24,03:35:00,24727,24731.25,24725.75,24726.75,192,24724.77,24723.97,0.00
2025-11-24,03:36:00,24727,24731.5,24725.25,24727.25,213,24724.77,24723.98,0.00
2025-11-24,03:37:00,24728.5,24731,24725.25,24726.75,220,24724.77,24723.98,0.00
2025-11-24,03:38:00,24726.75,24730.75,24726.75,24729.75,147,24724.78,24723.99,0.00
2025-11-24,03:39:00,24730,24731.5,24726.25,24727.25,234,24724.78,24723.99,0.00
2025-11-24,03:40:00,24727.75,24729.5,24725.25,24726.75,171,24724.78,24723.99,0.00
2025-11-24,03:41:00,24726.25,24727.75,24722.75,24727.75,324,24724.78,24724.00,0.00
2025-11-24,03:42:00,24727.75,24729.25,24725.5,24727.5,242,24724.78,24724.00,0.00
2025-11-24,03:43:00,24727.75,24733.5,24725.75,24731.75,501,24724.79,24724.01,0.00
2025-11-24,03:44:00,24732.25,24756.5,24731.5,24751.75,1928,24724.95,24724.22,0.00
2025-11-24,03:45:00,24751.75,24768,24748.25,24761.75,1581,24725.14,24724.47,0.00
2025-11-24,03:46:00,24761.5,24770.5,24759,24769.75,1134,24725.31,24724.69,0.00
2025-11-24,03:47:00,24769.25,24770.75,24764.5,24767.5,878,24725.44,24724.86,0.00
2025-11-24,03:48:00,24767.25,24773,24761.25,24771,831,24725.57,24725.02,0.00
2025-11-24,03:49:00,24771,24772.25,24764.25,24772.25,457,24725.64,24725.12,0.00
2025-11-24,03:50:00,24771.75,24778.75,24769,24774.75,1118,24725.84,24725.36,0.00
2025-11-24,03:51:00,24775.25,24778,24770.25,24774,411,24725.91,24725.45,0.00
2025-11-24,03:52:00,24773.75,24775.5,24769.5,24774,237,24725.95,24725.50,0.00
2025-11-24,03:53:00,24774,24775.5,24763.75,24766.25,452,24726.02,24725.59,0.00
2025-11-24,03:54:00,24766.75,24773,24765.5,24772.25,230,24726.05,24725.64,0.00
2025-11-24,03:55:00,24772.75,24772.75,24762,24762.75,252,24726.09,24725.68,0.00
2025-11-24,03:56:00,24763.5,24764.75,24758.5,24761,452,24726.14,24725.75,0.00
2025-11-24,03:57:00,24761.25,24764.5,24757.5,24761.5,266,24726.18,24725.80,0.00
2025-11-24,03:58:00,24761,24766.75,24761,24765.25,375,24726.23,24725.86,0.00
2025-11-24,03:59:00,24764.75,24769.25,24764.5,24768.5,352,24726.28,24725.93,0.00
2025-11-24,04:00:00,24768.5,24769.5,24763.25,24766.5,302,24726.32,24725.98,0.00
2025-11-24,04:01:00,24766.25,24767,24733.25,24736,2547,24726.49,24726.20,0.00
2025-11-24,04:02:00,24735,24741.5,24727.75,24740.75,1399,24726.54,24726.26,0.00
2025-11-24,04:03:00,24740.5,24741.5,24725.5,24732.5,878,24726.56,24726.29,0.00
2025-11-24,04:04:00,24732.5,24742.75,24727.5,24729,839,24726.58,24726.31,0.00
2025-11-24,04:05:00,24728.75,24728.75,24716.25,24722.25,1148,24726.56,24726.29,0.00
2025-11-24,04:06:00,24721.5,24731.25,24717.5,24723.5,1256,24726.55,24726.28,0.00
2025-11-24,04:07:00,24723.25,24725,24709.25,24714.25,1221,24726.51,24726.23,0.00
2025-11-24,04:08:00,24712.75,24723.25,24709.25,24712,887,24726.47,24726.19,0.00
2025-11-24,04:09:00,24711.75,24723.25,24709.5,24720.25,678,24726.45,24726.16,0.00
2025-11-24,04:10:00,24720.75,24726.75,24718.75,24722.5,869,24726.44,24726.15,0.00
2025-11-24,04:11:00,24722.75,24724.75,24714.25,24723.75,697,24726.43,24726.13,0.00
2025-11-24,04:12:00,24723.75,24738.75,24721.75,24731.5,1081,24726.44,24726.15,0.00
2025-11-24,04:13:00,24732.5,24748,24732.25,24747.25,937,24726.49,24726.22,0.00
2025-11-24,04:14:00,24747.5,24756.25,24746.25,24752.5,905,24726.57,24726.31,0.00
2025-11-24,04:15:00,24751.75,24760,24747.5,24757.5,813,24726.65,24726.41,0.00
2025-11-24,04:16:00,24758.25,24770.25,24757.5,24767,1007,24726.78,24726.57,0.00
2025-11-24,04:17:00,24766.5,24775,24766,24770.5,1082,24726.93,24726.76,0.00
2025-11-24,04:18:00,24771.25,24785,24771.25,24782.75,1170,24727.13,24727.02,0.00
2025-11-24,04:19:00,24782.5,24794.75,24777.25,24789,1527,24787.00,24727.39,0.00
2025-11-24,04:20:00,24789,24792,24784,24789.75,697,24787.50,24727.56,0.00
2025-11-24,04:21:00,24789.25,24791,24781.25,24790.25,920,24787.50,24727.78,0.00
2025-11-24,04:22:00,24790.25,24793.25,24782.75,24783.75,728,24787.33,24727.96,0.00
2025-11-24,04:23:00,24783.5,24787.5,24781.5,24782.5,517,24786.91,24728.07,0.00
2025-11-24,04:24:00,24783,24787.75,24774.5,24787.5,908,24786.29,24728.27,0.00
2025-11-24,04:25:00,24787.75,24794.5,24785.75,24791.75,631,24786.75,24728.43,0.00
2025-11-24,04:26:00,24791.75,24797,24790,24790.75,764,24792.58,24728.63,0.00
2025-11-24,04:27:00,24792.75,24804.25,24788,24803,1002,24798.42,24728.90,0.00
2025-11-24,04:28:00,24803,24808.75,24799,24806.75,1111,24804.83,24729.24,0.00
2025-11-24,04:29:00,24806,24808.25,24799,24802.5,606,24804.27,24729.41,0.00
2025-11-24,04:30:00,24802.5,24802.75,24795.25,24798.25,655,24802.75,24729.59,0.00
2025-11-24,04:31:00,24797.25,24801.25,24791.25,24797.25,798,24801.20,24729.80,0.00
2025-11-24,04:32:00,24797,24804.25,24789.75,24802.25,854,24800.68,24730.03,0.00
2025-11-24,04:33:00,24801.75,24806,24796.25,24800,486,24800.69,24730.16,0.00
2025-11-24,04:34:00,24799.25,24800,24787,24789,635,24799.61,24730.31,0.00
2025-11-24,04:35:00,24789.25,24795,24785.75,24787.75,818,24798.23,24730.50,0.00
2025-11-24,04:36:00,24787.25,24790.25,24776.75,24783,1069,24795.96,24730.72,0.00
2025-11-24,04:37:00,24782,24800,24782,24794.75,851,24795.56,24730.92,0.00
2025-11-24,04:38:00,24794.25,24803.75,24792.5,24799.75,722,24795.82,24731.11,0.00
2025-11-24,04:39:00,24800,24809.25,24799.5,24800.5,807,24803.08,24731.33,0.00
2025-11-24,04:40:00,24801.25,24802.75,24783.5,24787.75,820,24797.16,24731.52,0.00
2025-11-24,04:41:00,24788.75,24800.5,24788.75,24794.25,516,24796.52,24731.64,0.00
2025-11-24,04:42:00,24794,24806.75,24792.5,24794,556,24796.77,24731.78,0.00
2025-11-24,04:43:00,24794.75,24801,24794.75,24797.75,244,24796.86,24731.84,0.00
2025-11-24,04:44:00,24798.5,24802.5,24796.5,24798,277,24797.05,24731.91,0.00
2025-11-24,04:45:00,24799.25,24804.75,24794.75,24795.25,365,24797.17,24732.00,0.00
2025-11-24,04:46:00,24795.5,24798.5,24791,24797,618,24796.92,24732.15,0.00
2025-11-24,04:47:00,24797.25,24803,24796,24797.5,364,24797.08,24732.24,0.00
2025-11-24,04:48:00,24797.25,24803.5,24792.5,24802,483,24797.29,24732.36,0.00
2025-11-24,04:49:00,24802.5,24805.75,24799,24805.25,388,24797.72,24732.47,0.00
2025-11-24,04:50:00,24804.75,24807.25,24793.5,24801.75,454,24797.96,24732.58,0.00
2025-11-24,04:51:00,24802,24805.75,24798.75,24799.75,212,24798.08,24732.64,0.00
2025-11-24,04:52:00,24798.5,24803.25,24796.25,24800.75,482,24798.23,24732.76,0.00
2025-11-24,04:53:00,24800.5,24804,24797,24800.25,407,24798.36,24732.86,0.00
2025-11-24,04:54:00,24800.5,24805.75,24800.5,24805,343,24798.61,24732.95,0.00
2025-11-24,04:55:00,24805.5,24809.75,24801.25,24809,532,24806.67,24733.10,0.00
2025-11-24,04:56:00,24809.75,24815.25,24807.5,24810.5,1042,24811.08,24733.40,0.00
2025-11-24,04:57:00,24809.5,24812.5,24806.5,24810.25,429,24810.69,24733.52,0.00
2025-11-24,04:58:00,24810.25,24814.5,24805.75,24813.5,243,24810.77,24733.59,0.00
2025-11-24,04:59:00,24813.5,24816.5,24809.75,24812,402,24812.75,24733.71,0.00
2025-11-24,05:00:00,24810,24811.5,24803,24805.5,340,24809.96,24733.80,0.00
2025-11-24,05:01:00,24805,24808.25,24800.5,24803,712,24807.00,24733.98,0.00
2025-11-24,05:02:00,24803.25,24811.75,24802.5,24810,532,24807.29,24734.13,0.00
2025-11-24,05:03:00,24811,24814.25,24806.75,24810.75,441,24807.89,24734.25,0.00
2025-11-24,05:04:00,24811.5,24816.5,24805.75,24807.5,459,24808.21,24734.38,0.00
2025-11-24,05:05:00,24807.5,24808.25,24801.5,24806.5,518,24807.79,24734.51,0.00
2025-11-24,05:06:00,24806.75,24813.25,24804.5,24811.5,276,24807.93,24734.59,0.00
2025-11-24,05:07:00,24811.5,24815.75,24805.75,24813.25,368,24808.27,24734.69,0.00
2025-11-24,05:08:00,24813,24815,24799.25,24803.75,576,24807.98,24734.84,0.00
2025-11-24,05:09:00,24803.25,24804.75,24792.5,24793.25,668,24806.58,24734.99,0.00
2025-11-24,05:10:00,24793.5,24793.5,24781,24785.75,980,24803.48,24735.17,0.00
2025-11-24,05:11:00,24785.75,24795,24780.75,24786.5,639,24801.99,24735.29,0.00
2025-11-24,05:12:00,24786.25,24793.75,24784,24792,385,24801.36,24735.37,0.00
2025-11-24,05:13:00,24791.5,24791.75,24780.25,24782.75,442,24800.42,24735.45,0.00
2025-11-24,05:14:00,24783.25,24783.75,24768.75,24771.5,1054,24797.33,24735.60,0.00
2025-11-24,05:15:00,24770.75,24774.5,24763.5,24769.5,670,24795.34,24735.68,0.00
2025-11-24,05:16:00,24770.5,24786.75,24769.75,24770.5,1235,24793.06,24735.85,0.00
2025-11-24,05:17:00,24771,24773.5,24753.25,24755,1358,24789.41,24735.97,0.00
2025-11-24,05:18:00,24755,24766.5,24752,24761,700,24787.78,24736.03,0.00
2025-11-24,05:19:00,24760.5,24760.5,24743.5,24745.5,819,24785.49,24736.07,0.00
2025-11-24,05:20:00,24745,24747.5,24737,24738.75,955,24782.57,24736.09,0.00
2025-11-24,05:21:00,24739,24742.75,24727.5,24733.75,1232,24778.83,24736.08,0.00
2025-11-24,05:22:00,24734.25,24736.25,24724,24734.5,967,24776.10,24736.07,0.00
2025-11-24,05:23:00,24734,24735.5,24704.75,24708,1435,24771.36,24735.97,0.00
2025-11-24,05:24:00,24707.25,24707.5,24697.75,24704.75,1654,24765.68,24735.78,0.00
2025-11-24,05:25:00,24703.25,24704.25,24687.75,24690.25,1612,24760.29,24735.55,0.00
2025-11-24,05:26:00,24690.75,24691.75,24645.5,24653.25,4033,24744.96,24663.50,0.00
2025-11-24,05:27:00,24653.5,24653.5,24627.75,24637.5,3218,24733.14,24639.58,0.00
2025-11-24,05:28:00,24636.75,24643,24620.25,24641,2202,24726.12,24634.75,0.00
2025-11-24,05:29:00,24640,24651.5,24631,24634,2272,24720.14,24636.82,0.00
2025-11-24,05:30:00,24633.75,24634,24621,24624.75,1902,24715.06,24633.77,0.00
2025-11-24,05:31:00,24624,24647.25,24619,24642.5,2341,24710.13,24636.25,0.00
2025-11-24,05:32:00,24641.75,24654.5,24636,24651,1518,24707.67,24640.54,0.00
2025-11-24,05:33:00,24650.75,24666,24645,24664.75,2002,24705.27,24646.71,0.00
2025-11-24,05:34:00,24665.75,24675.5,24659.25,24672.25,1422,24704.05,24651.06,0.00
2025-11-24,05:35:00,24672.25,24683.5,24652.25,24653.25,1565,24702.59,24653.17,0.00
2025-11-24,05:36:00,24653.25,24673.75,24652.5,24672,1298,24701.54,24654.82,0.00
2025-11-24,05:37:00,24672.25,24701.5,24672.25,24697,1597,24701.16,24659.64,0.00
2025-11-24,05:38:00,24697,24700.75,24673.75,24674.75,1414,24700.63,24662.16,0.00
2025-11-24,05:39:00,24675.5,24683,24666.5,24678.75,1057,24700.10,24663.20,0.00
2025-11-24,05:40:00,24679.25,24681,24661,24662.75,991,24699.47,24663.53,0.00
2025-11-24,05:41:00,24661.5,24662.75,24650.5,24652.5,987,24698.62,24663.02,0.00
2025-11-24,05:42:00,24651.5,24654,24638.25,24646.25,1223,24697.40,24661.84,0.00
2025-11-24,05:43:00,24645.25,24660.75,24642.75,24648.5,1074,24696.46,24661.19,0.00
2025-11-24,05:44:00,24648,24653.5,24641,24653,696,24695.85,24660.75,0.00
2025-11-24,05:45:00,24653.25,24667.75,24652.5,24666.5,1222,24695.11,24660.84,0.00
2025-11-24,05:46:00,24666,24691,24665.25,24688,1539,24694.74,24662.28,0.00
2025-11-24,05:47:00,24688.5,24696,24682.25,24683.75,1301,24694.58,24663.69,0.00
2025-11-24,05:48:00,24684.25,24684.75,24676.25,24678.5,880,24694.36,24664.28,0.00
2025-11-24,05:49:00,24678,24686,24678,24680,634,24694.22,24664.71,0.00
2025-11-24,05:50:00,24678.75,24693,24678.25,24688.25,784,24694.12,24665.38,0.00
2025-11-24,05:51:00,24688.5,24689,24667.25,24671.25,1212,24693.76,24665.85,0.00
2025-11-24,05:52:00,24670.5,24676.75,24662.75,24676.5,770,24693.50,24666.03,0.00
2025-11-24,05:53:00,24676.25,24691,24673.75,24688.25,1144,24693.33,24666.76,0.00
2025-11-24,05:54:00,24689.5,24695.5,24686.5,24688,1051,24693.28,24667.58,0.00
2025-11-24,05:55:00,24687.5,24688,24677.5,24679.5,761,24693.14,24667.93,0.00
2025-11-24,05:56:00,24679.75,24691.75,24676,24687.25,771,24693.05,24668.35,0.00
2025-11-24,05:57:00,24687.25,24694.5,24684,24684.5,705,24692.99,24668.78,0.00
2025-11-24,05:58:00,24684.5,24688.5,24680,24680.5,553,24692.91,24669.02,0.00
2025-11-24,05:59:00,24681,24684.5,24676.75,24683,558,24692.81,24669.23,0.00
2025-11-24,06:00:00,24683.25,24687.5,24674.5,24675.5,573,24692.70,24669.40,0.00
2025-11-24,06:01:00,24675.75,24677.75,24663.25,24670.25,1392,24692.26,24669.44,0.00
2025-11-24,06:02:00,24670.5,24684.5,24665.25,24683.25,710,24692.11,24669.60,0.00
2025-11-24,06:03:00,24683.5,24688.25,24676.5,24685,620,24692.04,24669.83,0.00
2025-11-24,06:04:00,24686.5,24691.75,24683.75,24686.5,622,24691.99,24670.13,0.00
2025-11-24,06:05:00,24686.75,24691,24679.5,24686.75,544,24691.95,24670.36,0.00
2025-11-24,06:06:00,24687.25,24688.5,24678.25,24684.25,493,24691.89,24670.53,0.00
2025-11-24,06:07:00,24684,24684,24675.5,24676.5,501,24691.80,24670.63,0.00
2025-11-24,06:08:00,24676.5,24682.5,24673.5,24676.5,523,24691.70,24670.73,0.00
2025-11-24,06:09:00,24676.25,24680.25,24672.75,24674.75,460,24691.60,24670.79,0.00
2025-11-24,06:10:00,24674.5,24679.25,24672.5,24678.25,396,24691.52,24670.84,0.00
2025-11-24,06:11:00,24677,24678,24667,24673.25,906,24691.30,24670.89,0.00
2025-11-24,06:12:00,24672.75,24674.75,24665.75,24666.25,617,24691.12,24670.86,0.00
2025-11-24,06:13:00,24667.25,24671,24658,24670.25,991,24690.80,24670.75,0.00
2025-11-24,06:14:00,24670,24670.5,24648.5,24650.75,921,24690.40,24670.45,0.00
2025-11-24,06:15:00,24650.75,24658.5,24641,24656,1456,24689.70,24669.85,0.00
2025-11-24,06:16:00,24656,24659.25,24643.5,24653.25,689,24689.38,24669.58,0.00
2025-11-24,06:17:00,24653.5,24663.5,24649,24656.75,777,24689.06,24669.36,0.00
2025-11-24,06:18:00,24656.75,24671.25,24656.25,24664.75,1003,24688.76,24669.24,0.00
2025-11-24,06:19:00,24665.25,24666.25,24655,24657.75,753,24688.49,24669.09,0.00
2025-11-24,06:20:00,24658.25,24672.25,24653,24667.25,856,24688.24,24669.01,0.00
2025-11-24,06:21:00,24667,24677.5,24662,24675,784,24688.09,24669.05,0.00
2025-11-24,06:22:00,24676,24683.75,24676,24680.5,928,24688.00,24669.25,0.00
2025-11-24,06:23:00,24681,24681.75,24657.75,24659.75,837,24687.79,24669.20,0.00
2025-11-24,06:24:00,24659.25,24662.25,24653.5,24654.25,542,24687.60,24669.07,0.00
2025-11-24,06:25:00,24654,24656.25,24643.25,24643.25,880,24687.20,24668.71,0.00
2025-11-24,06:26:00,24643.25,24654.75,24636,24650.75,1205,24686.66,24668.23,0.00
2025-11-24,06:27:00,24651.25,24657.5,24646.5,24657,657,24686.42,24668.06,0.00
2025-11-24,06:28:00,24656.5,24661.25,24649,24651.5,691,24686.17,24667.88,0.00
2025-11-24,06:29:00,24651.25,24655.75,24645.75,24649,844,24685.84,24667.62,0.00
2025-11-24,06:30:00,24648,24653.25,24640.25,24649.25,790,24685.51,24667.34,0.00
2025-11-24,06:31:00,24649.25,24652.5,24645,24645.25,552,24685.28,24667.15,0.00
2025-11-24,06:32:00,24645.75,24647.5,24633.5,24640.75,1147,24684.74,24666.63,0.00
2025-11-24,06:33:00,24641.5,24654,24637.5,24653,783,24684.43,24666.39,0.00
2025-11-24,06:34:00,24654,24655.5,24632.25,24634.25,1043,24683.95,24665.95,0.00
2025-11-24,06:35:00,24633.75,24637,24623.25,24624.25,1462,24683.11,24665.05,0.00
2025-11-24,06:36:00,24624.5,24649.25,24614.5,24640.25,2005,24682.13,24634.67,0.00
2025-11-24,06:37:00,24640,24660.25,24639.5,24657.75,1050,24681.82,24640.80,0.00
2025-11-24,06:38:00,24658.5,24662,24650,24659.25,938,24681.59,24644.62,0.00
2025-11-24,06:39:00,24660,24673.25,24659,24665.5,1002,24681.44,24648.89,0.00
2025-11-24,06:40:00,24667.25,24674.5,24664.75,24665.25,654,24681.36,24651.13,0.00
2025-11-24,06:41:00,24664.75,24671.25,24659.5,24667.5,607,24681.27,24652.58,0.00
2025-11-24,06:42:00,24667,24670,24662.25,24664.5,442,24681.20,24653.43,0.00
2025-11-24,06:43:00,24663.75,24675.25,24661.5,24671.25,606,24681.13,24654.75,0.00
2025-11-24,06:44:00,24672,24673,24657.25,24657.5,532,24681.04,24655.29,0.00
2025-11-24,06:45:00,24658.25,24672,24658.25,24667,441,24680.97,24655.84,0.00
2025-11-24,06:46:00,24666.75,24674,24659.25,24668.75,478,24680.91,24656.47,0.00
2025-11-24,06:47:00,24669.75,24679,24665,24673,663,24680.86,24657.59,0.00
2025-11-24,06:48:00,24673,24675.75,24664.75,24664.75,366,24680.81,24657.99,0.00
2025-11-24,06:49:00,24665.5,24669.5,24662.5,24668,482,24680.75,24658.40,0.00
2025-11-24,06:50:00,24667.75,24672.5,24664.25,24670,332,24680.71,24658.73,0.00
2025-11-24,06:51:00,24670.75,24672.25,24664.75,24671.5,296,24680.68,24659.02,0.00
2025-11-24,06:52:00,24672.5,24679,24665.75,24671.75,573,24680.64,24659.68,0.00
2025-11-24,06:53:00,24670.75,24674,24665.75,24668.5,277,24680.61,24659.91,0.00
2025-11-24,06:54:00,24667.75,24668.75,24655,24655,638,24680.49,24659.89,0.00
2025-11-24,06:55:00,24655.75,24656,24646.25,24655,974,24680.24,24659.35,0.00
2025-11-24,06:56:00,24655.75,24672.25,24647.5,24670.25,780,24680.12,24659.57,0.00
2025-11-24,06:57:00,24670.75,24676.25,24662.75,24665.5,642,24680.05,24659.94,0.00
2025-11-24,06:58:00,24665,24676.25,24664.25,24673.25,424,24680.02,24660.26,0.00
2025-11-24,06:59:00,24673.25,24681.5,24669.75,24673.25,812,24679.98,24660.99,0.00
2025-11-24,07:00:00,24674,24674.75,24651.75,24655.25,1064,24679.80,24660.97,0.00
2025-11-24,07:01:00,24654.75,24665.5,24651.25,24655.5,797,24679.65,24660.81,0.00
2025-11-24,07:02:00,24656,24660.75,24649,24657.5,715,24679.50,24660.62,0.00
2025-11-24,07:03:00,24657.5,24659.75,24651.25,24658.5,378,24679.42,24660.53,0.00
2025-11-24,07:04:00,24658.5,24666.5,24654.25,24659,643,24679.32,24660.51,0.00
2025-11-24,07:05:00,24659.75,24662.75,24649.25,24654.5,691,24679.18,24660.34,0.00
2025-11-24,07:06:00,24653.75,24657.75,24639,24645.75,1034,24678.90,24659.72,0.00
2025-11-24,07:07:00,24645,24655,24641.75,24652.5,873,24678.69,24659.33,0.00
2025-11-24,07:08:00,24653,24657.75,24646.5,24649.75,594,24678.55,24659.12,0.00
2025-11-24,07:09:00,24650,24650.25,24631.25,24634.25,1001,24678.22,24658.26,0.00
2025-11-24,07:10:00,24634,24644.75,24631.25,24639.75,541,24678.04,24657.82,0.00
2025-11-24,07:11:00,24640.5,24654.25,24639.75,24654.25,686,24677.88,24657.59,0.00
2025-11-24,07:12:00,24654.5,24656.75,24642.75,24644.25,493,24677.76,24657.40,0.00
2025-11-24,07:13:00,24644.5,24644.5,24633.5,24641.25,588,24677.58,24657.00,0.00
2025-11-24,07:14:00,24641.75,24652.75,24640.75,24650.25,396,24677.49,24656.87,0.00
2025-11-24,07:15:00,24650,24652.25,24640.5,24645,382,24677.39,24656.71,0.00
2025-11-24,07:16:00,24644.5,24645,24637.5,24640.75,399,24677.27,24656.49,0.00
2025-11-24,07:17:00,24640.25,24655.75,24636.75,24653.25,417,24677.18,24656.37,0.00
2025-11-24,07:18:00,24653.25,24660.25,24649.5,24658,499,24677.09,24656.36,0.00
2025-11-24,07:19:00,24658,24664.25,24657.75,24661.25,673,24677.01,24656.47,0.00
2025-11-24,07:20:00,24661.25,24668.5,24657.5,24666.5,479,24676.96,24656.59,0.00
2025-11-24,07:21:00,24666.25,24675.5,24664.75,24672.75,703,24676.92,24656.93,0.00
2025-11-24,07:22:00,24672.25,24681.25,24667.75,24670.5,1211,24676.89,24657.56,0.00
2025-11-24,07:23:00,24671.25,24672.75,24659,24665.5,729,24676.83,24657.75,0.00
2025-11-24,07:24:00,24665.25,24671.25,24662.75,24669.5,467,24676.79,24657.89,0.00
2025-11-24,07:25:00,24669.5,24678,24667.25,24667.5,605,24676.77,24658.13,0.00
2025-11-24,07:26:00,24668,24668.5,24655.25,24657.5,680,24676.68,24658.18,0.00
2025-11-24,07:27:00,24658.5,24661,24650,24660,680,24676.58,24658.15,0.00
2025-11-24,07:28:00,24660.5,24663.75,24653.5,24658,501,24676.51,24658.16,0.00
2025-11-24,07:29:00,24659,24659.5,24652.75,24656.5,370,24676.45,24658.14,0.00
2025-11-24,07:30:00,24656.25,24665.75,24654.75,24663.5,351,24676.41,24658.17,0.00
2025-11-24,07:31:00,24664.75,24676.25,24664.5,24676.25,769,24676.39,24658.47,0.00
2025-11-24,07:32:00,24676,24676,24658,24666,659,24676.34,24658.61,0.00
2025-11-24,07:33:00,24666.5,24672.75,24661,24669.5,420,24676.32,24658.71,0.00
2025-11-24,07:34:00,24668.75,24670.25,24651.5,24652.75,835,24676.20,24658.70,0.00
2025-11-24,07:35:00,24653,24657.25,24649.5,24653.25,345,24676.15,24658.65,0.00
2025-11-24,07:36:00,24653.25,24655.75,24649.5,24655,413,24676.08,24658.60,0.00
2025-11-24,07:37:00,24654.75,24664.75,24653,24661.25,534,24676.01,24658.61,0.00
2025-11-24,07:38:00,24660.5,24666.75,24657.75,24661.5,438,24675.97,24658.65,0.00
2025-11-24,07:39:00,24662.25,24663,24651.25,24654.75,410,24675.91,24658.63,0.00
2025-11-24,07:40:00,24654,24657.25,24650.5,24652.25,329,24675.85,24658.58,0.00
2025-11-24,07:41:00,24652.5,24661,24647,24656.75,542,24675.77,24658.54,0.00
2025-11-24,07:42:00,24656.75,24666,24652.75,24652.75,445,24675.71,24658.52,0.00
2025-11-24,07:43:00,24653.25,24657.25,24648.5,24655.25,370,24675.65,24658.48,0.00
2025-11-24,07:44:00,24655.25,24663.25,24654.75,24662.75,299,24675.62,24658.49,0.00
2025-11-24,07:45:00,24662.25,24687.5,24661,24680.25,1570,24675.63,24659.13,0.00
2025-11-24,07:46:00,24679.75,24684.75,24676.25,24677.5,628,24675.65,24659.41,0.00
2025-11-24,07:47:00,24678.25,24679.75,24669.5,24673.25,694,24675.64,24659.64,0.00
2025-11-24,07:48:00,24673,24678.25,24670.25,24674.75,520,24675.63,24659.81,0.00
2025-11-24,07:49:00,24675,24684.5,24675,24680.75,769,24675.66,24660.14,0.00
2025-11-24,07:50:00,24680.75,24688.5,24679.5,24687.25,577,24675.70,24660.44,0.00
2025-11-24,07:51:00,24687.5,24696.25,24684.25,24695,1046,24675.81,24661.12,0.00
2025-11-24,07:52:00,24695.25,24703.75,24693,24702.75,1024,24675.98,24661.93,0.00
2025-11-24,07:53:00,24703.25,24715.25,24702,24710.75,1495,24676.32,24663.32,0.00
2025-11-24,07:54:00,24710.5,24715.5,24705,24707.25,874,24676.51,24664.10,0.00
2025-11-24,07:55:00,24707.75,24710.25,24700.5,24701.25,596,24676.62,24664.56,0.00
2025-11-24,07:56:00,24701.5,24707.25,24697.75,24700.5,582,24676.72,24664.97,0.00
2025-11-24,07:57:00,24700,24708.25,24700,24706.25,376,24676.79,24665.25,0.00
2025-11-24,07:58:00,24705.75,24716.75,24702,24711.75,679,24676.94,24665.81,0.00
2025-11-24,07:59:00,24712.5,24713.75,24700.75,24701.5,542,24677.04,24666.21,0.00
2025-11-24,08:00:00,24701.25,24711.5,24701,24708.5,535,24677.15,24666.60,0.00
2025-11-24,08:01:00,24708.5,24708.5,24687.25,24694.25,1739,24677.37,24667.53,0.00
2025-11-24,08:02:00,24694.25,24698.75,24690,24697.25,567,24677.43,24667.80,0.00
2025-11-24,08:03:00,24697.5,24706.5,24692.5,24694.75,826,24677.54,24668.23,0.00
2025-11-24,08:04:00,24695.5,24703.5,24690.25,24698,592,24677.62,24668.52,0.00
2025-11-24,08:05:00,24697.25,24700,24685.25,24693.75,881,24677.70,24668.88,0.00
2025-11-24,08:06:00,24694,24704.25,24692,24699,695,24677.79,24669.23,0.00
2025-11-24,08:07:00,24698.5,24701.5,24692.75,24697.75,364,24677.84,24669.39,0.00
2025-11-24,08:08:00,24697,24703.25,24693.75,24702,260,24677.88,24669.52,0.00
2025-11-24,08:09:00,24702.75,24713.5,24702,24708,905,24678.05,24670.08,0.00
2025-11-24,08:10:00,24707.75,24707.75,24690.5,24703.25,1167,24678.21,24670.65,0.00
2025-11-24,08:11:00,24703.5,24707,24687,24698.5,1157,24678.35,24671.13,0.00
2025-11-24,08:12:00,24697.75,24702.5,24682.5,24686.75,994,24678.42,24671.43,0.00
2025-11-24,08:13:00,24687.5,24692.5,24676,24684,858,24678.45,24671.60,0.00
2025-11-24,08:14:00,24684.75,24689.75,24679.75,24686.5,577,24678.48,24671.71,0.00
2025-11-24,08:15:00,24686.75,24691.75,24683.25,24684.5,378,24678.50,24671.80,0.00
2025-11-24,08:16:00,24685.5,24688.25,24682.75,24687.25,381,24678.51,24671.88,0.00
2025-11-24,08:17:00,24688,24693.75,24686.25,24690.75,546,24678.55,24672.03,0.00
2025-11-24,08:18:00,24690.5,24701.5,24689.5,24698.25,580,24678.62,24672.23,0.00
2025-11-24,08:19:00,24698.25,24699.5,24685.25,24686.75,556,24678.66,24672.38,0.00
2025-11-24,08:20:00,24686.75,24687,24676,24678,793,24678.66,24672.47,0.00
2025-11-24,08:21:00,24678.25,24694.25,24676.5,24690.25,667,24678.70,24672.61,0.00
2025-11-24,08:22:00,24690.5,24701,24690.5,24695.25,520,24678.75,24672.78,0.00
2025-11-24,08:23:00,24694.75,24704.25,24686.25,24702.75,627,24678.82,24673.00,0.00
2025-11-24,08:24:00,24703.5,24706,24695.25,24696.25,453,24678.87,24673.16,0.00
2025-11-24,08:25:00,24697,24699.75,24692.75,24696.75,369,24678.91,24673.28,0.00
2025-11-24,08:26:00,24696.5,24714.25,24696.5,24712.5,737,24679.04,24673.63,0.00
2025-11-24,08:27:00,24712.25,24714.25,24707,24711.5,636,24679.16,24673.95,0.00
2025-11-24,08:28:00,24711.5,24725,24711.5,24725,1201,24679.44,24674.69,0.00
2025-11-24,08:29:00,24724.25,24730.25,24723.75,24728.25,1233,24679.79,24675.55,0.00
2025-11-24,08:30:00,24729,24742,24727,24734.75,2188,24680.47,24677.19,0.00
2025-11-24,08:31:00,24734.75,24742.5,24732.5,24742,1305,24680.90,24678.20,0.00
2025-11-24,08:32:00,24741.75,24749.75,24738.75,24746,1039,24681.27,24679.06,0.00
2025-11-24,08:33:00,24746.5,24752.25,24740.5,24747,1314,24681.75,24680.14,0.00
2025-11-24,08:34:00,24747.25,24750.25,24734,24744.5,1171,24682.15,24681.03,0.00
2025-11-24,08:35:00,24744.5,24750.75,24738.25,24740.5,798,24682.42,24681.62,0.00
2025-11-24,08:36:00,24740.5,24740.5,24731,24732.25,928,24682.69,24682.19,0.00
2025-11-24,08:37:00,24732.75,24735,24720.5,24722.5,1198,24682.97,24682.80,0.00
2025-11-24,08:38:00,24722.5,24732,24722.5,24729.25,606,24683.12,24683.12,0.00
2025-11-24,08:39:00,24729,24732,24725,24730,439,24683.23,24683.35,0.00
2025-11-24,08:40:00,24730,24733.25,24728.5,24730.75,380,24683.32,24683.56,0.00
2025-11-24,08:41:00,24731,24736.5,24728.25,24730,641,24683.49,24683.90,0.00
2025-11-24,08:42:00,24730.5,24732.75,24725.25,24729,483,24683.61,24684.15,0.00
2025-11-24,08:43:00,24728.5,24731.25,24717.25,24719.75,986,24683.82,24684.57,0.00
2025-11-24,08:44:00,24720,24737.25,24719,24729.25,892,24684.03,24685.01,0.00
2025-11-24,08:45:00,24728.75,24729,24719.75,24724.75,903,24684.22,24685.40,0.00
2025-11-24,08:46:00,24724.75,24736.25,24723.25,24735,572,24684.36,24685.68,0.00
2025-11-24,08:47:00,24734,24736.5,24725.5,24732.25,523,24684.49,24685.94,0.00
2025-11-24,08:48:00,24732,24736.75,24728,24729,457,24684.61,24686.16,0.00
2025-11-24,08:49:00,24730,24742.75,24729.5,24742.75,793,24684.83,24686.60,0.00
2025-11-24,08:50:00,24742.75,24747.25,24741,24745,669,24685.04,24687.01,0.00
2025-11-24,08:51:00,24744.5,24748.25,24738.75,24745.5,623,24685.23,24687.39,0.00
2025-11-24,08:52:00,24746,24746.5,24736.25,24738.5,681,24685.42,24687.76,0.00
2025-11-24,08:53:00,24738.5,24743.25,24732.75,24741,508,24685.57,24688.03,0.00
2025-11-24,08:54:00,24740.5,24740.75,24729,24740.75,844,24685.79,24688.46,0.00
2025-11-24,08:55:00,24741,24759.25,24739.75,24757.75,1549,24686.31,24689.46,0.00
2025-11-24,08:56:00,24757.5,24765.25,24748.25,24764,1585,24686.90,24690.56,0.00
2025-11-24,08:57:00,24764.5,24769.75,24755.5,24756,1342,24687.40,24691.48,0.00
2025-11-24,08:58:00,24756.75,24763.25,24755.75,24757.5,523,24687.58,24691.83,0.00
2025-11-24,08:59:00,24757.5,24765,24755.75,24764.75,488,24687.76,24692.16,0.00
2025-11-24,09:00:00,24765.25,24766.25,24757.75,24758.75,536,24687.96,24692.52,0.00
2025-11-24,09:01:00,24758.5,24763.75,24752.25,24762.75,915,24688.29,24693.11,0.00
2025-11-24,09:02:00,24763.75,24767,24757,24760.75,596,24688.50,24693.50,0.00
2025-11-24,09:03:00,24760.5,24764.75,24756.75,24764.25,428,24688.66,24693.78,0.00
2025-11-24,09:04:00,24764,24764,24757.25,24760.75,297,24688.76,24693.96,0.00
2025-11-24,09:05:00,24761.25,24774,24761.25,24767.5,1068,24689.18,24694.70,0.00
2025-11-24,09:06:00,24768.25,24778,24767.5,24771.75,794,24689.50,24695.28,0.00
2025-11-24,09:07:00,24771.75,24781.5,24771.75,24781.5,606,24689.76,24695.74,0.00
2025-11-24,09:08:00,24781.75,24791.25,24778.25,24790.5,1334,24690.39,24696.85,0.00
2025-11-24,09:09:00,24790,24792.25,24784,24790.75,1047,24690.89,24697.73,0.00
2025-11-24,09:10:00,24791.25,24797.5,24790.75,24794.75,1033,24691.40,24698.63,0.00
2025-11-24,09:11:00,24794.75,24802.75,24793.5,24797.25,1037,24691.93,24699.54,0.00
2025-11-24,09:12:00,24797.25,24800,24790.25,24797.25,1074,24692.46,24700.45,0.00
2025-11-24,09:13:00,24796.75,24799.75,24790.5,24794.5,755,24692.82,24701.08,0.00
2025-11-24,09:14:00,24794.75,24800.25,24793,24797.5,656,24693.15,24701.63,0.00
2025-11-24,09:15:00,24797.5,24801.25,24789.25,24800.25,780,24693.53,24702.27,0.00
2025-11-24,09:16:00,24800,24803,24796.5,24797.5,830,24693.94,24702.96,0.00
2025-11-24,09:17:00,24797.75,24801.5,24793.5,24793.5,463,24694.16,24703.33,0.00
2025-11-24,09:18:00,24794.25,24796.75,24784.5,24790,1307,24694.74,24704.29,0.00
2025-11-24,09:19:00,24789,24799.5,24789,24793.5,821,24695.12,24704.91,0.00
2025-11-24,09:20:00,24793.75,24798,24793.25,24797.25,477,24695.34,24705.27,0.00
2025-11-24,09:21:00,24797,24798.75,24790,24792.75,539,24695.59,24705.67,0.00
2025-11-24,09:22:00,24792.25,24794.5,24784.75,24787.5,965,24696.00,24706.33,0.00
2025-11-24,09:23:00,24788,24791.75,24782.75,24784.75,819,24696.34,24706.87,0.00
2025-11-24,09:24:00,24785.25,24793.25,24779.5,24791,1295,24696.88,24707.72,0.00
2025-11-24,09:25:00,24791.75,24799,24786.25,24795.5,947,24697.29,24708.38,0.00
2025-11-24,09:26:00,24795.5,24802,24794,24798,863,24697.68,24709.00,0.00
2025-11-24,09:27:00,24798.5,24812.5,24797.25,24808.25,1509,24698.41,24710.16,0.00
2025-11-24,09:28:00,24808.5,24809.75,24804.75,24808,560,24698.69,24710.59,0.00
2025-11-24,09:29:00,24808.5,24812.25,24803.75,24807,594,24698.97,24711.04,0.00
2025-11-24,09:30:00,24806.5,24807,24799.25,24805,632,24699.27,24711.49,0.00
2025-11-24,09:31:00,24806.25,24810.5,24802,24804,692,24699.59,24712.00,0.00
2025-11-24,09:32:00,24804.75,24811,24804.25,24809.25,518,24699.84,24712.38,0.00
2025-11-24,09:33:00,24809,24817.5,24803.5,24806,1470,24809.00,24713.47,0.00
2025-11-24,09:34:00,24805.5,24807.25,24796.25,24797.5,1002,24805.49,24714.13,0.00
2025-11-24,09:35:00,24798.25,24801.75,24793,24795.25,877,24803.18,24714.67,0.00
2025-11-24,09:36:00,24795.75,24800.5,24785.75,24795,1099,24800.85,24715.32,0.00
2025-11-24,09:37:00,24794.75,24801.25,24788,24795.75,767,24799.99,24715.78,0.00
2025-11-24,09:38:00,24795.75,24799,24791.25,24795.75,389,24799.66,24716.01,0.00
2025-11-24,09:39:00,24796,24800.5,24786.5,24790,717,24798.83,24716.41,0.00
2025-11-24,09:40:00,24789.75,24795,24784.25,24784.5,890,24797.49,24716.88,0.00
2025-11-24,09:41:00,24785.25,24792.25,24782.5,24792,780,24796.65,24717.28,0.00
2025-11-24,09:42:00,24791.5,24801,24790.75,24792,973,24796.43,24717.83,0.00
2025-11-24,09:43:00,24792.25,24795,24787.75,24793.75,534,24796.19,24718.11,0.00
2025-11-24,09:44:00,24793.75,24795,24787.75,24791.75,473,24795.96,24718.36,0.00
2025-11-24,09:45:00,24791.75,24792.25,24785.25,24790.5,642,24795.56,24718.69,0.00
2025-11-24,09:46:00,24790,24794.75,24788.5,24793.25,622,24795.37,24719.01,0.00
2025-11-24,09:47:00,24793.25,24794.5,24789.25,24790.75,447,24795.23,24719.24,0.00
2025-11-24,09:48:00,24791,24792,24777.75,24778.5,1425,24793.87,24719.88,0.00
2025-11-24,09:49:00,24778.5,24780.75,24769.25,24779.25,2366,24791.20,24720.80,0.00
2025-11-24,09:50:00,24778.75,24786.25,24777.75,24781.75,1021,24790.63,24721.23,0.00
2025-11-24,09:51:00,24782.5,24784.25,24767,24774,1389,24789.42,24721.74,0.00
2025-11-24,09:52:00,24774.75,24778,24768.25,24775,900,24788.67,24722.05,0.00
2025-11-24,09:53:00,24775.75,24782.25,24775,24779.5,628,24788.35,24722.29,0.00
2025-11-24,09:54:00,24778.75,24778.75,24767.5,24771,678,24787.81,24722.52,0.00
2025-11-24,09:55:00,24771.75,24773.5,24767.75,24770.25,689,24787.24,24722.74,0.00
2025-11-24,09:56:00,24770.75,24774.5,24769.25,24770.25,556,24786.83,24722.92,0.00
2025-11-24,09:57:00,24770,24771.25,24766.75,24767.25,726,24786.22,24723.14,0.00
2025-11-24,09:58:00,24768,24769.5,24754.25,24757,1932,24784.13,24723.60,0.00
2025-11-24,09:59:00,24757.25,24758.5,24748.75,24752.5,1405,24782.42,24723.87,0.00
2025-11-24,10:00:00,24752.5,24756,24744.25,24752.25,1504,24780.65,24724.13,0.00
2025-11-24,10:01:00,24751.75,24758.75,24748,24753.5,1700,24779.04,24724.45,0.00
2025-11-24,10:02:00,24754.5,24760.75,24750.75,24757.5,1138,24778.17,24724.67,0.00
2025-11-24,10:03:00,24758,24770.75,24757.25,24770.75,1649,24777.54,24725.10,0.00
2025-11-24,10:04:00,24770.5,24774,24766.25,24766.75,1166,24777.23,24725.42,0.00
2025-11-24,10:05:00,24767,24770.25,24763.75,24768,822,24776.99,24725.63,0.00
2025-11-24,10:06:00,24768.25,24776.5,24764.5,24776,1285,24776.82,24725.99,0.00
2025-11-24,10:07:00,24776,24786,24772.25,24774.25,2214,24776.86,24726.68,0.00
2025-11-24,10:08:00,24774.25,24778.5,24767.5,24775.25,1188,24776.76,24727.01,0.00
2025-11-24,10:09:00,24774.5,24787,24774.25,24786.5,1434,24776.97,24727.48,0.00
2025-11-24,10:10:00,24786.75,24796.25,24786,24795.75,2001,24777.73,24728.25,0.00
2025-11-24,10:11:00,24795.25,24807.5,24794.5,24804,1831,24778.76,24729.03,0.00
2025-11-24,10:12:00,24803.75,24815,24803.5,24812,1746,24779.97,24729.84,0.00
2025-11-24,10:13:00,24812,24815.5,24808.25,24809.5,1133,24780.74,24730.37,0.00
2025-11-24,10:14:00,24809.75,24827.25,24806.25,24824.5,2601,24819.33,24731.66,0.00
2025-11-24,10:15:00,24823.75,24827.75,24822.25,24823.25,1097,24824.42,24732.23,0.00
2025-11-24,10:16:00,24823.5,24823.5,24806.5,24811.25,2373,24817.12,24733.30,0.00
2025-11-24,10:17:00,24811.5,24820.5,24809.25,24820.25,995,24817.02,24733.75,0.00
2025-11-24,10:18:00,24820.25,24822,24813.25,24818.25,1038,24817.17,24734.22,0.00
2025-11-24,10:19:00,24818.25,24818.75,24798.5,24800.5,2101,24814.06,24735.03,0.00
2025-11-24,10:20:00,24801,24806.5,24796.25,24801,1419,24812.05,24735.54,0.00
2025-11-24,10:21:00,24801.25,24801.25,24790.75,24792.75,1713,24809.31,24736.07,0.00
2025-11-24,10:22:00,24792.75,24796.75,24788.5,24792,1190,24807.63,24736.43,0.00
2025-11-24,10:23:00,24792.5,24794.5,24787.25,24788.75,1096,24806.16,24736.74,0.00
2025-11-24,10:24:00,24789.5,24793.25,24784.25,24791.25,1112,24804.85,24737.04,0.00
2025-11-24,10:25:00,24792,24792.25,24782.75,24784.25,1053,24803.58,24737.31,0.00
2025-11-24,10:26:00,24784.5,24788.25,24773.75,24788.25,2350,24800.88,24737.86,0.00
2025-11-24,10:27:00,24787.25,24789,24780.75,24782,1164,24799.82,24738.14,0.00
2025-11-24,10:28:00,24781.75,24783.25,24774.5,24777.5,1464,24798.27,24738.43,0.00
2025-11-24,10:29:00,24777.5,24782.25,24775.75,24776.5,1548,24796.83,24738.74,0.00
2025-11-24,10:30:00,24776,24781.5,24771.75,24776,1878,24795.21,24739.09,0.00
2025-11-24,10:31:00,24775.5,24806.5,24766.75,24798,10706,24793.71,24741.68,0.00
2025-11-24,10:32:00,24798.25,24846.25,24796.25,24841.25,12778,24827.92,24746.57,0.00
2025-11-24,10:33:00,24840.5,24893,24838.5,24889.5,13678,24873.67,24753.84,0.00
2025-11-24,10:34:00,24890.5,24914.25,24883.25,24902.5,10902,24900.00,24760.22,0.00
2025-11-24,10:35:00,24903.25,24938,24901.75,24935.75,9878,24925.17,24766.49,0.00
2025-11-24,10:36:00,24936.25,24975.5,24936.25,24956.75,12909,24956.17,24775.47,0.00
2025-11-24,10:37:00,24957.5,24964.75,24936.75,24957,9436,24954.76,24781.40,0.00
2025-11-24,10:38:00,24956.75,24969.25,24928.25,24940.25,9047,24952.21,24786.51,0.00
2025-11-24,10:39:00,24939.75,24951.75,24916.75,24927,8356,24947.93,24790.57,0.00
2025-11-24,10:40:00,24927,24928.25,24899.25,24907.5,8922,24941.28,24794.07,0.00
2025-11-24,10:41:00,24908.25,24926.5,24876,24883.25,11651,24932.39,24797.75,0.00
2025-11-24,10:42:00,24883.25,24920.25,24870.75,24919,9732,24928.35,24800.87,0.00
2025-11-24,10:43:00,24919.5,24943.25,24915.5,24935.25,9523,24928.71,24804.53,0.00
2025-11-24,10:44:00,24934.75,24938.25,24883.5,24905.5,8634,24926.79,24807.12,0.00
2025-11-24,10:45:00,24905.5,24912.75,24862.5,24877.75,9027,24922.85,24809.07,0.00
2025-11-24,10:46:00,24877.25,24916.5,24864.75,24900,9357,24920.29,24811.24,0.00
2025-11-24,10:47:00,24898.25,24907.5,24873.25,24893.5,5924,24918.77,24812.51,0.00
2025-11-24,10:48:00,24893,24937,24880.75,24933.5,8748,24918.65,24814.91,0.00
2025-11-24,10:49:00,24934.25,24943.25,24918.75,24922,7590,24919.20,24817.12,0.00
2025-11-24,10:50:00,24922,24922.75,24866,24871,9386,24916.99,24818.76,0.00
2025-11-24,10:51:00,24871,24872.5,24832.5,24854,13547,24911.28,24819.89,0.00
2025-11-24,10:52:00,24853,24882,24837.25,24868.75,11078,24907.97,24821.01,0.00
2025-11-24,10:53:00,24868.75,24912.5,24868.75,24894.5,10207,24907.02,24822.68,0.00
2025-11-24,10:54:00,24894,24924.25,24886.25,24919.5,7656,24907.15,24824.20,0.00
2025-11-24,10:55:00,24919.5,24934.5,24885.75,24892.25,7819,24907.03,24825.59,0.00
2025-11-24,10:56:00,24893,24909.5,24878.75,24884.5,8325,24906.34,24826.78,0.00
2025-11-24,10:57:00,24885,24913,24882.5,24906,6593,24906.15,24827.83,0.00
2025-11-24,10:58:00,24905.25,24917.25,24892,24907.5,5443,24906.14,24828.73,0.00
2025-11-24,10:59:00,24907.5,24928.75,24896.25,24901,6828,24906.22,24829.88,0.00
2025-11-24,11:00:00,24900.75,24937.75,24893.75,24936.5,6278,24906.68,24831.09,0.00
2025-11-24,11:01:00,24937,24967.25,24931.5,24955.75,12313,24909.04,24834.09,0.00
2025-11-24,11:02:00,24956.75,24972.25,24947,24966,6799,24910.53,24835.82,0.00
2025-11-24,11:03:00,24966.75,24990.75,24965.5,24983.75,10412,24980.00,24838.76,0.00
2025-11-24,11:04:00,24984.25,25002,24976.5,24994.25,8306,24990.92,24841.19,0.00
2025-11-24,11:05:00,24994.5,24997,24977.5,24986.75,5561,24989.38,24842.74,0.00
2025-11-24,11:06:00,24987.5,25022.25,24984,25013.75,10189,25006.67,24845.86,0.00
2025-11-24,11:07:00,25014.5,25022.75,24984.75,25008.25,8687,25005.25,24848.40,0.00
2025-11-24,11:08:00,25007.75,25016.25,24977.5,24984.25,6657,24999.79,24850.15,0.00
2025-11-24,11:09:00,24983.25,24987.75,24961.75,24979.5,6514,24992.80,24851.62,0.00
2025-11-24,11:10:00,24979.25,24991.25,24957,24963.5,6134,24987.93,24852.92,0.00
2025-11-24,11:11:00,24963.25,24984.25,24953.75,24959.25,6472,24983.77,24854.20,0.00
2025-11-24,11:12:00,24959.25,24961,24918,24936.75,9987,24973.61,24855.65,0.00
2025-11-24,11:13:00,24936.75,24973.75,24917.25,24958.5,10119,24969.20,24857.27,0.00
2025-11-24,11:14:00,24958.75,24971.25,24948,24960.75,6128,24968.28,24858.32,0.00
2025-11-24,11:15:00,24960.75,24996.5,24957.25,24987.25,8686,24969.79,24860.08,0.00
2025-11-24,11:16:00,24987.75,25004.5,24984.25,24990,5626,24971.52,24861.30,0.00
2025-11-24,11:17:00,24991.25,24996.75,24962.25,24991.75,6014,24972.42,24862.49,0.00
2025-11-24,11:18:00,24991.75,24998.75,24974.5,24985.5,4044,24973.07,24863.30,0.00
2025-11-24,11:19:00,24985.5,24995.5,24964,24977.75,4671,24973.39,24864.16,0.00
2025-11-24,11:20:00,24977,24988,24948.5,24958.5,5712,24972.88,24865.08,0.00
2025-11-24,11:21:00,24958.25,24979.5,24954.5,24971.5,5096,24972.66,24865.91,0.00
2025-11-24,11:22:00,24972.25,24989.5,24953,24985.75,5118,24972.83,24866.79,0.00
2025-11-24,11:23:00,24984.5,24994.75,24969.25,24984.75,4963,24973.28,24867.68,0.00
2025-11-24,11:24:00,24984.75,25002.25,24976.75,24979,5208,24973.85,24868.62,0.00
2025-11-24,11:25:00,24979,24979.75,24946.25,24960.25,7548,24973.13,24869.70,0.00
2025-11-24,11:26:00,24960,24961.75,24934.25,24952.25,7667,24971.74,24870.61,0.00
2025-11-24,11:27:00,24952.75,24969,24940.5,24957.5,5204,24971.13,24871.27,0.00
2025-11-24,11:28:00,24958.25,24993,24949,24987.5,7362,24971.41,24872.41,0.00
2025-11-24,11:29:00,24987.5,25006.25,24981.75,24994,6547,24972.39,24873.57,0.00
2025-11-24,11:30:00,24994.25,25003.5,24979.25,24992.25,4879,24973.00,24874.41,0.00
2025-11-24,11:31:00,24991.5,24997.25,24963.5,24983.5,6518,24973.34,24875.41,0.00
2025-11-24,11:32:00,24983.75,25001,24981.75,24995.25,4482,24973.86,24876.16,0.00
2025-11-24,11:33:00,24995.75,25004,24986,24998.75,4613,24974.46,24876.94,0.00
2025-11-24,11:34:00,24999,25010.25,24987,24996.25,4127,24975.02,24877.65,0.00
2025-11-24,11:35:00,24996.25,25014.5,24996.25,25013.25,4650,24975.87,24878.49,0.00
2025-11-24,11:36:00,25013.25,25027.75,24999.75,25026.25,6086,25017.92,24879.67,0.00
2025-11-24,11:37:00,25025.5,25034.5,25013.25,25023,7017,25023.58,24881.06,0.00
2025-11-24,11:38:00,25023.25,25030.5,25003.25,25014.25,5506,25020.25,24882.07,0.00
2025-11-24,11:39:00,25013.5,25028.75,25001.75,25027,4452,25019.97,24882.90,0.00
2025-11-24,11:40:00,25027,25050,25027,25046,6465,25041.00,24884.27,0.00
2025-11-24,11:41:00,25046,25052,25030,25039.25,5711,25040.42,24885.46,0.00
2025-11-24,11:42:00,25038.75,25052.5,25034.25,25051,3534,25045.92,24886.21,0.00
2025-11-24,11:43:00,25051.25,25060,25048,25058,4213,25055.33,24887.15,0.00
2025-11-24,11:44:00,25058.25,25060.25,25046.75,25058,2814,25055.00,24887.77,0.00
2025-11-24,11:45:00,25058,25059.75,25047.75,25050.75,3078,25053.82,24888.44,0.00
2025-11-24,11:46:00,25050.75,25070.25,25047,25066.75,5099,25061.33,24889.59,0.00
2025-11-24,11:47:00,25067,25067.75,25049.25,25049.5,3942,25058.79,24890.43,0.00
2025-11-24,11:48:00,25049.75,25062,25048.75,25058.25,2615,25058.24,24890.99,0.00
2025-11-24,11:49:00,25057.25,25063.25,25050,25053,2227,25057.79,24891.46,0.00
2025-11-24,11:50:00,25053.5,25066,25053.5,25059,1998,25058.00,24891.89,0.00
2025-11-24,11:51:00,25059.25,25067.25,25054.25,25055.75,2428,25058.15,24892.41,0.00
2025-11-24,11:52:00,25056.25,25065.75,25048.75,25053.25,3061,25057.83,24893.05,0.00
2025-11-24,11:53:00,25053.25,25060.5,25032.5,25038.75,4540,25055.39,24893.92,0.00
2025-11-24,11:54:00,25039.25,25053.25,25039,25048.25,3022,25054.50,24894.50,0.00
2025-11-24,11:55:00,25048,25052.25,25035.5,25040.5,2584,25053.53,24894.98,0.00
2025-11-24,11:56:00,25039.75,25042.75,25017.5,25017.75,5476,25049.46,24895.88,0.00
2025-11-24,11:57:00,25017.75,25043.25,25014.75,25038.75,4209,25047.70,24896.59,0.00
2025-11-24,11:58:00,25038.75,25044.75,25024.25,25039,3260,25046.84,24897.15,0.00
2025-11-24,11:59:00,25038.75,25040,25023.5,25024.5,2054,25046.07,24897.49,0.00
2025-11-24,12:00:00,25024,25037.5,25024,25033.25,1810,25045.53,24897.79,0.00
2025-11-24,12:01:00,25033.25,25049,25032.75,25044.25,4032,25045.25,24898.50,0.00
2025-11-24,12:02:00,25043.75,25056,25040.75,25054,3418,25045.56,24899.13,0.00
2025-11-24,12:03:00,25054,25072.75,25046.75,25072,4580,25063.83,24900.05,0.00
2025-11-24,12:04:00,25072,25084.25,25072,25078,5492,25078.08,24901.23,0.00
2025-11-24,12:05:00,25077.75,25086.75,25072.25,25085.25,3332,25081.42,24901.95,0.00
2025-11-24,12:06:00,25084.75,25091,25076.5,25084.5,3598,25084.00,24902.73,0.00
2025-11-24,12:07:00,25084.5,25090.75,25079.75,25088.25,2483,25084.92,24903.27,0.00
2025-11-24,12:08:00,25088.5,25096,25086,25093.25,3077,25091.75,24903.96,0.00
2025-11-24,12:09:00,25094,25102.25,25091.25,25097.75,2840,25097.08,24904.61,0.00
2025-11-24,12:10:00,25098,25113.75,25093.75,25111,4515,25106.17,24905.68,0.00
2025-11-24,12:11:00,25111.25,25111.75,25094.5,25097.5,3872,25103.90,24906.57,0.00
2025-11-24,12:12:00,25097.75,25109.5,25094.25,25108.25,2455,25103.92,24907.14,0.00
2025-11-24,12:13:00,25108,25125.25,25107,25121.25,4993,25117.83,24908.36,0.00
2025-11-24,12:14:00,25121,25121.25,25109.5,25116.5,2527,25117.13,24908.97,0.00
2025-11-24,12:15:00,25116.5,25119.25,25112.5,25118.75,1951,25117.07,24909.44,0.00
2025-11-24,12:16:00,25119,25122.25,25100.25,25109.75,4196,25115.13,24910.41,0.00
2025-11-24,12:17:00,25109.75,25123,25107,25119.75,2216,25115.33,24910.93,0.00
2025-11-24,12:18:00,25119.75,25127.5,25114.5,25121.75,2857,25121.25,24911.62,0.00
2025-11-24,12:19:00,25122,25126.25,25117,25124.75,2125,25121.85,24912.13,0.00
2025-11-24,12:20:00,25124.5,25128.5,25117.75,25120.75,1944,25122.33,24912.59,0.00
2025-11-24,12:21:00,25120.75,25130.75,25118.5,25121.75,2638,25123.67,24913.23,0.00
2025-11-24,12:22:00,25121.5,25125.5,25115.25,25119.25,2294,25121.96,24913.76,0.00
2025-11-24,12:23:00,25120,25130.75,25119.5,25127.75,2151,25123.19,24914.28,0.00
2025-11-24,12:24:00,25128.25,25131.75,25124.25,25126.25,1707,25127.42,24914.69,0.00
2025-11-24,12:25:00,25126,25129.75,25121.75,25127.5,1722,25126.87,24915.10,0.00
2025-11-24,12:26:00,25126.75,25129,25114.25,25120.5,2447,25124.53,24915.67,0.00
2025-11-24,12:27:00,25120.5,25124.75,25112.25,25120,2416,25122.92,24916.21,0.00
2025-11-24,12:28:00,25120,25135.75,25116.5,25128,3479,25126.75,24917.03,0.00
2025-11-24,12:29:00,25128.25,25133,25120.5,25128,2446,25126.92,24917.60,0.00
2025-11-24,12:30:00,25128,25131.25,25113.75,25117.75,2519,25125.13,24918.17,0.00
2025-11-24,12:31:00,25117,25127,25111.5,25125.75,2933,25124.17,24918.83,0.00
2025-11-24,12:32:00,25125.75,25126.5,25111.75,25112.5,1962,25123.11,24919.26,0.00
2025-11-24,12:33:00,25112.75,25113.25,25097.75,25101.25,4557,25118.26,24920.18,0.00
2025-11-24,12:34:00,25101,25110,25093.25,25108.75,3362,25116.01,24920.86,0.00
2025-11-24,12:35:00,25109.75,25125.25,25109.75,25116.5,3310,25116.16,24921.56,0.00
2025-11-24,12:36:00,25117.25,25117.25,25099.5,25107,2706,25115.34,24922.11,0.00
2025-11-24,12:37:00,25107,25116.75,25104.25,25112.75,2082,25115.05,24922.54,0.00
2025-11-24,12:38:00,25112.75,25114,25102.75,25107.25,1582,25114.69,24922.85,0.00
2025-11-24,12:39:00,25106.75,25113.25,25101.25,25107.75,1591,25114.34,24923.17,0.00
2025-11-24,12:40:00,25107.5,25112,25098.25,25111.75,2282,25113.88,24923.62,0.00
2025-11-24,12:41:00,25111.75,25115.25,25101,25109.5,2152,25113.57,24924.05,0.00
2025-11-24,12:42:00,25110,25133,25107.75,25126.25,4072,25114.44,24924.92,0.00
2025-11-24,12:43:00,25126,25133.5,25122.25,25130.5,2353,25115.22,24925.43,0.00
2025-11-24,12:44:00,25129.75,25132,25121.75,25125.75,1783,25115.66,24925.81,0.00
2025-11-24,12:45:00,25126,25132.75,25124.25,25125.25,1918,25116.14,24926.22,0.00
2025-11-24,12:46:00,25125.25,25143.5,25122.25,25141.25,4712,25135.67,24927.26,0.00
2025-11-24,12:47:00,25141.5,25143,25130.5,25134.5,2350,25135.78,24927.78,0.00
2025-11-24,12:48:00,25134.75,25140,25126.25,25130.75,2215,25134.96,24928.26,0.00
2025-11-24,12:49:00,25131.25,25138.5,25129,25133.5,1374,25134.79,24928.55,0.00
2025-11-24,12:50:00,25132.75,25133.25,25125.75,25127.75,1267,25134.16,24928.82,0.00
2025-11-24,12:51:00,25127.75,25131,25119.75,25121,2500,25132.39,24929.33,0.00
2025-11-24,12:52:00,25120.75,25127.75,25112.5,25118.5,2851,25130.27,24929.90,0.00
2025-11-24,12:53:00,25118.5,25121,25112.75,25116.25,1507,25129.18,24930.19,0.00
2025-11-24,12:54:00,25115.25,25134.75,25114,25132.75,2692,25128.93,24930.74,0.00
2025-11-24,12:55:00,25132.25,25133.25,25121.75,25124.75,1562,25128.77,24931.06,0.00
2025-11-24,12:56:00,25124.25,25125,25104.5,25110,3030,25126.96,24931.63,0.00
2025-11-24,12:57:00,25110,25121.5,25105.5,25111.75,2090,25125.91,24932.02,0.00
2025-11-24,12:58:00,25111.5,25111.5,25096.25,25096.75,2959,25123.59,24932.54,0.00
2025-11-24,12:59:00,25097,25098.25,25087.25,25093.25,4193,25119.95,24933.22,0.00
2025-11-24,13:00:00,25093.25,25103.5,25091.5,25099.75,2351,25118.59,24933.62,0.00
2025-11-24,13:01:00,25100,25119.25,25098.75,25108.25,4033,25117.64,24934.34,0.00
2025-11-24,13:02:00,25108.5,25119.5,25104.5,25113.5,2028,25117.40,24934.71,0.00
2025-11-24,13:03:00,25114,25116.25,25100.75,25102,2487,25116.81,24935.14,0.00
2025-11-24,13:04:00,25102,25102.25,25085.75,25094,3213,25115.32,24935.65,0.00
2025-11-24,13:05:00,25094.5,25105.25,25091.5,25098.5,2400,25114.54,24936.05,0.00
2025-11-24,13:06:00,25098.75,25103.75,25090.5,25097.75,1869,25113.94,24936.35,0.00
2025-11-24,13:07:00,25097.75,25100.5,25087,25094,2002,25113.22,24936.67,0.00
2025-11-24,13:08:00,25093.5,25110.25,25093.5,25104.75,2549,25112.76,24937.09,0.00
2025-11-24,13:09:00,25105,25107.5,25095.25,25100.5,1814,25112.41,24937.39,0.00
2025-11-24,13:10:00,25101,25101.75,25086.5,25088.25,2162,25111.71,24937.72,0.00
2025-11-24,13:11:00,25088,25100.5,25084,25090.5,2585,25110.91,24938.12,0.00
2025-11-24,13:12:00,25090.5,25097.25,25084.25,25091.5,1724,25110.39,24938.38,0.00
2025-11-24,13:13:00,25092,25097,25083.25,25087,1680,25109.87,24938.63,0.00
2025-11-24,13:14:00,25087.5,25093.75,25082,25090.25,1729,25109.34,24938.89,0.00
2025-11-24,13:15:00,25089.5,25099.5,25088.75,25094.75,1508,25109.03,24939.12,0.00
2025-11-24,13:16:00,25094.25,25107,25089.25,25105.75,2540,25108.74,24939.52,0.00
2025-11-24,13:17:00,25106.25,25126.25,25106.25,25124.5,4267,25109.30,24940.27,0.00
2025-11-24,13:18:00,25124.25,25127,25116.5,25124,2230,25109.66,24940.67,0.00
2025-11-24,13:19:00,25124.5,25131.25,25119.25,25121.75,2882,25110.16,24941.19,0.00
2025-11-24,13:20:00,25122,25133,25121.75,25128.5,1913,25110.56,24941.54,0.00
2025-11-24,13:21:00,25129,25133.25,25123.5,25131.25,1694,25110.92,24941.85,0.00
2025-11-24,13:22:00,25131.25,25133.75,25128,25130,1459,25111.25,24942.11,0.00
2025-11-24,13:23:00,25129.5,25147,25129.5,25134.5,3476,25137.00,24942.77,0.00
2025-11-24,13:24:00,25134.75,25138.5,25122.75,25128.75,2914,25133.81,24943.30,0.00
2025-11-24,13:25:00,25129,25136.75,25124.5,25132.25,1641,25133.27,24943.59,0.00
2025-11-24,13:26:00,25132.25,25135.5,25122.25,25135.25,2160,25132.79,24943.98,0.00
2025-11-24,13:27:00,25135.5,25138.75,25126.25,25130.75,1347,25132.69,24944.22,0.00
2025-11-24,13:28:00,25130.75,25143.75,25130.25,25142.5,1819,25133.52,24944.56,0.00
2025-11-24,13:29:00,25142.25,25145.75,25132.25,25137,1529,25134.02,24944.85,0.00
2025-11-24,13:30:00,25136.75,25140.75,25132,25137,1039,25134.18,24945.04,0.00
2025-11-24,13:31:00,25137,25148.25,25135.5,25142,2621,25141.92,24945.53,0.00
2025-11-24,13:32:00,25142.75,25145.75,25134.25,25143.75,1532,25141.67,24945.82,0.00
2025-11-24,13:33:00,25143.25,25147,25139,25140.75,1544,25141.83,24946.11,0.00
2025-11-24,13:34:00,25141,25150.5,25136,25146,1828,25144.17,24946.45,0.00
2025-11-24,13:35:00,25145.25,25147.75,25141.25,25142.25,1011,25144.02,24946.64,0.00
2025-11-24,13:36:00,25142.75,25145.75,25137.75,25144.25,1462,25143.53,24946.91,0.00
2025-11-24,13:37:00,25144.25,25151.25,25141.5,25150.25,1453,25147.67,24947.19,0.00
2025-11-24,13:38:00,25150,25155.25,25144,25146,2430,25148.42,24947.65,0.00
2025-11-24,13:39:00,25146.25,25162.25,25142.25,25158.5,4002,25154.33,24948.43,0.00
2025-11-24,13:40:00,25158.5,25172.25,25156.25,25172.25,3788,25166.92,24949.20,0.00
2025-11-24,13:41:00,25172.25,25188.25,25167.25,25186,7931,25180.50,24950.91,0.00
2025-11-24,13:42:00,25186,25186.5,25172.75,25173.5,2995,25179.70,24951.54,0.00
2025-11-24,13:43:00,25173.75,25176,25162.75,25172.75,3128,25177.65,24952.17,0.00
2025-11-24,13:44:00,25173.5,25176,25167.5,25168.75,1444,25177.01,24952.46,0.00
2025-11-24,13:45:00,25169,25174,25166.5,25172.75,1201,25176.58,24952.71,0.00
2025-11-24,13:46:00,25173.25,25183,25169.25,25181.75,2752,25176.78,24953.28,0.00
2025-11-24,13:47:00,25181.75,25183.5,25174,25178.25,1840,25176.94,24953.66,0.00
2025-11-24,13:48:00,25178.75,25181.75,25175,25179.25,949,25177.01,24953.85,0.00
2025-11-24,13:49:00,25178.75,25188.25,25178.75,25181.25,2024,25177.49,24954.28,0.00
2025-11-24,13:50:00,25181.75,25186.25,25174.75,25183.5,1603,25177.74,24954.61,0.00
2025-11-24,13:51:00,25183.5,25187.5,25179.75,25181,1413,25178.00,24954.91,0.00
2025-11-24,13:52:00,25181,25181.75,25171,25174.75,2037,25177.85,24955.32,0.00
2025-11-24,13:53:00,25174.5,25179,25172.25,25174.75,1150,25177.75,24955.55,0.00
2025-11-24,13:54:00,25174.75,25187.25,25173.75,25186.5,1754,25178.01,24955.91,0.00
2025-11-24,13:55:00,25186.5,25193.25,25181.5,25183.5,2799,25186.08,24956.49,0.00
2025-11-24,13:56:00,25183.5,25184,25172,25174.75,2299,25181.95,24956.95,0.00
2025-11-24,13:57:00,25174.75,25177,25171.25,25176,1454,25180.35,24957.24,0.00
2025-11-24,13:58:00,25176.5,25178,25166.75,25167.5,2042,25178.07,24957.63,0.00
2025-11-24,13:59:00,25167.5,25175.75,25165.25,25172.25,1332,25177.13,24957.89,0.00
2025-11-24,14:00:00,25171.75,25178,25170.5,25173.25,1119,25176.81,24958.11,0.00
2025-11-24,14:01:00,25173,25182.5,25173,25175.75,1743,25176.84,24958.45,0.00
2025-11-24,14:02:00,25176.5,25183.5,25176.5,25181.5,1019,25177.11,24958.65,0.00
2025-11-24,14:03:00,25182,25185,25177,25182.5,1246,25177.48,24958.90,0.00
2025-11-24,14:04:00,25182.25,25188.25,25182.25,25184.75,1422,25178.13,24959.19,0.00
2025-11-24,14:05:00,25184.5,25186,25179,25181.75,1225,25178.42,24959.43,0.00
2025-11-24,14:06:00,25181.75,25188.75,25179.25,25188,1079,25178.82,24959.65,0.00
2025-11-24,14:07:00,25187.5,25188.75,25180.5,25184.75,970,25179.10,24959.85,0.00
2025-11-24,14:08:00,25185.75,25190.25,25185.25,25185.75,1382,25179.63,24960.13,0.00
2025-11-24,14:09:00,25186,25189.5,25181.75,25188.75,1489,25180.09,24960.43,0.00
2025-11-24,14:10:00,25188.5,25191,25184.25,25186,1153,25180.43,24960.66,0.00
2025-11-24,14:11:00,25186,25192.5,25182.75,25189,1348,25180.84,24960.93,0.00
2025-11-24,14:12:00,25189,25192,25185.75,25192,805,25181.12,24961.10,0.00
2025-11-24,14:13:00,25192.25,25198.75,25189.5,25195.25,2730,25194.50,24961.66,0.00
2025-11-24,14:14:00,25194.75,25207.5,25194,25202.25,3455,25201.25,24962.39,0.00
2025-11-24,14:15:00,25202.25,25204.5,25198.25,25198.75,1661,25201.01,24962.74,0.00
2025-11-24,14:16:00,25198.5,25203.25,25195.25,25197.75,1636,25200.46,24963.08,0.00
2025-11-24,14:17:00,25197.5,25200.25,25186.25,25187.75,2090,25198.32,24963.50,0.00
2025-11-24,14:18:00,25188,25188,25179.5,25184,2430,25195.20,24963.97,0.00
2025-11-24,14:19:00,25183.75,25186.75,25179,25183.5,1500,25193.78,24964.26,0.00
2025-11-24,14:20:00,25183.5,25195.25,25181.75,25192.75,2019,25193.25,24964.66,0.00
2025-11-24,14:21:00,25192.25,25200.75,25190,25199,2313,25193.70,24965.13,0.00
2025-11-24,14:22:00,25199.25,25201.5,25193,25194,1679,25193.92,24965.47,0.00
2025-11-24,14:23:00,25194.5,25195.5,25185,25189.75,2264,25193.51,24965.91,0.00
2025-11-24,14:24:00,25189.75,25200,25189.25,25199.25,1394,25193.67,24966.19,0.00
2025-11-24,14:25:00,25199.5,25202.25,25197.75,25200.5,1145,25193.99,24966.42,0.00
2025-11-24,14:26:00,25200.75,25201,25186.5,25189.75,1817,25193.88,24966.78,0.00
2025-11-24,14:27:00,25189.75,25198.25,25188.75,25194.75,940,25193.88,24966.96,0.00
2025-11-24,14:28:00,25195,25195.75,25184.75,25186.75,955,25193.71,24967.15,0.00
2025-11-24,14:29:00,25186.5,25188.75,25183,25186.5,926,25193.46,24967.32,0.00
2025-11-24,14:30:00,25186,25189,25180.75,25184.25,1461,25193.03,24967.60,0.00
2025-11-24,14:31:00,25184.25,25185.25,25166.75,25170.25,4202,25190.68,24968.34,0.00
2025-11-24,14:32:00,25170.25,25188.5,25168.5,25183,2529,25189.94,24968.80,0.00
2025-11-24,14:33:00,25182.5,25191.75,25179.25,25188.75,1806,25189.78,24969.14,0.00
2025-11-24,14:34:00,25188.25,25193,25186,25187.5,1155,25189.75,24969.36,0.00
2025-11-24,14:35:00,25186.75,25188,25178.5,25180.5,1565,25189.47,24969.64,0.00
2025-11-24,14:36:00,25180.25,25181.25,25172.5,25176.5,1570,25189.00,24969.92,0.00
2025-11-24,14:37:00,25177.25,25192.25,25176.25,25191.75,1632,25188.91,24970.22,0.00
2025-11-24,14:38:00,25191.5,25191.5,25178.75,25183.75,1539,25188.77,24970.50,0.00
2025-11-24,14:39:00,25183.5,25184.25,25177.75,25178.5,911,25188.60,24970.67,0.00
2025-11-24,14:40:00,25178.5,25189.25,25177,25187.75,952,25188.52,24970.84,0.00
2025-11-24,14:41:00,25187.5,25188.25,25174,25176,1635,25188.22,24971.13,0.00
2025-11-24,14:42:00,25176.75,25182.75,25170.5,25180.5,1664,25187.88,24971.42,0.00
2025-11-24,14:43:00,25180.75,25185.25,25178.5,25183.5,995,25187.78,24971.60,0.00
2025-11-24,14:44:00,25183.75,25187.75,25178.75,25182.5,913,25187.70,24971.76,0.00
2025-11-24,14:45:00,25182.75,25186.25,25179,25183.75,696,25187.63,24971.89,0.00
2025-11-24,14:46:00,25183.5,25188,25182.25,25186,954,25187.60,24972.06,0.00
2025-11-24,14:47:00,25187.75,25192.25,25179.25,25179.5,1635,25187.48,24972.35,0.00
2025-11-24,14:48:00,25179.75,25182.5,25173.75,25179.5,1767,25187.21,24972.66,0.00
2025-11-24,14:49:00,25179.75,25191.75,25178.5,25190.75,1180,25187.21,24972.87,0.00
2025-11-24,14:50:00,25191,25196.25,25184.75,25185.25,1896,25187.25,24973.22,0.00
2025-11-24,14:51:00,25185.25,25188.75,25181.75,25187.75,1346,25187.23,24973.46,0.00
2025-11-24,14:52:00,25187.75,25191.75,25182.75,25191,909,25187.25,24973.62,0.00
2025-11-24,14:53:00,25190.5,25191.5,25184.5,25188.25,824,25187.26,24973.77,0.00
2025-11-24,14:54:00,25187.75,25191.25,25183,25187.25,1008,25187.26,24973.95,0.00
2025-11-24,14:55:00,25187.75,25191.5,25180,25191.25,1383,25187.26,24974.20,0.00
2025-11-24,14:56:00,25190.75,25192.25,25182,25188.25,1396,25187.27,24974.45,0.00
2025-11-24,14:57:00,25188,25191.5,25180,25185.25,1362,25187.23,24974.69,0.00
2025-11-24,14:58:00,25185,25185,25179.5,25183.25,927,25187.17,24974.85,0.00
2025-11-24,14:59:00,25183,25187.25,25180,25183,796,25187.13,24974.99,0.00
2025-11-24,15:00:00,25183.5,25187.75,25178.5,25179.25,973,25187.06,24975.15,0.00
2025-11-24,15:01:00,25179.25,25189.75,25176.5,25187,1580,25187.00,24975.43,0.00
2025-11-24,15:02:00,25186.75,25193.75,25186.25,25192.5,1289,25187.07,24975.66,0.00
2025-11-24,15:03:00,25192.75,25204.25,25192.75,25197.25,2689,25187.45,24976.16,0.00
2025-11-24,15:04:00,25198,25200.25,25191,25195.5,1649,25187.62,24976.46,0.00
2025-11-24,15:05:00,25195.5,25199.25,25192,25195.5,1026,25187.72,24976.64,0.00
2025-11-24,15:06:00,25195.25,25201,25193.75,25199.5,1032,25187.85,24976.83,0.00
2025-11-24,15:07:00,25199.25,25205.25,25196.75,25201.5,1249,25188.06,24977.06,0.00
2025-11-24,15:08:00,25201.75,25204,25194.75,25203.5,1076,25188.22,24977.26,0.00
2025-11-24,15:09:00,25203.25,25213.75,25201.75,25208.75,3097,25208.08,24977.85,0.00
2025-11-24,15:10:00,25208.75,25211,25204,25206.75,1490,25207.81,24978.13,0.00
2025-11-24,15:11:00,25207,25212,25201.5,25209.5,1527,25207.78,24978.42,0.00
2025-11-24,15:12:00,25210,25210.25,25202.5,25203.5,976,25207.45,24978.60,0.00
2025-11-24,15:13:00,25203.75,25209,25201.75,25208.25,1028,25207.31,24978.79,0.00
2025-11-24,15:14:00,25208.75,25211.5,25198.25,25199,1509,25206.62,24979.07,0.00
2025-11-24,15:15:00,25198.75,25206,25198.75,25203.75,970,25206.27,24979.25,0.00
2025-11-24,15:16:00,25203.75,25209.75,25201.75,25205.75,1361,25206.21,24979.50,0.00
2025-11-24,15:17:00,25205.75,25209.5,25200.5,25206,1180,25206.14,24979.72,0.00
2025-11-24,15:18:00,25206.25,25206.25,25195.25,25196.25,1405,25205.47,24979.97,0.00
2025-11-24,15:19:00,25196.25,25199.75,25191.75,25198.75,1623,25204.59,24980.26,0.00
2025-11-24,15:20:00,25199,25206,25196.25,25204.5,1283,25204.42,24980.49,0.00
2025-11-24,15:21:00,25204.25,25204.75,25194.75,25197.25,1028,25204.12,24980.67,0.00
2025-11-24,15:22:00,25197.25,25204,25195.75,25199.75,967,25203.90,24980.84,0.00
2025-11-24,15:23:00,25199.75,25201.5,25192,25194.25,1198,25203.44,24981.05,0.00
2025-11-24,15:24:00,25195.25,25198.25,25193.25,25194.75,815,25203.13,24981.19,0.00
2025-11-24,15:25:00,25194.75,25199.25,25193.25,25195,865,25202.85,24981.34,0.00
2025-11-24,15:26:00,25194.5,25200.5,25190.5,25196,1135,25202.50,24981.54,0.00
2025-11-24,15:27:00,25195.75,25195.75,25187.75,25191.25,1186,25201.98,24981.74,0.00
2025-11-24,15:28:00,25191,25191.5,25182,25184.5,1990,25200.78,24982.07,0.00
2025-11-24,15:29:00,25184.5,25193.25,25182.5,25189.75,1522,25200.12,24982.32,0.00
2025-11-24,15:30:00,25190.5,25190.5,25181.5,25185.75,1197,25199.54,24982.52,0.00
2025-11-24,15:31:00,25186,25189.75,25171.75,25172.25,2573,25197.80,24982.92,0.00
2025-11-24,15:32:00,25172.5,25175,25164.25,25170,3198,25195.24,24983.40,0.00
2025-11-24,15:33:00,25170,25176.75,25164.25,25164.5,2159,25193.70,24983.72,0.00
2025-11-24,15:34:00,25165,25174,25158.5,25169.75,2708,25191.92,24984.12,0.00
2025-11-24,15:35:00,25169.25,25170.25,25159.75,25168.75,1849,25190.78,24984.39,0.00
2025-11-24,15:36:00,25169,25169,25156,25165,2743,25189.09,24984.78,0.00
2025-11-24,15:37:00,25165,25168,25155.25,25165.75,2381,25187.77,24985.12,0.00
2025-11-24,15:38:00,25166.5,25176.5,25163.25,25174.5,2201,25187.04,24985.44,0.00
2025-11-24,15:39:00,25174.5,25186.5,25173,25184.75,2716,25186.74,24985.86,0.00
2025-11-24,15:40:00,25184.75,25190,25182.5,25184,1815,25186.70,24986.15,0.00
2025-11-24,15:41:00,25184.25,25189.25,25178.5,25189,2872,25186.65,24986.60,0.00
2025-11-24,15:42:00,25188.5,25192,25180,25180.75,1642,25186.58,24986.86,0.00
2025-11-24,15:43:00,25180.5,25180.5,25172.25,25177.75,2082,25186.24,24987.17,0.00
2025-11-24,15:44:00,25177.5,25179.25,25170.25,25172.75,1102,25186.02,24987.33,0.00
2025-11-24,15:45:00,25172.5,25177,25168.25,25169,1218,25185.74,24987.51,0.00
2025-11-24,15:46:00,25169.25,25173.5,25161.5,25163.25,2370,25185.02,24987.84,0.00
2025-11-24,15:47:00,25163,25166.5,25159,25164,1730,25184.46,24988.08,0.00
2025-11-24,15:48:00,25164,25170,25159.5,25159.5,1489,25183.99,24988.28,0.00
2025-11-24,15:49:00,25159.75,25168,25159.75,25166,1030,25183.70,24988.42,0.00
2025-11-24,15:50:00,25166,25167.25,25160.25,25163.25,1011,25183.41,24988.56,0.00
2025-11-24,15:51:00,25163.75,25178.75,25163.25,25176.75,2295,25183.08,24988.89,0.00
2025-11-24,15:52:00,25176.75,25177.75,25163.25,25166.75,1395,25182.82,24989.09,0.00
2025-11-24,15:53:00,25166.5,25169.5,25155.5,25157.25,2037,25182.22,24989.36,0.00
2025-11-24,15:54:00,25157.75,25159.75,25146.5,25151.25,3355,25180.97,24989.78,0.00
2025-11-24,15:55:00,25151.75,25164,25147.75,25163.25,2153,25180.37,24990.06,0.00
2025-11-24,15:56:00,25163,25171.75,25161.5,25169.25,1868,25180.08,24990.32,0.00
2025-11-24,15:57:00,25169.5,25181.75,25164.5,25165.75,4066,25179.64,24990.88,0.00
2025-11-24,15:58:00,25165.25,25176.25,25157,25170,2661,25179.29,24991.24,0.00
2025-11-24,15:59:00,25170,25172,25162.75,25170.75,1211,25179.15,24991.41,0.00
2025-11-24,16:00:00,25170,25174.75,25161.5,25167,1729,25178.94,24991.64,0.00
2025-11-24,16:01:00,25167.5,25175.25,25166,25173,2072,25178.77,24991.93,0.00
2025-11-24,16:02:00,25172.25,25181,25171.5,25179.25,1906,25178.74,24992.20,0.00
2025-11-24,16:03:00,25178.75,25183.25,25174.25,25183,1722,25178.77,24992.45,0.00
2025-11-24,16:04:00,25183.25,25196.25,25181.5,25192,3325,25179.13,24992.94,0.00
2025-11-24,16:05:00,25192,25201.5,25189,25200.5,2608,25179.58,24993.35,0.00
2025-11-24,16:06:00,25200.25,25203,25194.75,25200.25,1983,25179.94,24993.66,0.00
2025-11-24,16:07:00,25199.5,25201.5,25193.75,25196.75,1286,25180.15,24993.86,0.00
2025-11-24,16:08:00,25196.75,25204.25,25194,25198.5,1744,25180.45,24994.13,0.00
2025-11-24,16:09:00,25198.75,25202,25194.25,25195.25,904,25180.59,24994.27,0.00
2025-11-24,16:10:00,25194.5,25198.5,25192.75,25194,1048,25180.72,24994.43,0.00
2025-11-24,16:11:00,25193.75,25193.75,25185.25,25187.5,1921,25180.86,24994.71,0.00
2025-11-24,16:12:00,25187.25,25194.25,25183.5,25193.25,1311,25180.97,24994.90,0.00
2025-11-24,16:13:00,25193.25,25199.5,25189,25199.25,1539,25181.16,24995.13,0.00
2025-11-24,16:14:00,25199.5,25206,25197.5,25198.5,1991,25181.49,24995.44,0.00
2025-11-24,16:15:00,25198,25198.25,25190.25,25193,1400,25181.64,24995.65,0.00
2025-11-24,16:16:00,25192.75,25197.25,25187.5,25196.25,1701,25181.81,24995.90,0.00
2025-11-24,16:17:00,25196,25202.25,25195.25,25201,1186,25181.98,24996.09,0.00
2025-11-24,16:18:00,25201.5,25217,25201,25209.25,3312,25209.08,24996.61,0.00
2025-11-24,16:19:00,25209.5,25212,25205.5,25207,1381,25208.81,24996.83,0.00
2025-11-24,16:20:00,25207.25,25212.5,25202.75,25203.75,1325,25208.27,24997.04,0.00
2025-11-24,16:21:00,25203.25,25205,25194.5,25197,2451,25205.54,24997.41,0.00
2025-11-24,16:22:00,25197.5,25209.75,25195,25206.25,1896,25205.20,24997.70,0.00
2025-11-24,16:23:00,25206.25,25210.5,25199.25,25199.75,1415,25204.95,24997.91,0.00
2025-11-24,16:24:00,25199.75,25204.75,25195.5,25200,1046,25204.55,24998.07,0.00
2025-11-24,16:25:00,25199.75,25199.75,25193.75,25196.5,1122,25203.92,24998.24,0.00
2025-11-24,16:26:00,25196,25197.5,25188.5,25189.5,1471,25202.77,24998.45,0.00
2025-11-24,16:27:00,25189,25189,25178.5,25184.25,2871,25199.81,24998.84,0.00
2025-11-24,16:28:00,25184.75,25194.75,25183.75,25191.75,1717,25198.97,24999.08,0.00
2025-11-24,16:29:00,25191.75,25194.75,25187.5,25189.5,1005,25198.57,24999.23,0.00
2025-11-24,16:30:00,25189.25,25193.25,25187.25,25189.25,860,25198.23,24999.35,0.00
2025-11-24,16:31:00,25189.5,25190.5,25179.75,25183.75,1971,25197.11,24999.62,0.00
2025-11-24,16:32:00,25183.5,25194,25183.25,25192,1584,25196.65,24999.84,0.00
2025-11-24,16:33:00,25191.75,25193.5,25187.5,25190,876,25196.44,24999.96,0.00
2025-11-24,16:34:00,25190.75,25204.25,25189.25,25197.75,2092,25196.49,25000.26,0.00
2025-11-24,16:35:00,25197.75,25200.5,25194.5,25197,1008,25196.52,25000.41,0.00
2025-11-24,16:36:00,25197,25201.75,25193.25,25195.5,1108,25196.53,25000.57,0.00
2025-11-24,16:37:00,25195.75,25206,25195.5,25201.75,1357,25196.72,25000.77,0.00
2025-11-24,16:38:00,25201.25,25207.75,25199,25207.25,1601,25197.10,25001.01,0.00
2025-11-24,16:39:00,25207.25,25209.25,25203.75,25207.25,1152,25197.42,25001.18,0.00
2025-11-24,16:40:00,25207.25,25207.5,25202,25205,843,25197.60,25001.30,0.00
2025-11-24,16:41:00,25204.75,25204.75,25198.5,25201.25,1177,25197.73,25001.48,0.00
2025-11-24,16:42:00,25201.25,25209.5,25201.25,25205.75,1328,25198.00,25001.67,0.00
2025-11-24,16:43:00,25205.75,25205.75,25196.25,25198.75,1664,25198.09,25001.91,0.00
2025-11-24,16:44:00,25198.5,25204.25,25193.5,25204,1492,25198.18,25002.13,0.00
2025-11-24,16:45:00,25204,25214.75,25203.75,25210.5,2256,25198.78,25002.47,0.00
2025-11-24,16:46:00,25210.75,25221.5,25210.75,25215.5,3599,25215.92,25003.03,0.00
2025-11-24,16:47:00,25215.25,25219.5,25209.25,25209.5,1804,25214.86,25003.30,0.00
2025-11-24,16:48:00,25209,25211.25,25204.25,25207,1802,25213.02,25003.57,0.00
2025-11-24,16:49:00,25206.5,25212,25203.5,25205.5,1517,25211.97,25003.79,0.00
2025-11-24,16:50:00,25205.5,25210.5,25197.25,25208,2594,25210.43,25004.16,0.00
2025-11-24,16:51:00,25208,25217,25182,25184.75,7006,25204.37,25005.12,0.00
2025-11-24,16:52:00,25185.5,25204,25184.5,25190.75,3450,25202.58,25005.58,0.00
2025-11-24,16:53:00,25190.5,25196.25,25181.5,25189,3006,25200.92,25005.98,0.00
2025-11-24,16:54:00,25189.25,25227,25184.5,25224.75,5313,25212.08,25006.75,0.00
2025-11-24,16:55:00,25225,25240.25,25221.5,25233.25,6593,25231.67,25007.80,0.00
2025-11-24,16:56:00,25233,25246.5,25230.75,25231.25,6330,25236.17,25008.82,0.00
2025-11-24,16:57:00,25231.5,25237.25,25218.25,25225.5,3958,25232.64,25009.43,0.00
2025-11-24,16:58:00,25225.25,25226.5,25194.75,25199,4955,25224.22,25010.11,0.00
2025-11-24,16:59:00,25199.25,25211.25,25196.75,25201.25,3645,25220.14,25010.60,0.00
2025-11-24,17:00:00,25201.5,25218,25187,25189.5,12638,25211.33,25012.24,0.00
2025-11-24,17:01:00,25190,25195.5,25178,25187,6783,25207.00,25013.06,0.00
2025-11-24,17:02:00,25188.25,25200,25186.75,25194.25,2722,25206.11,25013.40,0.00
2025-11-24,17:03:00,25194,25199.5,25187.75,25196,1731,25205.64,25013.61,0.00
2025-11-24,17:04:00,25195.25,25214,25194.25,25211.5,2070,25205.68,25013.88,0.00
2025-11-24,17:05:00,25211.25,25212,25203.5,25203.5,1280,25205.70,25014.05,0.00
2025-11-24,17:06:00,25204.25,25210,25201,25206.25,1138,25205.70,25014.20,0.00
2025-11-24,17:07:00,25206,25206.75,25199,25201.75,811,25205.65,25014.31,0.00
2025-11-24,17:08:00,25202.75,25214,25200.75,25212.75,983,25205.72,25014.44,0.00
2025-11-24,17:09:00,25213,25220.5,25212,25218.75,1478,25206.05,25014.64,0.00
2025-11-24,17:10:00,25218.5,25219.25,25210.5,25215,1071,25206.23,25014.79,0.00
2025-11-24,17:11:00,25215,25217,25206.25,25210.75,1126,25206.34,25014.94,0.00
2025-11-24,17:12:00,25211.25,25218.25,25210.25,25215.25,602,25206.44,25015.02,0.00
2025-11-24,17:13:00,25215.75,25223,25215,25219.75,793,25206.62,25015.13,0.00
2025-11-24,17:14:00,25219.75,25223,25218,25222,686,25206.80,25015.23,0.00
2025-11-24,17:15:00,25221.5,25224.75,25211.5,25213.25,1200,25207.01,25015.39,0.00
2025-11-24,17:16:00,25213,25218.75,25210.75,25217,553,25207.09,25015.47,0.00
2025-11-24,17:17:00,25217,25217,25208,25211,697,25207.15,25015.56,0.00
2025-11-24,17:18:00,25211.25,25214.5,25208,25209.5,352,25207.18,25015.61,0.00
2025-11-24,17:19:00,25209.5,25210.5,25205,25205.5,522,25207.17,25015.68,0.00
2025-11-24,17:20:00,25205,25206.5,25202,25203,588,25207.14,25015.75,0.00
2025-11-24,17:21:00,25203.75,25209.75,25201.5,25207.5,474,25207.13,25015.81,0.00
2025-11-24,17:22:00,25207.75,25210.5,25206.5,25207.25,267,25207.14,25015.85,0.00
2025-11-24,17:23:00,25207.25,25209.5,25204.5,25208.5,283,25207.14,25015.88,0.00
2025-11-24,17:24:00,25208.5,25215.25,25208.25,25212.75,677,25207.20,25015.97,0.00
2025-11-24,17:25:00,25212.5,25222,25212,25220.75,569,25207.30,25016.05,0.00
2025-11-24,17:26:00,25220.75,25226.25,25218,25225,670,25207.47,25016.15,0.00
2025-11-24,17:27:00,25225.25,25225.25,25216.25,25217.5,518,25207.57,25016.22,0.00
2025-11-24,17:28:00,25217.75,25222.75,25217,25221.25,325,25207.64,25016.26,0.00
2025-11-24,17:29:00,25220.75,25221.25,25214.25,25215.5,403,25207.70,25016.32,0.00
2025-11-24,17:30:00,25215.5,25217.5,25213.25,25215.75,418,25207.75,25016.37,0.00
2025-11-24,17:31:00,25215.5,25219.75,25215.5,25219.25,366,25207.81,25016.42,0.00
2025-11-24,17:32:00,25219,25219.75,25215,25215.75,380,25207.86,25016.47,0.00
2025-11-24,17:33:00,25215.25,25215.25,25212.25,25213.75,296,25207.89,25016.51,0.00
2025-11-24,17:34:00,25213.75,25215.75,25212.5,25214.25,242,25207.91,25016.55,0.00
2025-11-24,17:35:00,25213.75,25216.5,25209.25,25212,501,25207.95,25016.61,0.00
2025-11-24,17:36:00,25212,25213.75,25207.75,25213.75,443,25207.97,25016.67,0.00
2025-11-24,17:37:00,25214.25,25222.25,25214.25,25222,447,25208.05,25016.73,0.00
2025-11-24,17:38:00,25221.75,25228.5,25221.25,25227.25,631,25208.22,25016.82,0.00
2025-11-24,17:39:00,25227.25,25227.5,25219.25,25219.25,366,25208.30,25016.87,0.00
2025-11-24,17:40:00,25219,25226,25218.75,25224,312,25208.36,25016.92,0.00
2025-11-24,17:41:00,25224.75,25227.75,25223.75,25226.75,229,25208.42,25016.95,0.00
2025-11-24,17:42:00,25226.25,25226.5,25220,25220,287,25208.48,25016.99,0.00
2025-11-24,17:43:00,25219.75,25222,25216.75,25221.5,251,25208.52,25017.02,0.00
2025-11-24,17:44:00,25221.25,25223.5,25218.75,25222.25,208,25208.56,25017.05,0.00
2025-11-24,17:45:00,25222,25222.25,25217.75,25218,335,25208.62,25017.10,0.00
2025-11-24,17:46:00,25218,25218.25,25213.75,25214.75,378,25208.65,25017.15,0.00
2025-11-24,17:47:00,25214.5,25217.5,25214,25217.25,317,25208.69,25017.19,0.00
2025-11-24,17:48:00,25217,25218.75,25215.75,25217,191,25208.71,25017.22,0.00
2025-11-24,17:49:00,25217.5,25217.75,25214.25,25216.5,176,25208.73,25017.24,0.00
2025-11-24,17:50:00,25216.5,25222,25213.75,25220.5,330,25208.78,25017.28,0.00
2025-11-24,17:51:00,25220,25220.25,25215.75,25219.5,417,25208.84,25017.34,0.00
2025-11-24,17:52:00,25219.75,25223.25,25217.5,25221.5,461,25208.91,25017.40,0.00
2025-11-24,17:53:00,25222,25223.75,25219.75,25219.75,215,25208.95,25017.43,0.00
2025-11-24,17:54:00,25219.5,25222.25,25218.75,25219,121,25208.97,25017.45,0.00
2025-11-24,17:55:00,25218.5,25220.25,25217.75,25219.75,128,25208.99,25017.47,0.00
2025-11-24,17:56:00,25219.25,25219.75,25217,25218.75,438,25209.05,25017.53,0.00
2025-11-24,17:57:00,25218.5,25219.25,25216.75,25217.5,189,25209.07,25017.55,0.00
2025-11-24,17:58:00,25217,25218.25,25215.75,25216.75,191,25209.09,25017.58,0.00
2025-11-24,17:59:00,25216.75,25219,25215.5,25217.75,226,25209.12,25017.61,0.00
2025-11-24,18:00:00,25217.25,25218.25,25214,25215.75,504,25209.16,25017.67,0.00
2025-11-24,19:01:00,25226.5,25233,25215.5,25225.75,1380,25224.75,25224.75,0.00
2025-11-24,19:02:00,25227.25,25236,25221,25234.75,922,25230.58,25227.09,0.00
2025-11-24,19:03:00,25234.75,25235.75,25223.25,25230.5,701,25230.26,25227.73,0.00
2025-11-24,19:04:00,25230,25233,25224.25,25229.75,715,25229.87,25227.97,0.00
2025-11-24,19:05:00,25229.5,25230.5,25218.25,25220.5,475,25228.73,25227.42,0.00
2025-11-24,19:06:00,25221.5,25227,25219.5,25226.25,403,25228.17,25227.14,0.00
2025-11-24,19:07:00,25226.25,25230.25,25223.75,25225.75,340,25228.02,25227.10,0.00
2025-11-24,19:08:00,25225.75,25225.75,25218.25,25219.5,288,25227.50,25226.78,0.00
2025-11-24,19:09:00,25220.75,25222.25,25215.25,25216,480,25226.43,25217.83,0.00
2025-11-24,19:10:00,25216.25,25218.5,25209,25211.5,1028,25223.85,25213.00,0.00
2025-11-24,19:11:00,25211.75,25217.75,25208.75,25217,493,25223.06,25214.50,0.00
2025-11-24,19:12:00,25217,25217.25,25209.25,25212.25,355,25222.48,25213.84,0.00
2025-11-24,19:13:00,25213,25214.25,25209.25,25213.25,524,25221.68,25213.23,0.00
2025-11-24,19:14:00,25212.75,25218,25211.25,25216.75,241,25221.46,25213.55,0.00
2025-11-24,19:15:00,25216.75,25222.5,25214.5,25218.25,669,25221.20,25214.97,0.00
2025-11-24,19:16:00,25218.25,25218.25,25209.5,25209.75,446,25220.72,25214.57,0.00
2025-11-24,19:17:00,25209.75,25211,25204.25,25208.25,632,25219.78,25207.83,0.00
2025-11-24,19:18:00,25208.75,25213.5,25206.25,25211.75,241,25219.53,25208.57,0.00
2025-11-24,19:19:00,25212,25225.75,25210.5,25222,772,25219.52,25213.66,0.00
2025-11-24,19:20:00,25221.75,25223,25213.5,25213.5,395,25219.41,25214.24,0.00
2025-11-24,19:21:00,25214.25,25219,25214,25215.5,228,25219.34,25214.44,0.00
2025-11-24,19:22:00,25215.5,25220.25,25214.25,25219,172,25219.31,25214.68,0.00
2025-11-24,19:23:00,25218.25,25222.25,25214.5,25214.5,405,25219.23,25215.02,0.00
2025-11-24,19:24:00,25215.25,25217,25213.5,25214.25,154,25219.17,25215.01,0.00
2025-11-24,19:25:00,25215,25216,25213.5,25214.5,113,25219.13,25215.00,0.00
2025-11-24,19:26:00,25213.75,25218.25,25213.5,25216.25,209,25219.07,25215.06,0.00
2025-11-24,19:27:00,25216,25218,25214.25,25216.25,121,25219.04,25215.10,0.00
2025-11-24,19:28:00,25216.25,25218.75,25215.5,25217.5,213,25219.01,25215.23,0.00
2025-11-24,19:29:00,25218,25219,25214.5,25218,148,25218.98,25215.30,0.00
2025-11-24,19:30:00,25217,25218,25214,25215.25,111,25218.95,25215.32,0.00
2025-11-24,19:31:00,25216,25221,25214.5,25218.75,325,25218.93,25215.53,0.00
2025-11-24,19:32:00,25218.75,25219,25212.75,25214.25,306,25218.84,25215.51,0.00
2025-11-24,19:33:00,25214,25218.75,25212.75,25215.25,204,25218.79,25215.52,0.00
2025-11-24,19:34:00,25214.75,25217.25,25211.25,25216.25,196,25218.73,25215.49,0.00
2025-11-24,19:35:00,25215.5,25218.75,25215,25217,241,25218.70,25215.56,0.00
2025-11-24,19:36:00,25216.75,25220.25,25216.5,25218.25,150,25218.70,25215.64,0.00
2025-11-24,19:37:00,25218.25,25219.5,25216,25216.75,172,25218.68,25215.69,0.00
2025-11-24,19:38:00,25217.25,25221.5,25214.25,25219,239,25218.67,25215.80,0.00
2025-11-24,19:39:00,25218.5,25221,25218.5,25220.5,188,25218.69,25215.93,0.00
2025-11-24,19:40:00,25220.5,25224.25,25219.25,25223.5,333,25218.77,25216.27,0.00
2025-11-24,19:41:00,25223.5,25232,25223.5,25227,735,25219.20,25217.45,0.00
2025-11-24,19:42:00,25226.75,25229.5,25225.5,25227.5,403,25219.42,25218.00,0.00
2025-11-24,19:43:00,25227.5,25230,25223,25223.75,417,25219.58,25218.40,0.00
2025-11-24,19:44:00,25224.25,25227.5,25220.25,25225.75,268,25219.66,25218.60,0.00
2025-11-24,19:45:00,25225.5,25228,25224.75,25227.5,228,25219.76,25218.83,0.00
2025-11-24,19:46:00,25227,25228.75,25224,25228.75,158,25219.83,25218.98,0.00
2025-11-24,19:47:00,25228,25235.5,25226.25,25234.25,596,25220.25,25219.84,0.00
2025-11-24,19:48:00,25234.25,25240,25233.75,25236.25,707,25236.67,25221.05,0.00
2025-11-24,19:49:00,25236.5,25238,25232.25,25233.75,429,25235.91,25221.63,0.00
2025-11-24,19:50:00,25233.25,25234.5,25227,25230.25,391,25234.55,25221.96,0.00
2025-11-24,19:51:00,25230.75,25233.5,25229.75,25232,244,25234.16,25222.18,0.00
2025-11-24,19:52:00,25232.5,25237.5,25232.5,25233.5,382,25234.22,25222.60,0.00
2025-11-24,19:53:00,25233.25,25233.25,25228.25,25232,364,25233.78,25222.87,0.00
2025-11-24,19:54:00,25231.75,25232.75,25228.5,25228.75,196,25233.51,25222.98,0.00
2025-11-24,19:55:00,25229.25,25230.5,25226.5,25227,264,25233.02,25223.09,0.00
2025-11-24,19:56:00,25227.75,25231.25,25226.25,25226.75,256,25232.63,25223.20,0.00
2025-11-24,19:57:00,25226.5,25228.75,25224.25,25226.25,267,25232.15,25223.27,0.00
2025-11-24,19:58:00,25226.75,25227.5,25220.75,25221.5,314,25231.42,25223.27,0.00
2025-11-24,19:59:00,25221.5,25222.25,25216.75,25217.25,372,25230.29,25223.14,0.00
2025-11-24,20:00:00,25218,25218.25,25213,25213,538,25228.52,25222.81,0.00
2025-11-24,20:01:00,25213.25,25213.5,25206,25206.75,935,25225.26,25221.92,0.00
2025-11-24,20:02:00,25207.25,25209.5,25201.5,25203.25,720,25222.94,25204.75,0.00
2025-11-24,20:03:00,25203.5,25203.5,25191.5,25193.75,1109,25218.99,25196.25,0.00
2025-11-24,20:04:00,25194,25194,25186,25189.75,887,25215.91,25189.92,0.00
2025-11-24,20:05:00,25189.5,25197.5,25187.75,25193.5,686,25214.17,25191.22,0.00
2025-11-24,20:06:00,25193.75,25201.5,25191.75,25199.5,664,25213.04,25193.11,0.00
2025-11-24,20:07:00,25200,25203.5,25194.25,25195.5,787,25211.89,25194.32,0.00
2025-11-24,20:08:00,25197.25,25199.5,25190.25,25194.75,477,25211.15,25194.39,0.00
2025-11-24,20:09:00,25195.25,25196.75,25191.5,25193,354,25210.61,25194.33,0.00
2025-11-24,20:10:00,25193.5,25193.5,25186.75,25188.75,489,25209.74,25193.81,0.00
2025-11-24,20:11:00,25188.5,25191,25185.25,25186.75,712,25208.49,25187.67,0.00
2025-11-24,20:12:00,25186.75,25192.5,25184.75,25191.5,520,25207.74,25189.58,0.00
2025-11-24,20:13:00,25191.25,25198.5,25189.25,25196,711,25207.06,25192.47,0.00
2025-11-24,20:14:00,25195.75,25196.25,25187.25,25188.5,436,25206.56,25192.00,0.00
2025-11-24,20:15:00,25188.25,25191.75,25186,25190.5,477,25206.00,25191.42,0.00
2025-11-24,20:16:00,25190.25,25193.25,25186.75,25189.75,482,25205.49,25191.15,0.00
2025-11-24,20:17:00,25189.25,25193,25182,25187.5,872,25204.51,25187.50,0.00
2025-11-24,20:18:00,25187.5,25193,25183.75,25186.25,422,25204.08,25187.55,0.00
2025-11-24,20:19:00,25185.5,25186.25,25181,25183.75,416,25203.58,25183.67,0.00
2025-11-24,20:20:00,25183.25,25188.5,25181.5,25187.75,507,25203.06,25184.90,0.00
2025-11-24,20:21:00,25187.25,25195,25186.25,25190,511,25202.70,25186.87,0.00
2025-11-24,20:22:00,25191,25191.5,25185.25,25186,337,25202.42,25187.00,0.00
2025-11-24,20:23:00,25185.5,25187,25182.5,25183.25,338,25202.09,25186.56,0.00
2025-11-24,20:24:00,25184.5,25186.25,25183,25185.75,189,25201.92,25186.43,0.00
2025-11-24,20:25:00,25186.25,25190.5,25185.5,25189.5,349,25201.67,25186.71,0.00
2025-11-24,20:26:00,25189,25189.25,25183.25,25187,239,25201.49,25186.69,0.00
2025-11-24,20:27:00,25186.5,25186.5,25180.25,25181.25,481,25201.03,25182.67,0.00
2025-11-24,20:28:00,25181.25,25183.25,25179,25179.25,401,25200.62,25180.50,0.00
2025-11-24,20:29:00,25179,25184.5,25172,25184.5,1608,25199.13,25180.33,0.00
2025-11-24,20:30:00,25183.75,25183.75,25177.75,25179.5,355,25198.83,25180.33,0.00
2025-11-24,20:31:00,25180.25,25187,25179.75,25183.25,477,25198.50,25180.92,0.00
2025-11-24,20:32:00,25183,25186.25,25181,25183.5,283,25198.32,25181.20,0.00
2025-11-24,20:33:00,25183.5,25185.75,25180.25,25184.5,277,25198.14,25181.41,0.00
2025-11-24,20:34:00,25184,25192.25,25183.75,25191.25,485,25197.96,25182.48,0.00
2025-11-24,20:35:00,25191.75,25200.75,25190.5,25199.5,867,25197.92,25185.35,0.00
2025-11-24,20:36:00,25199.75,25205.25,25199.25,25203.75,711,25198.05,25187.80,0.00
2025-11-24,20:37:00,25203,25204.5,25199.75,25204,410,25198.13,25188.92,0.00
2025-11-24,20:38:00,25204.25,25205.25,25196,25198.5,460,25198.16,25189.77,0.00
2025-11-24,20:39:00,25198.75,25200.75,25197.5,25199.25,287,25198.17,25190.20,0.00
2025-11-24,20:40:00,25200.25,25200.25,25188.25,25193.25,659,25198.07,25190.56,0.00
2025-11-24,20:41:00,25193.25,25194.25,25184.75,25186,650,25197.84,25190.37,0.00
2025-11-24,20:42:00,25186.5,25190,25185.25,25186.5,351,25197.71,25190.23,0.00
2025-11-24,20:43:00,25186.5,25192,25184,25184.25,434,25197.54,25190.05,0.00
2025-11-24,20:44:00,25184.5,25185.75,25178.75,25179.25,530,25197.24,25189.52,0.00
2025-11-24,20:45:00,25179.25,25186.25,25177.75,25185.25,462,25197.02,25189.20,0.00
2025-11-24,20:46:00,25184.75,25193,25183.75,25191.5,485,25196.90,25189.21,0.00
2025-11-24,20:47:00,25191.25,25192.5,25188.25,25190.25,255,25196.85,25189.24,0.00
2025-11-24,20:48:00,25191,25195.25,25191,25191.75,348,25196.80,25189.35,0.00
2025-11-24,20:49:00,25192,25192,25184.75,25187.75,423,25196.68,25189.31,0.00
2025-11-24,20:50:00,25188.25,25192,25186.75,25190,385,25196.59,25189.32,0.00
2025-11-24,20:51:00,25189.25,25193.5,25186.25,25192.5,319,25196.53,25189.36,0.00
2025-11-24,20:52:00,25192.25,25200.25,25189.5,25199.25,661,25196.53,25189.74,0.00
2025-11-24,20:53:00,25199.25,25201,25196.25,25200.25,329,25196.56,25189.98,0.00
2025-11-24,20:54:00,25200.25,25201.75,25198.25,25200.5,227,25196.58,25190.16,0.00
2025-11-24,20:55:00,25200.25,25203.25,25200.25,25200.75,378,25196.64,25190.49,0.00
2025-11-24,20:56:00,25200.25,25210.5,25199.5,25207,783,25196.84,25191.34,0.00
2025-11-24,20:57:00,25206.75,25213,25205.25,25210.75,576,25197.06,25192.07,0.00
2025-11-24,20:58:00,25210.5,25217.25,25209.5,25214.5,745,25197.41,25193.13,0.00
2025-11-24,20:59:00,25215,25217,25212.25,25212.25,306,25197.55,25193.54,0.00
2025-11-24,21:00:00,25212.25,25213.5,25207.75,25211.25,441,25197.71,25194.02,0.00
2025-11-24,21:01:00,25210.75,25212.75,25202,25208,580,25197.87,25194.50,0.00
2025-11-24,21:02:00,25207.75,25211,25202.25,25210.5,456,25197.99,25194.86,0.00
2025-11-24,21:03:00,25210.75,25215,25208,25212,429,25198.14,25195.27,0.00
2025-11-24,21:04:00,25212,25213.5,25207.25,25210.5,236,25198.22,25195.47,0.00
2025-11-24,21:05:00,25210.5,25215.75,25207.75,25208.25,365,25198.34,25195.78,0.00
2025-11-24,21:06:00,25208.25,25214.5,25204.5,25205,335,25198.42,25196.00,0.00
2025-11-24,21:07:00,25205,25208.75,25201.5,25203.75,446,25198.49,25196.21,0.00
2025-11-24,21:08:00,25203.5,25209,25201.5,25202,292,25198.54,25196.33,0.00
2025-11-24,21:09:00,25201.5,25203.75,25196.75,25203.25,687,25198.58,25196.50,0.00
2025-11-24,21:10:00,25202.75,25207.25,25197.75,25197.75,365,25198.60,25196.58,0.00
2025-11-24,21:11:00,25197.25,25201.5,25195.75,25199.25,413,25198.61,25196.62,0.00
2025-11-24,21:12:00,25198.75,25205,25198.75,25200.5,303,25198.63,25196.69,0.00
2025-11-24,21:13:00,25200.25,25203.75,25200.25,25201.5,130,25198.64,25196.72,0.00
2025-11-24,21:14:00,25201.25,25203.25,25196,25199,268,25198.64,25196.76,0.00
2025-11-24,21:15:00,25199,25201.5,25194.75,25195.5,306,25198.63,25196.77,0.00
2025-11-24,21:16:00,25195.75,25199.5,25193.25,25195,368,25198.61,25196.75,0.00
2025-11-24,21:17:00,25195.25,25201,25193.75,25199.75,242,25198.61,25196.77,0.00
2025-11-24,21:18:00,25199.5,25199.5,25188.75,25191.75,690,25198.52,25196.66,0.00
2025-11-24,21:19:00,25191.5,25193.25,25184.5,25188.75,521,25198.41,25196.49,0.00
2025-11-24,21:20:00,25188,25196,25188,25194.25,374,25198.36,25196.43,0.00
2025-11-24,21:21:00,25194.25,25201,25193.25,25197.75,446,25198.35,25196.45,0.00
2025-11-24,21:22:00,25197.5,25200,25194,25199.25,313,25198.34,25196.46,0.00
2025-11-24,21:23:00,25198.75,25206,25196.75,25201,568,25198.38,25196.57,0.00
2025-11-24,21:24:00,25200.75,25205,25198.5,25199.5,269,25198.39,25196.62,0.00
2025-11-24,21:25:00,25199,25203.75,25196.25,25198.5,353,25198.40,25196.66,0.00
2025-11-24,21:26:00,25198.5,25206,25198.5,25203.5,336,25198.43,25196.74,0.00
2025-11-24,21:27:00,25203.75,25204.25,25198,25201,252,25198.45,25196.78,0.00
2025-11-24,21:28:00,25201.25,25205.25,25194.75,25195.75,345,25198.45,25196.80,0.00
2025-11-24,21:29:00,25195.25,25197.5,25192.75,25194,313,25198.42,25196.78,0.00
2025-11-24,21:30:00,25193.5,25197,25193,25195.25,196,25198.41,25196.76,0.00
2025-11-24,21:31:00,25195.5,25197.75,25192.75,25195,273,25198.39,25196.75,0.00
2025-11-24,21:32:00,25195,25195,25190.25,25191.75,315,25198.35,25196.70,0.00
2025-11-24,21:33:00,25191.5,25192.5,25186.25,25191.75,497,25198.27,25196.58,0.00
2025-11-24,21:34:00,25192,25200.25,25191.75,25199,537,25198.25,25196.59,0.00
2025-11-24,21:35:00,25199,25199.75,25190.75,25191,312,25198.23,25196.56,0.00
2025-11-24,21:36:00,25191.25,25195.75,25189.25,25191.5,260,25198.20,25196.52,0.00
2025-11-24,21:37:00,25192.25,25194,25188,25188.5,216,25198.16,25196.48,0.00
2025-11-24,21:38:00,25188.5,25192,25185.75,25187.75,221,25198.12,25196.42,0.00
2025-11-24,21:39:00,25187.5,25187.75,25183.5,25184,469,25198.00,25196.24,0.00
2025-11-24,21:40:00,25183.5,25186,25181.25,25182.5,376,25197.89,25196.08,0.00
2025-11-24,21:41:00,25182.5,25185,25179.75,25184,525,25197.73,25195.86,0.00
2025-11-24,21:42:00,25184,25186.75,25181,25182.75,390,25197.63,25195.71,0.00
2025-11-24,21:43:00,25182.75,25186,25180.75,25185.5,271,25197.56,25195.61,0.00
2025-11-24,21:44:00,25185.25,25187.5,25181.5,25183.25,307,25197.48,25195.50,0.00
2025-11-24,21:45:00,25183.5,25187,25182.5,25184,304,25197.40,25195.40,0.00
2025-11-24,21:46:00,25183.25,25186.5,25182.25,25183.75,203,25197.35,25195.33,0.00
2025-11-24,21:47:00,25184,25186.25,25177.75,25180.25,494,25197.20,25195.12,0.00
2025-11-24,21:48:00,25179.75,25181.25,25175.25,25176.25,513,25197.02,25194.85,0.00
2025-11-24,21:49:00,25176,25180.25,25175.5,25175.5,400,25196.87,25194.64,0.00
2025-11-24,21:50:00,25175.25,25178.5,25174,25178.25,530,25196.68,25194.37,0.00
2025-11-24,21:51:00,25178.25,25180.75,25175.75,25178.25,334,25196.57,25194.22,0.00
2025-11-24,21:52:00,25179,25181.25,25176.5,25178.5,261,25196.48,25194.10,0.00
2025-11-24,21:53:00,25178,25179.5,25176.5,25179.25,137,25196.44,25194.04,0.00
2025-11-24,21:54:00,25178.5,25182.25,25178,25182.25,228,25196.37,25193.96,0.00
2025-11-24,21:55:00,25181.75,25181.75,25176.5,25177.75,184,25196.32,25193.88,0.00
2025-11-24,21:56:00,25178,25178,25175,25177.5,249,25196.23,25193.76,0.00
2025-11-24,21:57:00,25178.25,25181,25176.75,25179.5,219,25196.16,25193.67,0.00
2025-11-24,21:58:00,25179.5,25179.75,25176.25,25176.5,222,25196.09,25193.57,0.00
2025-11-24,21:59:00,25176.25,25176.75,25173.75,25174.5,386,25195.95,25193.38,0.00
2025-11-24,22:00:00,25173.75,25176.75,25172.75,25176.5,344,25195.82,25193.21,0.00
2025-11-24,22:01:00,25176.5,25178.75,25174,25175.5,306,25195.72,25193.07,0.00
2025-11-24,22:02:00,25175.25,25184.75,25174,25184,570,25195.57,25192.89,0.00
2025-11-24,22:03:00,25185,25190.5,25183,25189,784,25195.47,25192.78,0.00
2025-11-24,22:04:00,25188.25,25191.75,25186.25,25189.5,401,25195.42,25192.74,0.00
2025-11-24,22:05:00,25189.75,25196.25,25189.75,25192.25,444,25195.40,25192.74,0.00
2025-11-24,22:06:00,25192.25,25192.75,25182,25182,529,25195.32,25192.65,0.00
2025-11-24,22:07:00,25182.25,25183.75,25178.75,25179.25,283,25195.25,25192.56,0.00
2025-11-24,22:08:00,25179.25,25182.75,25176.5,25177.75,302,25195.17,25192.46,0.00
2025-11-24,22:09:00,25177.75,25180.75,25177,25177,181,25195.12,25192.40,0.00
2025-11-24,22:10:00,25177.75,25181.75,25176.5,25181,254,25195.06,25192.32,0.00
2025-11-24,22:11:00,25181,25190,25181,25189,485,25194.99,25192.26,0.00
2025-11-24,22:12:00,25189,25191.25,25185,25186.5,356,25194.95,25192.22,0.00
2025-11-24,22:13:00,25186.75,25188.25,25184,25186,213,25194.92,25192.19,0.00
2025-11-24,22:14:00,25185.75,25190.25,25184.25,25189,371,25194.88,25192.15,0.00
2025-11-24,22:15:00,25189,25192.5,25188.25,25188.75,297,25194.85,25192.13,0.00
2025-11-24,22:16:00,25188.75,25201.75,25188.75,25198.25,708,25194.87,25192.20,0.00
2025-11-24,22:17:00,25198,25209,25196.75,25205.5,721,25194.97,25192.39,0.00
2025-11-24,22:18:00,25205.5,25208,25203.25,25207,334,25195.02,25192.49,0.00
2025-11-24,22:19:00,25206.25,25208.75,25202,25204.5,488,25195.10,25192.62,0.00
2025-11-24,22:20:00,25205,25205.5,25198.75,25200.25,236,25195.12,25192.67,0.00
2025-11-24,22:21:00,25200.5,25205.25,25199.75,25201,348,25195.16,25192.74,0.00
2025-11-24,22:22:00,25202,25203.25,25197,25202,293,25195.18,25192.79,0.00
2025-11-24,22:23:00,25202.75,25204.75,25201.5,25202.5,216,25195.21,25192.84,0.00
2025-11-24,22:24:00,25202.75,25204,25201.25,25203.25,121,25195.22,25192.87,0.00
2025-11-24,22:25:00,25203,25203.75,25197,25198.25,353,25195.25,25192.92,0.00
2025-11-24,22:26:00,25198.5,25199.5,25189.75,25191.25,502,25195.23,25192.92,0.00
2025-11-24,22:27:00,25191,25192.25,25181.25,25183,637,25195.14,25192.83,0.00
2025-11-24,22:28:00,25183.5,25189.25,25181.5,25188,382,25195.09,25192.77,0.00
2025-11-24,22:29:00,25187.5,25192.25,25186,25189,220,25195.07,25192.76,0.00
2025-11-24,22:30:00,25189.25,25189.75,25185.75,25187.25,147,25195.06,25192.74,0.00
2025-11-24,22:31:00,25186,25189.25,25183.75,25184.75,339,25195.01,25192.69,0.00
2025-11-24,22:32:00,25184.5,25186.5,25182.25,25185.25,198,25194.98,25192.66,0.00
2025-11-24,22:33:00,25184.75,25187,25182.25,25182.5,248,25194.94,25192.62,0.00
2025-11-24,22:34:00,25182.25,25187.75,25181.75,25185.25,225,25194.91,25192.58,0.00
2025-11-24,22:35:00,25184.5,25189,25183.25,25183.75,198,25194.88,25192.55,0.00
2025-11-24,22:36:00,25184.25,25186.5,25183.25,25185.75,189,25194.86,25192.53,0.00
2025-11-24,22:37:00,25185.75,25191,25184.25,25187.75,369,25194.82,25192.49,0.00
2025-11-24,22:38:00,25187.5,25189.5,25185.75,25187.5,138,25194.81,25192.48,0.00
2025-11-24,22:39:00,25187.5,25193,25187,25191.5,294,25194.79,25192.47,0.00
2025-11-24,22:40:00,25191.5,25196.75,25189.75,25196.25,316,25194.79,25192.48,0.00
2025-11-24,22:41:00,25196,25198.25,25195.75,25196.5,292,25194.79,25192.50,0.00
2025-11-24,22:42:00,25197,25197.25,25193.75,25195,275,25194.80,25192.52,0.00
2025-11-24,22:43:00,25195,25199.75,25194,25199,285,25194.81,25192.54,0.00
2025-11-24,22:44:00,25199,25201,25198.25,25200.25,239,25194.82,25192.58,0.00
2025-11-24,22:45:00,25201,25205.25,25200.25,25200.75,637,25194.89,25192.69,0.00
2025-11-24,22:46:00,25200.75,25201.75,25196.25,25199.25,490,25194.91,25192.75,0.00
2025-11-24,22:47:00,25199.75,25202.25,25192.25,25194.25,374,25194.92,25192.77,0.00
2025-11-24,22:48:00,25194,25200.25,25193.5,25193.5,391,25194.93,25192.80,0.00
2025-11-24,22:49:00,25193.25,25195,25189.5,25191.25,343,25194.91,25192.79,0.00
2025-11-24,22:50:00,25191,25195.25,25190.5,25192.25,289,25194.90,25192.79,0.00
2025-11-24,22:51:00,25192,25194.25,25189.25,25190.75,505,25194.88,25192.78,0.00
2025-11-24,22:52:00,25190.75,25190.75,25186.5,25190,285,25194.86,25192.76,0.00
2025-11-24,22:53:00,25190.25,25195.75,25189.25,25193.5,258,25194.85,25192.76,0.00
2025-11-24,22:54:00,25193.5,25197,25187,25190,377,25194.83,25192.75,0.00
2025-11-24,22:55:00,25190,25194.5,25190,25194.5,122,25194.83,25192.75,0.00
2025-11-24,22:56:00,25194.25,25199.25,25194.25,25197.75,214,25194.84,25192.77,0.00
2025-11-24,22:57:00,25198.25,25200,25195.75,25197.25,233,25194.85,25192.79,0.00
2025-11-24,22:58:00,25197.25,25201,25196.5,25199.75,206,25194.86,25192.81,0.00
2025-11-24,22:59:00,25199.5,25200,25195.75,25199,258,25194.87,25192.83,0.00
2025-11-24,23:00:00,25199,25202.75,25198.25,25200,372,25194.89,25192.88,0.00
2025-11-24,23:01:00,25200.5,25200.75,25196.25,25198.25,236,25194.91,25192.90,0.00
2025-11-24,23:02:00,25198.25,25201.5,25196.25,25199.75,216,25194.92,25192.93,0.00
2025-11-24,23:03:00,25200.5,25206.25,25198.5,25204,487,25194.97,25193.01,0.00
2025-11-24,23:04:00,25203.75,25205.75,25197.75,25201,344,25194.99,25193.06,0.00
2025-11-24,23:05:00,25199.75,25201.75,25197.25,25198.5,278,25195.01,25193.09,0.00
2025-11-24,23:06:00,25198.5,25204,25193.5,25203.5,376,25195.03,25193.14,0.00
2025-11-24,23:07:00,25203.75,25206,25201.5,25203.5,231,25195.06,25193.18,0.00
2025-11-24,23:08:00,25203.5,25205.5,25201,25201.75,195,25195.08,25193.21,0.00
2025-11-24,23:09:00,25201.5,25202.25,25197.25,25199.25,153,25195.09,25193.22,0.00
2025-11-24,23:10:00,25199.5,25201.75,25198,25201,139,25195.10,25193.24,0.00
2025-11-24,23:11:00,25201.5,25205,25201.25,25205,202,25195.12,25193.27,0.00
2025-11-24,23:12:00,25205,25205.75,25201.75,25204,153,25195.13,25193.30,0.00
2025-11-24,23:13:00,25204,25205.5,25200,25203,196,25195.15,25193.33,0.00
2025-11-24,23:14:00,25203.25,25208.25,25202.75,25207.75,426,25195.21,25193.42,0.00
2025-11-24,23:15:00,25207.75,25210,25204.25,25204.25,353,25195.26,25193.49,0.00
2025-11-24,23:16:00,25204.5,25207.25,25203.5,25205,178,25195.28,25193.53,0.00
2025-11-24,23:17:00,25205.75,25207,25201.5,25206,251,25195.31,25193.57,0.00
2025-11-24,23:18:00,25206.5,25210.5,25206.5,25210.25,240,25195.35,25193.63,0.00
2025-11-24,23:19:00,25210,25212.25,25208.5,25209,431,25195.42,25193.75,0.00
2025-11-24,23:20:00,25209,25210.75,25207.5,25209,268,25195.47,25193.81,0.00
2025-11-24,23:21:00,25209,25211.5,25206,25209.5,268,25195.51,25193.88,0.00
2025-11-24,23:22:00,25209.5,25211.25,25208,25208.25,130,25195.53,25193.91,0.00
2025-11-24,23:23:00,25208.25,25209.75,25206.25,25209.5,186,25195.56,25193.95,0.00
2025-11-24,23:24:00,25208.5,25211,25208.25,25211,163,25195.59,25193.99,0.00
2025-11-24,23:25:00,25210.75,25211.5,25206.75,25209,233,25195.63,25194.05,0.00
2025-11-24,23:26:00,25209,25209.25,25200,25200.75,493,25195.67,25194.12,0.00
2025-11-24,23:27:00,25200.75,25202,25198,25201.5,349,25195.69,25194.15,0.00
2025-11-24,23:28:00,25201.5,25206.75,25200.5,25200.75,370,25195.72,25194.20,0.00
2025-11-24,23:29:00,25200.75,25204,25200.5,25202.25,166,25195.74,25194.22,0.00
2025-11-24,23:30:00,25202,25204.5,25201.5,25202,148,25195.75,25194.24,0.00
2025-11-24,23:31:00,25202,25204.5,25196.5,25199.75,452,25195.77,25194.28,0.00
2025-11-24,23:32:00,25199,25199,25193.25,25193.75,414,25195.77,25194.29,0.00
2025-11-24,23:33:00,25193.75,25194.25,25187.5,25188.25,710,25195.72,25194.24,0.00
2025-11-24,23:34:00,25188,25188,25180.5,25183,724,25195.62,25194.13,0.00
2025-11-24,23:35:00,25182.75,25186.75,25180.25,25183,459,25195.56,25194.06,0.00
2025-11-24,23:36:00,25183,25193,25180.25,25189.75,982,25195.47,25193.97,0.00
2025-11-24,23:37:00,25189,25191.5,25185.75,25189.75,398,25195.44,25193.94,0.00
2025-11-24,23:38:00,25189.75,25190,25183.5,25186.5,268,25195.42,25193.91,0.00
2025-11-24,23:39:00,25186.5,25189.5,25184,25187.5,217,25195.40,25193.89,0.00
2025-11-24,23:40:00,25187,25190.75,25185,25185.75,173,25195.38,25193.87,0.00
2025-11-24,23:41:00,25185.25,25185.5,25177.25,25183,556,25195.30,25193.78,0.00
2025-11-24,23:42:00,25183.75,25187.5,25178.25,25179,528,25195.22,25193.69,0.00
2025-11-24,23:43:00,25179,25187.25,25176.5,25186.75,490,25195.16,25193.62,0.00
2025-11-24,23:44:00,25186.5,25191,25184.75,25188.5,361,25195.13,25193.59,0.00
2025-11-24,23:45:00,25188,25189.25,25186,25187.25,208,25195.11,25193.57,0.00
2025-11-24,23:46:00,25187.5,25188.5,25178.25,25184.5,345,25195.07,25193.53,0.00
2025-11-24,23:47:00,25184.5,25184.75,25179.5,25180.5,315,25195.03,25193.48,0.00
2025-11-24,23:48:00,25179.75,25182.5,25175.5,25175.75,417,25194.95,25193.39,0.00
2025-11-24,23:49:00,25175.5,25179.25,25174.25,25175.75,430,25194.87,25193.29,0.00
2025-11-24,23:50:00,25175.5,25181,25174.5,25178.5,398,25194.79,25193.21,0.00
2025-11-24,23:51:00,25178.75,25181.5,25176,25179.25,291,25194.75,25193.15,0.00
2025-11-24,23:52:00,25178.75,25178.75,25169.25,25172,966,25194.53,25173.33,0.00
2025-11-24,23:53:00,25172,25175.5,25168.75,25173.5,438,25194.43,25172.58,0.00
2025-11-24,23:54:00,25174,25175,25170.75,25172.5,220,25194.38,25172.64,0.00
2025-11-24,23:55:00,25172.25,25181.25,25171,25179.5,465,25194.30,25174.55,0.00
2025-11-24,23:56:00,25179.75,25183.5,25175.5,25176,369,25194.24,25175.48,0.00
2025-11-24,23:57:00,25176,25177.75,25170.75,25170.75,277,25194.18,25175.11,0.00
2025-11-24,23:58:00,25171.25,25172.25,25168.25,25171.75,355,25194.09,25170.75,0.00
2025-11-24,23:59:00,25172.5,25174,25170.75,25172.5,156,25194.06,25171.26,0.00
2025-11-24,00:00:00,24740.75,24741.5,24736.25,24737.5,182,24723.61,24721.64,0.00
2025-11-24,00:01:00,24737.25,24737.25,24731,24735.75,533,24723.64,24721.70,0.00
2025-11-24,00:02:00,24736,24741,24727.75,24732.75,737,24723.68,24721.77,0.00
2025-11-24,00:03:00,24733,24734,24727.5,24730.75,377,24723.70,24721.80,0.00
2025-11-24,00:04:00,24730.75,24735.25,24730,24734,257,24723.71,24721.83,0.00
2025-11-24,00:05:00,24734.25,24744.25,24734.25,24743,664,24723.77,24721.93,0.00
2025-11-24,00:06:00,24742.5,24745,24736.75,24737.5,316,24723.80,24721.97,0.00
2025-11-24,00:07:00,24738,24742.25,24734.5,24739.75,297,24723.82,24722.01,0.00
2025-11-24,00:08:00,24739.25,24741.75,24736.75,24736.75,152,24723.84,24722.03,0.00
2025-11-24,00:09:00,24737,24742.75,24736.25,24739,251,24723.86,24722.07,0.00
2025-11-24,00:10:00,24738.5,24744.5,24737.25,24743.5,268,24723.88,24722.11,0.00
2025-11-24,00:11:00,24742.75,24744.25,24736.5,24737.75,513,24723.93,24722.18,0.00
2025-11-24,00:12:00,24737.75,24738.25,24723.25,24724.25,1118,24723.95,24722.24,0.00
2025-11-24,00:13:00,24724.5,24724.75,24708,24710.75,1635,24723.87,24722.14,0.00
2025-11-24,00:14:00,24710.5,24712,24699,24706.25,1172,24723.76,24721.99,0.00
2025-11-24,00:15:00,24705.75,24710.5,24701.25,24706.75,694,24723.69,24721.91,0.00
2025-11-24,00:16:00,24706.75,24706.75,24691.75,24701.75,1216,24723.54,24721.70,0.00
2025-11-24,00:17:00,24701.25,24709.75,24696.25,24707.25,803,24723.46,24721.60,0.00
2025-11-24,00:18:00,24707.25,24710.25,24693,24695.25,870,24723.35,24721.45,0.00
2025-11-24,00:19:00,24695.25,24700.25,24694.5,24697.25,446,24723.29,24721.37,0.00
2025-11-24,00:20:00,24697.75,24699,24692.75,24694.75,517,24723.22,24721.27,0.00
2025-11-24,00:21:00,24694.5,24707,24694.5,24704,755,24723.13,24721.16,0.00
2025-11-24,00:22:00,24703.5,24705.25,24698.25,24699.75,401,24723.09,24721.10,0.00
2025-11-24,00:23:00,24699.5,24704,24693.5,24703.25,425,24723.04,24721.04,0.00
2025-11-24,00:24:00,24702.75,24703.5,24696.25,24698,461,24722.98,24720.96,0.00
2025-11-24,00:25:00,24698.5,24698.5,24689.25,24693.5,637,24722.89,24720.83,0.00
2025-11-24,00:26:00,24693.75,24701.25,24692.25,24695,527,24722.81,24720.74,0.00
2025-11-24,00:27:00,24694.5,24700.75,24684.75,24690.5,936,24722.67,24720.54,0.00
2025-11-24,00:28:00,24690.5,24700.5,24687.75,24700.5,621,24722.58,24720.43,0.00
2025-11-24,00:29:00,24699.5,24705.5,24694.75,24703.25,853,24722.49,24720.32,0.00
2025-11-24,00:30:00,24703,24704.5,24699.5,24703.25,308,24722.46,24720.28,0.00
2025-11-24,00:31:00,24703.25,24713,24702.75,24707.5,833,24722.40,24720.20,0.00
2025-11-24,00:32:00,24707.75,24714.25,24705.75,24713,520,24722.37,24720.17,0.00
2025-11-24,00:33:00,24713,24716.25,24708.75,24713.25,630,24722.34,24720.13,0.00
2025-11-24,00:34:00,24713,24717.5,24710.75,24714.5,296,24722.33,24720.12,0.00
2025-11-24,00:35:00,24714,24714,24705.25,24705.5,618,24722.28,24720.07,0.00
2025-11-24,00:36:00,24704.75,24705.25,24695.5,24702.5,671,24722.21,24719.98,0.00
2025-11-24,00:37:00,24701.75,24708,24700.75,24702.25,411,24722.18,24719.93,0.00
2025-11-24,00:38:00,24701.25,24710,24701.25,24707.5,237,24722.16,24719.91,0.00
2025-11-24,00:39:00,24706.5,24721,24705.75,24717.75,938,24722.12,24719.88,0.00
2025-11-24,00:40:00,24717.25,24722.5,24716.25,24719.75,510,24722.12,24719.88,0.00
2025-11-24,00:41:00,24720.25,24722.5,24716,24717.5,291,24722.11,24719.88,0.00
2025-11-24,00:42:00,24717,24718.25,24713.75,24714.75,285,24722.10,24719.87,0.00
2025-11-24,00:43:00,24716,24724.5,24715.25,24721.75,442,24722.10,24719.87,0.00
2025-11-24,00:44:00,24721.5,24721.5,24711.25,24715.5,480,24722.09,24719.86,0.00
2025-11-24,00:45:00,24715.75,24717.75,24714.25,24716.75,197,24722.08,24719.85,0.00
2025-11-24,00:46:00,24717,24721.25,24716.75,24719.5,375,24722.08,24719.85,0.00
2025-11-24,00:47:00,24719.75,24726,24713.5,24716.5,664,24722.06,24719.84,0.00
2025-11-24,00:48:00,24716.25,24716.5,24701.75,24701.75,853,24722.00,24719.77,0.00
2025-11-24,00:49:00,24701.5,24706.5,24698,24701.75,536,24721.95,24719.71,0.00
2025-11-24,00:50:00,24701,24708.75,24701,24706.25,400,24721.92,24719.67,0.00
2025-11-24,00:51:00,24705.75,24711.75,24704.25,24710,308,24721.90,24719.64,0.00
2025-11-24,00:52:00,24709,24716,24706,24715.5,311,24721.88,24719.63,0.00
2025-11-24,00:53:00,24716,24722.25,24710,24720.25,581,24721.87,24719.62,0.00
2025-11-24,00:54:00,24720.75,24723.5,24718.25,24719.75,394,24721.87,24719.62,0.00
2025-11-24,00:55:00,24719.25,24720.5,24715.25,24717,284,24721.86,24719.62,0.00
2025-11-24,00:56:00,24718.25,24729.25,24718.25,24726.5,797,24721.87,24719.65,0.00
2025-11-24,00:57:00,24726.75,24728.5,24710,24715.5,754,24721.86,24719.64,0.00
2025-11-24,00:58:00,24715.25,24715.75,24707,24707,490,24721.83,24719.61,0.00
2025-11-24,00:59:00,24707,24711.5,24704,24707.5,476,24721.80,24719.57,0.00
2025-11-24,01:00:00,24706,24710,24704.75,24705.75,302,24721.78,24719.55,0.00
2025-11-24,01:01:00,24705.25,24711.25,24702.5,24706.75,629,24721.74,24719.49,0.00
2025-11-24,01:02:00,24707.5,24708.25,24698.75,24699.75,491,24721.69,24719.44,0.00
2025-11-24,01:03:00,24700,24714.75,24700,24713.5,541,24721.66,24719.40,0.00
2025-11-24,01:04:00,24713.25,24716.5,24702,24704.25,424,24721.63,24719.37,0.00
2025-11-24,01:05:00,24705.75,24711.75,24703.75,24709.25,382,24721.61,24719.34,0.00
2025-11-24,01:06:00,24709,24713.75,24707.75,24709.5,279,24721.59,24719.33,0.00
2025-11-24,01:07:00,24709.5,24724.5,24709.25,24721.75,602,24721.59,24719.33,0.00
2025-11-24,01:08:00,24721.25,24732.25,24721.25,24731.25,721,24721.61,24719.37,0.00
2025-11-24,01:09:00,24732,24735.25,24730.25,24734.75,587,24721.64,24719.42,0.00
2025-11-24,01:10:00,24734.5,24738.5,24733.25,24736,453,24721.67,24719.47,0.00
2025-11-24,01:11:00,24736.75,24742.25,24735.25,24741.5,538,24721.71,24719.53,0.00
2025-11-24,01:12:00,24742.25,24750.25,24741.5,24749,1006,24721.83,24719.70,0.00
2025-11-24,01:13:00,24748.5,24754,24746.75,24751.5,745,24721.93,24719.85,0.00
2025-11-24,01:14:00,24752.25,24758,24749.75,24755.5,720,24722.03,24720.00,0.00
2025-11-24,01:15:00,24755.25,24758.75,24750,24753.75,788,24722.15,24720.17,0.00
2025-11-24,01:16:00,24754.25,24762.25,24753.75,24755,648,24722.25,24720.31,0.00
2025-11-24,01:17:00,24754.25,24761,24753.75,24755.25,344,24722.30,24720.39,0.00
2025-11-24,01:18:00,24755,24757.25,24750.5,24751,378,24722.35,24720.46,0.00
2025-11-24,01:19:00,24750.75,24755,24749.5,24752.5,316,24722.40,24720.52,0.00
2025-11-24,01:20:00,24752,24755.75,24750.25,24752,212,24722.42,24720.57,0.00
2025-11-24,01:21:00,24752.5,24756.5,24751.75,24755.75,322,24722.47,24720.63,0.00
2025-11-24,01:22:00,24755.75,24760.75,24751.75,24753.75,503,24722.54,24720.74,0.00
2025-11-24,01:23:00,24753.5,24759.5,24753,24756.75,260,24722.58,24720.79,0.00
2025-11-24,01:24:00,24757,24759.75,24754.25,24758.5,219,24722.62,24720.84,0.00
2025-11-24,01:25:00,24757.5,24760.5,24754.75,24757.5,259,24722.66,24720.90,0.00
2025-11-24,01:26:00,24757.25,24763.75,24756,24760.5,515,24722.74,24721.02,0.00
2025-11-24,01:27:00,24760.25,24763,24758,24760,387,24722.81,24721.11,0.00
2025-11-24,01:28:00,24760.75,24765,24759.75,24763.5,278,24722.86,24721.18,0.00
2025-11-24,01:29:00,24762.75,24763.75,24757.5,24758.25,319,24722.91,24721.25,0.00
2025-11-24,01:30:00,24758,24761.25,24756.5,24757.25,280,24722.95,24721.31,0.00
2025-11-24,01:31:00,24757.5,24759.25,24749.5,24752.25,731,24723.05,24721.45,0.00
2025-11-24,01:32:00,24751.5,24754.75,24738,24738.5,1032,24723.14,24721.59,0.00
2025-11-24,01:33:00,24738.5,24739,24733.25,24736.75,839,24723.19,24721.66,0.00
2025-11-24,01:34:00,24738.25,24746.25,24736.5,24740.5,446,24723.23,24721.71,0.00
2025-11-24,01:35:00,24741.25,24743.5,24737,24737.5,246,24723.24,24721.74,0.00
2025-11-24,01:36:00,24736.75,24737.5,24732,24736.5,425,24723.26,24721.77,0.00
2025-11-24,01:37:00,24737,24741.5,24734.5,24735.75,305,24723.28,24721.80,0.00
2025-11-24,01:38:00,24735.75,24739.25,24732.25,24736.25,336,24723.30,24721.83,0.00
2025-11-24,01:39:00,24736,24739,24735.75,24737.5,205,24723.31,24721.84,0.00
2025-11-24,01:40:00,24737.75,24741,24737.75,24739.5,252,24723.33,24721.87,0.00
2025-11-24,01:41:00,24739.25,24745,24738,24744,419,24723.37,24721.92,0.00
2025-11-24,01:42:00,24743.75,24751.75,24743,24747.75,513,24723.42,24721.99,0.00
2025-11-24,01:43:00,24747.75,24748.75,24740.75,24747.25,257,24723.44,24722.03,0.00
2025-11-24,01:44:00,24748,24755,24747.5,24748,485,24723.50,24722.11,0.00
2025-11-24,01:45:00,24748,24749.75,24745.5,24747.25,195,24723.52,24722.14,0.00
2025-11-24,01:46:00,24747.25,24752,24744.5,24747.75,307,24723.55,24722.18,0.00
2025-11-24,01:47:00,24747.5,24753,24746,24751,198,24723.57,24722.21,0.00
2025-11-24,01:48:00,24751.5,24754.5,24745,24746.25,325,24723.61,24722.26,0.00
2025-11-24,01:49:00,24746.5,24749.75,24745,24749.25,145,24723.62,24722.28,0.00
2025-11-24,01:50:00,24749,24750.5,24744,24746.5,329,24723.66,24722.33,0.00
2025-11-24,01:51:00,24746.25,24747,24739.25,24742.25,411,24723.69,24722.38,0.00
2025-11-24,01:52:00,24742.25,24749.25,24742.25,24749,275,24723.72,24722.41,0.00
2025-11-24,01:53:00,24748.75,24753,24748.75,24751.25,278,24723.75,24722.46,0.00
2025-11-24,01:54:00,24750.75,24750.75,24743.75,24745.75,219,24723.77,24722.49,0.00
2025-11-24,01:55:00,24744.75,24748.75,24742.25,24743.25,180,24723.79,24722.51,0.00
2025-11-24,01:56:00,24742.75,24752.25,24742.75,24751.75,240,24723.81,24722.55,0.00
2025-11-24,01:57:00,24751.5,24752.5,24749,24750.75,165,24723.83,24722.57,0.00
2025-11-24,01:58:00,24751.5,24753.75,24750.5,24751,184,24723.85,24722.60,0.00
2025-11-24,01:59:00,24752.25,24753.5,24750.25,24752,180,24723.87,24722.63,0.00
2025-11-24,02:00:00,24751,24752.75,24747.5,24747.5,197,24723.89,24722.66,0.00
2025-11-24,02:01:00,24749.25,24753.25,24748.75,24748.75,431,24723.94,24722.73,0.00
2025-11-24,02:02:00,24748.25,24754,24747.5,24750.25,419,24723.99,24722.79,0.00
2025-11-24,02:03:00,24750.25,24754.75,24747.5,24752.25,520,24724.05,24722.88,0.00
2025-11-24,02:04:00,24751.5,24754,24749.75,24749.75,178,24724.07,24722.90,0.00
2025-11-24,02:05:00,24750.5,24751.75,24735.75,24740.5,882,24724.14,24723.00,0.00
2025-11-24,02:06:00,24741.25,24743.25,24736,24737.5,363,24724.16,24723.03,0.00
2025-11-24,02:07:00,24737.5,24741.75,24735.75,24739,287,24724.18,24723.06,0.00
2025-11-24,02:08:00,24739.25,24744.75,24738.75,24739.25,186,24724.19,24723.08,0.00
2025-11-24,02:09:00,24739,24741,24734,24739,323,24724.21,24723.10,0.00
2025-11-24,02:10:00,24738.5,24741.75,24737.25,24740.25,147,24724.22,24723.12,0.00
2025-11-24,02:11:00,24740.75,24742.25,24739,24740.75,144,24724.23,24723.13,0.00
2025-11-24,02:12:00,24740.25,24741.75,24733.5,24737.75,393,24724.25,24723.16,0.00
2025-11-24,02:13:00,24738.25,24740.5,24732.25,24740.5,326,24724.27,24723.19,0.00
2025-11-24,02:14:00,24740.5,24742.25,24734,24737.75,246,24724.28,24723.21,0.00
2025-11-24,02:15:00,24737.5,24737.5,24728.5,24730.5,447,24724.30,24723.23,0.00
2025-11-24,02:16:00,24730.25,24735.75,24729.25,24734.25,291,24724.31,24723.24,0.00
2025-11-24,02:17:00,24734.5,24734.75,24730.5,24731.5,206,24724.31,24723.25,0.00
2025-11-24,02:18:00,24731.5,24738.75,24730.25,24737.25,229,24724.32,24723.27,0.00
2025-11-24,02:19:00,24738,24743,24736,24739.75,352,24724.35,24723.30,0.00
2025-11-24,02:20:00,24739.75,24749,24739.75,24745,584,24724.39,24723.37,0.00
2025-11-24,02:21:00,24745,24746.75,24738.75,24746,378,24724.42,24723.41,0.00
2025-11-24,02:22:00,24746.25,24747.5,24738.25,24740.25,313,24724.45,24723.44,0.00
2025-11-24,02:23:00,24739.5,24743.25,24739,24740.25,147,24724.46,24723.45,0.00
2025-11-24,02:24:00,24739.5,24740.5,24732.5,24738.25,424,24724.48,24723.48,0.00
2025-11-24,02:25:00,24738.75,24740.5,24736,24737.25,211,24724.49,24723.50,0.00
2025-11-24,02:26:00,24737.5,24740,24736.75,24739,158,24724.50,24723.51,0.00
2025-11-24,02:27:00,24739,24739.5,24730.75,24732.25,294,24724.51,24723.53,0.00
2025-11-24,02:28:00,24732,24734.5,24728.25,24734.25,345,24724.52,24723.55,0.00
2025-11-24,02:29:00,24734,24740,24734,24736,386,24724.54,24723.57,0.00
2025-11-24,02:30:00,24736.25,24737,24733,24734.25,221,24724.55,24723.59,0.00
2025-11-24,02:31:00,24734,24738.5,24730,24737.25,434,24724.57,24723.61,0.00
2025-11-24,02:32:00,24737.75,24739.25,24732.25,24735.25,269,24724.58,24723.63,0.00
2025-11-24,02:33:00,24736.25,24736.75,24730.75,24732.75,158,24724.58,24723.64,0.00
2025-11-24,02:34:00,24733.75,24739,24733.5,24735.5,282,24724.60,24723.66,0.00
2025-11-24,02:35:00,24735.25,24736.5,24730.75,24734,177,24724.60,24723.67,0.00
2025-11-24,02:36:00,24733.75,24740.25,24730,24738.75,559,24724.63,24723.70,0.00
2025-11-24,02:37:00,24738.75,24739,24734,24736,178,24724.64,24723.72,0.00
2025-11-24,02:38:00,24737.25,24740.25,24734.75,24739.25,202,24724.65,24723.73,0.00
2025-11-24,02:39:00,24739.25,24743.5,24739,24741,407,24724.68,24723.77,0.00
2025-11-24,02:40:00,24740.5,24741,24734.25,24735,197,24724.69,24723.78,0.00
2025-11-24,02:41:00,24735,24743,24735,24742.25,222,24724.70,24723.80,0.00
2025-11-24,02:42:00,24742,24742.5,24735,24737.25,195,24724.71,24723.81,0.00
2025-11-24,02:43:00,24736.75,24737.25,24725.5,24725.5,504,24724.72,24723.83,0.00
2025-11-24,02:44:00,24725.5,24725.75,24720.25,24723.75,723,24724.72,24723.83,0.00
2025-11-24,02:45:00,24724.75,24727.5,24721.25,24724.25,268,24724.72,24723.83,0.00
2025-11-24,02:46:00,24724.25,24726.25,24721.5,24724.25,204,24724.71,24723.83,0.00
2025-11-24,02:47:00,24724.5,24728.5,24720.5,24721,381,24724.71,24723.83,0.00
2025-11-24,02:48:00,24721.25,24723.5,24710.75,24720,870,24724.69,24723.80,0.00
2025-11-24,02:49:00,24720,24728,24719,24725.5,313,24724.69,24723.80,0.00
2025-11-24,02:50:00,24724.75,24726.25,24724,24725.75,118,24724.69,24723.80,0.00
2025-11-24,02:51:00,24725.25,24730,24723.25,24725.5,307,24724.69,24723.81,0.00
2025-11-24,02:52:00,24726.25,24729,24724.75,24725.5,127,24724.69,24723.81,0.00
2025-11-24,02:53:00,24724.5,24727.25,24723.75,24726.5,168,24724.69,24723.81,0.00
2025-11-24,02:54:00,24726,24727.75,24720.5,24725.25,271,24724.69,24723.81,0.00
2025-11-24,02:55:00,24725.25,24730.75,24724.75,24730,207,24724.70,24723.82,0.00
2025-11-24,02:56:00,24730,24730.5,24723.25,24723.25,178,24724.70,24723.82,0.00
2025-11-24,02:57:00,24723.75,24727.5,24723.5,24725.5,200,24724.70,24723.82,0.00
2025-11-24,02:58:00,24725.75,24728.75,24725,24727.75,151,24724.70,24723.82,0.00
2025-11-24,02:59:00,24727.5,24728.5,24724,24726.25,157,24724.70,24723.82,0.00
2025-11-24,03:00:00,24726.25,24733.25,24726.25,24729.5,423,24724.71,24723.84,0.00
2025-11-24,03:01:00,24729,24731.5,24723.25,24724.75,589,24724.71,24723.84,0.00
2025-11-24,03:02:00,24724.25,24724.5,24715.75,24720.5,647,24724.70,24723.83,0.00
2025-11-24,03:03:00,24720.5,24720.5,24709.5,24711.75,779,24724.67,24723.79,0.00
2025-11-24,03:04:00,24712,24713.25,24703.5,24711.25,762,24724.62,24723.74,0.00
2025-11-24,03:05:00,24711,24718.5,24706.25,24707.75,608,24724.59,24723.70,0.00
2025-11-24,03:06:00,24707.5,24714.5,24705.75,24707.25,488,24724.56,24723.66,0.00
2025-11-24,03:07:00,24707.5,24712.75,24707.5,24712.25,336,24724.54,24723.64,0.00
2025-11-24,03:08:00,24712.75,24723.75,24712.5,24722,502,24724.53,24723.63,0.00
2025-11-24,03:09:00,24721.5,24724.75,24714.25,24721.25,531,24724.53,24723.62,0.00
2025-11-24,03:10:00,24722,24726.5,24714,24726,321,24724.52,24723.62,0.00
2025-11-24,03:11:00,24726.5,24739,24723.5,24738.75,1074,24724.56,24723.67,0.00
2025-11-24,03:12:00,24739.25,24743.5,24736.5,24740.5,655,24724.60,24723.73,0.00
2025-11-24,03:13:00,24740.25,24744.25,24729.25,24731.5,687,24724.63,24723.77,0.00
2025-11-24,03:14:00,24731.75,24733,24723.5,24725.75,546,24724.63,24723.77,0.00
2025-11-24,03:15:00,24725.5,24727.5,24721.25,24726.5,519,24724.63,24723.78,0.00
2025-11-24,03:16:00,24725.75,24731.75,24720.25,24729.5,647,24724.64,24723.79,0.00
2025-11-24,03:17:00,24729.25,24735.75,24728.25,24734.25,491,24724.65,24723.81,0.00
2025-11-24,03:18:00,24735,24737.25,24733.25,24735.25,265,24724.66,24723.82,0.00
2025-11-24,03:19:00,24735.5,24736.25,24729,24730,251,24724.67,24723.83,0.00
2025-11-24,03:20:00,24730.25,24734.25,24727.75,24734.25,256,24724.68,24723.84,0.00
2025-11-24,03:21:00,24734,24735,24729.5,24732,276,24724.69,24723.86,0.00
2025-11-24,03:22:00,24732,24735.25,24726.25,24734.25,378,24724.70,24723.87,0.00
2025-11-24,03:23:00,24734.5,24736,24727.25,24733.75,296,24724.70,24723.88,0.00
2025-11-24,03:24:00,24733.5,24734.75,24729.75,24732.25,121,24724.71,24723.89,0.00
2025-11-24,03:25:00,24732.5,24732.75,24730,24731.25,212,24724.71,24723.89,0.00
2025-11-24,03:26:00,24731.5,24733,24729,24729.25,147,24724.72,24723.90,0.00
2025-11-24,03:27:00,24729.5,24734.75,24729,24731.5,128,24724.72,24723.90,0.00
2025-11-24,03:28:00,24731,24732.25,24730,24732.25,129,24724.72,24723.91,0.00
2025-11-24,03:29:00,24732.5,24735.5,24730.5,24733.75,253,24724.73,24723.92,0.00
2025-11-24,03:30:00,24734,24738.25,24731.5,24736,455,24724.75,24723.94,0.00
2025-11-24,03:31:00,24736,24736.5,24725.75,24727.75,356,24724.76,24723.95,0.00
2025-11-24,03:32:00,24727,24732.25,24726.75,24729,213,24724.76,24723.96,0.00
2025-11-24,03:33:00,24728.5,24730.5,24723.75,24728.5,382,24724.76,24723.97,0.00
2025-11-24,03:34:00,24728.5,24731.5,24726.75,24728,204,24724.77,24723.97,0.00
2025-11-24,03:35:00,24727,24731.25,24725.75,24726.75,192,24724.77,24723.97,0.00
2025-11-24,03:36:00,24727,24731.5,24725.25,24727.25,213,24724.77,24723.98,0.00
2025-11-24,03:37:00,24728.5,24731,24725.25,24726.75,220,24724.77,24723.98,0.00
2025-11-24,03:38:00,24726.75,24730.75,24726.75,24729.75,147,24724.78,24723.99,0.00
2025-11-24,03:39:00,24730,24731.5,24726.25,24727.25,234,24724.78,24723.99,0.00
2025-11-24,03:40:00,24727.75,24729.5,24725.25,24726.75,171,24724.78,24723.99,0.00
2025-11-24,03:41:00,24726.25,24727.75,24722.75,24727.75,324,24724.78,24724.00,0.00
2025-11-24,03:42:00,24727.75,24729.25,24725.5,24727.5,242,24724.78,24724.00,0.00
2025-11-24,03:43:00,24727.75,24733.5,24725.75,24731.75,501,24724.79,24724.01,0.00
2025-11-24,03:44:00,24732.25,24756.5,24731.5,24751.75,1928,24724.95,24724.22,0.00
2025-11-24,03:45:00,24751.75,24768,24748.25,24761.75,1581,24725.14,24724.47,0.00
2025-11-24,03:46:00,24761.5,24770.5,24759,24769.75,1134,24725.31,24724.69,0.00
2025-11-24,03:47:00,24769.25,24770.75,24764.5,24767.5,878,24725.44,24724.86,0.00
2025-11-24,03:48:00,24767.25,24773,24761.25,24771,831,24725.57,24725.02,0.00
2025-11-24,03:49:00,24771,24772.25,24764.25,24772.25,457,24725.64,24725.12,0.00
2025-11-24,03:50:00,24771.75,24778.75,24769,24774.75,1118,24725.84,24725.36,0.00
2025-11-24,03:51:00,24775.25,24778,24770.25,24774,411,24725.91,24725.45,0.00
2025-11-24,03:52:00,24773.75,24775.5,24769.5,24774,237,24725.95,24725.50,0.00
2025-11-24,03:53:00,24774,24775.5,24763.75,24766.25,452,24726.02,24725.59,0.00
2025-11-24,03:54:00,24766.75,24773,24765.5,24772.25,230,24726.05,24725.64,0.00
2025-11-24,03:55:00,24772.75,24772.75,24762,24762.75,252,24726.09,24725.68,0.00
2025-11-24,03:56:00,24763.5,24764.75,24758.5,24761,452,24726.14,24725.75,0.00
2025-11-24,03:57:00,24761.25,24764.5,24757.5,24761.5,266,24726.18,24725.80,0.00
2025-11-24,03:58:00,24761,24766.75,24761,24765.25,375,24726.23,24725.86,0.00
2025-11-24,03:59:00,24764.75,24769.25,24764.5,24768.5,352,24726.28,24725.93,0.00
2025-11-24,04:00:00,24768.5,24769.5,24763.25,24766.5,302,24726.32,24725.98,0.00
2025-11-24,04:01:00,24766.25,24767,24733.25,24736,2547,24726.49,24726.20,0.00
2025-11-24,04:02:00,24735,24741.5,24727.75,24740.75,1399,24726.54,24726.26,0.00
2025-11-24,04:03:00,24740.5,24741.5,24725.5,24732.5,878,24726.56,24726.29,0.00
2025-11-24,04:04:00,24732.5,24742.75,24727.5,24729,839,24726.58,24726.31,0.00
2025-11-24,04:05:00,24728.75,24728.75,24716.25,24722.25,1148,24726.56,24726.29,0.00
2025-11-24,04:06:00,24721.5,24731.25,24717.5,24723.5,1256,24726.55,24726.28,0.00
2025-11-24,04:07:00,24723.25,24725,24709.25,24714.25,1221,24726.51,24726.23,0.00
2025-11-24,04:08:00,24712.75,24723.25,24709.25,24712,887,24726.47,24726.19,0.00
2025-11-24,04:09:00,24711.75,24723.25,24709.5,24720.25,678,24726.45,24726.16,0.00
2025-11-24,04:10:00,24720.75,24726.75,24718.75,24722.5,869,24726.44,24726.15,0.00
2025-11-24,04:11:00,24722.75,24724.75,24714.25,24723.75,697,24726.43,24726.13,0.00
2025-11-24,04:12:00,24723.75,24738.75,24721.75,24731.5,1081,24726.44,24726.15,0.00
2025-11-24,04:13:00,24732.5,24748,24732.25,24747.25,937,24726.49,24726.22,0.00
2025-11-24,04:14:00,24747.5,24756.25,24746.25,24752.5,905,24726.57,24726.31,0.00
2025-11-24,04:15:00,24751.75,24760,24747.5,24757.5,813,24726.65,24726.41,0.00
2025-11-24,04:16:00,24758.25,24770.25,24757.5,24767,1007,24726.78,24726.57,0.00
2025-11-24,04:17:00,24766.5,24775,24766,24770.5,1082,24726.93,24726.76,0.00
2025-11-24,04:18:00,24771.25,24785,24771.25,24782.75,1170,24727.13,24727.02,0.00
2025-11-24,04:19:00,24782.5,24794.75,24777.25,24789,1527,24787.00,24727.39,0.00
2025-11-24,04:20:00,24789,24792,24784,24789.75,697,24787.50,24727.56,0.00
2025-11-24,04:21:00,24789.25,24791,24781.25,24790.25,920,24787.50,24727.78,0.00
2025-11-24,04:22:00,24790.25,24793.25,24782.75,24783.75,728,24787.33,24727.96,0.00
2025-11-24,04:23:00,24783.5,24787.5,24781.5,24782.5,517,24786.91,24728.07,0.00
2025-11-24,04:24:00,24783,24787.75,24774.5,24787.5,908,24786.29,24728.27,0.00
2025-11-24,04:25:00,24787.75,24794.5,24785.75,24791.75,631,24786.75,24728.43,0.00
2025-11-24,04:26:00,24791.75,24797,24790,24790.75,764,24792.58,24728.63,0.00
2025-11-24,04:27:00,24792.75,24804.25,24788,24803,1002,24798.42,24728.90,0.00
2025-11-24,04:28:00,24803,24808.75,24799,24806.75,1111,24804.83,24729.24,0.00
2025-11-24,04:29:00,24806,24808.25,24799,24802.5,606,24804.27,24729.41,0.00
2025-11-24,04:30:00,24802.5,24802.75,24795.25,24798.25,655,24802.75,24729.59,0.00
2025-11-24,04:31:00,24797.25,24801.25,24791.25,24797.25,798,24801.20,24729.80,0.00
2025-11-24,04:32:00,24797,24804.25,24789.75,24802.25,854,24800.68,24730.03,0.00
2025-11-24,04:33:00,24801.75,24806,24796.25,24800,486,24800.69,24730.16,0.00
2025-11-24,04:34:00,24799.25,24800,24787,24789,635,24799.61,24730.31,0.00
2025-11-24,04:35:00,24789.25,24795,24785.75,24787.75,818,24798.23,24730.50,0.00
2025-11-24,04:36:00,24787.25,24790.25,24776.75,24783,1069,24795.96,24730.72,0.00
2025-11-24,04:37:00,24782,24800,24782,24794.75,851,24795.56,24730.92,0.00
2025-11-24,04:38:00,24794.25,24803.75,24792.5,24799.75,722,24795.82,24731.11,0.00
2025-11-24,04:39:00,24800,24809.25,24799.5,24800.5,807,24803.08,24731.33,0.00
2025-11-24,04:40:00,24801.25,24802.75,24783.5,24787.75,820,24797.16,24731.52,0.00
2025-11-24,04:41:00,24788.75,24800.5,24788.75,24794.25,516,24796.52,24731.64,0.00
2025-11-24,04:42:00,24794,24806.75,24792.5,24794,556,24796.77,24731.78,0.00
2025-11-24,04:43:00,24794.75,24801,24794.75,24797.75,244,24796.86,24731.84,0.00
2025-11-24,04:44:00,24798.5,24802.5,24796.5,24798,277,24797.05,24731.91,0.00
2025-11-24,04:45:00,24799.25,24804.75,24794.75,24795.25,365,24797.17,24732.00,0.00
2025-11-24,04:46:00,24795.5,24798.5,24791,24797,618,24796.92,24732.15,0.00
2025-11-24,04:47:00,24797.25,24803,24796,24797.5,364,24797.08,24732.24,0.00
2025-11-24,04:48:00,24797.25,24803.5,24792.5,24802,483,24797.29,24732.36,0.00
2025-11-24,04:49:00,24802.5,24805.75,24799,24805.25,388,24797.72,24732.47,0.00
2025-11-24,04:50:00,24804.75,24807.25,24793.5,24801.75,454,24797.96,24732.58,0.00
2025-11-24,04:51:00,24802,24805.75,24798.75,24799.75,212,24798.08,24732.64,0.00
2025-11-24,04:52:00,24798.5,24803.25,24796.25,24800.75,482,24798.23,24732.76,0.00
2025-11-24,04:53:00,24800.5,24804,24797,24800.25,407,24798.36,24732.86,0.00
2025-11-24,04:54:00,24800.5,24805.75,24800.5,24805,343,24798.61,24732.95,0.00
2025-11-24,04:55:00,24805.5,24809.75,24801.25,24809,532,24806.67,24733.10,0.00
2025-11-24,04:56:00,24809.75,24815.25,24807.5,24810.5,1042,24811.08,24733.40,0.00
2025-11-24,04:57:00,24809.5,24812.5,24806.5,24810.25,429,24810.69,24733.52,0.00
2025-11-24,04:58:00,24810.25,24814.5,24805.75,24813.5,243,24810.77,24733.59,0.00
2025-11-24,04:59:00,24813.5,24816.5,24809.75,24812,402,24812.75,24733.71,0.00
2025-11-24,05:00:00,24810,24811.5,24803,24805.5,340,24809.96,24733.80,0.00
2025-11-24,05:01:00,24805,24808.25,24800.5,24803,712,24807.00,24733.98,0.00
2025-11-24,05:02:00,24803.25,24811.75,24802.5,24810,532,24807.29,24734.13,0.00
2025-11-24,05:03:00,24811,24814.25,24806.75,24810.75,441,24807.89,24734.25,0.00
2025-11-24,05:04:00,24811.5,24816.5,24805.75,24807.5,459,24808.21,24734.38,0.00
2025-11-24,05:05:00,24807.5,24808.25,24801.5,24806.5,518,24807.79,24734.51,0.00
2025-11-24,05:06:00,24806.75,24813.25,24804.5,24811.5,276,24807.93,24734.59,0.00
2025-11-24,05:07:00,24811.5,24815.75,24805.75,24813.25,368,24808.27,24734.69,0.00
2025-11-24,05:08:00,24813,24815,24799.25,24803.75,576,24807.98,24734.84,0.00
2025-11-24,05:09:00,24803.25,24804.75,24792.5,24793.25,668,24806.58,24734.99,0.00
2025-11-24,05:10:00,24793.5,24793.5,24781,24785.75,980,24803.48,24735.17,0.00
2025-11-24,05:11:00,24785.75,24795,24780.75,24786.5,639,24801.99,24735.29,0.00
2025-11-24,05:12:00,24786.25,24793.75,24784,24792,385,24801.36,24735.37,0.00
2025-11-24,05:13:00,24791.5,24791.75,24780.25,24782.75,442,24800.42,24735.45,0.00
2025-11-24,05:14:00,24783.25,24783.75,24768.75,24771.5,1054,24797.33,24735.60,0.00
2025-11-24,05:15:00,24770.75,24774.5,24763.5,24769.5,670,24795.34,24735.68,0.00
2025-11-24,05:16:00,24770.5,24786.75,24769.75,24770.5,1235,24793.06,24735.85,0.00
2025-11-24,05:17:00,24771,24773.5,24753.25,24755,1358,24789.41,24735.97,0.00
2025-11-24,05:18:00,24755,24766.5,24752,24761,700,24787.78,24736.03,0.00
2025-11-24,05:19:00,24760.5,24760.5,24743.5,24745.5,819,24785.49,24736.07,0.00
2025-11-24,05:20:00,24745,24747.5,24737,24738.75,955,24782.57,24736.09,0.00
2025-11-24,05:21:00,24739,24742.75,24727.5,24733.75,1232,24778.83,24736.08,0.00
2025-11-24,05:22:00,24734.25,24736.25,24724,24734.5,967,24776.10,24736.07,0.00
2025-11-24,05:23:00,24734,24735.5,24704.75,24708,1435,24771.36,24735.97,0.00
2025-11-24,05:24:00,24707.25,24707.5,24697.75,24704.75,1654,24765.68,24735.78,0.00
2025-11-24,05:25:00,24703.25,24704.25,24687.75,24690.25,1612,24760.29,24735.55,0.00
2025-11-24,05:26:00,24690.75,24691.75,24645.5,24653.25,4033,24744.96,24663.50,0.00
2025-11-24,05:27:00,24653.5,24653.5,24627.75,24637.5,3218,24733.14,24639.58,0.00
2025-11-24,05:28:00,24636.75,24643,24620.25,24641,2202,24726.12,24634.75,0.00
2025-11-24,05:29:00,24640,24651.5,24631,24634,2272,24720.14,24636.82,0.00
2025-11-24,05:30:00,24633.75,24634,24621,24624.75,1902,24715.06,24633.77,0.00
2025-11-24,05:31:00,24624,24647.25,24619,24642.5,2341,24710.13,24636.25,0.00
2025-11-24,05:32:00,24641.75,24654.5,24636,24651,1518,24707.67,24640.54,0.00
2025-11-24,05:33:00,24650.75,24666,24645,24664.75,2002,24705.27,24646.71,0.00
2025-11-24,05:34:00,24665.75,24675.5,24659.25,24672.25,1422,24704.05,24651.06,0.00
2025-11-24,05:35:00,24672.25,24683.5,24652.25,24653.25,1565,24702.59,24653.17,0.00
2025-11-24,05:36:00,24653.25,24673.75,24652.5,24672,1298,24701.54,24654.82,0.00
2025-11-24,05:37:00,24672.25,24701.5,24672.25,24697,1597,24701.16,24659.64,0.00
2025-11-24,05:38:00,24697,24700.75,24673.75,24674.75,1414,24700.63,24662.16,0.00
2025-11-24,05:39:00,24675.5,24683,24666.5,24678.75,1057,24700.10,24663.20,0.00
2025-11-24,05:40:00,24679.25,24681,24661,24662.75,991,24699.47,24663.53,0.00
2025-11-24,05:41:00,24661.5,24662.75,24650.5,24652.5,987,24698.62,24663.02,0.00
2025-11-24,05:42:00,24651.5,24654,24638.25,24646.25,1223,24697.40,24661.84,0.00
2025-11-24,05:43:00,24645.25,24660.75,24642.75,24648.5,1074,24696.46,24661.19,0.00
2025-11-24,05:44:00,24648,24653.5,24641,24653,696,24695.85,24660.75,0.00
2025-11-24,05:45:00,24653.25,24667.75,24652.5,24666.5,1222,24695.11,24660.84,0.00
2025-11-24,05:46:00,24666,24691,24665.25,24688,1539,24694.74,24662.28,0.00
2025-11-24,05:47:00,24688.5,24696,24682.25,24683.75,1301,24694.58,24663.69,0.00
2025-11-24,05:48:00,24684.25,24684.75,24676.25,24678.5,880,24694.36,24664.28,0.00
2025-11-24,05:49:00,24678,24686,24678,24680,634,24694.22,24664.71,0.00
2025-11-24,05:50:00,24678.75,24693,24678.25,24688.25,784,24694.12,24665.38,0.00
2025-11-24,05:51:00,24688.5,24689,24667.25,24671.25,1212,24693.76,24665.85,0.00
2025-11-24,05:52:00,24670.5,24676.75,24662.75,24676.5,770,24693.50,24666.03,0.00
2025-11-24,05:53:00,24676.25,24691,24673.75,24688.25,1144,24693.33,24666.76,0.00
2025-11-24,05:54:00,24689.5,24695.5,24686.5,24688,1051,24693.28,24667.58,0.00
2025-11-24,05:55:00,24687.5,24688,24677.5,24679.5,761,24693.14,24667.93,0.00
2025-11-24,05:56:00,24679.75,24691.75,24676,24687.25,771,24693.05,24668.35,0.00
2025-11-24,05:57:00,24687.25,24694.5,24684,24684.5,705,24692.99,24668.78,0.00
2025-11-24,05:58:00,24684.5,24688.5,24680,24680.5,553,24692.91,24669.02,0.00
2025-11-24,05:59:00,24681,24684.5,24676.75,24683,558,24692.81,24669.23,0.00
2025-11-24,06:00:00,24683.25,24687.5,24674.5,24675.5,573,24692.70,24669.40,0.00
2025-11-24,06:01:00,24675.75,24677.75,24663.25,24670.25,1392,24692.26,24669.44,0.00
2025-11-24,06:02:00,24670.5,24684.5,24665.25,24683.25,710,24692.11,24669.60,0.00
2025-11-24,06:03:00,24683.5,24688.25,24676.5,24685,620,24692.04,24669.83,0.00
2025-11-24,06:04:00,24686.5,24691.75,24683.75,24686.5,622,24691.99,24670.13,0.00
2025-11-24,06:05:00,24686.75,24691,24679.5,24686.75,544,24691.95,24670.36,0.00
2025-11-24,06:06:00,24687.25,24688.5,24678.25,24684.25,493,24691.89,24670.53,0.00
2025-11-24,06:07:00,24684,24684,24675.5,24676.5,501,24691.80,24670.63,0.00
2025-11-24,06:08:00,24676.5,24682.5,24673.5,24676.5,523,24691.70,24670.73,0.00
2025-11-24,06:09:00,24676.25,24680.25,24672.75,24674.75,460,24691.60,24670.79,0.00
2025-11-24,06:10:00,24674.5,24679.25,24672.5,24678.25,396,24691.52,24670.84,0.00
2025-11-24,06:11:00,24677,24678,24667,24673.25,906,24691.30,24670.89,0.00
2025-11-24,06:12:00,24672.75,24674.75,24665.75,24666.25,617,24691.12,24670.86,0.00
2025-11-24,06:13:00,24667.25,24671,24658,24670.25,991,24690.80,24670.75,0.00
2025-11-24,06:14:00,24670,24670.5,24648.5,24650.75,921,24690.40,24670.45,0.00
2025-11-24,06:15:00,24650.75,24658.5,24641,24656,1456,24689.70,24669.85,0.00
2025-11-24,06:16:00,24656,24659.25,24643.5,24653.25,689,24689.38,24669.58,0.00
2025-11-24,06:17:00,24653.5,24663.5,24649,24656.75,777,24689.06,24669.36,0.00
2025-11-24,06:18:00,24656.75,24671.25,24656.25,24664.75,1003,24688.76,24669.24,0.00
2025-11-24,06:19:00,24665.25,24666.25,24655,24657.75,753,24688.49,24669.09,0.00
2025-11-24,06:20:00,24658.25,24672.25,24653,24667.25,856,24688.24,24669.01,0.00
2025-11-24,06:21:00,24667,24677.5,24662,24675,784,24688.09,24669.05,0.00
2025-11-24,06:22:00,24676,24683.75,24676,24680.5,928,24688.00,24669.25,0.00
2025-11-24,06:23:00,24681,24681.75,24657.75,24659.75,837,24687.79,24669.20,0.00
2025-11-24,06:24:00,24659.25,24662.25,24653.5,24654.25,542,24687.60,24669.07,0.00
2025-11-24,06:25:00,24654,24656.25,24643.25,24643.25,880,24687.20,24668.71,0.00
2025-11-24,06:26:00,24643.25,24654.75,24636,24650.75,1205,24686.66,24668.23,0.00
2025-11-24,06:27:00,24651.25,24657.5,24646.5,24657,657,24686.42,24668.06,0.00
2025-11-24,06:28:00,24656.5,24661.25,24649,24651.5,691,24686.17,24667.88,0.00
2025-11-24,06:29:00,24651.25,24655.75,24645.75,24649,844,24685.84,24667.62,0.00
2025-11-24,06:30:00,24648,24653.25,24640.25,24649.25,790,24685.51,24667.34,0.00
2025-11-24,06:31:00,24649.25,24652.5,24645,24645.25,552,24685.28,24667.15,0.00
2025-11-24,06:32:00,24645.75,24647.5,24633.5,24640.75,1147,24684.74,24666.63,0.00
2025-11-24,06:33:00,24641.5,24654,24637.5,24653,783,24684.43,24666.39,0.00
2025-11-24,06:34:00,24654,24655.5,24632.25,24634.25,1043,24683.95,24665.95,0.00
2025-11-24,06:35:00,24633.75,24637,24623.25,24624.25,1462,24683.11,24665.05,0.00
2025-11-24,06:36:00,24624.5,24649.25,24614.5,24640.25,2005,24682.13,24634.67,0.00
2025-11-24,06:37:00,24640,24660.25,24639.5,24657.75,1050,24681.82,24640.80,0.00
2025-11-24,06:38:00,24658.5,24662,24650,24659.25,938,24681.59,24644.62,0.00
2025-11-24,06:39:00,24660,24673.25,24659,24665.5,1002,24681.44,24648.89,0.00
2025-11-24,06:40:00,24667.25,24674.5,24664.75,24665.25,654,24681.36,24651.13,0.00
2025-11-24,06:41:00,24664.75,24671.25,24659.5,24667.5,607,24681.27,24652.58,0.00
2025-11-24,06:42:00,24667,24670,24662.25,24664.5,442,24681.20,24653.43,0.00
2025-11-24,06:43:00,24663.75,24675.25,24661.5,24671.25,606,24681.13,24654.75,0.00
2025-11-24,06:44:00,24672,24673,24657.25,24657.5,532,24681.04,24655.29,0.00
2025-11-24,06:45:00,24658.25,24672,24658.25,24667,441,24680.97,24655.84,0.00
2025-11-24,06:46:00,24666.75,24674,24659.25,24668.75,478,24680.91,24656.47,0.00
2025-11-24,06:47:00,24669.75,24679,24665,24673,663,24680.86,24657.59,0.00
2025-11-24,06:48:00,24673,24675.75,24664.75,24664.75,366,24680.81,24657.99,0.00
2025-11-24,06:49:00,24665.5,24669.5,24662.5,24668,482,24680.75,24658.40,0.00
2025-11-24,06:50:00,24667.75,24672.5,24664.25,24670,332,24680.71,24658.73,0.00
2025-11-24,06:51:00,24670.75,24672.25,24664.75,24671.5,296,24680.68,24659.02,0.00
2025-11-24,06:52:00,24672.5,24679,24665.75,24671.75,573,24680.64,24659.68,0.00
2025-11-24,06:53:00,24670.75,24674,24665.75,24668.5,277,24680.61,24659.91,0.00
2025-11-24,06:54:00,24667.75,24668.75,24655,24655,638,24680.49,24659.89,0.00
2025-11-24,06:55:00,24655.75,24656,24646.25,24655,974,24680.24,24659.35,0.00
2025-11-24,06:56:00,24655.75,24672.25,24647.5,24670.25,780,24680.12,24659.57,0.00
2025-11-24,06:57:00,24670.75,24676.25,24662.75,24665.5,642,24680.05,24659.94,0.00
2025-11-24,06:58:00,24665,24676.25,24664.25,24673.25,424,24680.02,24660.26,0.00
2025-11-24,06:59:00,24673.25,24681.5,24669.75,24673.25,812,24679.98,24660.99,0.00
2025-11-24,07:00:00,24674,24674.75,24651.75,24655.25,1064,24679.80,24660.97,0.00
2025-11-24,07:01:00,24654.75,24665.5,24651.25,24655.5,797,24679.65,24660.81,0.00
2025-11-24,07:02:00,24656,24660.75,24649,24657.5,715,24679.50,24660.62,0.00
2025-11-24,07:03:00,24657.5,24659.75,24651.25,24658.5,378,24679.42,24660.53,0.00
2025-11-24,07:04:00,24658.5,24666.5,24654.25,24659,643,24679.32,24660.51,0.00
2025-11-24,07:05:00,24659.75,24662.75,24649.25,24654.5,691,24679.18,24660.34,0.00
2025-11-24,07:06:00,24653.75,24657.75,24639,24645.75,1034,24678.90,24659.72,0.00
2025-11-24,07:07:00,24645,24655,24641.75,24652.5,873,24678.69,24659.33,0.00
2025-11-24,07:08:00,24653,24657.75,24646.5,24649.75,594,24678.55,24659.12,0.00
2025-11-24,07:09:00,24650,24650.25,24631.25,24634.25,1001,24678.22,24658.26,0.00
2025-11-24,07:10:00,24634,24644.75,24631.25,24639.75,541,24678.04,24657.82,0.00
2025-11-24,07:11:00,24640.5,24654.25,24639.75,24654.25,686,24677.88,24657.59,0.00
2025-11-24,07:12:00,24654.5,24656.75,24642.75,24644.25,493,24677.76,24657.40,0.00
2025-11-24,07:13:00,24644.5,24644.5,24633.5,24641.25,588,24677.58,24657.00,0.00
2025-11-24,07:14:00,24641.75,24652.75,24640.75,24650.25,396,24677.49,24656.87,0.00
2025-11-24,07:15:00,24650,24652.25,24640.5,24645,382,24677.39,24656.71,0.00
2025-11-24,07:16:00,24644.5,24645,24637.5,24640.75,399,24677.27,24656.49,0.00
2025-11-24,07:17:00,24640.25,24655.75,24636.75,24653.25,417,24677.18,24656.37,0.00
2025-11-24,07:18:00,24653.25,24660.25,24649.5,24658,499,24677.09,24656.36,0.00
2025-11-24,07:19:00,24658,24664.25,24657.75,24661.25,673,24677.01,24656.47,0.00
2025-11-24,07:20:00,24661.25,24668.5,24657.5,24666.5,479,24676.96,24656.59,0.00
2025-11-24,07:21:00,24666.25,24675.5,24664.75,24672.75,703,24676.92,24656.93,0.00
2025-11-24,07:22:00,24672.25,24681.25,24667.75,24670.5,1211,24676.89,24657.56,0.00
2025-11-24,07:23:00,24671.25,24672.75,24659,24665.5,729,24676.83,24657.75,0.00
2025-11-24,07:24:00,24665.25,24671.25,24662.75,24669.5,467,24676.79,24657.89,0.00
2025-11-24,07:25:00,24669.5,24678,24667.25,24667.5,605,24676.77,24658.13,0.00
2025-11-24,07:26:00,24668,24668.5,24655.25,24657.5,680,24676.68,24658.18,0.00
2025-11-24,07:27:00,24658.5,24661,24650,24660,680,24676.58,24658.15,0.00
2025-11-24,07:28:00,24660.5,24663.75,24653.5,24658,501,24676.51,24658.16,0.00
2025-11-24,07:29:00,24659,24659.5,24652.75,24656.5,370,24676.45,24658.14,0.00
2025-11-24,07:30:00,24656.25,24665.75,24654.75,24663.5,351,24676.41,24658.17,0.00
2025-11-24,07:31:00,24664.75,24676.25,24664.5,24676.25,769,24676.39,24658.47,0.00
2025-11-24,07:32:00,24676,24676,24658,24666,659,24676.34,24658.61,0.00
2025-11-24,07:33:00,24666.5,24672.75,24661,24669.5,420,24676.32,24658.71,0.00
2025-11-24,07:34:00,24668.75,24670.25,24651.5,24652.75,835,24676.20,24658.70,0.00
2025-11-24,07:35:00,24653,24657.25,24649.5,24653.25,345,24676.15,24658.65,0.00
2025-11-24,07:36:00,24653.25,24655.75,24649.5,24655,413,24676.08,24658.60,0.00
2025-11-24,07:37:00,24654.75,24664.75,24653,24661.25,534,24676.01,24658.61,0.00
2025-11-24,07:38:00,24660.5,24666.75,24657.75,24661.5,438,24675.97,24658.65,0.00
2025-11-24,07:39:00,24662.25,24663,24651.25,24654.75,410,24675.91,24658.63,0.00
2025-11-24,07:40:00,24654,24657.25,24650.5,24652.25,329,24675.85,24658.58,0.00
2025-11-24,07:41:00,24652.5,24661,24647,24656.75,542,24675.77,24658.54,0.00
2025-11-24,07:42:00,24656.75,24666,24652.75,24652.75,445,24675.71,24658.52,0.00
2025-11-24,07:43:00,24653.25,24657.25,24648.5,24655.25,370,24675.65,24658.48,0.00
2025-11-24,07:44:00,24655.25,24663.25,24654.75,24662.75,299,24675.62,24658.49,0.00
2025-11-24,07:45:00,24662.25,24687.5,24661,24680.25,1570,24675.63,24659.13,0.00
2025-11-24,07:46:00,24679.75,24684.75,24676.25,24677.5,628,24675.65,24659.41,0.00
2025-11-24,07:47:00,24678.25,24679.75,24669.5,24673.25,694,24675.64,24659.64,0.00
2025-11-24,07:48:00,24673,24678.25,24670.25,24674.75,520,24675.63,24659.81,0.00
2025-11-24,07:49:00,24675,24684.5,24675,24680.75,769,24675.66,24660.14,0.00
2025-11-24,07:50:00,24680.75,24688.5,24679.5,24687.25,577,24675.70,24660.44,0.00
2025-11-24,07:51:00,24687.5,24696.25,24684.25,24695,1046,24675.81,24661.12,0.00
2025-11-24,07:52:00,24695.25,24703.75,24693,24702.75,1024,24675.98,24661.93,0.00
2025-11-24,07:53:00,24703.25,24715.25,24702,24710.75,1495,24676.32,24663.32,0.00
2025-11-24,07:54:00,24710.5,24715.5,24705,24707.25,874,24676.51,24664.10,0.00
2025-11-24,07:55:00,24707.75,24710.25,24700.5,24701.25,596,24676.62,24664.56,0.00
2025-11-24,07:56:00,24701.5,24707.25,24697.75,24700.5,582,24676.72,24664.97,0.00
2025-11-24,07:57:00,24700,24708.25,24700,24706.25,376,24676.79,24665.25,0.00
2025-11-24,07:58:00,24705.75,24716.75,24702,24711.75,679,24676.94,24665.81,0.00
2025-11-24,07:59:00,24712.5,24713.75,24700.75,24701.5,542,24677.04,24666.21,0.00
2025-11-24,08:00:00,24701.25,24711.5,24701,24708.5,535,24677.15,24666.60,0.00
2025-11-24,08:01:00,24708.5,24708.5,24687.25,24694.25,1739,24677.37,24667.53,0.00
2025-11-24,08:02:00,24694.25,24698.75,24690,24697.25,567,24677.43,24667.80,0.00
2025-11-24,08:03:00,24697.5,24706.5,24692.5,24694.75,826,24677.54,24668.23,0.00
2025-11-24,08:04:00,24695.5,24703.5,24690.25,24698,592,24677.62,24668.52,0.00
2025-11-24,08:05:00,24697.25,24700,24685.25,24693.75,881,24677.70,24668.88,0.00
2025-11-24,08:06:00,24694,24704.25,24692,24699,695,24677.79,24669.23,0.00
2025-11-24,08:07:00,24698.5,24701.5,24692.75,24697.75,364,24677.84,24669.39,0.00
2025-11-24,08:08:00,24697,24703.25,24693.75,24702,260,24677.88,24669.52,0.00
2025-11-24,08:09:00,24702.75,24713.5,24702,24708,905,24678.05,24670.08,0.00
2025-11-24,08:10:00,24707.75,24707.75,24690.5,24703.25,1167,24678.21,24670.65,0.00
2025-11-24,08:11:00,24703.5,24707,24687,24698.5,1157,24678.35,24671.13,0.00
2025-11-24,08:12:00,24697.75,24702.5,24682.5,24686.75,994,24678.42,24671.43,0.00
2025-11-24,08:13:00,24687.5,24692.5,24676,24684,858,24678.45,24671.60,0.00
2025-11-24,08:14:00,24684.75,24689.75,24679.75,24686.5,577,24678.48,24671.71,0.00
2025-11-24,08:15:00,24686.75,24691.75,24683.25,24684.5,378,24678.50,24671.80,0.00
2025-11-24,08:16:00,24685.5,24688.25,24682.75,24687.25,381,24678.51,24671.88,0.00
2025-11-24,08:17:00,24688,24693.75,24686.25,24690.75,546,24678.55,24672.03,0.00
2025-11-24,08:18:00,24690.5,24701.5,24689.5,24698.25,580,24678.62,24672.23,0.00
2025-11-24,08:19:00,24698.25,24699.5,24685.25,24686.75,556,24678.66,24672.38,0.00
2025-11-24,08:20:00,24686.75,24687,24676,24678,793,24678.66,24672.47,0.00
2025-11-24,08:21:00,24678.25,24694.25,24676.5,24690.25,667,24678.70,24672.61,0.00
2025-11-24,08:22:00,24690.5,24701,24690.5,24695.25,520,24678.75,24672.78,0.00
2025-11-24,08:23:00,24694.75,24704.25,24686.25,24702.75,627,24678.82,24673.00,0.00
2025-11-24,08:24:00,24703.5,24706,24695.25,24696.25,453,24678.87,24673.16,0.00
2025-11-24,08:25:00,24697,24699.75,24692.75,24696.75,369,24678.91,24673.28,0.00
2025-11-24,08:26:00,24696.5,24714.25,24696.5,24712.5,737,24679.04,24673.63,0.00
2025-11-24,08:27:00,24712.25,24714.25,24707,24711.5,636,24679.16,24673.95,0.00
2025-11-24,08:28:00,24711.5,24725,24711.5,24725,1201,24679.44,24674.69,0.00
2025-11-24,08:29:00,24724.25,24730.25,24723.75,24728.25,1233,24679.79,24675.55,0.00
2025-11-24,08:30:00,24729,24742,24727,24734.75,2188,24680.47,24677.19,0.00
2025-11-24,08:31:00,24734.75,24742.5,24732.5,24742,1305,24680.90,24678.20,0.00
2025-11-24,08:32:00,24741.75,24749.75,24738.75,24746,1039,24681.27,24679.06,0.00
2025-11-24,08:33:00,24746.5,24752.25,24740.5,24747,1314,24681.75,24680.14,0.00
2025-11-24,08:34:00,24747.25,24750.25,24734,24744.5,1171,24682.15,24681.03,0.00
2025-11-24,08:35:00,24744.5,24750.75,24738.25,24740.5,798,24682.42,24681.62,0.00
2025-11-24,08:36:00,24740.5,24740.5,24731,24732.25,928,24682.69,24682.19,0.00
2025-11-24,08:37:00,24732.75,24735,24720.5,24722.5,1198,24682.97,24682.80,0.00
2025-11-24,08:38:00,24722.5,24732,24722.5,24729.25,606,24683.12,24683.12,0.00
2025-11-24,08:39:00,24729,24732,24725,24730,439,24683.23,24683.35,0.00
2025-11-24,08:40:00,24730,24733.25,24728.5,24730.75,380,24683.32,24683.56,0.00
2025-11-24,08:41:00,24731,24736.5,24728.25,24730,641,24683.49,24683.90,0.00
2025-11-24,08:42:00,24730.5,24732.75,24725.25,24729,483,24683.61,24684.15,0.00
2025-11-24,08:43:00,24728.5,24731.25,24717.25,24719.75,986,24683.82,24684.57,0.00
2025-11-24,08:44:00,24720,24737.25,24719,24729.25,892,24684.03,24685.01,0.00
2025-11-24,08:45:00,24728.75,24729,24719.75,24724.75,903,24684.22,24685.40,0.00
2025-11-24,08:46:00,24724.75,24736.25,24723.25,24735,572,24684.36,24685.68,0.00
2025-11-24,08:47:00,24734,24736.5,24725.5,24732.25,523,24684.49,24685.94,0.00
2025-11-24,08:48:00,24732,24736.75,24728,24729,457,24684.61,24686.16,0.00
2025-11-24,08:49:00,24730,24742.75,24729.5,24742.75,793,24684.83,24686.60,0.00
2025-11-24,08:50:00,24742.75,24747.25,24741,24745,669,24685.04,24687.01,0.00
2025-11-24,08:51:00,24744.5,24748.25,24738.75,24745.5,623,24685.23,24687.39,0.00
2025-11-24,08:52:00,24746,24746.5,24736.25,24738.5,681,24685.42,24687.76,0.00
2025-11-24,08:53:00,24738.5,24743.25,24732.75,24741,508,24685.57,24688.03,0.00
2025-11-24,08:54:00,24740.5,24740.75,24729,24740.75,844,24685.79,24688.46,0.00
2025-11-24,08:55:00,24741,24759.25,24739.75,24757.75,1549,24686.31,24689.46,0.00
2025-11-24,08:56:00,24757.5,24765.25,24748.25,24764,1585,24686.90,24690.56,0.00
2025-11-24,08:57:00,24764.5,24769.75,24755.5,24756,1342,24687.40,24691.48,0.00
2025-11-24,08:58:00,24756.75,24763.25,24755.75,24757.5,523,24687.58,24691.83,0.00
2025-11-24,08:59:00,24757.5,24765,24755.75,24764.75,488,24687.76,24692.16,0.00
2025-11-24,09:00:00,24765.25,24766.25,24757.75,24758.75,536,24687.96,24692.52,0.00
2025-11-24,09:01:00,24758.5,24763.75,24752.25,24762.75,915,24688.29,24693.11,0.00
2025-11-24,09:02:00,24763.75,24767,24757,24760.75,596,24688.50,24693.50,0.00
2025-11-24,09:03:00,24760.5,24764.75,24756.75,24764.25,428,24688.66,24693.78,0.00
2025-11-24,09:04:00,24764,24764,24757.25,24760.75,297,24688.76,24693.96,0.00
2025-11-24,09:05:00,24761.25,24774,24761.25,24767.5,1068,24689.18,24694.70,0.00
2025-11-24,09:06:00,24768.25,24778,24767.5,24771.75,794,24689.50,24695.28,0.00
2025-11-24,09:07:00,24771.75,24781.5,24771.75,24781.5,606,24689.76,24695.74,0.00
2025-11-24,09:08:00,24781.75,24791.25,24778.25,24790.5,1334,24690.39,24696.85,0.00
2025-11-24,09:09:00,24790,24792.25,24784,24790.75,1047,24690.89,24697.73,0.00
2025-11-24,09:10:00,24791.25,24797.5,24790.75,24794.75,1033,24691.40,24698.63,0.00
2025-11-24,09:11:00,24794.75,24802.75,24793.5,24797.25,1037,24691.93,24699.54,0.00
2025-11-24,09:12:00,24797.25,24800,24790.25,24797.25,1074,24692.46,24700.45,0.00
2025-11-24,09:13:00,24796.75,24799.75,24790.5,24794.5,755,24692.82,24701.08,0.00
2025-11-24,09:14:00,24794.75,24800.25,24793,24797.5,656,24693.15,24701.63,0.00
2025-11-24,09:15:00,24797.5,24801.25,24789.25,24800.25,780,24693.53,24702.27,0.00
2025-11-24,09:16:00,24800,24803,24796.5,24797.5,830,24693.94,24702.96,0.00
2025-11-24,09:17:00,24797.75,24801.5,24793.5,24793.5,463,24694.16,24703.33,0.00
2025-11-24,09:18:00,24794.25,24796.75,24784.5,24790,1307,24694.74,24704.29,0.00
2025-11-24,09:19:00,24789,24799.5,24789,24793.5,821,24695.12,24704.91,0.00
2025-11-24,09:20:00,24793.75,24798,24793.25,24797.25,477,24695.34,24705.27,0.00
2025-11-24,09:21:00,24797,24798.75,24790,24792.75,539,24695.59,24705.67,0.00
2025-11-24,09:22:00,24792.25,24794.5,24784.75,24787.5,965,24696.00,24706.33,0.00
2025-11-24,09:23:00,24788,24791.75,24782.75,24784.75,819,24696.34,24706.87,0.00
2025-11-24,09:24:00,24785.25,24793.25,24779.5,24791,1295,24696.88,24707.72,0.00
2025-11-24,09:25:00,24791.75,24799,24786.25,24795.5,947,24697.29,24708.38,0.00
2025-11-24,09:26:00,24795.5,24802,24794,24798,863,24697.68,24709.00,0.00
2025-11-24,09:27:00,24798.5,24812.5,24797.25,24808.25,1509,24698.41,24710.16,0.00
2025-11-24,09:28:00,24808.5,24809.75,24804.75,24808,560,24698.69,24710.59,0.00
2025-11-24,09:29:00,24808.5,24812.25,24803.75,24807,594,24698.97,24711.04,0.00
2025-11-24,09:30:00,24806.5,24807,24799.25,24805,632,24699.27,24711.49,0.00
2025-11-24,09:31:00,24806.25,24810.5,24802,24804,692,24699.59,24712.00,0.00
2025-11-24,09:32:00,24804.75,24811,24804.25,24809.25,518,24699.84,24712.38,0.00
2025-11-24,09:33:00,24809,24817.5,24803.5,24806,1470,24809.00,24713.47,0.00
2025-11-24,09:34:00,24805.5,24807.25,24796.25,24797.5,1002,24805.49,24714.13,0.00
2025-11-24,09:35:00,24798.25,24801.75,24793,24795.25,877,24803.18,24714.67,0.00
2025-11-24,09:36:00,24795.75,24800.5,24785.75,24795,1099,24800.85,24715.32,0.00
2025-11-24,09:37:00,24794.75,24801.25,24788,24795.75,767,24799.99,24715.78,0.00
2025-11-24,09:38:00,24795.75,24799,24791.25,24795.75,389,24799.66,24716.01,0.00
2025-11-24,09:39:00,24796,24800.5,24786.5,24790,717,24798.83,24716.41,0.00
2025-11-24,09:40:00,24789.75,24795,24784.25,24784.5,890,24797.49,24716.88,0.00
2025-11-24,09:41:00,24785.25,24792.25,24782.5,24792,780,24796.65,24717.28,0.00
2025-11-24,09:42:00,24791.5,24801,24790.75,24792,973,24796.43,24717.83,0.00
2025-11-24,09:43:00,24792.25,24795,24787.75,24793.75,534,24796.19,24718.11,0.00
2025-11-24,09:44:00,24793.75,24795,24787.75,24791.75,473,24795.96,24718.36,0.00
2025-11-24,09:45:00,24791.75,24792.25,24785.25,24790.5,642,24795.56,24718.69,0.00
2025-11-24,09:46:00,24790,24794.75,24788.5,24793.25,622,24795.37,24719.01,0.00
2025-11-24,09:47:00,24793.25,24794.5,24789.25,24790.75,447,24795.23,24719.24,0.00
2025-11-24,09:48:00,24791,24792,24777.75,24778.5,1425,24793.87,24719.88,0.00
2025-11-24,09:49:00,24778.5,24780.75,24769.25,24779.25,2366,24791.20,24720.80,0.00
2025-11-24,09:50:00,24778.75,24786.25,24777.75,24781.75,1021,24790.63,24721.23,0.00
2025-11-24,09:51:00,24782.5,24784.25,24767,24774,1389,24789.42,24721.74,0.00
2025-11-24,09:52:00,24774.75,24778,24768.25,24775,900,24788.67,24722.05,0.00
2025-11-24,09:53:00,24775.75,24782.25,24775,24779.5,628,24788.35,24722.29,0.00
2025-11-24,09:54:00,24778.75,24778.75,24767.5,24771,678,24787.81,24722.52,0.00
2025-11-24,09:55:00,24771.75,24773.5,24767.75,24770.25,689,24787.24,24722.74,0.00
2025-11-24,09:56:00,24770.75,24774.5,24769.25,24770.25,556,24786.83,24722.92,0.00
2025-11-24,09:57:00,24770,24771.25,24766.75,24767.25,726,24786.22,24723.14,0.00
2025-11-24,09:58:00,24768,24769.5,24754.25,24757,1932,24784.13,24723.60,0.00
2025-11-24,09:59:00,24757.25,24758.5,24748.75,24752.5,1405,24782.42,24723.87,0.00
2025-11-24,10:00:00,24752.5,24756,24744.25,24752.25,1504,24780.65,24724.13,0.00
2025-11-24,10:01:00,24751.75,24758.75,24748,24753.5,1700,24779.04,24724.45,0.00
2025-11-24,10:02:00,24754.5,24760.75,24750.75,24757.5,1138,24778.17,24724.67,0.00
2025-11-24,10:03:00,24758,24770.75,24757.25,24770.75,1649,24777.54,24725.10,0.00
2025-11-24,10:04:00,24770.5,24774,24766.25,24766.75,1166,24777.23,24725.42,0.00
2025-11-24,10:05:00,24767,24770.25,24763.75,24768,822,24776.99,24725.63,0.00
2025-11-24,10:06:00,24768.25,24776.5,24764.5,24776,1285,24776.82,24725.99,0.00
2025-11-24,10:07:00,24776,24786,24772.25,24774.25,2214,24776.86,24726.68,0.00
2025-11-24,10:08:00,24774.25,24778.5,24767.5,24775.25,1188,24776.76,24727.01,0.00
2025-11-24,10:09:00,24774.5,24787,24774.25,24786.5,1434,24776.97,24727.48,0.00
2025-11-24,10:10:00,24786.75,24796.25,24786,24795.75,2001,24777.73,24728.25,0.00
2025-11-24,10:11:00,24795.25,24807.5,24794.5,24804,1831,24778.76,24729.03,0.00
2025-11-24,10:12:00,24803.75,24815,24803.5,24812,1746,24779.97,24729.84,0.00
2025-11-24,10:13:00,24812,24815.5,24808.25,24809.5,1133,24780.74,24730.37,0.00
2025-11-24,10:14:00,24809.75,24827.25,24806.25,24824.5,2601,24819.33,24731.66,0.00
2025-11-24,10:15:00,24823.75,24827.75,24822.25,24823.25,1097,24824.42,24732.23,0.00
2025-11-24,10:16:00,24823.5,24823.5,24806.5,24811.25,2373,24817.12,24733.30,0.00
2025-11-24,10:17:00,24811.5,24820.5,24809.25,24820.25,995,24817.02,24733.75,0.00
2025-11-24,10:18:00,24820.25,24822,24813.25,24818.25,1038,24817.17,24734.22,0.00
2025-11-24,10:19:00,24818.25,24818.75,24798.5,24800.5,2101,24814.06,24735.03,0.00
2025-11-24,10:20:00,24801,24806.5,24796.25,24801,1419,24812.05,24735.54,0.00
2025-11-24,10:21:00,24801.25,24801.25,24790.75,24792.75,1713,24809.31,24736.07,0.00
2025-11-24,10:22:00,24792.75,24796.75,24788.5,24792,1190,24807.63,24736.43,0.00
2025-11-24,10:23:00,24792.5,24794.5,24787.25,24788.75,1096,24806.16,24736.74,0.00
2025-11-24,10:24:00,24789.5,24793.25,24784.25,24791.25,1112,24804.85,24737.04,0.00
2025-11-24,10:25:00,24792,24792.25,24782.75,24784.25,1053,24803.58,24737.31,0.00
2025-11-24,10:26:00,24784.5,24788.25,24773.75,24788.25,2350,24800.88,24737.86,0.00
2025-11-24,10:27:00,24787.25,24789,24780.75,24782,1164,24799.82,24738.14,0.00
2025-11-24,10:28:00,24781.75,24783.25,24774.5,24777.5,1464,24798.27,24738.43,0.00
2025-11-24,10:29:00,24777.5,24782.25,24775.75,24776.5,1548,24796.83,24738.74,0.00
2025-11-24,10:30:00,24776,24781.5,24771.75,24776,1878,24795.21,24739.09,0.00
2025-11-24,10:31:00,24775.5,24806.5,24766.75,24798,10706,24793.71,24741.68,0.00
2025-11-24,10:32:00,24798.25,24846.25,24796.25,24841.25,12778,24827.92,24746.57,0.00
2025-11-24,10:33:00,24840.5,24893,24838.5,24889.5,13678,24873.67,24753.84,0.00
2025-11-24,10:34:00,24890.5,24914.25,24883.25,24902.5,10902,24900.00,24760.22,0.00
2025-11-24,10:35:00,24903.25,24938,24901.75,24935.75,9878,24925.17,24766.49,0.00
2025-11-24,10:36:00,24936.25,24975.5,24936.25,24956.75,12909,24956.17,24775.47,0.00
2025-11-24,10:37:00,24957.5,24964.75,24936.75,24957,9436,24954.76,24781.40,0.00
2025-11-24,10:38:00,24956.75,24969.25,24928.25,24940.25,9047,24952.21,24786.51,0.00
2025-11-24,10:39:00,24939.75,24951.75,24916.75,24927,8356,24947.93,24790.57,0.00
2025-11-24,10:40:00,24927,24928.25,24899.25,24907.5,8922,24941.28,24794.07,0.00
2025-11-24,10:41:00,24908.25,24926.5,24876,24883.25,11651,24932.39,24797.75,0.00
2025-11-24,10:42:00,24883.25,24920.25,24870.75,24919,9732,24928.35,24800.87,0.00
2025-11-24,10:43:00,24919.5,24943.25,24915.5,24935.25,9523,24928.71,24804.53,0.00
2025-11-24,10:44:00,24934.75,24938.25,24883.5,24905.5,8634,24926.79,24807.12,0.00
2025-11-24,10:45:00,24905.5,24912.75,24862.5,24877.75,9027,24922.85,24809.07,0.00
2025-11-24,10:46:00,24877.25,24916.5,24864.75,24900,9357,24920.29,24811.24,0.00
2025-11-24,10:47:00,24898.25,24907.5,24873.25,24893.5,5924,24918.77,24812.51,0.00
2025-11-24,10:48:00,24893,24937,24880.75,24933.5,8748,24918.65,24814.91,0.00
2025-11-24,10:49:00,24934.25,24943.25,24918.75,24922,7590,24919.20,24817.12,0.00
2025-11-24,10:50:00,24922,24922.75,24866,24871,9386,24916.99,24818.76,0.00
2025-11-24,10:51:00,24871,24872.5,24832.5,24854,13547,24911.28,24819.89,0.00
2025-11-24,10:52:00,24853,24882,24837.25,24868.75,11078,24907.97,24821.01,0.00
2025-11-24,10:53:00,24868.75,24912.5,24868.75,24894.5,10207,24907.02,24822.68,0.00
2025-11-24,10:54:00,24894,24924.25,24886.25,24919.5,7656,24907.15,24824.20,0.00
2025-11-24,10:55:00,24919.5,24934.5,24885.75,24892.25,7819,24907.03,24825.59,0.00
2025-11-24,10:56:00,24893,24909.5,24878.75,24884.5,8325,24906.34,24826.78,0.00
2025-11-24,10:57:00,24885,24913,24882.5,24906,6593,24906.15,24827.83,0.00
2025-11-24,10:58:00,24905.25,24917.25,24892,24907.5,5443,24906.14,24828.73,0.00
2025-11-24,10:59:00,24907.5,24928.75,24896.25,24901,6828,24906.22,24829.88,0.00
2025-11-24,11:00:00,24900.75,24937.75,24893.75,24936.5,6278,24906.68,24831.09,0.00
2025-11-24,11:01:00,24937,24967.25,24931.5,24955.75,12313,24909.04,24834.09,0.00
2025-11-24,11:02:00,24956.75,24972.25,24947,24966,6799,24910.53,24835.82,0.00
2025-11-24,11:03:00,24966.75,24990.75,24965.5,24983.75,10412,24980.00,24838.76,0.00
2025-11-24,11:04:00,24984.25,25002,24976.5,24994.25,8306,24990.92,24841.19,0.00
2025-11-24,11:05:00,24994.5,24997,24977.5,24986.75,5561,24989.38,24842.74,0.00
2025-11-24,11:06:00,24987.5,25022.25,24984,25013.75,10189,25006.67,24845.86,0.00
2025-11-24,11:07:00,25014.5,25022.75,24984.75,25008.25,8687,25005.25,24848.40,0.00
2025-11-24,11:08:00,25007.75,25016.25,24977.5,24984.25,6657,24999.79,24850.15,0.00
2025-11-24,11:09:00,24983.25,24987.75,24961.75,24979.5,6514,24992.80,24851.62,0.00
2025-11-24,11:10:00,24979.25,24991.25,24957,24963.5,6134,24987.93,24852.92,0.00
2025-11-24,11:11:00,24963.25,24984.25,24953.75,24959.25,6472,24983.77,24854.20,0.00
2025-11-24,11:12:00,24959.25,24961,24918,24936.75,9987,24973.61,24855.65,0.00
2025-11-24,11:13:00,24936.75,24973.75,24917.25,24958.5,10119,24969.20,24857.27,0.00
2025-11-24,11:14:00,24958.75,24971.25,24948,24960.75,6128,24968.28,24858.32,0.00
2025-11-24,11:15:00,24960.75,24996.5,24957.25,24987.25,8686,24969.79,24860.08,0.00
2025-11-24,11:16:00,24987.75,25004.5,24984.25,24990,5626,24971.52,24861.30,0.00
2025-11-24,11:17:00,24991.25,24996.75,24962.25,24991.75,6014,24972.42,24862.49,0.00
2025-11-24,11:18:00,24991.75,24998.75,24974.5,24985.5,4044,24973.07,24863.30,0.00
2025-11-24,11:19:00,24985.5,24995.5,24964,24977.75,4671,24973.39,24864.16,0.00
2025-11-24,11:20:00,24977,24988,24948.5,24958.5,5712,24972.88,24865.08,0.00
2025-11-24,11:21:00,24958.25,24979.5,24954.5,24971.5,5096,24972.66,24865.91,0.00
2025-11-24,11:22:00,24972.25,24989.5,24953,24985.75,5118,24972.83,24866.79,0.00
2025-11-24,11:23:00,24984.5,24994.75,24969.25,24984.75,4963,24973.28,24867.68,0.00
2025-11-24,11:24:00,24984.75,25002.25,24976.75,24979,5208,24973.85,24868.62,0.00
2025-11-24,11:25:00,24979,24979.75,24946.25,24960.25,7548,24973.13,24869.70,0.00
2025-11-24,11:26:00,24960,24961.75,24934.25,24952.25,7667,24971.74,24870.61,0.00
2025-11-24,11:27:00,24952.75,24969,24940.5,24957.5,5204,24971.13,24871.27,0.00
2025-11-24,11:28:00,24958.25,24993,24949,24987.5,7362,24971.41,24872.41,0.00
2025-11-24,11:29:00,24987.5,25006.25,24981.75,24994,6547,24972.39,24873.57,0.00
2025-11-24,11:30:00,24994.25,25003.5,24979.25,24992.25,4879,24973.00,24874.41,0.00
2025-11-24,11:31:00,24991.5,24997.25,24963.5,24983.5,6518,24973.34,24875.41,0.00
2025-11-24,11:32:00,24983.75,25001,24981.75,24995.25,4482,24973.86,24876.16,0.00
2025-11-24,11:33:00,24995.75,25004,24986,24998.75,4613,24974.46,24876.94,0.00
2025-11-24,11:34:00,24999,25010.25,24987,24996.25,4127,24975.02,24877.65,0.00
2025-11-24,11:35:00,24996.25,25014.5,24996.25,25013.25,4650,24975.87,24878.49,0.00
2025-11-24,11:36:00,25013.25,25027.75,24999.75,25026.25,6086,25017.92,24879.67,0.00
2025-11-24,11:37:00,25025.5,25034.5,25013.25,25023,7017,25023.58,24881.06,0.00
2025-11-24,11:38:00,25023.25,25030.5,25003.25,25014.25,5506,25020.25,24882.07,0.00
2025-11-24,11:39:00,25013.5,25028.75,25001.75,25027,4452,25019.97,24882.90,0.00
2025-11-24,11:40:00,25027,25050,25027,25046,6465,25041.00,24884.27,0.00
2025-11-24,11:41:00,25046,25052,25030,25039.25,5711,25040.42,24885.46,0.00
2025-11-24,11:42:00,25038.75,25052.5,25034.25,25051,3534,25045.92,24886.21,0.00
2025-11-24,11:43:00,25051.25,25060,25048,25058,4213,25055.33,24887.15,0.00
2025-11-24,11:44:00,25058.25,25060.25,25046.75,25058,2814,25055.00,24887.77,0.00
2025-11-24,11:45:00,25058,25059.75,25047.75,25050.75,3078,25053.82,24888.44,0.00
2025-11-24,11:46:00,25050.75,25070.25,25047,25066.75,5099,25061.33,24889.59,0.00
2025-11-24,11:47:00,25067,25067.75,25049.25,25049.5,3942,25058.79,24890.43,0.00
2025-11-24,11:48:00,25049.75,25062,25048.75,25058.25,2615,25058.24,24890.99,0.00
2025-11-24,11:49:00,25057.25,25063.25,25050,25053,2227,25057.79,24891.46,0.00
2025-11-24,11:50:00,25053.5,25066,25053.5,25059,1998,25058.00,24891.89,0.00
2025-11-24,11:51:00,25059.25,25067.25,25054.25,25055.75,2428,25058.15,24892.41,0.00
2025-11-24,11:52:00,25056.25,25065.75,25048.75,25053.25,3061,25057.83,24893.05,0.00
2025-11-24,11:53:00,25053.25,25060.5,25032.5,25038.75,4540,25055.39,24893.92,0.00
2025-11-24,11:54:00,25039.25,25053.25,25039,25048.25,3022,25054.50,24894.50,0.00
2025-11-24,11:55:00,25048,25052.25,25035.5,25040.5,2584,25053.53,24894.98,0.00
2025-11-24,11:56:00,25039.75,25042.75,25017.5,25017.75,5476,25049.46,24895.88,0.00
2025-11-24,11:57:00,25017.75,25043.25,25014.75,25038.75,4209,25047.70,24896.59,0.00
2025-11-24,11:58:00,25038.75,25044.75,25024.25,25039,3260,25046.84,24897.15,0.00
2025-11-24,11:59:00,25038.75,25040,25023.5,25024.5,2054,25046.07,24897.49,0.00
2025-11-24,12:00:00,25024,25037.5,25024,25033.25,1810,25045.53,24897.79,0.00
2025-11-24,12:01:00,25033.25,25049,25032.75,25044.25,4032,25045.25,24898.50,0.00
2025-11-24,12:02:00,25043.75,25056,25040.75,25054,3418,25045.56,24899.13,0.00
2025-11-24,12:03:00,25054,25072.75,25046.75,25072,4580,25063.83,24900.05,0.00
2025-11-24,12:04:00,25072,25084.25,25072,25078,5492,25078.08,24901.23,0.00
2025-11-24,12:05:00,25077.75,25086.75,25072.25,25085.25,3332,25081.42,24901.95,0.00
2025-11-24,12:06:00,25084.75,25091,25076.5,25084.5,3598,25084.00,24902.73,0.00
2025-11-24,12:07:00,25084.5,25090.75,25079.75,25088.25,2483,25084.92,24903.27,0.00
2025-11-24,12:08:00,25088.5,25096,25086,25093.25,3077,25091.75,24903.96,0.00
2025-11-24,12:09:00,25094,25102.25,25091.25,25097.75,2840,25097.08,24904.61,0.00
2025-11-24,12:10:00,25098,25113.75,25093.75,25111,4515,25106.17,24905.68,0.00
2025-11-24,12:11:00,25111.25,25111.75,25094.5,25097.5,3872,25103.90,24906.57,0.00
2025-11-24,12:12:00,25097.75,25109.5,25094.25,25108.25,2455,25103.92,24907.14,0.00
2025-11-24,12:13:00,25108,25125.25,25107,25121.25,4993,25117.83,24908.36,0.00
2025-11-24,12:14:00,25121,25121.25,25109.5,25116.5,2527,25117.13,24908.97,0.00
2025-11-24,12:15:00,25116.5,25119.25,25112.5,25118.75,1951,25117.07,24909.44,0.00
2025-11-24,12:16:00,25119,25122.25,25100.25,25109.75,4196,25115.13,24910.41,0.00
2025-11-24,12:17:00,25109.75,25123,25107,25119.75,2216,25115.33,24910.93,0.00
2025-11-24,12:18:00,25119.75,25127.5,25114.5,25121.75,2857,25121.25,24911.62,0.00
2025-11-24,12:19:00,25122,25126.25,25117,25124.75,2125,25121.85,24912.13,0.00
2025-11-24,12:20:00,25124.5,25128.5,25117.75,25120.75,1944,25122.33,24912.59,0.00
2025-11-24,12:21:00,25120.75,25130.75,25118.5,25121.75,2638,25123.67,24913.23,0.00
2025-11-24,12:22:00,25121.5,25125.5,25115.25,25119.25,2294,25121.96,24913.76,0.00
2025-11-24,12:23:00,25120,25130.75,25119.5,25127.75,2151,25123.19,24914.28,0.00
2025-11-24,12:24:00,25128.25,25131.75,25124.25,25126.25,1707,25127.42,24914.69,0.00
2025-11-24,12:25:00,25126,25129.75,25121.75,25127.5,1722,25126.87,24915.10,0.00
2025-11-24,12:26:00,25126.75,25129,25114.25,25120.5,2447,25124.53,24915.67,0.00
2025-11-24,12:27:00,25120.5,25124.75,25112.25,25120,2416,25122.92,24916.21,0.00
2025-11-24,12:28:00,25120,25135.75,25116.5,25128,3479,25126.75,24917.03,0.00
2025-11-24,12:29:00,25128.25,25133,25120.5,25128,2446,25126.92,24917.60,0.00
2025-11-24,12:30:00,25128,25131.25,25113.75,25117.75,2519,25125.13,24918.17,0.00
2025-11-24,12:31:00,25117,25127,25111.5,25125.75,2933,25124.17,24918.83,0.00
2025-11-24,12:32:00,25125.75,25126.5,25111.75,25112.5,1962,25123.11,24919.26,0.00
2025-11-24,12:33:00,25112.75,25113.25,25097.75,25101.25,4557,25118.26,24920.18,0.00
2025-11-24,12:34:00,25101,25110,25093.25,25108.75,3362,25116.01,24920.86,0.00
2025-11-24,12:35:00,25109.75,25125.25,25109.75,25116.5,3310,25116.16,24921.56,0.00
2025-11-24,12:36:00,25117.25,25117.25,25099.5,25107,2706,25115.34,24922.11,0.00
2025-11-24,12:37:00,25107,25116.75,25104.25,25112.75,2082,25115.05,24922.54,0.00
2025-11-24,12:38:00,25112.75,25114,25102.75,25107.25,1582,25114.69,24922.85,0.00
2025-11-24,12:39:00,25106.75,25113.25,25101.25,25107.75,1591,25114.34,24923.17,0.00
2025-11-24,12:40:00,25107.5,25112,25098.25,25111.75,2282,25113.88,24923.62,0.00
2025-11-24,12:41:00,25111.75,25115.25,25101,25109.5,2152,25113.57,24924.05,0.00
2025-11-24,12:42:00,25110,25133,25107.75,25126.25,4072,25114.44,24924.92,0.00
2025-11-24,12:43:00,25126,25133.5,25122.25,25130.5,2353,25115.22,24925.43,0.00
2025-11-24,12:44:00,25129.75,25132,25121.75,25125.75,1783,25115.66,24925.81,0.00
2025-11-24,12:45:00,25126,25132.75,25124.25,25125.25,1918,25116.14,24926.22,0.00
2025-11-24,12:46:00,25125.25,25143.5,25122.25,25141.25,4712,25135.67,24927.26,0.00
2025-11-24,12:47:00,25141.5,25143,25130.5,25134.5,2350,25135.78,24927.78,0.00
2025-11-24,12:48:00,25134.75,25140,25126.25,25130.75,2215,25134.96,24928.26,0.00
2025-11-24,12:49:00,25131.25,25138.5,25129,25133.5,1374,25134.79,24928.55,0.00
2025-11-24,12:50:00,25132.75,25133.25,25125.75,25127.75,1267,25134.16,24928.82,0.00
2025-11-24,12:51:00,25127.75,25131,25119.75,25121,2500,25132.39,24929.33,0.00
2025-11-24,12:52:00,25120.75,25127.75,25112.5,25118.5,2851,25130.27,24929.90,0.00
2025-11-24,12:53:00,25118.5,25121,25112.75,25116.25,1507,25129.18,24930.19,0.00
2025-11-24,12:54:00,25115.25,25134.75,25114,25132.75,2692,25128.93,24930.74,0.00
2025-11-24,12:55:00,25132.25,25133.25,25121.75,25124.75,1562,25128.77,24931.06,0.00
2025-11-24,12:56:00,25124.25,25125,25104.5,25110,3030,25126.96,24931.63,0.00
2025-11-24,12:57:00,25110,25121.5,25105.5,25111.75,2090,25125.91,24932.02,0.00
2025-11-24,12:58:00,25111.5,25111.5,25096.25,25096.75,2959,25123.59,24932.54,0.00
2025-11-24,12:59:00,25097,25098.25,25087.25,25093.25,4193,25119.95,24933.22,0.00
2025-11-24,13:00:00,25093.25,25103.5,25091.5,25099.75,2351,25118.59,24933.62,0.00
2025-11-24,13:01:00,25100,25119.25,25098.75,25108.25,4033,25117.64,24934.34,0.00
2025-11-24,13:02:00,25108.5,25119.5,25104.5,25113.5,2028,25117.40,24934.71,0.00
2025-11-24,13:03:00,25114,25116.25,25100.75,25102,2487,25116.81,24935.14,0.00
2025-11-24,13:04:00,25102,25102.25,25085.75,25094,3213,25115.32,24935.65,0.00
2025-11-24,13:05:00,25094.5,25105.25,25091.5,25098.5,2400,25114.54,24936.05,0.00
2025-11-24,13:06:00,25098.75,25103.75,25090.5,25097.75,1869,25113.94,24936.35,0.00
2025-11-24,13:07:00,25097.75,25100.5,25087,25094,2002,25113.22,24936.67,0.00
2025-11-24,13:08:00,25093.5,25110.25,25093.5,25104.75,2549,25112.76,24937.09,0.00
2025-11-24,13:09:00,25105,25107.5,25095.25,25100.5,1814,25112.41,24937.39,0.00
2025-11-24,13:10:00,25101,25101.75,25086.5,25088.25,2162,25111.71,24937.72,0.00
2025-11-24,13:11:00,25088,25100.5,25084,25090.5,2585,25110.91,24938.12,0.00
2025-11-24,13:12:00,25090.5,25097.25,25084.25,25091.5,1724,25110.39,24938.38,0.00
2025-11-24,13:13:00,25092,25097,25083.25,25087,1680,25109.87,24938.63,0.00
2025-11-24,13:14:00,25087.5,25093.75,25082,25090.25,1729,25109.34,24938.89,0.00
2025-11-24,13:15:00,25089.5,25099.5,25088.75,25094.75,1508,25109.03,24939.12,0.00
2025-11-24,13:16:00,25094.25,25107,25089.25,25105.75,2540,25108.74,24939.52,0.00
2025-11-24,13:17:00,25106.25,25126.25,25106.25,25124.5,4267,25109.30,24940.27,0.00
2025-11-24,13:18:00,25124.25,25127,25116.5,25124,2230,25109.66,24940.67,0.00
2025-11-24,13:19:00,25124.5,25131.25,25119.25,25121.75,2882,25110.16,24941.19,0.00
2025-11-24,13:20:00,25122,25133,25121.75,25128.5,1913,25110.56,24941.54,0.00
2025-11-24,13:21:00,25129,25133.25,25123.5,25131.25,1694,25110.92,24941.85,0.00
2025-11-24,13:22:00,25131.25,25133.75,25128,25130,1459,25111.25,24942.11,0.00
2025-11-24,13:23:00,25129.5,25147,25129.5,25134.5,3476,25137.00,24942.77,0.00
2025-11-24,13:24:00,25134.75,25138.5,25122.75,25128.75,2914,25133.81,24943.30,0.00
2025-11-24,13:25:00,25129,25136.75,25124.5,25132.25,1641,25133.27,24943.59,0.00
2025-11-24,13:26:00,25132.25,25135.5,25122.25,25135.25,2160,25132.79,24943.98,0.00
2025-11-24,13:27:00,25135.5,25138.75,25126.25,25130.75,1347,25132.69,24944.22,0.00
2025-11-24,13:28:00,25130.75,25143.75,25130.25,25142.5,1819,25133.52,24944.56,0.00
2025-11-24,13:29:00,25142.25,25145.75,25132.25,25137,1529,25134.02,24944.85,0.00
2025-11-24,13:30:00,25136.75,25140.75,25132,25137,1039,25134.18,24945.04,0.00
2025-11-24,13:31:00,25137,25148.25,25135.5,25142,2621,25141.92,24945.53,0.00
2025-11-24,13:32:00,25142.75,25145.75,25134.25,25143.75,1532,25141.67,24945.82,0.00
2025-11-24,13:33:00,25143.25,25147,25139,25140.75,1544,25141.83,24946.11,0.00
2025-11-24,13:34:00,25141,25150.5,25136,25146,1828,25144.17,24946.45,0.00
2025-11-24,13:35:00,25145.25,25147.75,25141.25,25142.25,1011,25144.02,24946.64,0.00
2025-11-24,13:36:00,25142.75,25145.75,25137.75,25144.25,1462,25143.53,24946.91,0.00
2025-11-24,13:37:00,25144.25,25151.25,25141.5,25150.25,1453,25147.67,24947.19,0.00
2025-11-24,13:38:00,25150,25155.25,25144,25146,2430,25148.42,24947.65,0.00
2025-11-24,13:39:00,25146.25,25162.25,25142.25,25158.5,4002,25154.33,24948.43,0.00
2025-11-24,13:40:00,25158.5,25172.25,25156.25,25172.25,3788,25166.92,24949.20,0.00
2025-11-24,13:41:00,25172.25,25188.25,25167.25,25186,7931,25180.50,24950.91,0.00
2025-11-24,13:42:00,25186,25186.5,25172.75,25173.5,2995,25179.70,24951.54,0.00
2025-11-24,13:43:00,25173.75,25176,25162.75,25172.75,3128,25177.65,24952.17,0.00
2025-11-24,13:44:00,25173.5,25176,25167.5,25168.75,1444,25177.01,24952.46,0.00
2025-11-24,13:45:00,25169,25174,25166.5,25172.75,1201,25176.58,24952.71,0.00
2025-11-24,13:46:00,25173.25,25183,25169.25,25181.75,2752,25176.78,24953.28,0.00
2025-11-24,13:47:00,25181.75,25183.5,25174,25178.25,1840,25176.94,24953.66,0.00
2025-11-24,13:48:00,25178.75,25181.75,25175,25179.25,949,25177.01,24953.85,0.00
2025-11-24,13:49:00,25178.75,25188.25,25178.75,25181.25,2024,25177.49,24954.28,0.00
2025-11-24,13:50:00,25181.75,25186.25,25174.75,25183.5,1603,25177.74,24954.61,0.00
2025-11-24,13:51:00,25183.5,25187.5,25179.75,25181,1413,25178.00,24954.91,0.00
2025-11-24,13:52:00,25181,25181.75,25171,25174.75,2037,25177.85,24955.32,0.00
2025-11-24,13:53:00,25174.5,25179,25172.25,25174.75,1150,25177.75,24955.55,0.00
2025-11-24,13:54:00,25174.75,25187.25,25173.75,25186.5,1754,25178.01,24955.91,0.00
2025-11-24,13:55:00,25186.5,25193.25,25181.5,25183.5,2799,25186.08,24956.49,0.00
2025-11-24,13:56:00,25183.5,25184,25172,25174.75,2299,25181.95,24956.95,0.00
2025-11-24,13:57:00,25174.75,25177,25171.25,25176,1454,25180.35,24957.24,0.00
2025-11-24,13:58:00,25176.5,25178,25166.75,25167.5,2042,25178.07,24957.63,0.00
2025-11-24,13:59:00,25167.5,25175.75,25165.25,25172.25,1332,25177.13,24957.89,0.00
2025-11-24,14:00:00,25171.75,25178,25170.5,25173.25,1119,25176.81,24958.11,0.00
2025-11-24,14:01:00,25173,25182.5,25173,25175.75,1743,25176.84,24958.45,0.00
2025-11-24,14:02:00,25176.5,25183.5,25176.5,25181.5,1019,25177.11,24958.65,0.00
2025-11-24,14:03:00,25182,25185,25177,25182.5,1246,25177.48,24958.90,0.00
2025-11-24,14:04:00,25182.25,25188.25,25182.25,25184.75,1422,25178.13,24959.19,0.00
2025-11-24,14:05:00,25184.5,25186,25179,25181.75,1225,25178.42,24959.43,0.00
2025-11-24,14:06:00,25181.75,25188.75,25179.25,25188,1079,25178.82,24959.65,0.00
2025-11-24,14:07:00,25187.5,25188.75,25180.5,25184.75,970,25179.10,24959.85,0.00
2025-11-24,14:08:00,25185.75,25190.25,25185.25,25185.75,1382,25179.63,24960.13,0.00
2025-11-24,14:09:00,25186,25189.5,25181.75,25188.75,1489,25180.09,24960.43,0.00
2025-11-24,14:10:00,25188.5,25191,25184.25,25186,1153,25180.43,24960.66,0.00
2025-11-24,14:11:00,25186,25192.5,25182.75,25189,1348,25180.84,24960.93,0.00
2025-11-24,14:12:00,25189,25192,25185.75,25192,805,25181.12,24961.10,0.00
2025-11-24,14:13:00,25192.25,25198.75,25189.5,25195.25,2730,25194.50,24961.66,0.00
2025-11-24,14:14:00,25194.75,25207.5,25194,25202.25,3455,25201.25,24962.39,0.00
2025-11-24,14:15:00,25202.25,25204.5,25198.25,25198.75,1661,25201.01,24962.74,0.00
2025-11-24,14:16:00,25198.5,25203.25,25195.25,25197.75,1636,25200.46,24963.08,0.00
2025-11-24,14:17:00,25197.5,25200.25,25186.25,25187.75,2090,25198.32,24963.50,0.00
2025-11-24,14:18:00,25188,25188,25179.5,25184,2430,25195.20,24963.97,0.00
2025-11-24,14:19:00,25183.75,25186.75,25179,25183.5,1500,25193.78,24964.26,0.00
2025-11-24,14:20:00,25183.5,25195.25,25181.75,25192.75,2019,25193.25,24964.66,0.00
2025-11-24,14:21:00,25192.25,25200.75,25190,25199,2313,25193.70,24965.13,0.00
2025-11-24,14:22:00,25199.25,25201.5,25193,25194,1679,25193.92,24965.47,0.00
2025-11-24,14:23:00,25194.5,25195.5,25185,25189.75,2264,25193.51,24965.91,0.00
2025-11-24,14:24:00,25189.75,25200,25189.25,25199.25,1394,25193.67,24966.19,0.00
2025-11-24,14:25:00,25199.5,25202.25,25197.75,25200.5,1145,25193.99,24966.42,0.00
2025-11-24,14:26:00,25200.75,25201,25186.5,25189.75,1817,25193.88,24966.78,0.00
2025-11-24,14:27:00,25189.75,25198.25,25188.75,25194.75,940,25193.88,24966.96,0.00
2025-11-24,14:28:00,25195,25195.75,25184.75,25186.75,955,25193.71,24967.15,0.00
2025-11-24,14:29:00,25186.5,25188.75,25183,25186.5,926,25193.46,24967.32,0.00
2025-11-24,14:30:00,25186,25189,25180.75,25184.25,1461,25193.03,24967.60,0.00
2025-11-24,14:31:00,25184.25,25185.25,25166.75,25170.25,4202,25190.68,24968.34,0.00
2025-11-24,14:32:00,25170.25,25188.5,25168.5,25183,2529,25189.94,24968.80,0.00
2025-11-24,14:33:00,25182.5,25191.75,25179.25,25188.75,1806,25189.78,24969.14,0.00
2025-11-24,14:34:00,25188.25,25193,25186,25187.5,1155,25189.75,24969.36,0.00
2025-11-24,14:35:00,25186.75,25188,25178.5,25180.5,1565,25189.47,24969.64,0.00
2025-11-24,14:36:00,25180.25,25181.25,25172.5,25176.5,1570,25189.00,24969.92,0.00
2025-11-24,14:37:00,25177.25,25192.25,25176.25,25191.75,1632,25188.91,24970.22,0.00
2025-11-24,14:38:00,25191.5,25191.5,25178.75,25183.75,1539,25188.77,24970.50,0.00
2025-11-24,14:39:00,25183.5,25184.25,25177.75,25178.5,911,25188.60,24970.67,0.00
2025-11-24,14:40:00,25178.5,25189.25,25177,25187.75,952,25188.52,24970.84,0.00
2025-11-24,14:41:00,25187.5,25188.25,25174,25176,1635,25188.22,24971.13,0.00
2025-11-24,14:42:00,25176.75,25182.75,25170.5,25180.5,1664,25187.88,24971.42,0.00
2025-11-24,14:43:00,25180.75,25185.25,25178.5,25183.5,995,25187.78,24971.60,0.00
2025-11-24,14:44:00,25183.75,25187.75,25178.75,25182.5,913,25187.70,24971.76,0.00
2025-11-24,14:45:00,25182.75,25186.25,25179,25183.75,696,25187.63,24971.89,0.00
2025-11-24,14:46:00,25183.5,25188,25182.25,25186,954,25187.60,24972.06,0.00
2025-11-24,14:47:00,25187.75,25192.25,25179.25,25179.5,1635,25187.48,24972.35,0.00
2025-11-24,14:48:00,25179.75,25182.5,25173.75,25179.5,1767,25187.21,24972.66,0.00
2025-11-24,14:49:00,25179.75,25191.75,25178.5,25190.75,1180,25187.21,24972.87,0.00
2025-11-24,14:50:00,25191,25196.25,25184.75,25185.25,1896,25187.25,24973.22,0.00
2025-11-24,14:51:00,25185.25,25188.75,25181.75,25187.75,1346,25187.23,24973.46,0.00
2025-11-24,14:52:00,25187.75,25191.75,25182.75,25191,909,25187.25,24973.62,0.00
2025-11-24,14:53:00,25190.5,25191.5,25184.5,25188.25,824,25187.26,24973.77,0.00
2025-11-24,14:54:00,25187.75,25191.25,25183,25187.25,1008,25187.26,24973.95,0.00
2025-11-24,14:55:00,25187.75,25191.5,25180,25191.25,1383,25187.26,24974.20,0.00
2025-11-24,14:56:00,25190.75,25192.25,25182,25188.25,1396,25187.27,24974.45,0.00
2025-11-24,14:57:00,25188,25191.5,25180,25185.25,1362,25187.23,24974.69,0.00
2025-11-24,14:58:00,25185,25185,25179.5,25183.25,927,25187.17,24974.85,0.00
2025-11-24,14:59:00,25183,25187.25,25180,25183,796,25187.13,24974.99,0.00
2025-11-24,15:00:00,25183.5,25187.75,25178.5,25179.25,973,25187.06,24975.15,0.00
2025-11-24,15:01:00,25179.25,25189.75,25176.5,25187,1580,25187.00,24975.43,0.00
2025-11-24,15:02:00,25186.75,25193.75,25186.25,25192.5,1289,25187.07,24975.66,0.00
2025-11-24,15:03:00,25192.75,25204.25,25192.75,25197.25,2689,25187.45,24976.16,0.00
2025-11-24,15:04:00,25198,25200.25,25191,25195.5,1649,25187.62,24976.46,0.00
2025-11-24,15:05:00,25195.5,25199.25,25192,25195.5,1026,25187.72,24976.64,0.00
2025-11-24,15:06:00,25195.25,25201,25193.75,25199.5,1032,25187.85,24976.83,0.00
2025-11-24,15:07:00,25199.25,25205.25,25196.75,25201.5,1249,25188.06,24977.06,0.00
2025-11-24,15:08:00,25201.75,25204,25194.75,25203.5,1076,25188.22,24977.26,0.00
2025-11-24,15:09:00,25203.25,25213.75,25201.75,25208.75,3097,25208.08,24977.85,0.00
2025-11-24,15:10:00,25208.75,25211,25204,25206.75,1490,25207.81,24978.13,0.00
2025-11-24,15:11:00,25207,25212,25201.5,25209.5,1527,25207.78,24978.42,0.00
2025-11-24,15:12:00,25210,25210.25,25202.5,25203.5,976,25207.45,24978.60,0.00
2025-11-24,15:13:00,25203.75,25209,25201.75,25208.25,1028,25207.31,24978.79,0.00
2025-11-24,15:14:00,25208.75,25211.5,25198.25,25199,1509,25206.62,24979.07,0.00
2025-11-24,15:15:00,25198.75,25206,25198.75,25203.75,970,25206.27,24979.25,0.00
2025-11-24,15:16:00,25203.75,25209.75,25201.75,25205.75,1361,25206.21,24979.50,0.00
2025-11-24,15:17:00,25205.75,25209.5,25200.5,25206,1180,25206.14,24979.72,0.00
2025-11-24,15:18:00,25206.25,25206.25,25195.25,25196.25,1405,25205.47,24979.97,0.00
2025-11-24,15:19:00,25196.25,25199.75,25191.75,25198.75,1623,25204.59,24980.26,0.00
2025-11-24,15:20:00,25199,25206,25196.25,25204.5,1283,25204.42,24980.49,0.00
2025-11-24,15:21:00,25204.25,25204.75,25194.75,25197.25,1028,25204.12,24980.67,0.00
2025-11-24,15:22:00,25197.25,25204,25195.75,25199.75,967,25203.90,24980.84,0.00
2025-11-24,15:23:00,25199.75,25201.5,25192,25194.25,1198,25203.44,24981.05,0.00
2025-11-24,15:24:00,25195.25,25198.25,25193.25,25194.75,815,25203.13,24981.19,0.00
2025-11-24,15:25:00,25194.75,25199.25,25193.25,25195,865,25202.85,24981.34,0.00
2025-11-24,15:26:00,25194.5,25200.5,25190.5,25196,1135,25202.50,24981.54,0.00
2025-11-24,15:27:00,25195.75,25195.75,25187.75,25191.25,1186,25201.98,24981.74,0.00
2025-11-24,15:28:00,25191,25191.5,25182,25184.5,1990,25200.78,24982.07,0.00
2025-11-24,15:29:00,25184.5,25193.25,25182.5,25189.75,1522,25200.12,24982.32,0.00
2025-11-24,15:30:00,25190.5,25190.5,25181.5,25185.75,1197,25199.54,24982.52,0.00
2025-11-24,15:31:00,25186,25189.75,25171.75,25172.25,2573,25197.80,24982.92,0.00
2025-11-24,15:32:00,25172.5,25175,25164.25,25170,3198,25195.24,24983.40,0.00
2025-11-24,15:33:00,25170,25176.75,25164.25,25164.5,2159,25193.70,24983.72,0.00
2025-11-24,15:34:00,25165,25174,25158.5,25169.75,2708,25191.92,24984.12,0.00
2025-11-24,15:35:00,25169.25,25170.25,25159.75,25168.75,1849,25190.78,24984.39,0.00
2025-11-24,15:36:00,25169,25169,25156,25165,2743,25189.09,24984.78,0.00
2025-11-24,15:37:00,25165,25168,25155.25,25165.75,2381,25187.77,24985.12,0.00
2025-11-24,15:38:00,25166.5,25176.5,25163.25,25174.5,2201,25187.04,24985.44,0.00
2025-11-24,15:39:00,25174.5,25186.5,25173,25184.75,2716,25186.74,24985.86,0.00
2025-11-24,15:40:00,25184.75,25190,25182.5,25184,1815,25186.70,24986.15,0.00
2025-11-24,15:41:00,25184.25,25189.25,25178.5,25189,2872,25186.65,24986.60,0.00
2025-11-24,15:42:00,25188.5,25192,25180,25180.75,1642,25186.58,24986.86,0.00
2025-11-24,15:43:00,25180.5,25180.5,25172.25,25177.75,2082,25186.24,24987.17,0.00
2025-11-24,15:44:00,25177.5,25179.25,25170.25,25172.75,1102,25186.02,24987.33,0.00
2025-11-24,15:45:00,25172.5,25177,25168.25,25169,1218,25185.74,24987.51,0.00
2025-11-24,15:46:00,25169.25,25173.5,25161.5,25163.25,2370,25185.02,24987.84,0.00
2025-11-24,15:47:00,25163,25166.5,25159,25164,1730,25184.46,24988.08,0.00
2025-11-24,15:48:00,25164,25170,25159.5,25159.5,1489,25183.99,24988.28,0.00
2025-11-24,15:49:00,25159.75,25168,25159.75,25166,1030,25183.70,24988.42,0.00
2025-11-24,15:50:00,25166,25167.25,25160.25,25163.25,1011,25183.41,24988.56,0.00
2025-11-24,15:51:00,25163.75,25178.75,25163.25,25176.75,2295,25183.08,24988.89,0.00
2025-11-24,15:52:00,25176.75,25177.75,25163.25,25166.75,1395,25182.82,24989.09,0.00
2025-11-24,15:53:00,25166.5,25169.5,25155.5,25157.25,2037,25182.22,24989.36,0.00
2025-11-24,15:54:00,25157.75,25159.75,25146.5,25151.25,3355,25180.97,24989.78,0.00
2025-11-24,15:55:00,25151.75,25164,25147.75,25163.25,2153,25180.37,24990.06,0.00
2025-11-24,15:56:00,25163,25171.75,25161.5,25169.25,1868,25180.08,24990.32,0.00
2025-11-24,15:57:00,25169.5,25181.75,25164.5,25165.75,4066,25179.64,24990.88,0.00
2025-11-24,15:58:00,25165.25,25176.25,25157,25170,2661,25179.29,24991.24,0.00
2025-11-24,15:59:00,25170,25172,25162.75,25170.75,1211,25179.15,24991.41,0.00
2025-11-24,16:00:00,25170,25174.75,25161.5,25167,1729,25178.94,24991.64,0.00
2025-11-24,16:01:00,25167.5,25175.25,25166,25173,2072,25178.77,24991.93,0.00
2025-11-24,16:02:00,25172.25,25181,25171.5,25179.25,1906,25178.74,24992.20,0.00
2025-11-24,16:03:00,25178.75,25183.25,25174.25,25183,1722,25178.77,24992.45,0.00
2025-11-24,16:04:00,25183.25,25196.25,25181.5,25192,3325,25179.13,24992.94,0.00
2025-11-24,16:05:00,25192,25201.5,25189,25200.5,2608,25179.58,24993.35,0.00
2025-11-24,16:06:00,25200.25,25203,25194.75,25200.25,1983,25179.94,24993.66,0.00
2025-11-24,16:07:00,25199.5,25201.5,25193.75,25196.75,1286,25180.15,24993.86,0.00
2025-11-24,16:08:00,25196.75,25204.25,25194,25198.5,1744,25180.45,24994.13,0.00
2025-11-24,16:09:00,25198.75,25202,25194.25,25195.25,904,25180.59,24994.27,0.00
2025-11-24,16:10:00,25194.5,25198.5,25192.75,25194,1048,25180.72,24994.43,0.00
2025-11-24,16:11:00,25193.75,25193.75,25185.25,25187.5,1921,25180.86,24994.71,0.00
2025-11-24,16:12:00,25187.25,25194.25,25183.5,25193.25,1311,25180.97,24994.90,0.00
2025-11-24,16:13:00,25193.25,25199.5,25189,25199.25,1539,25181.16,24995.13,0.00
2025-11-24,16:14:00,25199.5,25206,25197.5,25198.5,1991,25181.49,24995.44,0.00
2025-11-24,16:15:00,25198,25198.25,25190.25,25193,1400,25181.64,24995.65,0.00
2025-11-24,16:16:00,25192.75,25197.25,25187.5,25196.25,1701,25181.81,24995.90,0.00
2025-11-24,16:17:00,25196,25202.25,25195.25,25201,1186,25181.98,24996.09,0.00
2025-11-24,16:18:00,25201.5,25217,25201,25209.25,3312,25209.08,24996.61,0.00
2025-11-24,16:19:00,25209.5,25212,25205.5,25207,1381,25208.81,24996.83,0.00
2025-11-24,16:20:00,25207.25,25212.5,25202.75,25203.75,1325,25208.27,24997.04,0.00
2025-11-24,16:21:00,25203.25,25205,25194.5,25197,2451,25205.54,24997.41,0.00
2025-11-24,16:22:00,25197.5,25209.75,25195,25206.25,1896,25205.20,24997.70,0.00
2025-11-24,16:23:00,25206.25,25210.5,25199.25,25199.75,1415,25204.95,24997.91,0.00
2025-11-24,16:24:00,25199.75,25204.75,25195.5,25200,1046,25204.55,24998.07,0.00
2025-11-24,16:25:00,25199.75,25199.75,25193.75,25196.5,1122,25203.92,24998.24,0.00
2025-11-24,16:26:00,25196,25197.5,25188.5,25189.5,1471,25202.77,24998.45,0.00
2025-11-24,16:27:00,25189,25189,25178.5,25184.25,2871,25199.81,24998.84,0.00
2025-11-24,16:28:00,25184.75,25194.75,25183.75,25191.75,1717,25198.97,24999.08,0.00
2025-11-24,16:29:00,25191.75,25194.75,25187.5,25189.5,1005,25198.57,24999.23,0.00
2025-11-24,16:30:00,25189.25,25193.25,25187.25,25189.25,860,25198.23,24999.35,0.00
2025-11-24,16:31:00,25189.5,25190.5,25179.75,25183.75,1971,25197.11,24999.62,0.00
2025-11-24,16:32:00,25183.5,25194,25183.25,25192,1584,25196.65,24999.84,0.00
2025-11-24,16:33:00,25191.75,25193.5,25187.5,25190,876,25196.44,24999.96,0.00
2025-11-24,16:34:00,25190.75,25204.25,25189.25,25197.75,2092,25196.49,25000.26,0.00
2025-11-24,16:35:00,25197.75,25200.5,25194.5,25197,1008,25196.52,25000.41,0.00
2025-11-24,16:36:00,25197,25201.75,25193.25,25195.5,1108,25196.53,25000.57,0.00
2025-11-24,16:37:00,25195.75,25206,25195.5,25201.75,1357,25196.72,25000.77,0.00
2025-11-24,16:38:00,25201.25,25207.75,25199,25207.25,1601,25197.10,25001.01,0.00
2025-11-24,16:39:00,25207.25,25209.25,25203.75,25207.25,1152,25197.42,25001.18,0.00
2025-11-24,16:40:00,25207.25,25207.5,25202,25205,843,25197.60,25001.30,0.00
2025-11-24,16:41:00,25204.75,25204.75,25198.5,25201.25,1177,25197.73,25001.48,0.00
2025-11-24,16:42:00,25201.25,25209.5,25201.25,25205.75,1328,25198.00,25001.67,0.00
2025-11-24,16:43:00,25205.75,25205.75,25196.25,25198.75,1664,25198.09,25001.91,0.00
2025-11-24,16:44:00,25198.5,25204.25,25193.5,25204,1492,25198.18,25002.13,0.00
2025-11-24,16:45:00,25204,25214.75,25203.75,25210.5,2256,25198.78,25002.47,0.00
2025-11-24,16:46:00,25210.75,25221.5,25210.75,25215.5,3599,25215.92,25003.03,0.00
2025-11-24,16:47:00,25215.25,25219.5,25209.25,25209.5,1804,25214.86,25003.30,0.00
2025-11-24,16:48:00,25209,25211.25,25204.25,25207,1802,25213.02,25003.57,0.00
2025-11-24,16:49:00,25206.5,25212,25203.5,25205.5,1517,25211.97,25003.79,0.00
2025-11-24,16:50:00,25205.5,25210.5,25197.25,25208,2594,25210.43,25004.16,0.00
2025-11-24,16:51:00,25208,25217,25182,25184.75,7006,25204.37,25005.12,0.00
2025-11-24,16:52:00,25185.5,25204,25184.5,25190.75,3450,25202.58,25005.58,0.00
2025-11-24,16:53:00,25190.5,25196.25,25181.5,25189,3006,25200.92,25005.98,0.00
2025-11-24,16:54:00,25189.25,25227,25184.5,25224.75,5313,25212.08,25006.75,0.00
2025-11-24,16:55:00,25225,25240.25,25221.5,25233.25,6593,25231.67,25007.80,0.00
2025-11-24,16:56:00,25233,25246.5,25230.75,25231.25,6330,25236.17,25008.82,0.00
2025-11-24,16:57:00,25231.5,25237.25,25218.25,25225.5,3958,25232.64,25009.43,0.00
2025-11-24,16:58:00,25225.25,25226.5,25194.75,25199,4955,25224.22,25010.11,0.00
2025-11-24,16:59:00,25199.25,25211.25,25196.75,25201.25,3645,25220.14,25010.60,0.00
2025-11-24,17:00:00,25201.5,25218,25187,25189.5,12638,25211.33,25012.24,0.00
2025-11-24,17:01:00,25190,25195.5,25178,25187,6783,25207.00,25013.06,0.00
2025-11-24,17:02:00,25188.25,25200,25186.75,25194.25,2722,25206.11,25013.40,0.00
2025-11-24,17:03:00,25194,25199.5,25187.75,25196,1731,25205.64,25013.61,0.00
2025-11-24,17:04:00,25195.25,25214,25194.25,25211.5,2070,25205.68,25013.88,0.00
2025-11-24,17:05:00,25211.25,25212,25203.5,25203.5,1280,25205.70,25014.05,0.00
2025-11-24,17:06:00,25204.25,25210,25201,25206.25,1138,25205.70,25014.20,0.00
2025-11-24,17:07:00,25206,25206.75,25199,25201.75,811,25205.65,25014.31,0.00
2025-11-24,17:08:00,25202.75,25214,25200.75,25212.75,983,25205.72,25014.44,0.00
2025-11-24,17:09:00,25213,25220.5,25212,25218.75,1478,25206.05,25014.64,0.00
2025-11-24,17:10:00,25218.5,25219.25,25210.5,25215,1071,25206.23,25014.79,0.00
2025-11-24,17:11:00,25215,25217,25206.25,25210.75,1126,25206.34,25014.94,0.00
2025-11-24,17:12:00,25211.25,25218.25,25210.25,25215.25,602,25206.44,25015.02,0.00
2025-11-24,17:13:00,25215.75,25223,25215,25219.75,793,25206.62,25015.13,0.00
2025-11-24,17:14:00,25219.75,25223,25218,25222,686,25206.80,25015.23,0.00
2025-11-24,17:15:00,25221.5,25224.75,25211.5,25213.25,1200,25207.01,25015.39,0.00
2025-11-24,17:16:00,25213,25218.75,25210.75,25217,553,25207.09,25015.47,0.00
2025-11-24,17:17:00,25217,25217,25208,25211,697,25207.15,25015.56,0.00
2025-11-24,17:18:00,25211.25,25214.5,25208,25209.5,352,25207.18,25015.61,0.00
2025-11-24,17:19:00,25209.5,25210.5,25205,25205.5,522,25207.17,25015.68,0.00
2025-11-24,17:20:00,25205,25206.5,25202,25203,588,25207.14,25015.75,0.00
2025-11-24,17:21:00,25203.75,25209.75,25201.5,25207.5,474,25207.13,25015.81,0.00
2025-11-24,17:22:00,25207.75,25210.5,25206.5,25207.25,267,25207.14,25015.85,0.00
2025-11-24,17:23:00,25207.25,25209.5,25204.5,25208.5,283,25207.14,25015.88,0.00
2025-11-24,17:24:00,25208.5,25215.25,25208.25,25212.75,677,25207.20,25015.97,0.00
2025-11-24,17:25:00,25212.5,25222,25212,25220.75,569,25207.30,25016.05,0.00
2025-11-24,17:26:00,25220.75,25226.25,25218,25225,670,25207.47,25016.15,0.00
2025-11-24,17:27:00,25225.25,25225.25,25216.25,25217.5,518,25207.57,25016.22,0.00
2025-11-24,17:28:00,25217.75,25222.75,25217,25221.25,325,25207.64,25016.26,0.00
2025-11-24,17:29:00,25220.75,25221.25,25214.25,25215.5,403,25207.70,25016.32,0.00
2025-11-24,17:30:00,25215.5,25217.5,25213.25,25215.75,418,25207.75,25016.37,0.00
2025-11-24,17:31:00,25215.5,25219.75,25215.5,25219.25,366,25207.81,25016.42,0.00
2025-11-24,17:32:00,25219,25219.75,25215,25215.75,380,25207.86,25016.47,0.00
2025-11-24,17:33:00,25215.25,25215.25,25212.25,25213.75,296,25207.89,25016.51,0.00
2025-11-24,17:34:00,25213.75,25215.75,25212.5,25214.25,242,25207.91,25016.55,0.00
2025-11-24,17:35:00,25213.75,25216.5,25209.25,25212,501,25207.95,25016.61,0.00
2025-11-24,17:36:00,25212,25213.75,25207.75,25213.75,443,25207.97,25016.67,0.00
2025-11-24,17:37:00,25214.25,25222.25,25214.25,25222,447,25208.05,25016.73,0.00
2025-11-24,17:38:00,25221.75,25228.5,25221.25,25227.25,631,25208.22,25016.82,0.00
2025-11-24,17:39:00,25227.25,25227.5,25219.25,25219.25,366,25208.30,25016.87,0.00
2025-11-24,17:40:00,25219,25226,25218.75,25224,312,25208.36,25016.92,0.00
2025-11-24,17:41:00,25224.75,25227.75,25223.75,25226.75,229,25208.42,25016.95,0.00
2025-11-24,17:42:00,25226.25,25226.5,25220,25220,287,25208.48,25016.99,0.00
2025-11-24,17:43:00,25219.75,25222,25216.75,25221.5,251,25208.52,25017.02,0.00
2025-11-24,17:44:00,25221.25,25223.5,25218.75,25222.25,208,25208.56,25017.05,0.00
2025-11-24,17:45:00,25222,25222.25,25217.75,25218,335,25208.62,25017.10,0.00
2025-11-24,17:46:00,25218,25218.25,25213.75,25214.75,378,25208.65,25017.15,0.00
2025-11-24,17:47:00,25214.5,25217.5,25214,25217.25,317,25208.69,25017.19,0.00
2025-11-24,17:48:00,25217,25218.75,25215.75,25217,191,25208.71,25017.22,0.00
2025-11-24,17:49:00,25217.5,25217.75,25214.25,25216.5,176,25208.73,25017.24,0.00
2025-11-24,17:50:00,25216.5,25222,25213.75,25220.5,330,25208.78,25017.28,0.00
2025-11-24,17:51:00,25220,25220.25,25215.75,25219.5,417,25208.84,25017.34,0.00
2025-11-24,17:52:00,25219.75,25223.25,25217.5,25221.5,461,25208.91,25017.40,0.00
2025-11-24,17:53:00,25222,25223.75,25219.75,25219.75,215,25208.95,25017.43,0.00
2025-11-24,17:54:00,25219.5,25222.25,25218.75,25219,121,25208.97,25017.45,0.00
2025-11-24,17:55:00,25218.5,25220.25,25217.75,25219.75,128,25208.99,25017.47,0.00
2025-11-24,17:56:00,25219.25,25219.75,25217,25218.75,438,25209.05,25017.53,0.00
2025-11-24,17:57:00,25218.5,25219.25,25216.75,25217.5,189,25209.07,25017.55,0.00
2025-11-24,17:58:00,25217,25218.25,25215.75,25216.75,191,25209.09,25017.58,0.00
2025-11-24,17:59:00,25216.75,25219,25215.5,25217.75,226,25209.12,25017.61,0.00
2025-11-24,18:00:00,25217.25,25218.25,25214,25215.75,504,25209.16,25017.67,0.00
2025-11-24,19:01:00,25226.5,25233,25215.5,25225.75,1380,25224.75,25224.75,0.00
2025-11-24,19:02:00,25227.25,25236,25221,25234.75,922,25230.58,25227.09,0.00
2025-11-24,19:03:00,25234.75,25235.75,25223.25,25230.5,701,25230.26,25227.73,0.00
2025-11-24,19:04:00,25230,25233,25224.25,25229.75,715,25229.87,25227.97,0.00
2025-11-24,19:05:00,25229.5,25230.5,25218.25,25220.5,475,25228.73,25227.42,0.00
2025-11-24,19:06:00,25221.5,25227,25219.5,25226.25,403,25228.17,25227.14,0.00
2025-11-24,19:07:00,25226.25,25230.25,25223.75,25225.75,340,25228.02,25227.10,0.00
2025-11-24,19:08:00,25225.75,25225.75,25218.25,25219.5,288,25227.50,25226.78,0.00
2025-11-24,19:09:00,25220.75,25222.25,25215.25,25216,480,25226.43,25217.83,0.00
2025-11-24,19:10:00,25216.25,25218.5,25209,25211.5,1028,25223.85,25213.00,0.00
2025-11-24,19:11:00,25211.75,25217.75,25208.75,25217,493,25223.06,25214.50,0.00
2025-11-24,19:12:00,25217,25217.25,25209.25,25212.25,355,25222.48,25213.84,0.00
2025-11-24,19:13:00,25213,25214.25,25209.25,25213.25,524,25221.68,25213.23,0.00
2025-11-24,19:14:00,25212.75,25218,25211.25,25216.75,241,25221.46,25213.55,0.00
2025-11-24,19:15:00,25216.75,25222.5,25214.5,25218.25,669,25221.20,25214.97,0.00
2025-11-24,19:16:00,25218.25,25218.25,25209.5,25209.75,446,25220.72,25214.57,0.00
2025-11-24,19:17:00,25209.75,25211,25204.25,25208.25,632,25219.78,25207.83,0.00
2025-11-24,19:18:00,25208.75,25213.5,25206.25,25211.75,241,25219.53,25208.57,0.00
2025-11-24,19:19:00,25212,25225.75,25210.5,25222,772,25219.52,25213.66,0.00
2025-11-24,19:20:00,25221.75,25223,25213.5,25213.5,395,25219.41,25214.24,0.00
2025-11-24,19:21:00,25214.25,25219,25214,25215.5,228,25219.34,25214.44,0.00
2025-11-24,19:22:00,25215.5,25220.25,25214.25,25219,172,25219.31,25214.68,0.00
2025-11-24,19:23:00,25218.25,25222.25,25214.5,25214.5,405,25219.23,25215.02,0.00
2025-11-24,19:24:00,25215.25,25217,25213.5,25214.25,154,25219.17,25215.01,0.00
2025-11-24,19:25:00,25215,25216,25213.5,25214.5,113,25219.13,25215.00,0.00
2025-11-24,19:26:00,25213.75,25218.25,25213.5,25216.25,209,25219.07,25215.06,0.00
2025-11-24,19:27:00,25216,25218,25214.25,25216.25,121,25219.04,25215.10,0.00
2025-11-24,19:28:00,25216.25,25218.75,25215.5,25217.5,213,25219.01,25215.23,0.00
2025-11-24,19:29:00,25218,25219,25214.5,25218,148,25218.98,25215.30,0.00
2025-11-24,19:30:00,25217,25218,25214,25215.25,111,25218.95,25215.32,0.00
2025-11-24,19:31:00,25216,25221,25214.5,25218.75,325,25218.93,25215.53,0.00
2025-11-24,19:32:00,25218.75,25219,25212.75,25214.25,306,25218.84,25215.51,0.00
2025-11-24,19:33:00,25214,25218.75,25212.75,25215.25,204,25218.79,25215.52,0.00
2025-11-24,19:34:00,25214.75,25217.25,25211.25,25216.25,196,25218.73,25215.49,0.00
2025-11-24,19:35:00,25215.5,25218.75,25215,25217,241,25218.70,25215.56,0.00
2025-11-24,19:36:00,25216.75,25220.25,25216.5,25218.25,150,25218.70,25215.64,0.00
2025-11-24,19:37:00,25218.25,25219.5,25216,25216.75,172,25218.68,25215.69,0.00
2025-11-24,19:38:00,25217.25,25221.5,25214.25,25219,239,25218.67,25215.80,0.00
2025-11-24,19:39:00,25218.5,25221,25218.5,25220.5,188,25218.69,25215.93,0.00
2025-11-24,19:40:00,25220.5,25224.25,25219.25,25223.5,333,25218.77,25216.27,0.00
2025-11-24,19:41:00,25223.5,25232,25223.5,25227,735,25219.20,25217.45,0.00
2025-11-24,19:42:00,25226.75,25229.5,25225.5,25227.5,403,25219.42,25218.00,0.00
2025-11-24,19:43:00,25227.5,25230,25223,25223.75,417,25219.58,25218.40,0.00
2025-11-24,19:44:00,25224.25,25227.5,25220.25,25225.75,268,25219.66,25218.60,0.00
2025-11-24,19:45:00,25225.5,25228,25224.75,25227.5,228,25219.76,25218.83,0.00
2025-11-24,19:46:00,25227,25228.75,25224,25228.75,158,25219.83,25218.98,0.00
2025-11-24,19:47:00,25228,25235.5,25226.25,25234.25,596,25220.25,25219.84,0.00
2025-11-24,19:48:00,25234.25,25240,25233.75,25236.25,707,25236.67,25221.05,0.00
2025-11-24,19:49:00,25236.5,25238,25232.25,25233.75,429,25235.91,25221.63,0.00
2025-11-24,19:50:00,25233.25,25234.5,25227,25230.25,391,25234.55,25221.96,0.00
2025-11-24,19:51:00,25230.75,25233.5,25229.75,25232,244,25234.16,25222.18,0.00
2025-11-24,19:52:00,25232.5,25237.5,25232.5,25233.5,382,25234.22,25222.60,0.00
2025-11-24,19:53:00,25233.25,25233.25,25228.25,25232,364,25233.78,25222.87,0.00
2025-11-24,19:54:00,25231.75,25232.75,25228.5,25228.75,196,25233.51,25222.98,0.00
2025-11-24,19:55:00,25229.25,25230.5,25226.5,25227,264,25233.02,25223.09,0.00
2025-11-24,19:56:00,25227.75,25231.25,25226.25,25226.75,256,25232.63,25223.20,0.00
2025-11-24,19:57:00,25226.5,25228.75,25224.25,25226.25,267,25232.15,25223.27,0.00
2025-11-24,19:58:00,25226.75,25227.5,25220.75,25221.5,314,25231.42,25223.27,0.00
2025-11-24,19:59:00,25221.5,25222.25,25216.75,25217.25,372,25230.29,25223.14,0.00
2025-11-24,20:00:00,25218,25218.25,25213,25213,538,25228.52,25222.81,0.00
2025-11-24,20:01:00,25213.25,25213.5,25206,25206.75,935,25225.26,25221.92,0.00
2025-11-24,20:02:00,25207.25,25209.5,25201.5,25203.25,720,25222.94,25204.75,0.00
2025-11-24,20:03:00,25203.5,25203.5,25191.5,25193.75,1109,25218.99,25196.25,0.00
2025-11-24,20:04:00,25194,25194,25186,25189.75,887,25215.91,25189.92,0.00
2025-11-24,20:05:00,25189.5,25197.5,25187.75,25193.5,686,25214.17,25191.22,0.00
2025-11-24,20:06:00,25193.75,25201.5,25191.75,25199.5,664,25213.04,25193.11,0.00
2025-11-24,20:07:00,25200,25203.5,25194.25,25195.5,787,25211.89,25194.32,0.00
2025-11-24,20:08:00,25197.25,25199.5,25190.25,25194.75,477,25211.15,25194.39,0.00
2025-11-24,20:09:00,25195.25,25196.75,25191.5,25193,354,25210.61,25194.33,0.00
2025-11-24,20:10:00,25193.5,25193.5,25186.75,25188.75,489,25209.74,25193.81,0.00
2025-11-24,20:11:00,25188.5,25191,25185.25,25186.75,712,25208.49,25187.67,0.00
2025-11-24,20:12:00,25186.75,25192.5,25184.75,25191.5,520,25207.74,25189.58,0.00
2025-11-24,20:13:00,25191.25,25198.5,25189.25,25196,711,25207.06,25192.47,0.00
2025-11-24,20:14:00,25195.75,25196.25,25187.25,25188.5,436,25206.56,25192.00,0.00
2025-11-24,20:15:00,25188.25,25191.75,25186,25190.5,477,25206.00,25191.42,0.00
2025-11-24,20:16:00,25190.25,25193.25,25186.75,25189.75,482,25205.49,25191.15,0.00
2025-11-24,20:17:00,25189.25,25193,25182,25187.5,872,25204.51,25187.50,0.00
2025-11-24,20:18:00,25187.5,25193,25183.75,25186.25,422,25204.08,25187.55,0.00
2025-11-24,20:19:00,25185.5,25186.25,25181,25183.75,416,25203.58,25183.67,0.00
2025-11-24,20:20:00,25183.25,25188.5,25181.5,25187.75,507,25203.06,25184.90,0.00
2025-11-24,20:21:00,25187.25,25195,25186.25,25190,511,25202.70,25186.87,0.00
2025-11-24,20:22:00,25191,25191.5,25185.25,25186,337,25202.42,25187.00,0.00
2025-11-24,20:23:00,25185.5,25187,25182.5,25183.25,338,25202.09,25186.56,0.00
2025-11-24,20:24:00,25184.5,25186.25,25183,25185.75,189,25201.92,25186.43,0.00
2025-11-24,20:25:00,25186.25,25190.5,25185.5,25189.5,349,25201.67,25186.71,0.00
2025-11-24,20:26:00,25189,25189.25,25183.25,25187,239,25201.49,25186.69,0.00
2025-11-24,20:27:00,25186.5,25186.5,25180.25,25181.25,481,25201.03,25182.67,0.00
2025-11-24,20:28:00,25181.25,25183.25,25179,25179.25,401,25200.62,25180.50,0.00
2025-11-24,20:29:00,25179,25184.5,25172,25184.5,1608,25199.13,25180.33,0.00
2025-11-24,20:30:00,25183.75,25183.75,25177.75,25179.5,355,25198.83,25180.33,0.00
2025-11-24,20:31:00,25180.25,25187,25179.75,25183.25,477,25198.50,25180.92,0.00
2025-11-24,20:32:00,25183,25186.25,25181,25183.5,283,25198.32,25181.20,0.00
2025-11-24,20:33:00,25183.5,25185.75,25180.25,25184.5,277,25198.14,25181.41,0.00
2025-11-24,20:34:00,25184,25192.25,25183.75,25191.25,485,25197.96,25182.48,0.00
2025-11-24,20:35:00,25191.75,25200.75,25190.5,25199.5,867,25197.92,25185.35,0.00
2025-11-24,20:36:00,25199.75,25205.25,25199.25,25203.75,711,25198.05,25187.80,0.00
2025-11-24,20:37:00,25203,25204.5,25199.75,25204,410,25198.13,25188.92,0.00
2025-11-24,20:38:00,25204.25,25205.25,25196,25198.5,460,25198.16,25189.77,0.00
2025-11-24,20:39:00,25198.75,25200.75,25197.5,25199.25,287,25198.17,25190.20,0.00
2025-11-24,20:40:00,25200.25,25200.25,25188.25,25193.25,659,25198.07,25190.56,0.00
2025-11-24,20:41:00,25193.25,25194.25,25184.75,25186,650,25197.84,25190.37,0.00
2025-11-24,20:42:00,25186.5,25190,25185.25,25186.5,351,25197.71,25190.23,0.00
2025-11-24,20:43:00,25186.5,25192,25184,25184.25,434,25197.54,25190.05,0.00
2025-11-24,20:44:00,25184.5,25185.75,25178.75,25179.25,530,25197.24,25189.52,0.00
2025-11-24,20:45:00,25179.25,25186.25,25177.75,25185.25,462,25197.02,25189.20,0.00
2025-11-24,20:46:00,25184.75,25193,25183.75,25191.5,485,25196.90,25189.21,0.00
2025-11-24,20:47:00,25191.25,25192.5,25188.25,25190.25,255,25196.85,25189.24,0.00
2025-11-24,20:48:00,25191,25195.25,25191,25191.75,348,25196.80,25189.35,0.00
2025-11-24,20:49:00,25192,25192,25184.75,25187.75,423,25196.68,25189.31,0.00
2025-11-24,20:50:00,25188.25,25192,25186.75,25190,385,25196.59,25189.32,0.00
2025-11-24,20:51:00,25189.25,25193.5,25186.25,25192.5,319,25196.53,25189.36,0.00
2025-11-24,20:52:00,25192.25,25200.25,25189.5,25199.25,661,25196.53,25189.74,0.00
2025-11-24,20:53:00,25199.25,25201,25196.25,25200.25,329,25196.56,25189.98,0.00
2025-11-24,20:54:00,25200.25,25201.75,25198.25,25200.5,227,25196.58,25190.16,0.00
2025-11-24,20:55:00,25200.25,25203.25,25200.25,25200.75,378,25196.64,25190.49,0.00
2025-11-24,20:56:00,25200.25,25210.5,25199.5,25207,783,25196.84,25191.34,0.00
2025-11-24,20:57:00,25206.75,25213,25205.25,25210.75,576,25197.06,25192.07,0.00
2025-11-24,20:58:00,25210.5,25217.25,25209.5,25214.5,745,25197.41,25193.13,0.00
2025-11-24,20:59:00,25215,25217,25212.25,25212.25,306,25197.55,25193.54,0.00
2025-11-24,21:00:00,25212.25,25213.5,25207.75,25211.25,441,25197.71,25194.02,0.00
2025-11-24,21:01:00,25210.75,25212.75,25202,25208,580,25197.87,25194.50,0.00
2025-11-24,21:02:00,25207.75,25211,25202.25,25210.5,456,25197.99,25194.86,0.00
2025-11-24,21:03:00,25210.75,25215,25208,25212,429,25198.14,25195.27,0.00
2025-11-24,21:04:00,25212,25213.5,25207.25,25210.5,236,25198.22,25195.47,0.00
2025-11-24,21:05:00,25210.5,25215.75,25207.75,25208.25,365,25198.34,25195.78,0.00
2025-11-24,21:06:00,25208.25,25214.5,25204.5,25205,335,25198.42,25196.00,0.00
2025-11-24,21:07:00,25205,25208.75,25201.5,25203.75,446,25198.49,25196.21,0.00
2025-11-24,21:08:00,25203.5,25209,25201.5,25202,292,25198.54,25196.33,0.00
2025-11-24,21:09:00,25201.5,25203.75,25196.75,25203.25,687,25198.58,25196.50,0.00
2025-11-24,21:10:00,25202.75,25207.25,25197.75,25197.75,365,25198.60,25196.58,0.00
2025-11-24,21:11:00,25197.25,25201.5,25195.75,25199.25,413,25198.61,25196.62,0.00
2025-11-24,21:12:00,25198.75,25205,25198.75,25200.5,303,25198.63,25196.69,0.00
2025-11-24,21:13:00,25200.25,25203.75,25200.25,25201.5,130,25198.64,25196.72,0.00
2025-11-24,21:14:00,25201.25,25203.25,25196,25199,268,25198.64,25196.76,0.00
2025-11-24,21:15:00,25199,25201.5,25194.75,25195.5,306,25198.63,25196.77,0.00
2025-11-24,21:16:00,25195.75,25199.5,25193.25,25195,368,25198.61,25196.75,0.00
2025-11-24,21:17:00,25195.25,25201,25193.75,25199.75,242,25198.61,25196.77,0.00
2025-11-24,21:18:00,25199.5,25199.5,25188.75,25191.75,690,25198.52,25196.66,0.00
2025-11-24,21:19:00,25191.5,25193.25,25184.5,25188.75,521,25198.41,25196.49,0.00
2025-11-24,21:20:00,25188,25196,25188,25194.25,374,25198.36,25196.43,0.00
2025-11-24,21:21:00,25194.25,25201,25193.25,25197.75,446,25198.35,25196.45,0.00
2025-11-24,21:22:00,25197.5,25200,25194,25199.25,313,25198.34,25196.46,0.00
2025-11-24,21:23:00,25198.75,25206,25196.75,25201,568,25198.38,25196.57,0.00
2025-11-24,21:24:00,25200.75,25205,25198.5,25199.5,269,25198.39,25196.62,0.00
2025-11-24,21:25:00,25199,25203.75,25196.25,25198.5,353,25198.40,25196.66,0.00
2025-11-24,21:26:00,25198.5,25206,25198.5,25203.5,336,25198.43,25196.74,0.00
2025-11-24,21:27:00,25203.75,25204.25,25198,25201,252,25198.45,25196.78,0.00
2025-11-24,21:28:00,25201.25,25205.25,25194.75,25195.75,345,25198.45,25196.80,0.00
2025-11-24,21:29:00,25195.25,25197.5,25192.75,25194,313,25198.42,25196.78,0.00
2025-11-24,21:30:00,25193.5,25197,25193,25195.25,196,25198.41,25196.76,0.00
2025-11-24,21:31:00,25195.5,25197.75,25192.75,25195,273,25198.39,25196.75,0.00
2025-11-24,21:32:00,25195,25195,25190.25,25191.75,315,25198.35,25196.70,0.00
2025-11-24,21:33:00,25191.5,25192.5,25186.25,25191.75,497,25198.27,25196.58,0.00
2025-11-24,21:34:00,25192,25200.25,25191.75,25199,537,25198.25,25196.59,0.00
2025-11-24,21:35:00,25199,25199.75,25190.75,25191,312,25198.23,25196.56,0.00
2025-11-24,21:36:00,25191.25,25195.75,25189.25,25191.5,260,25198.20,25196.52,0.00
2025-11-24,21:37:00,25192.25,25194,25188,25188.5,216,25198.16,25196.48,0.00
2025-11-24,21:38:00,25188.5,25192,25185.75,25187.75,221,25198.12,25196.42,0.00
2025-11-24,21:39:00,25187.5,25187.75,25183.5,25184,469,25198.00,25196.24,0.00
2025-11-24,21:40:00,25183.5,25186,25181.25,25182.5,376,25197.89,25196.08,0.00
2025-11-24,21:41:00,25182.5,25185,25179.75,25184,525,25197.73,25195.86,0.00
2025-11-24,21:42:00,25184,25186.75,25181,25182.75,390,25197.63,25195.71,0.00
2025-11-24,21:43:00,25182.75,25186,25180.75,25185.5,271,25197.56,25195.61,0.00
2025-11-24,21:44:00,25185.25,25187.5,25181.5,25183.25,307,25197.48,25195.50,0.00
2025-11-24,21:45:00,25183.5,25187,25182.5,25184,304,25197.40,25195.40,0.00
2025-11-24,21:46:00,25183.25,25186.5,25182.25,25183.75,203,25197.35,25195.33,0.00
2025-11-24,21:47:00,25184,25186.25,25177.75,25180.25,494,25197.20,25195.12,0.00
2025-11-24,21:48:00,25179.75,25181.25,25175.25,25176.25,513,25197.02,25194.85,0.00
2025-11-24,21:49:00,25176,25180.25,25175.5,25175.5,400,25196.87,25194.64,0.00
2025-11-24,21:50:00,25175.25,25178.5,25174,25178.25,530,25196.68,25194.37,0.00
2025-11-24,21:51:00,25178.25,25180.75,25175.75,25178.25,334,25196.57,25194.22,0.00
2025-11-24,21:52:00,25179,25181.25,25176.5,25178.5,261,25196.48,25194.10,0.00
2025-11-24,21:53:00,25178,25179.5,25176.5,25179.25,137,25196.44,25194.04,0.00
2025-11-24,21:54:00,25178.5,25182.25,25178,25182.25,228,25196.37,25193.96,0.00
2025-11-24,21:55:00,25181.75,25181.75,25176.5,25177.75,184,25196.32,25193.88,0.00
2025-11-24,21:56:00,25178,25178,25175,25177.5,249,25196.23,25193.76,0.00
2025-11-24,21:57:00,25178.25,25181,25176.75,25179.5,219,25196.16,25193.67,0.00
2025-11-24,21:58:00,25179.5,25179.75,25176.25,25176.5,222,25196.09,25193.57,0.00
2025-11-24,21:59:00,25176.25,25176.75,25173.75,25174.5,386,25195.95,25193.38,0.00
2025-11-24,22:00:00,25173.75,25176.75,25172.75,25176.5,344,25195.82,25193.21,0.00
2025-11-24,22:01:00,25176.5,25178.75,25174,25175.5,306,25195.72,25193.07,0.00
2025-11-24,22:02:00,25175.25,25184.75,25174,25184,570,25195.57,25192.89,0.00
2025-11-24,22:03:00,25185,25190.5,25183,25189,784,25195.47,25192.78,0.00
2025-11-24,22:04:00,25188.25,25191.75,25186.25,25189.5,401,25195.42,25192.74,0.00
2025-11-24,22:05:00,25189.75,25196.25,25189.75,25192.25,444,25195.40,25192.74,0.00
2025-11-24,22:06:00,25192.25,25192.75,25182,25182,529,25195.32,25192.65,0.00
2025-11-24,22:07:00,25182.25,25183.75,25178.75,25179.25,283,25195.25,25192.56,0.00
2025-11-24,22:08:00,25179.25,25182.75,25176.5,25177.75,302,25195.17,25192.46,0.00
2025-11-24,22:09:00,25177.75,25180.75,25177,25177,181,25195.12,25192.40,0.00
2025-11-24,22:10:00,25177.75,25181.75,25176.5,25181,254,25195.06,25192.32,0.00
2025-11-24,22:11:00,25181,25190,25181,25189,485,25194.99,25192.26,0.00
2025-11-24,22:12:00,25189,25191.25,25185,25186.5,356,25194.95,25192.22,0.00
2025-11-24,22:13:00,25186.75,25188.25,25184,25186,213,25194.92,25192.19,0.00
2025-11-24,22:14:00,25185.75,25190.25,25184.25,25189,371,25194.88,25192.15,0.00
2025-11-24,22:15:00,25189,25192.5,25188.25,25188.75,297,25194.85,25192.13,0.00
2025-11-24,22:16:00,25188.75,25201.75,25188.75,25198.25,708,25194.87,25192.20,0.00
2025-11-24,22:17:00,25198,25209,25196.75,25205.5,721,25194.97,25192.39,0.00
2025-11-24,22:18:00,25205.5,25208,25203.25,25207,334,25195.02,25192.49,0.00
2025-11-24,22:19:00,25206.25,25208.75,25202,25204.5,488,25195.10,25192.62,0.00
2025-11-24,22:20:00,25205,25205.5,25198.75,25200.25,236,25195.12,25192.67,0.00
2025-11-24,22:21:00,25200.5,25205.25,25199.75,25201,348,25195.16,25192.74,0.00
2025-11-24,22:22:00,25202,25203.25,25197,25202,293,25195.18,25192.79,0.00
2025-11-24,22:23:00,25202.75,25204.75,25201.5,25202.5,216,25195.21,25192.84,0.00
2025-11-24,22:24:00,25202.75,25204,25201.25,25203.25,121,25195.22,25192.87,0.00
2025-11-24,22:25:00,25203,25203.75,25197,25198.25,353,25195.25,25192.92,0.00
2025-11-24,22:26:00,25198.5,25199.5,25189.75,25191.25,502,25195.23,25192.92,0.00
2025-11-24,22:27:00,25191,25192.25,25181.25,25183,637,25195.14,25192.83,0.00
2025-11-24,22:28:00,25183.5,25189.25,25181.5,25188,382,25195.09,25192.77,0.00
2025-11-24,22:29:00,25187.5,25192.25,25186,25189,220,25195.07,25192.76,0.00
2025-11-24,22:30:00,25189.25,25189.75,25185.75,25187.25,147,25195.06,25192.74,0.00
2025-11-24,22:31:00,25186,25189.25,25183.75,25184.75,339,25195.01,25192.69,0.00
2025-11-24,22:32:00,25184.5,25186.5,25182.25,25185.25,198,25194.98,25192.66,0.00
2025-11-24,22:33:00,25184.75,25187,25182.25,25182.5,248,25194.94,25192.62,0.00
2025-11-24,22:34:00,25182.25,25187.75,25181.75,25185.25,225,25194.91,25192.58,0.00
2025-11-24,22:35:00,25184.5,25189,25183.25,25183.75,198,25194.88,25192.55,0.00
2025-11-24,22:36:00,25184.25,25186.5,25183.25,25185.75,189,25194.86,25192.53,0.00
2025-11-24,22:37:00,25185.75,25191,25184.25,25187.75,369,25194.82,25192.49,0.00
2025-11-24,22:38:00,25187.5,25189.5,25185.75,25187.5,138,25194.81,25192.48,0.00
2025-11-24,22:39:00,25187.5,25193,25187,25191.5,294,25194.79,25192.47,0.00
2025-11-24,22:40:00,25191.5,25196.75,25189.75,25196.25,316,25194.79,25192.48,0.00
2025-11-24,22:41:00,25196,25198.25,25195.75,25196.5,292,25194.79,25192.50,0.00
2025-11-24,22:42:00,25197,25197.25,25193.75,25195,275,25194.80,25192.52,0.00
2025-11-24,22:43:00,25195,25199.75,25194,25199,285,25194.81,25192.54,0.00
2025-11-24,22:44:00,25199,25201,25198.25,25200.25,239,25194.82,25192.58,0.00
2025-11-24,22:45:00,25201,25205.25,25200.25,25200.75,637,25194.89,25192.69,0.00
2025-11-24,22:46:00,25200.75,25201.75,25196.25,25199.25,490,25194.91,25192.75,0.00
2025-11-24,22:47:00,25199.75,25202.25,25192.25,25194.25,374,25194.92,25192.77,0.00
2025-11-24,22:48:00,25194,25200.25,25193.5,25193.5,391,25194.93,25192.80,0.00
2025-11-24,22:49:00,25193.25,25195,25189.5,25191.25,343,25194.91,25192.79,0.00
2025-11-24,22:50:00,25191,25195.25,25190.5,25192.25,289,25194.90,25192.79,0.00
2025-11-24,22:51:00,25192,25194.25,25189.25,25190.75,505,25194.88,25192.78,0.00
2025-11-24,22:52:00,25190.75,25190.75,25186.5,25190,285,25194.86,25192.76,0.00
2025-11-24,22:53:00,25190.25,25195.75,25189.25,25193.5,258,25194.85,25192.76,0.00
2025-11-24,22:54:00,25193.5,25197,25187,25190,377,25194.83,25192.75,0.00
2025-11-24,22:55:00,25190,25194.5,25190,25194.5,122,25194.83,25192.75,0.00
2025-11-24,22:56:00,25194.25,25199.25,25194.25,25197.75,214,25194.84,25192.77,0.00
2025-11-24,22:57:00,25198.25,25200,25195.75,25197.25,233,25194.85,25192.79,0.00
2025-11-24,22:58:00,25197.25,25201,25196.5,25199.75,206,25194.86,25192.81,0.00
2025-11-24,22:59:00,25199.5,25200,25195.75,25199,258,25194.87,25192.83,0.00
2025-11-24,23:00:00,25199,25202.75,25198.25,25200,372,25194.89,25192.88,0.00
2025-11-24,23:01:00,25200.5,25200.75,25196.25,25198.25,236,25194.91,25192.90,0.00
2025-11-24,23:02:00,25198.25,25201.5,25196.25,25199.75,216,25194.92,25192.93,0.00
2025-11-24,23:03:00,25200.5,25206.25,25198.5,25204,487,25194.97,25193.01,0.00
2025-11-24,23:04:00,25203.75,25205.75,25197.75,25201,344,25194.99,25193.06,0.00
2025-11-24,23:05:00,25199.75,25201.75,25197.25,25198.5,278,25195.01,25193.09,0.00
2025-11-24,23:06:00,25198.5,25204,25193.5,25203.5,376,25195.03,25193.14,0.00
2025-11-24,23:07:00,25203.75,25206,25201.5,25203.5,231,25195.06,25193.18,0.00
2025-11-24,23:08:00,25203.5,25205.5,25201,25201.75,195,25195.08,25193.21,0.00
2025-11-24,23:09:00,25201.5,25202.25,25197.25,25199.25,153,25195.09,25193.22,0.00
2025-11-24,23:10:00,25199.5,25201.75,25198,25201,139,25195.10,25193.24,0.00
2025-11-24,23:11:00,25201.5,25205,25201.25,25205,202,25195.12,25193.27,0.00
2025-11-24,23:12:00,25205,25205.75,25201.75,25204,153,25195.13,25193.30,0.00
2025-11-24,23:13:00,25204,25205.5,25200,25203,196,25195.15,25193.33,0.00
2025-11-24,23:14:00,25203.25,25208.25,25202.75,25207.75,426,25195.21,25193.42,0.00
2025-11-24,23:15:00,25207.75,25210,25204.25,25204.25,353,25195.26,25193.49,0.00
2025-11-24,23:16:00,25204.5,25207.25,25203.5,25205,178,25195.28,25193.53,0.00
2025-11-24,23:17:00,25205.75,25207,25201.5,25206,251,25195.31,25193.57,0.00
2025-11-24,23:18:00,25206.5,25210.5,25206.5,25210.25,240,25195.35,25193.63,0.00
2025-11-24,23:19:00,25210,25212.25,25208.5,25209,431,25195.42,25193.75,0.00
2025-11-24,23:20:00,25209,25210.75,25207.5,25209,268,25195.47,25193.81,0.00
2025-11-24,23:21:00,25209,25211.5,25206,25209.5,268,25195.51,25193.88,0.00
2025-11-24,23:22:00,25209.5,25211.25,25208,25208.25,130,25195.53,25193.91,0.00
2025-11-24,23:23:00,25208.25,25209.75,25206.25,25209.5,186,25195.56,25193.95,0.00
2025-11-24,23:24:00,25208.5,25211,25208.25,25211,163,25195.59,25193.99,0.00
2025-11-24,23:25:00,25210.75,25211.5,25206.75,25209,233,25195.63,25194.05,0.00
2025-11-24,23:26:00,25209,25209.25,25200,25200.75,493,25195.67,25194.12,0.00
2025-11-24,23:27:00,25200.75,25202,25198,25201.5,349,25195.69,25194.15,0.00
2025-11-24,23:28:00,25201.5,25206.75,25200.5,25200.75,370,25195.72,25194.20,0.00
2025-11-24,23:29:00,25200.75,25204,25200.5,25202.25,166,25195.74,25194.22,0.00
2025-11-24,23:30:00,25202,25204.5,25201.5,25202,148,25195.75,25194.24,0.00
2025-11-24,23:31:00,25202,25204.5,25196.5,25199.75,452,25195.77,25194.28,0.00
2025-11-24,23:32:00,25199,25199,25193.25,25193.75,414,25195.77,25194.29,0.00
2025-11-24,23:33:00,25193.75,25194.25,25187.5,25188.25,710,25195.72,25194.24,0.00
2025-11-24,23:34:00,25188,25188,25180.5,25183,724,25195.62,25194.13,0.00
2025-11-24,23:35:00,25182.75,25186.75,25180.25,25183,459,25195.56,25194.06,0.00
2025-11-24,23:36:00,25183,25193,25180.25,25189.75,982,25195.47,25193.97,0.00
2025-11-24,23:37:00,25189,25191.5,25185.75,25189.75,398,25195.44,25193.94,0.00
2025-11-24,23:38:00,25189.75,25190,25183.5,25186.5,268,25195.42,25193.91,0.00
2025-11-24,23:39:00,25186.5,25189.5,25184,25187.5,217,25195.40,25193.89,0.00
2025-11-24,23:40:00,25187,25190.75,25185,25185.75,173,25195.38,25193.87,0.00
2025-11-24,23:41:00,25185.25,25185.5,25177.25,25183,556,25195.30,25193.78,0.00
2025-11-24,23:42:00,25183.75,25187.5,25178.25,25179,528,25195.22,25193.69,0.00
2025-11-24,23:43:00,25179,25187.25,25176.5,25186.75,490,25195.16,25193.62,0.00
2025-11-24,23:44:00,25186.5,25191,25184.75,25188.5,361,25195.13,25193.59,0.00
2025-11-24,23:45:00,25188,25189.25,25186,25187.25,208,25195.11,25193.57,0.00
2025-11-24,23:46:00,25187.5,25188.5,25178.25,25184.5,345,25195.07,25193.53,0.00
2025-11-24,23:47:00,25184.5,25184.75,25179.5,25180.5,315,25195.03,25193.48,0.00
2025-11-24,23:48:00,25179.75,25182.5,25175.5,25175.75,417,25194.95,25193.39,0.00
2025-11-24,23:49:00,25175.5,25179.25,25174.25,25175.75,430,25194.87,25193.29,0.00
2025-11-24,23:50:00,25175.5,25181,25174.5,25178.5,398,25194.79,25193.21,0.00
2025-11-24,23:51:00,25178.75,25181.5,25176,25179.25,291,25194.75,25193.15,0.00
2025-11-24,23:52:00,25178.75,25178.75,25169.25,25172,966,25194.53,25173.33,0.00
2025-11-24,23:53:00,25172,25175.5,25168.75,25173.5,438,25194.43,25172.58,0.00
2025-11-24,23:54:00,25174,25175,25170.75,25172.5,220,25194.38,25172.64,0.00
2025-11-24,23:55:00,25172.25,25181.25,25171,25179.5,465,25194.30,25174.55,0.00
2025-11-24,23:56:00,25179.75,25183.5,25175.5,25176,369,25194.24,25175.48,0.00
2025-11-24,23:57:00,25176,25177.75,25170.75,25170.75,277,25194.18,25175.11,0.00
2025-11-24,23:58:00,25171.25,25172.25,25168.25,25171.75,355,25194.09,25170.75,0.00
2025-11-24,23:59:00,25172.5,25174,25170.75,25172.5,156,25194.06,25171.26,0.00
2025-11-24,00:00:00,24740.75,24741.5,24736.25,24737.5,182,24723.61,24721.64,0.00
2025-11-24,00:01:00,24737.25,24737.25,24731,24735.75,533,24723.64,24721.70,0.00
2025-11-24,00:02:00,24736,24741,24727.75,24732.75,737,24723.68,24721.77,0.00
2025-11-24,00:03:00,24733,24734,24727.5,24730.75,377,24723.70,24721.80,0.00
2025-11-24,00:04:00,24730.75,24735.25,24730,24734,257,24723.71,24721.83,0.00
2025-11-24,00:05:00,24734.25,24744.25,24734.25,24743,664,24723.77,24721.93,0.00
2025-11-24,00:06:00,24742.5,24745,24736.75,24737.5,316,24723.80,24721.97,0.00
2025-11-24,00:07:00,24738,24742.25,24734.5,24739.75,297,24723.82,24722.01,0.00
2025-11-24,00:08:00,24739.25,24741.75,24736.75,24736.75,152,24723.84,24722.03,0.00
2025-11-24,00:09:00,24737,24742.75,24736.25,24739,251,24723.86,24722.07,0.00
2025-11-24,00:10:00,24738.5,24744.5,24737.25,24743.5,268,24723.88,24722.11,0.00
2025-11-24,00:11:00,24742.75,24744.25,24736.5,24737.75,513,24723.93,24722.18,0.00
2025-11-24,00:12:00,24737.75,24738.25,24723.25,24724.25,1118,24723.95,24722.24,0.00
2025-11-24,00:13:00,24724.5,24724.75,24708,24710.75,1635,24723.87,24722.14,0.00
2025-11-24,00:14:00,24710.5,24712,24699,24706.25,1172,24723.76,24721.99,0.00
2025-11-24,00:15:00,24705.75,24710.5,24701.25,24706.75,694,24723.69,24721.91,0.00
2025-11-24,00:16:00,24706.75,24706.75,24691.75,24701.75,1216,24723.54,24721.70,0.00
2025-11-24,00:17:00,24701.25,24709.75,24696.25,24707.25,803,24723.46,24721.60,0.00
2025-11-24,00:18:00,24707.25,24710.25,24693,24695.25,870,24723.35,24721.45,0.00
2025-11-24,00:19:00,24695.25,24700.25,24694.5,24697.25,446,24723.29,24721.37,0.00
2025-11-24,00:20:00,24697.75,24699,24692.75,24694.75,517,24723.22,24721.27,0.00
2025-11-24,00:21:00,24694.5,24707,24694.5,24704,755,24723.13,24721.16,0.00
2025-11-24,00:22:00,24703.5,24705.25,24698.25,24699.75,401,24723.09,24721.10,0.00
2025-11-24,00:23:00,24699.5,24704,24693.5,24703.25,425,24723.04,24721.04,0.00
2025-11-24,00:24:00,24702.75,24703.5,24696.25,24698,461,24722.98,24720.96,0.00
2025-11-24,00:25:00,24698.5,24698.5,24689.25,24693.5,637,24722.89,24720.83,0.00
2025-11-24,00:26:00,24693.75,24701.25,24692.25,24695,527,24722.81,24720.74,0.00
2025-11-24,00:27:00,24694.5,24700.75,24684.75,24690.5,936,24722.67,24720.54,0.00
2025-11-24,00:28:00,24690.5,24700.5,24687.75,24700.5,621,24722.58,24720.43,0.00
2025-11-24,00:29:00,24699.5,24705.5,24694.75,24703.25,853,24722.49,24720.32,0.00
2025-11-24,00:30:00,24703,24704.5,24699.5,24703.25,308,24722.46,24720.28,0.00
2025-11-24,00:31:00,24703.25,24713,24702.75,24707.5,833,24722.40,24720.20,0.00
2025-11-24,00:32:00,24707.75,24714.25,24705.75,24713,520,24722.37,24720.17,0.00
2025-11-24,00:33:00,24713,24716.25,24708.75,24713.25,630,24722.34,24720.13,0.00
2025-11-24,00:34:00,24713,24717.5,24710.75,24714.5,296,24722.33,24720.12,0.00
2025-11-24,00:35:00,24714,24714,24705.25,24705.5,618,24722.28,24720.07,0.00
2025-11-24,00:36:00,24704.75,24705.25,24695.5,24702.5,671,24722.21,24719.98,0.00
2025-11-24,00:37:00,24701.75,24708,24700.75,24702.25,411,24722.18,24719.93,0.00
2025-11-24,00:38:00,24701.25,24710,24701.25,24707.5,237,24722.16,24719.91,0.00
2025-11-24,00:39:00,24706.5,24721,24705.75,24717.75,938,24722.12,24719.88,0.00
2025-11-24,00:40:00,24717.25,24722.5,24716.25,24719.75,510,24722.12,24719.88,0.00
2025-11-24,00:41:00,24720.25,24722.5,24716,24717.5,291,24722.11,24719.88,0.00
2025-11-24,00:42:00,24717,24718.25,24713.75,24714.75,285,24722.10,24719.87,0.00
2025-11-24,00:43:00,24716,24724.5,24715.25,24721.75,442,24722.10,24719.87,0.00
2025-11-24,00:44:00,24721.5,24721.5,24711.25,24715.5,480,24722.09,24719.86,0.00
2025-11-24,00:45:00,24715.75,24717.75,24714.25,24716.75,197,24722.08,24719.85,0.00
2025-11-24,00:46:00,24717,24721.25,24716.75,24719.5,375,24722.08,24719.85,0.00
2025-11-24,00:47:00,24719.75,24726,24713.5,24716.5,664,24722.06,24719.84,0.00
2025-11-24,00:48:00,24716.25,24716.5,24701.75,24701.75,853,24722.00,24719.77,0.00
2025-11-24,00:49:00,24701.5,24706.5,24698,24701.75,536,24721.95,24719.71,0.00
2025-11-24,00:50:00,24701,24708.75,24701,24706.25,400,24721.92,24719.67,0.00
2025-11-24,00:51:00,24705.75,24711.75,24704.25,24710,308,24721.90,24719.64,0.00
2025-11-24,00:52:00,24709,24716,24706,24715.5,311,24721.88,24719.63,0.00
2025-11-24,00:53:00,24716,24722.25,24710,24720.25,581,24721.87,24719.62,0.00
2025-11-24,00:54:00,24720.75,24723.5,24718.25,24719.75,394,24721.87,24719.62,0.00
2025-11-24,00:55:00,24719.25,24720.5,24715.25,24717,284,24721.86,24719.62,0.00
2025-11-24,00:56:00,24718.25,24729.25,24718.25,24726.5,797,24721.87,24719.65,0.00
2025-11-24,00:57:00,24726.75,24728.5,24710,24715.5,754,24721.86,24719.64,0.00
2025-11-24,00:58:00,24715.25,24715.75,24707,24707,490,24721.83,24719.61,0.00
2025-11-24,00:59:00,24707,24711.5,24704,24707.5,476,24721.80,24719.57,0.00
2025-11-24,01:00:00,24706,24710,24704.75,24705.75,302,24721.78,24719.55,0.00
2025-11-24,01:01:00,24705.25,24711.25,24702.5,24706.75,629,24721.74,24719.49,0.00
2025-11-24,01:02:00,24707.5,24708.25,24698.75,24699.75,491,24721.69,24719.44,0.00
2025-11-24,01:03:00,24700,24714.75,24700,24713.5,541,24721.66,24719.40,0.00
2025-11-24,01:04:00,24713.25,24716.5,24702,24704.25,424,24721.63,24719.37,0.00
2025-11-24,01:05:00,24705.75,24711.75,24703.75,24709.25,382,24721.61,24719.34,0.00
2025-11-24,01:06:00,24709,24713.75,24707.75,24709.5,279,24721.59,24719.33,0.00
2025-11-24,01:07:00,24709.5,24724.5,24709.25,24721.75,602,24721.59,24719.33,0.00
2025-11-24,01:08:00,24721.25,24732.25,24721.25,24731.25,721,24721.61,24719.37,0.00
2025-11-24,01:09:00,24732,24735.25,24730.25,24734.75,587,24721.64,24719.42,0.00
2025-11-24,01:10:00,24734.5,24738.5,24733.25,24736,453,24721.67,24719.47,0.00
2025-11-24,01:11:00,24736.75,24742.25,24735.25,24741.5,538,24721.71,24719.53,0.00
2025-11-24,01:12:00,24742.25,24750.25,24741.5,24749,1006,24721.83,24719.70,0.00
2025-11-24,01:13:00,24748.5,24754,24746.75,24751.5,745,24721.93,24719.85,0.00
2025-11-24,01:14:00,24752.25,24758,24749.75,24755.5,720,24722.03,24720.00,0.00
2025-11-24,01:15:00,24755.25,24758.75,24750,24753.75,788,24722.15,24720.17,0.00
2025-11-24,01:16:00,24754.25,24762.25,24753.75,24755,648,24722.25,24720.31,0.00
2025-11-24,01:17:00,24754.25,24761,24753.75,24755.25,344,24722.30,24720.39,0.00
2025-11-24,01:18:00,24755,24757.25,24750.5,24751,378,24722.35,24720.46,0.00
2025-11-24,01:19:00,24750.75,24755,24749.5,24752.5,316,24722.40,24720.52,0.00
2025-11-24,01:20:00,24752,24755.75,24750.25,24752,212,24722.42,24720.57,0.00
2025-11-24,01:21:00,24752.5,24756.5,24751.75,24755.75,322,24722.47,24720.63,0.00
2025-11-24,01:22:00,24755.75,24760.75,24751.75,24753.75,503,24722.54,24720.74,0.00
2025-11-24,01:23:00,24753.5,24759.5,24753,24756.75,260,24722.58,24720.79,0.00
2025-11-24,01:24:00,24757,24759.75,24754.25,24758.5,219,24722.62,24720.84,0.00
2025-11-24,01:25:00,24757.5,24760.5,24754.75,24757.5,259,24722.66,24720.90,0.00
2025-11-24,01:26:00,24757.25,24763.75,24756,24760.5,515,24722.74,24721.02,0.00
2025-11-24,01:27:00,24760.25,24763,24758,24760,387,24722.81,24721.11,0.00
2025-11-24,01:28:00,24760.75,24765,24759.75,24763.5,278,24722.86,24721.18,0.00
2025-11-24,01:29:00,24762.75,24763.75,24757.5,24758.25,319,24722.91,24721.25,0.00
2025-11-24,01:30:00,24758,24761.25,24756.5,24757.25,280,24722.95,24721.31,0.00
2025-11-24,01:31:00,24757.5,24759.25,24749.5,24752.25,731,24723.05,24721.45,0.00
2025-11-24,01:32:00,24751.5,24754.75,24738,24738.5,1032,24723.14,24721.59,0.00
2025-11-24,01:33:00,24738.5,24739,24733.25,24736.75,839,24723.19,24721.66,0.00
2025-11-24,01:34:00,24738.25,24746.25,24736.5,24740.5,446,24723.23,24721.71,0.00
2025-11-24,01:35:00,24741.25,24743.5,24737,24737.5,246,24723.24,24721.74,0.00
2025-11-24,01:36:00,24736.75,24737.5,24732,24736.5,425,24723.26,24721.77,0.00
2025-11-24,01:37:00,24737,24741.5,24734.5,24735.75,305,24723.28,24721.80,0.00
2025-11-24,01:38:00,24735.75,24739.25,24732.25,24736.25,336,24723.30,24721.83,0.00
2025-11-24,01:39:00,24736,24739,24735.75,24737.5,205,24723.31,24721.84,0.00
2025-11-24,01:40:00,24737.75,24741,24737.75,24739.5,252,24723.33,24721.87,0.00
2025-11-24,01:41:00,24739.25,24745,24738,24744,419,24723.37,24721.92,0.00
2025-11-24,01:42:00,24743.75,24751.75,24743,24747.75,513,24723.42,24721.99,0.00
2025-11-24,01:43:00,24747.75,24748.75,24740.75,24747.25,257,24723.44,24722.03,0.00
2025-11-24,01:44:00,24748,24755,24747.5,24748,485,24723.50,24722.11,0.00
2025-11-24,01:45:00,24748,24749.75,24745.5,24747.25,195,24723.52,24722.14,0.00
2025-11-24,01:46:00,24747.25,24752,24744.5,24747.75,307,24723.55,24722.18,0.00
2025-11-24,01:47:00,24747.5,24753,24746,24751,198,24723.57,24722.21,0.00
2025-11-24,01:48:00,24751.5,24754.5,24745,24746.25,325,24723.61,24722.26,0.00
2025-11-24,01:49:00,24746.5,24749.75,24745,24749.25,145,24723.62,24722.28,0.00
2025-11-24,01:50:00,24749,24750.5,24744,24746.5,329,24723.66,24722.33,0.00
2025-11-24,01:51:00,24746.25,24747,24739.25,24742.25,411,24723.69,24722.38,0.00
2025-11-24,01:52:00,24742.25,24749.25,24742.25,24749,275,24723.72,24722.41,0.00
2025-11-24,01:53:00,24748.75,24753,24748.75,24751.25,278,24723.75,24722.46,0.00
2025-11-24,01:54:00,24750.75,24750.75,24743.75,24745.75,219,24723.77,24722.49,0.00
2025-11-24,01:55:00,24744.75,24748.75,24742.25,24743.25,180,24723.79,24722.51,0.00
2025-11-24,01:56:00,24742.75,24752.25,24742.75,24751.75,240,24723.81,24722.55,0.00
2025-11-24,01:57:00,24751.5,24752.5,24749,24750.75,165,24723.83,24722.57,0.00
2025-11-24,01:58:00,24751.5,24753.75,24750.5,24751,184,24723.85,24722.60,0.00
2025-11-24,01:59:00,24752.25,24753.5,24750.25,24752,180,24723.87,24722.63,0.00
2025-11-24,02:00:00,24751,24752.75,24747.5,24747.5,197,24723.89,24722.66,0.00
2025-11-24,02:01:00,24749.25,24753.25,24748.75,24748.75,431,24723.94,24722.73,0.00
2025-11-24,02:02:00,24748.25,24754,24747.5,24750.25,419,24723.99,24722.79,0.00
2025-11-24,02:03:00,24750.25,24754.75,24747.5,24752.25,520,24724.05,24722.88,0.00
2025-11-24,02:04:00,24751.5,24754,24749.75,24749.75,178,24724.07,24722.90,0.00
2025-11-24,02:05:00,24750.5,24751.75,24735.75,24740.5,882,24724.14,24723.00,0.00
2025-11-24,02:06:00,24741.25,24743.25,24736,24737.5,363,24724.16,24723.03,0.00
2025-11-24,02:07:00,24737.5,24741.75,24735.75,24739,287,24724.18,24723.06,0.00
2025-11-24,02:08:00,24739.25,24744.75,24738.75,24739.25,186,24724.19,24723.08,0.00
2025-11-24,02:09:00,24739,24741,24734,24739,323,24724.21,24723.10,0.00
2025-11-24,02:10:00,24738.5,24741.75,24737.25,24740.25,147,24724.22,24723.12,0.00
2025-11-24,02:11:00,24740.75,24742.25,24739,24740.75,144,24724.23,24723.13,0.00
2025-11-24,02:12:00,24740.25,24741.75,24733.5,24737.75,393,24724.25,24723.16,0.00
2025-11-24,02:13:00,24738.25,24740.5,24732.25,24740.5,326,24724.27,24723.19,0.00
2025-11-24,02:14:00,24740.5,24742.25,24734,24737.75,246,24724.28,24723.21,0.00
2025-11-24,02:15:00,24737.5,24737.5,24728.5,24730.5,447,24724.30,24723.23,0.00
2025-11-24,02:16:00,24730.25,24735.75,24729.25,24734.25,291,24724.31,24723.24,0.00
2025-11-24,02:17:00,24734.5,24734.75,24730.5,24731.5,206,24724.31,24723.25,0.00
2025-11-24,02:18:00,24731.5,24738.75,24730.25,24737.25,229,24724.32,24723.27,0.00
2025-11-24,02:19:00,24738,24743,24736,24739.75,352,24724.35,24723.30,0.00
2025-11-24,02:20:00,24739.75,24749,24739.75,24745,584,24724.39,24723.37,0.00
2025-11-24,02:21:00,24745,24746.75,24738.75,24746,378,24724.42,24723.41,0.00
2025-11-24,02:22:00,24746.25,24747.5,24738.25,24740.25,313,24724.45,24723.44,0.00
2025-11-24,02:23:00,24739.5,24743.25,24739,24740.25,147,24724.46,24723.45,0.00
2025-11-24,02:24:00,24739.5,24740.5,24732.5,24738.25,424,24724.48,24723.48,0.00
2025-11-24,02:25:00,24738.75,24740.5,24736,24737.25,211,24724.49,24723.50,0.00
2025-11-24,02:26:00,24737.5,24740,24736.75,24739,158,24724.50,24723.51,0.00
2025-11-24,02:27:00,24739,24739.5,24730.75,24732.25,294,24724.51,24723.53,0.00
2025-11-24,02:28:00,24732,24734.5,24728.25,24734.25,345,24724.52,24723.55,0.00
2025-11-24,02:29:00,24734,24740,24734,24736,386,24724.54,24723.57,0.00
2025-11-24,02:30:00,24736.25,24737,24733,24734.25,221,24724.55,24723.59,0.00
2025-11-24,02:31:00,24734,24738.5,24730,24737.25,434,24724.57,24723.61,0.00
2025-11-24,02:32:00,24737.75,24739.25,24732.25,24735.25,269,24724.58,24723.63,0.00
2025-11-24,02:33:00,24736.25,24736.75,24730.75,24732.75,158,24724.58,24723.64,0.00
2025-11-24,02:34:00,24733.75,24739,24733.5,24735.5,282,24724.60,24723.66,0.00
2025-11-24,02:35:00,24735.25,24736.5,24730.75,24734,177,24724.60,24723.67,0.00
2025-11-24,02:36:00,24733.75,24740.25,24730,24738.75,559,24724.63,24723.70,0.00
2025-11-24,02:37:00,24738.75,24739,24734,24736,178,24724.64,24723.72,0.00
2025-11-24,02:38:00,24737.25,24740.25,24734.75,24739.25,202,24724.65,24723.73,0.00
2025-11-24,02:39:00,24739.25,24743.5,24739,24741,407,24724.68,24723.77,0.00
2025-11-24,02:40:00,24740.5,24741,24734.25,24735,197,24724.69,24723.78,0.00
2025-11-24,02:41:00,24735,24743,24735,24742.25,222,24724.70,24723.80,0.00
2025-11-24,02:42:00,24742,24742.5,24735,24737.25,195,24724.71,24723.81,0.00
2025-11-24,02:43:00,24736.75,24737.25,24725.5,24725.5,504,24724.72,24723.83,0.00
2025-11-24,02:44:00,24725.5,24725.75,24720.25,24723.75,723,24724.72,24723.83,0.00
2025-11-24,02:45:00,24724.75,24727.5,24721.25,24724.25,268,24724.72,24723.83,0.00
2025-11-24,02:46:00,24724.25,24726.25,24721.5,24724.25,204,24724.71,24723.83,0.00
2025-11-24,02:47:00,24724.5,24728.5,24720.5,24721,381,24724.71,24723.83,0.00
2025-11-24,02:48:00,24721.25,24723.5,24710.75,24720,870,24724.69,24723.80,0.00
2025-11-24,02:49:00,24720,24728,24719,24725.5,313,24724.69,24723.80,0.00
2025-11-24,02:50:00,24724.75,24726.25,24724,24725.75,118,24724.69,24723.80,0.00
2025-11-24,02:51:00,24725.25,24730,24723.25,24725.5,307,24724.69,24723.81,0.00
2025-11-24,02:52:00,24726.25,24729,24724.75,24725.5,127,24724.69,24723.81,0.00
2025-11-24,02:53:00,24724.5,24727.25,24723.75,24726.5,168,24724.69,24723.81,0.00
2025-11-24,02:54:00,24726,24727.75,24720.5,24725.25,271,24724.69,24723.81,0.00
2025-11-24,02:55:00,24725.25,24730.75,24724.75,24730,207,24724.70,24723.82,0.00
2025-11-24,02:56:00,24730,24730.5,24723.25,24723.25,178,24724.70,24723.82,0.00
2025-11-24,02:57:00,24723.75,24727.5,24723.5,24725.5,200,24724.70,24723.82,0.00
2025-11-24,02:58:00,24725.75,24728.75,24725,24727.75,151,24724.70,24723.82,0.00
2025-11-24,02:59:00,24727.5,24728.5,24724,24726.25,157,24724.70,24723.82,0.00
2025-11-24,03:00:00,24726.25,24733.25,24726.25,24729.5,423,24724.71,24723.84,0.00
2025-11-24,03:01:00,24729,24731.5,24723.25,24724.75,589,24724.71,24723.84,0.00
2025-11-24,03:02:00,24724.25,24724.5,24715.75,24720.5,647,24724.70,24723.83,0.00
2025-11-24,03:03:00,24720.5,24720.5,24709.5,24711.75,779,24724.67,24723.79,0.00
2025-11-24,03:04:00,24712,24713.25,24703.5,24711.25,762,24724.62,24723.74,0.00
2025-11-24,03:05:00,24711,24718.5,24706.25,24707.75,608,24724.59,24723.70,0.00
2025-11-24,03:06:00,24707.5,24714.5,24705.75,24707.25,488,24724.56,24723.66,0.00
2025-11-24,03:07:00,24707.5,24712.75,24707.5,24712.25,336,24724.54,24723.64,0.00
2025-11-24,03:08:00,24712.75,24723.75,24712.5,24722,502,24724.53,24723.63,0.00
2025-11-24,03:09:00,24721.5,24724.75,24714.25,24721.25,531,24724.53,24723.62,0.00
2025-11-24,03:10:00,24722,24726.5,24714,24726,321,24724.52,24723.62,0.00
2025-11-24,03:11:00,24726.5,24739,24723.5,24738.75,1074,24724.56,24723.67,0.00
2025-11-24,03:12:00,24739.25,24743.5,24736.5,24740.5,655,24724.60,24723.73,0.00
2025-11-24,03:13:00,24740.25,24744.25,24729.25,24731.5,687,24724.63,24723.77,0.00
2025-11-24,03:14:00,24731.75,24733,24723.5,24725.75,546,24724.63,24723.77,0.00
2025-11-24,03:15:00,24725.5,24727.5,24721.25,24726.5,519,24724.63,24723.78,0.00
2025-11-24,03:16:00,24725.75,24731.75,24720.25,24729.5,647,24724.64,24723.79,0.00
2025-11-24,03:17:00,24729.25,24735.75,24728.25,24734.25,491,24724.65,24723.81,0.00
2025-11-24,03:18:00,24735,24737.25,24733.25,24735.25,265,24724.66,24723.82,0.00
2025-11-24,03:19:00,24735.5,24736.25,24729,24730,251,24724.67,24723.83,0.00
2025-11-24,03:20:00,24730.25,24734.25,24727.75,24734.25,256,24724.68,24723.84,0.00
2025-11-24,03:21:00,24734,24735,24729.5,24732,276,24724.69,24723.86,0.00
2025-11-24,03:22:00,24732,24735.25,24726.25,24734.25,378,24724.70,24723.87,0.00
2025-11-24,03:23:00,24734.5,24736,24727.25,24733.75,296,24724.70,24723.88,0.00
2025-11-24,03:24:00,24733.5,24734.75,24729.75,24732.25,121,24724.71,24723.89,0.00
2025-11-24,03:25:00,24732.5,24732.75,24730,24731.25,212,24724.71,24723.89,0.00
2025-11-24,03:26:00,24731.5,24733,24729,24729.25,147,24724.72,24723.90,0.00
2025-11-24,03:27:00,24729.5,24734.75,24729,24731.5,128,24724.72,24723.90,0.00
2025-11-24,03:28:00,24731,24732.25,24730,24732.25,129,24724.72,24723.91,0.00
2025-11-24,03:29:00,24732.5,24735.5,24730.5,24733.75,253,24724.73,24723.92,0.00
2025-11-24,03:30:00,24734,24738.25,24731.5,24736,455,24724.75,24723.94,0.00
2025-11-24,03:31:00,24736,24736.5,24725.75,24727.75,356,24724.76,24723.95,0.00
2025-11-24,03:32:00,24727,24732.25,24726.75,24729,213,24724.76,24723.96,0.00
2025-11-24,03:33:00,24728.5,24730.5,24723.75,24728.5,382,24724.76,24723.97,0.00
2025-11-24,03:34:00,24728.5,24731.5,24726.75,24728,204,24724.77,24723.97,0.00
2025-11-24,03:35:00,24727,24731.25,24725.75,24726.75,192,24724.77,24723.97,0.00
2025-11-24,03:36:00,24727,24731.5,24725.25,24727.25,213,24724.77,24723.98,0.00
2025-11-24,03:37:00,24728.5,24731,24725.25,24726.75,220,24724.77,24723.98,0.00
2025-11-24,03:38:00,24726.75,24730.75,24726.75,24729.75,147,24724.78,24723.99,0.00
2025-11-24,03:39:00,24730,24731.5,24726.25,24727.25,234,24724.78,24723.99,0.00
2025-11-24,03:40:00,24727.75,24729.5,24725.25,24726.75,171,24724.78,24723.99,0.00
2025-11-24,03:41:00,24726.25,24727.75,24722.75,24727.75,324,24724.78,24724.00,0.00
2025-11-24,03:42:00,24727.75,24729.25,24725.5,24727.5,242,24724.78,24724.00,0.00
2025-11-24,03:43:00,24727.75,24733.5,24725.75,24731.75,501,24724.79,24724.01,0.00
2025-11-24,03:44:00,24732.25,24756.5,24731.5,24751.75,1928,24724.95,24724.22,0.00
2025-11-24,03:45:00,24751.75,24768,24748.25,24761.75,1581,24725.14,24724.47,0.00
2025-11-24,03:46:00,24761.5,24770.5,24759,24769.75,1134,24725.31,24724.69,0.00
2025-11-24,03:47:00,24769.25,24770.75,24764.5,24767.5,878,24725.44,24724.86,0.00
2025-11-24,03:48:00,24767.25,24773,24761.25,24771,831,24725.57,24725.02,0.00
2025-11-24,03:49:00,24771,24772.25,24764.25,24772.25,457,24725.64,24725.12,0.00
2025-11-24,03:50:00,24771.75,24778.75,24769,24774.75,1118,24725.84,24725.36,0.00
2025-11-24,03:51:00,24775.25,24778,24770.25,24774,411,24725.91,24725.45,0.00
2025-11-24,03:52:00,24773.75,24775.5,24769.5,24774,237,24725.95,24725.50,0.00
2025-11-24,03:53:00,24774,24775.5,24763.75,24766.25,452,24726.02,24725.59,0.00
2025-11-24,03:54:00,24766.75,24773,24765.5,24772.25,230,24726.05,24725.64,0.00
2025-11-24,03:55:00,24772.75,24772.75,24762,24762.75,252,24726.09,24725.68,0.00
2025-11-24,03:56:00,24763.5,24764.75,24758.5,24761,452,24726.14,24725.75,0.00
2025-11-24,03:57:00,24761.25,24764.5,24757.5,24761.5,266,24726.18,24725.80,0.00
2025-11-24,03:58:00,24761,24766.75,24761,24765.25,375,24726.23,24725.86,0.00
2025-11-24,03:59:00,24764.75,24769.25,24764.5,24768.5,352,24726.28,24725.93,0.00
2025-11-24,04:00:00,24768.5,24769.5,24763.25,24766.5,302,24726.32,24725.98,0.00
2025-11-24,04:01:00,24766.25,24767,24733.25,24736,2547,24726.49,24726.20,0.00
2025-11-24,04:02:00,24735,24741.5,24727.75,24740.75,1399,24726.54,24726.26,0.00
2025-11-24,04:03:00,24740.5,24741.5,24725.5,24732.5,878,24726.56,24726.29,0.00
2025-11-24,04:04:00,24732.5,24742.75,24727.5,24729,839,24726.58,24726.31,0.00
2025-11-24,04:05:00,24728.75,24728.75,24716.25,24722.25,1148,24726.56,24726.29,0.00
2025-11-24,04:06:00,24721.5,24731.25,24717.5,24723.5,1256,24726.55,24726.28,0.00
2025-11-24,04:07:00,24723.25,24725,24709.25,24714.25,1221,24726.51,24726.23,0.00
2025-11-24,04:08:00,24712.75,24723.25,24709.25,24712,887,24726.47,24726.19,0.00
2025-11-24,04:09:00,24711.75,24723.25,24709.5,24720.25,678,24726.45,24726.16,0.00
2025-11-24,04:10:00,24720.75,24726.75,24718.75,24722.5,869,24726.44,24726.15,0.00
2025-11-24,04:11:00,24722.75,24724.75,24714.25,24723.75,697,24726.43,24726.13,0.00
2025-11-24,04:12:00,24723.75,24738.75,24721.75,24731.5,1081,24726.44,24726.15,0.00
2025-11-24,04:13:00,24732.5,24748,24732.25,24747.25,937,24726.49,24726.22,0.00
2025-11-24,04:14:00,24747.5,24756.25,24746.25,24752.5,905,24726.57,24726.31,0.00
2025-11-24,04:15:00,24751.75,24760,24747.5,24757.5,813,24726.65,24726.41,0.00
2025-11-24,04:16:00,24758.25,24770.25,24757.5,24767,1007,24726.78,24726.57,0.00
2025-11-24,04:17:00,24766.5,24775,24766,24770.5,1082,24726.93,24726.76,0.00
2025-11-24,04:18:00,24771.25,24785,24771.25,24782.75,1170,24727.13,24727.02,0.00
2025-11-24,04:19:00,24782.5,24794.75,24777.25,24789,1527,24787.00,24727.39,0.00
2025-11-24,04:20:00,24789,24792,24784,24789.75,697,24787.50,24727.56,0.00
2025-11-24,04:21:00,24789.25,24791,24781.25,24790.25,920,24787.50,24727.78,0.00
2025-11-24,04:22:00,24790.25,24793.25,24782.75,24783.75,728,24787.33,24727.96,0.00
2025-11-24,04:23:00,24783.5,24787.5,24781.5,24782.5,517,24786.91,24728.07,0.00
2025-11-24,04:24:00,24783,24787.75,24774.5,24787.5,908,24786.29,24728.27,0.00
2025-11-24,04:25:00,24787.75,24794.5,24785.75,24791.75,631,24786.75,24728.43,0.00
2025-11-24,04:26:00,24791.75,24797,24790,24790.75,764,24792.58,24728.63,0.00
2025-11-24,04:27:00,24792.75,24804.25,24788,24803,1002,24798.42,24728.90,0.00
2025-11-24,04:28:00,24803,24808.75,24799,24806.75,1111,24804.83,24729.24,0.00
2025-11-24,04:29:00,24806,24808.25,24799,24802.5,606,24804.27,24729.41,0.00
2025-11-24,04:30:00,24802.5,24802.75,24795.25,24798.25,655,24802.75,24729.59,0.00
2025-11-24,04:31:00,24797.25,24801.25,24791.25,24797.25,798,24801.20,24729.80,0.00
2025-11-24,04:32:00,24797,24804.25,24789.75,24802.25,854,24800.68,24730.03,0.00
2025-11-24,04:33:00,24801.75,24806,24796.25,24800,486,24800.69,24730.16,0.00
2025-11-24,04:34:00,24799.25,24800,24787,24789,635,24799.61,24730.31,0.00
2025-11-24,04:35:00,24789.25,24795,24785.75,24787.75,818,24798.23,24730.50,0.00
2025-11-24,04:36:00,24787.25,24790.25,24776.75,24783,1069,24795.96,24730.72,0.00
2025-11-24,04:37:00,24782,24800,24782,24794.75,851,24795.56,24730.92,0.00
2025-11-24,04:38:00,24794.25,24803.75,24792.5,24799.75,722,24795.82,24731.11,0.00
2025-11-24,04:39:00,24800,24809.25,24799.5,24800.5,807,24803.08,24731.33,0.00
2025-11-24,04:40:00,24801.25,24802.75,24783.5,24787.75,820,24797.16,24731.52,0.00
2025-11-24,04:41:00,24788.75,24800.5,24788.75,24794.25,516,24796.52,24731.64,0.00
2025-11-24,04:42:00,24794,24806.75,24792.5,24794,556,24796.77,24731.78,0.00
2025-11-24,04:43:00,24794.75,24801,24794.75,24797.75,244,24796.86,24731.84,0.00
2025-11-24,04:44:00,24798.5,24802.5,24796.5,24798,277,24797.05,24731.91,0.00
2025-11-24,04:45:00,24799.25,24804.75,24794.75,24795.25,365,24797.17,24732.00,0.00
2025-11-24,04:46:00,24795.5,24798.5,24791,24797,618,24796.92,24732.15,0.00
2025-11-24,04:47:00,24797.25,24803,24796,24797.5,364,24797.08,24732.24,0.00
2025-11-24,04:48:00,24797.25,24803.5,24792.5,24802,483,24797.29,24732.36,0.00
2025-11-24,04:49:00,24802.5,24805.75,24799,24805.25,388,24797.72,24732.47,0.00
2025-11-24,04:50:00,24804.75,24807.25,24793.5,24801.75,454,24797.96,24732.58,0.00
2025-11-24,04:51:00,24802,24805.75,24798.75,24799.75,212,24798.08,24732.64,0.00
2025-11-24,04:52:00,24798.5,24803.25,24796.25,24800.75,482,24798.23,24732.76,0.00
2025-11-24,04:53:00,24800.5,24804,24797,24800.25,407,24798.36,24732.86,0.00
2025-11-24,04:54:00,24800.5,24805.75,24800.5,24805,343,24798.61,24732.95,0.00
2025-11-24,04:55:00,24805.5,24809.75,24801.25,24809,532,24806.67,24733.10,0.00
2025-11-24,04:56:00,24809.75,24815.25,24807.5,24810.5,1042,24811.08,24733.40,0.00
2025-11-24,04:57:00,24809.5,24812.5,24806.5,24810.25,429,24810.69,24733.52,0.00
2025-11-24,04:58:00,24810.25,24814.5,24805.75,24813.5,243,24810.77,24733.59,0.00
2025-11-24,04:59:00,24813.5,24816.5,24809.75,24812,402,24812.75,24733.71,0.00
2025-11-24,05:00:00,24810,24811.5,24803,24805.5,340,24809.96,24733.80,0.00
2025-11-24,05:01:00,24805,24808.25,24800.5,24803,712,24807.00,24733.98,0.00
2025-11-24,05:02:00,24803.25,24811.75,24802.5,24810,532,24807.29,24734.13,0.00
2025-11-24,05:03:00,24811,24814.25,24806.75,24810.75,441,24807.89,24734.25,0.00
2025-11-24,05:04:00,24811.5,24816.5,24805.75,24807.5,459,24808.21,24734.38,0.00
2025-11-24,05:05:00,24807.5,24808.25,24801.5,24806.5,518,24807.79,24734.51,0.00
2025-11-24,05:06:00,24806.75,24813.25,24804.5,24811.5,276,24807.93,24734.59,0.00
2025-11-24,05:07:00,24811.5,24815.75,24805.75,24813.25,368,24808.27,24734.69,0.00
2025-11-24,05:08:00,24813,24815,24799.25,24803.75,576,24807.98,24734.84,0.00
2025-11-24,05:09:00,24803.25,24804.75,24792.5,24793.25,668,24806.58,24734.99,0.00
2025-11-24,05:10:00,24793.5,24793.5,24781,24785.75,980,24803.48,24735.17,0.00
2025-11-24,05:11:00,24785.75,24795,24780.75,24786.5,639,24801.99,24735.29,0.00
2025-11-24,05:12:00,24786.25,24793.75,24784,24792,385,24801.36,24735.37,0.00
2025-11-24,05:13:00,24791.5,24791.75,24780.25,24782.75,442,24800.42,24735.45,0.00
2025-11-24,05:14:00,24783.25,24783.75,24768.75,24771.5,1054,24797.33,24735.60,0.00
2025-11-24,05:15:00,24770.75,24774.5,24763.5,24769.5,670,24795.34,24735.68,0.00
2025-11-24,05:16:00,24770.5,24786.75,24769.75,24770.5,1235,24793.06,24735.85,0.00
2025-11-24,05:17:00,24771,24773.5,24753.25,24755,1358,24789.41,24735.97,0.00
2025-11-24,05:18:00,24755,24766.5,24752,24761,700,24787.78,24736.03,0.00
2025-11-24,05:19:00,24760.5,24760.5,24743.5,24745.5,819,24785.49,24736.07,0.00
2025-11-24,05:20:00,24745,24747.5,24737,24738.75,955,24782.57,24736.09,0.00
2025-11-24,05:21:00,24739,24742.75,24727.5,24733.75,1232,24778.83,24736.08,0.00
2025-11-24,05:22:00,24734.25,24736.25,24724,24734.5,967,24776.10,24736.07,0.00
2025-11-24,05:23:00,24734,24735.5,24704.75,24708,1435,24771.36,24735.97,0.00
2025-11-24,05:24:00,24707.25,24707.5,24697.75,24704.75,1654,24765.68,24735.78,0.00
2025-11-24,05:25:00,24703.25,24704.25,24687.75,24690.25,1612,24760.29,24735.55,0.00
2025-11-24,05:26:00,24690.75,24691.75,24645.5,24653.25,4033,24744.96,24663.50,0.00
2025-11-24,05:27:00,24653.5,24653.5,24627.75,24637.5,3218,24733.14,24639.58,0.00
2025-11-24,05:28:00,24636.75,24643,24620.25,24641,2202,24726.12,24634.75,0.00
2025-11-24,05:29:00,24640,24651.5,24631,24634,2272,24720.14,24636.82,0.00
2025-11-24,05:30:00,24633.75,24634,24621,24624.75,1902,24715.06,24633.77,0.00
2025-11-24,05:31:00,24624,24647.25,24619,24642.5,2341,24710.13,24636.25,0.00
2025-11-24,05:32:00,24641.75,24654.5,24636,24651,1518,24707.67,24640.54,0.00
2025-11-24,05:33:00,24650.75,24666,24645,24664.75,2002,24705.27,24646.71,0.00
2025-11-24,05:34:00,24665.75,24675.5,24659.25,24672.25,1422,24704.05,24651.06,0.00
2025-11-24,05:35:00,24672.25,24683.5,24652.25,24653.25,1565,24702.59,24653.17,0.00
2025-11-24,05:36:00,24653.25,24673.75,24652.5,24672,1298,24701.54,24654.82,0.00
2025-11-24,05:37:00,24672.25,24701.5,24672.25,24697,1597,24701.16,24659.64,0.00
2025-11-24,05:38:00,24697,24700.75,24673.75,24674.75,1414,24700.63,24662.16,0.00
2025-11-24,05:39:00,24675.5,24683,24666.5,24678.75,1057,24700.10,24663.20,0.00
2025-11-24,05:40:00,24679.25,24681,24661,24662.75,991,24699.47,24663.53,0.00
2025-11-24,05:41:00,24661.5,24662.75,24650.5,24652.5,987,24698.62,24663.02,0.00
2025-11-24,05:42:00,24651.5,24654,24638.25,24646.25,1223,24697.40,24661.84,0.00
2025-11-24,05:43:00,24645.25,24660.75,24642.75,24648.5,1074,24696.46,24661.19,0.00
2025-11-24,05:44:00,24648,24653.5,24641,24653,696,24695.85,24660.75,0.00
2025-11-24,05:45:00,24653.25,24667.75,24652.5,24666.5,1222,24695.11,24660.84,0.00
2025-11-24,05:46:00,24666,24691,24665.25,24688,1539,24694.74,24662.28,0.00
2025-11-24,05:47:00,24688.5,24696,24682.25,24683.75,1301,24694.58,24663.69,0.00
2025-11-24,05:48:00,24684.25,24684.75,24676.25,24678.5,880,24694.36,24664.28,0.00
2025-11-24,05:49:00,24678,24686,24678,24680,634,24694.22,24664.71,0.00
2025-11-24,05:50:00,24678.75,24693,24678.25,24688.25,784,24694.12,24665.38,0.00
2025-11-24,05:51:00,24688.5,24689,24667.25,24671.25,1212,24693.76,24665.85,0.00
2025-11-24,05:52:00,24670.5,24676.75,24662.75,24676.5,770,24693.50,24666.03,0.00
2025-11-24,05:53:00,24676.25,24691,24673.75,24688.25,1144,24693.33,24666.76,0.00
2025-11-24,05:54:00,24689.5,24695.5,24686.5,24688,1051,24693.28,24667.58,0.00
2025-11-24,05:55:00,24687.5,24688,24677.5,24679.5,761,24693.14,24667.93,0.00
2025-11-24,05:56:00,24679.75,24691.75,24676,24687.25,771,24693.05,24668.35,0.00
2025-11-24,05:57:00,24687.25,24694.5,24684,24684.5,705,24692.99,24668.78,0.00
2025-11-24,05:58:00,24684.5,24688.5,24680,24680.5,553,24692.91,24669.02,0.00
2025-11-24,05:59:00,24681,24684.5,24676.75,24683,558,24692.81,24669.23,0.00
2025-11-24,06:00:00,24683.25,24687.5,24674.5,24675.5,573,24692.70,24669.40,0.00
2025-11-24,06:01:00,24675.75,24677.75,24663.25,24670.25,1392,24692.26,24669.44,0.00
2025-11-24,06:02:00,24670.5,24684.5,24665.25,24683.25,710,24692.11,24669.60,0.00
2025-11-24,06:03:00,24683.5,24688.25,24676.5,24685,620,24692.04,24669.83,0.00
2025-11-24,06:04:00,24686.5,24691.75,24683.75,24686.5,622,24691.99,24670.13,0.00
2025-11-24,06:05:00,24686.75,24691,24679.5,24686.75,544,24691.95,24670.36,0.00
2025-11-24,06:06:00,24687.25,24688.5,24678.25,24684.25,493,24691.89,24670.53,0.00
2025-11-24,06:07:00,24684,24684,24675.5,24676.5,501,24691.80,24670.63,0.00
2025-11-24,06:08:00,24676.5,24682.5,24673.5,24676.5,523,24691.70,24670.73,0.00
2025-11-24,06:09:00,24676.25,24680.25,24672.75,24674.75,460,24691.60,24670.79,0.00
2025-11-24,06:10:00,24674.5,24679.25,24672.5,24678.25,396,24691.52,24670.84,0.00
2025-11-24,06:11:00,24677,24678,24667,24673.25,906,24691.30,24670.89,0.00
2025-11-24,06:12:00,24672.75,24674.75,24665.75,24666.25,617,24691.12,24670.86,0.00
2025-11-24,06:13:00,24667.25,24671,24658,24670.25,991,24690.80,24670.75,0.00
2025-11-24,06:14:00,24670,24670.5,24648.5,24650.75,921,24690.40,24670.45,0.00
2025-11-24,06:15:00,24650.75,24658.5,24641,24656,1456,24689.70,24669.85,0.00
2025-11-24,06:16:00,24656,24659.25,24643.5,24653.25,689,24689.38,24669.58,0.00
2025-11-24,06:17:00,24653.5,24663.5,24649,24656.75,777,24689.06,24669.36,0.00
2025-11-24,06:18:00,24656.75,24671.25,24656.25,24664.75,1003,24688.76,24669.24,0.00
2025-11-24,06:19:00,24665.25,24666.25,24655,24657.75,753,24688.49,24669.09,0.00
2025-11-24,06:20:00,24658.25,24672.25,24653,24667.25,856,24688.24,24669.01,0.00
2025-11-24,06:21:00,24667,24677.5,24662,24675,784,24688.09,24669.05,0.00
2025-11-24,06:22:00,24676,24683.75,24676,24680.5,928,24688.00,24669.25,0.00
2025-11-24,06:23:00,24681,24681.75,24657.75,24659.75,837,24687.79,24669.20,0.00
2025-11-24,06:24:00,24659.25,24662.25,24653.5,24654.25,542,24687.60,24669.07,0.00
2025-11-24,06:25:00,24654,24656.25,24643.25,24643.25,880,24687.20,24668.71,0.00
2025-11-24,06:26:00,24643.25,24654.75,24636,24650.75,1205,24686.66,24668.23,0.00
2025-11-24,06:27:00,24651.25,24657.5,24646.5,24657,657,24686.42,24668.06,0.00
2025-11-24,06:28:00,24656.5,24661.25,24649,24651.5,691,24686.17,24667.88,0.00
2025-11-24,06:29:00,24651.25,24655.75,24645.75,24649,844,24685.84,24667.62,0.00
2025-11-24,06:30:00,24648,24653.25,24640.25,24649.25,790,24685.51,24667.34,0.00
2025-11-24,06:31:00,24649.25,24652.5,24645,24645.25,552,24685.28,24667.15,0.00
2025-11-24,06:32:00,24645.75,24647.5,24633.5,24640.75,1147,24684.74,24666.63,0.00
2025-11-24,06:33:00,24641.5,24654,24637.5,24653,783,24684.43,24666.39,0.00
2025-11-24,06:34:00,24654,24655.5,24632.25,24634.25,1043,24683.95,24665.95,0.00
2025-11-24,06:35:00,24633.75,24637,24623.25,24624.25,1462,24683.11,24665.05,0.00
2025-11-24,06:36:00,24624.5,24649.25,24614.5,24640.25,2005,24682.13,24634.67,0.00
2025-11-24,06:37:00,24640,24660.25,24639.5,24657.75,1050,24681.82,24640.80,0.00
2025-11-24,06:38:00,24658.5,24662,24650,24659.25,938,24681.59,24644.62,0.00
2025-11-24,06:39:00,24660,24673.25,24659,24665.5,1002,24681.44,24648.89,0.00
2025-11-24,06:40:00,24667.25,24674.5,24664.75,24665.25,654,24681.36,24651.13,0.00
2025-11-24,06:41:00,24664.75,24671.25,24659.5,24667.5,607,24681.27,24652.58,0.00
2025-11-24,06:42:00,24667,24670,24662.25,24664.5,442,24681.20,24653.43,0.00
2025-11-24,06:43:00,24663.75,24675.25,24661.5,24671.25,606,24681.13,24654.75,0.00
2025-11-24,06:44:00,24672,24673,24657.25,24657.5,532,24681.04,24655.29,0.00
2025-11-24,06:45:00,24658.25,24672,24658.25,24667,441,24680.97,24655.84,0.00
2025-11-24,06:46:00,24666.75,24674,24659.25,24668.75,478,24680.91,24656.47,0.00
2025-11-24,06:47:00,24669.75,24679,24665,24673,663,24680.86,24657.59,0.00
2025-11-24,06:48:00,24673,24675.75,24664.75,24664.75,366,24680.81,24657.99,0.00
2025-11-24,06:49:00,24665.5,24669.5,24662.5,24668,482,24680.75,24658.40,0.00
2025-11-24,06:50:00,24667.75,24672.5,24664.25,24670,332,24680.71,24658.73,0.00
2025-11-24,06:51:00,24670.75,24672.25,24664.75,24671.5,296,24680.68,24659.02,0.00
2025-11-24,06:52:00,24672.5,24679,24665.75,24671.75,573,24680.64,24659.68,0.00
2025-11-24,06:53:00,24670.75,24674,24665.75,24668.5,277,24680.61,24659.91,0.00
2025-11-24,06:54:00,24667.75,24668.75,24655,24655,638,24680.49,24659.89,0.00
2025-11-24,06:55:00,24655.75,24656,24646.25,24655,974,24680.24,24659.35,0.00
2025-11-24,06:56:00,24655.75,24672.25,24647.5,24670.25,780,24680.12,24659.57,0.00
2025-11-24,06:57:00,24670.75,24676.25,24662.75,24665.5,642,24680.05,24659.94,0.00
2025-11-24,06:58:00,24665,24676.25,24664.25,24673.25,424,24680.02,24660.26,0.00
2025-11-24,06:59:00,24673.25,24681.5,24669.75,24673.25,812,24679.98,24660.99,0.00
2025-11-24,07:00:00,24674,24674.75,24651.75,24655.25,1064,24679.80,24660.97,0.00
2025-11-24,07:01:00,24654.75,24665.5,24651.25,24655.5,797,24679.65,24660.81,0.00
2025-11-24,07:02:00,24656,24660.75,24649,24657.5,715,24679.50,24660.62,0.00
2025-11-24,07:03:00,24657.5,24659.75,24651.25,24658.5,378,24679.42,24660.53,0.00
2025-11-24,07:04:00,24658.5,24666.5,24654.25,24659,643,24679.32,24660.51,0.00
2025-11-24,07:05:00,24659.75,24662.75,24649.25,24654.5,691,24679.18,24660.34,0.00
2025-11-24,07:06:00,24653.75,24657.75,24639,24645.75,1034,24678.90,24659.72,0.00
2025-11-24,07:07:00,24645,24655,24641.75,24652.5,873,24678.69,24659.33,0.00
2025-11-24,07:08:00,24653,24657.75,24646.5,24649.75,594,24678.55,24659.12,0.00
2025-11-24,07:09:00,24650,24650.25,24631.25,24634.25,1001,24678.22,24658.26,0.00
2025-11-24,07:10:00,24634,24644.75,24631.25,24639.75,541,24678.04,24657.82,0.00
2025-11-24,07:11:00,24640.5,24654.25,24639.75,24654.25,686,24677.88,24657.59,0.00
2025-11-24,07:12:00,24654.5,24656.75,24642.75,24644.25,493,24677.76,24657.40,0.00
2025-11-24,07:13:00,24644.5,24644.5,24633.5,24641.25,588,24677.58,24657.00,0.00
2025-11-24,07:14:00,24641.75,24652.75,24640.75,24650.25,396,24677.49,24656.87,0.00
2025-11-24,07:15:00,24650,24652.25,24640.5,24645,382,24677.39,24656.71,0.00
2025-11-24,07:16:00,24644.5,24645,24637.5,24640.75,399,24677.27,24656.49,0.00
2025-11-24,07:17:00,24640.25,24655.75,24636.75,24653.25,417,24677.18,24656.37,0.00
2025-11-24,07:18:00,24653.25,24660.25,24649.5,24658,499,24677.09,24656.36,0.00
2025-11-24,07:19:00,24658,24664.25,24657.75,24661.25,673,24677.01,24656.47,0.00
2025-11-24,07:20:00,24661.25,24668.5,24657.5,24666.5,479,24676.96,24656.59,0.00
2025-11-24,07:21:00,24666.25,24675.5,24664.75,24672.75,703,24676.92,24656.93,0.00
2025-11-24,07:22:00,24672.25,24681.25,24667.75,24670.5,1211,24676.89,24657.56,0.00
2025-11-24,07:23:00,24671.25,24672.75,24659,24665.5,729,24676.83,24657.75,0.00
2025-11-24,07:24:00,24665.25,24671.25,24662.75,24669.5,467,24676.79,24657.89,0.00
2025-11-24,07:25:00,24669.5,24678,24667.25,24667.5,605,24676.77,24658.13,0.00
2025-11-24,07:26:00,24668,24668.5,24655.25,24657.5,680,24676.68,24658.18,0.00
2025-11-24,07:27:00,24658.5,24661,24650,24660,680,24676.58,24658.15,0.00
2025-11-24,07:28:00,24660.5,24663.75,24653.5,24658,501,24676.51,24658.16,0.00
2025-11-24,07:29:00,24659,24659.5,24652.75,24656.5,370,24676.45,24658.14,0.00
2025-11-24,07:30:00,24656.25,24665.75,24654.75,24663.5,351,24676.41,24658.17,0.00
2025-11-24,07:31:00,24664.75,24676.25,24664.5,24676.25,769,24676.39,24658.47,0.00
2025-11-24,07:32:00,24676,24676,24658,24666,659,24676.34,24658.61,0.00
2025-11-24,07:33:00,24666.5,24672.75,24661,24669.5,420,24676.32,24658.71,0.00
2025-11-24,07:34:00,24668.75,24670.25,24651.5,24652.75,835,24676.20,24658.70,0.00
2025-11-24,07:35:00,24653,24657.25,24649.5,24653.25,345,24676.15,24658.65,0.00
2025-11-24,07:36:00,24653.25,24655.75,24649.5,24655,413,24676.08,24658.60,0.00
2025-11-24,07:37:00,24654.75,24664.75,24653,24661.25,534,24676.01,24658.61,0.00
2025-11-24,07:38:00,24660.5,24666.75,24657.75,24661.5,438,24675.97,24658.65,0.00
2025-11-24,07:39:00,24662.25,24663,24651.25,24654.75,410,24675.91,24658.63,0.00
2025-11-24,07:40:00,24654,24657.25,24650.5,24652.25,329,24675.85,24658.58,0.00
2025-11-24,07:41:00,24652.5,24661,24647,24656.75,542,24675.77,24658.54,0.00
2025-11-24,07:42:00,24656.75,24666,24652.75,24652.75,445,24675.71,24658.52,0.00
2025-11-24,07:43:00,24653.25,24657.25,24648.5,24655.25,370,24675.65,24658.48,0.00
2025-11-24,07:44:00,24655.25,24663.25,24654.75,24662.75,299,24675.62,24658.49,0.00
2025-11-24,07:45:00,24662.25,24687.5,24661,24680.25,1570,24675.63,24659.13,0.00
2025-11-24,07:46:00,24679.75,24684.75,24676.25,24677.5,628,24675.65,24659.41,0.00
2025-11-24,07:47:00,24678.25,24679.75,24669.5,24673.25,694,24675.64,24659.64,0.00
2025-11-24,07:48:00,24673,24678.25,24670.25,24674.75,520,24675.63,24659.81,0.00
2025-11-24,07:49:00,24675,24684.5,24675,24680.75,769,24675.66,24660.14,0.00
2025-11-24,07:50:00,24680.75,24688.5,24679.5,24687.25,577,24675.70,24660.44,0.00
2025-11-24,07:51:00,24687.5,24696.25,24684.25,24695,1046,24675.81,24661.12,0.00
2025-11-24,07:52:00,24695.25,24703.75,24693,24702.75,1024,24675.98,24661.93,0.00
2025-11-24,07:53:00,24703.25,24715.25,24702,24710.75,1495,24676.32,24663.32,0.00
2025-11-24,07:54:00,24710.5,24715.5,24705,24707.25,874,24676.51,24664.10,0.00
2025-11-24,07:55:00,24707.75,24710.25,24700.5,24701.25,596,24676.62,24664.56,0.00
2025-11-24,07:56:00,24701.5,24707.25,24697.75,24700.5,582,24676.72,24664.97,0.00
2025-11-24,07:57:00,24700,24708.25,24700,24706.25,376,24676.79,24665.25,0.00
2025-11-24,07:58:00,24705.75,24716.75,24702,24711.75,679,24676.94,24665.81,0.00
2025-11-24,07:59:00,24712.5,24713.75,24700.75,24701.5,542,24677.04,24666.21,0.00
2025-11-24,08:00:00,24701.25,24711.5,24701,24708.5,535,24677.15,24666.60,0.00
2025-11-24,08:01:00,24708.5,24708.5,24687.25,24694.25,1739,24677.37,24667.53,0.00
2025-11-24,08:02:00,24694.25,24698.75,24690,24697.25,567,24677.43,24667.80,0.00
2025-11-24,08:03:00,24697.5,24706.5,24692.5,24694.75,826,24677.54,24668.23,0.00
2025-11-24,08:04:00,24695.5,24703.5,24690.25,24698,592,24677.62,24668.52,0.00
2025-11-24,08:05:00,24697.25,24700,24685.25,24693.75,881,24677.70,24668.88,0.00
2025-11-24,08:06:00,24694,24704.25,24692,24699,695,24677.79,24669.23,0.00
2025-11-24,08:07:00,24698.5,24701.5,24692.75,24697.75,364,24677.84,24669.39,0.00
2025-11-24,08:08:00,24697,24703.25,24693.75,24702,260,24677.88,24669.52,0.00
2025-11-24,08:09:00,24702.75,24713.5,24702,24708,905,24678.05,24670.08,0.00
2025-11-24,08:10:00,24707.75,24707.75,24690.5,24703.25,1167,24678.21,24670.65,0.00
2025-11-24,08:11:00,24703.5,24707,24687,24698.5,1157,24678.35,24671.13,0.00
2025-11-24,08:12:00,24697.75,24702.5,24682.5,24686.75,994,24678.42,24671.43,0.00
2025-11-24,08:13:00,24687.5,24692.5,24676,24684,858,24678.45,24671.60,0.00
2025-11-24,08:14:00,24684.75,24689.75,24679.75,24686.5,577,24678.48,24671.71,0.00
2025-11-24,08:15:00,24686.75,24691.75,24683.25,24684.5,378,24678.50,24671.80,0.00
2025-11-24,08:16:00,24685.5,24688.25,24682.75,24687.25,381,24678.51,24671.88,0.00
2025-11-24,08:17:00,24688,24693.75,24686.25,24690.75,546,24678.55,24672.03,0.00
2025-11-24,08:18:00,24690.5,24701.5,24689.5,24698.25,580,24678.62,24672.23,0.00
2025-11-24,08:19:00,24698.25,24699.5,24685.25,24686.75,556,24678.66,24672.38,0.00
2025-11-24,08:20:00,24686.75,24687,24676,24678,793,24678.66,24672.47,0.00
2025-11-24,08:21:00,24678.25,24694.25,24676.5,24690.25,667,24678.70,24672.61,0.00
2025-11-24,08:22:00,24690.5,24701,24690.5,24695.25,520,24678.75,24672.78,0.00
2025-11-24,08:23:00,24694.75,24704.25,24686.25,24702.75,627,24678.82,24673.00,0.00
2025-11-24,08:24:00,24703.5,24706,24695.25,24696.25,453,24678.87,24673.16,0.00
2025-11-24,08:25:00,24697,24699.75,24692.75,24696.75,369,24678.91,24673.28,0.00
2025-11-24,08:26:00,24696.5,24714.25,24696.5,24712.5,737,24679.04,24673.63,0.00
2025-11-24,08:27:00,24712.25,24714.25,24707,24711.5,636,24679.16,24673.95,0.00
2025-11-24,08:28:00,24711.5,24725,24711.5,24725,1201,24679.44,24674.69,0.00
2025-11-24,08:29:00,24724.25,24730.25,24723.75,24728.25,1233,24679.79,24675.55,0.00
2025-11-24,08:30:00,24729,24742,24727,24734.75,2188,24680.47,24677.19,0.00
2025-11-24,08:31:00,24734.75,24742.5,24732.5,24742,1305,24680.90,24678.20,0.00
2025-11-24,08:32:00,24741.75,24749.75,24738.75,24746,1039,24681.27,24679.06,0.00
2025-11-24,08:33:00,24746.5,24752.25,24740.5,24747,1314,24681.75,24680.14,0.00
2025-11-24,08:34:00,24747.25,24750.25,24734,24744.5,1171,24682.15,24681.03,0.00
2025-11-24,08:35:00,24744.5,24750.75,24738.25,24740.5,798,24682.42,24681.62,0.00
2025-11-24,08:36:00,24740.5,24740.5,24731,24732.25,928,24682.69,24682.19,0.00
2025-11-24,08:37:00,24732.75,24735,24720.5,24722.5,1198,24682.97,24682.80,0.00
2025-11-24,08:38:00,24722.5,24732,24722.5,24729.25,606,24683.12,24683.12,0.00
2025-11-24,08:39:00,24729,24732,24725,24730,439,24683.23,24683.35,0.00
2025-11-24,08:40:00,24730,24733.25,24728.5,24730.75,380,24683.32,24683.56,0.00
2025-11-24,08:41:00,24731,24736.5,24728.25,24730,641,24683.49,24683.90,0.00
2025-11-24,08:42:00,24730.5,24732.75,24725.25,24729,483,24683.61,24684.15,0.00
2025-11-24,08:43:00,24728.5,24731.25,24717.25,24719.75,986,24683.82,24684.57,0.00
2025-11-24,08:44:00,24720,24737.25,24719,24729.25,892,24684.03,24685.01,0.00
2025-11-24,08:45:00,24728.75,24729,24719.75,24724.75,903,24684.22,24685.40,0.00
2025-11-24,08:46:00,24724.75,24736.25,24723.25,24735,572,24684.36,24685.68,0.00
2025-11-24,08:47:00,24734,24736.5,24725.5,24732.25,523,24684.49,24685.94,0.00
2025-11-24,08:48:00,24732,24736.75,24728,24729,457,24684.61,24686.16,0.00
2025-11-24,08:49:00,24730,24742.75,24729.5,24742.75,793,24684.83,24686.60,0.00
2025-11-24,08:50:00,24742.75,24747.25,24741,24745,669,24685.04,24687.01,0.00
2025-11-24,08:51:00,24744.5,24748.25,24738.75,24745.5,623,24685.23,24687.39,0.00
2025-11-24,08:52:00,24746,24746.5,24736.25,24738.5,681,24685.42,24687.76,0.00
2025-11-24,08:53:00,24738.5,24743.25,24732.75,24741,508,24685.57,24688.03,0.00
2025-11-24,08:54:00,24740.5,24740.75,24729,24740.75,844,24685.79,24688.46,0.00
2025-11-24,08:55:00,24741,24759.25,24739.75,24757.75,1549,24686.31,24689.46,0.00
2025-11-24,08:56:00,24757.5,24765.25,24748.25,24764,1585,24686.90,24690.56,0.00
2025-11-24,08:57:00,24764.5,24769.75,24755.5,24756,1342,24687.40,24691.48,0.00
2025-11-24,08:58:00,24756.75,24763.25,24755.75,24757.5,523,24687.58,24691.83,0.00
2025-11-24,08:59:00,24757.5,24765,24755.75,24764.75,488,24687.76,24692.16,0.00
2025-11-24,09:00:00,24765.25,24766.25,24757.75,24758.75,536,24687.96,24692.52,0.00
2025-11-24,09:01:00,24758.5,24763.75,24752.25,24762.75,915,24688.29,24693.11,0.00
2025-11-24,09:02:00,24763.75,24767,24757,24760.75,596,24688.50,24693.50,0.00
2025-11-24,09:03:00,24760.5,24764.75,24756.75,24764.25,428,24688.66,24693.78,0.00
2025-11-24,09:04:00,24764,24764,24757.25,24760.75,297,24688.76,24693.96,0.00
2025-11-24,09:05:00,24761.25,24774,24761.25,24767.5,1068,24689.18,24694.70,0.00
2025-11-24,09:06:00,24768.25,24778,24767.5,24771.75,794,24689.50,24695.28,0.00
2025-11-24,09:07:00,24771.75,24781.5,24771.75,24781.5,606,24689.76,24695.74,0.00
2025-11-24,09:08:00,24781.75,24791.25,24778.25,24790.5,1334,24690.39,24696.85,0.00
2025-11-24,09:09:00,24790,24792.25,24784,24790.75,1047,24690.89,24697.73,0.00
2025-11-24,09:10:00,24791.25,24797.5,24790.75,24794.75,1033,24691.40,24698.63,0.00
2025-11-24,09:11:00,24794.75,24802.75,24793.5,24797.25,1037,24691.93,24699.54,0.00
2025-11-24,09:12:00,24797.25,24800,24790.25,24797.25,1074,24692.46,24700.45,0.00
2025-11-24,09:13:00,24796.75,24799.75,24790.5,24794.5,755,24692.82,24701.08,0.00
2025-11-24,09:14:00,24794.75,24800.25,24793,24797.5,656,24693.15,24701.63,0.00
2025-11-24,09:15:00,24797.5,24801.25,24789.25,24800.25,780,24693.53,24702.27,0.00
2025-11-24,09:16:00,24800,24803,24796.5,24797.5,830,24693.94,24702.96,0.00
2025-11-24,09:17:00,24797.75,24801.5,24793.5,24793.5,463,24694.16,24703.33,0.00
2025-11-24,09:18:00,24794.25,24796.75,24784.5,24790,1307,24694.74,24704.29,0.00
2025-11-24,09:19:00,24789,24799.5,24789,24793.5,821,24695.12,24704.91,0.00
2025-11-24,09:20:00,24793.75,24798,24793.25,24797.25,477,24695.34,24705.27,0.00
2025-11-24,09:21:00,24797,24798.75,24790,24792.75,539,24695.59,24705.67,0.00
2025-11-24,09:22:00,24792.25,24794.5,24784.75,24787.5,965,24696.00,24706.33,0.00
2025-11-24,09:23:00,24788,24791.75,24782.75,24784.75,819,24696.34,24706.87,0.00
2025-11-24,09:24:00,24785.25,24793.25,24779.5,24791,1295,24696.88,24707.72,0.00
2025-11-24,09:25:00,24791.75,24799,24786.25,24795.5,947,24697.29,24708.38,0.00
2025-11-24,09:26:00,24795.5,24802,24794,24798,863,24697.68,24709.00,0.00
2025-11-24,09:27:00,24798.5,24812.5,24797.25,24808.25,1509,24698.41,24710.16,0.00
2025-11-24,09:28:00,24808.5,24809.75,24804.75,24808,560,24698.69,24710.59,0.00
2025-11-24,09:29:00,24808.5,24812.25,24803.75,24807,594,24698.97,24711.04,0.00
2025-11-24,09:30:00,24806.5,24807,24799.25,24805,632,24699.27,24711.49,0.00
2025-11-24,09:31:00,24806.25,24810.5,24802,24804,692,24699.59,24712.00,0.00
2025-11-24,09:32:00,24804.75,24811,24804.25,24809.25,518,24699.84,24712.38,0.00
2025-11-24,09:33:00,24809,24817.5,24803.5,24806,1470,24809.00,24713.47,0.00
2025-11-24,09:34:00,24805.5,24807.25,24796.25,24797.5,1002,24805.49,24714.13,0.00
2025-11-24,09:35:00,24798.25,24801.75,24793,24795.25,877,24803.18,24714.67,0.00
2025-11-24,09:36:00,24795.75,24800.5,24785.75,24795,1099,24800.85,24715.32,0.00
2025-11-24,09:37:00,24794.75,24801.25,24788,24795.75,767,24799.99,24715.78,0.00
2025-11-24,09:38:00,24795.75,24799,24791.25,24795.75,389,24799.66,24716.01,0.00
2025-11-24,09:39:00,24796,24800.5,24786.5,24790,717,24798.83,24716.41,0.00
2025-11-24,09:40:00,24789.75,24795,24784.25,24784.5,890,24797.49,24716.88,0.00
2025-11-24,09:41:00,24785.25,24792.25,24782.5,24792,780,24796.65,24717.28,0.00
2025-11-24,09:42:00,24791.5,24801,24790.75,24792,973,24796.43,24717.83,0.00
2025-11-24,09:43:00,24792.25,24795,24787.75,24793.75,534,24796.19,24718.11,0.00
2025-11-24,09:44:00,24793.75,24795,24787.75,24791.75,473,24795.96,24718.36,0.00
2025-11-24,09:45:00,24791.75,24792.25,24785.25,24790.5,642,24795.56,24718.69,0.00
2025-11-24,09:46:00,24790,24794.75,24788.5,24793.25,622,24795.37,24719.01,0.00
2025-11-24,09:47:00,24793.25,24794.5,24789.25,24790.75,447,24795.23,24719.24,0.00
2025-11-24,09:48:00,24791,24792,24777.75,24778.5,1425,24793.87,24719.88,0.00
2025-11-24,09:49:00,24778.5,24780.75,24769.25,24779.25,2366,24791.20,24720.80,0.00
2025-11-24,09:50:00,24778.75,24786.25,24777.75,24781.75,1021,24790.63,24721.23,0.00
2025-11-24,09:51:00,24782.5,24784.25,24767,24774,1389,24789.42,24721.74,0.00
2025-11-24,09:52:00,24774.75,24778,24768.25,24775,900,24788.67,24722.05,0.00
2025-11-24,09:53:00,24775.75,24782.25,24775,24779.5,628,24788.35,24722.29,0.00
2025-11-24,09:54:00,24778.75,24778.75,24767.5,24771,678,24787.81,24722.52,0.00
2025-11-24,09:55:00,24771.75,24773.5,24767.75,24770.25,689,24787.24,24722.74,0.00
2025-11-24,09:56:00,24770.75,24774.5,24769.25,24770.25,556,24786.83,24722.92,0.00
2025-11-24,09:57:00,24770,24771.25,24766.75,24767.25,726,24786.22,24723.14,0.00
2025-11-24,09:58:00,24768,24769.5,24754.25,24757,1932,24784.13,24723.60,0.00
2025-11-24,09:59:00,24757.25,24758.5,24748.75,24752.5,1405,24782.42,24723.87,0.00
2025-11-24,10:00:00,24752.5,24756,24744.25,24752.25,1504,24780.65,24724.13,0.00
2025-11-24,10:01:00,24751.75,24758.75,24748,24753.5,1700,24779.04,24724.45,0.00
2025-11-24,10:02:00,24754.5,24760.75,24750.75,24757.5,1138,24778.17,24724.67,0.00
2025-11-24,10:03:00,24758,24770.75,24757.25,24770.75,1649,24777.54,24725.10,0.00
2025-11-24,10:04:00,24770.5,24774,24766.25,24766.75,1166,24777.23,24725.42,0.00
2025-11-24,10:05:00,24767,24770.25,24763.75,24768,822,24776.99,24725.63,0.00
2025-11-24,10:06:00,24768.25,24776.5,24764.5,24776,1285,24776.82,24725.99,0.00
2025-11-24,10:07:00,24776,24786,24772.25,24774.25,2214,24776.86,24726.68,0.00
2025-11-24,10:08:00,24774.25,24778.5,24767.5,24775.25,1188,24776.76,24727.01,0.00
2025-11-24,10:09:00,24774.5,24787,24774.25,24786.5,1434,24776.97,24727.48,0.00
2025-11-24,10:10:00,24786.75,24796.25,24786,24795.75,2001,24777.73,24728.25,0.00
2025-11-24,10:11:00,24795.25,24807.5,24794.5,24804,1831,24778.76,24729.03,0.00
2025-11-24,10:12:00,24803.75,24815,24803.5,24812,1746,24779.97,24729.84,0.00
2025-11-24,10:13:00,24812,24815.5,24808.25,24809.5,1133,24780.74,24730.37,0.00
2025-11-24,10:14:00,24809.75,24827.25,24806.25,24824.5,2601,24819.33,24731.66,0.00
2025-11-24,10:15:00,24823.75,24827.75,24822.25,24823.25,1097,24824.42,24732.23,0.00
2025-11-24,10:16:00,24823.5,24823.5,24806.5,24811.25,2373,24817.12,24733.30,0.00
2025-11-24,10:17:00,24811.5,24820.5,24809.25,24820.25,995,24817.02,24733.75,0.00
2025-11-24,10:18:00,24820.25,24822,24813.25,24818.25,1038,24817.17,24734.22,0.00
2025-11-24,10:19:00,24818.25,24818.75,24798.5,24800.5,2101,24814.06,24735.03,0.00
2025-11-24,10:20:00,24801,24806.5,24796.25,24801,1419,24812.05,24735.54,0.00
2025-11-24,10:21:00,24801.25,24801.25,24790.75,24792.75,1713,24809.31,24736.07,0.00
2025-11-24,10:22:00,24792.75,24796.75,24788.5,24792,1190,24807.63,24736.43,0.00
2025-11-24,10:23:00,24792.5,24794.5,24787.25,24788.75,1096,24806.16,24736.74,0.00
2025-11-24,10:24:00,24789.5,24793.25,24784.25,24791.25,1112,24804.85,24737.04,0.00
2025-11-24,10:25:00,24792,24792.25,24782.75,24784.25,1053,24803.58,24737.31,0.00
2025-11-24,10:26:00,24784.5,24788.25,24773.75,24788.25,2350,24800.88,24737.86,0.00
2025-11-24,10:27:00,24787.25,24789,24780.75,24782,1164,24799.82,24738.14,0.00
2025-11-24,10:28:00,24781.75,24783.25,24774.5,24777.5,1464,24798.27,24738.43,0.00
2025-11-24,10:29:00,24777.5,24782.25,24775.75,24776.5,1548,24796.83,24738.74,0.00
2025-11-24,10:30:00,24776,24781.5,24771.75,24776,1878,24795.21,24739.09,0.00
2025-11-24,10:31:00,24775.5,24806.5,24766.75,24798,10706,24793.71,24741.68,0.00
2025-11-24,10:32:00,24798.25,24846.25,24796.25,24841.25,12778,24827.92,24746.57,0.00
2025-11-24,10:33:00,24840.5,24893,24838.5,24889.5,13678,24873.67,24753.84,0.00
2025-11-24,10:34:00,24890.5,24914.25,24883.25,24902.5,10902,24900.00,24760.22,0.00
2025-11-24,10:35:00,24903.25,24938,24901.75,24935.75,9878,24925.17,24766.49,0.00
2025-11-24,10:36:00,24936.25,24975.5,24936.25,24956.75,12909,24956.17,24775.47,0.00
2025-11-24,10:37:00,24957.5,24964.75,24936.75,24957,9436,24954.76,24781.40,0.00
2025-11-24,10:38:00,24956.75,24969.25,24928.25,24940.25,9047,24952.21,24786.51,0.00
2025-11-24,10:39:00,24939.75,24951.75,24916.75,24927,8356,24947.93,24790.57,0.00
2025-11-24,10:40:00,24927,24928.25,24899.25,24907.5,8922,24941.28,24794.07,0.00
2025-11-24,10:41:00,24908.25,24926.5,24876,24883.25,11651,24932.39,24797.75,0.00
2025-11-24,10:42:00,24883.25,24920.25,24870.75,24919,9732,24928.35,24800.87,0.00
2025-11-24,10:43:00,24919.5,24943.25,24915.5,24935.25,9523,24928.71,24804.53,0.00
2025-11-24,10:44:00,24934.75,24938.25,24883.5,24905.5,8634,24926.79,24807.12,0.00
2025-11-24,10:45:00,24905.5,24912.75,24862.5,24877.75,9027,24922.85,24809.07,0.00
2025-11-24,10:46:00,24877.25,24916.5,24864.75,24900,9357,24920.29,24811.24,0.00
2025-11-24,10:47:00,24898.25,24907.5,24873.25,24893.5,5924,24918.77,24812.51,0.00
2025-11-24,10:48:00,24893,24937,24880.75,24933.5,8748,24918.65,24814.91,0.00
2025-11-24,10:49:00,24934.25,24943.25,24918.75,24922,7590,24919.20,24817.12,0.00
2025-11-24,10:50:00,24922,24922.75,24866,24871,9386,24916.99,24818.76,0.00
2025-11-24,10:51:00,24871,24872.5,24832.5,24854,13547,24911.28,24819.89,0.00
2025-11-24,10:52:00,24853,24882,24837.25,24868.75,11078,24907.97,24821.01,0.00
2025-11-24,10:53:00,24868.75,24912.5,24868.75,24894.5,10207,24907.02,24822.68,0.00
2025-11-24,10:54:00,24894,24924.25,24886.25,24919.5,7656,24907.15,24824.20,0.00
2025-11-24,10:55:00,24919.5,24934.5,24885.75,24892.25,7819,24907.03,24825.59,0.00
2025-11-24,10:56:00,24893,24909.5,24878.75,24884.5,8325,24906.34,24826.78,0.00
2025-11-24,10:57:00,24885,24913,24882.5,24906,6593,24906.15,24827.83,0.00
2025-11-24,10:58:00,24905.25,24917.25,24892,24907.5,5443,24906.14,24828.73,0.00
2025-11-24,10:59:00,24907.5,24928.75,24896.25,24901,6828,24906.22,24829.88,0.00
2025-11-24,11:00:00,24900.75,24937.75,24893.75,24936.5,6278,24906.68,24831.09,0.00
2025-11-24,11:01:00,24937,24967.25,24931.5,24955.75,12313,24909.04,24834.09,0.00
2025-11-24,11:02:00,24956.75,24972.25,24947,24966,6799,24910.53,24835.82,0.00
2025-11-24,11:03:00,24966.75,24990.75,24965.5,24983.75,10412,24980.00,24838.76,0.00
2025-11-24,11:04:00,24984.25,25002,24976.5,24994.25,8306,24990.92,24841.19,0.00
2025-11-24,11:05:00,24994.5,24997,24977.5,24986.75,5561,24989.38,24842.74,0.00
2025-11-24,11:06:00,24987.5,25022.25,24984,25013.75,10189,25006.67,24845.86,0.00
2025-11-24,11:07:00,25014.5,25022.75,24984.75,25008.25,8687,25005.25,24848.40,0.00
2025-11-24,11:08:00,25007.75,25016.25,24977.5,24984.25,6657,24999.79,24850.15,0.00
2025-11-24,11:09:00,24983.25,24987.75,24961.75,24979.5,6514,24992.80,24851.62,0.00
2025-11-24,11:10:00,24979.25,24991.25,24957,24963.5,6134,24987.93,24852.92,0.00
2025-11-24,11:11:00,24963.25,24984.25,24953.75,24959.25,6472,24983.77,24854.20,0.00
2025-11-24,11:12:00,24959.25,24961,24918,24936.75,9987,24973.61,24855.65,0.00
2025-11-24,11:13:00,24936.75,24973.75,24917.25,24958.5,10119,24969.20,24857.27,0.00
2025-11-24,11:14:00,24958.75,24971.25,24948,24960.75,6128,24968.28,24858.32,0.00
2025-11-24,11:15:00,24960.75,24996.5,24957.25,24987.25,8686,24969.79,24860.08,0.00
2025-11-24,11:16:00,24987.75,25004.5,24984.25,24990,5626,24971.52,24861.30,0.00
2025-11-24,11:17:00,24991.25,24996.75,24962.25,24991.75,6014,24972.42,24862.49,0.00
2025-11-24,11:18:00,24991.75,24998.75,24974.5,24985.5,4044,24973.07,24863.30,0.00
2025-11-24,11:19:00,24985.5,24995.5,24964,24977.75,4671,24973.39,24864.16,0.00
2025-11-24,11:20:00,24977,24988,24948.5,24958.5,5712,24972.88,24865.08,0.00
2025-11-24,11:21:00,24958.25,24979.5,24954.5,24971.5,5096,24972.66,24865.91,0.00
2025-11-24,11:22:00,24972.25,24989.5,24953,24985.75,5118,24972.83,24866.79,0.00
2025-11-24,11:23:00,24984.5,24994.75,24969.25,24984.75,4963,24973.28,24867.68,0.00
2025-11-24,11:24:00,24984.75,25002.25,24976.75,24979,5208,24973.85,24868.62,0.00
2025-11-24,11:25:00,24979,24979.75,24946.25,24960.25,7548,24973.13,24869.70,0.00
2025-11-24,11:26:00,24960,24961.75,24934.25,24952.25,7667,24971.74,24870.61,0.00
2025-11-24,11:27:00,24952.75,24969,24940.5,24957.5,5204,24971.13,24871.27,0.00
2025-11-24,11:28:00,24958.25,24993,24949,24987.5,7362,24971.41,24872.41,0.00
2025-11-24,11:29:00,24987.5,25006.25,24981.75,24994,6547,24972.39,24873.57,0.00
2025-11-24,11:30:00,24994.25,25003.5,24979.25,24992.25,4879,24973.00,24874.41,0.00
2025-11-24,11:31:00,24991.5,24997.25,24963.5,24983.5,6518,24973.34,24875.41,0.00
2025-11-24,11:32:00,24983.75,25001,24981.75,24995.25,4482,24973.86,24876.16,0.00
2025-11-24,11:33:00,24995.75,25004,24986,24998.75,4613,24974.46,24876.94,0.00
2025-11-24,11:34:00,24999,25010.25,24987,24996.25,4127,24975.02,24877.65,0.00
2025-11-24,11:35:00,24996.25,25014.5,24996.25,25013.25,4650,24975.87,24878.49,0.00
2025-11-24,11:36:00,25013.25,25027.75,24999.75,25026.25,6086,25017.92,24879.67,0.00
2025-11-24,11:37:00,25025.5,25034.5,25013.25,25023,7017,25023.58,24881.06,0.00
2025-11-24,11:38:00,25023.25,25030.5,25003.25,25014.25,5506,25020.25,24882.07,0.00
2025-11-24,11:39:00,25013.5,25028.75,25001.75,25027,4452,25019.97,24882.90,0.00
2025-11-24,11:40:00,25027,25050,25027,25046,6465,25041.00,24884.27,0.00
2025-11-24,11:41:00,25046,25052,25030,25039.25,5711,25040.42,24885.46,0.00
2025-11-24,11:42:00,25038.75,25052.5,25034.25,25051,3534,25045.92,24886.21,0.00
2025-11-24,11:43:00,25051.25,25060,25048,25058,4213,25055.33,24887.15,0.00
2025-11-24,11:44:00,25058.25,25060.25,25046.75,25058,2814,25055.00,24887.77,0.00
2025-11-24,11:45:00,25058,25059.75,25047.75,25050.75,3078,25053.82,24888.44,0.00
2025-11-24,11:46:00,25050.75,25070.25,25047,25066.75,5099,25061.33,24889.59,0.00
2025-11-24,11:47:00,25067,25067.75,25049.25,25049.5,3942,25058.79,24890.43,0.00
2025-11-24,11:48:00,25049.75,25062,25048.75,25058.25,2615,25058.24,24890.99,0.00
2025-11-24,11:49:00,25057.25,25063.25,25050,25053,2227,25057.79,24891.46,0.00
2025-11-24,11:50:00,25053.5,25066,25053.5,25059,1998,25058.00,24891.89,0.00
2025-11-24,11:51:00,25059.25,25067.25,25054.25,25055.75,2428,25058.15,24892.41,0.00
2025-11-24,11:52:00,25056.25,25065.75,25048.75,25053.25,3061,25057.83,24893.05,0.00
2025-11-24,11:53:00,25053.25,25060.5,25032.5,25038.75,4540,25055.39,24893.92,0.00
2025-11-24,11:54:00,25039.25,25053.25,25039,25048.25,3022,25054.50,24894.50,0.00
2025-11-24,11:55:00,25048,25052.25,25035.5,25040.5,2584,25053.53,24894.98,0.00
2025-11-24,11:56:00,25039.75,25042.75,25017.5,25017.75,5476,25049.46,24895.88,0.00
2025-11-24,11:57:00,25017.75,25043.25,25014.75,25038.75,4209,25047.70,24896.59,0.00
2025-11-24,11:58:00,25038.75,25044.75,25024.25,25039,3260,25046.84,24897.15,0.00
2025-11-24,11:59:00,25038.75,25040,25023.5,25024.5,2054,25046.07,24897.49,0.00
2025-11-24,12:00:00,25024,25037.5,25024,25033.25,1810,25045.53,24897.79,0.00
2025-11-24,12:01:00,25033.25,25049,25032.75,25044.25,4032,25045.25,24898.50,0.00
2025-11-24,12:02:00,25043.75,25056,25040.75,25054,3418,25045.56,24899.13,0.00
2025-11-24,12:03:00,25054,25072.75,25046.75,25072,4580,25063.83,24900.05,0.00
2025-11-24,12:04:00,25072,25084.25,25072,25078,5492,25078.08,24901.23,0.00
2025-11-24,12:05:00,25077.75,25086.75,25072.25,25085.25,3332,25081.42,24901.95,0.00
2025-11-24,12:06:00,25084.75,25091,25076.5,25084.5,3598,25084.00,24902.73,0.00
2025-11-24,12:07:00,25084.5,25090.75,25079.75,25088.25,2483,25084.92,24903.27,0.00
2025-11-24,12:08:00,25088.5,25096,25086,25093.25,3077,25091.75,24903.96,0.00
2025-11-24,12:09:00,25094,25102.25,25091.25,25097.75,2840,25097.08,24904.61,0.00
2025-11-24,12:10:00,25098,25113.75,25093.75,25111,4515,25106.17,24905.68,0.00
2025-11-24,12:11:00,25111.25,25111.75,25094.5,25097.5,3872,25103.90,24906.57,0.00
2025-11-24,12:12:00,25097.75,25109.5,25094.25,25108.25,2455,25103.92,24907.14,0.00
2025-11-24,12:13:00,25108,25125.25,25107,25121.25,4993,25117.83,24908.36,0.00
2025-11-24,12:14:00,25121,25121.25,25109.5,25116.5,2527,25117.13,24908.97,0.00
2025-11-24,12:15:00,25116.5,25119.25,25112.5,25118.75,1951,25117.07,24909.44,0.00
2025-11-24,12:16:00,25119,25122.25,25100.25,25109.75,4196,25115.13,24910.41,0.00
2025-11-24,12:17:00,25109.75,25123,25107,25119.75,2216,25115.33,24910.93,0.00
2025-11-24,12:18:00,25119.75,25127.5,25114.5,25121.75,2857,25121.25,24911.62,0.00
2025-11-24,12:19:00,25122,25126.25,25117,25124.75,2125,25121.85,24912.13,0.00
2025-11-24,12:20:00,25124.5,25128.5,25117.75,25120.75,1944,25122.33,24912.59,0.00
2025-11-24,12:21:00,25120.75,25130.75,25118.5,25121.75,2638,25123.67,24913.23,0.00
2025-11-24,12:22:00,25121.5,25125.5,25115.25,25119.25,2294,25121.96,24913.76,0.00
2025-11-24,12:23:00,25120,25130.75,25119.5,25127.75,2151,25123.19,24914.28,0.00
2025-11-24,12:24:00,25128.25,25131.75,25124.25,25126.25,1707,25127.42,24914.69,0.00
2025-11-24,12:25:00,25126,25129.75,25121.75,25127.5,1722,25126.87,24915.10,0.00
2025-11-24,12:26:00,25126.75,25129,25114.25,25120.5,2447,25124.53,24915.67,0.00
2025-11-24,12:27:00,25120.5,25124.75,25112.25,25120,2416,25122.92,24916.21,0.00
2025-11-24,12:28:00,25120,25135.75,25116.5,25128,3479,25126.75,24917.03,0.00
2025-11-24,12:29:00,25128.25,25133,25120.5,25128,2446,25126.92,24917.60,0.00
2025-11-24,12:30:00,25128,25131.25,25113.75,25117.75,2519,25125.13,24918.17,0.00
2025-11-24,12:31:00,25117,25127,25111.5,25125.75,2933,25124.17,24918.83,0.00
2025-11-24,12:32:00,25125.75,25126.5,25111.75,25112.5,1962,25123.11,24919.26,0.00
2025-11-24,12:33:00,25112.75,25113.25,25097.75,25101.25,4557,25118.26,24920.18,0.00
2025-11-24,12:34:00,25101,25110,25093.25,25108.75,3362,25116.01,24920.86,0.00
2025-11-24,12:35:00,25109.75,25125.25,25109.75,25116.5,3310,25116.16,24921.56,0.00
2025-11-24,12:36:00,25117.25,25117.25,25099.5,25107,2706,25115.34,24922.11,0.00
2025-11-24,12:37:00,25107,25116.75,25104.25,25112.75,2082,25115.05,24922.54,0.00
2025-11-24,12:38:00,25112.75,25114,25102.75,25107.25,1582,25114.69,24922.85,0.00
2025-11-24,12:39:00,25106.75,25113.25,25101.25,25107.75,1591,25114.34,24923.17,0.00
2025-11-24,12:40:00,25107.5,25112,25098.25,25111.75,2282,25113.88,24923.62,0.00
2025-11-24,12:41:00,25111.75,25115.25,25101,25109.5,2152,25113.57,24924.05,0.00
2025-11-24,12:42:00,25110,25133,25107.75,25126.25,4072,25114.44,24924.92,0.00
2025-11-24,12:43:00,25126,25133.5,25122.25,25130.5,2353,25115.22,24925.43,0.00
2025-11-24,12:44:00,25129.75,25132,25121.75,25125.75,1783,25115.66,24925.81,0.00
2025-11-24,12:45:00,25126,25132.75,25124.25,25125.25,1918,25116.14,24926.22,0.00
2025-11-24,12:46:00,25125.25,25143.5,25122.25,25141.25,4712,25135.67,24927.26,0.00
2025-11-24,12:47:00,25141.5,25143,25130.5,25134.5,2350,25135.78,24927.78,0.00
2025-11-24,12:48:00,25134.75,25140,25126.25,25130.75,2215,25134.96,24928.26,0.00
2025-11-24,12:49:00,25131.25,25138.5,25129,25133.5,1374,25134.79,24928.55,0.00
2025-11-24,12:50:00,25132.75,25133.25,25125.75,25127.75,1267,25134.16,24928.82,0.00
2025-11-24,12:51:00,25127.75,25131,25119.75,25121,2500,25132.39,24929.33,0.00
2025-11-24,12:52:00,25120.75,25127.75,25112.5,25118.5,2851,25130.27,24929.90,0.00
2025-11-24,12:53:00,25118.5,25121,25112.75,25116.25,1507,25129.18,24930.19,0.00
2025-11-24,12:54:00,25115.25,25134.75,25114,25132.75,2692,25128.93,24930.74,0.00
2025-11-24,12:55:00,25132.25,25133.25,25121.75,25124.75,1562,25128.77,24931.06,0.00
2025-11-24,12:56:00,25124.25,25125,25104.5,25110,3030,25126.96,24931.63,0.00
2025-11-24,12:57:00,25110,25121.5,25105.5,25111.75,2090,25125.91,24932.02,0.00
2025-11-24,12:58:00,25111.5,25111.5,25096.25,25096.75,2959,25123.59,24932.54,0.00
2025-11-24,12:59:00,25097,25098.25,25087.25,25093.25,4193,25119.95,24933.22,0.00
2025-11-24,13:00:00,25093.25,25103.5,25091.5,25099.75,2351,25118.59,24933.62,0.00
2025-11-24,13:01:00,25100,25119.25,25098.75,25108.25,4033,25117.64,24934.34,0.00
2025-11-24,13:02:00,25108.5,25119.5,25104.5,25113.5,2028,25117.40,24934.71,0.00
2025-11-24,13:03:00,25114,25116.25,25100.75,25102,2487,25116.81,24935.14,0.00
2025-11-24,13:04:00,25102,25102.25,25085.75,25094,3213,25115.32,24935.65,0.00
2025-11-24,13:05:00,25094.5,25105.25,25091.5,25098.5,2400,25114.54,24936.05,0.00
2025-11-24,13:06:00,25098.75,25103.75,25090.5,25097.75,1869,25113.94,24936.35,0.00
2025-11-24,13:07:00,25097.75,25100.5,25087,25094,2002,25113.22,24936.67,0.00
2025-11-24,13:08:00,25093.5,25110.25,25093.5,25104.75,2549,25112.76,24937.09,0.00
2025-11-24,13:09:00,25105,25107.5,25095.25,25100.5,1814,25112.41,24937.39,0.00
2025-11-24,13:10:00,25101,25101.75,25086.5,25088.25,2162,25111.71,24937.72,0.00
2025-11-24,13:11:00,25088,25100.5,25084,25090.5,2585,25110.91,24938.12,0.00
2025-11-24,13:12:00,25090.5,25097.25,25084.25,25091.5,1724,25110.39,24938.38,0.00
2025-11-24,13:13:00,25092,25097,25083.25,25087,1680,25109.87,24938.63,0.00
2025-11-24,13:14:00,25087.5,25093.75,25082,25090.25,1729,25109.34,24938.89,0.00
2025-11-24,13:15:00,25089.5,25099.5,25088.75,25094.75,1508,25109.03,24939.12,0.00
2025-11-24,13:16:00,25094.25,25107,25089.25,25105.75,2540,25108.74,24939.52,0.00
2025-11-24,13:17:00,25106.25,25126.25,25106.25,25124.5,4267,25109.30,24940.27,0.00
2025-11-24,13:18:00,25124.25,25127,25116.5,25124,2230,25109.66,24940.67,0.00
2025-11-24,13:19:00,25124.5,25131.25,25119.25,25121.75,2882,25110.16,24941.19,0.00
2025-11-24,13:20:00,25122,25133,25121.75,25128.5,1913,25110.56,24941.54,0.00
2025-11-24,13:21:00,25129,25133.25,25123.5,25131.25,1694,25110.92,24941.85,0.00
2025-11-24,13:22:00,25131.25,25133.75,25128,25130,1459,25111.25,24942.11,0.00
2025-11-24,13:23:00,25129.5,25147,25129.5,25134.5,3476,25137.00,24942.77,0.00
2025-11-24,13:24:00,25134.75,25138.5,25122.75,25128.75,2914,25133.81,24943.30,0.00
2025-11-24,13:25:00,25129,25136.75,25124.5,25132.25,1641,25133.27,24943.59,0.00
2025-11-24,13:26:00,25132.25,25135.5,25122.25,25135.25,2160,25132.79,24943.98,0.00
2025-11-24,13:27:00,25135.5,25138.75,25126.25,25130.75,1347,25132.69,24944.22,0.00
2025-11-24,13:28:00,25130.75,25143.75,25130.25,25142.5,1819,25133.52,24944.56,0.00
2025-11-24,13:29:00,25142.25,25145.75,25132.25,25137,1529,25134.02,24944.85,0.00
2025-11-24,13:30:00,25136.75,25140.75,25132,25137,1039,25134.18,24945.04,0.00
2025-11-24,13:31:00,25137,25148.25,25135.5,25142,2621,25141.92,24945.53,0.00
2025-11-24,13:32:00,25142.75,25145.75,25134.25,25143.75,1532,25141.67,24945.82,0.00
2025-11-24,13:33:00,25143.25,25147,25139,25140.75,1544,25141.83,24946.11,0.00
2025-11-24,13:34:00,25141,25150.5,25136,25146,1828,25144.17,24946.45,0.00
2025-11-24,13:35:00,25145.25,25147.75,25141.25,25142.25,1011,25144.02,24946.64,0.00
2025-11-24,13:36:00,25142.75,25145.75,25137.75,25144.25,1462,25143.53,24946.91,0.00
2025-11-24,13:37:00,25144.25,25151.25,25141.5,25150.25,1453,25147.67,24947.19,0.00
2025-11-24,13:38:00,25150,25155.25,25144,25146,2430,25148.42,24947.65,0.00
2025-11-24,13:39:00,25146.25,25162.25,25142.25,25158.5,4002,25154.33,24948.43,0.00
2025-11-24,13:40:00,25158.5,25172.25,25156.25,25172.25,3788,25166.92,24949.20,0.00
2025-11-24,13:41:00,25172.25,25188.25,25167.25,25186,7931,25180.50,24950.91,0.00
2025-11-24,13:42:00,25186,25186.5,25172.75,25173.5,2995,25179.70,24951.54,0.00
2025-11-24,13:43:00,25173.75,25176,25162.75,25172.75,3128,25177.65,24952.17,0.00
2025-11-24,13:44:00,25173.5,25176,25167.5,25168.75,1444,25177.01,24952.46,0.00
2025-11-24,13:45:00,25169,25174,25166.5,25172.75,1201,25176.58,24952.71,0.00
2025-11-24,13:46:00,25173.25,25183,25169.25,25181.75,2752,25176.78,24953.28,0.00
2025-11-24,13:47:00,25181.75,25183.5,25174,25178.25,1840,25176.94,24953.66,0.00
2025-11-24,13:48:00,25178.75,25181.75,25175,25179.25,949,25177.01,24953.85,0.00
2025-11-24,13:49:00,25178.75,25188.25,25178.75,25181.25,2024,25177.49,24954.28,0.00
2025-11-24,13:50:00,25181.75,25186.25,25174.75,25183.5,1603,25177.74,24954.61,0.00
2025-11-24,13:51:00,25183.5,25187.5,25179.75,25181,1413,25178.00,24954.91,0.00
2025-11-24,13:52:00,25181,25181.75,25171,25174.75,2037,25177.85,24955.32,0.00
2025-11-24,13:53:00,25174.5,25179,25172.25,25174.75,1150,25177.75,24955.55,0.00
2025-11-24,13:54:00,25174.75,25187.25,25173.75,25186.5,1754,25178.01,24955.91,0.00
2025-11-24,13:55:00,25186.5,25193.25,25181.5,25183.5,2799,25186.08,24956.49,0.00
2025-11-24,13:56:00,25183.5,25184,25172,25174.75,2299,25181.95,24956.95,0.00
2025-11-24,13:57:00,25174.75,25177,25171.25,25176,1454,25180.35,24957.24,0.00
2025-11-24,13:58:00,25176.5,25178,25166.75,25167.5,2042,25178.07,24957.63,0.00
2025-11-24,13:59:00,25167.5,25175.75,25165.25,25172.25,1332,25177.13,24957.89,0.00
2025-11-24,14:00:00,25171.75,25178,25170.5,25173.25,1119,25176.81,24958.11,0.00
2025-11-24,14:01:00,25173,25182.5,25173,25175.75,1743,25176.84,24958.45,0.00
2025-11-24,14:02:00,25176.5,25183.5,25176.5,25181.5,1019,25177.11,24958.65,0.00
2025-11-24,14:03:00,25182,25185,25177,25182.5,1246,25177.48,24958.90,0.00
2025-11-24,14:04:00,25182.25,25188.25,25182.25,25184.75,1422,25178.13,24959.19,0.00
2025-11-24,14:05:00,25184.5,25186,25179,25181.75,1225,25178.42,24959.43,0.00
2025-11-24,14:06:00,25181.75,25188.75,25179.25,25188,1079,25178.82,24959.65,0.00
2025-11-24,14:07:00,25187.5,25188.75,25180.5,25184.75,970,25179.10,24959.85,0.00
2025-11-24,14:08:00,25185.75,25190.25,25185.25,25185.75,1382,25179.63,24960.13,0.00
2025-11-24,14:09:00,25186,25189.5,25181.75,25188.75,1489,25180.09,24960.43,0.00
2025-11-24,14:10:00,25188.5,25191,25184.25,25186,1153,25180.43,24960.66,0.00
2025-11-24,14:11:00,25186,25192.5,25182.75,25189,1348,25180.84,24960.93,0.00
2025-11-24,14:12:00,25189,25192,25185.75,25192,805,25181.12,24961.10,0.00
2025-11-24,14:13:00,25192.25,25198.75,25189.5,25195.25,2730,25194.50,24961.66,0.00
2025-11-24,14:14:00,25194.75,25207.5,25194,25202.25,3455,25201.25,24962.39,0.00
2025-11-24,14:15:00,25202.25,25204.5,25198.25,25198.75,1661,25201.01,24962.74,0.00
2025-11-24,14:16:00,25198.5,25203.25,25195.25,25197.75,1636,25200.46,24963.08,0.00
2025-11-24,14:17:00,25197.5,25200.25,25186.25,25187.75,2090,25198.32,24963.50,0.00
2025-11-24,14:18:00,25188,25188,25179.5,25184,2430,25195.20,24963.97,0.00
2025-11-24,14:19:00,25183.75,25186.75,25179,25183.5,1500,25193.78,24964.26,0.00
2025-11-24,14:20:00,25183.5,25195.25,25181.75,25192.75,2019,25193.25,24964.66,0.00
2025-11-24,14:21:00,25192.25,25200.75,25190,25199,2313,25193.70,24965.13,0.00
2025-11-24,14:22:00,25199.25,25201.5,25193,25194,1679,25193.92,24965.47,0.00
2025-11-24,14:23:00,25194.5,25195.5,25185,25189.75,2264,25193.51,24965.91,0.00
2025-11-24,14:24:00,25189.75,25200,25189.25,25199.25,1394,25193.67,24966.19,0.00
2025-11-24,14:25:00,25199.5,25202.25,25197.75,25200.5,1145,25193.99,24966.42,0.00
2025-11-24,14:26:00,25200.75,25201,25186.5,25189.75,1817,25193.88,24966.78,0.00
2025-11-24,14:27:00,25189.75,25198.25,25188.75,25194.75,940,25193.88,24966.96,0.00
2025-11-24,14:28:00,25195,25195.75,25184.75,25186.75,955,25193.71,24967.15,0.00
2025-11-24,14:29:00,25186.5,25188.75,25183,25186.5,926,25193.46,24967.32,0.00
2025-11-24,14:30:00,25186,25189,25180.75,25184.25,1461,25193.03,24967.60,0.00
2025-11-24,14:31:00,25184.25,25185.25,25166.75,25170.25,4202,25190.68,24968.34,0.00
2025-11-24,14:32:00,25170.25,25188.5,25168.5,25183,2529,25189.94,24968.80,0.00
2025-11-24,14:33:00,25182.5,25191.75,25179.25,25188.75,1806,25189.78,24969.14,0.00
2025-11-24,14:34:00,25188.25,25193,25186,25187.5,1155,25189.75,24969.36,0.00
2025-11-24,14:35:00,25186.75,25188,25178.5,25180.5,1565,25189.47,24969.64,0.00
2025-11-24,14:36:00,25180.25,25181.25,25172.5,25176.5,1570,25189.00,24969.92,0.00
2025-11-24,14:37:00,25177.25,25192.25,25176.25,25191.75,1632,25188.91,24970.22,0.00
2025-11-24,14:38:00,25191.5,25191.5,25178.75,25183.75,1539,25188.77,24970.50,0.00
2025-11-24,14:39:00,25183.5,25184.25,25177.75,25178.5,911,25188.60,24970.67,0.00
2025-11-24,14:40:00,25178.5,25189.25,25177,25187.75,952,25188.52,24970.84,0.00
2025-11-24,14:41:00,25187.5,25188.25,25174,25176,1635,25188.22,24971.13,0.00
2025-11-24,14:42:00,25176.75,25182.75,25170.5,25180.5,1664,25187.88,24971.42,0.00
2025-11-24,14:43:00,25180.75,25185.25,25178.5,25183.5,995,25187.78,24971.60,0.00
2025-11-24,14:44:00,25183.75,25187.75,25178.75,25182.5,913,25187.70,24971.76,0.00
2025-11-24,14:45:00,25182.75,25186.25,25179,25183.75,696,25187.63,24971.89,0.00
2025-11-24,14:46:00,25183.5,25188,25182.25,25186,954,25187.60,24972.06,0.00
2025-11-24,14:47:00,25187.75,25192.25,25179.25,25179.5,1635,25187.48,24972.35,0.00
2025-11-24,14:48:00,25179.75,25182.5,25173.75,25179.5,1767,25187.21,24972.66,0.00
2025-11-24,14:49:00,25179.75,25191.75,25178.5,25190.75,1180,25187.21,24972.87,0.00
2025-11-24,14:50:00,25191,25196.25,25184.75,25185.25,1896,25187.25,24973.22,0.00
2025-11-24,14:51:00,25185.25,25188.75,25181.75,25187.75,1346,25187.23,24973.46,0.00
2025-11-24,14:52:00,25187.75,25191.75,25182.75,25191,909,25187.25,24973.62,0.00
2025-11-24,14:53:00,25190.5,25191.5,25184.5,25188.25,824,25187.26,24973.77,0.00
2025-11-24,14:54:00,25187.75,25191.25,25183,25187.25,1008,25187.26,24973.95,0.00
2025-11-24,14:55:00,25187.75,25191.5,25180,25191.25,1383,25187.26,24974.20,0.00
2025-11-24,14:56:00,25190.75,25192.25,25182,25188.25,1396,25187.27,24974.45,0.00
2025-11-24,14:57:00,25188,25191.5,25180,25185.25,1362,25187.23,24974.69,0.00
2025-11-24,14:58:00,25185,25185,25179.5,25183.25,927,25187.17,24974.85,0.00
2025-11-24,14:59:00,25183,25187.25,25180,25183,796,25187.13,24974.99,0.00
2025-11-24,15:00:00,25183.5,25187.75,25178.5,25179.25,973,25187.06,24975.15,0.00
2025-11-24,15:01:00,25179.25,25189.75,25176.5,25187,1580,25187.00,24975.43,0.00
2025-11-24,15:02:00,25186.75,25193.75,25186.25,25192.5,1289,25187.07,24975.66,0.00
2025-11-24,15:03:00,25192.75,25204.25,25192.75,25197.25,2689,25187.45,24976.16,0.00
2025-11-24,15:04:00,25198,25200.25,25191,25195.5,1649,25187.62,24976.46,0.00
2025-11-24,15:05:00,25195.5,25199.25,25192,25195.5,1026,25187.72,24976.64,0.00
2025-11-24,15:06:00,25195.25,25201,25193.75,25199.5,1032,25187.85,24976.83,0.00
2025-11-24,15:07:00,25199.25,25205.25,25196.75,25201.5,1249,25188.06,24977.06,0.00
2025-11-24,15:08:00,25201.75,25204,25194.75,25203.5,1076,25188.22,24977.26,0.00
2025-11-24,15:09:00,25203.25,25213.75,25201.75,25208.75,3097,25208.08,24977.85,0.00
2025-11-24,15:10:00,25208.75,25211,25204,25206.75,1490,25207.81,24978.13,0.00
2025-11-24,15:11:00,25207,25212,25201.5,25209.5,1527,25207.78,24978.42,0.00
2025-11-24,15:12:00,25210,25210.25,25202.5,25203.5,976,25207.45,24978.60,0.00
2025-11-24,15:13:00,25203.75,25209,25201.75,25208.25,1028,25207.31,24978.79,0.00
2025-11-24,15:14:00,25208.75,25211.5,25198.25,25199,1509,25206.62,24979.07,0.00
2025-11-24,15:15:00,25198.75,25206,25198.75,25203.75,970,25206.27,24979.25,0.00
2025-11-24,15:16:00,25203.75,25209.75,25201.75,25205.75,1361,25206.21,24979.50,0.00
2025-11-24,15:17:00,25205.75,25209.5,25200.5,25206,1180,25206.14,24979.72,0.00
2025-11-24,15:18:00,25206.25,25206.25,25195.25,25196.25,1405,25205.47,24979.97,0.00
2025-11-24,15:19:00,25196.25,25199.75,25191.75,25198.75,1623,25204.59,24980.26,0.00
2025-11-24,15:20:00,25199,25206,25196.25,25204.5,1283,25204.42,24980.49,0.00
2025-11-24,15:21:00,25204.25,25204.75,25194.75,25197.25,1028,25204.12,24980.67,0.00
2025-11-24,15:22:00,25197.25,25204,25195.75,25199.75,967,25203.90,24980.84,0.00
2025-11-24,15:23:00,25199.75,25201.5,25192,25194.25,1198,25203.44,24981.05,0.00
2025-11-24,15:24:00,25195.25,25198.25,25193.25,25194.75,815,25203.13,24981.19,0.00
2025-11-24,15:25:00,25194.75,25199.25,25193.25,25195,865,25202.85,24981.34,0.00
2025-11-24,15:26:00,25194.5,25200.5,25190.5,25196,1135,25202.50,24981.54,0.00
2025-11-24,15:27:00,25195.75,25195.75,25187.75,25191.25,1186,25201.98,24981.74,0.00
2025-11-24,15:28:00,25191,25191.5,25182,25184.5,1990,25200.78,24982.07,0.00
2025-11-24,15:29:00,25184.5,25193.25,25182.5,25189.75,1522,25200.12,24982.32,0.00
2025-11-24,15:30:00,25190.5,25190.5,25181.5,25185.75,1197,25199.54,24982.52,0.00
2025-11-24,15:31:00,25186,25189.75,25171.75,25172.25,2573,25197.80,24982.92,0.00
2025-11-24,15:32:00,25172.5,25175,25164.25,25170,3198,25195.24,24983.40,0.00
2025-11-24,15:33:00,25170,25176.75,25164.25,25164.5,2159,25193.70,24983.72,0.00
2025-11-24,15:34:00,25165,25174,25158.5,25169.75,2708,25191.92,24984.12,0.00
2025-11-24,15:35:00,25169.25,25170.25,25159.75,25168.75,1849,25190.78,24984.39,0.00
2025-11-24,15:36:00,25169,25169,25156,25165,2743,25189.09,24984.78,0.00
2025-11-24,15:37:00,25165,25168,25155.25,25165.75,2381,25187.77,24985.12,0.00
2025-11-24,15:38:00,25166.5,25176.5,25163.25,25174.5,2201,25187.04,24985.44,0.00
2025-11-24,15:39:00,25174.5,25186.5,25173,25184.75,2716,25186.74,24985.86,0.00
2025-11-24,15:40:00,25184.75,25190,25182.5,25184,1815,25186.70,24986.15,0.00
2025-11-24,15:41:00,25184.25,25189.25,25178.5,25189,2872,25186.65,24986.60,0.00
2025-11-24,15:42:00,25188.5,25192,25180,25180.75,1642,25186.58,24986.86,0.00
2025-11-24,15:43:00,25180.5,25180.5,25172.25,25177.75,2082,25186.24,24987.17,0.00
2025-11-24,15:44:00,25177.5,25179.25,25170.25,25172.75,1102,25186.02,24987.33,0.00
2025-11-24,15:45:00,25172.5,25177,25168.25,25169,1218,25185.74,24987.51,0.00
2025-11-24,15:46:00,25169.25,25173.5,25161.5,25163.25,2370,25185.02,24987.84,0.00
2025-11-24,15:47:00,25163,25166.5,25159,25164,1730,25184.46,24988.08,0.00
2025-11-24,15:48:00,25164,25170,25159.5,25159.5,1489,25183.99,24988.28,0.00
2025-11-24,15:49:00,25159.75,25168,25159.75,25166,1030,25183.70,24988.42,0.00
2025-11-24,15:50:00,25166,25167.25,25160.25,25163.25,1011,25183.41,24988.56,0.00
2025-11-24,15:51:00,25163.75,25178.75,25163.25,25176.75,2295,25183.08,24988.89,0.00
2025-11-24,15:52:00,25176.75,25177.75,25163.25,25166.75,1395,25182.82,24989.09,0.00
2025-11-24,15:53:00,25166.5,25169.5,25155.5,25157.25,2037,25182.22,24989.36,0.00
2025-11-24,15:54:00,25157.75,25159.75,25146.5,25151.25,3355,25180.97,24989.78,0.00
2025-11-24,15:55:00,25151.75,25164,25147.75,25163.25,2153,25180.37,24990.06,0.00
2025-11-24,15:56:00,25163,25171.75,25161.5,25169.25,1868,25180.08,24990.32,0.00
2025-11-24,15:57:00,25169.5,25181.75,25164.5,25165.75,4066,25179.64,24990.88,0.00
2025-11-24,15:58:00,25165.25,25176.25,25157,25170,2661,25179.29,24991.24,0.00
2025-11-24,15:59:00,25170,25172,25162.75,25170.75,1211,25179.15,24991.41,0.00
2025-11-24,16:00:00,25170,25174.75,25161.5,25167,1729,25178.94,24991.64,0.00
2025-11-24,16:01:00,25167.5,25175.25,25166,25173,2072,25178.77,24991.93,0.00
2025-11-24,16:02:00,25172.25,25181,25171.5,25179.25,1906,25178.74,24992.20,0.00
2025-11-24,16:03:00,25178.75,25183.25,25174.25,25183,1722,25178.77,24992.45,0.00
2025-11-24,16:04:00,25183.25,25196.25,25181.5,25192,3325,25179.13,24992.94,0.00
2025-11-24,16:05:00,25192,25201.5,25189,25200.5,2608,25179.58,24993.35,0.00
2025-11-24,16:06:00,25200.25,25203,25194.75,25200.25,1983,25179.94,24993.66,0.00
2025-11-24,16:07:00,25199.5,25201.5,25193.75,25196.75,1286,25180.15,24993.86,0.00
2025-11-24,16:08:00,25196.75,25204.25,25194,25198.5,1744,25180.45,24994.13,0.00
2025-11-24,16:09:00,25198.75,25202,25194.25,25195.25,904,25180.59,24994.27,0.00
2025-11-24,16:10:00,25194.5,25198.5,25192.75,25194,1048,25180.72,24994.43,0.00
2025-11-24,16:11:00,25193.75,25193.75,25185.25,25187.5,1921,25180.86,24994.71,0.00
2025-11-24,16:12:00,25187.25,25194.25,25183.5,25193.25,1311,25180.97,24994.90,0.00
2025-11-24,16:13:00,25193.25,25199.5,25189,25199.25,1539,25181.16,24995.13,0.00
2025-11-24,16:14:00,25199.5,25206,25197.5,25198.5,1991,25181.49,24995.44,0.00
2025-11-24,16:15:00,25198,25198.25,25190.25,25193,1400,25181.64,24995.65,0.00
2025-11-24,16:16:00,25192.75,25197.25,25187.5,25196.25,1701,25181.81,24995.90,0.00
2025-11-24,16:17:00,25196,25202.25,25195.25,25201,1186,25181.98,24996.09,0.00
2025-11-24,16:18:00,25201.5,25217,25201,25209.25,3312,25209.08,24996.61,0.00
2025-11-24,16:19:00,25209.5,25212,25205.5,25207,1381,25208.81,24996.83,0.00
2025-11-24,16:20:00,25207.25,25212.5,25202.75,25203.75,1325,25208.27,24997.04,0.00
2025-11-24,16:21:00,25203.25,25205,25194.5,25197,2451,25205.54,24997.41,0.00
2025-11-24,16:22:00,25197.5,25209.75,25195,25206.25,1896,25205.20,24997.70,0.00
2025-11-24,16:23:00,25206.25,25210.5,25199.25,25199.75,1415,25204.95,24997.91,0.00
2025-11-24,16:24:00,25199.75,25204.75,25195.5,25200,1046,25204.55,24998.07,0.00
2025-11-24,16:25:00,25199.75,25199.75,25193.75,25196.5,1122,25203.92,24998.24,0.00
2025-11-24,16:26:00,25196,25197.5,25188.5,25189.5,1471,25202.77,24998.45,0.00
2025-11-24,16:27:00,25189,25189,25178.5,25184.25,2871,25199.81,24998.84,0.00
2025-11-24,16:28:00,25184.75,25194.75,25183.75,25191.75,1717,25198.97,24999.08,0.00
2025-11-24,16:29:00,25191.75,25194.75,25187.5,25189.5,1005,25198.57,24999.23,0.00
2025-11-24,16:30:00,25189.25,25193.25,25187.25,25189.25,860,25198.23,24999.35,0.00
2025-11-24,16:31:00,25189.5,25190.5,25179.75,25183.75,1971,25197.11,24999.62,0.00
2025-11-24,16:32:00,25183.5,25194,25183.25,25192,1584,25196.65,24999.84,0.00
2025-11-24,16:33:00,25191.75,25193.5,25187.5,25190,876,25196.44,24999.96,0.00
2025-11-24,16:34:00,25190.75,25204.25,25189.25,25197.75,2092,25196.49,25000.26,0.00
2025-11-24,16:35:00,25197.75,25200.5,25194.5,25197,1008,25196.52,25000.41,0.00
2025-11-24,16:36:00,25197,25201.75,25193.25,25195.5,1108,25196.53,25000.57,0.00
2025-11-24,16:37:00,25195.75,25206,25195.5,25201.75,1357,25196.72,25000.77,0.00
2025-11-24,16:38:00,25201.25,25207.75,25199,25207.25,1601,25197.10,25001.01,0.00
2025-11-24,16:39:00,25207.25,25209.25,25203.75,25207.25,1152,25197.42,25001.18,0.00
2025-11-24,16:40:00,25207.25,25207.5,25202,25205,843,25197.60,25001.30,0.00
2025-11-24,16:41:00,25204.75,25204.75,25198.5,25201.25,1177,25197.73,25001.48,0.00
2025-11-24,16:42:00,25201.25,25209.5,25201.25,25205.75,1328,25198.00,25001.67,0.00
2025-11-24,16:43:00,25205.75,25205.75,25196.25,25198.75,1664,25198.09,25001.91,0.00
2025-11-24,16:44:00,25198.5,25204.25,25193.5,25204,1492,25198.18,25002.13,0.00
2025-11-24,16:45:00,25204,25214.75,25203.75,25210.5,2256,25198.78,25002.47,0.00
2025-11-24,16:46:00,25210.75,25221.5,25210.75,25215.5,3599,25215.92,25003.03,0.00
2025-11-24,16:47:00,25215.25,25219.5,25209.25,25209.5,1804,25214.86,25003.30,0.00
2025-11-24,16:48:00,25209,25211.25,25204.25,25207,1802,25213.02,25003.57,0.00
2025-11-24,16:49:00,25206.5,25212,25203.5,25205.5,1517,25211.97,25003.79,0.00
2025-11-24,16:50:00,25205.5,25210.5,25197.25,25208,2594,25210.43,25004.16,0.00
2025-11-24,16:51:00,25208,25217,25182,25184.75,7006,25204.37,25005.12,0.00
2025-11-24,16:52:00,25185.5,25204,25184.5,25190.75,3450,25202.58,25005.58,0.00
2025-11-24,16:53:00,25190.5,25196.25,25181.5,25189,3006,25200.92,25005.98,0.00
2025-11-24,16:54:00,25189.25,25227,25184.5,25224.75,5313,25212.08,25006.75,0.00
2025-11-24,16:55:00,25225,25240.25,25221.5,25233.25,6593,25231.67,25007.80,0.00
2025-11-24,16:56:00,25233,25246.5,25230.75,25231.25,6330,25236.17,25008.82,0.00
2025-11-24,16:57:00,25231.5,25237.25,25218.25,25225.5,3958,25232.64,25009.43,0.00
2025-11-24,16:58:00,25225.25,25226.5,25194.75,25199,4955,25224.22,25010.11,0.00
2025-11-24,16:59:00,25199.25,25211.25,25196.75,25201.25,3645,25220.14,25010.60,0.00
2025-11-24,17:00:00,25201.5,25218,25187,25189.5,12638,25211.33,25012.24,0.00
2025-11-24,17:01:00,25190,25195.5,25178,25187,6783,25207.00,25013.06,0.00
2025-11-24,17:02:00,25188.25,25200,25186.75,25194.25,2722,25206.11,25013.40,0.00
2025-11-24,17:03:00,25194,25199.5,25187.75,25196,1731,25205.64,25013.61,0.00
2025-11-24,17:04:00,25195.25,25214,25194.25,25211.5,2070,25205.68,25013.88,0.00
2025-11-24,17:05:00,25211.25,25212,25203.5,25203.5,1280,25205.70,25014.05,0.00
2025-11-24,17:06:00,25204.25,25210,25201,25206.25,1138,25205.70,25014.20,0.00
2025-11-24,17:07:00,25206,25206.75,25199,25201.75,811,25205.65,25014.31,0.00
2025-11-24,17:08:00,25202.75,25214,25200.75,25212.75,983,25205.72,25014.44,0.00
2025-11-24,17:09:00,25213,25220.5,25212,25218.75,1478,25206.05,25014.64,0.00
2025-11-24,17:10:00,25218.5,25219.25,25210.5,25215,1071,25206.23,25014.79,0.00
2025-11-24,17:11:00,25215,25217,25206.25,25210.75,1126,25206.34,25014.94,0.00
2025-11-24,17:12:00,25211.25,25218.25,25210.25,25215.25,602,25206.44,25015.02,0.00
2025-11-24,17:13:00,25215.75,25223,25215,25219.75,793,25206.62,25015.13,0.00
2025-11-24,17:14:00,25219.75,25223,25218,25222,686,25206.80,25015.23,0.00
2025-11-24,17:15:00,25221.5,25224.75,25211.5,25213.25,1200,25207.01,25015.39,0.00
2025-11-24,17:16:00,25213,25218.75,25210.75,25217,553,25207.09,25015.47,0.00
2025-11-24,17:17:00,25217,25217,25208,25211,697,25207.15,25015.56,0.00
2025-11-24,17:18:00,25211.25,25214.5,25208,25209.5,352,25207.18,25015.61,0.00
2025-11-24,17:19:00,25209.5,25210.5,25205,25205.5,522,25207.17,25015.68,0.00
2025-11-24,17:20:00,25205,25206.5,25202,25203,588,25207.14,25015.75,0.00
2025-11-24,17:21:00,25203.75,25209.75,25201.5,25207.5,474,25207.13,25015.81,0.00
2025-11-24,17:22:00,25207.75,25210.5,25206.5,25207.25,267,25207.14,25015.85,0.00
2025-11-24,17:23:00,25207.25,25209.5,25204.5,25208.5,283,25207.14,25015.88,0.00
2025-11-24,17:24:00,25208.5,25215.25,25208.25,25212.75,677,25207.20,25015.97,0.00
2025-11-24,17:25:00,25212.5,25222,25212,25220.75,569,25207.30,25016.05,0.00
2025-11-24,17:26:00,25220.75,25226.25,25218,25225,670,25207.47,25016.15,0.00
2025-11-24,17:27:00,25225.25,25225.25,25216.25,25217.5,518,25207.57,25016.22,0.00
2025-11-24,17:28:00,25217.75,25222.75,25217,25221.25,325,25207.64,25016.26,0.00
2025-11-24,17:29:00,25220.75,25221.25,25214.25,25215.5,403,25207.70,25016.32,0.00
2025-11-24,17:30:00,25215.5,25217.5,25213.25,25215.75,418,25207.75,25016.37,0.00
2025-11-24,17:31:00,25215.5,25219.75,25215.5,25219.25,366,25207.81,25016.42,0.00
2025-11-24,17:32:00,25219,25219.75,25215,25215.75,380,25207.86,25016.47,0.00
2025-11-24,17:33:00,25215.25,25215.25,25212.25,25213.75,296,25207.89,25016.51,0.00
2025-11-24,17:34:00,25213.75,25215.75,25212.5,25214.25,242,25207.91,25016.55,0.00
2025-11-24,17:35:00,25213.75,25216.5,25209.25,25212,501,25207.95,25016.61,0.00
2025-11-24,17:36:00,25212,25213.75,25207.75,25213.75,443,25207.97,25016.67,0.00
2025-11-24,17:37:00,25214.25,25222.25,25214.25,25222,447,25208.05,25016.73,0.00
2025-11-24,17:38:00,25221.75,25228.5,25221.25,25227.25,631,25208.22,25016.82,0.00
2025-11-24,17:39:00,25227.25,25227.5,25219.25,25219.25,366,25208.30,25016.87,0.00
2025-11-24,17:40:00,25219,25226,25218.75,25224,312,25208.36,25016.92,0.00
2025-11-24,17:41:00,25224.75,25227.75,25223.75,25226.75,229,25208.42,25016.95,0.00
2025-11-24,17:42:00,25226.25,25226.5,25220,25220,287,25208.48,25016.99,0.00
2025-11-24,17:43:00,25219.75,25222,25216.75,25221.5,251,25208.52,25017.02,0.00
2025-11-24,17:44:00,25221.25,25223.5,25218.75,25222.25,208,25208.56,25017.05,0.00
2025-11-24,17:45:00,25222,25222.25,25217.75,25218,335,25208.62,25017.10,0.00
2025-11-24,17:46:00,25218,25218.25,25213.75,25214.75,378,25208.65,25017.15,0.00
2025-11-24,17:47:00,25214.5,25217.5,25214,25217.25,317,25208.69,25017.19,0.00
2025-11-24,17:48:00,25217,25218.75,25215.75,25217,191,25208.71,25017.22,0.00
2025-11-24,17:49:00,25217.5,25217.75,25214.25,25216.5,176,25208.73,25017.24,0.00
2025-11-24,17:50:00,25216.5,25222,25213.75,25220.5,330,25208.78,25017.28,0.00
2025-11-24,17:51:00,25220,25220.25,25215.75,25219.5,417,25208.84,25017.34,0.00
2025-11-24,17:52:00,25219.75,25223.25,25217.5,25221.5,461,25208.91,25017.40,0.00
2025-11-24,17:53:00,25222,25223.75,25219.75,25219.75,215,25208.95,25017.43,0.00
2025-11-24,17:54:00,25219.5,25222.25,25218.75,25219,121,25208.97,25017.45,0.00
2025-11-24,17:55:00,25218.5,25220.25,25217.75,25219.75,128,25208.99,25017.47,0.00
2025-11-24,17:56:00,25219.25,25219.75,25217,25218.75,438,25209.05,25017.53,0.00
2025-11-24,17:57:00,25218.5,25219.25,25216.75,25217.5,189,25209.07,25017.55,0.00
2025-11-24,17:58:00,25217,25218.25,25215.75,25216.75,191,25209.09,25017.58,0.00
2025-11-24,17:59:00,25216.75,25219,25215.5,25217.75,226,25209.12,25017.61,0.00
2025-11-24,18:00:00,25217.25,25218.25,25214,25215.75,504,25209.16,25017.67,0.00
2025-11-24,19:01:00,25226.5,25233,25215.5,25225.75,1380,25224.75,25224.75,0.00
2025-11-24,19:02:00,25227.25,25236,25221,25234.75,922,25230.58,25227.09,0.00
2025-11-24,19:03:00,25234.75,25235.75,25223.25,25230.5,701,25230.26,25227.73,0.00
2025-11-24,19:04:00,25230,25233,25224.25,25229.75,715,25229.87,25227.97,0.00
2025-11-24,19:05:00,25229.5,25230.5,25218.25,25220.5,475,25228.73,25227.42,0.00
2025-11-24,19:06:00,25221.5,25227,25219.5,25226.25,403,25228.17,25227.14,0.00
2025-11-24,19:07:00,25226.25,25230.25,25223.75,25225.75,340,25228.02,25227.10,0.00
2025-11-24,19:08:00,25225.75,25225.75,25218.25,25219.5,288,25227.50,25226.78,0.00
2025-11-24,19:09:00,25220.75,25222.25,25215.25,25216,480,25226.43,25217.83,0.00
2025-11-24,19:10:00,25216.25,25218.5,25209,25211.5,1028,25223.85,25213.00,0.00
2025-11-24,19:11:00,25211.75,25217.75,25208.75,25217,493,25223.06,25214.50,0.00
2025-11-24,19:12:00,25217,25217.25,25209.25,25212.25,355,25222.48,25213.84,0.00
2025-11-24,19:13:00,25213,25214.25,25209.25,25213.25,524,25221.68,25213.23,0.00
2025-11-24,19:14:00,25212.75,25218,25211.25,25216.75,241,25221.46,25213.55,0.00
2025-11-24,19:15:00,25216.75,25222.5,25214.5,25218.25,669,25221.20,25214.97,0.00
2025-11-24,19:16:00,25218.25,25218.25,25209.5,25209.75,446,25220.72,25214.57,0.00
2025-11-24,19:17:00,25209.75,25211,25204.25,25208.25,632,25219.78,25207.83,0.00
2025-11-24,19:18:00,25208.75,25213.5,25206.25,25211.75,241,25219.53,25208.57,0.00
2025-11-24,19:19:00,25212,25225.75,25210.5,25222,772,25219.52,25213.66,0.00
2025-11-24,19:20:00,25221.75,25223,25213.5,25213.5,395,25219.41,25214.24,0.00
2025-11-24,19:21:00,25214.25,25219,25214,25215.5,228,25219.34,25214.44,0.00
2025-11-24,19:22:00,25215.5,25220.25,25214.25,25219,172,25219.31,25214.68,0.00
2025-11-24,19:23:00,25218.25,25222.25,25214.5,25214.5,405,25219.23,25215.02,0.00
2025-11-24,19:24:00,25215.25,25217,25213.5,25214.25,154,25219.17,25215.01,0.00
2025-11-24,19:25:00,25215,25216,25213.5,25214.5,113,25219.13,25215.00,0.00
2025-11-24,19:26:00,25213.75,25218.25,25213.5,25216.25,209,25219.07,25215.06,0.00
2025-11-24,19:27:00,25216,25218,25214.25,25216.25,121,25219.04,25215.10,0.00
2025-11-24,19:28:00,25216.25,25218.75,25215.5,25217.5,213,25219.01,25215.23,0.00
2025-11-24,19:29:00,25218,25219,25214.5,25218,148,25218.98,25215.30,0.00
2025-11-24,19:30:00,25217,25218,25214,25215.25,111,25218.95,25215.32,0.00
2025-11-24,19:31:00,25216,25221,25214.5,25218.75,325,25218.93,25215.53,0.00
2025-11-24,19:32:00,25218.75,25219,25212.75,25214.25,306,25218.84,25215.51,0.00
2025-11-24,19:33:00,25214,25218.75,25212.75,25215.25,204,25218.79,25215.52,0.00
2025-11-24,19:34:00,25214.75,25217.25,25211.25,25216.25,196,25218.73,25215.49,0.00
2025-11-24,19:35:00,25215.5,25218.75,25215,25217,241,25218.70,25215.56,0.00
2025-11-24,19:36:00,25216.75,25220.25,25216.5,25218.25,150,25218.70,25215.64,0.00
2025-11-24,19:37:00,25218.25,25219.5,25216,25216.75,172,25218.68,25215.69,0.00
2025-11-24,19:38:00,25217.25,25221.5,25214.25,25219,239,25218.67,25215.80,0.00
2025-11-24,19:39:00,25218.5,25221,25218.5,25220.5,188,25218.69,25215.93,0.00
2025-11-24,19:40:00,25220.5,25224.25,25219.25,25223.5,333,25218.77,25216.27,0.00
2025-11-24,19:41:00,25223.5,25232,25223.5,25227,735,25219.20,25217.45,0.00
2025-11-24,19:42:00,25226.75,25229.5,25225.5,25227.5,403,25219.42,25218.00,0.00
2025-11-24,19:43:00,25227.5,25230,25223,25223.75,417,25219.58,25218.40,0.00
2025-11-24,19:44:00,25224.25,25227.5,25220.25,25225.75,268,25219.66,25218.60,0.00
2025-11-24,19:45:00,25225.5,25228,25224.75,25227.5,228,25219.76,25218.83,0.00
2025-11-24,19:46:00,25227,25228.75,25224,25228.75,158,25219.83,25218.98,0.00
2025-11-24,19:47:00,25228,25235.5,25226.25,25234.25,596,25220.25,25219.84,0.00
2025-11-24,19:48:00,25234.25,25240,25233.75,25236.25,707,25236.67,25221.05,0.00
2025-11-24,19:49:00,25236.5,25238,25232.25,25233.75,429,25235.91,25221.63,0.00
2025-11-24,19:50:00,25233.25,25234.5,25227,25230.25,391,25234.55,25221.96,0.00
2025-11-24,19:51:00,25230.75,25233.5,25229.75,25232,244,25234.16,25222.18,0.00
2025-11-24,19:52:00,25232.5,25237.5,25232.5,25233.5,382,25234.22,25222.60,0.00
2025-11-24,19:53:00,25233.25,25233.25,25228.25,25232,364,25233.78,25222.87,0.00
2025-11-24,19:54:00,25231.75,25232.75,25228.5,25228.75,196,25233.51,25222.98,0.00
2025-11-24,19:55:00,25229.25,25230.5,25226.5,25227,264,25233.02,25223.09,0.00
2025-11-24,19:56:00,25227.75,25231.25,25226.25,25226.75,256,25232.63,25223.20,0.00
2025-11-24,19:57:00,25226.5,25228.75,25224.25,25226.25,267,25232.15,25223.27,0.00
2025-11-24,19:58:00,25226.75,25227.5,25220.75,25221.5,314,25231.42,25223.27,0.00
2025-11-24,19:59:00,25221.5,25222.25,25216.75,25217.25,372,25230.29,25223.14,0.00
2025-11-24,20:00:00,25218,25218.25,25213,25213,538,25228.52,25222.81,0.00
2025-11-24,20:01:00,25213.25,25213.5,25206,25206.75,935,25225.26,25221.92,0.00
2025-11-24,20:02:00,25207.25,25209.5,25201.5,25203.25,720,25222.94,25204.75,0.00
2025-11-24,20:03:00,25203.5,25203.5,25191.5,25193.75,1109,25218.99,25196.25,0.00
2025-11-24,20:04:00,25194,25194,25186,25189.75,887,25215.91,25189.92,0.00
2025-11-24,20:05:00,25189.5,25197.5,25187.75,25193.5,686,25214.17,25191.22,0.00
2025-11-24,20:06:00,25193.75,25201.5,25191.75,25199.5,664,25213.04,25193.11,0.00
2025-11-24,20:07:00,25200,25203.5,25194.25,25195.5,787,25211.89,25194.32,0.00
2025-11-24,20:08:00,25197.25,25199.5,25190.25,25194.75,477,25211.15,25194.39,0.00
2025-11-24,20:09:00,25195.25,25196.75,25191.5,25193,354,25210.61,25194.33,0.00
2025-11-24,20:10:00,25193.5,25193.5,25186.75,25188.75,489,25209.74,25193.81,0.00
2025-11-24,20:11:00,25188.5,25191,25185.25,25186.75,712,25208.49,25187.67,0.00
2025-11-24,20:12:00,25186.75,25192.5,25184.75,25191.5,520,25207.74,25189.58,0.00
2025-11-24,20:13:00,25191.25,25198.5,25189.25,25196,711,25207.06,25192.47,0.00
2025-11-24,20:14:00,25195.75,25196.25,25187.25,25188.5,436,25206.56,25192.00,0.00
2025-11-24,20:15:00,25188.25,25191.75,25186,25190.5,477,25206.00,25191.42,0.00
2025-11-24,20:16:00,25190.25,25193.25,25186.75,25189.75,482,25205.49,25191.15,0.00
2025-11-24,20:17:00,25189.25,25193,25182,25187.5,872,25204.51,25187.50,0.00
2025-11-24,20:18:00,25187.5,25193,25183.75,25186.25,422,25204.08,25187.55,0.00
2025-11-24,20:19:00,25185.5,25186.25,25181,25183.75,416,25203.58,25183.67,0.00
2025-11-24,20:20:00,25183.25,25188.5,25181.5,25187.75,507,25203.06,25184.90,0.00
2025-11-24,20:21:00,25187.25,25195,25186.25,25190,511,25202.70,25186.87,0.00
2025-11-24,20:22:00,25191,25191.5,25185.25,25186,337,25202.42,25187.00,0.00
2025-11-24,20:23:00,25185.5,25187,25182.5,25183.25,338,25202.09,25186.56,0.00
2025-11-24,20:24:00,25184.5,25186.25,25183,25185.75,189,25201.92,25186.43,0.00
2025-11-24,20:25:00,25186.25,25190.5,25185.5,25189.5,349,25201.67,25186.71,0.00
2025-11-24,20:26:00,25189,25189.25,25183.25,25187,239,25201.49,25186.69,0.00
2025-11-24,20:27:00,25186.5,25186.5,25180.25,25181.25,481,25201.03,25182.67,0.00
2025-11-24,20:28:00,25181.25,25183.25,25179,25179.25,401,25200.62,25180.50,0.00
2025-11-24,20:29:00,25179,25184.5,25172,25184.5,1608,25199.13,25180.33,0.00
2025-11-24,20:30:00,25183.75,25183.75,25177.75,25179.5,355,25198.83,25180.33,0.00
2025-11-24,20:31:00,25180.25,25187,25179.75,25183.25,477,25198.50,25180.92,0.00
2025-11-24,20:32:00,25183,25186.25,25181,25183.5,283,25198.32,25181.20,0.00
2025-11-24,20:33:00,25183.5,25185.75,25180.25,25184.5,277,25198.14,25181.41,0.00
2025-11-24,20:34:00,25184,25192.25,25183.75,25191.25,485,25197.96,25182.48,0.00
2025-11-24,20:35:00,25191.75,25200.75,25190.5,25199.5,867,25197.92,25185.35,0.00
2025-11-24,20:36:00,25199.75,25205.25,25199.25,25203.75,711,25198.05,25187.80,0.00
2025-11-24,20:37:00,25203,25204.5,25199.75,25204,410,25198.13,25188.92,0.00
2025-11-24,20:38:00,25204.25,25205.25,25196,25198.5,460,25198.16,25189.77,0.00
2025-11-24,20:39:00,25198.75,25200.75,25197.5,25199.25,287,25198.17,25190.20,0.00
2025-11-24,20:40:00,25200.25,25200.25,25188.25,25193.25,659,25198.07,25190.56,0.00
2025-11-24,20:41:00,25193.25,25194.25,25184.75,25186,650,25197.84,25190.37,0.00
2025-11-24,20:42:00,25186.5,25190,25185.25,25186.5,351,25197.71,25190.23,0.00
2025-11-24,20:43:00,25186.5,25192,25184,25184.25,434,25197.54,25190.05,0.00
2025-11-24,20:44:00,25184.5,25185.75,25178.75,25179.25,530,25197.24,25189.52,0.00
2025-11-24,20:45:00,25179.25,25186.25,25177.75,25185.25,462,25197.02,25189.20,0.00
2025-11-24,20:46:00,25184.75,25193,25183.75,25191.5,485,25196.90,25189.21,0.00
2025-11-24,20:47:00,25191.25,25192.5,25188.25,25190.25,255,25196.85,25189.24,0.00
2025-11-24,20:48:00,25191,25195.25,25191,25191.75,348,25196.80,25189.35,0.00
2025-11-24,20:49:00,25192,25192,25184.75,25187.75,423,25196.68,25189.31,0.00
2025-11-24,20:50:00,25188.25,25192,25186.75,25190,385,25196.59,25189.32,0.00
2025-11-24,20:51:00,25189.25,25193.5,25186.25,25192.5,319,25196.53,25189.36,0.00
2025-11-24,20:52:00,25192.25,25200.25,25189.5,25199.25,661,25196.53,25189.74,0.00
2025-11-24,20:53:00,25199.25,25201,25196.25,25200.25,329,25196.56,25189.98,0.00
2025-11-24,20:54:00,25200.25,25201.75,25198.25,25200.5,227,25196.58,25190.16,0.00
2025-11-24,20:55:00,25200.25,25203.25,25200.25,25200.75,378,25196.64,25190.49,0.00
2025-11-24,20:56:00,25200.25,25210.5,25199.5,25207,783,25196.84,25191.34,0.00
2025-11-24,20:57:00,25206.75,25213,25205.25,25210.75,576,25197.06,25192.07,0.00
2025-11-24,20:58:00,25210.5,25217.25,25209.5,25214.5,745,25197.41,25193.13,0.00
2025-11-24,20:59:00,25215,25217,25212.25,25212.25,306,25197.55,25193.54,0.00
2025-11-24,21:00:00,25212.25,25213.5,25207.75,25211.25,441,25197.71,25194.02,0.00
2025-11-24,21:01:00,25210.75,25212.75,25202,25208,580,25197.87,25194.50,0.00
2025-11-24,21:02:00,25207.75,25211,25202.25,25210.5,456,25197.99,25194.86,0.00
2025-11-24,21:03:00,25210.75,25215,25208,25212,429,25198.14,25195.27,0.00
2025-11-24,21:04:00,25212,25213.5,25207.25,25210.5,236,25198.22,25195.47,0.00
2025-11-24,21:05:00,25210.5,25215.75,25207.75,25208.25,365,25198.34,25195.78,0.00
2025-11-24,21:06:00,25208.25,25214.5,25204.5,25205,335,25198.42,25196.00,0.00
2025-11-24,21:07:00,25205,25208.75,25201.5,25203.75,446,25198.49,25196.21,0.00
2025-11-24,21:08:00,25203.5,25209,25201.5,25202,292,25198.54,25196.33,0.00
2025-11-24,21:09:00,25201.5,25203.75,25196.75,25203.25,687,25198.58,25196.50,0.00
2025-11-24,21:10:00,25202.75,25207.25,25197.75,25197.75,365,25198.60,25196.58,0.00
2025-11-24,21:11:00,25197.25,25201.5,25195.75,25199.25,413,25198.61,25196.62,0.00
2025-11-24,21:12:00,25198.75,25205,25198.75,25200.5,303,25198.63,25196.69,0.00
2025-11-24,21:13:00,25200.25,25203.75,25200.25,25201.5,130,25198.64,25196.72,0.00
2025-11-24,21:14:00,25201.25,25203.25,25196,25199,268,25198.64,25196.76,0.00
2025-11-24,21:15:00,25199,25201.5,25194.75,25195.5,306,25198.63,25196.77,0.00
2025-11-24,21:16:00,25195.75,25199.5,25193.25,25195,368,25198.61,25196.75,0.00
2025-11-24,21:17:00,25195.25,25201,25193.75,25199.75,242,25198.61,25196.77,0.00
2025-11-24,21:18:00,25199.5,25199.5,25188.75,25191.75,690,25198.52,25196.66,0.00
2025-11-24,21:19:00,25191.5,25193.25,25184.5,25188.75,521,25198.41,25196.49,0.00
2025-11-24,21:20:00,25188,25196,25188,25194.25,374,25198.36,25196.43,0.00
2025-11-24,21:21:00,25194.25,25201,25193.25,25197.75,446,25198.35,25196.45,0.00
2025-11-24,21:22:00,25197.5,25200,25194,25199.25,313,25198.34,25196.46,0.00
2025-11-24,21:23:00,25198.75,25206,25196.75,25201,568,25198.38,25196.57,0.00
2025-11-24,21:24:00,25200.75,25205,25198.5,25199.5,269,25198.39,25196.62,0.00
2025-11-24,21:25:00,25199,25203.75,25196.25,25198.5,353,25198.40,25196.66,0.00
2025-11-24,21:26:00,25198.5,25206,25198.5,25203.5,336,25198.43,25196.74,0.00
2025-11-24,21:27:00,25203.75,25204.25,25198,25201,252,25198.45,25196.78,0.00
2025-11-24,21:28:00,25201.25,25205.25,25194.75,25195.75,345,25198.45,25196.80,0.00
2025-11-24,21:29:00,25195.25,25197.5,25192.75,25194,313,25198.42,25196.78,0.00
2025-11-24,21:30:00,25193.5,25197,25193,25195.25,196,25198.41,25196.76,0.00
2025-11-24,21:31:00,25195.5,25197.75,25192.75,25195,273,25198.39,25196.75,0.00
2025-11-24,21:32:00,25195,25195,25190.25,25191.75,315,25198.35,25196.70,0.00
2025-11-24,21:33:00,25191.5,25192.5,25186.25,25191.75,497,25198.27,25196.58,0.00
2025-11-24,21:34:00,25192,25200.25,25191.75,25199,537,25198.25,25196.59,0.00
2025-11-24,21:35:00,25199,25199.75,25190.75,25191,312,25198.23,25196.56,0.00
2025-11-24,21:36:00,25191.25,25195.75,25189.25,25191.5,260,25198.20,25196.52,0.00
2025-11-24,21:37:00,25192.25,25194,25188,25188.5,216,25198.16,25196.48,0.00
2025-11-24,21:38:00,25188.5,25192,25185.75,25187.75,221,25198.12,25196.42,0.00
2025-11-24,21:39:00,25187.5,25187.75,25183.5,25184,469,25198.00,25196.24,0.00
2025-11-24,21:40:00,25183.5,25186,25181.25,25182.5,376,25197.89,25196.08,0.00
2025-11-24,21:41:00,25182.5,25185,25179.75,25184,525,25197.73,25195.86,0.00
2025-11-24,21:42:00,25184,25186.75,25181,25182.75,390,25197.63,25195.71,0.00
2025-11-24,21:43:00,25182.75,25186,25180.75,25185.5,271,25197.56,25195.61,0.00
2025-11-24,21:44:00,25185.25,25187.5,25181.5,25183.25,307,25197.48,25195.50,0.00
2025-11-24,21:45:00,25183.5,25187,25182.5,25184,304,25197.40,25195.40,0.00
2025-11-24,21:46:00,25183.25,25186.5,25182.25,25183.75,203,25197.35,25195.33,0.00
2025-11-24,21:47:00,25184,25186.25,25177.75,25180.25,494,25197.20,25195.12,0.00
2025-11-24,21:48:00,25179.75,25181.25,25175.25,25176.25,513,25197.02,25194.85,0.00
2025-11-24,21:49:00,25176,25180.25,25175.5,25175.5,400,25196.87,25194.64,0.00
2025-11-24,21:50:00,25175.25,25178.5,25174,25178.25,530,25196.68,25194.37,0.00
2025-11-24,21:51:00,25178.25,25180.75,25175.75,25178.25,334,25196.57,25194.22,0.00
2025-11-24,21:52:00,25179,25181.25,25176.5,25178.5,261,25196.48,25194.10,0.00
2025-11-24,21:53:00,25178,25179.5,25176.5,25179.25,137,25196.44,25194.04,0.00
2025-11-24,21:54:00,25178.5,25182.25,25178,25182.25,228,25196.37,25193.96,0.00
2025-11-24,21:55:00,25181.75,25181.75,25176.5,25177.75,184,25196.32,25193.88,0.00
2025-11-24,21:56:00,25178,25178,25175,25177.5,249,25196.23,25193.76,0.00
2025-11-24,21:57:00,25178.25,25181,25176.75,25179.5,219,25196.16,25193.67,0.00
2025-11-24,21:58:00,25179.5,25179.75,25176.25,25176.5,222,25196.09,25193.57,0.00
2025-11-24,21:59:00,25176.25,25176.75,25173.75,25174.5,386,25195.95,25193.38,0.00
2025-11-24,22:00:00,25173.75,25176.75,25172.75,25176.5,344,25195.82,25193.21,0.00
2025-11-24,22:01:00,25176.5,25178.75,25174,25175.5,306,25195.72,25193.07,0.00
2025-11-24,22:02:00,25175.25,25184.75,25174,25184,570,25195.57,25192.89,0.00
2025-11-24,22:03:00,25185,25190.5,25183,25189,784,25195.47,25192.78,0.00
2025-11-24,22:04:00,25188.25,25191.75,25186.25,25189.5,401,25195.42,25192.74,0.00
2025-11-24,22:05:00,25189.75,25196.25,25189.75,25192.25,444,25195.40,25192.74,0.00
2025-11-24,22:06:00,25192.25,25192.75,25182,25182,529,25195.32,25192.65,0.00
2025-11-24,22:07:00,25182.25,25183.75,25178.75,25179.25,283,25195.25,25192.56,0.00
2025-11-24,22:08:00,25179.25,25182.75,25176.5,25177.75,302,25195.17,25192.46,0.00
2025-11-24,22:09:00,25177.75,25180.75,25177,25177,181,25195.12,25192.40,0.00
2025-11-24,22:10:00,25177.75,25181.75,25176.5,25181,254,25195.06,25192.32,0.00
2025-11-24,22:11:00,25181,25190,25181,25189,485,25194.99,25192.26,0.00
2025-11-24,22:12:00,25189,25191.25,25185,25186.5,356,25194.95,25192.22,0.00
2025-11-24,22:13:00,25186.75,25188.25,25184,25186,213,25194.92,25192.19,0.00
2025-11-24,22:14:00,25185.75,25190.25,25184.25,25189,371,25194.88,25192.15,0.00
2025-11-24,22:15:00,25189,25192.5,25188.25,25188.75,297,25194.85,25192.13,0.00
2025-11-24,22:16:00,25188.75,25201.75,25188.75,25198.25,708,25194.87,25192.20,0.00
2025-11-24,22:17:00,25198,25209,25196.75,25205.5,721,25194.97,25192.39,0.00
2025-11-24,22:18:00,25205.5,25208,25203.25,25207,334,25195.02,25192.49,0.00
2025-11-24,22:19:00,25206.25,25208.75,25202,25204.5,488,25195.10,25192.62,0.00
2025-11-24,22:20:00,25205,25205.5,25198.75,25200.25,236,25195.12,25192.67,0.00
2025-11-24,22:21:00,25200.5,25205.25,25199.75,25201,348,25195.16,25192.74,0.00
2025-11-24,22:22:00,25202,25203.25,25197,25202,293,25195.18,25192.79,0.00
2025-11-24,22:23:00,25202.75,25204.75,25201.5,25202.5,216,25195.21,25192.84,0.00
2025-11-24,22:24:00,25202.75,25204,25201.25,25203.25,121,25195.22,25192.87,0.00
2025-11-24,22:25:00,25203,25203.75,25197,25198.25,353,25195.25,25192.92,0.00
2025-11-24,22:26:00,25198.5,25199.5,25189.75,25191.25,502,25195.23,25192.92,0.00
2025-11-24,22:27:00,25191,25192.25,25181.25,25183,637,25195.14,25192.83,0.00
2025-11-24,22:28:00,25183.5,25189.25,25181.5,25188,382,25195.09,25192.77,0.00
2025-11-24,22:29:00,25187.5,25192.25,25186,25189,220,25195.07,25192.76,0.00
2025-11-24,22:30:00,25189.25,25189.75,25185.75,25187.25,147,25195.06,25192.74,0.00
2025-11-24,22:31:00,25186,25189.25,25183.75,25184.75,339,25195.01,25192.69,0.00
2025-11-24,22:32:00,25184.5,25186.5,25182.25,25185.25,198,25194.98,25192.66,0.00
2025-11-24,22:33:00,25184.75,25187,25182.25,25182.5,248,25194.94,25192.62,0.00
2025-11-24,22:34:00,25182.25,25187.75,25181.75,25185.25,225,25194.91,25192.58,0.00
2025-11-24,22:35:00,25184.5,25189,25183.25,25183.75,198,25194.88,25192.55,0.00
2025-11-24,22:36:00,25184.25,25186.5,25183.25,25185.75,189,25194.86,25192.53,0.00
2025-11-24,22:37:00,25185.75,25191,25184.25,25187.75,369,25194.82,25192.49,0.00
2025-11-24,22:38:00,25187.5,25189.5,25185.75,25187.5,138,25194.81,25192.48,0.00
2025-11-24,22:39:00,25187.5,25193,25187,25191.5,294,25194.79,25192.47,0.00
2025-11-24,22:40:00,25191.5,25196.75,25189.75,25196.25,316,25194.79,25192.48,0.00
2025-11-24,22:41:00,25196,25198.25,25195.75,25196.5,292,25194.79,25192.50,0.00
2025-11-24,22:42:00,25197,25197.25,25193.75,25195,275,25194.80,25192.52,0.00
2025-11-24,22:43:00,25195,25199.75,25194,25199,285,25194.81,25192.54,0.00
2025-11-24,22:44:00,25199,25201,25198.25,25200.25,239,25194.82,25192.58,0.00
2025-11-24,22:45:00,25201,25205.25,25200.25,25200.75,637,25194.89,25192.69,0.00
2025-11-24,22:46:00,25200.75,25201.75,25196.25,25199.25,490,25194.91,25192.75,0.00
2025-11-24,22:47:00,25199.75,25202.25,25192.25,25194.25,374,25194.92,25192.77,0.00
2025-11-24,22:48:00,25194,25200.25,25193.5,25193.5,391,25194.93,25192.80,0.00
2025-11-24,22:49:00,25193.25,25195,25189.5,25191.25,343,25194.91,25192.79,0.00
2025-11-24,22:50:00,25191,25195.25,25190.5,25192.25,289,25194.90,25192.79,0.00
2025-11-24,22:51:00,25192,25194.25,25189.25,25190.75,505,25194.88,25192.78,0.00
2025-11-24,22:52:00,25190.75,25190.75,25186.5,25190,285,25194.86,25192.76,0.00
2025-11-24,22:53:00,25190.25,25195.75,25189.25,25193.5,258,25194.85,25192.76,0.00
2025-11-24,22:54:00,25193.5,25197,25187,25190,377,25194.83,25192.75,0.00
2025-11-24,22:55:00,25190,25194.5,25190,25194.5,122,25194.83,25192.75,0.00
2025-11-24,22:56:00,25194.25,25199.25,25194.25,25197.75,214,25194.84,25192.77,0.00
2025-11-24,22:57:00,25198.25,25200,25195.75,25197.25,233,25194.85,25192.79,0.00
2025-11-24,22:58:00,25197.25,25201,25196.5,25199.75,206,25194.86,25192.81,0.00
2025-11-24,22:59:00,25199.5,25200,25195.75,25199,258,25194.87,25192.83,0.00
2025-11-24,23:00:00,25199,25202.75,25198.25,25200,372,25194.89,25192.88,0.00
2025-11-24,23:01:00,25200.5,25200.75,25196.25,25198.25,236,25194.91,25192.90,0.00
2025-11-24,23:02:00,25198.25,25201.5,25196.25,25199.75,216,25194.92,25192.93,0.00
2025-11-24,23:03:00,25200.5,25206.25,25198.5,25204,487,25194.97,25193.01,0.00
2025-11-24,23:04:00,25203.75,25205.75,25197.75,25201,344,25194.99,25193.06,0.00
2025-11-24,23:05:00,25199.75,25201.75,25197.25,25198.5,278,25195.01,25193.09,0.00
2025-11-24,23:06:00,25198.5,25204,25193.5,25203.5,376,25195.03,25193.14,0.00
2025-11-24,23:07:00,25203.75,25206,25201.5,25203.5,231,25195.06,25193.18,0.00
2025-11-24,23:08:00,25203.5,25205.5,25201,25201.75,195,25195.08,25193.21,0.00
2025-11-24,23:09:00,25201.5,25202.25,25197.25,25199.25,153,25195.09,25193.22,0.00
2025-11-24,23:10:00,25199.5,25201.75,25198,25201,139,25195.10,25193.24,0.00
2025-11-24,23:11:00,25201.5,25205,25201.25,25205,202,25195.12,25193.27,0.00
2025-11-24,23:12:00,25205,25205.75,25201.75,25204,153,25195.13,25193.30,0.00
2025-11-24,23:13:00,25204,25205.5,25200,25203,196,25195.15,25193.33,0.00
2025-11-24,23:14:00,25203.25,25208.25,25202.75,25207.75,426,25195.21,25193.42,0.00
2025-11-24,23:15:00,25207.75,25210,25204.25,25204.25,353,25195.26,25193.49,0.00
2025-11-24,23:16:00,25204.5,25207.25,25203.5,25205,178,25195.28,25193.53,0.00
2025-11-24,23:17:00,25205.75,25207,25201.5,25206,251,25195.31,25193.57,0.00
2025-11-24,23:18:00,25206.5,25210.5,25206.5,25210.25,240,25195.35,25193.63,0.00
2025-11-24,23:19:00,25210,25212.25,25208.5,25209,431,25195.42,25193.75,0.00
2025-11-24,23:20:00,25209,25210.75,25207.5,25209,268,25195.47,25193.81,0.00
2025-11-24,23:21:00,25209,25211.5,25206,25209.5,268,25195.51,25193.88,0.00
2025-11-24,23:22:00,25209.5,25211.25,25208,25208.25,130,25195.53,25193.91,0.00
2025-11-24,23:23:00,25208.25,25209.75,25206.25,25209.5,186,25195.56,25193.95,0.00
2025-11-24,23:24:00,25208.5,25211,25208.25,25211,163,25195.59,25193.99,0.00
2025-11-24,23:25:00,25210.75,25211.5,25206.75,25209,233,25195.63,25194.05,0.00
2025-11-24,23:26:00,25209,25209.25,25200,25200.75,493,25195.67,25194.12,0.00
2025-11-24,23:27:00,25200.75,25202,25198,25201.5,349,25195.69,25194.15,0.00
2025-11-24,23:28:00,25201.5,25206.75,25200.5,25200.75,370,25195.72,25194.20,0.00
2025-11-24,23:29:00,25200.75,25204,25200.5,25202.25,166,25195.74,25194.22,0.00
2025-11-24,23:30:00,25202,25204.5,25201.5,25202,148,25195.75,25194.24,0.00
2025-11-24,23:31:00,25202,25204.5,25196.5,25199.75,452,25195.77,25194.28,0.00
2025-11-24,23:32:00,25199,25199,25193.25,25193.75,414,25195.77,25194.29,0.00
2025-11-24,23:33:00,25193.75,25194.25,25187.5,25188.25,710,25195.72,25194.24,0.00
2025-11-24,23:34:00,25188,25188,25180.5,25183,724,25195.62,25194.13,0.00
2025-11-24,23:35:00,25182.75,25186.75,25180.25,25183,459,25195.56,25194.06,0.00
2025-11-24,23:36:00,25183,25193,25180.25,25189.75,982,25195.47,25193.97,0.00
2025-11-24,23:37:00,25189,25191.5,25185.75,25189.75,398,25195.44,25193.94,0.00
2025-11-24,23:38:00,25189.75,25190,25183.5,25186.5,268,25195.42,25193.91,0.00
2025-11-24,23:39:00,25186.5,25189.5,25184,25187.5,217,25195.40,25193.89,0.00
2025-11-24,23:40:00,25187,25190.75,25185,25185.75,173,25195.38,25193.87,0.00
2025-11-24,23:41:00,25185.25,25185.5,25177.25,25183,556,25195.30,25193.78,0.00
2025-11-24,23:42:00,25183.75,25187.5,25178.25,25179,528,25195.22,25193.69,0.00
2025-11-24,23:43:00,25179,25187.25,25176.5,25186.75,490,25195.16,25193.62,0.00
2025-11-24,23:44:00,25186.5,25191,25184.75,25188.5,361,25195.13,25193.59,0.00
2025-11-24,23:45:00,25188,25189.25,25186,25187.25,208,25195.11,25193.57,0.00
2025-11-24,23:46:00,25187.5,25188.5,25178.25,25184.5,345,25195.07,25193.53,0.00
2025-11-24,23:47:00,25184.5,25184.75,25179.5,25180.5,315,25195.03,25193.48,0.00
2025-11-24,23:48:00,25179.75,25182.5,25175.5,25175.75,417,25194.95,25193.39,0.00
2025-11-24,23:49:00,25175.5,25179.25,25174.25,25175.75,430,25194.87,25193.29,0.00
2025-11-24,23:50:00,25175.5,25181,25174.5,25178.5,398,25194.79,25193.21,0.00
2025-11-24,23:51:00,25178.75,25181.5,25176,25179.25,291,25194.75,25193.15,0.00
2025-11-24,23:52:00,25178.75,25178.75,25169.25,25172,966,25194.53,25173.33,0.00
2025-11-24,23:53:00,25172,25175.5,25168.75,25173.5,438,25194.43,25172.58,0.00
2025-11-24,23:54:00,25174,25175,25170.75,25172.5,220,25194.38,25172.64,0.00
2025-11-24,23:55:00,25172.25,25181.25,25171,25179.5,465,25194.30,25174.55,0.00
2025-11-24,23:56:00,25179.75,25183.5,25175.5,25176,369,25194.24,25175.48,0.00
2025-11-24,23:57:00,25176,25177.75,25170.75,25170.75,277,25194.18,25175.11,0.00
2025-11-24,23:58:00,25171.25,25172.25,25168.25,25171.75,355,25194.09,25170.75,0.00
2025-11-24,23:59:00,25172.5,25174,25170.75,25172.5,156,25194.06,25171.26,0.00
